Name,Term,ES,NES,NOM p-val,FDR q-val,FWER p-val,Tag %,Gene %,Lead_genes,FDR_numeric,NES_numeric,Library,Direction,Abs_NES,Cluster_Size,Collapsed_Terms,FDR_for_plot,FDR_reporting_note
prerank,GO_Biological_Process_2021::regulation of complement activation (GO:0030449),0.8783006583458628,1.9319841096595416,0.0,0.0,0.0,32/33,12.17%,C4A;CFP;C1R;CFH;CFI;CFHR1;C8B;C3AR1;C7;C4B;C9;C1QC;C1QB;C1QA;C5;C8A;CPB2;C8G;CR2;C4BPA;C6;C2;CD46;C4BPB;C5AR2;PHB;CD55;C1QBP;CD81;PHB2;CD59;CR1L,0.0,1.9319841096595416,GO_Biological_Process_2021,positive,1.9319841096595416,3,GO_Biological_Process_2021::regulation of complement activation (GO:0030449) | GO_Biological_Process_2021::regulation of humoral immune response (GO:0002920) | GO_Biological_Process_2021::regulation of immune effector process (GO:0002697),0.0004997501249375312,raw q=0; plot uses floor 1/2001
prerank,GO_Biological_Process_2021::phagosome acidification (GO:0090383),0.8479354466048653,1.8386446384955035,0.0,0.0,0.0,27/28,13.17%,ATP6V1G3;ATP6V1C2;ATP6V1B1;ATP6V0A4;ATP6V0A2;ATP6V1E2;ATP6V0D2;TCIRG1;ATP6V1D;ATP6V1B2;ATP6V1A;ATP6V1E1;RAB20;ATP6V1C1;ATP6V1G2;ATP6V1H;RAB7A;ATP6V1F;ATP6V0D1;ATP6V0A1;ATP6V0E2;ATP6V0E1;ATP6V0B;RAB38;SLAMF8;ATP6V0C;ATP6V1G1,0.0,1.8386446384955035,GO_Biological_Process_2021,positive,1.8386446384955035,11,GO_Biological_Process_2021::phagosome acidification (GO:0090383) | GO_Biological_Process_2021::intracellular pH reduction (GO:0051452) | GO_Biological_Process_2021::iron ion transport (GO:0006826) | GO_Biological_Process_2021::transferrin transport (GO:0033572) | GO_Biological_Process_2021::phagosome maturation (GO:0090382) | GO_Biological_Process_2021::cellular response to amino acid starvation (GO:0034198) | GO_Biological_Process_2021::insulin receptor signaling pathway (GO:0008286) | GO_Biological_Process_2021::response to amino acid starvation (GO:1990928) | GO_Biological_Process_2021::transmembrane receptor protein tyrosine kinase signaling pathway (GO:0007169) | GO_Biological_Process_2021::regulation of macroautophagy (GO:0016241) | GO_Biological_Process_2021::cellular response to insulin stimulus (GO:0032869),0.0004997501249375312,raw q=0; plot uses floor 1/2001
prerank,GO_Biological_Process_2021::keratan sulfate catabolic process (GO:0042340),0.9027668330268802,1.8034511506186308,0.0,0.0001671074226268,0.001,12/12,9.77%,LUM;ACAN;PRELP;FMOD;OMD;OGN;GLB1;KERA;HEXB;GNS;HEXA;GALNS,0.0001671074226268,1.8034511506186308,GO_Biological_Process_2021,positive,1.8034511506186308,4,GO_Biological_Process_2021::keratan sulfate catabolic process (GO:0042340) | GO_Biological_Process_2021::glycosaminoglycan catabolic process (GO:0006027) | GO_Biological_Process_2021::sulfur compound catabolic process (GO:0044273) | GO_Biological_Process_2021::sulfur compound biosynthetic process (GO:0044272),0.0004997501249375312,raw q retained
prerank,GO_Biological_Process_2021::monocyte chemotaxis (GO:0002548),0.8557346609244215,1.8035882416164493,0.0,0.0002005289071521,0.001,18/20,8.20%,S100A12;FOLR2;CCL26;CCL7;CCL13;CCL8;CCL25;CCL16;XCL2;TNFRSF11A;CCL1;XCL1;CCL15;CCL18;CCL14;ANXA1;CCL24;CCL23,0.0002005289071521,1.8035882416164493,GO_Biological_Process_2021,positive,1.8035882416164493,20,GO_Biological_Process_2021::monocyte chemotaxis (GO:0002548) | GO_Biological_Process_2021::neutrophil migration (GO:1990266) | GO_Biological_Process_2021::neutrophil chemotaxis (GO:0030593) | GO_Biological_Process_2021::granulocyte chemotaxis (GO:0071621) | GO_Biological_Process_2021::lymphocyte migration (GO:0072676) | GO_Biological_Process_2021::response to interferon-gamma (GO:0034341) | GO_Biological_Process_2021::inflammatory response (GO:0006954) | GO_Biological_Process_2021::cellular response to interferon-gamma (GO:0071346) | GO_Biological_Process_2021::cytokine-mediated signaling pathway (GO:0019221) | GO_Biological_Process_2021::cellular response to interleukin-1 (GO:0071347) | GO_Biological_Process_2021::cellular response to chemokine (GO:1990869) | GO_Biological_Process_2021::response to interleukin-1 (GO:0070555) | GO_Biological_Process_2021::lymphocyte chemotaxis (GO:0048247) | GO_Biological_Process_2021::positive regulation of ERK1 and ERK2 cascade (GO:0070374) | GO_Biological_Process_2021::cellular response to cytokine stimulus (GO:0071345) | GO_Biological_Process_2021::chemokine-mediated signaling pathway (GO:0070098) | GO_Biological_Process_2021::cellular response to tumor necrosis factor (GO:0071356) | GO_Biological_Process_2021::positive regulation of MAPK cascade (GO:0043410) | GO_Biological_Process_2021::regulation of ERK1 and ERK2 cascade (GO:0070372) | GO_Biological_Process_2021::response to tumor necrosis factor (GO:0034612),0.0004997501249375312,raw q retained
prerank,GO_Biological_Process_2021::muscle filament sliding (GO:0030049),0.8299754730203222,1.7707203560044409,0.0,0.0003190232613784,0.0035,22/22,17.08%,DES;TPM2;MYL3;ACTC1;NEB;TNNT3;TNNI1;TPM1;MYL4;TNNC2;MYBPC2;MYH3;ACTN3;MYL6B;TNNT1;MYL6;MYBPC1;TCAP;ACTN2;TPM4;TMOD1;MYBPC3,0.0003190232613784,1.7707203560044409,GO_Biological_Process_2021,positive,1.7707203560044409,4,GO_Biological_Process_2021::muscle filament sliding (GO:0030049) | GO_Biological_Process_2021::actin-myosin filament sliding (GO:0033275) | GO_Biological_Process_2021::skeletal muscle contraction (GO:0003009) | GO_Biological_Process_2021::muscle contraction (GO:0006936),0.0004997501249375312,raw q retained
prerank,GO_Biological_Process_2021::Fc receptor mediated stimulatory signaling pathway (GO:0002431),0.8045734017972261,1.7725186007678249,0.0,0.0003342148452536,0.003,32/34,15.66%,CYFIP1;CYFIP2;NCKAP1;FCGR2A;NCKAP1L;VAV2;ACTR2;NR4A3;BAIAP2;MYO1C;PAK1;WIPF1;ACTR3;BRK1;ABI1;WASF2;ARPC2;DOCK1;MYO1G;WIPF3;ELMO1;VAV3;PLA2G6;ARPC1B;ARPC3;LIMK1;ARPC5;NCKIPSD;ARPC1A;WIPF2;ARPC4;ELMO2,0.0003342148452536,1.7725186007678249,GO_Biological_Process_2021,positive,1.7725186007678249,5,GO_Biological_Process_2021::Fc receptor mediated stimulatory signaling pathway (GO:0002431) | GO_Biological_Process_2021::Fc-gamma receptor signaling pathway (GO:0038094) | GO_Biological_Process_2021::Fc-gamma receptor signaling pathway involved in phagocytosis (GO:0038096) | GO_Biological_Process_2021::positive regulation of lamellipodium assembly (GO:0010592) | GO_Biological_Process_2021::Arp2/3 complex-mediated actin nucleation (GO:0034314),0.0004997501249375312,raw q retained
prerank,GO_Biological_Process_2021::myeloid dendritic cell activation (GO:0001773),0.8999255789519766,1.7779676688384585,0.0,0.0003580873342003,0.0025,11/11,10.05%,DCSTAMP;BATF;TGFBR2;PYCARD;CAMK4;BATF3;BATF2;DHRS2;SLAMF1;UBD;DOCK2,0.0003580873342003,1.7779676688384585,GO_Biological_Process_2021,positive,1.7779676688384585,3,GO_Biological_Process_2021::myeloid dendritic cell activation (GO:0001773) | GO_Biological_Process_2021::dendritic cell differentiation (GO:0097028) | GO_Biological_Process_2021::myeloid leukocyte differentiation (GO:0002573),0.0004997501249375312,raw q retained
prerank,GO_Biological_Process_2021::defense response to fungus (GO:0050832),0.8618092743406491,1.7743783730030764,0.0,0.0003759917009103,0.003,15/16,10.77%,RARRES2;S100A12;LTF;CLEC7A;CLEC4D;DEFA4;HRG;CLEC4E;S100A8;CLEC6A;CARD9;S100A9;IL36RN;RNASE7;BCL10,0.0003759917009103,1.7743783730030764,GO_Biological_Process_2021,positive,1.7743783730030764,2,GO_Biological_Process_2021::defense response to fungus (GO:0050832) | GO_Biological_Process_2021::innate immune response (GO:0045087),0.0004997501249375312,raw q retained
prerank,GO_Biological_Process_2021::type I interferon signaling pathway (GO:0060337),0.7972856128040823,1.7598667145234843,0.0,0.0005639875513655,0.008,33/35,16.84%,MX2;RSAD2;IFITM3;OAS1;RNASEL;OASL;HLA-C;OAS2;IRF4;XAF1;IFITM1;IFIT1;HLA-B;OAS3;IFI27;IRF9;IFIT3;IRF8;ISG20;IFIT2;HLA-F;IRF5;SAMHD1;IFIT5;BST2;IFI6;ADAR;IRF2;GBP2;HLA-E;HLA-G;IFITM2;SP100,0.0005639875513655,1.7598667145234843,GO_Biological_Process_2021,positive,1.7598667145234843,4,GO_Biological_Process_2021::type I interferon signaling pathway (GO:0060337) | GO_Biological_Process_2021::cellular response to type I interferon (GO:0071357) | GO_Biological_Process_2021::defense response to symbiont (GO:0140546) | GO_Biological_Process_2021::defense response to virus (GO:0051607),0.0005639875513655,raw q retained
prerank,GO_Biological_Process_2021::fructose 6-phosphate metabolic process (GO:0006002),0.8969970232883909,1.743764278533873,0.0,0.0010026445357609,0.016,10/10,10.34%,HK3;FBP2;PFKM;HK2;FBP1;HK1;GFPT2;PFKL;PFKP;GFPT1,0.0010026445357609,1.743764278533873,GO_Biological_Process_2021,positive,1.743764278533873,7,GO_Biological_Process_2021::fructose 6-phosphate metabolic process (GO:0006002) | GO_Biological_Process_2021::glycolytic process (GO:0006096) | GO_Biological_Process_2021::glycolytic process through glucose-6-phosphate (GO:0061620) | GO_Biological_Process_2021::canonical glycolysis (GO:0061621) | GO_Biological_Process_2021::glucose catabolic process to pyruvate (GO:0061718) | GO_Biological_Process_2021::carbohydrate catabolic process (GO:0016052) | GO_Biological_Process_2021::pyruvate metabolic process (GO:0006090),0.0010026445357609,raw q retained
prerank,GO_Biological_Process_2021::vacuolar acidification (GO:0007035),0.8133881485325379,1.7166747147751829,0.0,0.0015755842704815,0.0295,19/21,11.55%,SLC11A1;ATP6V0A4;ATP6V0A2;ATP6V0D2;TCIRG1;PPT1;ATP6V1H;ATP6AP2;CCDC115;GRN;ATP6V0D1;DMXL2;ATP6V0A1;CLN5;ATP6V0E2;CLN6;ATP6V0E1;CLN3;TMEM199,0.0015755842704815,1.7166747147751829,GO_Biological_Process_2021,positive,1.7166747147751829,2,GO_Biological_Process_2021::vacuolar acidification (GO:0007035) | GO_Biological_Process_2021::regulation of lysosomal lumen pH (GO:0035751),0.0015755842704815,raw q retained
prerank,GO_Biological_Process_2021::cellular biogenic amine biosynthetic process (GO:0042401),0.8471103327495626,1.7177400691400948,0.0,0.0015791651438235,0.028,14/14,15.34%,HDC;DDC;PAOX;SRM;MOXD1;TPH1;SAT1;TPH2;SAT2;ASMT;PNMT;AANAT;PAH;SMOX,0.0015791651438235,1.7177400691400948,GO_Biological_Process_2021,positive,1.7177400691400948,1,GO_Biological_Process_2021::cellular biogenic amine biosynthetic process (GO:0042401),0.0015791651438235,raw q retained
prerank,GO_Biological_Process_2021::regulation of T cell mediated cytotoxicity (GO:0001914),0.8081841441036894,1.6878235141443791,0.0,0.0027572724733427,0.0645,17/18,15.30%,HLA-DRA;CD1A;CD1E;LILRB1;CD1B;CD1C;CD1D;HLA-B;XCL1;IL12RB1;IL23R;HLA-F;RIPK3;CEACAM1;STX7;HLA-E;HLA-G,0.0027572724733427,1.6878235141443791,GO_Biological_Process_2021,positive,1.6878235141443791,6,GO_Biological_Process_2021::regulation of T cell mediated cytotoxicity (GO:0001914) | GO_Biological_Process_2021::regulation of immune response (GO:0050776) | GO_Biological_Process_2021::positive regulation of T cell mediated cytotoxicity (GO:0001916) | GO_Biological_Process_2021::negative regulation of natural killer cell mediated cytotoxicity (GO:0045953) | GO_Biological_Process_2021::positive regulation of leukocyte mediated cytotoxicity (GO:0001912) | GO_Biological_Process_2021::positive regulation of T cell mediated immunity (GO:0002711),0.0027572724733427,raw q retained
prerank,GO_Biological_Process_2021::positive regulation of leukocyte activation (GO:0002696),0.8718920952300916,1.6889521705743202,0.0,0.0027873518094155,0.063,9/10,12.40%,CLEC7A;HAVCR1;CLEC4D;TLR6;LBP;CD226;CRLF2;TNIP2;WNT5A,0.0027873518094155,1.6889521705743202,GO_Biological_Process_2021,positive,1.6889521705743202,2,GO_Biological_Process_2021::positive regulation of leukocyte activation (GO:0002696) | GO_Biological_Process_2021::positive regulation of cytokine production (GO:0001819),0.0027873518094155,raw q retained
prerank,GO_Biological_Process_2021::negative regulation of smooth muscle cell proliferation (GO:0048662),0.7975261464592104,1.689435303466831,0.0,0.0028617146124844,0.062,18/21,11.31%,ADIPOQ;AIF1;EFEMP2;IGFBP5;IGFBP3;OGN;CNN1;ANG;HMOX1;TPM1;TNFAIP3;PDCD4;PTGIR;APOD;TRIB1;VIP;MEF2C;APLN,0.0028617146124844,1.689435303466831,GO_Biological_Process_2021,positive,1.689435303466831,4,GO_Biological_Process_2021::negative regulation of smooth muscle cell proliferation (GO:0048662) | GO_Biological_Process_2021::regulation of smooth muscle cell proliferation (GO:0048660) | GO_Biological_Process_2021::negative regulation of smooth muscle cell migration (GO:0014912) | GO_Biological_Process_2021::regulation of vascular associated smooth muscle cell proliferation (GO:1904705),0.0028617146124844,raw q retained
prerank,GO_Biological_Process_2021::positive regulation of chemokine production (GO:0032722),0.797266548225823,1.6829061892423405,0.0,0.0029893661158799,0.072,18/21,13.61%,ADIPOQ;CLEC7A;AIF1;CHIA;TWIST1;C5;OAS1;HMOX1;OAS3;ALOX15B;PYCARD;TIRAP;AZU1;ADCYAP1;LGALS9;WNT5A;F2RL1;AIRE,0.0029893661158799,1.6829061892423405,GO_Biological_Process_2021,positive,1.6829061892423405,5,GO_Biological_Process_2021::positive regulation of chemokine production (GO:0032722) | GO_Biological_Process_2021::regulation of chemokine production (GO:0032642) | GO_Biological_Process_2021::regulation of tumor necrosis factor production (GO:0032680) | GO_Biological_Process_2021::positive regulation of tumor necrosis factor superfamily cytokine production (GO:1903557) | GO_Biological_Process_2021::positive regulation of tumor necrosis factor production (GO:0032760),0.0029893661158799,raw q retained
prerank,GO_Biological_Process_2021::proton transmembrane transport (GO:1902600),0.7769548881375774,1.671044878123123,0.0,0.0039068562945169,0.1005,22/26,18.55%,ATP6V1B1;ATP6V0A4;HVCN1;NOX5;ATP6V1A;ATP12A;ATP6V1H;ATP6V1F;UCP1;ATP6V0D1;ATP6V0E2;ATP1A4;SLC9A1;ATP6V0E1;ATP1A3;ATP6V0C;UCP2;COX15;SLC36A1;SLC46A1;SLC4A11;UCP3,0.0039068562945169,1.671044878123123,GO_Biological_Process_2021,positive,1.671044878123123,1,GO_Biological_Process_2021::proton transmembrane transport (GO:1902600),0.0039068562945169,raw q retained
prerank,GO_Biological_Process_2021::cellular glucuronidation (GO:0052695),0.8444207554559798,1.665859575124194,0.0,0.0039498118075432,0.1165,9/11,10.63%,UGT1A1;UGT1A7;UGT2B15;UGT2B4;UGT2B17;UGT2B28;UGT1A6;UGT2B7;UGT2B11,0.0039498118075432,1.665859575124194,GO_Biological_Process_2021,positive,1.665859575124194,3,GO_Biological_Process_2021::cellular glucuronidation (GO:0052695) | GO_Biological_Process_2021::estrogen metabolic process (GO:0008210) | GO_Biological_Process_2021::steroid metabolic process (GO:0008202),0.0039498118075432,raw q retained
prerank,GO_Biological_Process_2021::actin filament capping (GO:0051693),0.7947338041698789,1.6564698585598527,0.0,0.0042419576512964,0.1425,16/17,20.05%,SCIN;ADD2;CAPG;CAPZA1;TWF2;ADD1;CAPZA2;SVIL;VIL1;FLII;EPS8;TWF1;AVIL;CAPZB;ADD3;TRIOBP,0.0042419576512964,1.6564698585598527,GO_Biological_Process_2021,positive,1.6564698585598527,3,GO_Biological_Process_2021::actin filament capping (GO:0051693) | GO_Biological_Process_2021::barbed-end actin filament capping (GO:0051016) | GO_Biological_Process_2021::actin polymerization or depolymerization (GO:0008154),0.0042419576512964,raw q retained
prerank,GO_Biological_Process_2021::regulation of interleukin-6 production (GO:0032675),0.7348502187820162,1.6584040097184851,0.0,0.0043628586556086,0.14,47/54,21.15%,LILRB2;CLEC7A;AIF1;PTPN22;TREM2;TWIST1;LILRB4;NCKAP1L;LILRA2;BPI;CARD9;HLA-B;GHRL;TLR6;TLR1;LBP;HYAL2;PYCARD;ORM1;C5AR2;NLRP12;TNFAIP3;SIRPA;TIRAP;IL16;LILRA5;RAB7B;C1QTNF3;CYBA;FOXJ1;GBA;SLAMF1;BCL10;LGALS9;WNT5A;F2RL1;SPHK2;ZC3H12A;IRAK3;SCIMP;CD200R1;IL37;ARHGEF2;MBP;POU2AF1;IL17D;TMEM106A,0.0043628586556086,1.6584040097184851,GO_Biological_Process_2021,positive,1.6584040097184851,8,GO_Biological_Process_2021::regulation of interleukin-6 production (GO:0032675) | GO_Biological_Process_2021::negative regulation of interleukin-6 production (GO:0032715) | GO_Biological_Process_2021::positive regulation of interleukin-6 production (GO:0032755) | GO_Biological_Process_2021::negative regulation of tumor necrosis factor superfamily cytokine production (GO:1903556) | GO_Biological_Process_2021::negative regulation of tumor necrosis factor production (GO:0032720) | GO_Biological_Process_2021::negative regulation of cytokine production (GO:0001818) | GO_Biological_Process_2021::positive regulation of toll-like receptor signaling pathway (GO:0034123) | GO_Biological_Process_2021::regulation of toll-like receptor 4 signaling pathway (GO:0034143),0.0043628586556086,raw q retained
prerank,GO_Biological_Process_2021::multivesicular body organization (GO:0036257),0.7574151150054765,1.640437366539066,0.0,0.0047881392115932,0.1905,29/29,24.35%,CHMP4C;RAB27A;VPS36;CHMP2B;CHMP7;PDCD6IP;CHMP3;VPS37D;CHMP4B;MVB12A;CHMP4A;VPS25;VPS37B;CHMP2A;HGS;SNF8;IST1;CHMP1B;VPS28;CHMP5;CHMP1A;VPS4A;CHMP6;VPS4B;VTA1;VPS37A;VPS37C;STAM2;STAM,0.0047881392115932,1.640437366539066,GO_Biological_Process_2021,positive,1.640437366539066,12,GO_Biological_Process_2021::multivesicular body organization (GO:0036257) | GO_Biological_Process_2021::multivesicular body assembly (GO:0036258) | GO_Biological_Process_2021::endosome transport via multivesicular body sorting pathway (GO:0032509) | GO_Biological_Process_2021::ESCRT III complex disassembly (GO:1904903) | GO_Biological_Process_2021::ESCRT complex disassembly (GO:1904896) | GO_Biological_Process_2021::late endosome to vacuole transport via multivesicular body sorting pathway (GO:0032511) | GO_Biological_Process_2021::midbody abscission (GO:0061952) | GO_Biological_Process_2021::mitotic cytokinetic process (GO:1902410) | GO_Biological_Process_2021::macroautophagy (GO:0016236) | GO_Biological_Process_2021::regulation of exosomal secretion (GO:1903541) | GO_Biological_Process_2021::membrane organization (GO:0061024) | GO_Biological_Process_2021::positive regulation of exosomal secretion (GO:1903543),0.0047881392115932,raw q retained
prerank,GO_Biological_Process_2021::toll-like receptor signaling pathway (GO:0002224),0.73941230431945,1.648819868183527,0.0,0.0048222427672314,0.1705,38/42,19.76%,OAS1;LGMN;S100A8;TRIL;TLR10;RIPK2;TLR6;TLR1;LBP;COLEC12;TICAM2;IRAK2;CTSL;CTSB;IRAK4;S100A14;TIRAP;S100A9;S100A1;TAB1;CNPY3;BCL10;LGALS9;SFTPD;TNIP2;UNC93B1;PIK3AP1;PIK3R4;MAPKAPK3;IRAK3;TNIP1;SCIMP;TICAM1;SFTPA1;TAB3;RFTN1;TNIP3;NMI,0.0048222427672314,1.648819868183527,GO_Biological_Process_2021,positive,1.648819868183527,4,GO_Biological_Process_2021::toll-like receptor signaling pathway (GO:0002224) | GO_Biological_Process_2021::pattern recognition receptor signaling pathway (GO:0002221) | GO_Biological_Process_2021::MyD88-dependent toll-like receptor signaling pathway (GO:0002755) | GO_Biological_Process_2021::toll-like receptor 4 signaling pathway (GO:0034142),0.0048222427672314,raw q retained
prerank,GO_Biological_Process_2021::high-density lipoprotein particle remodeling (GO:0034375),0.8195514897492744,1.6405063454082658,0.0,0.0048774478979206,0.19,11/12,14.59%,APOA2;CETP;LIPC;PLTP;APOC2;LCAT;APOM;APOC1;PLA2G3;ABCG1;LIPG,0.0048774478979206,1.6405063454082658,GO_Biological_Process_2021,positive,1.6405063454082658,5,GO_Biological_Process_2021::high-density lipoprotein particle remodeling (GO:0034375) | GO_Biological_Process_2021::reverse cholesterol transport (GO:0043691) | GO_Biological_Process_2021::cholesterol transport (GO:0030301) | GO_Biological_Process_2021::sterol homeostasis (GO:0055092) | GO_Biological_Process_2021::cholesterol homeostasis (GO:0042632),0.0048774478979206,raw q retained
prerank,GO_Biological_Process_2021::leukotriene metabolic process (GO:0006691),0.8057866163153757,1.6377247070284229,0.0,0.0049149241949068,0.2015,11/14,12.19%,LTC4S;GGT5;MGST2;ALOX15;CYP4F3;PLA2G1B;GGT1;ALOX12;PTGR1;CPA1;MGST3,0.0049149241949068,1.6377247070284229,GO_Biological_Process_2021,positive,1.6377247070284229,1,GO_Biological_Process_2021::leukotriene metabolic process (GO:0006691),0.0049149241949068,raw q retained
prerank,GO_Biological_Process_2021::retinoic acid metabolic process (GO:0042573),0.7890069983590443,1.646297549668878,0.0,0.0049199534196643,0.175,15/18,17.23%,CYP2C8;ADH7;ADH6;UGT1A1;UGT1A7;SCPEP1;ALDH1A3;CYP26A1;CYP27C1;CYP2C18;CYP2S1;ALDH1A2;CYP3A7;CYP26C1;CYP26B1,0.0049199534196643,1.646297549668878,GO_Biological_Process_2021,positive,1.646297549668878,2,GO_Biological_Process_2021::retinoic acid metabolic process (GO:0042573) | GO_Biological_Process_2021::retinoid metabolic process (GO:0001523),0.0049199534196643,raw q retained
prerank,GO_Biological_Process_2021::positive regulation of phagocytosis (GO:0050766),0.7422720242469758,1.6410620250436632,0.0,0.0049385576601844,0.1885,32/35,24.01%,C4A;APOA2;CLEC7A;FPR2;SLC11A1;C4B;SIRPG;TREM2;CD300LF;GATA2;SIRPB1;NCKAP1L;AHSG;ABCA7;C2;PYCARD;SIRPA;RAB27A;RAB31;AZU1;CYBA;DOCK2;SFTPD;F2RL1;IL15RA;STAP1;ANO6;LMAN2;MYO18A;TULP1;CAMK1D;PTPRJ,0.0049385576601844,1.6410620250436632,GO_Biological_Process_2021,positive,1.6410620250436632,4,GO_Biological_Process_2021::positive regulation of phagocytosis (GO:0050766) | GO_Biological_Process_2021::regulation of phagocytosis (GO:0050764) | GO_Biological_Process_2021::positive regulation of lymphocyte activation (GO:0051251) | GO_Biological_Process_2021::positive regulation of transport (GO:0051050),0.0049385576601844,raw q retained
prerank,GO_Biological_Process_2021::cellular defense response (GO:0006968),0.757532504249954,1.644903839866274,0.0,0.0049676479271794,0.179,23/27,15.47%,LILRB2;MNDA;NCF2;KIR2DL4;CD300C;TRAT1;KLRC2;NCR2;CLEC5A;NCF1;TCIRG1;GNLY;LBP;FOSL1;KLRC3;CD5L;SPN;KLRG1;LGALS3BP;IL1RL2;LSP1;HLA-G;DCDC2,0.0049676479271794,1.644903839866274,GO_Biological_Process_2021,positive,1.644903839866274,1,GO_Biological_Process_2021::cellular defense response (GO:0006968),0.0049676479271794,raw q retained
prerank,GO_Biological_Process_2021::positive regulation of leukocyte cell-cell adhesion (GO:1903039),0.7961545433827085,1.6340254148877351,0.0,0.0051361885180963,0.2155,14/15,17.72%,HLA-DPA1;HLA-DPB1;THY1;SIRPG;SIRPB1;NR4A3;PYCARD;ETS1;SKAP1;SIRPA;HAS2;FUT7;NFAT5;MDK,0.0051361885180963,1.6340254148877351,GO_Biological_Process_2021,positive,1.6340254148877351,3,GO_Biological_Process_2021::positive regulation of leukocyte cell-cell adhesion (GO:1903039) | GO_Biological_Process_2021::positive regulation of T cell activation (GO:0050870) | GO_Biological_Process_2021::regulation of T cell activation (GO:0050863),0.0051361885180963,raw q retained
prerank,GO_Biological_Process_2021::antigen processing and presentation of exogenous peptide antigen via MHC class I (GO:0042590),0.7500808764370954,1.6292461839105092,0.0,0.0055510047479858,0.2375,26/29,19.30%,IFI30;NCF2;CD207;NCF1;HLA-C;HLA-B;TAP2;NCF4;TAP1;PSMA8;HLA-F;PSMB4;CLEC4A;CYBA;VAMP3;PDIA3;PSMF1;TAPBP;PSMD5;PSMD9;VAMP8;HLA-E;HLA-G;PSME2;PSME1;PSME3,0.0055510047479858,1.6292461839105092,GO_Biological_Process_2021,positive,1.6292461839105092,3,"GO_Biological_Process_2021::antigen processing and presentation of exogenous peptide antigen via MHC class I (GO:0042590) | GO_Biological_Process_2021::antigen processing and presentation of exogenous peptide antigen via MHC class I, TAP-dependent (GO:0002479) | GO_Biological_Process_2021::regulation of cellular amine metabolic process (GO:0033238)",0.0055510047479858,raw q retained
prerank,GO_Biological_Process_2021::vascular endothelial growth factor receptor signaling pathway (GO:0048010),0.7456813392693578,1.6273122312634798,0.0,0.0056935886137856,0.246,27/30,18.66%,NCF2;CYFIP1;CLEC14A;CYFIP2;NCF1;NCKAP1;NCKAP1L;VAV2;BAIAP2;NCK2;NCF4;BRK1;ABI1;WASF2;DOCK1;ELMO1;VAV3;CYBA;PRKD2;SHC2;SULF1;MAPKAPK3;NRP2;ELMO2;PAK2;SH2D2A;PDCD6,0.0056935886137856,1.6273122312634798,GO_Biological_Process_2021,positive,1.6273122312634798,1,GO_Biological_Process_2021::vascular endothelial growth factor receptor signaling pathway (GO:0048010),0.0056935886137856,raw q retained
prerank,GO_Biological_Process_2021::defense response to Gram-negative bacterium (GO:0050829),0.7329707331461076,1.6237569002685004,0.0,0.0059467193155479,0.263,29/38,12.44%,CTSG;FCN2;CAMP;RARRES2;LTF;SLC11A1;RNASE2;LYZ;TREM2;DEFA4;RNASE6;RNASE3;BPI;LBP;PYCARD;MPEG1;S100A7;IL23R;MR1;DEFB4A;OPTN;AZU1;RNASE7;AQP1;DEFB1;GSDMD;TNFRSF14;ROMO1;PRB3,0.0059467193155479,1.6237569002685004,GO_Biological_Process_2021,positive,1.6237569002685004,3,GO_Biological_Process_2021::defense response to Gram-negative bacterium (GO:0050829) | GO_Biological_Process_2021::defense response to bacterium (GO:0042742) | GO_Biological_Process_2021::defense response to Gram-positive bacterium (GO:0050830),0.0059467193155479,raw q retained
prerank,GO_Biological_Process_2021::negative regulation of interferon-gamma production (GO:0032689),0.7975809032191542,1.6204227462031562,0.0,0.0063387527430313,0.2825,13/14,14.74%,LAPTM5;LILRB4;LILRB1;XCL1;LGALS7;DDIT3;LGALS9B;C1QBP;IL36RN;LGALS9C;LGALS9;PRNP;ZC3H12A,0.0063387527430313,1.6204227462031562,GO_Biological_Process_2021,positive,1.6204227462031562,2,GO_Biological_Process_2021::negative regulation of interferon-gamma production (GO:0032689) | GO_Biological_Process_2021::regulation of interferon-gamma production (GO:0032649),0.0063387527430313,raw q retained
prerank,GO_Biological_Process_2021::positive regulation of interleukin-8 production (GO:0032757),0.753167640583956,1.615067170650771,0.0,0.0066142195988103,0.3065,23/25,21.80%,APOA2;ADIPOQ;CLEC7A;FCN1;CHI3L1;LILRA2;TLR1;LBP;HYAL2;PYCARD;PLA2G1B;DDIT3;NOD1;TIRAP;PRKD2;BCL10;LGALS9;PARK7;F2RL1;LAMTOR5;CD244;IL17D;CD58,0.0066142195988103,1.615067170650771,GO_Biological_Process_2021,positive,1.615067170650771,2,GO_Biological_Process_2021::positive regulation of interleukin-8 production (GO:0032757) | GO_Biological_Process_2021::regulation of interleukin-8 production (GO:0032677),0.0066142195988103,raw q retained
prerank,GO_Biological_Process_2021::regulation of interleukin-12 production (GO:0032655),0.7568385597882908,1.6128104000715489,0.0,0.0067399993792821,0.3145,21/23,19.92%,MEFV;CLEC7A;LAPTM5;LILRB1;HLA-B;RIPK2;PIBF1;CMKLR1;IL23R;TIRAP;IRF5;IL16;C1QBP;LILRA5;SLAMF1;LGALS9;IRAK3;HLA-G;SCIMP;MDK;FOXP1,0.0067399993792821,1.6128104000715489,GO_Biological_Process_2021,positive,1.6128104000715489,2,GO_Biological_Process_2021::regulation of interleukin-12 production (GO:0032655) | GO_Biological_Process_2021::positive regulation of interleukin-12 production (GO:0032735),0.0067399993792821,raw q retained
prerank,GO_Biological_Process_2021::regulation of muscle contraction (GO:0006937),0.7700814374057323,1.6061067211477356,0.0,0.0073477383143081,0.3535,17/19,17.08%,MYL9;MYL3;CNN1;TNNT3;TNNI1;TPM1;MYLK2;ANXA6;TNNC2;TNNT1;PLCE1;MYL5;PPP1R12B;MYBPH;DAPK3;KCNB2;MYBPC3,0.0073477383143081,1.6061067211477356,GO_Biological_Process_2021,positive,1.6061067211477356,1,GO_Biological_Process_2021::regulation of muscle contraction (GO:0006937),0.0073477383143081,raw q retained
prerank,GO_Biological_Process_2021::pulmonary valve development (GO:0003177),0.805016854178523,1.6008504725465509,0.0015159171298635,0.0073775668881332,0.381,11/11,19.54%,SMAD6;TNFRSF1B;JAG1;ROBO2;NFATC1;ROBO1;HEY1;SLIT2;HEYL;STRA6;HEY2,0.0073775668881332,1.6008504725465509,GO_Biological_Process_2021,positive,1.6008504725465509,6,GO_Biological_Process_2021::pulmonary valve development (GO:0003177) | GO_Biological_Process_2021::pulmonary valve morphogenesis (GO:0003184) | GO_Biological_Process_2021::aortic valve development (GO:0003176) | GO_Biological_Process_2021::aortic valve morphogenesis (GO:0003180) | GO_Biological_Process_2021::ventricular septum morphogenesis (GO:0060412) | GO_Biological_Process_2021::ventricular septum development (GO:0003281),0.0073775668881332,raw q retained
prerank,GO_Biological_Process_2021::response to copper ion (GO:0046688),0.772244370800315,1.6030046551651396,0.000501002004008,0.0075634272588926,0.3685,14/17,16.30%,MT1G;MT1H;MT1M;ATP7B;MT2A;AQP1;MT1E;PRNP;DAXX;MT1F;HSF1;AQP2;MT1X;MT1HL1,0.0075634272588926,1.6030046551651396,GO_Biological_Process_2021,positive,1.6030046551651396,5,GO_Biological_Process_2021::response to copper ion (GO:0046688) | GO_Biological_Process_2021::cellular response to copper ion (GO:0071280) | GO_Biological_Process_2021::cellular response to cadmium ion (GO:0071276) | GO_Biological_Process_2021::response to cadmium ion (GO:0046686) | GO_Biological_Process_2021::cellular transition metal ion homeostasis (GO:0046916),0.0075634272588926,raw q retained
prerank,GO_Biological_Process_2021::regulation of interleukin-17 production (GO:0032660),0.7814298798133039,1.602102121913242,0.0,0.0075699662449954,0.373,14/15,18.28%,NCKAP1L;CARD9;CCL1;PHB;SPHK1;IL23R;OSM;DDIT3;SLAMF6;IL36RN;PRNP;SLC7A5;RFTN1;LY9,0.0075699662449954,1.602102121913242,GO_Biological_Process_2021,positive,1.602102121913242,2,GO_Biological_Process_2021::regulation of interleukin-17 production (GO:0032660) | GO_Biological_Process_2021::positive regulation of interleukin-17 production (GO:0032740),0.0075699662449954,raw q retained
prerank,GO_Biological_Process_2021::hydrogen peroxide metabolic process (GO:0042743),0.7635139003582183,1.5953093754258991,0.0,0.0080211562860879,0.4175,17/18,19.55%,PXDNL;DUOX1;DUOX2;HBZ;GPX1;HBE1;HBG2;CYBA;PRDX1;PRDX3;PRDX2;PARK7;PRDX4;PRDX5;HBQ1;HBD;CAT,0.0080211562860879,1.5953093754258991,GO_Biological_Process_2021,positive,1.5953093754258991,2,GO_Biological_Process_2021::hydrogen peroxide metabolic process (GO:0042743) | GO_Biological_Process_2021::hydrogen peroxide catabolic process (GO:0042744),0.0080211562860879,raw q retained
prerank,GO_Biological_Process_2021::antimicrobial humoral immune response mediated by antimicrobial peptide (GO:0061844),0.7263191140461609,1.5930722066492724,0.0,0.008213972542965,0.434,23/34,11.65%,CAMP;S100A12;LTF;CXCL5;CCL13;DEFA4;RNASE6;HRG;PF4V1;ANG;RNASE3;GNLY;CXCL3;CXCL14;CXCL6;S100A7;PLA2G1B;PPBP;DEFB4A;S100A9;RNASE7;DEFB1;ROMO1,0.008213972542965,1.5930722066492724,GO_Biological_Process_2021,positive,1.5930722066492724,1,GO_Biological_Process_2021::antimicrobial humoral immune response mediated by antimicrobial peptide (GO:0061844),0.008213972542965,raw q retained
prerank,GO_Biological_Process_2021::aminoglycan catabolic process (GO:0006026),0.7407150417550571,1.593422460580314,0.0,0.008255540723019,0.4305,22/26,17.88%,CHIT1;CHIA;CHI3L1;SDC2;GPC1;GLB1;HYAL2;GNS;AGRN;SDC3;IDUA;CTBS;FUCA1;NAGLU;HPSE2;CHI3L2;GUSB;HGSNAT;GPC6;SGSH;HYAL4;GPC4,0.008255540723019,1.593422460580314,GO_Biological_Process_2021,positive,1.593422460580314,1,GO_Biological_Process_2021::aminoglycan catabolic process (GO:0006026),0.008255540723019,raw q retained
prerank,GO_Biological_Process_2021::regulation of peptidyl-tyrosine phosphorylation (GO:0050730),0.713074564843462,1.5901614734603549,0.0,0.0084358302607544,0.4535,40/42,26.30%,GATA1;TREM2;HRG;CLEC6A;GH1;SAMSN1;RIPK2;DMTN;IL11;BMP6;SFRP2;LIF;IL23R;OSM;NTF3;EFNA5;CSPG4;CD81;RAP2B;RELN;BST1;LRP8;BANK1;IL22RA2;TNFRSF14;TDGF1;PRNP;ANGPT4;CNOT7;THBS4;PAK2;ARHGEF2;RAP2C;PDGFA;PTPRJ;EFNA1;TNK2;HAX1;SFRP1;PDCL3,0.0084358302607544,1.5901614734603549,GO_Biological_Process_2021,positive,1.5901614734603549,2,GO_Biological_Process_2021::regulation of peptidyl-tyrosine phosphorylation (GO:0050730) | GO_Biological_Process_2021::positive regulation of peptidyl-tyrosine phosphorylation (GO:0050731),0.0084358302607544,raw q retained
prerank,GO_Biological_Process_2021::antigen processing and presentation of peptide antigen via MHC class I (GO:0002474),0.7406966008297826,1.5832101884350722,0.0,0.0086464009123208,0.4945,23/24,25.30%,IFI30;HLA-C;HLA-B;TAP2;ABCB9;HFE;TAP1;HLA-F;CLEC4A;SEC31A;PDIA3;TAPBP;SEC24D;SEC23A;TAPBPL;HLA-E;HLA-G;SEC24B;BCAP31;SEC24A;IDE;SEC24C;SAR1B,0.0086464009123208,1.5832101884350722,GO_Biological_Process_2021,positive,1.5832101884350722,1,GO_Biological_Process_2021::antigen processing and presentation of peptide antigen via MHC class I (GO:0002474),0.0086464009123208,raw q retained
prerank,GO_Biological_Process_2021::cell chemotaxis (GO:0060326),0.7375527613142543,1.5871962830721942,0.0005,0.0087242301983593,0.469,25/26,23.99%,PARVA;XCR1;CCL25;CCR10;NR4A1;ACKR4;RAB13;DEFB4A;EGR3;CCRL2;AZU1;RHOG;HOXB9;ACKR2;ACKR3;LPAR1;BIN2;ELMO2;CORO1B;ARHGEF16;PLEKHG5;CCL28;PIP5K1A;HMGB2;PLXNB3,0.0087242301983593,1.5871962830721942,GO_Biological_Process_2021,positive,1.5871962830721942,1,GO_Biological_Process_2021::cell chemotaxis (GO:0060326),0.0087242301983593,raw q retained
prerank,GO_Biological_Process_2021::positive regulation of mononuclear cell migration (GO:0071677),0.7785221423283895,1.5841792003142146,0.0,0.0087847983453012,0.488,13/14,21.57%,FPR2;AIF1;LGMN;CCL1;S100A7;S100A14;JAM2;C1QBP;LGALS9;CXCL17;MOSPD2;ANO6;CREB3,0.0087847983453012,1.5841792003142146,GO_Biological_Process_2021,positive,1.5841792003142146,4,GO_Biological_Process_2021::positive regulation of mononuclear cell migration (GO:0071677) | GO_Biological_Process_2021::positive regulation of monocyte chemotaxis (GO:0090026) | GO_Biological_Process_2021::regulation of monocyte chemotaxis (GO:0090025) | GO_Biological_Process_2021::positive regulation of leukocyte chemotaxis (GO:0002690),0.0087847983453012,raw q retained
prerank,GO_Biological_Process_2021::external encapsulating structure organization (GO:0045229),0.6754264706018828,1.585112077798078,0.0,0.008838789032512,0.481,85/117,16.97%,LUM;ACAN;MFAP2;BGN;LOX;POSTN;FBN1;NID1;LOXL1;FBLN5;COL10A1;ITGA9;COMP;SMOC2;MFAP5;FBN2;ADAMTS2;VCAN;COL14A1;COL16A1;ITGA10;TGM3;LAMA5;ADAMTS5;IBSP;COL8A1;MMP10;MMP23B;ADAMTS3;NID2;MMP11;MMP16;ADAMTSL4;FURIN;COL9A1;MMP19;TGFBI;AGRN;MMP25;ADAMTS7;F11R;ADAMTS10;COL13A1;RECK;MMP15;JAM2;SPARC;ICAM3;COL9A3;MADCAM1;COL8A2;SH3PXD2A;ECM2;ICAM2;BCAN;ADAMTS12;MATN3;SPOCK2;NCAN;COL27A1;MMP21;ADAM12;NPNT;VIT;COL17A1;HAPLN1;ADAMTS1;ATP7A;ITGAD;MMP17;DAG1;COL4A5;COLQ;ADAMTS4;MIA;COL9A2;ADAMTSL2;ITGAE;MMP24;TGM1;SLC39A8;NF1;SMOC1;ADAMTS9;ADAMTSL5,0.008838789032512,1.585112077798078,GO_Biological_Process_2021,positive,1.585112077798078,3,GO_Biological_Process_2021::external encapsulating structure organization (GO:0045229) | GO_Biological_Process_2021::extracellular structure organization (GO:0043062) | GO_Biological_Process_2021::extracellular matrix organization (GO:0030198),0.008838789032512,raw q retained
prerank,GO_Biological_Process_2021::antigen processing and presentation of exogenous peptide antigen (GO:0002478),0.6859667357967416,1.5797005773803316,0.0,0.0088620839612422,0.5205,65/73,25.76%,HLA-DQB2;HLA-DMA;HLA-DPA1;IFI30;HLA-DQB1;HLA-DRA;HLA-DPB1;HLA-DOA;HLA-DMB;HLA-DQA1;HLA-DQA2;LGMN;HLA-DOB;AP1S3;CTSE;AP2A2;CTSL;CTSD;RAB7A;CTSV;CAPZA1;HLA-F;AP1B1;AP2S1;CAPZA2;AP1M2;CLEC4A;CTSF;SPTBN2;DCTN2;SEC31A;AP1S1;DYNC1I2;SEC24D;ACTR10;RILP;SH3GL2;DYNC1H1;DYNC1LI2;SEC23A;AP1G1;AP1M1;DCTN3;HLA-E;DYNC1LI1;CAPZB;DCTN6;CLTA;DYNLL2;SEC24B;AP1S2;ACTR1A;DYNC1I1;DCTN4;DCTN5;KIF5A;KLC1;KIF26A;DNM2;SEC24A;SEC24C;KLC2;OSBPL1A;SAR1B;ACTR1B,0.0088620839612422,1.5797005773803316,GO_Biological_Process_2021,positive,1.5797005773803316,3,GO_Biological_Process_2021::antigen processing and presentation of exogenous peptide antigen (GO:0002478) | GO_Biological_Process_2021::antigen processing and presentation of exogenous peptide antigen via MHC class II (GO:0019886) | GO_Biological_Process_2021::antigen processing and presentation of peptide antigen via MHC class II (GO:0002495),0.0088620839612422,raw q retained
prerank,GO_Biological_Process_2021::cyclic purine nucleotide metabolic process (GO:0052652),0.7898610101238445,1.5745617950436133,0.0005032712632108,0.0091909082444757,0.5595,11/12,18.64%,ADCY10;ADCY4;ADCY6;NPR2;ADCY1;NPPB;GUCY2D;GUCY2F;NPPA;ADCY2;AMPD2,0.0091909082444757,1.5745617950436133,GO_Biological_Process_2021,positive,1.5745617950436133,1,GO_Biological_Process_2021::cyclic purine nucleotide metabolic process (GO:0052652),0.0091909082444757,raw q retained
prerank,GO_Biological_Process_2021::chondroitin sulfate catabolic process (GO:0030207),0.7908116543235337,1.5737042072318248,0.0005040322580645,0.0093346206279348,0.567,10/12,9.01%,BGN;VCAN;HEXB;HYAL1;HEXA;IDUA;CSPG4;BCAN;ARSB;NCAN,0.0093346206279348,1.5737042072318248,GO_Biological_Process_2021,positive,1.5737042072318248,5,GO_Biological_Process_2021::chondroitin sulfate catabolic process (GO:0030207) | GO_Biological_Process_2021::chondroitin sulfate metabolic process (GO:0030204) | GO_Biological_Process_2021::chondroitin sulfate biosynthetic process (GO:0030206) | GO_Biological_Process_2021::dermatan sulfate metabolic process (GO:0030205) | GO_Biological_Process_2021::chondroitin sulfate proteoglycan biosynthetic process (GO:0050650),0.0093346206279348,raw q retained
prerank,GO_Biological_Process_2021::regulation of interleukin-10 production (GO:0032653),0.767688243769182,1.5724386686366096,0.000502512562814,0.0093629305912974,0.576,13/15,13.40%,CLEC7A;LILRB4;LILRB1;IRF4;PIBF1;XCL1;PYCARD;CD46;IL23R;LILRA5;LGALS9;DLL1;F2RL1,0.0093629305912974,1.5724386686366096,GO_Biological_Process_2021,positive,1.5724386686366096,1,GO_Biological_Process_2021::regulation of interleukin-10 production (GO:0032653),0.0093629305912974,raw q retained
prerank,GO_Biological_Process_2021::regulation of programmed necrotic cell death (GO:0062098),0.7873216005603713,1.570326371721572,0.0,0.0097441473815218,0.594,12/12,21.31%,MLKL;NUPR1;RIPK3;ASAH1;SDCBP;PDCD6IP;FLOT2;FLOT1;CYLD;CFLAR;PELI1;SPATA2,0.0097441473815218,1.570326371721572,GO_Biological_Process_2021,positive,1.570326371721572,2,GO_Biological_Process_2021::regulation of programmed necrotic cell death (GO:0062098) | GO_Biological_Process_2021::regulation of necroptotic process (GO:0060544),0.0097441473815218,raw q retained
prerank,GO_Biological_Process_2021::negative regulation of interleukin-1 production (GO:0032692),0.7523784746885002,1.5626039208002822,0.0,0.0105733423771158,0.646,16/18,18.63%,MEFV;CARD17;LILRB4;CARD18;GHRL;NLRP7;NLRP12;TNFAIP3;CARD8;CARD16;CEACAM1;PYDC1;ZC3H12A;FFAR4;GIT1;SERPINB1,0.0105733423771158,1.5626039208002822,GO_Biological_Process_2021,positive,1.5626039208002822,3,GO_Biological_Process_2021::negative regulation of interleukin-1 production (GO:0032692) | GO_Biological_Process_2021::regulation of interleukin-1 beta production (GO:0032651) | GO_Biological_Process_2021::negative regulation of interleukin-1 beta production (GO:0032691),0.0105733423771158,raw q retained
prerank,GO_Biological_Process_2021::positive regulation of pri-miRNA transcription by RNA polymerase II (GO:1902895),0.803753269226323,1.5629042729804477,0.0005060728744939,0.0106059555021322,0.6435,9/10,16.52%,GATA2;FOSL1;PRL;KLF5;ETS1;KLF4;SRF;APLN;TEAD1,0.0106059555021322,1.5629042729804477,GO_Biological_Process_2021,positive,1.5629042729804477,2,GO_Biological_Process_2021::positive regulation of pri-miRNA transcription by RNA polymerase II (GO:1902895) | GO_Biological_Process_2021::regulation of pri-miRNA transcription by RNA polymerase II (GO:1902893),0.0106059555021322,raw q retained
prerank,GO_Biological_Process_2021::positive regulation of cytokine production involved in immune response (GO:0002720),0.7339199741105977,1.549108430600606,0.0,0.0107312027486882,0.7305,16/20,15.70%,CLEC7A;KIR2DL4;LAPTM5;XCL1;CD160;HLA-F;CD55;CD226;TNFRSF14;WNT5A;F2RL1;SPHK2;HLA-E;SLC7A5;HLA-G;SCIMP,0.0107312027486882,1.549108430600606,GO_Biological_Process_2021,positive,1.549108430600606,3,GO_Biological_Process_2021::positive regulation of cytokine production involved in immune response (GO:0002720) | GO_Biological_Process_2021::positive regulation of production of molecular mediator of immune response (GO:0002702) | GO_Biological_Process_2021::regulation of cytokine production involved in immune response (GO:0002718),0.0107312027486882,raw q retained
prerank,GO_Biological_Process_2021::neutrophil degranulation (GO:0043312),0.643748836545105,1.5491198889815463,0.0,0.0108095326957589,0.7305,277/341,24.83%,CTSG;LILRB2;CAMP;CFP;S100A12;MNDA;FCAR;LTF;PRTN3;FPR1;HK3;FPR2;LILRB3;CD93;SLC11A1;NPC2;FCN1;C3AR1;PLAUR;RNASE2;CYFIP1;CHIT1;LYZ;APAF1;CLEC4D;CHI3L1;RETN;CLEC5A;DEFA4;PRG2;SIRPB1;FCGR2A;OSCAR;NCKAP1L;PTX3;ARG1;CD300A;S100A8;CEACAM8;LCN2;AHSG;OLR1;TCIRG1;CLEC4C;RNASE3;HLA-C;BPI;HVCN1;CD53;ACTR2;HLA-B;GLB1;CREG1;METTL7A;CST3;HEXB;ATP6V1D;MGST1;PYCARD;TICAM2;ORM1;CAPN1;S100A7;LAMTOR3;GNS;GMFG;CRISPLD2;ORM2;CTSZ;SERPINA1;CYSTM1;NFAM1;TNFRSF1B;FGL2;TMBIM1;IGF2R;AP2A2;LAIR1;GM2A;DSP;CTSD;CTSB;RAB7A;FTH1;ATP6AP2;SIGLEC14;PPBP;PLEKHO2;VNN1;MMP25;RAB3A;FTL;SIRPA;DOK3;GRN;CPPED1;ERP44;HP;RAB27A;GLIPR1;CMTM6;LAMP2;CD55;DDOST;GLA;MCEMP1;CLEC12A;MS4A3;STOM;ANXA2;ADAM10;JUP;BST2;S100A11;ATP6V0A1;TXNDC5;TNFAIP6;S100A9;RAB31;COTL1;AZU1;PFKL;CTSA;SLPI;STXBP2;PGM2;SPTAN1;STK10;DIAPH1;MAN2B1;ASAH1;SDCBP;ARHGAP9;CTSH;CYBA;VAPA;ARSB;VAT1;RAP2B;UNC13D;CD177;RHOG;PGM1;COMMD9;PRCP;DNAJC3;SERPINB3;PKP1;ALDOC;FUCA1;MLEC;DNAJC5;PRSS3;SERPINB10;TIMP2;GALNS;RNASET2;GSDMD;BST1;DOCK2;QPCT;GCA;COMMD3;CD59;OSTF1;SIGLEC5;GUSB;PSAP;RAB10;COPB1;PLAC8;OLFM4;LAMTOR2;DBNL;ATP6V0C;RAB6A;ACTR10;TCN1;RAB3D;FAF2;DNASE1L1;CD63;RAB24;FOLR3;SNAP29;ARPC5;CSTB;DYNLT1;DERA;DYNC1H1;BRI3;CEACAM1;QSOX1;ARSA;VAMP8;SERPINA3;TBC1D10C;CAP1;ADGRE5;CRISP3;NEU1;HGSNAT;ANXA3;SIGLEC9;RAB9B;NCSTN;PRDX4;AP1M1;PRDX6;FUCA2;ADGRE3;FABP5;PRSS2;KRT1;SLC2A5;DYNC1LI1;B4GALT1;SERPINB6;BIN2;ILF2;IST1;MANBA;RAB5B;SLC2A3;ALDOA;ALDH3B1;LPCAT1;TOM1;NAPRT;RHOF;IQGAP2;SURF4;LAMTOR1;YPEL5;MAGT1;RAB5C;PGAM1;PYGL;DNAJC13;KCNAB2;MOSPD2;P2RX1;AGPAT2;PTGES2;RAB14;SERPINB1;TSPAN14;TRPM2;PIGR;ANO6;SLC27A2;CNN2;CAT;HSPA6;PDXK;HMOX2;GDI2;LRG1;CD58;ADAM8;CYB5R3;RAP2C;TOLLIP;PLD1;CPNE3;DPP7;CSNK2B;CRACR2A;STBD1;FRK;HEBP2;CKAP4;PTPRJ;DSC1;RAB18;CANT1;PYGB,0.0108095326957589,1.5491198889815463,GO_Biological_Process_2021,positive,1.5491198889815463,3,GO_Biological_Process_2021::neutrophil degranulation (GO:0043312) | GO_Biological_Process_2021::neutrophil activation involved in immune response (GO:0002283) | GO_Biological_Process_2021::neutrophil mediated immunity (GO:0002446),0.0108095326957589,raw q retained
prerank,GO_Biological_Process_2021::receptor-mediated endocytosis (GO:0006898),0.666142834890872,1.5474070565218587,0.0,0.0109216636931107,0.744,67/90,16.01%,COLEC11;MASP1;AMBP;FPR2;HPX;MX2;CD207;SCARF1;WASF1;CD163;LILRB4;LILRB1;APOL1;MRC1;SAA1;CUBN;MSR1;CLEC9A;MARCO;STAB1;DNM1;VLDLR;COLEC12;HPR;PDLIM7;IGF2R;AP2A2;PPT1;CXCL16;CTSL;STAB2;DAB2;SGIP1;PICALM;HP;LRP3;SPARC;AP2S1;LRP2;CD81;RAB31;AP1G2;SNX1;AMN;SCGB3A2;CLTCL1;CLN3;LDLR;HSPH1;SNX9;AP1S1;FNBP1L;PIP5K1C;DLL1;FCHO2;SFTPD;ACKR3;CLTB;SORL1;AP1G1;M6PR;CAV2;GAK;FCHO1;CLTA;ASGR1;SNAP91,0.0109216636931107,1.5474070565218587,GO_Biological_Process_2021,positive,1.5474070565218587,2,GO_Biological_Process_2021::receptor-mediated endocytosis (GO:0006898) | GO_Biological_Process_2021::clathrin-dependent endocytosis (GO:0072583),0.0109216636931107,raw q retained
prerank,GO_Biological_Process_2021::interferon-gamma-mediated signaling pathway (GO:0060333),0.6932014664265838,1.549376024797882,0.0,0.0109399659346365,0.7295,37/43,23.90%,HLA-DQB2;HLA-DPA1;IFI30;HLA-DQB1;HLA-DRA;HLA-DPB1;CIITA;HLA-DQA1;HLA-DQA2;OAS1;OASL;HLA-C;OAS2;IRF4;HLA-B;OAS3;IRF9;IRF8;GBP1;HLA-F;IRF5;PML;TRIM25;TRIM5;MT2A;TRIM22;IRF2;GBP2;HLA-E;HLA-G;SP100;TRIM21;MID1;CAMK2G;IRF6;TRIM38;TRIM31,0.0109399659346365,1.549376024797882,GO_Biological_Process_2021,positive,1.549376024797882,1,GO_Biological_Process_2021::interferon-gamma-mediated signaling pathway (GO:0060333),0.0109399659346365,raw q retained
prerank,GO_Biological_Process_2021::ephrin receptor signaling pathway (GO:0048013),0.7013760435588593,1.5552043569078409,0.0,0.010963342710698,0.695,34/38,24.32%,SDC2;VAV2;ACTR2;DNM1;PAK1;NCK2;AP2A2;EFNA5;ACTR3;ARPC2;AP2S1;VAV3;KALRN;SDCBP;PAK3;ARPC1B;EFNA3;CDK5R1;ARPC3;NGEF;EFNB3;ARPC5;ARHGEF28;ARPC1A;EFNB1;NCSTN;ARPC4;GIT1;EFNA4;EPHA6;ARHGEF7;TIAM1;APH1B;EFNA1,0.010963342710698,1.5552043569078409,GO_Biological_Process_2021,positive,1.5552043569078409,1,GO_Biological_Process_2021::ephrin receptor signaling pathway (GO:0048013),0.010963342710698,raw q retained
prerank,GO_Biological_Process_2021::regulation of cell size (GO:0008361),0.7625613072542375,1.5539636669031514,0.0015045135406218,0.0109967465212495,0.7035,14/15,22.69%,EDN1;VAV2;PLEK;VAV3;MSN;RDX;MTPN;RARG;LAMTOR5;LAMTOR4;RAP1GAP2;AKT1S1;DEPTOR;SLC9A3R1,0.0109967465212495,1.5539636669031514,GO_Biological_Process_2021,positive,1.5539636669031514,1,GO_Biological_Process_2021::regulation of cell size (GO:0008361),0.0109967465212495,raw q retained
prerank,GO_Biological_Process_2021::positive regulation of endopeptidase activity (GO:0010950),0.7541961141312081,1.5557870114898846,0.001002004008016,0.0110082014655425,0.6885,15/16,24.32%,MEFV;PYCARD;AIM2;PICALM;SERPINB3;EFNA3;NCSTN;PSME2;PSME1;MBP;PSME3;PRELID1;USP50;APH1B;EFNA1,0.0110082014655425,1.5557870114898846,GO_Biological_Process_2021,positive,1.5557870114898846,3,GO_Biological_Process_2021::positive regulation of endopeptidase activity (GO:0010950) | GO_Biological_Process_2021::positive regulation of peptidase activity (GO:0010952) | GO_Biological_Process_2021::regulation of endopeptidase activity (GO:0052548),0.0110082014655425,raw q retained
prerank,GO_Biological_Process_2021::actin filament bundle assembly (GO:0051017),0.7068701688206426,1.5497733032903145,0.0,0.0110366285740908,0.7285,26/31,22.45%,AIF1;ADD2;BAIAP2;DMTN;FAM107A;DPYSL3;CALD1;FSCN2;BAIAP2L2;LCP1;ESPN;RHOD;ESPNL;PLS3;ADD1;NEDD9;PLS1;EPS8;BAIAP2L1;MYO1B;PDXP;FSCN1;CORO1B;MICAL1;LIMA1;PAWR,0.0110366285740908,1.5497733032903145,GO_Biological_Process_2021,positive,1.5497733032903145,2,GO_Biological_Process_2021::actin filament bundle assembly (GO:0051017) | GO_Biological_Process_2021::actin filament bundle organization (GO:0061572),0.0110366285740908,raw q retained
prerank,GO_Biological_Process_2021::Fc-epsilon receptor signaling pathway (GO:0038095),0.7073001768767907,1.5573281625757942,0.0,0.0111337136710154,0.6755,32/34,25.20%,FCER1A;MS4A2;GRAP2;VAV2;LAT;NR4A3;PAK1;PSMA8;PSMB4;NFATC1;VAV3;TAB1;NFATC2;PSMF1;BCL10;PSMD5;LAT2;PSMD9;CARD11;MAP2K7;MAP2K4;PAK2;PPP3CB;PPP3R1;PSME2;TAB3;PSME1;FBXW11;PSME3;PSME4;NFATC3;GAB2,0.0111337136710154,1.5573281625757942,GO_Biological_Process_2021,positive,1.5573281625757942,10,GO_Biological_Process_2021::Fc-epsilon receptor signaling pathway (GO:0038095) | GO_Biological_Process_2021::Fc receptor signaling pathway (GO:0038093) | GO_Biological_Process_2021::cellular response to lectin (GO:1990858) | GO_Biological_Process_2021::stimulatory C-type lectin receptor signaling pathway (GO:0002223) | GO_Biological_Process_2021::antigen receptor-mediated signaling pathway (GO:0050851) | GO_Biological_Process_2021::regulation of cellular ketone metabolic process (GO:0010565) | GO_Biological_Process_2021::interleukin-1-mediated signaling pathway (GO:0070498) | GO_Biological_Process_2021::T cell receptor signaling pathway (GO:0050852) | GO_Biological_Process_2021::regulation of transcription from RNA polymerase II promoter in response to hypoxia (GO:0061418) | GO_Biological_Process_2021::NIK/NF-kappaB signaling (GO:0038061),0.0111337136710154,raw q retained
prerank,GO_Biological_Process_2021::superoxide metabolic process (GO:0006801),0.7301592665110065,1.5455552837643125,0.0,0.0111499761139945,0.753,19/21,21.95%,NCF2;NCF1;NOXO1;NOX5;DUOX1;NCF4;SOD3;DUOX2;CCS;NOXA1;ALOX12;SH3PXD2A;CYBA;PRDX1;PRDX2;ATP7A;NRROS;CYB5R4;SH3PXD2B,0.0111499761139945,1.5455552837643125,GO_Biological_Process_2021,positive,1.5455552837643125,1,GO_Biological_Process_2021::superoxide metabolic process (GO:0006801),0.0111499761139945,raw q retained
prerank,GO_Biological_Process_2021::regulation of interleukin-1 production (GO:0032652),0.8011731745753808,1.5565878465551894,0.0015306122448979,0.0112322118467362,0.6815,10/10,19.92%,MEFV;SAA1;ORM1;TMED10;ORM2;NLRP12;SIRPA;ANXA1;CEACAM1;FOXP1,0.0112322118467362,1.5565878465551894,GO_Biological_Process_2021,positive,1.5565878465551894,4,GO_Biological_Process_2021::regulation of interleukin-1 production (GO:0032652) | GO_Biological_Process_2021::positive regulation of interleukin-1 production (GO:0032732) | GO_Biological_Process_2021::regulation of inflammatory response (GO:0050727) | GO_Biological_Process_2021::regulation of cytokine production (GO:0001817),0.0112322118467362,raw q retained
prerank,GO_Biological_Process_2021::ceramide catabolic process (GO:0046514),0.7547522487395747,1.5439840701610956,0.0,0.0113446074046243,0.762,12/14,13.46%,HEXB;NAGA;HEXA;GM2A;GLA;ASAH2;ASAH1;NEU4;ASAH2B;ACER1;NEU1;ACER2,0.0113446074046243,1.5439840701610956,GO_Biological_Process_2021,positive,1.5439840701610956,3,GO_Biological_Process_2021::ceramide catabolic process (GO:0046514) | GO_Biological_Process_2021::sphingolipid catabolic process (GO:0030149) | GO_Biological_Process_2021::glycosphingolipid metabolic process (GO:0006687),0.0113446074046243,raw q retained
prerank,GO_Biological_Process_2021::collagen fibril organization (GO:0030199),0.6790334438148442,1.543354554293364,0.0,0.011394637380367,0.7655,41/55,15.97%,LUM;LOX;COL12A1;LOXL1;COL10A1;DPT;SERPINH1;ADAMTS2;COL14A1;COL16A1;SERPINF2;BMP1;P3H1;COL8A1;CYP1B1;ADAMTS3;COL9A1;CD151;P4HA2;PLOD2;CRTAP;PLOD1;COL13A1;PLEC;COLGALT1;P4HA3;P3H4;COL9A3;P4HA1;COL8A2;COL27A1;COL17A1;ATP7A;COL26A1;COL4A5;COL9A2;LOXL4;COL21A1;PPIB;NF1;LOXL3,0.011394637380367,1.543354554293364,GO_Biological_Process_2021,positive,1.543354554293364,1,GO_Biological_Process_2021::collagen fibril organization (GO:0030199),0.011394637380367,raw q retained
prerank,GO_Biological_Process_2021::negative regulation of epithelial cell apoptotic process (GO:1904036),0.7372673926555614,1.5418474125581585,0.0,0.0115857304804657,0.7695,15/18,18.06%,CDH5;SERPINB13;GATA2;IL11;TNFAIP3;NUPR1;CAST;TCF7L2;WFS1;TNIP2;PKHD1;KRIT1;NEUROD1;MDK;MAPK7,0.0115857304804657,1.5418474125581585,GO_Biological_Process_2021,positive,1.5418474125581585,2,GO_Biological_Process_2021::negative regulation of epithelial cell apoptotic process (GO:1904036) | GO_Biological_Process_2021::regulation of endothelial cell apoptotic process (GO:2000351),0.0115857304804657,raw q retained
prerank,GO_Biological_Process_2021::negative regulation of blood coagulation (GO:0030195),0.750682627648779,1.5412732367590678,0.00050075112669,0.0116505921569761,0.7745,12/16,6.37%,PROC;PLAUR;F7;EDN1;HRG;CPB2;SERPINB2;SERPINF2;SERPINE2;APOH;THBD;GP1BA,0.0116505921569761,1.5412732367590678,GO_Biological_Process_2021,positive,1.5412732367590678,2,GO_Biological_Process_2021::negative regulation of blood coagulation (GO:0030195) | GO_Biological_Process_2021::regulation of blood coagulation (GO:0030193),0.0116505921569761,raw q retained
prerank,GO_Biological_Process_2021::cholesterol efflux (GO:0033344),0.7475244394758104,1.540876548110418,0.0015045135406218,0.0116668263838038,0.777,12/15,14.12%,APOA2;APOA5;NPC2;APOC2;ABCA7;APOM;APOC1;NPC1;ABCG5;ABCA8;ABCG1;STX12,0.0116668263838038,1.540876548110418,GO_Biological_Process_2021,positive,1.540876548110418,1,GO_Biological_Process_2021::cholesterol efflux (GO:0033344),0.0116668263838038,raw q retained
prerank,GO_Biological_Process_2021::positive regulation of immune effector process (GO:0002699),0.7370995303761841,1.5386332375431109,0.0,0.0118756937232352,0.79,14/18,10.98%,HLA-DRA;HLA-DMB;LILRB1;LBP;CD46;IL12RB1;PHB;IL23R;DDX60;PCK1;MYB;CD81;DHX58;LGALS9,0.0118756937232352,1.5386332375431109,GO_Biological_Process_2021,positive,1.5386332375431109,2,GO_Biological_Process_2021::positive regulation of immune effector process (GO:0002699) | GO_Biological_Process_2021::positive regulation of immune response (GO:0050778),0.0118756937232352,raw q retained
prerank,GO_Biological_Process_2021::positive regulation of T cell proliferation (GO:0042102),0.7198924297857799,1.5395923385266397,0.0005002501250625,0.011882692673816,0.7875,17/24,9.17%,LILRB2;CD209;HLA-DPA1;HLA-DPB1;AIF1;HLA-DMB;NCKAP1L;CD1D;IGFBP2;PYCARD;NCK2;CD46;IL12RB1;CD24;IL23R;ANXA1;IL27RA,0.011882692673816,1.5395923385266397,GO_Biological_Process_2021,positive,1.5395923385266397,3,GO_Biological_Process_2021::positive regulation of T cell proliferation (GO:0042102) | GO_Biological_Process_2021::positive regulation of lymphocyte proliferation (GO:0050671) | GO_Biological_Process_2021::regulation of T cell proliferation (GO:0042129),0.011882692673816,raw q retained
prerank,GO_Biological_Process_2021::regulation of lipoprotein lipase activity (GO:0051004),0.7561437937633241,1.529238955978015,0.0025150905432595,0.0133992654256919,0.8415,10/13,10.21%,APOA5;LIPC;APOC2;APOH;FURIN;APOC1;GPIHBP1;ANGPTL4;ANGPTL8;SORT1,0.0133992654256919,1.529238955978015,GO_Biological_Process_2021,positive,1.529238955978015,3,GO_Biological_Process_2021::regulation of lipoprotein lipase activity (GO:0051004) | GO_Biological_Process_2021::triglyceride homeostasis (GO:0070328) | GO_Biological_Process_2021::acylglycerol homeostasis (GO:0055090),0.0133992654256919,raw q retained
prerank,GO_Biological_Process_2021::regulation of response to cytokine stimulus (GO:0060759),0.765152407767933,1.5273363852493418,0.0015098137896326,0.0134311309437675,0.8495,11/12,18.06%,ELF1;PARP9;IRAK2;CD24;KLF4;CBFB;LIFR;WNT5A;LRRC70;SH2B3;MAPK7,0.0134311309437675,1.5273363852493418,GO_Biological_Process_2021,positive,1.5273363852493418,1,GO_Biological_Process_2021::regulation of response to cytokine stimulus (GO:0060759),0.0134311309437675,raw q retained
prerank,GO_Biological_Process_2021::negative regulation of endothelial cell proliferation (GO:0001937),0.7267877223304173,1.5265231472196847,0.0,0.0134323984624222,0.8545,17/19,23.22%,GHRL;PRL;APOH;NR2F2;SPARC;MEF2C;SULF1;PTPRM;KRIT1;CAV2;RGCC;NF1;TNMD;PDCD10;SYNJ2BP;VASH1;AIMP1,0.0134323984624222,1.5265231472196847,GO_Biological_Process_2021,positive,1.5265231472196847,5,GO_Biological_Process_2021::negative regulation of endothelial cell proliferation (GO:0001937) | GO_Biological_Process_2021::regulation of angiogenesis (GO:0045765) | GO_Biological_Process_2021::negative regulation of angiogenesis (GO:0016525) | GO_Biological_Process_2021::negative regulation of blood vessel morphogenesis (GO:2000181) | GO_Biological_Process_2021::regulation of endothelial cell proliferation (GO:0001936),0.0134323984624222,raw q retained
prerank,GO_Biological_Process_2021::regulation of T cell migration (GO:2000404),0.7844945602152771,1.5261692039249646,0.0015220700152207,0.0134330207682677,0.856,9/10,15.76%,AIF1;PYCARD;DOCK8;SPN;APOD;LRCH1;TNFRSF14;AIRE;CD200R1,0.0134330207682677,1.5261692039249646,GO_Biological_Process_2021,positive,1.5261692039249646,2,GO_Biological_Process_2021::regulation of T cell migration (GO:2000404) | GO_Biological_Process_2021::positive regulation of T cell migration (GO:2000406),0.0134330207682677,raw q retained
prerank,GO_Biological_Process_2021::immune response-regulating cell surface receptor signaling pathway (GO:0002768),0.7802924181404309,1.5251721208346565,0.0045523520485584,0.0134670678270516,0.861,10/10,22.00%,LILRB2;FPR2;LILRB1;NCR3;CD24;MICB;BTLA;HLA-G;PIGR;BAG6,0.0134670678270516,1.5251721208346565,GO_Biological_Process_2021,positive,1.5251721208346565,1,GO_Biological_Process_2021::immune response-regulating cell surface receptor signaling pathway (GO:0002768),0.0134670678270516,raw q retained
prerank,GO_Biological_Process_2021::regulation of lamellipodium assembly (GO:0010591),0.7164785960706237,1.529241087800738,0.0005,0.013484611065346,0.8415,18/23,14.78%,CYFIP1;HRG;NCKAP1;ACTR2;DMTN;ABI3;ACTR3;BRK1;TWF2;WASF2;ARPC2;PLCE1;SLIT2;ABI2;TWF1;AVIL;CAPZB;FSCN1,0.013484611065346,1.529241087800738,GO_Biological_Process_2021,positive,1.529241087800738,3,GO_Biological_Process_2021::regulation of lamellipodium assembly (GO:0010591) | GO_Biological_Process_2021::positive regulation of actin nucleation (GO:0051127) | GO_Biological_Process_2021::positive regulation of lamellipodium organization (GO:1902745),0.013484611065346,raw q retained
prerank,GO_Biological_Process_2021::blood circulation (GO:0008015),0.7055459547254962,1.527348762065802,0.0,0.0135078499956688,0.8495,22/26,22.57%,ACE2;C3AR1;ACTC1;OLR1;EPO;XCL2;SCPEP1;GPX1;SGCG;PLN;ADCY6;GCLC;NPPB;SGCD;EDN3;GCLM;AVPR1A;HTR7;MYOF;TRDN;CYB5R3;HOXB2,0.0135078499956688,1.527348762065802,GO_Biological_Process_2021,positive,1.527348762065802,1,GO_Biological_Process_2021::blood circulation (GO:0008015),0.0135078499956688,raw q retained
prerank,GO_Biological_Process_2021::innate immune response activating cell surface receptor signaling pathway (GO:0002220),0.680986705441981,1.5198842399158137,0.0,0.0143459779215569,0.877,31/44,19.30%,CD209;CLEC7A;FCN1;CLEC4D;KLRC2;CLEC4E;CLEC6A;CLEC4C;LILRA2;CARD9;PAK1;CLEC10A;RELB;PSMA8;PSMB4;ICAM3;ICAM2;CLEC4A;PAK3;TAB1;PSMF1;BCL10;PSMD5;PSMD9;CARD11;PAK2;PSME2;TAB3;PSME1;FBXW11;PSME3,0.0143459779215569,1.5198842399158137,GO_Biological_Process_2021,positive,1.5198842399158137,1,GO_Biological_Process_2021::innate immune response activating cell surface receptor signaling pathway (GO:0002220),0.0143459779215569,raw q retained
prerank,GO_Biological_Process_2021::cell projection assembly (GO:0030031),0.7308624582915453,1.5164638293867336,0.000501002004008,0.0149762824623149,0.8925,12/17,8.84%,PARVA;CYFIP1;SCIN;NCKAP1;NCKAP1L;PARVB;PARVG;RHOH;RHOJ;CAPG;RHOQ;RHOG,0.0149762824623149,1.5164638293867336,GO_Biological_Process_2021,positive,1.5164638293867336,2,GO_Biological_Process_2021::cell projection assembly (GO:0030031) | GO_Biological_Process_2021::cell projection organization (GO:0030030),0.0149762824623149,raw q retained
prerank,GO_Biological_Process_2021::positive regulation of antigen receptor-mediated signaling pathway (GO:0050857),0.7576394361264338,1.5112518024448294,0.0015113350125944,0.0151139380020267,0.9185,12/12,24.28%,TRAT1;NFAM1;CD226;CD81;PRKD2;BCL10;TESPA1;CARD11;RAB29;STAP1;FOXP1;SLC39A10,0.0151139380020267,1.5112518024448294,GO_Biological_Process_2021,positive,1.5112518024448294,2,GO_Biological_Process_2021::positive regulation of antigen receptor-mediated signaling pathway (GO:0050857) | GO_Biological_Process_2021::regulation of T cell receptor signaling pathway (GO:0050856),0.0151139380020267,raw q retained
prerank,GO_Biological_Process_2021::semaphorin-plexin signaling pathway involved in neuron projection guidance (GO:1902285),0.7604850713597757,1.510917796005625,0.0050454086781029,0.0151161856457229,0.92,12/12,23.99%,PLXNA4;PLXNA2;SEMA3A;PLXNA1;PLXND1;PLXNB2;PLXNA3;NRP2;PLXNC1;SEMA3F;PLXNB1;PLXNB3,0.0151161856457229,1.510917796005625,GO_Biological_Process_2021,positive,1.510917796005625,2,GO_Biological_Process_2021::semaphorin-plexin signaling pathway involved in neuron projection guidance (GO:1902285) | GO_Biological_Process_2021::regulation of cell adhesion (GO:0030155),0.0151161856457229,raw q retained
prerank,GO_Biological_Process_2021::positive regulation of glucose import (GO:0046326),0.7570022450613473,1.511686047190662,0.0015075376884422,0.0151897966300047,0.917,11/12,19.27%,ADIPOQ;ITLN1;SORBS1;FGF19;RHOQ;CLTCL1;IRS2;CREBL2;OSBPL8;CAPN10;APPL1,0.0151897966300047,1.511686047190662,GO_Biological_Process_2021,positive,1.511686047190662,3,GO_Biological_Process_2021::positive regulation of glucose import (GO:0046326) | GO_Biological_Process_2021::positive regulation of glucose transmembrane transport (GO:0010828) | GO_Biological_Process_2021::regulation of glucose import (GO:0046324),0.0151897966300047,raw q retained
prerank,GO_Biological_Process_2021::cellular response to molecule of bacterial origin (GO:0071219),0.6650651871357982,1.5128729588422931,0.0,0.0151958175952628,0.9115,46/57,23.61%,CTSG;LILRB2;CXCL5;CARD17;DEFA4;PF4V1;LILRB1;CXCL3;CXCL6;LBP;PYCARD;TICAM2;NLRP7;TNFRSF1B;CD180;PPBP;TNFAIP3;GFI1;SIRPA;TIRAP;PDCD4;IL36RN;CARD16;ZFP36;MEF2C;IL1F10;BCL10;TNIP2;WNT5A;NFKBIL1;NR1D1;IL36G;ZC3H12A;IL37;TICAM1;CHMP5;GIT1;IRGM;TNIP3;STAP1;IL36B;NFKBIB;ANKRD1;SIRT2;DAB2IP;HMGB2,0.0151958175952628,1.5128729588422931,GO_Biological_Process_2021,positive,1.5128729588422931,4,GO_Biological_Process_2021::cellular response to molecule of bacterial origin (GO:0071219) | GO_Biological_Process_2021::response to lipopolysaccharide (GO:0032496) | GO_Biological_Process_2021::cellular response to lipopolysaccharide (GO:0071222) | GO_Biological_Process_2021::positive regulation of myeloid leukocyte cytokine production involved in immune response (GO:0061081),0.0151958175952628,raw q retained
prerank,GO_Biological_Process_2021::regulation of sequestering of triglyceride (GO:0010889),0.7683188700146907,1.5150783800165142,0.0035300050428643,0.0152105733550104,0.901,9/11,17.82%,TREM2;CIDEA;ABHD5;PLIN2;OSBPL11;PNPLA2;PLIN5;OSBPL8;PLIN3,0.0152105733550104,1.5150783800165142,GO_Biological_Process_2021,positive,1.5150783800165142,2,GO_Biological_Process_2021::regulation of sequestering of triglyceride (GO:0010889) | GO_Biological_Process_2021::positive regulation of lipid storage (GO:0010884),0.0152105733550104,raw q retained
prerank,GO_Biological_Process_2021::cardiac muscle cell development (GO:0055013),0.7444582135677582,1.5144575589149405,0.0010025062656641,0.0152199187394729,0.904,14/15,25.24%,MYH11;ACTC1;CSRP3;NKX2-5;MYLK3;PDLIM5;SORBS2;TCAP;SLC8A1;OBSL1;FHOD3;HEY2;ALPK3;CXADR,0.0152199187394729,1.5144575589149405,GO_Biological_Process_2021,positive,1.5144575589149405,2,GO_Biological_Process_2021::cardiac muscle cell development (GO:0055013) | GO_Biological_Process_2021::muscle cell development (GO:0055001),0.0152199187394729,raw q retained
prerank,GO_Biological_Process_2021::glutathione derivative metabolic process (GO:1901685),0.7295759103295871,1.513419251785966,0.0,0.0152280101039058,0.9085,17/18,23.36%,GSTM5;GSTA1;GSTM2;GSTA3;GSTA2;GSTM3;GSTO2;GSTA4;MGST2;MGST1;GSTT2B;GSTM4;GSTO1;MGST3;ESD;AKR1A1;GSTK1,0.0152280101039058,1.513419251785966,GO_Biological_Process_2021,positive,1.513419251785966,3,GO_Biological_Process_2021::glutathione derivative metabolic process (GO:1901685) | GO_Biological_Process_2021::glutathione derivative biosynthetic process (GO:1901687) | GO_Biological_Process_2021::glutathione metabolic process (GO:0006749),0.0152280101039058,raw q retained
prerank,GO_Biological_Process_2021::plasma membrane repair (GO:0001778),0.7530548946636946,1.5124119108388256,0.0020110608345902,0.0152358376194984,0.913,12/13,21.42%,AHNAK2;DYSF;MYH9;ANXA6;TRIM72;RAB3A;MYOF;SYT7;ARL8B;FER1L5;SYTL4;SMPD1,0.0152358376194984,1.5124119108388256,GO_Biological_Process_2021,positive,1.5124119108388256,2,GO_Biological_Process_2021::plasma membrane repair (GO:0001778) | GO_Biological_Process_2021::wound healing (GO:0042060),0.0152358376194984,raw q retained
prerank,GO_Biological_Process_2021::negative regulation of phagocytosis (GO:0050765),0.7708357272596909,1.5145893011971054,0.0025176233635448,0.0152520927261946,0.9035,10/11,19.27%,ADIPOQ;PRTN3;CD300LF;CD300A;DYSF;SIRPA;PLSCR1;SNX3;FER1L5;APPL1,0.0152520927261946,1.5145893011971054,GO_Biological_Process_2021,positive,1.5145893011971054,1,GO_Biological_Process_2021::negative regulation of phagocytosis (GO:0050765),0.0152520927261946,raw q retained
prerank,GO_Biological_Process_2021::peptide cross-linking (GO:0018149),0.711555326932837,1.508264139510774,0.0,0.015425300550169,0.9315,15/21,15.35%,TGM3;ABCA7;SPRR1A;CSTA;TGM2;DSP;IVL;SPRR1B;ANXA1;F13A1;EVPL;PI3;EPB42;KRT1;TGM1,0.015425300550169,1.508264139510774,GO_Biological_Process_2021,positive,1.508264139510774,3,GO_Biological_Process_2021::peptide cross-linking (GO:0018149) | GO_Biological_Process_2021::keratinocyte differentiation (GO:0030216) | GO_Biological_Process_2021::epidermal cell differentiation (GO:0009913),0.015425300550169,raw q retained
prerank,GO_Biological_Process_2021::phosphatidylserine acyl-chain remodeling (GO:0036150),0.7293107977931519,1.5060426837977487,0.00250501002004,0.0158819912377774,0.9395,16/16,27.12%,PLA2G1B;PLA2G2D;PLA2G2F;PLA2G4B;LPCAT4;PLA2G4E;PLA2G4D;OSBPL5;OSBPL10;OSBPL8;MBOAT2;PLA2G4F;MBOAT1;PLA1A;PLA2G12A;LPCAT3,0.0158819912377774,1.5060426837977487,GO_Biological_Process_2021,positive,1.5060426837977487,3,GO_Biological_Process_2021::phosphatidylserine acyl-chain remodeling (GO:0036150) | GO_Biological_Process_2021::phosphatidylserine metabolic process (GO:0006658) | GO_Biological_Process_2021::phosphatidylcholine acyl-chain remodeling (GO:0036151),0.0158819912377774,raw q retained
prerank,GO_Biological_Process_2021::long-chain fatty acid biosynthetic process (GO:0042759),0.7184488890142049,1.5048405161032536,0.001000500250125,0.0159019423371692,0.9415,15/19,14.36%,LTC4S;GSTM2;CYP2C8;ALOX12B;ALOX15B;ALOX15;GSTM4;ASAH2;ALOX12;HPGD;CYP2D6;ASAH2B;ACSBG2;GPX4;ACSBG1,0.0159019423371692,1.5048405161032536,GO_Biological_Process_2021,positive,1.5048405161032536,2,GO_Biological_Process_2021::long-chain fatty acid biosynthetic process (GO:0042759) | GO_Biological_Process_2021::lipoxygenase pathway (GO:0019372),0.0159019423371692,raw q retained
prerank,GO_Biological_Process_2021::positive regulation of signaling receptor activity (GO:2000273),0.756897840790384,1.505137530145077,0.0035246727089627,0.0160144613350713,0.941,10/12,15.55%,EDN1;NCF1;HFE;AREG;SHANK3;ARC;RELN;PARK7;BTC;EPGN,0.0160144613350713,1.505137530145077,GO_Biological_Process_2021,positive,1.505137530145077,1,GO_Biological_Process_2021::positive regulation of signaling receptor activity (GO:2000273),0.0160144613350713,raw q retained
prerank,GO_Biological_Process_2021::positive regulation of inflammatory response (GO:0050729),0.6756241769949999,1.503398300466902,0.0,0.0162094199948026,0.9465,30/38,19.76%,S100A12;S100A8;LBP;CCL1;MGST2;HYAL2;ETS1;PLA2G3;OSM;NLRP12;GRN;NUPR1;IL16;PDCD4;CD81;LILRA5;S100A9;CREB3L3;GPSM3;DDT;NFKBIZ;WNT5A;VAMP8;SNX4;ZBP1;GPR4;NINJ1;TNIP1;MDK;NMI,0.0162094199948026,1.503398300466902,GO_Biological_Process_2021,positive,1.503398300466902,3,GO_Biological_Process_2021::positive regulation of inflammatory response (GO:0050729) | GO_Biological_Process_2021::positive regulation of response to external stimulus (GO:0032103) | GO_Biological_Process_2021::positive regulation of defense response (GO:0031349),0.0162094199948026,raw q retained
prerank,GO_Biological_Process_2021::blood vessel morphogenesis (GO:0048514),0.6996944128822677,1.5015099637077085,0.0005,0.016416470167228,0.9515,23/25,28.17%,LOX;SERPINF2;TGFBR2;CYP1B1;NKX2-5;TGFBR3;SOX18;RASIP1;ID1;HAS2;HES1;GJA5;APELA;CCBE1;STRA6;SOX17;SLC1A1;NF1;HEY2;TBX1;CCM2;AGGF1;PROX1,0.016416470167228,1.5015099637077085,GO_Biological_Process_2021,positive,1.5015099637077085,2,GO_Biological_Process_2021::blood vessel morphogenesis (GO:0048514) | GO_Biological_Process_2021::vasculogenesis (GO:0001570),0.016416470167228,raw q retained
prerank,GO_Biological_Process_2021::regulation of sprouting angiogenesis (GO:1903670),0.7105652025047201,1.499855763083252,0.0005,0.0167276951896162,0.9555,18/20,22.42%,FGF16;CREB3L1;RHOJ;FGF18;S100A1;SMAD1;GLUL;KLF4;DLL1;CEACAM1;EPN2;BMPER;EPN1;ADAMTS9;SEMA6A;KLF2;SYNJ2BP;FUT1,0.0167276951896162,1.499855763083252,GO_Biological_Process_2021,positive,1.499855763083252,1,GO_Biological_Process_2021::regulation of sprouting angiogenesis (GO:1903670),0.0167276951896162,raw q retained
prerank,GO_Biological_Process_2021::positive regulation of smooth muscle cell proliferation (GO:0048661),0.7209264034229217,1.499919648740198,0.0,0.0167942959739965,0.9555,17/18,26.72%,AIF1;IGFBP5;EDN1;SERPINF2;HMOX1;NR4A3;PHB;ERN1;ADAMTS1;MEF2D;ID2;MFN2;CDH13;FOXP1;RBPMS2;LDLRAP1;HES5,0.0167942959739965,1.499919648740198,GO_Biological_Process_2021,positive,1.499919648740198,1,GO_Biological_Process_2021::positive regulation of smooth muscle cell proliferation (GO:0048661),0.0167942959739965,raw q retained
prerank,GO_Biological_Process_2021::ERBB2 signaling pathway (GO:0038128),0.7494527624551267,1.4978608741498936,0.0030135610246107,0.0170186973700954,0.9585,12/12,25.09%,MYOC;MATK;PTPRR;GRB7;NRG1;BTC;NRG4;PTPN12;GAB1;CPNE3;PTPN18;NRG2,0.0170186973700954,1.4978608741498936,GO_Biological_Process_2021,positive,1.4978608741498936,2,GO_Biological_Process_2021::ERBB2 signaling pathway (GO:0038128) | GO_Biological_Process_2021::positive regulation of protein kinase B signaling (GO:0051897),0.0170186973700954,raw q retained
prerank,GO_Biological_Process_2021::negative regulation of T cell activation (GO:0050868),0.6981603153745068,1.4955902668482497,0.0,0.017065749275729,0.9615,24/24,30.26%,LILRB2;PTPN22;VSIG4;LAPTM5;LILRB4;LILRB1;NCKAP1L;ARG1;IL4I1;SPN;FGL1;PLA2G2D;PLA2G2F;IFNL1;SFTPD;CEACAM1;TNFAIP8L2;HLA-G;PAG1;TNFRSF21;VTCN1;DUSP3;LAX1;DLG5,0.017065749275729,1.4955902668482497,GO_Biological_Process_2021,positive,1.4955902668482497,4,GO_Biological_Process_2021::negative regulation of T cell activation (GO:0050868) | GO_Biological_Process_2021::negative regulation of lymphocyte proliferation (GO:0050672) | GO_Biological_Process_2021::negative regulation of lymphocyte activation (GO:0051250) | GO_Biological_Process_2021::negative regulation of T cell proliferation (GO:0042130),0.017065749275729,raw q retained
prerank,GO_Biological_Process_2021::extracellular matrix disassembly (GO:0022617),0.6687385311825954,1.4979376270752267,0.0,0.0170857345172859,0.9585,40/43,31.21%,CTSG;TPSAB1;BMP1;ADAMTS5;NOXO1;MMP10;MMP11;CAPN1;KLK4;MMP16;FURIN;MMP19;CTSL;PRSS1;TIMP1;CTSV;CAPG;LCP1;MMP15;ADAM10;CTRB2;TIMP2;SCUBE3;CAPNS1;ADAMTS4;FLOT1;PRSS2;CAPN2;CAPNS2;KIF9;EXOC8;SH3PXD2B;ADAM8;HTRA1;KLK2;KLK7;KLK5;HPN;TLL2;ADAM15,0.0170857345172859,1.4979376270752267,GO_Biological_Process_2021,positive,1.4979376270752267,2,GO_Biological_Process_2021::extracellular matrix disassembly (GO:0022617) | GO_Biological_Process_2021::cellular component disassembly (GO:0022411),0.0170857345172859,raw q retained
prerank,GO_Biological_Process_2021::macrophage activation (GO:0042116),0.7249345156273924,1.4972458776665474,0.001002004008016,0.0171138592205838,0.959,15/17,21.15%,FPR2;CD93;SLC11A1;AIF1;TREM2;C1QA;TLR1;DYSF;LBP;AZU1;EDN2;FER1L5;NMI;FOXP1;TMEM106A,0.0171138592205838,1.4972458776665474,GO_Biological_Process_2021,positive,1.4972458776665474,1,GO_Biological_Process_2021::macrophage activation (GO:0042116),0.0171138592205838,raw q retained
prerank,GO_Biological_Process_2021::regulation of lipopolysaccharide-mediated signaling pathway (GO:0031664),0.7294257243932645,1.4962371690748393,0.000501002004008,0.0172238326589176,0.9605,13/15,18.65%,LTF;LILRA2;LY86;BMP6;CD180;CD55;TRIB1;CARD8;TRIM5;CARD16;NFKBIL1;SCIMP;SIGIRR,0.0172238326589176,1.4962371690748393,GO_Biological_Process_2021,positive,1.4962371690748393,1,GO_Biological_Process_2021::regulation of lipopolysaccharide-mediated signaling pathway (GO:0031664),0.0172238326589176,raw q retained
prerank,GO_Biological_Process_2021::positive regulation of neuron death (GO:1901216),0.7110936113562861,1.492499644176562,0.00050075112669,0.017919409648258,0.967,16/19,19.92%,C1QA;TLR6;BAX;DDIT3;GRN;PICALM;NUPR1;TFAP2A;CDK5R1;PRNP;DAXX;WNT5A;NF1;SARM1;DDIT4;TFAP2B,0.017919409648258,1.492499644176562,GO_Biological_Process_2021,positive,1.492499644176562,2,GO_Biological_Process_2021::positive regulation of neuron death (GO:1901216) | GO_Biological_Process_2021::positive regulation of neuron apoptotic process (GO:0043525),0.017919409648258,raw q retained
prerank,GO_Biological_Process_2021::extracellular matrix assembly (GO:0085029),0.718914170011316,1.4906266708134162,0.001001001001001,0.0179938885435677,0.9695,11/17,12.62%,MFAP4;MYH11;FBLN5;EFEMP2;EMILIN1;TNXB;LAMB4;HAS2;LTBP3;ATP7A;QSOX1,0.0179938885435677,1.4906266708134162,GO_Biological_Process_2021,positive,1.4906266708134162,1,GO_Biological_Process_2021::extracellular matrix assembly (GO:0085029),0.0179938885435677,raw q retained
prerank,GO_Biological_Process_2021::platelet degranulation (GO:0002576),0.6482095436741953,1.4925278934228856,0.0,0.0179970094882236,0.967,59/72,24.91%,RARRES2;ISLR;TIMP3;ECM1;HRG;RAB27B;AHSG;LHFPL2;SERPINF2;PHACTR2;SRGN;ORM1;ORM2;SERPINA1;APOH;TMSB4X;SPP2;PLEK;TIMP1;PPBP;ACTN4;CTSW;MMRN1;LAMP2;SPARC;ITIH4;F13A1;ITIH3;STXBP2;LGALS3BP;CLEC3B;FERMT3;CHID1;TPH1;SCCPDH;ANXA5;WDR1;PSAP;ACTN2;FAM3C;ABCC4;CD63;TAGLN2;QSOX1;SERPINA3;VTI1B;TF;CD109;APLP2;PCDH7;ALDOA;MANF;TEX264;LEFTY2;SYTL4;STXBP1;TMX3;PDGFA;MAGED2,0.0179970094882236,1.4925278934228856,GO_Biological_Process_2021,positive,1.4925278934228856,2,GO_Biological_Process_2021::platelet degranulation (GO:0002576) | GO_Biological_Process_2021::regulated exocytosis (GO:0045055),0.0179970094882236,raw q retained
prerank,GO_Biological_Process_2021::amyloid fibril formation (GO:1990000),0.6838459782931269,1.4902981259958232,0.0005,0.018011952060204,0.9705,27/30,26.94%,LTF;CALB1;LYZ;SAA1;CST3;PRL;FURIN;TGFBI;RIPK3;ADAM10;SNCAIP;IAPP;TSPAN33;GGA1;GGA2;UBE2L6;SORL1;NCSTN;ITM2B;NPPA;TSPAN14;SIAH1;GGA3;APH1B;USP9X;TSPAN15;SIAH2,0.018011952060204,1.4902981259958232,GO_Biological_Process_2021,positive,1.4902981259958232,1,GO_Biological_Process_2021::amyloid fibril formation (GO:1990000),0.018011952060204,raw q retained
prerank,GO_Biological_Process_2021::positive regulation of vascular endothelial growth factor production (GO:0010575),0.7463080800653512,1.4911057010349873,0.0040221216691804,0.0180453434352839,0.9695,10/12,14.38%,EIF2AK3;C5;GATA4;CYP1B1;ARNT;RORA;SULF2;CXCL17;SULF1;CCBE1,0.0180453434352839,1.4911057010349873,GO_Biological_Process_2021,positive,1.4911057010349873,2,GO_Biological_Process_2021::positive regulation of vascular endothelial growth factor production (GO:0010575) | GO_Biological_Process_2021::regulation of vascular endothelial growth factor production (GO:0010574),0.0180453434352839,raw q retained
prerank,GO_Biological_Process_2021::myeloid cell activation involved in immune response (GO:0002275),0.7560009064612888,1.489022725305905,0.0045408678102926,0.0182021944135287,0.974,10/11,19.80%,DNASE1L3;LILRA2;DYSF;LBP;PYCARD;SLAMF1;DOCK2;FER1L5;NMI;DNASE1,0.0182021944135287,1.489022725305905,GO_Biological_Process_2021,positive,1.489022725305905,1,GO_Biological_Process_2021::myeloid cell activation involved in immune response (GO:0002275),0.0182021944135287,raw q retained
prerank,GO_Biological_Process_2021::blood vessel endothelial cell migration (GO:0043534),0.7310669419373598,1.4853916089429244,0.0020030045067601,0.0189162721251114,0.979,13/15,17.73%,CDH5;EMP2;MYH9;NR4A1;SOX18;ID1;EGR3;ROBO1;SLIT2;SRF;TDGF1;ADTRP;GPLD1,0.0189162721251114,1.4853916089429244,GO_Biological_Process_2021,positive,1.4853916089429244,3,GO_Biological_Process_2021::blood vessel endothelial cell migration (GO:0043534) | GO_Biological_Process_2021::endothelial cell migration (GO:0043542) | GO_Biological_Process_2021::sprouting angiogenesis (GO:0002040),0.0189162721251114,raw q retained
prerank,GO_Biological_Process_2021::regulation of neutrophil chemotaxis (GO:0090022),0.7214481599745715,1.4838340447360754,0.0025012506253126,0.0192087839906688,0.981,15/16,23.94%,NCKAP1L;XCL1;MCU;C5AR2;TIRAP;C1QBP;SLIT2;BST1;MPP1;THBS4;MDK;MOSPD2;DNM1L;JAM3;CAMK1D,0.0192087839906688,1.4838340447360754,GO_Biological_Process_2021,positive,1.4838340447360754,4,GO_Biological_Process_2021::regulation of neutrophil chemotaxis (GO:0090022) | GO_Biological_Process_2021::positive regulation of neutrophil migration (GO:1902624) | GO_Biological_Process_2021::positive regulation of granulocyte chemotaxis (GO:0071624) | GO_Biological_Process_2021::positive regulation of neutrophil chemotaxis (GO:0090023),0.0192087839906688,raw q retained
prerank,GO_Biological_Process_2021::negative regulation of proteolysis (GO:0045861),0.6819623544518334,1.4815466247798903,0.0,0.0197926297931711,0.9835,25/29,26.39%,CST4;TIMP3;ECM1;CST7;CSTA;SERPINE2;CST3;CHAC1;NLRP7;TIMP1;TIMP4;CLN8;CLN3;SERPINB3;TIMP2;SERPINB4;SNX12;PRNP;CSTB;PTPN3;EPPIN;TRIM21;BAG6;EFNA1;TMEM59,0.0197926297931711,1.4815466247798903,GO_Biological_Process_2021,positive,1.4815466247798903,3,GO_Biological_Process_2021::negative regulation of proteolysis (GO:0045861) | GO_Biological_Process_2021::negative regulation of peptidase activity (GO:0010466) | GO_Biological_Process_2021::regulation of peptidase activity (GO:0052547),0.0197926297931711,raw q retained
prerank,GO_Biological_Process_2021::regulation of blood vessel endothelial cell migration (GO:0043535),0.704438695588688,1.4805194201916692,0.0015,0.0198127615616971,0.985,18/20,22.81%,GATA2;HRG;ETS1;TMSB4X;FGF18;JUP;MAP2K3;PRCP;MEF2C;PRKD2;SH3BP1;GADD45A;ANGPT4;RGCC;NF1;VASH1;P2RX4;CSNK2B,0.0198127615616971,1.4805194201916692,GO_Biological_Process_2021,positive,1.4805194201916692,1,GO_Biological_Process_2021::regulation of blood vessel endothelial cell migration (GO:0043535),0.0198127615616971,raw q retained
prerank,GO_Biological_Process_2021::positive regulation of vasculature development (GO:1904018),0.6528157314306633,1.4801262031939213,0.0,0.0198578155231156,0.985,50/55,30.11%,CDH5;SMOC2;CHI3L1;TWIST1;GATA2;ECM1;PTGIS;HMOX1;GATA4;HK2;CYP1B1;HMGA2;HYAL1;ETS1;ADM2;SFRP2;SPHK1;GATA6;HSPB6;GRN;FGF18;JUP;CTSH;PIK3R6;VASH2;ADAM12;ANGPTL4;AQP1;RHOB;PRKD2;MYDGF;APELA;WNT5A;ANXA3;ANGPT4;NINJ1;ZC3H12A;STIM1;BTG1;RAPGEF3;PDCD6;EMC10;HIPK2;GAB1;PDCL3;TMIGD2;AGGF1;NODAL;MTDH;HIPK1,0.0198578155231156,1.4801262031939213,GO_Biological_Process_2021,positive,1.4801262031939213,2,GO_Biological_Process_2021::positive regulation of vasculature development (GO:1904018) | GO_Biological_Process_2021::positive regulation of angiogenesis (GO:0045766),0.0198578155231156,raw q retained
prerank,GO_Biological_Process_2021::positive regulation of cell migration involved in sprouting angiogenesis (GO:0090050),0.7612517508342831,1.4805652275327357,0.0081218274111675,0.0198794374411007,0.985,9/10,17.00%,GATA2;HMOX1;SRPX2;RHOJ;FOXC2;ANXA1;MAP3K3;FGFBP1;PIK3C2A,0.0198794374411007,1.4805652275327357,GO_Biological_Process_2021,positive,1.4805652275327357,2,GO_Biological_Process_2021::positive regulation of cell migration involved in sprouting angiogenesis (GO:0090050) | GO_Biological_Process_2021::positive regulation of blood vessel endothelial cell migration (GO:0043536),0.0198794374411007,raw q retained
prerank,GO_Biological_Process_2021::positive regulation of reactive oxygen species metabolic process (GO:2000379),0.6995649571840064,1.4807031263033692,0.00100150225338,0.0199318086420452,0.985,20/21,27.00%,ACE2;CLEC7A;FPR2;TGFBR2;TLR6;RAB27A;PID1;CYBA;CD177;AKR1C1;ROMO1;GADD45A;F2RL1;ZC3H12A;ADGRB1;AKR1C3;DHRS4;SLC5A3;CBR1;RNF41,0.0199318086420452,1.4807031263033692,GO_Biological_Process_2021,positive,1.4807031263033692,2,GO_Biological_Process_2021::positive regulation of reactive oxygen species metabolic process (GO:2000379) | GO_Biological_Process_2021::regulation of reactive oxygen species metabolic process (GO:2000377),0.0199318086420452,raw q retained
prerank,GO_Biological_Process_2021::regulation of hematopoietic progenitor cell differentiation (GO:1901532),0.6743788615748652,1.4788515954986952,0.001,0.0200259601801683,0.986,33/33,32.66%,GATA1;LMO1;TAL1;GATA2;KITLG;LMO2;LDB1;OSM;PSMA8;PSMB4;MYB;TCF3;TP73;CBFB;TCF12;PSMF1;PSMD5;PSMD9;PSME2;PSME1;PUS7;PSME3;YTHDF2;DHX36;PSME4;FOXC1;SETD1A;ITCH;PDCD2;PSMD10;METTL14;METTL3;MIXL1,0.0200259601801683,1.4788515954986952,GO_Biological_Process_2021,positive,1.4788515954986952,3,GO_Biological_Process_2021::regulation of hematopoietic progenitor cell differentiation (GO:1901532) | GO_Biological_Process_2021::regulation of hematopoietic stem cell differentiation (GO:1902036) | GO_Biological_Process_2021::regulation of stem cell differentiation (GO:2000736),0.0200259601801683,raw q retained
prerank,GO_Biological_Process_2021::cellular response to interleukin-12 (GO:0071349),0.6937935263457581,1.4790493715502455,0.0,0.0200487303644489,0.986,23/23,30.69%,GSTA2;SERPINB2;IL12RB1;CAPZA1;LCP1;SIRPA;ANXA2;IL12RB2;PDCD4;RALA;HNRNPF;MSN;LMNB1;GSTO1;PAK2;PSME2;BOLA2;MTAP;CNN2;HNRNPDL;AIP;PITPNA;CA1,0.0200487303644489,1.4790493715502455,GO_Biological_Process_2021,positive,1.4790493715502455,2,GO_Biological_Process_2021::cellular response to interleukin-12 (GO:0071349) | GO_Biological_Process_2021::interleukin-12-mediated signaling pathway (GO:0035722),0.0200487303644489,raw q retained
prerank,GO_Biological_Process_2021::glucose 6-phosphate metabolic process (GO:0051156),0.7138657950672334,1.476073897290586,0.0020010005002501,0.0203790521907082,0.9885,16/17,26.02%,HK3;HKDC1;GCK;HK2;HK1;PGD;RPEL1;PGM2;TKT;DERA;RPIA;PGM2L1;G6PC3;RPE;RBKS;PGLS,0.0203790521907082,1.476073897290586,GO_Biological_Process_2021,positive,1.476073897290586,1,GO_Biological_Process_2021::glucose 6-phosphate metabolic process (GO:0051156),0.0203790521907082,raw q retained
prerank,GO_Biological_Process_2021::positive regulation of hormone secretion (GO:0046887),0.7464184815358845,1.4761599513247254,0.0090863200403836,0.0205055015076786,0.9885,9/11,21.31%,EDN1;HFE;PLA2G3;C1QTNF3;EDN3;VAMP8;SNX4;NMB;GRP,0.0205055015076786,1.4761599513247254,GO_Biological_Process_2021,positive,1.4761599513247254,1,GO_Biological_Process_2021::positive regulation of hormone secretion (GO:0046887),0.0205055015076786,raw q retained
prerank,GO_Biological_Process_2021::cellular iron ion homeostasis (GO:0006879),0.6597880110955147,1.4720389896066337,0.0,0.0209950644715866,0.9895,35/44,20.26%,SCARA5;SLC11A1;SLC40A1;ATP6V0A2;ACO1;HEPH;LCN2;HMOX1;CYBRD1;SLC39A14;CP;BMP6;ATP6V1A;SLC11A2;HFE;FTH1;CCDC115;FTL;ATP6V0D1;ATP6AP1;IREB2;ALAS2;FXN;CYB561A3;TMEM199;ABCG2;ATP6V1G1;TF;GLRX3;SLC46A1;HEPHL1;BOLA2;HMOX2;NDFIP1;ISCU,0.0209950644715866,1.4720389896066337,GO_Biological_Process_2021,positive,1.4720389896066337,2,GO_Biological_Process_2021::cellular iron ion homeostasis (GO:0006879) | GO_Biological_Process_2021::iron ion homeostasis (GO:0055072),0.0209950644715866,raw q retained
prerank,GO_Biological_Process_2021::positive regulation of T cell differentiation (GO:0045582),0.6795163833888206,1.4712478464244645,0.0,0.0210632776798283,0.99,26/26,32.13%,LILRB2;HLA-DRA;LILRB4;NCKAP1L;CD46;IL4I1;RHOH;IL12RB1;IL23R;VNN1;PCK1;GLI2;GLI3;IHH;TESPA1;HLA-G;MDK;ZBTB1;IL36B;ADAM8;SOX4;DUSP10;TNFSF9;ZMIZ1;SOX12;NKAP,0.0210632776798283,1.4712478464244645,GO_Biological_Process_2021,positive,1.4712478464244645,2,GO_Biological_Process_2021::positive regulation of T cell differentiation (GO:0045582) | GO_Biological_Process_2021::regulation of regulatory T cell differentiation (GO:0045589),0.0210632776798283,raw q retained
prerank,GO_Biological_Process_2021::positive regulation of TOR signaling (GO:0032008),0.6714278718473181,1.4704481014737183,0.0005,0.021157336324535,0.99,27/31,26.61%,TREM2;NCKAP1L;LAMTOR3;RHEB;RRAGB;GPR137B;MIOS;LIN28A;RRAGA;LAMTOR2;SMCR8;RRAGC;RRAGD;RICTOR;LAMTOR5;GOLPH3;KLHL22;LAMTOR1;LAMTOR4;SLC38A9;FLCN;WDR24;SEH1L;WDR59;PIH1D1;TELO2;FNIP1,0.021157336324535,1.4704481014737183,GO_Biological_Process_2021,positive,1.4704481014737183,1,GO_Biological_Process_2021::positive regulation of TOR signaling (GO:0032008),0.021157336324535,raw q retained
prerank,GO_Biological_Process_2021::positive regulation of interleukin-1 beta production (GO:0032731),0.6768208085164201,1.469788167912404,0.0005002501250625,0.0211870608649874,0.991,25/29,22.97%,MNDA;CLEC7A;NLRC4;LILRA2;RIPK2;TLR6;PYCARD;ORM1;AIM2;ORM2;GBP5;NLRP12;LILRA5;AZU1;CARD8;NLRP1;GSDMD;LGALS9;WNT5A;F2RL1;PYDC1;IFI16;TMEM106A;NLRP2;USP50,0.0211870608649874,1.469788167912404,GO_Biological_Process_2021,positive,1.469788167912404,1,GO_Biological_Process_2021::positive regulation of interleukin-1 beta production (GO:0032731),0.0211870608649874,raw q retained
prerank,GO_Biological_Process_2021::myofibril assembly (GO:0030239),0.6684142526230938,1.4704633501898334,0.0,0.0212367825324452,0.99,30/35,25.69%,ACTC1;CSRP2;LMOD1;TMOD4;TNNT3;CSRP3;TPM1;MYLK3;MYOM2;MYH3;MYPN;TNNT1;TMOD3;PGM5;FLII;TCAP;WDR1;KLHL41;MYOZ1;ACTN2;TMOD1;TMOD2;CFLAR;OBSL1;FHOD3;CASQ1;ANKRD1;MYOZ2;KRT19;CAPN3,0.0212367825324452,1.4704633501898334,GO_Biological_Process_2021,positive,1.4704633501898334,4,GO_Biological_Process_2021::myofibril assembly (GO:0030239) | GO_Biological_Process_2021::striated muscle cell development (GO:0055002) | GO_Biological_Process_2021::sarcomere organization (GO:0045214) | GO_Biological_Process_2021::actomyosin structure organization (GO:0031032),0.0212367825324452,raw q retained
prerank,GO_Biological_Process_2021::regulation of integrin-mediated signaling pathway (GO:2001044),0.7437045709948191,1.4692150687555825,0.0060271220492214,0.0213023984889522,0.991,10/12,15.97%,EMP2;LIMS2;DMTN;TIMP1;CD177;LIMS1;BST1;PHACTR4;CD63;LOXL3,0.0213023984889522,1.4692150687555825,GO_Biological_Process_2021,positive,1.4692150687555825,1,GO_Biological_Process_2021::regulation of integrin-mediated signaling pathway (GO:2001044),0.0213023984889522,raw q retained
prerank,GO_Biological_Process_2021::phagolysosome assembly (GO:0001845),0.7484837507267325,1.4652226399412245,0.0060728744939271,0.0223698632941131,0.993,9/10,18.44%,CORO1A;RAB20;RAB7A;RAB7B;CLN3;RAB34;SYT7;ARL8B;RAB14,0.0223698632941131,1.4652226399412245,GO_Biological_Process_2021,positive,1.4652226399412245,1,GO_Biological_Process_2021::phagolysosome assembly (GO:0001845),0.0223698632941131,raw q retained
prerank,GO_Biological_Process_2021::regulation of actin cytoskeleton organization (GO:0032956),0.6402915419025096,1.4640145456644895,0.0,0.0227203741256585,0.994,54/65,26.01%,ARHGDIB;HRG;CORO1A;SIGLEC15;NEB;BAIAP2;DMTN;PAK1;FAM107A;RND3;RHOH;ABI3;EFNA5;F11R;TWF2;RHOD;RHOQ;ESAM;ARHGAP18;BST2;RHOC;PAK3;RHOG;IQGAP3;BST1;RHOB;EPS8;ABL2;TWF1;SH3BP1;RND1;DAPK3;FZD10;RICTOR;TAOK2;DLC1;FSCN1;RHOF;ARHGEF19;IQGAP2;ARHGEF5;MDK;RAPGEF3;TRPM2;ARHGAP35;CELSR1;RND2;ARHGAP44;ARHGDIA;HIP1R;PDGFA;SEMA3E;TAOK1;GRHL3,0.0227203741256585,1.4640145456644895,GO_Biological_Process_2021,positive,1.4640145456644895,3,GO_Biological_Process_2021::regulation of actin cytoskeleton organization (GO:0032956) | GO_Biological_Process_2021::regulation of actin cytoskeleton reorganization (GO:2000249) | GO_Biological_Process_2021::regulation of actin filament-based process (GO:0032970),0.0227203741256585,raw q retained
prerank,GO_Biological_Process_2021::cellular response to amyloid-beta (GO:1904646),0.7507531829592295,1.463097999314369,0.0060821084642676,0.0228491549205087,0.9945,8/10,11.84%,FPR2;TREM2;LGMN;TLR6;SNX6;GRM5;ATP1A3;PRNP,0.0228491549205087,1.463097999314369,GO_Biological_Process_2021,positive,1.463097999314369,2,GO_Biological_Process_2021::cellular response to amyloid-beta (GO:1904646) | GO_Biological_Process_2021::response to amyloid-beta (GO:1904645),0.0228491549205087,raw q retained
prerank,GO_Biological_Process_2021::anterograde synaptic vesicle transport (GO:0048490),0.7096531922469893,1.4598500542629678,0.0060120240480961,0.0235183948288227,0.996,14/15,23.81%,AP3B2;DTNBP1;SNAPIN;AP3D1;BLOC1S6;BLOC1S5;BLOC1S4;BLOC1S2;AP3S1;AP3M2;AP3B1;BLOC1S1;AP3S2;BLOC1S3,0.0235183948288227,1.4598500542629678,GO_Biological_Process_2021,positive,1.4598500542629678,3,GO_Biological_Process_2021::anterograde synaptic vesicle transport (GO:0048490) | GO_Biological_Process_2021::synaptic vesicle transport along microtubule (GO:0099517) | GO_Biological_Process_2021::melanosome organization (GO:0032438),0.0235183948288227,raw q retained
prerank,GO_Biological_Process_2021::negative regulation of catabolic process (GO:0009895),0.6720786335785263,1.4590786400176396,0.0,0.0237256212429529,0.9965,25/29,23.29%,APOA2;CST3;FBP1;CIDEA;APOC1;PHB;AZIN2;NUPR1;CBFA2T3;ACTN3;AZIN1;AGAP2;SNX12;FMN2;RILP;BSCL2;SNX3;IRAK3;ADGRB1;ZDHHC7;GIT1;TIGAR;SIRT2;PIN1;MDM4,0.0237256212429529,1.4590786400176396,GO_Biological_Process_2021,positive,1.4590786400176396,3,GO_Biological_Process_2021::negative regulation of catabolic process (GO:0009895) | GO_Biological_Process_2021::negative regulation of protein catabolic process (GO:0042177) | GO_Biological_Process_2021::negative regulation of ATP metabolic process (GO:1903579),0.0237256212429529,raw q retained
prerank,GO_Biological_Process_2021::peptide hormone secretion (GO:0030072),0.6845019448437666,1.4559377889952625,0.001000500250125,0.0247829925448979,0.9965,19/23,21.69%,EDN1;GHRL;ANXA1;ADCYAP1;VIP;EXOC3L1;CRHR1;LTBP4;EDN3;PARK7;FFAR4;NEUROD1;GHRH;SLC30A8;CYB5R4;PDX1;FAM3B;RIMS2;CAMK2G,0.0247829925448979,1.4559377889952625,GO_Biological_Process_2021,positive,1.4559377889952625,1,GO_Biological_Process_2021::peptide hormone secretion (GO:0030072),0.0247829925448979,raw q retained
prerank,GO_Biological_Process_2021::natural killer cell mediated cytotoxicity (GO:0042267),0.7153677758318739,1.4536205477861368,0.0030090270812437,0.0253961654209211,0.9975,14/14,28.51%,KIR3DL1;ULBP1;CORO1A;ULBP2;ULBP3;KLRF2;CEBPG;MICA;ARL8B;LYST;RAET1E;CLEC2A;RAET1G;PLEKHM2,0.0253961654209211,1.4536205477861368,GO_Biological_Process_2021,positive,1.4536205477861368,2,GO_Biological_Process_2021::natural killer cell mediated cytotoxicity (GO:0042267) | GO_Biological_Process_2021::natural killer cell mediated immunity (GO:0002228),0.0253961654209211,raw q retained
prerank,GO_Biological_Process_2021::regulation of cardiac muscle hypertrophy (GO:0010611),0.7227219935045934,1.4529870751880762,0.0055359838953195,0.0255869907858296,0.998,12/13,27.45%,EDN1;NR4A3;HAND2;LMCD1;SLC9A1;MTPN;PDE9A;GLRX3;MEF2A;RGS2;P2RX4;CAMK2D,0.0255869907858296,1.4529870751880762,GO_Biological_Process_2021,positive,1.4529870751880762,1,GO_Biological_Process_2021::regulation of cardiac muscle hypertrophy (GO:0010611),0.0255869907858296,raw q retained
prerank,GO_Biological_Process_2021::regulation of vascular endothelial growth factor receptor signaling pathway (GO:0030947),0.7089027160395275,1.4524723269610331,0.0025075225677031,0.025671951611746,0.998,13/15,23.56%,MMRN2;EMILIN1;ARNT;TMEM204;PTPN1;PRKD2;EPN2;HGS;TNMD;GRB10;PDCD6;HHEX;DAB2IP,0.025671951611746,1.4524723269610331,GO_Biological_Process_2021,positive,1.4524723269610331,2,GO_Biological_Process_2021::regulation of vascular endothelial growth factor receptor signaling pathway (GO:0030947) | GO_Biological_Process_2021::negative regulation of vascular endothelial growth factor receptor signaling pathway (GO:0030948),0.025671951611746,raw q retained
prerank,GO_Biological_Process_2021::cardiac conduction system development (GO:0003161),0.6972506474518282,1.4517180999797004,0.002,0.0256953955414691,0.9985,15/18,21.84%,GATA4;NKX2-5;GATA6;MAML1;MSX2;SMAD1;MSX1;HEY1;GJA5;NPPB;SMAD5;MSC;NPPA;HEY2;GJB6,0.0256953955414691,1.4517180999797004,GO_Biological_Process_2021,positive,1.4517180999797004,2,GO_Biological_Process_2021::cardiac conduction system development (GO:0003161) | GO_Biological_Process_2021::cardiac muscle tissue development (GO:0048738),0.0256953955414691,raw q retained
prerank,GO_Biological_Process_2021::artery morphogenesis (GO:0048844),0.7042957844649078,1.4518425878196008,0.0035122930255895,0.0257204708805213,0.998,14/16,21.76%,JAG1;LRP2;HPGD;PKD2;NOG;HES1;GJA5;STRA6;NF1;ADAMTS9;FOXF1;HEY2;TFAP2B;TBX1,0.0257204708805213,1.4518425878196008,GO_Biological_Process_2021,positive,1.4518425878196008,2,GO_Biological_Process_2021::artery morphogenesis (GO:0048844) | GO_Biological_Process_2021::aorta morphogenesis (GO:0035909),0.0257204708805213,raw q retained
prerank,GO_Biological_Process_2021::regulation of actin polymerization or depolymerization (GO:0008064),0.6857851627714587,1.4499150182011196,0.0005005005005005,0.0260151683080467,0.9985,18/21,27.44%,PFN3;DBN1;BRK1;ESAM;ARHGAP18;COTL1;PAK3;WDR1;DBNL;SH3BP1;ARHGAP35;FCHSD2;PFN2;LATS1;GBA2;PLEKHG2;HAX1;TMSB4Y,0.0260151683080467,1.4499150182011196,GO_Biological_Process_2021,positive,1.4499150182011196,2,GO_Biological_Process_2021::regulation of actin polymerization or depolymerization (GO:0008064) | GO_Biological_Process_2021::regulation of actin filament polymerization (GO:0030833),0.0260151683080467,raw q retained
prerank,GO_Biological_Process_2021::sterol transport (GO:0015918),0.7061867191267419,1.4500420707426769,0.0010045203415369,0.0260618192132752,0.9985,12/16,12.99%,APOA2;CETP;NPC2;NPC1L1;MSR1;LCAT;STARD3;NPC1;LDLR;ABCG5;ABCA8;OSBPL5,0.0260618192132752,1.4500420707426769,GO_Biological_Process_2021,positive,1.4500420707426769,1,GO_Biological_Process_2021::sterol transport (GO:0015918),0.0260618192132752,raw q retained
prerank,GO_Biological_Process_2021::positive regulation of release of cytochrome c from mitochondria (GO:0090200),0.6787138832833445,1.449494459556597,0.0015,0.0260963220407344,0.9985,20/22,27.42%,PLAUR;BID;FAM162A;PPIF;TNFSF10;BCL2L11;PYCARD;BAX;BIK;PMAIP1;BMF;HRK;CIDEB;BAD;BBC3;BNIP3;DNM1L;PDCD5;GPER1;MFF,0.0260963220407344,1.449494459556597,GO_Biological_Process_2021,positive,1.449494459556597,3,GO_Biological_Process_2021::positive regulation of release of cytochrome c from mitochondria (GO:0090200) | GO_Biological_Process_2021::positive regulation of cysteine-type endopeptidase activity involved in apoptotic process (GO:0043280) | GO_Biological_Process_2021::regulation of release of cytochrome c from mitochondria (GO:0090199),0.0260963220407344,raw q retained
prerank,GO_Biological_Process_2021::response to molecule of bacterial origin (GO:0002237),0.6507819205929257,1.449169563433914,0.0,0.0261546007838748,0.9985,32/41,23.61%,SLC11A1;GGT5;PTPN22;C4B;S100A8;SMAD6;TNFRSF11A;LBP;S100A7;GGT7;GCH1;CD24;IL23R;S100A14;TNFAIP3;TIRAP;IRF5;GGT1;S100A9;SLPI;TRIB1;PRDX3;CYP27B1;LGALS9;MAPKAPK3;IRAK3;PELI1;FOXP1;NOCT;SIRT2;HNRNPA0;HMGB2,0.0261546007838748,1.449169563433914,GO_Biological_Process_2021,positive,1.449169563433914,1,GO_Biological_Process_2021::response to molecule of bacterial origin (GO:0002237),0.0261546007838748,raw q retained
prerank,GO_Biological_Process_2021::sympathetic nervous system development (GO:0048485),0.7332493883282567,1.447334312315537,0.006057546693589,0.0266297614200329,0.9985,10/11,24.68%,SEMA3A;NRP2;SEMA3F;NF1;GDNF;ASCL1;TFAP2B;FZD3;SOX4;INSM1,0.0266297614200329,1.447334312315537,GO_Biological_Process_2021,positive,1.447334312315537,1,GO_Biological_Process_2021::sympathetic nervous system development (GO:0048485),0.0266297614200329,raw q retained
prerank,GO_Biological_Process_2021::regulation of actin filament bundle assembly (GO:0032231),0.7142905502930652,1.446949127847828,0.0040160642570281,0.0267145289867165,0.9985,10/14,12.64%,PFN3;PLEK;SYNPO;SHANK3;VIL1;SLC9A1;RDX;LIMK1;SYNPO2;ASAP3,0.0267145289867165,1.446949127847828,GO_Biological_Process_2021,positive,1.446949127847828,3,GO_Biological_Process_2021::regulation of actin filament bundle assembly (GO:0032231) | GO_Biological_Process_2021::positive regulation of cytoskeleton organization (GO:0051495) | GO_Biological_Process_2021::positive regulation of actin filament bundle assembly (GO:0032233),0.0267145289867165,raw q retained
prerank,GO_Biological_Process_2021::positive regulation of oxidoreductase activity (GO:0051353),0.718564376869848,1.4450625996941202,0.0060422960725075,0.0271166723693352,0.9985,11/13,16.60%,EDN1;POR;ATP7A;FXN;ABL2;EDN3;RFK;PARK7;EDN2;SIRT3;GDNF,0.0271166723693352,1.4450625996941202,GO_Biological_Process_2021,positive,1.4450625996941202,1,GO_Biological_Process_2021::positive regulation of oxidoreductase activity (GO:0051353),0.0271166723693352,raw q retained
prerank,GO_Biological_Process_2021::regulation of cytokine production involved in inflammatory response (GO:1900015),0.6749642467674776,1.4438666598863117,0.0015007503751875,0.0274958553190188,0.999,20/24,21.20%,MEFV;CLEC7A;TREM2;LILRB4;CARD9;TLR6;PYCARD;NLRP7;GBP5;SIRPA;PDCD4;APOD;CHID1;PLD4;ZC3H12A;TICAM1;PLD3;APPL1;IL17D;PER1,0.0274958553190188,1.4438666598863117,GO_Biological_Process_2021,positive,1.4438666598863117,1,GO_Biological_Process_2021::regulation of cytokine production involved in inflammatory response (GO:1900015),0.0274958553190188,raw q retained
prerank,GO_Biological_Process_2021::regulation of interleukin-2 production (GO:0032663),0.685302924671163,1.443247227006517,0.002,0.0276576663801444,0.999,15/20,14.16%,CLEC7A;VSIG4;LAPTM5;LILRB4;IRF4;XCL1;GBP1;TNFAIP3;ANXA1;ZFP36;PRKD2;PRNP;SFTPD;SPTBN1;CARD11,0.0276576663801444,1.443247227006517,GO_Biological_Process_2021,positive,1.443247227006517,1,GO_Biological_Process_2021::regulation of interleukin-2 production (GO:0032663),0.0276576663801444,raw q retained
prerank,GO_Biological_Process_2021::membrane raft organization (GO:0031579),0.7146000519986716,1.4411946070135342,0.007549068948163,0.0280281743754885,0.999,11/13,17.68%,EMP2;ABCA7;PPT1;S100A10;ANXA2;NPC1;CLN3;FLOT2;FLOT1;MYADM;RFTN1,0.0280281743754885,1.4411946070135342,GO_Biological_Process_2021,positive,1.4411946070135342,1,GO_Biological_Process_2021::membrane raft organization (GO:0031579),0.0280281743754885,raw q retained
prerank,GO_Biological_Process_2021::regulation of B cell receptor signaling pathway (GO:0050855),0.7038268301045553,1.4408710071703053,0.0020100502512562,0.0280675151150812,0.999,13/15,24.28%,PTPN22;CD300A;ELF1;NFAM1;PAX5;CD81;CBFB;LPXN;FCRL3;STAP1;FOXP1;ELF2;SLC39A10,0.0280675151150812,1.4408710071703053,GO_Biological_Process_2021,positive,1.4408710071703053,1,GO_Biological_Process_2021::regulation of B cell receptor signaling pathway (GO:0050855),0.0280675151150812,raw q retained
prerank,GO_Biological_Process_2021::antibacterial humoral response (GO:0019731),0.6618491088668171,1.441253474285484,0.0005,0.0280904837969758,0.999,19/29,21.81%,CTSG;CAMP;LTF;RNASE2;DEFA4;RNASE6;ANG;RNASE3;PLA2G1B;SLPI;PLA2G6;PI3;RNASE7;DEFB1;SFTPD;HLA-E;TF;BPIFA1;DMBT1,0.0280904837969758,1.441253474285484,GO_Biological_Process_2021,positive,1.441253474285484,1,GO_Biological_Process_2021::antibacterial humoral response (GO:0019731),0.0280904837969758,raw q retained
prerank,GO_Biological_Process_2021::muscle tissue morphogenesis (GO:0060415),0.718676122931442,1.4372410858653493,0.0060271220492214,0.0285203652586056,0.9995,12/12,28.17%,EFEMP2;ACTC1;MYLK2;NKX2-5;TGFBR3;MYLK;TCAP;HEY2;ANKRD1;TBX1;ZFPM1;PROX1,0.0285203652586056,1.4372410858653493,GO_Biological_Process_2021,positive,1.4372410858653493,1,GO_Biological_Process_2021::muscle tissue morphogenesis (GO:0060415),0.0285203652586056,raw q retained
prerank,GO_Biological_Process_2021::hyaluronan catabolic process (GO:0030214),0.7273207703345249,1.4391535818724237,0.0070351758793969,0.0285268542110061,0.9995,11/12,25.71%,LYVE1;HEXB;HYAL2;HYAL1;HEXA;STAB2;SLC9A1;GUSB;HYAL4;HYAL3;CHP1,0.0285268542110061,1.4391535818724237,GO_Biological_Process_2021,positive,1.4391535818724237,1,GO_Biological_Process_2021::hyaluronan catabolic process (GO:0030214),0.0285268542110061,raw q retained
prerank,GO_Biological_Process_2021::positive regulation of interferon-gamma production (GO:0032729),0.6601315230654186,1.4384304075050678,0.0,0.0285353275545012,0.9995,27/31,27.88%,CLEC7A;HLA-DPA1;SLC11A1;HLA-DPB1;PTPN22;LILRB1;PYCARD;IL12RB1;IL23R;SLAMF6;CD226;IL12RB2;IFNL1;RASGRP1;LGALS9;CEBPG;F2RL1;TXK;SLC7A5;IL27;BTN3A2;EBI3;CD244;BTN3A1;ZFPM1;TRIM27;SCRIB,0.0285353275545012,1.4384304075050678,GO_Biological_Process_2021,positive,1.4384304075050678,1,GO_Biological_Process_2021::positive regulation of interferon-gamma production (GO:0032729),0.0285353275545012,raw q retained
prerank,GO_Biological_Process_2021::negative regulation of chemokine production (GO:0032682),0.7150013678844133,1.4393301807117151,0.0065359477124183,0.028567257258381,0.9995,11/13,18.65%,MEFV;OAS1;LILRB4;OAS3;SIRPA;APOD;C1QTNF3;KLF4;LGALS9;F2RL1;SIGIRR,0.028567257258381,1.4393301807117151,GO_Biological_Process_2021,positive,1.4393301807117151,1,GO_Biological_Process_2021::negative regulation of chemokine production (GO:0032682),0.028567257258381,raw q retained
prerank,GO_Biological_Process_2021::actin nucleation (GO:0045010),0.6852403642967086,1.4372878798175568,0.004,0.0285911341203793,0.9995,17/19,26.21%,SCIN;LMOD1;ACTR2;ACTR3;ARPC2;ARPC1B;ARPC3;ARPC5;ARPC1A;ARPC5L;SPIRE2;ARPC4;IQGAP2;JMY;WHAMM;MAGEL2;TRIM27,0.0285911341203793,1.4372878798175568,GO_Biological_Process_2021,positive,1.4372878798175568,1,GO_Biological_Process_2021::actin nucleation (GO:0045010),0.0285911341203793,raw q retained
prerank,GO_Biological_Process_2021::positive regulation of cell death (GO:0010942),0.6531264162409759,1.4374543265792112,0.0,0.0286054169760958,0.9995,25/34,20.11%,C1QA;SLFN11;RIPK2;HPR;PHB;PICALM;HP;ACOX2;AXIN2;CELF1;SLC6A6;PRODH;HTATIP2;PRNP;DAXX;WNT5A;RARG;ACER2;ZC3H12A;SARM1;DDIT4;CIDEB;AKR1C3;BNIP3;APC,0.0286054169760958,1.4374543265792112,GO_Biological_Process_2021,positive,1.4374543265792112,1,GO_Biological_Process_2021::positive regulation of cell death (GO:0010942),0.0286054169760958,raw q retained
prerank,GO_Biological_Process_2021::primary alcohol catabolic process (GO:0034310),0.7436399346258066,1.4376044306308244,0.0102092904543134,0.0286261360811254,0.9995,9/10,19.39%,SULT1C4;AKR1B10;SULT1B1;HAO1;SULT1E1;SULT1A3;SULT2A1;AKR1C3;SULT1A1,0.0286261360811254,1.4376044306308244,GO_Biological_Process_2021,positive,1.4376044306308244,2,GO_Biological_Process_2021::primary alcohol catabolic process (GO:0034310) | GO_Biological_Process_2021::ethanol metabolic process (GO:0006067),0.0286261360811254,raw q retained
prerank,GO_Biological_Process_2021::renal absorption (GO:0070293),0.7287421236449071,1.4379114491615883,0.0090725806451612,0.0286759530363106,0.9995,10/11,26.51%,HYAL2;HAS2;HNF1A;AKR1C3;KLHL3;SLC9A3R1;SGK1;MAGED2;CLDN4;WNK4,0.0286759530363106,1.4379114491615883,GO_Biological_Process_2021,positive,1.4379114491615883,1,GO_Biological_Process_2021::renal absorption (GO:0070293),0.0286759530363106,raw q retained
prerank,GO_Biological_Process_2021::negative regulation of amyloid precursor protein catabolic process (GO:1902992),0.7227475702653008,1.4350969973328338,0.0100704934541792,0.0291154935701863,0.9995,12/12,27.76%,ABCA7;PICALM;HAP1;FLOT2;BIN1;PRNP;SORL1;RTN3;RTN2;GGA3;PIN1;RTN1,0.0291154935701863,1.4350969973328338,GO_Biological_Process_2021,positive,1.4350969973328338,2,GO_Biological_Process_2021::negative regulation of amyloid precursor protein catabolic process (GO:1902992) | GO_Biological_Process_2021::negative regulation of amyloid-beta formation (GO:1902430),0.0291154935701863,raw q retained
prerank,GO_Biological_Process_2021::positive regulation of B cell proliferation (GO:0030890),0.7127692651127074,1.4357154224646431,0.0080321285140562,0.0291330902922052,0.9995,12/13,23.96%,SASH3;NCKAP1L;TIRAP;CD81;VAV3;NFATC2;BST1;MEF2C;IRS2;FCRL3;GPR183;CD320,0.0291330902922052,1.4357154224646431,GO_Biological_Process_2021,positive,1.4357154224646431,2,GO_Biological_Process_2021::positive regulation of B cell proliferation (GO:0030890) | GO_Biological_Process_2021::regulation of B cell proliferation (GO:0030888),0.0291330902922052,raw q retained
prerank,GO_Biological_Process_2021::regulation of vasculature development (GO:1901342),0.6908424561742947,1.4351695137886704,0.0020010005002501,0.0291825608358757,0.9995,14/17,20.50%,EMP2;HMOX1;ETS1;PLXND1;VASH2;ADGRA2;HTATIP2;KRT1;BMPER;RNH1;NF1;SP100;VASH1;TSPAN12,0.0291825608358757,1.4351695137886704,GO_Biological_Process_2021,positive,1.4351695137886704,1,GO_Biological_Process_2021::regulation of vasculature development (GO:1901342),0.0291825608358757,raw q retained
prerank,GO_Biological_Process_2021::cardiac epithelial to mesenchymal transition (GO:0060317),0.7347604125984286,1.4323336933494035,0.0122075279755849,0.0297192955349882,0.9995,9/10,19.54%,SNAI2;TGFBR3;PDCD4;HAS2;TBX3;HEY1;SPRY1;HEYL;HEY2,0.0297192955349882,1.4323336933494035,GO_Biological_Process_2021,positive,1.4323336933494035,2,GO_Biological_Process_2021::cardiac epithelial to mesenchymal transition (GO:0060317) | GO_Biological_Process_2021::epithelial to mesenchymal transition (GO:0001837),0.0297192955349882,raw q retained
prerank,GO_Biological_Process_2021::positive regulation of chemotaxis (GO:0050921),0.6675364623623257,1.431191760413225,0.001000500250125,0.0297590884151388,0.9995,20/25,22.43%,RARRES2;AIF1;CCL26;F7;SMOC2;TREM2;LGMN;XCL1;STX3;TMSB4X;STX4;PPM1F;PRKD2;EDN3;F2RL1;EDN2;MDK;CDH13;PTN;P2RX4,0.0297590884151388,1.431191760413225,GO_Biological_Process_2021,positive,1.431191760413225,2,GO_Biological_Process_2021::positive regulation of chemotaxis (GO:0050921) | GO_Biological_Process_2021::positive regulation of locomotion (GO:0040017),0.0297590884151388,raw q retained
prerank,GO_Biological_Process_2021::regulation of platelet aggregation (GO:0090330),0.7337505842199392,1.432457181104974,0.0126454223571067,0.0297593431358846,0.9995,7/10,14.30%,SERPINE2;DMTN;PDPN;F11R;ALOX12;CEACAM1;SH2B3,0.0297593431358846,1.432457181104974,GO_Biological_Process_2021,positive,1.432457181104974,1,GO_Biological_Process_2021::regulation of platelet aggregation (GO:0090330),0.0297593431358846,raw q retained
prerank,GO_Biological_Process_2021::manganese ion transport (GO:0006828),0.7212081688704461,1.4309139894348737,0.0105953582240161,0.0297854060526735,0.9995,11/12,22.19%,SLC11A1;SLC39A14;SLC11A2;TRPC4;TRPC6;TRPC3;TRPC1;SLC39A8;TMEM165;ATP2C2;ATP2C1,0.0297854060526735,1.4309139894348737,GO_Biological_Process_2021,positive,1.4309139894348737,2,GO_Biological_Process_2021::manganese ion transport (GO:0006828) | GO_Biological_Process_2021::transition metal ion transport (GO:0000041),0.0297854060526735,raw q retained
prerank,GO_Biological_Process_2021::glycogen biosynthetic process (GO:0005978),0.7132349721991157,1.4327324310740392,0.0060271220492214,0.0298049119567727,0.9995,13/13,28.72%,PER2;GYS1;PPP1R3C;PGM2;PGM1;GYG2;NR1D1;PGM2L1;NHLRC1;GYS2;UGP2;GBE1;GYG1,0.0298049119567727,1.4327324310740392,GO_Biological_Process_2021,positive,1.4327324310740392,2,GO_Biological_Process_2021::glycogen biosynthetic process (GO:0005978) | GO_Biological_Process_2021::glucan biosynthetic process (GO:0009250),0.0298049119567727,raw q retained
prerank,GO_Biological_Process_2021::positive regulation of lipid metabolic process (GO:0045834),0.7347677077232865,1.4292886221158496,0.0101112234580384,0.03013684068591,0.9995,8/10,16.03%,APOA2;ADIPOQ;APOA5;SORBS1;MLXIPL;SCT;SIRT4;CREBL2,0.03013684068591,1.4292886221158496,GO_Biological_Process_2021,positive,1.4292886221158496,2,GO_Biological_Process_2021::positive regulation of lipid metabolic process (GO:0045834) | GO_Biological_Process_2021::positive regulation of biosynthetic process (GO:0009891),0.03013684068591,raw q retained
prerank,GO_Biological_Process_2021::regulation of actin filament depolymerization (GO:0030834),0.728054298008214,1.428478947279384,0.0146464646464646,0.0302269557493775,0.9995,10/11,21.52%,PLEK;CFL2;PLEKHH2;VIL1;MTPN;WDR1;SH3BP1;F2RL1;PDXP;LIMA1,0.0302269557493775,1.428478947279384,GO_Biological_Process_2021,positive,1.428478947279384,1,GO_Biological_Process_2021::regulation of actin filament depolymerization (GO:0030834),0.0302269557493775,raw q retained
prerank,GO_Biological_Process_2021::positive regulation of epithelial to mesenchymal transition (GO:0010718),0.6685371220860994,1.4286475681722457,0.0005005005005005,0.0302332508041964,0.9995,20/24,24.88%,TWIST1;TGFBR2;PDPN;TGFB1I1;BAMBI;DAB2;JAG1;WWTR1;FERMT2;SDCBP;AXIN2;TCF7L2;SERPINB3;ZNF703;GLIPR2;RGCC;MDK;TIAM1;BCL9L;FOXC1,0.0302332508041964,1.4286475681722457,GO_Biological_Process_2021,positive,1.4286475681722457,1,GO_Biological_Process_2021::positive regulation of epithelial to mesenchymal transition (GO:0010718),0.0302332508041964,raw q retained
prerank,GO_Biological_Process_2021::porphyrin-containing compound catabolic process (GO:0006787),0.711338020339691,1.4265933985502337,0.0060271220492214,0.03073668947884,1.0,11/12,23.57%,AMBP;GSTA1;HMOX1;UGT1A1;BLVRB;SLCO1B1;SLCO2B1;ABCG2;BLVRA;HMOX2;SLCO1B3,0.03073668947884,1.4265933985502337,GO_Biological_Process_2021,positive,1.4265933985502337,2,GO_Biological_Process_2021::porphyrin-containing compound catabolic process (GO:0006787) | GO_Biological_Process_2021::heme catabolic process (GO:0042167),0.03073668947884,raw q retained
prerank,GO_Biological_Process_2021::response to cytokine (GO:0034097),0.6148810378104445,1.4255018775916055,0.0,0.0311194357205587,1.0,78/92,29.09%,MEFV;ADIPOQ;TIMP3;SLC11A1;MX2;GGT5;CIITA;IFITM3;CHI3L1;XAF1;IFITM1;TNFRSF11A;LAMP3;DPYSL3;GGT7;RELB;IRAK2;GCH1;CXCL16;SPHK1;TIMP1;IL23R;IKBKE;NLRP12;TIMP4;ANXA1;PML;DDOST;ADAM10;PID1;BST2;ASAH2;ITIH4;GGT1;PTPN5;REL;FOXA2;KYNU;UBD;CYP27B1;TIMP2;IL1RL2;PLSCR1;LIFR;SRF;IL1F10;ALDH1A2;PTPN7;LGALS9;ADAR;NFAT5;PTPN2;CALCOCO2;PTPN9;MAP2K7;MAPKAPK3;IRAK3;IFITM2;IL37;SP100;IL18BP;PTPN14;PTPN12;FOXH1;TRIM21;SIGIRR;IGBP1;SMPD1;PTPN13;LDLRAP1;PTPN18;IFNLR1;HAX1;KHSRP;NUB1;GGT2;ADAM9;KLHL20,0.0311194357205587,1.4255018775916055,GO_Biological_Process_2021,positive,1.4255018775916055,2,GO_Biological_Process_2021::response to cytokine (GO:0034097) | GO_Biological_Process_2021::negative regulation of viral life cycle (GO:1903901),0.0311194357205587,raw q retained
prerank,GO_Biological_Process_2021::zymogen activation (GO:0031638),0.652557161419805,1.4236266202597638,0.0,0.0316032418303072,1.0,25/30,25.99%,C1R;NLRC4;CYFIP2;LGMN;RIPK2;APOH;FURIN;HPR;BAK1;CD5L;CTSL;C1RL;HP;GGT1;CTSH;PRSS3;PGK1;PRSS12;HGFAC;IFI16;CIDEB;BAD;ASPH;KLK2;OMA1,0.0316032418303072,1.4236266202597638,GO_Biological_Process_2021,positive,1.4236266202597638,1,GO_Biological_Process_2021::zymogen activation (GO:0031638),0.0316032418303072,raw q retained
prerank,GO_Biological_Process_2021::adaptive immune response based on somatic recombination of immune receptors built from immunoglobulin superfamily domains (GO:0002460),0.7118388923171414,1.420471539585208,0.0100755667506297,0.0323143978504635,1.0,11/12,22.96%,CD46;PHB;JAG1;MYO1G;CD55;BTN3A3;IL18BP;BACH2;BTN3A2;EBI3;SLA2,0.0323143978504635,1.420471539585208,GO_Biological_Process_2021,positive,1.420471539585208,1,GO_Biological_Process_2021::adaptive immune response based on somatic recombination of immune receptors built from immunoglobulin superfamily domains (GO:0002460),0.0323143978504635,raw q retained
prerank,GO_Biological_Process_2021::defense response to protozoan (GO:0042832),0.7336955638248502,1.421576821894249,0.0147208121827411,0.0323607772410654,1.0,8/10,18.97%,CLEC7A;SLC11A1;BATF;IRF4;GBP4;BATF2;GBP2;LYST,0.0323607772410654,1.421576821894249,GO_Biological_Process_2021,positive,1.421576821894249,1,GO_Biological_Process_2021::defense response to protozoan (GO:0042832),0.0323607772410654,raw q retained
prerank,GO_Biological_Process_2021::positive regulation of extrinsic apoptotic signaling pathway (GO:2001238),0.6943984856755799,1.419511889477983,0.0075075075075075,0.0324906547497424,1.0,14/15,26.03%,BID;TNFSF10;HYAL2;PYCARD;G0S2;PMAIP1;PML;BCL10;CYLD;PAK2;HTRA2;GPER1;SFRP1;DEDD2,0.0324906547497424,1.419511889477983,GO_Biological_Process_2021,positive,1.419511889477983,1,GO_Biological_Process_2021::positive regulation of extrinsic apoptotic signaling pathway (GO:2001238),0.0324906547497424,raw q retained
prerank,GO_Biological_Process_2021::I-kappaB kinase/NF-kappaB signaling (GO:0007249),0.6478918106595084,1.421106715364414,0.0,0.0324955681864733,1.0,26/31,30.19%,RIPK2;TICAM2;RELB;IRAK2;REL;TAB1;BCL3;RNF31;TANK;BCL10;NFKBIL1;PRDX4;CARD11;MAP3K14;SHARPIN;TICAM1;RBCK1;AZI2;TAB3;TBKBP1;TIFA;DAB2IP;NLRC3;NKIRAS2;ERC1;NKIRAS1,0.0324955681864733,1.421106715364414,GO_Biological_Process_2021,positive,1.421106715364414,1,GO_Biological_Process_2021::I-kappaB kinase/NF-kappaB signaling (GO:0007249),0.0324955681864733,raw q retained
prerank,GO_Biological_Process_2021::calcium-mediated signaling using intracellular calcium source (GO:0035584),0.7071183479114758,1.4188826691511578,0.0115461847389558,0.0327071462022691,1.0,12/13,24.01%,DMTN;GPR143;PTGFR;AZU1;DEFB1;GRM5;PRNP;FIS1;BCAP31;TRPM2;ADGRL1;PTPRJ,0.0327071462022691,1.4188826691511578,GO_Biological_Process_2021,positive,1.4188826691511578,2,GO_Biological_Process_2021::calcium-mediated signaling using intracellular calcium source (GO:0035584) | GO_Biological_Process_2021::calcium-mediated signaling (GO:0019722),0.0327071462022691,raw q retained
prerank,GO_Biological_Process_2021::nucleotide-sugar biosynthetic process (GO:0009226),0.6757608933654475,1.4177596081014137,0.001000500250125,0.0327133103667747,1.0,19/19,32.48%,MPI;GFPT2;RENBP;GFPT1;UGDH;GNPDA1;SLC35D1;NAGK;GNPDA2;NANS;GNPNAT1;PMM2;AMDHD2;UGP2;UAP1;PGM3;GMPPB;PMM1;UAP1L1,0.0327133103667747,1.4177596081014137,GO_Biological_Process_2021,positive,1.4177596081014137,2,GO_Biological_Process_2021::nucleotide-sugar biosynthetic process (GO:0009226) | GO_Biological_Process_2021::N-acetylneuraminate metabolic process (GO:0006054),0.0327133103667747,raw q retained
prerank,GO_Biological_Process_2021::regulation of MAP kinase activity (GO:0043405),0.6249935258088037,1.4181950582114913,0.0,0.0327812855166106,1.0,53/59,31.67%,S100A12;ADIPOQ;EDN1;FGF16;CD300A;GH1;HYAL2;CD24;FGF18;IL34;BMP7;TRIB1;PIK3R6;ROBO1;PTPN1;GBA;RASGRP1;SPRY1;EDN3;TRIB3;LIME1;DUSP1;SORL1;UCHL1;PDGFD;SH2B3;HGS;SNF8;IRAK3;EPGN;NEK10;NF1;RGS14;SPRY4;CBLC;PDGFC;RGS2;PDCD10;SMPD1;ADAM8;DAB2IP;PDGFA;PTPRJ;KSR1;STK38;DIRAS1;PAQR3;TRIB2;CDK5RAP3;TENM1;SPRY2;DUSP7;HTR2B,0.0327812855166106,1.4181950582114913,GO_Biological_Process_2021,positive,1.4181950582114913,2,GO_Biological_Process_2021::regulation of MAP kinase activity (GO:0043405) | GO_Biological_Process_2021::negative regulation of MAP kinase activity (GO:0043407),0.0327812855166106,raw q retained
prerank,GO_Biological_Process_2021::epiboly involved in wound healing (GO:0090505),0.7335840005738138,1.418331066247104,0.0151821862348178,0.0327818192272783,1.0,9/10,24.15%,PDPN;CD151;TOR1A;LCP1;RHOC;CEACAM1;PDCD10;ARHGAP35;DDR1,0.0327818192272783,1.418331066247104,GO_Biological_Process_2021,positive,1.418331066247104,1,GO_Biological_Process_2021::epiboly involved in wound healing (GO:0090505),0.0327818192272783,raw q retained
prerank,GO_Biological_Process_2021::mononuclear cell differentiation (GO:1903131),0.6982261360561199,1.417922638571529,0.0085427135678391,0.0328243479472296,1.0,11/14,19.06%,TREM2;LILRB1;MYH9;MT1G;IRF8;RELB;BATF3;IKZF1;IFI16;THOC5;TRPM2,0.0328243479472296,1.417922638571529,GO_Biological_Process_2021,positive,1.417922638571529,1,GO_Biological_Process_2021::mononuclear cell differentiation (GO:1903131),0.0328243479472296,raw q retained
prerank,GO_Biological_Process_2021::regulation of Rho protein signal transduction (GO:0035023),0.6258095701435924,1.4183554943680006,0.0,0.0328633915166481,1.0,42/54,26.92%,ARHGDIB;GPR65;MYOC;RASIP1;F11R;EPS8L2;ROBO1;LPAR6;EPS8;ABL2;LPAR1;ARHGEF28;KANK2;F2RL1;GPR4;LPAR4;HEG1;NET1;DLC1;STARD8;AKAP13;RALBP1;GPR18;ARHGEF2;PDCD10;OPHN1;KCTD10;ARHGAP35;ADGRG1;FLCN;KANK1;F2RL2;GPR35;TNFAIP1;EPS8L1;ARHGEF3;ARHGDIA;MYO9B;RTN4R;KCTD13;GPR55;STMN1,0.0328633915166481,1.4183554943680006,GO_Biological_Process_2021,positive,1.4183554943680006,2,GO_Biological_Process_2021::regulation of Rho protein signal transduction (GO:0035023) | GO_Biological_Process_2021::negative regulation of Rho protein signal transduction (GO:0035024),0.0328633915166481,raw q retained
prerank,GO_Biological_Process_2021::regulation of endothelial cell migration (GO:0010594),0.6269851201517567,1.4167380714594031,0.0,0.0330212352953649,1.0,41/50,24.76%,SMOC2;EDN1;EMP2;APOH;ETS1;RHOJ;NR2F2;FOXC2;GRN;SPARC;GLUL;PRCP;SLIT2;RHOB;PRKD2;TDGF1;SH3BP1;WNT5A;CEACAM1;ANXA3;ANGPT4;PTPRM;KRIT1;ZC3H12A;NRP2;ADGRB1;BMPER;NF1;ADAMTS9;SP100;GPLD1;RIN2;PDCD6;SYNJ2BP;FOXP1;VASH1;PTN;EMC10;FUT1;DAB2IP;SVBP,0.0330212352953649,1.4167380714594031,GO_Biological_Process_2021,positive,1.4167380714594031,3,GO_Biological_Process_2021::regulation of endothelial cell migration (GO:0010594) | GO_Biological_Process_2021::negative regulation of endothelial cell migration (GO:0010596) | GO_Biological_Process_2021::negative regulation of epithelial cell migration (GO:0010633),0.0330212352953649,raw q retained
prerank,GO_Biological_Process_2021::positive regulation of nitric oxide metabolic process (GO:1904407),0.7032897850174683,1.4139568366157342,0.0095381526104417,0.0337473219536544,1.0,12/13,25.51%,CLEC7A;EDN1;TLR6;AGXT2;ASS1;KLF4;PKD2;DDAH2;KLF2;TMEM106A;P2RX4;DDAH1,0.0337473219536544,1.4139568366157342,GO_Biological_Process_2021,positive,1.4139568366157342,3,GO_Biological_Process_2021::positive regulation of nitric oxide metabolic process (GO:1904407) | GO_Biological_Process_2021::regulation of nitric oxide biosynthetic process (GO:0045428) | GO_Biological_Process_2021::positive regulation of nitric oxide biosynthetic process (GO:0045429),0.0337473219536544,raw q retained
prerank,GO_Biological_Process_2021::early endosome to Golgi transport (GO:0034498),0.7181193363393599,1.41442178466782,0.0151133501259445,0.033781921014064,1.0,11/11,28.22%,LMAN1;SNX1;SNX2;EHD3;RAB6A;STX10;TMED9;SURF4;SNX8;RBSN;TRAPPC10,0.033781921014064,1.41442178466782,GO_Biological_Process_2021,positive,1.41442178466782,1,GO_Biological_Process_2021::early endosome to Golgi transport (GO:0034498),0.033781921014064,raw q retained
prerank,GO_Biological_Process_2021::pyrimidine-containing compound catabolic process (GO:0072529),0.696713333324797,1.4140012992784805,0.0105368790767686,0.0338140543436007,1.0,13/14,25.17%,NT5C1A;UPP2;DPYSL3;UPB1;TET2;NT5C3A;UPP1;DPYS;NT5C;CRMP1;DPYSL4;NT5M;DPYSL2,0.0338140543436007,1.4140012992784805,GO_Biological_Process_2021,positive,1.4140012992784805,1,GO_Biological_Process_2021::pyrimidine-containing compound catabolic process (GO:0072529),0.0338140543436007,raw q retained
prerank,GO_Biological_Process_2021::positive regulation of bone mineralization (GO:0030501),0.6648111684555232,1.4140432998090031,0.0025012506253126,0.0338811407515308,1.0,18/22,24.02%,TMEM119;LTF;FBN2;BMP6;BMP7;BMPR1B;TFAP2A;MEF2C;KL;PKDCC;SLC8A1;ATRAID;ANO6;PTN;OSR1;WNT4;ATP2B1;FZD9,0.0338811407515308,1.4140432998090031,GO_Biological_Process_2021,positive,1.4140432998090031,4,GO_Biological_Process_2021::positive regulation of bone mineralization (GO:0030501) | GO_Biological_Process_2021::positive regulation of ossification (GO:0045778) | GO_Biological_Process_2021::regulation of osteoblast differentiation (GO:0045667) | GO_Biological_Process_2021::positive regulation of osteoblast differentiation (GO:0045669),0.0338811407515308,raw q retained
prerank,GO_Biological_Process_2021::negative regulation of endopeptidase activity (GO:0010951),0.6275872818790533,1.4110233223331714,0.0,0.0347217891576813,1.0,30/48,19.33%,LTF;TIMP3;SERPINB13;ANXA8;SERPINH1;HRG;SERPINF1;AHSG;SERPINB2;SERPINF2;SERPINE2;SERPINA1;TIMP1;TIMP4;SERPINA5;SERPIND1;RECK;SPOCK2;SERPINB3;SERPINB10;TIMP2;SERPINB4;BIN1;SERPINA3;SORL1;SERPINB6;SERPINB9;IFI16;SERPINB1;SERPINB5,0.0347217891576813,1.4110233223331714,GO_Biological_Process_2021,positive,1.4110233223331714,1,GO_Biological_Process_2021::negative regulation of endopeptidase activity (GO:0010951),0.0347217891576813,raw q retained
prerank,GO_Biological_Process_2021::negative regulation of signaling (GO:0023057),0.6856902284973585,1.4082344616782907,0.006516290726817,0.0356544520904415,1.0,10/15,11.19%,ADIPOQ;TRAT1;IGFBP3;IL11;LIF;OSM;NLRP12;OPTN;PTPN1;UBASH3B,0.0356544520904415,1.4082344616782907,GO_Biological_Process_2021,positive,1.4082344616782907,2,GO_Biological_Process_2021::negative regulation of signaling (GO:0023057) | GO_Biological_Process_2021::negative regulation of cell communication (GO:0010648),0.0356544520904415,raw q retained
prerank,GO_Biological_Process_2021::peptidyl-asparagine modification (GO:0018196),0.6423783025894935,1.4078211046251743,0.0,0.035691324733988,1.0,31/31,35.85%,DAD1;RPN2;MCFD2;OSTC;RPN1;LMAN1;DDOST;TUSC3;MGAT1;ASGR2;UBE2J1;ASGR1;FUT8;MAGT1;OST4;DERL3;UGGT1;STT3B;B4GALNT2;MGAT2;ST6GAL1;ALG5;MGAT5;NUDT14;ALG8;DPM2;UGGT2;DPM1;STT3A;HIF1AN;DPM3,0.035691324733988,1.4078211046251743,GO_Biological_Process_2021,positive,1.4078211046251743,2,GO_Biological_Process_2021::peptidyl-asparagine modification (GO:0018196) | GO_Biological_Process_2021::protein N-linked glycosylation via asparagine (GO:0018279),0.035691324733988,raw q retained
prerank,GO_Biological_Process_2021::C21-steroid hormone metabolic process (GO:0008207),0.6895756009878574,1.4073584873783358,0.0105263157894736,0.0358522154534739,1.0,13/15,21.34%,CYP11A1;STAR;STARD3;DHRS2;FDX1;AKR1C1;STARD3NL;AKR1C4;FDXR;AKR1C3;DHRS9;HSD17B10;AKR1C2,0.0358522154534739,1.4073584873783358,GO_Biological_Process_2021,positive,1.4073584873783358,1,GO_Biological_Process_2021::C21-steroid hormone metabolic process (GO:0008207),0.0358522154534739,raw q retained
prerank,GO_Biological_Process_2021::regulation of cell adhesion mediated by integrin (GO:0033628),0.6891282455449013,1.4060336934191084,0.0055137844611528,0.0360560572161001,1.0,15/15,31.13%,HRG;NCKAP1L;SNAI2;CYP1B1;SFRP2;LIF;FOXC2;FERMT3;ACER2;JAM3;TESC;EFNA1;ITGB1BP1;ADAM9;CIB1,0.0360560572161001,1.4060336934191084,GO_Biological_Process_2021,positive,1.4060336934191084,1,GO_Biological_Process_2021::regulation of cell adhesion mediated by integrin (GO:0033628),0.0360560572161001,raw q retained
prerank,GO_Biological_Process_2021::negative regulation of MAPK cascade (GO:0043409),0.6166330881350968,1.4065996898993054,0.0,0.0360595763241959,1.0,55/65,31.60%,ADIPOQ;TIMP3;FBLN1;EMILIN1;LILRB4;CD300A;ABCA7;HYAL2;GBP1;PHB;SIRPA;BMP7;DUSP6;PTPN1;GBA;PTPRR;DUSP9;SPRY1;DAG1;DUSP1;PTPN2;SORL1;UCHL1;SH2B3;IRAK3;SPRED1;TNIP1;NF1;RGS14;SPRY4;CBLC;SEMA6A;RGS2;DUSP4;SYNJ2BP;FLCN;IGBP1;SMPD1;PIN1;SLC9A3R1;DAB2IP;LMO3;PEBP1;PTPRJ;DUSP10;DUSP3;GPER1;STK38;SPRED2;ITGB1BP1;PAQR3;CDK5RAP3;PSMD10;SPRY2;DUSP7,0.0360595763241959,1.4065996898993054,GO_Biological_Process_2021,positive,1.4065996898993054,2,GO_Biological_Process_2021::negative regulation of MAPK cascade (GO:0043409) | GO_Biological_Process_2021::negative regulation of ERK1 and ERK2 cascade (GO:0070373),0.0360595763241959,raw q retained
prerank,GO_Biological_Process_2021::regulation of cardiac muscle cell proliferation (GO:0060043),0.7191822798108912,1.4061778500927349,0.0131979695431472,0.0360762138075516,1.0,10/10,28.11%,TGFBR3;RBP4;GLI1;TBX5;TP73;NOG;MEF2C;VGLL4;ZFPM2;TBX2,0.0360762138075516,1.4061778500927349,GO_Biological_Process_2021,positive,1.4061778500927349,1,GO_Biological_Process_2021::regulation of cardiac muscle cell proliferation (GO:0060043),0.0360762138075516,raw q retained
prerank,GO_Biological_Process_2021::regulation of cytosolic calcium ion concentration (GO:0051480),0.6107554061690244,1.4062539903458813,0.0,0.0361370859072438,1.0,58/75,26.80%,FPR1;FPR2;FPR3;C3AR1;CALB1;EDN1;XCR1;SAA1;CCR10;GHRL;CCL1;CMKLR1;CD24;C5AR2;CALCB;ACKR4;CD55;CCRL2;PLCZ1;PTGFR;PTGIR;PLN;ADCYAP1;PLCE1;CALB2;IAPP;CLN3;TRPC4;TAC1;ACKR2;LPAR2;TRPC6;ABL2;SCGN;TRPC3;TRPC1;ACKR3;WNT5A;LPAR1;LPAR3;SLC8A1;F2RL1;CAV2;WBP2NL;FIS1;EDN2;NPTN;BCAP31;ATP2B2;ATP2B3;GPR35;SLC35G1;HCRTR1;ATP2B1;FZD9;HCRTR2;GPER1;SLC8B1,0.0361370859072438,1.4062539903458813,GO_Biological_Process_2021,positive,1.4062539903458813,1,GO_Biological_Process_2021::regulation of cytosolic calcium ion concentration (GO:0051480),0.0361370859072438,raw q retained
prerank,GO_Biological_Process_2021::vesicle transport along actin filament (GO:0030050),0.6748193977307982,1.4056943467360423,0.0060120240480961,0.0361506258496738,1.0,12/18,12.84%,MYO1C;MYO7A;MYO1F;ACTN4;MYO1G;MYO5B;MYO1A;MYO5C;MYO15A;FNBP1L;MYO6;MYO1B,0.0361506258496738,1.4056943467360423,GO_Biological_Process_2021,positive,1.4056943467360423,1,GO_Biological_Process_2021::vesicle transport along actin filament (GO:0030050),0.0361506258496738,raw q retained
prerank,GO_Biological_Process_2021::positive regulation of epithelial cell apoptotic process (GO:1904037),0.704360388757552,1.4050762789730145,0.01157523905385,0.0361827159027363,1.0,12/12,29.60%,PLA2R1;ECSCR;SFRP4;CD160;PLA2G1B;PDCD4;HLA-G;RGCC;AKR1C3;ANO6;GPER1;PIAS4,0.0361827159027363,1.4050762789730145,GO_Biological_Process_2021,positive,1.4050762789730145,1,GO_Biological_Process_2021::positive regulation of epithelial cell apoptotic process (GO:1904037),0.0361827159027363,raw q retained
prerank,GO_Biological_Process_2021::regulation of natural killer cell mediated cytotoxicity (GO:0042269),0.6672703654793495,1.4052185736575813,0.004,0.0361917078239625,1.0,17/20,22.89%,KIR2DL4;KLRC2;LILRB1;NCR3;CD160;HLA-F;SLAMF6;CD226;PIK3R6;RASGRP1;LGALS9;AP1G1;HLA-E;HLA-G;MICA;PVR;RAET1E,0.0361917078239625,1.4052185736575813,GO_Biological_Process_2021,positive,1.4052185736575813,2,GO_Biological_Process_2021::regulation of natural killer cell mediated cytotoxicity (GO:0042269) | GO_Biological_Process_2021::positive regulation of natural killer cell mediated immunity (GO:0002717),0.0361917078239625,raw q retained
prerank,GO_Biological_Process_2021::cellular protein catabolic process (GO:0044257),0.6301050756544518,1.4046943428904828,0.0005,0.0362797696944759,1.0,35/41,26.94%,GZMA;LGMN;TCIRG1;VLDLR;CTSZ;AP2A2;CPA2;CTSL;CTSB;RAB7A;ADAMTS7;CTSV;CTSW;AP2S1;ADAMTS12;CTSF;CTSH;MYLIP;CTSO;CAPN2;CLTA;BNIP3L;RNF5;SPATA18;YME1L1;BNIP3;CLPP;RAB12;DENND3;UBE2G2;IDE;HTRA2;DAB2IP;RNF123;SIAH2,0.0362797696944759,1.4046943428904828,GO_Biological_Process_2021,positive,1.4046943428904828,1,GO_Biological_Process_2021::cellular protein catabolic process (GO:0044257),0.0362797696944759,raw q retained
prerank,GO_Biological_Process_2021::regulation of granulocyte chemotaxis (GO:0071622),0.7007948503801954,1.403266751298368,0.0135610246107483,0.0367252601623367,1.0,11/12,23.94%,RARRES2;S100A7;CMKLR1;S100A14;IL34;BST1;MPP1;CXCL17;MDK;JAM3;CAMK1D,0.0367252601623367,1.403266751298368,GO_Biological_Process_2021,positive,1.403266751298368,2,GO_Biological_Process_2021::regulation of granulocyte chemotaxis (GO:0071622) | GO_Biological_Process_2021::regulation of mononuclear cell migration (GO:0071675),0.0367252601623367,raw q retained
prerank,GO_Biological_Process_2021::B cell receptor signaling pathway (GO:0050853),0.6827757589416149,1.4024929821572314,0.0080160320641282,0.0368287557234854,1.0,12/15,17.68%,MNDA;NCKAP1L;BAX;NFAM1;CD79A;VAV3;BLNK;NFATC2;MEF2C;LIME1;LAT2;RFTN1,0.0368287557234854,1.4024929821572314,GO_Biological_Process_2021,positive,1.4024929821572314,1,GO_Biological_Process_2021::B cell receptor signaling pathway (GO:0050853),0.0368287557234854,raw q retained
prerank,GO_Biological_Process_2021::regulation of hormone secretion (GO:0046883),0.701254829765766,1.4021133252393794,0.0095766129032258,0.0369421805174821,1.0,8/12,11.66%,EDN1;IL11;LIF;OSM;ANXA1;SNX6;VAMP3;EDN3,0.0369421805174821,1.4021133252393794,GO_Biological_Process_2021,positive,1.4021133252393794,1,GO_Biological_Process_2021::regulation of hormone secretion (GO:0046883),0.0369421805174821,raw q retained
prerank,GO_Biological_Process_2021::immune response-activating cell surface receptor signaling pathway (GO:0002429),0.6863147271363378,1.401957884531055,0.011011011011011,0.0369450056683149,1.0,13/15,22.96%,FPR1;FPR2;FPR3;C3AR1;NCR3;LILRA2;CMKLR1;C5AR2;MICB;SPG21;GPLD1;BAG6;SLA2,0.0369450056683149,1.401957884531055,GO_Biological_Process_2021,positive,1.401957884531055,1,GO_Biological_Process_2021::immune response-activating cell surface receptor signaling pathway (GO:0002429),0.0369450056683149,raw q retained
prerank,GO_Biological_Process_2021::negative regulation of B cell activation (GO:0050869),0.6950047988133317,1.401387012713717,0.0105368790767686,0.0370954142199144,1.0,12/13,25.84%,MNDA;LAPTM5;CD300A;SAMSN1;TNFAIP3;FOXJ1;TNFRSF13B;BANK1;ID2;TNFRSF21;INHA;SFRP1,0.0370954142199144,1.401387012713717,GO_Biological_Process_2021,positive,1.401387012713717,1,GO_Biological_Process_2021::negative regulation of B cell activation (GO:0050869),0.0370954142199144,raw q retained
prerank,GO_Biological_Process_2021::natural killer cell activation (GO:0030101),0.6746503926426987,1.40097385891786,0.0050125313283208,0.0372070948064719,1.0,13/17,23.27%,ULBP1;NCR3;PBX1;ULBP2;ULBP3;PRDX1;RASGRP1;SNX27;NFIL3;IL21R;CD244;BAG6;IFNE,0.0372070948064719,1.40097385891786,GO_Biological_Process_2021,positive,1.40097385891786,1,GO_Biological_Process_2021::natural killer cell activation (GO:0030101),0.0372070948064719,raw q retained
prerank,GO_Biological_Process_2021::negative regulation of leukocyte chemotaxis (GO:0002689),0.7168442689444398,1.3992849751960303,0.015205271160669,0.0372974263563412,1.0,8/10,18.92%,C5;RIN3;NBL1;DDT;SLIT2;SLAMF8;DUSP1;STAP1,0.0372974263563412,1.3992849751960303,GO_Biological_Process_2021,positive,1.3992849751960303,1,GO_Biological_Process_2021::negative regulation of leukocyte chemotaxis (GO:0002689),0.0372974263563412,raw q retained
prerank,GO_Biological_Process_2021::atrioventricular valve morphogenesis (GO:0003181),0.6952947005452423,1.400303873840712,0.0151438667339727,0.0373099457057213,1.0,11/12,24.32%,TGFBR2;GATA4;SMAD6;HEY1;HEYL;SLIT3;HEY2;MDM4;ZFPM1;SOX4;EFNA1,0.0373099457057213,1.400303873840712,GO_Biological_Process_2021,positive,1.400303873840712,1,GO_Biological_Process_2021::atrioventricular valve morphogenesis (GO:0003181),0.0373099457057213,raw q retained
prerank,GO_Biological_Process_2021::diol metabolic process (GO:0034311),0.6955780343660853,1.3995329720627745,0.0095525389643036,0.0374268779512404,1.0,12/13,24.95%,PRKG2;GCH1;SPHK1;ASAH2;GCHFR;SGPP2;SPHK2;NAAA;PTS;DEGS2;SPR;SGPP1,0.0374268779512404,1.3995329720627745,GO_Biological_Process_2021,positive,1.3995329720627745,1,GO_Biological_Process_2021::diol metabolic process (GO:0034311),0.0374268779512404,raw q retained
prerank,GO_Biological_Process_2021::positive regulation of syncytium formation by plasma membrane fusion (GO:0060143),0.710721008624086,1.3996889970369848,0.0146390711761736,0.0374468544737623,1.0,11/11,28.96%,DCSTAMP;TREM2;CD53;EHD2;CAMK1;FLOT1;ADGRB1;EHD1;RAPGEF3;SCGB3A1;ADAM9,0.0374468544737623,1.3996889970369848,GO_Biological_Process_2021,positive,1.3996889970369848,1,GO_Biological_Process_2021::positive regulation of syncytium formation by plasma membrane fusion (GO:0060143),0.0374468544737623,raw q retained
prerank,GO_Biological_Process_2021::response to alcohol (GO:0097305),0.7128615518261534,1.3975179099011692,0.0181634712411705,0.0379471467240364,1.0,7/11,11.63%,TGFBR2;ADH7;ADH6;TGFBR3;SLIT2;SLIT3;SDF4,0.0379471467240364,1.3975179099011692,GO_Biological_Process_2021,positive,1.3975179099011692,1,GO_Biological_Process_2021::response to alcohol (GO:0097305),0.0379471467240364,raw q retained
prerank,GO_Biological_Process_2021::endoplasmic reticulum to Golgi vesicle-mediated transport (GO:0006888),0.5924183338608485,1.397529778751869,0.0,0.0380319152562357,1.0,130/150,32.97%,PROC;F7;BGLAP;TICAM2;TMED10;CTSZ;SERPINA1;LMAN1L;MCFD2;CAPZA1;AREG;LMAN1;CD55;KDELR3;CAPZA2;SPTAN1;SPTB;VAPB;VAPA;SPTBN2;COPZ2;DCTN2;SEC31A;RAB1B;KDELR1;DYNC1I2;CD59;TRAPPC3L;SEC24D;COPB1;TMED5;MIA2;ACTR10;GOSR1;COPB2;NAPA;TMED2;DYNC1H1;DYNC1LI2;SPTBN1;SEC23A;SCFD1;COPA;TRAPPC5;NSF;ATL3;DCTN3;SPTA1;SPTBN4;TMED3;COPZ1;VTI1B;DYNC1LI1;CAPZB;TMED9;DCTN6;USE1;PROZ;RAB29;DYNLL2;ATL2;TMED7;ARCN1;SEC24B;TFG;ACTR1A;DYNC1I1;BCAP31;DCTN4;PDCD6;DCTN5;USO1;ARF4;LMAN2;GOLGB1;TMED4;GOLGA2;VAMP4;TRAPPC3;ARFGAP2;KDELR2;RAB2A;TMED1;SAR1A;YIF1A;COPE;HYOU1;ARFGAP3;SEC24A;BCAP29;SEC16A;WHAMM;SEC24C;COPG1;ERGIC1;TRAPPC4;SEC16B;COG3;TRIP11;COG8;IER3IP1;LMAN2L;TRAPPC2;SAR1B;COPG2;PREB;SPTBN5;KLHL12;PGAP1;GORASP1;BET1L;TRAPPC6B;TRAPPC2L;SPAST;MPPE1;YIF1B;PEF1;TRAPPC1;GBF1;TRAPPC6A;GOPC;ERGIC2;CNIH4;ARFGAP1;CNIH1;COG6;COG7;ERGIC3;NRBP1;MIA3,0.0380319152562357,1.397529778751869,GO_Biological_Process_2021,positive,1.397529778751869,1,GO_Biological_Process_2021::endoplasmic reticulum to Golgi vesicle-mediated transport (GO:0006888),0.0380319152562357,raw q retained
prerank,GO_Biological_Process_2021::regulation of cell-substrate adhesion (GO:0010810),0.6428938916826368,1.3960601675305884,0.0,0.0382823674142416,1.0,20/29,15.93%,THY1;FBLN2;EMP2;DMTN;PDPN;ALOX15;RSU1;ECM2;CORO1C;NPNT;VIT;PPM1F;LIMS1;FZD4;BST1;ATXN3;PKHD1;MYADM;PTPRO;NF1,0.0382823674142416,1.3960601675305884,GO_Biological_Process_2021,positive,1.3960601675305884,1,GO_Biological_Process_2021::regulation of cell-substrate adhesion (GO:0010810),0.0382823674142416,raw q retained
prerank,GO_Biological_Process_2021::myeloid cell development (GO:0061515),0.6903461641266619,1.3960899589643625,0.0105633802816901,0.0383517377845453,1.0,11/13,19.92%,GATA1;NCKAP1L;EVI2B;DMTN;ANXA2;ZNF385A;THPO;ALAS2;SH2B3;NRROS;FOXP1,0.0383517377845453,1.3960899589643625,GO_Biological_Process_2021,positive,1.3960899589643625,1,GO_Biological_Process_2021::myeloid cell development (GO:0061515),0.0383517377845453,raw q retained
prerank,GO_Biological_Process_2021::cellular response to ketone (GO:1901655),0.6595716725791618,1.395640812832583,0.0040020010005002,0.0383819772517878,1.0,21/21,34.10%,PCK1;PTGFR;MSN;AQP1;ADCY6;ADCY1;NCOA4;PCK2;SPHK2;GOLPH3;ADCY2;MAP4K1;AKR1C3;AKR1C2;SFRP1;DCPS;KLF9;LARP1;ADAM15;TRERF1;NDOR1,0.0383819772517878,1.395640812832583,GO_Biological_Process_2021,positive,1.395640812832583,2,GO_Biological_Process_2021::cellular response to ketone (GO:1901655) | GO_Biological_Process_2021::cellular response to alcohol (GO:0097306),0.0383819772517878,raw q retained
prerank,GO_Biological_Process_2021::stress-activated MAPK cascade (GO:0051403),0.6484389434745751,1.3961595756068417,0.002,0.0384003486686778,1.0,22/27,21.88%,RIPK2;ARHGEF6;IRAK2;NOD1;MAP2K3;TRIB1;TAB1;SH2D3C;ZFP36;ZFP36L1;LGALS9;DUSP9;TNIP2;TNFRSF19;TAOK2;MAP2K7;MAP2K4;MAP4K2;TAB3;SH2D3A;FBXW11;CCM2,0.0384003486686778,1.3961595756068417,GO_Biological_Process_2021,positive,1.3961595756068417,1,GO_Biological_Process_2021::stress-activated MAPK cascade (GO:0051403),0.0384003486686778,raw q retained
prerank,GO_Biological_Process_2021::negative regulation of endoplasmic reticulum unfolded protein response (GO:1900102),0.7178591994899242,1.3962859484635874,0.0121642169285352,0.0385241449796616,1.0,9/10,20.43%,ABCA7;PPP1R15A;WFS1;PTPN1;PPP1R15B;DNAJB9;ATF6B;DDRGK1;BFAR,0.0385241449796616,1.3962859484635874,GO_Biological_Process_2021,positive,1.3962859484635874,1,GO_Biological_Process_2021::negative regulation of endoplasmic reticulum unfolded protein response (GO:1900102),0.0385241449796616,raw q retained
prerank,GO_Biological_Process_2021::synaptic vesicle exocytosis (GO:0016079),0.6342670607517149,1.394365757858056,0.001,0.0385891665879295,1.0,29/33,34.44%,STX11;STX3;STX19;RAB3A;SYT1;STX4;CPLX1;DNAJC5;PIP5K1C;SNAP29;SNAPIN;BLOC1S6;SYT7;SYT2;SNAP47;STX2;OTOF;RIMS2;CPLX4;CPLX3;UNC13A;SNPH;DOC2B;PRRT2;UNC13B;RIMS1;STX1B;SYT5;PCLO,0.0385891665879295,1.394365757858056,GO_Biological_Process_2021,positive,1.394365757858056,1,GO_Biological_Process_2021::synaptic vesicle exocytosis (GO:0016079),0.0385891665879295,raw q retained
prerank,GO_Biological_Process_2021::Rac protein signal transduction (GO:0016601),0.6719034386318077,1.3938893038813436,0.0090180360721442,0.0387532437786521,1.0,13/16,21.37%,AIF1;CYFIP1;WASF1;NCKAP1;RHOH;BRK1;ELMO1;RHOG;ABI2;EPS8;DBNL;CDH13;TIAM1,0.0387532437786521,1.3938893038813436,GO_Biological_Process_2021,positive,1.3938893038813436,2,GO_Biological_Process_2021::Rac protein signal transduction (GO:0016601) | GO_Biological_Process_2021::Ras protein signal transduction (GO:0007265),0.0387532437786521,raw q retained
prerank,GO_Biological_Process_2021::Rho protein signal transduction (GO:0007266),0.6265762561966353,1.393513715659379,0.0,0.0387982324629608,1.0,33/42,25.91%,ARHGDIB;PDPN;ARHGEF1;RHOJ;ARHGAP29;RHOD;CTNNAL1;CDC42EP5;EPS8L2;RHOG;RHOB;EPS8;PHACTR4;LIMK1;NTN1;CNKSR1;ARHGEF11;ARHGAP4;PLEKHG5;CDC42EP3;CDH13;CDC42EP4;ADGRG1;CELSR1;EPS8L1;ARHGEF3;ARHGDIA;ARHGAP1;MYO9B;TAX1BP3;ARHGAP6;RHOV;ARHGDIG,0.0387982324629608,1.393513715659379,GO_Biological_Process_2021,positive,1.393513715659379,1,GO_Biological_Process_2021::Rho protein signal transduction (GO:0007266),0.0387982324629608,raw q retained
prerank,GO_Biological_Process_2021::positive regulation of focal adhesion assembly (GO:0051894),0.7089724600156257,1.3929928670005978,0.0146169354838709,0.038978945696499,1.0,8/11,9.84%,THY1;HRG;COL16A1;MYOC;FERMT2;S100A10;PPM1F;LIMS1,0.038978945696499,1.3929928670005978,GO_Biological_Process_2021,positive,1.3929928670005978,2,GO_Biological_Process_2021::positive regulation of focal adhesion assembly (GO:0051894) | GO_Biological_Process_2021::positive regulation of cell-matrix adhesion (GO:0001954),0.038978945696499,raw q retained
prerank,GO_Biological_Process_2021::positive regulation of peptide hormone secretion (GO:0090277),0.6356135745642254,1.3922564825949528,0.0,0.0391779949708779,1.0,27/33,25.80%,GCK;GHRL;MCU;ACSL4;HFE;RBP4;CRH;UCN;ADCYAP1;TCF7L2;IRS2;PSMD9;SCT;FFAR4;GHRH;SLC30A8;NNAT;BAD;CAPN10;MYRIP;GRP;TRH;AIMP1;SOX4;DOC2B;TM7SF3;GPER1,0.0391779949708779,1.3922564825949528,GO_Biological_Process_2021,positive,1.3922564825949528,1,GO_Biological_Process_2021::positive regulation of peptide hormone secretion (GO:0090277),0.0391779949708779,raw q retained
prerank,GO_Biological_Process_2021::regulation of fat cell differentiation (GO:0045598),0.6169653739892449,1.392324613685819,0.0,0.0392372775468551,1.0,44/53,28.90%,RARRES2;ADIPOQ;ADIRF;GATA2;CCDC85B;CMKLR1;SFRP2;RUNX1T1;WWTR1;ARNTL;FERMT2;LRP3;RORA;ZNF385A;SULT1E1;ZFP36;CDS1;ZFP36L1;AAMDC;FRZB;TRIB3;WNT5A;NR1D1;ID2;CCDC71L;BBS12;ZC3H12A;CARM1;CREBL2;ZBTB16;ZFPM2;NOCT;SYAP1;SIRT2;TRIO;ZFPM1;LMO3;GPER1;SFRP1;MEDAG;WDFY2;TRIB2;ZFP36L2;TRPM4,0.0392372775468551,1.392324613685819,GO_Biological_Process_2021,positive,1.392324613685819,1,GO_Biological_Process_2021::regulation of fat cell differentiation (GO:0045598),0.0392372775468551,raw q retained
prerank,GO_Biological_Process_2021::hexose biosynthetic process (GO:0019319),0.636312923425581,1.3918151535307186,0.001,0.0392465331289596,1.0,30/31,34.45%,FBP2;SLC39A14;FBP1;PGAM2;MDH1;RBP4;PCK1;PER2;ALDOB;PGM1;ALDOC;ENO3;PCK2;ENO2;PGK1;ALDOA;G6PC3;GAPDHS;CHST15;PGAM1;CRY1;PC;SLC25A11;SLC25A1;SORD;SLC25A10;CRTC2;PFKFB1;SLC25A12;SLC37A4,0.0392465331289596,1.3918151535307186,GO_Biological_Process_2021,positive,1.3918151535307186,3,GO_Biological_Process_2021::hexose biosynthetic process (GO:0019319) | GO_Biological_Process_2021::glucose metabolic process (GO:0006006) | GO_Biological_Process_2021::gluconeogenesis (GO:0006094),0.0392465331289596,raw q retained
prerank,GO_Biological_Process_2021::negative regulation of actin filament polymerization (GO:0030837),0.6581763199220403,1.3919016672233706,0.0035,0.0392785431057879,1.0,18/21,29.86%,PFN4;SCIN;KANK3;TMSB4X;TWF2;VIL1;SLIT2;TWF1;SSH1;TMSB10;MYADM;KANK1;PFN2;HIP1R;ARFGEF1;TMSB4Y;SSH3;SSH2,0.0392785431057879,1.3919016672233706,GO_Biological_Process_2021,positive,1.3919016672233706,1,GO_Biological_Process_2021::negative regulation of actin filament polymerization (GO:0030837),0.0392785431057879,raw q retained
prerank,GO_Biological_Process_2021::positive regulation of protein insertion into mitochondrial membrane involved in apoptotic signaling pathway (GO:1900740),0.6725972433905224,1.389240242976777,0.0075075075075075,0.0394315139260413,1.0,16/17,28.65%,BID;SFN;PMAIP1;YWHAQ;TP73;YWHAH;PPP3CC;YWHAG;PPP3R1;BAD;BBC3;TP63;PPP1R13B;TP53BP2;NMT1;TFDP1,0.0394315139260413,1.389240242976777,GO_Biological_Process_2021,positive,1.389240242976777,3,GO_Biological_Process_2021::positive regulation of protein insertion into mitochondrial membrane involved in apoptotic signaling pathway (GO:1900740) | GO_Biological_Process_2021::regulation of protein insertion into mitochondrial membrane involved in apoptotic signaling pathway (GO:1900739) | GO_Biological_Process_2021::positive regulation of establishment of protein localization to mitochondrion (GO:1903749),0.0394315139260413,raw q retained
prerank,GO_Biological_Process_2021::negative regulation of inflammatory response (GO:0050728),0.5960704869146284,1.3908043858339851,0.0,0.0395416536882831,1.0,80/106,30.49%,MEFV;ADIPOQ;FPR2;CDH5;PROC;GGT5;CD163;TREM2;FCGR2A;PTGIS;SAA1;METRNL;GHRL;VPS35;GPBAR1;MYH9;FURIN;ADM2;TNFRSF1B;CALCB;NLRP12;TNFAIP3;CRH;ADCY4;CYSLTR2;SIRPA;GRN;PTGIR;AVP;MC4R;TNFAIP6;GGT1;RORA;ADCYAP1;C1QTNF3;VIP;KLF4;IAPP;GBA;CRHR1;P2RY11;ADCY6;SLAMF8;RHBDF2;ADCY1;HTR7;PTPN2;NR1D1;CXCL17;TNFAIP8L2;PLK2;VIPR1;SCT;FFAR4;CD200R1;GPHA2;GHRH;SHARPIN;AOAH;ADCY2;GIT1;GIP;MDK;MAPK7;PRKAR1B;TYRO3;VIPR2;PTH2;DRD5;FEM1A;PRKAR2B;PRKAR1A;GPER1;NLRC3;LPCAT3;PRKAR2A;CRHR2;GHRHR;HRH2;OTULIN,0.0395416536882831,1.3908043858339851,GO_Biological_Process_2021,positive,1.3908043858339851,1,GO_Biological_Process_2021::negative regulation of inflammatory response (GO:0050728),0.0395416536882831,raw q retained
prerank,GO_Biological_Process_2021::striated muscle contraction (GO:0006941),0.6307816864011214,1.3886425960971138,0.001,0.0395684947389937,1.0,23/34,18.29%,MYL3;TNNT3;CSRP3;TNNI1;MYH14;STAC;TPM1;MYLK2;RCSD1;MYL4;PGAM2;TNNC2;MYH3;TNNT1;TCAP;KLHL41;SLC8A1;ARHGEF11;CASQ2;ALDOA;MYBPC3;SMPX;DTNA,0.0395684947389937,1.3886425960971138,GO_Biological_Process_2021,positive,1.3886425960971138,1,GO_Biological_Process_2021::striated muscle contraction (GO:0006941),0.0395684947389937,raw q retained
prerank,GO_Biological_Process_2021::positive regulation of cytokine-mediated signaling pathway (GO:0001961),0.6618840571546646,1.388728860196071,0.0045045045045045,0.039604459162559,1.0,14/19,20.32%,EDN1;CD300LF;LAPTM5;PARP9;TICAM2;GFI1;PARP14;WNT5A;ZBP1;UBE2K;TXK;IRGM;AGPAT2;NLRC5,0.039604459162559,1.388728860196071,GO_Biological_Process_2021,positive,1.388728860196071,1,GO_Biological_Process_2021::positive regulation of cytokine-mediated signaling pathway (GO:0001961),0.039604459162559,raw q retained
prerank,GO_Biological_Process_2021::exogenous drug catabolic process (GO:0042738),0.6864449760576236,1.3893134327854464,0.0105474635861376,0.0396364115708415,1.0,10/13,20.75%,CYP2C8;CYP2A13;NR1I2;CYP2C18;CYP2S1;CYP2D6;CYP2F1;CYP2J2;CYP2U1;CYP2A7,0.0396364115708415,1.3893134327854464,GO_Biological_Process_2021,positive,1.3893134327854464,2,GO_Biological_Process_2021::exogenous drug catabolic process (GO:0042738) | GO_Biological_Process_2021::drug catabolic process (GO:0042737),0.0396364115708415,raw q retained
prerank,GO_Biological_Process_2021::regulation of protein metabolic process (GO:0051246),0.6350949355717306,1.389711644866301,0.001,0.0397789771139054,1.0,25/32,22.88%,LILRB2;PLAUR;SERPINB13;ABCA7;VPS35;FURIN;KLF4;WFS1;GBA;LDLR;ANGPTL8;MTPN;SERPINB4;LTBP4;NEDD4L;SSH1;HGS;SNF8;CHMP6;MAPK7;PARL;KLF2;GSAP;TMEM9;SPOP,0.0397789771139054,1.389711644866301,GO_Biological_Process_2021,positive,1.389711644866301,1,GO_Biological_Process_2021::regulation of protein metabolic process (GO:0051246),0.0397789771139054,raw q retained
prerank,GO_Biological_Process_2021::negative regulation of T cell receptor signaling pathway (GO:0050860),0.6694674322738727,1.3872620436149103,0.006006006006006,0.0400278220280909,1.0,15/17,24.89%,THY1;PTPN22;LAPTM5;LILRB4;CD160;GBP1;SH2D1A;PRNP;CEACAM1;PTPN2;UBASH3A;SLA2;DGKZ;PTPRJ;DUSP3,0.0400278220280909,1.3872620436149103,GO_Biological_Process_2021,positive,1.3872620436149103,2,GO_Biological_Process_2021::negative regulation of T cell receptor signaling pathway (GO:0050860) | GO_Biological_Process_2021::negative regulation of antigen receptor-mediated signaling pathway (GO:0050858),0.0400278220280909,raw q retained
prerank,GO_Biological_Process_2021::regulation of protein processing (GO:0070613),0.665667297341518,1.3839414940535664,0.007,0.0410882882852497,1.0,15/17,26.39%,NLRC4;SERPINE2;CHAC1;NLRP7;BAG2;CLN3;ANGPTL8;SNX12;PRNP;RNF139;CCBE1;ASTL;ADAM8;NKD2;TMEM59,0.0410882882852497,1.3839414940535664,GO_Biological_Process_2021,positive,1.3839414940535664,1,GO_Biological_Process_2021::regulation of protein processing (GO:0070613),0.0410882882852497,raw q retained
prerank,GO_Biological_Process_2021::cell-substrate junction assembly (GO:0007044),0.6491980302467614,1.3842640591530502,0.0045,0.041140425259895,1.0,19/23,25.92%,THY1;SORBS1;CD151;FERMT2;RHOD;PLEC;ACTN3;COL17A1;KRT5;ACTN2;TAOK2;DLC1;THSD1;ARHGEF7;KRT14;PIP5K1A;WHAMM;TRIP6;DST,0.041140425259895,1.3842640591530502,GO_Biological_Process_2021,positive,1.3842640591530502,2,GO_Biological_Process_2021::cell-substrate junction assembly (GO:0007044) | GO_Biological_Process_2021::cell-matrix adhesion (GO:0007160),0.041140425259895,raw q retained
prerank,GO_Biological_Process_2021::positive regulation of catabolic process (GO:0009896),0.6211404379768042,1.3842976958488404,0.0,0.0412099731206752,1.0,38/44,29.85%,APOA2;APOA5;C4BPA;C4BPB;RAB7A;TNFAIP3;ACTN3;VIP;OAZ3;NEDD4L;RILP;ASB11;OAZ2;WNT5A;SMURF1;OAZ1;SORL1;NSF;PLK2;SCT;SMURF2;SNF8;CSNK2A3;VPS28;APC;HECW2;HECW1;IDE;DAB2IP;TIPARP;ASB9;DACT1;WWP1;ITCH;RNF41;APC2;HUWE1;WWP2,0.0412099731206752,1.3842976958488404,GO_Biological_Process_2021,positive,1.3842976958488404,2,GO_Biological_Process_2021::positive regulation of catabolic process (GO:0009896) | GO_Biological_Process_2021::positive regulation of protein catabolic process (GO:0045732),0.0412099731206752,raw q retained
prerank,GO_Biological_Process_2021::lysosome localization (GO:0032418),0.6358050380095045,1.3844317314332633,0.0,0.0413005816106343,1.0,29/31,31.98%,NR4A3;MYH9;RAB3A;BORCS5;S100A13;RAB34;TFEB;MILR1;NDEL1;SNAPIN;KXD1;PLEKHM1;BLOC1S2;LAMTOR1;BLOC1S1;MRGPRX2;ARL8B;VPS33A;FLCN;BORCS6;SYTL4;HPS6;VPS33B;TMEM106B;KLC2;SPAG9;PLEKHM2;DEF8;MAP6,0.0413005816106343,1.3844317314332633,GO_Biological_Process_2021,positive,1.3844317314332633,1,GO_Biological_Process_2021::lysosome localization (GO:0032418),0.0413005816106343,raw q retained
prerank,GO_Biological_Process_2021::regulation of JUN kinase activity (GO:0043506),0.6496710822488299,1.3826958472173727,0.005005005005005,0.0415981386657722,1.0,19/23,26.02%,PTPN22;EDN1;TLR6;TNFRSF11A;PAK1;AIDA;PDCD4;SERPINB3;FZD10;NPPA;ARHGEF5;MAP3K4;TAOK3;DNAJA1;DAB2IP;DVL3;DUSP10;HIPK3;MAPK8IP1,0.0415981386657722,1.3826958472173727,GO_Biological_Process_2021,positive,1.3826958472173727,1,GO_Biological_Process_2021::regulation of JUN kinase activity (GO:0043506),0.0415981386657722,raw q retained
prerank,GO_Biological_Process_2021::pyroptosis (GO:0070269),0.6929925928342269,1.3815158285899447,0.0186397984886649,0.0417567054893225,1.0,10/12,27.33%,NLRC4;TREM2;GZMA;AIM2;NLRP1;NAIP;GSDMD;ZBP1;APIP;GSDMA,0.0417567054893225,1.3815158285899447,GO_Biological_Process_2021,positive,1.3815158285899447,1,GO_Biological_Process_2021::pyroptosis (GO:0070269),0.0417567054893225,raw q retained
prerank,GO_Biological_Process_2021::cellular copper ion homeostasis (GO:0006878),0.6995098155559083,1.382108785146884,0.0156723963599595,0.0417631927856754,1.0,11/12,24.67%,SLC31A1;ATP7B;MT2A;ATOX1;ATP7A;PRNP;SLC31A2;COX19;CCDC22;PRND;ABCB6,0.0417631927856754,1.382108785146884,GO_Biological_Process_2021,positive,1.382108785146884,1,GO_Biological_Process_2021::cellular copper ion homeostasis (GO:0006878),0.0417631927856754,raw q retained
prerank,GO_Biological_Process_2021::mitochondrial membrane organization (GO:0007006),0.6446624906916643,1.3808318288458097,0.0020010005002501,0.0419387734078245,1.0,25/25,35.60%,SLC25A31;PPIF;BAK1;SLC25A4;PMAIP1;SLC25A5;SPG7;CHCHD6;IMMT;CHCHD3;MFN1;BAD;MFN2;SAMM50;BNIP3;MTX3;MTX1;GHITM;TIMM50;MTX2;APOO;OPA1;APOOL;TMEM11;DNAJC11,0.0419387734078245,1.3808318288458097,GO_Biological_Process_2021,positive,1.3808318288458097,1,GO_Biological_Process_2021::mitochondrial membrane organization (GO:0007006),0.0419387734078245,raw q retained
prerank,GO_Biological_Process_2021::cellular biogenic amine metabolic process (GO:0006576),0.7030713874400116,1.3806821486105112,0.0156092648539778,0.0419391293935562,1.0,10/11,25.40%,DDC;SRM;SMS;SULT1B1;ATP7A;HNMT;OAZ2;TRH;AMD1;SLC22A3,0.0419391293935562,1.3806821486105112,GO_Biological_Process_2021,positive,1.3806821486105112,1,GO_Biological_Process_2021::cellular biogenic amine metabolic process (GO:0006576),0.0419391293935562,raw q retained
prerank,GO_Biological_Process_2021::establishment of endothelial barrier (GO:0061028),0.6580518105924062,1.3802726950137136,0.0075075075075075,0.0420099808265452,1.0,18/19,30.66%,ROBO4;SOX18;F11R;MARVELD2;RAP2B;MSN;RDX;RAB1B;RAPGEF1;F2RL1;MYADM;TJP3;TJP2;RAPGEF3;RAP2C;RAPGEF2;RAPGEF6;CLDN3,0.0420099808265452,1.3802726950137136,GO_Biological_Process_2021,positive,1.3802726950137136,1,GO_Biological_Process_2021::establishment of endothelial barrier (GO:0061028),0.0420099808265452,raw q retained
prerank,GO_Biological_Process_2021::cytidine to uridine editing (GO:0016554),0.7106023463491506,1.3803259086313164,0.0197869101978691,0.042077993568823,1.0,10/10,28.97%,APOBEC3G;APOBEC3A;AICDA;APOBEC3H;APOBEC1;APOBEC3D;APOBEC3C;APOBEC3B;APOBEC2;APOBEC3F,0.042077993568823,1.3803259086313164,GO_Biological_Process_2021,positive,1.3803259086313164,1,GO_Biological_Process_2021::cytidine to uridine editing (GO:0016554),0.042077993568823,raw q retained
prerank,GO_Biological_Process_2021::negative regulation of cellular protein metabolic process (GO:0032269),0.6069283285152882,1.378959662495142,0.0,0.0424139100760281,1.0,51/59,33.27%,CST4;EIF2AK3;IGFBP5;EDN1;CSTA;SERPINE2;CST3;IGF2BP1;EIF4E2;CLN8;IGF2BP2;CLN3;SERPINB3;LIN28A;CNOT1;GRB7;CSTB;DAPK3;ENC1;RNF139;DAPK1;CNOT7;ATRAID;FXR1;CAPRIN1;RGP1;RIC1;PUS7;LSM14A;IGF2BP3;NANOS1;DHX36;BAG6;DAB2IP;PAIP2B;BTG2;RBM4;PATL2;PAIP2;NANOS3;EIF4ENIF1;CDK5RAP3;GIGYF2;TRIM71;SHMT1;DNAJC1;LARP1;CNOT8;CNOT10;TOB1;FXR2,0.0424139100760281,1.378959662495142,GO_Biological_Process_2021,positive,1.378959662495142,1,GO_Biological_Process_2021::negative regulation of cellular protein metabolic process (GO:0032269),0.0424139100760281,raw q retained
prerank,GO_Biological_Process_2021::positive regulation of lipid catabolic process (GO:0050996),0.6922919890773265,1.3770981599548835,0.0191532258064516,0.0432133693627778,1.0,9/12,15.70%,APOA2;APOA5;TWIST1;APOC2;ABHD5;IRS2;PNPLA2;SCT;PLIN5,0.0432133693627778,1.3770981599548835,GO_Biological_Process_2021,positive,1.3770981599548835,1,GO_Biological_Process_2021::positive regulation of lipid catabolic process (GO:0050996),0.0432133693627778,raw q retained
prerank,GO_Biological_Process_2021::negative regulation of protein binding (GO:0032091),0.6171368761024162,1.376862306199917,0.0,0.0432568049967734,1.0,39/42,35.56%,ADIPOQ;CFHR1;CARD18;IFIT1;CTSZ;BAX;NES;HFE;IFIT2;DAB2;SLPI;BAG2;CCL23;RALB;CARD16;CAMK1;LRPAP1;DISC1;PARK7;SORL1;TMC8;TMBIM6;XIRP1;GOLGA2;PIN1;ZFPM1;MITD1;DACT1;ITGB1BP1;DDX11;PTPRF;MAP2;ADAM15;DNAJB2;PEX14;USP33;CTNNBIP1;EFHB;TFIP11,0.0432568049967734,1.376862306199917,GO_Biological_Process_2021,positive,1.376862306199917,2,GO_Biological_Process_2021::negative regulation of protein binding (GO:0032091) | GO_Biological_Process_2021::negative regulation of binding (GO:0051100),0.0432568049967734,raw q retained
prerank,GO_Biological_Process_2021::positive regulation of endocytosis (GO:0045807),0.6285346148402606,1.3747508064114822,0.0005,0.0441113262173802,1.0,24/31,24.42%,APOA5;TREM2;NCKAP1L;CD151;PPT1;HFE;TOR1A;DAB2;SGIP1;RAB31;CLN3;NEDD4L;DLL1;FLOT1;F2RL1;TF;VPS28;BICD1;STAP1;ANO6;SMPD1;RAB21;CBLL1;LDLRAP1,0.0441113262173802,1.3747508064114822,GO_Biological_Process_2021,positive,1.3747508064114822,1,GO_Biological_Process_2021::positive regulation of endocytosis (GO:0045807),0.0441113262173802,raw q retained
prerank,GO_Biological_Process_2021::response to hydrogen peroxide (GO:0042542),0.6270856530219405,1.373261283357577,0.0005,0.0447550441427632,1.0,29/33,29.04%,HMOX1;PPIF;CYP1B1;GPX1;TNFAIP3;SIRPA;HP;ANXA1;RIPK3;PRDX3;AQP1;RHOB;FXN;PARK7;STK24;NET1;MAPK7;TRPM2;PDCD10;CAT;GLRX2;OSER1;STK26;PLEKHA1;SETX;STK25;ANKZF1;ADAM9;PAX2,0.0447550441427632,1.373261283357577,GO_Biological_Process_2021,positive,1.373261283357577,1,GO_Biological_Process_2021::response to hydrogen peroxide (GO:0042542),0.0447550441427632,raw q retained
prerank,GO_Biological_Process_2021::carboxylic acid catabolic process (GO:0046395),0.6905700026267404,1.3721359709485246,0.0211267605633802,0.044791710873212,1.0,12/12,30.98%,NPL;PON1;IL4I1;RENBP;GNPDA1;NAGK;GNPDA2;ACOT4;AMDHD2;PON3;ACOT8;BCKDK,0.044791710873212,1.3721359709485246,GO_Biological_Process_2021,positive,1.3721359709485246,1,GO_Biological_Process_2021::carboxylic acid catabolic process (GO:0046395),0.044791710873212,raw q retained
prerank,GO_Biological_Process_2021::regulation of axon regeneration (GO:0048679),0.6973784114112705,1.3722716685835876,0.0227158001009591,0.044895642702763,1.0,10/11,23.85%,SCARF1;KLK8;CNTF;GRN;STK24;RTN4RL1;PTPRS;PTN;CERS2;RTN4R,0.044895642702763,1.3722716685835876,GO_Biological_Process_2021,positive,1.3722716685835876,1,GO_Biological_Process_2021::regulation of axon regeneration (GO:0048679),0.044895642702763,raw q retained
prerank,GO_Biological_Process_2021::positive regulation of transcription from RNA polymerase II promoter in response to stress (GO:0036003),0.6792734325338501,1.3706971612119827,0.0141271442986881,0.045502136451495,1.0,10/13,18.13%,ATF3;CREB3L1;DDIT3;ATF6;CREB3L3;HSF1;ATF6B;MAPK7;KLF2;SESN2,0.045502136451495,1.3706971612119827,GO_Biological_Process_2021,positive,1.3706971612119827,1,GO_Biological_Process_2021::positive regulation of transcription from RNA polymerase II promoter in response to stress (GO:0036003),0.045502136451495,raw q retained
prerank,GO_Biological_Process_2021::protein targeting to lysosome (GO:0006622),0.6680681521981733,1.3700963756247195,0.01001001001001,0.0456772279261211,1.0,13/16,20.84%,LAPTM5;RAB7A;AP4M1;LAMP2;NCOA4;SORL1;M6PR;HGS;NAGPA;GNPTAB;VPS4A;GCC2;GGA3,0.0456772279261211,1.3700963756247195,GO_Biological_Process_2021,positive,1.3700963756247195,1,GO_Biological_Process_2021::protein targeting to lysosome (GO:0006622),0.0456772279261211,raw q retained
prerank,GO_Biological_Process_2021::sequestering of extracellular ligand from receptor (GO:0035581),0.6881051568929308,1.3684299747719058,0.017632241813602,0.0464591146074308,1.0,8/12,10.04%,FBN1;CHRDL1;FBN2;LTBP1;FSTL1;CD46;NBL1;NOG,0.0464591146074308,1.3684299747719058,GO_Biological_Process_2021,positive,1.3684299747719058,1,GO_Biological_Process_2021::sequestering of extracellular ligand from receptor (GO:0035581),0.0464591146074308,raw q retained
prerank,GO_Biological_Process_2021::release of cytochrome c from mitochondria (GO:0001836),0.6729189835637537,1.3684528698055065,0.0115403913697942,0.0465291562194814,1.0,13/14,27.42%,BID;BAX;BAK1;SFN;IFI6;FIS1;GGCT;BAD;BBC3;DNM1L;FZD9;TIMM50;MFF,0.0465291562194814,1.3684528698055065,GO_Biological_Process_2021,positive,1.3684528698055065,2,GO_Biological_Process_2021::release of cytochrome c from mitochondria (GO:0001836) | GO_Biological_Process_2021::apoptotic mitochondrial changes (GO:0008637),0.0465291562194814,raw q retained
prerank,GO_Biological_Process_2021::positive regulation of phospholipase C activity (GO:0010863),0.6623858010544154,1.3678274901246252,0.0165330661322645,0.0467475713988834,1.0,14/16,26.16%,ANG;PHB;GNA15;NTF3;PHB2;LPAR2;ABL2;AVPR1A;LPAR1;NTF4;TXK;RASGRP4;ARHGAP6;GPR55,0.0467475713988834,1.3678274901246252,GO_Biological_Process_2021,positive,1.3678274901246252,1,GO_Biological_Process_2021::positive regulation of phospholipase C activity (GO:0010863),0.0467475713988834,raw q retained
prerank,GO_Biological_Process_2021::myelination in peripheral nervous system (GO:0022011),0.6908947633056388,1.3669307436066422,0.0227158001009591,0.0470129957660825,1.0,9/11,29.14%,MYOC;PARD3;PRX;SKI;CNTNAP1;NF1;SIRT2;ARHGEF10;ADGRG6,0.0470129957660825,1.3669307436066422,GO_Biological_Process_2021,positive,1.3669307436066422,1,GO_Biological_Process_2021::myelination in peripheral nervous system (GO:0022011),0.0470129957660825,raw q retained
prerank,GO_Biological_Process_2021::tumor necrosis factor-mediated signaling pathway (GO:0033209),0.6122119970412463,1.3652828685893683,0.0005,0.0471956388545634,1.0,34/41,30.95%,TNFRSF25;TNFRSF11A;PLVAP;PYCARD;AIM2;TRAF1;ILK;TNFRSF1B;TMSB4X;PSMA8;ACTN4;PSMB4;COMMD7;TNFRSF13B;LIMS1;PSMF1;TNFSF15;PSMD5;TNFRSF14;TNFRSF11B;PSMD9;TRAF5;PYDC1;MAP3K14;PSME2;PSME1;PSME3;TXNDC17;CDIP1;PSME4;TNFSF8;TNFSF9;BAG4;PSMD10,0.0471956388545634,1.3652828685893683,GO_Biological_Process_2021,positive,1.3652828685893683,1,GO_Biological_Process_2021::tumor necrosis factor-mediated signaling pathway (GO:0033209),0.0471956388545634,raw q retained
prerank,GO_Biological_Process_2021::positive regulation of actin filament polymerization (GO:0030838),0.6253787010371518,1.3655025140602464,0.0015,0.0472293321321318,1.0,23/30,22.94%,CCL26;SCIN;NCKAP1;NCKAP1L;LMOD1;BAIAP2;PYCARD;NCK2;ALOX15;EVL;BAIAP2L2;CCL24;CDC42EP5;SNX9;BIN1;BAIAP2L1;SPIRE2;ARPC4;CDC42EP3;CDC42EP4;FCHSD2;PFN2;WHAMM,0.0472293321321318,1.3655025140602464,GO_Biological_Process_2021,positive,1.3655025140602464,1,GO_Biological_Process_2021::positive regulation of actin filament polymerization (GO:0030838),0.0472293321321318,raw q retained
prerank,GO_Biological_Process_2021::post-Golgi vesicle-mediated transport (GO:0006892),0.5945639513668493,1.3648875652923076,0.0,0.0473635606268003,1.0,64/74,31.75%,AP1S3;FTH1;FTL;AP4M1;EXOC6;AP1B1;TXNDC5;AP1M2;SORCS1;COMMD1;AP1G2;STX4;ACBD3;DTNBP1;AP1S1;SORT1;RAB10;CCDC93;CLINT1;NAPA;SH3GL2;VAMP8;MYO1B;OSBPL5;SORL1;BLOC1S6;EXOC2;SCFD1;AP1G1;SCAMP2;AP1M1;BLOC1S4;CHMP2A;HGS;CLTA;AP4S1;EXOC4;AP4B1;BLOC1S1;AP1S2;EXOC8;CCDC22;RAB14;ARL3;GOLGB1;RABEP1;DNM2;STXBP6;RP2;AP4E1;SH3D19;EXOC5;EXOC1;MYO5A;BLOC1S3;EXOC6B;DNAJC6;PUM1;STEAP2;KLHL20;VPS13A;GBF1;GOPC;VPS13C,0.0473635606268003,1.3648875652923076,GO_Biological_Process_2021,positive,1.3648875652923076,1,GO_Biological_Process_2021::post-Golgi vesicle-mediated transport (GO:0006892),0.0473635606268003,raw q retained
prerank,GO_Biological_Process_2021::positive regulation of intrinsic apoptotic signaling pathway (GO:2001244),0.6364075628503867,1.364698415256652,0.0045,0.0473754281542793,1.0,18/24,22.69%,BID;S100A8;BCL2L11;BAX;DDIT3;PMAIP1;NUPR1;S100A9;MSX1;BMF;SFPQ;FIS1;BCAP31;BAD;BBC3;SIAH1;DNM1L;SLC9A3R1,0.0473754281542793,1.364698415256652,GO_Biological_Process_2021,positive,1.364698415256652,1,GO_Biological_Process_2021::positive regulation of intrinsic apoptotic signaling pathway (GO:2001244),0.0473754281542793,raw q retained
prerank,GO_Biological_Process_2021::negative regulation of catalytic activity (GO:0043086),0.6494343164382044,1.363992538291348,0.008,0.047378709537687,1.0,12/19,9.02%,GZMA;IFIT1;PARP9;NES;TMBIM1;TIMP1;SERPINA5;HP;PPP1R12A;PLN;CLN3;SERPINB3,0.047378709537687,1.363992538291348,GO_Biological_Process_2021,positive,1.363992538291348,1,GO_Biological_Process_2021::negative regulation of catalytic activity (GO:0043086),0.047378709537687,raw q retained
prerank,GO_Biological_Process_2021::regulation of transmembrane receptor protein serine/threonine kinase signaling pathway (GO:0090092),0.64825257005784,1.3642593431050651,0.012012012012012,0.0473872046708767,1.0,16/20,28.64%,FSTL1;SFRP4;TGFBR3;NREP;FST;LTBP4;ZNF703;LATS2;DKK3;SMURF2;TFAP2B;LATS1;BCL9;TWSG1;FSTL3;TRIM33,0.0473872046708767,1.3642593431050651,GO_Biological_Process_2021,positive,1.3642593431050651,1,GO_Biological_Process_2021::regulation of transmembrane receptor protein serine/threonine kinase signaling pathway (GO:0090092),0.0473872046708767,raw q retained
prerank,GO_Biological_Process_2021::muscle organ development (GO:0007517),0.6138660873350145,1.363184314239983,0.0,0.0476088113502822,1.0,31/40,28.36%,TAGLN;NEB;TRIM72;SMTN;TCF21;MYH3;EGR3;SGCG;SGCA;FHL1;TCF12;ITGB1BP2;MEF2C;VAMP5;SGCD;MRAS;EMD;MEF2B;MEF2D;FXR1;SOX6;FHL3;SGCE;CTF1;MEF2A;TBX1;CHD2;CAPN3;TEAD4;ANKRD2;SRI,0.0476088113502822,1.363184314239983,GO_Biological_Process_2021,positive,1.363184314239983,1,GO_Biological_Process_2021::muscle organ development (GO:0007517),0.0476088113502822,raw q retained
prerank,GO_Biological_Process_2021::peptidyl-tyrosine phosphorylation (GO:0018108),0.6694344237616154,1.363312175271984,0.0155388471177944,0.0476246801459083,1.0,12/15,24.15%,EFEMP1;PIBF1;ABI3;ABI1;ABI2;RELN;ABL2;PRLR;PKDCC;TXK;FES;DDR1,0.0476246801459083,1.363312175271984,GO_Biological_Process_2021,positive,1.363312175271984,1,GO_Biological_Process_2021::peptidyl-tyrosine phosphorylation (GO:0018108),0.0476246801459083,raw q retained
prerank,GO_Biological_Process_2021::response to unfolded protein (GO:0006986),0.6157818603891986,1.3634561403660594,0.001,0.0476321748054229,1.0,31/36,29.38%,SERPINH1;HSPB3;HSPB8;HSPB2;TOR1B;BAX;BAK1;DDIT3;ERP44;ERN1;OPTN;DERL1;PTPN1;HSPH1;DNAJB4;HSPB7;BAG3;DAXX;HSPE1;HSF1;HSPA4L;TMBIM6;HSPA1L;HSPA6;DNAJC4;DNAJA1;STT3B;DAB2IP;TM7SF3;DNAJB5;HERPUD1,0.0476321748054229,1.3634561403660594,GO_Biological_Process_2021,positive,1.3634561403660594,1,GO_Biological_Process_2021::response to unfolded protein (GO:0006986),0.0476321748054229,raw q retained
prerank,GO_Biological_Process_2021::regulation of transcription from RNA polymerase II promoter in response to stress (GO:0043618),0.6276630478272672,1.361953862460923,0.0,0.0476596501714204,1.0,22/28,23.91%,EPO;HMOX1;ATF3;BACH1;ARNT;PSMA8;DDIT3;PSMB4;HIF3A;PSMF1;PSMD5;BAG3;PSMD9;VHL;PSME2;MAPK7;KLF2;PSME1;PSME3;HIGD1A;LIMD1;PSME4,0.0476596501714204,1.361953862460923,GO_Biological_Process_2021,positive,1.361953862460923,2,GO_Biological_Process_2021::regulation of transcription from RNA polymerase II promoter in response to stress (GO:0043618) | GO_Biological_Process_2021::cellular response to hypoxia (GO:0071456),0.0476596501714204,raw q retained
prerank,GO_Biological_Process_2021::regulation of cytokine-mediated signaling pathway (GO:0001959),0.6169405084958758,1.3629138820827449,0.001,0.0476833886468041,1.0,27/36,22.14%,USP18;RNASEL;ELF1;PYCARD;TRAF1;IRAK2;CD24;SPHK1;TNFAIP3;SPPL2A;IL36RN;PTPN1;RNF31;CBFB;LIFR;PTPN2;ZBP1;IRAK3;CYLD;SHARPIN;RBCK1;PIAS1;CFLAR;AGPAT2;SIGIRR;SPATA2;TAX1BP1,0.0476833886468041,1.3629138820827449,GO_Biological_Process_2021,positive,1.3629138820827449,1,GO_Biological_Process_2021::regulation of cytokine-mediated signaling pathway (GO:0001959),0.0476833886468041,raw q retained
prerank,GO_Biological_Process_2021::negative regulation of response to endoplasmic reticulum stress (GO:1903573),0.6724311545028678,1.3627404044206042,0.0190858864892014,0.0477018834003467,1.0,13/13,32.80%,CREB3L1;TXNDC12;WFS1;PARK7;TMBIM6;SYVN1;AQP11;CREB3;UBXN1;USP25;LPCAT3;HERPUD1;OPA1,0.0477018834003467,1.3627404044206042,GO_Biological_Process_2021,positive,1.3627404044206042,1,GO_Biological_Process_2021::negative regulation of response to endoplasmic reticulum stress (GO:1903573),0.0477018834003467,raw q retained
prerank,GO_Biological_Process_2021::endocytic recycling (GO:0032456),0.6100116905383517,1.361707316661806,0.0015,0.0477312053036034,1.0,37/42,32.43%,VPS35;EHD2;RAB7A;ARL4C;VPS26A;RAB13;CMTM6;VPS29;DENND1C;SNX27;SNX17;CCDC93;MICALL2;EHD3;SNX12;SNX4;EHD4;SNX3;RAB35;SNF8;EHD1;CCDC22;RAB14;VPS39;RAB11B;RAB17;ANKRD50;MICALL1;LMTK2;ANKRD27;VPS51;DENND1B;DENND1A;RAB11FIP3;ACAP2;VPS53;VPS52,0.0477312053036034,1.361707316661806,GO_Biological_Process_2021,positive,1.361707316661806,1,GO_Biological_Process_2021::endocytic recycling (GO:0032456),0.0477312053036034,raw q retained
prerank,GO_Biological_Process_2021::negative regulation of interleukin-8 production (GO:0032717),0.6775337932136982,1.3609548674006549,0.0166163141993957,0.0480070960794976,1.0,8/13,8.74%,PTPN22;BPI;TLR6;TMSB4X;ANXA1;ANXA4;KLF4;BCL3,0.0480070960794976,1.3609548674006549,GO_Biological_Process_2021,positive,1.3609548674006549,1,GO_Biological_Process_2021::negative regulation of interleukin-8 production (GO:0032717),0.0480070960794976,raw q retained
prerank,GO_Biological_Process_2021::positive regulation of lymphocyte chemotaxis (GO:0140131),0.693213351971197,1.3574057261639836,0.0320773930753564,0.0494278600174072,1.0,8/10,17.26%,CCL7;XCL2;CCL27;XCL1;S100A7;ADAM10;WNT5A;OXSR1,0.0494278600174072,1.3574057261639836,GO_Biological_Process_2021,positive,1.3574057261639836,1,GO_Biological_Process_2021::positive regulation of lymphocyte chemotaxis (GO:0140131),0.0494278600174072,raw q retained
prerank,GO_Biological_Process_2021::positive regulation of response to wounding (GO:1903036),0.6498183077192993,1.357520918997777,0.0110220440881763,0.049433795764934,1.0,15/18,25.57%,CLEC7A;SCARF1;DMTN;DUOX1;DUOX2;CNTF;GRN;ANXA1;MYLK;CLDN1;MDK;KANK1;PTN;ARFGEF1;CLDN4,0.049433795764934,1.357520918997777,GO_Biological_Process_2021,positive,1.357520918997777,1,GO_Biological_Process_2021::positive regulation of response to wounding (GO:1903036),0.049433795764934,raw q retained
prerank,"GO_Biological_Process_2021::regulation of retrograde protein transport, ER to cytosol (GO:1904152)",0.678617478133535,1.3560344853634458,0.0195684897139989,0.0495805070435036,1.0,11/13,22.54%,OS9;EDEM1;DERL2;YOD1;EDEM2;ERLEC1;UBE2J1;BCAP31;DERL3;UBAC2;UBE2G2,0.0495805070435036,1.3560344853634458,GO_Biological_Process_2021,positive,1.3560344853634458,1,"GO_Biological_Process_2021::regulation of retrograde protein transport, ER to cytosol (GO:1904152)",0.0495805070435036,raw q retained
prerank,GO_Biological_Process_2021::positive regulation of cell adhesion (GO:0045785),0.6007277260002049,1.3568862967695514,0.0,0.0496130001534589,1.0,46/52,35.47%,SIRPG;FBLN2;NCKAP1L;SAA1;IBSP;TPM1;TGM2;STX3;HYAL1;ALOX15;SFRP2;LIF;CHRD;FOXC2;RHOD;RSU1;C1QBP;AZU1;ECM2;STX4;NPNT;VIT;PPM1F;LIMS1;PRKD2;FUT7;PRSS2;MDK;TFE3;ADGRG1;FLCN;MIP;ADAM8;MAGI1;ZFHX3;PTPRJ;CITED2;FSTL3;NODAL;ADAM9;EPB41L4B;ARL2;CIB1;MEGF10;TNFSF18;FUT3,0.0496130001534589,1.3568862967695514,GO_Biological_Process_2021,positive,1.3568862967695514,1,GO_Biological_Process_2021::positive regulation of cell adhesion (GO:0045785),0.0496130001534589,raw q retained
prerank,GO_Biological_Process_2021::striated muscle tissue development (GO:0014706),0.6278057921797058,1.356591819310293,0.004,0.0496193080976023,1.0,22/27,29.66%,MYLPF;CSRP3;MYH14;RBP4;SGCG;MYL6B;SVIL;BMP7;MYL6;MYF6;PGM5;MEF2C;MYOZ1;SGCD;MSC;CFLAR;ZBTB18;MYOZ2;IGSF8;TBX2;GATA5;BMP5,0.0496193080976023,1.356591819310293,GO_Biological_Process_2021,positive,1.356591819310293,1,GO_Biological_Process_2021::striated muscle tissue development (GO:0014706),0.0496193080976023,raw q retained
prerank,GO_Biological_Process_2021::calcium ion homeostasis (GO:0055074),0.5910415343997574,1.3554851324748216,0.0,0.0496537718516862,1.0,50/69,27.39%,CDH5;ATP6V1B1;CCL7;EDN1;CCL13;CCL8;FAM20A;CSRP3;CCL1;CCL15;TRPV6;CALCB;S100A14;CCL14;VAPB;CCL23;SLC24A4;DRD4;WFS1;CYP27B1;TRPV5;EDN3;DMPK;ATP13A3;RMDN3;SLC8A1;PKHD1;STIM1;EDN2;ATP2A1;SLC8A3;TMCO1;NPTN;TMEM165;ATP2B2;TRDN;ATP2C2;SLC24A1;TFAP2B;ATP2B3;ATP2C1;ATP2B1;RGN;STC2;DRD5;ATP1B1;SLC8B1;STOML2;JPH2;SLC30A1,0.0496537718516862,1.3554851324748216,GO_Biological_Process_2021,positive,1.3554851324748216,1,GO_Biological_Process_2021::calcium ion homeostasis (GO:0055074),0.0496537718516862,raw q retained
prerank,GO_Biological_Process_2021::NADH dehydrogenase complex assembly (GO:0010257),0.6753206952410141,1.3561610201660843,0.0175702811244979,0.0496655090660934,1.0,13/13,32.51%,TMEM126B;TIMMDC1;NDUFAF6;BCS1L;ECSIT;NDUFAF5;TMEM126A;FOXRED1;NUBPL;ACAD9;COA1;NDUFAF7;TIMM21,0.0496655090660934,1.3561610201660843,GO_Biological_Process_2021,positive,1.3561610201660843,2,GO_Biological_Process_2021::NADH dehydrogenase complex assembly (GO:0010257) | GO_Biological_Process_2021::mitochondrial respiratory chain complex I assembly (GO:0032981),0.0496655090660934,raw q retained
prerank,GO_Biological_Process_2021::spinal cord development (GO:0021510),0.679023255442933,1.3547530445823592,0.0196473551637279,0.0496910631923145,1.0,11/12,30.34%,GLI2;PKD2;VIT;RELN;DLL1;PKD1;NF1;LOXL3;SOX4;SOX12;ZPR1,0.0496910631923145,1.3547530445823592,GO_Biological_Process_2021,positive,1.3547530445823592,1,GO_Biological_Process_2021::spinal cord development (GO:0021510),0.0496910631923145,raw q retained
prerank,GO_Biological_Process_2021::response to interferon-beta (GO:0035456),0.6462681837676489,1.3557084067665155,0.0115057528764382,0.0497023958999194,1.0,15/19,22.65%,MNDA;IFITM3;OAS1;XAF1;IFITM1;AIM2;IKBKE;BST2;PLSCR1;UBE2K;IFITM2;IRGM;IFI16;UBE2G2;HTRA2,0.0497023958999194,1.3557084067665155,GO_Biological_Process_2021,positive,1.3557084067665155,1,GO_Biological_Process_2021::response to interferon-beta (GO:0035456),0.0497023958999194,raw q retained
prerank,GO_Biological_Process_2021::nonribosomal peptide biosynthetic process (GO:0019184),0.6810261798441465,1.3554919459950925,0.0236180904522613,0.0497348694193075,1.0,12/12,31.93%,MGST2;CHAC1;CHAC2;GGT1;GSS;GCLC;GCLM;GGCT;CNDP2;HAGH;BDH2;OPLAH,0.0497348694193075,1.3554919459950925,GO_Biological_Process_2021,positive,1.3554919459950925,1,GO_Biological_Process_2021::nonribosomal peptide biosynthetic process (GO:0019184),0.0497348694193075,raw q retained
prerank,GO_Biological_Process_2021::regulation of cysteine-type endopeptidase activity involved in apoptotic process (GO:0043281),0.6006628897951372,1.3549190757710785,0.0,0.0497472672804274,1.0,48/52,37.27%,CLEC7A;CARD9;TNFSF10;UACA;PYCARD;LAMP3;CTSD;GPX1;NLRP12;NOD1;SFN;PMAIP1;SOX7;AVP;CARD8;KLF4;IFI6;CARD16;NAIP;AQP1;PPM1F;BCL10;LAMTOR5;DAPK1;FIS1;TRIAP1;BCAP31;BAD;PDCD6;IGBP1;NLRP2;HTRA2;DNAJB6;ARL6IP5;PDCD5;GPER1;FNIP1;SIAH2;NODAL;PAX2;BLID;CDKN2D;ACVR1C;REST;FOXL2;SH3RF1;MAP2K5;NKX3-1,0.0497472672804274,1.3549190757710785,GO_Biological_Process_2021,positive,1.3549190757710785,1,GO_Biological_Process_2021::regulation of cysteine-type endopeptidase activity involved in apoptotic process (GO:0043281),0.0497472672804274,raw q retained
prerank,GO_Biological_Process_2021::integrin-mediated signaling pathway (GO:0007229),0.6161470279423125,1.355143540371529,0.001,0.0497898175332799,1.0,30/35,31.21%,THY1;FBLN1;COL16A1;ITGA10;LAMA5;LAT;MYH9;ZYX;ILK;PLEK;DAB2;FERMT2;DOCK1;CDH17;ADAM10;NEDD9;MADCAM1;FERMT3;ITGBL1;ADAMTS1;CEACAM1;TXK;PRAM1;PTN;CCM2;DST;ITGB1BP1;ADAM9;PTPRA;ADAM15,0.0497898175332799,1.355143540371529,GO_Biological_Process_2021,positive,1.355143540371529,1,GO_Biological_Process_2021::integrin-mediated signaling pathway (GO:0007229),0.0497898175332799,raw q retained
prerank,GO_Biological_Process_2021::negative regulation of protein localization to plasma membrane (GO:1903077),0.6568686029388473,1.3549351510886771,0.0105263157894736,0.0498263500896398,1.0,10/16,12.15%,CSK;GBP1;TMBIM1;ABI3;DAB2;RHOQ;PICALM;PID1;NUMB;PKDCC,0.0498263500896398,1.3549351510886771,GO_Biological_Process_2021,positive,1.3549351510886771,1,GO_Biological_Process_2021::negative regulation of protein localization to plasma membrane (GO:1903077),0.0498263500896398,raw q retained
prerank,GO_Biological_Process_2021::regulation of phosphatidylinositol 3-kinase signaling (GO:0014066),0.6023115210689639,1.354271916710212,0.0005,0.0498263941393597,1.0,43/46,35.63%,TREM2;TWIST1;NCF1;EPO;MYOC;GH1;IER3;SOX9;HCST;OSM;PIP5K1B;NTF3;PIP5K1C;MYDGF;IRS2;LIME1;CEACAM1;F2RL1;PDGFD;PIK3AP1;PPP2R5C;PDGFC;PIP4K2B;PIK3IP1;PLXNB1;GAB1;PIP5K1A;SLC9A3R1;PIP4K2A;PTPN13;DAB2IP;PDGFA;HAX1;PPP2R5B;GPER1;NLRC3;STAMBP;UNC5B;FBXL2;PIP4K2C;MAZ;ENTPD5;WNT16,0.0498263941393597,1.354271916710212,GO_Biological_Process_2021,positive,1.354271916710212,1,GO_Biological_Process_2021::regulation of phosphatidylinositol 3-kinase signaling (GO:0014066),0.0498263941393597,raw q retained
