Name,Term,ES,NES,NOM p-val,FDR q-val,FWER p-val,Tag %,Gene %,Lead_genes,FDR_numeric,NES_numeric,Library,Direction,Abs_NES,Cluster_Size,Collapsed_Terms,FDR_for_plot,FDR_reporting_note
prerank,GO_Biological_Process_2021::SRP-dependent cotranslational protein targeting to membrane (GO:0006614),0.8372379221532018,1.9511375869588112,0.0,0.0,0.0,42/52,4.47%,RPS18;RPS14;RPL13;RPS12;RPL27A;RPL30;RPL31;RPL18A;RPS3A;RPS17;RPL39;RPL18;RPL41;RPL9;RPL26;RPL29;RPL21;RPL23A;RPL34;RPL35A;RPL27;RPS23;RPL35;RPL23;RPL15;RPLP2;RPL14;RPL7;UBA52;RPL10A;RPS13;RPL28;RPS20;RPL24;RPL36;RPL7A;RPS21;RPS9;RPL37A;RPS29;RPS10;SEC61B,0.0,1.9511375869588112,GO_Biological_Process_2021,positive,1.9511375869588112,8,"GO_Biological_Process_2021::SRP-dependent cotranslational protein targeting to membrane (GO:0006614) | GO_Biological_Process_2021::cotranslational protein targeting to membrane (GO:0006613) | GO_Biological_Process_2021::cytoplasmic translation (GO:0002181) | GO_Biological_Process_2021::protein targeting to ER (GO:0045047) | GO_Biological_Process_2021::nuclear-transcribed mRNA catabolic process, nonsense-mediated decay (GO:0000184) | GO_Biological_Process_2021::peptide biosynthetic process (GO:0043043) | GO_Biological_Process_2021::cellular protein metabolic process (GO:0044267) | GO_Biological_Process_2021::gene expression (GO:0010467)",0.0004997501249375312,raw q=0; plot uses floor 1/2001
prerank,GO_Biological_Process_2021::regulation of complement activation (GO:0030449),0.8620200231752484,1.943622861776381,0.0,0.0,0.0,33/34,13.80%,C4A;CFP;C1R;CFH;CFI;CFHR1;C8B;C3AR1;C7;C4B;VTN;C9;C1QC;C1QB;C1QA;C5;C8A;CPB2;C8G;CR2;C4BPA;C6;C2;CD46;C4BPB;C5AR2;PHB;CD55;C1QBP;CD81;PHB2;CD59;CR1L,0.0,1.943622861776381,GO_Biological_Process_2021,positive,1.943622861776381,3,GO_Biological_Process_2021::regulation of complement activation (GO:0030449) | GO_Biological_Process_2021::regulation of humoral immune response (GO:0002920) | GO_Biological_Process_2021::regulation of immune effector process (GO:0002697),0.0004997501249375312,raw q=0; plot uses floor 1/2001
prerank,GO_Biological_Process_2021::monocyte chemotaxis (GO:0002548),0.8609859389193091,1.924536426914146,0.0,0.0,0.0,26/28,9.59%,CCL5;S100A12;FOLR2;CCL21;CCL22;CCL19;CCL26;CCL7;CCL13;CCL8;CCL17;CCL25;CCL16;XCL2;TNFRSF11A;CCL1;XCL1;CCL20;CCL15;CCL18;CCL3;CCL14;ANXA1;CCL24;CCL4;CCL23,0.0,1.924536426914146,GO_Biological_Process_2021,positive,1.924536426914146,24,GO_Biological_Process_2021::monocyte chemotaxis (GO:0002548) | GO_Biological_Process_2021::lymphocyte migration (GO:0072676) | GO_Biological_Process_2021::granulocyte chemotaxis (GO:0071621) | GO_Biological_Process_2021::neutrophil chemotaxis (GO:0030593) | GO_Biological_Process_2021::neutrophil migration (GO:1990266) | GO_Biological_Process_2021::eosinophil migration (GO:0072677) | GO_Biological_Process_2021::eosinophil chemotaxis (GO:0048245) | GO_Biological_Process_2021::response to interferon-gamma (GO:0034341) | GO_Biological_Process_2021::inflammatory response (GO:0006954) | GO_Biological_Process_2021::cellular response to interferon-gamma (GO:0071346) | GO_Biological_Process_2021::cellular response to chemokine (GO:1990869) | GO_Biological_Process_2021::chemokine-mediated signaling pathway (GO:0070098) | GO_Biological_Process_2021::cytokine-mediated signaling pathway (GO:0019221) | GO_Biological_Process_2021::lymphocyte chemotaxis (GO:0048247) | GO_Biological_Process_2021::cellular response to interleukin-1 (GO:0071347) | GO_Biological_Process_2021::positive regulation of ERK1 and ERK2 cascade (GO:0070374) | GO_Biological_Process_2021::response to interleukin-1 (GO:0070555) | GO_Biological_Process_2021::cellular response to cytokine stimulus (GO:0071345) | GO_Biological_Process_2021::positive regulation of lymphocyte chemotaxis (GO:0140131) | GO_Biological_Process_2021::cellular response to tumor necrosis factor (GO:0071356) | GO_Biological_Process_2021::regulation of ERK1 and ERK2 cascade (GO:0070372) | GO_Biological_Process_2021::positive regulation of MAPK cascade (GO:0043410) | GO_Biological_Process_2021::response to tumor necrosis factor (GO:0034612) | GO_Biological_Process_2021::positive regulation of hydrolase activity (GO:0051345),0.0004997501249375312,raw q=0; plot uses floor 1/2001
prerank,"GO_Biological_Process_2021::mitochondrial electron transport, ubiquinol to cytochrome c (GO:0006122)",0.9235521936196096,1.8862102034732988,0.0,0.0,0.0,11/12,3.04%,UQCRQ;CYC1;UQCRC1;UQCR10;UQCRFS1;UQCRC2;UQCRHL;UQCR11;CYCS;UQCRH;UQCRB,0.0,1.8862102034732988,GO_Biological_Process_2021,positive,1.8862102034732988,5,"GO_Biological_Process_2021::mitochondrial electron transport, ubiquinol to cytochrome c (GO:0006122) | GO_Biological_Process_2021::mitochondrial ATP synthesis coupled electron transport (GO:0042775) | GO_Biological_Process_2021::aerobic electron transport chain (GO:0019646) | GO_Biological_Process_2021::aerobic respiration (GO:0009060) | GO_Biological_Process_2021::cellular respiration (GO:0045333)",0.0004997501249375312,raw q=0; plot uses floor 1/2001
prerank,GO_Biological_Process_2021::Fc-gamma receptor signaling pathway involved in phagocytosis (GO:0038096),0.7978234470744447,1.8452306756806849,0.0,0.0001253290405592,0.001,44/46,17.48%,CD247;WAS;CYFIP1;CYFIP2;NCKAP1;FCGR2A;NCKAP1L;PLCG2;VAV2;WASL;VAV1;ACTR2;ACTB;BAIAP2;NCK1;MYO1C;PAK1;CRK;PLCG1;WIPF1;CDC42;ACTR3;BRK1;ABI1;WASF2;ARPC2;DOCK1;MYO1G;WIPF3;RAC1;ELMO1;VAV3;ACTG1;PLA2G6;PLD2;ARPC1B;ARPC3;LIMK1;ARPC5;NCKIPSD;ARPC1A;WIPF2;ARPC4;ELMO2,0.0001253290405592,1.8452306756806849,GO_Biological_Process_2021,positive,1.8452306756806849,8,GO_Biological_Process_2021::Fc-gamma receptor signaling pathway involved in phagocytosis (GO:0038096) | GO_Biological_Process_2021::Fc-gamma receptor signaling pathway (GO:0038094) | GO_Biological_Process_2021::Fc receptor mediated stimulatory signaling pathway (GO:0002431) | GO_Biological_Process_2021::vascular endothelial growth factor receptor signaling pathway (GO:0048010) | GO_Biological_Process_2021::positive regulation of lamellipodium assembly (GO:0010592) | GO_Biological_Process_2021::transmembrane receptor protein tyrosine kinase signaling pathway (GO:0007169) | GO_Biological_Process_2021::Arp2/3 complex-mediated actin nucleation (GO:0034314) | GO_Biological_Process_2021::regulation of actomyosin structure organization (GO:0110020),0.0004997501249375312,raw q retained
prerank,GO_Biological_Process_2021::type I interferon signaling pathway (GO:0060337),0.7868393872416686,1.8144071400891717,0.0,0.0001474459300697,0.002,43/45,18.72%,MX2;MYD88;RSAD2;IFITM3;IRF7;OAS1;RNASEL;OASL;HLA-C;OAS2;HLA-A;IRF4;XAF1;IFITM1;IFIT1;MX1;HLA-B;OAS3;IFI27;IRF9;IFIT3;STAT1;IRF8;ISG20;STAT2;IFIT2;IRF3;HLA-F;IRF5;IFI35;SAMHD1;IFIT5;BST2;IFI6;ISG15;ADAR;IRF2;GBP2;HLA-E;IRF1;HLA-G;IFITM2;SP100,0.0001474459300697,1.8144071400891717,GO_Biological_Process_2021,positive,1.8144071400891717,6,GO_Biological_Process_2021::type I interferon signaling pathway (GO:0060337) | GO_Biological_Process_2021::cellular response to type I interferon (GO:0071357) | GO_Biological_Process_2021::defense response to symbiont (GO:0140546) | GO_Biological_Process_2021::defense response to virus (GO:0051607) | GO_Biological_Process_2021::interleukin-27-mediated signaling pathway (GO:0070106) | GO_Biological_Process_2021::response to interferon-alpha (GO:0035455),0.0004997501249375312,raw q retained
prerank,GO_Biological_Process_2021::keratan sulfate catabolic process (GO:0042340),0.8874241038010481,1.8082607874081853,0.0,0.0001583103670222,0.0025,12/12,11.30%,LUM;ACAN;PRELP;FMOD;OMD;OGN;GLB1;KERA;HEXB;GNS;HEXA;GALNS,0.0001583103670222,1.8082607874081853,GO_Biological_Process_2021,positive,1.8082607874081853,4,GO_Biological_Process_2021::keratan sulfate catabolic process (GO:0042340) | GO_Biological_Process_2021::glycosaminoglycan catabolic process (GO:0006027) | GO_Biological_Process_2021::sulfur compound catabolic process (GO:0044273) | GO_Biological_Process_2021::sulfur compound biosynthetic process (GO:0044272),0.0004997501249375312,raw q retained
prerank,GO_Biological_Process_2021::defense response to fungus (GO:0050832),0.8512649152973717,1.818340365273985,0.0,0.0001671053874123,0.002,18/19,12.33%,RARRES2;S100A12;LTF;CLEC7A;CX3CR1;CLEC4D;DEFA4;HRG;CLEC4E;PLCG2;S100A8;CLEC6A;CARD9;S100A9;IL36RN;RNASE7;GAPDH;BCL10,0.0001671053874123,1.818340365273985,GO_Biological_Process_2021,positive,1.818340365273985,4,GO_Biological_Process_2021::defense response to fungus (GO:0050832) | GO_Biological_Process_2021::innate immune response (GO:0045087) | GO_Biological_Process_2021::positive regulation of intracellular signal transduction (GO:1902533) | GO_Biological_Process_2021::positive regulation of DNA-binding transcription factor activity (GO:0051091),0.0004997501249375312,raw q retained
prerank,GO_Biological_Process_2021::phagosome acidification (GO:0090383),0.8311374401992065,1.8561541691596368,0.0,0.0001879935608389,0.001,27/28,14.84%,ATP6V1G3;ATP6V1C2;ATP6V1B1;ATP6V0A4;ATP6V0A2;ATP6V1E2;ATP6V0D2;TCIRG1;ATP6V1D;ATP6V1B2;ATP6V1A;ATP6V1E1;RAB20;ATP6V1C1;ATP6V1G2;ATP6V1H;RAB7A;ATP6V1F;ATP6V0D1;ATP6V0A1;ATP6V0E2;ATP6V0E1;ATP6V0B;RAB38;SLAMF8;ATP6V0C;ATP6V1G1,0.0001879935608389,1.8561541691596368,GO_Biological_Process_2021,positive,1.8561541691596368,12,GO_Biological_Process_2021::phagosome acidification (GO:0090383) | GO_Biological_Process_2021::intracellular pH reduction (GO:0051452) | GO_Biological_Process_2021::iron ion transport (GO:0006826) | GO_Biological_Process_2021::transferrin transport (GO:0033572) | GO_Biological_Process_2021::phagosome maturation (GO:0090382) | GO_Biological_Process_2021::cellular response to amino acid starvation (GO:0034198) | GO_Biological_Process_2021::insulin receptor signaling pathway (GO:0008286) | GO_Biological_Process_2021::response to amino acid starvation (GO:1990928) | GO_Biological_Process_2021::regulation of macroautophagy (GO:0016241) | GO_Biological_Process_2021::cellular response to insulin stimulus (GO:0032869) | GO_Biological_Process_2021::regulation of autophagy (GO:0010506) | GO_Biological_Process_2021::cellular response to starvation (GO:0009267),0.0004997501249375312,raw q retained
prerank,GO_Biological_Process_2021::muscle filament sliding (GO:0030049),0.8113011276161947,1.8013285061533812,0.0,0.0002148497838158,0.004,25/25,18.95%,DES;TPM2;MYL3;ACTC1;NEB;TTN;TNNT3;TNNI1;TPM1;ACTA1;MYL4;TNNC2;MYBPC2;MYH3;ACTN3;MYL6B;TNNT1;MYL6;MYBPC1;TCAP;ACTN2;TPM4;TPM3;TMOD1;MYBPC3,0.0002148497838158,1.8013285061533812,GO_Biological_Process_2021,positive,1.8013285061533812,4,GO_Biological_Process_2021::muscle filament sliding (GO:0030049) | GO_Biological_Process_2021::actin-myosin filament sliding (GO:0033275) | GO_Biological_Process_2021::muscle contraction (GO:0006936) | GO_Biological_Process_2021::skeletal muscle contraction (GO:0003009),0.0004997501249375312,raw q retained
prerank,GO_Biological_Process_2021::superoxide anion generation (GO:0042554),0.902819361277445,1.7901970953129671,0.0,0.0002615562585584,0.005,10/10,9.76%,CYBB;NCF2;NCF1;NOX5;DUOX1;NCF4;DUOX2;NOXA1;ALOX12;CYBA,0.0002615562585584,1.7901970953129671,GO_Biological_Process_2021,positive,1.7901970953129671,6,"GO_Biological_Process_2021::superoxide anion generation (GO:0042554) | GO_Biological_Process_2021::antigen processing and presentation of exogenous peptide antigen via MHC class I (GO:0042590) | GO_Biological_Process_2021::antigen processing and presentation of exogenous peptide antigen via MHC class I, TAP-dependent (GO:0002479) | GO_Biological_Process_2021::superoxide metabolic process (GO:0006801) | GO_Biological_Process_2021::cellular response to chemical stress (GO:0062197) | GO_Biological_Process_2021::cellular response to oxidative stress (GO:0034599)",0.0004997501249375312,raw q retained
prerank,GO_Biological_Process_2021::myeloid dendritic cell activation (GO:0001773),0.8846425749573753,1.7853605627012994,0.0,0.0003085022536843,0.0065,11/11,11.58%,DCSTAMP;BATF;TGFBR2;PYCARD;CAMK4;BATF3;BATF2;DHRS2;SLAMF1;UBD;DOCK2,0.0003085022536843,1.7853605627012994,GO_Biological_Process_2021,positive,1.7853605627012994,3,GO_Biological_Process_2021::myeloid dendritic cell activation (GO:0001773) | GO_Biological_Process_2021::dendritic cell differentiation (GO:0097028) | GO_Biological_Process_2021::myeloid leukocyte differentiation (GO:0002573),0.0004997501249375312,raw q retained
prerank,GO_Biological_Process_2021::triglyceride-rich lipoprotein particle remodeling (GO:0034370),0.8929224883566202,1.7721030359454428,0.0,0.0005755852233092,0.0135,10/10,10.74%,APOA2;CETP;APOA5;LIPC;LPL;APOC2;LCAT;APOA1;APOE;GPIHBP1,0.0005755852233092,1.7721030359454428,GO_Biological_Process_2021,positive,1.7721030359454428,13,GO_Biological_Process_2021::triglyceride-rich lipoprotein particle remodeling (GO:0034370) | GO_Biological_Process_2021::high-density lipoprotein particle remodeling (GO:0034375) | GO_Biological_Process_2021::reverse cholesterol transport (GO:0043691) | GO_Biological_Process_2021::cholesterol efflux (GO:0033344) | GO_Biological_Process_2021::regulation of lipoprotein lipase activity (GO:0051004) | GO_Biological_Process_2021::cholesterol transport (GO:0030301) | GO_Biological_Process_2021::triglyceride homeostasis (GO:0070328) | GO_Biological_Process_2021::acylglycerol homeostasis (GO:0055090) | GO_Biological_Process_2021::retinoid metabolic process (GO:0001523) | GO_Biological_Process_2021::cholesterol homeostasis (GO:0042632) | GO_Biological_Process_2021::sterol homeostasis (GO:0055092) | GO_Biological_Process_2021::secondary alcohol metabolic process (GO:1902652) | GO_Biological_Process_2021::diterpenoid metabolic process (GO:0016101),0.0005755852233092,raw q retained
prerank,GO_Biological_Process_2021::TRIF-dependent toll-like receptor signaling pathway (GO:0035666),0.8204168226631724,1.7651910983023755,0.0,0.0006468595641768,0.018,19/19,18.02%,UBA52;UBB;CD300LF;IRF7;TBK1;TLR6;UBE2D1;TICAM2;IKBKG;CHUK;FADD;UBE2D2;IKBKE;TRAF3;IRF3;TANK;UBC;UBE2D3;TICAM1,0.0006468595641768,1.7651910983023755,GO_Biological_Process_2021,positive,1.7651910983023755,3,GO_Biological_Process_2021::TRIF-dependent toll-like receptor signaling pathway (GO:0035666) | GO_Biological_Process_2021::toll-like receptor signaling pathway (GO:0002224) | GO_Biological_Process_2021::MyD88-independent toll-like receptor signaling pathway (GO:0002756),0.0006468595641768,raw q retained
prerank,GO_Biological_Process_2021::positive regulation of chemokine production (GO:0032722),0.7966499452695092,1.765470767716968,0.0,0.0006684215496494,0.018,24/27,15.30%,ADIPOQ;CLEC7A;AIF1;HIF1A;CHIA;LPL;TWIST1;C5;IL7;OAS1;HMOX1;OAS3;ALOX15B;PYCARD;EIF2AK2;TIRAP;MAVS;AZU1;ADCYAP1;DDX3X;LGALS9;WNT5A;F2RL1;AIRE,0.0006684215496494,1.765470767716968,GO_Biological_Process_2021,positive,1.765470767716968,4,GO_Biological_Process_2021::positive regulation of chemokine production (GO:0032722) | GO_Biological_Process_2021::regulation of chemokine production (GO:0032642) | GO_Biological_Process_2021::regulation of tumor necrosis factor production (GO:0032680) | GO_Biological_Process_2021::positive regulation of cytokine production (GO:0001819),0.0006684215496494,raw q retained
prerank,GO_Biological_Process_2021::regulation of transforming growth factor beta production (GO:0071634),0.874786875701751,1.7610828003964791,0.0,0.0006782512783207,0.021,11/11,12.56%,CD34;HIF1A;SMAD3;LILRB1;LTBP1;SERPINF2;XCL1;CD46;SMAD4;LRRC32;LGALS9,0.0006782512783207,1.7610828003964791,GO_Biological_Process_2021,positive,1.7610828003964791,1,GO_Biological_Process_2021::regulation of transforming growth factor beta production (GO:0071634),0.0006782512783207,raw q retained
prerank,"GO_Biological_Process_2021::mitochondrial electron transport, cytochrome c to oxygen (GO:0006123)",0.8359953414857335,1.7597670615625531,0.0,0.0006875193082108,0.022,16/16,16.46%,COX6A2;NDUFA4;COX4I2;COX5A;CYCS;COX5B;COX7C;COX7B;COX6B1;COX6C;COX6A1;COX4I1;COX8A;COX15;COX7A2L;COX10,0.0006875193082108,1.7597670615625531,GO_Biological_Process_2021,positive,1.7597670615625531,1,"GO_Biological_Process_2021::mitochondrial electron transport, cytochrome c to oxygen (GO:0006123)",0.0006875193082108,raw q retained
prerank,GO_Biological_Process_2021::positive regulation of leukocyte activation (GO:0002696),0.8566452797433175,1.7658414985047526,0.0,0.0006914705686028,0.018,12/13,14.05%,THBS1;CLEC7A;HAVCR1;CLEC4D;TLR6;LBP;CEBPA;HSPD1;CD226;CRLF2;TNIP2;WNT5A,0.0006914705686028,1.7658414985047526,GO_Biological_Process_2021,positive,1.7658414985047526,3,GO_Biological_Process_2021::positive regulation of leukocyte activation (GO:0002696) | GO_Biological_Process_2021::positive regulation of macrophage activation (GO:0043032) | GO_Biological_Process_2021::regulation of macrophage activation (GO:0043030),0.0006914705686028,raw q retained
prerank,GO_Biological_Process_2021::fructose 6-phosphate metabolic process (GO:0006002),0.8817781104457753,1.7566827436816468,0.0005068423720223,0.0007937505902086,0.026,10/10,11.86%,HK3;FBP2;PFKM;HK2;FBP1;HK1;GFPT2;PFKL;PFKP;GFPT1,0.0007937505902086,1.7566827436816468,GO_Biological_Process_2021,positive,1.7566827436816468,7,GO_Biological_Process_2021::fructose 6-phosphate metabolic process (GO:0006002) | GO_Biological_Process_2021::glycolytic process (GO:0006096) | GO_Biological_Process_2021::glycolytic process through glucose-6-phosphate (GO:0061620) | GO_Biological_Process_2021::canonical glycolysis (GO:0061621) | GO_Biological_Process_2021::glucose catabolic process to pyruvate (GO:0061718) | GO_Biological_Process_2021::carbohydrate catabolic process (GO:0016052) | GO_Biological_Process_2021::pyruvate metabolic process (GO:0006090),0.0007937505902086,raw q retained
prerank,GO_Biological_Process_2021::positive regulation of T cell activation (GO:0050870),0.7670470326770167,1.7544434477519637,0.0,0.0008400432988837,0.0285,34/41,12.56%,LILRB2;ZAP70;CCR7;CD209;CCL5;VCAM1;LEP;HLA-DPA1;CCL19;HLA-DPB1;THY1;AIF1;HLA-DMB;SIRPG;IL7;SIRPB1;NCKAP1L;CD1D;HLA-A;NCK1;PYCARD;NCK2;CD46;XBP1;GATA3;HSPD1;DOCK8;RHOH;IL23R;SIRPA;ANXA1;CD81;FLOT2;LGALS9,0.0008400432988837,1.7544434477519637,GO_Biological_Process_2021,positive,1.7544434477519637,7,GO_Biological_Process_2021::positive regulation of T cell activation (GO:0050870) | GO_Biological_Process_2021::positive regulation of T cell proliferation (GO:0042102) | GO_Biological_Process_2021::positive regulation of leukocyte cell-cell adhesion (GO:1903039) | GO_Biological_Process_2021::positive regulation of lymphocyte proliferation (GO:0050671) | GO_Biological_Process_2021::regulation of T cell proliferation (GO:0042129) | GO_Biological_Process_2021::positive regulation of lymphocyte activation (GO:0051251) | GO_Biological_Process_2021::positive regulation of lymphocyte differentiation (GO:0045621),0.0008400432988837,raw q retained
prerank,GO_Biological_Process_2021::positive regulation of interleukin-10 production (GO:0032733),0.8496153046371386,1.7468615264722556,0.0,0.0009512152821934,0.034,13/13,15.08%,CD34;CLEC7A;PLCG2;IRF4;PIBF1;XCL1;PYCARD;CD46;HSPD1;LILRA5;ISG15;LGALS9;F2RL1,0.0009512152821934,1.7468615264722556,GO_Biological_Process_2021,positive,1.7468615264722556,6,GO_Biological_Process_2021::positive regulation of interleukin-10 production (GO:0032733) | GO_Biological_Process_2021::regulation of interleukin-10 production (GO:0032653) | GO_Biological_Process_2021::regulation of interleukin-6 production (GO:0032675) | GO_Biological_Process_2021::positive regulation of interleukin-6 production (GO:0032755) | GO_Biological_Process_2021::regulation of interferon-gamma production (GO:0032649) | GO_Biological_Process_2021::negative regulation of cytokine production (GO:0001818),0.0009512152821934,raw q retained
prerank,GO_Biological_Process_2021::antimicrobial humoral immune response mediated by antimicrobial peptide (GO:0061844),0.7542027960660557,1.7382499180706097,0.0,0.0011308759938836,0.045,33/44,13.26%,RPL30;RPL39;CAMP;CXCL9;S100A12;LTF;CXCL1;CXCL13;CXCL5;CCL13;CXCL11;DEFA4;RNASE6;HRG;PF4V1;ANG;RNASE3;PF4;GNLY;CXCL3;CXCL14;CXCL6;S100A7;CXCL2;PLA2G1B;PPBP;DEFB4A;S100A9;HMGN2;RNASE7;DEFB1;GAPDH;ROMO1,0.0011308759938836,1.7382499180706097,GO_Biological_Process_2021,positive,1.7382499180706097,4,GO_Biological_Process_2021::antimicrobial humoral immune response mediated by antimicrobial peptide (GO:0061844) | GO_Biological_Process_2021::defense response to bacterium (GO:0042742) | GO_Biological_Process_2021::innate immune response in mucosa (GO:0002227) | GO_Biological_Process_2021::antibacterial humoral response (GO:0019731),0.0011308759938836,raw q retained
prerank,GO_Biological_Process_2021::regulation of T cell mediated cytotoxicity (GO:0001914),0.7963790353427926,1.7368604444732954,0.0,0.0011621420124586,0.0465,20/21,17.09%,KLRD1;HLA-DRA;CD1A;CD1E;LILRB1;CD1B;CD1C;CD1D;HLA-A;HLA-B;XCL1;IL12RB1;FADD;IL23R;HLA-F;RIPK3;CEACAM1;STX7;HLA-E;HLA-G,0.0011621420124586,1.7368604444732954,GO_Biological_Process_2021,positive,1.7368604444732954,10,GO_Biological_Process_2021::regulation of T cell mediated cytotoxicity (GO:0001914) | GO_Biological_Process_2021::regulation of immune response (GO:0050776) | GO_Biological_Process_2021::negative regulation of T cell mediated immunity (GO:0002710) | GO_Biological_Process_2021::positive regulation of T cell mediated cytotoxicity (GO:0001916) | GO_Biological_Process_2021::positive regulation of T cell mediated immunity (GO:0002711) | GO_Biological_Process_2021::negative regulation of natural killer cell mediated cytotoxicity (GO:0045953) | GO_Biological_Process_2021::positive regulation of leukocyte mediated cytotoxicity (GO:0001912) | GO_Biological_Process_2021::negative regulation of leukocyte mediated cytotoxicity (GO:0001911) | GO_Biological_Process_2021::negative regulation of natural killer cell mediated immunity (GO:0002716) | GO_Biological_Process_2021::detection of bacterium (GO:0016045),0.0011621420124586,raw q retained
prerank,GO_Biological_Process_2021::regulation of cell killing (GO:0031341),0.8598993637459977,1.7357361434949368,0.0,0.0011697377118864,0.0475,11/11,14.05%,CFH;NOXO1;IL11;NOXA1;CD55;RAC1;CYBA;CD59;DVL2;CR1L;WNT5A,0.0011697377118864,1.7357361434949368,GO_Biological_Process_2021,positive,1.7357361434949368,1,GO_Biological_Process_2021::regulation of cell killing (GO:0031341),0.0011697377118864,raw q retained
prerank,GO_Biological_Process_2021::vacuolar acidification (GO:0007035),0.7971695865494307,1.7322542547488171,0.0,0.0011946257483096,0.0495,19/21,13.16%,SLC11A1;ATP6V0A4;ATP6V0A2;ATP6V0D2;TCIRG1;PPT1;ATP6V1H;ATP6AP2;CCDC115;GRN;ATP6V0D1;DMXL2;ATP6V0A1;CLN5;ATP6V0E2;CLN6;ATP6V0E1;CLN3;TMEM199,0.0011946257483096,1.7322542547488171,GO_Biological_Process_2021,positive,1.7322542547488171,2,GO_Biological_Process_2021::vacuolar acidification (GO:0007035) | GO_Biological_Process_2021::regulation of lysosomal lumen pH (GO:0035751),0.0011946257483096,raw q retained
prerank,GO_Biological_Process_2021::cellular biogenic amine biosynthetic process (GO:0042401),0.829146564631509,1.7289963273891584,0.0005005005005005,0.0012686368187223,0.054,14/14,17.13%,HDC;DDC;PAOX;SRM;MOXD1;TPH1;SAT1;TPH2;SAT2;ASMT;PNMT;AANAT;PAH;SMOX,0.0012686368187223,1.7289963273891584,GO_Biological_Process_2021,positive,1.7289963273891584,1,GO_Biological_Process_2021::cellular biogenic amine biosynthetic process (GO:0042401),0.0012686368187223,raw q retained
prerank,GO_Biological_Process_2021::cellular defense response (GO:0006968),0.7621896467464828,1.7297035351015315,0.0,0.0012950667524457,0.054,31/35,17.27%,LILRB2;PRF1;CXCL9;MNDA;NCF2;TYROBP;KIR2DL4;CX3CR1;CD300C;TRAT1;KLRC2;NCR2;CLEC5A;NCF1;NCR1;CCR6;TCIRG1;GNLY;CCR3;LBP;FOSL1;KLRC3;CD5L;BECN1;SPN;KLRG1;LGALS3BP;IL1RL2;LSP1;HLA-G;DCDC2,0.0012950667524457,1.7297035351015315,GO_Biological_Process_2021,positive,1.7297035351015315,1,GO_Biological_Process_2021::cellular defense response (GO:0006968),0.0012950667524457,raw q retained
prerank,GO_Biological_Process_2021::regulation of T cell cytokine production (GO:0002724),0.8176473608269521,1.7148621037896628,0.0,0.0015967848130513,0.0745,12/14,7.67%,FOXP3;LILRB4;HLA-A;B2M;XCL1;TRAF2;TRAF6;TNFRSF1B;HFE;HLA-F;MAP3K7;CD55,0.0015967848130513,1.7148621037896628,GO_Biological_Process_2021,positive,1.7148621037896628,5,GO_Biological_Process_2021::regulation of T cell cytokine production (GO:0002724) | GO_Biological_Process_2021::positive regulation of T cell cytokine production (GO:0002726) | GO_Biological_Process_2021::positive regulation of cytokine production involved in immune response (GO:0002720) | GO_Biological_Process_2021::regulation of interleukin-2 production (GO:0032663) | GO_Biological_Process_2021::negative regulation of cytokine production involved in immune response (GO:0002719),0.0015967848130513,raw q retained
prerank,GO_Biological_Process_2021::negative regulation of hemostasis (GO:1900047),0.8591369153409769,1.7106040675287004,0.0005055611729019,0.0017238239964643,0.0845,9/10,6.62%,CD34;KNG1;PROC;VTN;EDN1;SERPINE2;APOH;THBD;APOE,0.0017238239964643,1.7106040675287004,GO_Biological_Process_2021,positive,1.7106040675287004,5,GO_Biological_Process_2021::negative regulation of hemostasis (GO:1900047) | GO_Biological_Process_2021::negative regulation of blood coagulation (GO:0030195) | GO_Biological_Process_2021::regulation of blood coagulation (GO:0030193) | GO_Biological_Process_2021::negative regulation of coagulation (GO:0050819) | GO_Biological_Process_2021::negative regulation of wound healing (GO:0061045),0.0017238239964643,raw q retained
prerank,GO_Biological_Process_2021::regulation of macrophage derived foam cell differentiation (GO:0010743),0.8384018941907179,1.708700444362952,0.0,0.0017248674734597,0.088,10/12,5.87%,ADIPOQ;CETP;CD36;CRP;LPL;PF4;MSR1;ALOX15B;NFKBIA;PLA2G3,0.0017248674734597,1.708700444362952,GO_Biological_Process_2021,positive,1.708700444362952,2,GO_Biological_Process_2021::regulation of macrophage derived foam cell differentiation (GO:0010743) | GO_Biological_Process_2021::positive regulation of cell differentiation (GO:0045597),0.0017248674734597,raw q retained
prerank,GO_Biological_Process_2021::cellular response to increased oxygen levels (GO:0036295),0.8519565850210005,1.711801960839757,0.0005060728744939,0.0017409343088596,0.0825,11/11,14.84%,ATP6V0A2;CAV1;FAS;FOXO1;ATP6V1A;CCDC115;ATP6V0D1;ATP6AP1;ATG7;TMEM199;ATP6V1G1,0.0017409343088596,1.711801960839757,GO_Biological_Process_2021,positive,1.711801960839757,4,GO_Biological_Process_2021::cellular response to increased oxygen levels (GO:0036295) | GO_Biological_Process_2021::cellular iron ion homeostasis (GO:0006879) | GO_Biological_Process_2021::iron ion homeostasis (GO:0055072) | GO_Biological_Process_2021::cellular transition metal ion homeostasis (GO:0046916),0.0017409343088596,raw q retained
prerank,GO_Biological_Process_2021::MyD88-dependent toll-like receptor signaling pathway (GO:0002755),0.7828989835261713,1.6990198472970717,0.0,0.0019589893108956,0.1105,19/20,19.42%,UBA52;UBB;CD36;MYD88;TLR10;TLR6;TLR1;TRAF6;HSPD1;IRAK2;IRAK4;TIRAP;MAP3K7;TAB1;TAB2;UBC;IRAK3;TNIP1;TAB3,0.0019589893108956,1.6990198472970717,GO_Biological_Process_2021,positive,1.6990198472970717,8,"GO_Biological_Process_2021::MyD88-dependent toll-like receptor signaling pathway (GO:0002755) | GO_Biological_Process_2021::pattern recognition receptor signaling pathway (GO:0002221) | GO_Biological_Process_2021::interleukin-1-mediated signaling pathway (GO:0070498) | GO_Biological_Process_2021::nucleotide-binding domain, leucine rich repeat containing receptor signaling pathway (GO:0035872) | GO_Biological_Process_2021::cytoplasmic pattern recognition receptor signaling pathway (GO:0002753) | GO_Biological_Process_2021::nucleotide-binding oligomerization domain containing signaling pathway (GO:0070423) | GO_Biological_Process_2021::activation of NF-kappaB-inducing kinase activity (GO:0007250) | GO_Biological_Process_2021::positive regulation of NF-kappaB transcription factor activity (GO:0051092)",0.0019589893108956,raw q retained
prerank,GO_Biological_Process_2021::negative regulation of smooth muscle cell proliferation (GO:0048662),0.7679971719524668,1.6956187322602885,0.0,0.0019978923524447,0.1175,22/26,12.91%,ADIPOQ;AIF1;EFEMP2;PRKG1;IGFBP5;PTEN;IGFBP3;OGN;CNN1;ANG;HMOX1;TPM1;CDKN1A;SOD2;TNFAIP3;PDCD4;PTGIR;APOD;TRIB1;VIP;MEF2C;APLN,0.0019978923524447,1.6956187322602885,GO_Biological_Process_2021,positive,1.6956187322602885,6,GO_Biological_Process_2021::negative regulation of smooth muscle cell proliferation (GO:0048662) | GO_Biological_Process_2021::regulation of smooth muscle cell proliferation (GO:0048660) | GO_Biological_Process_2021::regulation of vascular associated smooth muscle cell proliferation (GO:1904705) | GO_Biological_Process_2021::negative regulation of smooth muscle cell migration (GO:0014912) | GO_Biological_Process_2021::negative regulation of vascular associated smooth muscle cell proliferation (GO:1904706) | GO_Biological_Process_2021::regulation of vascular associated smooth muscle cell migration (GO:1904752),0.0019978923524447,raw q retained
prerank,GO_Biological_Process_2021::Fc receptor signaling pathway (GO:0038093),0.7216585582635732,1.6869524635207704,0.0,0.0021484978381588,0.14,49/54,21.27%,JUN;FCER1A;MS4A2;FCER1G;SHC1;GRAP2;LCP2;PLCG2;VAV2;VAV1;LAT;FOS;SKP1;PAK1;PSMB2;PSMA2;PLCG1;TRAF6;CUL1;IKBKG;CHUK;SOS1;PSMA8;PSMB4;MAP3K7;NFATC1;RAC1;VAV3;TAB1;NFATC2;BTRC;TAB2;PSMF1;BCL10;PSMD5;LAT2;PSMD9;CARD11;MAP2K7;MAP2K4;PAK2;PPP3CB;PPP3R1;PSME2;TAB3;PSME1;PIGR;FBXW11;PSME3,0.0021484978381588,1.6869524635207704,GO_Biological_Process_2021,positive,1.6869524635207704,12,GO_Biological_Process_2021::Fc receptor signaling pathway (GO:0038093) | GO_Biological_Process_2021::Fc-epsilon receptor signaling pathway (GO:0038095) | GO_Biological_Process_2021::innate immune response activating cell surface receptor signaling pathway (GO:0002220) | GO_Biological_Process_2021::cellular response to lectin (GO:1990858) | GO_Biological_Process_2021::stimulatory C-type lectin receptor signaling pathway (GO:0002223) | GO_Biological_Process_2021::T cell receptor signaling pathway (GO:0050852) | GO_Biological_Process_2021::NIK/NF-kappaB signaling (GO:0038061) | GO_Biological_Process_2021::antigen receptor-mediated signaling pathway (GO:0050851) | GO_Biological_Process_2021::regulation of cellular ketone metabolic process (GO:0010565) | GO_Biological_Process_2021::regulation of cellular amine metabolic process (GO:0033238) | GO_Biological_Process_2021::stress-activated protein kinase signaling cascade (GO:0031098) | GO_Biological_Process_2021::regulation of cellular amino acid metabolic process (GO:0006521),0.0021484978381588,raw q retained
prerank,GO_Biological_Process_2021::negative regulation of interleukin-6 production (GO:0032715),0.7690227694141818,1.68153575170294,0.0,0.0023937846746819,0.1595,20/22,17.96%,PTPN22;PTPN6;LILRB4;NCKAP1L;BPI;GHRL;ORM1;C5AR2;ARRB1;NLRP12;TNFAIP3;SIRPA;C1QTNF3;FOXJ1;GBA;SLAMF1;ZC3H12A;IRAK3;CD200R1;IL37,0.0023937846746819,1.68153575170294,GO_Biological_Process_2021,positive,1.68153575170294,3,GO_Biological_Process_2021::negative regulation of interleukin-6 production (GO:0032715) | GO_Biological_Process_2021::negative regulation of tumor necrosis factor superfamily cytokine production (GO:1903556) | GO_Biological_Process_2021::negative regulation of tumor necrosis factor production (GO:0032720),0.0023937846746819,raw q retained
prerank,GO_Biological_Process_2021::positive regulation of pri-miRNA transcription by RNA polymerase II (GO:1902895),0.7775079489740903,1.6789310413853615,0.0,0.0025065808111853,0.1705,17/20,13.40%,JUN;HIF1A;SMAD3;GATA2;SPI1;FOXO3;FOS;FOSL1;PRL;GATA3;KLF5;ETS1;NGFR;KLF4;SRF;APLN;SMARCA4,0.0025065808111853,1.6789310413853615,GO_Biological_Process_2021,positive,1.6789310413853615,2,GO_Biological_Process_2021::positive regulation of pri-miRNA transcription by RNA polymerase II (GO:1902895) | GO_Biological_Process_2021::regulation of pri-miRNA transcription by RNA polymerase II (GO:1902893),0.0025065808111853,raw q retained
prerank,GO_Biological_Process_2021::proton transmembrane transport (GO:1902600),0.7577915557126369,1.676634611765216,0.0,0.0025478656716048,0.178,22/26,20.46%,ATP6V1B1;ATP6V0A4;HVCN1;NOX5;ATP6V1A;ATP12A;ATP6V1H;ATP6V1F;UCP1;ATP6V0D1;ATP6V0E2;ATP1A4;SLC9A1;ATP6V0E1;ATP1A3;ATP6V0C;UCP2;COX15;SLC36A1;SLC46A1;SLC4A11;UCP3,0.0025478656716048,1.676634611765216,GO_Biological_Process_2021,positive,1.676634611765216,1,GO_Biological_Process_2021::proton transmembrane transport (GO:1902600),0.0025478656716048,raw q retained
prerank,GO_Biological_Process_2021::cytoplasmic pattern recognition receptor signaling pathway in response to virus (GO:0039528),0.8413026760798703,1.6729660051009236,0.0005065856129685,0.0026023378309384,0.189,9/10,9.27%,DDX58;IRF7;IFIH1;OAS3;PHB;IRF3;TRIM25;RNF135;PHB2,0.0026023378309384,1.6729660051009236,GO_Biological_Process_2021,positive,1.6729660051009236,2,GO_Biological_Process_2021::cytoplasmic pattern recognition receptor signaling pathway in response to virus (GO:0039528) | GO_Biological_Process_2021::negative regulation of type I interferon production (GO:0032480),0.0026023378309384,raw q retained
prerank,GO_Biological_Process_2021::regulation of phagocytosis (GO:0050764),0.733490676682979,1.674285256237482,0.0,0.0026045391417374,0.185,34/39,21.41%,APOA2;ADIPOQ;PRTN3;CLEC7A;FPR2;SLC11A1;FCER1G;SIRPG;TREM2;GATA2;SIRPB1;AHSG;ABCA7;DYSF;PYCARD;TGM2;APOA1;SCARB1;SPHK1;SIRPA;RAB27A;AZU1;CYBA;PLSCR1;DOCK2;OLFM4;SFTPD;LYAR;CALR;SNX3;SYT7;IL15RA;FER1L5;LMAN2,0.0026045391417374,1.674285256237482,GO_Biological_Process_2021,positive,1.674285256237482,4,GO_Biological_Process_2021::regulation of phagocytosis (GO:0050764) | GO_Biological_Process_2021::positive regulation of phagocytosis (GO:0050766) | GO_Biological_Process_2021::negative regulation of phagocytosis (GO:0050765) | GO_Biological_Process_2021::positive regulation of transport (GO:0051050),0.0026045391417374,raw q retained
prerank,GO_Biological_Process_2021::regulation of interleukin-12 production (GO:0032655),0.7477216664993741,1.66779612526558,0.0,0.0028117297795035,0.21,27/29,21.90%,CCR7;MEFV;THBS1;CLEC7A;CCL19;LAPTM5;LILRB1;PLCG2;HLA-B;RIPK2;PIBF1;CMKLR1;HSPD1;IL23R;PLCB1;TIRAP;IRF5;IL16;C1QBP;LILRA5;SLAMF1;LGALS9;IRAK3;HLA-G;SCIMP;MDK;FOXP1,0.0028117297795035,1.66779612526558,GO_Biological_Process_2021,positive,1.66779612526558,3,GO_Biological_Process_2021::regulation of interleukin-12 production (GO:0032655) | GO_Biological_Process_2021::negative regulation of interleukin-12 production (GO:0032695) | GO_Biological_Process_2021::positive regulation of interleukin-12 production (GO:0032735),0.0028117297795035,raw q retained
prerank,GO_Biological_Process_2021::receptor-mediated endocytosis (GO:0006898),0.6886738877880135,1.668039082668905,0.0,0.002831609971317,0.2095,89/113,17.00%,COLEC11;MASP1;HSPG2;AMBP;FPR2;HPX;MX2;NEDD4;FCER1G;CD36;CD207;SCARF1;WASF1;CANX;CD163;CAV1;LILRB4;LILRB1;APOL1;CTTN;MRC1;SAA1;CUBN;MSR1;CLEC9A;MARCO;STAB1;MX1;ALB;DNM1;VLDLR;COLEC12;ARRB2;CLTC;HPR;APOA1;PDLIM7;IGF2R;AP2A2;PPT1;CXCL16;CTSL;SCARB1;STAB2;DAB2;SCARB2;APOE;SGIP1;PICALM;HP;LRP3;SPARC;CD9;AP2S1;LRP2;CD81;RAB31;AP2B1;AP1G2;SNX1;AMN;AP2A1;SCGB3A2;CLTCL1;CLN3;LDLR;HSPH1;EPS15;SNX9;LRP6;AP1S1;FNBP1L;PIP5K1C;HSP90B1;DLL1;FCHO2;SFTPD;ACKR3;CLTB;SORL1;AP1G1;M6PR;CALR;CAV2;AP2M1;GAK;FCHO1;CLTA;ASGR1,0.002831609971317,1.668039082668905,GO_Biological_Process_2021,positive,1.668039082668905,5,GO_Biological_Process_2021::receptor-mediated endocytosis (GO:0006898) | GO_Biological_Process_2021::clathrin-dependent endocytosis (GO:0072583) | GO_Biological_Process_2021::receptor internalization (GO:0031623) | GO_Biological_Process_2021::receptor metabolic process (GO:0043112) | GO_Biological_Process_2021::receptor catabolic process (GO:0032801),0.002831609971317,raw q retained
prerank,GO_Biological_Process_2021::endosome transport via multivesicular body sorting pathway (GO:0032509),0.7558736295876399,1.6636935331114378,0.0,0.0029303738555506,0.228,23/24,21.13%,LAPTM4B;LEPROTL1;TMEM50B;VCP;LEPROT;CHMP4C;CHMP2B;TMEM50A;CHMP7;CHMP3;SORT1;CHMP4B;MVB12A;RILP;CHMP4A;CHMP2A;CHMP1B;CHMP5;CHMP1A;CHMP6;LYST;VPS4B;VTA1,0.0029303738555506,1.6636935331114378,GO_Biological_Process_2021,positive,1.6636935331114378,10,GO_Biological_Process_2021::endosome transport via multivesicular body sorting pathway (GO:0032509) | GO_Biological_Process_2021::multivesicular body assembly (GO:0036258) | GO_Biological_Process_2021::multivesicular body organization (GO:0036257) | GO_Biological_Process_2021::ESCRT complex disassembly (GO:1904896) | GO_Biological_Process_2021::ESCRT III complex disassembly (GO:1904903) | GO_Biological_Process_2021::midbody abscission (GO:0061952) | GO_Biological_Process_2021::late endosome to vacuole transport via multivesicular body sorting pathway (GO:0032511) | GO_Biological_Process_2021::mitotic cytokinetic process (GO:1902410) | GO_Biological_Process_2021::membrane organization (GO:0061024) | GO_Biological_Process_2021::regulation of mitotic spindle assembly (GO:1901673),0.0029303738555506,raw q retained
prerank,GO_Biological_Process_2021::cell projection assembly (GO:0030031),0.762286888867986,1.6646585515475485,0.0,0.0029340188021453,0.2245,17/22,10.30%,RAC3;PARVA;CYFIP1;SCIN;RAC2;NCKAP1;NCKAP1L;PARVB;PARVG;RHOH;CDC42;RHOJ;CAPG;RHOQ;RAC1;GSN;RHOG,0.0029340188021453,1.6646585515475485,GO_Biological_Process_2021,positive,1.6646585515475485,5,GO_Biological_Process_2021::cell projection assembly (GO:0030031) | GO_Biological_Process_2021::regulation of neutrophil migration (GO:1902622) | GO_Biological_Process_2021::cell projection organization (GO:0030030) | GO_Biological_Process_2021::actin filament organization (GO:0007015) | GO_Biological_Process_2021::regulation of leukocyte migration (GO:0002685),0.0029340188021453,raw q retained
prerank,GO_Biological_Process_2021::positive regulation of interleukin-8 production (GO:0032757),0.7397574138991957,1.6647349250535843,0.0,0.0029545654668014,0.2235,26/31,16.07%,APOA2;ADIPOQ;CLEC7A;LEP;FCN1;DDX58;MYD88;CHI3L1;LILRA2;TLR1;LBP;HYAL2;PYCARD;FADD;RAB1A;PLA2G1B;DDIT3;NOD1;TIRAP;MAVS;PRKD2;BCL10;LGALS9;PARK7;F2RL1;LAMTOR5,0.0029545654668014,1.6647349250535843,GO_Biological_Process_2021,positive,1.6647349250535843,2,GO_Biological_Process_2021::positive regulation of interleukin-8 production (GO:0032757) | GO_Biological_Process_2021::regulation of interleukin-8 production (GO:0032677),0.0029545654668014,raw q retained
prerank,GO_Biological_Process_2021::external encapsulating structure organization (GO:0045229),0.6825859951082023,1.659576478618751,0.0,0.0031511301626329,0.2455,102/134,18.85%,LUM;DCN;ITGAX;ACAN;MFAP2;VCAM1;BGN;LOX;POSTN;FBN1;THBS1;HSPG2;NID1;ITGA11;ITGA3;LOXL1;PXDN;FBLN5;ITGA8;COL10A1;ITGA9;COMP;VTN;SMOC2;MFAP5;ITGA1;FBN2;ADAMTS2;VCAN;ITGA7;ITGA6;ITGB7;COL14A1;PECAM1;COL16A1;ITGA10;TGM3;ITGB4;LAMA5;ADAMTS5;IBSP;COL8A1;MMP10;MMP23B;CDH1;ADAMTS3;NID2;MMP11;MMP16;ADAMTSL4;FURIN;COL9A1;MMP19;TGFBI;AGRN;MMP25;ADAMTS7;F11R;ADAMTS10;COL13A1;RECK;MMP15;JAM2;SPARC;ICAM3;COL9A3;MADCAM1;COL8A2;SH3PXD2A;ECM2;ICAM2;BCAN;ADAMTS12;MATN3;SPOCK2;NCAN;COL27A1;MMP21;ADAM12;NPNT;VIT;COL17A1;HAPLN1;ADAMTS1;ATP7A;ITGAD;MMP17;DAG1;COL4A5;COLQ;ADAMTS4;MIA;COL9A2;ADAMTSL2;ITGAE;MMP24;TGM1;SLC39A8;NF1;SMOC1;ADAMTS9;ADAMTSL5,0.0031511301626329,1.659576478618751,GO_Biological_Process_2021,positive,1.659576478618751,8,GO_Biological_Process_2021::external encapsulating structure organization (GO:0045229) | GO_Biological_Process_2021::extracellular structure organization (GO:0043062) | GO_Biological_Process_2021::extracellular matrix organization (GO:0030198) | GO_Biological_Process_2021::collagen fibril organization (GO:0030199) | GO_Biological_Process_2021::dermatan sulfate metabolic process (GO:0030205) | GO_Biological_Process_2021::leukocyte adhesion to vascular endothelial cell (GO:0061756) | GO_Biological_Process_2021::leukocyte tethering or rolling (GO:0050901) | GO_Biological_Process_2021::dermatan sulfate biosynthetic process (GO:0030208),0.0031511301626329,raw q retained
prerank,GO_Biological_Process_2021::positive regulation of lymphocyte migration (GO:2000403),0.8219999588884532,1.6557008872844248,0.0,0.0032370700761593,0.266,10/11,13.02%,CCL5;CCL21;AIF1;RHOA;PYCARD;CCL20;DOCK8;SPN;JAM2;TNFRSF14,0.0032370700761593,1.6557008872844248,GO_Biological_Process_2021,positive,1.6557008872844248,3,GO_Biological_Process_2021::positive regulation of lymphocyte migration (GO:2000403) | GO_Biological_Process_2021::regulation of T cell migration (GO:2000404) | GO_Biological_Process_2021::positive regulation of T cell migration (GO:2000406),0.0032370700761593,raw q retained
prerank,GO_Biological_Process_2021::cyclic purine nucleotide metabolic process (GO:0052652),0.7781847946355589,1.6537208063624431,0.0,0.0032631968708579,0.275,16/17,20.55%,ADCY8;ADCY10;ADCY4;ADCY6;NPR2;ADCY1;NPPB;GUCY2D;GUCY2F;ADCY3;ADCY9;ADCY5;NPPA;ADCY2;ADCY7;AMPD2,0.0032631968708579,1.6537208063624431,GO_Biological_Process_2021,positive,1.6537208063624431,17,GO_Biological_Process_2021::cyclic purine nucleotide metabolic process (GO:0052652) | GO_Biological_Process_2021::cAMP biosynthetic process (GO:0006171) | GO_Biological_Process_2021::cAMP metabolic process (GO:0046058) | GO_Biological_Process_2021::negative regulation of inflammatory response (GO:0050728) | GO_Biological_Process_2021::adenylate cyclase-inhibiting G protein-coupled receptor signaling pathway (GO:0007193) | GO_Biological_Process_2021::response to glucagon (GO:0033762) | GO_Biological_Process_2021::regulation of inflammatory response to antigenic stimulus (GO:0002861) | GO_Biological_Process_2021::activation of adenylate cyclase activity (GO:0007190) | GO_Biological_Process_2021::negative regulation of inflammatory response to antigenic stimulus (GO:0002862) | GO_Biological_Process_2021::cellular response to glucagon stimulus (GO:0071377) | GO_Biological_Process_2021::renal water homeostasis (GO:0003091) | GO_Biological_Process_2021::cellular response to peptide hormone stimulus (GO:0071375) | GO_Biological_Process_2021::negative regulation of immune response (GO:0050777) | GO_Biological_Process_2021::activation of protein kinase A activity (GO:0034199) | GO_Biological_Process_2021::purine ribonucleotide biosynthetic process (GO:0009152) | GO_Biological_Process_2021::activation of protein kinase activity (GO:0032147) | GO_Biological_Process_2021::adenylate cyclase-activating G protein-coupled receptor signaling pathway (GO:0007189),0.0032631968708579,raw q retained
prerank,GO_Biological_Process_2021::regulation of muscle contraction (GO:0006937),0.7590015598220292,1.6558778316616465,0.0,0.0032633754022547,0.2655,18/21,14.74%,MYL9;MYL3;CAV1;CNN1;TNNT3;TNNI1;TPM1;MYLK2;ANXA6;TNNC2;TNNT1;PLCE1;MYL5;PPP1R12B;ENO1;MYBPH;DAPK3;KCNB2,0.0032633754022547,1.6558778316616465,GO_Biological_Process_2021,positive,1.6558778316616465,1,GO_Biological_Process_2021::regulation of muscle contraction (GO:0006937),0.0032633754022547,raw q retained
prerank,GO_Biological_Process_2021::barbed-end actin filament capping (GO:0051016),0.7751441703978894,1.6572046881055509,0.0,0.0032836208626527,0.2565,17/18,22.04%,SCIN;ADD2;CAPG;CAPZA1;TWF2;ADD1;CAPZA2;SVIL;GSN;VIL1;FLII;EPS8;TWF1;AVIL;CAPZB;ADD3;TRIOBP,0.0032836208626527,1.6572046881055509,GO_Biological_Process_2021,positive,1.6572046881055509,4,GO_Biological_Process_2021::barbed-end actin filament capping (GO:0051016) | GO_Biological_Process_2021::actin filament capping (GO:0051693) | GO_Biological_Process_2021::actin polymerization or depolymerization (GO:0008154) | GO_Biological_Process_2021::sequestering of actin monomers (GO:0042989),0.0032836208626527,raw q retained
prerank,GO_Biological_Process_2021::cellular glucuronidation (GO:0052695),0.8289324377058144,1.656581309460675,0.0005050505050505,0.0033106720813081,0.262,9/11,12.17%,UGT1A1;UGT1A7;UGT2B15;UGT2B4;UGT2B17;UGT2B28;UGT1A6;UGT2B7;UGT2B11,0.0033106720813081,1.656581309460675,GO_Biological_Process_2021,positive,1.656581309460675,3,GO_Biological_Process_2021::cellular glucuronidation (GO:0052695) | GO_Biological_Process_2021::estrogen metabolic process (GO:0008210) | GO_Biological_Process_2021::steroid metabolic process (GO:0008202),0.0033106720813081,raw q retained
prerank,GO_Biological_Process_2021::aortic valve development (GO:0003176),0.7467534514240343,1.6518282694046242,0.0,0.0033269163493914,0.2855,21/25,13.09%,TWIST1;EMILIN1;BMP4;BMP2;SNAI2;GATA4;SMAD6;NKX2-5;GATA3;TNFRSF1B;SOX9;JAG1;ROBO2;RB1;NFATC1;SNAI1;ROBO1;HEY1;SLIT2;HEYL;SLIT3,0.0033269163493914,1.6518282694046242,GO_Biological_Process_2021,positive,1.6518282694046242,5,GO_Biological_Process_2021::aortic valve development (GO:0003176) | GO_Biological_Process_2021::pulmonary valve development (GO:0003177) | GO_Biological_Process_2021::aortic valve morphogenesis (GO:0003180) | GO_Biological_Process_2021::pulmonary valve morphogenesis (GO:0003184) | GO_Biological_Process_2021::cell surface receptor signaling pathway involved in heart development (GO:0061311),0.0033269163493914,raw q retained
prerank,GO_Biological_Process_2021::retinoic acid metabolic process (GO:0042573),0.7701543620831348,1.649660294021821,0.0,0.0033522793805243,0.2985,15/18,19.11%,CYP2C8;ADH7;ADH6;UGT1A1;UGT1A7;SCPEP1;ALDH1A3;CYP26A1;CYP27C1;CYP2C18;CYP2S1;ALDH1A2;CYP3A7;CYP26C1;CYP26B1,0.0033522793805243,1.649660294021821,GO_Biological_Process_2021,positive,1.649660294021821,1,GO_Biological_Process_2021::retinoic acid metabolic process (GO:0042573),0.0033522793805243,raw q retained
prerank,GO_Biological_Process_2021::regulation of interleukin-17 production (GO:0032660),0.7697549236183333,1.648537289837757,0.0,0.0034184576235303,0.307,17/18,20.18%,IL2;FOXP3;MYD88;NCKAP1L;CARD9;CCL1;PHB;SPHK1;IL23R;OSM;DDIT3;SLAMF6;IL36RN;PRNP;SLC7A5;RFTN1;LY9,0.0034184576235303,1.648537289837757,GO_Biological_Process_2021,positive,1.648537289837757,2,GO_Biological_Process_2021::regulation of interleukin-17 production (GO:0032660) | GO_Biological_Process_2021::positive regulation of interleukin-17 production (GO:0032740),0.0034184576235303,raw q retained
prerank,GO_Biological_Process_2021::negative regulation of interferon-gamma production (GO:0032689),0.7842726245590125,1.6475253930624971,0.0,0.0034535113398553,0.3105,14/15,16.51%,FOXP3;LAPTM5;LILRB4;LILRB1;XCL1;LGALS7;DDIT3;LGALS9B;C1QBP;IL36RN;LGALS9C;LGALS9;PRNP;ZC3H12A,0.0034535113398553,1.6475253930624971,GO_Biological_Process_2021,positive,1.6475253930624971,1,GO_Biological_Process_2021::negative regulation of interferon-gamma production (GO:0032689),0.0034535113398553,raw q retained
prerank,GO_Biological_Process_2021::leukotriene metabolic process (GO:0006691),0.7894971283626119,1.6453328430468026,0.0010045203415369,0.003581436650558,0.3195,11/14,13.82%,LTC4S;GGT5;MGST2;ALOX15;CYP4F3;PLA2G1B;GGT1;ALOX12;PTGR1;CPA1;MGST3,0.003581436650558,1.6453328430468026,GO_Biological_Process_2021,positive,1.6453328430468026,1,GO_Biological_Process_2021::leukotriene metabolic process (GO:0006691),0.003581436650558,raw q retained
prerank,GO_Biological_Process_2021::positive regulation of tumor necrosis factor production (GO:0032760),0.714736437953292,1.6392371187992314,0.0,0.0037089562940508,0.3485,34/42,17.40%,THBS1;CLEC7A;CCL19;TYROBP;DDX58;LPL;TWIST1;OAS1;IFIH1;PLCG2;LILRA2;PF4;OAS2;OAS3;TLR1;LBP;PYCARD;ORM1;ORM2;CCL3;FADD;SPN;TIRAP;MAVS;LILRA5;AZU1;CYBA;DDT;RASGRP1;LGALS9;WNT5A;SPHK2;HLA-E;FRMD8,0.0037089562940508,1.6392371187992314,GO_Biological_Process_2021,positive,1.6392371187992314,2,GO_Biological_Process_2021::positive regulation of tumor necrosis factor production (GO:0032760) | GO_Biological_Process_2021::positive regulation of tumor necrosis factor superfamily cytokine production (GO:1903557),0.0037089562940508,raw q retained
prerank,GO_Biological_Process_2021::leukocyte cell-cell adhesion (GO:0007159),0.793221939665137,1.6378230220675667,0.0005022601707684,0.0037812451616795,0.3555,12/13,17.30%,CD209;CCL5;VCAM1;PECAM1;OLR1;EZR;CLEC4M;F11R;FERMT3;CD177;MSN;TNIP1,0.0037812451616795,1.6378230220675667,GO_Biological_Process_2021,positive,1.6378230220675667,1,GO_Biological_Process_2021::leukocyte cell-cell adhesion (GO:0007159),0.0037812451616795,raw q retained
prerank,GO_Biological_Process_2021::hydrogen peroxide metabolic process (GO:0042743),0.7507395461378584,1.635110540763083,0.0,0.0038889981070511,0.3715,20/21,21.52%,PXDNL;GPX3;PXDN;DUOX1;DUOX2;HBZ;GPX1;HBE1;HBG2;ACOX1;CYBA;PRDX1;PRDX3;PRDX2;PARK7;PRDX4;PRDX5;HBQ1;HBD;CAT,0.0038889981070511,1.635110540763083,GO_Biological_Process_2021,positive,1.635110540763083,2,GO_Biological_Process_2021::hydrogen peroxide metabolic process (GO:0042743) | GO_Biological_Process_2021::hydrogen peroxide catabolic process (GO:0042744),0.0038889981070511,raw q retained
prerank,GO_Biological_Process_2021::positive regulation of interleukin-2 production (GO:0032743),0.7869111877243011,1.6284177477540158,0.0,0.0043105871468267,0.4125,12/13,15.90%,CLEC7A;PLCG2;IRF4;RUNX1;TRAF2;TRAF6;ANXA1;MAP3K7;GLMN;PRKD2;SPTBN1;CARD11,0.0043105871468267,1.6284177477540158,GO_Biological_Process_2021,positive,1.6284177477540158,1,GO_Biological_Process_2021::positive regulation of interleukin-2 production (GO:0032743),0.0043105871468267,raw q retained
prerank,GO_Biological_Process_2021::chondroitin sulfate catabolic process (GO:0030207),0.7878011756008884,1.6259555946887196,0.001008064516129,0.0044469268204194,0.4275,11/13,10.48%,DCN;BGN;VCAN;HEXB;HYAL1;HEXA;IDUA;CSPG4;BCAN;ARSB;NCAN,0.0044469268204194,1.6259555946887196,GO_Biological_Process_2021,positive,1.6259555946887196,4,GO_Biological_Process_2021::chondroitin sulfate catabolic process (GO:0030207) | GO_Biological_Process_2021::chondroitin sulfate metabolic process (GO:0030204) | GO_Biological_Process_2021::chondroitin sulfate biosynthetic process (GO:0030206) | GO_Biological_Process_2021::chondroitin sulfate proteoglycan biosynthetic process (GO:0050650),0.0044469268204194,raw q retained
prerank,GO_Biological_Process_2021::regulation of peptidyl-tyrosine phosphorylation (GO:0050730),0.6969670232569471,1.6228597143177106,0.0,0.0046275338052652,0.4485,49/51,28.46%,CSF3;GATA1;HCLS1;VTN;TREM2;PTPN6;HRG;FGF7;PLCG2;FGF10;PECAM1;CLEC6A;GH1;SAMSN1;RIPK2;DMTN;IL11;BMP6;IL3;SFRP2;LIF;IL23R;OSM;NTF3;EFNA5;CSPG4;CD81;RAP2B;RELN;BST1;LRP8;BANK1;IL22RA2;TNFRSF14;TDGF1;PRNP;ANGPT4;CNOT7;THBS4;PAK2;ARHGEF2;RAP2C;PDGFA;PTPRJ;EFNA1;TNK2;HAX1;SFRP1;PDCL3,0.0046275338052652,1.6228597143177106,GO_Biological_Process_2021,positive,1.6228597143177106,3,GO_Biological_Process_2021::regulation of peptidyl-tyrosine phosphorylation (GO:0050730) | GO_Biological_Process_2021::positive regulation of peptidyl-tyrosine phosphorylation (GO:0050731) | GO_Biological_Process_2021::positive regulation of protein phosphorylation (GO:0001934),0.0046275338052652,raw q retained
prerank,GO_Biological_Process_2021::cell chemotaxis (GO:0060326),0.7100089338448916,1.6208931425619295,0.0,0.0046405617720593,0.4635,38/40,26.04%,CCR7;CCL21;PARVA;CX3CR1;CXCR5;CCR8;CCR6;XCR1;CCL25;CCR10;LEF1;CCR3;CXCR3;CXCR6;ARRB2;CCL20;NR4A1;ACKR4;RAB13;DEFB4A;EGR3;CCRL2;BCAR1;AZU1;RHOG;HOXB9;ACKR2;ACKR3;LPAR1;BIN2;ELMO2;CORO1B;ARHGEF16;PLEKHG5;CCL28;PIP5K1A;HMGB2;PLXNB3,0.0046405617720593,1.6208931425619295,GO_Biological_Process_2021,positive,1.6208931425619295,1,GO_Biological_Process_2021::cell chemotaxis (GO:0060326),0.0046405617720593,raw q retained
prerank,GO_Biological_Process_2021::response to amyloid-beta (GO:1904645),0.7765453382243535,1.621439690651567,0.0,0.0046448477072577,0.4605,12/14,13.46%,VCAM1;FPR2;CD36;TREM2;LGMN;GJA1;TLR6;SNX6;NGFR;GRM5;ATP1A3;PRNP,0.0046448477072577,1.621439690651567,GO_Biological_Process_2021,positive,1.621439690651567,3,GO_Biological_Process_2021::response to amyloid-beta (GO:1904645) | GO_Biological_Process_2021::cellular response to amyloid-beta (GO:1904646) | GO_Biological_Process_2021::cellular response to peptide (GO:1901653),0.0046448477072577,raw q retained
prerank,GO_Biological_Process_2021::ephrin receptor signaling pathway (GO:0048013),0.6959532149769704,1.622426165714734,0.0,0.0046510999496439,0.453,46/50,26.40%,SDC2;VAV2;WASL;RHOA;ACTR2;DNM1;ACTB;PAK1;NCK2;ITSN1;CRK;AP2A2;CDC42;EFNA5;ACTR3;RASA1;ARPC2;RAC1;AP2S1;VAV3;ACTG1;KALRN;AP2B1;SDCBP;PAK3;AP2A1;ARPC1B;EFNA3;CDK5R1;ARPC3;NGEF;EFNB3;ARPC5;ARHGEF28;ARPC1A;EFNB1;NCSTN;ARPC4;AP2M1;GIT1;EFNA4;EPHA6;ARHGEF7;TIAM1;APH1B;EFNA1,0.0046510999496439,1.622426165714734,GO_Biological_Process_2021,positive,1.622426165714734,1,GO_Biological_Process_2021::ephrin receptor signaling pathway (GO:0048013),0.0046510999496439,raw q retained
prerank,GO_Biological_Process_2021::positive regulation of cell adhesion mediated by integrin (GO:0033630),0.7866992938379358,1.6178765318697246,0.0010045203415369,0.0048006832489721,0.4805,10/13,7.60%,RAC3;CCL5;CCL21;CXCL13;NCKAP1L;SFRP2;SKAP1;LIF;FOXC2;PODXL,0.0048006832489721,1.6178765318697246,GO_Biological_Process_2021,positive,1.6178765318697246,3,GO_Biological_Process_2021::positive regulation of cell adhesion mediated by integrin (GO:0033630) | GO_Biological_Process_2021::regulation of cell adhesion mediated by integrin (GO:0033628) | GO_Biological_Process_2021::positive regulation of cell adhesion (GO:0045785),0.0048006832489721,raw q retained
prerank,GO_Biological_Process_2021::regulation of cell size (GO:0008361),0.7460799880452935,1.6184800918611228,0.0,0.0048079248042736,0.4765,20/21,24.72%,CAV3;PTEN;EDN1;VAV2;RHOA;VAV1;PLEK;EZR;RAC1;VAV3;MSN;RDX;MTPN;RARG;LAMTOR5;LAMTOR4;RAP1GAP2;AKT1S1;DEPTOR;SLC9A3R1,0.0048079248042736,1.6184800918611228,GO_Biological_Process_2021,positive,1.6184800918611228,1,GO_Biological_Process_2021::regulation of cell size (GO:0008361),0.0048079248042736,raw q retained
prerank,GO_Biological_Process_2021::positive regulation of mononuclear cell migration (GO:0071677),0.7598260634787828,1.6181328515347508,0.0,0.0048126351574758,0.48,17/18,23.61%,CCR7;CCL5;FPR2;AIF1;CCR6;LGMN;CCL1;S100A7;S100A14;JAM2;C1QBP;LGALS9;CXCL17;CALR;MOSPD2;ANO6;CREB3,0.0048126351574758,1.6181328515347508,GO_Biological_Process_2021,positive,1.6181328515347508,4,GO_Biological_Process_2021::positive regulation of mononuclear cell migration (GO:0071677) | GO_Biological_Process_2021::positive regulation of leukocyte chemotaxis (GO:0002690) | GO_Biological_Process_2021::positive regulation of monocyte chemotaxis (GO:0090026) | GO_Biological_Process_2021::regulation of monocyte chemotaxis (GO:0090025),0.0048126351574758,raw q retained
prerank,GO_Biological_Process_2021::long-chain fatty acid biosynthetic process (GO:0042759),0.7341217319657121,1.6159027573870637,0.0,0.0048805554117144,0.496,20/24,16.10%,LTC4S;GSTM1;GSTM2;CYP2C8;CYP1A1;CYP2C9;CYP1A2;ALOX12B;ALOX15B;ALOX15;GSTM4;ASAH2;ALOX12;CYP2E1;HPGD;CYP2D6;ASAH2B;ACSBG2;GPX4;ACSBG1,0.0048805554117144,1.6159027573870637,GO_Biological_Process_2021,positive,1.6159027573870637,4,GO_Biological_Process_2021::long-chain fatty acid biosynthetic process (GO:0042759) | GO_Biological_Process_2021::arachidonic acid metabolic process (GO:0019369) | GO_Biological_Process_2021::lipoxygenase pathway (GO:0019372) | GO_Biological_Process_2021::lipid oxidation (GO:0034440),0.0048805554117144,raw q retained
prerank,GO_Biological_Process_2021::regulation of lamellipodium assembly (GO:0010591),0.7271808017833238,1.6167721242532784,0.0,0.0049010251123965,0.489,23/28,16.56%,WAS;CYFIP1;RAC2;HRG;NCKAP1;ACTR2;OCLN;DMTN;CDC42;ABI3;ACTR3;BRK1;TWF2;WASF2;ARPC2;RAC1;PLCE1;SLIT2;ABI2;TWF1;AVIL;CAPZB;FSCN1,0.0049010251123965,1.6167721242532784,GO_Biological_Process_2021,positive,1.6167721242532784,4,GO_Biological_Process_2021::regulation of lamellipodium assembly (GO:0010591) | GO_Biological_Process_2021::regulation of lamellipodium organization (GO:1902743) | GO_Biological_Process_2021::positive regulation of actin nucleation (GO:0051127) | GO_Biological_Process_2021::positive regulation of lamellipodium organization (GO:1902745),0.0049010251123965,raw q retained
prerank,GO_Biological_Process_2021::defense response to Gram-negative bacterium (GO:0050829),0.7049383926041516,1.6109074026130592,0.0,0.0049799418766802,0.5245,30/40,14.08%,RPL30;CTSG;FCN2;CAMP;RARRES2;LTF;SLC11A1;RNASE2;LYZ;TREM2;DEFA4;RNASE6;RNASE3;BPI;LBP;PYCARD;MPEG1;S100A7;IL23R;MR1;DEFB4A;OPTN;AZU1;RNASE7;AQP1;DEFB1;GSDMD;TNFRSF14;ROMO1;PRB3,0.0049799418766802,1.6109074026130592,GO_Biological_Process_2021,positive,1.6109074026130592,2,GO_Biological_Process_2021::defense response to Gram-negative bacterium (GO:0050829) | GO_Biological_Process_2021::defense response to Gram-positive bacterium (GO:0050830),0.0049799418766802,raw q retained
prerank,GO_Biological_Process_2021::cellular response to cadmium ion (GO:0071276),0.7430392972983699,1.6106535022110904,0.001000500250125,0.0049831426905001,0.5265,16/19,20.22%,JUN;NCF1;FOS;MT1G;MT1H;CHUK;MT1M;MT2A;MT1E;DAXX;MT1F;HSF1;MT1X;SUMO1;MT1HL1;AKR1C3,0.0049831426905001,1.6106535022110904,GO_Biological_Process_2021,positive,1.6106535022110904,5,GO_Biological_Process_2021::cellular response to cadmium ion (GO:0071276) | GO_Biological_Process_2021::response to copper ion (GO:0046688) | GO_Biological_Process_2021::cellular response to copper ion (GO:0071280) | GO_Biological_Process_2021::response to cadmium ion (GO:0046686) | GO_Biological_Process_2021::cellular response to metal ion (GO:0071248),0.0049831426905001,raw q retained
prerank,GO_Biological_Process_2021::regulation of programmed necrotic cell death (GO:0062098),0.7649627750280751,1.6136428014712678,0.0010035122930255,0.0049908099463473,0.508,15/15,23.55%,MLKL;STUB1;NUPR1;RIPK3;ASAH1;SDCBP;PDCD6IP;CDC37;FLOT2;FLOT1;CYLD;CFLAR;PELI1;SPATA2;OGT,0.0049908099463473,1.6136428014712678,GO_Biological_Process_2021,positive,1.6136428014712678,2,GO_Biological_Process_2021::regulation of programmed necrotic cell death (GO:0062098) | GO_Biological_Process_2021::regulation of necroptotic process (GO:0060544),0.0049908099463473,raw q retained
prerank,GO_Biological_Process_2021::aminoglycan catabolic process (GO:0006026),0.7257510642480357,1.611147910735248,0.0,0.0049949319437438,0.524,23/27,19.77%,HSPG2;CHIT1;CHIA;CHI3L1;SDC2;GPC1;GLB1;HYAL2;GNS;AGRN;SDC3;IDUA;CTBS;FUCA1;NAGLU;HPSE2;CHI3L2;GUSB;HGSNAT;GPC6;SGSH;HYAL4;GPC4,0.0049949319437438,1.611147910735248,GO_Biological_Process_2021,positive,1.611147910735248,1,GO_Biological_Process_2021::aminoglycan catabolic process (GO:0006026),0.0049949319437438,raw q retained
prerank,GO_Biological_Process_2021::antigen processing and presentation of peptide antigen via MHC class I (GO:0002474),0.7214204208577449,1.611262431637461,0.0,0.0050101048165033,0.5225,29/30,27.40%,IFI30;FCER1G;CANX;HLA-C;HLA-A;B2M;HLA-B;TAP2;ABCB9;HFE;TAP1;HLA-F;CLEC4A;SEC13;SEC31A;PDIA3;TAPBP;SEC24D;SEC23A;CALR;TAPBPL;HLA-E;HLA-G;SEC24B;BCAP31;SEC24A;IDE;SEC24C;SAR1B,0.0050101048165033,1.611262431637461,GO_Biological_Process_2021,positive,1.611262431637461,3,GO_Biological_Process_2021::antigen processing and presentation of peptide antigen via MHC class I (GO:0002474) | GO_Biological_Process_2021::antigen processing and presentation of exogenous peptide antigen (GO:0002478) | GO_Biological_Process_2021::antigen processing and presentation of endogenous peptide antigen (GO:0002483),0.0050101048165033,raw q retained
prerank,GO_Biological_Process_2021::response to alcohol (GO:0097305),0.7610466755663661,1.6122621562113872,0.0005005005005005,0.0050162753873535,0.516,13/17,14.25%,CCR7;CCL21;CCL19;TGFBR2;ADH7;ADH6;SMAD2;CCL3;TGFBR3;SLIT2;SLIT3;SDF4;GOT2,0.0050162753873535,1.6122621562113872,GO_Biological_Process_2021,positive,1.6122621562113872,1,GO_Biological_Process_2021::response to alcohol (GO:0097305),0.0050162753873535,raw q retained
prerank,GO_Biological_Process_2021::regulation of tissue remodeling (GO:0034103),0.8042664670658682,1.6080900711602817,0.0030441400304414,0.0050685395705247,0.543,10/10,19.61%,IL2;LEP;RUNX1;CST3;HAND2;SUCO;CEACAM1;THBS4;SYT7;MDK,0.0050685395705247,1.6080900711602817,GO_Biological_Process_2021,positive,1.6080900711602817,1,GO_Biological_Process_2021::regulation of tissue remodeling (GO:0034103),0.0050685395705247,raw q retained
prerank,GO_Biological_Process_2021::positive regulation of immune effector process (GO:0002699),0.7391695620067171,1.604545646116275,0.0,0.005288169345655,0.5645,16/20,12.56%,IL2;HLA-DRA;HLA-DMB;LILRB1;LBP;CD46;XBP1;IL12RB1;PHB;IL23R;DDX60;PCK1;MYB;CD81;DHX58;LGALS9,0.005288169345655,1.604545646116275,GO_Biological_Process_2021,positive,1.604545646116275,2,GO_Biological_Process_2021::positive regulation of immune effector process (GO:0002699) | GO_Biological_Process_2021::positive regulation of immune response (GO:0050778),0.005288169345655,raw q retained
prerank,GO_Biological_Process_2021::interferon-gamma-mediated signaling pathway (GO:0060333),0.6861312955048672,1.6028174659103904,0.0,0.0054717519753261,0.5785,46/52,25.95%,HLA-DQB2;VCAM1;HLA-DPA1;IFI30;HLA-DQB1;HLA-DRA;HLA-DPB1;CIITA;HLA-DQA1;HLA-DQA2;IRF7;OAS1;OASL;HLA-C;OAS2;HLA-A;IRF4;B2M;HLA-B;OAS3;IRF9;STAT1;IRF8;CAMK2A;GBP1;IRF3;HLA-F;IRF5;PML;TRIM25;CAMK2B;TRIM5;MT2A;TRIM22;IRF2;GBP2;HLA-E;IRF1;HLA-G;SP100;TRIM21;MID1;CAMK2G;IRF6;TRIM38;TRIM31,0.0054717519753261,1.6028174659103904,GO_Biological_Process_2021,positive,1.6028174659103904,1,GO_Biological_Process_2021::interferon-gamma-mediated signaling pathway (GO:0060333),0.0054717519753261,raw q retained
prerank,GO_Biological_Process_2021::regulation of interferon-gamma-mediated signaling pathway (GO:0060334),0.7770846329798295,1.602061213867484,0.0010045203415369,0.0055201423740115,0.584,13/13,22.33%,ARG1;PARP9;STAT1;SOCS1;PARP14;CDC37;SOCS3;PTPN2;TXK;SUMO1;PIAS1;IRGM;NLRC5,0.0055201423740115,1.602061213867484,GO_Biological_Process_2021,positive,1.602061213867484,2,GO_Biological_Process_2021::regulation of interferon-gamma-mediated signaling pathway (GO:0060334) | GO_Biological_Process_2021::regulation of cytokine-mediated signaling pathway (GO:0001959),0.0055201423740115,raw q retained
prerank,GO_Biological_Process_2021::negative regulation of interleukin-1 production (GO:0032692),0.7404803632593271,1.5969348930083636,0.0,0.0057112309020448,0.6145,18/20,20.55%,MEFV;CX3CR1;CARD17;LILRB4;CARD18;GHRL;NLRP7;APOA1;NLRP12;TNFAIP3;CARD8;CARD16;CEACAM1;PYDC1;ZC3H12A;FFAR4;GIT1;SERPINB1,0.0057112309020448,1.5969348930083636,GO_Biological_Process_2021,positive,1.5969348930083636,3,GO_Biological_Process_2021::negative regulation of interleukin-1 production (GO:0032692) | GO_Biological_Process_2021::regulation of interleukin-1 beta production (GO:0032651) | GO_Biological_Process_2021::negative regulation of interleukin-1 beta production (GO:0032691),0.0057112309020448,raw q retained
prerank,GO_Biological_Process_2021::regulation of interleukin-1 production (GO:0032652),0.7891625625382672,1.5951185419370042,0.001010611419909,0.0058126289758329,0.631,10/11,14.24%,CCR7;MEFV;SAA1;ORM1;TMED10;ORM2;NLRP12;SIRPA;ANXA1;CEACAM1,0.0058126289758329,1.5951185419370042,GO_Biological_Process_2021,positive,1.5951185419370042,4,GO_Biological_Process_2021::regulation of interleukin-1 production (GO:0032652) | GO_Biological_Process_2021::positive regulation of interleukin-1 production (GO:0032732) | GO_Biological_Process_2021::regulation of inflammatory response (GO:0050727) | GO_Biological_Process_2021::regulation of cytokine production (GO:0001817),0.0058126289758329,raw q retained
prerank,GO_Biological_Process_2021::positive regulation of alpha-beta T cell proliferation (GO:0046641),0.7981952761144377,1.5921051415250682,0.0035264483627204,0.0060601813153762,0.647,10/10,20.21%,PTPN22;TGFBR2;HLA-A;XCL1;CD55;CD81;RASAL3;LGALS9;HLA-E;EBI3,0.0060601813153762,1.5921051415250682,GO_Biological_Process_2021,positive,1.5921051415250682,1,GO_Biological_Process_2021::positive regulation of alpha-beta T cell proliferation (GO:0046641),0.0060601813153762,raw q retained
prerank,GO_Biological_Process_2021::neutrophil mediated immunity (GO:0002446),0.6361673335811001,1.589638180549024,0.0,0.0061379420472883,0.6575,315/386,25.73%,CTSG;LILRB2;ITGAX;CALML5;CAMP;EEF1A1;CFP;S100A12;MNDA;FCAR;LTF;PRTN3;FPR1;CYBB;HK3;FPR2;LILRB3;VCL;CD93;CXCL1;SLC11A1;NPC2;FCN1;C3AR1;TYROBP;FCER1G;PLAUR;RNASE2;CD36;FCGR3B;CYFIP1;CHIT1;LYZ;APAF1;CLEC4D;CHI3L1;PTPN6;RETN;CLEC5A;DEFA4;PRG2;SIRPB1;FCGR2A;OSCAR;NCKAP1L;PTX3;ARG1;CD300A;S100A8;CEACAM8;PECAM1;LCN2;AHSG;OLR1;TCIRG1;RHOA;CLEC4C;RNASE3;HLA-C;BPI;CARD9;HVCN1;CD68;CD53;B2M;ACTR2;HLA-B;GLB1;CREG1;METTL7A;SNAP23;CST3;HEXB;ATP6V1D;MGST1;PYCARD;TICAM2;ORM1;CAPN1;S100A7;LAMTOR3;GNS;GMFG;CRISPLD2;ORM2;PSMA2;CTSZ;SERPINA1;CYSTM1;NFAM1;TNFRSF1B;FGL2;TMBIM1;IGF2R;AP2A2;LAIR1;GM2A;RAP1B;VCP;DSP;CTSD;CTSB;RAB7A;FTH1;GPI;ATP6AP2;SIGLEC14;PLA2G1B;IRAK4;PPBP;PLEKHO2;VNN1;MMP25;RAB3A;FTL;SIRPA;DOK3;GRN;CPPED1;ERP44;CCT8;HP;RAB27A;GLIPR1;CMTM6;LAMP2;CD55;DDOST;GLA;LAMP1;MCEMP1;CLEC12A;MS4A3;STOM;ANXA2;ADAM10;JUP;BST2;S100A11;RAC1;ATP6V0A1;TXNDC5;TNFAIP6;S100A9;RAB31;COTL1;AZU1;PFKL;CTSA;SLPI;STXBP2;GSN;PGM2;SPTAN1;STK10;DIAPH1;MAN2B1;ASAH1;SDCBP;ARHGAP9;CTSH;CYBA;VAPA;ARSB;VAT1;RAP2B;UNC13D;CD177;ATG7;RHOG;PGM1;COMMD9;PRCP;DNAJC3;SERPINB3;PKP1;ALDOC;FUCA1;MLEC;DNAJC5;PRSS3;SERPINB10;TIMP2;GALNS;RNASET2;GSDMD;BST1;DOCK2;QPCT;GCA;COMMD3;CD59;PKM;IQGAP1;OSTF1;SIGLEC5;GUSB;PSAP;RAB10;DDX3X;CCT2;COPB1;PLAC8;OLFM4;PA2G4;LAMTOR2;DBNL;ATP6V0C;RAB6A;ACTR10;VAMP7;TCN1;RAB3D;FAF2;DNASE1L1;CD63;RAB24;FOLR3;SNAP29;ARPC5;CSTB;DYNLT1;DERA;DYNC1H1;BRI3;CEACAM1;QSOX1;ARSA;VAMP8;SERPINA3;TBC1D10C;CAP1;ADGRE5;CRISP3;NEU1;HGSNAT;ANXA3;SIGLEC9;RAB9B;NCSTN;PRDX4;DYNLL1;AP1M1;PRDX6;FUCA2;ACAA1;ADGRE3;FABP5;PRSS2;KRT1;SLC2A5;DYNC1LI1;RAP1A;B4GALT1;KPNB1;SERPINB6;BIN2;ILF2;IST1;MANBA;RAB5B;SLC2A3;ALDOA;ALDH3B1;LPCAT1;TOM1;NAPRT;RHOF;IQGAP2;SURF4;LAMTOR1;YPEL5;MAGT1;RAB5C;PGAM1;PYGL;DNAJC13;KCNAB2;MOSPD2;P2RX1;XRCC6;AGPAT2;PTGES2;RAB14;SERPINB1;TSPAN14;TRPM2;PIGR;ANO6;APRT;SLC27A2;CNN2;CAT;HSPA6;PDXK;HMOX2;GDI2;LRG1;SRP14;CD58;ADAM8;CYB5R3;RAP2C;TOLLIP;PLD1;CPNE3;DPP7;CSNK2B;KMT2E;CRACR2A;STBD1;FRK;HEBP2;XRCC5;CKAP4,0.0061379420472883,1.589638180549024,GO_Biological_Process_2021,positive,1.589638180549024,3,GO_Biological_Process_2021::neutrophil mediated immunity (GO:0002446) | GO_Biological_Process_2021::neutrophil activation involved in immune response (GO:0002283) | GO_Biological_Process_2021::neutrophil degranulation (GO:0043312),0.0061379420472883,raw q retained
prerank,GO_Biological_Process_2021::modulation by host of viral process (GO:0044788),0.7876972811303851,1.5858829154019876,0.0015166835187057,0.0063993008109561,0.678,10/11,20.72%,LTF;CRP;PTX3;IFI27;IGF2R;APOE;CFL1;CAV2;PPIB;PC,0.0063993008109561,1.5858829154019876,GO_Biological_Process_2021,positive,1.5858829154019876,1,GO_Biological_Process_2021::modulation by host of viral process (GO:0044788),0.0063993008109561,raw q retained
prerank,GO_Biological_Process_2021::negative regulation of epithelial cell apoptotic process (GO:1904036),0.7284327245565854,1.5850795252809389,0.0,0.0064302483978031,0.6815,17/20,19.96%,CDH5;SERPINB13;YAP1;GATA2;IL11;GATA3;TNFAIP3;NUPR1;CAST;TCF7L2;WFS1;TNIP2;PKHD1;KRIT1;NEUROD1;MDK;MAPK7,0.0064302483978031,1.5850795252809389,GO_Biological_Process_2021,positive,1.5850795252809389,2,GO_Biological_Process_2021::negative regulation of epithelial cell apoptotic process (GO:1904036) | GO_Biological_Process_2021::negative regulation of endothelial cell apoptotic process (GO:2000352),0.0064302483978031,raw q retained
prerank,GO_Biological_Process_2021::positive regulation of vascular endothelial growth factor production (GO:0010575),0.7529672634254768,1.5813818747296524,0.00050075112669,0.0066817936792853,0.707,13/15,16.12%,EIF2AK3;HIF1A;C5;GATA4;CYP1B1;ARNT;ATF4;BRCA1;RORA;SULF2;CXCL17;SULF1;CCBE1,0.0066817936792853,1.5813818747296524,GO_Biological_Process_2021,positive,1.5813818747296524,2,GO_Biological_Process_2021::positive regulation of vascular endothelial growth factor production (GO:0010575) | GO_Biological_Process_2021::regulation of vascular endothelial growth factor production (GO:0010574),0.0066817936792853,raw q retained
prerank,GO_Biological_Process_2021::platelet degranulation (GO:0002576),0.6591912252133232,1.580743781787755,0.0,0.0066946096115007,0.7125,65/86,18.33%,RARRES2;KNG1;THBS1;ISLR;TIMP3;VCL;EGF;CD36;ECM1;HRG;RAB27B;PECAM1;AHSG;LHFPL2;SERPINF2;PF4;PHACTR2;ACTN1;ALB;SRGN;TTN;ORM1;ORM2;SERPINA1;APOH;APOA1;TLN1;TMSB4X;SPP2;PLEK;TIMP1;PPBP;ACTN4;CTSW;MMRN1;LAMP2;SPARC;CD9;ITIH4;F13A1;ITIH3;STXBP2;LGALS3BP;CLEC3B;FERMT3;CHID1;TPH1;SCCPDH;ANXA5;WDR1;PSAP;ACTN2;FAM3C;ABCC4;CD63;TAGLN2;QSOX1;SERPINA3;VTI1B;TF;CD109;APLP2;PCDH7;ALDOA;MANF,0.0066946096115007,1.580743781787755,GO_Biological_Process_2021,positive,1.580743781787755,3,GO_Biological_Process_2021::platelet degranulation (GO:0002576) | GO_Biological_Process_2021::positive regulation of blood coagulation (GO:0030194) | GO_Biological_Process_2021::regulated exocytosis (GO:0045055),0.0066946096115007,raw q retained
prerank,GO_Biological_Process_2021::negative regulation of endothelial cell proliferation (GO:0001937),0.7171269383686253,1.5818012094697176,0.0,0.0066980730164259,0.7035,22/24,25.25%,THBS1;CAV1;GHRL;PRL;STAT1;APOH;NR2F2;APOE;SPARC;NGFR;MEF2C;SULF1;PTPRM;KRIT1;CAV2;RGCC;NF1;TNMD;PDCD10;SYNJ2BP;VASH1;AIMP1,0.0066980730164259,1.5818012094697176,GO_Biological_Process_2021,positive,1.5818012094697176,6,GO_Biological_Process_2021::negative regulation of endothelial cell proliferation (GO:0001937) | GO_Biological_Process_2021::regulation of angiogenesis (GO:0045765) | GO_Biological_Process_2021::regulation of endothelial cell proliferation (GO:0001936) | GO_Biological_Process_2021::negative regulation of blood vessel morphogenesis (GO:2000181) | GO_Biological_Process_2021::negative regulation of angiogenesis (GO:0016525) | GO_Biological_Process_2021::negative regulation of epithelial cell proliferation (GO:0050680),0.0066980730164259,raw q retained
prerank,GO_Biological_Process_2021::positive regulation of neuron death (GO:1901216),0.716008339840958,1.5800009139418258,0.0,0.0067653809703802,0.7175,22/25,21.91%,TYROBP;C1QA;FOXO3;FOS;TLR6;BAX;CCL3;DDIT3;GRN;ATF4;PICALM;NUPR1;TFAP2A;CDK5R1;PRNP;DAXX;WNT5A;NF1;SARM1;DDIT4;EIF2S1;TFAP2B,0.0067653809703802,1.5800009139418258,GO_Biological_Process_2021,positive,1.5800009139418258,2,GO_Biological_Process_2021::positive regulation of neuron death (GO:1901216) | GO_Biological_Process_2021::positive regulation of neuron apoptotic process (GO:0043525),0.0067653809703802,raw q retained
prerank,GO_Biological_Process_2021::stress-activated MAPK cascade (GO:0051403),0.6871261330118673,1.5752069497917225,0.0,0.0070687867990322,0.745,35/41,21.12%,UBA52;UBB;RIPK2;SKP1;ARHGEF6;TRAF6;MAPK13;IRAK2;CUL1;IKBKG;CHUK;NOD1;UBE2N;MAP3K7;MAP2K3;TRIB1;TAB1;SH2D3C;BTRC;ZFP36;TAB2;ZFP36L1;LGALS9;DUSP9;UBC;TNIP2;TNFRSF19;TAOK2;CRKL;MAP2K7;MAP2K4;MAP4K2;TAB3;SH2D3A;FBXW11,0.0070687867990322,1.5752069497917225,GO_Biological_Process_2021,positive,1.5752069497917225,3,GO_Biological_Process_2021::stress-activated MAPK cascade (GO:0051403) | GO_Biological_Process_2021::JNK cascade (GO:0007254) | GO_Biological_Process_2021::MAPK cascade (GO:0000165),0.0070687867990322,raw q retained
prerank,GO_Biological_Process_2021::positive regulation of myeloid leukocyte cytokine production involved in immune response (GO:0061081),0.7642025482846921,1.5708678733144652,0.0015128593040847,0.0075242587953779,0.7735,11/13,18.02%,DDX58;LAPTM5;LILRB1;PLCG2;NR4A3;CAMK4;MAVS;BCL10;WNT5A;HLA-G;TICAM1,0.0075242587953779,1.5708678733144652,GO_Biological_Process_2021,positive,1.5708678733144652,1,GO_Biological_Process_2021::positive regulation of myeloid leukocyte cytokine production involved in immune response (GO:0061081),0.0075242587953779,raw q retained
prerank,GO_Biological_Process_2021::granulocyte differentiation (GO:0030851),0.7491170518323252,1.570306762169512,0.001002004008016,0.0075961762878881,0.7795,11/15,7.68%,CSF3;GATA1;TAL1;SPI1;LEF1;CEBPA;CDKN1A;CEBPE;EP300;CBFA2T3;PML,0.0075961762878881,1.570306762169512,GO_Biological_Process_2021,positive,1.570306762169512,1,GO_Biological_Process_2021::granulocyte differentiation (GO:0030851),0.0075961762878881,raw q retained
prerank,GO_Biological_Process_2021::negative regulation of lymphocyte proliferation (GO:0050672),0.7090726445855166,1.5699428306782557,0.0005002501250625,0.0076070251582312,0.7805,20/25,17.09%,LILRB2;MNDA;FOXP3;TYROBP;VSIG4;LILRB4;LILRB1;LST1;ARG1;CD300A;CEBPB;IL4I1;SPN;PLA2G2D;GLMN;PLA2G2F;TNFRSF13B;ATM;SFTPD;HLA-G,0.0076070251582312,1.5699428306782557,GO_Biological_Process_2021,positive,1.5699428306782557,4,GO_Biological_Process_2021::negative regulation of lymphocyte proliferation (GO:0050672) | GO_Biological_Process_2021::negative regulation of T cell activation (GO:0050868) | GO_Biological_Process_2021::positive regulation of regulatory T cell differentiation (GO:0045591) | GO_Biological_Process_2021::negative regulation of T cell proliferation (GO:0042130),0.0076070251582312,raw q retained
prerank,GO_Biological_Process_2021::myeloid cell activation involved in immune response (GO:0002275),0.7504013116385807,1.5695205848381524,0.0015022533800701,0.0076356021688285,0.7825,14/15,21.78%,DNASE1L3;TYROBP;FCER1G;PLCG2;LILRA2;DYSF;LBP;PYCARD;IFI35;SLAMF1;DOCK2;FER1L5;NMI;DNASE1,0.0076356021688285,1.5695205848381524,GO_Biological_Process_2021,positive,1.5695205848381524,3,GO_Biological_Process_2021::myeloid cell activation involved in immune response (GO:0002275) | GO_Biological_Process_2021::macrophage activation involved in immune response (GO:0002281) | GO_Biological_Process_2021::neutrophil activation (GO:0042119),0.0076356021688285,raw q retained
prerank,GO_Biological_Process_2021::positive regulation of inflammatory response (GO:0050729),0.6765564495573344,1.5691289210705266,0.0,0.0076417441544544,0.784,37/48,17.30%,S100A12;IL2;LPL;S100A8;LBP;CCL1;MGST2;CEBPA;HYAL2;NFKBIA;MAPK13;ETS1;CCL3;PLA2G3;OSM;NLRP12;GRN;IFI35;NUPR1;TRADD;IL16;PDCD4;CD81;LILRA5;S100A9;CREB3L3;GPSM3;DDT;VAMP7;NFKBIZ;WNT5A;VAMP8;SNX4;ZBP1;GPR4;NINJ1;TNIP1,0.0076417441544544,1.5691289210705266,GO_Biological_Process_2021,positive,1.5691289210705266,3,GO_Biological_Process_2021::positive regulation of inflammatory response (GO:0050729) | GO_Biological_Process_2021::positive regulation of response to external stimulus (GO:0032103) | GO_Biological_Process_2021::positive regulation of defense response (GO:0031349),0.0076417441544544,raw q retained
prerank,GO_Biological_Process_2021::positive regulation of myeloid leukocyte mediated immunity (GO:0002888),0.7919577511643379,1.5678352595770455,0.0005073566717402,0.0077408469417915,0.793,10/10,20.84%,TYROBP;DDX58;SPI1;CAMK4;MAVS;STX4;CD177;F2RL1;TICAM1;STAP1,0.0077408469417915,1.5678352595770455,GO_Biological_Process_2021,positive,1.5678352595770455,1,GO_Biological_Process_2021::positive regulation of myeloid leukocyte mediated immunity (GO:0002888),0.0077408469417915,raw q retained
prerank,GO_Biological_Process_2021::positive regulation of establishment of protein localization to telomere (GO:1904851),0.7909698713564937,1.56596806414892,0.0040526849037487,0.0078311984322224,0.805,9/10,12.45%,TCP1;CCT8;CCT4;CCT5;CCT6A;DKC1;CCT3;CCT7;CCT2,0.0078311984322224,1.56596806414892,GO_Biological_Process_2021,positive,1.56596806414892,7,"GO_Biological_Process_2021::positive regulation of establishment of protein localization to telomere (GO:1904851) | GO_Biological_Process_2021::positive regulation of telomerase RNA localization to Cajal body (GO:1904874) | GO_Biological_Process_2021::regulation of protein localization to Cajal body (GO:1904869) | GO_Biological_Process_2021::positive regulation of protein localization to Cajal body (GO:1904871) | GO_Biological_Process_2021::regulation of establishment of protein localization to telomere (GO:0070203) | GO_Biological_Process_2021::regulation of telomerase RNA localization to Cajal body (GO:1904872) | GO_Biological_Process_2021::positive regulation of protein localization to chromosome, telomeric region (GO:1904816)",0.0078311984322224,raw q retained
prerank,GO_Biological_Process_2021::ERBB2 signaling pathway (GO:0038128),0.7285773710482529,1.5655600148701057,0.0,0.0078426240295731,0.8065,18/18,27.20%,EGF;SHC1;MYOC;STUB1;SOS1;MATK;CUL5;CDC37;PTPRR;GRB7;NRG1;BTC;NRG4;PTPN12;GAB1;CPNE3;PTPN18;NRG2,0.0078426240295731,1.5655600148701057,GO_Biological_Process_2021,positive,1.5655600148701057,2,GO_Biological_Process_2021::ERBB2 signaling pathway (GO:0038128) | GO_Biological_Process_2021::ERBB signaling pathway (GO:0038127),0.0078426240295731,raw q retained
prerank,GO_Biological_Process_2021::positive regulation of smooth muscle cell proliferation (GO:0048661),0.7122001421902298,1.5666646444693455,0.0005002501250625,0.0078474426088711,0.801,22/25,22.06%,JUN;CCL5;THBS1;AIF1;IGFBP5;EDN1;GJA1;SERPINF2;BMP4;HMOX1;FGF9;NR4A3;STAT1;PHB;ERN1;ADAMTS1;MEF2D;ID2;MFN2;CDH13;FOXP1;RBPMS2,0.0078474426088711,1.5666646444693455,GO_Biological_Process_2021,positive,1.5666646444693455,3,GO_Biological_Process_2021::positive regulation of smooth muscle cell proliferation (GO:0048661) | GO_Biological_Process_2021::positive regulation of vascular associated smooth muscle cell proliferation (GO:1904707) | GO_Biological_Process_2021::positive regulation of cell population proliferation (GO:0008284),0.0078474426088711,raw q retained
prerank,GO_Biological_Process_2021::positive regulation of blood vessel endothelial cell migration (GO:0043536),0.7187124167928364,1.5669406034018507,0.0,0.007853226663218,0.7995,20/23,18.88%,THBS1;HIF1A;GATA2;HMOX1;SRPX2;STAT5A;PLCG1;ETS1;TMSB4X;RHOJ;FOXC2;FGF18;ANXA1;MAP2K3;SP1;MAP3K3;PRKD2;ANGPT4;FGFBP1;PIK3C2A,0.007853226663218,1.5669406034018507,GO_Biological_Process_2021,positive,1.5669406034018507,7,GO_Biological_Process_2021::positive regulation of blood vessel endothelial cell migration (GO:0043536) | GO_Biological_Process_2021::regulation of blood vessel endothelial cell migration (GO:0043535) | GO_Biological_Process_2021::positive regulation of angiogenesis (GO:0045766) | GO_Biological_Process_2021::positive regulation of vasculature development (GO:1904018) | GO_Biological_Process_2021::positive regulation of endothelial cell migration (GO:0010595) | GO_Biological_Process_2021::positive regulation of cell migration involved in sprouting angiogenesis (GO:0090050) | GO_Biological_Process_2021::regulation of cell migration involved in sprouting angiogenesis (GO:0090049),0.007853226663218,raw q retained
prerank,GO_Biological_Process_2021::epoxygenase P450 pathway (GO:0019373),0.7461445124759397,1.5609057274391502,0.0005022601707684,0.008311404206422,0.828,13/15,16.25%,CYP2B6;CYP2C8;CYP1A1;CYP2A13;CYP2C9;CYP2A6;CYP1A2;CYP1B1;CYP2C18;CYP2S1;CYP2E1;CYP2F1;CYP2J2,0.008311404206422,1.5609057274391502,GO_Biological_Process_2021,positive,1.5609057274391502,3,GO_Biological_Process_2021::epoxygenase P450 pathway (GO:0019373) | GO_Biological_Process_2021::drug catabolic process (GO:0042737) | GO_Biological_Process_2021::exogenous drug catabolic process (GO:0042738),0.008311404206422,raw q retained
prerank,GO_Biological_Process_2021::actin filament bundle assembly (GO:0051017),0.6910940103431334,1.5600805047768265,0.0,0.0083850848546789,0.8305,28/33,24.49%,AIF1;ADD2;BAIAP2;DMTN;FAM107A;DPYSL3;CALD1;FSCN2;EZR;BAIAP2L2;LCP1;ESPN;RHOD;ESPNL;PLS3;ADD1;NEDD9;HSP90B1;PLS1;EPS8;BAIAP2L1;MYO1B;PDXP;FSCN1;CORO1B;MICAL1;LIMA1;PAWR,0.0083850848546789,1.5600805047768265,GO_Biological_Process_2021,positive,1.5600805047768265,2,GO_Biological_Process_2021::actin filament bundle assembly (GO:0051017) | GO_Biological_Process_2021::actin filament bundle organization (GO:0061572),0.0083850848546789,raw q retained
prerank,GO_Biological_Process_2021::positive regulation of endopeptidase activity (GO:0010950),0.7334106129372974,1.5590738258326422,0.0010030090270812,0.008413482312954,0.833,15/16,26.40%,MEFV;PYCARD;AIM2;PICALM;SERPINB3;EFNA3;NCSTN;PSME2;PSME1;MBP;PSME3;PRELID1;USP50;APH1B;EFNA1,0.008413482312954,1.5590738258326422,GO_Biological_Process_2021,positive,1.5590738258326422,2,GO_Biological_Process_2021::positive regulation of endopeptidase activity (GO:0010950) | GO_Biological_Process_2021::regulation of endopeptidase activity (GO:0052548),0.008413482312954,raw q retained
prerank,GO_Biological_Process_2021::cellular response to interleukin-12 (GO:0071349),0.6872166432814576,1.5593445382384106,0.0,0.0084150972253703,0.8325,31/35,22.83%,STAT4;GSTA2;SERPINB2;HSPA9;IL12RB1;CDC42;RAP1B;SOD2;CAPZA1;LCP1;PLCB1;TCP1;SIRPA;CFL1;ANXA2;IL12RB2;PDCD4;RALA;TALDO1;HNRNPF;MSN;LMNB1;GSTO1;ARF1;PAK2;PSME2;HNRNPA2B1;BOLA2;MTAP;CNN2;SNRPA1,0.0084150972253703,1.5593445382384106,GO_Biological_Process_2021,positive,1.5593445382384106,2,GO_Biological_Process_2021::cellular response to interleukin-12 (GO:0071349) | GO_Biological_Process_2021::interleukin-12-mediated signaling pathway (GO:0035722),0.0084150972253703,raw q retained
prerank,GO_Biological_Process_2021::peptide cross-linking (GO:0018149),0.7104361233433228,1.5596633306061038,0.0005,0.0084187970385596,0.832,17/23,17.14%,CD247;THBS1;TGM3;ABCA7;SPRR1A;CSTA;TGM2;DSP;IVL;SPRR1B;ANXA1;F13A1;EVPL;PI3;EPB42;KRT1;TGM1,0.0084187970385596,1.5596633306061038,GO_Biological_Process_2021,positive,1.5596633306061038,3,GO_Biological_Process_2021::peptide cross-linking (GO:0018149) | GO_Biological_Process_2021::keratinocyte differentiation (GO:0030216) | GO_Biological_Process_2021::epidermal cell differentiation (GO:0009913),0.0084187970385596,raw q retained
prerank,GO_Biological_Process_2021::cardiac epithelial to mesenchymal transition (GO:0060317),0.7424582537327354,1.555467024226057,0.0020050125313283,0.0087133523436442,0.8505,13/15,15.81%,FGF8;BMP4;BMP2;SNAI2;TGFBR3;PDCD4;HAS2;TBX3;SNAI1;HEY1;SPRY1;HEYL;RBPJ,0.0087133523436442,1.555467024226057,GO_Biological_Process_2021,positive,1.555467024226057,2,GO_Biological_Process_2021::cardiac epithelial to mesenchymal transition (GO:0060317) | GO_Biological_Process_2021::epithelial to mesenchymal transition (GO:0001837),0.0087133523436442,raw q retained
prerank,GO_Biological_Process_2021::positive regulation of biosynthetic process (GO:0009891),0.6993860511920179,1.5558418737652375,0.0,0.008718890693627,0.8495,22/28,17.87%,CCL5;APOA5;CD36;PLCG2;SERPINF2;BMP4;RUNX1;TLR6;APOA1;SORBS1;CREB1;CREB3L1;APOE;RAB27A;CYBA;SUCO;MTPN;MLXIPL;ADGRB1;RGCC;SIRT4;CREBL2,0.008718890693627,1.5558418737652375,GO_Biological_Process_2021,positive,1.5558418737652375,3,GO_Biological_Process_2021::positive regulation of biosynthetic process (GO:0009891) | GO_Biological_Process_2021::positive regulation of lipid metabolic process (GO:0045834) | GO_Biological_Process_2021::regulation of collagen biosynthetic process (GO:0032965),0.008718890693627,raw q retained
prerank,GO_Biological_Process_2021::response to muscle stretch (GO:0035994),0.7723624568553251,1.5500217923069624,0.0025303643724696,0.0092791879604806,0.872,11/11,22.80%,CAV3;CDH2;TTN;CSRP3;RYR2;GSN;SLC9A1;TCAP;SLC8A1;NPPA;ANKRD1,0.0092791879604806,1.5500217923069624,GO_Biological_Process_2021,positive,1.5500217923069624,1,GO_Biological_Process_2021::response to muscle stretch (GO:0035994),0.0092791879604806,raw q retained
prerank,GO_Biological_Process_2021::sterol transport (GO:0015918),0.7197259809256371,1.5489029366284806,0.001001001001001,0.0094266719891423,0.8745,15/19,14.65%,APOA2;CETP;NPC2;CD36;CAV1;NPC1L1;MSR1;LCAT;APOA1;STARD3;NPC1;LDLR;ABCG5;ABCA8;OSBPL5,0.0094266719891423,1.5489029366284806,GO_Biological_Process_2021,positive,1.5489029366284806,1,GO_Biological_Process_2021::sterol transport (GO:0015918),0.0094266719891423,raw q retained
prerank,GO_Biological_Process_2021::glutathione derivative biosynthetic process (GO:1901687),0.7162577809872848,1.5461260840274067,0.0,0.0096725642925212,0.8885,16/20,13.82%,GSTM5;GSTM1;HPGDS;GSTA1;GSTM2;GSTA3;GSTA2;GSTM3;GSTO2;GSTA4;MGST2;MGST1;GSTT2B;GSTM4;GSTO1;MGST3,0.0096725642925212,1.5461260840274067,GO_Biological_Process_2021,positive,1.5461260840274067,3,GO_Biological_Process_2021::glutathione derivative biosynthetic process (GO:1901687) | GO_Biological_Process_2021::glutathione derivative metabolic process (GO:1901685) | GO_Biological_Process_2021::glutathione metabolic process (GO:0006749),0.0096725642925212,raw q retained
prerank,GO_Biological_Process_2021::acetylcholine receptor signaling pathway (GO:0095500),0.7788363690249107,1.5444758221000228,0.0025484199796126,0.0098667282118194,0.8935,8/10,17.05%,GNB1;GNAQ;AGRN;PLCB1;GNA11;CDK5R1;RGS8;RGS10,0.0098667282118194,1.5444758221000228,GO_Biological_Process_2021,positive,1.5444758221000228,1,GO_Biological_Process_2021::acetylcholine receptor signaling pathway (GO:0095500),0.0098667282118194,raw q retained
prerank,GO_Biological_Process_2021::regulation of neutrophil chemotaxis (GO:0090022),0.7123682399135978,1.5429399345449866,0.0,0.010069186708427,0.9045,20/21,26.00%,CCR7;CCL21;CCL19;RAC2;NCKAP1L;XCL1;MCU;C5AR2;TIRAP;C1QBP;RAC1;SLIT2;BST1;MPP1;THBS4;MDK;MOSPD2;DNM1L;JAM3;CAMK1D,0.010069186708427,1.5429399345449866,GO_Biological_Process_2021,positive,1.5429399345449866,4,GO_Biological_Process_2021::regulation of neutrophil chemotaxis (GO:0090022) | GO_Biological_Process_2021::positive regulation of neutrophil migration (GO:1902624) | GO_Biological_Process_2021::positive regulation of granulocyte chemotaxis (GO:0071624) | GO_Biological_Process_2021::positive regulation of neutrophil chemotaxis (GO:0090023),0.010069186708427,raw q retained
prerank,GO_Biological_Process_2021::amyloid fibril formation (GO:1990000),0.6743743103131666,1.543017802839316,0.0,0.0101048877179277,0.9045,35/38,29.10%,UBA52;LTF;HSPG2;UBB;CD36;CALB1;LYZ;SAA1;B2M;CST3;PRL;FURIN;APOA1;TGFBI;RIPK3;ADAM10;SNCAIP;GSN;IAPP;TSPAN33;GGA1;GGA2;UBE2L6;UBC;SORL1;NCSTN;ITM2B;NPPA;TSPAN14;SIAH1;GGA3;APH1B;USP9X;TSPAN15;SIAH2,0.0101048877179277,1.543017802839316,GO_Biological_Process_2021,positive,1.543017802839316,1,GO_Biological_Process_2021::amyloid fibril formation (GO:1990000),0.0101048877179277,raw q retained
prerank,GO_Biological_Process_2021::regulation of actin filament bundle assembly (GO:0032231),0.7106831362203718,1.5399002254179364,0.0,0.0103574846511826,0.913,16/20,18.41%,WAS;PFN3;CDC42;PLEK;RAC1;SYNPO;SHANK3;ACTG1;VIL1;SLC9A1;RDX;LIMK1;SYNPO2;ASAP3;PFN1;TSC1,0.0103574846511826,1.5399002254179364,GO_Biological_Process_2021,positive,1.5399002254179364,4,GO_Biological_Process_2021::regulation of actin filament bundle assembly (GO:0032231) | GO_Biological_Process_2021::positive regulation of cytoskeleton organization (GO:0051495) | GO_Biological_Process_2021::positive regulation of actin filament bundle assembly (GO:0032233) | GO_Biological_Process_2021::positive regulation of supramolecular fiber organization (GO:1902905),0.0103574846511826,raw q retained
prerank,GO_Biological_Process_2021::positive regulation of signaling receptor activity (GO:2000273),0.7201183979645704,1.5400646268146925,0.001000500250125,0.0103770609260134,0.912,15/18,18.35%,EGF;HIF1A;EDN1;NCF1;NCOA3;HFE;FBXW7;AREG;SHANK3;ARC;RELN;PARK7;BTC;EPGN;BUD31,0.0103770609260134,1.5400646268146925,GO_Biological_Process_2021,positive,1.5400646268146925,1,GO_Biological_Process_2021::positive regulation of signaling receptor activity (GO:2000273),0.0103770609260134,raw q retained
prerank,GO_Biological_Process_2021::regulation of sequestering of triglyceride (GO:0010889),0.7555299313894649,1.538276998328138,0.0020151133501259,0.0105567012134849,0.921,10/12,19.71%,TREM2;LPL;CIDEA;ABHD5;PLIN2;OSBPL11;PNPLA2;PLIN5;OSBPL8;PLIN3,0.0105567012134849,1.538276998328138,GO_Biological_Process_2021,positive,1.538276998328138,2,GO_Biological_Process_2021::regulation of sequestering of triglyceride (GO:0010889) | GO_Biological_Process_2021::positive regulation of lipid storage (GO:0010884),0.0105567012134849,raw q retained
prerank,GO_Biological_Process_2021::positive regulation of cell death (GO:0010942),0.666874014846274,1.537678384015519,0.0,0.0106181296889706,0.922,33/42,22.11%,TYROBP;CD36;C1QA;SLFN11;BMP4;FOS;RIPK2;HPR;LRRK2;PHB;PICALM;HP;ACOX2;AXIN2;CELF1;SLC6A6;PRODH;HTATIP2;PRNP;DAXX;WNT5A;RARG;ACER2;ZC3H12A;SARM1;CDKN1B;DDIT4;EIF4G1;EIF2S1;CIDEB;AKR1C3;BNIP3;APC,0.0106181296889706,1.537678384015519,GO_Biological_Process_2021,positive,1.537678384015519,2,GO_Biological_Process_2021::positive regulation of cell death (GO:0010942) | GO_Biological_Process_2021::regulation of cell death (GO:0010941),0.0106181296889706,raw q retained
prerank,GO_Biological_Process_2021::positive regulation of interleukin-1 beta production (GO:0032731),0.6756188065569719,1.5342148919047238,0.0,0.0108729515886591,0.9285,31/35,25.01%,MNDA;CLEC7A;CCL19;TYROBP;CD36;MYD88;NLRC4;LPL;LILRA2;RIPK2;TLR6;PYCARD;ORM1;AIM2;ORM2;CCL3;GBP5;NLRP12;LILRA5;AZU1;CARD8;NLRP1;GSDMD;LGALS9;WNT5A;F2RL1;PYDC1;IFI16;TMEM106A;NLRP2;USP50,0.0108729515886591,1.5342148919047238,GO_Biological_Process_2021,positive,1.5342148919047238,3,GO_Biological_Process_2021::positive regulation of interleukin-1 beta production (GO:0032731) | GO_Biological_Process_2021::regulation of NLRP3 inflammasome complex assembly (GO:1900225) | GO_Biological_Process_2021::regulation of cysteine-type endopeptidase activity (GO:2000116),0.0108729515886591,raw q retained
prerank,GO_Biological_Process_2021::extracellular matrix assembly (GO:0085029),0.7144649356362304,1.5343156667211362,0.0005,0.0108917532511295,0.9285,12/18,14.29%,MFAP4;PXDN;MYH11;FBLN5;EFEMP2;EMILIN1;TNXB;LAMB4;HAS2;LTBP3;ATP7A;QSOX1,0.0108917532511295,1.5343156667211362,GO_Biological_Process_2021,positive,1.5343156667211362,1,GO_Biological_Process_2021::extracellular matrix assembly (GO:0085029),0.0108917532511295,raw q retained
prerank,GO_Biological_Process_2021::response to lipopolysaccharide (GO:0032496),0.6353321874008889,1.5338795000240986,0.0,0.0108927093648444,0.93,81/105,22.92%,CTSG;LILRB2;CXCL9;CXCL1;SLC11A1;CXCL13;GGT5;CXCL5;PTPN22;CX3CR1;MYD88;CARD17;CXCL11;DEFA4;PF4V1;LILRB1;S100A8;RHOA;PF4;SMAD6;CD68;CXCL3;CXCL6;TNFRSF11A;LBP;PYCARD;TICAM2;NLRP7;S100A7;XBP1;TRAF6;GGT7;TNFRSF1B;GCH1;SCARB1;IL23R;CXCL2;CD180;PPBP;S100A14;TNFAIP3;GFI1;SIRPA;TIRAP;PDCD4;GGT1;S100A9;IL36RN;SLPI;TRIB1;CARD16;PRDX3;ZFP36;CYP27B1;TAB2;MEF2C;IL1F10;BCL10;LGALS9;TNIP2;WNT5A;NFKBIL1;NR1D1;IL36G;ZC3H12A;MAPKAPK3;IRAK3;IL37;TICAM1;CHMP5;GIT1;IRGM;TNIP3;STAP1;PELI1;PABPN1;IL36B;FOXP1;NFKBIB;ANKRD1;NOCT,0.0108927093648444,1.5338795000240986,GO_Biological_Process_2021,positive,1.5338795000240986,7,GO_Biological_Process_2021::response to lipopolysaccharide (GO:0032496) | GO_Biological_Process_2021::cellular response to lipopolysaccharide (GO:0071222) | GO_Biological_Process_2021::cellular response to molecule of bacterial origin (GO:0071219) | GO_Biological_Process_2021::toll-like receptor 4 signaling pathway (GO:0034142) | GO_Biological_Process_2021::response to molecule of bacterial origin (GO:0002237) | GO_Biological_Process_2021::cellular response to lipid (GO:0071396) | GO_Biological_Process_2021::cellular response to oxygen-containing compound (GO:1901701),0.0108927093648444,raw q retained
prerank,GO_Biological_Process_2021::T cell migration (GO:0072678),0.7444920345201398,1.534762657098586,0.0015098137896326,0.0109031836698556,0.9275,12/13,21.61%,ZAP70;CCL26;CXCL11;CCR6;CCL20;CXCL16;CCL3;XG;MYO1G;MSN;GPR183;CD99,0.0109031836698556,1.534762657098586,GO_Biological_Process_2021,positive,1.534762657098586,1,GO_Biological_Process_2021::T cell migration (GO:0072678),0.0109031836698556,raw q retained
prerank,GO_Biological_Process_2021::ceramide catabolic process (GO:0046514),0.7378048746755047,1.5335114889801575,0.0015067805123053,0.0109105892531317,0.932,12/14,15.15%,HEXB;NAGA;HEXA;GM2A;GLA;ASAH2;ASAH1;NEU4;ASAH2B;ACER1;NEU1;ACER2,0.0109105892531317,1.5335114889801575,GO_Biological_Process_2021,positive,1.5335114889801575,3,GO_Biological_Process_2021::ceramide catabolic process (GO:0046514) | GO_Biological_Process_2021::sphingolipid catabolic process (GO:0030149) | GO_Biological_Process_2021::glycosphingolipid metabolic process (GO:0006687),0.0109105892531317,raw q retained
prerank,GO_Biological_Process_2021::regulation of macrophage differentiation (GO:0045649),0.7672396860138421,1.5348368534864574,0.0040485829959514,0.0109276257066356,0.9275,9/10,15.52%,ADIPOQ;C1QC;PF4;FADD;LIF;IL34;PTPN2;HSF1;ID2,0.0109276257066356,1.5348368534864574,GO_Biological_Process_2021,positive,1.5348368534864574,2,GO_Biological_Process_2021::regulation of macrophage differentiation (GO:0045649) | GO_Biological_Process_2021::positive regulation of myeloid leukocyte differentiation (GO:0002763),0.0109276257066356,raw q retained
prerank,GO_Biological_Process_2021::regulation of sprouting angiogenesis (GO:1903670),0.7001935607296192,1.5350687891737953,0.001,0.0109468895782442,0.9275,21/23,24.47%,THBS1;FGF16;CREB3L1;RHOJ;TJP1;FGF18;S100A1;SMAD1;GLUL;KLF4;PKM;DLL1;CEACAM1;EPN2;BMPER;EPN1;ADAMTS9;SEMA6A;KLF2;SYNJ2BP;FUT1,0.0109468895782442,1.5350687891737953,GO_Biological_Process_2021,positive,1.5350687891737953,1,GO_Biological_Process_2021::regulation of sprouting angiogenesis (GO:1903670),0.0109468895782442,raw q retained
prerank,GO_Biological_Process_2021::cardiac muscle cell development (GO:0055013),0.7236890960248195,1.5321786751584692,0.0015007503751875,0.0110461829287425,0.937,15/16,27.34%,MYH11;ACTC1;TTN;CSRP3;NKX2-5;MYLK3;PDLIM5;SORBS2;TCAP;SLC8A1;OBSL1;FHOD3;HEY2;ALPK3;CXADR,0.0110461829287425,1.5321786751584692,GO_Biological_Process_2021,positive,1.5321786751584692,3,GO_Biological_Process_2021::cardiac muscle cell development (GO:0055013) | GO_Biological_Process_2021::muscle cell development (GO:0055001) | GO_Biological_Process_2021::cardiac myofibril assembly (GO:0055003),0.0110461829287425,raw q retained
prerank,GO_Biological_Process_2021::myoblast fusion (GO:0007520),0.7702242313366334,1.5321955331393424,0.0025445292620865,0.0110825445382821,0.937,7/10,10.71%,ADAMTS5;PTGFRN;ERVFRD-1;JAM2;CD9;CD81;ADAM12,0.0110825445382821,1.5321955331393424,GO_Biological_Process_2021,positive,1.5321955331393424,1,GO_Biological_Process_2021::myoblast fusion (GO:0007520),0.0110825445382821,raw q retained
prerank,GO_Biological_Process_2021::blood vessel morphogenesis (GO:0048514),0.6771559938828277,1.5315195237416803,0.0,0.0111250983948499,0.9375,28/33,23.92%,LOX;CAV1;SERPINF2;TGFBR2;CDH2;CYP1B1;NKX2-5;TGFBR3;SOX18;LRP5;RASIP1;ID1;RASA1;GLMN;HAS2;HES1;GJA5;APELA;RBPJ;CCBE1;STRA6;SOX17;SLC1A1;NF1;SHH;HEY2;TBX1;CCM2,0.0111250983948499,1.5315195237416803,GO_Biological_Process_2021,positive,1.5315195237416803,2,GO_Biological_Process_2021::blood vessel morphogenesis (GO:0048514) | GO_Biological_Process_2021::vasculogenesis (GO:0001570),0.0111250983948499,raw q retained
prerank,GO_Biological_Process_2021::positive regulation of interferon-alpha production (GO:0032727),0.731724834850819,1.529827382214829,0.0005020080321285,0.0112315075539577,0.9425,12/15,12.30%,DDX58;IRF7;IFIH1;TBK1;RIPK2;STAT1;HSPD1;CHUK;IRF3;IRF5;MAVS;DDX3X,0.0112315075539577,1.529827382214829,GO_Biological_Process_2021,positive,1.529827382214829,2,GO_Biological_Process_2021::positive regulation of interferon-alpha production (GO:0032727) | GO_Biological_Process_2021::regulation of interferon-alpha production (GO:0032647),0.0112315075539577,raw q retained
prerank,GO_Biological_Process_2021::positive regulation of glucose import (GO:0046326),0.7419537336185846,1.530385820654199,0.0015060240963855,0.0112557414521322,0.9415,12/13,21.23%,ADIPOQ;ITLN1;OCLN;SORBS1;FGF19;RHOQ;CLTCL1;IRS2;CREBL2;OSBPL8;CAPN10;APPL1,0.0112557414521322,1.530385820654199,GO_Biological_Process_2021,positive,1.530385820654199,3,GO_Biological_Process_2021::positive regulation of glucose import (GO:0046326) | GO_Biological_Process_2021::regulation of glucose import (GO:0046324) | GO_Biological_Process_2021::positive regulation of glucose transmembrane transport (GO:0010828),0.0112557414521322,raw q retained
prerank,GO_Biological_Process_2021::macrophage activation (GO:0042116),0.7120069664329146,1.5298722104364044,0.0005002501250625,0.0112660645648681,0.9425,17/19,23.19%,FPR2;CD93;SLC11A1;AIF1;TREM2;C1QA;PLCG2;TLR1;DYSF;LBP;IFI35;AZU1;EDN2;FER1L5;NMI;FOXP1;TMEM106A,0.0112660645648681,1.5298722104364044,GO_Biological_Process_2021,positive,1.5298722104364044,1,GO_Biological_Process_2021::macrophage activation (GO:0042116),0.0112660645648681,raw q retained
prerank,GO_Biological_Process_2021::blood circulation (GO:0008015),0.6881867873224676,1.530005421180355,0.0,0.0112872608460291,0.9425,23/27,24.62%,ACE2;C3AR1;ACTC1;OLR1;EPO;XCL2;SCPEP1;STAT1;GPX1;SGCG;PLN;ADCY6;GCLC;NPPB;SGCD;EDN3;GCLM;AVPR1A;HTR7;MYOF;TRDN;CYB5R3;HOXB2,0.0112872608460291,1.530005421180355,GO_Biological_Process_2021,positive,1.530005421180355,1,GO_Biological_Process_2021::blood circulation (GO:0008015),0.0112872608460291,raw q retained
prerank,GO_Biological_Process_2021::positive regulation of production of molecular mediator of immune response (GO:0002702),0.6876835299658607,1.5290693585767083,0.0005,0.0112955417558231,0.944,21/26,20.38%,IL2;PTPN22;SASH3;LAPTM5;XCL1;XBP1;PHB;GPI;RBP4;PHB2;STX4;VAMP3;TNFRSF14;WNT5A;F2RL1;SPHK2;DNAJB9;HLA-E;SLC7A5;SCIMP;CD244,0.0112955417558231,1.5290693585767083,GO_Biological_Process_2021,positive,1.5290693585767083,3,GO_Biological_Process_2021::positive regulation of production of molecular mediator of immune response (GO:0002702) | GO_Biological_Process_2021::regulation of cytokine production involved in immune response (GO:0002718) | GO_Biological_Process_2021::regulation of immunoglobulin production (GO:0002637),0.0112955417558231,raw q retained
prerank,GO_Biological_Process_2021::regulation of response to cytokine stimulus (GO:0060759),0.707059242862499,1.5285802488821345,0.0,0.0113037634322357,0.9455,18/20,22.32%,DDX58;IFIH1;ELF1;RUNX1;PARP9;IL3;APOA1;IRAK2;CD24;MAVS;KLF4;CBFB;LIFR;WNT5A;LRRC70;SH2B3;MAPK7;TAF9,0.0113037634322357,1.5285802488821345,GO_Biological_Process_2021,positive,1.5285802488821345,1,GO_Biological_Process_2021::regulation of response to cytokine stimulus (GO:0060759),0.0113037634322357,raw q retained
prerank,GO_Biological_Process_2021::negative regulation of proteolysis (GO:0045861),0.6767135857279911,1.5253266736922244,0.0,0.0116181648248317,0.953,23/31,16.54%,CST4;KNG1;TIMP3;ECM1;CST7;CSTA;SERPINE2;CST3;CHAC1;NLRP7;LRRK2;TIMP1;TIMP4;CLN8;CLN3;SERPINB3;TIMP2;SERPINB4;SNX12;PRNP;CSTB;PTPN3;EPPIN,0.0116181648248317,1.5253266736922244,GO_Biological_Process_2021,positive,1.5253266736922244,4,GO_Biological_Process_2021::negative regulation of proteolysis (GO:0045861) | GO_Biological_Process_2021::negative regulation of protein processing (GO:0010955) | GO_Biological_Process_2021::regulation of peptidase activity (GO:0052547) | GO_Biological_Process_2021::negative regulation of peptidase activity (GO:0010466),0.0116181648248317,raw q retained
prerank,GO_Biological_Process_2021::positive regulation of reactive oxygen species metabolic process (GO:2000379),0.6862730009600392,1.5254755454779865,0.0,0.0116347806382381,0.9525,26/27,29.16%,ACE2;THBS1;CLEC7A;FPR2;TYROBP;CD36;CRP;PLCG2;TGFBR2;TLR6;CDKN1A;RAB27A;PID1;CYBA;CD177;AKR1C1;ROMO1;GADD45A;F2RL1;ZC3H12A;ADGRB1;AKR1C3;DHRS4;SLC5A3;CBR1;RNF41,0.0116347806382381,1.5254755454779865,GO_Biological_Process_2021,positive,1.5254755454779865,3,GO_Biological_Process_2021::positive regulation of reactive oxygen species metabolic process (GO:2000379) | GO_Biological_Process_2021::regulation of reactive oxygen species metabolic process (GO:2000377) | GO_Biological_Process_2021::positive regulation of cellular metabolic process (GO:0031325),0.0116347806382381,raw q retained
prerank,GO_Biological_Process_2021::positive regulation of NIK/NF-kappaB signaling (GO:1901224),0.681115259320853,1.5242793742451275,0.0005,0.0116523872068692,0.9555,20/29,14.34%,CCL19;LAPTM5;RHOA;EIF2AK2;ILK;TRAF6;PHB;SPHK1;NLRP12;NOD1;ACTN4;EP300;IFI35;TRADD;PDCD4;PHB2;LIMS1;DDX3X;LGALS9;NFAT5,0.0116523872068692,1.5242793742451275,GO_Biological_Process_2021,positive,1.5242793742451275,2,GO_Biological_Process_2021::positive regulation of NIK/NF-kappaB signaling (GO:1901224) | GO_Biological_Process_2021::regulation of NIK/NF-kappaB signaling (GO:1901222),0.0116523872068692,raw q retained
prerank,GO_Biological_Process_2021::regulation of cytosolic calcium ion concentration (GO:0051480),0.6340996237505128,1.5221961960403834,0.0,0.0118108826650317,0.959,67/95,17.86%,CCR7;KNG1;FPR1;FPR2;CXCL13;FPR3;CAV3;C3AR1;CD36;CX3CR1;CALB1;SMAD3;EDN1;CAV1;CXCR5;CCR8;CCR6;XCR1;SAA1;CCR10;CCR3;CXCR3;CXCR6;GHRL;CCL1;ITPR3;ADCY8;CMKLR1;CD24;C5AR2;RYR2;CALCB;DLG4;ACKR4;YWHAE;CD55;CCRL2;PLCZ1;PTGFR;PTGIR;PLN;ADCYAP1;PLCE1;CALB2;IAPP;CLN3;TRPC4;TAC1;ACKR2;LPAR2;TRPC6;ABL2;SCGN;TRPC3;TRPC1;ACKR3;WNT5A;LPAR1;LPAR3;SLC8A1;F2RL1;CAV2;WBP2NL;FIS1;EDN2;ADCY5;NPTN,0.0118108826650317,1.5221961960403834,GO_Biological_Process_2021,positive,1.5221961960403834,3,GO_Biological_Process_2021::regulation of cytosolic calcium ion concentration (GO:0051480) | GO_Biological_Process_2021::positive regulation of cytosolic calcium ion concentration (GO:0007204) | GO_Biological_Process_2021::second-messenger-mediated signaling (GO:0019932),0.0118108826650317,raw q retained
prerank,GO_Biological_Process_2021::toll-like receptor 9 signaling pathway (GO:0034162),0.7628392354607537,1.521190139605736,0.0025303643724696,0.0118722911692404,0.96,9/10,15.92%,MYD88;TRAF6;IRAK2;IRAK4;TNIP2;UNC93B1;PIK3C3;PIK3AP1;PIK3R4,0.0118722911692404,1.521190139605736,GO_Biological_Process_2021,positive,1.521190139605736,1,GO_Biological_Process_2021::toll-like receptor 9 signaling pathway (GO:0034162),0.0118722911692404,raw q retained
prerank,GO_Biological_Process_2021::regulation of platelet aggregation (GO:0090330),0.7426860648679037,1.5212795077010333,0.0010090817356205,0.0118890261100534,0.9595,9/12,16.04%,PRKG1;SERPINE2;DMTN;PDPN;F11R;CD9;ALOX12;CEACAM1;SH2B3,0.0118890261100534,1.5212795077010333,GO_Biological_Process_2021,positive,1.5212795077010333,3,GO_Biological_Process_2021::regulation of platelet aggregation (GO:0090330) | GO_Biological_Process_2021::negative regulation of homotypic cell-cell adhesion (GO:0034111) | GO_Biological_Process_2021::negative regulation of platelet activation (GO:0010544),0.0118890261100534,raw q retained
prerank,GO_Biological_Process_2021::positive regulation of antigen receptor-mediated signaling pathway (GO:0050857),0.7369099604907464,1.5180864799094873,0.0045158053186151,0.0122425074985332,0.9655,13/13,26.35%,TRAT1;NFAM1;IKBKG;CD226;CD81;PRKD2;BCL10;TESPA1;CARD11;RAB29;STAP1;FOXP1;SLC39A10,0.0122425074985332,1.5180864799094873,GO_Biological_Process_2021,positive,1.5180864799094873,2,GO_Biological_Process_2021::positive regulation of antigen receptor-mediated signaling pathway (GO:0050857) | GO_Biological_Process_2021::regulation of T cell receptor signaling pathway (GO:0050856),0.0122425074985332,raw q retained
prerank,GO_Biological_Process_2021::antigen processing and presentation of peptide antigen via MHC class II (GO:0002495),0.6320535920858329,1.5145896134056354,0.0,0.0125791564399426,0.969,73/86,27.88%,HLA-DQB2;HLA-DMA;HLA-DPA1;IFI30;HLA-DQB1;HLA-DRA;HLA-DPB1;HLA-DOA;FCER1G;HLA-DMB;HLA-DQA1;CANX;HLA-DQA2;LGMN;HLA-DOB;AP1S3;CTSE;CLTC;AP2A2;CTSL;CTSD;RAB7A;CTSV;CAPZA1;AP1B1;AP2S1;CAPZA2;AP1M2;AP2B1;CTSF;AP2A1;SPTBN2;DCTN2;SEC13;SEC31A;AP1S1;DYNC1I2;SEC24D;DCTN1;ACTR10;RILP;SH3GL2;DYNC1H1;ARF1;DYNC1LI2;SEC23A;AP1G1;DYNLL1;AP1M1;DCTN3;DYNC1LI1;CAPZB;AP2M1;DCTN6;CLTA;DYNLL2;SEC24B;AP1S2;ACTR1A;DYNC1I1;DCTN4;DCTN5;KIF5A;KLC1;KIF26A;DNM2;SEC24A;SEC24C;KLC2;KIF23;OSBPL1A;SAR1B;ACTR1B,0.0125791564399426,1.5145896134056354,GO_Biological_Process_2021,positive,1.5145896134056354,2,GO_Biological_Process_2021::antigen processing and presentation of peptide antigen via MHC class II (GO:0002495) | GO_Biological_Process_2021::antigen processing and presentation of exogenous peptide antigen via MHC class II (GO:0019886),0.0125791564399426,raw q retained
prerank,GO_Biological_Process_2021::bone morphogenesis (GO:0060349),0.7601124164803106,1.5151301744524903,0.0030410542321338,0.0126126931147812,0.968,9/10,19.11%,LTF;SFRP4;LRP5;IFITM5;BMPR1B;TFAP2A;LRP6;SKI;CYP26B1,0.0126126931147812,1.5151301744524903,GO_Biological_Process_2021,positive,1.5151301744524903,2,GO_Biological_Process_2021::bone morphogenesis (GO:0060349) | GO_Biological_Process_2021::bone development (GO:0060348),0.0126126931147812,raw q retained
prerank,GO_Biological_Process_2021::Golgi ribbon formation (GO:0090161),0.7373367711885555,1.5121918787036628,0.0020171457387796,0.0127383853898668,0.9725,12/12,26.30%,OPTN;VTI1A;TMED5;FHDC1;STX6;GOLPH3;STX16;GCC2;GOLGA2;VAMP4;MYO18A;TRIP11,0.0127383853898668,1.5121918787036628,GO_Biological_Process_2021,positive,1.5121918787036628,1,GO_Biological_Process_2021::Golgi ribbon formation (GO:0090161),0.0127383853898668,raw q retained
prerank,GO_Biological_Process_2021::glucose 6-phosphate metabolic process (GO:0051156),0.6979367687024867,1.512624622935714,0.0,0.0127395870350945,0.9715,20/21,28.16%,HK3;HKDC1;GCK;HK2;HK1;H6PD;PGD;GPI;RPEL1;G6PD;PGM2;TALDO1;TKT;DERA;RPIA;PGM2L1;G6PC3;RPE;RBKS;PGLS,0.0127395870350945,1.512624622935714,GO_Biological_Process_2021,positive,1.512624622935714,2,GO_Biological_Process_2021::glucose 6-phosphate metabolic process (GO:0051156) | GO_Biological_Process_2021::pentose-phosphate shunt (GO:0006098),0.0127395870350945,raw q retained
prerank,GO_Biological_Process_2021::positive regulation of toll-like receptor signaling pathway (GO:0034123),0.7026309930776083,1.5131040842256518,0.0015,0.0127621194103418,0.9705,15/19,15.51%,LTF;PTPN22;RSAD2;CAV1;TREML4;TLR1;LBP;TICAM2;TIRAP;IFI35;CYBA;DDX3X;FLOT1;F2RL1;NINJ1,0.0127621194103418,1.5131040842256518,GO_Biological_Process_2021,positive,1.5131040842256518,2,GO_Biological_Process_2021::positive regulation of toll-like receptor signaling pathway (GO:0034123) | GO_Biological_Process_2021::regulation of toll-like receptor 4 signaling pathway (GO:0034143),0.0127621194103418,raw q retained
prerank,GO_Biological_Process_2021::regulation of lipopolysaccharide-mediated signaling pathway (GO:0031664),0.7168135951871296,1.5127482487565949,0.0005017561465127,0.0127983067300521,0.971,14/16,20.56%,LTF;CD36;LILRA2;LY86;BMP6;CD180;CD55;TRIB1;CARD8;TRIM5;CARD16;NFKBIL1;SCIMP;SIGIRR,0.0127983067300521,1.5127482487565949,GO_Biological_Process_2021,positive,1.5127482487565949,2,GO_Biological_Process_2021::regulation of lipopolysaccharide-mediated signaling pathway (GO:0031664) | GO_Biological_Process_2021::negative regulation of response to external stimulus (GO:0032102),0.0127983067300521,raw q retained
prerank,GO_Biological_Process_2021::plasma membrane repair (GO:0001778),0.7326118304759583,1.511045777653981,0.0035158211953792,0.012887882263291,0.974,12/13,23.46%,AHNAK2;DYSF;MYH9;ANXA6;TRIM72;RAB3A;MYOF;SYT7;ARL8B;FER1L5;SYTL4;SMPD1,0.012887882263291,1.511045777653981,GO_Biological_Process_2021,positive,1.511045777653981,3,GO_Biological_Process_2021::plasma membrane repair (GO:0001778) | GO_Biological_Process_2021::wound healing (GO:0042060) | GO_Biological_Process_2021::plasma membrane organization (GO:0007009),0.012887882263291,raw q retained
prerank,GO_Biological_Process_2021::semaphorin-plexin signaling pathway involved in neuron projection guidance (GO:1902285),0.7399567495633371,1.511058575435121,0.0050301810865191,0.0129208791727884,0.974,12/12,26.04%,PLXNA4;PLXNA2;SEMA3A;PLXNA1;PLXND1;PLXNB2;PLXNA3;NRP2;PLXNC1;SEMA3F;PLXNB1;PLXNB3,0.0129208791727884,1.511058575435121,GO_Biological_Process_2021,positive,1.511058575435121,4,GO_Biological_Process_2021::semaphorin-plexin signaling pathway involved in neuron projection guidance (GO:1902285) | GO_Biological_Process_2021::regulation of cell adhesion (GO:0030155) | GO_Biological_Process_2021::negative regulation of cell adhesion (GO:0007162) | GO_Biological_Process_2021::regulation of hydrolase activity (GO:0051336),0.0129208791727884,raw q retained
prerank,"GO_Biological_Process_2021::phagocytosis, engulfment (GO:0006911)",0.6658008637369128,1.510195534096601,0.0,0.0129882542663253,0.976,22/33,17.02%,THBS1;AIF1;CD36;HAVCR1;RAC2;IGLL5;MSR1;MARCO;MYH9;RHOH;CDC42;GULP1;DOCK1;ARHGAP25;RAC1;ELMO1;GSN;RHOG;VAMP7;SH3BP1;ADGRB1;BIN2,0.0129882542663253,1.510195534096601,GO_Biological_Process_2021,positive,1.510195534096601,2,"GO_Biological_Process_2021::phagocytosis, engulfment (GO:0006911) | GO_Biological_Process_2021::plasma membrane invagination (GO:0099024)",0.0129882542663253,raw q retained
prerank,GO_Biological_Process_2021::regulation of hematopoietic stem cell differentiation (GO:1902036),0.663048071371395,1.5099815604606337,0.0,0.0129912502614005,0.976,33/36,28.77%,GATA1;LMO1;TAL1;YAP1;GATA2;RUNX1;LMO2;PSMB2;LDB1;EIF2AK2;GATA3;PSMA2;OSM;PSMA8;PSMB4;MYB;TCF3;TP73;CBFB;TCF12;PSMF1;PSMD5;PSMD9;PSME2;PSME1;PUS7;PSME3;YTHDF2;PSME4;N4BP2L2;FOXC1;SETD1A;ITCH,0.0129912502614005,1.5099815604606337,GO_Biological_Process_2021,positive,1.5099815604606337,3,GO_Biological_Process_2021::regulation of hematopoietic stem cell differentiation (GO:1902036) | GO_Biological_Process_2021::regulation of hematopoietic progenitor cell differentiation (GO:1901532) | GO_Biological_Process_2021::regulation of stem cell differentiation (GO:2000736),0.0129912502614005,raw q retained
prerank,GO_Biological_Process_2021::immune response-regulating cell surface receptor signaling pathway (GO:0002768),0.7598968729208251,1.5082202831802494,0.0055894308943089,0.0132529247195362,0.979,10/10,24.04%,LILRB2;FPR2;LILRB1;NCR3;CD24;MICB;BTLA;HLA-G;PIGR;BAG6,0.0132529247195362,1.5082202831802494,GO_Biological_Process_2021,positive,1.5082202831802494,1,GO_Biological_Process_2021::immune response-regulating cell surface receptor signaling pathway (GO:0002768),0.0132529247195362,raw q retained
prerank,GO_Biological_Process_2021::positive regulation of transcription from RNA polymerase II promoter in response to endoplasmic reticulum stress (GO:1990440),0.7577476763811511,1.5082552238712037,0.0055951169888097,0.013286302492925,0.979,8/10,9.13%,HSPA5;ATF3;CEBPB;CREB3L1;DDIT3;ATF4;ATF6;CREB3L3,0.013286302492925,1.5082552238712037,GO_Biological_Process_2021,positive,1.5082552238712037,2,GO_Biological_Process_2021::positive regulation of transcription from RNA polymerase II promoter in response to endoplasmic reticulum stress (GO:1990440) | GO_Biological_Process_2021::positive regulation of transcription from RNA polymerase II promoter in response to stress (GO:0036003),0.013286302492925,raw q retained
prerank,GO_Biological_Process_2021::cardiac conduction system development (GO:0003161),0.6957576576026527,1.507791572182654,0.0,0.0133089528042484,0.9795,19/22,23.88%,GJA1;BMP4;GATA4;NKX2-5;SCN5A;SMAD4;GATA6;MAML1;MSX2;SMAD1;MSX1;HEY1;GJA5;NPPB;SMAD5;MSC;NPPA;HEY2;GJB6,0.0133089528042484,1.507791572182654,GO_Biological_Process_2021,positive,1.507791572182654,2,GO_Biological_Process_2021::cardiac conduction system development (GO:0003161) | GO_Biological_Process_2021::cardiac muscle tissue development (GO:0048738),0.0133089528042484,raw q retained
prerank,GO_Biological_Process_2021::cellular response to nitrogen starvation (GO:0006995),0.7468056316155822,1.507436335755347,0.0050377833753148,0.0133285322347579,0.9795,10/11,19.33%,MAP1LC3C;BECN1;GABARAPL1;GABARAP;MAP1LC3B;ATG7;GABARAPL2;MAP1LC3A;ATG5;NPRL2,0.0133285322347579,1.507436335755347,GO_Biological_Process_2021,positive,1.507436335755347,7,GO_Biological_Process_2021::cellular response to nitrogen starvation (GO:0006995) | GO_Biological_Process_2021::cellular response to nitrogen levels (GO:0043562) | GO_Biological_Process_2021::macroautophagy (GO:0016236) | GO_Biological_Process_2021::autophagy of mitochondrion (GO:0000422) | GO_Biological_Process_2021::protein-containing complex disassembly (GO:0032984) | GO_Biological_Process_2021::mitochondrion disassembly (GO:0061726) | GO_Biological_Process_2021::autophagosome maturation (GO:0097352),0.0133285322347579,raw q retained
prerank,GO_Biological_Process_2021::regulation of vascular endothelial growth factor receptor signaling pathway (GO:0030947),0.704158988022126,1.506778102925281,0.001000500250125,0.0133372441936663,0.9805,15/18,20.64%,NEDD4;HIF1A;MMRN2;VTN;EMILIN1;ARNT;TMEM204;PTPN1;PRKD2;EPN2;HGS;TNMD;GRB10;PDCD6;HHEX,0.0133372441936663,1.506778102925281,GO_Biological_Process_2021,positive,1.506778102925281,3,GO_Biological_Process_2021::regulation of vascular endothelial growth factor receptor signaling pathway (GO:0030947) | GO_Biological_Process_2021::negative regulation of vascular endothelial growth factor receptor signaling pathway (GO:0030948) | GO_Biological_Process_2021::negative regulation of cellular response to growth factor stimulus (GO:0090288),0.0133372441936663,raw q retained
prerank,GO_Biological_Process_2021::apoptotic cell clearance (GO:0043277),0.6750909026299877,1.5037529121442204,0.0005,0.0137647883994954,0.983,15/26,10.30%,FCN2;FCN3;THBS1;FCN1;TYROBP;TREM2;RAC2;TGM2;ALOX15;RHOH;SCARB1;ANXA1;RAC1;TXNDC5;RHOG,0.0137647883994954,1.5037529121442204,GO_Biological_Process_2021,positive,1.5037529121442204,1,GO_Biological_Process_2021::apoptotic cell clearance (GO:0043277),0.0137647883994954,raw q retained
prerank,GO_Biological_Process_2021::cellular response to interleukin-7 (GO:0098761),0.7447678723170174,1.498960637126191,0.0040281973816717,0.0144609389177195,0.987,9/11,13.40%,IL7;STAT5A;STAT5B;IL7R;SOCS1;CRLF2;SOCS2;IRS2;SMARCA4,0.0144609389177195,1.498960637126191,GO_Biological_Process_2021,positive,1.498960637126191,2,GO_Biological_Process_2021::cellular response to interleukin-7 (GO:0098761) | GO_Biological_Process_2021::interleukin-7-mediated signaling pathway (GO:0038111),0.0144609389177195,raw q retained
prerank,GO_Biological_Process_2021::regulation of cytokine production involved in inflammatory response (GO:1900015),0.6732870048349289,1.497917399690896,0.0,0.0144873686671015,0.9875,24/28,23.24%,MEFV;CLEC7A;LEP;HIF1A;MYD88;TREM2;LILRB4;CARD9;TLR6;PYCARD;NLRP7;GBP5;SIRPA;PDCD4;APOD;CHID1;PLD4;ZC3H12A;TICAM1;ADCY7;PLD3;APPL1;IL17D;PER1,0.0144873686671015,1.497917399690896,GO_Biological_Process_2021,positive,1.497917399690896,1,GO_Biological_Process_2021::regulation of cytokine production involved in inflammatory response (GO:1900015),0.0144873686671015,raw q retained
prerank,GO_Biological_Process_2021::regulation of natural killer cell mediated cytotoxicity (GO:0042269),0.6786787130078291,1.4986297365151977,0.0,0.0144949284968113,0.9875,22/26,21.60%,KLRD1;KLRK1;LEP;KIR2DL4;KLRC2;NCR1;LILRB1;NCR3;ARRB2;CD160;HLA-F;SLAMF6;LAMP1;CD226;PIK3R6;RASGRP1;LGALS9;AP1G1;HLA-E;HLA-G;MICA;PVR,0.0144949284968113,1.4986297365151977,GO_Biological_Process_2021,positive,1.4986297365151977,3,GO_Biological_Process_2021::regulation of natural killer cell mediated cytotoxicity (GO:0042269) | GO_Biological_Process_2021::positive regulation of natural killer cell mediated cytotoxicity (GO:0045954) | GO_Biological_Process_2021::positive regulation of natural killer cell mediated immunity (GO:0002717),0.0144949284968113,raw q retained
prerank,GO_Biological_Process_2021::positive regulation of epithelial to mesenchymal transition (GO:0010718),0.6674616956165899,1.498131145618214,0.0,0.0145045684259046,0.9875,26/30,26.98%,SMAD3;TWIST1;TGFBR2;LEF1;BMP2;PDPN;TGFB1I1;SMAD2;SMAD4;BAMBI;DAB2;JAG1;WWTR1;FERMT2;SDCBP;SNAI1;AXIN2;TCF7L2;SERPINB3;ZNF703;GLIPR2;RGCC;MDK;TIAM1;BCL9L;FOXC1,0.0145045684259046,1.498131145618214,GO_Biological_Process_2021,positive,1.498131145618214,3,GO_Biological_Process_2021::positive regulation of epithelial to mesenchymal transition (GO:0010718) | GO_Biological_Process_2021::regulation of epithelial to mesenchymal transition (GO:0010717) | GO_Biological_Process_2021::secondary palate development (GO:0062009),0.0145045684259046,raw q retained
prerank,GO_Biological_Process_2021::defense response to protozoan (GO:0042832),0.729952891363978,1.4983657787507243,0.003012048192771,0.0145071733507581,0.9875,10/12,20.90%,CLEC7A;SLC11A1;MYD88;BATF;PF4;IRF4;GBP4;BATF2;GBP2;LYST,0.0145071733507581,1.4983657787507243,GO_Biological_Process_2021,positive,1.4983657787507243,1,GO_Biological_Process_2021::defense response to protozoan (GO:0042832),0.0145071733507581,raw q retained
prerank,GO_Biological_Process_2021::blood vessel endothelial cell migration (GO:0043534),0.7121371335129324,1.4966422502054224,0.0015037593984962,0.0147408284300346,0.988,13/15,19.62%,CDH5;EMP2;MYH9;NR4A1;SOX18;ID1;EGR3;ROBO1;SLIT2;SRF;TDGF1;ADTRP;GPLD1,0.0147408284300346,1.4966422502054224,GO_Biological_Process_2021,positive,1.4966422502054224,3,GO_Biological_Process_2021::blood vessel endothelial cell migration (GO:0043534) | GO_Biological_Process_2021::endothelial cell migration (GO:0043542) | GO_Biological_Process_2021::sprouting angiogenesis (GO:0002040),0.0147408284300346,raw q retained
prerank,GO_Biological_Process_2021::regulation of endothelial cell migration (GO:0010594),0.6359117611881191,1.496193589526685,0.0,0.014797470168101,0.9885,53/62,26.85%,DCN;THBS1;EGF;SMOC2;EDN1;EMP2;BMP4;RRAS;GATA3;APOH;ETS1;SCARB1;RHOJ;GPI;NR2F2;APOE;FOXC2;GRN;SPARC;RAC1;BCAR1;GLUL;PRCP;SLIT2;RHOB;PRKD2;TDGF1;SH3BP1;WNT5A;CEACAM1;ANXA3;ANGPT4;CALR;PTPRM;KRIT1;ZC3H12A;NRP2;ADGRB1;BMPER;NF1;ADAMTS9;SP100;GPLD1;RIN2;PDCD6;SYNJ2BP;FOXP1;VASH1;PTN;EMC10;FUT1;DAB2IP;SVBP,0.014797470168101,1.496193589526685,GO_Biological_Process_2021,positive,1.496193589526685,3,GO_Biological_Process_2021::regulation of endothelial cell migration (GO:0010594) | GO_Biological_Process_2021::negative regulation of endothelial cell migration (GO:0010596) | GO_Biological_Process_2021::negative regulation of epithelial cell migration (GO:0010633),0.014797470168101,raw q retained
prerank,GO_Biological_Process_2021::phosphatidylserine acyl-chain remodeling (GO:0036150),0.7076782297645787,1.4953708805624792,0.0010030090270812,0.0148521509328023,0.989,16/16,29.28%,PLA2G1B;PLA2G2D;PLA2G2F;PLA2G4B;LPCAT4;PLA2G4E;PLA2G4D;OSBPL5;OSBPL10;OSBPL8;MBOAT2;PLA2G4F;MBOAT1;PLA1A;PLA2G12A;LPCAT3,0.0148521509328023,1.4953708805624792,GO_Biological_Process_2021,positive,1.4953708805624792,3,GO_Biological_Process_2021::phosphatidylserine acyl-chain remodeling (GO:0036150) | GO_Biological_Process_2021::phosphatidylserine metabolic process (GO:0006658) | GO_Biological_Process_2021::phosphatidylcholine acyl-chain remodeling (GO:0036151),0.0148521509328023,raw q retained
prerank,GO_Biological_Process_2021::positive regulation of tyrosine phosphorylation of STAT protein (GO:0042531),0.6832684028790036,1.4955661335023402,0.0005,0.0148776844126333,0.989,17/23,13.00%,CCL5;IL2;HCLS1;EPO;GH1;PIBF1;PARP9;IL3;LIF;IL23R;CNTF;OSM;PARP14;IFNL1;HES1;SOCS3;STAP2,0.0148776844126333,1.4955661335023402,GO_Biological_Process_2021,positive,1.4955661335023402,2,GO_Biological_Process_2021::positive regulation of tyrosine phosphorylation of STAT protein (GO:0042531) | GO_Biological_Process_2021::regulation of tyrosine phosphorylation of STAT protein (GO:0042509),0.0148776844126333,raw q retained
prerank,GO_Biological_Process_2021::B cell receptor signaling pathway (GO:0050853),0.6993539912171128,1.4953751667631934,0.0020010005002501,0.014890015932197,0.989,14/18,13.92%,MNDA;NCKAP1L;PLCG2;IGLL5;BAX;NFAM1;CD79A;BCAR1;VAV3;BLNK;NFATC2;MEF2C;LIME1;LAT2,0.014890015932197,1.4953751667631934,GO_Biological_Process_2021,positive,1.4953751667631934,1,GO_Biological_Process_2021::B cell receptor signaling pathway (GO:0050853),0.014890015932197,raw q retained
prerank,GO_Biological_Process_2021::positive regulation of phosphate metabolic process (GO:0045937),0.709221048908726,1.4942363756301609,0.0030075187969924,0.0149753478124132,0.9905,11/15,12.33%,CCL5;THBS1;EGF;ITGA6;NCKAP1L;ANG;ILK;PTGES3;GLMN;SDCBP;BCL10,0.0149753478124132,1.4942363756301609,GO_Biological_Process_2021,positive,1.4942363756301609,1,GO_Biological_Process_2021::positive regulation of phosphate metabolic process (GO:0045937),0.0149753478124132,raw q retained
prerank,GO_Biological_Process_2021::regulation of regulatory T cell differentiation (GO:0045589),0.6967220945356297,1.4931197048005285,0.0015,0.015025308831676,0.9915,17/18,26.46%,LILRB2;IL2;FOXP3;LILRB4;RUNX1;CD46;IL4I1;SOCS1;NFATC2;CBFB;BCL6;IRF1;KAT2A;HLA-G;MDK;FANCA;DUSP10,0.015025308831676,1.4931197048005285,GO_Biological_Process_2021,positive,1.4931197048005285,2,GO_Biological_Process_2021::regulation of regulatory T cell differentiation (GO:0045589) | GO_Biological_Process_2021::positive regulation of T cell differentiation (GO:0045582),0.015025308831676,raw q retained
prerank,GO_Biological_Process_2021::extracellular matrix disassembly (GO:0022617),0.6467559260152006,1.4933433191159973,0.0,0.015053734163713,0.9915,41/44,33.45%,CTSG;TPSAB1;BMP1;ADAMTS5;NOXO1;MMP10;MMP11;CAPN1;KLK4;MMP16;FURIN;MMP19;CTSL;PRSS1;TIMP1;CTSV;CAPG;LCP1;MMP15;ADAM10;GSN;CTRB2;TIMP2;SCUBE3;CAPNS1;ADAMTS4;FLOT1;PRSS2;CAPN2;CAPNS2;KIF9;EXOC8;SH3PXD2B;ADAM8;HTRA1;KLK2;KLK7;KLK5;HPN;TLL2;ADAM15,0.015053734163713,1.4933433191159973,GO_Biological_Process_2021,positive,1.4933433191159973,2,GO_Biological_Process_2021::extracellular matrix disassembly (GO:0022617) | GO_Biological_Process_2021::cellular component disassembly (GO:0022411),0.015053734163713,raw q retained
prerank,GO_Biological_Process_2021::ERK1 and ERK2 cascade (GO:0070371),0.7232770379864054,1.4933474999096774,0.0035140562248995,0.015092733475018,0.9915,10/13,13.68%,MYC;EGF;FGF10;APOA1;SOX9;AVP;CTSH;ZFP36L1;LGALS9;SULT1A3,0.015092733475018,1.4933474999096774,GO_Biological_Process_2021,positive,1.4933474999096774,1,GO_Biological_Process_2021::ERK1 and ERK2 cascade (GO:0070371),0.015092733475018,raw q retained
prerank,GO_Biological_Process_2021::regulation of actin polymerization or depolymerization (GO:0008064),0.6740737333133424,1.492634545103988,0.0005002501250625,0.0151011853178488,0.9915,23/26,29.61%,WAS;HCLS1;PFN3;CTTN;DBN1;BRK1;RASA1;ESAM;ARHGAP18;COTL1;PAK3;WDR1;DBNL;SH3BP1;PFN1;ARHGAP35;FCHSD2;PFN2;LATS1;GBA2;PLEKHG2;HAX1;TMSB4Y,0.0151011853178488,1.492634545103988,GO_Biological_Process_2021,positive,1.492634545103988,3,GO_Biological_Process_2021::regulation of actin polymerization or depolymerization (GO:0008064) | GO_Biological_Process_2021::regulation of actin filament polymerization (GO:0030833) | GO_Biological_Process_2021::regulation of protein polymerization (GO:0032271),0.0151011853178488,raw q retained
prerank,GO_Biological_Process_2021::regulation of actin cytoskeleton organization (GO:0032956),0.6310587871123903,1.4933491501219518,0.0,0.0151319353801479,0.9915,61/72,28.15%,RAC3;RAC2;ARHGDIB;HRG;CORO1A;SIGLEC15;RHOA;NEB;BAIAP2;DMTN;PAK1;FAM107A;CRK;RND3;RHOH;EZR;ABI3;EFNA5;F11R;TWF2;RHOD;RHOQ;ESAM;ARHGAP18;BST2;RAC1;RHOC;PAK3;RHOG;IQGAP3;BST1;RHOB;IQGAP1;EPS8;ABL2;TWF1;SH3BP1;RND1;DAPK3;FZD10;RICTOR;TAOK2;DLC1;FSCN1;RHOF;ARHGEF19;IQGAP2;ARHGEF5;MDK;RAPGEF3;TRPM2;ARHGAP35;CELSR1;RND2;ARHGAP44;ARHGDIA;HIP1R;PDGFA;SEMA3E;TAOK1;GRHL3,0.0151319353801479,1.4933491501219518,GO_Biological_Process_2021,positive,1.4933491501219518,4,GO_Biological_Process_2021::regulation of actin cytoskeleton organization (GO:0032956) | GO_Biological_Process_2021::regulation of actin cytoskeleton reorganization (GO:2000249) | GO_Biological_Process_2021::regulation of actin filament-based process (GO:0032970) | GO_Biological_Process_2021::regulation of cytoskeleton organization (GO:0051493),0.0151319353801479,raw q retained
prerank,GO_Biological_Process_2021::positive regulation of locomotion (GO:0040017),0.6838446160289409,1.4916578925466668,0.0005002501250625,0.0151384789447183,0.9915,18/23,17.08%,CCR7;RARRES2;THBS1;CCL21;CCL19;AIF1;CCL26;TREM2;TWIST1;DUOX1;STX3;DUOX2;STX4;SPOCK2;PPM1F;DUOXA2;F2RL1;NTN1,0.0151384789447183,1.4916578925466668,GO_Biological_Process_2021,positive,1.4916578925466668,4,GO_Biological_Process_2021::positive regulation of locomotion (GO:0040017) | GO_Biological_Process_2021::positive regulation of chemotaxis (GO:0050921) | GO_Biological_Process_2021::regulation of chemotaxis (GO:0050920) | GO_Biological_Process_2021::positive regulation of cellular component movement (GO:0051272),0.0151384789447183,raw q retained
prerank,GO_Biological_Process_2021::regulation of transcription from RNA polymerase II promoter in response to hypoxia (GO:0061418),0.6639818170510272,1.4934501106405362,0.0,0.0151504532884405,0.9915,27/30,28.61%,UBA52;UBB;HIF1A;EPO;PSMB2;BACH1;PSMA2;ARNT;PSMA8;EP300;PSMB4;HIF3A;PSMF1;PSMD5;UBC;PSMD9;RBPJ;VHL;PSME2;CUL2;PSME1;PSME3;HIGD1A;SIRT2;LIMD1;PSME4;CITED2,0.0151504532884405,1.4934501106405362,GO_Biological_Process_2021,positive,1.4934501106405362,3,GO_Biological_Process_2021::regulation of transcription from RNA polymerase II promoter in response to hypoxia (GO:0061418) | GO_Biological_Process_2021::regulation of transcription from RNA polymerase II promoter in response to stress (GO:0043618) | GO_Biological_Process_2021::cellular response to hypoxia (GO:0071456),0.0151504532884405,raw q retained
prerank,GO_Biological_Process_2021::positive regulation of hormone secretion (GO:0046887),0.7298503527267874,1.491720161633408,0.0050352467270896,0.0151667224717407,0.9915,10/12,23.35%,EDN1;HFE;PLA2G3;C1QTNF3;VAMP7;EDN3;VAMP8;SNX4;NMB;GRP,0.0151667224717407,1.491720161633408,GO_Biological_Process_2021,positive,1.491720161633408,1,GO_Biological_Process_2021::positive regulation of hormone secretion (GO:0046887),0.0151667224717407,raw q retained
prerank,GO_Biological_Process_2021::regulation of interleukin-4 production (GO:0032673),0.7274285612984925,1.4904508157462493,0.0045317220543806,0.0153774934916506,0.9915,10/12,16.85%,FOXP3;FCER1G;LEF1;IRF4;CEBPB;GATA3;DDIT3;LGALS9;HLA-E;SLC7A5,0.0153774934916506,1.4904508157462493,GO_Biological_Process_2021,positive,1.4904508157462493,1,GO_Biological_Process_2021::regulation of interleukin-4 production (GO:0032673),0.0153774934916506,raw q retained
prerank,GO_Biological_Process_2021::negative regulation of sequestering of calcium ion (GO:0051283),0.7057675733190354,1.4882136819369791,0.001503006012024,0.0157024754916705,0.993,12/16,12.72%,CCR7;CCL21;CCL19;PLCG2;XCL1;ITPR3;ANXA6;ERO1A;RYR2;ITPR1;PKD2;ITPR2,0.0157024754916705,1.4882136819369791,GO_Biological_Process_2021,positive,1.4882136819369791,2,GO_Biological_Process_2021::negative regulation of sequestering of calcium ion (GO:0051283) | GO_Biological_Process_2021::calcium ion transmembrane import into cytosol (GO:0097553),0.0157024754916705,raw q retained
prerank,GO_Biological_Process_2021::ventricular septum morphogenesis (GO:0060412),0.6873479465526786,1.488379772904137,0.0005,0.0157461139299637,0.993,19/20,30.35%,TGFBR2;BMP4;NKX2-5;TGFBR3;SMAD4;ROBO2;ROBO1;HEY1;SLIT2;NOG;HES1;HEYL;SLIT3;HEY2;ZFPM2;ZFPM1;SOX4;CITED2;PROX1,0.0157461139299637,1.488379772904137,GO_Biological_Process_2021,positive,1.488379772904137,4,GO_Biological_Process_2021::ventricular septum morphogenesis (GO:0060412) | GO_Biological_Process_2021::atrioventricular valve morphogenesis (GO:0003181) | GO_Biological_Process_2021::ventricular septum development (GO:0003281) | GO_Biological_Process_2021::outflow tract septum morphogenesis (GO:0003148),0.0157461139299637,raw q retained
prerank,GO_Biological_Process_2021::Ras protein signal transduction (GO:0007265),0.6137619834423225,1.4872873430115876,0.0,0.0158276237092359,0.9935,95/120,26.13%,JUN;WAS;AIF1;CYFIP1;WASF1;RAC2;ARHGDIB;SHC1;GRAP2;NCKAP1;GNA13;RHOA;RRAS;LAT;GNB1;PDPN;ARHGEF1;CDKN1A;RHOH;RAP1B;CDKN2A;SOS1;ARHGAP29;BRK1;RRAS2;RHOD;RB1;CFL1;RAB42;CTNNAL1;RAC1;ELMO1;GNA12;RALA;CDC42EP5;PLCE1;TRIM28;EPS8L2;NGFR;RALB;SHC3;RAP2B;G3BP1;RHOG;RASGRP1;ABI2;RHOB;EPS8;PHACTR4;RASGRP2;LIMK1;RERG;RGL2;CCNA2;DBNL;GDI1;MRAS;GRAP;RAPGEF1;PARK7;RASSF1;SHC2;PLK2;CRKL;RAP1A;KPNB1;G3BP2;NTN1;CNKSR1;ARHGEF11;NF1;RAP2A;ARHGAP4;RAPGEF3;PLEKHG5;CDC42EP3;CDH13;CDC42EP4;SHOC2;ADGRG1;RALGDS;CELSR1;TIAM1;EPS8L1;KSR2;RAP2C;ARHGEF3;ARHGDIA;USP8;PLD1;ARHGAP1;MYO9B;USP50;TAX1BP3;ARHGAP6,0.0158276237092359,1.4872873430115876,GO_Biological_Process_2021,positive,1.4872873430115876,4,GO_Biological_Process_2021::Ras protein signal transduction (GO:0007265) | GO_Biological_Process_2021::Rho protein signal transduction (GO:0007266) | GO_Biological_Process_2021::Rac protein signal transduction (GO:0016601) | GO_Biological_Process_2021::small GTPase mediated signal transduction (GO:0007264),0.0158276237092359,raw q retained
prerank,GO_Biological_Process_2021::regulation of endothelial cell apoptotic process (GO:2000351),0.6815013609503131,1.486817922209995,0.0005,0.0158853781433432,0.9935,17/21,21.10%,THBS1;CDH5;GATA2;ECSCR;IL11;GATA3;CD160;PLCG1;TNFAIP3;PDCD4;TNIP2;KRIT1;HLA-G;RGCC;MAPK7;AKR1C3;ANO6,0.0158853781433432,1.486817922209995,GO_Biological_Process_2021,positive,1.486817922209995,3,GO_Biological_Process_2021::regulation of endothelial cell apoptotic process (GO:2000351) | GO_Biological_Process_2021::positive regulation of epithelial cell apoptotic process (GO:1904037) | GO_Biological_Process_2021::positive regulation of endothelial cell apoptotic process (GO:2000353),0.0158853781433432,raw q retained
prerank,GO_Biological_Process_2021::regulation of integrin-mediated signaling pathway (GO:2001044),0.7254006580767811,1.4855606245232398,0.0045340050377833,0.0161438694819412,0.9935,10/12,17.80%,EMP2;LIMS2;DMTN;TIMP1;CD177;LIMS1;BST1;PHACTR4;CD63;LOXL3,0.0161438694819412,1.4855606245232398,GO_Biological_Process_2021,positive,1.4855606245232398,1,GO_Biological_Process_2021::regulation of integrin-mediated signaling pathway (GO:2001044),0.0161438694819412,raw q retained
prerank,GO_Biological_Process_2021::positive regulation of alpha-beta T cell activation (GO:0046635),0.7338730330203894,1.483476564355546,0.0065623422513881,0.0163012927803155,0.995,10/11,20.21%,HLA-DRA;HLA-A;IL23R;CD55;HSPH1;GLI3;IHH;HLA-E;SHH;EBI3,0.0163012927803155,1.483476564355546,GO_Biological_Process_2021,positive,1.483476564355546,1,GO_Biological_Process_2021::positive regulation of alpha-beta T cell activation (GO:0046635),0.0163012927803155,raw q retained
prerank,GO_Biological_Process_2021::positive regulation of interferon-gamma production (GO:0032729),0.6538919038538828,1.484273857483783,0.0,0.0163241845162846,0.9945,28/35,22.44%,CLEC7A;HLA-DPA1;SLC11A1;HLA-DPB1;PTPN22;LILRB1;HLA-A;PYCARD;HSPD1;IL12RB1;FADD;IL23R;SLAMF6;CD226;IL12RB2;IFNL1;RASGRP1;ISG15;LGALS9;CEBPG;F2RL1;TXK;SLC7A5;IL27;BTN3A2;EBI3;CD244;BTN3A1,0.0163241845162846,1.484273857483783,GO_Biological_Process_2021,positive,1.484273857483783,2,GO_Biological_Process_2021::positive regulation of interferon-gamma production (GO:0032729) | GO_Biological_Process_2021::positive regulation of activated T cell proliferation (GO:0042104),0.0163241845162846,raw q retained
prerank,GO_Biological_Process_2021::calcium-mediated signaling using intracellular calcium source (GO:0035584),0.6986723776484797,1.4826436380747063,0.002002002002002,0.0164380843052371,0.9955,15/16,26.06%,VCAM1;DMTN;CCL20;RYR2;GPR143;PTGFR;AZU1;DEFB1;GRM5;PRNP;FIS1;BCAP31;TRPM2;ADGRL1;PTPRJ,0.0164380843052371,1.4826436380747063,GO_Biological_Process_2021,positive,1.4826436380747063,2,GO_Biological_Process_2021::calcium-mediated signaling using intracellular calcium source (GO:0035584) | GO_Biological_Process_2021::calcium-mediated signaling (GO:0019722),0.0164380843052371,raw q retained
prerank,GO_Biological_Process_2021::positive regulation of transcription from RNA polymerase II promoter involved in cellular response to chemical stimulus (GO:1901522),0.6999576973858508,1.4815340089348854,0.0005002501250625,0.016538636069974,0.996,14/17,23.61%,RUNX2;HIF1A;BMP2;XBP1;SMAD4;EP300;ATF4;SMAD1;SMAD9;RBPJ;DLX5;SMAD5;SESN2;CREB3,0.016538636069974,1.4815340089348854,GO_Biological_Process_2021,positive,1.4815340089348854,1,GO_Biological_Process_2021::positive regulation of transcription from RNA polymerase II promoter involved in cellular response to chemical stimulus (GO:1901522),0.016538636069974,raw q retained
prerank,GO_Biological_Process_2021::positive regulation of peptidyl-threonine phosphorylation (GO:0010800),0.6938695531435963,1.4812716688306005,0.0025012506253126,0.0165637731503817,0.996,13/18,19.45%,EGF;CHI3L1;RIPK2;CALM3;SPHK1;AXIN1;BMP7;AZU1;PRKAG2;CALM2;TNKS1BP1;UBE2K;IRGM,0.0165637731503817,1.4812716688306005,GO_Biological_Process_2021,positive,1.4812716688306005,1,GO_Biological_Process_2021::positive regulation of peptidyl-threonine phosphorylation (GO:0010800),0.0165637731503817,raw q retained
prerank,GO_Biological_Process_2021::regulation of adaptive immune response (GO:0002819),0.7176417307150587,1.4805008563869215,0.0040281973816717,0.0165825431253452,0.996,12/13,22.66%,SASH3;IRF7;SAMSN1;PYCARD;IL4I1;ALOX15;SKAP1;FADD;RIPK3;IRF1;ADCY7;EIF2AK4,0.0165825431253452,1.4805008563869215,GO_Biological_Process_2021,positive,1.4805008563869215,1,GO_Biological_Process_2021::regulation of adaptive immune response (GO:0002819),0.0165825431253452,raw q retained
prerank,GO_Biological_Process_2021::I-kappaB kinase/NF-kappaB signaling (GO:0007249),0.6435774481355382,1.4808699251273696,0.0,0.0165839196947164,0.996,38/43,32.42%,UBA52;UBB;TBK1;RIPK2;NFKBIA;TICAM2;TRAF2;TRAF6;RELB;IRAK2;IKBKG;CHUK;MAP3K7;TRADD;REL;TAB1;BCL3;RNF31;TAB2;TANK;BCL10;UBC;NFKBIL1;PRDX4;CARD11;MAP3K14;SHARPIN;TICAM1;RBCK1;AZI2;TAB3;TBKBP1;TIFA;DAB2IP;NLRC3;NKIRAS2;ERC1;NKIRAS1,0.0165839196947164,1.4808699251273696,GO_Biological_Process_2021,positive,1.4808699251273696,1,GO_Biological_Process_2021::I-kappaB kinase/NF-kappaB signaling (GO:0007249),0.0165839196947164,raw q retained
prerank,GO_Biological_Process_2021::peptide hormone secretion (GO:0030072),0.6692279133167804,1.4799446816476858,0.0015,0.0166022732789684,0.996,20/24,23.72%,EDN1;GHRL;RAB1A;ANXA1;ADCYAP1;VIP;EXOC3L1;CRHR1;LTBP4;EDN3;PARK7;FFAR4;NEUROD1;GHRH;SLC30A8;CYB5R4;PDX1;FAM3B;RIMS2;CAMK2G,0.0166022732789684,1.4799446816476858,GO_Biological_Process_2021,positive,1.4799446816476858,1,GO_Biological_Process_2021::peptide hormone secretion (GO:0030072),0.0166022732789684,raw q retained
prerank,GO_Biological_Process_2021::response to cytokine (GO:0034097),0.6132371033242277,1.4801926347197398,0.0,0.0166250154651306,0.996,80/108,20.56%,CCR7;MEFV;ADIPOQ;CSF3;TIMP3;SLC11A1;MX2;GGT5;HCLS1;MYD88;SMAD3;CIITA;IFITM3;CHI3L1;PTPN6;RHOA;LEF1;XAF1;IFITM1;MX1;TBK1;TNFRSF11A;LAMP3;STAT1;EIF2AK2;TRAF6;DPYSL3;GGT7;RELB;IRAK2;GCH1;CXCL16;SPHK1;TIMP1;IL23R;IKBKE;NLRP12;TIMP4;ANXA1;PML;DDOST;ADAM10;PID1;BST2;ASAH2;ITIH4;GGT1;PTPN5;REL;FOXA2;KYNU;UBD;CYP27B1;ISG15;TIMP2;IL1RL2;PLSCR1;LIFR;SRF;IL1F10;ALDH1A2;PTPN7;LGALS9;ADAR;NFAT5;PTPN2;CALCOCO2;PTPN9;MAP2K7;MAPKAPK3;IRAK3;IFITM2;IL37;SP100;IL18BP;PTPN14;PTPN12;FOXH1;TRIM21;SIGIRR,0.0166250154651306,1.4801926347197398,GO_Biological_Process_2021,positive,1.4801926347197398,1,GO_Biological_Process_2021::response to cytokine (GO:0034097),0.0166250154651306,raw q retained
prerank,GO_Biological_Process_2021::positive regulation of osteoblast differentiation (GO:0045669),0.662320371505064,1.47886587751276,0.0,0.0167607872143735,0.9965,21/29,17.00%,TMEM119;LTF;RUNX2;YAP1;FBN2;BMP4;BMP2;IFITM1;BMP6;LRP5;WWTR1;FERMT2;LRP3;ATP6AP1;BMP7;BMPR1B;NPNT;SUCO;MEF2C;FFAR4;ATRAID,0.0167607872143735,1.47886587751276,GO_Biological_Process_2021,positive,1.47886587751276,3,GO_Biological_Process_2021::positive regulation of osteoblast differentiation (GO:0045669) | GO_Biological_Process_2021::regulation of osteoblast differentiation (GO:0045667) | GO_Biological_Process_2021::endochondral bone morphogenesis (GO:0060350),0.0167607872143735,raw q retained
prerank,GO_Biological_Process_2021::regulation of nitric oxide biosynthetic process (GO:0045428),0.6731101896104865,1.478613827649581,0.001,0.0167801012164607,0.9965,22/24,28.18%,CD34;CLEC7A;CD36;CX3CR1;SMAD3;EDN1;CAV1;PTGIS;TLR6;AGXT2;SIRPA;ASS1;GLA;RAC1;KLF4;PKD2;DDAH2;ZC3H12A;KLF2;P2RX4;DDAH1;KHSRP,0.0167801012164607,1.478613827649581,GO_Biological_Process_2021,positive,1.478613827649581,3,GO_Biological_Process_2021::regulation of nitric oxide biosynthetic process (GO:0045428) | GO_Biological_Process_2021::positive regulation of nitric oxide metabolic process (GO:1904407) | GO_Biological_Process_2021::positive regulation of nitric oxide biosynthetic process (GO:0045429),0.0167801012164607,raw q retained
prerank,GO_Biological_Process_2021::regulation of osteoclast differentiation (GO:0045670),0.6779740813036714,1.4774108643990989,0.0035017508754377,0.0169393920778072,0.997,13/21,12.77%,FBN1;LILRB3;LILRB4;BGLAP;CEBPB;TRAF6;CAMK4;CCL3;OCSTAMP;IL23R;MAFB;GPR137B;UBASH3B,0.0169393920778072,1.4774108643990989,GO_Biological_Process_2021,positive,1.4774108643990989,2,GO_Biological_Process_2021::regulation of osteoclast differentiation (GO:0045670) | GO_Biological_Process_2021::negative regulation of osteoclast differentiation (GO:0045671),0.0169393920778072,raw q retained
prerank,GO_Biological_Process_2021::integrin-mediated signaling pathway (GO:0007229),0.6412020000061484,1.4769425907678464,0.0,0.0169698402044616,0.997,32/44,17.89%,ITGA11;THY1;FBLN1;ITGB7;COL16A1;ITGA10;ITGB4;LAMA5;LAT;MYH9;ZYX;ILK;APOA1;CDC42;PLEK;DAB2;FERMT2;DOCK1;CUL3;CDH17;ADAM10;NEDD9;BCAR1;MADCAM1;FERMT3;ISG15;ITGBL1;ADAMTS1;CEACAM1;PLPP3;TXK;PRAM1,0.0169698402044616,1.4769425907678464,GO_Biological_Process_2021,positive,1.4769425907678464,1,GO_Biological_Process_2021::integrin-mediated signaling pathway (GO:0007229),0.0169698402044616,raw q retained
prerank,GO_Biological_Process_2021::regulation of bicellular tight junction assembly (GO:2000810),0.7198745005983803,1.4760884480631284,0.0065425264217413,0.0171125881710419,0.997,9/12,11.13%,CLDN5;SNAI2;RUNX1;OCLN;MYO1C;TJP1;F11R;SNAI1;CBFB,0.0171125881710419,1.4760884480631284,GO_Biological_Process_2021,positive,1.4760884480631284,2,GO_Biological_Process_2021::regulation of bicellular tight junction assembly (GO:2000810) | GO_Biological_Process_2021::regulation of cell junction assembly (GO:1901888),0.0171125881710419,raw q retained
prerank,GO_Biological_Process_2021::regulation of microglial cell activation (GO:1903978),0.7407124530246182,1.4757732154558545,0.0065989847715736,0.0171353764652976,0.997,8/10,20.84%,TREM2;CST7;CCL3;SPHK1;GRN;LDLR;NR1D1;STAP1,0.0171353764652976,1.4757732154558545,GO_Biological_Process_2021,positive,1.4757732154558545,1,GO_Biological_Process_2021::regulation of microglial cell activation (GO:1903978),0.0171353764652976,raw q retained
prerank,GO_Biological_Process_2021::natural killer cell mediated immunity (GO:0002228),0.6936610930870976,1.4754931872753638,0.0015022533800701,0.0171752290651356,0.997,16/16,30.68%,KLRD1;KIR3DL1;KLRK1;GZMB;KLRC2;ULBP1;ULBP2;ULBP3;CEBPG;MICA;ARL8B;LYST;RAET1E;CLEC2A;RAET1G;PLEKHM2,0.0171752290651356,1.4754931872753638,GO_Biological_Process_2021,positive,1.4754931872753638,2,GO_Biological_Process_2021::natural killer cell mediated immunity (GO:0002228) | GO_Biological_Process_2021::natural killer cell mediated cytotoxicity (GO:0042267),0.0171752290651356,raw q retained
prerank,GO_Biological_Process_2021::negative regulation of lipid storage (GO:0010888),0.7415941884050097,1.4747354813816955,0.0066023362112747,0.0171782829407645,0.9975,9/10,18.84%,CRP;TREM2;CES1;NFKBIA;ABHD5;PNPLA2;PTPN2;ABCG1;OSBPL8,0.0171782829407645,1.4747354813816955,GO_Biological_Process_2021,positive,1.4747354813816955,1,GO_Biological_Process_2021::negative regulation of lipid storage (GO:0010888),0.0171782829407645,raw q retained
prerank,GO_Biological_Process_2021::myofibril assembly (GO:0030239),0.6499570508290469,1.4753254294944602,0.0,0.0171794996462287,0.997,31/36,27.80%,ACTC1;CSRP2;LMOD1;TMOD4;TTN;TNNT3;CSRP3;TPM1;MYLK3;MYOM2;MYH3;MYPN;TNNT1;TMOD3;PGM5;FLII;TCAP;WDR1;KLHL41;MYOZ1;ACTN2;TMOD1;TMOD2;CFLAR;OBSL1;FHOD3;CASQ1;ANKRD1;MYOZ2;KRT19;CAPN3,0.0171794996462287,1.4753254294944602,GO_Biological_Process_2021,positive,1.4753254294944602,4,GO_Biological_Process_2021::myofibril assembly (GO:0030239) | GO_Biological_Process_2021::striated muscle cell development (GO:0055002) | GO_Biological_Process_2021::actomyosin structure organization (GO:0031032) | GO_Biological_Process_2021::sarcomere organization (GO:0045214),0.0171794996462287,raw q retained
prerank,GO_Biological_Process_2021::positive regulation of extrinsic apoptotic signaling pathway (GO:2001238),0.6823680741137933,1.4739760007979257,0.0025012506253126,0.0173139957245426,0.9975,19/20,28.51%,THBS1;CAV1;BID;TNFSF10;HYAL2;PYCARD;TRAF2;G0S2;FADD;PMAIP1;PML;BCL10;CYLD;PAK2;HTRA2;GPER1;SFRP1;DEDD2;PPP2R1B,0.0173139957245426,1.4739760007979257,GO_Biological_Process_2021,positive,1.4739760007979257,1,GO_Biological_Process_2021::positive regulation of extrinsic apoptotic signaling pathway (GO:2001238),0.0173139957245426,raw q retained
prerank,GO_Biological_Process_2021::regulation of lipid storage (GO:0010883),0.7212118663784368,1.4722722703400577,0.0045180722891566,0.0176367054308446,0.998,9/12,17.52%,CRP;LPL;NFKBIA;IKBKE;FBXW7;PTPN2;MEST;ZC3H12A;PLIN5,0.0176367054308446,1.4722722703400577,GO_Biological_Process_2021,positive,1.4722722703400577,1,GO_Biological_Process_2021::regulation of lipid storage (GO:0010883),0.0176367054308446,raw q retained
prerank,GO_Biological_Process_2021::positive regulation of TOR signaling (GO:0032008),0.6547520380604033,1.4724148836420776,0.0005,0.0176447587930106,0.998,29/33,28.77%,LEP;TREM2;NCKAP1L;LAMTOR3;RHEB;RRAGB;GPR137B;MIOS;LIN28A;SEC13;RRAGA;LAMTOR2;SMCR8;RRAGC;RRAGD;RICTOR;LAMTOR5;GOLPH3;KLHL22;LAMTOR1;LAMTOR4;SLC38A9;FLCN;WDR24;SEH1L;WDR59;PIH1D1;TELO2;FNIP1,0.0176447587930106,1.4724148836420776,GO_Biological_Process_2021,positive,1.4724148836420776,2,GO_Biological_Process_2021::positive regulation of TOR signaling (GO:0032008) | GO_Biological_Process_2021::regulation of TOR signaling (GO:0032006),0.0176447587930106,raw q retained
prerank,GO_Biological_Process_2021::positive regulation of cytokine-mediated signaling pathway (GO:0001961),0.6712223474585187,1.4713405973642604,0.0,0.0177290682596449,0.998,18/23,22.33%,HIF1A;EDN1;CD300LF;IL7;LAPTM5;PARP9;TICAM2;FADD;GFI1;PARP14;MAVS;WNT5A;ZBP1;UBE2K;TXK;IRGM;AGPAT2;NLRC5,0.0177290682596449,1.4713405973642604,GO_Biological_Process_2021,positive,1.4713405973642604,1,GO_Biological_Process_2021::positive regulation of cytokine-mediated signaling pathway (GO:0001961),0.0177290682596449,raw q retained
prerank,GO_Biological_Process_2021::positive regulation of actin filament polymerization (GO:0030838),0.6443341735304019,1.4710767796564008,0.0,0.0177552240771114,0.998,32/39,24.98%,CCR7;CSF3;CCL21;CCL26;SCIN;NCKAP1;NCKAP1L;CTTN;LMOD1;BAIAP2;NCK1;PYCARD;NCK2;ALOX15;EVL;BAIAP2L2;VASP;ARF6;CCL24;CDC42EP5;GSN;SNX9;BIN1;BAIAP2L1;SPIRE2;ARPC4;PFN1;CDC42EP3;CDC42EP4;FCHSD2;PFN2;WHAMM,0.0177552240771114,1.4710767796564008,GO_Biological_Process_2021,positive,1.4710767796564008,1,GO_Biological_Process_2021::positive regulation of actin filament polymerization (GO:0030838),0.0177552240771114,raw q retained
prerank,GO_Biological_Process_2021::regulation of secretion (GO:0051046),0.7276583357591384,1.470531282879061,0.0070850202429149,0.0178104961814553,0.998,11/11,27.27%,EGF;SCIN;FGF10;CES1;OAS2;NRG1;MYO6;GPLD1;SGK1;ACSL3;POFUT2,0.0178104961814553,1.470531282879061,GO_Biological_Process_2021,positive,1.470531282879061,1,GO_Biological_Process_2021::regulation of secretion (GO:0051046),0.0178104961814553,raw q retained
prerank,GO_Biological_Process_2021::cell-matrix adhesion (GO:0007160),0.6181280100912492,1.4696608701667606,0.0,0.0179215055115884,0.998,60/77,26.22%,CD34;VCAM1;ITGA11;CCL21;VCL;ITGA3;THY1;FBLN5;ITGA8;SIGLEC1;VTN;LYVE1;ITGA1;EMILIN1;ITGA7;CTTN;ITGB7;EMP2;ITGA10;ITGB4;ACTN1;PARVG;NID2;ZYX;ILK;SORBS1;CD96;FERMT2;RHOD;COL13A1;THBS3;BCAM;ACTN3;RAC1;MADCAM1;ECM2;ADAMTS12;FERMT3;FERMT1;NPNT;ITGBL1;COL17A1;ACTN2;TNN;CD63;L1CAM;TAOK2;DLC1;PKD1;TSC1;ADAMTS9;THSD1;SGCE;ARHGEF7;TIAM1;PIP5K1A;WHAMM;TRIP6;LYPD3;DDR1,0.0179215055115884,1.4696608701667606,GO_Biological_Process_2021,positive,1.4696608701667606,3,GO_Biological_Process_2021::cell-matrix adhesion (GO:0007160) | GO_Biological_Process_2021::cell-substrate junction assembly (GO:0007044) | GO_Biological_Process_2021::focal adhesion assembly (GO:0048041),0.0179215055115884,raw q retained
prerank,GO_Biological_Process_2021::regulation of cardiac muscle hypertrophy (GO:0010611),0.7016017808959025,1.4697686814362203,0.005005005005005,0.0179300058463126,0.998,14/15,29.62%,CAV3;EDN1;NR4A3;SMAD4;HAND2;LMCD1;SLC9A1;MTPN;PDE9A;GLRX3;MEF2A;RGS2;P2RX4;CAMK2D,0.0179300058463126,1.4697686814362203,GO_Biological_Process_2021,positive,1.4697686814362203,1,GO_Biological_Process_2021::regulation of cardiac muscle hypertrophy (GO:0010611),0.0179300058463126,raw q retained
prerank,GO_Biological_Process_2021::regulation of vasculature development (GO:1901342),0.6856371435568399,1.4689993681592644,0.0015007503751875,0.01807250225825,0.999,16/19,22.52%,LEP;CXCL13;EMP2;HMOX1;ETS1;PLXND1;VASH2;ADGRA2;HTATIP2;KRT1;BMPER;RNH1;NF1;SP100;VASH1;TSPAN12,0.01807250225825,1.4689993681592644,GO_Biological_Process_2021,positive,1.4689993681592644,1,GO_Biological_Process_2021::regulation of vasculature development (GO:1901342),0.01807250225825,raw q retained
prerank,GO_Biological_Process_2021::regulation of cell-substrate adhesion (GO:0010810),0.6467929230069138,1.4684996662668948,0.0,0.0181169788782419,0.999,24/33,18.41%,THY1;FBLN2;RAC2;EMP2;RHOA;DMTN;PDPN;ALOX15;RSU1;RAC1;ECM2;CORO1C;NPNT;VIT;PPM1F;LIMS1;FZD4;BST1;ATXN3;PKHD1;MYADM;PTPRO;NF1;TSC1,0.0181169788782419,1.4684996662668948,GO_Biological_Process_2021,positive,1.4684996662668948,2,GO_Biological_Process_2021::regulation of cell-substrate adhesion (GO:0010810) | GO_Biological_Process_2021::positive regulation of cell-substrate adhesion (GO:0010811),0.0181169788782419,raw q retained
prerank,GO_Biological_Process_2021::positive regulation of transcription of Notch receptor target (GO:0007221),0.6999721083318001,1.4674046770047249,0.0070175438596491,0.0183169881567267,0.999,13/14,25.21%,NOTCH4;STAT1;PBX1;EP300;MAML1;PLXND1;HEYL;RBPJ;SNW1;WWC1;KAT2B;MAML2;MAML3,0.0183169881567267,1.4674046770047249,GO_Biological_Process_2021,positive,1.4674046770047249,3,GO_Biological_Process_2021::positive regulation of transcription of Notch receptor target (GO:0007221) | GO_Biological_Process_2021::positive regulation of Notch signaling pathway (GO:0045747) | GO_Biological_Process_2021::Notch signaling pathway (GO:0007219),0.0183169881567267,raw q retained
prerank,GO_Biological_Process_2021::membrane raft organization (GO:0031579),0.7054804547514081,1.4667078949085113,0.0050301810865191,0.0184492991085348,0.999,12/14,19.57%,CAV3;EMP2;ABCA7;PPT1;S100A10;ANXA2;NPC1;CLN3;FLOT2;FLOT1;MYADM;RFTN1,0.0184492991085348,1.4667078949085113,GO_Biological_Process_2021,positive,1.4667078949085113,1,GO_Biological_Process_2021::membrane raft organization (GO:0031579),0.0184492991085348,raw q retained
prerank,GO_Biological_Process_2021::sympathetic nervous system development (GO:0048485),0.7145898939685618,1.4660264086672112,0.0040221216691804,0.0185293338591657,0.999,11/12,26.78%,GATA3;SEMA3A;NRP2;SEMA3F;NF1;GDNF;ASCL1;TFAP2B;FZD3;SOX4;INSM1,0.0185293338591657,1.4660264086672112,GO_Biological_Process_2021,positive,1.4660264086672112,1,GO_Biological_Process_2021::sympathetic nervous system development (GO:0048485),0.0185293338591657,raw q retained
prerank,GO_Biological_Process_2021::positive regulation of B cell proliferation (GO:0030890),0.7001925762249614,1.465393093654552,0.0045158053186151,0.0186311795080968,0.999,14/15,26.01%,IL2;SASH3;IL7;NCKAP1L;TIRAP;CD81;VAV3;NFATC2;BST1;MEF2C;IRS2;FCRL3;GPR183;CD320,0.0186311795080968,1.465393093654552,GO_Biological_Process_2021,positive,1.465393093654552,2,GO_Biological_Process_2021::positive regulation of B cell proliferation (GO:0030890) | GO_Biological_Process_2021::regulation of B cell proliferation (GO:0030888),0.0186311795080968,raw q retained
prerank,GO_Biological_Process_2021::artery morphogenesis (GO:0048844),0.6899245419189436,1.4645997778223876,0.001002004008016,0.0187360263351573,0.999,15/17,23.80%,BMP4;JAG1;LRP2;HPGD;PKD2;NOG;HES1;GJA5;STRA6;NF1;ADAMTS9;FOXF1;HEY2;TFAP2B;TBX1,0.0187360263351573,1.4645997778223876,GO_Biological_Process_2021,positive,1.4645997778223876,1,GO_Biological_Process_2021::artery morphogenesis (GO:0048844),0.0187360263351573,raw q retained
prerank,GO_Biological_Process_2021::positive regulation of cholesterol efflux (GO:0010875),0.6902353394488654,1.4638136469841223,0.0015022533800701,0.0189406167821475,0.999,12/17,13.49%,ADIPOQ;TREM2;CAV1;PLTP;CES1;ABCA7;PON1;NFKBIA;APOA1;APOE;PTCH1;ABCA8,0.0189406167821475,1.4638136469841223,GO_Biological_Process_2021,positive,1.4638136469841223,2,GO_Biological_Process_2021::positive regulation of cholesterol efflux (GO:0010875) | GO_Biological_Process_2021::positive regulation of cholesterol transport (GO:0032376),0.0189406167821475,raw q retained
prerank,GO_Biological_Process_2021::positive regulation of endocytosis (GO:0045807),0.6400994744967864,1.462480322563659,0.0,0.0191917364555987,0.999,32/39,26.50%,APOA5;CCL21;CCL19;VTN;TREM2;NCKAP1L;B2M;CD151;PPT1;CDC42;HFE;TOR1A;CBL;DAB2;APOE;SGIP1;RAB31;CLN3;NEDD4L;DLL1;HNRNPK;FLOT1;F2RL1;TF;VPS28;BICD1;STAP1;ANO6;SMPD1;RAB21;CBLL1;LDLRAP1,0.0191917364555987,1.462480322563659,GO_Biological_Process_2021,positive,1.462480322563659,3,GO_Biological_Process_2021::positive regulation of endocytosis (GO:0045807) | GO_Biological_Process_2021::regulation of receptor-mediated endocytosis (GO:0048259) | GO_Biological_Process_2021::positive regulation of receptor-mediated endocytosis (GO:0048260),0.0191917364555987,raw q retained
prerank,GO_Biological_Process_2021::regulation of B cell receptor signaling pathway (GO:0050855),0.6873348704393677,1.461285110131127,0.0060030015007503,0.0194554904727003,0.9995,14/16,26.35%,PTPN22;CD300A;ELF1;RUNX1;NFAM1;PAX5;CD81;CBFB;LPXN;FCRL3;STAP1;FOXP1;ELF2;SLC39A10,0.0194554904727003,1.461285110131127,GO_Biological_Process_2021,positive,1.461285110131127,1,GO_Biological_Process_2021::regulation of B cell receptor signaling pathway (GO:0050855),0.0194554904727003,raw q retained
prerank,GO_Biological_Process_2021::regulation of smooth muscle cell migration (GO:0014910),0.735988473594733,1.461369350787358,0.0106007067137809,0.0194785075584153,0.9995,8/10,14.85%,CCL5;VTN;IGFBP5;IGFBP3;S100A11;TRIB1;SLIT2;SORL1,0.0194785075584153,1.461369350787358,GO_Biological_Process_2021,positive,1.461369350787358,1,GO_Biological_Process_2021::regulation of smooth muscle cell migration (GO:0014910),0.0194785075584153,raw q retained
prerank,GO_Biological_Process_2021::positive regulation of substrate adhesion-dependent cell spreading (GO:1900026),0.6562879275520555,1.4604735852870412,0.0005,0.0195346197885043,0.9995,23/28,22.04%,RAC3;MYOC;LIMS2;DMTN;CRK;ILK;APOA1;CDC42;FERMT2;S100A10;DOCK1;C1QBP;RAC1;NEDD9;LIMS1;OLFM4;CASS4;MYADM;CALR;CRKL;MDK;ARHGEF7;TRIOBP,0.0195346197885043,1.4604735852870412,GO_Biological_Process_2021,positive,1.4604735852870412,2,GO_Biological_Process_2021::positive regulation of substrate adhesion-dependent cell spreading (GO:1900026) | GO_Biological_Process_2021::regulation of substrate adhesion-dependent cell spreading (GO:1900024),0.0195346197885043,raw q retained
prerank,GO_Biological_Process_2021::muscle tissue morphogenesis (GO:0060415),0.6969180218774698,1.4601407580096033,0.0050125313283208,0.0195982310077043,0.9995,15/15,30.35%,EFEMP2;ACTC1;BMP4;BMP2;TTN;MYLK2;NKX2-5;TGFBR3;MYLK;TCAP;HEY2;ANKRD1;TBX1;ZFPM1;PROX1,0.0195982310077043,1.4601407580096033,GO_Biological_Process_2021,positive,1.4601407580096033,1,GO_Biological_Process_2021::muscle tissue morphogenesis (GO:0060415),0.0195982310077043,raw q retained
prerank,GO_Biological_Process_2021::stress fiber assembly (GO:0043149),0.7123027082575987,1.4578626464182476,0.0050301810865191,0.0199375903211004,0.9995,11/12,27.19%,RHOA;ZYX;SORBS1;ARRB1;CUL3;PDLIM1;FHDC1;PHACTR1;PDCD10;TNFAIP1;KCTD13,0.0199375903211004,1.4578626464182476,GO_Biological_Process_2021,positive,1.4578626464182476,2,GO_Biological_Process_2021::stress fiber assembly (GO:0043149) | GO_Biological_Process_2021::contractile actin filament bundle assembly (GO:0030038),0.0199375903211004,raw q retained
prerank,GO_Biological_Process_2021::hyaluronan catabolic process (GO:0030214),0.7073950682489848,1.4574964172650289,0.0060271220492214,0.0199554525396612,0.9995,12/13,27.81%,LYVE1;HEXB;HYAL2;HYAL1;HEXA;STAB2;SLC9A1;GUSB;HYAL4;HMMR;HYAL3;CHP1,0.0199554525396612,1.4574964172650289,GO_Biological_Process_2021,positive,1.4574964172650289,2,GO_Biological_Process_2021::hyaluronan catabolic process (GO:0030214) | GO_Biological_Process_2021::hyaluronan metabolic process (GO:0030212),0.0199554525396612,raw q retained
prerank,GO_Biological_Process_2021::positive regulation of secretion (GO:0051047),0.7348220226214238,1.4573644113659137,0.0101677681748856,0.0199556504906791,0.9995,10/10,26.55%,SCIN;ALOX12B;PRL;XBP1;AQP1;NPPB;SCT;GPLD1;TRH;ACSL3,0.0199556504906791,1.4573644113659137,GO_Biological_Process_2021,positive,1.4573644113659137,1,GO_Biological_Process_2021::positive regulation of secretion (GO:0051047),0.0199556504906791,raw q retained
prerank,GO_Biological_Process_2021::peptidyl-tyrosine phosphorylation (GO:0018108),0.6820591427354031,1.4571518818517892,0.002002002002002,0.0199680748604874,0.9995,14/18,20.26%,ZAP70;LEP;PTPN6;EFEMP1;PIBF1;ABI3;ABI1;ABI2;RELN;ABL2;PRLR;PKDCC;TXK;FES,0.0199680748604874,1.4571518818517892,GO_Biological_Process_2021,positive,1.4571518818517892,2,GO_Biological_Process_2021::peptidyl-tyrosine phosphorylation (GO:0018108) | GO_Biological_Process_2021::peptidyl-tyrosine modification (GO:0018212),0.0199680748604874,raw q retained
prerank,GO_Biological_Process_2021::cellular response to virus (GO:0098586),0.6619895543598571,1.4575843633300347,0.0,0.0199706315754152,0.9995,20/24,22.38%,CCL5;CCL19;DDX58;HIF1A;OAS1;IFIH1;BAX;CHUK;IRF3;EIF5A;IFI6;DDX3X;LGALS9;ARF1;ZC3H12A;LGALS8;FMR1;IRGM;VWCE;POU2AF1,0.0199706315754152,1.4575843633300347,GO_Biological_Process_2021,positive,1.4575843633300347,1,GO_Biological_Process_2021::cellular response to virus (GO:0098586),0.0199706315754152,raw q retained
prerank,GO_Biological_Process_2021::3'-UTR-mediated mRNA stabilization (GO:0070935),0.7213147009515922,1.4578722237066772,0.0076180802437785,0.0200155119589466,0.9995,10/11,24.30%,MYD88;TIRAP;YBX3;ZFP36;DAZL;TARDBP;HNRNPC;ELAVL1;ELAVL4;HNRNPA0,0.0200155119589466,1.4578722237066772,GO_Biological_Process_2021,positive,1.4578722237066772,2,GO_Biological_Process_2021::3'-UTR-mediated mRNA stabilization (GO:0070935) | GO_Biological_Process_2021::mRNA stabilization (GO:0048255),0.0200155119589466,raw q retained
prerank,GO_Biological_Process_2021::regulation of Rho protein signal transduction (GO:0035023),0.6186580877027982,1.4579517881064827,0.0,0.0200278390917637,0.9995,48/60,29.08%,ITGA3;ARHGDIB;GPR65;MYOC;APOA1;ARRB1;RASIP1;APOE;F11R;CUL3;RAC1;EPS8L2;ROBO1;LPAR6;EPS8;ABL2;LPAR1;ARHGEF28;KANK2;F2RL1;GPR4;LPAR4;HEG1;NET1;DLC1;STARD8;AKAP13;RALBP1;GPR18;ARHGEF2;PDCD10;OPHN1;KCTD10;ARHGAP35;ADGRG1;FLCN;KANK1;F2RL2;GPR35;TNFAIP1;EPS8L1;ARHGEF3;ARHGDIA;MYO9B;RTN4R;KCTD13;GPR55;STMN1,0.0200278390917637,1.4579517881064827,GO_Biological_Process_2021,positive,1.4579517881064827,3,GO_Biological_Process_2021::regulation of Rho protein signal transduction (GO:0035023) | GO_Biological_Process_2021::negative regulation of Rho protein signal transduction (GO:0035024) | GO_Biological_Process_2021::positive regulation of Rho protein signal transduction (GO:0035025),0.0200278390917637,raw q retained
prerank,GO_Biological_Process_2021::positive regulation of ossification (GO:0045778),0.6531875069472319,1.4549708136221218,0.0005,0.0201807272654634,0.9995,22/27,26.07%,TMEM119;FBN2;BMP4;BMP2;BMP6;BMP7;BMPR1B;TFAP2A;ISG15;MEF2C;KL;PKDCC;WNT5A;SLC8A1;ATRAID;ZBTB16;ANO6;PTN;OSR1;WNT4;ATP2B1;FZD9,0.0201807272654634,1.4549708136221218,GO_Biological_Process_2021,positive,1.4549708136221218,4,GO_Biological_Process_2021::positive regulation of ossification (GO:0045778) | GO_Biological_Process_2021::positive regulation of bone mineralization (GO:0030501) | GO_Biological_Process_2021::positive regulation of biomineral tissue development (GO:0070169) | GO_Biological_Process_2021::regulation of bone mineralization (GO:0030500),0.0201807272654634,raw q retained
prerank,GO_Biological_Process_2021::primary alcohol catabolic process (GO:0034310),0.7239319697699,1.4547381555051544,0.0091277890466531,0.0202124285332235,0.9995,9/10,21.36%,SULT1C4;AKR1B10;SULT1B1;HAO1;SULT1E1;SULT1A3;SULT2A1;AKR1C3;SULT1A1,0.0202124285332235,1.4547381555051544,GO_Biological_Process_2021,positive,1.4547381555051544,2,GO_Biological_Process_2021::primary alcohol catabolic process (GO:0034310) | GO_Biological_Process_2021::ethanol metabolic process (GO:0006067),0.0202124285332235,raw q retained
prerank,GO_Biological_Process_2021::epiboly involved in wound healing (GO:0090505),0.7158424512945714,1.4549936256466447,0.0121334681496461,0.0202170781906964,0.9995,10/11,26.22%,RHOA;PDPN;CD151;TOR1A;LCP1;RHOC;CEACAM1;PDCD10;ARHGAP35;DDR1,0.0202170781906964,1.4549936256466447,GO_Biological_Process_2021,positive,1.4549936256466447,2,"GO_Biological_Process_2021::epiboly involved in wound healing (GO:0090505) | GO_Biological_Process_2021::wound healing, spreading of cells (GO:0044319)",0.0202170781906964,raw q retained
prerank,GO_Biological_Process_2021::positive regulation of oxidoreductase activity (GO:0051353),0.6998665335995523,1.4543102508062868,0.0085427135678391,0.0202505867995723,0.9995,11/13,18.47%,EDN1;POR;ATP7A;FXN;ABL2;EDN3;RFK;PARK7;EDN2;SIRT3;GDNF,0.0202505867995723,1.4543102508062868,GO_Biological_Process_2021,positive,1.4543102508062868,1,GO_Biological_Process_2021::positive regulation of oxidoreductase activity (GO:0051353),0.0202505867995723,raw q retained
prerank,GO_Biological_Process_2021::glucose metabolic process (GO:0006006),0.6213186057250797,1.4536307389663028,0.0,0.0203577954578009,0.9995,46/55,28.11%,ADIPOQ;FBP2;OAS1;TKTL1;PPARGC1A;GHRL;SLC39A14;FBP1;PGAM2;GPI;LRP5;MDH1;RBP4;PCK1;MDH2;ATF4;PER2;ADPGK;APOD;ALDOB;GALM;PGM1;ALDOC;GAPDH;IRS2;ENO3;ENO1;GOT2;PCK2;ENO2;PGK1;TPI1;ALDOA;G6PC3;GAPDHS;PGAM1;CRY1;PC;GOT1;TFAP2B;AKR1A1;SLC25A11;SLC25A1;SORD;SLC25A10;OMA1,0.0203577954578009,1.4536307389663028,GO_Biological_Process_2021,positive,1.4536307389663028,3,GO_Biological_Process_2021::glucose metabolic process (GO:0006006) | GO_Biological_Process_2021::gluconeogenesis (GO:0006094) | GO_Biological_Process_2021::hexose biosynthetic process (GO:0019319),0.0203577954578009,raw q retained
prerank,GO_Biological_Process_2021::tumor necrosis factor-mediated signaling pathway (GO:0033209),0.6238040198627169,1.4533750617895853,0.0,0.020369059057364,0.9995,40/52,24.07%,TNFRSF25;FOXO3;TNFRSF11A;PLVAP;NFKBIA;PYCARD;PSMB2;AIM2;STAT1;TRAF2;TRAF1;PSMA2;ILK;TRAF6;TNFRSF1B;TMSB4X;CHUK;PSMA8;TRAF3;ACTN4;PSMB4;TRADD;COMMD7;EIF5A;TNFRSF13B;LIMS1;PSMF1;TNFSF15;PSMD5;TNFRSF14;TNFRSF11B;PSMD9;TRAF5;PYDC1;MAP3K14;PSME2;PSME1;PSME3;TXNDC17;CDIP1,0.020369059057364,1.4533750617895853,GO_Biological_Process_2021,positive,1.4533750617895853,1,GO_Biological_Process_2021::tumor necrosis factor-mediated signaling pathway (GO:0033209),0.020369059057364,raw q retained
prerank,GO_Biological_Process_2021::positive regulation of protein kinase B signaling (GO:0051897),0.6084750239907886,1.4529729995450062,0.0,0.0204111515642455,0.9995,69/84,27.58%,CCR7;CSF3;THBS1;LEP;CCL21;CCL19;EGF;HCLS1;CX3CR1;TRAT1;F7;RAC2;CHI3L1;FGF8;FGF7;FGF16;FGF10;FGF17;FGF20;MYOC;VAV1;KITLG;FGF9;GDF15;GATA3;CCL3;PHB;OSM;FERMT2;PINK1;FGF19;FGF18;AREG;C1QBP;RAC1;LRP2;IAPP;THPO;RHOG;TCF7L2;LIN28A;RASD2;FGF5;MYDGF;KL;IRS2;TRIB3;PARK7;NRG1;CASS4;IL26;BTC;NRG4;RICTOR;PIK3AP1;FGF22;EPGN;OSBPL8;AKR1C3;FLT3LG;AKR1C2;ADAM8;GAB1;P2RX4;PDGFA;PTPRJ;NRG2;GAB2;HAX1,0.0204111515642455,1.4529729995450062,GO_Biological_Process_2021,positive,1.4529729995450062,2,GO_Biological_Process_2021::positive regulation of protein kinase B signaling (GO:0051897) | GO_Biological_Process_2021::regulation of protein kinase B signaling (GO:0051896),0.0204111515642455,raw q retained
prerank,GO_Biological_Process_2021::negative regulation of endopeptidase activity (GO:0010951),0.6228176774537533,1.4507009676977043,0.0,0.0206040942679434,1.0,33/51,21.30%,KNG1;LTF;TIMP3;SERPINB13;VTN;ANXA8;SERPINH1;HRG;SERPINF1;AHSG;SERPINB2;SERPINF2;SERPINE2;SERPINA1;TIMP1;TIMP4;SERPINA5;SERPIND1;RECK;SPOCK2;SERPINB3;GAPDH;SERPINB10;TIMP2;SERPINB4;BIN1;SERPINA3;SORL1;SERPINB6;SERPINB9;IFI16;SERPINB1;SERPINB5,0.0206040942679434,1.4507009676977043,GO_Biological_Process_2021,positive,1.4507009676977043,1,GO_Biological_Process_2021::negative regulation of endopeptidase activity (GO:0010951),0.0206040942679434,raw q retained
prerank,GO_Biological_Process_2021::negative regulation of endoplasmic reticulum unfolded protein response (GO:1900102),0.7136754967117616,1.451203993920512,0.0065392354124748,0.0206171129434744,1.0,11/12,22.45%,HSPA5;ABCA7;NCK1;PPP1R15A;WFS1;PTPN1;PPP1R15B;DNAJB9;ATF6B;DDRGK1;BFAR,0.0206171129434744,1.451203993920512,GO_Biological_Process_2021,positive,1.451203993920512,1,GO_Biological_Process_2021::negative regulation of endoplasmic reticulum unfolded protein response (GO:1900102),0.0206171129434744,raw q retained
prerank,GO_Biological_Process_2021::renal absorption (GO:0070293),0.7078218041377334,1.4508393980801506,0.0130391173520561,0.0206342893726959,1.0,11/12,28.67%,HYAL2;HAS2;GSN;HNF1A;AKR1C3;KLHL3;SLC9A3R1;SGK1;MAGED2;CLDN4;WNK4,0.0206342893726959,1.4508393980801506,GO_Biological_Process_2021,positive,1.4508393980801506,1,GO_Biological_Process_2021::renal absorption (GO:0070293),0.0206342893726959,raw q retained
prerank,GO_Biological_Process_2021::positive regulation of cell-matrix adhesion (GO:0001954),0.6478160407781974,1.451258888460368,0.001,0.0206386510131073,1.0,26/29,28.51%,CCR7;CCL21;THY1;CD36;EFEMP2;HRG;EMP2;COL16A1;CCL25;MYOC;RRAS;SKAP1;FERMT2;S100A10;JUP;RAC1;PPM1F;LIMS1;TSC1;RIN2;CDH13;CCL28;FUT1;PTPRJ;SFRP1;PLEKHA2,0.0206386510131073,1.451258888460368,GO_Biological_Process_2021,positive,1.451258888460368,3,GO_Biological_Process_2021::positive regulation of cell-matrix adhesion (GO:0001954) | GO_Biological_Process_2021::positive regulation of focal adhesion assembly (GO:0051894) | GO_Biological_Process_2021::regulation of cell-matrix adhesion (GO:0001952),0.0206386510131073,raw q retained
prerank,GO_Biological_Process_2021::natural killer cell activation (GO:0030101),0.6738207251851474,1.450851443827557,0.001000500250125,0.0206732312937993,1.0,16/20,25.29%,KLRK1;IL2;ULBP1;NCR1;NCR3;PBX1;ULBP2;ULBP3;PRDX1;RASGRP1;SNX27;NFIL3;IL21R;CD244;BAG6;IFNE,0.0206732312937993,1.450851443827557,GO_Biological_Process_2021,positive,1.450851443827557,1,GO_Biological_Process_2021::natural killer cell activation (GO:0030101),0.0206732312937993,raw q retained
prerank,GO_Biological_Process_2021::embryonic eye morphogenesis (GO:0048048),0.729185211586699,1.4501759060529662,0.013191273465246,0.0207185021214751,1.0,9/10,20.25%,MFAP2;FBN1;MFAP5;FBN2;EFEMP1;ALDH1A3;LRP6;RARG;KDM2B,0.0207185021214751,1.4501759060529662,GO_Biological_Process_2021,positive,1.4501759060529662,1,GO_Biological_Process_2021::embryonic eye morphogenesis (GO:0048048),0.0207185021214751,raw q retained
prerank,GO_Biological_Process_2021::positive regulation of alpha-beta T cell differentiation (GO:0046638),0.7104276039826454,1.4499153092694168,0.0075301204819277,0.0207188314469487,1.0,10/12,18.56%,LILRB4;NCKAP1L;TGFBR2;RUNX1;RUNX3;SOCS1;CBFB;GLI3;IHH;SHH,0.0207188314469487,1.4499153092694168,GO_Biological_Process_2021,positive,1.4499153092694168,1,GO_Biological_Process_2021::positive regulation of alpha-beta T cell differentiation (GO:0046638),0.0207188314469487,raw q retained
prerank,GO_Biological_Process_2021::phagolysosome assembly (GO:0001845),0.7292981972437257,1.4489730650209112,0.0157760814249363,0.0209481272678298,1.0,9/10,20.35%,CORO1A;RAB20;RAB7A;RAB7B;CLN3;RAB34;SYT7;ARL8B;RAB14,0.0209481272678298,1.4489730650209112,GO_Biological_Process_2021,positive,1.4489730650209112,1,GO_Biological_Process_2021::phagolysosome assembly (GO:0001845),0.0209481272678298,raw q retained
prerank,GO_Biological_Process_2021::positive regulation of release of cytochrome c from mitochondria (GO:0090200),0.6593091134840361,1.4486700107559285,0.002,0.0209798426676392,1.0,21/23,29.59%,PLAUR;BID;FAM162A;PPIF;TNFSF10;BCL2L11;PYCARD;BAX;BIK;PINK1;PMAIP1;BMF;HRK;CIDEB;BAD;BBC3;BNIP3;DNM1L;PDCD5;GPER1;MFF,0.0209798426676392,1.4486700107559285,GO_Biological_Process_2021,positive,1.4486700107559285,4,GO_Biological_Process_2021::positive regulation of release of cytochrome c from mitochondria (GO:0090200) | GO_Biological_Process_2021::apoptotic process (GO:0006915) | GO_Biological_Process_2021::regulation of release of cytochrome c from mitochondria (GO:0090199) | GO_Biological_Process_2021::positive regulation of programmed cell death (GO:0043068),0.0209798426676392,raw q retained
prerank,GO_Biological_Process_2021::vesicle transport along actin filament (GO:0030050),0.6724009125542324,1.4474641373123731,0.0005005005005005,0.0212413734499387,1.0,13/19,14.51%,WASL;MYO1C;MYO7A;MYO1F;ACTN4;MYO1G;MYO5B;MYO1A;MYO5C;MYO15A;FNBP1L;MYO6;MYO1B,0.0212413734499387,1.4474641373123731,GO_Biological_Process_2021,positive,1.4474641373123731,1,GO_Biological_Process_2021::vesicle transport along actin filament (GO:0030050),0.0212413734499387,raw q retained
prerank,GO_Biological_Process_2021::regulation of cardiac muscle cell proliferation (GO:0060043),0.7107075949450757,1.447480407918066,0.01157523905385,0.0212797771332887,1.0,11/12,22.67%,RUNX1;TGFBR3;RBP4;GLI1;TBX5;TP73;NOG;MEF2C;RBPJ;VGLL4;ZFPM2,0.0212797771332887,1.447480407918066,GO_Biological_Process_2021,positive,1.447480407918066,1,GO_Biological_Process_2021::regulation of cardiac muscle cell proliferation (GO:0060043),0.0212797771332887,raw q retained
prerank,GO_Biological_Process_2021::anterograde synaptic vesicle transport (GO:0048490),0.6891127866904628,1.4465713939905,0.0045158053186151,0.0213308616198394,1.0,14/15,25.86%,AP3B2;DTNBP1;SNAPIN;AP3D1;BLOC1S6;BLOC1S5;BLOC1S4;BLOC1S2;AP3S1;AP3M2;AP3B1;BLOC1S1;AP3S2;BLOC1S3,0.0213308616198394,1.4465713939905,GO_Biological_Process_2021,positive,1.4465713939905,3,GO_Biological_Process_2021::anterograde synaptic vesicle transport (GO:0048490) | GO_Biological_Process_2021::synaptic vesicle transport along microtubule (GO:0099517) | GO_Biological_Process_2021::melanosome organization (GO:0032438),0.0213308616198394,raw q retained
prerank,GO_Biological_Process_2021::negative regulation of MAPK cascade (GO:0043409),0.6102158189204727,1.4467461589654194,0.0,0.0213658871329323,1.0,62/76,29.25%,ADIPOQ;TIMP3;MYC;CAV3;FBLN1;PTEN;CAV1;EMILIN1;LILRB4;CD300A;BMP4;ABCA7;FOXO1;HYAL2;GBP1;PHB;SMAD4;EZR;APOE;SIRPA;BMP7;DUSP6;PTPN1;GBA;PTPRR;DUSP9;SPRY1;DAG1;DUSP1;PTPN2;SORL1;UCHL1;SH2B3;IRAK3;SPRED1;TNIP1;NF1;RGS14;FOXM1;SPRY4;CBLC;SEMA6A;RGS2;DUSP4;SYNJ2BP;FLCN;IGBP1;SMPD1;PIN1;DLG1;SLC9A3R1;DAB2IP;LMO3;PEBP1;PTPRJ;DUSP10;DUSP3;GPER1;STK38;SPRED2;ITGB1BP1;PAQR3,0.0213658871329323,1.4467461589654194,GO_Biological_Process_2021,positive,1.4467461589654194,3,GO_Biological_Process_2021::negative regulation of MAPK cascade (GO:0043409) | GO_Biological_Process_2021::negative regulation of ERK1 and ERK2 cascade (GO:0070373) | GO_Biological_Process_2021::negative regulation of MAP kinase activity (GO:0043407),0.0213658871329323,raw q retained
prerank,GO_Biological_Process_2021::negative regulation of amyloid precursor protein catabolic process (GO:1902992),0.7045663122143371,1.4452453251947657,0.0070316423907584,0.021648424852641,1.0,12/13,23.51%,ABCA7;APOE;PICALM;HAP1;FLOT2;BIN1;PRNP;SORL1;RTN3;RTN2;GGA3;PIN1,0.021648424852641,1.4452453251947657,GO_Biological_Process_2021,positive,1.4452453251947657,3,GO_Biological_Process_2021::negative regulation of amyloid precursor protein catabolic process (GO:1902992) | GO_Biological_Process_2021::negative regulation of amyloid-beta formation (GO:1902430) | GO_Biological_Process_2021::negative regulation of cellular amide metabolic process (GO:0034249),0.021648424852641,raw q retained
prerank,GO_Biological_Process_2021::negative regulation of catabolic process (GO:0009895),0.6365651122017656,1.4429078199573615,0.0,0.0221555701310745,1.0,27/32,25.31%,APOA2;CST3;FBP1;CIDEA;APOC1;PHB;AZIN2;NCOR1;NUPR1;CBFA2T3;ACTN3;AZIN1;AGAP2;SNX12;FMN2;RILP;BSCL2;SNX3;IRAK3;ADGRB1;ZDHHC7;GIT1;TIGAR;SIRT2;PIN1;MAD2L1;MDM4,0.0221555701310745,1.4429078199573615,GO_Biological_Process_2021,positive,1.4429078199573615,4,GO_Biological_Process_2021::negative regulation of catabolic process (GO:0009895) | GO_Biological_Process_2021::negative regulation of ATP metabolic process (GO:1903579) | GO_Biological_Process_2021::negative regulation of protein catabolic process (GO:0042177) | GO_Biological_Process_2021::negative regulation of protein metabolic process (GO:0051248),0.0221555701310745,raw q retained
prerank,GO_Biological_Process_2021::establishment of endothelial barrier (GO:0061028),0.6511080770464017,1.4427053799001963,0.0,0.0221785983626732,1.0,20/25,19.78%,PECAM1;ROBO4;RAP1B;TJP1;EZR;SOX18;RAB1A;F11R;MARVELD2;RAP2B;MSN;RDX;RAB1B;RAPGEF1;F2RL1;MYADM;RAP1A;TJP3;TJP2;RAPGEF3,0.0221785983626732,1.4427053799001963,GO_Biological_Process_2021,positive,1.4427053799001963,3,GO_Biological_Process_2021::establishment of endothelial barrier (GO:0061028) | GO_Biological_Process_2021::endothelial cell development (GO:0001885) | GO_Biological_Process_2021::establishment of endothelial intestinal barrier (GO:0090557),0.0221785983626732,raw q retained
prerank,GO_Biological_Process_2021::cellular response to arsenic-containing substance (GO:0071243),0.6866454367169357,1.4411379780794829,0.0050150451354062,0.0222766672819525,1.0,11/14,16.51%,HNRNPA1;GSTO2;PPIF;ATF3;MAPK13;VCP;DDX3X;GSTO1;DAXX;HSF1;ZC3H12A,0.0222766672819525,1.4411379780794829,GO_Biological_Process_2021,positive,1.4411379780794829,1,GO_Biological_Process_2021::cellular response to arsenic-containing substance (GO:0071243),0.0222766672819525,raw q retained
prerank,GO_Biological_Process_2021::positive regulation of catabolic process (GO:0009896),0.6163750303199447,1.4412138950433484,0.0,0.0222916760519695,1.0,48/54,32.08%,APOA2;APOA5;NEDD4;C4BPA;FOXO1;C4BPB;VCP;RAB7A;TNFAIP3;AXIN1;ACTN3;SEC22B;VIP;STX5;ATG7;OAZ3;NEDD4L;RILP;ASB11;OAZ2;WNT5A;SMURF1;OAZ1;SORL1;NSF;PLK2;DTL;SCT;SMURF2;SNF8;CSNK2A3;VPS28;CDKN1B;APC;BARD1;HECW2;HECW1;IDE;DAB2IP;TIPARP;ASB9;DACT1;WWP1;ITCH;RNF41;APC2;HUWE1;WWP2,0.0222916760519695,1.4412138950433484,GO_Biological_Process_2021,positive,1.4412138950433484,3,GO_Biological_Process_2021::positive regulation of catabolic process (GO:0009896) | GO_Biological_Process_2021::positive regulation of protein catabolic process (GO:0045732) | GO_Biological_Process_2021::positive regulation of protein metabolic process (GO:0051247),0.0222916760519695,raw q retained
prerank,GO_Biological_Process_2021::cardiac left ventricle morphogenesis (GO:0003214),0.7296690054771016,1.4413291122409897,0.0116514690982776,0.022295761872339,1.0,9/10,21.51%,TGFBR2;SFRP2;RYR2;SMAD4;TBX5;CPE;RBPJ;FOXF1;HEY2,0.022295761872339,1.4413291122409897,GO_Biological_Process_2021,positive,1.4413291122409897,1,GO_Biological_Process_2021::cardiac left ventricle morphogenesis (GO:0003214),0.022295761872339,raw q retained
prerank,GO_Biological_Process_2021::positive regulation of transcription regulatory region DNA binding (GO:2000679),0.6849963671074191,1.4415486093488938,0.0050125313283208,0.022310405542488,1.0,13/15,26.98%,TWIST1;GATA3;TRAF6;PAX6;EP300;HAND2;RB1;PARK7;GTF2B;LAMTOR5;NEUROD1;DDRGK1;FOXC1,0.022310405542488,1.4415486093488938,GO_Biological_Process_2021,positive,1.4415486093488938,2,GO_Biological_Process_2021::positive regulation of transcription regulatory region DNA binding (GO:2000679) | GO_Biological_Process_2021::positive regulation of DNA binding (GO:0043388),0.022310405542488,raw q retained
prerank,GO_Biological_Process_2021::negative regulation of catalytic activity (GO:0043086),0.6627298292753064,1.441685864247275,0.0025012506253126,0.0223145482196495,1.0,14/21,10.50%,GZMA;IFIT1;PARP9;CAMK2A;NES;TMBIM1;TIMP1;SERPINA5;HP;PPP1R12A;PLN;OXA1L;CLN3;SERPINB3,0.0223145482196495,1.441685864247275,GO_Biological_Process_2021,positive,1.441685864247275,1,GO_Biological_Process_2021::negative regulation of catalytic activity (GO:0043086),0.0223145482196495,raw q retained
prerank,GO_Biological_Process_2021::negative regulation of interleukin-2 production (GO:0032703),0.6718501578482782,1.440389973716802,0.001001001001001,0.0223779194662242,1.0,13/18,13.73%,CD34;FOXP3;VSIG4;TBX21;LAPTM5;LILRB4;XCL1;GBP1;EZR;TNFAIP3;ZFP36;PRNP;SFTPD,0.0223779194662242,1.440389973716802,GO_Biological_Process_2021,positive,1.440389973716802,1,GO_Biological_Process_2021::negative regulation of interleukin-2 production (GO:0032703),0.0223779194662242,raw q retained
prerank,GO_Biological_Process_2021::negative regulation of lymphocyte activation (GO:0051250),0.6754413848625759,1.440664116760318,0.003003003003003,0.0223836301694307,1.0,15/17,26.99%,PTPN22;LAPTM5;LST1;SAMSN1;PIBF1;IL4I1;FGL1;TNFAIP3;FOXJ1;BANK1;TNFAIP8L2;PAG1;MICA;VTCN1;DUSP3,0.0223836301694307,1.440664116760318,GO_Biological_Process_2021,positive,1.440664116760318,2,GO_Biological_Process_2021::negative regulation of lymphocyte activation (GO:0051250) | GO_Biological_Process_2021::regulation of T cell activation (GO:0050863),0.0223836301694307,raw q retained
prerank,GO_Biological_Process_2021::positive regulation of intrinsic apoptotic signaling pathway (GO:2001244),0.6460335349929468,1.4404822391035612,0.0,0.0223912137318023,1.0,23/29,24.72%,UBB;CAV1;BID;S100A8;NCK1;BCL2L11;BAX;BECN1;DDIT3;PMAIP1;NUPR1;S100A9;EIF5A;MSX1;BMF;SFPQ;FIS1;BCAP31;BAD;BBC3;SIAH1;DNM1L;SLC9A3R1,0.0223912137318023,1.4404822391035612,GO_Biological_Process_2021,positive,1.4404822391035612,1,GO_Biological_Process_2021::positive regulation of intrinsic apoptotic signaling pathway (GO:2001244),0.0223912137318023,raw q retained
prerank,GO_Biological_Process_2021::positive regulation of peptidase activity (GO:0010952),0.671761780015152,1.4396898442280577,0.0020010005002501,0.0225682763288672,1.0,16/18,27.67%,RCN3;MAPK12;VCP;PINK1;GRN;CTSH;SERPINB3;TANK;NCSTN;PSME2;PSME1;PSME3;DDRGK1;PRELID1;APH1B;CLDN4,0.0225682763288672,1.4396898442280577,GO_Biological_Process_2021,positive,1.4396898442280577,1,GO_Biological_Process_2021::positive regulation of peptidase activity (GO:0010952),0.0225682763288672,raw q retained
prerank,GO_Biological_Process_2021::negative regulation of calcium ion transmembrane transporter activity (GO:1901020),0.6642704953486634,1.4387325474097692,0.0020030045067601,0.02275363356825,1.0,17/21,23.63%,GSTM2;CALM3;GNB5;YWHAE;PLN;CLIC2;DRD4;PKD2;CALM2;CRHR1;GSTO1;CASQ2;FMR1;UBQLN1;TRDN;SLN;GPR35,0.02275363356825,1.4387325474097692,GO_Biological_Process_2021,positive,1.4387325474097692,2,GO_Biological_Process_2021::negative regulation of calcium ion transmembrane transporter activity (GO:1901020) | GO_Biological_Process_2021::negative regulation of cation channel activity (GO:2001258),0.02275363356825,raw q retained
prerank,GO_Biological_Process_2021::regulation of proteolysis (GO:0030162),0.6250750241394711,1.4384812599843957,0.0,0.0227636997246216,1.0,36/43,28.77%,CST4;KNG1;PLAUR;SERPINB13;CYFIP2;CAV1;CSTA;SERPINE2;CST3;BAK1;FADD;STUB1;TRAF3;CLN8;CLN6;CLN3;SERPINB3;BTRC;SERPINB4;LTBP4;CSTB;NEDD8;RNF139;AURKAIP1;IST1;SHH;PARL;BAD;GSAP;FBXW11;OGT;BAG6;SPOP;ASPH;CAPN3;ITCH,0.0227636997246216,1.4384812599843957,GO_Biological_Process_2021,positive,1.4384812599843957,1,GO_Biological_Process_2021::regulation of proteolysis (GO:0030162),0.0227636997246216,raw q retained
prerank,GO_Biological_Process_2021::diol metabolic process (GO:0034311),0.6814039928098085,1.4379768032729805,0.006519558676028,0.0228063172952225,1.0,14/15,27.05%,PRKG2;GCH1;SPHK1;ASAH2;GCHFR;SGPP2;PLPP3;SPHK2;NAAA;PTS;DEGS2;SPR;PLPP2;SGPP1,0.0228063172952225,1.4379768032729805,GO_Biological_Process_2021,positive,1.4379768032729805,2,GO_Biological_Process_2021::diol metabolic process (GO:0034311) | GO_Biological_Process_2021::sphingoid metabolic process (GO:0046519),0.0228063172952225,raw q retained
prerank,GO_Biological_Process_2021::regulation of mononuclear cell migration (GO:0071675),0.698618368182389,1.4380781117797534,0.0100452034153691,0.0228139066344248,1.0,11/13,19.61%,RARRES2;CCL5;THBS1;AIF1;CMKLR1;IL34;STK10;MSN;SLIT2;CXCL17;MDK,0.0228139066344248,1.4380781117797534,GO_Biological_Process_2021,positive,1.4380781117797534,4,GO_Biological_Process_2021::regulation of mononuclear cell migration (GO:0071675) | GO_Biological_Process_2021::regulation of granulocyte chemotaxis (GO:0071622) | GO_Biological_Process_2021::positive regulation of macrophage migration (GO:1905523) | GO_Biological_Process_2021::regulation of macrophage chemotaxis (GO:0010758),0.0228139066344248,raw q retained
prerank,GO_Biological_Process_2021::regulation of fat cell differentiation (GO:0045598),0.6089141990403728,1.437432160101039,0.0,0.0229287587524058,1.0,57/67,31.09%,RARRES2;ADIPOQ;LEP;GNB3;ADIRF;ENPP1;SMAD3;LPL;YAP1;GATA2;BMP2;FOXO1;CCDC85B;CEBPB;CMKLR1;XBP1;GATA3;CREB1;SFRP2;LRP5;RUNX1T1;WWTR1;ARNTL;FERMT2;LRP3;RORA;ZNF385A;SULT1E1;ZFP36;CDS1;ZFP36L1;AAMDC;FRZB;TRIB3;WNT5A;NR1D1;ID2;CCDC71L;BBS12;ZC3H12A;CARM1;CREBL2;ZBTB16;ZFPM2;NOCT;SYAP1;SIRT2;TRIO;ZFPM1;LMO3;GPER1;SFRP1;MEDAG;WDFY2;TRIB2;ZFP36L2;TRPM4,0.0229287587524058,1.437432160101039,GO_Biological_Process_2021,positive,1.437432160101039,3,GO_Biological_Process_2021::regulation of fat cell differentiation (GO:0045598) | GO_Biological_Process_2021::positive regulation of fat cell differentiation (GO:0045600) | GO_Biological_Process_2021::negative regulation of fat cell differentiation (GO:0045599),0.0229287587524058,raw q retained
prerank,GO_Biological_Process_2021::mononuclear cell differentiation (GO:1903131),0.6881451295814045,1.4361049773982375,0.006519558676028,0.0230236690691853,1.0,12/15,20.99%,TREM2;LILRB1;BMP4;MYH9;MT1G;IRF8;RELB;BATF3;IKZF1;IFI16;THOC5;TRPM2,0.0230236690691853,1.4361049773982375,GO_Biological_Process_2021,positive,1.4361049773982375,1,GO_Biological_Process_2021::mononuclear cell differentiation (GO:1903131),0.0230236690691853,raw q retained
prerank,GO_Biological_Process_2021::regulation of protein metabolic process (GO:0051246),0.6312535399370188,1.4369558785131706,0.0,0.0230560991706866,1.0,29/36,24.92%,LILRB2;PLAUR;SERPINB13;ABCA7;VPS35;FURIN;TRAF3;APOE;KLF4;WFS1;GBA;LDLR;ANGPTL8;MTPN;SERPINB4;LTBP4;NEDD4L;SSH1;NEDD8;HGS;SNF8;SHH;CHMP6;MAPK7;PARL;KLF2;GSAP;TMEM9;SPOP,0.0230560991706866,1.4369558785131706,GO_Biological_Process_2021,positive,1.4369558785131706,1,GO_Biological_Process_2021::regulation of protein metabolic process (GO:0051246),0.0230560991706866,raw q retained
prerank,GO_Biological_Process_2021::cellular protein catabolic process (GO:0044257),0.6210979249734081,1.4361180737560877,0.0,0.0230614229649441,1.0,40/46,29.10%,GZMB;GZMA;LGMN;TCIRG1;VLDLR;CLTC;CTSZ;AP2A2;CPA2;CTSL;CTSB;RAB7A;ADAMTS7;CTSV;CTSW;AP2S1;AP2B1;ADAMTS12;CTSF;CTSH;AP2A1;MYLIP;CTSO;CAPN2;AP2M1;CLTA;BNIP3L;RNF5;SPATA18;YME1L1;BNIP3;CLPP;RAB12;DENND3;UBE2G2;IDE;HTRA2;DAB2IP;RNF123;SIAH2,0.0230614229649441,1.4361180737560877,GO_Biological_Process_2021,positive,1.4361180737560877,1,GO_Biological_Process_2021::cellular protein catabolic process (GO:0044257),0.0230614229649441,raw q retained
prerank,GO_Biological_Process_2021::platelet aggregation (GO:0070527),0.6539186370825438,1.4355131476061136,0.0015,0.0231191615830968,1.0,21/23,28.72%,MYL9;VCL;GATA1;ACTN1;ACTB;MYH9;ILK;TLN1;PLEK;GNAS;GP1BA;ACTG1;FERMT3;RAP2B;UBASH3B;MYL12A;CLIC1;TYRO3;STXBP1;FIBP;STXBP3,0.0231191615830968,1.4355131476061136,GO_Biological_Process_2021,positive,1.4355131476061136,2,GO_Biological_Process_2021::platelet aggregation (GO:0070527) | GO_Biological_Process_2021::homotypic cell-cell adhesion (GO:0034109),0.0231191615830968,raw q retained
prerank,GO_Biological_Process_2021::mesoderm formation (GO:0001707),0.6981261511217762,1.4356403714985484,0.0060453400503778,0.023121016916042,1.0,9/13,16.65%,ITGA3;ITGA8;ITGB4;HMGA2;SMAD2;EOMES;SNAI1;KDM6B;MESP2,0.023121016916042,1.4356403714985484,GO_Biological_Process_2021,positive,1.4356403714985484,1,GO_Biological_Process_2021::mesoderm formation (GO:0001707),0.023121016916042,raw q retained
prerank,GO_Biological_Process_2021::regulation of T cell chemotaxis (GO:0010819),0.7020974181838627,1.4361934199917488,0.0065590312815338,0.0231240905820619,1.0,10/12,19.14%,CCL5;CCL21;CXCL13;XCL2;CCL27;XCL1;S100A7;ADAM10;WNT5A;OXSR1,0.0231240905820619,1.4361934199917488,GO_Biological_Process_2021,positive,1.4361934199917488,2,GO_Biological_Process_2021::regulation of T cell chemotaxis (GO:0010819) | GO_Biological_Process_2021::positive regulation of T cell chemotaxis (GO:0010820),0.0231240905820619,raw q retained
prerank,GO_Biological_Process_2021::immune response-activating cell surface receptor signaling pathway (GO:0002429),0.6768221916506795,1.4362837213332122,0.0065097646469704,0.0231774581862536,1.0,15/17,25.00%,FPR1;FPR2;FPR3;C3AR1;FCER1G;NCR3;LILRA2;CMKLR1;C5AR2;MICB;BCAR1;SPG21;GPLD1;BAG6;SLA2,0.0231774581862536,1.4362837213332122,GO_Biological_Process_2021,positive,1.4362837213332122,1,GO_Biological_Process_2021::immune response-activating cell surface receptor signaling pathway (GO:0002429),0.0231774581862536,raw q retained
prerank,GO_Biological_Process_2021::interleukin-6-mediated signaling pathway (GO:0070102),0.7203593716223606,1.4340563959456851,0.0106382978723404,0.0231955462716035,1.0,7/10,12.27%,YAP1;SPI1;CEBPA;STAT1;SMAD4;CBL;SOCS3,0.0231955462716035,1.4340563959456851,GO_Biological_Process_2021,positive,1.4340563959456851,2,GO_Biological_Process_2021::interleukin-6-mediated signaling pathway (GO:0070102) | GO_Biological_Process_2021::cellular response to interleukin-6 (GO:0071354),0.0231955462716035,raw q retained
prerank,GO_Biological_Process_2021::striated muscle contraction (GO:0006941),0.6309296776538735,1.43509768240115,0.0005,0.0232002831596959,1.0,26/37,20.18%,MYL3;TTN;TNNT3;CSRP3;TNNI1;MYH14;STAC;TPM1;MYLK2;RCSD1;MYL4;PGAM2;TNNC2;SCN5A;RYR2;MYH3;TNNT1;TCAP;KLHL41;SLC8A1;ARHGEF11;CASQ2;ALDOA;MYBPC3;SMPX;DTNA,0.0232002831596959,1.43509768240115,GO_Biological_Process_2021,positive,1.43509768240115,2,GO_Biological_Process_2021::striated muscle contraction (GO:0006941) | GO_Biological_Process_2021::heart contraction (GO:0060047),0.0232002831596959,raw q retained
prerank,GO_Biological_Process_2021::regulation of JUN kinase activity (GO:0043506),0.6443784378686623,1.4340750316325523,0.0005,0.0232293715862701,1.0,23/27,28.16%,PTPN22;EDN1;TLR6;TNFRSF11A;PAK1;TRAF2;TRAF6;AIDA;MAP3K7;PDCD4;SERPINB3;DVL2;FZD10;NPPA;ARHGEF5;MAP3K4;TAOK3;DNAJA1;DAB2IP;DVL3;DUSP10;HIPK3;MAPK8IP1,0.0232293715862701,1.4340750316325523,GO_Biological_Process_2021,positive,1.4340750316325523,3,GO_Biological_Process_2021::regulation of JUN kinase activity (GO:0043506) | GO_Biological_Process_2021::positive regulation of MAP kinase activity (GO:0043406) | GO_Biological_Process_2021::positive regulation of JUN kinase activity (GO:0043507),0.0232293715862701,raw q retained
prerank,GO_Biological_Process_2021::positive regulation of phospholipase C activity (GO:0010863),0.6585145063092319,1.4337940842531949,0.0025025025025025,0.0232451033513999,1.0,18/20,28.32%,ANG;BDNF;GNAQ;PLCG1;PHB;GNA15;NTF3;PHB2;LPAR2;ABL2;PLCB2;AVPR1A;LPAR1;NTF4;TXK;RASGRP4;ARHGAP6;GPR55,0.0232451033513999,1.4337940842531949,GO_Biological_Process_2021,positive,1.4337940842531949,2,GO_Biological_Process_2021::positive regulation of phospholipase C activity (GO:0010863) | GO_Biological_Process_2021::activation of phospholipase C activity (GO:0007202),0.0232451033513999,raw q retained
prerank,GO_Biological_Process_2021::positive regulation of protein insertion into mitochondrial membrane involved in apoptotic signaling pathway (GO:1900740),0.659591304276014,1.4342179095749348,0.0015007503751875,0.0232610699277999,1.0,20/21,30.83%,GZMB;BID;SFN;YWHAE;PMAIP1;YWHAQ;TP73;YWHAH;PPP3CC;YWHAG;YWHAZ;YWHAB;PPP3R1;BAD;BBC3;TP63;PPP1R13B;TP53BP2;NMT1;TFDP1,0.0232610699277999,1.4342179095749348,GO_Biological_Process_2021,positive,1.4342179095749348,4,GO_Biological_Process_2021::positive regulation of protein insertion into mitochondrial membrane involved in apoptotic signaling pathway (GO:1900740) | GO_Biological_Process_2021::regulation of protein insertion into mitochondrial membrane involved in apoptotic signaling pathway (GO:1900739) | GO_Biological_Process_2021::positive regulation of establishment of protein localization to mitochondrion (GO:1903749) | GO_Biological_Process_2021::positive regulation of mitochondrial outer membrane permeabilization involved in apoptotic signaling pathway (GO:1901030),0.0232610699277999,raw q retained
prerank,GO_Biological_Process_2021::negative regulation of chemokine production (GO:0032682),0.6958322966128351,1.4343375299586922,0.0120542440984429,0.0232955896220162,1.0,11/13,20.56%,MEFV;OAS1;LILRB4;OAS3;SIRPA;APOD;C1QTNF3;KLF4;LGALS9;F2RL1;SIGIRR,0.0232955896220162,1.4343375299586922,GO_Biological_Process_2021,positive,1.4343375299586922,1,GO_Biological_Process_2021::negative regulation of chemokine production (GO:0032682),0.0232955896220162,raw q retained
prerank,GO_Biological_Process_2021::regulation of MAP kinase activity (GO:0043405),0.60873586879433,1.432475188380813,0.0,0.0234622772974991,1.0,58/64,33.91%,S100A12;ADIPOQ;CAV3;EGF;EDN1;FGF16;CD300A;BMP4;GH1;HYAL2;LRRK2;CD24;APOE;FGF18;IL34;BMP7;TRIB1;PIK3R6;ROBO1;PTPN1;GBA;RASGRP1;SPRY1;EDN3;TRIB3;LIME1;DUSP1;SORL1;UCHL1;PDGFD;SH2B3;HGS;SNF8;IRAK3;EPGN;NEK10;NF1;RGS14;SPRY4;CBLC;PDGFC;RGS2;PDCD10;SMPD1;ADAM8;DAB2IP;PDGFA;PTPRJ;KSR1;STK38;DIRAS1;PAQR3;TRIB2;CDK5RAP3;TENM1;SPRY2;DUSP7;HTR2B,0.0234622772974991,1.432475188380813,GO_Biological_Process_2021,positive,1.432475188380813,1,GO_Biological_Process_2021::regulation of MAP kinase activity (GO:0043405),0.0234622772974991,raw q retained
prerank,GO_Biological_Process_2021::manganese ion transport (GO:0006828),0.7007770034720597,1.4323398804181404,0.012588116817724,0.0234717926536216,1.0,11/12,24.23%,SLC11A1;SLC39A14;SLC11A2;TRPC4;TRPC6;TRPC3;TRPC1;SLC39A8;TMEM165;ATP2C2;ATP2C1,0.0234717926536216,1.4323398804181404,GO_Biological_Process_2021,positive,1.4323398804181404,2,GO_Biological_Process_2021::manganese ion transport (GO:0006828) | GO_Biological_Process_2021::transition metal ion transport (GO:0000041),0.0234717926536216,raw q retained
prerank,GO_Biological_Process_2021::positive regulation of phosphatidylinositol 3-kinase signaling (GO:0014068),0.6325280009305698,1.432500914515171,0.0,0.0234979162371017,1.0,30/35,27.92%,DCN;CCL5;CSF3;LEP;EGF;NEDD4;HCLS1;TREM2;PTPN6;NCF1;EPO;MYOC;GH1;BECN1;SOX9;HCST;OSM;CBL;NTF3;MYDGF;IRS2;F2RL1;PDGFD;PIK3AP1;PDGFC;PLXNB1;GAB1;PDGFA;HAX1;GPER1,0.0234979162371017,1.432500914515171,GO_Biological_Process_2021,positive,1.432500914515171,2,GO_Biological_Process_2021::positive regulation of phosphatidylinositol 3-kinase signaling (GO:0014068) | GO_Biological_Process_2021::regulation of phosphatidylinositol 3-kinase signaling (GO:0014066),0.0234979162371017,raw q retained
prerank,GO_Biological_Process_2021::regulation of insulin-like growth factor receptor signaling pathway (GO:0043567),0.6806725782085561,1.4316674902494295,0.0060090135202804,0.023615209149164,1.0,9/15,3.78%,IGFBP5;IGFBP3;IGFBP6;CILP;IGFBP4;BMP2;IGFBP2;GH1;IGFBP1,0.023615209149164,1.4316674902494295,GO_Biological_Process_2021,positive,1.4316674902494295,1,GO_Biological_Process_2021::regulation of insulin-like growth factor receptor signaling pathway (GO:0043567),0.023615209149164,raw q retained
prerank,GO_Biological_Process_2021::zymogen activation (GO:0031638),0.634725142857917,1.431282332538389,0.0,0.0236462562854514,1.0,23/31,20.16%,C1R;NLRC4;CYFIP2;LGMN;RIPK2;APOH;FURIN;HPR;BAK1;CD5L;CTSL;FADD;C1RL;HP;GGT1;CTSH;PRSS3;PGK1;PRSS12;HGFAC;IFI16;CIDEB;BAD,0.0236462562854514,1.431282332538389,GO_Biological_Process_2021,positive,1.431282332538389,1,GO_Biological_Process_2021::zymogen activation (GO:0031638),0.0236462562854514,raw q retained
prerank,GO_Biological_Process_2021::T cell activation (GO:0042110),0.6175333301003006,1.4309154384031582,0.0,0.0236787773206974,1.0,41/50,28.44%,CD8A;ZAP70;CCR7;CD7;IL2;CLEC7A;LEP;CCL21;FOXP3;CCL19;PTPN22;CD8B;TREML2;CD1C;IRF4;LAT;NCK1;NCK2;GATA3;HSPD1;RHOH;LCP1;DDOST;MICB;JAG2;RASGRP1;MSN;PTPN2;NHEJ1;F2RL1;RAB29;PPP3CB;JAML;MICA;MDK;EIF2AK4;SLA2;IFNE;SOX4;CXADR;NLRC3,0.0236787773206974,1.4309154384031582,GO_Biological_Process_2021,positive,1.4309154384031582,3,GO_Biological_Process_2021::T cell activation (GO:0042110) | GO_Biological_Process_2021::T cell differentiation (GO:0030217) | GO_Biological_Process_2021::T cell activation involved in immune response (GO:0002286),0.0236787773206974,raw q retained
prerank,GO_Biological_Process_2021::glycogen biosynthetic process (GO:0005978),0.6913703472655439,1.430439401486599,0.0080321285140562,0.0237613801044271,1.0,13/13,30.90%,PER2;GYS1;PPP1R3C;PGM2;PGM1;GYG2;NR1D1;PGM2L1;NHLRC1;GYS2;UGP2;GBE1;GYG1,0.0237613801044271,1.430439401486599,GO_Biological_Process_2021,positive,1.430439401486599,2,GO_Biological_Process_2021::glycogen biosynthetic process (GO:0005978) | GO_Biological_Process_2021::glucan biosynthetic process (GO:0009250),0.0237613801044271,raw q retained
prerank,GO_Biological_Process_2021::regulation of actin filament depolymerization (GO:0030834),0.7076230160934781,1.4298395121780352,0.0131048387096774,0.0238735111726662,1.0,10/11,23.56%,PLEK;CFL2;PLEKHH2;VIL1;MTPN;WDR1;SH3BP1;F2RL1;PDXP;LIMA1,0.0238735111726662,1.4298395121780352,GO_Biological_Process_2021,positive,1.4298395121780352,1,GO_Biological_Process_2021::regulation of actin filament depolymerization (GO:0030834),0.0238735111726662,raw q retained
prerank,GO_Biological_Process_2021::negative regulation of B cell activation (GO:0050869),0.6808128614800707,1.429417827644365,0.0040140491721023,0.0239814303898763,1.0,14/15,27.95%,MNDA;TYROBP;LAPTM5;CD300A;SAMSN1;TNFAIP3;FOXJ1;TNFRSF13B;BANK1;ATM;ID2;TNFRSF21;INHA;SFRP1,0.0239814303898763,1.429417827644365,GO_Biological_Process_2021,positive,1.429417827644365,1,GO_Biological_Process_2021::negative regulation of B cell activation (GO:0050869),0.0239814303898763,raw q retained
prerank,GO_Biological_Process_2021::heme catabolic process (GO:0042167),0.6957587770235238,1.4282024275978735,0.0105421686746987,0.0243100927031079,1.0,12/13,25.59%,AMBP;GSTA1;HMOX1;ALB;UGT1A1;BLVRB;SLCO1B1;SLCO2B1;ABCG2;BLVRA;HMOX2;SLCO1B3,0.0243100927031079,1.4282024275978735,GO_Biological_Process_2021,positive,1.4282024275978735,2,GO_Biological_Process_2021::heme catabolic process (GO:0042167) | GO_Biological_Process_2021::porphyrin-containing compound catabolic process (GO:0006787),0.0243100927031079,raw q retained
prerank,GO_Biological_Process_2021::early endosome to Golgi transport (GO:0034498),0.6963320302753054,1.4253488045206213,0.0146538655886811,0.0251245431737656,1.0,12/12,30.40%,LMAN1;SNX1;STX5;SNX2;EHD3;RAB6A;STX10;TMED9;SURF4;SNX8;RBSN;TRAPPC10,0.0251245431737656,1.4253488045206213,GO_Biological_Process_2021,positive,1.4253488045206213,1,GO_Biological_Process_2021::early endosome to Golgi transport (GO:0034498),0.0251245431737656,raw q retained
prerank,GO_Biological_Process_2021::negative regulation of viral genome replication (GO:0045071),0.615066996588266,1.4235671489717057,0.0,0.0253956643488953,1.0,34/48,19.76%,CCL5;LTF;RSAD2;IFITM3;OAS1;IFIH1;RNASEL;OASL;OAS2;IFITM1;IFIT1;MX1;OAS3;APOBEC3G;EIF2AK2;HMGA2;ISG20;APOBEC3A;AICDA;IFIT5;MAVS;BST2;SLPI;ISG15;APOBEC3H;PLSCR1;APOBEC3D;APOBEC3C;APOBEC3B;IFITM2;TNIP1;ILF3;IFI16;ZC3HAV1,0.0253956643488953,1.4235671489717057,GO_Biological_Process_2021,positive,1.4235671489717057,2,GO_Biological_Process_2021::negative regulation of viral genome replication (GO:0045071) | GO_Biological_Process_2021::cytidine to uridine editing (GO:0016554),0.0253956643488953,raw q retained
prerank,GO_Biological_Process_2021::negative regulation of cellular protein metabolic process (GO:0032269),0.5999055272179955,1.4236146368944735,0.0,0.0254223722990236,1.0,68/76,35.60%,CST4;KNG1;EIF2AK3;IGFBP5;GZMB;EDN1;CSTA;SERPINE2;CST3;IGF2BP1;NCL;EIF2AK2;APOE;EIF4A3;SYNCRIP;EIF4E2;DDX6;CLN8;IGF2BP2;CLN3;SERPINB3;LIN28A;GAPDH;CNOT1;DDX3X;GRB7;CSTB;DAPK3;CALR;YBX1;ENC1;RNF139;DAPK1;CNOT7;ATRAID;ILF3;TSC1;FXR1;FMR1;CAPRIN1;RGP1;RIC1;PUS7;LSM14A;IGF2BP3;NANOS1;DHX36;BAG6;DAB2IP;PAIP2B;MRPL13;BTG2;RBM4;PATL2;PAIP2;NANOS3;EIF4ENIF1;CDK5RAP3;GIGYF2;TRIM71;SHMT1;DNAJC1;LARP1;CNOT8;MALSU1;CNOT10;TOB1;FXR2,0.0254223722990236,1.4236146368944735,GO_Biological_Process_2021,positive,1.4236146368944735,2,GO_Biological_Process_2021::negative regulation of cellular protein metabolic process (GO:0032269) | GO_Biological_Process_2021::negative regulation of translation (GO:0017148),0.0254223722990236,raw q retained
prerank,GO_Biological_Process_2021::regulation of protein processing (GO:0070613),0.6549413409748238,1.4233452864528464,0.0035017508754377,0.0254424065947046,1.0,16/19,24.14%,NLRC4;RUNX1;SERPINE2;CHAC1;NLRP7;LRRK2;BAG2;CLN3;ANGPTL8;SNX12;PRNP;RNF139;CCBE1;ASTL;ADAM8;NKD2,0.0254424065947046,1.4233452864528464,GO_Biological_Process_2021,positive,1.4233452864528464,2,GO_Biological_Process_2021::regulation of protein processing (GO:0070613) | GO_Biological_Process_2021::positive regulation of protein processing (GO:0010954),0.0254424065947046,raw q retained
prerank,GO_Biological_Process_2021::positive regulation of fibroblast proliferation (GO:0048146),0.6905969605880918,1.4236589621296514,0.0070387129210658,0.0254467100978668,1.0,12/13,26.42%,MYC;CDKN1A;S100A6;SPHK1;PLA2G1B;AQP1;WNT5A;WNT2;PDGFC;BMI1;PDGFA;DHX9,0.0254467100978668,1.4236589621296514,GO_Biological_Process_2021,positive,1.4236589621296514,1,GO_Biological_Process_2021::positive regulation of fibroblast proliferation (GO:0048146),0.0254467100978668,raw q retained
prerank,GO_Biological_Process_2021::negative regulation of interleukin-8 production (GO:0032717),0.6834188509701333,1.4231664730122815,0.0065065065065065,0.025474348231079,1.0,9/14,10.18%,PTPN22;BPI;TLR6;TMSB4X;ARRB1;ANXA1;ANXA4;KLF4;BCL3,0.025474348231079,1.4231664730122815,GO_Biological_Process_2021,positive,1.4231664730122815,1,GO_Biological_Process_2021::negative regulation of interleukin-8 production (GO:0032717),0.025474348231079,raw q retained
prerank,GO_Biological_Process_2021::heterotypic cell-cell adhesion (GO:0034113),0.6524693080814041,1.421300775059016,0.0025037556334501,0.0260068895020302,1.0,18/21,27.34%,LILRB2;ITGAX;VCAM1;PARVA;ITGA7;ITGB7;CD1D;DSP;JUP;MADCAM1;DSG2;ITGAD;NINJ1;CD200R1;CTNNA3;CD58;JAM3;CXADR,0.0260068895020302,1.421300775059016,GO_Biological_Process_2021,positive,1.421300775059016,1,GO_Biological_Process_2021::heterotypic cell-cell adhesion (GO:0034113),0.0260068895020302,raw q retained
prerank,GO_Biological_Process_2021::intrinsic apoptotic signaling pathway in response to endoplasmic reticulum stress (GO:0070059),0.6484273805454426,1.4208888693888186,0.0040020010005002,0.0261024005634467,1.0,18/23,26.73%,CEBPB;CHAC1;TRAF2;BAX;BAK1;ERO1A;DDIT3;ATF4;ERN1;ITPR1;PPP1R15A;TRIB3;ATP2A1;DNAJC10;BBC3;BAG6;DAB2IP;ERN2,0.0261024005634467,1.4208888693888186,GO_Biological_Process_2021,positive,1.4208888693888186,2,GO_Biological_Process_2021::intrinsic apoptotic signaling pathway in response to endoplasmic reticulum stress (GO:0070059) | GO_Biological_Process_2021::intrinsic apoptotic signaling pathway (GO:0097193),0.0261024005634467,raw q retained
prerank,GO_Biological_Process_2021::sequestering of extracellular ligand from receptor (GO:0035581),0.692223218550918,1.4205012868992477,0.0105474635861376,0.0261159166057849,1.0,9/13,11.56%,FBN1;CHRDL1;FBN2;LTBP1;FSTL1;BMP2;CD46;NBL1;NOG,0.0261159166057849,1.4205012868992477,GO_Biological_Process_2021,positive,1.4205012868992477,1,GO_Biological_Process_2021::sequestering of extracellular ligand from receptor (GO:0035581),0.0261159166057849,raw q retained
prerank,GO_Biological_Process_2021::cellular response to alcohol (GO:0097306),0.6231109323413921,1.4205168273495012,0.0005,0.0261554856863622,1.0,35/37,34.67%,GNG2;CYP7A1;CES1;GNAI1;CDH1;GNB1;ADCY8;RAD51;PTGFR;MLC1;JUP;BRCA1;ADCY6;LRP6;ADCY1;PTCH1;GRAMD1C;ADCY3;SPHK2;GOLPH3;CTNNA1;ADCY5;ADCY2;ADCY7;MAP4K1;GPLD1;AKR1C3;AKR1C2;SFRP1;GRAMD1A;KLF9;GRAMD1B;LARP1;ADAM15;BLM,0.0261554856863622,1.4205168273495012,GO_Biological_Process_2021,positive,1.4205168273495012,2,GO_Biological_Process_2021::cellular response to alcohol (GO:0097306) | GO_Biological_Process_2021::cellular response to ketone (GO:1901655),0.0261554856863622,raw q retained
prerank,GO_Biological_Process_2021::regulation of stem cell proliferation (GO:0072091),0.6935132437174315,1.4196827218178765,0.016624685138539,0.0263130827234991,1.0,8/12,12.53%,FBLN1;YAP1;GJA1;NANOG;EIF2AK2;HMGA2;HNRNPU;ZFP36L1,0.0263130827234991,1.4196827218178765,GO_Biological_Process_2021,positive,1.4196827218178765,1,GO_Biological_Process_2021::regulation of stem cell proliferation (GO:0072091),0.0263130827234991,raw q retained
prerank,GO_Biological_Process_2021::protein targeting to lysosome (GO:0006622),0.6652119924077906,1.4192336723081402,0.0055055055055055,0.0264360189003319,1.0,15/18,22.87%,NEDD4;LAPTM5;RAB7A;SCARB2;AP4M1;LAMP2;NCOA4;SORL1;M6PR;HGS;NAGPA;GNPTAB;VPS4A;GCC2;GGA3,0.0264360189003319,1.4192336723081402,GO_Biological_Process_2021,positive,1.4192336723081402,1,GO_Biological_Process_2021::protein targeting to lysosome (GO:0006622),0.0264360189003319,raw q retained
prerank,GO_Biological_Process_2021::actin nucleation (GO:0045010),0.6636038627839898,1.4188540342471978,0.0030075187969924,0.0264374537640155,1.0,17/19,28.36%,SCIN;LMOD1;ACTR2;ACTR3;ARPC2;ARPC1B;ARPC3;ARPC5;ARPC1A;ARPC5L;SPIRE2;ARPC4;IQGAP2;JMY;WHAMM;MAGEL2;TRIM27,0.0264374537640155,1.4188540342471978,GO_Biological_Process_2021,positive,1.4188540342471978,1,GO_Biological_Process_2021::actin nucleation (GO:0045010),0.0264374537640155,raw q retained
prerank,GO_Biological_Process_2021::regulation of transmembrane receptor protein serine/threonine kinase signaling pathway (GO:0090092),0.6440689559946555,1.4186595485593632,0.0015,0.0264599444868364,1.0,21/25,30.83%,ITGA3;SMAD3;FSTL1;SFRP4;SMAD2;TGFBR3;SMAD4;NREP;XIAP;FST;LTBP4;ZNF703;LATS2;DKK3;SMURF2;TFAP2B;LATS1;BCL9;TWSG1;FSTL3;TRIM33,0.0264599444868364,1.4186595485593632,GO_Biological_Process_2021,positive,1.4186595485593632,1,GO_Biological_Process_2021::regulation of transmembrane receptor protein serine/threonine kinase signaling pathway (GO:0090092),0.0264599444868364,raw q retained
prerank,GO_Biological_Process_2021::regulation of wound healing (GO:0061041),0.6317978847456988,1.41890892982099,0.001,0.026460393040879,1.0,25/31,27.67%,CLEC7A;VTN;CAV1;HRG;OCLN;DMTN;DUOX1;CRK;DUOX2;TNFAIP3;ANXA1;GP1BA;MYLK;ACTG1;FOXA2;VIL1;CASK;F2RL1;CD109;CLDN1;SRSF6;KANK1;AJAP1;ARFGEF1;CLDN4,0.026460393040879,1.41890892982099,GO_Biological_Process_2021,positive,1.41890892982099,2,GO_Biological_Process_2021::regulation of wound healing (GO:0061041) | GO_Biological_Process_2021::positive regulation of response to wounding (GO:1903036),0.026460393040879,raw q retained
prerank,GO_Biological_Process_2021::protein oxidation (GO:0018158),0.7118263473053893,1.4177929541510952,0.0188295165394402,0.026662416931869,1.0,10/10,28.85%,APOA2;LOX;LOXL1;APOA1;SUMF1;PRDX3;LOXL4;LOXL3;TMX3;CHCHD4,0.026662416931869,1.4177929541510952,GO_Biological_Process_2021,positive,1.4177929541510952,1,GO_Biological_Process_2021::protein oxidation (GO:0018158),0.026662416931869,raw q retained
prerank,GO_Biological_Process_2021::endoplasmic reticulum to Golgi vesicle-mediated transport (GO:0006888),0.5786868611956765,1.417887374023146,0.0,0.026671288985853,1.0,146/166,35.29%,PROC;F7;ANK1;BGLAP;TICAM2;TMED10;CTSZ;SERPINA1;LMAN1L;RAB1A;MCFD2;ANK2;CAPZA1;AREG;LMAN1;CD55;CUL3;KDELR3;STX17;CAPZA2;SEC22B;SPTAN1;SPTB;VAPB;VAPA;STX5;VTI1A;SPTBN2;YKT6;COPZ2;DCTN2;SEC13;SEC31A;RAB1B;KDELR1;DYNC1I2;CD59;TRAPPC3L;SEC24D;COPB1;DCTN1;TMED5;MIA2;ACTR10;VAMP7;GOSR1;COPB2;NAPA;TMED2;DYNC1H1;DYNC1LI2;SPTBN1;BET1;SEC23A;SCFD1;DYNLL1;COPA;TRAPPC5;NSF;ANK3;ATL3;DCTN3;SPTA1;SPTBN4;TMED3;COPZ1;VTI1B;DYNC1LI1;CAPZB;TMED9;DCTN6;USE1;PROZ;RAB29;DYNLL2;ATL2;TMED7;ARCN1;SEC24B;TFG;ACTR1A;DYNC1I1;BCAP31;DCTN4;GOSR2;PDCD6;DCTN5;USO1;ARF4;LMAN2;GOLGB1;TMED4;GOLGA2;VAMP4;TRAPPC3;ARFGAP2;KDELR2;RAB2A;TMED1;SAR1A;YIF1A;COPE;HYOU1;ARFGAP3;SEC24A;BCAP29;SEC16A;WHAMM;SEC24C;COPG1;ERGIC1;TRAPPC4;SEC16B;COG3;TRIP11;COG8;IER3IP1;LMAN2L;TRAPPC2;SAR1B;COPG2;PREB;SPTBN5;KLHL12;PGAP1;GORASP1;BET1L;TRAPPC6B;TRAPPC2L;SPAST;MPPE1;YIF1B;PEF1;TRAPPC1;GBF1;TRAPPC6A;GOPC;ERGIC2;CNIH4;ARFGAP1;CNIH1;COG6;COG7;ERGIC3;NRBP1;MIA3,0.026671288985853,1.417887374023146,GO_Biological_Process_2021,positive,1.417887374023146,5,"GO_Biological_Process_2021::endoplasmic reticulum to Golgi vesicle-mediated transport (GO:0006888) | GO_Biological_Process_2021::COPII-coated vesicle budding (GO:0090114) | GO_Biological_Process_2021::COPII vesicle coating (GO:0048208) | GO_Biological_Process_2021::vesicle coating (GO:0006901) | GO_Biological_Process_2021::vesicle targeting, rough ER to cis-Golgi (GO:0048207)",0.026671288985853,raw q retained
prerank,GO_Biological_Process_2021::glutamine family amino acid biosynthetic process (GO:0009084),0.7105043700456152,1.4174809485512736,0.0182186234817813,0.0266873882649792,1.0,8/10,15.14%,GLS2;ALDH18A1;ASS1;PYCR1;GLUL;GLUD2;LGSN;GLUD1,0.0266873882649792,1.4174809485512736,GO_Biological_Process_2021,positive,1.4174809485512736,2,GO_Biological_Process_2021::glutamine family amino acid biosynthetic process (GO:0009084) | GO_Biological_Process_2021::glutamate metabolic process (GO:0006536),0.0266873882649792,raw q retained
prerank,GO_Biological_Process_2021::positive regulation of release of sequestered calcium ion into cytosol (GO:0051281),0.659108702364227,1.417136976799216,0.0060030015007503,0.0267224337343165,1.0,17/19,29.55%,CXCL9;THY1;GSTM2;CXCL11;CALM3;XCL1;PLCG1;HAP1;PKD2;CALM2;GSTO1;TRPC1;TRDN;CASQ1;CAPN3;GPER1;JPH2,0.0267224337343165,1.417136976799216,GO_Biological_Process_2021,positive,1.417136976799216,2,GO_Biological_Process_2021::positive regulation of release of sequestered calcium ion into cytosol (GO:0051281) | GO_Biological_Process_2021::positive regulation of calcium ion transmembrane transport (GO:1904427),0.0267224337343165,raw q retained
prerank,GO_Biological_Process_2021::positive regulation of syncytium formation by plasma membrane fusion (GO:0060143),0.68872161690094,1.4160967733080962,0.0135951661631419,0.0268664857911659,1.0,12/12,31.16%,TYROBP;DCSTAMP;TREM2;CD53;EHD2;CAMK1;FLOT1;ADGRB1;EHD1;RAPGEF3;SCGB3A1;ADAM9,0.0268664857911659,1.4160967733080962,GO_Biological_Process_2021,positive,1.4160967733080962,1,GO_Biological_Process_2021::positive regulation of syncytium formation by plasma membrane fusion (GO:0060143),0.0268664857911659,raw q retained
prerank,GO_Biological_Process_2021::negative regulation of biomineral tissue development (GO:0070168),0.6837369988699826,1.413944465926724,0.0100553041729512,0.0273766590016714,1.0,9/13,10.10%,ENPP1;ASPN;ECM1;AHSG;SRGN;CCL3;SOX9;STATH;HEY1,0.0273766590016714,1.413944465926724,GO_Biological_Process_2021,positive,1.413944465926724,2,GO_Biological_Process_2021::negative regulation of biomineral tissue development (GO:0070168) | GO_Biological_Process_2021::regulation of biomineral tissue development (GO:0070167),0.0273766590016714,raw q retained
prerank,GO_Biological_Process_2021::regulation of establishment of planar polarity (GO:0090175),0.6075088048388146,1.4134925721387588,0.0,0.027494372078068,1.0,45/51,33.99%,RHOA;ARRB2;PSMB2;CLTC;PSMA2;AP2A2;CDC42;PSMA8;DVL1;PSMB4;PRICKLE1;RAC1;AP2S1;AP2B1;AP2A1;DAAM1;FZD4;PSMF1;DVL2;PSMD5;PSMD9;WNT5A;SMURF1;PKHD1;SMURF2;AP2M1;PFN1;ARHGEF19;SPEF1;PSME2;PSME1;PSME3;FZD6;CELSR1;TIAM1;FZD3;DVL3;PSME4;VANGL1;DACT1;PARD6A;VANGL2;WNT11;PSMD10;WNT7A,0.027494372078068,1.4134925721387588,GO_Biological_Process_2021,positive,1.4134925721387588,3,"GO_Biological_Process_2021::regulation of establishment of planar polarity (GO:0090175) | GO_Biological_Process_2021::non-canonical Wnt signaling pathway (GO:0035567) | GO_Biological_Process_2021::Wnt signaling pathway, planar cell polarity pathway (GO:0060071)",0.027494372078068,raw q retained
prerank,GO_Biological_Process_2021::regulation of oxidoreductase activity (GO:0051341),0.7091534049624721,1.4128862351829836,0.0141557128412537,0.0275839222703294,1.0,9/10,25.51%,GZMA;HP;OXA1L;SLAMF8;ATP7A;ABL2;SIRT4;ECSIT;SZT2,0.0275839222703294,1.4128862351829836,GO_Biological_Process_2021,positive,1.4128862351829836,1,GO_Biological_Process_2021::regulation of oxidoreductase activity (GO:0051341),0.0275839222703294,raw q retained
prerank,GO_Biological_Process_2021::negative regulation of receptor signaling pathway via JAK-STAT (GO:0046426),0.6731530633667498,1.4124765779035788,0.0100150225338007,0.027685242637968,1.0,13/15,22.87%,CAV1;PIBF1;LEPROT;SOCS1;PARP14;BCL3;SOCS3;PTPN2;PPP2R1A;SH2B3;HGS;VHL;ADIPOR1,0.027685242637968,1.4124765779035788,GO_Biological_Process_2021,positive,1.4124765779035788,3,GO_Biological_Process_2021::negative regulation of receptor signaling pathway via JAK-STAT (GO:0046426) | GO_Biological_Process_2021::negative regulation of peptidyl-tyrosine phosphorylation (GO:0050732) | GO_Biological_Process_2021::regulation of receptor signaling pathway via JAK-STAT (GO:0046425),0.027685242637968,raw q retained
prerank,GO_Biological_Process_2021::aorta morphogenesis (GO:0035909),0.6968020958955378,1.4121098663879987,0.0161453077699293,0.0277916189267081,1.0,11/11,30.35%,EFEMP2;JAG1;MYLK;HEY1;RBPJ;ADAMTS9;HEY2;TFAP2B;TBX1;TBX2;PROX1,0.0277916189267081,1.4121098663879987,GO_Biological_Process_2021,positive,1.4121098663879987,1,GO_Biological_Process_2021::aorta morphogenesis (GO:0035909),0.0277916189267081,raw q retained
prerank,GO_Biological_Process_2021::positive regulation of lipid catabolic process (GO:0050996),0.6874063698837701,1.4115752627579574,0.0110386352232814,0.0279405310208036,1.0,10/13,17.52%,APOA2;APOA5;TWIST1;APOC2;APOA1;ABHD5;IRS2;PNPLA2;SCT;PLIN5,0.0279405310208036,1.4115752627579574,GO_Biological_Process_2021,positive,1.4115752627579574,2,GO_Biological_Process_2021::positive regulation of lipid catabolic process (GO:0050996) | GO_Biological_Process_2021::regulation of triglyceride catabolic process (GO:0010896),0.0279405310208036,raw q retained
prerank,GO_Biological_Process_2021::cellular copper ion homeostasis (GO:0006878),0.6828749861430468,1.4093290091448982,0.011066398390342,0.0284593329023812,1.0,12/13,26.76%,SLC31A1;ATP7B;MT2A;ATOX1;ATP7A;PRNP;ARF1;SLC31A2;COX19;CCDC22;PRND;ABCB6,0.0284593329023812,1.4093290091448982,GO_Biological_Process_2021,positive,1.4093290091448982,2,GO_Biological_Process_2021::cellular copper ion homeostasis (GO:0006878) | GO_Biological_Process_2021::copper ion homeostasis (GO:0055070),0.0284593329023812,raw q retained
prerank,GO_Biological_Process_2021::pyroptosis (GO:0070269),0.6767823544500324,1.4091245281926046,0.0100401606425702,0.028471742579503,1.0,12/14,29.49%,NLRC4;GZMB;TREM2;GZMA;AIM2;NLRP1;NAIP;GSDMD;ZBP1;APIP;DHX9;GSDMA,0.028471742579503,1.4091245281926046,GO_Biological_Process_2021,positive,1.4091245281926046,1,GO_Biological_Process_2021::pyroptosis (GO:0070269),0.028471742579503,raw q retained
prerank,GO_Biological_Process_2021::defense response to tumor cell (GO:0002357),0.7099417614599793,1.409350612746059,0.0193187595322826,0.0284924782540327,1.0,8/10,16.55%,PRF1;LAPTM5;SPI1;RBMS3;ABI3;KLF4;PRDX2;DAPK1,0.0284924782540327,1.409350612746059,GO_Biological_Process_2021,positive,1.409350612746059,1,GO_Biological_Process_2021::defense response to tumor cell (GO:0002357),0.0284924782540327,raw q retained
prerank,GO_Biological_Process_2021::C21-steroid hormone metabolic process (GO:0008207),0.6691732986975978,1.406813923011126,0.0085341365461847,0.0289664191993631,1.0,13/15,23.38%,CYP11A1;STAR;STARD3;DHRS2;FDX1;AKR1C1;STARD3NL;AKR1C4;FDXR;AKR1C3;DHRS9;HSD17B10;AKR1C2,0.0289664191993631,1.406813923011126,GO_Biological_Process_2021,positive,1.406813923011126,1,GO_Biological_Process_2021::C21-steroid hormone metabolic process (GO:0008207),0.0289664191993631,raw q retained
prerank,GO_Biological_Process_2021::regulation of hormone secretion (GO:0046883),0.6851189879781839,1.4057085001296976,0.0110386352232814,0.0292855888461998,1.0,8/12,13.27%,EDN1;IL11;LIF;OSM;ANXA1;SNX6;VAMP3;EDN3,0.0292855888461998,1.4057085001296976,GO_Biological_Process_2021,positive,1.4057085001296976,1,GO_Biological_Process_2021::regulation of hormone secretion (GO:0046883),0.0292855888461998,raw q retained
prerank,GO_Biological_Process_2021::positive regulation of receptor signaling pathway via JAK-STAT (GO:0046427),0.6690984735885597,1.405116052258019,0.0105105105105105,0.0294471639238752,1.0,11/15,14.83%,CCL5;LEP;GH1;PIBF1;CYP1B1;PRL;IFNL1;HES1;PRLR;CRLF3;IL26,0.0294471639238752,1.405116052258019,GO_Biological_Process_2021,positive,1.405116052258019,2,GO_Biological_Process_2021::positive regulation of receptor signaling pathway via JAK-STAT (GO:0046427) | GO_Biological_Process_2021::positive regulation of receptor signaling pathway via STAT (GO:1904894),0.0294471639238752,raw q retained
prerank,GO_Biological_Process_2021::negative regulation of viral life cycle (GO:1903901),0.6612568777478147,1.4047528035553454,0.0065130260521042,0.029466086871167,1.0,11/16,17.18%,FCN3;FCN1;CIITA;IFITM3;PTX3;IFITM1;BST2;GSN;TRIM5;SNX3;IFITM2,0.029466086871167,1.4047528035553454,GO_Biological_Process_2021,positive,1.4047528035553454,2,GO_Biological_Process_2021::negative regulation of viral life cycle (GO:1903901) | GO_Biological_Process_2021::negative regulation of viral entry into host cell (GO:0046597),0.029466086871167,raw q retained
prerank,GO_Biological_Process_2021::positive regulation of small GTPase mediated signal transduction (GO:0051057),0.6600915716006192,1.4045335551917124,0.006516290726817,0.0295109580006951,1.0,14/17,25.16%,SHC1;FGF10;EPO;VAV1;TGM2;RASGRP1;RELN;IRS2;RAPGEF1;CRKL;SHOC2;RASGEF1A;LRRC59;RASGRP4,0.0295109580006951,1.4045335551917124,GO_Biological_Process_2021,positive,1.4045335551917124,1,GO_Biological_Process_2021::positive regulation of small GTPase mediated signal transduction (GO:0051057),0.0295109580006951,raw q retained
prerank,GO_Biological_Process_2021::negative regulation of T cell receptor signaling pathway (GO:0050860),0.6535440954247692,1.4025213329776671,0.0065065065065065,0.0297534023415068,1.0,16/18,26.99%,THY1;PTPN22;LAPTM5;LILRB4;CD160;GBP1;EZR;SH2D1A;PRNP;CEACAM1;PTPN2;UBASH3A;SLA2;DGKZ;PTPRJ;DUSP3,0.0297534023415068,1.4025213329776671,GO_Biological_Process_2021,positive,1.4025213329776671,2,GO_Biological_Process_2021::negative regulation of T cell receptor signaling pathway (GO:0050860) | GO_Biological_Process_2021::negative regulation of antigen receptor-mediated signaling pathway (GO:0050858),0.0297534023415068,raw q retained
prerank,GO_Biological_Process_2021::calcium ion homeostasis (GO:0055074),0.5885397253096352,1.4025379393647854,0.0,0.0297904424466055,1.0,58/77,29.56%,CCL5;CDH5;CCL19;ATP6V1B1;CCL7;EDN1;CCL13;CCL8;CAV1;FAM20A;CSRP3;CCL1;CCL15;TPT1;TRPV6;CCL3;RYR2;CALCB;S100A14;ANK2;CCL14;VAPB;CCL23;SLC24A4;DRD4;WFS1;CYP27B1;TRPV5;EDN3;DMPK;ATP13A3;RMDN3;SLC8A1;PKHD1;CALR;STIM1;EDN2;ATP2A1;SLC8A3;TMCO1;NPTN;TMEM165;ATP2B2;TRDN;ATP2C2;SLC24A1;TFAP2B;ATP2B3;ATP2C1;ATP2B1;RGN;STC2;DRD5;ATP1B1;SLC8B1;STOML2;JPH2;SLC30A1,0.0297904424466055,1.4025379393647854,GO_Biological_Process_2021,positive,1.4025379393647854,1,GO_Biological_Process_2021::calcium ion homeostasis (GO:0055074),0.0297904424466055,raw q retained
prerank,GO_Biological_Process_2021::pyrimidine-containing compound catabolic process (GO:0072529),0.6756511737871599,1.403699604849805,0.0125376128385155,0.0297979399440064,1.0,13/14,27.28%,NT5C1A;UPP2;DPYSL3;UPB1;TET2;NT5C3A;UPP1;DPYS;NT5C;CRMP1;DPYSL4;NT5M;DPYSL2,0.0297979399440064,1.403699604849805,GO_Biological_Process_2021,positive,1.403699604849805,1,GO_Biological_Process_2021::pyrimidine-containing compound catabolic process (GO:0072529),0.0297979399440064,raw q retained
prerank,GO_Biological_Process_2021::regulation of sequestering of calcium ion (GO:0051282),0.7061900728000463,1.402706588559567,0.0172676485525647,0.0298134819542225,1.0,9/10,22.63%,ANXA6;RYR2;ANK2;DIAPH1;UBASH3B;LIME1;CASQ2;TRDN;CASQ1,0.0298134819542225,1.402706588559567,GO_Biological_Process_2021,positive,1.402706588559567,2,GO_Biological_Process_2021::regulation of sequestering of calcium ion (GO:0051282) | GO_Biological_Process_2021::regulation of cardiac conduction (GO:1903779),0.0298134819542225,raw q retained
prerank,GO_Biological_Process_2021::nucleotide-sugar biosynthetic process (GO:0009226),0.6527309788260738,1.4027070261468322,0.0050025012506253,0.0298565650206304,1.0,19/19,34.78%,MPI;GFPT2;RENBP;GFPT1;UGDH;GNPDA1;SLC35D1;NAGK;GNPDA2;NANS;GNPNAT1;PMM2;AMDHD2;UGP2;UAP1;PGM3;GMPPB;PMM1;UAP1L1,0.0298565650206304,1.4027070261468322,GO_Biological_Process_2021,positive,1.4027070261468322,3,GO_Biological_Process_2021::nucleotide-sugar biosynthetic process (GO:0009226) | GO_Biological_Process_2021::N-acetylneuraminate metabolic process (GO:0006054) | GO_Biological_Process_2021::amino sugar biosynthetic process (GO:0046349),0.0298565650206304,raw q retained
prerank,GO_Biological_Process_2021::response to unfolded protein (GO:0006986),0.6116575947834485,1.402986778887522,0.0005,0.0298788798291221,1.0,34/42,25.59%,HSPA5;SERPINH1;HSPB3;HSPB8;HSPB2;TOR1B;HSPA9;BAX;HSPD1;BAK1;DDIT3;ERP44;ERN1;OPTN;HSPA4;DERL1;DNAJB1;PTPN1;HSPH1;DNAJB4;HSPB7;BAG3;DAXX;HSPE1;HSF1;HSPA4L;TMBIM6;HSPA1L;HSPA2;HSPA6;DNAJC4;DNAJA1;STT3B;DAB2IP,0.0298788798291221,1.402986778887522,GO_Biological_Process_2021,positive,1.402986778887522,1,GO_Biological_Process_2021::response to unfolded protein (GO:0006986),0.0298788798291221,raw q retained
prerank,GO_Biological_Process_2021::cellular response to organic substance (GO:0071310),0.5880524870237515,1.4030523450540304,0.0,0.029896076773873,1.0,66/82,28.80%,CCR7;CCL5;CSF3;HCLS1;SMAD3;IGFBP5;PTPN6;SHC1;CYP1A1;RHOA;TGFBR2;LEF1;TBK1;IBSP;CYP1B1;NCOA3;STAT5B;TRAF6;DPYSL3;LRRK2;CCL3;SPHK1;NLRP12;UCP1;TWF2;ROBO2;NCOA2;PID1;ASAH2;LRP2;PTPN5;CLEC3B;BMPR1B;SOCS2;KLF4;SLIT2;IL1RL2;IL1F10;PTPN7;SLIT3;PARK7;NFAT5;PTPN2;EMD;PTPN9;NCOA1;SLC1A1;IL37;IL18BP;PTPN14;PTPN12;MAPK7;FOXH1;SIGIRR;AMHR2;CPNE3;HTRA2;PTPN13;ARL6IP5;LDLRAP1;TIPARP;PTPN18;HAX1;SFRP1;KHSRP;DCPS,0.029896076773873,1.4030523450540304,GO_Biological_Process_2021,positive,1.4030523450540304,2,GO_Biological_Process_2021::cellular response to organic substance (GO:0071310) | GO_Biological_Process_2021::response to growth factor (GO:0070848),0.029896076773873,raw q retained
prerank,GO_Biological_Process_2021::positive regulation of protein tyrosine kinase activity (GO:0061098),0.6344796634523338,1.4027145312057168,0.004,0.0298975963036028,1.0,19/25,20.84%,EGF;NCF1;BDNF;DLG4;FBXW7;AREG;NEDD9;IL34;LILRA5;PTPN1;RELN;GRM5;LRP8;PRNP;CASS4;BTC;EPGN;UNC119;STAP1,0.0298975963036028,1.4027145312057168,GO_Biological_Process_2021,positive,1.4027145312057168,2,GO_Biological_Process_2021::positive regulation of protein tyrosine kinase activity (GO:0061098) | GO_Biological_Process_2021::positive regulation of protein kinase activity (GO:0045860),0.0298975963036028,raw q retained
prerank,GO_Biological_Process_2021::positive regulation of cysteine-type endopeptidase activity involved in apoptotic process (GO:0043280),0.5880803948193052,1.4012570400896434,0.0,0.0300875637255766,1.0,73/82,37.14%,MYC;CLEC7A;EIF2AK3;SMAD3;NLRC4;CYCS;APAF1;FAS;LAPTM5;BID;S100A8;CARD9;FAM162A;TNFSF10;UACA;PYCARD;TRAF2;BAX;HSPD1;VCP;CTSD;FADD;NLRP12;NOD1;PMAIP1;SOX7;TRADD;S100A9;GSN;CARD8;NGFR;ROBO1;NLRP1;PPM1F;RPS27L;SLC22A2;TNFSF15;DDX3X;BCL10;LGALS9;MTCH1;HSPE1;ACER2;DIABLO;DLC1;DAPK1;FIS1;CFLAR;BCAP31;BAD;PDCD6;BBC3;NLRP2;HTRA2;DAP;HIP1R;ARL6IP5;PDCD5;GPER1;PDCD2;PIDD1;NODAL;CASP8AP2;BLID;IFT57;ACVR1C;REST;HIP1;BOK;CRADD;BCL2L13;ANP32B;FOXL2,0.0300875637255766,1.4012570400896434,GO_Biological_Process_2021,positive,1.4012570400896434,4,GO_Biological_Process_2021::positive regulation of cysteine-type endopeptidase activity involved in apoptotic process (GO:0043280) | GO_Biological_Process_2021::positive regulation of cysteine-type endopeptidase activity (GO:2001056) | GO_Biological_Process_2021::regulation of cysteine-type endopeptidase activity involved in apoptotic process (GO:0043281) | GO_Biological_Process_2021::activation of cysteine-type endopeptidase activity involved in apoptotic process (GO:0006919),0.0300875637255766,raw q retained
prerank,GO_Biological_Process_2021::negative regulation of actin filament polymerization (GO:0030837),0.6401694855245003,1.3993649769885974,0.0045022511255627,0.0305788677460728,1.0,20/23,32.08%,PFN4;SCIN;KANK3;TMSB4X;TWF2;GSN;VIL1;SLIT2;TWF1;SSH1;TMSB10;MYADM;PFN1;KANK1;PFN2;HIP1R;ARFGEF1;TMSB4Y;SSH3;SSH2,0.0305788677460728,1.3993649769885974,GO_Biological_Process_2021,positive,1.3993649769885974,1,GO_Biological_Process_2021::negative regulation of actin filament polymerization (GO:0030837),0.0305788677460728,raw q retained
prerank,GO_Biological_Process_2021::positive regulation of signal transduction by p53 class mediator (GO:1901798),0.6521506393400193,1.3985391550766446,0.0080160320641282,0.0306618464502051,1.0,16/18,30.53%,RPL23;RPS20;UBB;PLA2R1;PMAIP1;EIF5A;MSX1;ATM;HIC1;SPRED1;CHD5;DDX5;ANKRD1;HEXIM1;SPRED2;CDK5RAP3,0.0306618464502051,1.3985391550766446,GO_Biological_Process_2021,positive,1.3985391550766446,1,GO_Biological_Process_2021::positive regulation of signal transduction by p53 class mediator (GO:1901798),0.0306618464502051,raw q retained
prerank,GO_Biological_Process_2021::positive regulation of ATP metabolic process (GO:1903580),0.6421814368331619,1.3987300658092776,0.002,0.0307137348466904,1.0,16/21,21.39%,HIF1A;TREM2;PPARGC1A;ARNT;TMSB4X;VCP;PINK1;PFKFB3;NUPR1;PID1;ACTN3;ENO1;MLXIPL;PFKFB2;GAPDHS;PFKFB4,0.0307137348466904,1.3987300658092776,GO_Biological_Process_2021,positive,1.3987300658092776,1,GO_Biological_Process_2021::positive regulation of ATP metabolic process (GO:1903580),0.0307137348466904,raw q retained
prerank,GO_Biological_Process_2021::negative regulation of signaling (GO:0023057),0.6698132498197834,1.3988061775133516,0.0140632847815168,0.0307280645676988,1.0,10/15,12.77%,ADIPOQ;TRAT1;IGFBP3;IL11;LIF;OSM;NLRP12;OPTN;PTPN1;UBASH3B,0.0307280645676988,1.3988061775133516,GO_Biological_Process_2021,positive,1.3988061775133516,2,GO_Biological_Process_2021::negative regulation of signaling (GO:0023057) | GO_Biological_Process_2021::negative regulation of cell communication (GO:0010648),0.0307280645676988,raw q retained
prerank,GO_Biological_Process_2021::positive regulation of peptide hormone secretion (GO:0090277),0.6177891926649219,1.3970866512212203,0.0,0.03099374971316,1.0,28/34,27.92%,GCK;GHRL;MCU;ACSL4;HFE;RBP4;CRH;UCN;ADCYAP1;TCF7L2;IRS2;PSMD9;GLUD1;SCT;FFAR4;GHRH;SLC30A8;NNAT;BAD;CAPN10;MYRIP;GRP;TRH;AIMP1;SOX4;DOC2B;TM7SF3;GPER1,0.03099374971316,1.3970866512212203,GO_Biological_Process_2021,positive,1.3970866512212203,4,GO_Biological_Process_2021::positive regulation of peptide hormone secretion (GO:0090277) | GO_Biological_Process_2021::positive regulation of protein secretion (GO:0050714) | GO_Biological_Process_2021::regulation of insulin secretion (GO:0050796) | GO_Biological_Process_2021::positive regulation of insulin secretion (GO:0032024),0.03099374971316,raw q retained
prerank,GO_Biological_Process_2021::regulation of defense response (GO:0031347),0.5962944939749603,1.3969794902313148,0.0,0.0309973530925444,1.0,38/57,17.96%,ACE2;PTPN22;MYD88;TREM2;NLRP6;USP18;AHSG;PTGES;XCL1;HERC5;ALOX15;TMSB4X;XIAP;TRAF3;APOE;TIRAP;GRN;ANXA1;SAMHD1;RNF135;GGT1;ADAMTS12;NLRP1;CELF1;IL1RL2;BST1;DHX58;LRP8;AKNA;PARK7;WNT5A;ZBP1;PIK3AP1;BCL6B;BCL6;IRF1;CYLD;IL37,0.0309973530925444,1.3969794902313148,GO_Biological_Process_2021,positive,1.3969794902313148,3,GO_Biological_Process_2021::regulation of defense response (GO:0031347) | GO_Biological_Process_2021::regulation of response to biotic stimulus (GO:0002831) | GO_Biological_Process_2021::regulation of response to external stimulus (GO:0032101),0.0309973530925444,raw q retained
prerank,GO_Biological_Process_2021::muscle organ development (GO:0007517),0.6057403381211764,1.395889372357413,0.0,0.0313517017638369,1.0,35/44,30.54%,ITGA11;CAV3;TAGLN;ITGA7;MAPK12;NEB;TRIM72;SMTN;TCF21;MYH3;EGR3;SGCG;SGCA;FHL1;TCF12;ITGB1BP2;MEF2C;VAMP5;SGCD;MRAS;EMD;MEF2B;MEF2D;FXR1;SOX6;FHL3;SGCE;CTF1;MEF2A;TBX1;CHD2;CAPN3;TEAD4;ANKRD2;SRI,0.0313517017638369,1.395889372357413,GO_Biological_Process_2021,positive,1.395889372357413,1,GO_Biological_Process_2021::muscle organ development (GO:0007517),0.0313517017638369,raw q retained
prerank,GO_Biological_Process_2021::vitamin D metabolic process (GO:0042359),0.6983186562979007,1.3944243705799693,0.020242914979757,0.0316551242525331,1.0,7/10,10.98%,GC;CYP1A1;LGMN;CUBN;CYP11A1;LRP2;CYP27B1,0.0316551242525331,1.3944243705799693,GO_Biological_Process_2021,positive,1.3944243705799693,1,GO_Biological_Process_2021::vitamin D metabolic process (GO:0042359),0.0316551242525331,raw q retained
prerank,GO_Biological_Process_2021::positive regulation of extracellular matrix organization (GO:1903055),0.6765873952204833,1.39473685641352,0.0186023127199597,0.0316561131426943,1.0,10/13,17.44%,EFEMP2;SMAD3;EMILIN1;BMP2;RUNX1;PDPN;RB1;COLGALT1;FSCN1;RGCC,0.0316561131426943,1.39473685641352,GO_Biological_Process_2021,positive,1.39473685641352,1,GO_Biological_Process_2021::positive regulation of extracellular matrix organization (GO:1903055),0.0316561131426943,raw q retained
prerank,GO_Biological_Process_2021::post-Golgi vesicle-mediated transport (GO:0006892),0.5825065089465333,1.3944354484772183,0.0,0.031693786218353,1.0,72/82,33.99%,AP1S3;SNAP23;CLTC;FTH1;ARRB1;FTL;AP4M1;EXOC6;AP1B1;TXNDC5;AP1M2;SORCS1;COMMD1;AP1G2;STX4;AP2A1;ACBD3;DTNBP1;EPS15;AP1S1;SORT1;RAB10;CCDC93;RABIF;VAMP7;CLINT1;NAPA;SH3GL2;ARF1;VAMP8;MYO1B;OSBPL5;SORL1;BLOC1S6;EXOC2;SCFD1;AP1G1;SCAMP2;AP1M1;BLOC1S4;CHMP2A;HGS;CLTA;AP4S1;EXOC4;AP4B1;BLOC1S1;AP1S2;EXOC8;CCDC22;RAB14;ARL3;GOLGB1;RABEP1;DNM2;STXBP6;RP2;AP4E1;SH3D19;EXOC5;EXOC1;MYO5A;BLOC1S3;EXOC6B;DNAJC6;PUM1;STEAP2;KLHL20;VPS13A;GBF1;GOPC;VPS13C,0.031693786218353,1.3944354484772183,GO_Biological_Process_2021,positive,1.3944354484772183,1,GO_Biological_Process_2021::post-Golgi vesicle-mediated transport (GO:0006892),0.031693786218353,raw q retained
prerank,GO_Biological_Process_2021::positive regulation of endothelial cell proliferation (GO:0001938),0.6061702244133367,1.3935173310140256,0.0,0.0319223867576073,1.0,36/42,30.35%,EGF;CCL26;HIF1A;GATA2;ECM1;BMP4;ANG;BMP2;HMOX1;STAT5A;ARNT;PLCG1;NR4A1;EGR3;CCL24;VIP;VASH2;SP1;PRKD2;MYDGF;APLN;APELA;WNT5A;NRARP;NRP2;THBS4;FGFBP1;MDK;PDCD6;CDH13;EMC10;HMGB2;PLXNB3;PDCL3;AGGF1;PROX1,0.0319223867576073,1.3935173310140256,GO_Biological_Process_2021,positive,1.3935173310140256,2,GO_Biological_Process_2021::positive regulation of endothelial cell proliferation (GO:0001938) | GO_Biological_Process_2021::positive regulation of epithelial cell proliferation (GO:0050679),0.0319223867576073,raw q retained
prerank,GO_Biological_Process_2021::synaptic vesicle exocytosis (GO:0016079),0.6125728127308143,1.3929078974200142,0.0005,0.0320473528126535,1.0,31/35,36.78%,STX11;SNAP23;STX3;STX1A;STX19;RAB3A;SYT1;STX4;CPLX1;DNAJC5;PIP5K1C;SNAP29;SNAPIN;BLOC1S6;SYT7;SYT2;SNAP47;STX2;OTOF;RIMS2;CPLX4;CPLX3;UNC13A;SNPH;DOC2B;PRRT2;UNC13B;RIMS1;STX1B;SYT5;PCLO,0.0320473528126535,1.3929078974200142,GO_Biological_Process_2021,positive,1.3929078974200142,3,GO_Biological_Process_2021::synaptic vesicle exocytosis (GO:0016079) | GO_Biological_Process_2021::synaptic vesicle membrane organization (GO:0048499) | GO_Biological_Process_2021::synaptic vesicle fusion to presynaptic active zone membrane (GO:0031629),0.0320473528126535,raw q retained
prerank,GO_Biological_Process_2021::cellular response to transforming growth factor beta stimulus (GO:0071560),0.5810579712642677,1.3926344773691517,0.0,0.0321278864027412,1.0,78/91,34.79%,UBA52;JUN;PXN;CDH5;UBB;SMAD3;CLDN5;CILP;RHOA;TGFBR2;SMAD6;LTBP2;FOS;ARRB2;XCL1;HYAL2;GDF15;ZYX;FURIN;SMAD2;APOA1;SOX9;TGFBR3;SMAD4;CBL;BAMBI;ID1;FERMT2;F11R;PARD3;MAP3K7;LRRC32;CLEC3B;SMAD1;USP15;HPGD;GDF5;SMAD9;LIMS1;MEF2C;ZFP36L1;UBC;WNT5A;SMURF1;LPXN;WNT2;CGN;CRKL;SMAD5;SKI;DUSP15;SOX6;NRROS;MAPK7;FOXH1;APPL1;AMHR2;LEFTY2;ANKRD1;WNT4;SOX5;PDCD5;FNTA;USP9X;PARD6A;SFRP1;TWSG1;ZFP36L2;TGFBRAP1;ADAM9;ZMIZ1;GCNT2;ZFYVE9;DUSP22;USP9Y;WNT7A;ARHGEF18;GDF10,0.0321278864027412,1.3926344773691517,GO_Biological_Process_2021,positive,1.3926344773691517,2,GO_Biological_Process_2021::cellular response to transforming growth factor beta stimulus (GO:0071560) | GO_Biological_Process_2021::transforming growth factor beta receptor signaling pathway (GO:0007179),0.0321278864027412,raw q retained
prerank,GO_Biological_Process_2021::response to interferon-beta (GO:0035456),0.6391089125274246,1.3918698538911818,0.0045022511255627,0.0323665223171321,1.0,17/21,24.69%,MNDA;IFITM3;OAS1;XAF1;IFITM1;AIM2;STAT1;IKBKE;BST2;PLSCR1;UBE2K;IRF1;IFITM2;IRGM;IFI16;UBE2G2;HTRA2,0.0323665223171321,1.3918698538911818,GO_Biological_Process_2021,positive,1.3918698538911818,1,GO_Biological_Process_2021::response to interferon-beta (GO:0035456),0.0323665223171321,raw q retained
prerank,GO_Biological_Process_2021::prostanoid metabolic process (GO:0006692),0.6563967325916893,1.3907475225156936,0.0100150225338007,0.032614602560202,1.0,15/16,32.67%,GSTM1;HPGDS;GSTA1;PTGES;ACOX1;CYP2S1;PTGR1;HPGD;AKR1C1;AKR1C4;AKR1C3;CYP4F8;AKR1C2;CES2;PLAA,0.032614602560202,1.3907475225156936,GO_Biological_Process_2021,positive,1.3907475225156936,2,GO_Biological_Process_2021::prostanoid metabolic process (GO:0006692) | GO_Biological_Process_2021::prostaglandin metabolic process (GO:0006693),0.032614602560202,raw q retained
prerank,GO_Biological_Process_2021::T cell mediated immunity (GO:0002456),0.6612933045143624,1.3908757784983523,0.0120180270405608,0.032647198884279,1.0,12/15,20.16%,CD8A;EMP2;HLA-A;CD46;JAG1;MYO1G;CD55;CTSH;BTN3A3;AIRE;MICA;BTN3A2,0.032647198884279,1.3908757784983523,GO_Biological_Process_2021,positive,1.3908757784983523,2,GO_Biological_Process_2021::T cell mediated immunity (GO:0002456) | GO_Biological_Process_2021::adaptive immune response based on somatic recombination of immune receptors built from immunoglobulin superfamily domains (GO:0002460),0.032647198884279,raw q retained
prerank,GO_Biological_Process_2021::regulation of autophagy of mitochondrion (GO:1903146),0.6688463648401036,1.390473196710914,0.014521782674011,0.0326813606329432,1.0,13/14,27.58%,VDAC1;PINK1;FBXW7;PARK7;SREBF1;FBXO7;CSNK2A2;DNM1L;HTRA2;SREBF2;USP36;CAMKK2;HAX1,0.0326813606329432,1.390473196710914,GO_Biological_Process_2021,positive,1.390473196710914,2,GO_Biological_Process_2021::regulation of autophagy of mitochondrion (GO:1903146) | GO_Biological_Process_2021::regulation of protein targeting to mitochondrion (GO:1903214),0.0326813606329432,raw q retained
prerank,GO_Biological_Process_2021::negative regulation of leukocyte chemotaxis (GO:0002689),0.6976524899506268,1.390289220868297,0.0218274111675126,0.0327129010221066,1.0,8/10,20.84%,C5;RIN3;NBL1;DDT;SLIT2;SLAMF8;DUSP1;STAP1,0.0327129010221066,1.390289220868297,GO_Biological_Process_2021,positive,1.390289220868297,1,GO_Biological_Process_2021::negative regulation of leukocyte chemotaxis (GO:0002689),0.0327129010221066,raw q retained
prerank,GO_Biological_Process_2021::positive regulation of dendritic spine morphogenesis (GO:0061003),0.7016947079957229,1.3897885343639271,0.027327935222672,0.0328469607157984,1.0,7/10,23.88%,DBN1;CAMK2B;RELN;LRP8;DBNL;CAPRIN1;DHX36,0.0328469607157984,1.3897885343639271,GO_Biological_Process_2021,positive,1.3897885343639271,1,GO_Biological_Process_2021::positive regulation of dendritic spine morphogenesis (GO:0061003),0.0328469607157984,raw q retained
prerank,GO_Biological_Process_2021::regulation of retinoic acid receptor signaling pathway (GO:0048385),0.673962682750768,1.3895649763660096,0.015022533800701,0.0328982859290806,1.0,11/13,20.22%,CYP26A1;CNOT1;CTBP2;PRAME;CYP26C1;CALR;DHRS3;SNW1;CYP26B1;KLF2;AKR1C3,0.0328982859290806,1.3895649763660096,GO_Biological_Process_2021,positive,1.3895649763660096,1,GO_Biological_Process_2021::regulation of retinoic acid receptor signaling pathway (GO:0048385),0.0328982859290806,raw q retained
prerank,GO_Biological_Process_2021::peptidyl-asparagine modification (GO:0018196),0.6181795480084905,1.3890026618714404,0.002,0.0330547396371692,1.0,31/31,38.26%,DAD1;RPN2;MCFD2;OSTC;RPN1;LMAN1;DDOST;TUSC3;MGAT1;ASGR2;UBE2J1;ASGR1;FUT8;MAGT1;OST4;DERL3;UGGT1;STT3B;B4GALNT2;MGAT2;ST6GAL1;ALG5;MGAT5;NUDT14;ALG8;DPM2;UGGT2;DPM1;STT3A;HIF1AN;DPM3,0.0330547396371692,1.3890026618714404,GO_Biological_Process_2021,positive,1.3890026618714404,2,GO_Biological_Process_2021::peptidyl-asparagine modification (GO:0018196) | GO_Biological_Process_2021::protein N-linked glycosylation via asparagine (GO:0018279),0.0330547396371692,raw q retained
prerank,GO_Biological_Process_2021::regulation of erythrocyte differentiation (GO:0045646),0.6240881117120625,1.3866999484731712,0.0025,0.0336695310070275,1.0,17/26,14.39%,GATA1;HIF1A;TAL1;SPI1;NCKAP1L;FOXO3;LDB1;STAT1;HSPA9;STAT5B;ARNT;ETS1;MAFB;PRMT1;ZFP36;ZFP36L1;FAM210B,0.0336695310070275,1.3866999484731712,GO_Biological_Process_2021,positive,1.3866999484731712,1,GO_Biological_Process_2021::regulation of erythrocyte differentiation (GO:0045646),0.0336695310070275,raw q retained
prerank,GO_Biological_Process_2021::regulation of secretion by cell (GO:1903530),0.5959799879950127,1.386236067366009,0.0,0.0337695801654298,1.0,36/48,27.33%,SAA1;P3H1;HCRT;CAMK2A;RAB8A;RAB3A;RAB13;ANXA1;SYT1;RALA;SNCAIP;STX4;MCTP1;HAP1;CPLX1;MEF2C;VAMP3;SYN1;RHBDF2;RAB10;RAB3D;VAMP8;NSF;RAB8B;FMR1;RIC1;RHBDF1;STXBP5;RAB26;RAB12;RIMS2;CPLX4;RAB21;CPLX3;STXBP5L;ARFIP1,0.0337695801654298,1.386236067366009,GO_Biological_Process_2021,positive,1.386236067366009,4,GO_Biological_Process_2021::regulation of secretion by cell (GO:1903530) | GO_Biological_Process_2021::regulation of vesicle-mediated transport (GO:0060627) | GO_Biological_Process_2021::regulation of neurotransmitter transport (GO:0051588) | GO_Biological_Process_2021::regulation of exocytosis (GO:0017157),0.0337695801654298,raw q retained
prerank,GO_Biological_Process_2021::actin filament polymerization (GO:0030041),0.6265304689989319,1.3856835126758502,0.004,0.033883190677019,1.0,18/26,17.77%,WAS;AIF1;WASF1;WASL;ANG;WASF3;DIAPH3;FAM107A;PSTPIP1;RAC1;GSN;DIAPH1;VIL1;PSTPIP2;MICALL2;SPIRE2;MSRB2;MSRB1,0.033883190677019,1.3856835126758502,GO_Biological_Process_2021,positive,1.3856835126758502,1,GO_Biological_Process_2021::actin filament polymerization (GO:0030041),0.033883190677019,raw q retained
prerank,GO_Biological_Process_2021::regulation of exosomal secretion (GO:1903541),0.6691197330895696,1.385786744615013,0.0180813661476644,0.0339287616555294,1.0,12/14,26.44%,RAB7A;SDCBP;PDCD6IP;SMPD3;CHMP3;CHMP2A;HGS;SNF8;VPS4A;CHMP6;VPS4B;STAM,0.0339287616555294,1.385786744615013,GO_Biological_Process_2021,positive,1.385786744615013,2,GO_Biological_Process_2021::regulation of exosomal secretion (GO:1903541) | GO_Biological_Process_2021::positive regulation of exosomal secretion (GO:1903543),0.0339287616555294,raw q retained
prerank,GO_Biological_Process_2021::mitochondrial membrane organization (GO:0007006),0.6206308255659121,1.382767305732756,0.0035,0.0348762598055406,1.0,26/26,38.00%,SLC25A31;PPIF;HSPA9;BAK1;SLC25A4;PMAIP1;SLC25A5;SPG7;CHCHD6;IMMT;CHCHD3;MFN1;BAD;MFN2;SAMM50;BNIP3;MTX3;MTX1;GHITM;TIMM50;MTX2;APOO;OPA1;APOOL;TMEM11;DNAJC11,0.0348762598055406,1.382767305732756,GO_Biological_Process_2021,positive,1.382767305732756,1,GO_Biological_Process_2021::mitochondrial membrane organization (GO:0007006),0.0348762598055406,raw q retained
prerank,GO_Biological_Process_2021::regulation of long-term synaptic potentiation (GO:1900271),0.6372131715367472,1.3821711143998812,0.0055027513756878,0.0350499766987093,1.0,17/22,23.18%,LILRB2;TYROBP;CALB1;LGMN;SQSTM1;ADCY8;FAM107A;APOE;SHANK3;CALB2;ARC;RELN;ADCY1;SCGN;AKAP5;EIF2AK4;PTN,0.0350499766987093,1.3821711143998812,GO_Biological_Process_2021,positive,1.3821711143998812,2,GO_Biological_Process_2021::regulation of long-term synaptic potentiation (GO:1900271) | GO_Biological_Process_2021::positive regulation of long-term synaptic potentiation (GO:1900273),0.0350499766987093,raw q retained
prerank,GO_Biological_Process_2021::apoptotic mitochondrial changes (GO:0008637),0.6189422377398943,1.382238137111879,0.002,0.0350629095595731,1.0,25/28,31.61%,BID;VPS35;HK2;BAX;CAMK2A;BIK;HSPD1;BAK1;SOD2;IFIT2;SFN;IFI6;FIS1;ATP2A1;ATG3;GGCT;BAD;BBC3;BNIP3;AIFM2;DNM1L;FZD9;TIMM50;MFF;THEM4,0.0350629095595731,1.382238137111879,GO_Biological_Process_2021,positive,1.382238137111879,2,GO_Biological_Process_2021::apoptotic mitochondrial changes (GO:0008637) | GO_Biological_Process_2021::release of cytochrome c from mitochondria (GO:0001836),0.0350629095595731,raw q retained
prerank,GO_Biological_Process_2021::negative regulation of TORC1 signaling (GO:1904262),0.6926979374584166,1.381242806855477,0.0338383838383838,0.0353376212298551,1.0,10/10,30.76%,DEPDC5;SESN1;ATM;ITFG2;SESN2;STK11;SZT2;RNF152;KPTN;SESN3,0.0353376212298551,1.381242806855477,GO_Biological_Process_2021,positive,1.381242806855477,1,GO_Biological_Process_2021::negative regulation of TORC1 signaling (GO:1904262),0.0353376212298551,raw q retained
prerank,GO_Biological_Process_2021::hippo signaling (GO:0035329),0.6248054766396505,1.3806594461799098,0.0035,0.0355482839006122,1.0,22/25,28.94%,YAP1;TJP1;WWTR1;YWHAE;AMOT;STK4;DVL2;LATS2;YWHAB;DCHS1;TEAD2;TEAD1;TJP2;MOB1B;AMOTL1;WWC1;TEAD3;MOB1A;LATS1;SAV1;TEAD4;STK3,0.0355482839006122,1.3806594461799098,GO_Biological_Process_2021,positive,1.3806594461799098,1,GO_Biological_Process_2021::hippo signaling (GO:0035329),0.0355482839006122,raw q retained
prerank,GO_Biological_Process_2021::response to hydrogen peroxide (GO:0042542),0.608132698503924,1.3799340544782153,0.002,0.0357723511043284,1.0,30/34,31.24%,HMOX1;PPIF;CYP1B1;MAPK13;GPX1;TNFAIP3;SIRPA;HP;ANXA1;RIPK3;PRDX3;AQP1;RHOB;FXN;PARK7;STK24;NET1;MAPK7;TRPM2;PDCD10;CAT;GLRX2;OSER1;STK26;PLEKHA1;SETX;STK25;ANKZF1;ADAM9;PAX2,0.0357723511043284,1.3799340544782153,GO_Biological_Process_2021,positive,1.3799340544782153,3,GO_Biological_Process_2021::response to hydrogen peroxide (GO:0042542) | GO_Biological_Process_2021::cellular response to reactive oxygen species (GO:0034614) | GO_Biological_Process_2021::cellular response to hydrogen peroxide (GO:0070301),0.0357723511043284,raw q retained
prerank,GO_Biological_Process_2021::lysosome localization (GO:0032418),0.6132490664445511,1.3795461275924,0.0015,0.0358961653552595,1.0,29/31,34.23%,NR4A3;MYH9;RAB3A;BORCS5;S100A13;RAB34;TFEB;MILR1;NDEL1;SNAPIN;KXD1;PLEKHM1;BLOC1S2;LAMTOR1;BLOC1S1;MRGPRX2;ARL8B;VPS33A;FLCN;BORCS6;SYTL4;HPS6;VPS33B;TMEM106B;KLC2;SPAG9;PLEKHM2;DEF8;MAP6,0.0358961653552595,1.3795461275924,GO_Biological_Process_2021,positive,1.3795461275924,1,GO_Biological_Process_2021::lysosome localization (GO:0032418),0.0358961653552595,raw q retained
prerank,GO_Biological_Process_2021::negative regulation of NF-kappaB transcription factor activity (GO:0032088),0.5837499483031159,1.3776940656183307,0.0,0.0364400157267263,1.0,56/67,33.18%,FOXP3;PTGIS;SPI1;TMIGD3;COMMD6;CYP1B1;ARRB2;NFKBIA;PYCARD;AIM2;CMKLR1;IRAK2;TMSB4X;CHUK;CDKN2A;ARRB1;NLRP12;TNFAIP3;DDIT3;TRAF3;GFI1;ANXA4;BMP7;COMMD1;CARD8;COMMD7;KLF4;FOXJ1;NFKBIL1;PKHD1;PYDC1;ZC3H12A;IRAK3;G3BP2;CYLD;USP7;RBCK1;CCDC22;TRIM21;NFKBIB;NLRC5;NLRP2;PARP10;TAX1BP1;DAP;DAB2IP;CHP1;NLRC3;ITCH;ADORA3;PRMT2;RWDD3;CDK5RAP3;UFL1;OTULIN;PSMD10,0.0364400157267263,1.3776940656183307,GO_Biological_Process_2021,positive,1.3776940656183307,2,GO_Biological_Process_2021::negative regulation of NF-kappaB transcription factor activity (GO:0032088) | GO_Biological_Process_2021::negative regulation of DNA-binding transcription factor activity (GO:0043433),0.0364400157267263,raw q retained
prerank,GO_Biological_Process_2021::negative regulation of protein localization to plasma membrane (GO:1903077),0.641629151538465,1.3773601573663974,0.013032581453634,0.0365451848014544,1.0,12/18,16.54%,CSK;CLTC;GBP1;TMBIM1;ABI3;DAB2;RHOQ;PICALM;PID1;NUMB;PKDCC;AP2M1,0.0365451848014544,1.3773601573663974,GO_Biological_Process_2021,positive,1.3773601573663974,1,GO_Biological_Process_2021::negative regulation of protein localization to plasma membrane (GO:1903077),0.0365451848014544,raw q retained
prerank,GO_Biological_Process_2021::response to reactive oxygen species (GO:0000302),0.6008152008741185,1.3768842898512772,0.001,0.0366792094853983,1.0,34/40,31.16%,JUN;PXN;HIF1A;NCF1;HMOX1;FOS;TPM1;HYAL2;S100A7;HYAL1;CHUK;SOD2;GPX1;UCP1;APOE;HP;APOD;PRDX3;PKD2;TXNRD2;ROMO1;STK24;PLK3;PRDX5;AKR1C3;PDCD10;CAT;GLRX2;STK26;CAMKK2;MPV17;CRYGD;STK25;ADAM9,0.0366792094853983,1.3768842898512772,GO_Biological_Process_2021,positive,1.3768842898512772,1,GO_Biological_Process_2021::response to reactive oxygen species (GO:0000302),0.0366792094853983,raw q retained
prerank,GO_Biological_Process_2021::cellular biogenic amine metabolic process (GO:0006576),0.6819644142783443,1.3766682421978689,0.0251635631605435,0.0366859622865352,1.0,10/11,27.51%,DDC;SRM;SMS;SULT1B1;ATP7A;HNMT;OAZ2;TRH;AMD1;SLC22A3,0.0366859622865352,1.3766682421978689,GO_Biological_Process_2021,positive,1.3766682421978689,1,GO_Biological_Process_2021::cellular biogenic amine metabolic process (GO:0006576),0.0366859622865352,raw q retained
prerank,GO_Biological_Process_2021::IRE1-mediated unfolded protein response (GO:0036498),0.5918937159630945,1.3764847850933846,0.0,0.0367256760769233,1.0,48/52,35.71%,HSPA5;SHC1;XBP1;TLN1;DNAJB11;SSR1;KDELR3;ERN1;ATP6V0D1;ADD1;EDEM1;VAPB;WFS1;DNAJC3;SEC31A;GFPT1;MYDGF;PLA2G4B;PDIA5;DCTN1;WIPI1;SULT1A3;PDIA6;DNAJB9;TPP1;FKBP14;LMNA;SYVN1;GOSR2;PARP16;SERP1;YIF1A;HYOU1;ACADVL;ERN2;PPP2R5B;PREB;DDX11;EXTL1;ZBTB17;KLHDC3;HDGF;CUL7;ARFGAP1;TSPYL2;SRPRA;CTDSP2;EXTL2,0.0367256760769233,1.3764847850933846,GO_Biological_Process_2021,positive,1.3764847850933846,1,GO_Biological_Process_2021::IRE1-mediated unfolded protein response (GO:0036498),0.0367256760769233,raw q retained
prerank,GO_Biological_Process_2021::positive regulation of actin cytoskeleton reorganization (GO:2000251),0.6760278664647802,1.374381729671348,0.0247349823321554,0.0374736972350918,1.0,10/12,20.84%,CSF3;HCLS1;BAIAP2;CCL27;CDC42;BAIAP2L2;NTF3;BAIAP2L1;FES;STAP1,0.0374736972350918,1.374381729671348,GO_Biological_Process_2021,positive,1.374381729671348,1,GO_Biological_Process_2021::positive regulation of actin cytoskeleton reorganization (GO:2000251),0.0374736972350918,raw q retained
prerank,GO_Biological_Process_2021::regulation of integrin activation (GO:0033623),0.6686539029782081,1.3739303852789422,0.0231155778894472,0.0375486431378437,1.0,8/12,10.69%,CXCL13;RAP1B;SKAP1;PLEK;RASIP1;FERMT2;FBLIM1;FERMT1,0.0375486431378437,1.3739303852789422,GO_Biological_Process_2021,positive,1.3739303852789422,1,GO_Biological_Process_2021::regulation of integrin activation (GO:0033623),0.0375486431378437,raw q retained
prerank,GO_Biological_Process_2021::regulation of vascular endothelial growth factor signaling pathway (GO:1900746),0.6607987483166982,1.3740985709742626,0.0180722891566265,0.0375541646740143,1.0,12/14,25.59%,DCN;SMOC2;HRG;MYO1C;ADAMTS3;ROBO1;DLL1;CD63;CCBE1;SEMA6A;TSPAN12;DAB2IP,0.0375541646740143,1.3740985709742626,GO_Biological_Process_2021,positive,1.3740985709742626,1,GO_Biological_Process_2021::regulation of vascular endothelial growth factor signaling pathway (GO:1900746),0.0375541646740143,raw q retained
prerank,GO_Biological_Process_2021::positive regulation of peptidyl-serine phosphorylation (GO:0033138),0.5932678011748693,1.3732293511875782,0.0,0.0376915023642686,1.0,42/49,33.80%,CSF3;HCLS1;CAV1;BDNF;TBK1;RIPK2;PAK1;IL11;SFRP2;LIF;OSM;NTF3;PINK1;AXIN1;AVP;SH2D3C;STK4;WNT3A;PRKD2;CAMK1;TNKS1BP1;PARK7;NTF4;CREBL2;EIF4G1;IRGM;SH2D3A;RAPGEF3;FNIP2;PDCD10;PFN2;TCL1B;LATS1;IFNE;HAX1;FNIP1;TENM1;DOCK7;TCL1A;AKAP9;SPRY2;TERF2IP,0.0376915023642686,1.3732293511875782,GO_Biological_Process_2021,positive,1.3732293511875782,1,GO_Biological_Process_2021::positive regulation of peptidyl-serine phosphorylation (GO:0033138),0.0376915023642686,raw q retained
prerank,GO_Biological_Process_2021::negative regulation of translational initiation (GO:0045947),0.6652526512788522,1.373030421406362,0.0220994475138121,0.0377423896286693,1.0,13/13,33.51%,EIF4EBP1;EIF3E;TPR;FMR1;AGO2;EIF4EBP2;EIF2AK4;PAIP2B;RBM4;PAIP2;EIF2AK1;LARP1;EIF4EBP3,0.0377423896286693,1.373030421406362,GO_Biological_Process_2021,positive,1.373030421406362,2,GO_Biological_Process_2021::negative regulation of translational initiation (GO:0045947) | GO_Biological_Process_2021::regulation of translational initiation (GO:0006446),0.0377423896286693,raw q retained
prerank,GO_Biological_Process_2021::positive regulation of nuclear division (GO:0051785),0.6551888728072975,1.37289267827705,0.0215755143000501,0.0377676811840482,1.0,11/14,23.04%,EGF;EDN1;LRP5;EDN3;NPM2;BTC;EPGN;RGCC;NUP62;DMRT1;SIRT2,0.0377676811840482,1.37289267827705,GO_Biological_Process_2021,positive,1.37289267827705,1,GO_Biological_Process_2021::positive regulation of nuclear division (GO:0051785),0.0377676811840482,raw q retained
prerank,"GO_Biological_Process_2021::DNA damage response, signal transduction by p53 class mediator resulting in cell cycle arrest (GO:0006977)",0.5933341080882273,1.3723371678639136,0.0005,0.0378385526991585,1.0,40/44,36.00%,RPL26;BAX;CDKN1A;SFN;EP300;PML;CCNB1;PRMT1;ZNF385A;CNOT1;CDC25C;ATM;TNKS1BP1;CNOT6L;GADD45A;PLK2;CNOT7;CARM1;RGCC;CNOT11;PLK3;CDKN1B;TRIAP1;PRAP1;PCNA;MDM4;SOX4;CNOT4;BTG2;CNOT2;RBL2;PIDD1;TFDP1;PLAGL1;CNOT8;ARID3A;CNOT10;CNOT6;GTSE1;CRADD,0.0378385526991585,1.3723371678639136,GO_Biological_Process_2021,positive,1.3723371678639136,2,"GO_Biological_Process_2021::DNA damage response, signal transduction by p53 class mediator resulting in cell cycle arrest (GO:0006977) | GO_Biological_Process_2021::DNA damage response, signal transduction by p53 class mediator (GO:0030330)",0.0378385526991585,raw q retained
prerank,GO_Biological_Process_2021::regulation of epidermal cell differentiation (GO:0045604),0.6321483856988377,1.3721921021874064,0.0055,0.0378598657843148,1.0,14/21,13.96%,SERPINB13;BMP4;RUNX1;SFRP4;CTSL;CTSV;SFN;MAFF;ZFP36;CBFB;ZFP36L1;SULT2B1;DLL1;MAFG,0.0378598657843148,1.3721921021874064,GO_Biological_Process_2021,positive,1.3721921021874064,1,GO_Biological_Process_2021::regulation of epidermal cell differentiation (GO:0045604),0.0378598657843148,raw q retained
prerank,GO_Biological_Process_2021::positive regulation of stress fiber assembly (GO:0051496),0.6031844286606309,1.3723448452664908,0.001,0.0378790778733274,1.0,31/35,33.54%,PXN;GPR65;RHOA;SERPINF2;MYOC;TPM1;PAK1;APOA1;EVL;CDC42;FERMT2;S100A10;RAC1;RHOC;PPM1F;LIMK1;ARHGEF15;LPAR1;SORBS3;RGCC;ARHGEF5;RAPGEF3;ARHGEF10L;PFN2;ARHGEF10;SFRP1;ITGB1BP1;NF2;PPM1E;WNT11;CCDC88A,0.0378790778733274,1.3723448452664908,GO_Biological_Process_2021,positive,1.3723448452664908,1,GO_Biological_Process_2021::positive regulation of stress fiber assembly (GO:0051496),0.0378790778733274,raw q retained
prerank,GO_Biological_Process_2021::negative regulation of protein binding (GO:0032091),0.5879153427876772,1.3705522372599224,0.0005,0.0383678463775691,1.0,49/53,37.95%,ADIPOQ;CFHR1;CAV1;CARD18;IFIT1;B2M;ACTB;ARRB2;CTSZ;BAX;NES;CDKN1A;PPP1CA;LRRK2;HFE;IFIT2;DAB2;DVL1;SLPI;BAG2;CCL23;RALB;CARD16;CAMK1;LRPAP1;DISC1;PARK7;SORL1;TMC8;TMBIM6;XIRP1;GOLGA2;SYMPK;PIN1;ZFPM1;MITD1;DACT1;ITGB1BP1;DDX11;PTPRF;MAP2;ADAM15;GTF2F1;DNAJB2;PEX14;USP33;CTNNBIP1;EFHB;TFIP11,0.0383678463775691,1.3705522372599224,GO_Biological_Process_2021,positive,1.3705522372599224,2,GO_Biological_Process_2021::negative regulation of protein binding (GO:0032091) | GO_Biological_Process_2021::regulation of protein binding (GO:0043393),0.0383678463775691,raw q retained
prerank,GO_Biological_Process_2021::osteoclast differentiation (GO:0030316),0.6527548587684932,1.369654639319826,0.0155388471177944,0.0386679016928435,1.0,12/15,21.90%,TYROBP;DCSTAMP;TREM2;OSCAR;TNFRSF11A;OCSTAMP;ANXA2;SNX10;OSTM1;GLO1;GPR183;FOXP1,0.0386679016928435,1.369654639319826,GO_Biological_Process_2021,positive,1.369654639319826,1,GO_Biological_Process_2021::osteoclast differentiation (GO:0030316),0.0386679016928435,raw q retained
prerank,GO_Biological_Process_2021::endocytic recycling (GO:0032456),0.5920808923853745,1.369338717952321,0.0,0.0387812572268769,1.0,40/45,34.73%,VPS35;EHD2;RAB7A;ARL4C;VPS26A;RAB13;CMTM6;ARF6;VPS29;DENND1C;EPS15;SNX27;SNX17;CCDC93;MICALL2;EHD3;SNX12;SNX4;STX6;EHD4;SNX3;RAB35;SNF8;EHD1;CCDC22;RAB14;VPS39;RAB11B;RAB17;ANKRD50;MICALL1;LMTK2;ANKRD27;VPS51;DENND1B;DENND1A;RAB11FIP3;ACAP2;VPS53;VPS52,0.0387812572268769,1.369338717952321,GO_Biological_Process_2021,positive,1.369338717952321,1,GO_Biological_Process_2021::endocytic recycling (GO:0032456),0.0387812572268769,raw q retained
prerank,GO_Biological_Process_2021::negative regulation of fibroblast growth factor receptor signaling pathway (GO:0040037),0.6662933845457218,1.369126797656478,0.0170768458061275,0.0387826457256845,1.0,9/13,18.19%,THBS1;GPC1;GATA3;CREB3L1;SULF2;SPRY1;APLN;SULF1;SPRY4,0.0387826457256845,1.369126797656478,GO_Biological_Process_2021,positive,1.369126797656478,2,GO_Biological_Process_2021::negative regulation of fibroblast growth factor receptor signaling pathway (GO:0040037) | GO_Biological_Process_2021::regulation of fibroblast growth factor receptor signaling pathway (GO:0040036),0.0387826457256845,raw q retained
prerank,GO_Biological_Process_2021::epidermal growth factor receptor signaling pathway (GO:0007173),0.6087134321475258,1.3685050421620626,0.001,0.0390370338114347,1.0,22/30,21.07%,EGF;SHC1;EFEMP1;NCK2;PLCG1;SOX9;SOS1;CBL;AREG;BCAR1;PLCE1;VIL1;SHC3;IQGAP1;GRB7;TDGF1;BTC;RPS6KA5;EPGN;PIK3C2A;FAM83B;PIGR,0.0390370338114347,1.3685050421620626,GO_Biological_Process_2021,positive,1.3685050421620626,2,GO_Biological_Process_2021::epidermal growth factor receptor signaling pathway (GO:0007173) | GO_Biological_Process_2021::regulation of epidermal growth factor-activated receptor activity (GO:0007176),0.0390370338114347,raw q retained
prerank,GO_Biological_Process_2021::carboxylic acid catabolic process (GO:0046395),0.6681776594859853,1.3671475920869434,0.0256797583081571,0.0391427420182977,1.0,12/12,33.22%,NPL;PON1;IL4I1;RENBP;GNPDA1;NAGK;GNPDA2;ACOT4;AMDHD2;PON3;ACOT8;BCKDK,0.0391427420182977,1.3671475920869434,GO_Biological_Process_2021,positive,1.3671475920869434,1,GO_Biological_Process_2021::carboxylic acid catabolic process (GO:0046395),0.0391427420182977,raw q retained
prerank,GO_Biological_Process_2021::regulation of epithelial cell proliferation (GO:0050678),0.5776457133375504,1.3679607555478004,0.0,0.0391916624369173,1.0,58/70,33.27%,MYC;LEP;YAP1;FGF7;FGF16;FGF10;SOX2;BMP4;B2M;FGF9;NR4A3;BMP6;HYAL1;NR4A1;SCN5A;SFRP2;RUNX3;SOX9;TGFBR3;GPX1;GRN;FGF18;NUPR1;TCF7L2;GDF5;ZFP36;LIMS1;SGPP2;ZFP36L1;IL26;PKHD1;NR1D1;MCC;EPGN;BAD;FUT2;SRSF6;AQP11;NME1;TBX1;OSR1;MAGED1;FUT1;DAB2IP;DUSP10;SFRP1;CDKN2B;NLRC3;TINF2;UHRF1;NODAL;CDC73;PAX2;HPN;EPB41L4B;BMP5;CDKN1C;RAB33B,0.0391916624369173,1.3679607555478004,GO_Biological_Process_2021,positive,1.3679607555478004,1,GO_Biological_Process_2021::regulation of epithelial cell proliferation (GO:0050678),0.0391916624369173,raw q retained
prerank,GO_Biological_Process_2021::myelination in peripheral nervous system (GO:0022011),0.670599273321412,1.3665075982195591,0.021180030257186,0.039370626079306,1.0,10/12,31.33%,MYOC;PARD3;PRX;SKI;CNTNAP1;NF1;DICER1;SIRT2;ARHGEF10;ADGRG6,0.039370626079306,1.3665075982195591,GO_Biological_Process_2021,positive,1.3665075982195591,1,GO_Biological_Process_2021::myelination in peripheral nervous system (GO:0022011),0.039370626079306,raw q retained
prerank,GO_Biological_Process_2021::embryonic appendage morphogenesis (GO:0035113),0.6692586238282323,1.3656222475415865,0.0221439355812783,0.0396093226051881,1.0,9/12,19.11%,MYH3;TBX5;LRP6;PTCH1;MBNL1;SKI;SHH;TBX4;CYP26B1,0.0396093226051881,1.3656222475415865,GO_Biological_Process_2021,positive,1.3656222475415865,1,GO_Biological_Process_2021::embryonic appendage morphogenesis (GO:0035113),0.0396093226051881,raw q retained
prerank,GO_Biological_Process_2021::regulation of axon regeneration (GO:0048679),0.6768656411623747,1.3651038902695736,0.0262891809908999,0.0396855589280357,1.0,10/11,25.90%,SCARF1;KLK8;CNTF;GRN;STK24;RTN4RL1;PTPRS;PTN;CERS2;RTN4R,0.0396855589280357,1.3651038902695736,GO_Biological_Process_2021,positive,1.3651038902695736,1,GO_Biological_Process_2021::regulation of axon regeneration (GO:0048679),0.0396855589280357,raw q retained
prerank,GO_Biological_Process_2021::cellular response to heat (GO:0034605),0.6241133005869152,1.3643433755352463,0.003,0.0398202538949267,1.0,22/23,34.81%,THBS1;HMOX1;VCP;STUB1;YWHAE;BAG3;DAXX;ATXN3;HSF1;SUMO1;TPR;RBBP7;IER5;HSBP1;PDCD6;HSPA6;SLU7;DHX36;HTRA2;ZFAND1;CLPB;POLR2D,0.0398202538949267,1.3643433755352463,GO_Biological_Process_2021,positive,1.3643433755352463,1,GO_Biological_Process_2021::cellular response to heat (GO:0034605),0.0398202538949267,raw q retained
prerank,GO_Biological_Process_2021::regulation of MAPK cascade (GO:0043408),0.5683514891817887,1.3647068441880454,0.0,0.0398301300442157,1.0,73/95,30.02%,LEP;CAV3;EGF;PTPN6;SHC1;CAV1;FAS;LAPTM5;LILRB4;PLCG2;FGF10;SOX2;MYOC;BMP2;ABCA7;RRAS;ALOX12B;GDF15;PAK1;IL11;CD24;TGFBR3;LIF;ATP6AP2;OSM;LILRA5;PAK3;TRIM5;PAGE4;PAK6;STK4;IAPP;THPO;RASGRP1;IQGAP1;MYDGF;DAG1;LPAR1;YWHAZ;CEACAM1;NBR1;DUSP1;PKHD1;TAOK2;CAV2;SPRED1;NEK10;PAK2;GPR37L1;FCRL3;NF1;LAMTOR1;ARHGEF5;WWC1;PHLPP1;GPR37;LBH;TAOK3;TMEM106A;TBX1;APIP;TRAF7;DAB2IP;PEBP1;PDGFA;PTPRJ;DUSP3;KSR1;GPER1;TAOK1;STK3;RNF41;DHX33,0.0398301300442157,1.3647068441880454,GO_Biological_Process_2021,positive,1.3647068441880454,1,GO_Biological_Process_2021::regulation of MAPK cascade (GO:0043408),0.0398301300442157,raw q retained
prerank,GO_Biological_Process_2021::regulation of T cell differentiation (GO:0045580),0.6144234763618573,1.3643748513025316,0.005,0.0398505161030866,1.0,21/27,23.63%,ZAP70;IL2;FOXP3;IL7;TBX21;RUNX1;XBP1;GATA3;RHOH;CAMK4;IFNL1;NFATC2;CBFB;TCF7;KAT2A;MDK;ZBTB1;IL36B;PRDM1;PRELID1;FANCA,0.0398505161030866,1.3643748513025316,GO_Biological_Process_2021,positive,1.3643748513025316,1,GO_Biological_Process_2021::regulation of T cell differentiation (GO:0045580),0.0398505161030866,raw q retained
prerank,GO_Biological_Process_2021::negative regulation of protein serine/threonine kinase activity (GO:0071901),0.5790506970004011,1.364426029816333,0.0,0.039871423982011,1.0,57/65,34.50%,ADIPOQ;CAV3;PTEN;CD300A;BMP4;MYOCD;CEBPA;HYAL2;PYCARD;CDKN2A;LRP5;NR2F2;RASIP1;APOE;RB1;PKIB;BMP7;PTPN1;GBA;LRP6;SPRY1;DUSP1;GADD45A;SORL1;SLC8A1;UCHL1;LATS2;HEG1;SH2B3;PKIG;IRAK3;SLC8A3;NF1;RGS14;SPRY4;CBLC;CDKN1B;HHEX;RGS2;PRKAR1B;APC;SMPD1;LATS1;DAB2IP;PTPRJ;PRKAR2B;HEXIM1;PRKAR1A;STK38;PAQR3;PRKAR2A;CDK5RAP3;CDKN1C;SPRY2;DUSP7;PKIA;IPO7,0.039871423982011,1.364426029816333,GO_Biological_Process_2021,positive,1.364426029816333,1,GO_Biological_Process_2021::negative regulation of protein serine/threonine kinase activity (GO:0071901),0.039871423982011,raw q retained
prerank,GO_Biological_Process_2021::circulatory system development (GO:0072359),0.5672007440544059,1.3639012446990513,0.0,0.0399528459588699,1.0,74/94,31.07%,FBN1;HSPG2;CDH5;PTEN;NOTCH4;TGFBR2;BMP2;PDLIM7;CDKN1A;ADAP2;TSC2;SOX9;SOX18;RBP4;TCF21;FOXC2;HAND2;FBXW7;PDLIM5;TBX5;PLCE1;GLI2;HEY1;PDLIM1;PKD2;TAB2;SRF;CRIP1;MEF2C;PDLIM3;DVL2;TDGF1;APELA;ID2;CACYBP;HEG1;STRA6;SOX17;KDM6B;KAT2A;PDLIM2;PDLIM4;PKD1;NF1;SHH;CDKN1B;AKAP13;FOXF1;TCF25;RBM20;MEF2A;HEY2;STK11;ZFPM2;KAT2B;TBX1;OSR1;SH3PXD2B;BORCS8;WDR11;ZFPM1;SOX4;KDM6A;ALPK3;FOXC1;MKKS;CXADR;NXN;MICAL2;CITED2;SMG9;LDB3;PCSK5;FGF12,0.0399528459588699,1.3639012446990513,GO_Biological_Process_2021,positive,1.3639012446990513,1,GO_Biological_Process_2021::circulatory system development (GO:0072359),0.0399528459588699,raw q retained
prerank,GO_Biological_Process_2021::negative regulation of ERBB signaling pathway (GO:1901185),0.605295736189139,1.3632776736438426,0.0015,0.0402048534317461,1.0,26/32,26.99%,EGF;ITGA1;LGMN;CDC42;CBL;AREG;EPS15;SH3KBP1;SPRY1;SH3GL2;PTPN2;BTC;PTPN3;HGS;EPGN;EPN1;CBLC;PTPN12;EPS15L1;ARHGEF7;STAM2;DAB2IP;PTPRJ;STAM;PTPN18;DUSP3,0.0402048534317461,1.3632776736438426,GO_Biological_Process_2021,positive,1.3632776736438426,2,GO_Biological_Process_2021::negative regulation of ERBB signaling pathway (GO:1901185) | GO_Biological_Process_2021::regulation of epidermal growth factor receptor signaling pathway (GO:0042058),0.0402048534317461,raw q retained
prerank,GO_Biological_Process_2021::regulation of protein secretion (GO:0050708),0.571367181439178,1.362763642286991,0.0,0.040290080448069,1.0,70/79,36.57%,MYH10;CCL5;RSAD2;TREM2;GCK;SAA1;ANG;P3H1;CD2AP;GCG;TTN;ITPR3;TMED10;BMP6;STX1A;EZR;PLA2G1B;APOE;ARNTL;PER2;ARF6;ITPR1;RAPGEF4;DRD4;RHBDF2;ITPR2;SLC2A1;PPID;ABCG1;GOLPH3;RAP1A;CLOCK;NEUROD1;SYT7;PPP3CB;ADTRP;GIP;FRMD4A;HADH;RAPGEF3;RHBDF1;STXBP5;TFAP2B;UQCC2;MYO18A;KCNG2;SYTL4;ANKRD1;ERP29;RFX3;EXOC1;ADAM8;DNM1L;DPH3;STXBP5L;IER3IP1;ARFIP1;APBB3;KCNC2;EXPH5;SLC8B1;APBB1;UNC13B;ADAM9;DNAJC1;LLGL2;ATP13A2;PICK1;GOLPH3L;ENSA,0.040290080448069,1.362763642286991,GO_Biological_Process_2021,positive,1.362763642286991,1,GO_Biological_Process_2021::regulation of protein secretion (GO:0050708),0.040290080448069,raw q retained
prerank,GO_Biological_Process_2021::positive regulation of phosphatase activity (GO:0010922),0.6578172458708325,1.3618751717322262,0.0210737581535373,0.0406246170218853,1.0,10/14,13.19%,ITGA1;CD300A;BMP2;CALM3;PLEK;RIPK3;PPP1R15A;CALM2;MEF2C;PPP1R15B,0.0406246170218853,1.3618751717322262,GO_Biological_Process_2021,positive,1.3618751717322262,2,GO_Biological_Process_2021::positive regulation of phosphatase activity (GO:0010922) | GO_Biological_Process_2021::positive regulation of phosphoprotein phosphatase activity (GO:0032516),0.0406246170218853,raw q retained
prerank,GO_Biological_Process_2021::establishment of epithelial cell apical/basal polarity (GO:0045198),0.6744060844446642,1.36164435690589,0.0332829046898638,0.04064659852293,1.0,10/11,25.83%,RHOA;CDC42;EZR;MSN;SH3BP1;RAP2A;CAMSAP3;OPHN1;SLC9A3R1;MYO9A,0.04064659852293,1.36164435690589,GO_Biological_Process_2021,positive,1.36164435690589,5,GO_Biological_Process_2021::establishment of epithelial cell apical/basal polarity (GO:0045198) | GO_Biological_Process_2021::establishment of epithelial cell polarity (GO:0090162) | GO_Biological_Process_2021::regulation of small GTPase mediated signal transduction (GO:0051056) | GO_Biological_Process_2021::establishment of apical/basal cell polarity (GO:0035089) | GO_Biological_Process_2021::polarized epithelial cell differentiation (GO:0030859),0.04064659852293,raw q retained
prerank,GO_Biological_Process_2021::positive regulation of cold-induced thermogenesis (GO:0120162),0.5754685891465252,1.361728083766214,0.0,0.0406489657150951,1.0,55/69,29.85%,MFAP2;ADIPOQ;LEP;CD36;CAV1;GJA1;LCN2;IRF4;PPARGC1A;GHRL;HCRT;CEBPB;CMKLR1;FABP4;G0S2;ACADL;GNAS;DIO2;STAT6;UCP1;PER2;ADCYAP1;PRDM16;OXT;PPARGC1B;PLAC8;UCP2;PRLR;DYNC1H1;ACSL1;TRPV2;FH;HSF1;BSCL2;FABP5;KDM6B;FFAR4;GRB10;HADH;PDGFC;MFN2;GATM;GADD45G;KDM3A;APC;SLN;ADIPOR1;OGT;KSR2;ESRRG;LPIN1;OMA1;DECR1;ADIPOR2;SCD,0.0406489657150951,1.361728083766214,GO_Biological_Process_2021,positive,1.361728083766214,2,GO_Biological_Process_2021::positive regulation of cold-induced thermogenesis (GO:0120162) | GO_Biological_Process_2021::positive regulation of metabolic process (GO:0009893),0.0406489657150951,raw q retained
prerank,GO_Biological_Process_2021::regulation of lipase activity (GO:0060191),0.6707549443350804,1.360324607330935,0.0242301867743563,0.040931631990946,1.0,9/12,17.52%,APOA2;LIPC;LPL;RHOA;FURIN;RHOC;GPIHBP1;ANGPTL8;PLIN5,0.040931631990946,1.360324607330935,GO_Biological_Process_2021,positive,1.360324607330935,1,GO_Biological_Process_2021::regulation of lipase activity (GO:0060191),0.040931631990946,raw q retained
prerank,GO_Biological_Process_2021::mycotoxin metabolic process (GO:0043385),0.6628039542171589,1.3603608835905685,0.0231738035264483,0.0409596001086491,1.0,7/12,13.82%,CYP2A13;CYP1A2;MGST2;MGST1;AKR7A3;GGT1;MGST3,0.0409596001086491,1.3603608835905685,GO_Biological_Process_2021,positive,1.3603608835905685,3,GO_Biological_Process_2021::mycotoxin metabolic process (GO:0043385) | GO_Biological_Process_2021::organic heteropentacyclic compound metabolic process (GO:1901376) | GO_Biological_Process_2021::aflatoxin metabolic process (GO:0046222),0.0409596001086491,raw q retained
prerank,GO_Biological_Process_2021::regulation of proteolysis involved in cellular protein catabolic process (GO:1903050),0.632795533791578,1.3600309283805283,0.0065032516258129,0.0409962034158552,1.0,17/18,32.90%,UBB;GPX1;APOE;PINK1;GBA;UBE3A;USP14;PKD1;PSME2;PSME1;RHBDF1;UCHL5;PSME3;LATS1;EFNA1;NUB1;NUDT15,0.0409962034158552,1.3600309283805283,GO_Biological_Process_2021,positive,1.3600309283805283,1,GO_Biological_Process_2021::regulation of proteolysis involved in cellular protein catabolic process (GO:1903050),0.0409962034158552,raw q retained
prerank,"GO_Biological_Process_2021::regulation of retrograde protein transport, ER to cytosol (GO:1904152)",0.6581533838094222,1.3598906240526476,0.0280561122244488,0.041014643871425,1.0,11/13,24.58%,OS9;EDEM1;DERL2;YOD1;EDEM2;ERLEC1;UBE2J1;BCAP31;DERL3;UBAC2;UBE2G2,0.041014643871425,1.3598906240526476,GO_Biological_Process_2021,positive,1.3598906240526476,1,"GO_Biological_Process_2021::regulation of retrograde protein transport, ER to cytosol (GO:1904152)",0.041014643871425,raw q retained
prerank,GO_Biological_Process_2021::negative regulation of phosphorylation (GO:0042326),0.5759348067565021,1.3604986022667491,0.0,0.0410335066786655,1.0,59/68,34.18%,FBLN1;PTEN;IGFBP3;BMP4;OCLN;FBP1;CDKN1A;LRRK2;CDKN2A;WWTR1;SIRPA;NCOR1;NUPR1;CBFA2T3;PID1;ACTN3;HNRNPU;BMP7;CORO1C;PRDX3;SLIT2;LRP6;TARDBP;IRS2;PPP1R15B;PRNP;PARK7;SH3GL2;PLPP3;DYNLL1;MYADM;CRKL;PIP5KL1;ZC3H12A;DNAJC10;CDKN1B;GIT1;ATG14;NPRL2;TIGAR;FKBP8;STAP1;INHA;KLHL31;PTPN13;DAB2IP;INSM1;TRAF3IP1;CDKN2C;CHP1;CDKN2B;PAQR3;CDK5RAP3;PFKFB1;CDKN2D;CDKN1C;CIB1;TERF2IP;ANKLE2,0.0410335066786655,1.3604986022667491,GO_Biological_Process_2021,positive,1.3604986022667491,1,GO_Biological_Process_2021::negative regulation of phosphorylation (GO:0042326),0.0410335066786655,raw q retained
prerank,GO_Biological_Process_2021::striated muscle tissue development (GO:0014706),0.6094505431199757,1.3597181307003394,0.003,0.0410553356946301,1.0,23/28,31.88%,MYLPF;CAV1;CSRP3;MYH14;RBP4;SGCG;MYL6B;SVIL;BMP7;MYL6;MYF6;PGM5;MEF2C;MYOZ1;SGCD;MSC;CFLAR;ZBTB18;MYOZ2;IGSF8;TBX2;GATA5;BMP5,0.0410553356946301,1.3597181307003394,GO_Biological_Process_2021,positive,1.3597181307003394,1,GO_Biological_Process_2021::striated muscle tissue development (GO:0014706),0.0410553356946301,raw q retained
prerank,GO_Biological_Process_2021::maintenance of blood-brain barrier (GO:0035633),0.6168300250861112,1.359513525410801,0.005,0.0410634399102034,1.0,20/25,25.13%,CDH5;VCL;CLDN5;PECAM1;GJA1;ACTB;OCLN;TJP1;F11R;ESAM;JAM2;ACTG1;TJP3;SLC1A1;CLDN1;TJP2;MBP;GJB6;LSR;JAM3,0.0410634399102034,1.359513525410801,GO_Biological_Process_2021,positive,1.359513525410801,1,GO_Biological_Process_2021::maintenance of blood-brain barrier (GO:0035633),0.0410634399102034,raw q retained
prerank,GO_Biological_Process_2021::negative regulation of response to endoplasmic reticulum stress (GO:1903573),0.6493366052489291,1.3593013650041512,0.0185370741482965,0.0410880092243495,1.0,15/15,35.11%,XBP1;LRRK2;CREB3L1;TXNDC12;WFS1;PARK7;TMBIM6;SYVN1;AQP11;CREB3;UBXN1;USP25;LPCAT3;HERPUD1;OPA1,0.0410880092243495,1.3593013650041512,GO_Biological_Process_2021,positive,1.3593013650041512,2,GO_Biological_Process_2021::negative regulation of response to endoplasmic reticulum stress (GO:1903573) | GO_Biological_Process_2021::regulation of endoplasmic reticulum stress-induced intrinsic apoptotic signaling pathway (GO:1902235),0.0410880092243495,raw q retained
prerank,GO_Biological_Process_2021::regulation of protein localization to membrane (GO:1905475),0.6199330797026998,1.3575969398156982,0.0065032516258129,0.0415433381050229,1.0,18/23,26.58%,GPC1;ACTB;GBP1;GSN;CLN3;VAMP8;SPTBN1;STX8;GPC6;STX7;VTI1B;ZDHHC7;VPS4A;GPC4;APPL1;PDZK1;LDLRAP1;SLC5A3,0.0415433381050229,1.3575969398156982,GO_Biological_Process_2021,positive,1.3575969398156982,1,GO_Biological_Process_2021::regulation of protein localization to membrane (GO:1905475),0.0415433381050229,raw q retained
prerank,GO_Biological_Process_2021::endoplasmic reticulum organization (GO:0007029),0.5750240290585787,1.356954683189013,0.0005,0.0417671672970539,1.0,57/66,35.29%,EIF2AK3;MAPK15;HMOX1;SEC61B;TOR1B;SEC61G;LRRK2;LMAN1L;STX1A;LMAN1;GET4;VAPB;VAPA;STX5;SEC31A;RAB10;REEP1;PRNP;EMD;TOR1AIP2;ATL3;CAV2;GAK;RTN3;REEP6;ATL2;BNIP1;ALDH3A2;TRAM1;REEP2;TRDN;REEP5;LMAN2;STX18;SERP1;OTOF;CYB5A;SEC16A;DNM1L;SEC16B;RAB18;SEC61A1;LMAN2L;SEC31B;REEP3;WDR83OS;LPCAT3;ATL1;SGTA;UBE2J2;MOSPD3;SMPD4;SPTSSB;TRAM1L1;TMEM33;CCDC47;MIA3,0.0417671672970539,1.356954683189013,GO_Biological_Process_2021,positive,1.356954683189013,1,GO_Biological_Process_2021::endoplasmic reticulum organization (GO:0007029),0.0417671672970539,raw q retained
prerank,GO_Biological_Process_2021::cyclic-nucleotide-mediated signaling (GO:0019935),0.6092046371654004,1.3557020465207044,0.005,0.0421910364767008,1.0,25/27,33.91%,CD36;CAP2;SOX9;APOE;NUDT4;ADCYAP1;AQP1;DEFB1;ADCY1;NPPB;CAP1;PDE9A;NPPA;ADCY2;RAPGEF3;MAPK7;PDE7B;RIMS2;KSR1;RAPGEF2;ADGRG6;GHRHR;GAL;PDE7A;HTR2B,0.0421910364767008,1.3557020465207044,GO_Biological_Process_2021,positive,1.3557020465207044,1,GO_Biological_Process_2021::cyclic-nucleotide-mediated signaling (GO:0019935),0.0421910364767008,raw q retained
prerank,GO_Biological_Process_2021::myeloid cell differentiation (GO:0030099),0.5904149902352102,1.355592123519974,0.0005,0.0421937381492647,1.0,31/41,25.60%,RPS14;GATA1;HCLS1;TAL1;SPI1;EPO;RUNX1;EVI2B;CEBPA;IL11;HSPA9;CEBPE;TIRAP;SLC25A5;IKZF1;ALAS2;AHSP;PRDX3;TET2;PRKX;PTPN2;SNRK;IFI16;KLF1;ZBTB16;KAT8;INHA;HIPK2;KMT2E;RASGRP4;ZFPM1,0.0421937381492647,1.355592123519974,GO_Biological_Process_2021,positive,1.355592123519974,1,GO_Biological_Process_2021::myeloid cell differentiation (GO:0030099),0.0421937381492647,raw q retained
prerank,GO_Biological_Process_2021::response to nutrient levels (GO:0031667),0.6603267079869102,1.3541733970457643,0.0267002518891687,0.042561520842288,1.0,9/12,19.10%,GH1;CD68;PRL;FAM107A;UCP1;ATF4;SCT;ULK1;EIF4G1,0.042561520842288,1.3541733970457643,GO_Biological_Process_2021,positive,1.3541733970457643,1,GO_Biological_Process_2021::response to nutrient levels (GO:0031667),0.042561520842288,raw q retained
prerank,GO_Biological_Process_2021::mitochondrial respiratory chain complex I assembly (GO:0032981),0.6523456995508236,1.3542108152771255,0.0225563909774436,0.0425930398127849,1.0,14/14,34.80%,TMEM126B;TIMMDC1;OXA1L;NDUFAF6;BCS1L;ECSIT;NDUFAF5;TMEM126A;FOXRED1;NUBPL;ACAD9;COA1;NDUFAF7;TIMM21,0.0425930398127849,1.3542108152771255,GO_Biological_Process_2021,positive,1.3542108152771255,2,GO_Biological_Process_2021::mitochondrial respiratory chain complex I assembly (GO:0032981) | GO_Biological_Process_2021::NADH dehydrogenase complex assembly (GO:0010257),0.0425930398127849,raw q retained
prerank,GO_Biological_Process_2021::negative regulation of innate immune response (GO:0045824),0.6018807871876989,1.3520354825280037,0.0045,0.0435247099229274,1.0,25/32,28.44%,VSIG4;USP18;OAS1;OAS3;STAT2;TNFAIP3;GRN;SAMHD1;USP15;ISG15;DHX58;SLAMF8;LYAR;PTPN2;CNOT7;IRAK3;IFI16;TRIM21;NMI;NLRC5;TYRO3;YTHDF2;TTLL12;YTHDF3;NLRC3,0.0435247099229274,1.3520354825280037,GO_Biological_Process_2021,positive,1.3520354825280037,2,GO_Biological_Process_2021::negative regulation of innate immune response (GO:0045824) | GO_Biological_Process_2021::regulation of type I interferon-mediated signaling pathway (GO:0060338),0.0435247099229274,raw q retained
prerank,GO_Biological_Process_2021::response to exogenous dsRNA (GO:0043330),0.6360602012951683,1.3518462511541969,0.0155155155155155,0.0435836897533896,1.0,15/17,28.24%,DDX58;CAV1;IFIH1;IFIT1;COLEC12;MAVS;RALB;SLC3A2;FLOT1;IRAK3;TICAM1;RFTN1;IFNE;DHX9;ZCCHC3,0.0435836897533896,1.3518462511541969,GO_Biological_Process_2021,positive,1.3518462511541969,1,GO_Biological_Process_2021::response to exogenous dsRNA (GO:0043330),0.0435836897533896,raw q retained
prerank,GO_Biological_Process_2021::regulation of potassium ion transmembrane transporter activity (GO:1901016),0.6228794170660655,1.3513814300630602,0.0075037518759379,0.0436814214010503,1.0,21/22,36.69%,CAV3;NEDD4;ANK2;YWHAE;ATP1B2;FHL1;ACTN2;NEDD4L;KCNS2;KCNG1;KCNS1;CASQ2;KCNAB1;DLG1;KCNE1;ATP1B1;WWP2;KCNE2;AKAP9;STK39;CAB39,0.0436814214010503,1.3513814300630602,GO_Biological_Process_2021,positive,1.3513814300630602,2,GO_Biological_Process_2021::regulation of potassium ion transmembrane transporter activity (GO:1901016) | GO_Biological_Process_2021::negative regulation of ion transmembrane transporter activity (GO:0032413),0.0436814214010503,raw q retained
prerank,GO_Biological_Process_2021::regulation of ubiquitin-dependent protein catabolic process (GO:2000058),0.6006278830649763,1.351414752838614,0.004,0.0437111453748151,1.0,30/33,35.73%,RPL23;CAV3;PTEN;LAPTM5;HFE;FBXW7;AXIN1;PML;GLMN;GNA12;COMMD1;RAD23B;SMURF1;UBE3A;RAD23A;RNF139;DESI1;CCDC22;CSNK2A2;UBQLN4;HIPK2;LATS1;PDCL3;NUB1;CDK5RAP3;UFL1;SGTA;TAF1;PYHIN1;FOXF2,0.0437111453748151,1.351414752838614,GO_Biological_Process_2021,positive,1.351414752838614,1,GO_Biological_Process_2021::regulation of ubiquitin-dependent protein catabolic process (GO:2000058),0.0437111453748151,raw q retained
prerank,GO_Biological_Process_2021::retina homeostasis (GO:0001895),0.6018039802282545,1.3508131609571514,0.003,0.0438419298043638,1.0,22/29,30.48%,CST4;LTF;LYZ;LCN1;ARMS2;B2M;ALB;ACTB;ATP1B2;ACTG1;POTEF;PRDX1;PIP;KRT1;TF;PIGR;TULP1;CNGB1;BBS4;AZGP1;JCHAIN;SLC28A2,0.0438419298043638,1.3508131609571514,GO_Biological_Process_2021,positive,1.3508131609571514,1,GO_Biological_Process_2021::retina homeostasis (GO:0001895),0.0438419298043638,raw q retained
prerank,GO_Biological_Process_2021::positive regulation of glial cell differentiation (GO:0045687),0.6446310744890985,1.3505284147020649,0.0240480961923847,0.0438575354715354,1.0,12/15,23.18%,BMP2;SERPINE2;TNFRSF1B;EGR2;PTPRZ1;IL34;HES1;BIN1;ID2;MDK;DICER1;PTN,0.0438575354715354,1.3505284147020649,GO_Biological_Process_2021,positive,1.3505284147020649,1,GO_Biological_Process_2021::positive regulation of glial cell differentiation (GO:0045687),0.0438575354715354,raw q retained
prerank,GO_Biological_Process_2021::regulation of ERBB signaling pathway (GO:1901184),0.6461318009397746,1.3508308138657747,0.0205926670015067,0.0438750153867043,1.0,12/14,27.58%,EGF;LGMN;IFI6;RHBDF2;MVB12A;CEACAM1;RBPJ;PTPN12;RHBDF1;CDH13;PTPN18;MVB12B,0.0438750153867043,1.3508308138657747,GO_Biological_Process_2021,positive,1.3508308138657747,1,GO_Biological_Process_2021::regulation of ERBB signaling pathway (GO:1901184),0.0438750153867043,raw q retained
prerank,GO_Biological_Process_2021::epithelial tube morphogenesis (GO:0060562),0.6048897194341484,1.3505438732671735,0.0065,0.0438943485425112,1.0,21/27,24.85%,FGF10;BMP4;PAK1;GATA3;RYR2;RASIP1;PODXL;GLI2;PKD2;SLIT2;HES1;RHOB;MEF2C;PRKD2;PRKX;PKHD1;SOX17;PKD1;SHH;CCM2;CSNK2B,0.0438943485425112,1.3505438732671735,GO_Biological_Process_2021,positive,1.3505438732671735,1,GO_Biological_Process_2021::epithelial tube morphogenesis (GO:0060562),0.0438943485425112,raw q retained
prerank,GO_Biological_Process_2021::positive regulation of protein binding (GO:0032092),0.5844011358553826,1.3508875873862882,0.001,0.043899407103,1.0,38/44,33.21%,CSF3;VTN;CAV1;CLDN5;ADD2;BMP4;BMP2;BDNF;B2M;RIPK2;LRRK2;HFE;BAMBI;APOE;ADD1;EPB41;RALB;STK4;DERL1;TCF7L2;WNT3A;TRIB3;FLOT1;PKD1;DTX3L;TRIM21;TIAM1;PIN1;RAN;HIPK2;IDE;HIP1R;DACT1;AMFR;STK3;RAPGEF2;MARK3;TAF1,0.043899407103,1.3508875873862882,GO_Biological_Process_2021,positive,1.3508875873862882,2,GO_Biological_Process_2021::positive regulation of protein binding (GO:0032092) | GO_Biological_Process_2021::positive regulation of binding (GO:0051099),0.043899407103,raw q retained
prerank,GO_Biological_Process_2021::negative regulation of intracellular steroid hormone receptor signaling pathway (GO:0033144),0.6016285978552429,1.3497618045838375,0.0025,0.0441532987830313,1.0,26/29,32.64%,PHB;DAB2;TCF21;ARNTL;NCOR1;BRCA1;NCOR2;CNOT1;HEYL;SMARCA4;KANK2;NR0B1;CALR;CLOCK;CRY2;CRY1;FOXH1;FOXP1;VPS18;PER1;VPS11;SFRP1;CNOT2;ZNF366;NODAL;PIAS2,0.0441532987830313,1.3497618045838375,GO_Biological_Process_2021,positive,1.3497618045838375,1,GO_Biological_Process_2021::negative regulation of intracellular steroid hormone receptor signaling pathway (GO:0033144),0.0441532987830313,raw q retained
prerank,GO_Biological_Process_2021::regulation of ossification (GO:0030278),0.6041005203926436,1.348334840110086,0.005,0.0445692145524834,1.0,21/28,23.34%,ENPP1;TWIST1;ECM1;AHSG;BMP4;BMP2;SMAD6;SOX9;BMP2K;SOST;CYP27B1;LRP6;MEF2C;WNT5A;NBR1;SGMS2;RBPJ;MDK;ZBTB16;PTN;CHSY1,0.0445692145524834,1.348334840110086,GO_Biological_Process_2021,positive,1.348334840110086,1,GO_Biological_Process_2021::regulation of ossification (GO:0030278),0.0445692145524834,raw q retained
prerank,GO_Biological_Process_2021::lysosome organization (GO:0007040),0.5996627270053736,1.3484774593399975,0.001,0.0445858399058269,1.0,24/31,27.97%,CORO1A;ACP2;LRRK2;MYO7A;GRN;CLN5;ARSB;CLN6;CLN3;GBA;HOOK1;TFEB;SNAPIN;TPP1;NAGPA;GNPTAB;TMEM165;LAMTOR1;VPS33A;HPS4;VPS18;TMEM106B;HPS1;MBTPS1,0.0445858399058269,1.3484774593399975,GO_Biological_Process_2021,positive,1.3484774593399975,2,GO_Biological_Process_2021::lysosome organization (GO:0007040) | GO_Biological_Process_2021::lytic vacuole organization (GO:0080171),0.0445858399058269,raw q retained
prerank,GO_Biological_Process_2021::carbohydrate homeostasis (GO:0033500),0.5841245420527195,1.3479774021500228,0.001,0.0446730193403558,1.0,32/44,22.87%,ADIPOQ;CAV3;SLC2A4;OAS1;GCK;GCG;CEBPA;ADCY8;MCU;RBP4;PAX6;PCK1;USF1;NGFR;TCF7L2;WFS1;PARK7;MLXIPL;PTPN2;NEUROD1;SLC30A8;HNF1A;CRY2;PYGL;CRY1;BAD;VGF;BACE2;CYB5R4;TFAP2B;STK11;ADIPOR1,0.0446730193403558,1.3479774021500228,GO_Biological_Process_2021,positive,1.3479774021500228,1,GO_Biological_Process_2021::carbohydrate homeostasis (GO:0033500),0.0446730193403558,raw q retained
prerank,GO_Biological_Process_2021::branching morphogenesis of an epithelial tube (GO:0048754),0.5987711917168813,1.3476732219877865,0.0045,0.0447985569217929,1.0,21/31,18.56%,MYC;NOTCH4;FGF10;TGFBR2;BMP4;BMP2;PAK1;SFRP2;LRP5;RASIP1;TCF21;GLI2;NPNT;PKD2;SLIT2;LRP6;PKHD1;NRARP;PKD1;GDNF;SHH,0.0447985569217929,1.3476732219877865,GO_Biological_Process_2021,positive,1.3476732219877865,1,GO_Biological_Process_2021::branching morphogenesis of an epithelial tube (GO:0048754),0.0447985569217929,raw q retained
prerank,GO_Biological_Process_2021::regulation of stress-activated MAPK cascade (GO:0032872),0.5938889884691979,1.347443617713679,0.003,0.0448276269559356,1.0,29/35,29.60%,MYC;FAS;CARD9;FOXO1;EIF2AK2;TGFBR3;PAGE4;RASGRP1;LGALS9;MAPK8IP2;NBR1;COPS5;IL26;F2RL1;TAOK2;SCIMP;FOXM1;RAP2A;PHLPP1;PDCD10;MID1;TAOK3;IGBP1;PER1;DAB2IP;ARL6IP5;TAOK1;MAPK8IP1;STK25,0.0448276269559356,1.347443617713679,GO_Biological_Process_2021,positive,1.347443617713679,1,GO_Biological_Process_2021::regulation of stress-activated MAPK cascade (GO:0032872),0.0448276269559356,raw q retained
prerank,GO_Biological_Process_2021::myeloid cell development (GO:0061515),0.6393422329604503,1.3472871223911214,0.0240480961923847,0.044862713805659,1.0,12/15,21.90%,GATA1;NCKAP1L;EVI2B;DMTN;ANXA2;ZNF385A;THPO;ALAS2;LYAR;SH2B3;NRROS;FOXP1,0.044862713805659,1.3472871223911214,GO_Biological_Process_2021,positive,1.3472871223911214,1,GO_Biological_Process_2021::myeloid cell development (GO:0061515),0.044862713805659,raw q retained
prerank,GO_Biological_Process_2021::regulation of membrane protein ectodomain proteolysis (GO:0051043),0.6353880708759669,1.3470255666929114,0.0165082541270635,0.0449565155851763,1.0,16/16,36.50%,TIMP3;FURIN;TNFRSF1B;TIMP1;APOE;TIMP4;SNX9;TIMP2;PTPN3;GPLD1;SH3D19;ADAM8;ADAM9;SNX33;PACSIN3;NRDC,0.0449565155851763,1.3470255666929114,GO_Biological_Process_2021,positive,1.3470255666929114,2,GO_Biological_Process_2021::regulation of membrane protein ectodomain proteolysis (GO:0051043) | GO_Biological_Process_2021::positive regulation of proteolysis (GO:0045862),0.0449565155851763,raw q retained
prerank,GO_Biological_Process_2021::cellular response to hormone stimulus (GO:0032870),0.5758620001353232,1.3469086509013082,0.0,0.044971636768945,1.0,39/55,23.38%,LEP;GATA1;CAV1;GCK;NR4A3;LMO2;ARID5A;CYP11A1;XBP1;NCOA3;STAT5B;CTSL;OCSTAMP;CTSB;UCP1;ROBO2;NCOA2;SOST;CTSH;SOCS2;AKR1C1;SLIT2;RDX;MEF2C;ATP1A3;ZFP36L1;SRA1;NCOA4;SLIT3;AKR1C4;UBE2L3;NCOA1;WBP2;SERPINB9;ADTRP;SLC5A5;AKR1C3;PAX8;AKR1C2,0.044971636768945,1.3469086509013082,GO_Biological_Process_2021,positive,1.3469086509013082,1,GO_Biological_Process_2021::cellular response to hormone stimulus (GO:0032870),0.044971636768945,raw q retained
prerank,GO_Biological_Process_2021::purinergic nucleotide receptor signaling pathway (GO:0035590),0.6633226423782511,1.346285564114543,0.0312342569269521,0.0452052925763037,1.0,10/11,27.65%,CTSG;MEFV;C3AR1;PYCARD;PSTPIP1;ENTPD1;TXNIP;ANO6;P2RX4;SUGT1,0.0452052925763037,1.346285564114543,GO_Biological_Process_2021,positive,1.346285564114543,1,GO_Biological_Process_2021::purinergic nucleotide receptor signaling pathway (GO:0035590),0.0452052925763037,raw q retained
prerank,GO_Biological_Process_2021::response to fatty acid (GO:0070542),0.653523978449894,1.3458734626562825,0.0200904068307383,0.0454026401964895,1.0,8/13,11.97%,CD36;LPL;FOXO3;FOXO1;SOX9;UCP1;PID1;GLDC,0.0454026401964895,1.3458734626562825,GO_Biological_Process_2021,positive,1.3458734626562825,1,GO_Biological_Process_2021::response to fatty acid (GO:0070542),0.0454026401964895,raw q retained
prerank,GO_Biological_Process_2021::regulation of ruffle assembly (GO:1900027),0.6288525886123009,1.3451384569569291,0.0150075037518759,0.0455393909569697,1.0,17/19,33.35%,CAV1;EVL;ABI3;EPS8L2;RDX;EPS8;NDEL1;PLEKHM1;PFN1;STAP1;KANK1;PFN2;EPS8L1;P2RX4;ARHGAP24;DEF8;NLGN1,0.0455393909569697,1.3451384569569291,GO_Biological_Process_2021,positive,1.3451384569569291,1,GO_Biological_Process_2021::regulation of ruffle assembly (GO:1900027),0.0455393909569697,raw q retained
prerank,GO_Biological_Process_2021::regulation of blood circulation (GO:1903522),0.6105990413789515,1.345376058682051,0.0065,0.0455587640348352,1.0,21/24,32.41%,ACE2;DES;CAV3;TMIGD3;TPM1;PER2;PLN;S100A1;FXYD1;HSPB7;DMPK;CYP2J2;KCNG2;KCNMB2;CELF2;ADORA3;CAMK2D;TBX2;SRI;KCNE5;KCNJ12,0.0455587640348352,1.345376058682051,GO_Biological_Process_2021,positive,1.345376058682051,1,GO_Biological_Process_2021::regulation of blood circulation (GO:1903522),0.0455587640348352,raw q retained
prerank,GO_Biological_Process_2021::nonribosomal peptide biosynthetic process (GO:0019184),0.658487898195126,1.3448898402321967,0.0266733769501761,0.0456202990208568,1.0,12/12,34.18%,MGST2;CHAC1;CHAC2;GGT1;GSS;GCLC;GCLM;GGCT;CNDP2;HAGH;BDH2;OPLAH,0.0456202990208568,1.3448898402321967,GO_Biological_Process_2021,positive,1.3448898402321967,2,GO_Biological_Process_2021::nonribosomal peptide biosynthetic process (GO:0019184) | GO_Biological_Process_2021::glutathione biosynthetic process (GO:0006750),0.0456202990208568,raw q retained
prerank,GO_Biological_Process_2021::peptidyl-tyrosine dephosphorylation (GO:0035335),0.5972106176066825,1.3438413915743288,0.0045,0.0458840629662587,1.0,27/31,33.84%,PTPN22;PTPN6;PTPRZ1;DUSP6;DUSP5;PTPN1;DUSP9;UBASH3B;TNS2;DUSP1;PTPN2;PTPN9;DUSP2;PTPRO;PTPN12;DUSP8;DUSP4;PTPRS;PTPN13;PTPRJ;DUSP10;PTPN18;DUSP3;DUSP16;PTPRF;DUSP22;DUSP7,0.0458840629662587,1.3438413915743288,GO_Biological_Process_2021,positive,1.3438413915743288,1,GO_Biological_Process_2021::peptidyl-tyrosine dephosphorylation (GO:0035335),0.0458840629662587,raw q retained
prerank,GO_Biological_Process_2021::protein-containing complex assembly (GO:0065003),0.5437328369227803,1.34290689920373,0.0,0.0458864833912095,1.0,190/221,37.17%,CD247;MEFV;WAS;MYC;WASF1;YAP1;ADD2;FAS;NCKAP1L;COL16A1;WASL;LEF1;WASF3;CD2AP;PPARGC1A;SKP1;OCLN;DMTN;ADCY8;TMED10;AIM2;TRAF2;TRAF1;CTSZ;MCU;SERPINA1;CUL1;LRRK2;WIPF1;IKBKG;SOX9;HFE;FADD;TSPAN4;RAB1A;DLG4;MCFD2;CAPG;CAPZA1;FERMT2;EP300;PARD3;PICALM;RUVBL1;AREG;LMAN1;AXIN1;PML;CUL3;TRADD;ADAM10;CAPZA2;TCF7L1;FANCC;SEC22B;SLC9A3R2;FERMT3;AXIN2;VIL1;STX5;SLC9A1;TCF7L2;TRRAP;SEC13;SNX9;SEC31A;RAB1B;GSDMD;TSPAN33;HES1;TCAP;VAMP3;CD59;TAPBP;SEC24D;SLC2A1;DBNL;MITF;SMARCA4;CSNK1A1;CARD10;NAPA;TCF7;TMED2;PPID;SLC7A9;SPG7;BET1;HGSNAT;SKAP2;SEC23A;PPP2R1A;SCFD1;LPXN;HSF1;TRAPPC5;NSF;IL1RAP;ZC3H12A;AP2M1;PDZD11;BIN2;TEAD2;CSNK1D;TEAD1;CLDN1;SEC24B;TFG;PLEKHA7;BAD;GOSR2;PDCD6;USO1;SAMM50;ANO6;LEO1;GOLGA2;KAT5;APC;TRAPPC3;PARD6B;TLE2;TLE1;TIAM1;FANCA;SH3PXD2B;SEC24A;SEC16A;DNM1L;MAGI1;SLC9A3R1;CSNK2B;DET1;CHCHD10;BCL9L;SEC24C;MDM4;TRAPPC4;SEC16B;DHX9;RSPH9;TRAPPC2;SAR1B;ANKRD28;PPP6C;CAPN3;JCHAIN;PREB;CAND1;MZB1;ITGB1BP1;BCL9;TLE3;HES5;NAPG;STOML2;RBBP5;KLHL12;MATN1;TRAPPC10;CDC73;GORASP1;TRAPPC6B;DNAJB12;TRAPPC2L;PEF1;TUBGCP2;ST13;TRAPPC1;FBXL7;KIFAP3;TRAPPC6A;GPAA1;CNIH1;DNAJB14;BLM;CDC123;NIFK;OPA1;TLE4;PYGO1;RIMS1;BOK;TFAP4;PEX14;ASH2L;PPP6R1;REPS2;AFG3L2;KPNA3,0.0458864833912095,1.34290689920373,GO_Biological_Process_2021,positive,1.34290689920373,1,GO_Biological_Process_2021::protein-containing complex assembly (GO:0065003),0.0458864833912095,raw q retained
prerank,GO_Biological_Process_2021::regulation of B cell activation (GO:0050864),0.6293108507998907,1.343021332068686,0.0140070035017508,0.0459124646719599,1.0,17/18,33.39%,LAPTM5;IGLL5;SAMSN1;IL4I1;TNFAIP3;THEMIS2;FOXJ1;SH3KBP1;SLAMF8;BANK1;ZFP36L1;TNIP2;FCRL3;IKZF3;MZB1;ZFP36L2;IGLL1,0.0459124646719599,1.343021332068686,GO_Biological_Process_2021,positive,1.343021332068686,1,GO_Biological_Process_2021::regulation of B cell activation (GO:0050864),0.0459124646719599,raw q retained
prerank,GO_Biological_Process_2021::endoplasmic reticulum to cytosol transport (GO:1903513),0.6529008109794137,1.3438449195405813,0.0226017076845806,0.0459315841671006,1.0,13/13,34.75%,SEC61B;VCP;OS9;DERL1;DERL2;HSP90B1;FAF2;SEL1L;SYVN1;AUP1;NPLOC4;HERPUD1;TMEM129,0.0459315841671006,1.3438449195405813,GO_Biological_Process_2021,positive,1.3438449195405813,1,GO_Biological_Process_2021::endoplasmic reticulum to cytosol transport (GO:1903513),0.0459315841671006,raw q retained
prerank,GO_Biological_Process_2021::regulation of protein kinase activity (GO:0045859),0.5632068024823803,1.3440198788119275,0.0,0.0459396031105197,1.0,70/82,36.66%,CCR7;CCL21;CCL19;CAV3;THY1;LCP2;LAT;TTN;GNAQ;JTB;CDKN1A;TSC2;CACUL1;SFN;WWTR1;DVL1;RB1;MAP2K3;AZU1;TRIB1;ADCYAP1;PLCE1;TAB1;RAP2B;PRKAG2;AGAP2;DTNBP1;PPM1F;SNX9;LRP6;TAB2;RELN;IQGAP1;UBASH3B;SMCR8;TRIB3;YWHAG;DAXX;PARK7;CEACAM1;PYDC1;RAP1A;SPRED1;ALS2;PAK2;NF1;MMD;XRCC6;MAPRE3;AKT1S1;DEPTOR;RAP2C;UVRAG;SLC9A3R1;XRCC5;TAF7;CAMKK2;CHP1;TRIM27;ITGB1BP1;TRIB2;RAPGEF2;PPM1E;SMG8;ECT2;TSPYL2;CAMKK1;RASSF2;CENPE;TRAF4,0.0459396031105197,1.3440198788119275,GO_Biological_Process_2021,positive,1.3440198788119275,1,GO_Biological_Process_2021::regulation of protein kinase activity (GO:0045859),0.0459396031105197,raw q retained
prerank,GO_Biological_Process_2021::negative regulation of osteoblast differentiation (GO:0045668),0.610961006369233,1.3431699207753625,0.008,0.0459571050035831,1.0,20/23,34.82%,TWIST1;SMAD6;TWIST2;SOX9;LRP5;BAMBI;CHRD;CRIM1;RORB;NOG;PTCH1;TNN;NBR1;SKI;NOCT;LIMD1;SUFU;TRPM4;GDF10;GREM1,0.0459571050035831,1.3431699207753625,GO_Biological_Process_2021,positive,1.3431699207753625,1,GO_Biological_Process_2021::negative regulation of osteoblast differentiation (GO:0045668),0.0459571050035831,raw q retained
prerank,GO_Biological_Process_2021::spinal cord development (GO:0021510),0.6567267432775151,1.3425711807761933,0.0298281092012133,0.0460108904938633,1.0,11/12,32.56%,GLI2;PKD2;VIT;RELN;DLL1;PKD1;NF1;LOXL3;SOX4;SOX12;ZPR1,0.0460108904938633,1.3425711807761933,GO_Biological_Process_2021,positive,1.3425711807761933,1,GO_Biological_Process_2021::spinal cord development (GO:0021510),0.0460108904938633,raw q retained
prerank,GO_Biological_Process_2021::regulation of protein transport (GO:0051223),0.6051158555722418,1.3422242560193511,0.0085,0.046114891463455,1.0,23/25,35.52%,SAA1;P3H1;LCP1;PTPN1;PPM1F;RHBDF2;SNX12;NDEL1;SCFD1;SNX3;RHBDF1;STXBP5;NDFIP1;DNAJA1;STXBP5L;ARFIP1;GAPVD1;CHP1;WWP2;DNAJC1;NDFIP2;LLGL2;ATP13A2,0.046114891463455,1.3422242560193511,GO_Biological_Process_2021,positive,1.3422242560193511,1,GO_Biological_Process_2021::regulation of protein transport (GO:0051223),0.046114891463455,raw q retained
prerank,GO_Biological_Process_2021::transition metal ion homeostasis (GO:0055076),0.6067564211892091,1.342117771547659,0.0055,0.0461252129847586,1.0,23/25,36.01%,SLC11A1;SLC40A1;HEPH;HMOX1;CYBRD1;B2M;SLC39A14;CP;HFE;XIAP;FTL;PICALM;COMMD1;IREB2;TF;TMC8;HEPHL1;HMOX2;FBXL5;BDH2;ABCB7;ATP13A2;NEO1,0.0461252129847586,1.342117771547659,GO_Biological_Process_2021,positive,1.342117771547659,1,GO_Biological_Process_2021::transition metal ion homeostasis (GO:0055076),0.0461252129847586,raw q retained
prerank,GO_Biological_Process_2021::regulation of oxidative phosphorylation (GO:0002082),0.6369421453229631,1.3413366510333726,0.0205513784461152,0.0464301033499173,1.0,15/15,36.35%,COX7A1;PPIF;VCP;PINK1;COX7A2;NUPR1;ACTN3;ATP7A;MLXIPL;COX7A2L;UQCC2;SHMT2;AK4;PDE12;SLC25A33,0.0464301033499173,1.3413366510333726,GO_Biological_Process_2021,positive,1.3413366510333726,1,GO_Biological_Process_2021::regulation of oxidative phosphorylation (GO:0002082),0.0464301033499173,raw q retained
prerank,GO_Biological_Process_2021::regulation of mesenchymal cell proliferation (GO:0010464),0.6744098735007837,1.3404610856631634,0.0384032339565437,0.046540295354456,1.0,9/10,25.98%,MYC;TGFBR2;STAT1;SOX9;LRP5;CHRD;WNT5A;TBX1;PDGFA,0.046540295354456,1.3404610856631634,GO_Biological_Process_2021,positive,1.3404610856631634,1,GO_Biological_Process_2021::regulation of mesenchymal cell proliferation (GO:0010464),0.046540295354456,raw q retained
prerank,GO_Biological_Process_2021::negative regulation of defense response (GO:0031348),0.5714278470674972,1.340223573828322,0.0005,0.0466346303115164,1.0,46/61,29.28%,MEFV;ADIPOQ;FPR2;CDH5;PROC;PTGIS;SAA1;METRNL;GHRL;VPS35;GATA3;APOA1;NLRP12;TNFAIP3;APOE;SIRPA;RB1;C1QBP;TNFAIP6;RORA;C1QTNF3;KLF4;GBA;DHX58;LYAR;PTPN2;NR1D1;CXCL17;TNFAIP8L2;IRAK3;FFAR4;SHARPIN;AOAH;PCBP2;IFI16;MAPK7;TRIM21;NMI;TYRO3;SIRT2;FEM1A;TRAF3IP1;GPER1;NLRC3;ITCH;LPCAT3,0.0466346303115164,1.340223573828322,GO_Biological_Process_2021,positive,1.340223573828322,1,GO_Biological_Process_2021::negative regulation of defense response (GO:0031348),0.0466346303115164,raw q retained
prerank,GO_Biological_Process_2021::lamellipodium organization (GO:0097581),0.6088541027817254,1.3398802092304631,0.011,0.0467979909824348,1.0,19/24,26.28%,VCL;CYFIP1;WASF1;CTTN;PARVB;DMTN;ARHGEF6;RHOD;RAC1;SNX1;SNX2;GOLPH3;PTPRO;SPEF1;CDH13;ARHGEF7;ABLIM1;WHAMM;ARHGEF4,0.0467979909824348,1.3398802092304631,GO_Biological_Process_2021,positive,1.3398802092304631,1,GO_Biological_Process_2021::lamellipodium organization (GO:0097581),0.0467979909824348,raw q retained
prerank,"GO_Biological_Process_2021::nucleotide-excision repair, DNA damage recognition (GO:0000715)",0.6245840266222958,1.33926459107976,0.0145072536268134,0.0470141197654227,1.0,18/18,37.59%,UBA52;UBB;UBC;RAD23B;COPS5;DDB2;COPS6;CUL4B;CETN2;COPS3;COPS4;COPS2;XPC;COPS7A;COPS8;XPA;GPS1;COPS7B,0.0470141197654227,1.33926459107976,GO_Biological_Process_2021,positive,1.33926459107976,1,"GO_Biological_Process_2021::nucleotide-excision repair, DNA damage recognition (GO:0000715)",0.0470141197654227,raw q retained
prerank,GO_Biological_Process_2021::extrinsic apoptotic signaling pathway (GO:0097191),0.5902231183556635,1.3384596460819809,0.0025,0.0473895687302585,1.0,32/35,36.00%,SMAD3;FAS;BID;IFI27;TRAF2;BAX;BAK1;TNFRSF1B;G0S2;FADD;GABARAP;TRADD;DCC;SORT1;DDX3X;BAG3;DAXX;DIABLO;BLOC1S2;BAD;DDX47;APPL1;DAB2IP;DEDD2;RNF41;CASP8AP2;ACVR1B;HIPK1;SIVA1;CIB1;BOK;CRADD,0.0473895687302585,1.3384596460819809,GO_Biological_Process_2021,positive,1.3384596460819809,1,GO_Biological_Process_2021::extrinsic apoptotic signaling pathway (GO:0097191),0.0473895687302585,raw q retained
prerank,GO_Biological_Process_2021::protein localization to mitochondrion (GO:0070585),0.6710317752942937,1.3372592072955811,0.0384615384615384,0.0478883020490281,1.0,8/10,24.65%,HK2;HK1;LRRK2;PINK1;RALA;ISG15;MTCH2;DNAJA1,0.0478883020490281,1.3372592072955811,GO_Biological_Process_2021,positive,1.3372592072955811,1,GO_Biological_Process_2021::protein localization to mitochondrion (GO:0070585),0.0478883020490281,raw q retained
prerank,GO_Biological_Process_2021::regulation of gene silencing by miRNA (GO:0060964),0.5707916666666668,1.3366314499991865,0.0005,0.0479059928221267,1.0,58/58,43.06%,POU5F1;NUP214;RANBP2;ZFP36;SEC13;POLR2E;ELAVL1;POLR2F;TPR;FXR1;NUP62;FMR1;EIF4G1;POLR2H;POLR2G;AGO2;RAE1;AJUBA;POLR2L;NUP210;POLR2K;LIMD1;NUP88;NUP107;NUP98;SEH1L;POLR2I;DHX9;POLR2J;POLR2B;NUP155;WTIP;AGO1;NUP153;NUP50;PUM1;POLR2C;TRIM71;IPO8;DND1;NUP160;TNRC6A;POLR2D;NUP85;NDC1;NUP93;PUM2;AAAS;NUP58;NUP37;NUP54;NUP43;POM121C;NUP205;NUP133;NUP35;POM121;NUP188,0.0479059928221267,1.3366314499991865,GO_Biological_Process_2021,positive,1.3366314499991865,2,GO_Biological_Process_2021::regulation of gene silencing by miRNA (GO:0060964) | GO_Biological_Process_2021::positive regulation of gene silencing by miRNA (GO:2000637),0.0479059928221267,raw q retained
prerank,GO_Biological_Process_2021::hemopoiesis (GO:0030097),0.5638031434629779,1.336539813190526,0.0005,0.0479117162118844,1.0,55/71,32.33%,CD34;RUNX2;TAL1;MFAP5;NOTCH4;TGFBR2;BMP4;KITLG;RRAS;RUNX1;NKX2-5;CEBPA;IL3;SFRP2;RUNX3;PLEK;TGFBR3;JAG1;ETV6;FST;CEBPE;TIRAP;ATF4;AHSP;PRDX3;TNFRSF13B;PLD4;TET2;LYL1;CD164;DLL1;PRKX;WNT5A;SH2B3;SBDS;MECOM;SNRK;IFI16;ZBTB16;KAT8;FLCN;MEIS1;FLT3LG;YTHDF2;GLRX5;BMI1;RASGRP4;ZFPM1;SFRP1;PGM3;FSTL3;ZFP36L2;YJEFN3;PRRC2C;HIPK1,0.0479117162118844,1.336539813190526,GO_Biological_Process_2021,positive,1.336539813190526,1,GO_Biological_Process_2021::hemopoiesis (GO:0030097),0.0479117162118844,raw q retained
prerank,GO_Biological_Process_2021::negative regulation of neuron projection development (GO:0010977),0.5762042271152912,1.337016618314894,0.0015,0.0479280397595763,1.0,44/48,37.95%,THY1;PTEN;RHOA;DPYSL3;APOE;GFI1;SEMA3A;DCC;NGFR;KIAA0319;WNT3A;ADCY6;NGEF;EFNB3;GDI1;LPAR1;MYLIP;MCF2;PTPN9;PTPRO;GAK;RTN4RL1;RAB29;PTPRS;RTN4RL2;KANK1;ARHGDIA;CRMP1;RTN4R;FKBP4;EFNA1;CBFA2T2;BAG5;PAQR3;OMG;LINGO1;NLGN1;CIB1;STMN2;SPOCK1;STX1B;LRP4;ITM2C;DENND5A,0.0479280397595763,1.337016618314894,GO_Biological_Process_2021,positive,1.337016618314894,1,GO_Biological_Process_2021::negative regulation of neuron projection development (GO:0010977),0.0479280397595763,raw q retained
prerank,GO_Biological_Process_2021::acute inflammatory response (GO:0002526),0.624641237885279,1.3372672921437734,0.0215322984476715,0.0479355182320337,1.0,17/17,37.58%,CRP;SAA1;AHSG;LBP;CEBPB;MYLK3;HPR;VNN1;HP;ITIH4;PLSCR1;SIGIRR;ANO6;APOL2;C2CD4B;C2CD4A;CTNNBIP1,0.0479355182320337,1.3372672921437734,GO_Biological_Process_2021,positive,1.3372672921437734,1,GO_Biological_Process_2021::acute inflammatory response (GO:0002526),0.0479355182320337,raw q retained
prerank,GO_Biological_Process_2021::actin filament depolymerization (GO:0030042),0.6628858698520661,1.3374377311133656,0.0359129994941831,0.0479361448371185,1.0,10/11,28.49%,CFL2;TWF2;CFL1;GSN;VIL1;WDR1;TWF1;DSTN;MICAL1;MICAL2,0.0479361448371185,1.3374377311133656,GO_Biological_Process_2021,positive,1.3374377311133656,1,GO_Biological_Process_2021::actin filament depolymerization (GO:0030042),0.0479361448371185,raw q retained
prerank,"GO_Biological_Process_2021::alternative mRNA splicing, via spliceosome (GO:0000380)",0.6383562783346505,1.3370643681938097,0.0230345518277416,0.047952024547488,1.0,15/15,36.20%,HNRNPM;SRSF1;SFPQ;SRSF9;DDX5;SRSF6;DDX17;SLU7;CELF4;DHX9;PUF60;RBM17;PQBP1;SCNM1;RSRC1,0.047952024547488,1.3370643681938097,GO_Biological_Process_2021,positive,1.3370643681938097,1,"GO_Biological_Process_2021::alternative mRNA splicing, via spliceosome (GO:0000380)",0.047952024547488,raw q retained
prerank,GO_Biological_Process_2021::ruffle organization (GO:0031529),0.6387354203696577,1.3357815787461234,0.0210315473209814,0.04804628024329,1.0,12/15,26.69%,CCR7;CCL21;AIF1;CYFIP1;TPM1;PLEK;ARF6;RAC1;CORO1B;LIMA1;PIP5K1A;PLEKHA1,0.04804628024329,1.3357815787461234,GO_Biological_Process_2021,positive,1.3357815787461234,1,GO_Biological_Process_2021::ruffle organization (GO:0031529),0.04804628024329,raw q retained
prerank,GO_Biological_Process_2021::regulation of neuron death (GO:1901214),0.5684867861877284,1.3359439935262485,0.0,0.0480555892536474,1.0,51/57,39.03%,CD34;CCL5;UBB;TYROBP;C1QA;TBK1;FOS;PPARGC1A;VPS35;SNCG;TRAF2;CTSZ;LRRK2;TNFRSF1B;IKBKG;HLA-F;RRAS2;PICALM;DCC;GBA;MEF2C;CHMP4B;PRNP;DAXX;SULT1A3;PARK7;WNT5A;SORL1;CHMP4A;CD200R1;RAB29;SARM1;TSC1;DDIT4;EIF4G1;EIF2S1;AKT1S1;HTRA2;CHP1;SIGMAR1;INPP5A;NENF;LANCL1;KIF14;REST;ATP13A2;RILPL1;CHGA;SNCB;BTBD10;PM20D1,0.0480555892536474,1.3359439935262485,GO_Biological_Process_2021,positive,1.3359439935262485,1,GO_Biological_Process_2021::regulation of neuron death (GO:1901214),0.0480555892536474,raw q retained
prerank,GO_Biological_Process_2021::cellular response to nutrient levels (GO:0031669),0.5744718071381028,1.3360138068369702,0.001,0.048068488216729,1.0,48/50,40.24%,LPL;FOXO1;CD68;ALB;MAP1LC3C;FAM107A;XBP1;LRRK2;RRAGB;LAMP2;KLF10;MAP1LC3B;RALB;ATG7;RRAGA;INHBB;MAP1LC3A;TFEB;WIPI1;RRAGC;RRAGD;NUPR2;STK24;EHMT2;SREBF1;ULK1;TSC1;EIF4G1;ATG14;AKR1C3;VPS41;FLCN;STK26;SREBF2;WIPI2;SFRP1;CDKN2B;FNIP1;WDR45;MFSD2A;WRN;USP33;CLEC16A;UCN3;GAS2L1;UCN2;WDR45B;GCGR,0.048068488216729,1.3360138068369702,GO_Biological_Process_2021,positive,1.3360138068369702,1,GO_Biological_Process_2021::cellular response to nutrient levels (GO:0031669),0.048068488216729,raw q retained
prerank,GO_Biological_Process_2021::positive regulation of ATPase activity (GO:0032781),0.5852322884899042,1.3356382874439434,0.003,0.0480707049839055,1.0,34/40,31.02%,MYL3;FGF10;TNNT3;TPM1;MYL4;RYR2;DNAJB11;ATP1B2;HNRNPU;ALDOB;DNAJB1;GABARAPL2;PLSCR1;TOR1AIP1;DYNLL1;TOR1AIP2;ATP2A1;PFN1;DNAJC10;DYNLL2;MYBPC3;FXYD2;PFN2;RGN;VMP1;AHSA1;DHX9;DNAJC9;DNAL4;DNAJC24;ATP1B1;SSBP1;UHRF1;CHTOP,0.0480707049839055,1.3356382874439434,GO_Biological_Process_2021,positive,1.3356382874439434,1,GO_Biological_Process_2021::positive regulation of ATPase activity (GO:0032781),0.0480707049839055,raw q retained
prerank,GO_Biological_Process_2021::regulation of activated T cell proliferation (GO:0046006),0.6075868831290594,1.3354683812592167,0.011,0.0481213880483996,1.0,21/22,36.45%,IL2;FOXP3;LILRB4;IGFBP2;PYCARD;IL12RB1;CD24;FADD;IL23R;RIPK3;IL27RA;LGALS9;PRNP;BTN2A2;CLC;PRKAR1A;TMIGD2;SCRIB;TNFSF9;HHLA2;CRTAM,0.0481213880483996,1.3354683812592167,GO_Biological_Process_2021,positive,1.3354683812592167,1,GO_Biological_Process_2021::regulation of activated T cell proliferation (GO:0046006),0.0481213880483996,raw q retained
prerank,GO_Biological_Process_2021::regulation of cell development (GO:0060284),0.5946957665059568,1.3349048573578364,0.0045,0.0483408475216444,1.0,26/31,34.83%,CX3CR1;YAP1;SIGLEC15;FOXO1;ARNTL;GRN;RHEB;PER2;HEY1;ADGRA2;SLAMF8;HES1;HEYL;HELT;DLL1;CLOCK;ASCL1;BHLHE40;HEY2;YTHDF2;HMGB2;HES5;WNT3;DOCK7;BHLHE41;ASCL2,0.0483408475216444,1.3349048573578364,GO_Biological_Process_2021,positive,1.3349048573578364,1,GO_Biological_Process_2021::regulation of cell development (GO:0060284),0.0483408475216444,raw q retained
prerank,GO_Biological_Process_2021::cytoplasmic sequestering of protein (GO:0051220),0.6643240321037969,1.3347265003668654,0.0357862903225806,0.0483916086951524,1.0,11/11,33.60%,DBN1;NFKBIA;GET4;NFKBIE;PKD2;YWHAB;PKD1;SUFU;LATS1;MDFI;GOPC,0.0483916086951524,1.3347265003668654,GO_Biological_Process_2021,positive,1.3347265003668654,1,GO_Biological_Process_2021::cytoplasmic sequestering of protein (GO:0051220),0.0483916086951524,raw q retained
prerank,GO_Biological_Process_2021::negative regulation of cell-cell adhesion (GO:0022408),0.5921113468595046,1.332962030478421,0.007,0.0485950894800897,1.0,21/30,20.43%,ADIPOQ;FXYD5;NOTCH4;BMP2;CDH1;IL1RN;BMP6;APOA1;JAG1;ASS1;PODXL;KLF4;RDX;PPM1F;AKNA;ZNF703;MYADM;RGCC;ADTRP;MAPK7;MBP,0.0485950894800897,1.332962030478421,GO_Biological_Process_2021,positive,1.332962030478421,1,GO_Biological_Process_2021::negative regulation of cell-cell adhesion (GO:0022408),0.0485950894800897,raw q retained
prerank,GO_Biological_Process_2021::regulation of cell-cell adhesion mediated by cadherin (GO:2000047),0.6445054280046089,1.3331343023964186,0.0266331658291457,0.0486349826615417,1.0,11/13,26.80%,NOTCH4;SERPINF2;BMP6;TJP1;FOXA2;PPM1F;FLOT1;FOXA1;RGCC;ADAM19;PTPRU,0.0486349826615417,1.3331343023964186,GO_Biological_Process_2021,positive,1.3331343023964186,1,GO_Biological_Process_2021::regulation of cell-cell adhesion mediated by cadherin (GO:2000047),0.0486349826615417,raw q retained
prerank,GO_Biological_Process_2021::blood vessel diameter maintenance (GO:0097746),0.614789770920722,1.3332637817434017,0.0195195195195195,0.0486433033288001,1.0,17/20,28.62%,ACE2;CRP;EDN1;SERPINF2;SCPEP1;PER2;ADCY6;GCLC;NPPB;EDN3;GCLM;F2RL1;EDN2;KLF2;KCNMB2;GPER1;ITGB1BP1,0.0486433033288001,1.3332637817434017,GO_Biological_Process_2021,positive,1.3332637817434017,1,GO_Biological_Process_2021::blood vessel diameter maintenance (GO:0097746),0.0486433033288001,raw q retained
prerank,GO_Biological_Process_2021::negative regulation of cation transmembrane transport (GO:1904063),0.643659864889382,1.3330055695413268,0.0240722166499498,0.0486646940035941,1.0,9/14,13.08%,CAV3;CAV1;EPO;PPIF;SLC43A2;SLC43A1;COMMD1;NEDD4L;BIN1,0.0486646940035941,1.3330055695413268,GO_Biological_Process_2021,positive,1.3330055695413268,1,GO_Biological_Process_2021::negative regulation of cation transmembrane transport (GO:1904063),0.0486646940035941,raw q retained
prerank,GO_Biological_Process_2021::regulation of clathrin-dependent endocytosis (GO:2000369),0.6428673737979105,1.333613498328457,0.0236299648064353,0.0486718581920409,1.0,13/14,35.07%,WASL;DAB2;BMP2K;UBQLN2;UNC119;SNAP91;AAK1;NEU3;HIP1R;TNK2;SMAP1;SCYL2;DGKD,0.0486718581920409,1.333613498328457,GO_Biological_Process_2021,positive,1.333613498328457,1,GO_Biological_Process_2021::regulation of clathrin-dependent endocytosis (GO:2000369),0.0486718581920409,raw q retained
prerank,GO_Biological_Process_2021::cellular response to growth factor stimulus (GO:0071363),0.5524583874712867,1.33336724531984,0.0,0.0486731974275111,1.0,89/109,33.99%,EEF1A1;TMEM100;CCL5;RUNX2;SMAD3;SHC1;LGMN;CILP;TGFBR2;BMP4;BMP2;SNAI2;IBSP;MT1G;XCL1;HYAL2;BMP6;STAT5B;PLCG1;HYAL1;NR4A1;SOX9;SPHK1;SMAD4;ADAMTS7;TWF2;ANXA1;EGR3;ERN1;BCAR1;LRP2;BMP7;HAS2;MAP2K3;CLEC3B;ADAMTS12;BMPR1B;VIL1;KLF4;ZFP36;SMAD9;LIMS1;MEF2C;PRKD2;IQGAP1;ZFP36L1;TDGF1;RAPGEF1;WNT5A;EMD;WNT2;DLX5;RAB35;CRKL;RAP1A;EHD1;SOX6;PTPN12;SEMA6A;CORO1B;MAPK7;APPL1;AMHR2;ANKRD1;SYAP1;SIRT2;TBX1;CPNE3;HTRA2;WNT4;SOX5;DAB2IP;PDCD5;FOXC1;DUSP3;SETX;SFRP1;ITGB1BP1;ZFP36L2;RAPGEF2;ACAP2;ACVR1B;DUSP22;HAS1;ZPR1;CIB1;SPRY2;STMN2;WNT7A,0.0486731974275111,1.33336724531984,GO_Biological_Process_2021,positive,1.33336724531984,1,GO_Biological_Process_2021::cellular response to growth factor stimulus (GO:0071363),0.0486731974275111,raw q retained
prerank,GO_Biological_Process_2021::selective autophagy (GO:0061912),0.5740850574170007,1.3322469070733298,0.0005,0.0488569932154656,1.0,42/50,31.44%,UBA52;UBB;MAP1LC3C;SQSTM1;BECN1;RAB7A;UBE2N;MAP1LC3B;PHB2;DYNC1I2;ATM;UBC;PARK7;ATG5;DYNC1H1;NBR1;DYNC1LI2;CALCOCO2;DYNLL1;DYNC1LI1;RB1CC1;LGALS8;ULK1;DYNLL2;ATG14;DYNC1I1;UBQLN1;PEX5;TEX264;UFM1;AUP1;DDRGK1;ATG2A;KLHL3;ATG13;STBD1;ULK2;PCNT;UFC1;AMBRA1;UBE2V1;UFL1,0.0488569932154656,1.3322469070733298,GO_Biological_Process_2021,positive,1.3322469070733298,1,GO_Biological_Process_2021::selective autophagy (GO:0061912),0.0488569932154656,raw q retained
prerank,GO_Biological_Process_2021::negative regulation of transport (GO:0051051),0.5874695351509314,1.3316419448875545,0.0025,0.0491483584369035,1.0,30/34,38.36%,ADIPOQ;PRTN3;EGF;TRAT1;PTEN;LILRB1;ABCA7;DYSF;RAB7A;SIRPA;BST2;MCTP1;PPM1F;PLSCR1;SNX12;NRG1;RUBCN;SNX3;FER1L5;NDFIP1;ARL6IP5;SNX33;WWP2;PACSIN3;NDFIP2;YRDC;CTTNBP2NL;CRYAB;MTMR2;LRSAM1,0.0491483584369035,1.3316419448875545,GO_Biological_Process_2021,positive,1.3316419448875545,1,GO_Biological_Process_2021::negative regulation of transport (GO:0051051),0.0491483584369035,raw q retained
prerank,GO_Biological_Process_2021::negative regulation of immune system process (GO:0002683),0.6410925933183752,1.331480909145918,0.0255383074611917,0.0491512216460627,1.0,11/14,27.92%,LILRB2;AMBP;FOXP3;LILRB4;HMOX1;SOX9;FADD;HLA-G;ADTRP;IL17D;GPER1,0.0491512216460627,1.331480909145918,GO_Biological_Process_2021,positive,1.331480909145918,1,GO_Biological_Process_2021::negative regulation of immune system process (GO:0002683),0.0491512216460627,raw q retained
prerank,GO_Biological_Process_2021::mesenchymal cell differentiation (GO:0048762),0.5831546511271253,1.33127165401272,0.004,0.0491815762588897,1.0,31/36,35.73%,HIF1A;NOTCH4;S100A4;LEF1;BMP2;SNAI2;HMGA2;SOX9;TGFBR3;BMP7;TRIM28;SNAI1;LRP6;LIMS1;NOG;MEF2C;HEYL;AKNA;WNT5A;RBPJ;DDX5;LOXL3;HNRNPAB;HEY2;DDX17;WNT4;FOXC1;DLG5;CUL7;HTR2B;FOXF2,0.0491815762588897,1.33127165401272,GO_Biological_Process_2021,positive,1.33127165401272,1,GO_Biological_Process_2021::mesenchymal cell differentiation (GO:0048762),0.0491815762588897,raw q retained
prerank,GO_Biological_Process_2021::skeletal system development (GO:0001501),0.5483763534609376,1.3310451472108258,0.0,0.0492634716004481,1.0,90/123,30.65%,RPL13;ACAN;PRELP;FBN1;EIF2AK3;COL10A1;COMP;CHI3L1;FGF8;VCAN;GJA1;AHSG;BGLAP;MYOC;BMP2;BMP1;P3H1;GHRL;PAPSS2;HYAL2;CMKLR1;MMP16;TGM2;BMP6;HYAL1;SPP2;SOX9;GNAS;RBP4;CHRD;MEPE;ALPL;COL13A1;ETS2;PLS3;BMP7;TBX3;BCAN;GLI2;BMPR1B;MATN3;NCAN;PRDX1;HAPLN1;SULF2;NOG;XYLT1;ATP7A;FRZB;TNFRSF11B;PKDCC;IHH;WNT5A;ADAMTS4;EXT1;COL9A2;DLX5;SULF1;PHEX;PITX1;PPIB;PKD1;CDH11;TBX4;AKAP13;VKORC1;SOX6;ZBTB16;PAPSS1;HAPLN3;DDRGK1;HYAL3;KIAA1217;HAPLN4;TCOF1;INHA;SH3PXD2B;SUFU;SOX5;SOX4;TRIP11;DLX6;NKX3-2;TRAPPC2;CREB3L2;TEAD4;HES5;ANKRD11;PCSK5;EXTL1,0.0492634716004481,1.3310451472108258,GO_Biological_Process_2021,positive,1.3310451472108258,1,GO_Biological_Process_2021::skeletal system development (GO:0001501),0.0492634716004481,raw q retained
prerank,GO_Biological_Process_2021::protein insertion into mitochondrial membrane (GO:0051204),0.6172392103189879,1.3307474773051395,0.0170340681362725,0.0493440398728602,1.0,15/19,22.86%,BCL2L11;BAX;PMAIP1;TOMM22;HSPA4;BMF;ROMO1;TIMM8B;TIMM13;TIMM10;TIMM22;TIMM9;BAD;SAMM50;TIMM8A,0.0493440398728602,1.3307474773051395,GO_Biological_Process_2021,positive,1.3307474773051395,1,GO_Biological_Process_2021::protein insertion into mitochondrial membrane (GO:0051204),0.0493440398728602,raw q retained
prerank,GO_Biological_Process_2021::aspartate family amino acid catabolic process (GO:0009068),0.6166053192507311,1.3302197298259602,0.0155155155155155,0.0493454721942691,1.0,15/19,28.08%,SDS;CRYM;ALDH7A1;DLD;GOT2;MAT1A;GCDH;DLST;HYKK;GOT1;PHYKPL;AASS;SDSL;OGDH;AADAT,0.0493454721942691,1.3302197298259602,GO_Biological_Process_2021,positive,1.3302197298259602,1,GO_Biological_Process_2021::aspartate family amino acid catabolic process (GO:0009068),0.0493454721942691,raw q retained
prerank,GO_Biological_Process_2021::filopodium assembly (GO:0046847),0.6326341807659471,1.329560734464572,0.0320802005012531,0.0496436557727376,1.0,12/15,26.28%,FGD5;EZR;FGD2;PPP1R9B;FGD1;FGD3;SPEF1;SRGAP2;RAB17;FGD6;FGD4;ARHGEF4,0.0496436557727376,1.329560734464572,GO_Biological_Process_2021,positive,1.329560734464572,1,GO_Biological_Process_2021::filopodium assembly (GO:0046847),0.0496436557727376,raw q retained
prerank,GO_Biological_Process_2021::phospholipase C-activating G protein-coupled receptor signaling pathway (GO:0007200),0.577784416508613,1.329366711300752,0.002,0.0496736236804284,1.0,29/41,28.35%,FPR1;FPR2;FPR3;C3AR1;CX3CR1;GPR65;CMKLR1;TGM2;C5AR2;GNA14;GNA15;GRM1;PLCE1;VIP;GNA11;P2RY11;LPAR6;GRM5;ACTN2;LPAR1;F2RL1;GPR4;LPAR4;GPR18;F2RL2;GPR35;DRD5;GPR55;HOMER1,0.0496736236804284,1.329366711300752,GO_Biological_Process_2021,positive,1.329366711300752,1,GO_Biological_Process_2021::phospholipase C-activating G protein-coupled receptor signaling pathway (GO:0007200),0.0496736236804284,raw q retained
prerank,GO_Biological_Process_2021::negative regulation of endocytosis (GO:0045806),0.6193200134767762,1.3286792837853194,0.0180090045022511,0.0498383131004319,1.0,12/19,17.74%,CAV1;APOC2;LILRB1;CD300A;ABCA7;APOC1;PICALM;ARF6;RAC1;MCTP1;RUBCN;UNC119,0.0498383131004319,1.3286792837853194,GO_Biological_Process_2021,positive,1.3286792837853194,1,GO_Biological_Process_2021::negative regulation of endocytosis (GO:0045806),0.0498383131004319,raw q retained
