Gene_Symbol,Score
LUM,0.9700983
GNB2L1,0.937148
H3F3B,0.92784196
CTSG,0.9239806
ATP5J,0.92308676
LILRB2,0.9213208
USMG5,0.9204834
C4A,0.91883487
CCDC80,0.9163087
CST2,0.91514826
APOA2,0.9100057
COLEC11,0.9098848
MASP1,0.9089305
C14ORF2,0.90859205
ATP5B,0.907316
ATP5J2,0.9056212
TREML1,0.9046887
ATP5D,0.90418184
CD300LB,0.90336883
CST4,0.90325105
TMEM119,0.90280324
SCARA5,0.9025634
TPSD1,0.9022315
SHFM1,0.9017976
ACAN,0.9014279
FCN2,0.9012454
CAMP,0.90092593
ATP5L,0.90071666
HLA-DQB2,0.90055406
CFP,0.8990509
PRELP,0.8987826
FMOD,0.89828956
RARRES2,0.8981703
CD7,0.8981563
C1R,0.89764273
MS4A10,0.8972748
CD209,0.8970953
GC,0.89595765
MEFV,0.8954503
CD300E,0.8952718
PLAC9,0.8952444
TMEM100,0.895188
ATP5O,0.89421195
ACE2,0.8940651
MYH10,0.8936901
MFAP2,0.89311874
SEP15,0.89298594
PALMD,0.89239514
MFAP4,0.8922963
FCN3,0.8921417
LIM2,0.8918867
S100A12,0.8917921
DES,0.8917645
KIR3DL1,0.8916095
FOLR2,0.8914673
TPM2,0.89111435
KLRC4,0.89092475
ADIPOQ,0.8908246
MNDA,0.89051086
FCAR,0.89037263
MYL9,0.89017695
BGN,0.8897954
FCER1A,0.8895358
PXDNL,0.88953197
LOX,0.8890487
AHNAK2,0.888965
RP11-354E11.2,0.88879997
ACTA2,0.8887499
TCEB1,0.8886363
POSTN,0.8886293
PCAT19,0.88807184
ATP6V1G3,0.8873048
FBN1,0.88730204
CFH,0.88703096
LTF,0.8870117
H2AFZ,0.8857912
C1ORF186,0.8853264
MYLPF,0.8850648
PRTN3,0.8850185
ISLR,0.8839365
NID1,0.8837266
PLSCR4,0.8834278
TIMP3,0.8831774
FPR1,0.88302594
AMBP,0.8824188
MS4A2,0.8821217
MGP,0.882086
RP11-598F7.3,0.88205355
MYL3,0.88120365
CETP,0.8811749
HK3,0.8804656
APOA5,0.880273
ATP5H,0.88020897
CLEC7A,0.8801217
HLA-DMA,0.8799814
CST1,0.879354
FPR2,0.8792206
CFI,0.87898386
HLA-DPA1,0.8789074
MYL10,0.8787004
CPA3,0.87853813
LILRB3,0.87804663
PARVA,0.8772672
OLFML3,0.87722
LTC4S,0.8770587
CDH5,0.8765621
ATP5G3,0.8763609
COL12A1,0.8763035
PYGM,0.8762776
ADIRF,0.8761438
CD93,0.87555915
CFHR1,0.87536985
DNASE1L3,0.87528336
ATP5G2,0.8752631
SLC11A1,0.87505656
PODN,0.8746182
ZNF706,0.87442267
IFI30,0.87363833
NPC2,0.87347376
C11ORF31,0.87336874
HDC,0.8733223
GSTM5,0.8732268
HLA-DQB1,0.87275684
FXYD5,0.87206924
PROC,0.87203896
SELK,0.87200224
WISP2,0.87169087
VMO1,0.8716725
HKDC1,0.8713914
ACTG2,0.87115747
C19ORF60,0.8711527
HLA-DRA,0.8711418
FPR3,0.87110424
C8B,0.87081414
TCEB2,0.870518
LOXL1,0.87020814
PILRA,0.87016344
HLA-DPB1,0.87007886
HLA-DOA,0.8700409
CPA4,0.8699285
MYH11,0.86978066
THY1,0.86961585
GSTA5,0.86948836
MRC2,0.86899567
GATA1,0.8687048
HPX,0.86851627
MX2,0.8684767
IGSF6,0.8683753
FCN1,0.867957
ASPN,0.86791724
GGT5,0.8678938
FKBP10,0.8675296
C3AR1,0.8674647
FBLN5,0.8672735
AIF1,0.8669772
CXCL5,0.86676836
NCF2,0.8667588
SLC7A7,0.86675274
PFN4,0.8666584
PLAUR,0.86646813
CCL26,0.8663624
RNASE2,0.8656642
SLC2A4,0.86551
CTGF,0.86539316
CYYR1,0.865383
C7,0.86510545
KIR2DL4,0.86494863
PTPN22,0.86400825
DCSTAMP,0.86368513
EIF2AK3,0.86368096
COL10A1,0.86346084
CYFIP1,0.8631314
MS4A7,0.86309993
PFN3,0.8630126
ATP6V1C2,0.8630065
LILRA6,0.8629104
ATP5F1,0.8627734
PSAPL1,0.86272144
CHRDL1,0.8625453
CD207,0.86252034
OMD,0.86248004
EFEMP2,0.86237365
ITGA9,0.86223906
FBLN1,0.8619956
ATP6V1B1,0.86189556
SCIN,0.86182976
UQCRHL,0.8617667
CHIT1,0.8617403
SIGLEC1,0.8612838
COMP,0.8612782
MYCT1,0.8608011
CALB1,0.8607445
HLA-DMB,0.86034614
C4B,0.8600747
ATP5E,0.85987175
CYR61,0.85961246
RP5-839B4.8,0.8594901
HAVCR1,0.85920936
LXN,0.8589485
FILIP1L,0.8588316
CIITA,0.858548
SLC9C1,0.8582528
MMRN2,0.85819566
SLC40A1,0.8580569
SPRR3,0.85782176
ADGRL4,0.85780203
SH3BGRL3,0.8577963
HLA-DQA1,0.85759574
NLRC4,0.8573597
SIRPG,0.8570703
LILRA1,0.8570467
CD300C,0.8566777
TRAT1,0.8566254
LYZ,0.8565858
ACTC1,0.8558704
FBLN2,0.8554901
C14ORF166,0.8553559
S100A3,0.8544582
GP6,0.85430497
LMO1,0.8540479
COX6B2,0.8539772
PLA2R1,0.8534929
SERPINB13,0.8530472
KANK3,0.8529917
CD1A,0.852532
GGT6,0.8522891
PCOLCE,0.8522631
ATP6V0A4,0.8521988
MAPK15,0.8519279
C9,0.8518411
GSTA1,0.8518114
IGFBP5,0.85179746
GSTM2,0.8517145
F7,0.8516488
SCARF1,0.8516016
ANXA2R,0.8515874
WASF1,0.85103
IFI44,0.8508075
KLRB1,0.8503332
ATP6V0A2,0.8502887
IGFBP7,0.8502204
DPT,0.85001355
APAF1,0.84997666
CD163,0.84992874
FBP2,0.84982526
LYVE1,0.8497988
RSAD2,0.84975433
IFITM3,0.84973747
SMOC2,0.84936935
TREM2,0.8493449
CCL7,0.84927046
CHIA,0.84905165
MS4A6E,0.8489299
EMP1,0.8487898
C1QC,0.84871256
CLEC4D,0.84863126
TAL1,0.8484971
LIPC,0.84840405
C19ORF70,0.84820044
CHI3L1,0.8480414
ANXA8,0.84795
ZNF503,0.84771186
CST6,0.8475211
C1QB,0.8474147
CARD17,0.84736395
CD1E,0.84733754
TM4SF18,0.84703237
EDN1,0.8470081
CSRP2,0.8469218
CYP2C8,0.84664696
CLEC14A,0.8466241
SASH3,0.84651613
CD300LF,0.8464659
IFI44L,0.84642184
HLA-DQA2,0.84589815
KLRC2,0.845874
TMEM47,0.8455945
ULBP1,0.84557134
ACO1,0.84548175
GSTA3,0.8453437
NCR2,0.8453026
RCN3,0.84523153
MFAP5,0.845183
LCN1,0.84488714
C1QA,0.84471786
ARHGDIB,0.84464216
OGFRL1,0.8446101
ATP5C1,0.84442425
IGFBP3,0.84393513
NOTCH4,0.84392786
TPSAB1,0.84388524
CCL13,0.8438342
NLRP6,0.84364206
C19ORF43,0.84361947
SDPR,0.8435057
CCL8,0.8434377
CFHR3,0.84338313
GSTA2,0.843294
SERPINH1,0.84320533
TWIST1,0.84310895
RETN,0.84270906
TAGLN,0.84261715
VSIG4,0.8424121
C5,0.8422483
CYFIP2,0.84219015
CLEC5A,0.8421027
GATA2,0.8420733
PRSS23,0.84199584
OGN,0.84194696
GRAP2,0.84193736
DEFA4,0.84185874
PQLC3,0.84177476
RNASE6,0.8415864
ECM1,0.8415639
HERC6,0.84156275
CNPY1,0.84143794
CLDN5,0.84128076
FBN2,0.841088
ADD2,0.8410034
OLFML2B,0.84059125
HN1,0.8405477
SPARCL1,0.8403975
HRG,0.84035647
NCF1,0.8402626
GZMA,0.8402284
PRG2,0.8399023
TMEM123,0.83977956
COLEC10,0.83976
CST7,0.8397592
EMP3,0.8397485
GSTM3,0.8395604
C8A,0.8394591
PLTP,0.83914775
ADAMTS2,0.83900654
USP18,0.8390047
SAA4,0.8387375
MS4A4E,0.8387216
LAPTM4B,0.838501
VCAN,0.83843887
SLC12A8,0.83839405
EMILIN1,0.8383137
SIRPB1,0.8382944
TREML4,0.8381157
FRY,0.83803767
KIAA1462,0.8379892
CYP7A1,0.8379487
NCKAP1,0.83791465
SFT2D1,0.8375166
FAS,0.8373782
FCGR2A,0.83728504
PTGIS,0.8371603
OAS1,0.8370412
CORO1A,0.83692396
APOC2,0.8368872
CLEC4F,0.8367565
C7ORF73,0.8366949
MEG3,0.836455
LAPTM5,0.83629036
CD8B,0.8361424
TREML2,0.83608353
LILRB4,0.8360332
CPB2,0.83579224
TKTL1,0.83556426
RNASEL,0.8355457
PF4V1,0.8353235
C11ORF96,0.8351186
LINC00493,0.8349827
LILRB1,0.8348893
GPR65,0.834777
ARMS2,0.83473384
ATP5A1,0.8345046
LGMN,0.83444583
FAM167B,0.8343927
MIR3945HG,0.8343419
SDC2,0.8343169
GCK,0.83429205
HEPH,0.834233
OSCAR,0.8341732
HSH2D,0.8340478
APOL1,0.8339208
MXRA8,0.8339184
ECSCR,0.83377856
FGF16,0.833505
PLEK2,0.83344495
LST1,0.8333705
CLEC4E,0.8333503
S100A5,0.8332985
CD1B,0.8330091
FAM20A,0.83286774
NCKAP1L,0.83270967
IGFBP6,0.8325167
XCR1,0.8323638
CECR1,0.8322357
BID,0.83215964
TKTL2,0.83207595
AGMAT,0.83201945
LMOD1,0.83199054
HPCAL1,0.8319216
PRKCDBP,0.8317893
TCHH,0.831429
PTX3,0.8314167
MRC1,0.8312961
TRDV1,0.83116883
ARG1,0.8310053
LDB2,0.8309668
HLA-DOB,0.83095425
NPC1L1,0.8309177
LINC01094,0.83082855
CRIP2,0.8306695
LINC01420,0.8305192
CD1C,0.83031064
SERPINF1,0.8302177
RP11-1143G9.4,0.83007354
COL14A1,0.8300598
GLT8D2,0.8300538
OASL,0.82999915
TNXB,0.8297203
CD300A,0.82947457
SEPT2,0.82944363
DNASE2B,0.82937604
S100A8,0.82925576
EMP2,0.8290346
TMIGD3,0.8289248
LDHAL6B,0.828798
LHFP,0.82872915
SLCO2A1,0.8286358
BATF,0.82803786
EFEMP1,0.82802093
SLC25A31,0.8279432
CEACAM8,0.8277842
CES1,0.82777166
CD1D,0.8277294
RAB27B,0.8276278
HTRA3,0.8273922
EMCN,0.8273098
SAA1,0.82697666
RP11-160E2.6,0.82680357
TMEM251,0.826558
COL16A1,0.82648104
C10ORF10,0.82646716
ATP6V1E2,0.8264254
ELF1,0.8262383
LCN2,0.8261916
AHSG,0.8261301
S100A4,0.82604903
LTBP1,0.82581204
PTGES,0.8258046
OAF,0.8256685
ITGA10,0.8256526
S100A16,0.82559747
VAV2,0.8255437
CUBN,0.8254843
TMEM160,0.8254205
ABI3BP,0.8252593
MS4A4A,0.82514906
CILP,0.82513297
SIGLEC15,0.8250567
IGFBP4,0.82502794
BGLAP,0.8250127
CLEC6A,0.82491463
DCANP1,0.8248297
KIR3DL3,0.8248091
ATP6V0D2,0.8243621
OLR1,0.8242113
TMEM14B,0.82401407
CCL25,0.8240055
SERPINB2,0.8239788
TCIRG1,0.82385004
PFKM,0.8237098
TMEM167A,0.8235757
LHFPL2,0.8235524
FCGR1B,0.82347125
C20ORF24,0.8234579
GLRX,0.82300556
APBB1IP,0.8229898
SERPINF2,0.8229144
ZFAS1,0.8228385
FSTL1,0.8227345
CNN1,0.8227027
CTD-3252C9.4,0.82266635
NEB,0.8224384
TNFRSF25,0.82241696
CCR10,0.8223785
ACTR3C,0.8221018
TMOD4,0.8220933
AC013461.1,0.8220569
SLFN11,0.82204694
RARRES1,0.82160616
TGFBR2,0.8214468
GSTO2,0.82128125
ADH7,0.8211705
CYP2A13,0.8208607
ADH6,0.82080156
NPL,0.82078886
EPO,0.8205431
C8ORF59,0.82031125
FAM96A,0.82030267
PVRL2,0.82024515
FGF20,0.8200976
IFI27L2,0.8200239
ANG,0.8198614
C8G,0.81976354
CLEC4C,0.81960106
THBS2,0.8195222
ARL5A,0.81904095
ABRACL,0.8190141
NCR3,0.81900406
TGM3,0.8189994
MYO18B,0.81894
RNASE3,0.8188594
APOL3,0.8188593
PAPPA,0.8187895
MYOC,0.8178816
ZNF331,0.817702
LILRA2,0.8175167
SELT,0.8172604
SEPT11,0.81702965
MYOCD,0.8169433
MESDC1,0.816871
METRNL,0.8167278
HMOX1,0.8167208
RP11-386I14.4,0.8166348
LDHAL6A,0.81656903
CR2,0.81640184
IGFBP2,0.8163829
CAP2,0.8163597
LY86,0.8161705
SNAI2,0.81586903
HLA-C,0.8158247
MSR1,0.81581897
BPI,0.8155674
AP1S3,0.815555
CLEC9A,0.8154839
OAS2,0.81548035
IDO2,0.81526804
BMP1,0.8148345
ATP5G1,0.81481236
ACKR1,0.81457996
CARD9,0.81439656
ABCA7,0.8139955
ZEB1,0.8139788
CTSE,0.81397134
LAMA5,0.8139645
GATA4,0.81387484
FAM20C,0.81376374
C4BPA,0.81354916
MS4A6A,0.8135179
FAM49A,0.81332695
DHRS7,0.8132718
C6,0.8130891
SMAD6,0.8129384
TWIST2,0.81290424
KITLG,0.8128721
LYSMD2,0.812636
MARCO,0.8125354
CARD18,0.8124919
GNLY,0.8124523
FAM162A,0.8119159
LTBP2,0.8118578
CCL16,0.81181335
PPIF,0.81178075
CSK,0.8117402
P3H1,0.81155646
WASF3,0.8115069
LIMS2,0.81147796
DBN1,0.81146324
STAB1,0.8114335
GH1,0.8112386
HVCN1,0.8111755
IRF4,0.8111701
CD2AP,0.8109204
C2,0.810915
XAF1,0.8106691
NDUFA4L2,0.81058997
IFITM1,0.8105693
MIDN,0.81047773
COMMD6,0.81045073
TSPAN2,0.81033945
IFIT1,0.8102374
ROBO4,0.8101695
FAM46A,0.8099472
SCO2,0.8098957
SPACA4,0.8098378
XCL2,0.8095586
LAT,0.8091915
PHACTR2,0.80914086
ATF3,0.80869865
ADAMTS5,0.80771905
LINC01272,0.80749637
PLXNA4,0.80738384
CD53,0.80699337
CYBRD1,0.8067398
GPC1,0.8066715
TRIL,0.80651367
NOXO1,0.8063696
PTMS,0.80615807
ACTR2,0.8057046
RNF103-CHMP3,0.8054923
NOX5,0.8054077
IBSP,0.8051357
AEBP1,0.80460805
HLA-B,0.8044381
MINOS1,0.8043877
SRPX2,0.80426264
STX11,0.80424565
CXCL3,0.80409175
TNFSF10,0.8040334
TSPAN9,0.8038719
TMEM255B,0.80386555
LCAT,0.80368555
TMEM173,0.8035922
SAMSN1,0.80356705
GPR146,0.8035161
TINAGL1,0.8034784
TLR10,0.803444
SRGN,0.80343187
DNM1,0.80340767
SPRR1A,0.80337524
RP11-1008C21.1,0.80289954
RIPK2,0.8028573
VWA5A,0.8028514
UGT1A1,0.8028328
TTYH3,0.8028138
GHRL,0.8022152
VPS35,0.802182
CXCL14,0.80173224
OAS3,0.80171746
SLC39A14,0.80163115
HCRT,0.8015828
PARVB,0.80128175
TLR6,0.80115145
A4GALT,0.80111206
CCK,0.80079854
ARPC4-TTLL3,0.800733
TNNT3,0.8006479
COX17,0.80058706
C19ORF53,0.800563
CSRP3,0.8005565
GPBAR1,0.80043685
UGT1A7,0.80040157
CXCL6,0.8003162
TNNI1,0.8002284
CSTA,0.8001412
NR4A3,0.800059
CCDC85B,0.8000127
FLVCR2,0.7995187
PRKG2,0.79945344
TNFRSF11A,0.79928195
C10ORF54,0.79914254
TLR1,0.7991118
ALDH3A1,0.7990641
COL8A1,0.79902965
TMPRSS2,0.7983332
KLK8,0.79830253
MYH14,0.7982696
CYTIP,0.79825133
DYSF,0.79818594
WDR90,0.7978488
PIBF1,0.79775584
GNG4,0.79764736
GLTSCR2,0.79755396
GPR34,0.7975427
TMEM51,0.7974445
HK2,0.79737127
STAC,0.79736197
SNCG,0.79696804
LBP,0.7969612
FKBP7,0.7967723
PLVAP,0.7965879
GLB1,0.79657346
HSPB3,0.7964113
EVI2B,0.79638064
SRPX,0.79605037
LMO2,0.7960373
VLDLR,0.7959752
MAP1LC3C,0.79572886
IFI27,0.7956397
CYP1B1,0.7955599
BAIAP2,0.79555833
SERPINE2,0.7955326
SAA2,0.7953951
CPVL,0.79530996
B3GALNT1,0.79516506
FUNDC2,0.79511464
AHNAK,0.7950829
IGFBP1,0.79496205
FOSL1,0.79494715
ITLN1,0.7948621
GSTA4,0.7947746
NNMT,0.79475623
MMP10,0.79470706
CD48,0.79431295
TPM1,0.79426193
NT5C1A,0.79421914
EHD2,0.79413086
MMP23B,0.79411
B3GALT5,0.793964
MYLK2,0.793892
BCL2L11,0.79387695
PFDN5,0.7938537
SFRP4,0.79384315
CCL1,0.79377615
DMTN,0.7937525
NKX2-5,0.79365313
VIMP,0.7933783
CREG1,0.79334444
METTL7A,0.79316485
COLEC12,0.79311144
C19ORF24,0.793059
KLF17,0.79294574
SHISA5,0.7926925
HSPB8,0.79267335
CST3,0.7925693
FBP1,0.7925402
ALOX12B,0.7925136
HSD17B11,0.79237115
LDHC,0.7920824
MYH9,0.7920695
MT1G,0.79205513
PPIC,0.7919691
RBMS3,0.79195464
C14ORF119,0.7919365
AGXT2,0.79183394
LINC00936,0.7918001
KLRC3,0.79171574
MGST2,0.791713
GRINA,0.79169726
FAM26F,0.7916819
CCL27,0.7916048
KERA,0.79150116
DIAPH3,0.7914637
IL1RN,0.79130447
SLC43A3,0.7912381
HOTAIRM1,0.791154
FKBP9,0.7910552
ALOX15B,0.79100114
PARP9,0.7908593
PROM1,0.7907495
PAPSS2,0.7907366
ZCWPW1,0.79069334
MYO1C,0.7906309
IGF2BP1,0.7906176
XCL1,0.7905253
DUOX1,0.7905161
TAP2,0.79047716
ARID5A,0.7904082
HEXB,0.79031837
IRF9,0.79026645
ATP6V1D,0.79022706
AAED1,0.79022694
HYAL2,0.79017097
MFSD1,0.79007304
PON1,0.789952
RCSD1,0.7897482
INA,0.78958154
ITIH5,0.7894958
ADAMTS3,0.7893437
MGST1,0.7893002
NQO2,0.7892803
UACA,0.7892458
GSTT2B,0.78918326
PARVG,0.7891461
TFEC,0.78865325
CCDC50,0.7884708
NID2,0.78840244
MAP2K6,0.78830254
AMY1B,0.7883023
ACP2,0.78817683
SCGB1A1,0.7881628
LGALS7,0.78801715
GDF15,0.78798246
TIMD4,0.78782564
PRL,0.7877785
IFIT3,0.7875434
TCEAL8,0.78753424
CHAC1,0.7873001
FAM96B,0.78728616
PAK1,0.78714955
SLC2A6,0.78701705
ATP6V1B2,0.78700256
RIN3,0.7869164
FAM195B,0.78682697
PYCARD,0.7868164
TICAM2,0.78673804
LRRC25,0.78639024
SQRDL,0.78626573
CXORF36,0.78624046
LEPROTL1,0.78603286
LDB1,0.78601694
RHBDD2,0.7859701
CP,0.78583825
ORM1,0.78582567
SCPEP1,0.78573537
FAM107A,0.78570884
MPEG1,0.7855815
CYP11A1,0.7855593
NLRP7,0.7855335
UGT2B15,0.7854635
TMED10,0.7854594
NCK2,0.7853624
FNDC3B,0.7853475
PLB1,0.78530645
MMP11,0.7852913
FAM198B,0.7850836
IL11,0.7850541
CAPN1,0.78496766
PDPN,0.78495157
MYLK3,0.7847012
LAMP3,0.7846974
AIM2,0.7845677
SELM,0.7845592
APOBEC3G,0.78454554
BACH1,0.78440756
S100A7,0.7844015
PBX1,0.78439283
GNGT1,0.7843739
LAMTOR3,0.78436196
CMKLR1,0.78434265
GNS,0.78431594
DDC,0.7841524
NCF4,0.784009
GBP4,0.78389645
XIRP2,0.7836648
BBOX1,0.7834386
HERC5,0.78343666
RNF149,0.7834258
CLEC10A,0.7833975
UPP2,0.7833972
HSPB2,0.7832006
FGF13,0.782925
TMEM9B,0.78279626
TNFAIP8,0.7827555
DAD1,0.782749
GNG11,0.7826682
SOD3,0.78246737
FBXO39,0.7821004
FAM65A,0.7820984
KLK4,0.7820804
SLC15A3,0.7820293
CCL15,0.78182924
FAM204A,0.7816787
FENDRR,0.7813411
NAGA,0.7813341
ACP5,0.78121364
TOR1B,0.7811497
RND3,0.7810416
GMFG,0.7809045
CD46,0.7806586
TRAF1,0.7806274
CRISPLD2,0.78058594
MMP16,0.78055197
TGM2,0.7805476
RP5-1171I10.5,0.7804933
ORM2,0.78044736
PIANP,0.7803822
C4BPB,0.78037065
BMP6,0.78026557
FHL2,0.77997077
GPT,0.77991897
ARHGEF6,0.7794533
MYL4,0.779318
FIBIN,0.77924925
NFIB,0.7792406
CDV3,0.77922946
ZYX,0.7791413
FABP4,0.7789267
IRF8,0.7788578
HK1,0.7788454
IL4I1,0.7788158
FXYD6,0.77877116
CTSZ,0.77873975
STX3,0.7786368
HMGA2,0.7786363
TGFB1I1,0.77856773
CD160,0.7785324
ATP6V1A,0.7785269
ARNT,0.7782388
MCU,0.77800554
MT1H,0.77799195
PTGFRN,0.77782077
BAX,0.77778924
MLKL,0.7777068
ISG20,0.7775197
SERPINA1,0.7774619
ADAMTSL4,0.77703017
KLF5,0.7769322
WARS,0.7768671
APOH,0.77675086
BIK,0.776749
CHAC2,0.7765469
FURIN,0.77648795
IGKV1D-33,0.77644837
LIMS3,0.77636915
TUBA3D,0.7762567
PGAM2,0.7761736
DNASE2,0.7760808
ANXA6,0.77599764
HYAL1,0.77599037
ARRDC4,0.77594036
ILK,0.77593267
APOF,0.7758225
NR1I2,0.7757883
GP2,0.77575296
SLC43A2,0.7756599
FYB,0.77541953
HPR,0.77533317
PLXDC2,0.77486324
GLS2,0.77486223
ERICH1,0.7748538
DPYSL3,0.7747575
DUOX2,0.77462393
SLC38A6,0.7745597
CALD1,0.7745491
COL9A1,0.7744306
SERINC1,0.77429265
GGT7,0.774117
ACSL4,0.7739043
CNN3,0.7736766
SORBS1,0.77360165
AQP9,0.77351
FAM43A,0.77336043
ATP12A,0.7732676
NR4A1,0.77311677
BAK1,0.77302706
NPDC1,0.77288854
CYSTM1,0.77287304
TNNC2,0.77274334
GRIP1,0.7725706
ADCY10,0.77250975
RELB,0.7724494
ATP6V1E1,0.7723621
NES,0.7721225
CCDC102B,0.7720929
AMPH,0.7720095
ETS1,0.7719601
IGLV10-54,0.7718811
PDLIM7,0.77184075
SLC31A1,0.7717777
DOCK8,0.7717358
RP3-460G2.2,0.771696
TSPAN6,0.7715809
JTB,0.77155095
NFAM1,0.7715225
HEXA,0.77133644
TUBA8,0.77127093
CD96,0.77108014
HMCN1,0.7709324
KCTD12,0.7709161
IRAK2,0.77079386
CIDEA,0.7707175
BLVRB,0.77051675
RAB20,0.7705015
PALLD,0.7702819
LOR,0.7702708
ARHGEF1,0.77021164
CD5L,0.77020204
RPN2,0.770135
MB,0.7701098
ADM2,0.77006495
SMIM19,0.7700066
RBM47,0.7698518
SP110,0.7697966
ALOX15,0.7696704
STAR,0.76954234
TRPV6,0.769519
PSMG2,0.7694679
GBP1,0.76945883
GLYATL1,0.76937234
PNPLA7,0.7690116
S100G,0.7689369
TNFRSF1B,0.7689175
TMEM50B,0.7688722
GIMAP8,0.76882607
APOM,0.7687136
TPSB2,0.768696
CCL18,0.76859117
MYH7B,0.7685293
G0S2,0.7684202
CD151,0.76817435
FGL2,0.7681659
FGD5,0.76813906
SEPN1,0.7681128
TMBIM1,0.7681079
S100A6,0.7680536
LINC00657,0.7679995
ATP6V1C1,0.7677139
GCH1,0.7676339
ODF3B,0.7675945
MESDC2,0.76753026
INMT,0.7674983
ADGRL2,0.7674717
HCFC1R1,0.7674441
IGF2R,0.7673503
FSCN2,0.76730716
CALHM2,0.7667397
RHOH,0.76658857
TRIM72,0.7665582
TMSB4X,0.76654136
MMP19,0.7665001
ATP6V1G2,0.76600665
SLC11A2,0.7658181
UGT2B4,0.7657022
ABCB9,0.7656039
SFRP2,0.76557183
IL12RB1,0.7655629
SPP2,0.7654226
CHN2,0.76530135
NUCB1,0.7652745
ADAP2,0.76499164
CMTM8,0.76495206
AP2A2,0.7648935
H2AFJ,0.7648586
PPT1,0.76478744
CXCL16,0.76446325
CAMK4,0.7644386
WIPF1,0.7644304
ACADL,0.7644247
CPA2,0.7642528
EVL,0.76424456
APOC1,0.76423943
LAIR1,0.76412165
PAOX,0.76392734
BATF3,0.76349425
NBPF14,0.7634805
CREB3L1,0.7634801
ATP6V1H,0.7633578
IER3,0.7632357
GM2A,0.76314723
FXYD6-FXYD2,0.763101
PCDH12,0.7630943
LMAN1L,0.76293355
CTSL,0.7627516
DNTT,0.76273066
BNC2,0.7626171
AVPI1,0.76251644
SKAP1,0.7625008
MYOM2,0.7624826
LINC00998,0.7624545
ATF5,0.76236856
DSP,0.7623536
MFSD8,0.7623345
RALGPS2,0.76230705
CTSD,0.7622582
CYP4F3,0.76223934
CTNND1,0.7622228
RUNX3,0.7620746
PGD,0.7617825
MYO3A,0.76174796
MIR22HG,0.7616841
ERO1A,0.7616215
CD24,0.7615891
SDCBP2,0.76156354
BTNL9,0.7615568
ANGPTL1,0.7613119
C5AR2,0.76127
OCSTAMP,0.76124924
EMID1,0.7612206
CTSB,0.761062
RAB7A,0.7609998
PAX5,0.7609881
SLC25A4,0.7609796
SOX9,0.7608371
PLEK,0.7607907
PLBD1,0.7606402
BTNL3,0.76059824
PHB,0.7605563
C1ORF54,0.7604275
MSRB3,0.7604036
LEPROT,0.7602641
FUOM,0.7602064
HFE,0.7601633
PRSS1,0.76006633
P4HA2,0.75987744
NMNAT2,0.7597989
B4GALNT1,0.7597469
SWAP70,0.7597446
VDAC2,0.7596293
KLHDC8B,0.75939405
FTH1,0.75918496
TGFBR3,0.7591633
SMCO4,0.75916237
SPHK1,0.7587335
RHOJ,0.75868213
MYO7A,0.7582537
CD79A,0.7581767
NKG7,0.75806373
TIMP1,0.7579719
CACUL1,0.7579428
CHMP4C,0.75768566
SERINC3,0.757664
PLIN1,0.7575949
CYGB,0.75755227
C10ORF11,0.75751245
TSPAN4,0.7573987
SPN,0.7573393
RGSL1,0.7573373
PLA2G3,0.75698674
GNAT2,0.75694054
GNG13,0.7568974
LIF,0.75681627
FAM189A2,0.756726
DIO2,0.7563423
PPL,0.75603
RASSF5,0.7560256
GBP5,0.7559603
TGFBI,0.75588727
GNA14,0.7558049
CALCB,0.7557209
IL23R,0.7555823
PPM1M,0.7554868
ATP6AP2,0.75539184
GYPB,0.755263
NREP,0.7552339
CCS,0.75521255
ARL4C,0.7551302
FMNL1,0.755083
DDX60,0.7545601
RGS7BP,0.75449437
GNAT1,0.7543883
STAB2,0.7543482
AWAT2,0.75426793
SIGLEC14,0.7542202
C15ORF48,0.754218
SOX18,0.7541318
KNDC1,0.7540866
ID3,0.7540175
SAMD9L,0.75397146
IFITM5,0.753899
FAM195A,0.75380117
ANKRD10,0.75375605
CLEC4M,0.7537304
ABI3,0.75372523
MDH1,0.7537048
SULT1C4,0.75349385
IFIT2,0.7534033
ARHGAP30,0.753394
HBZ,0.75328624
FGL1,0.7531722
TOR1A,0.7531616
MYO1F,0.7531599
CNTF,0.7531322
HCST,0.75313216
IVL,0.753065
NARS,0.75305986
MAF,0.7530323
PLEKHB2,0.7529322
ANXA7,0.7529255
SPATS2L,0.7528701
PLOD2,0.7526819
TMEM204,0.7526753
GPX1,0.752462
CLEC4G,0.7524351
VPS26A,0.75225407
OSM,0.7521478
GP9,0.75207126
LIMD2,0.7519638
PIP5K1B,0.7518334
PLA2G1B,0.75176513
IRAK4,0.75176215
PSTPIP1,0.75168055
ATP6V1F,0.7515613
TAP1,0.7515301
CD180,0.7515065
ATP6AP1L,0.75147426
CFL2,0.7513758
RNF144B,0.7513319
RGS4,0.7512852
ERVFRD-1,0.7512331
RP11-670E13.6,0.75109076
BAIAP2L2,0.751063
GNA15,0.751032
PPT2,0.75098264
THBD,0.7509235
SH2D1A,0.7508401
PLXNA2,0.750713
PPBP,0.7506686
AIDA,0.75062954
SLC4A1,0.7505409
PLEKHO2,0.75053847
VNN1,0.7504429
RUNX1T1,0.7503915
AGRN,0.7502545
NTF3,0.75004435
MMP25,0.7499217
BAMBI,0.7496235
ARHGAP29,0.74959713
UGT2B17,0.74959165
GINM1,0.74956167
SIGLEC7,0.7495606
RBP4,0.74946034
SURF1,0.74942476
MFSD7,0.74940306
EFNA5,0.7493394
DAB2,0.74929255
GATA6,0.7492853
ULBP2,0.7492406
CPQ,0.749135
MCFD2,0.74906933
JAG1,0.7489752
ZNFX1,0.74896276
CHRD,0.7488179
ADAMTS7,0.74873984
DOCK6,0.74867356
EFHD2,0.7483901
SPRR1B,0.74821407
CRIM1,0.7481708
S100A14,0.74815583
NR2F2,0.748108
ACKR4,0.7480501
EGR2,0.7480024
ALDH1A3,0.7478878
STX19,0.7478639
PNPLA6,0.7478472
SMTN,0.7478151
PLA2G2D,0.74779403
APOBEC3A,0.74777645
FKBP2,0.74774134
PSMA8,0.747683
ETV6,0.74768007
RAB3A,0.7476591
ACTR3,0.74761474
EOMES,0.7475339
SNX32,0.74753165
FST,0.7474364
DNAJB11,0.74740565
CTSV,0.7472583
CAPG,0.747253
CEBPE,0.7472394
SSR3,0.7470879
NEXN,0.7470271
IKBKE,0.7469801
MARCH1,0.7469753
PCYOX1,0.74694437
MEPE,0.746941
NLRP12,0.7469382
RASIP1,0.74688566
TCF21,0.74686927
PRG4,0.7467276
TNFAIP3,0.7466177
MYBPC2,0.746575
DDIT3,0.74657345
ALPL,0.7464587
PTRF,0.7463765
APOBEC4,0.74629605
CLEC1B,0.7462785
TEX35,0.7462684
NOD1,0.74621284
CMTM2,0.74620354
PAX6,0.7461268
UCP1,0.7460357
RGS5,0.74591327
OSTC,0.7458116
MT1M,0.7457799
FOXC2,0.74568105
SSR1,0.745424
FKBP15,0.7454117
CCDC115,0.74536085
CAPZA1,0.7453568
SFN,0.7453314
ID1,0.74528676
CTH,0.74520147
FTL,0.7451786
SDC3,0.7450478
PRELID3A,0.7450101
GNG12,0.7448874
CD302,0.7448384
ABHD5,0.7448108
THEMIS,0.7445904
ACTN4,0.7444881
WWTR1,0.7444723
SPCS3,0.74422634
OS9,0.74414515
DEPDC5,0.7441213
CRH,0.74410903
FAM129A,0.74403554
ASNA1,0.74397093
XG,0.7439457
ADCY4,0.7437212
SGIP1,0.7436221
ARNTL,0.74354374
FERMT2,0.7433979
LCP1,0.7433945
TIMP4,0.7433562
FOSL2,0.7433342
BCL11B,0.7433168
C19ORF38,0.74326473
C9ORF72,0.7430693
AP4M1,0.7429761
PLIN2,0.7429409
COA6,0.7428604
C1RL,0.7427289
GFI1,0.7426601
SERPINA5,0.742638
HSPB6,0.7423225
MSRA,0.74224293
GLI1,0.7422054
NDST2,0.74210346
SRM,0.74185675
CRTAP,0.74176764
CYSLTR2,0.74174917
SIRPA,0.7416715
PCK1,0.7416648
PLA2G15,0.7416556
KLRF1,0.74165326
S100A10,0.74164873
IL20RA,0.7415556
NPHS1,0.74148524
NDUFC2-KCTD14,0.7413308
RPN1,0.7412898
HLA-F,0.7412094
SLAMF6,0.7411912
GIMAP7,0.74111706
BRK1,0.7410429
RRAS2,0.7409734
MYH3,0.7409439
TRBC1,0.74092567
F11R,0.7409071
MR1,0.7406651
PSMB4,0.7405902
ESPN,0.74035263
DNMT3B,0.74027526
USF1,0.7402005
MAN1A1,0.74015486
AMPD1,0.7401306
SPCS2,0.7401105
PARD3,0.7401093
TRBC2,0.7400539
ENTPD8,0.74001884
HAND2,0.7400085
FBLIM1,0.73997617
PCOLCE2,0.73995405
DOK3,0.7398821
TIRAP,0.73984134
PMAIP1,0.7397338
GRN,0.739729
TWF2,0.73968375
TRIP10,0.7396207
KIAA1033,0.73961836
AP3B2,0.739576
METTL9,0.73951423
ADAMTS10,0.739423
FCAMR,0.73940337
COX7A2,0.73916864
MYO3B,0.7390383
PFKFB3,0.739032
KHDRBS2,0.7388615
SNX5,0.7388039
GRM1,0.73879826
ABI1,0.7387699
AKR7A3,0.7386209
AFAP1L1,0.7385332
FGF19,0.7384529
RHOD,0.7384426
TMEM176B,0.73843324
ASS1,0.7383567
NUDT4,0.73833495
TMEM176A,0.7383236
IDUA,0.7382807
AZIN2,0.738173
UGT2B10,0.73814857
CPPED1,0.7381193
CCL14,0.7380861
TMEM258,0.738068
ANGPTL5,0.73799616
GPR143,0.73777777
CYTL1,0.73777604
PARP14,0.73766166
GK,0.73760235
PLOD1,0.7374979
RGS7,0.73723614
COL13A1,0.73699206
C2ORF40,0.73691577
PDGFRL,0.7368842
SMCHD1,0.7368778
SERPIND1,0.73682755
ERP44,0.736698
GULP1,0.7366144
RHOQ,0.7365436
EXOC6,0.7364327
ACTR3B,0.73622626
C1ORF123,0.73620486
DCK,0.7359569
CMTM7,0.7357987
XPR1,0.73575926
EPSTI1,0.7357148
WASF2,0.7353816
PICALM,0.7353695
STARD3,0.7353094
PCDH17,0.7352952
CMTM1,0.7352329
RAB13,0.7350286
GPRIN3,0.73502207
ENTPD3,0.7349521
CTSW,0.7348971
TMEM220,0.7348599
LGALS9B,0.7347154
HAL,0.7345686
MAFK,0.73446935
EEA1,0.7343471
THEMIS2,0.7343247
HP,0.7343124
RPEL1,0.73430926
LRP3,0.7342421
ROBO2,0.7341771
ARPC2,0.73416966
NOXA1,0.7341597
RNASE4,0.73405623
MMRN1,0.73404723
HSPA12B,0.73401165
PIK3C2G,0.7338772
PLEC,0.73384315
THBS3,0.7337137
IRF5,0.73366344
CNST,0.7335157
CPNE8,0.7334525
MAFB,0.733311
RAB27A,0.7332776
TSPAN32,0.73326665
DEFB4A,0.7331423
RHEB,0.7331284
FGF18,0.73300755
NR5A2,0.7329762
RRAGB,0.7326592
AICDA,0.7326325
PER2,0.7325568
FOXO4,0.7325282
BATF2,0.7324635
DOCK1,0.73243487
RTP4,0.73238605
C4ORF32,0.7323843
ANXA1,0.73233783
AREG,0.7323246
PRICKLE1,0.7321375
GLIPR1,0.73204005
MYB,0.7320114
BCAM,0.73199147
SVEP1,0.73199135
ARHGAP25,0.7319605
RGS13,0.73178726
RASGEF1B,0.73169863
CNTFR,0.7316648
SAMHD1,0.7314592
TXN2,0.7314168
C1ORF21,0.7311752
BTNL8,0.73117
LMAN1,0.7310432
MYO1G,0.73097414
NUPR1,0.7307172
PKIB,0.73069
PODXL,0.7306813
HIGD1B,0.73059005
PDLIM5,0.7305482
EGR3,0.7305357
CBFA2T3,0.7304427
GP1BA,0.73036534
CMTM6,0.730351
OSBPL11,0.7302401
LRRC32,0.73018384
LAMP2,0.7300199
H3F3A,0.72989047
OLFM3,0.72975034
GYS1,0.72967523
ATP1B2,0.7296319
PANK1,0.72962177
SPPL2A,0.7295785
SLC25A25,0.7294967
CD55,0.7294848
CCRL2,0.729395
PML,0.729215
SOX7,0.7291347
ETS2,0.729133
GEM,0.7290833
NR4A2,0.72903425
NCOA2,0.72898567
SLC25A6,0.7289478
MYPN,0.7289018
GZMK,0.72887844
EIF4B,0.72881806
KDELR3,0.7284765
ESAM,0.7284125
EPN3,0.7281868
BMP2K,0.7280069
RIPK3,0.72795594
GZMH,0.7276827
RECK,0.7276605
AP1B1,0.7275777
IFIT5,0.72755134
PLCZ1,0.7275346
DDOST,0.727534
PTGFR,0.72750276
IL24,0.7274454
GLA,0.72726905
ENO4,0.7272409
COLGALT1,0.72707856
EVA1B,0.7270428
MLC1,0.7269582
ANXA4,0.7268057
MAP7D3,0.72647005
SOST,0.72639537
UGT2B28,0.7263724
FAM105A,0.7262641
MCEMP1,0.7262143
MAML1,0.7262106
CD83,0.726141
CDH17,0.7261159
MMP15,0.72610575
GSTM4,0.72605884
LMCD1,0.7260577
TMEM248,0.726035
PLBD2,0.7258721
NOSTRIN,0.72587043
ESPNL,0.7257508
WBP5,0.7256293
MXRA7,0.72560036
RSU1,0.72551167
COMMD8,0.72545135
IL16,0.72537243
ARHGAP18,0.7252994
TRIM25,0.72524345
NUMBL,0.7251935
ERN1,0.7251515
SLC25A5,0.7248762
LAMB4,0.72486377
CCL3L3,0.7247967
HBE1,0.7247236
CLEC12A,0.7246686
CYP26A1,0.7245857
MS4A3,0.7245278
P4HA3,0.72438824
IDNK,0.7242624
AMOT,0.7242299
STOM,0.7242246
FAM101B,0.72419894
NFATC1,0.7241718
REPS1,0.7241348
PADI4,0.72413313
HNRNPD,0.72410977
MPI,0.7240391
VDAC3,0.72396195
WIPF3,0.7235473
TCF3,0.7234205
PLS3,0.7233688
EIF4E2,0.7233363
JAM2,0.7233143
CCDC109B,0.72326785
DUSP11,0.72323495
ANTXR1,0.72323304
EXOC3L2,0.72317415
CLEC1A,0.7231711
ANXA2,0.7231053
COX8C,0.7230991
ATF6,0.7230918
GUCY1A3,0.7230145
SPARC,0.72288865
SLC25A24,0.7228735
RAB42,0.72284377
ENAM,0.72283965
SLC45A3,0.7228286
ATP6V0D1,0.7227413
MYLK,0.72267854
CD226,0.72259885
H2AFY,0.72255534
AGXT,0.7225174
EIF4E1B,0.72249895
C1ORF162,0.72229326
MICB,0.722185
ENAH,0.7221809
GFPT2,0.72216886
ADAM10,0.7220384
TUSC3,0.721998
MOXD1,0.721696
PID1,0.7216874
SEMA3A,0.7215419
GMPR,0.72146314
ACTN3,0.7214354
CH17-373J23.1,0.7214211
DMXL2,0.72139674
RBFOX3,0.72132725
ID4,0.72129303
CSPG4,0.7212724
IL12RB2,0.72123563
CYTH3,0.7211851
PDCD4,0.72118413
JUP,0.7210669
TP53INP1,0.7210455
UGT1A6,0.72098094
ADD1,0.7209598
PRX,0.7209445
EMB,0.72093225
RNF135,0.72090805
RARA-AS1,0.72078663
EIF4EBP1,0.7207268
BST2,0.72059673
SGCG,0.72039044
S100A11,0.7203391
ICAM3,0.72024596
CTNNAL1,0.7201263
ETFA,0.72007924
P3H4,0.7199558
NR5A1,0.7199508
ADGRE2,0.71982634
KLRG1,0.71982044
FLNB,0.7198017
AKAP12,0.71979827
KLF10,0.7197617
PROSC,0.71975243
C1QBP,0.7196866
AOC2,0.71960396
ALDH3B2,0.7195423
PTGIR,0.7195419
CTHRC1,0.719357
STK38L,0.7192864
AP2S1,0.7191764
ELMO1,0.71902347
BEST2,0.7190156
COL9A3,0.7187081
LINC00116,0.7185316
NEDD9,0.71850294
ATP6AP1,0.71846443
CYP27C1,0.7183747
AVP,0.71834195
MYL6B,0.7182636
PTPRZ1,0.71825826
SMS,0.71823305
ATP6V0A1,0.71821785
ADRBK2,0.71808374
CD82,0.7180485
ACTL7B,0.7179687
ARMCX1,0.71795225
RHOC,0.71792334
PTMA,0.71788037
SLAMF9,0.7178632
ASAH2,0.7178083
YWHAQ,0.7177887
GET4,0.7177874
PLEKHH2,0.7177261
CNRIP1,0.7176949
PAM,0.71765935
AKR1B10,0.7175364
FAM114A1,0.7174391
CAPZA2,0.7173861
ACOX2,0.7173342
DARS,0.7172737
PPP1R12A,0.7172506
MC4R,0.7172461
LRP2,0.7171569
CAPN6,0.7171199
ATP5I,0.71711427
SVIL,0.7171093
ITIH4,0.7170233
CLN5,0.7170208
DHRS2,0.71695006
UCN,0.7169494
NEAT1,0.71692896
TCF7L1,0.7168088
HBG2,0.7166689
CAST,0.71656066
BTN1A1,0.7164348
MIIP,0.7162389
GPR1,0.7162191
GCHFR,0.7158497
KCTD7,0.7157338
SYT1,0.71568525
FAM133B,0.7156593
TXNDC5,0.7156477
CCL24,0.7154609
IKZF1,0.7153694
IL34,0.71535367
NFE2L3,0.7153276
CD81,0.71530473
SMIM6,0.71520233
TNFAIP6,0.7150787
ITIH2,0.7150515
AFTPH,0.71503025
CLCN1,0.71498716
AMIGO2,0.7149774
WBP1L,0.71497095
NPC1,0.71496683
AMACR,0.7149619
GP5,0.71495473
SYNPO,0.71492016
TMEM126B,0.7147867
GGT1,0.71475375
AP1M2,0.7145707
AGRP,0.7145658
MADCAM1,0.7144944
BMP7,0.7144245
MOB3A,0.71433127
TNNT1,0.71426165
SLC43A1,0.7142508
MPC2,0.71419424
PPP1R3C,0.71416956
VPS36,0.71415097
GS1-600G8.5,0.71414775
SLCO1B1,0.7141329
HAS2,0.71411043
TXNDC12,0.7140951
VAV3,0.7137805
ALDH1A1,0.71363187
BLNK,0.71355903
PTPN5,0.71354777
TM2D2,0.713494
SRY,0.7134634
LILRA5,0.7134048
F13A1,0.7133044
ITIH3,0.71323895
P4HA1,0.7132379
TEX101,0.71319795
OTC,0.7131712
S100A9,0.71304977
RAB7B,0.7130248
PDIA4,0.71300095
OPTN,0.7129284
RAB31,0.71270114
COTL1,0.712557
SHANK3,0.7125393
COL8A2,0.7125328
RALA,0.71250546
PLN,0.7125037
PKN3,0.7124556
SNTB2,0.7123637
NME8,0.7122731
PRMT1,0.7122106
R3HDM4,0.7121941
UGT2B7,0.7121178
MAP2K3,0.712113
CDC42EP5,0.71205264
IL36RN,0.7119385
ATP6V0E2,0.711799
COX14,0.7116781
ADPGK,0.711641
SULT1B1,0.71162784
CHMP2B,0.7116143
TMEM91,0.71160626
SNX10,0.7115954
GSS,0.71157336
NFATC4,0.7115532
PLA2G2F,0.7115303
RORA,0.7115123
TMEM50A,0.71150935
SUMF1,0.7113822
ALOX12,0.71128064
FANCC,0.7111901
YBX3,0.7111003
FGD2,0.71108395
AZU1,0.7110522
TBX5,0.7109203
APOD,0.7108512
ULBP3,0.71083736
KALRN,0.7107894
SH3PXD2A,0.71073854
SORCS1,0.71072197
SMIM4,0.7105717
HIF3A,0.71055114
NME1-NME2,0.7105095
PFKL,0.7104513
HEBP1,0.71044767
FMO2,0.7103244
BORCS5,0.7103181
EPB41,0.7102965
CERS3,0.7101861
PLCB4,0.710147
EDEM1,0.71014655
PIAS3,0.70986986
CTSA,0.7098328
PRRX1,0.70963943
SAMD9,0.70963347
SLPI,0.7096314
S100A1,0.7095931
RGS18,0.7093902
COMMD1,0.7093453
ECM2,0.7093303
STXBP2,0.70931375
SNCAIP,0.70927656
CYP2C18,0.70927036
ITSN2,0.7092147
CREB3L3,0.70914555
ENPP7,0.7091404
PLA2G6,0.70907843
SLC3A1,0.70903575
ARHGEF12,0.7089121
INAFM1,0.7088217
PGM2,0.7086251
ACTL6B,0.7086085
ICAM2,0.708565
QARS,0.70845765
ALDOB,0.70844585
LGALS3BP,0.7082829
ACSL6,0.70811045
IL20RB,0.7080494
TBX3,0.70798033
GBGT1,0.707969
LILRB5,0.70795333
FAM131B,0.7079058
GPR137B,0.707822
TRIB1,0.7076446
BCAN,0.7074331
ADCYAP1,0.70740587
SPTAN1,0.7072417
VNN2,0.7071806
CLEC4A,0.70706147
BCO1,0.70699775
ZBTB12,0.70688206
RCN1,0.7067848
SLC16A8,0.7066162
PHB2,0.7064905
MSX2,0.70646137
STK10,0.7064096
TMOD3,0.7063732
REL,0.70632726
FOXA2,0.7063072
C1QTNF3,0.70621103
CLEC3B,0.7061341
CORO1C,0.7059578
CARD8,0.70590127
ZNF385A,0.7058357
PLXNA1,0.70573074
IL1R2,0.7057129
BAG2,0.7056366
PLCE1,0.7056198
SDS,0.70547014
ADAMTS12,0.70542395
ARHGEF17,0.705213
BEX4,0.705194
CHPT1,0.7050611
SNX6,0.70504224
ENTPD2,0.70501137
NLRP4,0.7049809
ANXA11,0.7049605
MYL6,0.7049428
DIAPH1,0.70486134
ANO3,0.7048272
AP1G2,0.7048243
TNFRSF10D,0.70472896
MAN2B1,0.7047194
UPK1A,0.70466286
ALG10,0.7046256
CYP2S1,0.70458084
XPNPEP2,0.7045636
IFNL2,0.70450175
ASAH1,0.70449626
VIP,0.70427024
STX4,0.70415515
CALB2,0.7041125
HNRNPF,0.7040527
GLI2,0.70391285
CTSF,0.70385456
ATP1A4,0.70378655
PFKP,0.7037244
TM9SF3,0.7037202
BMPR1B,0.7036887
IFNL1,0.7035709
SEPT6,0.703558
IYD,0.70355153
IREB2,0.70351106
TIMMDC1,0.7034555
FDX1,0.70344746
MATN3,0.7034117
MARVELD2,0.7034093
TFAP2A,0.70330495
SPTB,0.70325744
SGCA,0.7031625
GIMAP1,0.70312923
CIDEC,0.7030986
AP5B1,0.70305884
LRP10,0.7029684
VAPB,0.7028912
FAM213A,0.7028235
COL4A3BP,0.7028154
SIDT2,0.70279366
EPS8L2,0.7027405
TOMM22,0.7027362
CCL23,0.7027091
DCC,0.70267254
SMAD1,0.7026042
NFKBIE,0.7025871
GPSM3,0.7025852
EWSR1,0.70251644
TBL1Y,0.7024003
TMEM233,0.7022924
COMMD7,0.7022692
FXYD1,0.7020836
TUBAL3,0.7020441
SLFN13,0.70187217
STATH,0.701826
CRLF2,0.7017827
ATP7B,0.7017603
NBL1,0.7017275
SNX1,0.7016207
SDCBP,0.70159984
CLIC2,0.7015529
PTRHD1,0.70151675
MYBPC1,0.7014204
MATK,0.7013972
PAK3,0.7013114
SLC9A3R2,0.7012929
B3GLCT,0.701238
USP30-AS1,0.70121473
TMEM147,0.70117325
C11ORF73,0.70111597
CEL,0.70111346
CLN8,0.7010656
RALB,0.7009392
PTGR1,0.70091116
ARHGAP9,0.70083797
C4ORF3,0.7007855
GALM,0.7007548
CTSH,0.70063454
IL32,0.70055485
CYBA,0.70053905
PIK3R6,0.7004972
TAB1,0.70044386
RNMT,0.7003416
AMN,0.7003196
AZIN1,0.7003144
ERV3-1,0.70025206
C16ORF72,0.70016795
PYCR1,0.70012003
S100B,0.6999959
NCEH1,0.6999399
CNPY3,0.6998498
SEPP1,0.69979423
VAPA,0.69979316
ROBO1,0.6997845
CHMP7,0.6997699
RHCE,0.6997133
HAO1,0.6996617
GPR108,0.69957787
MCTP1,0.69933563
RGS6,0.6993144
NEU4,0.6992008
FERMT3,0.69913787
CNPY4,0.6991364
TMEM70,0.699112
AXIN2,0.69905716
VIL1,0.69904554
PARP12,0.6990156
ARSB,0.6989863
HAP1,0.69892967
ARC,0.6989238
LAPTM4A,0.698893
C10ORF128,0.69881207
SPON1,0.69875634
MSX1,0.6987333
GLUL,0.69862247
TRIM5,0.69861406
SHC3,0.6985789
ZRSR2,0.6985737
PDCD6IP,0.69857323
MARCH2,0.6985127
SLC3A2,0.6984817
IGSF3,0.69843346
DDT,0.69826496
PAGE4,0.698214
MGAT1,0.6981149
MT2A,0.6981145
RTFDC1,0.69811386
SLC9A1,0.6980753
NFATC2,0.698073
SPOCK2,0.6980422
PDE6A,0.69803727
SPTBN2,0.69792664
KIAA0319,0.6976382
SOCS2,0.6975867
NLRP1,0.6973325
BTLA,0.69733125
SCGB3A2,0.6971563
SH2D3C,0.6971427
TP73,0.6970921
PAK6,0.6970442
CTBS,0.6969389
RAPGEF4,0.6968683
LUZP1,0.69682825
STK4,0.69672894
POTEF,0.6966949
CLDN7,0.69662136
VAT1,0.6966092
SLC24A4,0.6965498
MYL5,0.69653225
HEY1,0.69649804
FHL1,0.69648015
JAG2,0.6964405
USP15,0.69639325
SORBS2,0.6963335
PRDM16,0.6962612
ST8SIA1,0.6961311
SHE,0.6958559
KLF4,0.6958507
RAP2B,0.69572705
BEX5,0.6956974
UNC13D,0.6956779
DRD4,0.69567466
EXOC3L1,0.6956278
DYNC2H1,0.695608
NMRK2,0.6956033
IAPP,0.6955052
BCL3,0.6953955
PLXND1,0.6953529
MYL12B,0.69529754
TSPAN18,0.6952817
UBA7,0.6952475
DERL1,0.69522756
BMF,0.6952008
ARG2,0.69518125
MIOS,0.69513714
THPO,0.6950819
SLC2A14,0.69490635
NGB,0.694893
HPGD,0.6948663
COPZ2,0.69484293
CD177,0.6948374
HSD17B1,0.6946715
MYO5B,0.69466406
G3BP1,0.6944324
RBFOX2,0.6944079
LINC01503,0.6943754
ERG,0.6942419
VASH2,0.69406366
CHID1,0.6939491
RHOG,0.6939419
CTRL,0.6938434
PPA2,0.693822
EVPL,0.6938196
GADL1,0.69380695
ALAS2,0.6937345
PDLIM1,0.6936484
SLC27A3,0.6936119
RNFT1,0.6935991
IGF2BP2,0.69343334
AGAP2,0.69342315
CLN6,0.6933633
ANKRD44,0.69327176
ADGRA2,0.6932362
PLCD4,0.6932007
IFI6,0.69317436
YWHAH,0.693157
HOXB9,0.69314694
SLC16A3,0.6931142
SMPD3,0.6931104
TCF7L2,0.69301146
PGM1,0.69293743
DCTN2,0.6929355
ATP6V0E1,0.6929259
FOXJ1,0.6929258
PLCD3,0.6928643
ADGRL3,0.6928252
PPP1R15A,0.692802
DUSP6,0.6927472
CARD16,0.69268644
COMMD9,0.692679
FGD5-AS1,0.69259393
CLTCL1,0.6925873
PRCP,0.6925205
JDP2,0.6924542
WFS1,0.6923487
DNAJC3,0.6922938
VPS29,0.6922898
CLN3,0.6922782
NCAN,0.6921939
DENND1C,0.69217443
SERPINB3,0.69207597
AKR1C1,0.69197875
SMIM15,0.69196147
PNPLA5,0.6918978
COL27A1,0.69182146
BICC1,0.69179046
GBAS,0.69177043
DUX4,0.6914593
RNASE1,0.69144523
VASN,0.6913856
CISD3,0.69125336
PI3,0.69118565
FLOT2,0.691151
DAAM1,0.69114256
PRDX1,0.69111085
SUSD6,0.69110924
OXT,0.691098
PKP1,0.691094
LNP1,0.6910455
MMP21,0.6910124
CEBPD,0.6909666
IQGAP3,0.6909263
ADRBK1,0.69091177
LY75,0.6908997
NDUFAF6,0.69087744
ALDOC,0.69086295
LIMK2,0.69085306
MYF6,0.6907271
ASB10,0.69071573
HMGCLL1,0.69070375
ATP6V0B,0.69068325
RIN1,0.690601
ARPC1B,0.69052976
RNPEP,0.6905232
IL27RA,0.6905112
CBLB,0.69049865
POR,0.6904229
BCKDHB,0.69030565
SNTG2,0.6902554
GDF5,0.6901418
DUSP5,0.690105
SNX2,0.6899894
CRYM,0.68964887
FERMT1,0.68958026
TSPAN8,0.68940485
CPA1,0.68937206
ADAM12,0.68930733
PTPN1,0.6892765
SULT1E1,0.68908894
LIN28A,0.6889516
GBA,0.6888673
SALL4,0.6888586
SDF2L1,0.6888547
GPIHBP1,0.68885154
NPNT,0.68879503
GAL3ST4,0.6887528
SLAMF1,0.6886633
AHSP,0.68858296
PRDX3,0.6885778
RNF31,0.68853825
KYNU,0.6885312
MAFF,0.6884059
IDH3A,0.68827564
OLFML1,0.68824965
TRPC4,0.6881082
ZFYVE21,0.6881004
ZNF469,0.68779176
RNASE7,0.68776584
TAGAP,0.6877603
HELZ2,0.68767583
PKD2,0.6875175
CPLX1,0.6874884
HCAR3,0.6874665
UBD,0.68746275
CREB3L4,0.6874301
SLC7A8,0.68741506
RAB38,0.68741333
MAN1B1,0.6874033
LGALS2,0.6873732
TPH1,0.6873392
C20ORF27,0.6871785
RBMS1,0.68717533
TM2D1,0.68713146
RASGRP1,0.6869917
NAIP,0.686979
CTRB2,0.6869752
CRHR1,0.6869581
MSN,0.68694234
CHMP3,0.6868859
NTS,0.6868581
KCNN3,0.68676347
ZFP36,0.6866636
FMN1,0.68662566
RAPH1,0.6865487
RENBP,0.6865238
FUCA1,0.6864942
DSE,0.6864772
OSTM1,0.68638116
TM4SF1,0.6862442
LGALS9C,0.68623424
PAPPA2,0.686215
PGM5,0.68617624
SLIT2,0.686067
VPS37D,0.6859742
CDS1,0.68597275
RASD2,0.6859337
CYP27B1,0.68592656
VIT,0.685874
STEAP3,0.68576723
FGF5,0.6857387
MLEC,0.6856643
RSPH14,0.68565947
RDX,0.6855947
EFNA3,0.68554103
UFD1L,0.6855273
P2RY11,0.68545854
LDLR,0.685433
ACBD3,0.6854149
SMIM10,0.68538797
VMA21,0.68522626
YIPF7,0.6852096
PRDX2,0.685128
RORB,0.6850777
P2RY13,0.68495804
PADI3,0.6848817
TLX2,0.68484414
DTNBP1,0.6847792
ANGPTL4,0.6846969
AQP1,0.6846784
CELF1,0.68465924
PPM1F,0.6846448
ITGBL1,0.68459827
HSPH1,0.68458784
COX8A,0.6845346
SMAD9,0.68451244
DNAJC5,0.6844908
CBFB,0.68445075
ABI2,0.6843566
PRSS3,0.6843535
DEFB1,0.6842644
UBE2QL1,0.68426096
TAC1,0.6842338
SMIM3,0.6841293
LTBP3,0.6840533
FAM129B,0.6840169
EGR4,0.68401676
COL17A1,0.6840086
HMHA1,0.6840023
SERPINB10,0.68399894
TCTEX1D1,0.6838695
SNX9,0.68384075
ALDH16A1,0.6837743
EDC4,0.6837524
SAT1,0.68371874
MAP3K3,0.68367934
PRKAG3,0.68360025
SH3KBP1,0.68358475
APOBEC3H,0.6835718
ADCY6,0.683499
DAZL,0.6833358
SLC6A6,0.68332815
MBD3L1,0.6832936
EIF1B,0.6831568
TIMP2,0.68309027
TNFRSF13B,0.6830052
LPAR6,0.6828791
SEC31A,0.6828406
RRAGA,0.6828295
HAPLN1,0.6827054
GSC,0.68262017
PABPC4L,0.68254507
GAPLINC,0.6824999
GALNS,0.6824677
LRCH1,0.68239063
TMPRSS15,0.68234503
RAB1B,0.6823107
PRODH,0.68221986
OLIG3,0.6822134
LCT,0.6821725
GLUD2,0.6821723
DRAM1,0.68207276
ACKR2,0.68203795
AP1S1,0.68201673
HES4,0.6820154
DUSP23,0.6820115
CYP2D6,0.6819271
PRDM14,0.6818926
RNASET2,0.68184566
LIMS1,0.6817915
SEC63,0.68175495
SNX27,0.68154615
SUGCT,0.68152523
CELA1,0.6814593
SLC35F6,0.68139565
PSTPIP2,0.681389
SUCO,0.681311
TCF12,0.68128204
P3H3,0.68124104
FZD4,0.6811842
MYO1A,0.6810669
GPCPD1,0.68103933
ABCC6,0.6809815
IL1RL2,0.68089324
ARL6IP4,0.68084806
GSDMD,0.68084013
SPCS1,0.6808234
FLII,0.6807887
MT1E,0.68078506
DIAPH2,0.6807819
CALU,0.6807568
CCDC74B,0.6807233
NAGLU,0.6805924
CDK5R1,0.68048775
BNIPL,0.68042445
TXNRD3,0.68037856
SYNC,0.68028075
MYO5C,0.68021727
C11ORF21,0.6802041
RELN,0.6800884
KDELR1,0.67997646
SGPP2,0.6799172
SLC25A47,0.67991495
PLSCR1,0.6798645
PPARGC1B,0.6797964
ANGPTL8,0.67970407
MYO15A,0.67969096
TSPAN33,0.67965597
SULF2,0.6793867
ARHGAP10,0.67938125
ABCG5,0.6793574
TMEM189-UBE2V1,0.6792491
BST1,0.6791755
FNBP1L,0.67915475
NOG,0.6791002
CHST14,0.6790669
SNX17,0.6789411
DOCK2,0.67893785
TMEM60,0.6789361
DERL2,0.67882854
SCCPDH,0.6788187
MTPN,0.6788
USHBP1,0.6787735
DHX58,0.6787696
GIMAP6,0.67876536
LIFR,0.67876273
XYLT1,0.6787515
FILIP1,0.6787296
TBC1D9,0.6787116
NAT2,0.6786462
ANXA5,0.6786059
NUMB,0.6785179
EPHX1,0.6785071
SLAMF8,0.67848146
HES1,0.67844135
AP5Z1,0.67843467
GGA1,0.6783792
SLC25A41,0.67824686
QPCT,0.6781729
HPSE2,0.6781611
TDO2,0.6781205
SLC30A2,0.67801356
SERPINB4,0.6778527
LTBP4,0.6777522
TOMM40,0.6775998
SLC16A4,0.67754924
CCL4L2,0.6774964
C5ORF15,0.677487
ARAP3,0.67740226
SLC7A10,0.6772866
SRF,0.6772588
LGSN,0.6772226
RALGAPA2,0.6772132
ADAMTS1,0.67721146
SORT1,0.6771952
GRM5,0.6771211
ATOX1,0.67709744
RASAL3,0.67706406
RAB36,0.67698014
SCUBE3,0.6769801
GPR182,0.67697304
OAZ3,0.6768178
SLC22A2,0.676812
CRIP1,0.6767958
DDAH2,0.6767344
TLX1,0.67672986
CNOT1,0.6767106
PDE6C,0.6766495
DAB1,0.67660326
ITGB1BP2,0.6766004
PIP5K1C,0.6763937
TPH2,0.6763674
NPR2,0.6763212
CPXM1,0.6762992
TCAP,0.67622
RHOB,0.67615676
ARPC3,0.6759701
CTBP2,0.6759579
SESN1,0.675954
TOX3,0.67593396
VAMP1,0.67590684
ROM1,0.67590415
GNG3,0.67589915
GFPT1,0.67589533
PTPRR,0.6758885
MEF2C,0.67582244
FOSB,0.6756467
PRKD2,0.67562824
COMMD10,0.6755938
TXNRD2,0.6755657
VAMP3,0.6755136
CHI3L2,0.6754579
CLEC11A,0.67541766
FOXG1,0.6753742
CHML,0.675286
CGNL1,0.67523587
GCA,0.6751083
TIMM17A,0.67506367
CRYGC,0.67493856
COMMD3,0.67474794
DYNC1I2,0.6746861
PVALB,0.6746298
DRAM2,0.6745723
SAT2,0.67454827
ASAH2B,0.67453456
EPB42,0.6744386
TRAF3IP3,0.67441493
NGEF,0.67440563
MIR4435-2HG,0.67438155
GLDC,0.6743736
OTUD1,0.6743535
MAST4,0.674327
RAB3IL1,0.6742288
STARD3NL,0.6742087
PSORS1C1,0.6741558
SYN1,0.67414737
RHBDF2,0.6741067
CD59,0.6740984
TTC28,0.6740455
SEC14L1,0.6739417
PROCR,0.6738913
WDR1,0.6737951
KLHL41,0.673769
PLD4,0.6737629
PLS1,0.6736984
PDIA3,0.6736444
AMTN,0.67348844
LRP8,0.6733064
SNHG8,0.6733023
ACOT12,0.67327845
GLI3,0.6732303
PSMF1,0.6730884
ERP27,0.67301714
GIMAP4,0.6726921
EPS8,0.6726781
PDLIM3,0.6726654
PLCD1,0.6726346
GIMAP5,0.67263377
IL31,0.6725542
TRAPPC3L,0.6725167
PPP1R12B,0.67249566
PHACTR4,0.67233026
OSTF1,0.67226136
SIGLEC5,0.6722404
UBE2U,0.6721967
MAN1A2,0.6720312
MFAP3,0.6720289
COA3,0.6718501
B4GALT2,0.6718122
UGT2B11,0.6717776
SLCO2B1,0.6717451
TANK,0.6717334
MYOZ1,0.6717282
TNFSF15,0.67167836
GUSB,0.67163986
ATP7A,0.6715697
RASGRP2,0.6715551
CPXM2,0.6715252
PSAP,0.67149365
SYNRG,0.67138106
LIMK1,0.671351
SCRN2,0.67131484
ABCA6,0.6712075
N4BP2L1,0.67108643
PABPC5,0.67100245
ACSBG2,0.67092276
CKLF,0.67091566
LMNB1,0.67090446
LPAR5,0.6708716
TAPBP,0.67087066
GGA2,0.6708583
MXRA5,0.6708281
RAB10,0.6707678
CYP2F1,0.6707263
GANAB,0.670717
KRT5,0.670698
TMEM45A,0.6706909
NEFL,0.670614
CAMK1,0.67045534
ASGR2,0.6704357
BANK1,0.67037755
IL1F10,0.6703516
BCL10,0.67031324
LGALS7B,0.6702606
MYDGF,0.6701661
UPB1,0.67013776
DNAJB4,0.6700872
USP41,0.67002785
TMEM37,0.6699872
DSG2,0.6699205
DCT,0.66985434
ITGAD,0.66982615
COL26A1,0.66980684
ATP1A3,0.6697823
GCLC,0.66975147
DUOXA2,0.66971904
SEC24D,0.6696521
FADS6,0.6696448
ESRRB,0.6696279
MMP17,0.6694043
PPP3CC,0.6693958
FXN,0.669372
INHBB,0.66934323
ALDH1A2,0.66921484
UGDH,0.66911566
KIAA0040,0.6691064
LPAR2,0.66888404
PPP1R9B,0.66884613
ELK3,0.66880035
TET2,0.66865605
GJA5,0.6685876
RERG,0.6685726
ATG16L1,0.6685319
PLA2G4B,0.66846365
CCDC93,0.6684216
PDIA5,0.6683554
CES5A,0.66835153
ASMT,0.6682333
FHL5,0.6681985
COPB1,0.6681957
EFNB3,0.6681111
CASK,0.66810906
ZFP36L1,0.66805667
TRPV5,0.66805494
CD101,0.66803354
ADCY1,0.6680237
PTPN7,0.6679288
ACER1,0.6679035
TLX3,0.6678897
CCDC107,0.66785765
LGALS9,0.6678511
SRA1,0.66781604
KL,0.6678049
GBP3,0.66776466
NFIA,0.6677257
DUSP9,0.6677113
CAMK1G,0.667677
LRAT,0.6675546
AASDH,0.667485
GNPDA1,0.66743743
LYL1,0.66743153
CYB561A3,0.6673856
IL22RA2,0.66735715
CHMP4B,0.66732955
SPRY1,0.66729194
TOR1AIP1,0.6672746
SLC30A4,0.66724604
ARHGEF15,0.6672395
RGL2,0.6671814
RBP5,0.6671387
BZW1,0.6670789
VAMP5,0.6670434
APOL4,0.6669137
ACTN2,0.6668517
KCNJ6,0.6668195
PSMD5,0.66681844
SLC7A6,0.66678184
HLF,0.666774
PLAC8,0.6667287
UBE2L6,0.66665995
PNMT,0.6665867
OLFM4,0.6665546
S100A13,0.6665329
TMED5,0.6664791
TNFRSF10C,0.6664309
ITPR2,0.6664176
CD164,0.6663807
SCGB1D2,0.66636956
SMARCD3,0.6663672
MICALL2,0.6663548
TNKS1BP1,0.66633993
FUT7,0.66631615
FABP2,0.6662395
GIMAP2,0.6662134
C6ORF15,0.66620606
KIAA1549,0.6661216
HOOK1,0.66604334
UBASH3B,0.66598386
SULT2B1,0.6659792
EHD3,0.6659699
NCOA4,0.66594136
SPG20,0.6658646
LAMTOR2,0.66568696
TRIM29,0.66568387
NPPB,0.66565037
LSP1,0.6656356
SNX12,0.6655837
HNMT,0.6655413
PTCH1,0.665429
AAMDC,0.6654235
MAP1LC3A,0.66542065
ADHFE1,0.66537803
IRS2,0.66532904
SLC2A1,0.66531634
RNASEK,0.66507
APOBEC1,0.66502047
AKIRIN2,0.6649982
HSPB7,0.66496146
YOD1,0.664903
TNN,0.66484785
TRPC6,0.66483104
EFCAB14,0.66477394
RAB34,0.66476977
MIA2,0.6647638
APLN,0.6646615
CYP3A7,0.6645006
CPSF4L,0.6644832
DBNL,0.66447765
NLRP14,0.66439307
HEYL,0.66431844
GYG2,0.66431457
CPT1A,0.66425955
ABL2,0.66424644
SLC6A7,0.66419256
NHS,0.6641866
ENO3,0.6641748
BRINP1,0.6641618
COMMD4,0.6641325
TFEB,0.66401255
GDI1,0.66399527
RABGGTA,0.6639143
LPCAT4,0.66388667
MTCH1,0.66384757
GNGT2,0.6638321
STAP2,0.663744
ATP6V0C,0.66362727
LRPAP1,0.6636251
TNS2,0.6636179
RAB6A,0.6635586
TNFRSF14,0.6635334
INHBE,0.6634968
MILR1,0.66349274
COX11,0.6634324
ACTR10,0.66342163
LZTS1,0.663421
UCP2,0.6634176
WDR13,0.6633243
NEDD4L,0.6632165
BTN3A3,0.6631386
MOGAT2,0.6631089
BIN1,0.66307795
SLIT3,0.6629779
C6ORF48,0.6629325
CBR3,0.66289586
HELT,0.6628367
PPFIBP1,0.66273445
PTPRG,0.6627245
GTPBP1,0.6626931
DCX,0.66259825
CYTH1,0.66256225
GOSR1,0.66252524
NUDT10,0.6625019
ZDHHC24,0.6622939
DAG1,0.66214
SAG,0.6621318
PNPLA2,0.6620856
DGAT2,0.66202015
EXT2,0.6619045
FRZB,0.6618936
TMEM199,0.66187775
GUCY2D,0.6618389
REEP1,0.6617933
MFSD14B,0.661773
FAM3C,0.6616341
LMO7,0.6616228
PRLR,0.66161716
PPP1R15B,0.6615575
SRGAP2B,0.66155565
EXOC3L4,0.66152567
SGCD,0.6615189
MFSD2B,0.6614562
ABCG2,0.6614483
ARHGAP15,0.6613827
TCF19,0.6613703
PILRB,0.6613592
CDSN,0.6613542
TCN1,0.66134953
SDF4,0.66134906
ABCC4,0.6612855
TPM4,0.6612431
MRAS,0.6612023
OGDHL,0.6611341
CNTN6,0.6611239
ROMO1,0.6610831
EDN3,0.66103524
GRB7,0.660986
GLIS2,0.6609627
RAB3D,0.6608179
GRAMD1C,0.6607918
DLD,0.6607367
FAF2,0.6606401
NOP10,0.6606283
BAIAP2L1,0.66061985
PLXDC1,0.660602
CRLF3,0.66052204
TDGF1,0.6605143
FMN2,0.660478
CYP20A1,0.66046715
PPA1,0.66041744
WIPI1,0.66041076
ALG6,0.6604098
DGUOK,0.66040516
COPB2,0.660386
SMCR8,0.6601887
UNC5A,0.6601151
NDEL1,0.6600846
DLL1,0.66005355
GCLM,0.6599921
CNPY2,0.6598016
MITF,0.659768
ABR,0.659725
PEX3,0.65967095
CMTM3,0.65965015
DNASE1L1,0.65962297
HRK,0.6595713
DMPK,0.65946853
CMTM4,0.6594599
CD63,0.6594478
PRKX,0.659433
AANAT,0.6592728
ADAR,0.6592621
HTATIP2,0.6592432
RRAGC,0.6591643
MVB12A,0.65911674
TPST2,0.6589149
PRNP,0.6589003
FCHO2,0.6588498
TCTEX1D4,0.6587993
MGAT4D,0.6587842
DISC1,0.65875673
SYNPO2,0.65874904
RGPD2,0.65871453
ABCA8,0.6586839
BAG3,0.65865576
FBN3,0.6583259
SPG21,0.65829796
RILP,0.65818727
RGS1,0.6581799
TWF1,0.65808666
SAMD14,0.6580803
SPINK1,0.6580478
APELA,0.65804046
RFK,0.6579494
GSTO1,0.6579226
TRIB3,0.6578671
MRVI1,0.657864
SCGN,0.6578563
SEPT10,0.6578256
AVPR1A,0.657801
RGS8,0.6577813
TRPC3,0.6577591
COL4A5,0.657676
RAB24,0.6576711
TOMM20,0.6576543
LIME1,0.6576471
FOLR3,0.65749466
SNAP29,0.6574409
TRPC1,0.6574194
CRYGN,0.6574141
AKNA,0.65737236
AK9,0.65734875
CLINT1,0.6570438
SARAF,0.6570414
ASB11,0.65700966
TNFRSF11B,0.6570033
SH3BP1,0.6569416
C1ORF228,0.656937
KARS,0.6569186
ARPC5,0.6569049
FHDC1,0.65685743
ALDH9A1,0.65684927
YWHAG,0.6567844
SNAPIN,0.6567146
DAXX,0.65669733
OAZ2,0.6566655
SULT1A3,0.6566528
NFKBIZ,0.656635
WDR60,0.6566063
UBE2E1,0.6565403
APOBEC3D,0.65653133
CELF5,0.6565277
KCNQ1OT1,0.6565253
GPX4,0.65649927
CYP21A2,0.6564836
L1CAM,0.6564168
GRAP,0.65640616
EMC7,0.6563311
SFTPD,0.6562508
LMX1B,0.6562313
KLRF2,0.6562297
CARD10,0.6562003
CHST13,0.6561173
RAPGEF1,0.6561062
NAPA,0.656099
ZFAND5,0.6560874
PARK7,0.6559466
PKDCC,0.6558858
PLXNB2,0.6558634
SEMA3D,0.6557411
ZC3H15,0.6556701
PANK2,0.65562534
ACKR3,0.6555743
CR1L,0.6555577
PLA2G4E,0.6555548
MYH15,0.6555374
PLA2G4D,0.65544546
MAPK8IP2,0.6553353
MGST3,0.6552218
MOGS,0.6551834
TCF7,0.6551355
TKT,0.6550885
ARF5,0.6550307
PIP,0.65500826
BHMT2,0.65494925
GRK5,0.65479165
DHRS4L2,0.6547523
HTR7,0.654689
CEBPG,0.6546606
EIF4H,0.65461886
CREB5,0.65457404
SFTPB,0.6545454
PDIA6,0.6544995
TAL2,0.6544913
MYL12A,0.6544484
SLC22A18AS,0.65442806
MXD1,0.6543012
KRT76,0.6541577
LAT2,0.65410954
LASP1,0.65410167
IHH,0.6539383
ESM1,0.6539359
GUCY2F,0.65391386
TNIP2,0.6538907
TMED2,0.6538743
CSTB,0.6537851
MAFG,0.6537753
GMDS,0.65371853
TAGLN2,0.6537011
PRAME,0.6536811
ME2,0.6536771
COLQ,0.6536453
PSMD9,0.65361005
SH3GL2,0.6535416
CELF6,0.6535021
PITPNM3,0.6534705
PPP1R18,0.65342385
KRTCAP2,0.6533084
DYNLT1,0.6532668
XIST,0.6532183
SFPQ,0.6532107
TMEM230,0.6531247
DERA,0.6531014
ASNS,0.6530058
NRN1,0.6529877
WNT5A,0.65298754
LPAR1,0.6529754
MYCBPAP,0.6529685
UBAC1,0.65294456
NFIL3,0.652933
DYNC1H1,0.65288585
ATP13A3,0.6528441
CCND3,0.6528298
PRB3,0.65280616
RNGTT,0.65279496
BRI3,0.6527628
TRIM22,0.6527229
NFKBIL1,0.65268296
HMGCS2,0.6526388
LIN28B,0.6525487
NRG1,0.6525043
SMURF1,0.6524618
MYO6,0.6523413
RBMS2,0.6522664
PPP2R2C,0.65226233
SETBP1,0.6521843
PPID,0.65215164
MYLIP,0.65200156
PHLDA1,0.6519957
BLVRA,0.6519726
RNF166,0.6517898
RNASEH2B,0.65177673
GALE,0.6517321
DUSP12,0.6517118
BPGM,0.6515768
CAPNS1,0.6515541
NT5C3A,0.6515357
RASSF1,0.65145004
RMDN3,0.65142787
SAMD5,0.6513631
CYTH4,0.6513375
FLI1,0.6512891
MYBPH,0.65126497
MLXIPL,0.6512586
RND1,0.65116966
ACOT2,0.6510754
CEACAM1,0.65107214
CHST4,0.65103483
NBR1,0.6509338
RRAGD,0.65091574
ACSS3,0.65090704
PCK2,0.6508835
MARK2,0.6508465
NCKIPSD,0.6508223
TSPAN1,0.6507635
QSOX1,0.6507302
SPRN,0.6507274
DENND4C,0.6506901
TIMM8B,0.650686
BRE,0.6506581
ASAP3,0.6505765
CLMP,0.650551
SLC1A2,0.6505321
COQ2,0.65046513
ANKK1,0.65043414
CCNE1,0.6503947
IL21R,0.65039295
FAM92A1,0.6503733
NFAT5,0.650344
ACTL8,0.6502391
CCDC8,0.6501672
ADAMTS4,0.650128
SEL1L2,0.6500665
CDRT1,0.6500518
DYNC1LI2,0.6500096
TESPA1,0.65000194
FAM210B,0.64998883
SLC16A2,0.6499679
FAM127A,0.6498996
SLC45A2,0.64989895
ACSL1,0.64989436
KLC3,0.6498383
PLXNA3,0.6497819
MAPK1IP1L,0.64973056
TNFAIP2,0.6497252
ACAP1,0.6497137
RNF130,0.6496776
RRAD,0.64965254
ARSA,0.6496324
DAPK3,0.64956325
VAMP8,0.64951694
NXF3,0.6495034
CLTB,0.649498
TAF4B,0.6494931
KXD1,0.6494903
CLEC2B,0.6492888
EXT1,0.64920694
UNC93B1,0.64912903
LIPE,0.6491038
BORCS7,0.64907634
RUBCN,0.64907014
IL19,0.6490544
NCR3LG1,0.64900124
OAZ1,0.6489803
NPM2,0.64892924
MYO1B,0.648927
GFI1B,0.64886206
MCOLN3,0.6488088
SLC7A9,0.6487615
DCP1A,0.6486839
SERPINA3,0.6485945
FZD10,0.6485726
STK17B,0.6485462
TBC1D10C,0.6484182
CAPN9,0.6484121
APOL6,0.6484039
COX15,0.6483806
STX10,0.64837414
AK8,0.64830387
RABGEF1,0.6482448
CNOT6L,0.6481587
DUSP1,0.6481245
SNX4,0.6481174
PTPN2,0.6480698
LPCAT2,0.64785093
FRAS1,0.6477874
NCALD,0.6477574
COMMD5,0.6477541
INPPL1,0.64773464
NRG3,0.6477258
HOXB1,0.64771616
SUSD1,0.6476768
CASS4,0.64763707
INSRR,0.6475896
SPTBN1,0.6475664
FAM200B,0.6474961
APOBEC3C,0.6474643
IL17RD,0.64739406
ZBP1,0.6473807
OSBPL5,0.6473715
AP3D1,0.6473559
COMMD2,0.6473515
FLOT1,0.64702404
CD300LG,0.646992
SLC25A23,0.64699066
PLEKHO1,0.6469742
SEMA6D,0.6469687
SPG7,0.6469485
C9ORF16,0.6469418
SRSF11,0.64693594
TNFRSF19,0.64689773
RARG,0.6468273
BAG1,0.6468037
CAP1,0.64672756
MEST,0.64670336
EHBP1,0.64668596
ZNF703,0.64665926
RTN4IP1,0.64660776
LRRC70,0.646582
KCNB2,0.6465348
GADD45A,0.64651614
HSPE1,0.646416
KCTD15,0.6463926
ARHGEF28,0.64639133
RHPN2,0.6463357
STX8,0.646308
ACADSB,0.64630306
GZMM,0.6462692
MT1F,0.6461877
NUTM2B,0.64614755
CYP7B1,0.6461324
DTX1,0.64611906
TSGA13,0.64611137
CSRNP1,0.64609426
MIOX,0.64608175
CREM,0.6460106
TUBA4B,0.6458495
UPP1,0.64583385
IL26,0.6458122
ADGRE5,0.6457553
CRISP3,0.64575523
ATP6V1G1,0.64572865
SORL1,0.6457077
NHEJ1,0.6456634
MIA,0.6456508
NEU1,0.64557165
TBC1D2B,0.6455609
SHC2,0.6454052
SSH1,0.6453366
BTC,0.6451143
TSC22D3,0.6450649
CBX2,0.6450559
HGSNAT,0.6449865
CLIC5,0.6449677
LPAR3,0.64492834
NUDT12,0.64488286
ANXA3,0.6448615
CPE,0.6448079
NFE2,0.6447845
BLOC1S6,0.6447448
ENO2,0.6446884
SLC8A1,0.64467704
EXOC2,0.644635
TRPV2,0.64459395
SKAP2,0.6445914
CALCOCO2,0.64447176
SLC35D1,0.644448
DCAF7,0.64441174
ANGPT4,0.6443986
DYNLRB2,0.6443775
IGKV2D-29,0.6442963
BZW2,0.6442908
IFRD1,0.6441928
KANK2,0.64418674
MPP1,0.6441852
ATXN3,0.6441635
DAZAP2,0.6441511
NEFM,0.64408195
RAD23A,0.6440558
ARPC1A,0.644033
EMD,0.64389753
TMSB10,0.64389545
LNX1,0.6438305
NECAP2,0.6438185
CHMP4A,0.643808
PGK1,0.64375424
ALDH1B1,0.64373213
CYP26C1,0.6437249
SPON2,0.64361244
PREP,0.64351106
AGTRAP,0.6434908
OBP2A,0.6434328
TRAF5,0.64336765
UBE2A,0.6433572
F2RL1,0.6433064
SIGLEC9,0.6433001
UBE2E2,0.64327604
NLRP11,0.64316976
TMED7-TICAM2,0.6431138
SGMS2,0.64307225
LYRM4,0.6430156
BAAT,0.64295703
RAB9B,0.64292115
NUPR2,0.6429118
GJA4,0.642876
GDPD1,0.64286554
SEC23A,0.6427077
ACER2,0.64263636
GPC6,0.64253724
TNFAIP8L1,0.6425169
MPC1,0.642434
SLC30A3,0.642383
EFNB1,0.64233005
ARPIN,0.64232504
GDPD3,0.6423032
MEF2B,0.642248
PKHD1,0.6421925
DEF6,0.64217687
ABCG1,0.6420181
PRH2,0.64201677
DLK1,0.6420141
VPS25,0.64201194
DBI,0.6419877
EDEM2,0.6419822
SCFD1,0.64195585
CAPN5,0.6419102
BTN2A2,0.64181054
ASL,0.6417539
LPXN,0.6417012
EPN2,0.641667
IRF2,0.6416566
PTPN3,0.6415672
SLC19A2,0.6415628
AP1G1,0.64150774
TAMM41,0.6414887
HABP2,0.6414636
EBF1,0.6414301
SCAMP2,0.641398
SMYD3,0.6413611
SPHK2,0.64131194
CAPN11,0.64129716
AIRE,0.6412333
NRG4,0.6411968
ARPC5L,0.64114136
GYPC,0.641141
GPR4,0.6409877
DNPEP,0.64096344
NTAN1,0.64096177
TRIM63,0.6409215
NCSTN,0.64087814
UCHL1,0.6406719
UBASH3A,0.6405916
MEF2D,0.640537
PRDX4,0.64044917
SEPHS2,0.6404244
HPS3,0.6403142
PAFAH2,0.6403059
OSBPL10,0.64016455
RICTOR,0.6400843
ZBTB46,0.64003557
C6ORF62,0.64002776
SENP3,0.6399344
BCKDHA,0.6399294
SSR4,0.63991237
AP1M1,0.6397959
WNT2,0.63971055
HSF1,0.6396816
OCA2,0.63958925
GPRASP2,0.63957363
DARS2,0.63944435
BLOC1S5,0.63939786
NAGK,0.63935935
STAU1,0.63933057
NR1D1,0.6392933
BSCL2,0.6391367
NR0B1,0.639072
ATF1,0.6390718
PCTP,0.6389233
TOR1AIP2,0.63890284
RPIA,0.63889563
CRYZL1,0.63887894
PDGFD,0.6388587
TFAP2C,0.6388569
GJC1,0.6388372
PFDN2,0.63882005
COL9A2,0.63880116
NINJ1,0.6387178
PIK3AP1,0.638697
ID2,0.6386164
CLIC6,0.63861406
RAI2,0.63860416
PLEKHM1,0.6385804
NTF4,0.63853276
FOXA1,0.6384309
HADHB,0.63842213
M6PR,0.63840467
BLOC1S4,0.63838166
MYADM,0.638365
MCF2,0.6383559
IQCH,0.6383418
RAB4A,0.638227
CXCL17,0.63819206
COPA,0.6381799
TRAPPC5,0.6381277
NAAA,0.6380496
LATS2,0.6379313
CHAD,0.637925
C1ORF43,0.6378959
NSF,0.63785386
DKK3,0.6376818
UBQLN2,0.6376139
ALDH1L1,0.63759947
AKR1C4,0.63759935
STK24,0.637599
PTTG1IP,0.63755596
DNAJB9,0.63750696
FAM49B,0.63748676
PRDX6,0.6373738
EHD4,0.6373592
TNFAIP8L2,0.6373373
HSDL2,0.6372765
HIC1,0.6371984
STX7,0.63714385
TMEM38B,0.6371095
FUCA2,0.63709074
SGSH,0.6370726
SPIRE2,0.6370621
DIABLO,0.63703847
UBE2K,0.6369923
STK40,0.63693434
ADGRF5,0.6369006
GNG5,0.636893
POMP,0.6368868
ARF3,0.6368791
LPAR4,0.63671416
ATL3,0.6367062
VGLL3,0.6366144
GADD45B,0.63661003
MAN1C1,0.63652253
CHCHD6,0.63652194
PLK2,0.63648784
CTSO,0.63643074
CACYBP,0.636411
ENC1,0.6364106
WIPF2,0.63635725
CCND2,0.6363465
DCTN3,0.6363463
TAPBPL,0.6362711
HLTF,0.63626707
CCDC71L,0.6361976
OCEL1,0.63617814
TAOK2,0.63612
ADGRE3,0.63611084
FABP5,0.6360984
PRSS2,0.63599646
MYEOV2,0.6359684
PLEKHA4,0.635936
COX7A2L,0.63589346
DLX5,0.6358408
STX12,0.63583344
SULF1,0.6356886
SNX3,0.6356779
C8ORF4,0.6355702
VPS26B,0.6355685
FREM2,0.635568
PTPRM,0.6355232
GNE,0.63547945
SPTA1,0.63547397
CARD11,0.6354493
CAPN2,0.63533837
AQP2,0.63532096
TMEM109,0.6352955
PIK3R4,0.635287
HEG1,0.63528025
TPP1,0.6352785
RNF139,0.63524157
GBP2,0.6352314
ELMO3,0.63513595
ERLEC1,0.6350595
PDXP,0.63505375
PABPC4,0.6349711
KCNS2,0.63496757
UPK1B,0.6349293
CABIN1,0.63490754
NET1,0.6348879
IL1RAP,0.6348807
HLA-E,0.63477916
TMA7,0.63459563
BCL6B,0.6345588
SSR2,0.6344948
GDPD5,0.6343451
PTPN9,0.63432777
RBPJL,0.63429886
ENTHD1,0.63428587
PCMTD1,0.634275
CGN,0.63425684
FGD1,0.63421506
TOM1L1,0.6341964
MFSD12,0.63418543
SH2B3,0.634184
FZD8,0.63406736
SPTBN4,0.6340566
SCP2,0.6340357
LITAF,0.6339869
LAMTOR5,0.63398105
AVIL,0.63396883
GOLPH3,0.6338975
ADAMTSL2,0.63389176
DUSP2,0.63383484
VIPR1,0.6338038
KRT1,0.6336597
COX7B2,0.6336033
ACSBG1,0.63355255
PNLIPRP3,0.6335248
FAM83G,0.63348174
TMED3,0.6334375
UBE2Q2,0.6333661
CCBE1,0.6333088
PYDC1,0.6333071
COPZ1,0.6332983
VTI1B,0.63328326
PHACTR1,0.6331536
FGF22,0.63313895
ARPC4,0.6331378
PHEX,0.633124
LRRFIP1,0.63312185
CHM,0.6330848
IL36G,0.63305557
PRSS12,0.6330549
TMOD1,0.63304436
DQX1,0.63296384
SLC2A5,0.6329005
QPRT,0.6328935
NPRL3,0.6328864
CDO1,0.6328733
STRA6,0.63280463
VPS37B,0.63266075
GNPDA2,0.6325976
GUCA1B,0.6325685
UBE2J1,0.6325348
SCT,0.632513
TMEM30B,0.6325106
RAB35,0.6325086
BBS12,0.63248754
PPM1H,0.63226295
CYP2J2,0.63220704
PTCH2,0.6321069
KRIT1,0.6320673
NR0B2,0.6320398
ELL3,0.6320269
DYNC1LI1,0.6320099
TXK,0.6319433
METTL25,0.63189816
CLIC1,0.63188404
SLC39A1,0.6318614
TJP3,0.6318151
FKBP5,0.6317498
CHMP2A,0.63171726
PRKD3,0.63167894
MT1X,0.63153255
RGS11,0.6314933
TMEM254,0.6314114
IER2,0.6313841
NDN,0.63126624
CAV2,0.6312467
DLC1,0.63124055
LIPG,0.6312232
NANS,0.63119596
MBNL1,0.6310954
DPYS,0.630948
IGKV2D-28,0.63094485
UBE2L3,0.6309178
PIP5KL1,0.63091075
WBP2NL,0.6308851
SOX17,0.6308715
CAPZB,0.6307601
JUND,0.6307328
TBC1D5,0.6307132
PKIG,0.6306242
ESCO2,0.6306131
APOBEC3B,0.63059735
ANKRD45,0.6305488
HGS,0.63053024
IGSF5,0.6305293
NUDT17,0.6304992
FBXO17,0.6304595
IGFALS,0.63045293
LOXL4,0.63044083
COX10,0.6303976
PAEP,0.6303544
ZDHHC12,0.63031924
CCM2L,0.6302864
EFCAB5,0.63024855
PHOSPHO1,0.6302401
PHF20,0.6302044
TMEM88,0.6302043
FMNL3,0.63017815
KCNG1,0.63017637
GRPEL2,0.6300085
ZC3H12A,0.63000095
SLC13A4,0.6299983
DHRS3,0.6299921
FRMD6,0.62995756
SMURF2,0.62993395
NRARP,0.62990123
SNX20,0.62980187
EPPIN,0.62973195
PQLC1,0.6296514
DAPK1,0.6296211
FSCN1,0.62957007
MAP2K7,0.6294986
EHBP1L1,0.6294617
TMED9,0.6294364
SERF2,0.6294236
MOCS1,0.6292885
LIX1L,0.62922275
COL21A1,0.62920123
TCN2,0.6291732
RGS17,0.6291718
PAH,0.62909377
PDE9A,0.62895757
PLEKHG6,0.62891126
DCTN6,0.62884283
TCF4,0.6288
CNOT7,0.62875783
TIMM13,0.628724
MAPKAPK3,0.6286643
SNF8,0.62864226
USE1,0.62863314
KDM6B,0.62856674
MESP2,0.62844664
RGS9BP,0.6282002
C5ORF34,0.62816566
NAGPA,0.62812626
RASSF9,0.62808996
BCL2L14,0.6280859
PTPRO,0.6280729
GAK,0.62802863
RGL4,0.6280272
SORBS3,0.6280041
NRP2,0.62798184
NFKBID,0.6278684
IRAK3,0.62785447
RTN3,0.627851
OXCT2,0.62784976
B4GALT1,0.6277296
MAP2K4,0.62769926
KMO,0.62768495
SPRED1,0.62749535
CRABP2,0.6274568
BLOC1S2,0.6272892
SBDS,0.62716144
CLOCK,0.6270995
FCHO1,0.6270467
STIM1,0.6270142
G3BP2,0.62697583
OBP2B,0.6269307
RAB9A,0.62685204
FFAR4,0.62683904
MYOF,0.62681496
SLC10A2,0.6267899
NCOA1,0.62670845
PAPOLB,0.62669075
ARHGAP31,0.6266747
VENTX,0.6266295
NGFRAP1,0.62657726
PGM2L1,0.6265716
PROZ,0.6264861
RB1CC1,0.62637246
TMX1,0.62623537
FREM1,0.6261412
MRLN,0.6261249
SLC7A5,0.62599814
HYAL4,0.62599707
EMC3,0.62598795
SERPINB6,0.6259608
BTG1,0.625898
ZNF423,0.6258892
PDZD11,0.6258253
VOPP1,0.625803
GAGE10,0.6257986
EXOC7,0.6257969
CNGA3,0.62578803
ADGRB1,0.6257111
TRABD,0.6256827
CAPNS2,0.6256639
CARM1,0.62561786
REEP6,0.6255664
CYLD,0.62554264
BMPER,0.62554026
C16ORF62,0.62552506
SEZ6L,0.62551045
H2AFV,0.625439
SRSF9,0.6254302
MECOM,0.6254067
SGSM1,0.62536037
TSHZ2,0.6253551
CLTA,0.62533826
TMEM97,0.625304
HSPA12A,0.6252828
PABPC1L,0.6251477
CSNK2A3,0.62513983
SH2D1B,0.62503827
TBC1D22A,0.6250189
MMEL1,0.62496495
ATPIF1,0.6247961
RARS,0.62476796
ATRAID,0.62475276
ASGR1,0.6247329
TF,0.62468874
PARP15,0.6246622
CD109,0.62465334
NFIC,0.62463987
BIN2,0.624639
PHLDA2,0.6245884
CACNA1F,0.62447035
LRRC3,0.62444246
ILF2,0.62440926
RGS10,0.62439865
RAB11FIP5,0.6243874
CTNNA1,0.62434673
PDLIM2,0.6243105
ESYT1,0.6242881
CSGALNACT1,0.6242805
FIS1,0.62422955
NTN1,0.6241576
ITGAE,0.6241542
HLA-G,0.624084
NEUROD1,0.6240547
CHD5,0.6239674
ADGB,0.6239658
MALAT1,0.6239569
RAB32,0.6239432
PFKFB2,0.62390035
NR2E1,0.6238807
NUDT3,0.62385875
MMP24,0.62384367
SMOX,0.6237605
TGM1,0.6237421
XYLB,0.6236603
CLEC2D,0.6235887
FIG4,0.62356764
GNPTAB,0.62355596
LGALS8,0.6234697
MARCH7,0.6233884
UPRT,0.6232499
DNAJC5B,0.62324315
THBS4,0.6232008
IFITM2,0.6231225
SNHG12,0.6230901
B4GALT4,0.62308556
MCC,0.62303084
FAM83H,0.6229628
PITX1,0.6228842
ZNF267,0.62287533
APLP2,0.6228725
PCDH7,0.6228144
AMT,0.6227756
TG,0.62275684
JUNB,0.6225649
SCGB2A1,0.6224941
CCNE2,0.62241256
ACADS,0.6223506
FAM212A,0.6223372
PTS,0.622287
PEPD,0.6222192
DCDC2,0.6222137
ALS2,0.62219334
PRPH2,0.6221862
ZNF215,0.6221701
EDN2,0.62212795
MOCS3,0.62204283
HSPA4L,0.6219476
TNIP1,0.6219078
PHKA1,0.621867
IST1,0.62181395
ACTBL2,0.6217156
MANBA,0.62168396
RNH1,0.6216682
TAT,0.6216568
ATP2A1,0.621611
SMAD5,0.6215997
GNG10,0.62153083
SUMO4,0.62148964
EPGN,0.62148345
GLIPR2,0.62144387
FOXR1,0.62143254
CYP2U1,0.6213915
PPIL4,0.62133336
GLRX3,0.6212784
B3GALT1,0.62125885
FRMD8,0.6212547
ITIH1,0.62122035
ACOT9,0.62121546
ANTXR2,0.6212099
NEK10,0.62120795
SLC8A3,0.6211965
TIMM10,0.62096536
SLC36A1,0.6209111
EVI2A,0.6208623
RGCC,0.6208305
CCDC116,0.62082887
REG1A,0.62080944
ZFP42,0.6207706
PDLIM4,0.62074244
TUFT1,0.6207284
ST3GAL1,0.62071484
TMOD2,0.62067324
HNRNPH2,0.62066764
ELMO2,0.62063235
CNOT11,0.62057465
KCNS1,0.6205693
GPAT3,0.6205672
NONO,0.6205466
OPN3,0.6205274
ZDHHC7,0.6204691
SYT7,0.62045515
CH25H,0.6204163
SCIMP,0.6203579
DSG3,0.6202103
PLIN5,0.6202101
TAF1L,0.62018
SKI,0.6201318
PAX9,0.6201263
ACAA2,0.62003756
HSD17B4,0.62001574
CHCHD2,0.6200091
CNKSR1,0.6199594
BNIP3L,0.61995155
WLS,0.6199166
PAK2,0.61986774
SIRT3,0.61985147
CD200R1,0.61983204
ALS2CL,0.6198221
ITFG2,0.6197843
CNTNAP1,0.619736
SLC1A1,0.6197182
RAB5B,0.6197012
GPR37L1,0.61968297
IMMT,0.6196772
PPIB,0.61961055
CBS,0.6195847
KRT8,0.61954004
PPDPF,0.6195151
MAP4K2,0.61948484
SLC39A8,0.61944306
DCP2,0.61943644
TMCO1,0.6194187
AP4S1,0.61939347
CHST1,0.61937404
ARSD,0.619314
PLXNC1,0.61931056
ADD3,0.61928093
SEMA3F,0.6192802
DYNLT3,0.61925626
PITPNM2,0.61921376
ARMCX6,0.61899006
ARHGEF11,0.618984
GCSAML,0.61874026
DUSP15,0.61870813
EHHADH,0.618696
NR2F6,0.61867255
AWAT1,0.618622
SIRT4,0.61861575
MTCH2,0.61860144
FCRL3,0.6185388
PKD1,0.61836404
UNC119,0.6183236
PHLDA3,0.61831826
ATG9B,0.6182486
MSRB2,0.61823976
RGS19,0.6182357
NF1,0.61821175
GPHA2,0.6182075
MSRB1,0.6181799
SEC11A,0.61806965
DGKK,0.6180696
KLHL22,0.61805266
DGKB,0.6180476
FBXO7,0.61804444
PLGRKT,0.6179713
LOXL3,0.61796266
GJB2,0.6179009
LCLAT1,0.617897
ATG3,0.6178046
CXORF40A,0.61776364
SMOC1,0.6177293
C1QTNF2,0.6176626
MAP3K14,0.61764437
RNF39,0.6176105
PAG1,0.6174771
SNAP91,0.6174603
LRRTM4,0.61741984
NPTN,0.61741424
CREBL2,0.6173135
HNRNPH3,0.6172768
GFER,0.61719143
ANKS6,0.6171869
PRAM1,0.6171365
TXNIP,0.61711836
SYT2,0.61710775
FGD3,0.6170154
GHRH,0.6165296
PMF1-BGLAP,0.61652535
FGFBP1,0.61651295
TSPAN7,0.6164173
ATF6B,0.616408
TM9SF2,0.6164036
MINPP1,0.6163942
RGS14,0.61635005
RTN4RL1,0.6163392
CLIC3,0.616325
IL37,0.616315
ST8SIA2,0.61629486
SLC2A3,0.6162374
ANGPTL2,0.6162113
SNRK,0.61619437
PNRC1,0.6161922
SHARPIN,0.61615676
DESI1,0.6161381
NBEAL1,0.6161275
DDX60L,0.61603683
RAB29,0.61598384
DYNC2LI1,0.61596626
PCMT1,0.61588705
VHL,0.6158606
CHMP1B,0.61583865
TICAM1,0.6156825
ITLN2,0.6156702
CASQ2,0.61566865
ALDOA,0.6156361
SARM1,0.6156025
MYBL2,0.615533
ACP7,0.61551636
RAB8B,0.61551344
TMC8,0.6154049
ALDH3B1,0.61522895
EXOC4,0.61513615
SEMA3G,0.61506695
TMEM165,0.6149986
PRMT8,0.6149905
SLC25A15,0.61495924
DCHS1,0.6149329
FUT8,0.6148618
SLC30A8,0.6148132
SRSF5,0.6148119
SNTA1,0.6147583
NHLRC1,0.61473197
WBP2,0.61469877
TCERG1L,0.6146709
SLC39A2,0.6146442
PRR13,0.6146027
CCPG1,0.6145133
CA7,0.61450875
PPP3CB,0.61442846
PPP3R1,0.6144194
MT1HL1,0.6144147
ASB12,0.614401
PLK3,0.6143703
RBCK1,0.6143574
ACOT4,0.6143376
RNF165,0.614278
CKMT1B,0.6142598
SIX5,0.61425483
SPRY4,0.61413825
IDH3B,0.6141035
SPRR2A,0.6140667
MATN2,0.6140589
ANP32A,0.61398304
RNF5,0.61393195
TEAD2,0.6138932
CDH11,0.6138696
CDC42BPA,0.61384934
DNAJC10,0.6138449
DPH1,0.61381924
ASIC4,0.6138037
IGHV3-72,0.61376154
GABPB1,0.6137311
ITM2B,0.6137261
EPN1,0.61370885
STARD8,0.61368144
CYP27A1,0.61363333
EHD1,0.61349493
CBLC,0.6133634
ZNF800,0.61334693
AP4B1,0.6133081
IL10RB-AS1,0.61324924
LPCAT1,0.6132439
MSC,0.6132266
SLC46A1,0.6132222
DYNLL2,0.6132047
HNRNPAB,0.61320275
ARL15,0.61315244
SLC39A5,0.6131508
SEL1L,0.61308587
HECA,0.612981
MANF,0.61293113
MMAA,0.612893
TRIM50,0.6127771
CCDC53,0.61275464
KIAA2012,0.6126286
SMAP2,0.6125647
AP3S1,0.61252826
ICA1,0.6124217
VPS28,0.61239123
TOM1,0.612241
TEAD1,0.6122206
PIAS1,0.612213
TTI1,0.61217487
TXLNB,0.61216104
ATL2,0.61207145
LACTB,0.6119458
G6PC3,0.6118826
UCHL3,0.61182624
AP3M2,0.611825
MOGAT1,0.6118113
ADAMTS9,0.61175483
DNAJC19,0.611751
TMBIM6,0.6116875
PLAC1,0.6116618
MROH6,0.61160177
P2RY14,0.61156076
NEIL1,0.61150944
TMED7,0.6115063
TNMD,0.6113726
GDNF,0.6113592
DNMT3L,0.6113306
FXR1,0.6113002
MYZAP,0.6112838
IDI2,0.6111919
NGLY1,0.61117375
JARID2,0.6111668
PRPS2,0.61101747
ARHGAP26,0.6109246
LPIN3,0.6108777
SLC17A7,0.61086696
RTEL1,0.6108602
FDXR,0.6108016
ITPKA,0.61078995
PLA2G12B,0.6107726
DGKA,0.61074483
VGLL1,0.61066616
NAPRT,0.61066073
AIPL1,0.6106598
CHMP5,0.6106528
PRPF40A,0.61061877
RHOF,0.61053765
ARHGEF19,0.6104897
SRP72,0.61044943
MTRR,0.6102711
DCP1B,0.61022776
C12ORF57,0.6101982
CPT1C,0.6101421
IL27,0.61012065
IQGAP2,0.6100813
DYNLRB1,0.6100639
BNIP1,0.6100478
APOPT1,0.6100003
IL15RA,0.6099842
SURF4,0.6099272
CLDN1,0.609846
MAT1A,0.60981286
GAPDHS,0.6096784
CSAG1,0.60967284
SPEF1,0.6095802
SERINC2,0.6095563
SLC4A11,0.6093244
MYEOV,0.6092812
LIPA,0.6092253
LARP7,0.60920775
CLC,0.60917044
FUT4,0.6091329
LAMTOR1,0.6091175
THSD7A,0.609106
DEGS2,0.60908973
GGCT,0.609074
TBX4,0.6090566
ARCN1,0.60904706
SFTPA1,0.6089393
CHMP1A,0.6089016
SP100,0.6088835
ASCL1,0.6087966
HSPA1L,0.60878325
FYCO1,0.60877943
RSPH3,0.60877156
PFDN1,0.60876316
PSME2,0.60874677
PKMYT1,0.6087302
AP5M1,0.60869396
MATR3,0.60868967
AKAP13,0.6086806
NUP62,0.60867
AOAH,0.6084779
MAGEA1,0.60840607
PDZD4,0.6083655
THYN1,0.60831535
YPEL5,0.6082854
PRDX5,0.60825914
AP3B1,0.60824215
TIMM22,0.6081763
MAGT1,0.60812217
ST6GALNAC6,0.60809535
BLOC1S1,0.60809505
VPS4A,0.60809183
SYNM,0.60802776
FKBP14,0.6079583
LMNA,0.6079308
RAB5C,0.6078788
OSBPL8,0.6078204
ADAMTSL5,0.60781443
VKORC1,0.6077656
GCC2,0.6076282
SMPDL3A,0.60755026
SNX15,0.6075436
HGFAC,0.6075007
NFU1,0.6074649
MRGPRX2,0.6074404
PIK3C2A,0.6074107
CHST12,0.6073276
ETV1,0.6073126
CHST15,0.6072928
HNF1A,0.6072586
CRY2,0.6072515
SERPINB9,0.60712785
RALYL,0.6071075
SMARCA1,0.60708994
IL18BP,0.60707676
NFE2L1,0.60705066
TGOLN2,0.60702455
PCBP2,0.6069851
ATF7,0.606957
APOBR,0.6069104
DDIT4,0.60687745
FOXF1,0.6068588
GRB10,0.60683715
MYBPC3,0.6068304
GLT8D1,0.60683006
RALBP1,0.60679996
GYS2,0.60678893
SLC17A5,0.6067456
ALDH3A2,0.6067201
AAK1,0.60667145
ZNF106,0.6066554
ETHE1,0.6066436
TJP2,0.606557
PGAM1,0.6064734
CABP4,0.6063182
MSMB,0.6062101
MAGEC1,0.6061455
PIGA,0.6060792
CH17-340M24.3,0.60606027
CERS6,0.6060479
NEGR1,0.6060413
CERK,0.6059714
TRAM1,0.60586077
NPPA,0.60584867
RNF7,0.60571414
MAN2A1,0.6056622
ACOX3,0.6056286
SEC24B,0.6055357
ECT2L,0.60550004
SOX6,0.6054766
TGIF2,0.60523415
THSD1,0.60517716
MAPKAP1,0.6051375
USPL1,0.605008
RAP1GAP,0.6048693
JAML,0.6048664
CYP26B1,0.60477436
DMRT1,0.6047067
ADCY2,0.604704
PDCL,0.60470116
HEPHL1,0.6046737
MOB1B,0.60465914
SNX8,0.6045939
OXSR1,0.60452056
MEP1A,0.6044596
RBPMS,0.6044572
MARC2,0.60443085
SATB1,0.60438305
KCTD19,0.6043781
CCNL1,0.6043472
TNS1,0.60431993
SPIB,0.6041051
MICA,0.6040948
SNHG15,0.6040114
SLC38A10,0.60394716
USH2A,0.6039239
GIT1,0.60387176
TP53I11,0.6038527
LAMTOR4,0.60382617
PYGL,0.603825
IBA57,0.60375965
ATG14,0.60374165
RAP2A,0.6037236
RP1L1,0.6037077
ADTRP,0.60368365
ZSCAN10,0.60364234
PENK,0.60363925
DTX3L,0.60361165
BACH2,0.60350883
GNRH1,0.6034186
CORO6,0.60341847
CAPRIN1,0.60330325
HHAT,0.6032723
AZI2,0.60322607
SLC31A2,0.60321987
TAGLN3,0.6031935
NNAT,0.6031602
ZNF467,0.6031221
PAIP1,0.6030162
DHRS11,0.6029526
ARL8B,0.6029302
TMEM167B,0.6029271
CRY1,0.60290164
DSTN,0.6028947
CD99L2,0.60279745
SRSF4,0.60278386
CKM,0.6027106
NPRL2,0.6026159
RNPEPL1,0.60259867
AMOTL1,0.6025785
HPCA,0.60250145
GIP,0.602491
SLC12A7,0.6024877
RNPS1,0.6024721
AP1S2,0.6024503
SNAP47,0.602438
FRMD4A,0.60235626
PTPN14,0.6023427
PDE6G,0.6022539
IVNS1ABP,0.6022004
C15ORF40,0.6021668
GNAO1,0.6021465
CHCHD7,0.6021287
CMTM5,0.60207117
BEAN1,0.6020545
TFG,0.60203695
GLO1,0.60201347
TAB3,0.6019953
HGD,0.6019746
SH2D2A,0.6019584
CDH12,0.60195434
CHCHD3,0.60192966
SERTAD4,0.6017884
IRGM,0.6017731
COX19,0.6016904
IQSEC3,0.6016646
CISD1,0.6016146
SH3BP2,0.6015465
CYTH2,0.60151404
NPAS2,0.6014992
GNG7,0.60148585
PLEKHA7,0.60148567
CFLAR,0.60147744
ARHGEF5,0.6014443
PTPN12,0.60141647
SEMA6A,0.60140073
MMD,0.6013913
MED12L,0.6012984
HADH,0.60116994
CCDC30,0.60116076
OBSL1,0.6011507
CHMP6,0.6011342
REV3L,0.601129
VGLL4,0.6010983
AKAP7,0.6010352
SH2D3A,0.60099465
IFI16,0.6009575
DNAJC13,0.60091645
BICD1,0.6008775
TNS3,0.60074365
RFTN1,0.6006824
RNASEH2C,0.60063237
FHL3,0.600623
TP53I3,0.6005806
MAP4K1,0.6005353
TRIAP1,0.6005255
ARHGAP4,0.60050356
PREX2,0.6005021
MDK,0.600472
TRIM45,0.6004639
GPLD1,0.6004421
MTMR14,0.6004317
CAMSAP3,0.600424
SYVN1,0.60039616
CLCN7,0.6003448
GNPNAT1,0.60034215
BIRC7,0.6003148
CORO1B,0.60030305
TECTB,0.6002456
PHLDB2,0.6002233
CHD3,0.6002223
KLF1,0.60018724
ASAP1,0.6001769
PPP2R5C,0.60017085
ALDH5A1,0.60016584
SGCE,0.60016525
KCNG3,0.6001626
BCS1L,0.6001073
PPCS,0.60008335
ZAN,0.60008097
OST4,0.5999944
HFM1,0.59997463
PLIN3,0.59995854
PDGFC,0.59993935
ARHGEF16,0.5999078
PSMG3,0.5998989
IER5,0.5998975
SLC5A5,0.59987766
RASAL2,0.5998563
GRK6,0.59981376
SSFA2,0.59976757
ACTR1A,0.59961236
DEPDC7,0.59946513
ZNF22,0.599455
ZC3HAV1,0.5993899
MLLT4,0.599373
GPC4,0.5993532
GPT2,0.5993469
RAPGEF3,0.59933645
ASAP2,0.5993358
HBQ1,0.59922755
DYNC1I1,0.5991487
UBQLN1,0.59914774
SMPX,0.59912366
EFHC2,0.5991124
OTUB1,0.5991007
REEP2,0.59904754
RIN2,0.5989869
MFN1,0.5989818
RIMKLB,0.59887064
CRYZ,0.59879094
UBXN10,0.5987787
EPB41L4A-AS1,0.5987538
NRROS,0.5987181
SLC38A9,0.59871787
CNNM1,0.59864956
GFY,0.5986191
ITPRIPL2,0.598606
IGHV1-3,0.59854186
CDK5R2,0.59850824
BCAP31,0.598446
RGP1,0.5984229
MYLK4,0.59837615
HOXA2,0.59827393
SLC26A2,0.5982133
SUMO3,0.59819657
PRKCSH,0.5981732
SLC32A1,0.5981538
LHPP,0.59815055
ATP2B2,0.5980979
ESYT3,0.5980943
HSBP1,0.59799945
ACRBP,0.5978631
GLMP,0.5977646
TIMM9,0.5977535
DCTN4,0.59772456
MAPK7,0.5976385
ETFB,0.59759504
PRAP1,0.5973896
PARL,0.5973645
DUSP8,0.5973551
SULT2A1,0.5973506
ZNF750,0.5973008
TMEM159,0.59721005
KLF2,0.59717715
CIDEB,0.5971757
KCNAB2,0.5970952
ECHS1,0.5970831
MGAT4C,0.5969348
PSME1,0.59692764
RIC1,0.5968818
MOSPD2,0.59687567
SESN2,0.5968696
DBT,0.59684443
LPP,0.59682083
EPS15L1,0.59678465
PLEKHG5,0.5967592
MSI1,0.59673357
CXORF21,0.5967306
SFXN3,0.5967272
TCF25,0.5967226
FBXL14,0.5966418
ARAP1,0.5965862
SEPW1,0.59656096
DOK2,0.59654766
GIPC1,0.59651893
EIF2A,0.59642684
TRDN,0.59633815
ECSIT,0.59633595
TCEAL2,0.59633505
DDN,0.5963305
PET100,0.5962011
RHBDF1,0.5961517
GPR18,0.59613186
SIRT7,0.59611255
CDC42EP3,0.5960851
EGFL8,0.59608155
CNTN1,0.59607065
CTNNA3,0.59601814
RP11-138A9.1,0.5960009
MARS2,0.59597635
KIF9,0.59596074
WWC1,0.5959216
BAD,0.5958706
BTN3A2,0.5958284
VGF,0.59575045
NUDT7,0.595745
LY9,0.5957416
DTNA,0.5956967
RBM20,0.5956614
P2RX1,0.5956196
BACE2,0.59556854
ARHGEF2,0.5955552
MFN2,0.5955493
BCAS4,0.5955277
EBI3,0.59545034
SMARCB1,0.5953549
AKR1C3,0.5953283
TMEM219,0.5953231
EXOC8,0.59521997
GCDH,0.59518087
KDM2B,0.5950676
PUS7,0.5950658
FES,0.59503156
REEP5,0.59497744
CCDC22,0.59496516
AGPAT2,0.59491503
TUBGCP5,0.59489906
THOC5,0.5948777
MAN2C1,0.59487474
GRPEL1,0.594851
SLC26A5,0.5947035
TNIP3,0.59469587
PTGES2,0.5946736
ZBTB16,0.59462184
MCOLN2,0.59458137
SLA,0.5945295
CTD-2336O2.1,0.59442157
EFNA4,0.5943992
POLB,0.59439576
SPAG7,0.59439385
GRSF1,0.5943638
FBXO34,0.5943536
RAB14,0.594308
ZBTB1,0.5942599
FNIP2,0.5942319
MTMR11,0.5941934
FOXH1,0.5941896
TXNDC15,0.59414756
CD244,0.5940558
TIGAR,0.59404737
RPP40,0.59403545
CTF1,0.59399444
SLC9B1,0.5939462
CHSY3,0.5939206
GATM,0.59390056
BOLA2,0.59384227
PGC,0.5937983
CYB5B,0.5937699
PTK7,0.59374326
CAPN10,0.5937268
SLC16A7,0.59358305
MBP,0.59354436
GALC,0.5935433
TRIQK,0.5935065
IL9R,0.59333634
IDH3G,0.5933138
ACOXL,0.59329426
BHLHE40,0.59324443
UCP3,0.5932431
FAM83B,0.59315
CASC4,0.5931484
NXNL1,0.5930823
SHROOM3,0.59301734
FER1L5,0.59296477
ATG101,0.5929418
ZBTB43,0.59277964
RILPL2,0.59273165
TXNL1,0.592722
PCNX,0.5927044
SPTLC3,0.592667
ABHD14B,0.5925833
TRIM21,0.5924844
MEF2A,0.5924413
TEAD3,0.5923153
LRFN3,0.5923081
PXDC1,0.59222376
SERPINB1,0.59217757
KCTD1,0.59210753
AMPD2,0.5920842
KCNJ4,0.59204525
SIGIRR,0.59196204
FECH,0.59190494
PDCD6,0.59184456
TBR1,0.59184
XRN2,0.591819
STXBP5,0.5917827
TFE3,0.5917819
PRSS57,0.5917379
HBD,0.5917333
SET,0.59161204
ASIC2,0.5916084
SPATA18,0.59152377
DNAJC7,0.5914521
SEMA6C,0.5914256
RASA4,0.5913889
SERTAD1,0.5913422
HHEX,0.5913342
AQP7,0.591334
DPPA3,0.5912896
ZNF214,0.5911805
GADD45G,0.591162
NUP62CL,0.5911605
TSPAN14,0.5911287
FMO3,0.5911245
TCEAL1,0.5911115
ST6GALNAC1,0.59104884
MYRIP,0.59100735
SLC22A14,0.59082264
CYP4F8,0.59064335
DCTN5,0.59059644
COPS6,0.59058666
BNIP2,0.59056103
PLD3,0.5904784
OCIAD1,0.5904597
CHURC1,0.5903809
PC,0.5903028
USO1,0.5902396
ARF4,0.59023273
MOB3B,0.59015393
MAPRE3,0.5901438
SUPT3H,0.59011734
PRND,0.59009314
PARG,0.58999985
DLST,0.5899514
GSAP,0.58990484
PHC3,0.58986825
METAP2,0.5898654
VPS45,0.5898616
ELAVL4,0.58979285
KCNK5,0.58975923
PAPSS1,0.5897416
SKIL,0.58969957
BLACAT1,0.5896895
YME1L1,0.5896664
HTR1D,0.58963656
FKBP8,0.5896308
SAMM50,0.5896278
CPM,0.5895953
RGS12,0.5895761
PEX5,0.58955866
C14ORF159,0.5894967
C1ORF198,0.5894121
STAP1,0.58937305
SUCLA2,0.5893526
RP11-347P5.1,0.5893418
PHLPP1,0.5893413
TSSK6,0.58931434
ATP2C2,0.58924675
FUT2,0.5892423
HERC2,0.58913696
GRHPR,0.58910286
SLC35A1,0.5890647
CDH4,0.5888962
VPS39,0.5888931
LYST,0.58885
LGALS4,0.5888256
SLC7A11,0.5888111
ESYT2,0.5888032
CHST11,0.58874214
NOM1,0.5885898
ABHD16A,0.58851343
DERL3,0.58849967
UHRF2,0.5884677
GIPC2,0.58843815
PTBP3,0.5884369
TACC2,0.5884037
ANGPTL6,0.5883603
FGFRL1,0.58835155
P3H2,0.58834046
PPP1R42,0.5882916
EPHA6,0.5882461
DDX3Y,0.5882337
NFIX,0.58821785
VPS4B,0.58814883
TRPM2,0.58811367
PBDC1,0.5879661
BBC3,0.58790827
SLC24A1,0.5878939
VPS41,0.58788556
SCEL,0.5878118
U2AF1L5,0.5877045
GIT2,0.5875989
HYKK,0.5875679
KAT8,0.5875572
PCBP1,0.5875283
COX20,0.587517
FLRT2,0.5875104
ADAMTS8,0.5875006
EFR3A,0.58745104
PIGR,0.58743966
SSPN,0.58740944
PAMR1,0.5873823
HOXA4,0.58735967
PELI1,0.58735526
JMY,0.5872477
PPP1R13L,0.58721673
BPIFA1,0.5871473
ANO6,0.5871223
TOR3A,0.58709055
SCML2,0.58704644
JMJD1C,0.58704627
RAB11B,0.58698857
FBXW11,0.58689433
MAGI3,0.5868834
MEX3A,0.58675724
VTA1,0.58672845
MMP24-AS1,0.5866741
RGS20,0.5866545
CCNI,0.58664465
VPS33A,0.58661634
SRSF10,0.58654696
HCCS,0.5863682
WRAP53,0.5862793
LHX3,0.58612907
RGS2,0.5860263
SEC22A,0.5859951
CCDC90B,0.58598614
ARL3,0.5859244
SLC23A1,0.5859185
HDLBP,0.58589995
PDE7B,0.58576095
FAM89A,0.5857505
APPL1,0.58562183
ARHGEF10L,0.5856074
RPE,0.5855939
GPR183,0.58552223
NAA50,0.58541983
ARVCF,0.585371
TEX264,0.585298
PSME3,0.58529174
UFM1,0.5852637
EIF4G2,0.58523923
HYI,0.58523613
RBP3,0.58519197
SLC27A2,0.5851042
HAPLN3,0.58506393
SERPINB5,0.58503616
WDR76,0.5849692
PAFAH1B1,0.5849582
NEK6,0.5849414
ZCCHC6,0.5848972
GDAP1,0.5848932
FHOD3,0.5848781
MTA2,0.58484507
ZEB2,0.5848204
OLFML2A,0.5848099
BNIP3,0.58474195
C6ORF52,0.5847228
SCUBE2,0.5847159
SULT1A1,0.5847124
DHRS9,0.5845647
CDH13,0.58456266
AMHR2,0.5845542
VWCE,0.5845073
PDCD10,0.58450085
SPNS1,0.58444774
PFKFB4,0.58440316
SEMA6B,0.5844024
XIRP1,0.58437085
EIF4E3,0.5843613
PRKAR1B,0.5843373
B4GALT3,0.58421123
LMAN2,0.58420986
ST6GALNAC5,0.5842039
GOLGB1,0.5841964
AHRR,0.58413213
TMEM186,0.58408296
TMEM261,0.5840002
KIF5A,0.5839259
ANKRD12,0.5838615
MTAP,0.58378255
KIAA1551,0.5836632
CUL9,0.583648
NT5C,0.583648
TM4SF5,0.5836097
AKAP5,0.58359396
SLC39A7,0.58349925
PLEKHF2,0.5834409
PARP16,0.5834187
CNN2,0.5833295
SRGAP2,0.58329594
PURA,0.5832299
SCGB2A2,0.5831757
HEY2,0.58316296
SLC16A1,0.5831374
GMIP,0.58309805
CAT,0.5830853
C4ORF19,0.5830326
HSPA6,0.5830287
MYOZ3,0.58298934
PDHA1,0.58280474
SH3BGRL,0.582745
MTA3,0.5826994
BTF3L4,0.5826047
LHX9,0.5825334
SYTL3,0.58251363
METTL8,0.5825074
HIGD1A,0.58249164
HIGD2A,0.5824888
RNF19B,0.58247316
RABEP1,0.5824312
CDC42EP4,0.58238435
PVR,0.5823292
PLEKHA5,0.5822648
CD99,0.5822303
RAB26,0.5820061
GABRB3,0.5819833
CNKSR2,0.5819568
TSPAN31,0.5819491
AUP1,0.58193815
ISL2,0.58192134
CROCC,0.58187866
DHRS4,0.5818553
TMED4,0.5818175
CLPP,0.58180964
EMC4,0.5817655
H1F0,0.58175904
PDXK,0.58174944
SYN2,0.5817269
USP53,0.5816536
GPR37,0.5815178
SPG11,0.5815081
MID1,0.5815043
GJD4,0.5814893
CERKL,0.5814709
CFAP52,0.5814551
PUDP,0.58137655
DGKE,0.58131677
PKP3,0.5813028
AGBL3,0.58129674
DUSP4,0.5812627
FBXO10,0.58124536
BTG4,0.58118343
NMI,0.5811803
MAP3K4,0.58113587
IL36B,0.58104837
MIF4GD,0.58103454
MCTS1,0.58098596
GOLGA2,0.5809413
KLC1,0.5809131
STX2,0.5809082
PHYKPL,0.5808974
DNASE1,0.5808949
CCNL2,0.580857
KDM3A,0.58081937
LBH,0.5808116
CCL28,0.580776
KIF26A,0.5807493
FAAH2,0.5807218
VAMP4,0.5806815
DDX21,0.58067
AJUBA,0.5805987
CYB5R4,0.58059615
ECI2,0.5805418
VIM-AS1,0.580515
TP63,0.58050144
ANO5,0.58047336
LSM14A,0.58038783
NRIP1,0.58034474
AP3S2,0.58019805
ICAM5,0.5801873
EGFL6,0.58009416
GNRH2,0.58009154
SYNJ2BP,0.5800425
PRDM1,0.57997066
MLPH,0.5799342
TMEM120A,0.5798576
SDF2,0.5798547
OAT,0.5797075
PCGF1,0.579677
FOXP1,0.5794812
TFAP2B,0.579481
GPR135,0.579419
EFCAB6,0.57931244
KPNA4,0.5793032
VASH1,0.5791904
OPHN1,0.5791565
HGH1,0.57910794
WDR82,0.5790799
UQCC2,0.5789772
ARHGEF7,0.57894427
KCNJ1,0.578935
CLIP1,0.57892925
NFKBIB,0.5788611
HMOX2,0.5788382
MBOAT2,0.5788015
GAGE12J,0.5787379
CCDC120,0.5786885
CECR5,0.5786799
LEFTY2,0.57865137
CNTN3,0.57854784
SRSF6,0.5785221
SEPT9,0.57846975
RGPD3,0.57842803
HAAO,0.578352
RNF128,0.5783339
SLC29A3,0.57828385
EED,0.57826114
SHOC2,0.57820165
UPF3B,0.57811594
MOB1A,0.5781155
TRIOBP,0.57810646
AK3,0.5780667
KCTD10,0.57804596
RBPMS2,0.57797605
SELENBP1,0.577966
RNF168,0.57793605
PIWIL1,0.5779326
MYO18A,0.5778926
MPDZ,0.5778905
STX18,0.5778495
GPR78,0.57783544
PTPRS,0.5778288
APC,0.5777394
PDX1,0.57772624
CSNK2A2,0.57762957
DDRGK1,0.57762074
ETV5,0.57760346
HSD17B10,0.5775279
ARHGEF40,0.57749134
TRAPPC3,0.57747006
TOMM7,0.57737505
UBE2V2,0.57733023
DNM2,0.57726765
ARHGAP35,0.57716376
SLC6A9,0.57707757
UFSP1,0.5770514
TRIM17,0.57702917
IGF2BP3,0.57697076
GSG1L,0.5769509
SLC1A6,0.5769054
FNBP1,0.5768573
FBXO43,0.5768497
FCRL1,0.5767533
ISYNA1,0.57673293
ADI1,0.57671905
RXRB,0.5766268
HPS4,0.57659185
HYAL3,0.5765433
CNEP1R1,0.5765064
DDX1,0.57645
NDFIP1,0.57626987
ASTL,0.5762206
RABGGTB,0.57620764
ESD,0.5761857
TIAL1,0.576069
LHX6,0.57606137
DDX20,0.5760094
ISCU,0.57590616
DDX17,0.5758933
PMM2,0.5758108
RCBTB2,0.5757929
BASP1,0.5757522
PAX3,0.5757394
ADGRG1,0.57572156
TFAM,0.57565516
FLCN,0.5755865
RAP1GAP2,0.5755353
COASY,0.5755271
GDI2,0.5754998
KCNH8,0.5754488
SERP1,0.57543975
NLRC5,0.57543766
PARD6G,0.57542926
TAOK3,0.5753964
CAPN8,0.575318
CA8,0.57529694
MYCL,0.57525563
TUT1,0.5752393
UBE2E3,0.5751157
CORO2A,0.5751068
AKT1S1,0.5750978
POU2AF1,0.5750221
SLIRP,0.5749759
EME1,0.5749566
FZD6,0.5749545
GLE1,0.57494944
KCNG2,0.57492554
MOCOS,0.57488793
STXBP6,0.5748292
IL17D,0.5748257
SETD3,0.574795
EIF2B5,0.57474697
RP11-382A20.3,0.57474077
BTN3A1,0.5747309
CLECL1,0.57470536
BFAR,0.5746702
RALGDS,0.5746305
NR2F1,0.57460797
MYCN,0.5745899
MYCBP2,0.5744968
ZCCHC2,0.5744798
SHPRH,0.5744716
TOR2A,0.5744651
KIAA1217,0.5743617
GAST,0.5743152
RAB17,0.57430136
AQP11,0.5742453
FAM32A,0.5741937
PACS1,0.57415456
STK11,0.5741141
GUK1,0.5740657
RNF14,0.5740213
PRELID1,0.57399094
TSPAN12,0.57395244
PLA2G4F,0.5739222
LRG1,0.5739139
TNFRSF21,0.57387817
CCZ1,0.5738354
RASGEF1A,0.57381296
ARFGAP2,0.5737219
GNG8,0.5737198
DAPP1,0.57369363
CTTNBP2,0.57365
EIF4EBP2,0.5736407
PIP4K2B,0.57363373
TFPT,0.5736294
RP2,0.5735467
ADGRD1,0.5735268
KDELR2,0.5735208
ARRDC1,0.5734973
SIAH1,0.573477
ARHGEF26,0.5734753
AIFM2,0.57339966
SH2D4A,0.57337296
RAB12,0.5732933
CASQ1,0.57328385
PAX8,0.57326627
FCHSD2,0.5732034
HAPLN4,0.57319754
KCNMB2,0.5731503
SLC19A3,0.57311696
AKAP1,0.5730713
BORCS6,0.57305014
EIF2AK4,0.57303685
ZFPM2,0.5730278
NMB,0.57297456
XYLT2,0.57293093
PIK3IP1,0.5729125
CECR2,0.5728164
TRAIP,0.5727928
TMEM9,0.5727494
RDH10,0.5726979
ST3GAL2,0.57268286
RTN4RL2,0.5726826
ELAVL2,0.5725524
PARD6B,0.57253504
UBE2R2,0.5725068
WDFY1,0.57246095
DCTD,0.5724587
NXT1,0.5723616
AKR1A1,0.5723453
USP21,0.5723448
SYTL4,0.57232976
FAM3B,0.5723253
HIPK4,0.5723109
RTN2,0.5722886
TTLL10,0.5722525
ZCCHC7,0.57211846
ADPRM,0.5721169
CYP2A7,0.57205546
DESI2,0.57196677
ANKS3,0.57195616
COIL,0.5718826
MEI4,0.5718122
SULT1A4,0.57174146
ZBTB18,0.5717363
ANKRD1,0.5717278
SHANK2,0.5716733
CACNG8,0.5716731
TMX4,0.57162106
MEIS1,0.57153326
RAB2A,0.571517
ATG2A,0.5714857
CAGE1,0.57143533
FBXO24,0.57142675
SLN,0.5713934
AASS,0.57138264
LRRC59,0.5713819
KLHL3,0.57137257
TIMM8A,0.5713483
GGA3,0.5713377
ADIPOR1,0.5713128
TCOF1,0.57128155
TMEM2,0.5712573
GTF2IRD1,0.5712412
AQP3,0.57124114
CTNNA2,0.57113415
CELF2,0.5711216
NDUFAF5,0.57107365
TYRO3,0.57106847
LRRC40,0.5710105
CLGN,0.57100403
NOCT,0.5710027
CISD2,0.570959
MAMDC2,0.5709554
TMEM183A,0.5709361
EPB41L2,0.57090485
NHSL2,0.5708071
CDK11B,0.5706865
ACAD8,0.57062167
ERP29,0.5705055
OTOF,0.57048774
SEC11C,0.5704774
ACSL5,0.57046854
LUC7L3,0.57045764
NKX2-3,0.5704443
PDE8B,0.5704328
PKN1,0.57026243
SYAP1,0.5702579
PNN,0.57018644
RASSF6,0.5701472
SLX1B,0.5701147
ANKRD50,0.57011116
STARD4,0.57006305
FLYWCH2,0.5700578
FEZ2,0.5700514
CEPT1,0.5700502
SH3GLB1,0.5700041
ARL4D,0.57000273
ELL,0.5699287
SIRT2,0.56992865
NUFIP2,0.5699128
CAMLG,0.5699061
UBE2F,0.5698966
LHX4,0.56988543
KANK1,0.5698358
ARHGEF25,0.5697398
NEK1,0.56971055
NME4,0.56962985
ING3,0.56961894
ZNF230,0.56958604
SHKBP1,0.56954926
IGBP1,0.5695414
N4BP3,0.5695404
KIAA1522,0.5695321
CELSR1,0.5695278
RIMS2,0.569471
ST5,0.56941116
ZNF521,0.5693545
SYP,0.5692705
TMED1,0.5692567
WDR34,0.5692372
SPRR2B,0.5691699
CAMKMT,0.56916916
ANKRD29,0.56906074
SAR1A,0.5690337
VPS37A,0.56901455
WDR24,0.56901157
HSD17B6,0.56896883
PTN,0.56894106
SEC62,0.5688802
TMEM106A,0.568837
F2RL2,0.5687901
VPS18,0.56875217
ETNK2,0.5687192
SHC4,0.5686708
DEPTOR,0.5686588
FAM192A,0.5684992
NT5C3B,0.56848
STON2,0.5684773
FOXP2,0.56843746
PNLIPRP1,0.56841445
PER1,0.56826353
ORAI1,0.5682552
RBM23,0.56814945
TLE2,0.568112
LRCH4,0.5680789
UBQLN4,0.5680722
UBAC2,0.5680469
MGAT5B,0.5679949
ELOVL2,0.5679797
FUBP1,0.56794083
RDH16,0.5679326
SYT9,0.56792676
CACNB4,0.5679244
PNPLA3,0.5679213
GLOD4,0.5678848
PRPSAP1,0.56780076
NMT2,0.5677567
HNRNPA3,0.56774175
MACC1,0.56767416
CPLX4,0.5676405
RIPPLY1,0.5675815
THAP2,0.5675056
IPCEF1,0.5674673
CHSY1,0.5674175
CLK1,0.56738055
SPATA2,0.5673595
GRP,0.5673353
UBQLNL,0.5673293
KIAA0355,0.5673176
TLE1,0.56730163
AP4E1,0.56729215
TCEAL4,0.56727034
HPS6,0.56720376
AKR1C2,0.5671805
NEU3,0.5671798
KLF6,0.56711
GGTLC3,0.56706774
CCDC68,0.5670558
KDELC2,0.5670314
PITX2,0.56700677
TIAM1,0.5669493
RNF11,0.5669382
NME1,0.5669219
YIF1A,0.56689
INHA,0.5668549
TCEAL3,0.5667387
C1D,0.56672096
UPF2,0.56665576
PMPCA,0.566609
ATP2B3,0.56658894
RCOR2,0.5665366
SMPD1,0.5664331
STXBP1,0.56643003
ITPKC,0.5664295
GRIA4,0.5663777
RFX5,0.56630266
PDCL2,0.5662503
HECW2,0.56620884
NANOS1,0.5661964
AMDHD2,0.5661761
ZC3H13,0.56610024
PIK3C2B,0.56599927
FXYD2,0.5659731
PIN1,0.565941
RAB21,0.5658329
ATXN2,0.56570095
MBOAT1,0.56567085
NFYB,0.5656622
CYB5A,0.56566066
RND2,0.56553113
MICAL1,0.5654991
RGL3,0.56544334
KLHL13,0.565406
LIMA1,0.5654038
SH3GL1,0.56540036
KRT14,0.56539595
HTR1E,0.56534654
YTHDC1,0.56531274
EAF2,0.56530935
CSDE1,0.56526756
EMC10,0.565261
YTHDF2,0.5652063
ARHGAP44,0.5651582
TM6SF1,0.56512356
VPS33B,0.5651063
CREB3,0.56506526
GXYLT2,0.5649755
ITPRIP,0.5649628
GPR35,0.5648302
TES,0.5648111
FANCA,0.5647528
GPHN,0.56471497
COQ6,0.56467676
PTCRA,0.5646737
KCNQ5,0.56464803
PDZK1,0.56458956
LOXHD1,0.5645518
PNLDC1,0.5645259
RDH13,0.56451374
ALDH1L2,0.5644374
TP53I13,0.5644261
OXNAD1,0.5644085
VPS37C,0.5643827
COPE,0.56434333
C14ORF142,0.5642948
SH3TC2,0.5642827
ZSCAN20,0.5641726
POLDIP2,0.5641324
ATG9A,0.56403136
MTX3,0.56401074
TNS4,0.56400436
CAMK2G,0.5639582
KCNAB1,0.56394124
ARHGAP20,0.56394
TMEM126A,0.56391555
DCAF17,0.5638841
DNMBP,0.5638609
SERPINA6,0.56383955
TOMM40L,0.5638362
AQP10,0.5638203
NAP1L1,0.5638019
HM13,0.5637188
TMCO3,0.56371784
HLX,0.5637008
MIP,0.5636927
HYOU1,0.563639
LHX2,0.5635447
TBX1,0.56351066
APIP,0.5634998
FGD6,0.563455
PFN2,0.5633824
TMEM127,0.5633807
RBL1,0.5633458
GLRX2,0.5633391
HECW1,0.56330204
NLRP2,0.5632547
TRIO,0.5632471
HIPK2,0.5632369
CD58,0.56321836
DMBT1,0.56312615
TDRD3,0.56308
ADM5,0.5630665
TNFAIP1,0.56305873
ZDHHC6,0.56305504
ASIP,0.5630182
NAA10,0.5629935
GJB6,0.56293875
SLC10A1,0.5629052
DHX36,0.5627912
RFX3,0.5627238
IRF2BPL,0.56262994
GLIS3,0.5626105
RNF213,0.56258315
TMEM55A,0.5625228
MICU3,0.5624579
CCM2,0.5623697
SH3D19,0.56224906
SNN,0.56222814
AMDHD1,0.56217575
UNC45B,0.5621427
PACSIN1,0.5621423
ASB2,0.56213915
DCAF4,0.56212246
S100A2,0.56209695
RASSF7,0.562039
ARFGAP3,0.56202334
OSR1,0.5619207
SLC35G1,0.5619096
EXOC5,0.5618762
TRMT112,0.5618694
RGPD5,0.56185037
SLC35D3,0.5618374
SH3PXD2B,0.56182975
PRIMPOL,0.5618118
PLLP,0.5618001
CCBL2,0.56174546
LSR,0.56172675
NUP210,0.5616673
PLEKHG1,0.56165254
SCO1,0.5616449
RFWD2,0.5616216
PARP10,0.56158954
TTC7A,0.5615846
YIPF3,0.5615381
BAG6,0.5615061
UBXN11,0.5614811
TXNDC17,0.5614339
EXOC1,0.56142455
MTX1,0.56142277
SLC41A1,0.561417
CDIP1,0.561398
RALY,0.5613751
SEC24A,0.5613735
BCAP29,0.5613598
EPS8L1,0.56134886
ATXN7,0.56134874
CELF4,0.56128407
KSR2,0.5612482
MAML2,0.5610887
DPEP3,0.56100714
MTA1,0.56096727
SLC30A7,0.5609615
ADAM8,0.5609306
TMX2,0.56091964
CYB5R3,0.560891
PRRG2,0.5607822
NKD2,0.56077886
SRGAP1,0.5607288
MKRN3,0.56071657
PPP1R2,0.5606891
SLC1A3,0.5606388
MICALL1,0.56060314
DOCK11,0.5605482
BTBD9,0.5604674
C11ORF88,0.560464
PRR5,0.5604586
TAX1BP1,0.5603735
GATB,0.5603705
CCHCR1,0.5603468
RAP2C,0.5603318
DENND3,0.56032556
PASK,0.5602983
CLDN6,0.5602883
NAB1,0.5602586
SLC5A12,0.5602268
LIMD1,0.5601321
ATP2C1,0.56009614
CHPF2,0.5600599
GREB1,0.56004417
MAN2B2,0.56002545
RBM43,0.5599837
TMEM53,0.5599798
SEC16A,0.55996954
SLC25A11,0.5599332
MAGED1,0.5598991
TOLLIP,0.5598623
HADHA,0.55986136
GPRIN2,0.5598482
ARHGEF3,0.55982804
PLXNB1,0.55981815
VIPR2,0.55980504
HNRNPA0,0.55975884
HMBOX1,0.55975604
PRR15L,0.5596431
BORCS8,0.5595784
TPMT,0.55953115
ST3GAL5,0.5594875
ARHGDIA,0.55944014
FJX1,0.55933625
CNDP2,0.5593266
CPLX3,0.5592791
CARD6,0.5592673
PRDM9,0.5592324
DNM1L,0.5592314
UGGT1,0.55922925
NMRAL1,0.55918646
CDIPT,0.5590803
RBSN,0.55905974
SSX2IP,0.5590248
HCRTR1,0.5590234
USP8,0.5589743
SLCO6A1,0.55893064
PODXL2,0.55891454
LRTOMT,0.5589022
DLAT,0.5589019
GAB1,0.55888975
CCDC14,0.5588783
TCL1B,0.55883324
NUDT19,0.55882335
UTP11L,0.5588223
FXYD4,0.5587479
PRPS1,0.55873173
CYB5RL,0.5586917
NSFL1C,0.5586871
CRMP1,0.55862164
ACADVL,0.5585707
FOXRED1,0.55854404
SPR,0.55847585
PLOD3,0.5584483
FUT1,0.5584013
SYTL1,0.5583623
P2RX4,0.55835056
PLD1,0.5583314
GLRX5,0.55832314
TMEM106B,0.5583199
PIP5K1A,0.5582666
PAWR,0.5582624
ARHGAP1,0.5582178
PAPOLA,0.5582055
FNDC3A,0.55819404
PEBP4,0.55819
MPZL3,0.55813754
SDSL,0.5581317
OXSM,0.5581264
PKN2,0.558102
QKI,0.55806005
CES3,0.5580579
MCEE,0.55805314
TRAF7,0.55803907
TNPO1,0.5580343
IFT122,0.5580181
GABRA4,0.55796295
CPNE3,0.55782527
NFS1,0.5577685
TPRN,0.5576843
WDR35,0.5576414
UBE2G2,0.55760735
RBBP6,0.55757004
MKL2,0.5574865
ABLIM1,0.5574662
MTIF3,0.5574211
FAM214B,0.55738604
SARS,0.5573782
CATSPER1,0.5573425
HOXB2,0.5572831
DNAJC4,0.55727166
ATG4A,0.5572542
ADAMTS17,0.55722195
VPS16,0.5572215
CLCN6,0.557205
BCL7C,0.5571753
IRF6,0.5571614
DNAJA1,0.557159
ACAT1,0.55710334
UVRAG,0.55709493
ZNF2,0.55708647
HCAR1,0.55704856
IDE,0.55697554
PRMT9,0.556913
KDM7A,0.5568747
FLAD1,0.55685014
CNTRL,0.5568088
HTRA2,0.5566992
KDM8,0.5566642
WNT4,0.55665946
UBAP1,0.5566413
FGFBP2,0.5566411
ACSS2,0.5565443
MAGI1,0.5565422
KLHL31,0.55654067
SLC9A3R1,0.5565236
DPP7,0.55651575
HTRA1,0.55646217
ABCA9,0.55645573
ME3,0.5564348
ERLIN1,0.5564085
RAD51B,0.5563816
CAB39L,0.5563768
PPP1R3E,0.5563752
SUFU,0.55637264
SGK1,0.5563624
TPK1,0.55630994
UNC13A,0.55629766
TXNDC11,0.55629116
TECR,0.556279
PIP4K2A,0.5562654
DHDH,0.556249
MAN2A2,0.5561896
NEBL,0.5561718
FGD4,0.55613166
MKRN1,0.5560551
NEK7,0.55603004
SYNGR2,0.55596215
DAP,0.55595416
OSER1,0.5558517
PDE1A,0.55584866
TRH,0.5557672
MDH1B,0.55576026
TOMM34,0.5557562
CSNK2B,0.55571544
GID8,0.55571353
ARL2BP,0.5557015
STK26,0.55567026
KMT2E,0.555632
IPO11,0.55561906
PPP1R13B,0.55559385
PBRM1,0.5555278
LSM10,0.5555162
DET1,0.55550814
FABP6,0.555487
LATS1,0.5554751
HRCT1,0.55547273
FABP7,0.55540437
SPOP,0.55540264
KIAA0141,0.55537456
SPRR2G,0.55517495
NSUN7,0.55511665
RAET1E,0.5551112
SLFN5,0.5550519
AGFG2,0.5549331
CHCHD10,0.55490935
AK6,0.5548746
MYO9B,0.5548641
RHPN1,0.55483925
CRACR2A,0.55482256
ZFHX3,0.55481136
IGSF1,0.5548069
WHAMM,0.5547866
PTP4A1,0.5547246
RNF43,0.55469286
PRH1,0.554692
PTPN13,0.55461156
SLA2,0.55454946
NUP88,0.554523
USP50,0.55440515
BCL9L,0.55438006
RABGAP1L,0.55437315
SOS2,0.55437165
ARHGAP12,0.55435026
NUBPL,0.5543356
TBKBP1,0.55425626
CDH15,0.5542184
SLC25A1,0.5542177
FTCD,0.5541603
IRF2BP1,0.55415225
APH1B,0.55413663
ATG13,0.5540918
CBLL1,0.55407906
MCOLN1,0.5540626
FANCG,0.5540196
NUP107,0.55386096
ACTL10,0.55383635
TMPRSS4,0.5538235
TULP1,0.553821
DOC2A,0.55377066
SOX15,0.5537678
LSAMP,0.5536832
STBD1,0.55361533
FBXL5,0.55360806
ARIH1,0.5536062
ASMTL,0.5535956
BANF1,0.5535928
RBM7,0.55356705
JAM3,0.5535477
CTA-29F11.1,0.55350757
AP5S1,0.5534827
GHITM,0.5534523
YIPF6,0.5533918
KDM5B,0.5533821
UBE2Q1,0.55333865
RASGRP4,0.5533365
AK2,0.5533182
LUCAT1,0.5533101
TMEM114,0.55327404
SUDS3,0.5532619
AAGAB,0.55323744
MMP28,0.5532308
EI24,0.5532255
HIP1R,0.55320257
ATP2B1,0.5531393
TSNAX,0.5531346
PTPMT1,0.55312246
MAML3,0.5531136
GPBP1,0.5531037
SEC24C,0.55307853
TMX3,0.5530685
STT3B,0.5529934
ADAM19,0.55298895
ETV4,0.55296814
RWDD1,0.5529273
HPS1,0.55292284
AIMP1,0.5529208
CERS2,0.5528775
NT5C2,0.55287516
EMILIN2,0.5528573
ERO1B,0.5527508
LDHB,0.55274725
MARCH3,0.55271876
COPG1,0.55265427
FRK,0.55260694
AJAP1,0.5525686
WDR11,0.55251443
IFNE,0.5524866
DGKZ,0.5524278
TIFA,0.5523837
DRG1,0.5523735
ACAT2,0.5523299
MDM4,0.55228937
KIAA1143,0.5522848
MTHFR,0.5522804
MPST,0.5522484
WTAP,0.5522232
CACNB2,0.5521922
DGKI,0.5521642
NKX2-4,0.5521213
SMARCC1,0.55209744
SMIM24,0.5520669
STAM2,0.552045
EDEM3,0.5520237
ULK2,0.55196923
SMARCE1,0.5519098
SOX5,0.55187905
SMN2,0.5518568
GSTK1,0.55182713
CD84,0.5517682
MAT2B,0.5517178
RPH3A,0.551597
ESRP2,0.55152756
MPZL1,0.55152744
LINC00152,0.55152744
MAGEL2,0.55151415
FZD3,0.5514757
GBA2,0.5514399
GRK1,0.5513961
COLGALT2,0.55138725
SLC6A11,0.5513576
C4ORF48,0.5513431
AHCYL2,0.5512831
STON1-GTF2A1L,0.5512634
HEBP2,0.5512136
GOLIM4,0.5511833
TRIP6,0.5511559
MLXIP,0.55113417
ETNPPL,0.55107707
CCDC25,0.5510725
ST6GALNAC2,0.55104065
OSGIN2,0.55101717
ESRRG,0.55095345
MOCS2,0.55090976
ULK3,0.55084926
INPP4B,0.55082875
MGAT4A,0.550803
SZT2,0.5507912
PPP4C,0.5507771
RGS16,0.55075264
TAX1BP3,0.5506979
LELP1,0.55061424
ADK,0.55055964
TINCR,0.55053973
STK17A,0.5505067
CDH7,0.550491
FYTTD1,0.5504659
VPREB1,0.55041444
RTCB,0.5503959
PCGF3,0.5503793
ZBTB10,0.55033773
LPIN1,0.55029273
FAM65B,0.55028164
ANKRD22,0.55027556
MAPK4,0.5502086
DAB2IP,0.55017173
SLCO1B3,0.550097
ZFPM1,0.55005866
NUDC,0.5500419
TFF3,0.55000246
QSOX2,0.5499915
ERGIC1,0.549966
LYPD3,0.549915
TDRP,0.5499123
CMAS,0.54988396
WDR41,0.5498633
HMGB2,0.5497911
PAIP2B,0.5497508
THEG,0.5496063
KRT18,0.5494594
SFTPC,0.5494463
BAZ2B,0.5494306
CNGB1,0.5494304
DVL3,0.54936117
SSB,0.5493394
DPH3,0.5492842
DDX46,0.54928017
WDR26,0.5492546
KIAA1324,0.5492422
DPP8,0.5491772
NEURL1B,0.5491589
SEH1L,0.5491327
ATP10A,0.54911864
TRPM6,0.5491176
RGN,0.5490923
CKAP4,0.54909134
GNPTG,0.54906356
SOX4,0.549035
COCH,0.5490183
HOXA5,0.548941
NEMF,0.54891014
TRIM38,0.5488877
DOLPP1,0.5488564
FOXRED2,0.54873765
MYO5A,0.5487114
ACP1,0.5486635
SMARCC2,0.5485858
FAM13A,0.5484897
TCP11L1,0.54838866
PON3,0.54836947
KPNA7,0.548365
DCAF4L1,0.54835767
SNTG1,0.5482172
CDK11A,0.54812205
SCML1,0.548067
CACNG1,0.5479517
MIR155HG,0.5479456
MYO9A,0.54794466
KCNRG,0.5479299
TRAPPC4,0.54791874
ISCA1,0.5478901
DNAJB6,0.5478899
BLOC1S3,0.5477482
COL22A1,0.547721
TADA3,0.5476743
NPHP1,0.54762405
LARS,0.5475583
TCTEX1D2,0.5475097
ARL6IP5,0.5473932
SREBF2,0.5473526
RTN4R,0.54732597
SPIC,0.5472893
LMO3,0.54724985
PSMG4,0.54718244
METTL16,0.54715085
PACSIN2,0.547052
UBL4B,0.5469936
PEBP1,0.5469325
MAP3K2,0.5468571
SCGB3A1,0.54685354
SNX7,0.5468191
RP11-108M9.4,0.5468079
TRIM31,0.5467966
MAPRE1,0.5467938
PSME4,0.5467839
KDM4B,0.54675937
KCNK6,0.5467447
AQP5,0.5467276
ADGRL1,0.54672474
PDGFA,0.54671204
VMP1,0.5466522
PITPNM1,0.54664177
CAMK1D,0.5466171
ZSWIM6,0.5465777
PI4KA,0.54656374
CD320,0.5465122
KCNE4,0.54639196
PPP1R17,0.54636395
DUS4L,0.54631585
PDCD5,0.5463153
FBXW10,0.546288
CAPN14,0.54627186
DNAJA2,0.54624707
PLXNB3,0.5462309
TIMM17B,0.5461912
TCEA3,0.54614896
UGT8,0.54614156
PTPRJ,0.5461136
MTRNR2L8,0.546112
FZD9,0.54609716
LEMD1,0.54605424
SAV1,0.54601306
SPTY2D1,0.54597175
STXBP5L,0.5459668
LMTK2,0.54595804
PITX3,0.5458745
FKBP4,0.5458368
RAB39B,0.545809
AK1,0.54575324
ERH,0.5456318
ELF2,0.54557586
SPATA5,0.5455581
ARHGAP6,0.5455222
ZNF114,0.54550266
KDM6A,0.5453508
MREG,0.5453212
AMD1,0.5452773
PMP22,0.5452439
TMEM205,0.54519594
ARL1,0.5451689
FAM161A,0.5451226
ADGRG2,0.5450699
SORD,0.5450394
PIN4,0.5450278
DZIP1,0.54499733
CDCP1,0.54496473
PLCXD1,0.544856
REC114,0.5448534
GNB1L,0.54475164
HNRNPDL,0.544684
DDR1,0.5446797
STC2,0.54465055
B3GNT5,0.5446238
WIPI2,0.5445967
FAM120A,0.5445806
CCNB1IP1,0.54456675
RAI1,0.544531
TBC1D17,0.54452026
TMEM14C,0.5442523
TESC,0.5441955
SEC16B,0.54417914
EMC6,0.5441767
MITD1,0.54417294
ARHGEF4,0.5440758
COG3,0.5440455
AHSA1,0.5440383
DPYSL4,0.54403424
RAB3IP,0.54397476
TRIP11,0.5439465
ENTPD6,0.5439229
VANGL1,0.54389167
DLX6,0.54388976
CRX,0.5438712
DLX3,0.5437913
KRT222,0.5437756
MTCL1,0.5437644
RRBP1,0.54375863
SEPT7,0.54371846
SLC39A10,0.5436755
TDP2,0.5436504
LRCH3,0.5436355
DNAJA3,0.5436144
DKK4,0.54355776
NRGN,0.5435165
TSTD1,0.5434936
ANKRD27,0.5434848
RBKS,0.54348296
AFMID,0.54344237
DNAJB13,0.5434401
EFNA1,0.54333115
SRGAP3,0.54331386
FNTA,0.5433136
N4BP2L2,0.54321295
PLA1A,0.5431453
MZT1,0.5431134
TBC1D15,0.543112
STAM,0.54309905
OTUB2,0.5430945
UBXN7,0.5430079
ASPH,0.54293036
NUDT2,0.54291654
DUSP10,0.5428735
WDR33,0.5428048
NAA38,0.54279065
MYOZ2,0.5427303
NABP1,0.54272544
DSC1,0.5426981
VPS11,0.5426143
ALG12,0.5426009
DKK2,0.5425901
LDLRAP1,0.5425604
LRRC26,0.5425544
WDR59,0.5423063
UBXN6,0.54227924
NUDT16,0.5421732
EPG5,0.5421549
KLC2,0.542071
C12ORF10,0.5420552
RAB18,0.5419258
TK2,0.5419098
ACSL3,0.5418724
PLEKHG4,0.54180485
EXOC6B,0.5417911
MIER2,0.5417281
UBXN1,0.5416895
ACAD9,0.5416557
SLC5A3,0.5415362
PLA2G12A,0.541504
ABT1,0.54142654
N4BP2,0.5414011
RWDD2B,0.54140025
ALPK3,0.5413897
NMNAT1,0.5413896
HCRTR2,0.54137623
PTH2,0.54137415
COG8,0.54135525
ARHGEF10,0.5413027
DRD5,0.54117876
DR1,0.54113317
HMGCL,0.54107225
SNPH,0.54105836
NKX3-2,0.54105055
PFDN6,0.5410383
STRAP,0.5410172
ATPAF2,0.5410001
CNOT4,0.5409636
JAZF1,0.54092276
ARID1B,0.5409025
USP36,0.540835
GIGYF1,0.54076254
PLEKHA1,0.54074126
RHOV,0.54073614
NRXN1,0.5407189
CISH,0.54067194
RNF187,0.5406506
EPC1,0.54063725
PPP1R12C,0.5405173
DTWD1,0.54050004
RUNDC3A,0.540392
STRIP2,0.54034746
PEG10,0.54028815
ERN2,0.5401996
HIPK3,0.5400959
RNF125,0.54007876
MOB4,0.54007757
DOC2B,0.5400714
VTCN1,0.5400163
USP9X,0.53991187
ABCB6,0.5399043
SNTB1,0.53987926
PLEKHG2,0.5398568
INSM1,0.5398301
LMF1,0.5398168
NAA15,0.53981674
UGP2,0.53977835
ZSCAN1,0.53972
PTPRU,0.5397158
COA1,0.5396889
PPP1R7,0.5396328
PLPP6,0.53961587
TTLL12,0.5395292
CANT1,0.53951496
TM2D3,0.53951013
TBC1D1,0.53949696
SIT1,0.53949034
TBC1D4,0.53949034
FEM1A,0.5394643
NIPBL,0.53945404
SVBP,0.5394306
POMK,0.53936905
SIPA1,0.5393609
HOXA9,0.53933734
TIPARP,0.5392748
RSPH9,0.5392602
GLYCTK,0.53922266
NFATC3,0.5392153
KCNE1,0.53919214
NAB2,0.53918654
CARD19,0.53910077
CACNG6,0.53908557
NLGN4Y,0.53908485
HNRNPUL1,0.5390097
PTPN18,0.538898
SREK1IP1,0.5388812
PYGB,0.53883445
LRRFIP2,0.5387472
PRKAR2B,0.53874695
TBRG1,0.538743
DUSP14,0.5387368
DNAJC9,0.5386997
PYY,0.5386952
ADAM33,0.53867984
MDFIC,0.5386143
PHC1,0.53858244
TTC9B,0.5385279
FOXC1,0.53846985
SREK1,0.5384449
GUCA1A,0.5384129
DUSP3,0.5384054
DCAKD,0.5383922
ARFGEF1,0.5383298
TNK2,0.53832287
POGLUT1,0.53832257
RBM15B,0.5382192
MAGED2,0.5381865
EOGT,0.53814375
DNAJB7,0.53810745
AES,0.5380513
NUDT21,0.5380281
DSCR3,0.5379434
ZDHHC3,0.53792554
SGPP1,0.5379163
PRRT2,0.53786993
PIH1D1,0.5378404
SLC25A3,0.53777385
CMBL,0.53774023
KRT19,0.53770804
SLC25A37,0.53769964
IKZF3,0.53765064
BTG2,0.5375679
VPS51,0.53744584
TMEM208,0.5374404
USP25,0.5373139
WDR7,0.53727937
PPP1R3F,0.5372785
NECAP1,0.5372399
IER3IP1,0.5372231
LRPPRC,0.53721285
IDS,0.5371906
TGIF1,0.5371574
CRYBB3,0.537088
GRASP,0.53707224
C7ORF50,0.5370273
BBS4,0.53701794
FOXQ1,0.5369652
RIBC1,0.5369418
NIPA2,0.5369274
MKKS,0.53686863
AC090498.1,0.53682864
HEXIM1,0.53680027
NT5M,0.5367619
LMX1A,0.53667176
POLE4,0.53666586
TTC17,0.5366626
KCTD13,0.53664726
NRG2,0.5366117
TSPAN15,0.5365413
FCGBP,0.536525
DMXL1,0.5365163
TFB2M,0.53650683
FAM110A,0.53648204
TRAF3IP1,0.53636724
ACADM,0.53633857
ZNF667-AS1,0.5362872
SERPINB8,0.5362222
OSBPL1A,0.53620493
DEGS1,0.5361954
SETD1A,0.5361923
ICAM4,0.53614885
CHST6,0.5361374
SRRM3,0.53606725
CD72,0.5360314
POFUT2,0.5360154
DPYSL2,0.5359262
IFNLR1,0.5358864
LAIR2,0.5358801
MEA1,0.5358768
CDKN2C,0.53586286
BRCC3,0.5357374
GAB2,0.53570616
CBR1,0.53570426
MEAF6,0.5356903
UNK,0.5356765
BFSP2,0.53563654
ARHGAP8,0.53562176
MTF2,0.53559566
ARFIP1,0.5355918
OGDH,0.5355598
CXADR,0.535538
NIPAL1,0.53552496
PRR3,0.53550446
PRMT7,0.5354984
LMAN2L,0.535479
TRAPPC2,0.5354258
AZGP1,0.5353802
PPP1R11,0.5353756
KMT2C,0.53531003
LNX2,0.5352907
TIA1,0.53526175
COA4,0.5352205
B3GALT4,0.53519565
ZBTB8OS,0.5351619
SAR1B,0.5351585
SUMF2,0.53509694
FBXL16,0.5350684
TBPL1,0.5350137
AGBL2,0.5349148
KIF7,0.5348822
TMEM79,0.5348714
TRIM47,0.5348613
CXORF40B,0.5348366
SUV39H2,0.53481513
PDP1,0.5347794
PI4K2A,0.5347567
ZCRB1,0.5347143
ANKRD28,0.5347121
TPST1,0.5346728
RNF152,0.53464663
RFX1,0.53461593
NUDCD3,0.53461474
CHD2,0.5346066
DNAL4,0.5345894
DNAJC24,0.5345376
EBPL,0.53450125
PARP11,0.53441906
SLC22A3,0.5342781
MAX,0.53422916
NXN,0.53418
ASB9,0.5341512
OCRL,0.5341097
C12ORF66,0.5340559
PRKAR1A,0.5340411
KIAA0895L,0.5340384
KSR1,0.5340382
CAMKK2,0.5340078
LSM1,0.5339819
FARP1,0.5339171
SEMA3E,0.5338861
PPP6C,0.53388155
TCTE1,0.53388155
GAPVD1,0.533843
HAX1,0.5337976
FAM160A1,0.53369725
MVB12B,0.5336897
MYO1E,0.53364277
SAP30,0.53354234
NPAS1,0.53350234
DENND2A,0.53348535
ZCCHC10,0.5334751
DDAH1,0.5334393
FOXA3,0.5334097
NFRKB,0.5334078
MACF1,0.5333899
HAGH,0.5333711
CHD1,0.5333511
RNF123,0.5333274
SUGT1,0.5333077
COPG2,0.53326875
CBY1,0.5331961
AEBP2,0.53318435
MBD2,0.533178
BTD,0.5331603
ANAPC11,0.53315395
CLDN4,0.5331129
ST20-MTHFS,0.5330599
SGCB,0.5330538
SEC31B,0.53298384
TBC1D2,0.53290164
ATG4B,0.53284913
GORASP2,0.5328154
NAA20,0.53281
POLR3G,0.53280044
NIPA1,0.53277665
UBA2,0.53275275
C19ORF66,0.53267586
DACT1,0.53257954
UPF3A,0.5325706
RPP21,0.5324767
P2RX6,0.53246677
PPP2R5B,0.5324453
WIF1,0.53243124
CLIC4,0.53240573
TACC3,0.5323703
TM7SF3,0.53234154
TIMM50,0.5321874
PFDN4,0.5321783
CHURC1-FNTB,0.53208333
AKAP10,0.53208256
MFNG,0.5320594
ATPAF1,0.53205705
UBE2H,0.5320276
SETX,0.53199464
CAPN3,0.53198457
PARP4,0.5319798
PARD6A,0.5319762
MTFMT,0.53195566
CHP1,0.5319056
TAF1C,0.53188956
ORAI3,0.53187025
COA5,0.5318389
HMGN3,0.5317162
RBM45,0.53169507
SLC25A10,0.5316917
RP11-11N9.4,0.5316814
ABCC3,0.53156507
RFXANK,0.5315639
DENND2D,0.5315367
JAGN1,0.5315291
ACTR1B,0.531432
TERF1,0.53140414
THOC3,0.5313982
UNG,0.53139627
ATP1B1,0.5313348
B4GALNT2,0.53129005
ABCB5,0.5312356
INTS3,0.5312002
GPER1,0.5311903
SHBG,0.5311624
HOMER2,0.531114
TP53BP2,0.53101206
TYSND1,0.5310063
UBXN2A,0.531006
KLK2,0.5309566
JCHAIN,0.5309475
MLX,0.5308922
SFRP1,0.5308169
HAS3,0.53080595
MARVELD1,0.5308024
MBTPS1,0.5307845
CNTN5,0.53077596
DENND1B,0.53076386
DTYMK,0.5307291
REEP3,0.5307189
RP11-452F19.3,0.5306033
FAM126A,0.53056824
BTN2A1,0.5305619
MTHFD2,0.5305506
TMEM232,0.53046906
TAOK1,0.53044254
PNRC2,0.5304355
APBB3,0.53038085
ARHGDIG,0.53034765
PUS7L,0.53032655
DST,0.5302671
THOC2,0.53022254
PUF60,0.53020835
MST1,0.53016555
OSBPL6,0.53008497
CREB3L2,0.530072
INCENP,0.530036
FGFR1OP,0.5300187
OTOA,0.52990687
AADAT,0.52988446
GSE1,0.529831
WWP1,0.52975935
EVA1C,0.52975684
SLC25A19,0.5296574
HARS2,0.5296436
RP11-138A9.2,0.5295247
OMA1,0.52950907
ATAD2B,0.5294758
RAD51AP1,0.5293255
UBR4,0.52909636
AMFR,0.5290426
GRHL3,0.5289752
DNAJC6,0.52897394
PGLS,0.5289702
MAPK8IP1,0.5289689
STK38,0.5289618
DEDD2,0.5289432
KHSRP,0.52890456
WDR83OS,0.5288998
MZT2A,0.528867
C17ORF80,0.5288526
MTUS2,0.5288239
RAB25,0.52877045
TRA2A,0.52876556
APEH,0.52870494
GATC,0.5286547
PDE1B,0.52864665
CHST3,0.5285776
NUCB2,0.528563
ORAI2,0.528514
SSBP1,0.52846634
DENND1A,0.5284658
ZCCHC3,0.5284456
LYPLA1,0.5284239
ZNF395,0.52839905
FAT1,0.5283647
DENND4A,0.528347
TTF2,0.5283469
SDHAF2,0.5282989
BPTF,0.5282954
CNOT2,0.52828085
CXORF38,0.5281807
PREB,0.5281571
ZNF501,0.5281543
ST3GAL3,0.5280591
MSH4,0.5280496
GPR55,0.5280349
TTI2,0.5279983
SYNJ2BP-COX16,0.52799803
MPV17,0.52798516
SIX6,0.52792215
GMFB,0.52791387
HOMER1,0.52787936
ARL4A,0.52786696
CDR2,0.52785426
KBTBD8,0.52784765
TRIM27,0.5278403
CAND1,0.52782404
PLAG1,0.52782285
PMEPA1,0.5277839
RINT1,0.52763
INSIG1,0.5275548
DIRAS1,0.5275372
PEAR1,0.52749795
CBFA2T2,0.5274884
CDKN2B,0.5274808
UXT,0.5274347
BOLA3,0.5273865
PPHLN1,0.52736604
YTHDF3,0.5273353
SPRED2,0.5273119
OSBPL9,0.5272561
CCDC17,0.5272425
NLRC3,0.52721864
TMTC1,0.5272083
MAT2A,0.5272061
ACMSD,0.527147
PDCL3,0.5270628
FAM155A,0.5269114
FBXO27,0.52690613
MZB1,0.52685803
RAVER2,0.5268481
TCEAL6,0.5268363
SDR16C5,0.5268138
MICAL2,0.5268098
MTX2,0.5267425
KCNMB3,0.52668494
TSGA10IP,0.5266553
STRA13,0.52665484
PLEKHA2,0.52656037
KCNJ9,0.52655184
GPR161,0.5265474
RASSF4,0.5264889
HP1BP3,0.52647626
PTP4A3,0.5264522
PPP2R4,0.5264467
KCNC2,0.5263859
DUOXA1,0.52637804
TMEM59,0.5263642
CNGA1,0.52631533
TELO2,0.5262844
PPP1R1B,0.52626055
USP10,0.5262135
BCAT1,0.52620184
RER1,0.526158
TEAD4,0.52613777
FAM173A,0.5261048
CHCHD5,0.52605677
ADAT3,0.5260247
RFC5,0.5260105
ZC3H11A,0.52597284
NAF1,0.5259055
CITED2,0.525874
OSBP,0.52585065
ITGB1BP1,0.525834
MLF2,0.5258072
FIBP,0.5257777
DOK1,0.52577454
EIF3CL,0.5257286
RBM4,0.52569187
PALD1,0.52568245
POLQ,0.52567005
U2SURP,0.52566755
ETV3,0.52558935
OGFR,0.52558815
WNK4,0.5255629
DECR1,0.52555835
CEP135,0.5254868
EXPH5,0.52543473
CTCFL,0.52542967
NSMAF,0.52542746
CNBP,0.52535826
PCDH10,0.52534544
DHRSX,0.5253444
DNAJC2,0.52533126
CDC42SE2,0.52532935
GJA3,0.52530587
PTPRE,0.5252972
STXBP3,0.525293
UBE2M,0.5252391
GJC2,0.5252319
FMNL2,0.525221
NME3,0.5252204
UBE2B,0.52518994
PNPLA4,0.5251894
GBE1,0.5251787
STRADA,0.52514756
UAP1,0.52513504
BCL9,0.5251213
FNIP1,0.5250189
ITCH,0.52493227
MORF4L2,0.5249279
KDSR,0.52485377
TLE3,0.524852
TOMM5,0.52484965
GAB3,0.52480316
DCPS,0.52479964
FBXL18,0.5247606
SLC1A5,0.52458805
GTF2A1L,0.52450913
BAG5,0.5245082
MRGBP,0.52450806
C2CD2,0.5244618
ELK4,0.52444947
ABHD13,0.52441335
NMNAT3,0.52440536
CHCHD4,0.524375
PCP4,0.52435863
ZNF511,0.5243436
SH3TC1,0.52433664
ARL11,0.5243304
NF2,0.5242817
SPTBN5,0.5242597
HES5,0.524247
CMYA5,0.52424127
SP3,0.5241191
GDA,0.5241009
FNDC5,0.52409357
AKAP17A,0.5240893
BAZ1B,0.5240764
PGM3,0.5240632
TTC39C,0.5240487
CRYGD,0.5239975
IGHV3-15,0.52389073
NAPG,0.5238782
ZFAND3,0.52383083
NUB1,0.52380604
STK3,0.52378947
RAB11FIP1,0.5237756
SUN3,0.5236867
FBXO5,0.5236444
LRIG3,0.5234966
MEDAG,0.52349627
SLC8B1,0.5234523
KHK,0.52345026
DPY30,0.5234188
TINF2,0.52340615
PAQR7,0.5234007
GABRG3,0.52339566
PCNT,0.5233904
TNFSF8,0.5233592
ALDH6A1,0.52320737
RBL2,0.52320653
UBA6,0.5231818
AQP8,0.52315426
UFC1,0.52312344
NUP155,0.52312315
PTPRCAP,0.5231185
GTPBP3,0.5231172
WDR62,0.52310133
RASL12,0.5230442
PI4KB,0.52304256
ESRP1,0.52304065
B3GAT2,0.5230026
CHPF,0.5229754
PALM,0.5229681
OGFOD3,0.5229562
IFITM10,0.52295333
ACSS1,0.52295125
PCP2,0.5229024
STMN1,0.52289885
STK35,0.5228479
PEX13,0.5228343
ASF1B,0.52280176
SIAH2,0.5228008
KLF3,0.52274555
AGL,0.52274436
MTR,0.522679
ANKRD2,0.5226654
JMJD7-PLA2G4B,0.5226528
BRMS1L,0.5225868
CTB-61M7.2,0.5225335
ADIPOR2,0.5225242
BOC,0.52250135
EMC8,0.52236944
NMT1,0.5223659
HINT1,0.5222958
CACNA1I,0.52227384
RNF41,0.52225304
CCDC155,0.5222219
SIGMAR1,0.52220905
FARS2,0.52220756
UHRF1,0.52219033
KRT77,0.52219
PDCD2,0.5220624
RIPK4,0.52205557
NAP1L5,0.5219878
GOLGA4,0.52197045
ANKS1A,0.5218905
ALAS1,0.5218795
PDE6D,0.5218679
HTR1F,0.52186596
INTS8,0.52186143
ABHD2,0.52180344
KLK7,0.52175915
NADK,0.5217495
CCDC74A,0.521669
KISS1R,0.5216262
PAQR3,0.5216198
SBF2,0.5215746
UBE2W,0.52145994
ALKBH5,0.5214186
AGFG1,0.52138937
DHCR7,0.5213626
SLC35F5,0.52136034
LPCAT3,0.5213553
BOLA2B,0.5212735
MLLT1,0.52121806
EXOC3,0.52117985
TMIGD2,0.5211769
GREM2,0.52112186
PTGDR2,0.52111423
WTIP,0.5211027
RAVER1,0.52095544
KCTD20,0.52095425
TMPRSS9,0.52090865
GRAMD1A,0.5208796
ARL5B,0.52084285
STOML2,0.52083975
COPS3,0.5207867
RABAC1,0.520717
QRSL1,0.5206982
TAF1D,0.5206645
MAP1A,0.5206383
EP400,0.5206287
CKMT1A,0.5206149
DPEP2,0.5205713
RAB6B,0.5205458
ADORA3,0.52053756
S100P,0.5204791
PRMT2,0.5204676
SARDH,0.52043587
SLC35B2,0.52041006
DRAP1,0.52027464
SLC18A3,0.5201893
ARID4B,0.5201173
KCNN2,0.5200878
TWSG1,0.5199925
RDH12,0.51995915
IKBIP,0.5198571
ARHGAP32,0.51977634
NSRP1,0.51975346
FBXO40,0.5197257
CLP1,0.519709
CLCN5,0.5196036
RBP1,0.5195631
PITPNC1,0.5195399
SFMBT1,0.51949626
DGCR6,0.5194643
SEPT1,0.51944184
APBB1,0.5193141
TMEM140,0.51927125
GSDMA,0.5192672
CT55,0.519265
KPTN,0.519108
BCL7B,0.51909995
NHLRC3,0.5189671
PIDD1,0.51886
PRKAR2A,0.5188449
POLR2J2,0.51880634
GUCD1,0.51859146
RBM17,0.5185586
AKR7A2,0.51853055
JPH2,0.5185196
GNAZ,0.51851237
ANKRD11,0.51848966
AFF1,0.51848686
SLC30A1,0.51847047
CHD9,0.5184585
WDFY2,0.5184121
TIMM23,0.5183917
FAM220A,0.5183296
DEXI,0.5183209
MADD,0.51831466
MFF,0.5183135
LYPLA2,0.5182775
CIT,0.51827604
STK25,0.5182643
TMSB4Y,0.51826113
PATL2,0.5182354
SCN4B,0.5182245
CAMK2D,0.51818985
BEND6,0.5181673
AMH,0.5181205
HEMK1,0.51809055
SLC29A2,0.5180518
ALLC,0.51803815
MTRNR2L12,0.5179741
AMBRA1,0.51797336
SMAP1,0.5179642
NPLOC4,0.5179448
XKR8,0.51790094
SYTL5,0.5178835
PAIP2,0.5178193
CYB561,0.5176873
B4GALT6,0.51768625
IMPA2,0.51767945
ANXA10,0.51757467
PHLPP2,0.51756626
KLF9,0.5175153
NOA1,0.51748586
TRIB2,0.5174626
MRI1,0.51745385
DUSP16,0.5174433
NUBP1,0.5173959
FSTL3,0.51738626
SYBU,0.517368
NEK9,0.5173501
SPATA2L,0.5173472
PREX1,0.51727676
SMARCA5,0.5172547
PLA2G4C,0.5172466
SLC2A4RG,0.51715916
CHAF1B,0.51714915
CYP39A1,0.5171466
CYP46A1,0.51709735
METTL22,0.5170936
CMIP,0.51705533
PDF,0.5170077
ARNT2,0.51699126
NEK8,0.51696855
ATCAY,0.5169663
AHCYL1,0.5169493
MED13L,0.5169209
HERPUD2,0.5169128
TSN,0.5169117
C3ORF58,0.51688117
NANOS3,0.5168519
XRCC2,0.5168361
SSH3,0.516829
MACROD1,0.5167835
IGSF8,0.51677924
TRIM16,0.516762
INTS5,0.5167556
CLEC2A,0.5167419
SIRT5,0.51673985
SCD,0.51668346
TRIP12,0.51662886
ASIC3,0.51657104
TTC26,0.51656103
KCNAB3,0.5165456
RBM14,0.5164759
COQ3,0.5164593
PTPN21,0.516453
NUP50,0.51638114
ZNF598,0.5163747
SLC17A8,0.5163382
HPS5,0.5163286
PUM1,0.51617014
PTBP2,0.51613414
ZFYVE27,0.51611817
TMEM132A,0.51610607
RTN1,0.51603806
ABLIM3,0.5160324
TAF15,0.5160309
ARRDC3,0.51601255
IGKC,0.51597774
GAP43,0.5159017
CASKIN2,0.515884
BTBD7,0.5158819
MGAT2,0.51582545
ONECUT1,0.5157838
ARHGAP27,0.5157711
ESRRA,0.51575035
RANBP1,0.5157337
SMG9,0.51572967
TSC22D2,0.51569223
OSBPL3,0.5156712
EIF4ENIF1,0.51563597
BARX1,0.5156188
ZFP36L2,0.51560134
FUNDC1,0.5155084
DHX33,0.51547706
SKIV2L,0.5154008
AMPD3,0.5152535
ST6GAL1,0.5151919
SPAG9,0.51516813
CMPK1,0.51516163
SEMA4A,0.5151578
SCRIB,0.51512533
MICU1,0.5151015
RWDD3,0.5150935
DLGAP1,0.51503295
SEC22C,0.5150224
SUN1,0.5149819
LDB3,0.51495486
WNT3,0.5149244
KBTBD6,0.5149235
BBS1,0.51491153
RAB22A,0.5148592
DNAJC30,0.51483136
MOGAT3,0.5147439
CYP24A1,0.51474035
TMEM101,0.5146836
NAA16,0.5146551
ALG5,0.5146499
RNF10,0.51458013
CIAO1,0.5145701
TTC5,0.5144791
ASTN2,0.5144166
MSL3,0.51441276
PAN3,0.51426685
COPS4,0.5142198
SLMAP,0.5142084
B3GNT3,0.51419646
HSD17B3,0.51419216
ALG13,0.51415914
CTU1,0.5141152
KNOP1,0.51403844
NKX2-1,0.5139789
PABPN1L,0.5138861
HBM,0.51384985
INPP4A,0.5138453
AGGF1,0.51379937
KLHL12,0.5137931
ITM2A,0.5137635
AIP,0.51372033
DDX11,0.5136951
SLBP,0.5135156
SH3GL3,0.513458
ZNF740,0.5134552
GNPAT,0.513442
SFT2D2,0.5134257
CSDC2,0.51341486
ELOVL4,0.5134013
MIPOL1,0.51335275
ZMYM2,0.51334906
PPP2R2B,0.5133125
EXOSC6,0.51330364
KLC4,0.5132249
SSC5D,0.5131671
SLC9A4,0.5131592
TBX2,0.5131351
SLC25A39,0.5130997
TGFBRAP1,0.51306057
ST14,0.5130092
ACOT7,0.5129832
PPP4R4,0.51298314
ASIC1,0.51290923
RAB11FIP3,0.51280725
ALOXE3,0.5127267
ARHGAP24,0.51271814
ZDHHC20,0.5127167
GPR22,0.5127062
OBSCN,0.51261604
PROX1,0.51260114
CCDC12,0.5125722
DRP2,0.51249063
PBX2,0.5124893
ACOT13,0.512483
KCNIP1,0.51244134
CES2,0.5124398
ABCD2,0.51243955
ANKZF1,0.5124357
MATN1,0.5124327
TACC1,0.5124319
CDH6,0.5124272
TRAPPC10,0.5124167
ATG16L2,0.51240087
PPP1R10,0.51235855
DFFB,0.51235783
TSSC4,0.51234454
COPS2,0.5123356
PIGC,0.51231515
PCNXL4,0.5122584
ECHDC2,0.5122582
MTERF4,0.51223546
TFPI2,0.51213336
SRSF8,0.5121285
UNC13B,0.5120498
CRHR2,0.5120449
ZNF366,0.5119542
RAPGEF2,0.5119364
MBIP,0.5119325
TRIM65,0.511892
CCNC,0.51186
SLC28A2,0.5118245
SPDYC,0.51180303
PCSK5,0.51179963
SND1,0.5117943
CRYBA4,0.51177967
AC093673.5,0.51177394
COL23A1,0.51169527
DPF3,0.51169527
RAB3GAP2,0.51168525
GAPT,0.51164645
CDK5RAP3,0.51164573
HIBADH,0.5116329
TBCB,0.51161
SRI,0.51159704
NRCAM,0.511463
CHAF1A,0.5114494
IRF2BP2,0.5113717
PURB,0.51130784
PRKRA,0.51125574
GIGYF2,0.5112429
RP11-14N7.2,0.51121175
TRIM62,0.51116616
GPR88,0.5111443
ALKBH1,0.5111029
FBXL12,0.5110947
DOCK9,0.5110806
MTRNR2L1,0.5110179
MAPKAPK5-AS1,0.51101744
APOO,0.51095027
RAET1G,0.51091754
KRT17,0.5109142
AMY2B,0.5108876
KCNIP3,0.51087534
FSIP1,0.51085174
KLK5,0.5108458
DGCR2,0.51083076
RNF13,0.51078576
NFX1,0.51077485
TRIM71,0.5107592
EXTL1,0.510725
KDM5A,0.5105563
ANKHD1,0.5105157
GRB14,0.5105077
NODAL,0.5104836
KREMEN2,0.51048195
PAFAH1B2,0.5104513
PLEKHM2,0.510449
PIH1D3,0.5104381
TRMT11,0.51041496
APOL2,0.5103257
ZNF677,0.5102597
TRAK2,0.5102485
PGAP1,0.51023066
ARHGAP19,0.5102105
VANGL2,0.5102006
MALL,0.51018256
DSC3,0.51016414
RAPGEF6,0.5101552
YJEFN3,0.5101341
CSPP1,0.5101022
HIVEP2,0.5100876
UNC119B,0.5100686
SESN3,0.5099879
KIF17,0.50996166
MAS1L,0.5098573
GORASP1,0.50985545
MMADHC,0.509832
LPO,0.50972795
C11ORF58,0.50971997
TDP1,0.5097068
PPM1E,0.509699
PTDSS1,0.50959796
PPFIA4,0.50958663
TENM1,0.509537
TRIM55,0.5095236
TTC1,0.50943696
ABHD12,0.5094069
TRIM33,0.5093951
CTCF,0.50939375
TFDP1,0.50938475
ALKBH2,0.5093831
SLC39A4,0.5093709
CHD8,0.5093576
LZIC,0.5093397
PPP1R14D,0.5093216
GAN,0.50925756
ATG4D,0.5091895
GGT2,0.50915504
MAD1L1,0.5091257
USP4,0.50911766
THAP1,0.5091088
CCAR1,0.50907695
CPD,0.50906855
RMDN2,0.50897944
GYG1,0.5089378
SPINT1,0.5088898
MEGF6,0.5088236
SLC37A3,0.5088176
UTS2,0.50877845
APOBEC2,0.5087446
SMG1,0.5086771
CAPN15,0.50866395
BET1L,0.50857216
GTF3C3,0.50857127
TRAPPC6B,0.5085627
OLIG2,0.50854045
PPP1R1C,0.5085057
HACL1,0.50850135
DNAJC15,0.5084733
B3GALT2,0.5084336
NSUN5,0.50835407
DNAJB12,0.50831926
SDE2,0.5083033
SRXN1,0.50829905
CRTC2,0.5082402
CTNND2,0.5082158
MCF2L,0.508114
NAPB,0.5080859
PATL1,0.5080685
STAMBP,0.5080636
ECHDC1,0.5080584
CHTOP,0.5080274
WFDC1,0.50798315
PDE6H,0.5079631
TRAPPC2L,0.50793993
UBR1,0.50789773
YAF2,0.50789285
CASP8AP2,0.5078763
OSGEP,0.50785744
UBE2V1,0.50783294
KCNK10,0.50778896
FGF12,0.5077564
FABP3,0.50772244
DYX1C1,0.50766855
MAGEH1,0.5076682
TRPM4,0.50756854
NEIL2,0.5075557
MEX3B,0.5075017
LIPT2,0.50749743
FARSB,0.50749403
FAM111A,0.5073992
NKIRAS2,0.5073771
DNAJB5,0.50733864
NTPCR,0.50733596
ERMAP,0.5073284
ARMC5,0.5071127
RALGAPB,0.5070957
ROGDI,0.507095
CPED1,0.5070729
REC8,0.50705534
ADAM9,0.5069785
LCA5,0.50696635
APOBEC3F,0.506963
WDR45,0.5069427
TNKS2,0.5069038
ANP32E,0.5068878
ZBTB17,0.5068482
SPAST,0.5068289
TSPYL4,0.50682175
NELFE,0.50682026
TUBG1,0.5067635
KCNC1,0.5067448
TMEM150A,0.5067112
OPN1SW,0.5066973
KLHDC3,0.5066966
RBM38,0.5066955
STEAP2,0.5066472
ENKUR,0.5065972
PAX2,0.5065745
PRADC1,0.50652826
ADPRH,0.5065197
SERTAD2,0.50649583
GAREM2,0.5064837
CRABP1,0.50644857
GLG1,0.50643075
HPN,0.506376
TMEM141,0.50635254
CFAP20,0.506343
TEP1,0.50628006
TNFSF9,0.5062778
KLHL20,0.50624996
PPOX,0.50613177
DCLRE1C,0.5061112
LRRC49,0.5061057
RARS2,0.50608385
C2ORF74,0.5060497
SETD7,0.50604546
DCTPP1,0.5060422
FPGS,0.5060122
AK7,0.50598675
ADGRG6,0.50597465
EPB41L4B,0.505962
TMEM43,0.5059461
GTF2I,0.50594366
MUC5B,0.50592583
SLC35A4,0.50591004
PLAGL1,0.50588167
WDR86,0.50587356
ACER3,0.50586295
KRT16,0.5058472
EZH1,0.5057891
CLPTM1,0.50570804
DDX41,0.5057037
ELOVL3,0.50569576
SAE1,0.50555384
BAG4,0.50554526
TAF7L,0.50551814
SORCS2,0.5054871
DOCK7,0.505448
PTPRF,0.50544655
DEFA3,0.505422
ABCD3,0.5054215
ATL1,0.5053837
KLHDC2,0.5053606
METTL15,0.50531304
UFL1,0.5052331
ACAP2,0.5051562
DTX2,0.50512975
PTTG2,0.50512713
BDP1,0.50512505
OMG,0.5051226
GAR1,0.5051143
FXYD3,0.5051135
SMG8,0.5051112
TOMM20L,0.5050938
ATRIP,0.5050624
APC2,0.5050502
FBXO38,0.5050371
ZNF148,0.50500023
ADARB1,0.504983
CDC26,0.5049597
SCHIP1,0.5049497
SNX33,0.5049483
EFS,0.50492716
GJB1,0.5048992
EIF2AK1,0.50488275
HAT1,0.5048797
MTDH,0.5048475
HUWE1,0.50484204
ARSG,0.50483197
FAM35A,0.5048051
TRMT1,0.50477445
DLG3,0.5047269
RPGRIP1L,0.50466436
MPPED1,0.50466
KCNE5,0.5046047
HERPUD1,0.50453997
MIS12,0.5044518
CACNA2D1,0.5044377
FBXO8,0.5044035
THEM4,0.50439984
SAMD11,0.5043084
PKP4,0.5042835
NDUFAF7,0.5042793
ZMIZ1,0.50424045
SGTA,0.5042208
KCNK1,0.5041995
PLPP4,0.5041937
URM1,0.5041691
DOCK3,0.5041262
NFYA,0.50405914
NAT1,0.5040461
SPSB4,0.50401163
CERS5,0.504009
RABEP2,0.50400054
CRISP2,0.5040005
POF1B,0.5039946
COL25A1,0.50398844
IPO8,0.5039459
MAGIX,0.50391304
NLRX1,0.5038047
DEF8,0.5037444
RWDD4,0.5037387
CCNY,0.5037337
RNF181,0.5037202
PPTC7,0.5037159
ATP11C,0.50368446
CKMT2,0.5036543
MAP1B,0.50365055
KIF2A,0.503632
CIRBP,0.50355035
PPP1R9A,0.5035447
POLDIP3,0.50344473
BCLAF1,0.5034378
NMRK1,0.50340044
MPPE1,0.5033525
SGPL1,0.5033482
PCDH11Y,0.5033291
HDGF,0.50321853
HYPK,0.50318307
SULT4A1,0.50306165
CYB5R1,0.50304496
ADAMDEC1,0.50300896
NANP,0.5029718
CAMTA1,0.50295615
HS2ST1,0.5029308
PIAS4,0.50287575
AFM,0.5028137
RASL10A,0.5028051
ENDOG,0.50276047
RNF114,0.5026866
GHRHR,0.50251687
DEK,0.502476
DBP,0.502435
NFYC,0.50234336
SHMT1,0.5023384
SPNS2,0.50233537
CSMD3,0.50231504
POC5,0.502315
GATA5,0.5022842
BMP5,0.5022826
PIGL,0.5021498
C16ORF13,0.5021359
P2RY8,0.5021296
PRRC2C,0.5021103
TMBIM4,0.5020804
ZNF804A,0.50207585
FMO1,0.50203544
BLID,0.50203055
ARL2,0.5020045
SDR42E1,0.5019918
DNAJC8,0.50197905
ACVR1B,0.5019719
C22ORF39,0.50196123
RGS3,0.50192297
ADAM2,0.501902
CLNS1A,0.5018789
RNASEH2A,0.50181973
KDM2A,0.5017729
RP11-356N1.2,0.5017412
SH3BP5,0.501737
SYN3,0.50171673
HRH2,0.50167686
ALDH4A1,0.501585
NSMCE3,0.5015512
ERC1,0.50154966
OFD1,0.5015293
PAICS,0.50152254
DFFA,0.5014915
ELAC2,0.50139874
FBXW5,0.50109214
BDH2,0.5010463
TMEM247,0.50103295
ANAPC15,0.5010227
PCBD1,0.50093186
PPP1R32,0.5009076
NAPEPLD,0.50090444
KIF1C,0.500875
PFKFB1,0.5008625
SMARCD2,0.50085425
SCYL1,0.5008243
ITFG1,0.5007928
TRIM24,0.5007823
WWP2,0.5007384
ARID4A,0.5007316
SSH2,0.50072587
NKX2-8,0.5006881
CIR1,0.5006847
YIPF5,0.50063324
TTC39B,0.50062203
C17ORF49,0.500615
COQ7,0.50056624
RIT1,0.50051165
DIS3,0.5005059
YIF1B,0.5003195
LAX1,0.5002889
STEAP4,0.5002584
GRAMD1B,0.5002259
PSMB8-AS1,0.50022155
RHOT1,0.5002035
IAH1,0.5001463
APMAP,0.50014484
B3GAT1,0.5001005
CAMSAP1,0.50006545
FUT6,0.500033
TMEM154,0.5000182
CACNB3,0.4999109
GTPBP10,0.4998878
PPP4R1,0.4998826
SUOX,0.49986714
ACOT8,0.4998428
MTMR9,0.4998394
AFF4,0.49981356
SYNE2,0.49979648
CLSTN2,0.49979264
THOC7,0.4997023
MORC4,0.49959564
KANSL1,0.49955615
BCL2L12,0.4995357
ARHGAP39,0.4995275
SMPD2,0.49951705
TPRA1,0.4995001
PEF1,0.49947795
PTOV1,0.49945822
GCNT2,0.49945182
SH3YL1,0.49938756
DHX34,0.49935412
MTERF1,0.49934572
TPPP,0.49934483
ABCB7,0.49932155
TUBGCP2,0.49930945
XPC,0.49928394
TUG1,0.49926528
FAT4,0.49922237
WNT11,0.4992217
ST13,0.49916252
INTS6,0.49912238
TGDS,0.49910778
ATAD3A,0.49904752
ZFAND1,0.49901444
UBE2T,0.49899173
ISOC2,0.49898976
KRT7,0.49888977
HIPK1,0.4988722
TTPA,0.49886996
CBX6,0.49881348
IFT57,0.49880967
ING2,0.49872047
GSTZ1,0.49872008
CCDC170,0.49871954
TRIM56,0.4987181
FRMD1,0.49869728
SMG6,0.49861592
SOX12,0.4985909
AGO3,0.49853247
PNISR,0.49853048
TMEM30A,0.4985238
TOX4,0.49852127
MXD3,0.49846068
KCNJ12,0.4984035
TRPM3,0.49835938
NKIRAS1,0.49835736
NIPAL4,0.4983182
VPS8,0.49824625
ZFYVE9,0.49823505
MAP4,0.498211
INO80C,0.4982009
CA6,0.49814647
ZNF428,0.4981358
FBXO2,0.49813327
PACSIN3,0.49810934
DUSP22,0.49809885
TSNARE1,0.49808353
MZF1,0.49804172
CSNK1A1L,0.49803233
VBP1,0.49801978
DLG5,0.49797454
NTHL1,0.49796143
METTL5,0.4977735
HAS1,0.4977193
CSTF2,0.49760085
MDFI,0.49753928
TRIM46,0.49752942
LINGO1,0.4975191
RUFY1,0.49745426
NIT2,0.4974497
CDC37L1,0.497441
CSPG5,0.4973864
INPP5A,0.49738377
FASTKD2,0.4973445
SPIN1,0.4973425
NARF,0.4973386
CCDC69,0.4972701
ACBD4,0.4972609
ZPR1,0.49725437
CITED4,0.4971705
MCCC2,0.49714524
CDKN2D,0.4971439
GFOD1,0.49714065
C2ORF88,0.49708757
SEPHS1,0.4970457
COPS7A,0.4970414
EBAG9,0.49701786
CLPB,0.49701253
TXNDC9,0.49689516
RHOBTB3,0.49681896
ENOPH1,0.49674225
EPB41L1,0.49666062
VPS13A,0.49664408
RANBP10,0.49661532
SYNE1,0.4965989
PIAS2,0.49654275
PHGDH,0.4965132
BAZ1A,0.4964645
NUDCD1,0.49641252
ACSM6,0.49640113
TNR,0.4963824
PLAA,0.4963224
DNAJC1,0.4963128
PITPNB,0.49629945
PITPNA,0.49629325
F8A1,0.49629226
THOC1,0.49622956
CSGALNACT2,0.4962243
TRMT10C,0.49616298
FBXO16,0.49613792
MGAT3,0.49611336
ASCC2,0.4960738
RNF4,0.4960475
OTULIN,0.49601275
TCL1A,0.49599236
GPRIN1,0.49594793
TLL2,0.4959337
OCM,0.49591893
SNRNP48,0.49585715
RBM15,0.49585503
NADSYN1,0.49581653
KDM5D,0.49571723
ANAPC16,0.49570352
PANK3,0.49569798
NDFIP2,0.4956912
KCNE2,0.49568948
PSMA3-AS1,0.49568778
SIVA1,0.49564514
ARMCX3,0.4956394
NHSL1,0.49561414
TRAPPC1,0.4954872
WEE2,0.4954745
DAW1,0.49541587
ZBTB22,0.49537247
CDK8,0.49530524
SAP18,0.495253
ATXN2L,0.49524775
FRMD4B,0.49520358
KIAA2026,0.4952027
TMEM128,0.4951578
LARP1,0.49515676
EIF2B1,0.49514318
SCAF11,0.49508786
C17ORF75,0.49506506
PJA1,0.49504337
FIP1L1,0.4949643
COQ10B,0.49493092
EMC2,0.49485773
RNF19A,0.49477997
BHLHE41,0.49475843
SSBP4,0.4947536
TREH,0.49471226
NENF,0.49468833
CLDN3,0.49464577
NUDT15,0.49464044
MSL2,0.4945518
DND1,0.49454746
PIGT,0.4945262
MTHFD1,0.49449724
CA1,0.49447832
RMI2,0.4944744
KTN1,0.49429068
NUDT5,0.4942348
ISCA2,0.4942232
YIPF4,0.49420825
TMEM242,0.49415874
OLA1,0.49413243
SSNA1,0.49411482
LLGL2,0.49408016
GAL,0.49403268
CMC2,0.4940117
PAGR1,0.49401075
USP22,0.4939364
CRELD2,0.4939093
CSRP1,0.49385953
CCDC59,0.49374723
SMIM7,0.49368563
TBCA,0.4936425
SHROOM2,0.4935841
ELK1,0.49351096
APBA3,0.49345762
EMC1,0.49342084
GPBP1L1,0.49338636
ROBO3,0.49336654
TMEM243,0.49334058
MGAT5,0.49333295
FRG1,0.49332643
KCNK15,0.49329987
UBE2J2,0.49323663
IFFO1,0.49323112
TAZ,0.4931325
IARS2,0.4931075
HSD17B8,0.49304715
USP1,0.493047
PDIA2,0.49304253
LONP2,0.492871
HOXA-AS2,0.49287
PARD3B,0.49277067
IER5L,0.49274787
FBXW8,0.49261588
ALG11,0.49260068
MED12,0.4925819
CUX1,0.4925538
EML1,0.49247202
CNOT8,0.49239063
ME1,0.49235573
UCK2,0.49228793
CLDN2,0.49223718
TMEM249,0.49213773
AGO4,0.49213737
NUBP2,0.49210572
AP3M1,0.4920016
SCLY,0.4919084
CKS1B,0.49189582
TET1,0.49188668
PXYLP1,0.4918682
GPD1,0.49182406
CDH24,0.49181437
PSMD10,0.4917957
DMAP1,0.49177724
TMEM245,0.49177703
MARK3,0.4917623
LLPH,0.4917453
RAI14,0.49166164
INSIG2,0.4916517
BCKDK,0.49160734
HDDC2,0.49159327
PCDH19,0.4915678
PTAR1,0.49148813
HSF4,0.4914865
ZNF384,0.49144793
SLC25A32,0.49143776
RHOBTB2,0.49140453
CDKN1C,0.49127436
ARID3A,0.491257
SPATA5L1,0.49121276
ZDBF2,0.49119028
RAB33B,0.49109903
NCBP2L,0.49104914
ZFY,0.4909771
CEP128,0.4908665
ZZZ3,0.4908375
ARNTL2,0.4907833
TMEM192,0.49076658
NFE4,0.49071422
FBXL7,0.49069887
SLC18B1,0.49068314
METTL14,0.4906625
HHLA2,0.4906196
TIMM44,0.49060088
NUP160,0.49047095
CEBPZOS,0.49046674
PTPRA,0.49039382
AHCTF1,0.49038726
XPO6,0.49030748
NLGN1,0.49027842
CCT6B,0.49025375
MAP2,0.49011698
HAUS8,0.49003568
EID1,0.49003205
CIB1,0.48994026
MEPCE,0.4898774
HSD17B12,0.48985133
IFT172,0.48983678
IGLL1,0.48983663
GMPPB,0.48981413
MRFAP1,0.48979944
GBF1,0.48978323
LRCH2,0.48977533
APLF,0.48977405
ACPP,0.4897713
TMEM39B,0.48975992
SLC35A2,0.48975572
KIFAP3,0.48974204
BCAT2,0.48969117
SLC39A13,0.48967123
KPNA2,0.48966613
DCLK1,0.48966298
ADAM15,0.48960343
ALPP,0.48959273
ZSCAN16-AS1,0.4895758
AKAP9,0.489523
LANCL1,0.4894247
SOSTDC1,0.4893821
C1ORF109,0.48935986
ZNF346,0.48933512
TACO1,0.4893271
PCCA,0.48927206
WSB1,0.48921472
TRAPPC6A,0.48913965
TTC19,0.4890751
STXBP4,0.48896044
EIF4EBP3,0.48895258
C2CD4B,0.48892683
PCNP,0.48889908
PPP4R3A,0.48888475
JOSD2,0.4888603
PAQR5,0.4888552
USP13,0.48884955
USP9Y,0.4888312
CCDC88A,0.48881173
DHX29,0.48881054
ZDHHC17,0.4887928
HSD17B2,0.48872057
SPRY2,0.488698
TRMT6,0.488694
MARCH5,0.4886765
C1ORF115,0.48867553
ALG3,0.48862368
AHCY,0.48860353
MIR222HG,0.48859954
RAB11FIP2,0.48859167
GOPC,0.48857862
ALX3,0.488542
SLC34A3,0.4885417
PMM1,0.4884913
ERGIC2,0.48844442
DGKH,0.4884394
GFOD2,0.4884315
PDE7A,0.4884273
ZMPSTE24,0.48840365
RASA2,0.48836154
ATXN1,0.4882845
GALK1,0.48828286
MGME1,0.4882477
LMF2,0.48821673
CMC1,0.48817557
PDHX,0.48813242
PISD,0.48801583
SH2B1,0.48801437
IPO9,0.48796067
OR51E1,0.48792648
HOOK3,0.48788637
WDR53,0.48780936
CRYL1,0.48777628
VPS53,0.48772615
FAM102B,0.48771137
KLF7,0.4877072
SLX1A,0.4876904
CGGBP1,0.4876555
DCUN1D4,0.48764524
NUTF2,0.48760805
NOVA2,0.48759705
KIAA2013,0.4875911
LFNG,0.4875868
NAA35,0.48750982
VKORC1L1,0.48747045
SETD2,0.4874112
SLC22A18,0.4874104
CSAD,0.48739427
SPRR2F,0.4873897
GTF3C6,0.48733664
RNF138,0.48726255
GPAA1,0.48726147
CCNG1,0.48722273
MFSD2A,0.4871996
MGMT,0.48719177
PTPRN,0.48718572
UBR5,0.48715824
TNRC18,0.48714966
TERF2IP,0.48713621
CACHD1,0.4870967
KDM4A,0.48707098
YRDC,0.48694554
CLCN3,0.48694053
SSU72,0.48689756
GALT,0.4868545
CCDC82,0.4868544
DUSP7,0.4868474
ECT2,0.4867784
CHDH,0.48676807
CNOT10,0.48675862
ALG2,0.48670974
PKIA,0.4867037
RGL1,0.4866313
COPRS,0.4866221
CNGA4,0.4866046
CNOT6,0.48660296
CNIH4,0.4865992
FBXO11,0.48659763
CCDC28A,0.48658937
ARFGAP1,0.4865169
SCARA3,0.48644075
DCAF5,0.48642904
HTR2B,0.4864153
RAET1L,0.48628935
YEATS4,0.48627907
PGRMC1,0.48623458
STMN2,0.48620114
IL17B,0.48619604
PKD1L1,0.4861185
TTC4,0.48609725
TRPM7,0.4860414
WARS2,0.48594624
CDC34,0.48591328
A1BG,0.48582387
PROCA1,0.4858195
C10ORF71,0.4857873
MAP7D1,0.48578095
VPS72,0.4857599
AKIRIN1,0.48573503
WNT7A,0.48572072
VPS13C,0.48566777
RNF111,0.48564878
ACOT1,0.48559928
RAB3GAP1,0.48556083
HSCB,0.4854784
SPOCK1,0.48546404
NOSIP,0.48542222
ARMC8,0.4854049
FRS2,0.4853983
NEIL3,0.48528486
PHF11,0.48525333
AUH,0.4852044
TPP2,0.48518866
EIF4G3,0.4851412
BRF1,0.48513103
SLC28A1,0.4850219
SLC25A43,0.48501658
CORT,0.4849782
C2ORF47,0.48496246
HACD4,0.4849469
MANBAL,0.48492497
TBC1D9B,0.48489875
PPP2R2D,0.48486167
UNC5D,0.4847706
NIPSNAP1,0.48476687
SLC4A7,0.48476368
SYNJ2,0.4847463
DYRK2,0.48469743
GPKOW,0.4846856
TSC22D1,0.48462805
CERS4,0.48462588
LRRK1,0.48454818
SIK1,0.4845369
L3MBTL2,0.48452467
ICE2,0.48451695
CARHSP1,0.48451486
MS4A8,0.48451084
MOSPD3,0.48449293
KIF5C,0.48449263
FAM160A2,0.48445493
ANKLE2,0.48442188
OPLAH,0.48441702
PRTFDC1,0.48436078
ANKRD35,0.48429888
FGFR1OP2,0.4842578
RMDN1,0.48423457
PANX1,0.48421627
JPH4,0.48418817
SMPD4,0.48414582
CTPS1,0.4840804
ZBTB32,0.48399425
BRWD3,0.48397717
MAP6,0.48396206
TBL2,0.48395354
PCGF5,0.48394695
OGG1,0.48391372
MPV17L,0.48390275
KHDRBS3,0.48389372
CNNM2,0.48386988
TMEM214,0.4837686
DDX39A,0.48376155
ASXL1,0.4837576
MYO10,0.4837411
FANCF,0.48373517
SPTSSB,0.48350805
IFT140,0.4834961
CPSF1,0.48343128
PGAP3,0.4834261
PEA15,0.48342198
ELL2,0.48341575
INF2,0.4833745
TOR4A,0.48336786
TMCO6,0.48327613
CNDP1,0.48319674
ZNF524,0.48319077
MXD4,0.483181
NUS1,0.48317656
CC2D1A,0.4831689
CCNDBP1,0.48313633
TEX28,0.48300797
HSPBAP1,0.4829565
PPFIA3,0.48293105
ACSM3,0.48283315
NASP,0.48272657
UNC5B,0.48270416
NKAP,0.48269057
MCAT,0.48266348
NOMO2,0.48265877
HEPN1,0.48245725
IFT80,0.48235708
CREBRF,0.482346
MIER1,0.48229522
TKFC,0.4822944
CHKB,0.4822794
ZNHIT2,0.48227072
MVK,0.4822463
CNIH1,0.48224264
PQBP1,0.4822277
TNRC6A,0.48218054
BLCAP,0.48216963
ARHGEF18,0.4821011
ORC1,0.48208147
UTY,0.4820017
MARC1,0.48192564
RBM42,0.48192492
CFDP1,0.48189408
TSR2,0.48183793
RASSF8,0.48182932
SRD5A2,0.4817741
IPO7,0.48172554
PANK4,0.4817155
SFRP5,0.48171443
DNAJB14,0.4816769
GTSE1,0.4816289
C17ORF62,0.48161262
HIRA,0.48159608
TSPYL2,0.48158956
CNTN4,0.4815743
PEX11A,0.48157144
VRK1,0.4815514
GPSM1,0.481502
SLC39A9,0.4814605
RHEBL1,0.48145634
PNPLA8,0.48145095
THRAP3,0.48143345
SCYL2,0.48140302
NR1I3,0.48139763
JMJD6,0.48134357
TDG,0.48119673
LPIN2,0.4811743
SETDB1,0.48107916
PTP4A2,0.48106915
ADAT2,0.48104945
MISP,0.48103395
PTH2R,0.48101297
COG6,0.4810021
PPIAL4G,0.48098022
STK39,0.4809785
YTHDF1,0.4809286
TRIM4,0.4809216
CIART,0.4808925
OSBP2,0.48088703
FOXN3,0.48085198
SPIN2B,0.4808372
ZDHHC8,0.48075318
SLC19A1,0.48073244
COX18,0.48067468
TNRC6B,0.48065773
COG7,0.48064438
AAMP,0.4806314
KMT2B,0.4806307
SOX10,0.48062676
CRISPLD1,0.48058873
POP5,0.48053893
NME5,0.48051104
VPS52,0.48041075
GPR158,0.48039532
CDC123,0.48038644
C15ORF57,0.48031792
TMEM129,0.48027787
METTL3,0.48020324
TTC3,0.48019725
NKTR,0.48019642
ACVR1C,0.4801778
TBC1D14,0.4801661
NUDT8,0.48015133
UAP1L1,0.48014522
DHPS,0.48010245
UBE2D4,0.48010153
GDF10,0.4800597
COPS8,0.4800507
PEX7,0.48003584
TIMM21,0.480016
GREM1,0.47996402
SLC25A36,0.47995853
HAUS7,0.4798554
ASCL2,0.47984543
ASF1A,0.4798313
USP16,0.47982645
BRMS1,0.4797842
TRAM1L1,0.479774
SMYD2,0.47975355
BCL7A,0.47974062
PAN2,0.47964972
PDXDC1,0.47959176
ARHGAP5,0.47958738
GBP7,0.4795631
SIGLEC6,0.4795568
MTFP1,0.47954267
FBXL2,0.47953266
MCUR1,0.4795239
CPEB1,0.47949606
PPCDC,0.4794674
UBE2G1,0.47945923
KRT2,0.47944316
REV1,0.47942168
USP44,0.47933823
NRBF2,0.47932371
NSMCE1,0.47931057
DOK7,0.47926897
RNF38,0.47926387
BICD2,0.4791692
C15ORF39,0.47916308
PPM1A,0.47914115
USP6NL,0.47913933
REST,0.4791109
CAMKK1,0.4791039
MIXL1,0.479067
CSE1L,0.47905508
NOMO3,0.4790299
GAL3ST1,0.47900844
CRLS1,0.47900528
STAMBPL1,0.47897848
ERGIC3,0.47887874
RYBP,0.47885197
TSEN54,0.47884423
CEACAM6,0.47884122
C2CD4A,0.4788374
MBTPS2,0.478824
SYNE3,0.47878417
CLSPN,0.4786994
FAM117B,0.4786713
PRPF40B,0.47866982
RFXAP,0.4786682
NUDT14,0.47855425
EIF2B4,0.47848693
NRBP1,0.47848663
ZNRD1,0.4784729
FBXL8,0.47845572
TMEM33,0.47842425
DGKD,0.4784153
ISM2,0.47836906
VEZT,0.47835422
ASCL4,0.47831163
CCDC47,0.47828275
STRN4,0.47828245
SPICE1,0.4782765
FBXL13,0.47813907
OPA1,0.4780856
ABHD3,0.47805744
SHROOM1,0.47803292
HAUS6,0.47799388
NUCKS1,0.47798282
PSORS1C2,0.4779563
ARL14EP,0.47780758
CDH9,0.47778732
DNAJB2,0.477781
PLPP5,0.47775784
ZNF32,0.47773892
DCAF11,0.4777338
OLFM1,0.4777186
CNNM4,0.47766265
TFB1M,0.47743773
MIEF2,0.47738534
C19ORF71,0.4773726
AK4,0.47733784
NRL,0.47733513
UBE4B,0.4773305
TRERF1,0.4772957
ZYG11A,0.47724086
UBAP2L,0.47722784
PPAN,0.47720823
DUT,0.47715098
NFATC2IP,0.47714892
RBM5,0.47714844
SOX1,0.47714072
PJA2,0.4771033
DECR2,0.47707185
ZNF618,0.47706693
PCCB,0.4770516
SFTPA2,0.47702646
TOB1,0.47701865
TRAP1,0.47700843
MBNL2,0.47700268
HSD17B14,0.47697154
PEX2,0.47695956
ZNHIT1,0.4769191
PHPT1,0.4768749
SAMD12,0.47686735
MIA3,0.4768347
RETSAT,0.47682565
MPHOSPH6,0.47679567
TMEM67,0.47677556
UROD,0.47672158
TSPAN3,0.47667637
SCNM1,0.47667003
CTTNBP2NL,0.4765583
LMLN,0.47654566
TSPAN17,0.47652808
NUP85,0.47652087
MTRNR2L11,0.47650033
NRF1,0.47648364
SIPA1L2,0.47647247
POLR3GL,0.4764139
SGF29,0.47638616
IL17RC,0.47637588
PYHIN1,0.47637472
PPP1R14C,0.47634643
RLBP1,0.4763446
SYNE4,0.47628206
SMIM20,0.47625962
CENPV,0.47624478
BOLA1,0.47614545
PHYH,0.47609037
WDFY3,0.47604322
GPAM,0.47604066
CPSF4,0.47603935
HMGA1,0.47601256
DPP9,0.4759623
STAU2,0.47591954
RIOK3,0.4759037
B4GALT5,0.47589216
TEF,0.47588873
DGCR6L,0.47586316
FBXO36,0.47586185
HIP1,0.47579893
ZNF655,0.4757666
USP28,0.4756938
PRRC2A,0.47569114
SLAIN2,0.4756779
SGK3,0.4756228
TLE4,0.47559732
PARP8,0.47558117
SLC30A9,0.47554722
MN1,0.47554517
PDE11A,0.4754986
ALG8,0.47544837
PYGO1,0.47539288
NUAK1,0.4753607
ATP13A2,0.47535628
FAM45A,0.47533002
AGPS,0.4752586
PIP4K2C,0.4751203
HBP1,0.4751125
ANKRD6,0.47511142
SMC5,0.4750896
LRR1,0.4750449
CXXC4,0.47502232
SLC5A8,0.47501117
SPOPL,0.4749919
PEMT,0.4749228
CFAP45,0.4748363
MAZ,0.47481632
SDHAF3,0.47480077
CARNS1,0.47474647
CTDNEP1,0.47474328
SLC27A1,0.47473344
FXR2,0.47470975
ACAD11,0.47470173
RCC1,0.4746089
CTDSP2,0.47458273
CBX5,0.4745733
PAPD4,0.4745055
UBE2O,0.47449893
SCAP,0.47449255
LURAP1,0.47444862
CTC1,0.4744343
NKRF,0.47432074
RBM3,0.47431174
MAPK6,0.47425252
DOCK5,0.47422057
LDHD,0.47417364
FO538757.2,0.4741145
MVP,0.4741037
ATAD5,0.47410363
KCNMB1,0.47406498
ZFYVE26,0.47404933
RNF126,0.474006
KIAA1549L,0.47400147
BAZ2A,0.47397175
EXTL2,0.47393337
THRSP,0.4739233
ATN1,0.47391
PPP4R2,0.47388354
FOXF2,0.47387806
TBC1D3B,0.47387695
PGGT1B,0.47387394
UTF1,0.47386867
PXMP2,0.47386497
RGS9,0.4737524
SUPT20H,0.4737429
NELFCD,0.47373575
P2RX2,0.47373194
CCDC66,0.4737011
NME6,0.47366276
SNX13,0.47363347
DCAF6,0.47361106
DCAF12L1,0.47359338
ABTB1,0.47359094
CACNA2D4,0.47351378
RALGAPA1,0.47341353
DPM2,0.47339448
WDR92,0.47339207
RIMS1,0.47338596
EIF2B2,0.47338066
CHST7,0.47336
CDYL,0.47335443
PDE12,0.47333226
WDR17,0.47330913
CRCP,0.47325587
KATNAL1,0.47318262
SPDL1,0.47315678
MUM1,0.47315186
DAZAP1,0.47312707
SLC7A2,0.4731195
RCE1,0.47309834
PPIL3,0.4730382
ANKRA2,0.4729343
IQSEC2,0.4729298
GUCA2B,0.47292662
UNC5C,0.4729262
CPB1,0.47289658
FHIT,0.4728884
SUCNR1,0.47284573
LUC7L,0.47284508
FAM118A,0.47283635
PLP2,0.472752
POLR3F,0.47260553
HELLS,0.47259483
RASGRF2,0.472478
AMMECR1,0.47247577
POLR3D,0.47245875
HIVEP3,0.47243747
CCZ1B,0.4724063
GAS2L3,0.4723331
EFHC1,0.47232944
LEAP2,0.47232318
BRF2,0.47232026
ABCF1,0.47231346
BOK,0.47226626
HNRNPA1L2,0.4722306
RASSF2,0.4722132
RHCG,0.47219676
UGGT2,0.4721597
PYURF,0.47208077
ZFYVE16,0.47207013
CRADD,0.47203222
NEO1,0.47203007
PIH1D2,0.47191873
ZNF91,0.47189313
TFAP4,0.4718662
ASPSCR1,0.4717986
NR6A1,0.47179332
STRBP,0.47179303
ZNF541,0.4716235
SLC7A1,0.47157866
PLPP1,0.471492
PRDM2,0.47148007
RTCA,0.47140574
GGTLC1,0.47135085
LYRM7,0.47133738
CEP97,0.47133693
STX1B,0.47131085
PICK1,0.47123736
DPM1,0.47123462
ZDHHC11,0.47117195
TIGD3,0.4711662
UBE2Z,0.4711372
SYT5,0.47111621
SENP8,0.47107977
GABPA,0.47107372
YARS2,0.47105718
KCNN1,0.4710532
GPS2,0.4710051
POP4,0.4709804
USP2,0.47096238
CFAP36,0.4709366
SLC50A1,0.4709114
NDC1,0.47090682
MICU2,0.47089544
GRIK2,0.4708716
CHIC2,0.47083536
UFSP2,0.47073293
RIBC2,0.47072977
ZNF277,0.47071037
GANC,0.47070962
ADAP1,0.4706962
D2HGDH,0.47066236
POLG2,0.4705297
CH17-189H20.1,0.47052455
CD2BP2,0.47044307
NINL,0.4704016
UBXN4,0.47037476
ARMT1,0.47033185
LIG1,0.47032547
CEACAM16,0.47020617
KIF16B,0.47020334
C9ORF78,0.47019482
TOP3B,0.47017926
TMEM262,0.47009245
TBC1D7,0.46998435
BTAF1,0.4699378
BCL2L13,0.46993285
MPG,0.46991977
DDI2,0.4698648
ZHX1,0.46982002
NUP93,0.4697818
NDRG1,0.46978134
LAGE3,0.46975
USP3,0.46974438
APBB2,0.4697183
PEX14,0.46963707
ABCD4,0.46963453
IQSEC1,0.4696033
SUV39H1,0.46958524
DTX3,0.469585
ORC5,0.4695731
MMS19,0.4695298
NIN,0.46948403
ASH2L,0.46947604
UQCC3,0.4694585
TCEB3,0.4694213
TP53AIP1,0.46941552
SLC25A33,0.4693965
SAP30BP,0.46936154
FAM110B,0.469251
PPP2R5A,0.46924657
MEGF10,0.46924075
MEP1B,0.46921068
RSF1,0.46919864
SIM2,0.46916857
PIF1,0.469143
FKBP6,0.46913177
PLK5,0.4691209
USF2,0.46909308
PHKG2,0.46909112
SLC35C1,0.4690667
PCDH11X,0.469033
TRAPPC2P1,0.46902245
WDR44,0.46895266
PEX6,0.46890026
DDA1,0.4688336
TIMM10B,0.46880525
YIPF2,0.46880454
KLF8,0.46880278
TBC1D16,0.46880156
SLC10A3,0.4687725
NDOR1,0.46873823
UBTD1,0.46871132
CRTAM,0.46868593
CRYAB,0.46863824
PATZ1,0.46857166
RBFOX1,0.4685653
PEX5L,0.4685463
ANKRD49,0.4685441
SEC23B,0.46854058
UCKL1,0.4685071
NSL1,0.4684709
ZC2HC1A,0.46847048
GABPB2,0.46847025
NR2F1-AS1,0.46846795
NRDC,0.46844053
MSS51,0.46841836
SENP5,0.46840793
MOSPD1,0.4683113
CDON,0.46828175
GOLPH3L,0.4682696
POU2F2,0.4682626
PPM1L,0.46824065
HSPA14,0.46819085
MEMO1,0.46815747
EEF1E1,0.46815386
TMEM256,0.4681201
ZNF157,0.46802026
ACSF2,0.46796536
MARK1,0.46792588
RFFL,0.4679234
ENSA,0.46792072
PBLD,0.4679069
MAPK8IP3,0.46788996
EYS,0.46788448
PHF7,0.46786213
SLC30A5,0.46778074
CLEC12B,0.46776694
PPP6R1,0.46774644
MDGA1,0.46771806
POP7,0.46771574
ANKRD13D,0.46769643
SNAPC5,0.46768045
WDR72,0.4676568
SLC25A12,0.4676153
SLC38A2,0.46761402
SPC24,0.46761292
KAT6A,0.46758857
RILPL1,0.46754628
GPR173,0.46754384
CYB561D2,0.4675228
MECR,0.4675084
TRAF4,0.4674487
NPHP3,0.46739498
TNFSF18,0.4673914
XPO4,0.46738896
EIF2B3,0.46734238
STARD13,0.46729746
CAB39,0.46727937
SUSD3,0.46726066
PPFIA1,0.46725926
PDE4C,0.46722063
NUDT22,0.46719617
APOOL,0.46717802
OXCT1,0.46714258
NSMCE2,0.467074
NAP1L4,0.46701446
FAM50A,0.46692133
FXYD7,0.46687108
SNX14,0.46683487
CADM1,0.4668203
EFR3B,0.46679848
RNF24,0.46679515
ACIN1,0.46673656
BROX,0.4667098
SIN3B,0.4666996
SUPV3L1,0.46668497
PCLO,0.46665412
TRIM32,0.4665814
PSD,0.46655646
ZC3H8,0.46654463
SLC37A4,0.466477
KPNA1,0.4664723
UBTF,0.46645102
ZNF354A,0.4663903
MAGED4,0.46638465
C16ORF74,0.46637407
TXLNG,0.46628103
PAM16,0.4662508
SLC35E1,0.46622953
IL17C,0.4662064
ARID2,0.46617985
CDC25B,0.46615368
NHLH2,0.46603957
TMC6,0.46592873
MTMR2,0.4659267
PPM1D,0.46591887
NLE1,0.46586928
REPS2,0.46570387
SLC30A6,0.46568203
ABCB10,0.4656611
EBF2,0.46558103
SLC47A1,0.4655804
AFF2,0.46557885
KRCC1,0.46547943
TNIK,0.46540815
SAFB2,0.4653465
LUC7L2,0.46531767
NOTUM,0.46530968
PCYT1A,0.46528846
UBA5,0.4652474
GOLM1,0.46523243
FOXO6,0.46522698
FAM71F2,0.46519965
ANP32B,0.46516615
SMDT1,0.4651614
TPRKB,0.46514565
SPRR2D,0.46510467
PIGK,0.46509266
ASB4,0.4650282
ANAPC10,0.46500573
ECI1,0.46496806
GCSH,0.4649132
POMGNT1,0.4648881
RHBDL2,0.46482936
SLC18A1,0.4647313
DAGLA,0.46472782
MTRF1L,0.4647069
CEP68,0.46469864
AFG3L2,0.46466455
FKBP11,0.464662
HSD11B1L,0.46464968
CCNF,0.4646299
AIM1,0.46462283
CRYBB1,0.46460333
CDH8,0.46458536
PYROXD2,0.464567
POU2F3,0.46455806
SALL1,0.46448344
ENTPD5,0.46442753
ANAPC13,0.46440083
IL17RB,0.46440053
RAD21,0.4643466
RNASEH1,0.46433416
SPOCK3,0.46433276
ERRFI1,0.46432585
MAGI2,0.46431565
ABHD6,0.46429038
C12ORF75,0.46428832
SPX,0.4642819
GAS7,0.4642326
PTPN4,0.46419725
SMIM14,0.46411997
TET3,0.4641083
CCDC91,0.46406263
MOB2,0.46405992
CDH10,0.46404496
FOXL2,0.4640429
TBL1XR1,0.46403235
SASH1,0.46393508
TCP11L2,0.46393377
TRIT1,0.46390572
PI15,0.46374455
PRPF38B,0.46373206
KPNA3,0.46372324
PER3,0.46371064
TM6SF2,0.4636849
HMG20B,0.4636438
PHKB,0.46352798
PABPC3,0.46351415
LYRM5,0.4634543
PHF1,0.463444
SYS1,0.4633841
PACS2,0.46326748
FOXD3,0.4632666
PSIP1,0.46324492
STT3A,0.46323937
OSGEPL1,0.46323413
TSPYL1,0.46323094
CSTF3,0.46321923
CPSF3,0.46318513
GPS1,0.46318167
HIF1AN,0.46316966
COG1,0.46308643
BIRC6,0.46304616
FLRT1,0.4630238
SNRNP25,0.4630012
TRIM7,0.46300077
MKLN1,0.46299618
USP33,0.46295577
MYO19,0.4629468
TMEM223,0.46294332
SUB1,0.46285146
AP006222.2,0.4628346
SS18,0.46275482
STH,0.46273607
C2ORF76,0.46271628
DCAF10,0.46269512
GGH,0.46264774
NELFA,0.46253076
TMEM177,0.4624845
UBR2,0.46247116
SLC26A4,0.46238717
INPP1,0.46237046
FBXW2,0.4623383
SOCS5,0.4622945
PARN,0.46226472
THUMPD3-AS1,0.4622394
SLC25A26,0.46220708
RHOT2,0.46219462
SLTM,0.46217877
ARMC7,0.46209654
ING4,0.4620905
PVRIG,0.46207228
UBL3,0.46203566
CRTC1,0.46195188
SUN2,0.46194968
TMEM116,0.46194538
CXXC1,0.4619174
USP12,0.46188205
MARCKSL1,0.46188205
ISY1,0.46188203
PTPRT,0.4618748
SGSM3,0.46185303
SLC38A1,0.46173963
FAM104A,0.4616704
CBWD1,0.4616317
TMEM107,0.46162033
TBL1X,0.4615911
PNKD,0.46158466
SEMA3C,0.46158266
GNL1,0.46155888
LMO4,0.46153784
AC016831.7,0.4615149
TXLNA,0.46150303
HS1BP3,0.46149868
GRPR,0.4614841
PHF21B,0.46146894
FAHD1,0.46146417
IPMK,0.46144956
TSEN2,0.46143475
EEF2K,0.4613708
INPP5B,0.4613273
REXO2,0.46132588
CBX1,0.46119595
CRLF1,0.4611709
NOTO,0.46113425
AGK,0.461088
USP34,0.46103016
UBL4A,0.4610203
SIGLEC11,0.46101967
ECH1,0.46099395
ADCYAP1R1,0.46096006
RSRP1,0.46094528
CTNNBIP1,0.46094066
C12ORF45,0.4608306
COPS7B,0.46079797
NFASC,0.46072572
PRPSAP2,0.46071044
NEFH,0.46069145
SETD1B,0.460622
SLC38A5,0.460536
POLG,0.46052232
PAX7,0.46048427
TRUB1,0.46045852
NR1D2,0.46040735
PI16,0.46040568
C1QTNF1,0.46037823
CXORF56,0.46030945
SMIM12,0.46028757
SMARCD1,0.46026817
KIAA1614,0.4602336
LZTR1,0.46017274
LRP4,0.4601585
KCNE3,0.4601205
HS3ST5,0.46001297
MBD4,0.45998612
STIM2,0.4599596
MTMR1,0.45993644
ARFRP1,0.4599238
ITM2C,0.45987043
TMEM11,0.45969898
ISG20L2,0.45967174
PLA2G2C,0.4596335
METAP1,0.45961857
PHC2,0.45961744
PPM1B,0.45953923
CLEC16A,0.45949888
VSNL1,0.45947456
FAM208A,0.45945987
SON,0.45945936
ZNF207,0.45945758
EFHB,0.45936775
CDS2,0.45935693
DPYSL5,0.4593289
ZNHIT3,0.4593165
PPP1R21,0.45931378
RFNG,0.45928925
NNT,0.45926255
C12ORF65,0.45925722
STK19,0.4592553
ST8SIA4,0.4592258
STAC3,0.4592134
CC2D1B,0.4592041
MMGT1,0.45918137
MIB2,0.45917916
DXO,0.45917147
ELMSAN1,0.4591667
ACBD6,0.45908007
PIFO,0.45905346
HAUS3,0.4590272
ATXN7L2,0.45900264
SOCS6,0.4589613
MPHOSPH8,0.4589522
FUT3,0.4589414
AIG1,0.45893502
CLDN9,0.45884508
PGS1,0.45878297
MTM1,0.45875803
PHF8,0.45871347
SGK2,0.45868587
UBIAD1,0.45865354
ZNF580,0.45864326
MOV10,0.4586112
FER,0.4585914
CDC14B,0.45854735
FKBP1C,0.45852083
FAF1,0.45849594
TENM3,0.4584518
PMS2,0.45844823
SLC39A11,0.45840535
HMGCS1,0.45836672
DENND5A,0.45834604
TFIP11,0.4583369
PPP1R16A,0.4582695
TRIM14,0.4582687
RP11-796E2.4,0.45818114
DOLK,0.45817074
TOPORS,0.45815063
ARL8A,0.45814243
NKX6-1,0.45813814
RP11-1094M14.11,0.45812088
KLHL24,0.45810524
BRD7,0.45810515
DNAJC11,0.45804915
AFF3,0.45804605
ZFAND6,0.45802122
RASGRF1,0.45800036
SLC46A3,0.45796853
AIMP2,0.45789996
WNT16,0.45788774
INPP5F,0.45786658
PBXIP1,0.45784885
PAAF1,0.45784432
C6ORF89,0.4578278
H1FX,0.45775205
GPR17,0.45774546
PYM1,0.45771867
CCNK,0.45770764
CYS1,0.4577012
SOCS4,0.45762092
HAUS1,0.4576195
MYOT,0.4576181
PPM1G,0.4576084
SYCP3,0.45760804
FASTKD5,0.45759988
TIPRL,0.45756644
SETD5,0.45752326
DUSP19,0.45751816
HINT2,0.45751792
SLCO1C1,0.45751113
ASH1L,0.45750076
NDRG2,0.4574418
NPTX1,0.45736557
PHOSPHO2,0.4573528
TMEM179B,0.45732528
SLCO1A2,0.4572617
ZNF581,0.4572247
NAGS,0.45720762
PRSS56,0.45713148
NPM3,0.45710295
RASSF3,0.45709354
KLHL36,0.45706764
ILVBL,0.45706636
SLC12A9,0.45704
SH3RF1,0.4570333
NUMA1,0.4570229
LINC00667,0.45700112
FAM103A1,0.45694342
ZNF177,0.45684615
DCAF16,0.4567853
DHRS7B,0.45663652
TEX9,0.45661798
CYB5R2,0.45655727
PPP1R14B,0.4564937
CLASRP,0.45642057
DHTKD1,0.4563361
TRIP13,0.45631242
PCYT2,0.45630026
GCKR,0.45626348
DPM3,0.45624018
RNF8,0.45621806
JOSD1,0.4562058
ADGRG4,0.45618898
KLHL9,0.45617875
SSBP3,0.45615768
KBTBD7,0.4560953
COG5,0.45603055
WWOX,0.45601496
SPTLC2,0.4559843
FHOD1,0.45595312
FAM207A,0.45594382
LSM12,0.45593548
AMOTL2,0.4559277
RAG1,0.45589915
WAC,0.4558541
ING5,0.45581883
LYRM9,0.45579964
UBXN2B,0.45578733
KAT6B,0.4557808
ZNF239,0.45561734
LRSAM1,0.45557576
WAC-AS1,0.45555654
AFAP1,0.45549035
SMC1A,0.4553792
SLC30A10,0.45527917
ZFC3H1,0.45525947
RPAP2,0.4552394
KIAA1671,0.45514956
MTFR1L,0.4551146
OTOGL,0.45506215
SNX29,0.45501262
GPR84,0.45500866
POLI,0.45500025
CEP120,0.45497814
PRELID3B,0.45493427
ZNF330,0.45491537
ALG10B,0.4549006
TADA1,0.45482963
LONP1,0.45481855
CHGA,0.45481664
PEAK1,0.45475888
PNPO,0.45471114
SPAG1,0.4546947
CPSF2,0.454678
KLHL6,0.45464915
CHRAC1,0.45464635
SSSCA1,0.4546236
YBEY,0.45460278
PCM1,0.45454565
HSD3B7,0.45451197
CSNK1G1,0.45446268
TRMT5,0.45443535
SLC27A4,0.45442343
FBXO6,0.45436126
MROH1,0.45435977
EPB41L3,0.45434824
RSRC2,0.45432043
RAB43,0.45422715
NEURL1,0.45422468
GPATCH2L,0.45420194
FBXO41,0.45418182
SIRT6,0.45413786
SNCB,0.45405746
CBX7,0.45402473
ZSCAN22,0.45400113
NIPAL2,0.45394668
KCMF1,0.45389837
SKOR1,0.45387793
CDCA2,0.4538774
WFIKKN1,0.4538713
MIEN1,0.45386654
NCOA7,0.45383412
FAM210A,0.45380276
MCIDAS,0.4537498
PEX19,0.45372206
BTBD10,0.45372114
NSUN2,0.4536875
PPM1K,0.45365953
PUS3,0.45353785
CHL1,0.45353732
RBM41,0.45353407
PEX12,0.45351666
TST,0.45349002
SAFB,0.45340267
CATSPERD,0.45339233
LAYN,0.4533752
FBXL22,0.45337367
THAP9-AS1,0.45334655
CTDSP1,0.45332092
TAF1A,0.45330128
PUM2,0.45323378
SPHKAP,0.45321026
SGSM2,0.45320457
KCTD3,0.45318276
PI4K2B,0.4531285
ZNF609,0.45308584
CRELD1,0.4530728
IQCJ-SCHIP1,0.45304742
VGLL2,0.4530437
MGAT4B,0.45303264
GOLGA5,0.45302162
AAAS,0.45296472
OTUD7B,0.45288342
KCNA7,0.4528728
SZRD1,0.45284623
SLC6A20,0.45283994
BPNT1,0.45280713
ELOF1,0.45279932
KREMEN1,0.45274058
EAF1,0.4526837
POLR2M,0.45253092
PEX1,0.45251027
ZNF518A,0.45250955
RAB39A,0.4524413
PWWP2B,0.45242524
SSBP2,0.45241943
BLMH,0.45236167
ATF7IP,0.4523476
TIPIN,0.45231742
ZSWIM7,0.45229942
NUP58,0.45224866
MAP3K6,0.452218
DPF2,0.45219058
PLEKHS1,0.45216694
MAP1LC3B2,0.4521485
TRIM23,0.452137
MPRIP,0.45212573
WNK1,0.4520935
PIGP,0.4520896
GPD1L,0.4520719
RNF145,0.45203584
SPINT2,0.45200858
GATAD2A,0.45198718
RHOBTB1,0.45192075
ARHGAP22,0.4518951
TGS1,0.4518847
CAD,0.45177945
SCAND1,0.45177227
BCAR3,0.45174098
IGHD,0.45173797
TXNL4B,0.45173186
FCMR,0.45165753
PMS1,0.45165333
HNRNPUL2,0.45162147
LIAS,0.451548
ADGRG3,0.45152244
MKRN2,0.45147127
SNAPC1,0.45143294
GOLGA7,0.45142165
PTCD1,0.45140094
RTKN,0.45138445
NIPSNAP3A,0.4513793
TANC2,0.451338
RPP25L,0.45133033
MBNL3,0.45129377
CAPN7,0.45128602
QDPR,0.4512643
METTL18,0.45125833
DPF1,0.45122427
RPP30,0.45116425
RRN3,0.45112807
UCN3,0.45111567
SORCS3,0.4510985
SCMH1,0.45105034
ATXN1L,0.45100117
BBS9,0.4509953
TANGO6,0.45099217
ARX,0.45091623
PGAM5,0.4508739
PM20D1,0.45084
ESCO1,0.450833
KDM3B,0.4508027
NKD1,0.45076862
ERLIN2,0.45075974
UCK1,0.45070958
POP1,0.45070267
FA2H,0.45068473
CDC20B,0.45067486
TTC27,0.45061427
MPLKIP,0.45059982
MTSS1,0.45058256
NAA40,0.45057607
TP53RK,0.4505585
ZMAT3,0.4504997
MTHFD2L,0.45049062
SPTLC1,0.45047188
SYPL1,0.45045957
ZNF296,0.45043483
PPP1R1A,0.45041698
FBF1,0.45038217
PYCR2,0.45034724
KLK14,0.45034298
MTHFSD,0.4503092
CDKN2AIPNL,0.4502666
TENM4,0.4502504
NUP37,0.4502483
GAS2L1,0.45021254
GAL3ST2,0.4502046
SPPL2B,0.4501389
SENP2,0.45012984
VSIG2,0.45004168
ADGRV1,0.4499908
GDE1,0.44996175
CABP1,0.44987217
COG4,0.44977826
LMBRD1,0.44968867
RABL6,0.4496774
SETD6,0.44962248
CSTF2T,0.44959283
KCTD11,0.44954282
PIGU,0.44952568
WAPL,0.44949776
TBC1D23,0.44949245
TARS,0.44948888
BAP1,0.44948107
USP19,0.44936553
TRIM54,0.44933087
WDR5B,0.4492778
DTX4,0.44913498
AKAP6,0.4491127
EAPP,0.44910592
KDM5C,0.44908386
THAP11,0.44906482
CACNG3,0.4490645
EDC3,0.44906408
IFT20,0.4489956
ARMCX2,0.4489265
PRPF18,0.44891867
ATP5EP2,0.44884795
FAM120AOS,0.44884652
STRN,0.44878316
CDC42SE1,0.4487714
ECE2,0.4487512
KMT2E-AS1,0.44874087
MIB1,0.44871944
CERS1,0.44858894
CATSPERB,0.4485027
GEMIN4,0.4484159
NAA30,0.44840866
SPATA20,0.44830817
MAP1S,0.44827884
IDI1,0.44825172
MSL1,0.4482429
DGCR8,0.44823226
PNKP,0.4481914
ABCC2,0.44817656
N4BP1,0.44815487
OSBPL7,0.44812813
ALKBH8,0.44812316
KRT20,0.4481078
MON2,0.44804558
DGKG,0.44804436
RHOU,0.44800606
RNF40,0.4479285
ALG14,0.44781542
SMUG1,0.44778767
PERM1,0.447759
N6AMT1,0.44772044
ZNF622,0.44766587
CKAP5,0.4475414
FLRT3,0.4475088
MAP2K5,0.44746798
R3HDM2,0.44743338
HRC,0.44743052
CNTLN,0.44737187
KPNA6,0.44730076
GABRB2,0.44728655
PPWD1,0.44720882
CLEC18B,0.4471476
TMPRSS11E,0.4471014
FBXO44,0.44708547
SIPA1L1,0.44708377
PHYHD1,0.4470808
FAAP100,0.44707832
OTUD6B,0.44704437
UBLCP1,0.4470353
FNBP4,0.44703516
LETMD1,0.44697213
GTF3C1,0.44689927
CPNE1,0.44688502
NAPSA,0.446841
ACOT11,0.44683814
FBXO22,0.44682646
CCSER2,0.4467434
SENP6,0.44668716
RREB1,0.4466842
ATF7IP2,0.4466761
NAA25,0.4466508
UCN2,0.4466496
PKP2,0.44659442
EHMT1,0.4465739
PIGV,0.44655213
LEFTY1,0.4464878
SEL1L3,0.4464802
HMBS,0.44646922
PRDM6,0.4464284
TRAPPC11,0.44640866
USP5,0.4463233
ARFIP2,0.4462625
CROT,0.4462468
TBC1D24,0.44622976
TBC1D8B,0.44621414
UIMC1,0.44621348
GLYR1,0.44621247
VPS54,0.4462029
TSTA3,0.44620043
C3ORF33,0.4461318
TRAPPC13,0.44612956
TCF20,0.44607583
ATG4C,0.44607535
TNRC6C,0.4460671
PUS1,0.44604307
GPR52,0.44594508
RBP2,0.44594413
RP11-488L18.10,0.44584012
MLYCD,0.4458322
HOXB5,0.44581947
ZNF683,0.44578624
PPP2R5E,0.44576684
INO80E,0.44575557
ARL6IP6,0.4457509
ATXN7L3,0.44573388
PMF1,0.44565147
NKX3-1,0.44563246
URI1,0.445565
PNOC,0.44550744
AGPAT1,0.44549894
SCAMP1,0.44548625
CHST2,0.4454319
LARS2,0.44542068
GTF3A,0.44539815
SGMS1,0.4453978
SLC47A2,0.4453432
NCBP3,0.44530463
ADARB2,0.4452974
POLR2J3,0.4452749
BABAM1,0.445237
RUNDC3B,0.44522086
PHF20L1,0.44521576
ACTR5,0.44519964
RELT,0.44516477
IPO5,0.44514427
CLDN23,0.44513822
RGPD6,0.44511318
CDC42BPB,0.44506407
NDST1,0.445045
NOL8,0.44500694
C2ORF49,0.44499046
PHYHIP,0.4449787
FAM136A,0.444969
PIGQ,0.44492587
PELI3,0.44492283
PNPT1,0.4449033
DDIT4L,0.44485974
PCID2,0.444841
BANP,0.4448092
PIGBOS1,0.44475102
RERE,0.4447289
ALKBH7,0.44472688
PIGM,0.44464144
HELZ,0.4445959
EIF1AD,0.44457832
HTATSF1,0.44455844
KCNJ2,0.44450206
MUL1,0.44447193
CSTF1,0.4443582
KANK4,0.44431505
WNK2,0.44426885
WDR45B,0.44423503
MASTL,0.44423
CACNG7,0.4441968
RBM6,0.44414884
ELP2,0.44412503
SNRNP27,0.4440617
MZT2B,0.44403195
CUTA,0.44396263
FANCB,0.44391885
HECTD1,0.4439087
TNPO3,0.4438981
COG2,0.44387937
SRFBP1,0.44380695
ABCG4,0.44378114
THOC6,0.4437317
MLLT6,0.4437197
GEMIN5,0.44368488
NAALADL1,0.4436365
JPH3,0.44361728
SRBD1,0.44358104
SUPT6H,0.44356474
SLC15A1,0.4434979
BCAS3,0.44348845
YTHDC2,0.44348708
NDE1,0.4434185
ANKRD37,0.443417
FKBP1B,0.4433917
SLC15A4,0.44338816
CDYL2,0.44335246
KCNJ14,0.4433063
ANKRD52,0.44324774
METTL2B,0.44322887
GRIPAP1,0.4431588
AKIP1,0.4431301
ACCS,0.44305032
SPATA13,0.44304952
PPP2R3B,0.4430004
PCYT1B,0.44292885
FASTK,0.4429245
PPP6R3,0.44288978
WNT5B,0.44286543
ENTPD4,0.44283825
MON1A,0.44283563
LRRTM1,0.44273216
EPC2,0.4427269
PHF12,0.4426996
DMGDH,0.44265133
ANOS1,0.44263214
PITHD1,0.4426064
PHAX,0.44256967
GTF2IRD2,0.44255963
LIX1,0.44252378
IFI27L1,0.44250265
TUBGCP3,0.44240722
ZCCHC11,0.44240254
SLC4A5,0.4423751
APPBP2,0.44236344
TFDP2,0.44234094
CLPX,0.44231206
C2ORF69,0.44228154
CHORDC1,0.44227257
CDK5RAP2,0.4421935
DCXR,0.44218835
PHF14,0.4421875
SRPK2,0.44210863
GCNT1,0.44210547
FAM104B,0.44208136
RIC8B,0.44206792
GCGR,0.4420391
TROVE2,0.44198385
RLF,0.44197446
ZNF23,0.44194332
ARHGAP17,0.4418357
ST3GAL4,0.44182596
MTUS1,0.4418179
PPP2R3A,0.44178662
INTS10,0.44173527
SCAF8,0.4417169
ATG2B,0.4416093
OPA3,0.4414978
TUSC2,0.44149595
CFAP97,0.44148526
RIC8A,0.44136277
RP9,0.4413511
SNX21,0.44133273
MAD2L2,0.44131166
KEL,0.4413022
MACROD2,0.44128904
KIAA0930,0.44125527
PRDM8,0.44125167
DCUN1D1,0.4412043
FDXACB1,0.4411598
CCNT2,0.44111246
CYP4F12,0.44111
WDR91,0.44100556
KBTBD2,0.44100267
TINAG,0.4409071
TFAP2D,0.44088975
TPD52L2,0.44087487
CASC3,0.4408714
KAT7,0.44086504
NSMCE4A,0.4408183
KDM4D,0.44080263
ST6GAL2,0.44079027
KLF15,0.44077724
NUP54,0.4407565
SALL3,0.4407406
RNF25,0.4407099
SMC3,0.4406721
CWF19L2,0.4406581
KCNH6,0.44064474
ZMYND8,0.4405527
ANKMY2,0.4405411
DYM,0.44049853
MRFAP1L1,0.4404517
CLASP2,0.44041902
LIPT1,0.44040188
CARS2,0.44037938
RDH14,0.44037586
FAM84A,0.44036683
ATG10,0.44032106
MEIS2,0.44031692
GCFC2,0.44030198
DBR1,0.440298
XPNPEP3,0.44027105
C7ORF26,0.44021678
RSPRY1,0.44020858
WDR48,0.4402
ARID5B,0.4401948
KMT2D,0.4401869
VAC14,0.4401698
SGTB,0.44010758
MAF1,0.4400932
IQCB1,0.44006962
CIAPIN1,0.44003367
SLF1,0.4399627
U2AF1L4,0.43987328
ZBTB7A,0.43984517
INPP5J,0.43982258
FKBP3,0.4398101
BPIFB1,0.43973058
AC147651.4,0.4397212
OTOG,0.43971258
RPRD1A,0.43969092
MYO1D,0.43966794
SLC25A46,0.439658
GSKIP,0.43963623
ZNF146,0.43961582
URB1,0.43955874
TAF1B,0.4395339
FADS2,0.43952388
SIX3,0.43950075
DMC1,0.43948275
DDX19A,0.43946782
DNTTIP1,0.4394371
FTSJ1,0.43940192
TTF1,0.43934074
PRCC,0.43933803
FAH,0.4393281
IRX4,0.439327
CDADC1,0.43923417
SEMA3B,0.43922615
FCRL4,0.43919697
TSNAXIP1,0.43909
SMG7,0.4390758
GAS2,0.439054
FANCL,0.43904924
FAM21C,0.4390081
ETV2,0.43895274
TANC1,0.43887812
RABL2B,0.4388167
SLC37A2,0.43876702
NOL12,0.4387347
DDX31,0.4387342
AKAP8,0.43872625
BCORL1,0.43870264
CDX2,0.4386913
CDC42EP2,0.43867487
CREBZF,0.43864694
SPSB2,0.43862742
SPATS2,0.4386261
UBOX5,0.43859094
SMC6,0.43858972
VPREB3,0.43856364
GPC2,0.4385418
ACYP2,0.4385007
CIZ1,0.4383824
CUEDC2,0.4382905
UNC45A,0.43821436
METTL23,0.43820944
FAM160B1,0.43816453
ARHGAP21,0.43814722
FBXL15,0.4381426
GMPR2,0.43802372
ZMAT5,0.43793583
TMEM41B,0.43792963
ALG1,0.43788537
PCSK7,0.43782634
CITED1,0.4377862
SEMA4G,0.43775773
FKTN,0.43772689
KATNBL1,0.43772507
SETDB2,0.43770695
TEKT3,0.43769485
WNT10B,0.43768868
ZNF33A,0.43764997
NME2,0.43764815
FOXE1,0.437644
TOM1L2,0.43757868
KANSL3,0.43750802
TRNT1,0.4374663
SWI5,0.43744737
UBE3D,0.43743974
KDM4C,0.43739414
PEX16,0.43738928
HOXD3,0.43735376
NUP43,0.43732947
DSC2,0.437258
NUDT18,0.43724957
ANKRD17,0.43718094
KISS1,0.43717378
SEMA7A,0.43715897
ARMC10,0.437109
BRD8,0.43707547
MED13,0.43704495
ABCC5,0.43701124
CLK3,0.43700415
USP27X,0.43699312
COX16,0.43697992
POU6F2,0.43697143
RCAN3,0.43696243
JKAMP,0.4368834
ZBTB20,0.43681836
NOL3,0.43674436
PAPOLG,0.43668365
STRADB,0.43667474
MORN2,0.43665543
SLC39A3,0.43663597
LLGL1,0.43661228
DKKL1,0.43659735
ZGPAT,0.43651748
MEX3D,0.43649992
CENPM,0.43649253
USP20,0.43646926
DHRS12,0.4364624
RAB11FIP4,0.436405
RPH3AL,0.4363981
PYGO2,0.43634564
SOCS7,0.43625993
EIF2D,0.43621272
ZC3H7A,0.4359848
C1ORF131,0.43597335
GATAD2B,0.43595314
GPSM2,0.4359358
ASZ1,0.43589035
POM121C,0.43584132
DNAJC21,0.43566245
EGFLAM,0.4356618
BORA,0.43565303
FAR2,0.43550968
DDX50,0.43548733
DNAJC18,0.4354457
GGNBP2,0.4354128
ZMYND15,0.4353877
APBA1,0.4353753
GRM6,0.4352714
NUTM2B-AS1,0.43525028
DNAJA4,0.43520564
CLIP2,0.43518704
CHP2,0.4351434
TMEM115,0.4351181
MPND,0.43511623
ZNF90,0.43508062
UEVLD,0.43506107
RPGR,0.43505788
TSTD3,0.4350513
HMGXB3,0.43503013
AIFM1,0.43498486
TUBGCP4,0.4349718
FAM219B,0.43494606
FUT5,0.43493786
WDSUB1,0.43488175
MORC3,0.43487152
NUP205,0.43485832
SH3BP4,0.43483883
METTL4,0.43480414
THUMPD1,0.43478018
GAREM1,0.43475056
BLZF1,0.4346785
STRN3,0.43462044
USP11,0.43461323
RAB15,0.4345854
ZBED1,0.4345438
FAM174A,0.43454248
DAO,0.43451136
CLDN14,0.4344898
KANSL2,0.4344818
KATNB1,0.4344709
PPP4R3B,0.43442807
RDH11,0.43442702
LRRC75A,0.43442693
GGPS1,0.43441758
SNHG7,0.43432593
SRSF12,0.4342743
PDZD8,0.4342726
PPIH,0.4342435
PDE6B,0.43422556
ZRANB2,0.43421564
PDE4DIP,0.43415236
KIF3A,0.43409425
PIGB,0.43401498
LRGUK,0.43396497
NUDT9,0.43396235
ERF,0.43388933
INPP5K,0.4338286
QTRT1,0.43382192
ZNF830,0.4337737
TMF1,0.43375787
POMT1,0.43375564
POLRMT,0.43372163
GOLGA3,0.43370476
KIF21A,0.43367395
SLC6A12,0.43364972
SPAG4,0.43360886
ZNF326,0.43360195
TRMT12,0.4334887
IMPA1,0.4334604
MLLT10,0.4334603
PAF1,0.43343773
NUDT1,0.43338674
SMG5,0.43337417
PPP2R3C,0.43332696
ELP5,0.43332633
LEMD3,0.43331966
BRD9,0.43330985
SCOC,0.4333023
IGHM,0.4332878
SNX18,0.43327618
ZDHHC4,0.43322745
ZCCHC9,0.4331649
RAP1GDS1,0.4331619
SHQ1,0.43312773
TRNAU1AP,0.4331077
ABHD1,0.43304348
SHB,0.43295258
POU3F4,0.4328885
SERGEF,0.43281993
PARP6,0.43275458
DEAF1,0.43272367
P2RX5,0.43270057
XRCC4,0.432697
SVIP,0.43269616
NUP133,0.4326724
SNUPN,0.43266734
HEXDC,0.43263674
RBM18,0.4326283
SIM1,0.43257648
TMEM175,0.4325686
STAG2,0.43255705
FAAP20,0.43255037
ELP6,0.4325409
ETFDH,0.43247908
BRSK1,0.4324428
DNAJC12,0.4323995
CYB5D2,0.4323845
PITRM1,0.43235344
HSPA13,0.43231028
CDKAL1,0.43229967
ARL16,0.432271
BMP8B,0.43226495
GORAB,0.43225923
RNF216,0.43224588
NAT8L,0.4322237
MYBBP1A,0.43210426
KHNYN,0.43203288
IL1RAPL1,0.43200168
NAA60,0.43195924
MMAB,0.4319497
UXS1,0.43190485
SLC52A1,0.43184194
ABHD14A,0.4318387
UBL7,0.43171853
RDH5,0.43170443
GPAT4,0.43163553
PPP1R16B,0.43162417
HMG20A,0.4315982
SLC25A44,0.4315668
SV2C,0.4315651
SLX4,0.4315373
SERTAD3,0.43149614
PAXIP1,0.43148392
ZNF398,0.43147033
EID3,0.43137774
SFI1,0.4313774
FAM63B,0.43137425
ZFX,0.4312938
GALNT3,0.43128857
RAB6C,0.4312532
RC3H2,0.43120742
UVSSA,0.43115497
SLC35D2,0.4311184
MAP4K3,0.43110132
CPSF7,0.4310924
KLHL7,0.4310844
CRB3,0.43106765
LYRM2,0.43100864
GDAP2,0.43099436
OSBPL2,0.43096843
PDSS1,0.43096596
SNX24,0.43096113
CEP152,0.4309284
ZNF143,0.43084726
CPEB4,0.43081015
ARIH2,0.43080765
WDR73,0.43080282
PPP1R14A,0.43072614
LENG8,0.4307044
MAEA,0.43069142
PDP2,0.43067223
ZNF394,0.4306198
MPP6,0.43057972
RINL,0.43054372
NCLN,0.43051186
GRK4,0.43032116
RGPD8,0.4303194
AKTIP,0.43031177
SECTM1,0.43030006
PTDSS2,0.43029198
BVES,0.43029195
TRAPPC12,0.43027854
HMGXB4,0.4302733
GPN3,0.43027267
CCDC84,0.43025702
SRRM4,0.4302176
BIN3,0.4301865
C1ORF52,0.4301735
DOT1L,0.43014938
DCUN1D5,0.4301448
FOPNL,0.43005234
PSTK,0.42999774
PPP6R2,0.42995772
HMGN5,0.429914
FAM8A1,0.4298927
XXBAC-B135H6.15,0.42987385
VIPAS39,0.42985982
CDCA7,0.42984724
SNRNP35,0.42979932
C9ORF142,0.4297808
TUSC1,0.4297777
UNC79,0.42975837
RNF167,0.429751
GOLGA1,0.42973924
ARGLU1,0.42973256
NPAT,0.42970458
NKAIN1,0.4296886
SULT1C2,0.4296859
PET117,0.4296364
SNAPC2,0.42957515
DSN1,0.42957395
AUTS2,0.42956766
MRGPRF,0.42956662
GPN1,0.4295515
PHF3,0.42955032
SRPRB,0.42951006
SLC22A17,0.42947182
WNT10A,0.429466
IP6K1,0.4294486
EMC9,0.4294334
CCDC122,0.4294324
IQCK,0.42936492
ABHD4,0.42935586
ATAD3B,0.42931017
B3GNT6,0.4292949
PDCD7,0.42924625
DNPH1,0.42922813
DOCK10,0.4291409
ABHD15,0.42900053
FBXO33,0.42897072
IGHA1,0.4289538
ZNF3,0.42893562
TSR3,0.42893544
IGLC2,0.4287725
LHX1,0.42876
COQ4,0.42874423
MTERF3,0.42871562
LRIT3,0.42870665
PPP1R3D,0.42867884
RNF144A,0.42864323
GPATCH4,0.42862877
ZNF638,0.42856312
EML3,0.42854434
ING1,0.42851582
ZBED6,0.42846814
C1GALT1C1,0.4284289
MGA,0.42841798
CYP51A1,0.42841142
NMU,0.4284006
SLC36A4,0.42831105
DACH1,0.42826635
NEUROD2,0.4282475
NUTM1,0.42821398
MBTD1,0.42819446
APLP1,0.4281432
NUP35,0.42803097
SS18L2,0.4279724
RNF146,0.4279231
FAM134C,0.4279152
SLC26A11,0.42788005
FADS3,0.4278639
TIMM23B,0.42780995
RLIM,0.42779875
SATB2,0.42777762
STON1,0.42773628
CRAMP1,0.42772403
BDH1,0.4276703
SCD5,0.42765865
TARBP2,0.427637
RANGRF,0.42763597
MFSD11,0.42745095
GEMIN7,0.42730588
ABCA2,0.42726427
IVD,0.42725888
ANAPC7,0.42719722
METTL21A,0.42716163
CNTN2,0.4271408
TSHZ1,0.42712998
POU3F1,0.42711243
ANLN,0.4270954
RPP25,0.42704874
MTO1,0.42704242
USP46,0.427011
PEX11B,0.42692262
AEN,0.42691237
KIF1B,0.42688924
ZNF430,0.42688584
GDF3,0.42683744
LIPH,0.4267847
CNOT3,0.42676535
OLAH,0.42666325
POLR3E,0.42659464
NADK2,0.4265716
SPSB3,0.42656407
SDHAF1,0.4265553
MFSD10,0.4265407
CEP350,0.42653018
ATAD1,0.42650396
GTF3C4,0.42642984
RNF20,0.42641693
RAB40C,0.42634383
SRCIN1,0.4263381
TMEM170A,0.42631578
FKRP,0.4262839
TMPO,0.42625636
CTC-444N24.11,0.42623147
FAM91A1,0.42616495
KIN,0.4261426
ARSJ,0.42613912
CLDN16,0.42612273
SLC26A9,0.4260704
SERF1A,0.4259696
ACD,0.42596927
EEF2KMT,0.42591777
ZBTB38,0.42588964
C1ORF56,0.42587075
POU3F2,0.42586708
NOLC1,0.42583436
TAF6L,0.42582017
RCN2,0.42580718
ORMDL1,0.42577487
TECPR1,0.42575416
HOGA1,0.42564973
HOPX,0.42563647
LDLRAD4,0.4256288
TRIM59,0.4255961
ADGRB2,0.42551595
STARD7,0.42543715
MTRF1,0.42540425
LHX5,0.4253695
PPP1R3B,0.4253606
WNT6,0.42533416
STOML3,0.42532954
POLR3K,0.4253056
TRIM44,0.42527837
TRMT2B,0.42527
RMND5B,0.42523462
PSPC1,0.42523175
METTL17,0.425201
PDIK1L,0.42512387
TTC9C,0.42510945
UBE4A,0.42507553
TBC1D10A,0.42502785
TMUB1,0.4250113
SLC35E3,0.42500943
ZNF512B,0.42500573
FEM1B,0.42497665
LMNB2,0.42496952
DIO3OS,0.42496634
HACE1,0.42490634
LGR5,0.4248951
GINS3,0.42487583
PRKRIR,0.42483824
CTAG2,0.42478818
KLHDC10,0.42473298
HEATR3,0.42470533
RANBP17,0.42467242
ZNF385D,0.424658
GON4L,0.42451692
ORMDL2,0.42446762
KMT5B,0.42445928
GXYLT1,0.42443666
NSUN3,0.42440477
FUBP3,0.42438334
TBCCD1,0.42438287
DPAGT1,0.4243574
INPP5E,0.42432466
FAM83D,0.42428574
COBL,0.42421564
CABLES1,0.42416865
POFUT1,0.424141
CNGB3,0.4241311
PIWIL4,0.4241239
RPP14,0.42404795
DZIP3,0.42403555
DCAF12,0.42403254
CCDC141,0.42397332
AGPAT4,0.42388907
FRAT1,0.42384702
XPO5,0.42383748
MGEA5,0.4238069
SLC23A2,0.4237619
TMEM189,0.42372936
RPAP3,0.42369604
MPDU1,0.42368907
GPM6A,0.42363667
EFCAB9,0.42363557
GTF3C5,0.42351207
CDCA4,0.42350858
TPRG1L,0.4234713
TRAPPC8,0.42344052
TAF9B,0.4233931
BOD1,0.4233857
GRIN2C,0.42334095
PAFAH1B3,0.4233044
TRPS1,0.42330235
KIF13A,0.4232646
SMTNL2,0.42325217
KRI1,0.4231359
TESK1,0.42299104
FRYL,0.42295665
YPEL2,0.42291704
TIAM2,0.42291436
OARD1,0.42287344
TRIM13,0.4228405
GATA2-AS1,0.42278457
PHIP,0.42277074
MID2,0.4227659
EXTL3,0.42276114
ZYG11B,0.42264348
VRK3,0.42253336
DCLK3,0.42250586
ZCCHC17,0.4224699
MAP3K7CL,0.4224201
PLCH1,0.42241684
TECPR2,0.42238587
KIAA1191,0.4223515
TP53TG1,0.42234245
PECR,0.42232567
PLEKHA3,0.42230868
CDC14A,0.4222353
SLC12A6,0.42221165
MSH3,0.42220122
GATAD1,0.4221216
HSF2,0.4220497
FARP2,0.42202562
C16ORF89,0.42201185
PRPH,0.42198402
PCSK1,0.42195606
PLIN4,0.42184806
ABCB8,0.42184067
NTMT1,0.4217975
FBXL17,0.4217561
HSD17B7,0.42173308
NDP,0.42170626
PTRH1,0.42170358
ZFAND2B,0.42168856
DDX42,0.4216508
GUCA2A,0.42164493
UST,0.42163005
PLA2G16,0.42161408
E4F1,0.42161337
UROS,0.42159337
TMEM74,0.42149487
RSBN1,0.42146063
OTUD3,0.42144686
TOMM70A,0.42143077
IPO13,0.4213522
POM121,0.421352
CARD14,0.4213223
PTPN23,0.42125958
PRSS16,0.4212455
SAP30L,0.42117992
NUP188,0.42117032
SLC4A4,0.42114648
FBXO21,0.421146
GOLT1B,0.4211445
OTUD7A,0.42102322
AK5,0.4210108
HNRNPU-AS1,0.42099005
RNU12,0.42098373
CDK19,0.4209816
KPNA5,0.42096108
REEP4,0.42095876
TSEN34,0.4209476
DUS2,0.42094508
CAPN12,0.42092982
KIDINS220,0.42092434
NPEPL1,0.42090362
ETNK1,0.42089653
SLC25A16,0.4208769
FBXO9,0.42087016
DRG2,0.4208428
RNF115,0.42084274
WNT9A,0.4207731
M1AP,0.4207241
SPTSSA,0.42067152
RITA1,0.42066592
SLC25A28,0.42052692
MTMR8,0.42051893
SARNP,0.4204937
ZNF83,0.42047706
DPH5,0.4204482
HOOK2,0.4204162
ZHX2,0.4203772
DCDC1,0.42037147
MUTYH,0.4203576
TCAF1,0.42031947
MON1B,0.42027155
HSPB11,0.42023405
DTD1,0.42023224
NCKAP5L,0.4202004
GSPT2,0.420187
TLK1,0.4201706
CPOX,0.42013115
ZNF827,0.42010418
FAM166B,0.42009014
HAUS5,0.41998467
ZNF532,0.41993576
POLK,0.41988692
CLCF1,0.41986084
JMJD4,0.41983947
SIKE1,0.41983715
KLHL21,0.41983056
CCP110,0.419823
TM9SF1,0.41980726
ZMYND11,0.4197987
SENP7,0.41973844
SRPK3,0.41971603
PHKA2,0.4196712
TRPC4AP,0.4195915
SMNDC1,0.4195357
ZNF276,0.41952506
SPDYE16,0.41949326
SLC39A12,0.4194778
PHF10,0.4194407
CCDC94,0.41941088
CTDP1,0.41940814
LRRTM3,0.41940054
C5ORF56,0.41935635
IBTK,0.41931477
ASNSD1,0.41921496
CCDC130,0.41920352
TMLHE,0.4191079
LMBR1L,0.41909638
CRTC3,0.4190949
SLC27A5,0.41904527
VCPKMT,0.4190236
GRK7,0.41896766
AASDHPPT,0.4189468
DGKQ,0.41889024
MGRN1,0.41887683
UBR3,0.4188181
SACS,0.41879463
BBS10,0.4187499
AC020571.3,0.41874537
FOXN1,0.41870674
PRRC2B,0.41868153
DENND4B,0.41862422
LYRM1,0.4186039
INO80,0.41860184
SMIM10L1,0.41856647
ACSM1,0.4185195
ICMT,0.41849074
TTC37,0.41838446
MUSK,0.41829553
RASA3,0.41829434
MPP5,0.41815
RECQL,0.41806874
FBXW4,0.41801772
RP11-251M1.1,0.41799688
ZSCAN32,0.41798195
OVCA2,0.41797704
DUS1L,0.4178873
RUSC1,0.41788068
ZNF354C,0.417859
TMEM259,0.41777444
TRIM16L,0.41777387
NSD1,0.41772622
TMEM131,0.41772
PIGS,0.417718
ARMC1,0.4177162
LETM1,0.41765514
FBXL3,0.41763029
IMPAD1,0.41759318
TMEM42,0.4175071
HERC4,0.41749692
HERC1,0.41748947
TRIM9,0.41746956
PEX10,0.41741008
RIOK1,0.4173575
CRYBB2,0.4173271
RC3H1,0.41732088
PDZD3,0.41729236
ZW10,0.41727537
CRIPT,0.41721648
CARNMT1,0.4171636
CCNB3,0.41713047
PPP2R5D,0.4171114
KIF1A,0.41709638
DAPK2,0.4170094
SLIT1,0.41688737
FAM89B,0.41687217
NUDCD2,0.4168617
PELP1,0.41684985
CKS2,0.41684332
TERF2,0.41683275
FBXO4,0.41683015
C20ORF194,0.41682845
AGPAT5,0.4168125
FAM162B,0.4167502
MYOM1,0.41673604
TOB2,0.41673034
NUDT11,0.41667444
NOMO1,0.41666126
SURF2,0.41665992
ZBTB4,0.4166352
TRAK1,0.41660032
FAM53C,0.41654897
GPR3,0.4164924
CDH23,0.4164853
PHKG1,0.41646823
DHX57,0.41646028
AKR1D1,0.41645098
VSTM4,0.4164381
JMJD8,0.41642624
CHIC1,0.41630358
WASH1,0.41630283
BOD1L1,0.4163002
SBNO1,0.4162418
PDAP1,0.416241
NELFB,0.41623944
PDRG1,0.41622883
PSKH1,0.4160812
DPH6,0.41607824
SPDEF,0.4160123
SLC52A2,0.416006
DTNB,0.41598502
PGP,0.4159568
TMEM19,0.4159429
PRDM4,0.41591993
PRRG1,0.415831
RPRD2,0.41581923
DEDD,0.41577283
CCDC92,0.41572085
TPGS1,0.41571727
DIS3L2,0.41571552
PSAT1,0.41569924
MCCC1,0.41569734
TRIM69,0.41563416
SLC20A1,0.41560826
DNLZ,0.41553873
WDR19,0.415523
NCAM2,0.4154935
SENP1,0.41545933
ZFR,0.4154373
KIAA0430,0.4153915
LIN52,0.41538793
KANSL1L,0.41531602
ZNF436,0.41531128
PHTF2,0.41527423
TMEM69,0.41521612
WDR37,0.41521278
SLC1A4,0.41518864
ATP2B4,0.41515246
TMEM98,0.4151133
DNM3,0.41508245
LRRC14,0.41505203
TTC14,0.41505188
FAM183A,0.41499582
NRXN2,0.41498047
IL17RE,0.41495252
RAPGEF5,0.41492516
ARAP2,0.41484556
ZNF226,0.4148434
ELF3,0.41482097
GINS4,0.414805
CTDSPL,0.41479427
SYDE1,0.414661
ADNP,0.41455263
GTF2IRD2B,0.41453853
GNMT,0.41444546
TMEM18,0.41442996
CHN1,0.41434145
ODF2,0.4143404
PRRC1,0.41432077
ERC2,0.4143189
BCCIP,0.41426975
SLC41A3,0.4142487
CEP63,0.41420215
ZNF444,0.41414976
SLC8A2,0.41413602
INTS2,0.41412076
MT1A,0.41404447
SDCCAG8,0.41403967
INO80D,0.41402116
PRSS8,0.41392732
ZC3H14,0.41389155
FASTKD3,0.41388088
MYSM1,0.41386318
KIAA1715,0.4138442
TCAIM,0.41383505
TEKT2,0.41377893
IWS1,0.41370314
DMWD,0.41368765
PCMTD2,0.41367388
TMEM216,0.41361308
MTPAP,0.41358924
FLG2,0.41358265
TMCC2,0.41352415
SPSB1,0.41351575
LINC00969,0.41347513
SAMD4A,0.41332668
FAM21A,0.4133203
LRRC17,0.4133098
ARHGEF35,0.41324553
GMPPA,0.4132289
SLC24A5,0.41320467
UQCC1,0.41320276
CMTR2,0.4131175
FOXE3,0.41309738
CLPTM1L,0.41309327
ZC3H18,0.413054
GPR132,0.41305238
TBC1D20,0.41300908
ATXN7L1,0.4129652
TBCC,0.41289124
CACNB1,0.41284767
NABP2,0.41282192
RAD9A,0.41278395
WDR83,0.41278276
SRPK1,0.41273585
METTL1,0.41271433
CXXC5,0.4126826
SNX25,0.41266093
DIP2A,0.41256756
DZIP1L,0.41251057
FAM46C,0.41250497
SLC16A10,0.41248313
ACY1,0.4124752
MARCH6,0.41242737
CLNK,0.412405
EPDR1,0.41238436
DAAM2,0.4123234
CINP,0.41231817
CCDC62,0.4122704
SLC44A2,0.41226235
MSI2,0.41215128
CYHR1,0.41213974
IFRD2,0.41212115
ILKAP,0.41204676
C16ORF87,0.41203704
PSPH,0.41203365
MBOAT7,0.41201013
GOLT1A,0.41198105
PIGF,0.41197473
SCAMP3,0.4119211
TEFM,0.4118986
ANGEL1,0.41185266
ASB3,0.41182533
FRA10AC1,0.4118039
DYDC2,0.41170964
WWC3,0.41165274
DSCC1,0.41158
RECQL5,0.41156322
MFHAS1,0.4114716
GFM2,0.4114488
CLPS,0.41143656
RBM10,0.41142893
FETUB,0.41141453
GJC3,0.41141176
KTI12,0.41136894
CDKN2AIP,0.41136074
ZIC3,0.41133446
KLHL25,0.41128182
XPOT,0.41127878
KIF13B,0.41122156
LSM11,0.411197
YEATS2,0.4111824
SERPINI1,0.4111611
PIGO,0.41115442
ZNF217,0.4111467
GTPBP2,0.41112128
ASXL2,0.4111198
FMO5,0.41105542
THAP7,0.41097593
SEMA4F,0.4109015
POT1,0.4108735
ARPP19,0.41086283
EYA1,0.41083974
UNC5CL,0.41081747
ENDOV,0.41080993
PAPD5,0.4108014
TMEM170B,0.41071162
TRDMT1,0.41064748
INO80B,0.4106446
SEMA5A,0.41062444
NUDT13,0.41062385
ZNF480,0.41056275
WDR77,0.41055164
NAV3,0.4105316
ERI3,0.41049385
ASPA,0.41046625
SCN2A,0.41035643
NBAS,0.41034913
HOXA3,0.4102978
SYTL2,0.41014194
ATXN7L3B,0.41013336
PERP,0.4101178
HESX1,0.41010928
C6ORF106,0.41000217
CCDC174,0.4099266
COQ5,0.4098762
BTG3,0.40984565
NR2C1,0.40982255
C8ORF82,0.40981072
ELP4,0.4097894
TUBG2,0.4097742
FAM134A,0.4097709
FAM234A,0.40975744
PIGH,0.40972385
LIN9,0.40970868
TMEM263,0.40968233
RBM12,0.40959096
WSB2,0.4095603
ZNF358,0.40955892
DAGLB,0.40953532
GPR68,0.40950927
FAM98B,0.4094371
TEKT1,0.4093915
CDH18,0.40939087
TMC1,0.4093648
SART3,0.4093638
HS6ST1,0.40933985
PDSS2,0.40928182
ITPKB,0.40927052
CENPJ,0.40923437
DOHH,0.40914202
RNPC3,0.4091003
PKNOX2,0.40905628
COQ9,0.40904817
SPECC1,0.40904537
STRIP1,0.40902805
ARL13B,0.40900627
DDX55,0.40895638
DDX59,0.4088772
UBFD1,0.4088381
FBXO32,0.40883368
CACTIN,0.40883034
RMND1,0.40882707
RABEPK,0.40882677
MTHFD1L,0.408809
ARSH,0.40875682
AGR2,0.408681
PPP1R8,0.40858188
VEZF1,0.40855765
HNRNPLL,0.40855592
VCPIP1,0.4083658
WNK3,0.40835127
CRACR2B,0.40821272
TCTE3,0.40820184
ZNF182,0.4081985
KLHL42,0.40810928
RNF185,0.40810126
C15ORF61,0.40798855
SCLT1,0.4079609
ADGRG5,0.40794748
CCDC3,0.40792927
DCAF8,0.40791923
PIGW,0.40784997
RP6-159A1.4,0.40776902
SLC27A6,0.40769497
PPEF1,0.40769497
LINC-PINT,0.40769142
DPCD,0.40762514
C11ORF49,0.40759987
FAM213B,0.40759748
ERI1,0.40756422
SPAG5,0.4075353
CLDN12,0.40751714
CLHC1,0.40743098
GPRASP1,0.40740523
OTUD5,0.4073406
TMPRSS3,0.4072652
CCDC57,0.4072388
CETN3,0.40716133
REXO1,0.40712714
JRK,0.40709758
ATXN10,0.40709728
NUFIP1,0.40708295
HSBP1L1,0.40705198
MIPEP,0.40702447
ANKRD9,0.4069623
ELOVL6,0.4069379
SLC35B1,0.40687937
TBC1D25,0.40680933
C7ORF25,0.40671816
ARSI,0.40671277
ENPP4,0.406712
CTD-2319I12.2,0.40669376
ERMARD,0.40666237
OGFOD1,0.4066616
ZER1,0.4066588
MAP4K4,0.40650377
TRUB2,0.40638074
RFX7,0.40636286
ZNF396,0.40635437
LARP1B,0.4063468
USP48,0.40631872
ZNF687,0.40627083
TRAPPC9,0.40625912
KLHL5,0.40624332
ZNF19,0.40624136
SLFN12,0.4062404
MBD3,0.40620738
CEP72,0.40620583
ETV7,0.40620542
POGZ,0.40619025
PIPOX,0.40615797
TMEM94,0.40614352
IFT74,0.40609723
DLEC1,0.40606657
UBP1,0.40605813
SPC25,0.40598053
RANBP9,0.40592617
UBN1,0.40585607
ACYP1,0.40580505
EPM2AIP1,0.4057684
HOXB3,0.4057626
ARSK,0.40574297
FZR1,0.40570027
PMP2,0.40569228
ISL1,0.40563434
MTMR4,0.40562052
HNF1B,0.4055698
C6ORF1,0.40553322
TSKS,0.40548533
HIVEP1,0.4054721
ZNF516,0.40546113
CCAR2,0.40543422
SPRYD4,0.40536785
THSD4,0.40536362
GAS1,0.40534216
SQLE,0.40533805
TBC1D13,0.40532494
MOAP1,0.40529943
RBM14-RBM4,0.40528196
FAM60A,0.40524897
CDK5RAP1,0.40519094
TYW1,0.40515375
PLAGL2,0.40505576
FAAP24,0.40501362
ICE1,0.40496
BBS5,0.40488833
DDHD1,0.40488672
C1ORF27,0.40487581
CCDC43,0.40473908
C19ORF12,0.40472612
PGBD4,0.40466803
ZXDC,0.40466684
ADSS,0.40462738
SAP130,0.40452895
ODF2L,0.40444952
LAS1L,0.40441623
NLK,0.40438557
POMT2,0.40437666
CAAP1,0.4043309
HPDL,0.40431768
FIGF,0.40431675
TUBGCP6,0.40431625
RAB23,0.40426412
OXR1,0.40424865
LZTS2,0.4042476
AVL9,0.40412313
PHF21A,0.4041062
ARFGEF2,0.40403128
CCNYL1,0.40400958
CCDC186,0.40398484
NAALADL2,0.4039847
CEP78,0.40392813
AGPAT3,0.40392017
NOL9,0.40391833
RASGRP3,0.4038233
RMND5A,0.40375012
DOK6,0.40374798
B4GALT7,0.40349618
INTS1,0.40338644
DCUN1D3,0.40315828
GABRB1,0.4031405
SEC23IP,0.40304226
SLC34A1,0.40288243
SLC25A42,0.4028212
DPPA4,0.40266603
NVL,0.40265054
IFT43,0.4026268
MINK1,0.40261835
SH2B2,0.40257683
EPM2A,0.40254372
RARRES3,0.40249974
SUPT7L,0.40245304
GPAT2,0.4024337
SULT1A2,0.4023201
MAPRE2,0.4022495
GPRC5A,0.40223265
TMEM102,0.40219808
GPANK1,0.4021669
DHH,0.40215817
ZNF451,0.40210658
CDC42EP1,0.40210494
PGRMC2,0.40209326
KRT10,0.40201798
AGR3,0.40199548
NARS2,0.4019525
CELA3A,0.4017148
ACSM2B,0.40165177
PEG3,0.40160742
YLPM1,0.4015758
MRM1,0.40155673
LPGAT1,0.40152803
LHFPL5,0.40143332
WDR25,0.40141827
ASCC1,0.401405
GDF11,0.40136996
TTC7B,0.40134248
ADORA1,0.4013093
MTMR3,0.40122303
ZNF704,0.401213
USP40,0.40118918
KLHL2,0.40102953
CMTR1,0.40096855
SNX11,0.40089425
LENG1,0.40080342
C9ORF3,0.40076408
SCAF1,0.4007505
MCM3AP,0.40052897
KIAA0196,0.4005162
DIXDC1,0.40051574
WHSC1L1,0.40047312
EVI5,0.40039462
DYRK1B,0.40034747
SLC33A1,0.4003315
FBXW9,0.40029317
CHERP,0.4001847
LSS,0.4001754
DDX19B,0.4001748
TRMU,0.4001705
SLC25A20,0.4001518
TRMT61A,0.4001275
WWC2,0.40010133
KLK10,0.40006834
ALG9,0.39996356
USB1,0.39989662
EMSY,0.39987212
DTWD2,0.39980063
TENM2,0.39977798
CACNG4,0.39968282
CHD6,0.39964187
TEN1,0.3996255
FAM120B,0.39962408
MNT,0.39960113
CCNG2,0.39948112
SLK,0.39947668
CEP170,0.39934337
IMMP2L,0.39933378
SWSAP1,0.39933366
SH3GLB2,0.39933237
INSM2,0.39932933
SLC25A17,0.39929196
PDS5A,0.39926612
LEMD2,0.39916396
CDR1,0.3990668
FBXL19,0.39906502
PIGG,0.39904103
CRTAC1,0.39901882
PMVK,0.39899465
ATP8B4,0.39894518
RD3,0.39893806
TMEM134,0.3989278
RASAL1,0.39882648
POLN,0.39882353
CTIF,0.39882308
LRBA,0.3988125
RPAIN,0.3988118
USP39,0.3987754
RAPSN,0.398673
AKAP11,0.39866444
CNTD2,0.39864144
ANKFY1,0.398573
LCMT1,0.3985626
NUDT16L1,0.3985327
YY2,0.39849138
SPPL3,0.39849052
DOK5,0.39848778
NDRG3,0.39839476
C11ORF68,0.39838836
PRMT3,0.39833957
C1ORF174,0.39819714
FARSA,0.39811698
C17ORF89,0.3981165
LBR,0.39811608
FCRLA,0.39807662
TCHP,0.3980108
SP140,0.39800167
NALCN,0.39800125
AMER1,0.3980003
SFTA3,0.39799446
PRKRIP1,0.39796445
ZGLP1,0.39792338
SLC25A38,0.3978458
GGTLC2,0.3978356
SESTD1,0.39783424
FBRS,0.3977881
MESP1,0.39778566
IPO4,0.39777052
BSN,0.397767
C6ORF47,0.39774376
RBAK,0.39768985
RAB40AL,0.39768696
USP51,0.3976743
FBXO25,0.39758208
PHF6,0.39755905
DPP10,0.39753097
MANEA,0.39750904
NBPF19,0.39747635
MFSD5,0.3974635
ATE1,0.39731938
MDN1,0.3972996
EBP,0.3972831
SP4,0.3972823
B3GAT3,0.39724016
PIGZ,0.3971733
CHD7,0.3971246
DIDO1,0.39707935
AARS2,0.39704654
SLC2A8,0.39703485
RCAN1,0.39678866
NIT1,0.39667925
THNSL2,0.39658323
FUT11,0.396527
APBA2,0.39650363
RNF103,0.39650202
KIAA0368,0.39644343
CYP4F11,0.39637026
PHF23,0.3962872
RAD50,0.39626887
RNLS,0.39620876
LRRC28,0.3961603
ORC2,0.39615077
ZNF131,0.39610425
L2HGDH,0.39603323
UHMK1,0.3960143
ZNF692,0.39599064
USP42,0.3959548
CTNS,0.39587623
ZSWIM8,0.3958425
TMUB2,0.3957776
TADA2A,0.39572516
TSKU,0.39571983
GDF7,0.39563736
MFSD14A,0.39561087
NOP16,0.3954938
MPV17L2,0.39544433
ELP3,0.39543694
ZCCHC8,0.39543158
SLC51B,0.39540997
HCFC2,0.39539418
RBM26,0.39538988
TRIM8,0.39537662
LRRC41,0.39537624
INIP,0.3953217
API5,0.39525118
SRD5A3,0.39520818
UBE3C,0.39517632
CLCC1,0.3950397
POLL,0.39503923
SCYL3,0.39502555
WDR6,0.3949124
WDYHV1,0.3948986
RASD1,0.39489844
TRMT10B,0.39488655
SLC6A14,0.39487767
CCDC97,0.3948437
UNC50,0.39476243
ZFYVE1,0.39469498
ZNF219,0.39461216
TSPAN5,0.39454722
TTL,0.39434877
TBX6,0.39431724
FRS3,0.3943135
GPATCH8,0.39422706
ABCA4,0.39422086
CSNK1G2,0.39422026
TMEM55B,0.39420915
ZNF763,0.39419279
PLCH2,0.39409277
C2CD5,0.39402318
DHX32,0.39401573
FAM98A,0.39398247
ACTR8,0.3938722
DDHD2,0.3938438
TMEM203,0.39372087
PLEKHJ1,0.39371416
RNF217,0.39369947
TATDN1,0.3936646
F8A3,0.3936577
UBE3B,0.39362282
DOK4,0.3935934
ERAL1,0.3934172
SIDT1,0.3933159
ZCCHC4,0.39329556
TAF5L,0.39328736
SLC25A13,0.39327067
KLHDC1,0.39322424
LRRC58,0.39321682
SMC1B,0.39316154
ZNF292,0.3931152
LRRC47,0.39301795
EPRS,0.39297736
ALAD,0.39297253
EPB41L5,0.3929693
SPEN,0.3929438
MTERF2,0.3929256
KIF22,0.3928766
C5ORF24,0.3928652
FBXO15,0.39285102
WDR81,0.39281362
PRR5L,0.39278355
KIAA1109,0.39278245
KATNA1,0.39277914
MTBP,0.39277503
PPFIA2,0.39277434
TBCD,0.39277363
MPZL2,0.39272133
PTPRN2,0.39271468
PIR,0.3926683
CDKN3,0.3924229
SLC26A8,0.39236572
C1GALT1,0.39227438
C6ORF120,0.39224613
RP11-553L6.5,0.39223647
SPDYE1,0.39214224
GID4,0.39211437
ZSCAN18,0.39196533
GINS1,0.39194188
SPRY3,0.39193103
XXYLT1,0.39188725
NIF3L1,0.39188498
KLHL8,0.391838
CLK4,0.3918188
MCM8,0.3917469
GTDC1,0.3917411
KCTD2,0.39173755
TECTA,0.39172134
HS6ST2,0.39162296
MIEF1,0.39162195
DALRD3,0.39158648
PEX26,0.39153805
GALK2,0.39150387
TULP3,0.3914905
ORMDL3,0.39146703
MCM9,0.39139754
SCAF4,0.3913775
SASS6,0.39130837
FAM127B,0.39119565
CDK2AP1,0.39104587
ENGASE,0.39097387
DNAJC14,0.3909653
TP53INP2,0.39095992
CEP57,0.39088517
GALNT1,0.39077738
B3GNT4,0.39054373
REXO4,0.39052084
PREPL,0.39047083
INVS,0.39044857
STC1,0.39041293
C1ORF35,0.39025378
CKB,0.39001662
PAK1IP1,0.3900134
FAM3A,0.39001322
C19ORF25,0.38999358
KNSTRN,0.38989973
FSBP,0.3898368
RSPO1,0.38975745
SHTN1,0.3896955
KCTD17,0.38968623
NUTM2A-AS1,0.38958865
G2E3,0.3895028
TBX2-AS1,0.3894281
SFT2D3,0.3894257
CCSER1,0.38939175
GDF6,0.38933197
RPUSD4,0.38932937
NKAIN2,0.38931113
LIG4,0.38929772
CPTP,0.3892854
CPSF3L,0.38926205
C17ORF58,0.38925576
TRIP4,0.38924593
HOXB8,0.3892413
ELOVL5,0.3892045
KATNAL2,0.38915592
RBM33,0.38907114
GCAT,0.38898298
C3ORF18,0.3889671
FAM13B,0.38877556
TUBD1,0.38866532
GHDC,0.38861424
FAM122A,0.38861412
USP47,0.38861394
THAP3,0.3886005
C18ORF25,0.388583
BCOR,0.38844383
RAX2,0.38837332
RAB4B,0.3883695
RFX2,0.3881098
OTUD6B-AS1,0.3881061
SNAPC3,0.38809514
CCDC112,0.38803783
FEM1C,0.38801908
GEMIN2,0.38798445
CWF19L1,0.38798046
LRIF1,0.3879726
HMGB3,0.3879388
STAG1,0.38792604
TTC8,0.38786817
SLC5A7,0.38786
TFCP2,0.38781905
THOP1,0.38773894
MEX3C,0.38767603
CTPS2,0.3875862
CORO7,0.387463
ADAMTS6,0.38741136
DHRS1,0.38740534
TMEM26,0.38739964
HIC2,0.3873491
RP11-758H9.2,0.38728985
FBXO42,0.38720772
ZFYVE19,0.38719523
PINX1,0.38718858
DYRK4,0.38717124
SPRTN,0.38714504
KIAA0100,0.3871189
RANBP3,0.38705334
GARS,0.3870196
ZSWIM2,0.38696083
RCHY1,0.3867701
AKAP8L,0.3867306
SNURF,0.3865975
ZFP91,0.3865741
ZBED5,0.3865342
LCOR,0.3865264
ZNF644,0.38651624
C11ORF57,0.38650426
GYPE,0.38648722
GTF3C2,0.38641506
HACD3,0.38636002
KLHL18,0.386339
DIS3L,0.38633233
SH3BP5L,0.38632604
ZFAND2A,0.38630992
RNF44,0.3862924
SCFD2,0.38618308
TMEM57,0.3861311
RAB40B,0.38610536
OTUD4,0.3860535
TM7SF2,0.38603097
ZSWIM4,0.3859884
VPS13D,0.38596502
ASPG,0.3859237
RBFA,0.3858855
TSPAN10,0.38587028
BTBD2,0.38586944
TPGS2,0.3858587
GTF2H2C,0.38584742
MAP4K5,0.3858115
C16ORF45,0.38580704
SLC28A3,0.3857735
SRCAP,0.38560468
SLC25A22,0.3855637
TIAF1,0.38556346
ZC3HC1,0.38553137
LSM14B,0.38532728
ANKAR,0.3852777
BBX,0.38527426
FAM177A1,0.38524318
ZBTB33,0.3852338
ST8SIA6,0.38522464
GABPB1-AS1,0.3851345
TTC33,0.38503987
LCMT2,0.38499427
KDM1B,0.38489926
AVEN,0.38489163
ZNF24,0.3848192
AHSA2,0.3847252
C1ORF122,0.38470337
YY1AP1,0.3846458
TFCP2L1,0.38464195
CADPS2,0.38463563
SV2A,0.38463384
AHI1,0.38455588
SH3BGR,0.38454232
MLF1,0.38448337
POLR3H,0.38442326
SYT4,0.38439757
MID1IP1,0.38432926
MVD,0.38429773
SUGP1,0.38419828
GALP,0.38416627
MB21D1,0.38414368
DPH2,0.384125
RP11-834C11.4,0.38407618
FAR1,0.38401753
THUMPD3,0.38401002
SKIDA1,0.38400772
VRK2,0.38398084
FBXO31,0.383946
USP35,0.3839262
VPS50,0.38391748
RBM48,0.38384566
LACC1,0.383756
TMEM39A,0.3837532
PTPRK,0.38375098
TMEM184C,0.3837049
CEP19,0.38367623
RABGAP1,0.38363814
C18ORF21,0.3836304
CPZ,0.38350144
INTS4,0.38347888
APPL2,0.38345855
MORC2,0.38334078
ILF3-AS1,0.38329047
KLF11,0.38318473
CHTF18,0.38312522
GEMIN6,0.38306427
RQCD1,0.38305816
MAGEA10,0.38297135
SAP25,0.3829238
CEP250,0.38288933
FOXN2,0.38285828
LRRN4CL,0.3828159
ISOC1,0.38281024
TMEM8A,0.38278523
ANXA13,0.3827683
SLC5A6,0.38270232
FRRS1L,0.38268882
ST8SIA5,0.3826746
RAB28,0.38264877
C12ORF43,0.38255847
NXT2,0.3825539
PARS2,0.3825067
POLH,0.38250232
PRRG4,0.3824897
ASCC3,0.3824233
SAMD4B,0.38239393
USP37,0.38237017
CRHBP,0.38230225
FOXL1,0.38222945
VARS2,0.3822247
CCNO,0.3822149
TANGO2,0.3821594
RRP36,0.38215345
RPUSD3,0.3821264
WDR20,0.38211998
ATAD2,0.3820088
YIPF1,0.3820078
ZNF473,0.38200325
PHF19,0.38197574
APTX,0.38190866
OXLD1,0.38183767
APCDD1,0.38181964
STK11IP,0.38181368
ECD,0.38175333
TMEM231,0.38174197
ZBTB7B,0.381741
RAD54B,0.38164338
CFAP100,0.38159555
MIR99AHG,0.3814733
DNAH10,0.3814507
BSND,0.38140452
MTMR6,0.38131982
KIF3C,0.38117686
ASXL3,0.3811267
KCNJ13,0.38109738
RGS22,0.38102132
JPH1,0.38100567
USP24,0.38093758
KIAA1328,0.38091958
ZMYM4,0.3808943
PSRC1,0.38080108
PRSS21,0.38074556
GMNN,0.38072842
ZFPL1,0.3807147
DNAJC25,0.38059005
WBP1,0.3805423
STK32C,0.3805111
EBLN3,0.3805066
CRAT,0.38041264
LARP4B,0.3803944
GOLGA8A,0.38032323
ACAD10,0.38028532
INTS9,0.38022286
SIK2,0.38017428
TNPO2,0.3801269
HAUS2,0.3801029
CALCOCO1,0.38003218
MIS18BP1,0.38002986
FAXDC2,0.37992388
CYB5D1,0.37980053
DHX30,0.37967834
TRMT61B,0.3796296
FAN1,0.37959442
SNAPC4,0.3794927
RPRD1B,0.37944046
TONSL,0.37939438
POU2F1,0.37934726
GPATCH11,0.37932676
TFF1,0.37924626
RAD54L,0.3792081
UBALD2,0.37919796
ZNF770,0.3791851
BRWD1,0.37917694
TUBE1,0.37912
C1QTNF7,0.3790875
CSNK1G3,0.37908646
HELB,0.379062
UPK3A,0.3789734
XRRA1,0.37897032
BBS7,0.3788746
SHROOM4,0.37887055
DHDDS,0.37884402
SDHAF4,0.37876683
PDPR,0.37869906
AGAP3,0.37866896
CLDN22,0.37861955
C21ORF59,0.37855875
GOLGA7B,0.3784529
ZNF672,0.3784188
ZNF274,0.3783183
GEMIN8,0.37822887
TCEANC,0.37818018
CFAP77,0.37812886
RCC2,0.37812656
SPINK9,0.37804884
SPDYA,0.37804782
GLIPR1L2,0.37801382
SPIRE1,0.37800485
ZZEF1,0.3779908
CNNM3,0.37791428
JADE1,0.37780073
ZRANB1,0.37775284
SAYSD1,0.37764487
ASB8,0.37763184
ENDOD1,0.37759596
COA7,0.37753186
ACTR6,0.37749046
MMP20,0.3774855
ASB6,0.37742457
C1ORF189,0.37739804
HERC3,0.3773685
WDR70,0.37722883
FBRSL1,0.3772232
SLC12A2,0.37708706
BRPF3,0.37708455
TADA2B,0.37692213
GPATCH2,0.37689716
WDR55,0.37688422
RNF26,0.37687108
HARS,0.37684247
RSBN1L,0.3768041
ATP5SL,0.37675995
WNT2B,0.3767219
L3MBTL1,0.37666386
AMZ2,0.37662894
ZNF224,0.3764804
DCAF15,0.3764575
FAM124B,0.3763567
ZC3H6,0.37634128
CBWD2,0.37629783
RAD17,0.37620944
FFAR1,0.37619632
ALKBH6,0.3761513
HOXB4,0.37614557
SEPSECS,0.37614012
SPRYD3,0.37606624
RYK,0.37603977
PRKAG2-AS1,0.37602338
BRAP,0.3760204
UBXN8,0.37595493
PELI2,0.37591153
NACAD,0.375889
WBSCR16,0.375826
DNAJC17,0.3757331
KLF16,0.37567654
SAC3D1,0.37564996
C19ORF33,0.3756215
TEX261,0.3756023
CABLES2,0.37547332
RAB2B,0.37532532
TSC22D4,0.37527472
BIVM,0.375249
ACSM5,0.37520474
TRPT1,0.37515962
STARD5,0.37515137
BRPF1,0.3750637
WBSCR22,0.37503356
DMTF1,0.37501281
ZNF44,0.37501085
MLH3,0.3750033
ATAT1,0.3748565
ZMYND19,0.37484545
RCOR3,0.37481087
CCDC13,0.37475428
USP30,0.37466374
REPIN1,0.3745765
MAU2,0.3745719
GPR83,0.37452352
KIAA0408,0.37446678
CPEB3,0.37438288
ZNF408,0.37418944
RIPPLY2,0.3740943
AC004791.2,0.3740477
WDR4,0.37404507
AGAP1,0.37403437
SHD,0.37400752
NACC1,0.37396386
DDX51,0.3739207
ZRANB3,0.37389466
TRIM26,0.3738717
TBCE,0.37381765
WDR97,0.37369502
ST6GALNAC4,0.37364417
SLF2,0.3735194
RPUSD2,0.37342915
BBIP1,0.3733984
STARD10,0.3733914
TMEM54,0.37337488
KCNK2,0.37327915
KCTD5,0.37322545
B3GALT6,0.3731597
CCDC88C,0.37313256
ZDHHC9,0.37308308
NELL1,0.37299716
LRRC37B,0.3729277
FAM168A,0.37286472
C21ORF2,0.37286332
VPS13B,0.37278548
TPD52L1,0.3726645
DONSON,0.37254658
C17ORF97,0.3723806
ALPK1,0.37232894
AP001055.6,0.37230945
ASB1,0.37227368
FAM114A2,0.372193
UHRF1BP1L,0.3721153
CTU2,0.37207612
C8ORF33,0.37206334
CMSS1,0.3719523
TTC21B,0.37194926
MAGEF1,0.371873
FOXK1,0.37187243
CYP4V2,0.37184754
SS18L1,0.37178826
PRCD,0.37175432
USP38,0.37170652
KCNMB4,0.37170026
MIR4458HG,0.3716545
COMTD1,0.37164435
IMPG2,0.37157387
TRIM39,0.37148857
NAALAD2,0.37147647
PPP1R37,0.37135777
NAT9,0.3712652
COQ10A,0.37123808
SLC25A29,0.37112254
PDCD2L,0.37099344
ACSM2A,0.3708616
CLASP1,0.37069407
LYPLAL1,0.37066972
C3ORF38,0.37058333
CNIH2,0.37048906
SC5D,0.3704135
TARBP1,0.3703969
AP1AR,0.3702484
AGA,0.37020645
NPHP4,0.37019545
NCBP2-AS2,0.37011665
PGAP2,0.37005186
PDZRN3,0.36993396
EEPD1,0.36991245
KCNIP2,0.36986548
ORC3,0.36986417
CNIH3,0.36975735
ACSF3,0.36972585
AAR2,0.3696705
HAND1,0.369493
EXD2,0.36948317
FAM110D,0.3694746
FOXP4,0.36946422
SYNGR3,0.3694396
RNF141,0.36941782
KCTD9,0.3693283
PDS5B,0.3692978
ZNF608,0.36920732
PLEKHA8,0.36913392
STAG3,0.36911666
PCIF1,0.36897996
NT5DC2,0.36896667
MICAL3,0.36896604
NR2C2,0.36896268
RIMKLA,0.36894068
LTN1,0.36893097
IMPACT,0.36880407
CLDN19,0.368802
CLDN10,0.3687386
TRIM3,0.36868995
CD3EAP,0.3684986
POLM,0.3684629
CNP,0.3683821
UBR7,0.3682926
ARL14,0.36825815
IGHV3-11,0.36825728
RNF34,0.36823577
ZNF426,0.3679764
ABCF2,0.36785612
NICN1,0.36778948
KCNIP4,0.36776048
RIF1,0.36770874
ZKSCAN1,0.36756825
NOS1AP,0.3675657
FAM98C,0.3675228
ACBD5,0.36731046
PTRH2,0.36720362
ANKH,0.36716312
RHBDD1,0.36697704
GPR137,0.3669399
AACS,0.36681288
WNT7B,0.36680794
AREL1,0.36677808
KCNK17,0.36663058
SLC4A1AP,0.36659372
PYROXD1,0.36657897
TMEM106C,0.36655146
PCBD2,0.36650443
CGA,0.3664429
TMEM218,0.3664088
CDKL5,0.3663881
ZNF438,0.3663786
RP11-536K7.3,0.36634082
STYX,0.36632156
RBP7,0.36622056
PKNOX1,0.3660929
BMP8A,0.36603683
AMY1A,0.36600003
DLEU7,0.36597866
RBMXL1,0.36595184
EMX2,0.36586794
DCUN1D2,0.3658464
CSRNP2,0.36582333
DPH7,0.36580634
FAM217B,0.36571372
HS3ST2,0.36568904
CPNE2,0.3656841
IGHG3,0.3656559
ZMYM3,0.36558437
MAB21L2,0.3655294
CLSTN1,0.36549607
ZNF720,0.365494
BTBD1,0.36543092
POLR3C,0.36542064
CCDC9,0.36532485
ADPRHL2,0.36528984
ALKBH4,0.3652681
TARS2,0.3652065
ZNF652,0.3651801
FBXO3,0.36517635
LRRC52,0.36514837
TRAM2,0.36509597
CAMK2N2,0.36508298
CATSPER4,0.3650496
LRRC45,0.36491966
NPTX2,0.36488897
AGBL1,0.36484107
SENCR,0.3648211
C1ORF50,0.36474028
ARID3B,0.36472228
HOXD10,0.3647011
ZNHIT6,0.36469126
LIN37,0.36453712
TMEM44,0.3645255
CENPC,0.36450234
ZNF335,0.3644845
SCN3B,0.36442652
GALNT13,0.364425
CELA3B,0.3644039
BBS2,0.3643938
EDAR,0.36438236
VSX1,0.36433297
GOLGA8B,0.36416045
FICD,0.36415622
IFT22,0.36415377
MAL2,0.36410415
ZMIZ2,0.36401075
PSMC3IP,0.36397505
MTHFS,0.36390036
ZNF174,0.36387092
LRIG1,0.3638322
CIC,0.36380002
SARS2,0.363727
C8ORF76,0.3637141
ZDHHC16,0.36367673
VARS,0.3635557
GALNT18,0.3634454
FCHSD1,0.36344224
HOMER3,0.363437
ZNF397,0.36340234
TCTN2,0.36333913
SNX30,0.363319
GTPBP8,0.36328384
ZNF280D,0.36313587
IGLC3,0.36311933
L1TD1,0.3629583
IP6K2,0.3629252
SNX22,0.36286575
CELSR2,0.36274362
RNF170,0.3627299
ATP8B1,0.36268842
STMN4,0.3626627
EVA1A,0.36253834
SP140L,0.36241513
ANKRD42,0.36240846
PSG1,0.36234128
GPATCH1,0.3622468
ABCA3,0.36213607
ELOVL1,0.36201924
LRRC46,0.36189678
TRO,0.36176065
GJB4,0.36173078
CEP164,0.36161658
ALKBH3,0.36151865
NEDD1,0.36149326
CCDC159,0.3614611
OIP5,0.36144346
FBXO28,0.3614365
ALDH8A1,0.36141282
LINGO2,0.36140972
CNPPD1,0.36140785
GLCE,0.36140072
MTMR7,0.36138925
NLRP8,0.36119622
KCNH1,0.36118966
SFSWAP,0.36115482
DCHS2,0.36109433
FKBPL,0.3610336
ZCCHC12,0.3608293
JPX,0.36082068
GUF1,0.36070314
FBXO45,0.36059684
LACTB2,0.36054873
NLGN2,0.3604722
CLUAP1,0.36046886
FGF11,0.3604454
NOVA1,0.36041483
MARVELD3,0.3603914
ZC3H3,0.36036643
STK16,0.3602332
PPRC1,0.3602326
PSD4,0.36017627
RAD51D,0.36013347
DLGAP4,0.36012056
CCDC106,0.3600976
NBPF3,0.36008635
SLC20A2,0.36004537
RELL1,0.35999072
CDAN1,0.3599792
B3GNT7,0.35992798
ADGRE1,0.3598599
ICT1,0.359813
TSPYL5,0.3597849
TMEM86A,0.35975364
THAP4,0.35974354
TMEM187,0.35974252
DCAF8L1,0.35974097
ABHD17A,0.3596719
SUGP2,0.35963792
DHX35,0.35963744
SLC2A9,0.35960495
IFT52,0.35954502
CEP44,0.3594851
SLC26A6,0.35944366
MAP7,0.35939902
GLTP,0.35933957
PFAS,0.35927582
RCAN2,0.35914555
ZNF165,0.3590925
FAM175A,0.35903856
C12ORF49,0.3590328
ADAL,0.35899344
IARS,0.35898826
KCNC3,0.358988
ZNRF1,0.35880503
SLC35A3,0.35869545
CLIP3,0.3585861
PRMT6,0.35856473
C6ORF226,0.35841635
CNKSR3,0.35841587
EBLN2,0.35831395
GRM7,0.35829884
ZDHHC21,0.35829142
IFT46,0.35822266
FOXK2,0.35771337
HDHD3,0.35770047
UBN2,0.3576317
GPR107,0.35757464
SFTA1P,0.35754326
ZBED5-AS1,0.3575241
CAMTA2,0.35737276
GRIP2,0.3573426
PDE8A,0.3572179
CLDND1,0.3570673
FBXO46,0.3570647
ABRA,0.35701442
SLC38A3,0.35690886
OR51E2,0.35686803
MMACHC,0.35682502
MTF1,0.35673767
PRAF2,0.35656857
PBX3,0.35656425
ADGRF1,0.35655957
PKD1L3,0.35654613
BSDC1,0.35653228
SAMD8,0.35640278
NOP9,0.3563072
PRIMA1,0.35628906
FFAR3,0.3560211
RANBP6,0.35595447
WIZ,0.35593694
LCTL,0.3558573
ZNF592,0.3557955
SVIL-AS1,0.35568196
ZADH2,0.3553574
RUSC2,0.35528955
NR2E3,0.355187
SETMAR,0.35492346
TYW5,0.35478222
CDK17,0.35477895
FGGY,0.35468593
ZNF205,0.35464424
POGK,0.3546354
RIC3,0.354613
TROAP,0.35459977
CATSPER2,0.3545111
BEX2,0.35448852
FAM107B,0.3543874
CFAP53,0.354287
KIAA0753,0.35423213
FBXL6,0.35422236
CDCA7L,0.35417658
FAM122B,0.3540859
SLC22A1,0.35405868
LIG3,0.35399574
CCDC51,0.35399538
GALNT4,0.35385105
ZDHHC2,0.35382444
ANKRD13A,0.3538219
RNF169,0.35367647
L3MBTL3,0.35366514
KIRREL3,0.35366288
CLDN11,0.35357887
SPEG,0.3535421
FAM160B2,0.3534369
SPRYD7,0.3533547
SERPINA4,0.3533335
TLK2,0.35319772
WRAP73,0.35310355
FOXJ3,0.35309482
HS3ST1,0.35309082
HOXA7,0.35297686
DCLRE1A,0.3529362
FBXO18,0.35293427
EDRF1,0.35292673
ZNF281,0.35283247
RUFY3,0.35282132
ZNRF2,0.3527333
HOXD13,0.3526689
SCAMP4,0.35262692
IGHG4,0.3526246
LYPD6,0.35251036
ZNF787,0.35235384
PON2,0.3522771
FBXL20,0.3522208
ZNF654,0.3519196
RPA4,0.35185298
ST6GALNAC3,0.3517307
BMP3,0.35168546
FADS1,0.35159644
RP11-1398P2.1,0.3515759
NSG1,0.35153514
MBNL1-AS1,0.3515079
TMEM237,0.35147315
GK5,0.35143697
ZNF496,0.35140723
KCNE1B,0.35136276
CFAP161,0.35135314
MXI1,0.35133407
LRRC27,0.35129553
C16ORF91,0.35125637
TRAFD1,0.35125524
BEX1,0.3510886
CENPU,0.35108525
BAHCC1,0.3510599
CCDC61,0.3510267
MCPH1,0.35076374
FBXO30,0.35074225
IP6K3,0.3506691
CLIP4,0.35055813
PIGN,0.3505446
SBF1,0.35050076
DAPL1,0.35039434
ZBTB44,0.35039338
TSSK4,0.35039273
TAS2R46,0.3502379
OR5P2,0.35018697
PXMP4,0.35017705
CMC4,0.35017487
KIFC3,0.35014367
SBNO2,0.35012478
CLDN34,0.3501214
CCDC86,0.35009593
CLDN8,0.34983048
SLC35B3,0.34980184
MAGEC2,0.34979832
MKL1,0.34972224
POU5F1B,0.34958336
CPEB2,0.34951395
P4HTM,0.34948888
HEXIM2,0.34942877
USP6,0.34923616
KIAA0319L,0.34920663
GPN2,0.3491496
ZGRF1,0.34914172
KLK1,0.34910744
ANKIB1,0.34904993
CBR4,0.34897503
TMEM5,0.34886754
FTSJ2,0.3488329
ZIC4,0.34882507
CEP89,0.34877926
CCDC173,0.34873557
FAM168B,0.34869075
FAM126B,0.34862468
CLDN20,0.34857172
CHTF8,0.3485484
SCAPER,0.34852067
SPOCD1,0.3485102
ATP8A2,0.3484856
ZNF37A,0.34846836
ADCK2,0.34846154
SLCO5A1,0.34841064
SLC7A4,0.34840435
ITPK1,0.34833372
ZNF202,0.34830326
USP49,0.34827653
STRC,0.34827253
LBX1,0.34826854
IQCG,0.34823805
HACD1,0.34808397
FAM193A,0.3480418
LARP6,0.3478661
NRAP,0.3478086
ZNF18,0.3477788
SLCO3A1,0.3477358
INTS12,0.34762028
CHD1L,0.34759957
HEATR5B,0.34755626
UBAP2,0.34752887
KLF13,0.34741023
TMEM222,0.3473644
TSEN15,0.34720266
OBFC1,0.34716606
KLK6,0.34706676
PPIP5K2,0.3469965
ZCCHC24,0.3468497
CHFR,0.34682292
MSMO1,0.3467397
C5ORF49,0.34673214
NRDE2,0.3465909
ENOSF1,0.34654737
C20ORF196,0.34653705
SNED1,0.3464038
GGACT,0.34629515
FAM185A,0.34617257
ATMIN,0.34615797
RP11-620J15.3,0.34602687
SIX1,0.3460208
TOE1,0.34590942
MBD1,0.3457605
PZP,0.3456223
ISM1,0.34546193
ZC3H7B,0.3454035
REG3G,0.34533674
MYCBP,0.34532598
IGHMBP2,0.34531158
KY,0.34527126
TTLL5,0.34518242
AC007246.3,0.34504324
PHTF1,0.34503943
MAP9,0.34502834
EPB41L4A,0.3449598
NCS1,0.34483698
SEMA4B,0.344737
ZNF185,0.34469706
SCN1B,0.34464055
SLC22A9,0.34448218
FMO4,0.34435615
MSMP,0.34420538
ANKRD40,0.34418646
CCDC137,0.34408158
ABCF3,0.34399587
ZNF117,0.3438987
BAHD1,0.343849
TPTE2,0.34380046
HUS1,0.34378713
C1ORF158,0.34377134
OTX2,0.34352356
AC011899.9,0.34349516
EID2,0.34347284
ZMYM6,0.34331205
OLIG1,0.34326875
C1ORF194,0.34302408
HHATL,0.34301275
ST3GAL6,0.34297383
SLC2A13,0.342835
PRPF39,0.34270027
ZNF322,0.34268886
TBRG4,0.34264308
EXOG,0.3426272
ZC2HC1C,0.34246174
WFDC2,0.3424187
ATP5S,0.34233704
PPME1,0.34226102
SETD9,0.3422106
MIS18A,0.34191543
UBALD1,0.3418617
HOXB6,0.34181356
CFAP126,0.3416415
CAND2,0.34150347
ATP13A1,0.34135076
RAB33A,0.34130448
SPAG8,0.3412026
NPAS3,0.3412015
TRMT2A,0.34118095
PAXBP1,0.3411804
TMEM108,0.3411724
ZFP37,0.3411226
RAD1,0.34098488
SLC6A1,0.34095484
RAD54L2,0.34092158
TTLL1,0.34087667
ASPDH,0.34087613
SLC9A9,0.34078354
KMT5A,0.34072563
KIF18B,0.34071487
NCOA5,0.3406952
KAZN,0.34060246
FAM199X,0.34058183
CC2D2A,0.3404588
UNC80,0.340386
THTPA,0.3402589
CCDC127,0.34019682
C19ORF54,0.3401757
IGSF10,0.34013993
SPDYE3,0.3400734
NBEA,0.33995786
TATDN2,0.3398121
ASRGL1,0.33975872
LIN7B,0.33973747
INTS7,0.33962098
GABRE,0.33961874
TMEM63C,0.33961314
CEP295,0.3395849
TLL1,0.33944416
ZC3H4,0.3393747
RFC1,0.33936653
ZBTB14,0.33936125
FAIM,0.3391863
TMEM80,0.33916396
MYT1,0.3389758
SSX5,0.33890614
WDTC1,0.33873332
CDH20,0.33867234
PLEKHG3,0.3386659
ZBED3,0.3386066
JAKMIP1,0.33851606
ARTN,0.33845782
MOG,0.33840394
LIMCH1,0.33838305
LRRC8A,0.3383784
CRNDE,0.3382309
IFT81,0.33822203
USH1C,0.33811682
OCIAD2,0.33810318
NPIPA1,0.33810252
ITGB3BP,0.33788937
FAM127C,0.33783692
ZP3,0.3378333
KCTD6,0.33781418
PRR4,0.33779153
TRIM11,0.33777237
COL20A1,0.33774325
ZNF791,0.33773258
BRD1,0.33763647
ERBB2IP,0.33756378
STRA8,0.33747944
DCLRE1B,0.33744085
TRIM41,0.33736527
C16ORF58,0.33726433
RCCD1,0.33719724
XPO7,0.33712095
PADI6,0.3370965
NRTN,0.33707687
CEP83,0.33706138
RUFY2,0.33700007
TRMT10A,0.33699825
ZWILCH,0.33687663
SLC22A11,0.33655736
RFWD3,0.33641383
FAM110C,0.33640385
TATDN3,0.3363455
MTCP1,0.33634067
TSPAN13,0.33618405
CADM3,0.33597612
OSR2,0.33584276
ZNF597,0.3357506
TCTN3,0.3356414
SPDYE5,0.33561155
TEX30,0.3356114
LIN54,0.33550853
USP32,0.33520976
DPP3,0.33492404
SERINC5,0.33489937
CENPB,0.33482513
ZNF576,0.33476496
GPR85,0.33469397
ZNF350,0.3346727
DDX25,0.33462292
SOWAHC,0.33453205
NPTXR,0.3342688
PUS10,0.334125
GAMT,0.33411902
DLGAP3,0.3341087
THUMPD2,0.33403867
TBC1D32,0.3340025
SLC35C2,0.3339346
WDR27,0.3337043
KIAA0513,0.33368054
SMAGP,0.33362034
SKA2,0.3335538
TMEM87A,0.33348545
MBD5,0.33347243
SMIM22,0.33341005
GPR156,0.33340442
NAV2,0.33335
UBTD2,0.333232
ELOVL7,0.33320543
C3ORF14,0.33313996
BHLHE22,0.333136
NR2C2AP,0.33308396
ARPP21,0.33307904
NBEAL2,0.33306032
FEZ1,0.33297294
SKIV2L2,0.3329721
SKA1,0.33287942
SYNGR1,0.33286366
NCAPG2,0.33282447
SLURP1,0.33279836
C18ORF32,0.33270842
NUPL2,0.33267337
ANKRD26,0.33265126
MNS1,0.33264536
FRRS1,0.3325501
RPAP1,0.33236104
APOA1BP,0.3322553
TRIM67,0.3321594
METTL10,0.33192056
ZNF688,0.33188075
ASB7,0.33182687
HINT3,0.331806
SPA17,0.33175832
PEX11G,0.3317338
ABCA12,0.33170247
SDR39U1,0.33167395
ZNF79,0.33151823
KRT6A,0.331446
JADE2,0.33144483
SCARF2,0.331444
NSDHL,0.33126894
ASB13,0.33116707
B9D1,0.3309904
RABL2A,0.33093336
RP11-736K20.5,0.33090717
CIPC,0.33079606
PIGX,0.33079246
MORN4,0.33073586
JSRP1,0.33066458
PHACTR3,0.33066422
GKAP1,0.33052614
SMC2,0.33051223
ARFGEF3,0.3304738
PACRG,0.3304716
PRR14,0.33046213
MIRLET7BHG,0.33038944
TM9SF4,0.33035386
SYNGAP1,0.33032128
CDHR1,0.3302207
TYW3,0.3302155
DRC7,0.33021218
FASTKD1,0.33020398
SEMA5B,0.33019346
AUNIP,0.3301121
TJAP1,0.32998723
TCEAL7,0.32992914
HCN4,0.32977068
TBC1D10B,0.32959625
JADE3,0.3295551
MEIOC,0.32954362
LARP4,0.3295267
POC1B,0.3293535
TSSC1,0.32931283
CENPW,0.32930812
FOXD1,0.3292814
CUTC,0.32926732
PUSL1,0.32923618
FITM2,0.32921314
SAMD1,0.32916567
ZKSCAN7,0.32909673
PGPEP1,0.3289089
SLC16A6,0.32884663
CERCAM,0.32873863
PCBP4,0.3287184
CNTNAP2,0.32862383
YDJC,0.32859433
RBM27,0.32852927
DNAAF2,0.32829183
ARHGAP11B,0.32824412
FRAT2,0.32813603
C16ORF54,0.327839
MAB21L1,0.32763276
CDNF,0.3276226
SLAIN1,0.32757148
LIN7A,0.3275506
SRGAP2C,0.32732654
TTC30B,0.32732534
QRICH1,0.3271799
RAB30,0.3270983
CASC15,0.32707807
MUC4,0.3270333
IMPG1,0.32678887
MARK4,0.32673317
STMN3,0.32670528
GLIPR1L1,0.32665533
RNF212,0.32659662
NUDT6,0.32659096
SIK3,0.3265174
BAALC,0.32632858
MBD6,0.32632825
DHX40,0.32626992
BRAT1,0.32600218
LINC00996,0.32597056
TMEM138,0.3259669
CEP104,0.32588378
CDK2AP2,0.32583475
ZKSCAN4,0.32528377
PCSK2,0.3252592
C4ORF27,0.32525355
LY6G5B,0.3251695
THNSL1,0.3249138
KLK11,0.32467872
ZNF629,0.3246218
MRS2,0.3244474
HRSP12,0.32444048
THEM6,0.32438087
C9ORF135,0.3243712
ERI2,0.32403633
TTBK2,0.3240222
SRR,0.32398954
NRBP2,0.32394725
TMC5,0.32386902
RPUSD1,0.32384974
ARHGEF9,0.32371125
CRYBG3,0.32366377
OR7C1,0.32364964
ARHGAP11A,0.32363197
PTPRH,0.32355732
ST20,0.32339895
HIST1H1C,0.32319286
ROR2,0.32310063
ABHD11,0.32306328
ELAVL3,0.32292175
LANCL2,0.3228793
CCDC117,0.32258895
FBXL4,0.32254902
ZFHX4,0.32226092
SLC7A6OS,0.32225773
PWWP2A,0.32225686
SNHG25,0.32224256
KIAA0907,0.32222646
IFT27,0.32221824
HLCS,0.32212308
HACD2,0.32203367
ABHD8,0.32203236
SLC9C2,0.3219689
TRMT44,0.3219475
ODF1,0.32178336
HNRNPCL1,0.3217363
KMT5C,0.3216217
MNX1,0.32152024
C11ORF74,0.32148758
C2ORF68,0.3213985
DNER,0.321379
APEX2,0.32123652
PMCH,0.32110143
MARS,0.32093126
ZNF513,0.32083243
SFTA2,0.32081848
NEUROG3,0.3207667
C5ORF45,0.3206932
FAM149B1,0.32048014
ZNF664,0.32047233
MUC6,0.32033283
ZNF74,0.3202735
SLC12A4,0.3200137
AATK,0.31991577
SLC51A,0.3199112
ELMOD2,0.31981182
FAT3,0.31978083
MKS1,0.31949288
TMEM201,0.3192753
FOXI1,0.3189236
FAIM2,0.31888252
SLX4IP,0.3187425
CTB-50L17.10,0.31873405
MEIOB,0.31850734
SLC35B4,0.31835333
SIGLEC12,0.31824756
NBPF1,0.31814727
GALR2,0.3181068
CEP70,0.31807476
NEMP1,0.3177509
SACM1L,0.31764072
ARV1,0.31752893
EVX1,0.3174389
FAM109B,0.3174302
RP11-426C22.5,0.317288
ATP11A,0.31724194
L3HYPDH,0.3168928
ARRDC2,0.31687957
CBLN1,0.31684428
CEP131,0.31683666
MRAP,0.3166351
MAST2,0.3165291
TPD52,0.316475
HIRIP3,0.31638986
PLEKHF1,0.3162095
NIPAL3,0.31598765
R3HCC1L,0.31583726
BRSK2,0.31580746
TTC12,0.31579906
ELAC1,0.31579894
ARMC12,0.3157418
NCDN,0.31558394
MPP4,0.3154205
ADNP2,0.3154198
DIO3,0.31535724
WFIKKN2,0.31512797
EVC2,0.31489044
RSPO2,0.31478912
EVC,0.3145097
ABCA5,0.3142292
PRICKLE4,0.31415194
ZNF10,0.31411615
HAUS4,0.31405562
TOPORS-AS1,0.3138435
RNF121,0.3138311
C5ORF22,0.31375563
LIN7C,0.31373245
TLCD2,0.31371912
RFT1,0.31365523
TRIM37,0.31356996
UPK3B,0.31333658
BEST1,0.31332785
BTBD6,0.3133151
RBBP9,0.3132153
PROK2,0.31295905
NXPH3,0.31286418
PRR14L,0.31280687
GSTCD,0.3125156
TMEM14A,0.31242988
NCAPD3,0.31242883
ERCC6L,0.31240425
SBSPON,0.31228596
RP1-313I6.12,0.31220883
NEUROG2,0.31214055
ZBTB2,0.3120865
C7ORF49,0.31192437
AKAP14,0.31187278
GPR75,0.3117926
ZNF569,0.3117192
SHOX2,0.31166762
MAST1,0.31142277
CDH19,0.31127572
FDX1L,0.31117827
CYP2R1,0.31100446
MFSD13A,0.3109495
PLPPR4,0.31060165
KBTBD4,0.31059736
ZNF420,0.31045115
RAB30-AS1,0.3103954
STARD6,0.31023493
BEGAIN,0.3102174
TPTE,0.31000933
POMGNT2,0.3099849
YARS,0.3097901
STYXL1,0.30955172
WDR47,0.3094104
TOP1MT,0.3093827
HINFP,0.30922455
TBC1D22B,0.30898485
AURKC,0.30886066
SLC44A1,0.3088162
ABCB4,0.30855757
URB2,0.30842823
TMEM68,0.30841798
GMEB1,0.3080482
ANKLE1,0.30796146
CLUH,0.3078941
NEURL4,0.3078727
NLN,0.3077631
TRPM5,0.30769232
MYBL1,0.30760294
MIER3,0.30747652
DIRAS3,0.30743858
PGBD1,0.30742505
FGF14,0.30738598
HMCES,0.30728582
ANKRD54,0.30723497
NPY1R,0.30715248
FN3KRP,0.3071435
ZG16,0.30680883
DUS3L,0.30671802
KLHL17,0.30638584
LINC00869,0.30630472
ANO10,0.3061213
ZNF16,0.3060873
MPPED2,0.3059886
MORN1,0.30592814
ZIC1,0.30590236
ACY3,0.3058938
MOB3C,0.30565897
KIAA1147,0.30556804
DIP2B,0.3055465
TMPRSS11D,0.30547172
GLCCI1,0.30547008
SEMA4C,0.30539185
THG1L,0.30537206
PIEZO1,0.30523863
TMEM41A,0.3051917
PSD3,0.30517897
FAM58A,0.30517864
ZNF365,0.30507725
TBX18,0.30502146
TBC1D31,0.30492246
SHPK,0.30478972
RP11-22N19.2,0.30470505
HOXB7,0.30470178
CARMN,0.30431885
KAZALD1,0.30409488
PSMD5-AS1,0.3040611
ANKRD55,0.3040109
CATSPER3,0.303603
CHAMP1,0.30358273
PHLDB1,0.3035668
MAD2L1BP,0.30338955
ZDHHC13,0.3033756
SPATC1,0.30320388
COBLL1,0.30319026
AARS,0.30315566
C14ORF1,0.30302894
GMNC,0.30298227
B3GNT2,0.30284598
TTLL4,0.30276066
C7ORF55,0.30258182
SLC25A45,0.3025597
PHF2,0.3025424
MTFR1,0.3024372
GALNT11,0.3023272
MPP3,0.30224442
APOLD1,0.30213663
KCNK13,0.30205175
ZNF75A,0.30193
CCDC88B,0.3019062
RALGPS1,0.3016848
IGHG1,0.30137435
C10ORF76,0.3013231
CLCNKB,0.30118847
LRRC8C,0.30112043
ZNF208,0.30109072
LCORL,0.300975
TBCEL,0.30094692
SLC13A2,0.3008255
RMI1,0.3006354
CNTROB,0.3002548
NYNRIN,0.30015555
ATP11B,0.30010176
SERPINA9,0.30005556
PNCK,0.29998463
ADGRB3,0.29992026
ZBED8,0.29978916
EN1,0.29974434
SMARCAL1,0.29973698
DCBLD2,0.2995799
CALHM1,0.29950088
YPEL3,0.29941386
GAS2L2,0.2991701
GCM1,0.29914638
GFRA3,0.29913598
WRB,0.29907978
PROKR1,0.29897577
KLHL15,0.29894593
TASP1,0.29891473
PPY,0.2986437
EDIL3,0.29857737
HDHD2,0.2985116
NGRN,0.29844037
ATP8A1,0.2982194
TMEM17,0.29797798
SP2,0.29795727
B3GALNT2,0.2978923
NT5DC1,0.29779604
ZNF282,0.2977784
EML2,0.29768962
NAIF1,0.29766035
SLC29A4,0.29760522
SNHG23,0.2975157
PNPLA1,0.29729939
LRRC7,0.29728356
GPR171,0.29722282
C19ORF48,0.29702693
ALX4,0.29695943
IKZF4,0.2969434
HIST1H4C,0.2969052
SYT17,0.29682228
DNAJC28,0.29682177
TMEM87B,0.29678065
GINS2,0.2966618
INSC,0.29661685
TCTN1,0.29658478
RNF6,0.29657724
C7ORF61,0.29655695
HEATR6,0.2965302
ZNF195,0.29643568
KIF26B,0.29638192
RGMB,0.29636496
ENKD1,0.29634872
UNC13C,0.29632744
C11ORF95,0.29619265
DYDC1,0.29617408
WDR89,0.29605082
C9ORF116,0.2959719
QSER1,0.2958525
RASSF10,0.29580593
TRIM66,0.29578862
TPCN1,0.29574585
ADO,0.29568928
HNF4G,0.29566765
CADM4,0.29556823
TTC30A,0.29539242
OGFOD2,0.2953874
LY6K,0.29538208
TGM4,0.29534924
WRNIP1,0.2951352
FAM20B,0.29512796
EFCC1,0.2950802
R3HCC1,0.2949979
NIPSNAP3B,0.29469255
CCDC28B,0.29462856
TDRD7,0.2945778
KLF12,0.29425892
THADA,0.2942235
ILDR1,0.29404014
VWA9,0.29396987
RP11-792A8.4,0.2938848
SLC12A5,0.29364106
CCDC189,0.29327887
NMUR2,0.29310364
CADPS,0.29308367
C1QTNF6,0.29301262
B4GAT1,0.29285014
LINC00346,0.292823
ZNF300,0.29275483
ZNF766,0.29273117
SLC22A4,0.29261968
ZBTB48,0.2925926
ZNF304,0.29255974
TICRR,0.29240105
TMEM185B,0.29211274
ZEB2-AS1,0.2920171
FAM222A,0.29190785
SFR1,0.2917958
ZNF263,0.29163694
KCND3,0.2916349
FAM90A1,0.29163355
LRRC39,0.29142213
CCNJ,0.29136956
ADAMTSL1,0.29128712
H2AFX,0.2911807
DEPDC1,0.29110578
PHRF1,0.2909243
STK36,0.2907731
SCAI,0.2905925
SPIDR,0.290564
AC116366.6,0.2902505
ANKDD1A,0.29013744
RP11-395A13.2,0.290025
PCED1B,0.28999165
DENND6A,0.28992862
TMEM74B,0.28988105
HELQ,0.2898288
PRR5-ARHGAP8,0.28978592
CADM2,0.28950113
MLLT11,0.28945842
BAIAP3,0.28942937
SNHG9,0.2894264
MBOAT4,0.2891754
SLC22A5,0.28909287
ART3,0.28898096
MIR181A1HG,0.2889032
SOX14,0.28886476
PTCD2,0.2888092
TULP2,0.28870392
HOXC5,0.28866383
ZMYM5,0.28862956
MCMBP,0.28862315
RELL2,0.28861934
GEN1,0.28853813
PIWIL2,0.28850442
SCN2B,0.28838855
LINC00551,0.2883679
METTL7B,0.28822678
FAM208B,0.28822368
C3ORF62,0.28781155
NCAPH2,0.2877258
FAM69B,0.2875929
ART5,0.28758305
NKAIN4,0.2875547
DCBLD1,0.28753424
C11ORF24,0.2874155
AGAP2-AS1,0.28731424
FOXS1,0.2872625
SKA3,0.2870023
LYNX1,0.28659406
ZNF561,0.28653342
C2CD3,0.28645313
AADAC,0.28640214
CCDC160,0.28638726
CA10,0.2861586
SYT11,0.28606373
NAT14,0.2860037
METTL6,0.28597695
PAQR8,0.28592262
SH2D5,0.2857911
C15ORF41,0.2857415
FAM120C,0.28571823
NMUR1,0.2855913
LONRF3,0.285555
LRP1B,0.2853051
OR2AE1,0.28517443
ZNF268,0.2851299
LRP2BP,0.28499264
FUT9,0.2849571
MS4A12,0.28482422
SPECC1L,0.2848075
CRYGS,0.28456673
SNHG18,0.28453636
CIB3,0.2841232
MND1,0.28394055
CORO2B,0.28388026
ZNRF3,0.28369597
KIF3B,0.2836643
CTDSPL2,0.28361577
FAM189B,0.2836084
PLD6,0.28344643
CCDC121,0.28331396
KCNH3,0.28327063
TEPP,0.28304246
SLC35E2B,0.28277206
KCNK7,0.28269494
FCRL2,0.2825938
TMEM164,0.2825669
TRPM1,0.28252453
HOXC4,0.28222227
PLEKHD1,0.28207016
PAPLN,0.28205138
HOXD4,0.2820214
ZKSCAN3,0.28172582
C11ORF54,0.2816825
PRRX2,0.28155616
MAMLD1,0.28120393
NDNF,0.28116736
SLC25A30,0.28104445
MRE11A,0.28071952
CLDN15,0.2806559
ATP9B,0.2806185
NELL2,0.28048116
ETAA1,0.2804448
EDA2R,0.28026146
CEP162,0.28023723
SLC35A5,0.2802186
RHNO1,0.28007543
ZBTB25,0.2800629
FAM76A,0.279993
AGMO,0.2799613
MTMR12,0.2799183
RSPO4,0.2797404
TMEM161A,0.27972513
ZMAT1,0.279558
PRR34-AS1,0.27954298
PACRGL,0.2794768
SLC25A40,0.27935115
OPCML,0.27920693
ZBTB6,0.2791421
KIAA0101,0.2790028
LLNLR-245B6.1,0.27891022
LAD1,0.2787797
C6ORF203,0.2786912
FPGT,0.27868253
TNFAIP8L3,0.2785676
MMS22L,0.2783162
HILPDA,0.27804518
CNTNAP3B,0.2779938
CEP192,0.27776945
NR2F2-AS1,0.27770656
ZDHHC5,0.27718368
ADCK3,0.27711287
LINC00847,0.27693266
VSIG10,0.27673155
GLDN,0.27649865
NUP210L,0.27636817
NOL4L,0.2761413
HOXA6,0.27611592
CTB-58E17.1,0.2760207
ATP10B,0.27589756
CASKIN1,0.2758337
HOXA10,0.27583358
C11ORF1,0.27582297
KLHL10,0.2757463
GPRC5C,0.27571622
HIGD1C,0.27564293
DSTYK,0.27542585
DNASE1L2,0.27522466
ADAT1,0.2751974
CCDC167,0.2749166
CCDC18,0.2749067
BRI3BP,0.27479845
C20ORF85,0.27448142
IPPK,0.27429655
TXNDC16,0.27380517
FAM175B,0.27311382
MPHOSPH9,0.27308553
KLHL23,0.2730556
SSC4D,0.27296045
PIEZO2,0.27294332
N6AMT2,0.27245474
ELF4,0.2723621
RDM1,0.27226725
HOXC8,0.27215376
LRFN5,0.2718784
NRIP3,0.27167773
R3HDM1,0.2716602
FAM222B,0.27161512
POU4F1,0.27122617
SCG2,0.27121064
TMEM86B,0.2711083
NLGN4X,0.27098852
TMEM198,0.27062225
MRAP2,0.27060986
TMEM184B,0.27055365
KLHL29,0.2704174
GLRB,0.27017084
HOXA11,0.26988944
RHBDD3,0.2697813
RP3-395M20.12,0.26950082
TPT1-AS1,0.26945618
MANSC1,0.26939684
CLSTN3,0.26937973
PTPDC1,0.26931465
ADAMTS14,0.2691044
ZNF747,0.26902577
GCNT4,0.2690028
DDIAS,0.26897222
UGT3A1,0.26873022
ZNF12,0.26864135
C3ORF17,0.26863515
TPCN2,0.2686093
C10ORF90,0.2685152
FHAD1,0.2683379
OR10H1,0.26831222
MEGF8,0.26819056
PPEF2,0.26817626
B9D2,0.26791954
RNF32,0.2677916
NETO2,0.2676623
VAX1,0.2675803
GIPR,0.26741835
KB-1507C5.4,0.26733786
PRUNE2,0.26719925
RP5-899E9.1,0.26708037
IKZF5,0.26695216
TMEM185A,0.26671743
SCG5,0.26666847
SP8,0.26663056
LTK,0.26651153
CYP4X1,0.2661878
ZFP1,0.2661844
HIST1H2AC,0.2660944
TRGC2,0.26590428
BFSP1,0.26586086
HSD17B13,0.26583564
UPK2,0.26567942
PPFIBP2,0.26562068
NDRG4,0.26558068
ZP2,0.26546222
MEIS3,0.26543418
SNX16,0.26534343
C1GALT1C1L,0.26532224
GUCY1B3,0.26528528
ZSWIM5,0.2650754
ZNF562,0.26502198
VPS9D1,0.26495928
IGHA2,0.26470366
LZTFL1,0.26467037
ZNF92,0.2645615
DRGX,0.2643506
FAM184B,0.26428208
RPGRIP1,0.2641648
CCDC85C,0.2639839
FAHD2A,0.26374993
ZNF710,0.26372543
KNTC1,0.26356477
ZACN,0.263524
SLC52A3,0.26349735
DOPEY2,0.26335457
DFNA5,0.26317248
QPCTL,0.26300564
GFRA2,0.262976
TTC38,0.26296413
ATP8B2,0.26289105
ICK,0.2627558
CENPI,0.26268739
C1ORF132,0.26266357
LIPN,0.26262635
LMOD3,0.262476
LRIG2,0.26242548
CAPS,0.26225966
IRX3,0.26183826
DUSP18,0.2617058
NCAPD2,0.26165596
SHISA9,0.2611247
ZBED9,0.26101997
HOXA1,0.2607234
PNMA2,0.26065832
CALY,0.26061147
HENMT1,0.26057726
RXFP4,0.26052442
NNT-AS1,0.2603445
GALNT12,0.26030305
MPP2,0.26022953
TRDC,0.2601576
LHFPL4,0.26014894
MFSD3,0.26007813
LRRTM2,0.2600127
SPATC1L,0.2599871
KCNT1,0.25996098
PPM1N,0.25979537
SPINK5,0.2597101
NCKAP5,0.25970998
ULK4,0.25962716
DIP2C,0.25962383
LRRC8B,0.25951937
TBX19,0.2593766
RP11-467L13.7,0.2590645
TCTA,0.2590221
SYPL2,0.25889856
SLC38A7,0.25885838
CARS,0.25854915
TMEM209,0.25846606
ADAM28,0.25842154
IMMP1L,0.25841334
STIL,0.25830573
ZNF124,0.25798506
IQCE,0.2578535
RS1,0.2576995
TEKT4,0.2576314
INSL3,0.25755167
TMTC3,0.2575283
TDRKH,0.2574864
GRID2,0.25732568
HS3ST6,0.25727057
ZFP90,0.25719875
CRB2,0.25713235
SIX4,0.2570759
TMEM181,0.25684875
SLC41A2,0.2567863
RPPH1,0.25667632
IKZF2,0.25657186
PROK1,0.25647846
CCDC71,0.2564741
PDZD7,0.25635287
RBM11,0.25578326
NXPH1,0.2557457
RP11-473M20.9,0.25566247
C18ORF8,0.25553226
NPFF,0.25549883
INTU,0.2554759
ASTE1,0.2554295
GAS8,0.25539336
TNNI3K,0.25536364
SMIM13,0.2552803
TMEM234,0.255244
LINC01184,0.2552126
PKD2L1,0.2551092
PLPPR2,0.2550606
XK,0.25499392
ATRN,0.2549545
ZNF653,0.2547242
TAS1R1,0.25469548
KIAA1429,0.25468558
ZFP62,0.2546211
CTAGE1,0.25443602
ANGEL2,0.25438833
C9ORF69,0.2543072
SMARCAD1,0.25428376
NOXRED1,0.254175
C15ORF65,0.2541445
ZNF382,0.25396174
GPALPP1,0.2536985
SRRD,0.2536456
C19ORF52,0.2536199
TSHZ3,0.25355947
ZNF385B,0.25353494
CFAP221,0.25337708
GPR153,0.25321788
SOX3,0.25289553
TBC1D19,0.25282523
CAMSAP2,0.25279257
MSH5,0.25275844
POC1A,0.2527377
ATP10D,0.25246
PLP1,0.25230625
GALR3,0.25220197
MYO15B,0.25199574
TCF15,0.2519499
DLG2,0.25185856
ZC3HAV1L,0.2518142
RCBTB1,0.25163358
NTN4,0.2513399
LRRC23,0.2512369
ORC4,0.25122827
KIRREL2,0.25103647
SLC26A7,0.25086215
ZHX3,0.2508519
SLITRK1,0.2507701
CEACAM4,0.25067455
OR8G1,0.2502461
TAS1R3,0.250184
CTD-2545M3.8,0.24987042
ZNF445,0.24977355
PARPBP,0.2495
GPR42,0.24949077
SOWAHD,0.24941656
PCDH15,0.24929595
ZBTB47,0.24888256
TMCC1,0.24858788
C12ORF4,0.24856782
MS4A14,0.24854991
LRRC18,0.24839799
LRRCC1,0.24829152
FBLN7,0.24803989
MTRNR2L6,0.24798581
CRYBA2,0.24780138
TMEM99,0.24741463
FLYWCH1,0.24739242
GPR19,0.24737278
THAP5,0.24731322
LRWD1,0.24722584
TAC3,0.24705593
FUZ,0.2469934
KIAA0232,0.24685264
SLC2A10,0.24681881
AC079767.4,0.2467957
KIF19,0.2466912
MPP7,0.24641912
CATSPERG,0.24641022
ELF5,0.24637023
CNFN,0.2463545
LRRC55,0.24629974
ORC6,0.24613142
SCTR,0.24605152
CCDC65,0.2459919
FREM3,0.24576128
STK33,0.24573807
ZBTB24,0.24543233
IGDCC3,0.24536356
EME2,0.24529509
CENPH,0.24521978
CENPT,0.24520607
CLYBL,0.2451599
DBF4,0.24515271
LRRC42,0.24507697
RP11-156K23.3,0.2450633
KRT74,0.24505214
VWC2,0.24488935
MORC1,0.2448673
TTC32,0.244803
TMEM52B,0.24474022
DSCAML1,0.2446826
SFXN1,0.24452189
GPR157,0.24445696
LGI1,0.24431626
TGM5,0.24428666
PLEKHH3,0.24419567
ADAMTSL3,0.24407573
WDPCP,0.24406704
RRNAD1,0.24392982
HOXB-AS3,0.2434692
LINC00467,0.24345045
HIST3H2A,0.24340189
AHDC1,0.2429791
EXD1,0.24294075
PPIP5K1,0.2429348
EFCAB2,0.24287395
SOX21,0.24282399
CDX1,0.24256067
DIRAS2,0.24254155
FIGNL1,0.24252291
ABCA10,0.2423547
OOEP,0.24231248
LINC01588,0.24229097
GALR1,0.24218562
CASZ1,0.242065
ZBTB21,0.24204865
PTPRD,0.24198762
SVOPL,0.24184343
FRMPD4,0.24183655
EBF4,0.24150863
BTBD19,0.24147525
TMED8,0.2413859
MCHR1,0.24128826
GALNT6,0.24125502
HSPB9,0.24118896
HS3ST3A1,0.24112912
LRRC16A,0.24084994
NAV1,0.24074765
KIAA1841,0.24060178
CNTNAP4,0.24045491
SPATA6,0.24027427
HSDL1,0.24024928
PXK,0.23961842
GALNT2,0.23924002
HN1L,0.23923746
ENTPD3-AS1,0.23895779
MINA,0.23894095
ZNF689,0.23886362
NRM,0.23875065
SGK223,0.23871401
SHCBP1,0.23867583
QTRTD1,0.23851457
RP11-294J22.6,0.23846316
ZNF738,0.23836121
QRFPR,0.23821402
RP11-1391J7.1,0.23804577
FAT2,0.23794663
SRL,0.23794332
OR13A1,0.23793845
MEGF9,0.23793216
HOXC6,0.23785272
ARHGEF37,0.23768167
KLHL11,0.23763005
KRT12,0.23761907
PTER,0.2375665
SLCO4A1,0.2372709
TMEM120B,0.23721972
TRIM74,0.2370853
C4ORF33,0.23706403
MTMR10,0.23697701
RNF207,0.23694113
FOXN4,0.23692974
TMCC3,0.23688884
MTRNR2L10,0.23677821
RP11-65I12.1,0.2366267
DENND6B,0.2366219
KIF20B,0.23660481
CLCA2,0.23653479
CELSR3,0.23644552
USP45,0.23593895
FAM181A,0.23564279
HOXC9,0.23551586
OTUD6A,0.23543692
RAB40A,0.23541383
BPIFA2,0.23503204
PRICKLE2,0.23484167
ZNF41,0.23483805
DEPDC1B,0.23436794
CENPO,0.23432238
IRX6,0.23430935
HEMGN,0.23429553
ADCK5,0.23392351
LRFN2,0.23389328
SDCCAG3,0.23380034
CHGB,0.23378399
TPPP3,0.23378201
ZNF611,0.23351836
RAD9B,0.23343961
RCVRN,0.23313722
TAC4,0.23305194
CEP85L,0.2328867
CAPRIN2,0.23257391
AMIGO1,0.23240337
OSTN,0.23239703
RP11-295G20.2,0.23229854
NXNL2,0.23192874
ZNF721,0.23153403
NTM,0.23150548
A2ML1,0.23111963
DLX1,0.23105034
UGT2A1,0.23082002
SMIM8,0.23076594
ZNF333,0.2307039
MYNN,0.23061986
KIFC2,0.23039117
KCNJ10,0.23012117
CELA2A,0.23007043
OVGP1,0.22953781
MUT,0.22947006
KRT13,0.2293826
CEP126,0.22920665
TMC4,0.22919974
CTRC,0.2291123
HOXB13,0.22911
ZFP57,0.22880673
EBF3,0.22877216
AC058791.1,0.2286093
KIF27,0.22858271
FLVCR1,0.22843206
HYDIN,0.22834697
SLC13A5,0.22790107
VWA8,0.22784337
EMX1,0.22784252
GPR160,0.22783895
OXGR1,0.22767611
KCNK4,0.22762704
MEGF11,0.22734925
KIF1BP,0.22729246
GPR141,0.22722498
ZC3H12D,0.2272064
CDR2L,0.2271814
ZNF620,0.22713213
FAM84B,0.22707157
CORIN,0.22697243
ATP8B3,0.2267702
ZNF7,0.22665398
EDARADD,0.22639427
MT3,0.22628812
SPATA4,0.22617027
C5ORF30,0.22614133
GRIN3A,0.2260842
FAM228B,0.22601
LYSMD3,0.22597344
HCG11,0.22595079
GZF1,0.22588721
EML6,0.22587028
AC092580.4,0.22557063
TBX15,0.22552077
TBCK,0.22542962
LRMP,0.22542782
IQCC,0.22541288
CHST10,0.22522223
KIAA0556,0.22520256
GALNT5,0.224929
MIR497HG,0.22457106
WDFY4,0.22445717
FATE1,0.22439313
ZKSCAN8,0.22423849
RPRM,0.22422297
ADGRA3,0.22414997
FAM78A,0.22359648
TCEANC2,0.22334583
GPR82,0.22291927
AC109826.1,0.22281046
NDST3,0.2227414
LRRC8E,0.22251956
SLC6A8,0.22244859
SLCO4C1,0.22217056
CEP41,0.22172236
ZNF589,0.22120881
CEMP1,0.22109766
TMEM168,0.22108383
CENPK,0.22061951
DBF4B,0.22061479
SLC35G2,0.22052476
HCG18,0.22051315
HOXB-AS1,0.22046058
GALNT9,0.22040212
ZIM2,0.22037563
SECISBP2L,0.21993034
GCNT3,0.21978793
AQP6,0.21971142
BTBD3,0.21955864
SLC7A14,0.21953556
PANX2,0.21940395
ARMCX4,0.21937104
KB-1732A1.1,0.21917525
SHISA6,0.21906173
ZNF81,0.21897995
FPGT-TNNI3K,0.21882892
CPNE6,0.21881402
KIF12,0.21852347
IRX1,0.21805958
GDPGP1,0.21798702
ZNF324,0.21790738
RP6-91H8.3,0.21758285
SOGA1,0.2174625
MED14OS,0.21733701
KDF1,0.2172933
HS3ST3B1,0.21718037
ST7,0.21710038
ARL6,0.21701963
FANK1,0.21693178
RP11-284N8.3,0.21684802
TRIM60,0.2166901
OR7A5,0.21667686
UROC1,0.2166247
KIF4B,0.21651769
ZNF302,0.21642868
ART4,0.21541438
ABO,0.21540527
CENPQ,0.21539433
TFF2,0.21539421
KIF25,0.21519248
TRHDE,0.21504176
LINC00685,0.21499257
DLX2,0.21484776
ZNF93,0.2146624
ATOH8,0.21465147
CTB-178M22.2,0.21441439
NLGN3,0.21412058
TTC21A,0.21406408
ENPP6,0.21398103
A4GNT,0.21393225
GABRA2,0.2138849
MAGEA12,0.21382919
KRT6B,0.21366549
SLC6A13,0.21359079
CTAGE5,0.21354994
ZPBP2,0.21335836
TM4SF19,0.21332553
TULP4,0.21316162
OPALIN,0.21308482
CKAP2,0.21298671
GPC5,0.21287903
SLC23A3,0.21262121
SPNS3,0.2124165
VSX2,0.21231027
LRRC38,0.2122988
RIMBP2,0.21209598
CENPP,0.21174312
NRXN3,0.21153204
GRM8,0.21149299
KIF21B,0.21136566
HOXA13,0.2110569
WDR54,0.21093515
TAPT1,0.21091357
KIF24,0.21078594
WSCD2,0.21047702
RP11-51J9.5,0.21044476
PRICKLE3,0.21041127
NXPH4,0.21037948
HYLS1,0.21032867
FLJ21408,0.2102946
ONECUT2,0.21025424
UTS2B,0.20997457
NSMF,0.2098568
C12ORF76,0.2096618
C8ORF58,0.20957124
PCSK6,0.2095561
KCTD16,0.20946375
RP5-1085F17.3,0.20918362
CENPL,0.20916791
CNTNAP3,0.20915003
ANKRD23,0.20894417
RP11-61J19.5,0.20887108
AC009948.5,0.20886469
SEC14L5,0.20884085
MTRNR2L4,0.20873442
SYT13,0.20861125
ANKRD31,0.20860453
NEK4,0.20857453
FRMPD1,0.20824587
PCDH18,0.20822339
KCP,0.20794478
CEP76,0.20772696
EYA4,0.20714661
ZSCAN4,0.20710233
ILDR2,0.2070576
SOX13,0.20700479
CCDC34,0.20683956
RP11-532F12.5,0.20683567
ZNF446,0.20681152
ROPN1L,0.20678945
RP11-212I21.2,0.20677826
CCDC36,0.20666626
SFXN5,0.20654793
USF3,0.20622763
ZBTB40,0.20592599
PGA4,0.20589694
ZNF431,0.20579728
MSANTD3,0.20575133
OLFM2,0.20568112
CENPN,0.20550737
NKX2-2,0.20537207
TRMT1L,0.20527641
ZNF658,0.2051434
SNX19,0.20505345
CCDC151,0.20483401
GRIK1,0.20468819
KIZ,0.20438547
CKAP2L,0.20418724
LINC00909,0.20406362
RNF214,0.20405237
NPB,0.20382075
ZNF639,0.2038132
KIAA0586,0.20347126
HUS1B,0.20345314
GMEB2,0.2033917
HS3ST4,0.20332949
KRBOX4,0.20329471
C9ORF114,0.20328574
PDZD2,0.2031425
ZNF316,0.2030848
C21ORF91,0.20305562
GRAMD4,0.20305069
ZNF273,0.20282009
GPR87,0.2027524
RBM24,0.20253725
ZNF583,0.2023556
GBX2,0.20219263
MAS1,0.20215197
RP11-468E2.4,0.20204382
GPR180,0.20202534
ZNF555,0.20199215
CEP112,0.20192699
NHLRC2,0.2018775
MAK,0.20154743
SLC38A4,0.20143232
CRYGB,0.20142539
TAS2R31,0.2011983
OR2B6,0.20099652
C20ORF96,0.20096183
TMEM65,0.20087624
RP11-489E7.4,0.20062742
LONRF1,0.20058051
WFDC12,0.20058016
GKN2,0.2005246
ZNF506,0.2003566
CHRDL2,0.20022592
LY6H,0.1999758
CTXN3,0.19993058
SPINK2,0.19946542
MB21D2,0.19940715
ANKRD39,0.19934443
ZNF711,0.1991903
SMYD5,0.19911227
C21ORF33,0.19905213
STAC2,0.19892514
SPATA7,0.19891998
LAMP5,0.19891316
TRIM2,0.19884811
KCNJ16,0.19876257
UGT3A2,0.19847131
S100PBP,0.19838372
SCNN1D,0.19836229
PRRT1,0.19829312
PLCL1,0.19805387
FRMPD2,0.19804616
ZNF460,0.19801216
INAFM2,0.19797009
CARD8-AS1,0.19769776
MCMDC2,0.19758359
MKX,0.19755271
RP11-352M15.2,0.19734697
ERICH3,0.1971678
SLC17A3,0.19708127
SND1-IT1,0.19704956
ZMYND10,0.19669786
TRIM10,0.19658045
SLC13A3,0.19629224
CNTD1,0.19606774
MUC22,0.1958732
UMAD1,0.1957304
SLC25A18,0.19568333
CGREF1,0.19567275
MAL,0.19510229
FIZ1,0.19495143
CTC-524C5.2,0.19488904
DSCAM,0.19457266
LRP12,0.19452788
SELO,0.19429776
OR2A7,0.19412859
KRTCAP3,0.19412528
ERCC6L2,0.19393022
SFXN4,0.19387291
ITGB2-AS1,0.1938474
GALNT16,0.19383277
WFDC5,0.1937099
ZBTB8A,0.19367436
GPR31,0.19359429
MAFA,0.19301918
GJB3,0.19278005
METTL13,0.19229183
EIF3J-AS1,0.19223687
ZSCAN30,0.19205657
SALL2,0.1920365
PTCHD1,0.19172724
VCX,0.19146559
PNMA1,0.19113037
HES6,0.19087784
ASPHD1,0.19063608
SMYD4,0.19059138
GLIS1,0.1901964
AC004951.6,0.19011527
SLC4A2,0.19010273
ZNF362,0.19007395
KLHDC8A,0.18993965
CTD-3203P2.3,0.18992032
ZIC2,0.18983199
AC253572.1,0.18972448
DRAXIN,0.1896441
LRRC8D,0.18941848
CTD-2020K17.1,0.18937813
MUC3A,0.18881336
PBX4,0.1884404
C16ORF70,0.18809311
ZNF500,0.18798359
ZNF641,0.18770622
INSL5,0.18768944
KLK13,0.18767956
FAM167A,0.18755217
ACP6,0.18750577
PDZK1IP1,0.18748263
HOXC11,0.18739866
NBPF12,0.1872581
MEOX2,0.18688348
C1ORF116,0.18688317
AC133644.2,0.18683821
DHRS4-AS1,0.18681931
SLC9A7,0.18665276
METTL21B,0.1864374
KRT3,0.1863656
GDF9,0.1861455
BARHL1,0.18603095
ZNF133,0.18594424
GALNT14,0.18592604
GALNT8,0.18580517
CEACAM21,0.1854368
PGA3,0.1853129
NTN5,0.18523313
CFAP47,0.18522003
BPIFB6,0.18507466
CDHR5,0.18472314
TRIM34,0.18464038
CFAP74,0.18462618
ZAR1,0.18439594
RAB37,0.18435688
METTL12,0.1843541
ZNF746,0.18435381
LRFN1,0.18433261
CEP95,0.18396464
PCED1A,0.18386383
POU3F3,0.18369272
PQLC2,0.18365464
RTP2,0.18352708
CABYR,0.18344899
GALNTL6,0.1833829
DPY19L4,0.18322995
SETD4,0.18318215
RBM44,0.18309222
RASSF8-AS1,0.18299389
HTR3E,0.18287964
GGN,0.18284693
LGALSL,0.1826931
SNHG19,0.18253297
HOXD9,0.18252598
DLGAP1-AS1,0.1823964
METRN,0.18236059
MOK,0.18221833
ZNF25,0.18190166
PTGR2,0.18174028
FIGLA,0.18170221
H2AFY2,0.18163495
B4GALNT4,0.18157238
ZNF846,0.18155077
CTA-384D8.34,0.18154904
KLHDC4,0.18126091
ZNF57,0.1811404
NPPC,0.18113823
CCSAP,0.18081419
LYPD2,0.18073003
HTRA4,0.1805053
BAIAP2-AS1,0.18043955
SHISA7,0.18043587
LRFN4,0.18019763
AIFM3,0.18014634
ZNF559,0.17978969
ZNF649,0.17958893
IRX5,0.17950968
ZNF780A,0.17933477
MAST3,0.17932244
DACH2,0.17916855
OSCP1,0.17913052
FAM172A,0.1789996
ADGRA1,0.17899619
TEX2,0.17887393
BPHL,0.1787658
GALNT10,0.17876525
ADCK1,0.17866267
ZNF462,0.1786578
CTD-3193K9.4,0.17864223
GABRR1,0.17862007
FAHD2B,0.17858818
FAM179B,0.17853276
IRGQ,0.17851603
DLGAP2,0.17845814
TBC1D12,0.17845085
CLEC19A,0.17831759
CYP4Z1,0.17811131
TDRD15,0.17792356
MYRF,0.17739742
ZNF250,0.17723507
TTC23L,0.17720234
LINC01003,0.17679408
FAM13C,0.17673734
BCAS1,0.176663
LDOC1,0.17664
CCDC136,0.17663205
LHB,0.17650886
LRRC1,0.17642364
CDHR3,0.17638743
TC2N,0.17636594
IZUMO1,0.1760091
CYP4F22,0.17600773
CCDC146,0.17583783
HAGHL,0.17536396
KAAG1,0.17530563
FAM118B,0.17505705
RAB3B,0.17494078
C8ORF37,0.1749304
PPP1R35,0.17487727
ABHD17C,0.17477874
LRRC57,0.174734
ZNF197,0.17472747
PAPD7,0.1745384
ZNF768,0.17416725
REM1,0.17405085
ZCWPW2,0.1739806
ZNF136,0.1738944
SLC37A1,0.17383826
SLC4A8,0.17374286
CRB1,0.17367251
ST7L,0.17348336
GSX2,0.1733401
C14ORF132,0.17307939
CLCNKA,0.17299603
PSPN,0.17296918
SIX2,0.17291513
IPP,0.17272143
EDA,0.17271006
HOXC10,0.1726468
TMEM63B,0.17248388
PRELID2,0.17244592
C11ORF80,0.17224002
TRG-AS1,0.17223935
RP11-443B7.1,0.17222159
LURAP1L,0.17201246
STK31,0.17159446
LGR6,0.17144448
OR5B21,0.17140572
PODNL1,0.17138933
GRID1,0.17111705
HOXD1,0.17073147
FAM109A,0.17063433
INCA1,0.17051454
TRIM58,0.17040473
ZNF213,0.16997753
CDK18,0.1698067
LIPE-AS1,0.16962138
HHIP,0.16950698
ZNF317,0.16921084
RP11-182L21.6,0.16908889
ZNF417,0.16886033
GPR61,0.16848242
PVT1,0.1683782
FLJ20021,0.16836596
ARMC6,0.16796896
GALNT15,0.16767874
HIST1H2BD,0.16766968
SYNPO2L,0.1676451
SYNDIG1,0.16744825
FAM214A,0.16740759
RTP1,0.1673177
IGLON5,0.16725722
CLRN1,0.16719946
DNM3OS,0.16701464
C6ORF58,0.16701001
CBWD5,0.16700347
HARBI1,0.1669472
GPRC5D,0.16690046
PITPNA-AS1,0.16679657
ZNF141,0.1665987
RGPD4,0.16616009
CLCA4,0.16580129
LINC01116,0.16572574
TTC23,0.16571525
SLC22A31,0.16552186
MDGA2,0.16533868
SBSN,0.16499622
ALMS1,0.16475137
KIAA0226L,0.16465847
CEP85,0.16460302
RP11-742B18.1,0.16456532
C1ORF226,0.16455272
DACT2,0.16452585
SCUBE1,0.16443911
TTC29,0.16440955
GRIN3B,0.16437519
CARKD,0.16422229
ICA1L,0.16400354
CTA-292E10.6,0.16388005
TLE6,0.16356209
SEZ6L2,0.16338448
C5ORF28,0.16316529
DPPA5,0.16297899
SCRG1,0.16283664
NPFFR1,0.16250756
RP11-35G9.3,0.16249423
DNAAF1,0.1623514
ZBTB7C,0.16232942
EVI5L,0.16232756
SOBP,0.16174822
ZDHHC1,0.161537
PLAC8L1,0.16147529
ZSCAN21,0.16104932
PCSK1N,0.16092205
HEATR5A,0.1608003
CGRRF1,0.16064098
KCNJ15,0.1603178
B3GNTL1,0.16030958
TRIM6,0.16000918
LMBR1,0.15997696
XKR4,0.15988484
GMCL1,0.1598073
ZCCHC14,0.15956877
RLN2,0.15954866
CIB2,0.15954402
CELA2B,0.15919845
RP11-102N12.3,0.15915121
TEX14,0.15904632
AC245100.1,0.1589705
LINC01197,0.15893899
RP11-680A11.5,0.158647
SLC14A1,0.15849777
FAM73A,0.1584631
QRFP,0.15844758
ARL9,0.15833372
TTLL3,0.15822062
RNF17,0.15816952
TMEFF2,0.15815403
OTP,0.1581007
ZNF160,0.1579695
RP11-83A24.2,0.15788305
KANSL1-AS1,0.15768309
SLITRK5,0.15746784
ANKRD13C,0.15676442
SLC10A7,0.15662178
TAS2R4,0.1564785
C16ORF52,0.15644604
DNAH14,0.15633453
RP11-983P16.4,0.15631147
C16ORF86,0.15600312
SCX,0.15582308
ERVK3-1,0.15579943
YAE1D1,0.15562971
DNAI2,0.15560843
CA11,0.15560022
SIAE,0.15553221
ANKRD36C,0.15550297
GABRR2,0.15541512
ZNF414,0.15532081
TMEM150C,0.15527049
ZBTB11,0.15519758
SERTAD4-AS1,0.15445223
PARM1,0.1541031
HOXD8,0.15397054
RLN1,0.15380436
C17ORF67,0.15359381
HORMAD2,0.15335758
MIAT,0.15334418
TMEM63A,0.15285808
RNMTL1,0.15265976
NCK1-AS1,0.15264127
ZSCAN23,0.15232715
ANKRD46,0.15221265
TDRD9,0.15190299
TRIM73,0.151821
HOXD11,0.15175477
HCN2,0.15157624
ZNF169,0.15141603
GALNT7,0.15086487
RTTN,0.15052925
ZNF621,0.1505105
ZSWIM3,0.1504555
IGSF21,0.15042444
NACC2,0.15032212
NOV,0.15028343
ZNF880,0.15027055
TMEM213,0.15012299
PLD5,0.15004228
FAM215B,0.14988485
ATOH7,0.14983112
SPIN4,0.14964823
GPATCH3,0.1496259
NEK3,0.14954615
BPIFB4,0.14951897
DSEL,0.14949174
KRTDAP,0.14935741
VSTM2L,0.14924927
FOXJ2,0.14921261
LINC01504,0.14902186
LY6G5C,0.14902048
DISP1,0.14896555
ADCK4,0.14862745
CTD-3138B18.5,0.14858124
PRR12,0.14855835
ANKRD36B,0.14846954
MTFR2,0.14835474
WHSC1,0.14822617
SLITRK3,0.14805506
ONECUT3,0.14730732
C11ORF71,0.14723244
TBX5-AS1,0.14711946
ANKRD36,0.14695871
TRIM36,0.14677922
CHRNA9,0.14649674
DNAJC27,0.14639974
GTSF1,0.14608772
SFMBT2,0.14575914
KBTBD3,0.14574322
HIST2H2BE,0.14571758
PLCXD3,0.14560136
CUEDC1,0.14557108
ZNF101,0.14549324
SLITRK2,0.14542966
TMCO4,0.14538804
PAQR6,0.14504437
DNAI1,0.14503759
PRAC2,0.14491895
DUSP28,0.14479159
C5ORF42,0.14476922
CCDC126,0.14471063
SLC10A5,0.14437285
CCDC102A,0.1442003
CHST9,0.14410967
SH3BGRL2,0.14407572
GPR39,0.14404333
CBLN3,0.14400992
SHISA3,0.14399612
ZSCAN9,0.14390166
SYCE2,0.14385302
RP11-556E13.1,0.14381441
SYCE1L,0.14375244
MUC15,0.14352223
WSCD1,0.14343591
GSDMB,0.14334098
MUC20,0.14319806
NETO1,0.14308909
RP11-490M8.1,0.1430309
FAM229B,0.14296833
ZKSCAN5,0.1429042
ZNF483,0.14260833
CCDC125,0.14248182
SHISA8,0.1419375
C1ORF216,0.14175431
FAM72A,0.14155148
CTD-2135D7.5,0.14149182
C1ORF112,0.1413854
MEI1,0.14122467
COL19A1,0.14120206
CPAMD8,0.14115247
LINC01481,0.14104715
NINJ2,0.14097133
STOML1,0.14095834
KIF6,0.14078167
CLCN2,0.14051777
PNMA6A,0.14050788
ZNF77,0.14049247
FTX,0.14043546
DNHD1,0.14025864
C12ORF29,0.1402362
FAM76B,0.14015205
GATSL3,0.14001301
HORMAD1,0.13994662
TPRG1,0.13968676
TACR2,0.13962643
MSC-AS1,0.1394271
ZNF668,0.13940446
HECTD4,0.1392139
SMIM1,0.1391095
USH1G,0.13902648
FNDC4,0.1390264
ZNF821,0.1389389
ATP5L2,0.13865025
RSPH4A,0.13810381
DISP2,0.13807794
MARCH8,0.13807197
C14ORF80,0.137845
DPP6,0.1377901
ABHD17B,0.13778974
RP11-768F21.1,0.13756207
RASL10B,0.13747787
C9ORF64,0.1373796
NKAPL,0.13722876
RP11-707G18.1,0.13719508
LENG9,0.13719453
TEX11,0.13718386
SLC25A21,0.13700324
FAM188A,0.13687523
PRSS33,0.1367868
RP11-395B7.4,0.13669214
DRC3,0.13663216
SPATA33,0.13652718
ZDHHC18,0.13647644
ZXDA,0.13645695
ADAM22,0.13634157
LINC01133,0.13632582
DPY19L1,0.13629572
TDRD1,0.13619018
ACAP3,0.13608807
BEND3,0.1360372
XXBAC-BPG299F13.17,0.13599999
RHBDL1,0.13599345
UHRF1BP1,0.13587685
GRIK5,0.1357685
SOGA3,0.13571899
PHYHIPL,0.13569587
PROSER1,0.1353766
TRMT13,0.13526504
POPDC2,0.1352493
SPAG17,0.13517836
CCDC39,0.13484362
SLC9B2,0.13455415
MAGEE1,0.13440573
C7ORF60,0.13439658
NPFFR2,0.13410702
GCSAML-AS1,0.13403736
MUC21,0.13399264
CHST8,0.13379706
HOMEZ,0.13375647
LINC00662,0.13369662
BHMG1,0.13368592
RP11-545E17.3,0.13367668
P2RY10,0.13354497
CCDC40,0.13341935
MUC12,0.13336068
METTL2A,0.13334215
ARMC3,0.1332541
RNF122,0.13320236
RFESD,0.13301344
RABL3,0.13279049
DNAAF5,0.13252056
B4GALNT3,0.13246989
ANO2,0.13245802
ZG16B,0.13234301
GAL3ST3,0.13227162
BPIFB2,0.13221005
TDRD5,0.13210355
LINS1,0.13205041
ZNF33B,0.13194239
DRC1,0.13182065
GRAMD3,0.1315906
RBM4B,0.13157968
RP11-73E17.2,0.13150635
LINC00877,0.13137951
RAB3C,0.13120016
RP11-356I2.4,0.13119
C9ORF57,0.13109015
MUC13,0.13101147
TDRD12,0.13097756
EYA3,0.13086046
IGSF9B,0.13085821
ZNF783,0.13079531
KRT6C,0.13040861
OTX1,0.13038677
RP11-76E17.3,0.13020542
FLJ37453,0.13013467
NPIPB5,0.1300399
SCRT1,0.12998874
ZUFSP,0.1296089
FSIP2,0.1295701
FAM181B,0.1295434
RP11-109G23.3,0.12931708
C14ORF28,0.12916383
LUZP2,0.12907033
GRID2IP,0.12905474
LRRC37A3,0.12904735
ZNF493,0.1286916
SYCP2,0.1286352
TBC1D8,0.12862769
MYEF2,0.12837501
ZNF84,0.12826154
ARL17B,0.1282256
MFSD9,0.12779562
EFCAB1,0.12773144
GPM6B,0.12771487
PLEKHA6,0.12769766
APITD1,0.12763074
RP11-12G12.7,0.12735301
PRSS36,0.12729214
ODF3L1,0.12722903
SCG3,0.12722197
PRLHR,0.1272034
RP11-472N13.3,0.12716873
TVP23B,0.12705033
ASUN,0.12675889
LGI2,0.12675177
CEMIP,0.12673183
SHISA4,0.1266714
RP11-557H15.4,0.12665871
SP6,0.1265786
CILP2,0.12642945
CCDC58,0.1263057
RNF220,0.12618864
CCDC180,0.12617326
AC016549.1,0.1259099
TCP11,0.12589182
NARFL,0.12573348
CHRNA10,0.12565546
DNAL1,0.12552357
ZBTB45,0.1251833
MUCL1,0.12502858
NKX6-2,0.1249692
SCRN1,0.12484988
LHX8,0.1247921
ZDHHC14,0.12476933
SOX11,0.12451787
NECAB3,0.12412051
HTR3C,0.124036014
DNAH3,0.12396324
CEP57L1,0.123897694
SAMD3,0.123798296
FAM198A,0.12374616
CMB9-22P13.1,0.12354012
MEOX1,0.123513915
KIAA1586,0.12339582
FAM171A1,0.12311435
HECTD3,0.12296023
LRRC37A,0.12290541
FAM131A,0.12278004
RUNDC1,0.12271118
ZNF771,0.12262752
L3MBTL4-AS1,0.12259289
DNAJC16,0.12250924
NRSN2,0.12245448
C5ORF51,0.122289225
TMIE,0.122215725
TMEM62,0.12204627
ZNF674,0.12196928
ZC4H2,0.12191373
MARCH9,0.12190423
PRLH,0.12186947
RP11-231C14.7,0.12179141
ZPBP,0.12169703
ZIC5,0.12160252
ZNF75D,0.121518396
MORN5,0.121177636
RP11-160O5.1,0.121102415
QRICH2,0.12101257
ABHD10,0.120970964
AMMECR1L,0.12091638
RASL11B,0.12091323
ECHDC3,0.12056992
GPR155,0.120493665
DAND5,0.120388016
C12ORF73,0.120379604
XXBAC-BPG13B8.10,0.12022706
ZNF232,0.12016902
RIMBP3C,0.12013699
CCDC149,0.120121315
DGCR14,0.12010219
BISPR,0.119834736
PCDH1,0.11961266
ZNF121,0.119523
TRMO,0.119350985
KIAA1919,0.119295314
PRR9,0.11918263
MRO,0.11903399
AMN1,0.11898358
ACRV1,0.11890508
PHF13,0.11886378
GPR62,0.1188428
SLC48A1,0.1188032
OC90,0.11872721
TIFAB,0.11837292
C6ORF136,0.11806834
MDP1,0.118028186
RP11-254F7.2,0.11796202
CA13,0.1179286
SOX8,0.11787031
SP9,0.11766712
PRDM15,0.11762695
DNAH9,0.117541336
SDR42E2,0.11752486
KIAA1211L,0.11717351
IGFL1,0.11715195
DMRT2,0.117036656
STYK1,0.11698941
IL1RAPL2,0.11695119
LRCOL1,0.11690322
RP11-390E23.6,0.1162041
PVRL4,0.11616558
MCTP2,0.116107866
ZNF510,0.116101705
MYT1L,0.116096124
ANO7,0.11603377
ARMC2,0.11601766
MTURN,0.11599288
LINC00900,0.1159691
NHLH1,0.11587967
NUP50-AS1,0.11587139
CCDC63,0.115722634
ZFP14,0.11564697
RAB11B-AS1,0.11563806
C1QL2,0.11557247
KRT15,0.11538849
CASD1,0.115283325
THAP6,0.11526829
AC010226.4,0.11520386
MAGEA6,0.11513207
AGTPBP1,0.1150314
SYCE3,0.114999235
RP11-37B2.1,0.11481379
ZNF383,0.114689805
CHRFAM7A,0.11458121
CALN1,0.114516616
SLC24A3,0.114436015
SLC4A9,0.11433476
MATN4,0.11428131
EP400NL,0.11427291
AC004556.1,0.11424575
NXPE3,0.11421873
LRRC74B,0.114086345
ZNF844,0.11398778
MUC17,0.113786675
AC009506.1,0.11376393
VWA1,0.11354991
SLC16A5,0.113507845
EFCAB7,0.11343006
SEPT4,0.11311151
STK32B,0.11308329
C2CD2L,0.11294083
C1QL3,0.1129262
FAM50B,0.1128218
TAS2R30,0.11271493
ENOX2,0.112697266
GLI4,0.11263983
LINC00861,0.112627685
AC003075.4,0.11258638
ZNF212,0.11252965
GLTSCR1L,0.11243026
HCN1,0.1119738
HKR1,0.111934856
TAS2R19,0.111761354
TTPAL,0.11159162
SLC22A16,0.11116238
MFSD6,0.11111577
ZNF320,0.11106118
ANO4,0.11100078
SUSD2,0.11077143
C6ORF132,0.110766426
FAM212B,0.11060743
RBM12B,0.11055382
GLRA3,0.11054318
SPAG11B,0.110530354
CTD-3157E16.2,0.110453285
ZFYVE28,0.11043227
DEFB126,0.11041423
RP11-365P13.5,0.110317506
ENHO,0.11023198
RP11-490O6.2,0.11006657
ZC3H12C,0.11006045
RP11-841O20.2,0.11003675
TMEM156,0.10998054
CXORF23,0.10995762
CAMK2N1,0.10987462
ZNF512,0.10972698
TMEM191B,0.109719254
ZNF347,0.10967682
KCTD18,0.10950728
SLC16A9,0.10947634
ZNF626,0.10944905
TMEM235,0.10930365
KRT24,0.10921816
TDRD6,0.10915913
ZNF254,0.10909091
MOBP,0.108995974
KDELC1,0.10891465
TMEM95,0.10877073
RP11-61K9.3,0.10869602
SPAG16,0.108656645
RP11-1000B6.3,0.10859201
FAM83A,0.108485594
SERP2,0.108394586
FTCDNL1,0.10836965
ARL17A,0.108322464
ZNF26,0.1081686
DIRC2,0.10805516
SAAL1,0.10797787
MFSD4,0.10792913
GSDMC,0.10784491
LYPD1,0.10752535
LINC01089,0.10747508
RP11-501J20.5,0.1073008
SLC25A14,0.10722095
RP11-798M19.6,0.10712274
BCDIN3D,0.10690074
TTTY15,0.10682777
HID1,0.10681659
WDR93,0.10669877
USP31,0.10669384
EHF,0.10668616
NIFK-AS1,0.10625458
HES2,0.1061977
WDR63,0.105995394
PADI2,0.10581286
CNBD2,0.10565664
GRHL2,0.105648026
FAM53B,0.10550914
ZNF518B,0.10531138
IGHG2,0.10528008
LINC01268,0.10512392
SPEF2,0.10504472
RNF219,0.10503711
LINC00961,0.10499734
TMEM64,0.104995206
TPSG1,0.104765974
MEIG1,0.1047081
MAATS1,0.1046707
TMEM135,0.10459609
DLEU2,0.104562975
PRR16,0.10435836
SLC25A53,0.10435702
TMEM212,0.10396723
DNALI1,0.10393468
RP11-140K17.3,0.10393455
DPY19L3,0.10392648
FAM174B,0.10392517
PLCL2,0.10387745
ROPN1,0.10373125
TAS2R14,0.10353372
SLC35F2,0.10352925
XAGE1A,0.103176974
ATHL1,0.10316894
PKDREJ,0.103151366
ODAM,0.1031211
SMCR5,0.10307987
TMEM150B,0.103051685
HHLA3,0.10288502
PRR7,0.10285231
ZNF579,0.10284374
TMEM71,0.10283174
RP11-117D22.2,0.10270126
RN7SL832P,0.102637686
EXD3,0.10259426
DNAH11,0.10238633
RP5-884M6.1,0.10235828
SCAMP1-AS1,0.10218404
TVP23A,0.10203947
CAPSL,0.101832464
FAM219A,0.10180034
VSTM1,0.10161147
SYT12,0.10155125
ZNF140,0.10150061
TPTEP1,0.10147045
IGDCC4,0.101328276
RP11-798K23.4,0.10125361
VPRBP,0.10102967
TMEM104,0.10086584
DYRK3,0.10080169
PDDC1,0.100787744
URGCP,0.100753285
FAM135A,0.10058625
HOXC13,0.1004436
RP11-390P2.4,0.100352034
SYCE1,0.10032447
IZUMO2,0.10030117
RP11-242D8.1,0.100121066
CALHM3,0.10009776
CTB-55O6.12,0.10009213
CTA-243E7.1,0.099762864
CHRND,0.09974794
SLC9A8,0.0997227
ZNF557,0.099620335
CLMN,0.099542685
FCRLB,0.09937318
ZNF266,0.09912543
FNDC1,0.099106506
ZNF28,0.09896981
SLC38A11,0.09889583
FAM102A,0.09871939
AC004540.4,0.09867205
EFCAB11,0.09865453
AC159540.1,0.098494425
LRRC4B,0.098351836
ARHGAP28,0.098346986
RP11-322E11.5,0.098343596
RP11-126K1.6,0.09825
TMEM161B-AS1,0.098248266
TMEM260,0.09816799
FCRL6,0.09813502
DMKN,0.09775574
FAM81B,0.09747931
DPPA2,0.097449616
KLHL14,0.09719973
C14ORF39,0.09709986
IKBKAP,0.09708133
LRP11,0.096951865
CTD-2015H6.3,0.096911006
HCN3,0.09687172
GLT1D1,0.09680972
KRT27,0.09669622
TMEM25,0.09668731
AL592183.1,0.09632191
FDCSP,0.0962594
IGHGP,0.096101575
LDOC1L,0.09603126
FAM159A,0.09602245
B3GNT9,0.09596467
ZNF76,0.09595932
PSG3,0.095890716
LINC01006,0.09580455
OR2A1-AS1,0.09572942
KIAA1683,0.095702276
PCYOX1L,0.09561991
ZNF264,0.09558784
C9ORF91,0.09558676
C19ORF68,0.09554809
APTR,0.09551859
CFAP70,0.09545569
RP11-532F6.3,0.0953811
NPW,0.09537544
ANKRD65,0.09534526
RNASEH1-AS1,0.0953233
PAXIP1-AS1,0.0950365
LMBRD2,0.09480028
INADL,0.09474702
ZNF865,0.09472817
ZNF43,0.0945798
RP4-549L20.3,0.09448998
DPY19L2,0.09448653
SLC9A6,0.09446217
NECAB2,0.094461456
DDX26B,0.094230115
DDO,0.09404515
DNAH6,0.0939893
PHLDB3,0.09397526
TMEM206,0.09391211
MAEL,0.093908995
RP3-477O4.14,0.09390865
MOV10L1,0.0938905
KRT31,0.093760036
TARSL2,0.09355266
PSG6,0.09345929
SPATA22,0.09343623
LY6D,0.09335801
RP11-660L16.2,0.09330852
TSPAN11,0.09323273
FAM184A,0.09321272
MORN3,0.092857145
ST3GAL4-AS1,0.09279562
CFAP54,0.092649154
STARD9,0.09259898
FAM193B,0.09259765
ZNF227,0.092530325
CHRNE,0.09207435
RP11-77A13.1,0.0917987
RSPH1,0.09170703
LRRC6,0.091669045
PTPN20,0.091636434
SPAG6,0.091527805
KIAA1468,0.091527216
LINC01506,0.09149414
TEX12,0.09145481
LRRC4C,0.09144378
ZNF407,0.0913984
RFTN2,0.09127246
LDLRAD3,0.091148004
RP11-538P18.2,0.09103793
PAQR9,0.09082536
IGFL3,0.09063545
C1ORF53,0.0905901
ZDHHC19,0.09058673
C1ORF167,0.09049244
ZNF544,0.09047975
KBTBD11,0.09047158
XRCC6BP1,0.09039007
RFPL4A,0.09037271
CHRNA2,0.09008534
TSTD2,0.090031
TRGC1,0.0898837
DNAH12,0.089548685
SLC9A2,0.08952818
PRSS22,0.08948394
RP11-727F15.9,0.08940641
SLC9A5,0.08940077
ERMN,0.08929051
ZNF567,0.08926468
NTNG1,0.08914955
SPINK6,0.08901365
AC007325.4,0.08875789
LINC01082,0.08870932
TRIM52,0.08861084
ZNF138,0.08856567
SEPT8,0.088532455
HECTD2,0.08841628
TTC31,0.0883988
ADSSL1,0.0883571
C7ORF31,0.088295475
CBLN2,0.08824208
CA5A,0.088226005
SLC16A1-AS1,0.088212565
ZNF805,0.08800201
CTD-3184A7.4,0.08795438
CLUL1,0.08781953
UBL7-AS1,0.08781268
FAM188B,0.087726556
ZNF577,0.08763325
PVRL3,0.08731854
ZNF814,0.087288946
RP13-270P17.3,0.08710327
KIAA0922,0.087087706
C1QL1,0.08707659
ZNF223,0.08705674
SLC2A11,0.08692141
SCML4,0.08676268
ADAM11,0.0866806
TLCD1,0.086626135
ZNF468,0.08649417
MYBPHL,0.08641662
SH3RF3,0.08638013
TAS2R5,0.086279765
CTD-2035E11.3,0.08625637
GPR89A,0.08621738
LINC01140,0.08615361
AC093323.3,0.08606924
LINC00926,0.08597283
RP11-395G23.3,0.0859175
ZNF680,0.08589157
RP3-395M20.8,0.08586935
MGARP,0.08571998
LGI3,0.085691854
C14ORF169,0.08568491
CA5B,0.08552732
RP11-326I11.3,0.08546661
TTTY14,0.08530006
HAPLN2,0.085214235
DACT3,0.085167736
CACFD1,0.08513974
NTNG2,0.08510826
GMDS-AS1,0.08492742
TMEM200B,0.08487188
ACR,0.08475493
PM20D2,0.08472874
ZNF717,0.08458741
RGAG4,0.08447616
TTC25,0.08435365
XKR6,0.08425277
CFAP44,0.08422043
EYA2,0.08413826
NAT6,0.0840881
RP11-499P20.2,0.083992675
CTA-293F17.1,0.08395003
HIF1A-AS2,0.083923995
SLC45A4,0.08389301
GVQW2,0.083875135
TMEM8B,0.0835794
FAM206A,0.08352794
FUK,0.08347938
RP11-69E11.4,0.083453074
ZNF134,0.08336512
RP11-596C23.2,0.08336286
SNAI3,0.08334676
SOHLH2,0.083283104
SBF2-AS1,0.08326389
FRMD3,0.08310636
SGOL2,0.08310363
ZBED4,0.08308919
CTD-2270L9.4,0.08298278
ARMC9,0.08289547
DENND2C,0.08288169
ADAM23,0.08284007
CENPBD1,0.08270768
AKAP3,0.08268426
CDHR2,0.08264561
FAM150B,0.08263903
TTN-AS1,0.08263712
RP1-79C4.4,0.08260908
ZNF260,0.08259897
ZNF318,0.082575835
ENTHD2,0.08253406
URB1-AS1,0.081981555
ZNF599,0.0819219
CA14,0.0818067
ATP9A,0.08158837
CDPF1,0.081424296
INSL4,0.08135071
FIGN,0.081305675
ZNF548,0.08122901
ZFAT,0.08113632
KLHL28,0.08104303
ROPN1B,0.080952294
SLC25A51,0.08088935
ABHD18,0.08086928
TMEM161B,0.08084512
DNAH5,0.080597125
LINC00665,0.080443285
TMEM45B,0.08036692
ZNF595,0.08036353
TMEM217,0.08024488
TMEM236,0.080180265
ORAOV1,0.08009686
RP11-334C17.5,0.07994569
RNF180,0.07985882
ARMCX5,0.079653434
ADPGK-AS1,0.07949014
SNTN,0.079422265
RP4-605O3.4,0.07941769
DNAAF3,0.079412304
PLGLB1,0.07931207
ADAMTS9-AS2,0.07930076
TRANK1,0.07929002
KIRREL,0.079221375
PRRG3,0.07920766
RP11-285E9.6,0.07913128
LINC00475,0.07913117
ZNF587,0.079117164
ARRDC1-AS1,0.07906166
ZNF790,0.07904694
YBX2,0.0790241
ZSCAN26,0.07898413
PAGE5,0.078955546
HIST1H2BG,0.078950904
MYPOP,0.078936554
FAM26E,0.07893492
ZNF17,0.07891005
DDX43,0.078880124
C22ORF46,0.07877614
LINC00094,0.07869096
FOCAD,0.07866184
EGOT,0.078658655
ABLIM2,0.078648984
AC109642.1,0.0785542
JAKMIP2,0.07851087
ATAD3C,0.07844436
C5ORF38,0.078217715
RNF157,0.07809287
AC074117.10,0.07805554
ZNF765,0.07787974
FAM180A,0.07763984
GOLGA6L4,0.07748891
UNKL,0.07734059
RERGL,0.077261984
SLC6A17,0.07725332
AP000769.1,0.07721058
ABCC10,0.07718252
PKD2L2,0.0771824
LYPD5,0.077181
AC240274.1,0.0771573
ZSCAN5A,0.077073306
ZNF528,0.07689894
RNF183,0.07676737
PINLYP,0.07673826
LINC00987,0.07671453
C1QTNF4,0.07669855
GLB1L,0.07662343
XKRX,0.07613887
TTLL6,0.07610051
RBAK-RBAKDN,0.076088496
A2M-AS1,0.076082185
PPM1J,0.07605247
KCNK12,0.07604933
SCRN3,0.076026395
ZNF181,0.07585324
RP11-511P7.5,0.07584398
TP73-AS1,0.075827345
FAM57A,0.07581074
C4ORF36,0.07580118
TOX,0.075797655
MSANTD4,0.07573995
DTD2,0.07566769
TMEM92,0.07562101
RP11-421L21.3,0.07557982
B3GNT8,0.07557667
C11ORF63,0.07537551
ZNF236,0.075367026
LINC00937,0.075275734
DHFRL1,0.07520968
FAM3D,0.07511826
ANKS4B,0.074723594
SLC17A9,0.07435687
ZNF189,0.07435178
C4ORF46,0.07433833
ZNF761,0.07432286
PQLC2L,0.07431286
WDR78,0.07430844
EFTUD1,0.074246004
MYO7B,0.07420932
SPINK14,0.07410371
BSPRY,0.07401729
TOX2,0.07390045
ARHGAP23,0.07389009
TSSK3,0.0738544
KIAA1257,0.073693335
MSTO1,0.07366249
PRUNE,0.07353077
ADAM30,0.07351098
LGI4,0.07333599
ZNF777,0.073225416
TMEM136,0.073224686
EID2B,0.0730059
DNAH7,0.07294686
IGIP,0.07288667
HIST2H2AC,0.072486654
ZFP64,0.07242988
RP11-147L13.11,0.07242121
FAM221A,0.072312854
NECAB1,0.072308645
MIR210HG,0.0722929
NOTCH2NL,0.07216024
ZNF69,0.07212678
CEP170B,0.072038434
C22ORF29,0.07191746
TMEM110,0.071882114
CFAP61,0.071763515
BEND7,0.07157104
KIAA0125,0.07153644
METTL20,0.07142832
IRX2,0.07142452
CTBP1-AS2,0.07127757
MSANTD2,0.07122624
IZUMO4,0.071145
TMSB15A,0.07104259
UBXN10-AS1,0.07076864
XX-FW83563B9.5,0.07067241
OSER1-AS1,0.07065676
ELMOD1,0.07059024
ZP1,0.0704937
C14ORF93,0.07047249
GPR89B,0.07044139
CTD-3179P9.1,0.07042561
DLEU1,0.07034752
TMEM125,0.0703234
ZSCAN29,0.07024227
RP11-47L3.1,0.07018945
ARIH2OS,0.070133045
LRRN3,0.07005675
DIEXF,0.0700268
ZNF514,0.069974855
RAB44,0.06995672
CTXN2,0.06993803
ZNF582,0.06984595
KRTAP7-1,0.06983156
ZNF786,0.069830425
RP11-356J5.12,0.06973316
CD163L1,0.069713175
LDAH,0.069555745
LRRC37A2,0.06955125
C7ORF43,0.069368035
CCDC64B,0.06931776
FAM173B,0.069265686
ZNF45,0.069205366
ZNF785,0.06919423
ZNF600,0.06917337
RAMP2-AS1,0.06912404
XKR3,0.06910619
PRSS50,0.06909041
PYCARD-AS1,0.0690868
AC108488.4,0.06906237
TEX15,0.06898579
ZNF701,0.06897857
RP1-28O10.1,0.06893895
C15ORF52,0.068925604
RP4-665J23.1,0.068913415
RP11-192H23.6,0.06890113
VMAC,0.06884815
GPR176,0.06883597
RRH,0.068818465
HIST1H2BC,0.06880975
JHDM1D-AS1,0.06877665
MDM1,0.06874573
GPR20,0.068719424
ZNF586,0.068663456
TMTC2,0.068610914
ZC3H10,0.068534985
ZBTB26,0.06845099
REP15,0.0684224
LINC01410,0.06840971
SAGE1,0.06838497
LRRC4,0.06829818
BEND5,0.06821412
RP11-400F19.6,0.068188235
AGBL5,0.06810882
C9ORF9,0.06808851
GAS6-AS1,0.06802802
RP11-803D5.4,0.06802137
ZNF71,0.067926556
FAM129C,0.06777314
AC009403.2,0.06776359
WBSCR27,0.06770298
KIAA1755,0.06769886
ZNF529,0.06767223
PCNXL2,0.06764854
ZNF200,0.067620754
ZNF248,0.06760611
RP4-728D4.2,0.06752439
CTD-2186M15.3,0.06748297
RASL11A,0.06745273
RP5-832C2.5,0.067438945
C9ORF85,0.06742995
CYP4B1,0.0674054
LINC00324,0.06716259
NPIPB15,0.067157365
TTC9,0.067110494
C1ORF233,0.06709482
ZNF781,0.067031786
AL928768.3,0.066878706
FAM63A,0.066845015
ZNF487,0.06677644
ADAM21,0.06672547
VSIG10L,0.06665562
RP11-24F11.2,0.066596225
AC023590.1,0.06656338
AC004540.5,0.06648254
C1ORF64,0.06646278
RP13-143G15.4,0.06641526
LRRC61,0.06639769
FAM117A,0.06632607
FAM216A,0.06632077
RASEF,0.06629555
RP11-644F5.11,0.06625011
TTC39A,0.06624712
AC009133.12,0.066170655
RP11-1017G21.5,0.066165574
LINC00672,0.06612493
HHIP-AS1,0.066107854
ELMOD3,0.06608461
RP11-18H21.1,0.0660735
MAN1B1-AS1,0.06603558
AC004381.6,0.066002205
FAM200A,0.065995045
TMEM144,0.06583627
KRT4,0.065826446
ZNF836,0.065792024
LRRC31,0.06575817
RP11-255M2.3,0.065723285
KLK12,0.06567125
TLDC1,0.06563707
ZNF440,0.06561709
LRRN4,0.06556994
NBPF11,0.06555258
ADAMTS15,0.065385826
EXOC3-AS1,0.06536743
ZNF34,0.065293774
ERMP1,0.06528537
RP11-212I21.4,0.06526224
ALOX12-AS1,0.06520049
TRABD2A,0.065200366
HIST1H1E,0.06519509
RP11-544A12.8,0.06518416
SIPA1L3,0.06507383
ZBTB37,0.0648854
LINC00839,0.06487126
SOHLH1,0.06480919
GS1-124K5.4,0.064751424
LBX2-AS1,0.064706735
TMEM163,0.064652294
TTC13,0.06464772
ASB16-AS1,0.06462227
SNHG21,0.06440981
SMIM5,0.064399794
RP1-39G22.7,0.064349994
ZMYM1,0.06432271
C6ORF141,0.06430691
HIST1H2BN,0.06423186
ZNF623,0.06422634
ZNF582-AS1,0.06420765
CFAP69,0.06412469
LINC00694,0.063932166
AC093627.10,0.0637442
LINC00176,0.06374182
AATBC,0.06367557
C2ORF81,0.06350189
RP11-141B14.1,0.06342934
YPEL1,0.06341873
PRR19,0.06341019
ZNF605,0.06340245
OSGIN1,0.063363396
ZBTB41,0.063331485
A1BG-AS1,0.06329484
SDK1,0.06326449
TMEM246,0.06326084
RP11-332H14.2,0.06321184
CHRNB1,0.06316445
SGK494,0.06302841
ZNF275,0.06297982
CARF,0.06293367
PAX1,0.0628754
TRIM35,0.06281535
ZNF736,0.06280507
KLHDC9,0.062772654
RFPL4B,0.06274276
PRICKLE2-AS1,0.06269907
SIMC1,0.06266954
CBWD3,0.062573716
FAM73B,0.062404435
ZNF439,0.062245943
ZNF429,0.062194277
CCDC153,0.062181223
LL22NC03-86G7.1,0.062170617
HEPACAM,0.062132847
RP11-327P2.5,0.06200711
CBLN4,0.061981875
RP11-802E16.3,0.061946385
MTSS1L,0.06186428
THAP7-AS1,0.0617267
RP11-345P4.9,0.061689932
RP4-621F18.2,0.06154712
RP11-1399P15.1,0.061537802
CFAP206,0.0614947
ZNF225,0.061397683
EPT1,0.06137074
TESK2,0.06128071
ZNF675,0.06127554
CTD-2017F17.2,0.061254423
PSMG3-AS1,0.061251234
TMEM200A,0.06117761
AC004988.1,0.061141837
GPR162,0.06109652
HSF2BP,0.06108158
FGF14-AS2,0.061001815
RP13-188A5.1,0.060982257
ABHD11-AS1,0.06096382
AFAP1L2,0.0608264
WDR66,0.06078873
PP7080,0.060724605
ZNF568,0.060716815
CTD-2371O3.3,0.060614932
CFAP43,0.060577255
KIAA1324L,0.06057086
RP11-195F19.5,0.060513973
SLC22A23,0.060474765
MZF1-AS1,0.060453273
C6ORF25,0.060435437
ZNF776,0.060376644
NATD1,0.060339727
NEK11,0.060196646
GIN1,0.060140926
C17ORF107,0.060119532
RP11-708J19.1,0.060108513
CCDC114,0.060107194
CASC1,0.0601039
RP11-977G19.11,0.06006812
TMEM121,0.06003117
SLC16A14,0.060015637
CCDC77,0.059996527
IGFLR1,0.059979152
CCNJL,0.05991613
CTXN1,0.059898995
IFFO2,0.059859682
VILL,0.059828125
KRT75,0.05981506
C14ORF37,0.059813976
FAM122C,0.059779275
ZNF669,0.05976695
RP11-115C21.2,0.05975432
PGM5-AS1,0.05966664
ZNF35,0.059652597
TMCO2,0.059645254
SMPDL3B,0.059628505
ZNF573,0.059534978
NBPF9,0.059517644
ZBED6CL,0.05946035
MINCR,0.05943836
ZNF792,0.059385687
BBOF1,0.059328925
RP5-894A10.2,0.059321653
LINC00339,0.059217714
ZNF85,0.059210837
TERC,0.059200734
SWT1,0.05913084
ZNF574,0.059100408
EXO5,0.058994114
LINC01560,0.05899033
RP11-10L12.4,0.058942348
NBPF10,0.05886812
TDRD10,0.058867395
NUAK2,0.058863074
JRKL,0.05880799
KLHDC7B,0.058807738
LINC00511,0.058736026
AL132709.8,0.05870823
BCO2,0.058654875
DEFB124,0.058652908
ZNF700,0.05861833
GRHL1,0.058604598
AC113189.5,0.058582652
C11ORF45,0.058570057
DOPEY1,0.058568478
RP4-575N6.4,0.058551442
ZEB1-AS1,0.05851989
SERPINI2,0.05850088
ARMC4,0.058441013
IGSF22,0.058420707
ZNF691,0.058362555
ZNF48,0.058286034
ZFP82,0.058187973
AC069363.1,0.058174193
EPHX4,0.058163494
C1ORF159,0.058142804
LDLRAD1,0.05813427
ARL10,0.058102302
RP11-25K19.1,0.058062404
AC091729.9,0.058057945
LYSMD4,0.058035187
LINC01353,0.05785986
TRGV5,0.05784238
AP001372.2,0.057772446
RP1-198K11.5,0.057757042
LRRIQ3,0.0577493
KHDC1,0.057743274
ZBED3-AS1,0.05755489
RP4-673M15.1,0.057540428
LRRC29,0.057405584
ZNF354B,0.0573167
PRR15,0.057313435
PRR11,0.05725786
ZNF684,0.057088457
SEPSECS-AS1,0.05707152
RP11-20G13.3,0.05704198
TMEM184A,0.05699711
RP11-212P7.2,0.056955576
SH3D21,0.056951188
RP5-887A10.1,0.05684517
ZNF70,0.056711167
HIST1H4H,0.056668818
CPNE5,0.056637954
RP5-1172A22.1,0.05660043
ZNF100,0.056582153
RP11-47A8.5,0.056574605
AC079305.10,0.056508534
LSMEM1,0.056495555
SPATA17,0.056403976
ZBTB34,0.056274008
LINC01550,0.056218404
CCDC191,0.056191515
DNAH8,0.056152683
PRRT3,0.05613973
ZNF337,0.056136727
ZNF628,0.056111258
ARHGAP42,0.05610924
LRRC15,0.056052994
XAGE2,0.055972356
FAM13A-AS1,0.055945627
LINC01023,0.055832855
YTHDF3-AS1,0.05577433
C10ORF88,0.05577135
STPG1,0.05571103
PCDHB14,0.055698067
SLC35E4,0.0556506
ZNF646,0.055604655
SHF,0.05558887
CTC-425F1.4,0.05551114
CCDC7,0.055439718
RP11-539L10.3,0.055437386
NFXL1,0.05542468
XXBAC-BPG252P9.10,0.055409424
TBC1D30,0.05536182
LINC00968,0.055340648
OVOL2,0.055215806
GIPC3,0.05521419
EPHA1-AS1,0.05520732
ZBBX,0.05520457
PGBD2,0.055159353
CCDC142,0.05514138
LINC00893,0.05511868
RP11-474G23.3,0.0550871
CTD-2006K23.1,0.05506473
LINC00623,0.055056036
KIAA1524,0.05499959
MFI2,0.05497223
AGBL4,0.05494377
HHLA1,0.054941427
FAM171B,0.05488214
MAPKBP1,0.05481143
KIAA1456,0.05476424
LINC00607,0.054742545
TRAM2-AS1,0.05474006
ZNF615,0.05457012
FSD1L,0.054513782
ZNF552,0.054506015
S100Z,0.05444324
DNAH2,0.054440152
C19ORF57,0.054423027
PDCD4-AS1,0.05434854
RWDD2A,0.054295402
AC079922.3,0.054266
RP11-412D9.4,0.054263346
ZNF566,0.054243576
RP11-283G6.4,0.05418688
ADAM20,0.054179747
SYT15,0.05417183
LINC00294,0.05412806
DHRS13,0.054104995
PCDHGA7,0.054033607
C10ORF25,0.054027416
THAP8,0.05402118
ZNF575,0.05401788
AC064834.3,0.053976793
TMEM241,0.05395165
ZNF697,0.053903818
RP4-647C14.2,0.053874753
FAM65C,0.053871788
CCDC178,0.05385992
AC002467.7,0.05382157
ZNF829,0.053786416
SPINK8,0.053773265
RP11-286H15.1,0.05373192
PAQR4,0.053727806
ZNF714,0.053719603
ZNF808,0.053710926
PROM2,0.053681683
FAM180B,0.053655915
PROSER2,0.05362504
AMZ1,0.0535812
C1RL-AS1,0.053572904
CTB-171A8.1,0.053553395
C10ORF35,0.053532362
PRDM5,0.053492278
PXN-AS1,0.053426437
STOX2,0.05336827
PVRL1,0.053337865
PIK3CD-AS2,0.053250633
ZNF613,0.05323965
ANKMY1,0.05322255
KLHL35,0.053212088
SLC25A21-AS1,0.05321147
SLC44A3,0.053106535
FRMD6-AS1,0.053051155
C2ORF42,0.053040665
DLGAP1-AS2,0.05291899
CTC-444N24.8,0.05291727
SCAMP5,0.05287965
RP3-394A18.1,0.052814513
HID1-AS1,0.05280443
CTD-2017D11.1,0.052746188
CTA-14H9.5,0.05272015
RP11-125O18.1,0.052701563
RP11-81H14.2,0.052660834
CTB-31O20.2,0.05265181
CCDC24,0.05262796
AP006621.5,0.05259969
PLPP7,0.05257576
PCDHB12,0.052550666
CTD-3131K8.2,0.05248162
LRRIQ4,0.052469693
DNAJC3-AS1,0.052426316
SNHG10,0.052422207
CTB-113I20.2,0.05228988
AC131056.3,0.05224272
HDX,0.052217614
ZNF708,0.052213512
RP11-49I11.1,0.05221234
C1ORF106,0.05221045
LINC01137,0.052187443
RBMS3-AS3,0.052130442
RP11-111M22.3,0.052119337
ZNF584,0.052114267
EFCAB13,0.052112956
AC006129.2,0.05210594
THAP10,0.05209431
ST20-AS1,0.05209413
RP11-10C24.3,0.052088935
LINC00649,0.052085392
RP5-827C21.4,0.05208527
DPEP1,0.052058894
ANKRD33B,0.05198927
LINC00528,0.05197864
RP11-84C10.2,0.051902544
MAFG-AS1,0.051891893
FAM24B,0.05183649
LINC00863,0.05181536
WISP1,0.051801942
FUT10,0.051749982
RP11-158I9.8,0.05171881
AC116035.1,0.051644843
UBA6-AS1,0.051629238
RP11-70C1.1,0.051629227
RP11-88E10.5,0.051626105
LINC00680,0.051624723
ATRNL1,0.051605165
ZNF432,0.051598597
CTD-2313J17.6,0.05158136
AP000692.10,0.051580288
AC018816.3,0.051499426
RP13-1032I1.7,0.051489998
CSRP2BP,0.0514812
AZIN1-AS1,0.051474333
XXBAC-BPGBPG55C20.2,0.05144955
ZFP30,0.051438224
CTC-534A2.2,0.05143072
PCDHGB5,0.05141942
RP4-591C20.9,0.051340483
RP1-267D11.6,0.05121217
B4GALT1-AS1,0.051180195
CTD-2287O16.5,0.051134437
NFIA-AS2,0.05104382
RNF150,0.051025707
ZNF789,0.050995756
ARHGAP5-AS1,0.050930433
NAPA-AS1,0.0509197
CRIPAK,0.05091406
ZNF503-AS2,0.050912768
NCCRP1,0.050905317
RP11-298J20.3,0.050851863
ZNF585A,0.05084776
ZNF526,0.05081866
RP11-362F19.1,0.05081852
C9ORF24,0.0508051
PCDHA12,0.050789855
PLEKHB1,0.050777286
NOP14-AS1,0.050767075
LINC01001,0.05067239
L3MBTL4,0.050583024
CCDC113,0.050566934
CLCN4,0.050553285
GOLGA6L10,0.050552405
TMEM220-AS1,0.050542377
DNAH17,0.050501794
ZNF107,0.050474424
ERICH6-AS1,0.05040289
CTC-479C5.12,0.050364643
ZNF558,0.050331403
ACTRT3,0.05013165
C17ORF82,0.05009036
RP5-1159O4.1,0.050079126
FLJ27354,0.05005017
TMEM145,0.050041426
RP11-798G7.6,0.050034523
ADAMTS16,0.0500234
RP11-262H14.4,0.049990833
AGAP6,0.049946208
PYCRL,0.049886353
DCLK2,0.049854405
CES4A,0.0498411
C17ORF96,0.04983487
GPRC5B,0.049825184
RP11-262H14.3,0.0498073
SLC25A35,0.049760792
AC061992.2,0.04972856
ZNF461,0.049720876
RP11-631N16.2,0.04969541
RP1-197B17.3,0.04966764
SRP14-AS1,0.049637925
LCN6,0.049482524
AGAP4,0.049443524
RP11-437B10.1,0.04943182
RP5-821D11.7,0.0494003
RP11-73G16.2,0.04937674
RP11-434H6.6,0.04937151
RP11-218M22.1,0.04935207
TMEM35,0.049348757
TMEM158,0.049311228
FN3K,0.049276914
TIGD6,0.0492448
AC062017.1,0.049220424
LINC01426,0.049208853
FLVCR1-AS1,0.0491981
PWAR6,0.049193837
SPRY4-IT1,0.04917695
RP3-512B11.3,0.049165517
CCDC144NL-AS1,0.049153633
ENTPD1-AS1,0.04914283
LINC01070,0.049098972
CDKL3,0.049069278
DENND5B,0.049025692
CADM3-AS1,0.049024165
CDKL2,0.04895153
C19ORF47,0.0489272
PRTG,0.048911832
CEACAM3,0.048870366
RP11-4B16.4,0.048860304
FBXO48,0.04885734
RP11-285F7.2,0.048844006
IGFL2,0.048836295
RP11-114F3.4,0.048760854
RP11-480C22.1,0.048744507
PPP5D1,0.048729848
C21ORF58,0.048697956
MORC2-AS1,0.048668664
HMCN2,0.04865232
TGFBR3L,0.048651516
DCST1,0.0486492
SLC22A15,0.04861605
TCEB3-AS1,0.048597477
YPEL4,0.048596136
C19ORF44,0.048593737
PAXIP1-AS2,0.04857988
LINC00921,0.04852084
LRRC34,0.048479814
FAM124A,0.04835665
STARD4-AS1,0.048324663
PTPRD-AS1,0.048209764
RP11-379H18.1,0.04818328
RP11-67L2.2,0.048116498
LINC00504,0.048114527
LINC01088,0.0480972
AC022182.3,0.048040252
DFNB31,0.048035253
RP1-40E16.12,0.048031334
RP11-66N24.3,0.04801767
SIRPB2,0.048005477
RP4-639F20.1,0.047922213
LINC01436,0.0479125
ZNF778,0.047880054
RP11-499E18.1,0.047879092
WBSCR17,0.047878362
RP4-737E23.2,0.04787419
RP11-809O17.1,0.047854252
CCDC64,0.04785026
ZNF891,0.047734488
ZNF507,0.047725637
TMEM38A,0.04771044
CLDND2,0.047668222
RP11-127B20.3,0.047599554
RP11-809N8.4,0.04753171
RP1-43E13.2,0.047499232
ZNF519,0.047490235
KLHL26,0.04748802
ZNF180,0.0474309
RTKN2,0.04739354
SMCO3,0.04736526
LY6G6C,0.04729469
FAM227B,0.047269337
LINC00426,0.04717626
WFDC3,0.047149565
LRP5L,0.047120914
RP3-340N1.2,0.047097214
TIPARP-AS1,0.047084548
LINC00239,0.047078706
RP11-629O1.2,0.047076143
CTA-204B4.2,0.04704333
RADIL,0.047008626
AC004069.2,0.04698419
RP11-394O4.5,0.046971925
ZNF585B,0.046928126
AC100830.3,0.04691726
RP11-379F4.4,0.04690953
RP11-448A19.1,0.046848167
VCX3B,0.04683534
C1ORF210,0.046785768
C11ORF84,0.046782367
MIATNB,0.046780746
RP11-902B17.1,0.046756618
ZNF184,0.046699345
TMEM266,0.046687078
LINC00954,0.046681467
ZNF793,0.04666253
RP11-291B21.2,0.046634663
LINC01315,0.046628583
RP11-536O18.1,0.046593774
ANKRD16,0.046588954
LINC00520,0.046554744
LINC00342,0.046497725
TRIM68,0.04649541
FAM151B,0.04642134
HAGLR,0.04640889
FAM27C,0.046406515
RP11-66N11.8,0.046357207
GLTSCR1,0.046339743
ZNF816,0.046274073
C5ORF63,0.046265878
SERAC1,0.046246383
AARSD1,0.04618407
ZNF341-AS1,0.04617592
ZNF616,0.046172135
RP5-1187M17.10,0.046160646
RP11-452C13.1,0.04612785
WFDC10B,0.04612613
ZSCAN16,0.046123825
RP11-95D17.1,0.04604765
LINC00309,0.04599868
LIFR-AS1,0.04598718
IGLV6-57,0.045969896
RP3-325F22.5,0.045917768
TVP23C-CDRT4,0.045916937
ANGPTL7,0.04591595
C9ORF40,0.045908958
LINC01473,0.04590855
SGOL1,0.04588843
TTLL7,0.04584264
GS1-124K5.11,0.045835488
XXBAC-BPG181B23.7,0.045822717
RP11-635N19.1,0.045799743
RP11-259K15.2,0.045762032
AC096772.6,0.045725845
ZBTB11-AS1,0.045628615
GOLGA8N,0.045558013
CCDC85A,0.045499973
RP11-879F14.2,0.04549854
TLDC2,0.045489676
ZNF416,0.04547991
C17ORF51,0.045467146
LINC01480,0.04544743
ZMIZ1-AS1,0.045445655
NRAV,0.04542279
C11ORF70,0.045404963
LACE1,0.045390733
ZNF570,0.045372285
AQP4,0.04535874
ZNF563,0.045302916
CTB-193M12.5,0.04524971
CTD-2516F10.2,0.045243938
RP1-239B22.5,0.0452331
RP11-258C19.7,0.04522494
IGLC7,0.045224797
RP11-147L13.2,0.045222633
CCDC42,0.04516671
RP11-500C11.3,0.045131445
OPRL1,0.045080893
PCDHB6,0.045061238
TMED6,0.04502416
RP11-597D13.9,0.04501019
LINC00960,0.04500838
TMEM229B,0.044966366
PCAT6,0.044946037
RP11-175K6.1,0.04490496
RBPMS-AS1,0.044886358
LINC01558,0.04482033
RP5-908M14.9,0.044784304
LCN8,0.04477959
FAM41C,0.04467902
ZNF436-AS1,0.04467843
TMEM191C,0.044666804
RP11-214O1.3,0.04465618
NBPF15,0.044569105
USP54,0.04454904
POMZP3,0.044541046
C14ORF79,0.044535317
ZNF788,0.04453101
ZNF780B,0.04450429
C8ORF44,0.044477716
TMC7,0.044471286
RP11-686O6.2,0.044436265
ZNF674-AS1,0.04442946
KRTAP4-12,0.044419058
RP11-404O13.5,0.044399798
COLCA1,0.044376876
FLJ31104,0.04430965
ZSCAN31,0.044280123
LKAAEAR1,0.044252146
SYDE2,0.044245668
FAM83H-AS1,0.044231888
ZNF839,0.04420898
LRRIQ1,0.044176478
HIST1H4E,0.044171374
RP11-554J4.1,0.044154935
RP11-134L10.1,0.044136908
IGKV1-12,0.044107676
RP11-89K11.1,0.04410223
WDR49,0.044042148
HIST1H2AE,0.044017028
RP11-582E3.6,0.04399853
RP1-142L7.8,0.043994877
CCDC38,0.043987427
RP11-396F22.1,0.043983378
ZNF678,0.04397471
LINC01207,0.043974582
LINC00526,0.04396353
RP11-468E2.5,0.043944914
U73166.2,0.043941576
ZNF614,0.043939427
H3F3C,0.043927778
CTD-2095E4.5,0.04392429
FAM229A,0.043916605
VEPH1,0.043911934
LINC00472,0.043871514
ZNF546,0.043865696
LINC01358,0.04381729
ZNF812P,0.043807894
AC092484.1,0.043769643
RP11-420L9.5,0.043765534
RP3-402G11.25,0.043761484
RP3-525N10.2,0.043746762
PTGES3L,0.0437453
PPIL6,0.043734305
RP11-379B8.1,0.043732543
RP11-347C12.10,0.04371805
ZNF790-AS1,0.043712653
RP11-664D1.1,0.043711253
RP5-1136G13.2,0.043709006
ZNF813,0.04368014
AC017002.1,0.043666683
AC004156.3,0.043644086
SGMS1-AS1,0.043557577
IRAK1BP1,0.043520253
SLFN12L,0.04351672
MBLAC2,0.043492056
C22ORF15,0.0434704
AC074289.1,0.043461025
TMEM221,0.04344975
ZSCAN25,0.043438457
LINC00865,0.043392554
RP5-1065J22.8,0.04339245
AP003774.6,0.043304082
C8ORF88,0.043274503
MIR762HG,0.04323901
RP11-350G8.5,0.04323548
RP11-522B15.3,0.043234807
TCP10L2,0.04322762
TIGD5,0.043222845
ZNF571,0.043217964
RP11-290L1.2,0.043204065
AP001258.4,0.043201
ZNF419,0.04320053
ZBTB42,0.043197718
TMEM44-AS1,0.043187134
NEMP2,0.043173905
RP3-369A17.4,0.043151505
RP11-175O19.4,0.04314766
C9ORF47,0.043146662
CHRM3-AS2,0.043120664
COL4A2-AS2,0.043112077
RP11-488C13.5,0.043105744
AC002331.1,0.043095127
MMP25-AS1,0.04308756
RP11-693J15.5,0.043083142
SLC16A11,0.04306658
LINC01011,0.04305064
ZNF624,0.04304408
NT5DC3,0.04304287
SLITRK4,0.043041144
RP11-16E12.2,0.04296848
ZNF211,0.042953495
RP11-479G22.8,0.042949
TMTC4,0.04294757
PRR35,0.042914163
ZNF471,0.042847034
ZNF707,0.042835426
AP000438.2,0.042820174
CTD-2012K14.8,0.04281986
CITF22-92A6.1,0.042802203
NKILA,0.042776685
RP11-119B16.2,0.042747606
RP13-638C3.4,0.042745315
AC079630.4,0.04274131
LPP-AS2,0.042728353
AC145124.2,0.04271581
RP11-1114A5.4,0.042699657
CPNE7,0.04269509
SEC14L2,0.04268593
RP11-817O13.8,0.042663187
CKMT2-AS1,0.042657916
ZNF627,0.042643618
TYW1B,0.04262772
PSMD6-AS2,0.042625546
LMO7-AS1,0.042610563
SYCP2L,0.04258605
PKHD1L1,0.042582527
CAHM,0.042580117
RP11-196G11.6,0.042532466
C22ORF34,0.042529713
ZNF283,0.04252288
LINC01615,0.042502835
PCDHGA6,0.042501483
ZNF775,0.04249713
ZNF682,0.04249038
RIPPLY3,0.04248256
CPXCR1,0.04247539
ZNF175,0.042439394
SLITRK6,0.042419888
AC007405.6,0.0423814
RP11-89C3.4,0.042348806
PCP4L1,0.042283732
FGFBP3,0.0422768
RP3-508I15.14,0.04227038
NDUFV2-AS1,0.042238824
RP11-156E8.1,0.042222746
AC062029.1,0.042222492
GPR27,0.042212974
HIST1H1D,0.04221141
RP4-568C11.4,0.04220904
HIST2H2BF,0.042178147
CHKB-AS1,0.042173035
RP11-486I11.2,0.04208936
TMEM255A,0.04207716
TMEM117,0.042075887
RP3-508I15.21,0.04203399
SPESP1,0.042029645
RP11-680F20.6,0.042015158
RP11-733O18.1,0.042001776
RP11-783K16.5,0.041987397
ZNF665,0.041986477
ZXDB,0.041982472
FAM134B,0.04195383
FAM101A,0.041947193
BZRAP1,0.04194481
SERHL2,0.041911274
RP1-302G2.5,0.041898888
LGALS12,0.041887153
FAM95B1,0.041869547
RP11-206L10.9,0.041849773
PROSER3,0.041810192
RP11-345J4.5,0.041802812
RP11-379F4.7,0.041767888
RP11-425D10.10,0.04175031
MICALCL,0.04170871
LRRC20,0.041697495
TEX41,0.041655023
RP11-386G11.5,0.041650105
GATA6-AS1,0.041630134
LCN10,0.041615553
CTC-459F4.3,0.041603155
BRICD5,0.041582167
ZFP28,0.04156971
AC144652.1,0.04155795
SIDT1-AS1,0.041557193
AC013264.2,0.0415302
RP5-1042K10.10,0.041527443
ZNF799,0.041469015
FAM149A,0.04146245
CTC-499B15.5,0.041443937
ZNF784,0.041407686
SLC16A12,0.041367702
RP11-334C17.6,0.041348137
CTD-2538C1.2,0.041325152
BOLA3-AS1,0.041317444
RP11-517P14.2,0.04127548
RP11-476B1.1,0.04126969
ZNF442,0.041261554
CCDC144A,0.04125547
LINC00908,0.04123914
RP11-369K17.1,0.041188087
LOH12CR2,0.04115263
TRAF3IP2-AS1,0.041135944
ZNF883,0.041129604
LINC00924,0.041127063
ZNF234,0.04110563
TPRG1-AS1,0.04108892
RP11-296O14.3,0.041040473
RP11-658F2.8,0.041033886
RP11-545I5.3,0.041033182
EPYC,0.04102406
MEG8,0.04100361
RP11-568N6.1,0.04098727
RP11-446N19.1,0.040986847
CTD-2553L13.10,0.04095272
LINC01290,0.040931366
ERICH2,0.040915005
FAM43B,0.040905852
CTD-3035K23.7,0.040902212
SYT8,0.040898938
CTD-3113P16.11,0.04089532
ZNF213-AS1,0.040871195
DBNDD1,0.04085373
TIGD2,0.04084548
CEBPB-AS1,0.04082976
CFLAR-AS1,0.04082188
RP11-1008C21.2,0.040805563
RP4-593H12.1,0.040778242
LINC00920,0.040745594
RP11-413H22.2,0.0407316
CTD-3074O7.5,0.040728144
TARID,0.0407124
AC005076.5,0.04069373
LINC00884,0.04068606
RP11-455F5.5,0.040611364
PCDH9,0.040592134
RP11-540A21.2,0.040571615
AC140912.1,0.04056566
ADORA2A-AS1,0.040558495
ZNF502,0.040547244
PRDM11,0.040537607
GATS,0.040536642
C10ORF12,0.040530212
PCDHB10,0.040476255
CTB-25B13.12,0.040453337
RP11-727F15.12,0.04043457
RP11-166P13.4,0.040374957
AXDND1,0.040353436
NBPF20,0.04034092
MPRIP-AS1,0.040330023
PCDHB15,0.040327996
ALG1L,0.040315203
KRT81,0.040293045
RP11-27M24.1,0.040291037
RP11-126K1.2,0.040280648
CCDC157,0.04027689
RNU11,0.04024836
SPATA25,0.0402335
AC137932.4,0.04020556
STK32A,0.040186223
FAM69A,0.04017327
ACRC,0.040167887
RP11-473I1.5,0.040166132
RP11-830F9.6,0.040164486
LRRC36,0.04014947
RP11-734K2.4,0.040133297
RP1-34B20.21,0.04012151
ZNF415,0.04011544
TSGA10,0.040097784
CAPN10-AS1,0.040085036
DICER1-AS1,0.040083934
RAP2C-AS1,0.04008057
AC007228.9,0.040075425
RP11-222K16.2,0.040067047
ZNF345,0.040051702
IQCD,0.040048342
GRTP1,0.04002141
RP11-159D12.2,0.04001753
LINC00891,0.040011317
RP11-452H21.4,0.039991774
ZSCAN2,0.03998535
RP5-864K19.4,0.039973773
TRABD2B,0.039968368
LETM2,0.03996825
RP11-793H13.11,0.039965574
HMGN3-AS1,0.039963316
KRBA1,0.039955594
RALY-AS1,0.03994032
CDR1-AS,0.039901767
LINC00881,0.039886735
RP11-297D21.4,0.039875638
CYB561D1,0.039874114
RP11-5C23.1,0.039872847
TMEM143,0.03982634
ZNF142,0.039811157
RP11-373D23.3,0.03980562
BCYRN1,0.039777596
RP11-195F19.9,0.03975401
TMPRSS13,0.03975273
SLC4A3,0.039750718
RP11-963H4.3,0.0397496
LINC00310,0.03974239
FLJ37035,0.039706856
ZNF256,0.03969494
PCDHGA3,0.039681286
AC104654.2,0.039678685
DMRTA1,0.039676674
RP5-1091N2.9,0.03967638
SLC46A2,0.0396756
AP001347.6,0.03962476
SAMD13,0.039612792
RP11-44N12.2,0.039588653
LINC01374,0.039523557
ZNF670,0.03951599
PDZRN4,0.039509468
EPB41L4A-AS2,0.039491266
RP3-510D11.2,0.039485015
RP11-8L8.2,0.039463826
RP11-213H15.4,0.039458573
FAM150A,0.039450634
RP11-192H23.4,0.03944584
RP11-147L13.15,0.039444003
RP11-367G6.3,0.03944384
SPATA24,0.039427523
LINC00402,0.039414354
FAM86C1,0.039413456
KIAA0825,0.03941008
IQCH-AS1,0.039402235
RP11-467D6.1,0.039396197
RP11-731C17.2,0.03937694
AC025335.1,0.039364137
IQCA1,0.039322525
C10ORF95,0.039306402
RP11-514O12.4,0.039297115
PCDHGB1,0.03929489
BZRAP1-AS1,0.039293963
GCSAM,0.039285228
RIMS4,0.0392713
SLC1A7,0.039262585
MEIKIN,0.03925769
LINC01091,0.039230123
CTC-493L21.1,0.0392301
RP11-505K9.1,0.03922753
KRT34,0.039211612
RP11-422P24.12,0.039207973
RP11-350N15.5,0.03920573
CCND2-AS1,0.039202593
LMNTD2,0.0391931
RP11-190C22.9,0.039192982
HMP19,0.03918868
CTA-384D8.35,0.03918185
POU5F2,0.039162148
ANO9,0.039150868
LINC00473,0.039150216
LINC01456,0.039145336
SLC15A2,0.039140504
C9ORF139,0.039134048
RP11-498C9.15,0.039092187
ZNF135,0.0390851
KRTAP4-1,0.03908188
AC025171.1,0.039027445
CTC-241N9.1,0.039023697
RNF208,0.039018486
AC142472.6,0.03901657
ZNF565,0.03901592
RP11-775C24.5,0.039011113
FAXC,0.039006718
CTB-138E5.1,0.038994443
RP5-882C2.2,0.038982492
ZNF319,0.038979217
RP11-273G15.2,0.038965307
ENPP5,0.038951017
SH3BP5-AS1,0.038947206
RP11-820I16.4,0.038926817
RP11-666O2.2,0.038915288
PCDHGA9,0.03890852
RP11-244H3.4,0.038898695
LINC01139,0.038886465
CCDC134,0.03886767
CTD-2547G23.4,0.038850345
DNAJC22,0.038849957
FAM231D,0.0388331
CH507-154B10.1,0.03881722
RP11-337C18.8,0.038812663
OVCH1,0.038809266
AC004947.2,0.03880069
RP11-567N4.3,0.038798984
RP11-245G13.2,0.038784143
CTD-2357A8.3,0.038781594
RP11-44F21.5,0.03875933
EPHX3,0.03875732
NBPF26,0.03875643
MAMDC4,0.03874908
RP11-597D13.8,0.03874397
FAM234B,0.03874052
RP11-166P13.3,0.038737185
C6ORF223,0.038733847
RP5-1103B4.3,0.038702883
RP5-1180E21.5,0.038652036
TMEM133,0.0386426
CH507-9B2.9,0.038624857
PCDHB4,0.038605697
TMEM56,0.038600393
ANKRD61,0.038596813
AC104655.3,0.038589858
STOX1,0.038580026
RP11-686D22.4,0.038574666
C9ORF152,0.038573332
UNC5B-AS1,0.038561232
RP13-516M14.4,0.038545072
RP11-33B1.4,0.038542133
TUB,0.03853927
MDC1-AS1,0.038528606
RP11-351D16.3,0.038473807
RP11-819C21.1,0.038449936
AC078883.3,0.038430303
ASH1L-AS1,0.038422752
TMEM155,0.0383553
PCDHGA1,0.038336527
TMEM190,0.03832988
HMSD,0.038307585
AC104820.2,0.038302988
KRBOX1,0.038296305
ISPD,0.038286157
RP11-176H8.1,0.038279127
AC137934.1,0.03826356
TMEM59L,0.038262017
AC002117.1,0.038260154
RP5-1028K7.2,0.038258497
TCFL5,0.038257632
LINC00578,0.03824583
RP11-7F17.8,0.038238436
RP11-61J19.3,0.03822118
IGHV3-49,0.038203366
ZNF699,0.03819086
XXYAC-YM21GA2.3,0.038187403
RP11-923I11.8,0.038181342
RP11-403P17.3,0.038178395
RP11-254I22.3,0.03817334
SHISA2,0.0381638
MEF2C-AS1,0.038122684
TMPO-AS1,0.038121052
RP11-215P8.3,0.038115747
ZNF470,0.038115207
RP11-378E13.4,0.038096737
ABTB2,0.03808916
RP11-392P7.6,0.038022704
UBR5-AS1,0.037998
AL133245.2,0.037994355
INTS6-AS1,0.03798852
ZNF823,0.03798713
ZNRD1-AS1,0.037981592
PCDHGA2,0.03797709
ZFAND4,0.037950166
AC006942.4,0.03793968
GOLGA8Q,0.037934545
LINC00882,0.03792745
LINC00205,0.03790667
TM4SF1-AS1,0.037890125
LINC01028,0.03787252
EFHD1,0.03787213
RP11-400N13.3,0.03786853
AFAP1-AS1,0.037859835
PPP1R3G,0.037853755
RP11-15E1.5,0.037853386
AARD,0.037823744
RP11-254F7.3,0.03781944
ASPHD2,0.03781371
RP11-797H7.5,0.03779873
AC144831.1,0.03778997
RP1-273N12.4,0.03777454
ZNF660,0.03777184
LINC01106,0.037767064
RP11-147L13.13,0.037753552
FAM92B,0.037746772
MIR4432HG,0.03771645
CECR6,0.037709624
RP13-16H11.5,0.037704952
ZNF764,0.037683446
RP11-385D13.3,0.03767755
CTB-119C2.1,0.037674423
LA16C-444G7.2,0.037646234
RP11-1149M10.2,0.037636396
RP11-295M3.4,0.037632883
AC093818.1,0.037626423
CTD-3185P2.1,0.037612155
CCDC78,0.03759456
SBK1,0.037593752
RP11-283G6.6,0.0375837
IGSF9,0.037579276
FAM86B1,0.03757785
FAM66C,0.0375737
RP11-456K23.1,0.037562806
POU6F1,0.03756178
PCNXL3,0.03755772
RP11-38C17.1,0.037557136
ZBTB5,0.03755229
CCDC152,0.0375411
ZFP41,0.03753658
PLPPR5,0.037533667
RP6-65G23.3,0.037527345
KCNT2,0.03751006
RP11-96O20.5,0.03750036
KCTD21,0.037474595
FLJ22447,0.03746426
CTC-503J8.4,0.037454087
GYLTL1B,0.03744839
RP11-528G1.2,0.0374165
CTD-2036P10.5,0.03741566
AC068831.6,0.03741319
BNC1,0.037402097
TTYH2,0.037373267
GOLGA8R,0.03736163
RP11-996F15.2,0.037346818
AC015969.3,0.03734564
EAF1-AS1,0.03733662
RP11-410L14.2,0.037336566
ZNF667,0.03733214
RP11-260M2.1,0.03731911
RP11-680F8.1,0.037317462
CDC37L1-AS1,0.03731645
CCDC184,0.037303466
RP11-354P11.3,0.0372998
XAGE3,0.03729077
FAM19A5,0.037287522
RP11-131L23.1,0.037277706
RP11-13P5.2,0.03726097
RP11-113K21.4,0.03725896
AIF1L,0.03724973
ZNF527,0.037235267
RP11-464F9.20,0.037234254
MTL5,0.0372332
RP11-88I18.2,0.037229154
PCDHB11,0.03722832
ZNF662,0.037221372
ZNF773,0.037219174
RP11-296A18.6,0.037215985
ZNF529-AS1,0.03721273
RP11-85G18.6,0.037205458
RP11-30L15.6,0.037203804
RP11-894P9.1,0.037202578
RP1-232P20.1,0.037186686
RP11-517I3.1,0.037181772
LONRF2,0.03718135
ZNF879,0.037177105
PART1,0.03716924
STXBP5-AS1,0.037151556
RP4-548D19.3,0.037136223
RP11-553L6.2,0.037123524
SVOP,0.037109323
CTC-506B8.1,0.03708763
MS4A15,0.03707266
AC008268.1,0.03707244
ZNF525,0.03706192
PCDHB5,0.03706031
LINC01215,0.037059724
FLJ12825,0.03705334
RP11-20J15.3,0.03705277
IGFN1,0.037052233
LARGE,0.037045762
RP11-295M18.6,0.03703863
AC087491.2,0.03703317
DUSP26,0.037029605
SUCLG2-AS1,0.037020564
RP11-287F9.2,0.03701765
BACE1-AS,0.037017193
TRAV30,0.03701709
RP11-151A6.6,0.037001118
XAGE1B,0.036992185
ZNF257,0.036984228
RP11-760H22.2,0.03698364
RP11-736N17.10,0.036982585
WT1-AS,0.036961608
ZNF8,0.036956266
KRT86,0.036951534
RP11-163F15.1,0.03694751
RP11-303E16.6,0.036933713
ZNF550,0.03691997
C20ORF166-AS1,0.03691478
KRT79,0.036901165
TSIX,0.036881883
RP11-756P10.2,0.036881097
AJ011932.1,0.03688013
RP11-960L18.1,0.03683785
LL21NC02-21A1.1,0.036819346
LINC00632,0.03680978
RP11-804H8.6,0.03680768
C2-AS1,0.036801226
CCDC15,0.036800016
FAM159B,0.036797326
RP11-876N24.4,0.036797147
RP11-65L3.4,0.03678924
RP11-71G12.1,0.036782656
AP003774.1,0.03678162
RMRP,0.036773365
ZNF441,0.03675996
RP11-638I2.6,0.036758844
AP000487.5,0.03675636
RP11-196G11.2,0.036748223
RP11-20I23.13,0.036744427
RP11-344B5.2,0.036736943
RP11-434H6.7,0.036735564
RP11-665C16.5,0.036731325
RP11-491H19.1,0.03672254
ZNF530,0.036722463
TCAF2,0.03671678
ZNF449,0.036696628
RP11-54O7.17,0.03668563
CTC-308K20.1,0.036681004
TRAV2,0.036679994
CCDC171,0.03667015
CTB-58E17.9,0.03666534
RP5-858B6.3,0.03664143
RP11-428J1.4,0.03663585
NRSN2-AS1,0.03663545
RP4-745K6.1,0.036631025
ANKRD20A3,0.036627643
ERICH1-AS1,0.036621016
SLC35F4,0.03661004
RP11-353N14.2,0.036604635
FAM19A2,0.036593094
ARSE,0.03658759
KRTAP16-1,0.036585808
RP11-350J20.12,0.03655588
RP11-722G7.1,0.036552135
C2ORF54,0.036544368
ZDHHC15,0.036544148
LINC01239,0.0365345
RP11-128M1.1,0.036523357
CACNA1C-AS1,0.036522273
UCKL1-AS1,0.03651018
RFX8,0.036508072
RP3-483K16.4,0.03650523
RP11-513M16.8,0.036496535
RP11-66B24.4,0.036488663
LA16C-380H5.3,0.036488064
DGUOK-AS1,0.036476642
CSRNP3,0.036469094
PLEKHN1,0.03646525
RP11-76P2.4,0.036460154
RP11-408A13.4,0.03646014
RP11-474O21.5,0.036459308
CTD-2020K17.4,0.036457222
AC012360.6,0.036455933
RP11-462P6.1,0.036452256
RP11-85A1.3,0.036442343
LRRC75B,0.036441207
RP11-849H4.2,0.03643141
CTB-55O6.8,0.036430083
RP11-398E10.1,0.036422424
HIGD2B,0.03641723
IRG1,0.036414336
RP1-187B23.1,0.03641426
RP11-724N1.1,0.03641344
TREX2,0.036406543
ZNF737,0.036405943
RP5-1112D6.4,0.03640445
EPPK1,0.036396973
ZNF540,0.036393218
RP3-399L15.3,0.036390662
LACTB2-AS1,0.03638325
RP11-774O3.3,0.036382068
RP13-942N8.1,0.0363793
ASB15,0.0363773
HIST1H2BJ,0.036376543
RP11-531A24.3,0.03637109
KB-1507C5.3,0.03636716
CH507-9B2.5,0.036332823
GPR150,0.036325015
CCBL1,0.03632188
AC011043.1,0.036320575
RP11-380B4.3,0.036316894
LINC01354,0.036305748
RP11-95H3.1,0.036299083
NALCN-AS1,0.036292847
FAM161B,0.036283
FAM78B,0.036280908
AC116366.5,0.036275737
RP11-872J21.3,0.036273144
CFAP73,0.03626837
VNN3,0.036251657
LINC01395,0.03624984
LINC00636,0.0362454
RP3-402G11.26,0.036236864
AC069513.4,0.03623129
SERPINB9P1,0.036229335
TRAV27,0.03621884
C6ORF118,0.036216088
LINC00115,0.03619759
HRASLS,0.036196485
LINC01249,0.03618492
LINC01589,0.036181282
SPIN2A,0.03617376
ZNF551,0.036157586
RP11-346L1.2,0.03615105
RP4-535B20.1,0.036148082
ZNF749,0.036141805
RP11-40E6.2,0.03614085
RP11-631N16.4,0.036137227
KIAA0895,0.03613504
PMFBP1,0.03613438
RP11-483L5.1,0.03612147
HHIPL1,0.036112197
CDKL4,0.036096312
GLB1L2,0.036087353
RP5-940J5.9,0.03607431
PRR34,0.036068667
XXBAC-BPG32J3.19,0.03606668
RP11-384J4.2,0.03606447
ZNF606,0.03605612
CTD-3220F14.3,0.03603648
RP1-244F24.1,0.036031745
AC097495.2,0.036024585
RP11-506M12.1,0.036012813
IGLV1-40,0.036012538
RP11-1260E13.1,0.03601082
CTD-2256P15.2,0.035998803
AC008271.1,0.035995554
GS1-204I12.4,0.035992138
RP11-539L10.2,0.03599038
FAM216B,0.035971913
SH3RF3-AS1,0.035969805
CTC-431G16.2,0.035969436
RP3-382I10.7,0.035964757
OSBPL10-AS1,0.035958372
CTD-2267D19.3,0.035955884
FAM221B,0.035954557
ZNF850,0.03595399
ZNF793-AS1,0.03595234
RP11-434B12.1,0.03594618
RP1-269M15.3,0.035936225
RP11-109E24.1,0.035931777
RP4-613A2.1,0.035929345
RP11-278H7.4,0.03592204
GRM5-AS1,0.03591221
HOXD-AS2,0.03591166
C4ORF47,0.035911594
RP11-16E12.1,0.035910808
KLRC4-KLRK1,0.035901632
FAM227A,0.035869926
RP11-60L3.1,0.03586206
RP11-388P9.2,0.03582483
PRR29,0.03579833
RP11-706O15.1,0.035789557
CASC10,0.03578607
RP11-110G21.1,0.03578105
RP11-588H23.3,0.03577959
TMEM132C,0.035773482
RP11-403B2.6,0.035771433
RP11-182J1.3,0.035759963
TBC1D26,0.035744637
SALRNA2,0.03574276
RP11-263K19.4,0.03573797
LINC01500,0.035737142
TCF24,0.035735603
RP11-462B18.2,0.035726268
CTC-338M12.5,0.035721555
RP11-354P11.4,0.035699528
LRRN2,0.035694722
RP11-60A8.1,0.0356751
LINC01166,0.035667446
FAM83E,0.035666622
FAM83F,0.03566504
RP11-334J6.6,0.035658807
RP11-4B16.3,0.035648976
RP3-438O4.4,0.035647206
RP11-81K13.1,0.035644658
TNK1,0.035635907
RP11-91J19.3,0.035634037
RP11-385F7.1,0.0356315
IGHV2-5,0.035628665
CASC5,0.03561611
FAM111B,0.035602707
ANKHD1-EIF4EBP3,0.035594363
RP11-23P13.6,0.03559006
CH507-9B2.1,0.035589136
MEG9,0.035588235
PCBP3,0.03556959
HAS2-AS1,0.035567928
ZNF404,0.03555519
RP11-609N14.1,0.03553886
RP11-143M1.3,0.035537906
RP11-306G20.1,0.03553683
RP1,0.03553218
RP11-154H23.3,0.0355312
CTB-113D17.1,0.035529964
RP3-428L16.2,0.035516478
RSPH10B2,0.035512574
DNAJC27-AS1,0.0355049
CTA-221G9.11,0.03550269
CTB-50L17.14,0.035500236
USP46-AS1,0.03548639
EIF2B5-AS1,0.035475492
FBXL19-AS1,0.035474233
STX17-AS1,0.03547088
CTD-3064H18.2,0.035461087
ZNF155,0.03545934
LCNL1,0.035458583
RP11-76E12.1,0.03544181
TMEM196,0.03542321
FAM171A2,0.03542031
ZNF596,0.03542023
C9ORF106,0.035412062
CTD-2194D22.3,0.03540621
ZNF341,0.03540034
RP11-179B2.2,0.03540022
AC002456.2,0.035399824
RP11-180C16.1,0.03539739
AF213884.2,0.035387576
RIMS3,0.03538453
PGLYRP2,0.035382997
RP11-103H7.3,0.035379242
RP5-862P8.2,0.035374835
HIST1H3A,0.035355847
C1ORF168,0.03535063
MPZ,0.035341807
CTD-2036P10.3,0.035337314
LINC00323,0.035326045
RP11-91J3.3,0.035323497
AADACL2,0.03532209
BCL2L15,0.035315428
FAM178B,0.035301495
RNF182,0.035298258
SLC35F3,0.035295483
RUFY4,0.03529511
SDK2,0.03528925
RP11-128A17.1,0.03527264
ADPRHL1,0.035272237
RP11-493L12.4,0.03525601
AP006621.8,0.03525559
RP5-881L22.5,0.035250075
ZFP69,0.035247445
TMPRSS12,0.035246518
ABCA13,0.03524599
IGKV1D-43,0.035240956
ABC12-49244600F4.4,0.03523844
RP11-265P11.1,0.03523197
LINC01526,0.03522286
PCOLCE-AS1,0.035220295
RP11-166O4.6,0.03520512
RP11-367J11.3,0.035204988
MAMSTR,0.035203747
RP13-616I3.1,0.035201028
RP11-96D1.11,0.035192247
LINC01501,0.03518904
RP11-6O2.2,0.035188954
RP11-311F12.1,0.03518179
C10ORF107,0.035176963
RP11-156K13.3,0.035153337
OSMR-AS1,0.035153273
CTB-12O2.1,0.035148334
RP5-1148A21.3,0.035141192
RP11-356K23.2,0.03514022
RP11-165A20.3,0.03513203
PCDHB2,0.0351317
CD164L2,0.035129625
RP11-417E7.2,0.03512934
RP11-305L7.3,0.03512709
ZNF251,0.03512667
RP11-676J12.4,0.035123833
AC005609.20,0.035115454
AC079145.4,0.035112776
RP11-7F17.3,0.03510803
CEP83-AS1,0.035107054
RP11-342M1.3,0.03510645
METTL24,0.03510558
RP11-459I19.1,0.03510022
PCDHGB2,0.035092875
AF131215.8,0.035092153
GLTPD2,0.035091024
LINC00243,0.03508994
DKFZP779M0652,0.035089362
KB-173C10.1,0.035086524
ALPK2,0.035082716
RP11-273B20.1,0.035081662
AC005262.2,0.03507871
RP11-624D11.2,0.035064645
KRT80,0.03506359
RP11-46H11.12,0.035062697
C3ORF49,0.0350573
TRAV8-3,0.035053574
SEPT14,0.03503326
RP11-402P6.11,0.03503287
GPR63,0.035031676
SPATA12,0.035010982
AC005330.2,0.035009127
CTD-2298J14.2,0.035003107
RP11-147L13.12,0.034996152
RP11-191N8.2,0.03499362
LRRN1,0.034993254
RP11-530C5.2,0.03498326
LOXL1-AS1,0.03497731
CHODL,0.034972217
SFXN2,0.034972023
ZNF841,0.034968883
RP11-1223D19.1,0.034967683
LINC00544,0.03496568
ZFY-AS1,0.034959413
LMTK3,0.034953512
RP11-655C2.3,0.03494732
CH507-9B2.3,0.034946203
MANEA-AS1,0.03493915
MAFTRR,0.034927953
RP11-159F24.5,0.03492446
RP11-167B3.2,0.034919873
RP11-866E20.3,0.034918036
CBWD7,0.034916107
BRWD1-AS2,0.034915294
RP11-693J15.6,0.034913577
ZKSCAN2,0.034912303
RP11-100L22.1,0.034911387
RP11-43F13.3,0.034887042
RP11-677M14.7,0.034884218
RNF215,0.034879647
RP11-513G11.4,0.034874056
RP11-768B22.2,0.034864902
AC114730.7,0.03486017
LINC01136,0.034849524
MBLAC1,0.03484536
CUX2,0.03483966
CTA-276F8.1,0.034836523
DZANK1,0.034833807
DNAH1,0.03483336
LINC00304,0.034826454
C18ORF54,0.034825798
CTD-2246P4.1,0.034825567
AC011288.2,0.03482052
RP11-336K24.12,0.03481699
LINC00922,0.034815084
TMEM178A,0.03481383
RP11-214N9.1,0.0348078
IGLV2-14,0.034804404
ZNF862,0.034803778
RP11-639B1.1,0.03480042
TOLLIP-AS1,0.03479565
RP11-552D4.1,0.0347924
C16ORF59,0.034789443
AP000432.2,0.03478744
SPANXB1,0.034786616
DLEU7-AS1,0.034775484
THRIL,0.0347753
TRIM61,0.03477292
XX-C2158C12.2,0.03477277
RP11-153K16.1,0.03477017
RP11-73M14.1,0.034767877
FAM64A,0.034760408
RP11-626H12.2,0.034754828
TRAV4,0.034745403
CPNE9,0.034744952
AC009404.2,0.034740247
ZBTB39,0.034736104
RP11-264B14.1,0.034733947
RP11-804A23.4,0.034731768
AC007950.2,0.034719236
RP3-486I3.7,0.034711428
BRINP3,0.034709655
AC009005.2,0.03470422
FAM71E1,0.034701575
RP11-75L1.1,0.034697715
ZNF329,0.034691427
HIST1H2BH,0.03468939
RP11-770J1.5,0.0346891
RP11-342K6.1,0.034676157
OXER1,0.034675866
EFCAB8,0.034674674
RP11-489O18.1,0.034668557
LINC01252,0.034660883
IPO9-AS1,0.0346605
RP11-315I20.1,0.034651887
RP11-452L6.5,0.034651004
ZBTB49,0.034639645
RP11-326C3.11,0.03463598
LA16C-390H2.4,0.03463461
CTD-2232E5.2,0.034633085
RP11-471B22.3,0.034631923
SERPINB7,0.03462998
RP3-393E18.2,0.034626253
HIST1H2AG,0.034615017
RP11-63L7.5,0.034611
AC090617.1,0.034605987
CTD-2540B15.11,0.03460567
CTC-1337H24.3,0.03459831
RP11-243M5.1,0.034596343
CTD-3088G3.8,0.034594543
RP11-135A1.3,0.034590364
AKAP2,0.0345903
AP000696.2,0.03458999
CTB-133G6.1,0.03458522
RP11-368I23.2,0.034565315
RP11-253E3.3,0.034562863
RP4-594I10.3,0.034557365
ZNF503-AS1,0.034552447
PRDM10,0.03455212
AC011893.3,0.034543492
OVOS2,0.034542087
RIIAD1,0.034541238
ZNF831,0.034536444
ZNF222,0.034534756
PLEKHM3,0.03453382
SERTM1,0.034528986
RP11-337L12.1,0.034528013
LINC01063,0.034523495
CTA-342B11.1,0.03452267
RP11-160E2.19,0.034519836
FAM132A,0.034518424
AC005808.3,0.03451513
RP11-513M16.7,0.03450393
AC093495.4,0.034501053
GML,0.034500644
C6ORF163,0.034499664
PLEKHG4B,0.03449888
AC010761.13,0.034497704
AC002310.12,0.03449634
CTD-2540F13.2,0.034490205
RP3-431P23.5,0.034485184
ZNF625,0.03448433
AC005013.5,0.034483414
C3ORF52,0.034482338
AC005540.3,0.034478806
RP11-32B5.7,0.03447405
RP11-219A15.1,0.034470905
CTD-2194A8.2,0.034469686
RP11-3B7.1,0.034469485
RP11-567M16.6,0.034468163
RP11-250B2.5,0.034465924
CTC-537E7.3,0.034463104
PLCG1-AS1,0.03445765
NAP1L3,0.03445379
AC015933.2,0.034441907
RP11-768G7.3,0.03443691
HIPK1-AS1,0.03443686
AC159540.2,0.03443165
CTC-444N24.6,0.034430623
RP11-6J21.2,0.03442829
LINC00160,0.034427226
RP11-433J8.2,0.034421407
THSD7B,0.034420475
RP11-410N8.3,0.03441709
RP11-416I2.1,0.034408595
RP11-89M22.3,0.034408532
TMEM130,0.03440755
RP11-50I19.2,0.034406118
RP4-765H13.1,0.034396466
NXPE4,0.034392253
PHKA1-AS1,0.03438961
C16ORF46,0.034386806
AC005082.12,0.034386765
CTC-523E23.1,0.03438572
RP5-968D22.1,0.034384463
ZNF845,0.03438262
AC138969.4,0.034375645
CEACAM19,0.034369133
ZNF724P,0.034361355
FRGCA,0.034355573
STEAP1B,0.034350693
RP11-1042B17.3,0.03434912
SATB2-AS1,0.034348898
MANEAL,0.03433468
FOXD3-AS1,0.034334026
RP3-467K16.4,0.034332883
AC073283.4,0.03432753
TMEM132E,0.034317963
RP11-114G22.1,0.034311153
PPP1R26-AS1,0.03430513
IGHV3-23,0.034305096
RP11-553A10.1,0.034303933
KIAA1958,0.03430109
CH17-360D5.2,0.034300603
RP4-563E14.1,0.034298766
RP11-218M22.2,0.03429132
CTB-55O6.13,0.03428615
LATS2-AS1,0.03428243
RP11-111K18.1,0.03427679
BX255923.3,0.03427612
RP11-473M20.16,0.03427203
CCDC138,0.03425889
ARHGAP33,0.034258023
C22ORF31,0.034257907
LHX5-AS1,0.03425723
CTB-25B13.5,0.034253027
RP11-115D19.3,0.03424778
BACH1-IT2,0.03424453
RP3-448I9.2,0.03424289
CDC42BPG,0.03424079
FOXD4,0.034234565
RP11-473M20.5,0.03422865
RP11-29B2.6,0.034225527
IGFBP7-AS1,0.03422232
RP11-78C3.1,0.034221947
RP11-849H4.4,0.03422126
RP11-840I19.3,0.03421903
RP11-806H10.4,0.034218825
ZNF549,0.034216158
KRT36,0.034214925
RP11-1102P16.1,0.034211386
RP11-46C24.3,0.034206323
AC079466.1,0.034201868
CFAP157,0.034191124
RP11-62F24.2,0.0341857
RP1-27K12.2,0.034177456
AC005358.3,0.034176294
IGKV4-1,0.03417229
AC005487.2,0.03417129
ELFN1,0.034163747
RP11-132N15.3,0.034160204
U47924.31,0.034158207
CTA-286B10.7,0.034158103
KRT73,0.034155942
AC145212.2,0.034152426
AC005197.2,0.034144502
RP11-521B24.5,0.034127727
CCDC37-AS1,0.03412216
C2ORF82,0.03411938
LINC00332,0.034118704
LINC00482,0.03411184
RP11-632L2.2,0.034107096
TMEM52,0.03410521
CTD-2007H13.3,0.034101937
C8ORF34,0.03410183
RP11-440I14.2,0.034099154
UNC93A,0.034097202
RP11-479O16.1,0.034092017
TCHHL1,0.034084387
RP11-482E14.1,0.034083314
RP11-342D14.1,0.034082096
RP11-346D19.1,0.034079276
SLC45A1,0.034079112
AC012445.1,0.034077577
RP11-370I10.12,0.034071244
RP11-85B7.4,0.03406465
PCDHGB6,0.034062114
RP11-789C1.2,0.034058057
LINC00910,0.03405738
RP11-317G6.1,0.034056827
AC002064.5,0.034039807
CIB4,0.034039784
LINC00857,0.03403402
CTD-2144E22.5,0.03403193
RP11-94A24.1,0.034020185
CACNA1G-AS1,0.034015905
WDR38,0.03401569
RP11-885N19.6,0.034013826
RP3-324O17.8,0.03401273
RP3-475N16.1,0.03401139
POU6F2-AS2,0.03400856
TRAV13-2,0.03400819
RP11-302L19.3,0.034004603
RP11-674P19.2,0.033999395
RP1-286D6.5,0.033995055
TRIML2,0.033994745
RP11-348F1.3,0.03399382
RP11-977G19.14,0.033989303
PRRT3-AS1,0.033985656
RP11-69I8.3,0.033985212
C3ORF80,0.0339816
SAMD10,0.033978783
CTA-390C10.9,0.033978112
AC005339.2,0.033976536
SPTY2D1-AS1,0.033971217
WASIR2,0.03396538
RP11-723O4.6,0.033963785
CAPN13,0.033962917
RP11-187O7.3,0.03396001
BARX2,0.033959053
CTC-523E23.11,0.033957664
CTB-152G17.6,0.033954084
JMJD1C-AS1,0.033953693
RP11-505E24.2,0.033951275
RP11-309N24.1,0.033946615
RP11-325F22.2,0.033941597
RP1-32I10.10,0.033939295
RP11-173C1.1,0.0339334
CCDC81,0.033932213
CTD-3037G24.5,0.03392958
LINC01219,0.033929437
TRBV18,0.03392397
LINC00890,0.03392246
RP5-1052I5.2,0.033919767
RP11-440L14.1,0.033918474
TUSC5,0.03391841
C8ORF87,0.033915654
RP3-471C18.2,0.033909515
RP11-428G2.1,0.033908036
AC016910.1,0.033906903
RP11-314M24.1,0.03390507
LINC01010,0.033900224
CTD-2503O16.4,0.033895306
RP11-61G19.1,0.033891987
GS1-259H13.2,0.033890925
RP13-714J12.1,0.03388989
RP11-589P10.5,0.03388899
TMEM238,0.033884414
RP11-580I16.2,0.033872552
C2ORF44,0.03386861
C3ORF70,0.033867493
RP11-1105G2.4,0.03386483
CTD-3222D19.8,0.03386078
AC012358.7,0.03385875
RP11-469H8.6,0.033854686
RP11-402D21.2,0.03384807
AC015849.16,0.033846624
CTD-2371O3.2,0.03384566
USP3-AS1,0.03384297
LINC00427,0.033841975
RP11-152N13.5,0.033841956
CTD-2659N19.10,0.03384184
SH2D4B,0.033841826
TMCC1-AS1,0.03383843
AC009501.4,0.033831798
RP11-572O6.1,0.033831067
ZDHHC11B,0.033826783
SLC26A1,0.033825476
FAM72D,0.03381913
IGLV2-8,0.03381715
CTA-398F10.1,0.03381427
HIST1H4J,0.033814188
RP11-216B9.6,0.033806726
RP11-1C8.7,0.0337942
MIR3142HG,0.03379068
LMO7DN,0.033787936
DRAIC,0.03378763
RP3-439F8.1,0.033785317
PHEX-AS1,0.033784717
RP11-380J14.1,0.033777826
RP11-181C3.1,0.033777513
CTD-2350C19.2,0.03377601
RP6-109B7.2,0.033773713
AC008079.9,0.03377108
RP4-604K5.3,0.033749145
RP4-794H19.1,0.0337491
PTENP1-AS,0.033745557
RP11-43F13.4,0.033742033
RP11-390D11.1,0.033740368
RP11-152N13.16,0.033740006
FAM72C,0.03373792
MIR34AHG,0.033736683
RP11-278A23.4,0.033735473
SP5,0.033733048
RP11-265N6.1,0.03372249
LL22NC03-N95F10.1,0.033719704
GJB5,0.033718415
TRAV11,0.03371673
CTD-2583P5.3,0.033715338
RP11-463J7.2,0.033714604
RP11-318G21.4,0.033714104
MARCH11,0.033709172
TM4SF4,0.033707056
LINC01117,0.033707
RP11-540O11.4,0.033704557
CTD-2528L19.6,0.03370065
RP11-91K8.5,0.033697348
AP000695.4,0.033693083
RP11-465N4.4,0.033690438
AC092171.4,0.033689447
AC005592.1,0.033685513
AP003068.23,0.03368488
RP11-134N1.2,0.033678666
CTB-129P6.4,0.033677228
PCDHA13,0.033676833
AC010761.6,0.033674255
RP11-626G11.6,0.033666126
LRRC10B,0.033664104
RP11-565A3.2,0.033663705
AC067959.1,0.03366275
RP11-251G23.5,0.033662617
AL773572.7,0.033661537
CTD-2199O4.1,0.033659223
MAP7D2,0.033658896
FAM218A,0.03365879
CCDC144NL,0.033658676
AC016582.2,0.033657413
RP3-395M20.9,0.033656534
C12ORF77,0.033653
LRTM1,0.03365098
NAV2-AS3,0.033645842
ZNF14,0.033645652
RP4-769N13.7,0.033634722
ZNF433,0.03363149
ZNF285,0.033629287
RP11-802O23.3,0.03362917
RP11-221J22.2,0.033627987
ZNF554,0.033627085
TMEM215,0.033626463
RP1-78O14.1,0.033626407
RP11-422P24.11,0.033624776
RP11-412P11.1,0.033621587
RP11-697E2.6,0.033619627
RP6-99M1.3,0.03361537
NAALADL2-AS2,0.033614334
PAPPA-AS1,0.033612553
OSGEPL1-AS1,0.03361105
C9ORF66,0.033610575
RP11-542M13.3,0.033608235
LINC00898,0.03360768
AC013463.2,0.033606358
RP11-169D4.2,0.03360294
LINC01444,0.033600397
RP11-209K10.2,0.033600137
ZNF853,0.033597853
RP11-70D24.4,0.03359096
AC002451.3,0.033589967
BDNF-AS,0.03358909
LINC01138,0.03358713
TRGV7,0.03358126
IGHV1-58,0.03358067
AC116609.1,0.033579674
CST5,0.033576023
RP11-46C24.7,0.03357551
KLHL4,0.033570267
SLC6A18,0.03356662
DMRT3,0.033566006
AC009410.1,0.03356502
CTD-2270F17.1,0.033563223
RP11-156K13.1,0.03356194
LINC01523,0.03355785
RP4-625H18.2,0.03355567
RP11-1000B6.8,0.033552118
GS1-166A23.1,0.033551425
CBARP,0.033548765
STAM-AS1,0.033546112
RP11-412H8.2,0.033545226
LIPK,0.0335379
RP11-495K9.3,0.033532076
RP11-343L5.2,0.0335308
RP11-547D24.1,0.033530656
STMND1,0.03352946
ZNF343,0.03352546
CTD-2078B5.2,0.03352475
RANBP3L,0.03352323
RP11-297P16.4,0.03351795
HOXC-AS1,0.033514
RP11-355F16.1,0.03350502
CTD-2117L12.1,0.033504426
RP11-110I1.13,0.03350141
RP11-643C9.2,0.03350083
LIMD1-AS1,0.033500135
AC005253.4,0.03349925
AC092192.1,0.033498794
RP4-809F18.2,0.033497136
RP11-350N15.6,0.033496246
AC025811.3,0.03349145
RP11-89F3.2,0.033490475
DANT1,0.03348762
XXBAC-BPG157A10.21,0.033487096
RP11-426L16.9,0.033486478
RP11-65M17.3,0.033484824
RP11-563J2.2,0.033483543
TRAV10,0.03348235
CRYM-AS1,0.033479474
AC019181.2,0.033478
RP11-617F23.1,0.033477698
AC010974.3,0.033477515
RP11-849F2.9,0.033475317
RP4-614O4.11,0.033464134
NEK5,0.033463884
HOTAIR,0.033463497
RP11-729L2.2,0.033462662
CTC-548K16.5,0.033455037
RP11-661A12.5,0.03345366
CTD-2337I7.1,0.03345244
CTD-2521M24.5,0.03345241
RP11-15F12.3,0.033451334
LINC00939,0.03345017
FOXI2,0.03344475
ZSCAN12,0.033441372
AC007182.6,0.033440344
ZNF235,0.03344006
CECR3,0.033424553
RP11-513N24.1,0.03342317
FAM72B,0.033422615
KRT28,0.03342207
AC079807.2,0.03341788
RP11-283G6.3,0.03341786
RP11-397A16.1,0.03341406
CGB,0.033413325
CTC-518P12.6,0.033407472
RP11-96L14.8,0.0334017
CTD-2396E7.11,0.03339926
RP11-930P14.2,0.03339855
CAPS2,0.033388786
RP11-611O2.1,0.03338825
RP4-545C24.1,0.033386722
RP11-356O9.2,0.033383716
PCDHGA10,0.033382863
RP11-164P12.4,0.033382773
TRAV36DV7,0.033378415
RP11-2C24.9,0.03337262
LINC00593,0.03337081
AC003090.1,0.033367574
DUBR,0.03336624
RP1-18D14.7,0.03336536
RPRML,0.03336203
RP11-374A4.1,0.033359308
RP11-3B12.5,0.033359155
GS1-393G12.13,0.03335371
HCG20,0.03335123
RP11-793H13.3,0.033350475
ZNF816-ZNF321P,0.03335031
RP11-101E5.1,0.033350166
ZFHX2,0.033350065
LINC00982,0.033349007
RP11-227H15.4,0.03334809
RP11-200A1.1,0.033343162
AC005523.2,0.033339746
RP11-637A17.2,0.03333649
PRSS27,0.033335026
RP11-517C16.2,0.033334285
RP11-434E6.4,0.033334237
CCIN,0.03332743
LINC00393,0.03332494
RP11-468N14.13,0.033320613
RP11-159G9.5,0.03331952
CTD-2144E22.8,0.03331878
ZNF280A,0.033315856
AC140725.4,0.033310924
ADGRF4,0.033308398
C2ORF70,0.033306293
RP11-461F11.3,0.033297595
RP5-991G20.1,0.033290803
RP11-793H13.10,0.033288304
SMC5-AS1,0.03328747
RP11-94C24.6,0.033287313
RP5-1112D6.7,0.033285543
AC083843.2,0.033285435
RP13-1016M1.2,0.033283185
STAU2-AS1,0.03328041
C5ORF17,0.03327617
ZNF543,0.033275537
RP11-30P6.6,0.0332748
RP13-1039J1.2,0.033273518
AC073842.19,0.03327348
RP11-498B4.5,0.03327157
TMEM139,0.033269152
ANXA8L1,0.033265635
RNASEH2B-AS1,0.033263765
KRTAP12-3,0.033263702
KIAA1644,0.033257864
RP11-927P21.1,0.03325644
FOXN3-AS1,0.033255775
KLF14,0.033255003
CTC-526N19.1,0.033254214
ALPPL2,0.03325294
ZCCHC18,0.03325162
RP11-1151B14.3,0.033249047
RP11-367H1.1,0.033247165
C16ORF95,0.033246957
RP11-328C8.4,0.033237875
RP11-20I23.6,0.03323499
CT83,0.033231966
RP11-3J1.1,0.033230603
AC024592.9,0.03322985
IGLV3-1,0.033227157
RP11-316M21.6,0.033226117
SLC8A1-AS1,0.03322567
LINC00626,0.033216763
RP1-150O5.3,0.033213496
BTBD11,0.03321321
ARF4-AS1,0.033210065
ZBTB3,0.03320481
SMPD5,0.033201814
RP5-1068H6.6,0.033199705
ATP2A1-AS1,0.03319959
RP11-109J4.1,0.03319897
MRGPRF-AS1,0.03319877
RP11-411H5.1,0.033196997
FAM153B,0.0331968
RP11-380L11.4,0.033196084
LINC01311,0.033194605
LINC00266-1,0.033194292
LINC01465,0.033194173
LINC00326,0.03319263
LINC01559,0.0331889
AC005355.2,0.033185713
RP11-445N20.3,0.03318482
RP11-85O21.2,0.033184107
RP11-245D16.4,0.033182703
BTBD8,0.033179715
LBX2,0.0331761
FAM153A,0.033173323
KRTAP4-11,0.03316875
ZNF726,0.033167545
IGLV11-55,0.033161044
MFSD6L,0.033160813
RP11-449P15.1,0.033160724
RP11-334A14.8,0.033160288
AP001437.1,0.033160154
RP11-356C4.5,0.033155937
AC007325.2,0.033152383
RP1-122O8.7,0.03314724
RP11-98D18.9,0.03313974
RP11-616M22.1,0.033137683
LINC00941,0.03313151
CH17-353B19.1,0.03312952
RP11-146N18.1,0.03312915
CCDC183,0.03312432
RP11-366L20.2,0.03312216
AC093702.1,0.033121917
CTD-2013M15.1,0.033121593
RP5-1021I20.4,0.033116736
RP11-229P13.19,0.03311431
CTA-373H7.7,0.03311089
C17ORF100,0.033109695
KCTD14,0.033107974
LINC00484,0.03310403
FEZF1-AS1,0.033100657
RP11-554D14.8,0.03309698
AC136616.1,0.033096123
RP11-295I5.4,0.03309378
AC009120.11,0.0330912
DSG1-AS1,0.033090223
LINC01104,0.033088762
ELDR,0.03308841
ALG1L2,0.033088315
RP11-465L10.10,0.033084445
RP11-256I23.2,0.03308308
RP4-644L1.2,0.033083066
RP11-434D9.1,0.033079155
AC007228.11,0.033078495
AC005281.1,0.033077314
PCDHA9,0.03307233
TTC16,0.033072125
CELF2-AS2,0.03307152
RP11-38J22.3,0.033070933
LINC01320,0.033070527
FAM46B,0.03306812
RP11-520A21.1,0.033065088
RP11-259N19.1,0.03306072
RP11-20D14.6,0.033055354
RP11-671P2.1,0.03305135
RP11-867G23.8,0.03304817
RP11-501C14.5,0.033041615
TMEM147-AS1,0.03303938
RP11-400L8.2,0.03303881
RAPGEFL1,0.033038273
RP11-393I2.4,0.033035703
WDR11-AS1,0.033034015
DDTL,0.033032414
FOXD2,0.033032354
CTB-41I6.2,0.033030104
RP1-59D14.1,0.033025496
LINC00365,0.03302357
AC016735.2,0.033020925
RP11-91G21.1,0.0330205
AGAP9,0.03301893
RP11-158M2.5,0.033017512
CTD-2281M20.1,0.033015765
RP11-370A5.1,0.03301525
C2ORF27B,0.033012945
TRAV8-5,0.03301035
RP11-153K11.3,0.033009574
MIR5689HG,0.03300854
RP13-126P21.2,0.033004634
RP11-347C12.11,0.033001993
RP4-669P10.16,0.033001747
RP11-293M10.1,0.03299912
VWA5B2,0.032997444
RP11-817O13.9,0.032996614
TVP23C,0.032995123
SLC26A4-AS1,0.032994084
RP11-620J15.4,0.032992348
RP11-506O24.1,0.032991588
RP11-526F3.1,0.032987986
CTD-3193K9.11,0.032986924
MAGEB1,0.03298346
LINC00866,0.032978907
RP11-166B2.1,0.032972854
MATN1-AS1,0.03297233
SPAG11A,0.032971732
CTA-833B7.2,0.032966956
AC097721.2,0.03296559
RP11-458J1.1,0.03296548
RP13-516M14.1,0.03296476
AC005592.2,0.032964233
CTD-2265O21.3,0.032962892
RP11-38H17.1,0.032961566
MALRD1,0.032960787
ANKUB1,0.032954417
A.2.1,0.03295266
RP11-403B2.7,0.032950543
COLCA2,0.03294639
RP6-114E22.1,0.032946218
ZNF572,0.032943018
DOCK9-AS2,0.032941036
RP4-738P15.1,0.03294079
RP11-191L17.1,0.032940038
RP11-517A5.5,0.032939505
MFAP3L,0.032938316
RP1-7G5.6,0.032936875
FRMPD3,0.032935146
TMCO5A,0.032934718
SAXO2,0.03292857
HYPM,0.032927122
RP11-993B23.3,0.032920606
LINC01366,0.032919176
RP11-318A15.2,0.032914143
RP11-428G5.5,0.03291182
CDH26,0.032911208
DIRC3,0.03291078
RP11-333B11.1,0.03291014
KRBA2,0.032909982
C12ORF60,0.032902174
AC006372.5,0.032900877
KCNIP2-AS1,0.032898948
CTD-2240E14.4,0.032895748
TRBV12-4,0.032886215
RP11-445O3.3,0.032885768
RP11-206M11.7,0.032882832
RP11-59C5.3,0.032879494
CTD-2310F14.1,0.03287794
AC145212.4,0.03287754
TMEM105,0.0328754
RP11-676J12.6,0.032874905
CTC-308K20.2,0.032874182
RP11-692D12.1,0.032870866
RP11-1038A11.1,0.032870002
ZNF772,0.03286909
SPIN4-AS1,0.032866806
RP11-255P5.3,0.0328644
AL022344.7,0.03286066
LINC01412,0.03285573
MSANTD1,0.032853775
AC011718.2,0.03285215
FGF10-AS1,0.032851607
MAP10,0.032851093
RP11-144A16.8,0.03284679
LINC01531,0.032845296
RP11-803P9.1,0.032842364
RP11-561B11.3,0.032838877
RP11-640N11.2,0.032838725
AC124944.5,0.03283671
TEX22,0.03283242
IGKV2-30,0.032830995
AC019349.5,0.032829814
CTD-2008P7.8,0.03282822
RP11-393N21.2,0.032825273
RP11-47I22.2,0.032823212
RP11-1007O24.3,0.032822948
RP11-2L8.1,0.032817394
SH3RF2,0.032816265
RP11-143I21.1,0.0328162
RP5-884G6.2,0.032813385
SLC6A16,0.03281153
CFAP46,0.03280938
ABC7-42404400C24.1,0.032808654
RP11-53O19.1,0.03280815
VLDLR-AS1,0.032799818
RP11-357H14.17,0.032798387
LINC00642,0.032797676
RP1-80N2.2,0.03279235
PAGE1,0.032789182
AC008522.1,0.032787304
RP11-731D1.4,0.032785214
IDH1-AS1,0.032785118
ERVMER34-1,0.032784622
RP11-13E5.2,0.032780763
LINC01134,0.032779627
RSG1,0.03277901
RP11-63E9.1,0.03277481
AC068492.1,0.03277386
RP11-616M22.7,0.032769658
BIRC6-AS2,0.03276795
ITIH6,0.032764893
PAN3-AS1,0.032764804
LINC01322,0.032764625
RP11-307C12.11,0.032760333
CTC-435M10.6,0.03275941
LINC00691,0.032758914
RP4-598P13.1,0.032756418
CTD-2334D19.1,0.03275396
RP11-624L4.2,0.032753803
TEX40,0.032749973
CTD-2349P21.9,0.03274842
RP4-806M20.3,0.03274787
CTD-2240J17.4,0.0327477
PGM5P3-AS1,0.032747496
ZNF418,0.032746587
CTD-2003C8.2,0.03274234
CTD-2113L7.1,0.032738406
PCDHA1,0.032736763
NEURL2,0.032731887
RP11-599B13.7,0.03272984
RP11-482M8.3,0.032726582
RP11-295P9.13,0.03272572
RP11-930O11.3,0.032724533
RP4-771M4.3,0.03272433
AC012123.1,0.032724045
CTD-2509G16.5,0.032723926
CFAP57,0.032722645
LINC00675,0.032722272
RP11-443B7.3,0.032721195
RP11-823E8.3,0.032719053
CTD-3035K23.6,0.032714047
SLC5A4,0.032712787
FLJ22763,0.032712467
RP11-732A19.9,0.032711767
RP11-223C24.1,0.032709673
ERCC6-PGBD3,0.032709386
KCNC4-AS1,0.032706834
RP11-320N21.2,0.03270609
ZNF696,0.032703556
AC093620.5,0.03270297
RP11-255C15.3,0.032697003
KLHDC7A,0.032695655
SDCBP2-AS1,0.032692272
RP11-321E2.3,0.03268913
RP11-498C9.2,0.032689027
RP11-861E21.2,0.032684617
CCDC79,0.032684572
RP11-164C1.2,0.032684453
RP11-401O9.3,0.03268392
XX-CR54.1,0.032683864
LINC00581,0.032681894
AC106053.1,0.0326807
FER1L6,0.032679
AC008753.4,0.03267207
SNAI3-AS1,0.032671046
RP11-3D4.4,0.03266991
RP11-704J17.5,0.03266879
ADAMTS9-AS1,0.03266121
TMEM171,0.032660842
AC241585.2,0.032658726
RP11-563D10.1,0.032656305
CTD-2168K21.2,0.032654904
RP4-530I15.9,0.032654535
HIST1H2AJ,0.032654457
CTD-2026K11.4,0.032650676
ZNF287,0.032650072
CDKN2B-AS1,0.03264768
SEPT7-AS1,0.032647662
C18ORF65,0.03264745
PCAT14,0.03264699
AC090616.2,0.032641817
RP11-567J20.2,0.03264068
RP11-766F14.2,0.032636065
C11ORF97,0.032635726
RP11-326G21.1,0.03263212
CTC-384G19.1,0.032627117
AC104699.1,0.032625843
RP11-732A21.2,0.032624688
AP004372.1,0.032624356
RP11-186B7.7,0.032622237
LINC00449,0.03261725
RP5-1184F4.7,0.03261618
GS1-124K5.3,0.03261564
RP11-661A12.4,0.0326145
AC074391.1,0.03261176
LINC01202,0.032611553
AC012074.2,0.032610826
RP5-943J3.2,0.032604672
RP11-12K11.2,0.03260254
RP11-138J23.1,0.032600287
CTC-428H11.2,0.032595173
RP11-707M3.3,0.032594107
TMEM169,0.03259018
CTA-797E19.2,0.032589965
RP11-426C22.7,0.03258561
RNF151,0.03258256
RP11-755B10.3,0.032579966
RP5-921G16.2,0.032572318
RP11-297J22.1,0.03256366
TRBV20-1,0.032563366
SPERT,0.032560073
VWA2,0.032556213
AC002306.1,0.032554716
RP11-368I7.4,0.032550618
IGKV5-2,0.032549974
RP11-380N8.7,0.032548796
AC067956.1,0.032548398
RP11-314B1.2,0.03254418
RP11-332H18.5,0.03254401
AGAP5,0.03254353
CASC9,0.032541294
RP1-137D17.1,0.03253852
RP11-221N13.4,0.032534778
RP3-467K16.2,0.032533307
AC002550.6,0.03253303
RP4-781K5.7,0.032531954
MLK7-AS1,0.03252968
RP11-244F12.2,0.032529205
RP11-950C14.3,0.032523446
AC097468.4,0.032523073
RP11-38F22.1,0.032522596
KB-1980E6.3,0.03252209
MKRN2OS,0.032521635
RP1-193H18.2,0.032521065
FAM74A6,0.032518167
AC145110.1,0.032517754
CTC-203F4.2,0.032517012
RP11-563J2.3,0.032513134
RP3-412A9.16,0.03251237
SSBP3-AS1,0.03250677
RP11-405M12.3,0.032505628
CLLU1,0.032504115
AC073316.2,0.032497965
RP11-474G23.2,0.032497883
CTD-2311M21.3,0.03249777
AP4B1-AS1,0.03249329
RP11-71N10.1,0.032492362
LINC01518,0.032490946
RP11-54C4.3,0.0324903
AC008753.6,0.032489385
RP11-401F2.3,0.032488108
PCDHB9,0.03248656
DSCAS,0.03248448
LINC01553,0.03248431
LINC01214,0.03248285
RP11-645C24.5,0.03247959
RP11-338C15.3,0.032478012
AC003991.3,0.032475315
RP11-63M22.2,0.03247219
PCAT1,0.032470543
RP11-245J9.5,0.032469373
MAST4-AS1,0.03246862
GRAMD2,0.03246691
AC113617.1,0.032465957
HIST3H2BB,0.032465763
CTC-273B12.10,0.03246549
RP11-704M14.1,0.032462917
SNHG22,0.032462526
LINC00935,0.03246248
RP11-692C24.1,0.032459393
RP11-1228E12.2,0.032458395
FAM228A,0.032455243
RP11-169K16.4,0.0324545
DGCR9,0.032452352
RP11-230C9.2,0.032451198
LRRC71,0.032450628
RP11-429A20.4,0.032448623
RP11-1082L8.4,0.03244849
ZNF286B,0.032448158
RP11-495P10.6,0.032446064
RP11-843A23.1,0.032445874
RP11-467C18.1,0.0324455
XXBAC-BPG294E21.9,0.03244084
RP11-521D12.5,0.032440092
CTD-2260A17.2,0.03243996
RP11-644N4.1,0.032439787
LRRC69,0.032436498
RP11-429J17.8,0.032434314
SAXO1,0.032433804
HS6ST3,0.032433778
SCGB2B2,0.032431014
RP11-573G6.8,0.03242516
RP11-184M15.2,0.03242383
LINC00479,0.032421265
TRBV6-2,0.032419026
CH17-360D5.3,0.032417353
RP11-407N8.5,0.032416835
ZHX1-C8ORF76,0.032416783
TRAV17,0.032415595
RP11-297B17.3,0.032413684
RP11-342D11.3,0.032413498
RP11-542B15.1,0.03241347
FAM222A-AS1,0.03241232
RP11-283G6.5,0.032412086
RP13-20L14.6,0.032411702
AC012358.8,0.032407165
RP11-342K6.3,0.032406427
RP11-783K16.14,0.03240394
AC005256.1,0.03240382
PTCSC3,0.032398798
CTC-276P9.4,0.032398134
LINC00313,0.03239801
RP11-356K23.1,0.03239615
RP11-66N24.6,0.032395642
CCDC168,0.03238877
LINC00671,0.032384396
RP11-18A15.1,0.032383356
RP11-438F14.3,0.032382876
TRBV6-8,0.03238273
RP11-169K17.3,0.032376576
AC004510.3,0.032376252
ZFP3,0.032375287
RP5-823G15.5,0.03237356
AC021188.4,0.032372613
RP11-202D1.2,0.032372374
RP5-1125A11.7,0.032372233
RP11-503C24.2,0.032370888
LRRC24,0.032365244
RP11-359N11.1,0.0323639
AC004067.5,0.03236146
TCF23,0.032357644
C2ORF15,0.032350987
RP11-624C23.1,0.03235029
TRIM31-AS1,0.03234818
HMHB1,0.0323395
AC009262.2,0.03233395
RP11-6N17.2,0.032333303
CASC21,0.032333296
RP11-202G11.2,0.032320715
RP5-902P8.10,0.03231817
RP13-578N3.3,0.032318108
LDLRAD2,0.032317493
TRGV10,0.032317124
LINC01176,0.032316968
RP5-940J5.6,0.032316662
RP11-325N19.3,0.03231533
RP11-219D15.3,0.03231482
RP4-668E10.4,0.032310568
RP11-336A10.5,0.032310188
CTC-487M23.8,0.03230689
RP11-449J1.1,0.032306563
RP13-436F16.1,0.032304164
AL109767.1,0.032303967
RP11-93H24.3,0.032303967
AF146191.4,0.032303613
RP5-966M1.6,0.03230258
RP11-17A19.2,0.03229925
RP1-92O14.3,0.032296386
RP11-83J21.3,0.032296166
RP11-398K22.12,0.03229239
CLEC3A,0.03229042
FLJ41941,0.03228999
LINC00535,0.032288067
RP11-474P2.4,0.03228779
ARMCX3-AS1,0.03228437
RP11-867G23.4,0.032282114
RP11-352D13.6,0.032279972
TRGV9,0.03227655
CTC-350I8.1,0.032274336
CTD-2588C8.8,0.03227192
AC006277.2,0.032269586
ZFP2,0.032268573
RP11-159H22.2,0.03226728
CASC2,0.032264873
RP11-680F20.9,0.032263696
IGLV1-47,0.032263607
RP11-855A2.3,0.03226335
TRAV8-4,0.03226284
RP1-178F15.4,0.03226154
RP11-3P17.4,0.032260638
IGKV3D-20,0.032247562
RP11-508N22.12,0.03224248
RP11-394I13.1,0.032239374
AC005616.2,0.032237366
RP5-1115A15.1,0.032232124
B.2.1,0.032229315
CGB2,0.032228477
RP11-746M1.1,0.032227553
TRAV34,0.032224827
CTD-2600O9.2,0.0322247
SLC35G3,0.032224543
LINC01355,0.032223824
RP11-480A16.1,0.0322221
RP11-505K9.4,0.032216527
LINC01612,0.032211747
ZSWIM1,0.03221051
RP11-190J1.3,0.032210134
RP11-329B9.3,0.03220987
HIST1H1B,0.032206144
C15ORF53,0.032204628
CTD-2147F2.1,0.032204576
LINC00431,0.032199584
XXBAC-B444P24.14,0.032198574
CH507-42P11.8,0.03219179
C6ORF99,0.032191716
RP11-338L22.2,0.03218923
SPATA6L,0.032188687
RP11-446F17.3,0.032186963
RP11-472M19.2,0.03218463
PRR32,0.03218258
RP11-578F21.6,0.03218014
AF011889.2,0.03217979
RP11-54O7.3,0.032179665
CTB-161M19.4,0.032175284
ANKRD30A,0.032174677
IGLV5-48,0.032172702
AC027119.1,0.032171443
AC021218.2,0.03216964
RP11-603J24.14,0.032168597
FAM47E,0.032167062
FAM87A,0.032166768
B.4,0.032164045
LINC01186,0.032163702
RP11-1260E13.2,0.03216309
CTD-2562J15.6,0.032160927
LLNLR-284B4.2,0.03215934
KRT85,0.032157592
ZNF713,0.032155104
RP11-864I4.4,0.032153986
PARK2,0.032153703
CPO,0.032153253
ZNF671,0.03215059
AP006748.1,0.03214769
RP11-341G23.4,0.032146014
CTD-2568A17.1,0.0321453
AC007743.1,0.032144643
CYP4A22-AS1,0.032143127
RP11-29B9.2,0.03214093
C11ORF86,0.032140635
MIR503HG,0.032140117
TEX13C,0.032139163
GRAPL,0.03213635
RP11-486G15.2,0.032136105
RP11-247I13.11,0.032134686
RP11-531F16.4,0.032133743
FAM155B,0.032132834
WDR64,0.03213224
LL22NC03-104C7.1,0.03213031
RP11-513O17.3,0.032128744
RP13-131K19.7,0.032128535
LL22NC03-63E9.3,0.032126196
ANXA9,0.03212269
RP11-1109F11.3,0.032121845
NALT1,0.032121718
RP11-458F8.4,0.03212075
RP11-738E22.3,0.032120444
RP11-73M18.10,0.03211987
IGLV2-11,0.032115694
RP11-534L20.5,0.032115567
HCG14,0.032113053
KLHL7-AS1,0.032110266
AC007880.1,0.03210875
ASCL5,0.032108538
KB-431C1.5,0.03210748
RP11-497H17.1,0.032102805
AC007731.1,0.032102548
C5ORF66,0.032100774
VWA7,0.03210012
RP11-11N7.4,0.03209927
CTD-2020K17.3,0.03209791
RNF223,0.03209416
C14ORF178,0.032093346
RP11-290F24.6,0.03209272
RP11-834C11.15,0.032090757
CTD-2555C10.3,0.032090474
FAM182B,0.03209043
ZNF681,0.03208997
RP11-355B11.2,0.032089055
ZNF425,0.032086063
RP11-449D8.1,0.032084912
AC017002.2,0.03208224
AC007383.4,0.032080702
RP11-845M18.6,0.032078195
AC004257.1,0.032078106
RP11-121G22.3,0.03207795
RP11-439M11.1,0.03207639
PROSER2-AS1,0.03207453
ZNF676,0.032073386
RP11-1070N10.3,0.032070346
PNMAL1,0.032069653
RP11-644F5.10,0.032069117
NCMAP,0.032064583
RP13-977J11.2,0.03206425
C19ORF81,0.032061182
RP11-568J23.4,0.03205798
RP11-1C8.4,0.03205643
CTD-2034I4.2,0.032053094
TRAV20,0.03205303
ZNF253,0.032052685
AC078883.4,0.032051206
ENTPD7,0.032048978
ITPRIPL1,0.032047644
LINC00577,0.03204734
RP11-474N24.6,0.032046698
RP4-697K14.15,0.03204653
CTD-2026K11.5,0.03204621
C7ORF57,0.032045204
RASSF1-AS1,0.032044537
WWC3-AS1,0.03204452
AC096579.13,0.032043867
RP11-275I14.4,0.032042474
LINC00534,0.032041393
AC006994.2,0.032040395
LINC00702,0.032040194
RP11-510C10.3,0.032040186
FLJ36000,0.032037638
RP5-1198O20.4,0.032037
SLC7A3,0.032034837
AC079135.1,0.032031555
RP11-295K2.3,0.032031514
RP3-508I15.18,0.032029226
CCDC175,0.032028526
FSD1,0.032025997
RP5-855D21.1,0.03202597
XXBAC-BPG252P9.9,0.032021258
IGHV3-74,0.032021187
RP11-60L3.6,0.03202092
LINC00603,0.03201954
CTC-366B18.2,0.03201916
RP11-498M15.1,0.03201891
RP1-29C18.10,0.03201716
PCDHB7,0.032017022
CTA-246H3.12,0.032016154
LINC01606,0.03201405
PAQR9-AS1,0.032013383
TTC6,0.032010537
RP5-1050D4.2,0.032008804
ZNF385C,0.03200662
RP11-430C7.4,0.032004643
CTA-363E6.7,0.032003485
RP11-677M14.2,0.032002233
RP11-977B10.2,0.032002114
RP11-134K13.4,0.032000564
RP11-158M2.2,0.031997677
LCA5L,0.03199643
LINC01163,0.031995844
RP11-672L10.6,0.031987928
NHS-AS1,0.031986948
RP5-906A24.2,0.031985357
LRRC73,0.031985022
CTD-2288O8.1,0.031984538
ANKRD13B,0.031984236
AC005863.1,0.031983178
CYP4F26P,0.031983085
HCG22,0.031983048
AC114765.2,0.031982884
RP11-90L1.8,0.031981602
IGHV5-78,0.031976942
HIST1H4F,0.03197672
RP11-111M22.4,0.03197553
HIST1H2AI,0.03197477
AKR1B15,0.031974167
CTA-363E6.2,0.03197343
RP13-735L24.1,0.03197285
OTOR,0.031972717
RP11-374M1.5,0.0319727
ZNF559-ZNF177,0.031971738
SIRPD,0.03196692
HRASLS2,0.031966783
C17ORF50,0.031965334
AC008697.1,0.031965088
RP1-30M3.6,0.031964954
RP11-264L1.4,0.031963803
FOXD2-AS1,0.031963453
RP11-247A12.7,0.0319611
ZNF334,0.03195995
PARD6G-AS1,0.031959444
LINC01287,0.03195843
RP11-334G22.1,0.031958383
RP11-400K9.4,0.03195749
RP1-197B17.4,0.031951346
CTD-3080P12.3,0.03195084
AF131216.5,0.031949982
TSPAN19,0.031947456
RP11-107N15.1,0.03194583
RP11-60I3.4,0.031945586
RP11-282A11.3,0.0319415
CASC8,0.031940855
POPDC3,0.03193885
CTC-498J12.1,0.031936813
MGC39584,0.031936545
RP11-285A1.1,0.03193438
RP11-310N16.1,0.031934377
C1QTNF9,0.031934094
RP4-612B15.3,0.031932604
RP11-302F12.3,0.031930678
RP11-266A24.1,0.031930644
RP11-1018N14.5,0.031930123
CTD-3195I5.3,0.03192862
ST8SIA6-AS1,0.03192842
TRBV13,0.031928368
LINC00668,0.031928025
RP11-526A4.1,0.031927913
AF064858.8,0.031920638
TIGD1,0.031920373
AP001412.1,0.03191992
RP13-131K19.1,0.03191843
LINC01143,0.03191823
CYP2W1,0.03191565
CTC-546K23.1,0.031915646
SSMEM1,0.031910397
AC009095.4,0.03191005
RP11-318K12.2,0.03190928
NYAP1,0.031906378
RP11-334J6.7,0.031905837
RP11-532F6.5,0.031905744
GLYATL2,0.03190396
RP5-1195D24.1,0.03190383
XX-FW83128A1.2,0.03190286
KIAA1024L,0.031902596
SRRM2-AS1,0.031901658
ZNF619,0.031898152
RP11-299G20.2,0.03189745
AP003068.9,0.03189438
RP11-667K14.4,0.031894065
MKX-AS1,0.031893514
DTHD1,0.031891212
AC003092.1,0.031889625
RP11-47I22.1,0.03188937
HLA-DQB1-AS1,0.0318882
KCTD21-AS1,0.0318877
RP11-477N3.1,0.03188678
AL161668.5,0.031886395
AC018766.4,0.031885136
RP11-274H24.1,0.031884447
RP11-197K6.1,0.031882823
CCDC154,0.031882666
RP11-265N6.2,0.031882353
RP1-163G9.2,0.031879008
PANX3,0.031878036
CTD-2653M23.3,0.03187797
CT45A10,0.031877555
RP1-266L20.4,0.031876527
RP3-330M21.5,0.03187644
AC074363.1,0.0318747
RP11-44N11.2,0.03187463
FAM9B,0.03187409
NEURL3,0.031873997
CTD-2589H19.6,0.031872816
AC092652.1,0.0318705
CYP17A1-AS1,0.031869806
CTD-2135D7.2,0.03186864
ZNF587B,0.031868305
CTD-2245F17.3,0.031866796
RP11-141A19.1,0.031866558
RP11-365H22.2,0.03186638
PANO1,0.031866003
AC079354.5,0.03186592
RP11-69G7.1,0.031864632
RP11-509J21.4,0.031864244
RP11-61L19.2,0.031859823
APOBEC3B-AS1,0.031858474
AC060834.3,0.03185644
CCDC188,0.031856127
AC009236.2,0.031854685
CTD-2636A23.2,0.03184826
RP11-286E11.1,0.031848185
RP1-153P14.5,0.031847414
RP3-340B19.3,0.03184738
RP11-114M1.1,0.031845108
ZNF233,0.031842403
NFYC-AS1,0.031841032
LYSMD1,0.031839218
RP11-554I8.2,0.031835858
RP11-63N8.3,0.031834714
RP4-706G24.1,0.031833496
RP11-230C9.4,0.031833492
CTD-2619J13.23,0.031832866
IGLV9-49,0.03183263
TMEM61,0.031831753
RP11-247C2.2,0.03183174
OTOP2,0.031829707
VSTM2A,0.031824227
RP5-875H18.9,0.031820938
RP11-338K17.8,0.03182062
RP11-162G10.5,0.031819776
LYPD8,0.031819418
IGKV1D-12,0.03181752
AC074212.6,0.031815723
RP11-455F5.6,0.03181562
CLRN1-AS1,0.03181416
AC006262.4,0.03181321
LINC01554,0.03181221
IGLV7-46,0.03180889
RP13-539J13.1,0.031808335
CTD-2314B22.1,0.031807594
CTD-2341M24.1,0.031807583
WWC2-AS2,0.03180621
LINC00184,0.031806037
RP3-461F17.3,0.031804103
AC009060.3,0.031802595
CTD-2091N23.1,0.03180227
RP11-176N18.2,0.03180144
CTD-3220F14.1,0.03179992
RP5-1065P14.2,0.031799443
RP11-165J3.6,0.03179901
RP11-799D4.4,0.031794168
RP11-227G15.11,0.0317939
RP11-563N4.1,0.031793114
DGCR5,0.03179295
RP11-548P2.2,0.03179103
LUADT1,0.03178912
CTD-2152M20.2,0.031788237
IGKV1-5,0.031788114
CTD-2145A24.5,0.03178753
RP11-37N22.1,0.031786803
RP4-655C5.4,0.03178678
GJB7,0.031783853
RP11-135A1.2,0.031782914
IGFBPL1,0.03178238
CTC-236F12.4,0.031782072
FAM177B,0.031781353
CCDC26,0.031779535
RP11-1096G20.5,0.031776924
PGBD3,0.031776763
FLNB-AS1,0.031775247
AC005932.1,0.031774733
RP11-18I14.11,0.03177459
RP11-114M1.2,0.031774174
RP11-142G1.3,0.031773906
RP11-336A10.2,0.03177268
LINC00567,0.03177158
RP11-122K13.12,0.03177142
AC092535.3,0.031770803
LINC00506,0.031769678
CCDC96,0.03176967
RP11-685M7.3,0.031769462
RP11-377D9.3,0.031768665
B3GALT5-AS1,0.03176797
RP4-594A5.1,0.031766944
RP11-486A14.2,0.031764586
RP11-677M14.3,0.031764526
ZNF197-AS1,0.03176295
LINC01102,0.0317627
IGHV5-51,0.031761903
CTD-3224K15.3,0.031758294
RP11-99L13.2,0.031757835
TRAV1-1,0.031756572
RP11-305L7.6,0.03175571
RP11-145G20.1,0.031749748
CTA-384D8.33,0.031749606
ZNF154,0.031748224
CTD-2044J15.1,0.031747915
AC114730.2,0.031747404
NUTM2G,0.031746708
TPRXL,0.031746335
RP11-20I20.4,0.031743634
RP11-128P17.4,0.031743545
TRNP1,0.031743467
LINC00868,0.031742804
PP12613,0.031741913
RP11-394O2.3,0.0317412
IGHV4-28,0.03173908
CTC-1337H24.4,0.031737104
ZNF80,0.03173689
RP11-1148O4.2,0.03173635
CPEB2-AS1,0.0317359
RP11-686D22.5,0.031735815
HEPACAM2,0.031735167
EDDM3A,0.031734843
RP11-1379J22.2,0.031730898
RP11-659E9.2,0.03172981
AC069277.2,0.031729624
SAMSN1-AS1,0.031729393
RP3-473L9.4,0.031728856
RP11-455O6.8,0.031728514
ATP13A4,0.031727068
RP11-181E10.3,0.03172466
RP11-766N7.4,0.031723816
AC130469.2,0.03172291
CTB-129P6.11,0.031717703
RP11-566K11.5,0.031717442
RP11-111H3.3,0.031717375
FSD2,0.03171707
MIS18A-AS1,0.031713434
NYAP2,0.031713244
TRBV12-3,0.03171253
RP11-108K14.12,0.031711645
NRIP2,0.031711638
RP11-420K14.8,0.031709254
RP11-496I9.1,0.031707708
RP11-95O2.1,0.03170684
RP11-474D1.3,0.031704526
RP11-709D24.5,0.03170318
C4ORF45,0.03170214
RP11-301O19.1,0.031699568
FAM66B,0.03169861
AC016738.3,0.031698167
GOLGA8G,0.031698097
RP11-54O7.2,0.031698085
RP11-338E21.1,0.0316949
RP11-1069G10.2,0.03169336
CTD-2376I4.1,0.03169331
CTC-273B12.5,0.031692736
RP11-527F13.1,0.03169211
CTD-2012K14.4,0.031691067
MRVI1-AS1,0.031690486
C8ORF48,0.031689737
RP11-296K13.4,0.031689323
RP11-461A8.5,0.031686794
RP11-977G19.12,0.031686638
RP5-971N18.3,0.03168588
RP11-145E17.2,0.03168569
LIMS3L,0.031684592
CTB-108O6.2,0.03168421
LA16C-360A4.1,0.03168417
TCF4-AS1,0.031683635
RP11-70L8.4,0.031683587
RP11-662B19.2,0.031681623
RP11-7K24.3,0.031681575
CTB-31N19.5,0.03168121
RP4-803J11.2,0.031679653
RP11-566H8.3,0.03167888
MYO16,0.031678826
LL22NC03-102D1.18,0.031678725
C12ORF42,0.03167722
RP11-238F2.1,0.031676553
RP11-429O1.1,0.031675182
CTD-2540L5.6,0.03167341
RP11-461L13.3,0.031673096
RP11-483I13.5,0.03167206
ANKRD20A4,0.031670965
CTC-498J12.3,0.03167013
AC073934.6,0.03166922
RP11-1084I9.1,0.03166827
C19ORF73,0.031666487
ERICH6,0.031664945
KLRG2,0.031663995
DNAJC5G,0.031663682
RP11-767C1.2,0.03166326
SERINC4,0.031661615
RP11-887P2.5,0.031661503
RP11-72M17.1,0.031660452
AC009133.17,0.031659566
RP11-15A1.3,0.031658996
CTD-2008A1.3,0.031656884
CTC-490E21.14,0.03165496
CTD-2024I7.13,0.03165426
AC004160.4,0.03165425
RP11-90L20.2,0.03165398
RP11-779O18.3,0.03165396
RP11-93B14.6,0.031652547
LINC00629,0.031651612
RP11-302B13.5,0.03165091
RP11-95O2.5,0.03164966
CH507-513H4.5,0.031648654
RP11-734K21.5,0.03164818
AC195454.1,0.031647705
RP11-94B19.3,0.031646952
ZNF782,0.03164494
RP11-78A19.4,0.031644683
RP11-7O11.3,0.031644363
FSCN3,0.031644307
RP11-343H5.6,0.031643383
RP11-96K19.5,0.03164295
RP11-557N21.1,0.031642605
RP5-963E22.6,0.031642407
RP11-114N19.3,0.031638287
AC097724.3,0.031636328
RP11-320N7.2,0.03163632
TRBV14,0.031634215
LINC01347,0.03163307
RP4-781K5.4,0.031629283
RP13-228J13.1,0.03162921
GOLGA6L9,0.031626746
RP11-508N22.13,0.031625934
RP11-184A2.2,0.031625234
RP11-21B23.2,0.03162495
AC241377.2,0.03162281
RP11-514F8.2,0.031620543
RP6-74O6.2,0.031617872
AP002954.3,0.031617247
C9ORF84,0.031617172
PLSCR2,0.031615816
AC137932.6,0.031615548
RP11-96C21.1,0.031611763
RP11-158H5.8,0.031609245
RP11-325L7.2,0.031608723
RP11-407N8.6,0.031607304
PRNCR1,0.03160704
PCDH20,0.03160584
RP11-798K3.3,0.031604275
STEAP3-AS1,0.031604223
KB-1592A4.15,0.03160378
RP4-669L17.2,0.031603698
RP11-849I19.1,0.03160181
CTB-43E15.1,0.031601198
AC023115.2,0.031600107
RP11-179A10.1,0.031599123
RP11-278A23.1,0.031597845
ZNF843,0.03159533
FLJ31356,0.03159478
RP11-121P12.1,0.031592317
GPR15,0.031589694
PRR36,0.031589426
AC006372.4,0.031588964
ZIK1,0.031588916
RP11-669E14.6,0.03158863
LINC01257,0.031586684
RP11-656E20.5,0.031584788
AC104076.3,0.031581663
RP11-284J1.1,0.0315816
RP11-184D12.1,0.031579632
RP11-432J22.2,0.031576045
CFAP99,0.031575583
RP11-1070A24.2,0.031574227
TRAV19,0.031572483
RP11-1C1.4,0.031571634
LINC00237,0.03157145
RP13-884E18.2,0.03157077
TMEM56-RWDD3,0.03157058
LINC00930,0.031568985
ZBTB20-AS2,0.031568676
RP11-571E6.3,0.0315677
CTD-2653D5.1,0.031567343
GOLGA8S,0.031566687
RP11-15I11.2,0.03156649
RP4-777O23.3,0.031565487
FIBCD1,0.03156422
LINC01297.1,0.031564202
RP5-1021I20.2,0.031562477
RP11-202G18.1,0.03156218
LINC00896,0.031561162
RP11-407N17.5,0.031559933
LLNLR-246C6.1,0.03155827
RP5-921G16.1,0.031557597
RP11-415D17.3,0.031557333
RP11-16L21.7,0.031556416
CMB9-22P13.2,0.031556003
HOXA10-AS,0.031553246
AC102953.4,0.031552605
RP11-269G24.6,0.031552155
AC073046.25,0.03154986
AC005609.18,0.03154925
RP11-101E13.5,0.03154846
RP11-87C12.2,0.031548
LINC01016,0.031546846
RP11-513H8.1,0.031546675
RP5-1096D14.6,0.031545907
RP11-434D9.2,0.03154501
RP11-649G15.2,0.031544928
RP4-550H1.5,0.031540032
RP11-665G4.1,0.031538203
C9ORF41-AS1,0.031537246
RP11-404J23.1,0.031534247
NUTM2E,0.031532474
UPK3BL,0.031532373
RP11-114H23.1,0.031531844
CTD-3214H19.16,0.03153171
MSH5-SAPCD1,0.031531453
RP11-372E1.4,0.03153096
RP11-717F1.2,0.03153074
RP1-29C18.9,0.03152761
RP11-307C12.12,0.03152752
AC010987.6,0.0315265
LA16C-358B7.4,0.031525843
AC079776.3,0.03152255
C1ORF105,0.0315214
RP11-757F18.5,0.031521007
RP11-114B7.6,0.03152091
GAS6-AS2,0.031519543
TMC3-AS1,0.031518254
RP5-881P19.7,0.03151788
CTC-241F20.4,0.031517584
RP11-140L24.4,0.031517413
HHIPL2,0.03151741
RP11-444E17.6,0.03151735
FAM186B,0.031515308
RP11-337N6.1,0.03151522
CTA-363E6.5,0.03151514
RP11-42O15.3,0.031513836
RP11-829H16.3,0.031513605
PRSS45,0.031512868
LYPD6B,0.03151241
RP11-817J15.2,0.031511553
WFDC6,0.03151083
RP5-1056H1.2,0.0315089
RP11-399E6.1,0.031507622
C11ORF53,0.031507473
C4ORF51,0.03150648
RP11-817G13.3,0.031504773
CTB-51J22.1,0.03150248
LSINCT5,0.031501822
RP5-1021I20.8,0.031501178
RP11-703G6.1,0.031500407
RP11-1152H15.1,0.031498954
AC005480.1,0.031498406
ELFN1-AS1,0.031496726
RP11-301L8.2,0.031494375
RP11-89H19.1,0.03149425
RP11-2N1.3,0.031492427
RP11-473E2.4,0.031492177
AC010504.2,0.031492032
RP11-6I2.3,0.031491913
RP5-1116H23.5,0.031491514
AC105402.4,0.03149096
C1QTNF9B-AS1,0.031490486
RP11-890B15.3,0.031490408
LINC01515,0.031487815
RP5-1007H16.1,0.031487618
LINC00545,0.031486925
RP11-297A16.4,0.03148553
CTD-2231E14.8,0.031484693
RP11-452I5.2,0.03148411
CSTL1,0.031481963
LINC00470,0.03148187
RP11-59N23.3,0.031480063
RP11-521C20.2,0.03147979
ZNF30,0.031479716
U91328.19,0.031478696
RP11-135L13.4,0.031478208
NUGGC,0.031476732
CTD-2619J13.9,0.03147588
HOXA-AS3,0.031475335
RP11-386I8.6,0.031473868
RP11-454K7.3,0.031473346
SEC14L4,0.03147224
RP11-98D18.3,0.031472135
RP11-574O7.1,0.03146893
AC017104.2,0.03146865
IGBP1-AS2,0.031468045
GS1-393G12.14,0.031467903
CTD-2203K17.1,0.031467807
RP11-467L19.16,0.031463742
SEC62-AS1,0.03146293
RP13-638C3.3,0.031460814
LEMD1-AS1,0.03145765
C10ORF82,0.03145761
RP11-104O19.4,0.03145633
UBOX5-AS1,0.031452008
CTB-175E5.7,0.031451948
RP4-680D5.2,0.031451866
STPG2,0.03145124
CTD-3051D23.1,0.03145076
RP11-400N13.2,0.03144996
MAGEB10,0.031449787
RP11-281A20.1,0.031448625
DEC1,0.031448018
LRRC19,0.031447846
RP11-415J8.5,0.03144641
LINC01185,0.031444646
PAXBP1-AS1,0.03144454
AC005592.3,0.03144414
RP11-523H20.3,0.031443983
RP11-677I18.3,0.03144377
AC053503.4,0.031443324
RP11-654D12.2,0.03144281
RP11-497H16.9,0.03144222
RP11-774D14.1,0.03144089
RP4-677H15.4,0.03144044
AC023347.1,0.031440224
AC098820.4,0.03144022
RP4-752I6.1,0.031439234
TRBV21-1,0.03143897
AC010082.2,0.03143842
RP6-159A1.3,0.03143681
AC142528.1,0.03143569
GOLGA8O,0.03143563
TTLL9,0.03143383
RP11-93K22.13,0.0314338
RP11-445K13.2,0.031432025
AC026471.6,0.03143125
RP11-567G11.1,0.031429123
RP11-203M5.8,0.031428043
LSAMP-AS1,0.03142769
PCDHB3,0.03142699
NT5DC4,0.03142645
BCAR4,0.03142594
AC084809.2,0.031425864
RP11-483A20.3,0.03142555
RP11-193M21.1,0.031424426
NEBL-AS1,0.03142405
RP3-449M8.6,0.03142399
LINC01527,0.031423517
RP11-53O19.3,0.031422667
ARRDC5,0.031420317
WDR88,0.03141993
RP11-865I6.2,0.031419247
RP11-844P9.2,0.0314192
CTD-2227I18.1,0.031419046
LA16C-380H5.5,0.03141851
RP11-463O12.3,0.031418413
RP11-446E24.4,0.031417843
RP4-564F22.5,0.03141483
RP11-452H21.1,0.03141366
RP11-86H7.6,0.031413592
THRA1/BTR,0.031410314
AC005606.15,0.031409856
RP11-482D24.3,0.031408675
RP11-225B17.2,0.031408124
AC073321.4,0.03140767
RP11-138H8.2,0.031406578
RP1-102K2.6,0.031405322
RP11-230G5.2,0.031404667
ZFHX4-AS1,0.031404577
RP11-48B3.5,0.03140403
RP11-128A17.2,0.0314027
SYT16,0.031401943
LINC01160,0.03140149
DPCR1,0.031401265
RP5-1022P6.5,0.031399943
GTSCR1,0.03139936
RHOXF1,0.03139882
TRGV2,0.031398628
CTB-46B19.2,0.031398047
RP11-514D23.3,0.031397946
PRDM12,0.031397294
RP11-680C21.1,0.03139522
C15ORF54,0.0313947
U82695.5,0.03139446
RP11-76I14.1,0.03139308
CTD-3193O13.1,0.03139202
RP1-60O19.1,0.031391162
RP1-92O14.6,0.031389493
RP11-236L14.2,0.03138905
RP11-503C24.4,0.031387787
RP11-334E6.10,0.031387318
RP11-219A15.5,0.03138731
RP11-317P15.4,0.031385824
AC020594.5,0.03138577
RP11-802D6.1,0.031385392
RP11-403I13.5,0.031383567
TSC22D1-AS1,0.03138266
TRAV25,0.031382464
AC079630.2,0.031381436
RP11-356C4.3,0.031380523
AP000439.1,0.03137987
C7ORF65,0.031379845
MYLK-AS2,0.031378474
CTC-260F20.3,0.03137791
RP11-406A9.2,0.03137707
RP11-442J21.2,0.031376444
RP11-411K7.1,0.031373523
RP11-797D24.3,0.031373173
RP11-583F2.2,0.031373054
AC068282.3,0.03137276
CTAGE4,0.03137268
CTD-2561B21.11,0.0313719
AF196972.9,0.031370353
IGHV2-70,0.03137021
RP11-70F11.8,0.031370122
GRPEL2-AS1,0.031369407
RP11-432I5.8,0.031367965
RP11-61E11.1,0.031367242
RP11-122M14.1,0.03136653
AP000442.4,0.031364463
ASMTL-AS1,0.03136421
RP11-242J7.1,0.03136272
FANCD2OS,0.031362675
SKOR2,0.03136179
MCPH1-AS1,0.031360887
RP11-599B13.3,0.031360753
LINC01220,0.031359944
CATIP,0.031359844
AC093375.1,0.031359546
RP11-300M24.1,0.031359352
RP13-131K19.2,0.031358935
PNMAL2,0.031358764
KIAA1161,0.031358726
FOCAD-AS1,0.031358086
CYP4F35P,0.03135793
RP11-181G12.4,0.03135789
RP1-309F20.4,0.031356268
HIST1H4L,0.031356066
AP000708.1,0.031355683
RP11-256P1.1,0.031353287
LINC00620,0.03135264
LINC00488,0.03135195
XXBAC-BCX196D17.5,0.031351477
RP11-445O3.2,0.03135137
AC007879.6,0.03135127
RP11-113I22.1,0.03135071
RP11-554L12.1,0.031350516
PRRX2-AS1,0.031350397
ATP6V1B1-AS1,0.031350356
CTD-2170G1.2,0.031349976
RP5-857K21.2,0.031349745
RP11-323C15.2,0.031349115
RP11-1336O20.2,0.031349093
RP11-349E4.1,0.031348985
RP11-555G19.1,0.031348858
RP1-178F10.1,0.031348787
CTD-2016O11.1,0.03134864
RP11-241G9.3,0.03134864
AC016700.5,0.031348355
RP11-272L13.3,0.031348296
RP4-742C19.13,0.031348288
RP11-65J21.1,0.03134824
LINC01004,0.031348165
BPIFC,0.031347983
LINC01529,0.031347916
RP11-398G24.2,0.031347554
RP11-646E18.4,0.031347416
RP11-900F13.3,0.031347394
RP3-523E19.2,0.031347357
RP11-626P14.1,0.03134724
AC004901.1,0.031346988
GIF,0.031346615
AC140542.2,0.03134656
RP11-343H19.1,0.03134624
KB-1930G5.4,0.03134621
RP11-211N11.5,0.031346
AC026188.1,0.03134575
CTC-497E21.3,0.031345658
RP11-148B18.4,0.031345632
LL22NC03-2H8.5,0.031345535
RP1-63M2.7,0.031345423
LYZL4,0.03134531
RP11-14C10.6,0.031344958
RP11-524H19.2,0.031344946
C19ORF67,0.031344734
RP11-239L20.6,0.031344123
JAKMIP2-AS1,0.031344034
H1FNT,0.031344026
RP11-424M24.5,0.03134399
AC114776.3,0.031343937
RP11-440G9.1,0.031343706
WWC2-AS1,0.03134353
CTD-2385L22.1,0.03134344
RP11-339D23.1,0.031343393
LINC00251,0.031343065
RP11-278L15.2,0.031343013
RP11-308B16.2,0.031342957
MAGEA9B,0.031342857
LINC01022,0.031342715
RP11-413P11.1,0.0313419
RP13-463N16.6,0.03134176
CTC-297N7.1,0.03134171
RP11-93H12.4,0.031341292
AC006994.3,0.031341236
AP004550.1,0.03134118
RP11-319F12.2,0.0313406
RP3-333B15.5,0.031340595
RP11-457I16.2,0.031340342
RP11-612A1.1,0.031339563
CEACAM7,0.03133931
RP11-73M7.1,0.031339023
RP11-293P20.2,0.031338576
RP11-203B9.4,0.0313385
KRTAP4-9,0.03133843
RP11-539E17.5,0.031338245
CTD-2161F6.2,0.031338025
RP11-102M11.2,0.031337887
RP11-26N15.2,0.03133735
RP11-739N20.2,0.031337246
RP11-552E20.1,0.031336557
RP11-12K22.1,0.03133645
RP11-701I24.3,0.031336214
LINC00311,0.03133609
RP11-1124B17.1,0.03133565
RP11-108K14.8,0.03133497
AC007128.1,0.031333745
LINC00330,0.031333692
FAM71D,0.031333663
WI2-80269A6.1,0.031333223
RP13-467H17.1,0.031332973
RP11-225H22.4,0.03133269
CTC-281F24.5,0.031331882
RP1-272L16.1,0.0313316
ZNF284,0.031331565
F11-AS1,0.031330924
LINC01072,0.031330924
AC011298.2,0.031330645
RP5-1101C3.1,0.03132888
RP11-109M17.2,0.031327643
RP11-893F2.6,0.031327087
RP11-386M24.9,0.03132697
RP11-266J6.2,0.03132691
LINC00165,0.031326525
RP11-728G15.1,0.031325944
RP11-209E8.1,0.03132279
RP11-167B3.3,0.031322785
AC006145.4,0.0313227
LINC01337,0.031322256
AC007192.6,0.031322174
RP11-432I5.6,0.03132181
SLC16A12-AS1,0.031321764
RP11-675F6.4,0.03132156
DMRTC2,0.03132039
RP11-476M19.2,0.031319894
RP11-89K21.1,0.031318996
CTD-2001C12.1,0.031316966
LINC00624,0.03131585
RP11-62J1.4,0.03131512
RP11-452C8.1,0.03131483
RP5-1063M23.2,0.031314157
RP11-905K4.1,0.03131317
AC009487.4,0.03131296
RP11-108O10.8,0.031312123
RP11-157P1.4,0.03131055
RP11-546B15.1,0.03131028
AC105053.3,0.03130915
AC017060.1,0.031308915
RP1-35C21.2,0.031307522
TMEM82,0.031304963
RP11-452L6.8,0.031304665
RP11-127I20.5,0.03130449
SEPT12,0.03130431
ARHGAP36,0.031304
ZNF837,0.031303514
RP11-165F24.3,0.031303234
AC006262.10,0.031301994
C10ORF2,0.03130111
RP11-680G24.6,0.03130042
RP11-15E18.1,0.031299897
RP11-582J16.5,0.031298943
RP11-470M17.2,0.031296138
CTD-2081C10.7,0.03129252
RP4-583P15.15,0.031292137
LINGO4,0.03129102
RP11-402L5.1,0.031290714
RP11-410E4.1,0.031289183
RP11-607P23.1,0.031288255
RP11-96B2.1,0.031286996
RP11-597M12.2,0.031286016
RP11-302F12.10,0.03128414
MAGEB2,0.031283926
TMEM254-AS1,0.031283908
RP11-519G16.5,0.03128301
AC005237.4,0.03128194
LINC00886,0.031279244
RP5-1033H22.2,0.031277336
RP11-81H14.1,0.031277157
KIF9-AS1,0.031277142
RP11-498C9.17,0.03127528
AC024592.12,0.031274747
RP4-640H8.2,0.031273264
CTC-480C2.1,0.03127192
TRAV12-1,0.031268634
RP6-65G23.5,0.031265557
RP11-528A4.2,0.031265195
RP1-55C23.7,0.03126507
C11ORF52,0.031263508
RP11-126O1.6,0.031263437
AP001046.5,0.03126244
RP11-405A12.2,0.03126187
RP11-663N22.1,0.031261135
IGLV3-9,0.031260706
SPATA45,0.031260706
RP11-70C1.3,0.031260688
RP11-495K9.6,0.03125998
AC016907.3,0.03125947
RP11-132A1.4,0.031258553
RP11-203B7.2,0.031256117
AC005329.7,0.031252276
RP11-57A19.2,0.03125169
RP11-736N17.11,0.031248948
SMIM17,0.031248871
C2CD4C,0.031247014
PRKG1-AS1,0.03124683
CDKL1,0.031246454
SUSD4,0.031246062
PCDH8,0.031244626
RP13-631K18.3,0.031243304
RP11-713N11.4,0.031239092
IGHV3-7,0.031237504
RP11-139K4.2,0.031236922
CTD-2105E13.15,0.031236421
RP11-810M2.2,0.031235358
IGHV1-69-2,0.031234274
RP11-320N21.1,0.031233614
RP11-285E9.5,0.03123339
FOXI3,0.031232614
RP11-1136G4.2,0.031232074
C5ORF66-AS1,0.031230208
RP11-1M18.1,0.031229626
RP11-359E19.2,0.031229328
RP11-129M16.4,0.031228835
IGHV3-66,0.03122878
KRT83,0.031227872
RP11-763B22.4,0.031226102
CTD-2245F17.6,0.031225448
RP11-525K10.3,0.031225432
SLC38A8,0.031223664
CTB-127C13.1,0.031220112
RP11-439C15.5,0.031218562
AP000769.7,0.031218413
RP1-179P9.3,0.031217996
CTD-3023L14.1,0.031213963
RP4-704D23.1,0.031210372
RP11-162A12.2,0.031209674
AP000343.2,0.031209463
AC020743.2,0.031208163
RP11-467I17.1,0.03120764
RP5-1142A6.9,0.031205896
GLB1L3,0.031205133
AC009480.3,0.031204427
HIST1H3G,0.03120434
TRAV9-2,0.031204239
RP11-356I2.1,0.0312038
RBM26-AS1,0.031203514
RP11-196G18.23,0.031203425
PALM2,0.03120299
LINC01271,0.031201044
KRT72,0.031200271
RP11-552D8.1,0.031199325
KCCAT211,0.031198997
RP11-427J23.1,0.031198919
CTD-2619J13.27,0.031198833
SPATA32,0.03119806
DLG3-AS1,0.031197593
FAM86B2,0.031197404
RP11-308D13.3,0.03119579
FAM132B,0.031195551
IGKV1D-17,0.031195352
RP11-253M7.4,0.031193968
RP11-480D4.6,0.031193087
SCHLAP1,0.03119288
LINC01317,0.031192701
RP11-713P17.5,0.031192627
IGHV3-43,0.031191116
RP11-297N6.4,0.031190893
GCC2-AS1,0.031187516
AP000275.65,0.031186312
RP11-298J23.8,0.031186244
IGHV3-30,0.03118603
RP11-108P20.4,0.031185579
RP11-190D6.2,0.031185275
CTD-2623N2.5,0.031185072
U47924.27,0.031183416
AC012354.6,0.031178167
RP11-16N2.1,0.031177342
LINC01388,0.031177089
BORCS8-MEF2B,0.031176224
TRAV12-2,0.031174999
RP4-790G17.7,0.031174356
RP11-280O1.2,0.031173471
RP11-432I5.4,0.031172711
RP11-589M4.1,0.031169787
RP11-480D4.1,0.031168532
MDS2,0.031166691
RP11-279F6.2,0.031166509
RP11-29H23.4,0.031165043
RP11-84A19.4,0.031161433
AC006159.4,0.031159967
LINC00682,0.03115975
CTD-2215E18.1,0.03115877
RP11-308B5.2,0.031156247
RP11-431K24.1,0.031154152
RP11-568A7.2,0.031153971
LINC00319,0.031153604
AL589743.1,0.031152517
AC092839.3,0.031151101
RP11-800A18.4,0.031146625
RP11-377G16.2,0.031146001
RP11-170N16.3,0.031143636
CTC-573N18.1,0.031143297
C9ORF50,0.031141441
HIST2H4B,0.03114051
TMEM51-AS1,0.031140495
AC096670.3,0.031138325
AC005609.17,0.031136114
RP11-18C24.8,0.031134192
RP11-762H8.1,0.031132985
CTC-490G23.6,0.031131893
RP11-348J24.2,0.031129163
RP11-184M15.1,0.031127501
AC009120.4,0.031127349
RP11-414C23.1,0.031125277
RP11-80H5.9,0.03112326
RP11-118K6.3,0.031119231
HOTTIP,0.03111806
AF127577.8,0.031116614
TSPEAR,0.031115407
C2ORF71,0.031114493
GBP6,0.031114012
CTD-2555O16.1,0.031112438
AC009014.3,0.031111276
TIGD7,0.031109031
FLJ13224,0.031104345
RP11-332J15.2,0.031103577
RFPL2,0.031101748
KB-1471A8.1,0.031101355
RP3-522P13.3,0.031100148
IGKV1-8,0.03109788
ANKRD7,0.031097347
RP11-532L16.3,0.031095807
CTD-2619J13.14,0.03109492
CTC-367J11.1,0.031094804
GPR25,0.031093633
RP11-90E5.1,0.031093195
RP11-538I12.3,0.031093055
CTB-180A7.3,0.031092953
RP11-93K22.6,0.03109226
RP3-335E1.1,0.03108961
AP000473.5,0.031088224
LINC00174,0.031082982
RP11-522I20.3,0.031081885
TRBV28,0.031081533
TRGV3,0.031081002
RP11-1C8.6,0.031079471
CCDC140,0.03107836
CTD-2376I20.1,0.031076673
RP5-1120P11.1,0.031076571
RP11-317L10.1,0.031074908
AC233755.2,0.031073775
JMJD7,0.031073371
RP11-430B1.2,0.031073269
TRAV16,0.031071175
AP003900.6,0.031068385
LINC01484,0.031067526
GTSE1-AS1,0.031065162
CTD-2515O10.5,0.031063836
RP11-89H19.2,0.031063527
GS1-293C5.1,0.031063113
RP11-567J20.3,0.03106229
NXPE1,0.031060496
RP11-850A17.1,0.031060249
KCNJ2-AS1,0.031060105
FOXP4-AS1,0.031059498
RP5-1021I20.1,0.031059276
RP11-17M16.2,0.031057542
AC004775.5,0.031057185
IGKV1-6,0.031056022
AL121578.2,0.031054538
RP1-199J3.7,0.03105374
LINC01146,0.031053588
RP4-536B24.3,0.031053165
RP11-348F1.2,0.03105301
AC016745.3,0.031052828
BHLHB9,0.031050634
CTD-2531D15.5,0.031049743
UBAC2-AS1,0.03104921
AC108142.1,0.031048765
RP11-390E23.3,0.031044772
TRAV22,0.031042963
LINC01125,0.031042567
RP11-439C15.4,0.031041067
IGLV1-51,0.031038698
AJ003147.8,0.031038579
CTD-2126E3.3,0.031038236
RP11-660M5.1,0.031037495
AC010894.5,0.031037102
RP4-539M6.14,0.031036887
TRAV23DV6,0.031036835
TTC22,0.031032532
RP11-359B12.2,0.031030785
RP11-160E2.11,0.031030735
RP11-1250I15.3,0.031030202
ZNF443,0.03103007
RP11-257O5.4,0.031029636
A.3,0.03102753
RP11-50D16.4,0.03102679
HDAC11-AS1,0.031025311
DLX6-AS1,0.031024763
RP1-67K17.4,0.031024287
PGM5P4-AS1,0.031024242
FAM212B-AS1,0.031023303
CTD-2116N20.1,0.03102323
RP5-1092A3.4,0.031021658
SERF1B,0.031020394
CTD-2587H19.3,0.03101998
AC106786.1,0.031017307
RP11-456D7.1,0.031016463
AC006160.5,0.03101624
AC002066.1,0.031012202
RP4-773N10.4,0.031011945
LINC00656,0.031010926
RP11-449P1.1,0.03101041
FAM179A,0.031010116
RP11-6O2.4,0.03100929
CTD-2249K22.1,0.031007463
NAP1L2,0.031006604
RP13-1039J1.3,0.031006182
SLC25A25-AS1,0.031005654
HSF5,0.031002745
RP11-15I11.3,0.031002393
RP5-857K21.4,0.03100131
RP11-126O1.5,0.030998612
DLGAP1-AS3,0.030993676
RP1-292B18.3,0.030993
RP4-736H5.3,0.030982498
ATP6V0E2-AS1,0.030982325
CABP7,0.030981835
SMIM2-AS1,0.030981004
RP11-1406H17.1,0.03098068
LL09NC01-251B2.3,0.030980447
LINC00858,0.030979872
RP11-661A12.9,0.03097932
RP11-213G6.2,0.030976277
C10ORF67,0.030974785
PCSK4,0.030971503
RP11-21C4.1,0.030970192
LINC00398,0.030968258
RP11-705O24.1,0.030967098
ITPKB-AS1,0.030963715
KLHL32,0.03096278
LINC00973,0.030962404
RP5-884C9.2,0.03096131
RP11-554E23.2,0.03096127
FAM189A1,0.030960068
SEMA3F-AS1,0.030959532
IGHV4-31,0.030958518
RP11-546K22.3,0.030958116
RP11-148B18.1,0.030957455
FOXG1-AS1,0.030956483
KIAA0391,0.030955866
RP1-315G1.3,0.030955445
RP11-227G15.12,0.030955434
DSCR8,0.03095534
LINC00114,0.030954123
RP11-404O13.1,0.03095383
RP11-625L16.3,0.030952405
AC025016.1,0.03095149
RP11-266N13.2,0.030950516
AF131216.6,0.030942652
AC114730.8,0.030942619
RP11-481J2.4,0.03093926
RP3-416H24.1,0.030938005
SEMA3B-AS1,0.030931652
ACTN1-AS1,0.030930096
RP11-415I12.3,0.03092911
OSTN-AS1,0.03092886
AC009303.1,0.030928677
LINC01213,0.030928407
AL358852.1,0.03092514
TRBV10-3,0.03092494
RP11-39M21.1,0.030924052
ACTA2-AS1,0.03092366
RTP5,0.030920867
LINC01305,0.0309191
TNK2-AS1,0.030918356
AP005530.2,0.030914316
SLC2A12,0.030913163
RP11-390F4.3,0.030907974
AC007381.3,0.030907776
RP11-81A22.5,0.030907001
AC129778.2,0.030905157
RP11-327J17.2,0.030904377
RP11-452L6.7,0.030903995
UCHL1-AS1,0.030903172
PRR7-AS1,0.03090184
LINC01485,0.030898195
RP11-139I14.2,0.030896287
PCDHB13,0.030892977
RP11-156K13.2,0.030892765
LINC01534,0.030891532
RP11-135D11.2,0.030891027
FAM69C,0.030890908
RP11-497G19.2,0.030890366
KB-1836B5.4,0.030890172
RNF175,0.030889979
RP11-463J10.2,0.03088752
SHANK2-AS1,0.030885648
CTD-2008P7.1,0.030884588
RP4-694B14.8,0.030877694
MFI2-AS1,0.030875629
RP11-91I8.3,0.030875009
SPACA3,0.030871209
CTD-2306M5.1,0.030871043
RP11-305K5.1,0.030869354
RP11-21L23.3,0.030868297
CTD-2566J3.1,0.030866152
RP11-252A24.3,0.030861054
GRTP1-AS1,0.030860554
RP1-266L20.2,0.030853998
LANCL1-AS1,0.030853014
RP1-135L22.1,0.030851161
BTBD17,0.030850131
HIST1H2BO,0.030848175
RP11-303E16.5,0.030846989
RP11-165E7.1,0.030846607
RP11-710C12.1,0.030843968
VSTM2B,0.030843591
TRAV26-2,0.03084324
RP11-363D14.1,0.030843046
LINC00977,0.03084236
LINC01338,0.03084169
AC019117.1,0.030840883
RP1-140K8.5,0.030840714
RP11-900F13.2,0.030840566
HEATR4,0.030839425
RP13-465B17.4,0.030839253
RP3-388M5.9,0.03083795
RP11-318A15.8,0.03083266
AF127936.3,0.030832285
AP000866.1,0.030829614
LINC00336,0.030829007
RP11-348P10.2,0.030828366
PTCHD4,0.030828005
RP5-1092A3.5,0.030827075
C11ORF85,0.03082655
LRRC2-AS1,0.030824099
SLC25A34,0.030823251
RP11-352G9.1,0.030822247
PADI1,0.030822065
AP001062.7,0.030821154
CTD-2366F13.1,0.030820617
RP11-25H12.1,0.030820126
CLPSL2,0.030818796
ERICH5,0.030818358
RP11-689B22.2,0.03081673
KB-1466C5.1,0.030815389
RP11-307C18.1,0.030813035
FAM196B,0.030812109
RP11-387A1.5,0.030811852
RP4-593C16.4,0.030809144
LINC01033,0.030805875
RP11-54O7.1,0.030804072
C6ORF47-AS1,0.030804034
IGLC5,0.030799353
ZNF536,0.030798757
CTC-479C5.6,0.03079758
RP11-511B23.2,0.03079724
H1FX-AS1,0.030795742
RP1-267L14.6,0.030795086
CTD-2015H3.2,0.030794328
RP11-521B24.3,0.030793956
RP11-876N24.2,0.030791232
ZNF594,0.030790547
RP11-383M4.6,0.030788947
SUCLA2-AS1,0.030788809
RP11-814H16.2,0.030788373
RP11-108L7.14,0.030786654
RASA4B,0.03078663
IGLV4-60,0.030786077
CTD-2314G24.2,0.030784871
RAB19,0.030784447
RP11-372H2.1,0.030782063
C22ORF42,0.030781612
PRDM13,0.030778358
TNKS2-AS1,0.030777385
LINC01545,0.030776197
TPBGL,0.030773941
LINC00592,0.030770754
AC005624.2,0.030768853
RP11-290O12.2,0.030763796
IL21R-AS1,0.030763755
NLRP2P,0.030763099
RP11-54H7.4,0.030762982
TMEM40,0.03076278
RP11-618K13.2,0.030761499
RP1-10C16.1,0.030761028
RP5-837J1.6,0.030760845
LA16C-325D7.2,0.030760277
KB-1208A12.3,0.030752024
RP11-242F24.1,0.03075025
ZNF324B,0.030749768
RP11-409K20.6,0.03074568
ARHGEF38,0.030743245
AC007292.3,0.030742858
AC022182.1,0.030740464
CTD-2506J14.1,0.03073411
RP11-327F22.4,0.030732265
RP4-669H2.1,0.030731807
RP11-146F11.1,0.030728826
RP11-79M19.2,0.030727103
PKIA-AS1,0.030726025
RP11-95I16.2,0.03072491
RP11-168F9.2,0.03072222
FAM57B,0.030721769
RP11-699A5.2,0.030720267
RP11-110A12.2,0.030717546
AC002076.10,0.030711869
RP11-510M2.2,0.030707631
RP11-459O16.8,0.030706177
LINC01055,0.030705849
RP11-434P11.2,0.03070521
RTBDN,0.030704835
RP11-402G3.3,0.030704696
RP11-728F11.4,0.030700633
CEND1,0.030697351
RP11-805I24.1,0.030697247
CTD-2325P2.4,0.030696163
RP11-320G24.1,0.030691933
RP11-714L20.1,0.030688763
C20ORF144,0.030688703
CTD-2623N2.11,0.030687887
RP5-906C1.1,0.030687714
TTC24,0.030686313
LINC01361,0.030682465
SYT6,0.030682195
RP11-342D11.2,0.0306806
RP3-467N11.1,0.030678634
RP3-388N13.5,0.0306785
AC046143.3,0.03067654
CTB-32O4.2,0.030675802
C1ORF141,0.030673902
MIR202HG,0.030669684
RP11-2B6.2,0.03066926
HR,0.030665511
ZFP92,0.030663973
C3ORF36,0.030663323
RP11-115D19.1,0.030662853
RP11-296I10.3,0.030662432
FABP12,0.030660566
LRRC56,0.030659396
RP3-323A16.1,0.03065604
FSTL4,0.030655395
RP11-386G11.10,0.030650208
RP11-408N14.1,0.030649137
SCOC-AS1,0.030649105
VSTM5,0.030648703
IFT74-AS1,0.030648127
AP003774.4,0.030647233
RP11-536G4.2,0.030644804
ARAP1-AS2,0.030642081
ZNF547,0.030640956
RP11-164H13.1,0.030640274
AF003625.3,0.030636644
RP11-266K22.2,0.03063247
RP11-428K3.1,0.030631099
AC079354.3,0.030629992
AC100830.4,0.030629788
RP11-977G19.10,0.030629355
TIGD4,0.030624676
RP11-923I11.4,0.030622382
RP4-798A10.2,0.030621227
RP11-755F10.1,0.03062061
RP11-401P9.4,0.03061617
RP11-10K16.1,0.030615548
RP5-892K4.1,0.030615008
DLX4,0.0306137
MIR646HG,0.030612525
KCNK15-AS1,0.030611563
RP11-276H19.2,0.030605972
CTD-2013N17.7,0.030605871
LINC01394,0.03060312
RP11-131L12.3,0.030602548
MGC16275,0.0306025
RP11-815M8.1,0.03060249
FAM187B,0.030601686
CTB-193M12.1,0.030594766
RP1-101G11.3,0.030594379
KRTAP1-5,0.030593265
CTD-2517O10.6,0.030591246
RP11-608O21.1,0.030591166
IGLV5-45,0.030590761
LINC01539,0.0305906
LINC01291,0.030590227
RP11-575H3.1,0.030589262
RP11-1060J15.4,0.030588785
AC110615.1,0.030587185
OVOL1,0.030586058
ZNF32-AS1,0.030582577
AC005757.6,0.030582538
CTD-3096M3.1,0.030581702
CTB-186H2.3,0.030581448
RP11-290F5.2,0.030580062
CTD-2313J17.7,0.030575713
LINC00441,0.030574888
TRBV2,0.030573118
RP11-588G21.2,0.03057304
AC007403.2,0.030572932
RP11-259O2.1,0.03057223
CYSRT1,0.030571992
RP11-367J7.3,0.030571576
RP11-14C22.6,0.030571062
LGALS14,0.030563688
RP11-1149O23.2,0.03056324
RP11-111M22.2,0.030562758
XXBAC-BPG154L12.5,0.030562561
CH507-513H4.4,0.030562365
RP11-268G12.3,0.030561868
RP11-620J15.2,0.03056128
LA16C-60D12.2,0.030556196
RP11-146I2.1,0.03055588
CTC-242N15.1,0.030555483
KIAA2022,0.030553967
PRSS46,0.030553887
RP11-527D7.1,0.030552235
CTB-176F20.3,0.030551627
AC007009.1,0.030547937
RP11-429E11.3,0.030547097
CTD-2619J13.13,0.030546283
LINC01115,0.030544892
PCDHAC1,0.030543055
RP11-525A16.4,0.030542016
MEIS1-AS2,0.030541137
RP11-439E19.9,0.030540794
RP11-301G7.1,0.030538654
ZNF410,0.030536944
RP11-818F20.5,0.030535374
RP11-379K22.2,0.03053467
RP11-680F20.10,0.030533204
ZNF280C,0.030531377
RP11-304F15.4,0.030529033
CTD-2196E14.5,0.03052855
RP3-462D8.2,0.030524801
LINC01569,0.03052102
TSPO2,0.030518949
RP5-1107A17.3,0.030518422
IGKV1-16,0.030517157
RP11-686F15.2,0.030516502
IGKV3-11,0.030513773
AC009133.21,0.030512655
ANKDD1B,0.030512497
CTD-2534I21.8,0.030511633
PGBD5,0.0305114
LINC01524,0.030511007
CLEC17A,0.030507347
METTL21C,0.030506322
AC007386.4,0.030505544
RBAKDN,0.030503605
RP11-210K20.2,0.030502805
Z83851.4,0.030501489
KRT73-AS1,0.030499335
RP11-436D23.1,0.030497825
AIM1L,0.030496055
RP11-1057B8.2,0.030494357
CASC16,0.030493354
RP11-162A12.4,0.030493278
VSIG1,0.030492902
RP11-334A14.5,0.030490464
SP2-AS1,0.030488646
RP11-78B10.2,0.030487621
RP11-211C9.1,0.03048355
RP11-775D22.2,0.030480802
RP11-775C24.3,0.03047871
NKX1-2,0.030476462
RP11-400N9.1,0.030475575
CTD-2227E11.1,0.030475434
RP11-121M22.1,0.030474812
RP11-256I23.1,0.0304739
CTD-2162K18.3,0.030472374
GPR158-AS1,0.030471196
RP11-62C7.2,0.03046985
RP5-1039K5.16,0.030467559
AC007131.1,0.030467402
AP000344.3,0.030466383
AC003956.1,0.03046599
RP3-325F22.3,0.030464869
CTD-2521M24.8,0.030464593
CTD-2525I3.3,0.030462503
AC104667.3,0.030462017
SEC24B-AS1,0.030461228
RP11-1036E20.9,0.030455986
LINC01574,0.030455679
CTD-3126B10.4,0.030452866
C4ORF17,0.030449983
CTC-232P5.3,0.030449877
ADAMTS19,0.030444685
C10ORF55,0.030443404
DKFZP434I0714,0.030441979
RP11-196G18.24,0.030440936
RP6-191P20.4,0.030438911
RP11-400N13.1,0.030434918
IGKV3D-11,0.0304299
NTM-AS1,0.030427631
RP4-799D16.1,0.03042612
RNF222,0.030422369
RP11-407G23.7,0.030421238
RP11-98G7.1,0.030420419
RP11-964E11.2,0.03041937
AP000223.42,0.030412793
LINC01597,0.030412499
SIX3-AS1,0.030412126
CTD-3193O13.12,0.03040717
CRIP3,0.030406684
RP11-324O2.3,0.03040651
C1ORF87,0.030405473
CERS3-AS1,0.030404216
RP11-153F10.2,0.030403018
RP11-314C16.1,0.030402407
PCAT29,0.03040043
OVOL3,0.030398134
TRAV21,0.030396426
RP11-246K15.1,0.030394983
FITM1,0.030393401
AC008269.2,0.030389598
C8ORF89,0.030386126
TRAV8-2,0.030385826
ATP11A-AS1,0.030384049
IGKV3-20,0.030381879
HIST1H2BM,0.030381337
LINC01344,0.03038063
RP11-713M15.2,0.030379865
RP11-304L19.12,0.030377785
AC139099.5,0.030374948
AF129408.17,0.030374255
GPC5-AS1,0.03037351
LINC01297,0.030372288
LINC00957,0.030370146
XXBAC-BPGBPG55C20.3,0.03036865
FOXD4L1,0.030367915
RP4-621N11.2,0.03036581
RP11-197N18.7,0.030364031
RP11-231E6.1,0.030363929
RP11-164P12.3,0.030357594
RP11-265N7.2,0.030357394
PCDHB16,0.030356724
CCAT1,0.030356562
RP11-321N4.5,0.030352449
RP11-460I13.2,0.030351069
LMLN-AS1,0.0303487
RP11-418J17.1,0.030347088
ERVV-1,0.03034614
RP11-166A12.1,0.030345788
RP1-34H18.1,0.030345429
HRAT92,0.03034032
RP11-635L1.3,0.030340005
LINC00989,0.030339325
LINC00282,0.030335266
AC104654.1,0.030335123
RP11-839D17.3,0.030333221
MIR2052HG,0.030331755
LINC01393,0.030330326
RNF148,0.030325856
RP3-329E20.2,0.03032504
CLLU1OS,0.030323649
C9ORF173-AS1,0.030322677
RP11-324L17.1,0.03031933
RP11-116O18.3,0.03031894
RP11-1079K10.2,0.030317694
GLIDR,0.030316228
TRBV4-1,0.030315379
CTD-2184D3.5,0.030314768
IGHV6-1,0.030313212
AP001063.1,0.030311275
LINC01507,0.030310601
RP4-710M16.2,0.030310536
LINC01551,0.030308142
RP3-508I15.19,0.030307759
RP5-858L17.1,0.030303383
RP11-517A5.7,0.030302897
RP11-571M6.18,0.0303026
RP11-368I23.3,0.030299878
AC093110.3,0.030297974
TCEAL5,0.030296404
RP11-490G2.2,0.030296106
AC073130.3,0.030294199
RP11-519G16.3,0.030293938
LINC01259,0.03029367
AC112721.1,0.030293275
LINC00852,0.030292947
RP11-91P24.7,0.030289078
CTD-2171N6.1,0.030289058
RP11-134G8.5,0.03028827
DFNB59,0.030287366
RORA-AS1,0.03028295
RP11-493L12.3,0.030282324
RP11-747D18.1,0.030280486
RP11-182M20.2,0.03027966
SEPT5,0.030278355
RP11-69C13.1,0.03027601
LINC01093,0.030275088
RP11-93B14.9,0.030274212
DPYD-AS1,0.030271968
RP11-238K6.1,0.030271728
AC006262.5,0.030266657
C8ORF86,0.03026636
RP11-483P21.2,0.030264163
HAGLROS,0.030262936
AD000671.6,0.03026099
RP4-809F18.1,0.03025876
CTD-2017C7.1,0.030258477
CTA-221G9.12,0.030252641
GS1-72M22.1,0.030247957
RP4-712E4.1,0.030247292
RP11-90D4.3,0.030246073
IL12A-AS1,0.030243307
AC004623.2,0.030242214
CTC-321K16.1,0.03024133
RP11-434I12.3,0.030240908
C11ORF16,0.03024007
FRMD5,0.030239169
HCG9,0.03023862
ZNF486,0.030238569
C15ORF59,0.030237865
RP11-936I5.1,0.03022946
RP11-500G22.5,0.030227488
AC004448.5,0.030227404
RP11-471M2.3,0.030227203
RP11-192P3.4,0.030225689
AC226118.1,0.030224968
RLTPR,0.030224487
RP13-753N3.1,0.030223101
ZNF718,0.030223096
RP13-580F15.2,0.0302217
ZMYND12,0.030221444
CTA-223H9.9,0.030221436
RP11-863K10.7,0.03022096
RP11-46F15.2,0.030219277
JAZF1-AS1,0.03021887
RP11-776H12.1,0.030218503
RP11-295H24.4,0.03021473
RP11-61A14.4,0.030212393
RP11-236L14.1,0.03021212
FEZF1,0.030211985
RP11-20B24.7,0.030210644
CLEC2L,0.030210618
RP11-446F3.2,0.030210275
PLEKHG7,0.0302095
SMAD1-AS1,0.030207824
NPIPA5,0.030206824
IGKV1-39,0.030206095
AC118754.4,0.030205522
RP11-268J15.5,0.030202229
RP11-290F5.1,0.030201096
AC004158.3,0.030199653
IGLV1-44,0.030198863
AP001626.1,0.030198574
CTD-3214H19.6,0.030198362
RP11-309L24.4,0.03019611
ZNF252P-AS1,0.030195693
RP5-978I12.1,0.030194957
RP4-666F24.3,0.030192172
MLLT4-AS1,0.030191343
AC007392.3,0.030191088
RP11-10A14.9,0.030191008
AC005616.1,0.030190725
HIST1H2BK,0.030190164
RP11-98I9.4,0.030189136
RP11-178C3.2,0.030188108
C22ORF23,0.030186772
LHFPL1,0.030186594
AC002115.9,0.030183813
RP11-379F4.9,0.030182797
RP11-496H1.2,0.030181091
RP11-155O18.6,0.030180687
NPIPB7,0.030177165
TMEM9B-AS1,0.030174766
RP11-449H3.3,0.030171487
ARHGAP26-AS1,0.030170966
RP4-799P18.2,0.03016763
RP11-255E6.6,0.030167058
LINC01583,0.030166838
BSN-AS2,0.03016614
RP11-295P9.12,0.030164126
TISP43,0.030163517
AC004449.6,0.030158166
FRY-AS1,0.03015693
RP11-419J16.1,0.030155882
RP11-105C19.1,0.030154686
SNRK-AS1,0.030154277
RP11-108K3.1,0.030154252
RP11-561B11.6,0.03015389
LINC01183,0.030152852
AP001626.2,0.030152123
RP11-1149O23.4,0.030151028
RP11-573D15.2,0.030149922
AC103563.9,0.030145984
PRR25,0.030145982
FAM133A,0.03014484
RP11-267M23.4,0.030143853
RP11-961A15.1,0.030143738
AC012314.8,0.030142497
RP11-70D24.3,0.030141974
TBX10,0.030140791
UBAP1L,0.030139852
RP11-145M9.5,0.030135801
OR7D2,0.030133981
AC004231.2,0.030133331
LINC01037,0.030132895
AC034187.2,0.03013148
RP11-7F17.5,0.030131262
AF127936.5,0.030130258
CH507-254M2.3,0.030129388
RP11-137H2.4,0.030126596
ITPR1-AS1,0.030125612
RP11-121E16.1,0.030125469
ERVK-28,0.030125042
CTD-3105H18.14,0.030124795
FAM83C-AS1,0.0301222
TMEM210,0.030118758
RP11-589C21.6,0.030117571
PPT2-EGFL8,0.03011636
TRBV27,0.030114943
RP11-955H22.1,0.030114364
FAM71A,0.030113619
RP1-56K13.2,0.030112138
AC073133.2,0.030109107
RP11-347J14.7,0.030107846
RP11-256L11.3,0.030107612
RP11-798L4.1,0.030106222
ZNF391,0.03010494
RP11-663P9.1,0.030103376
AC004053.1,0.030102456
RP13-895J2.3,0.030101752
RP11-834C11.5,0.030100983
AP001434.2,0.030100595
RP11-152P23.2,0.03009962
RP11-108M9.6,0.030098662
AC105760.2,0.030097347
RP4-745E8.2,0.0300973
KB-1460A1.3,0.030097285
CTC-428G20.6,0.03009643
LINC01273,0.030093959
CTD-2619J13.3,0.030093437
IGHV3-33,0.030092547
LINC00437,0.030092394
RP11-584P21.2,0.030092036
SH2D6,0.03009202
YEATS2-AS1,0.030091371
DPP10-AS1,0.030090839
ELFN2,0.030089054
RP11-134G8.7,0.030089015
RP11-380D23.2,0.030086648
LINC01135,0.030085957
AC026202.3,0.030084541
IGLV3-25,0.03008384
RP11-407H12.8,0.03008287
TTBK1,0.030082244
RP11-436K8.1,0.030081462
TRBV11-2,0.030080657
GARNL3,0.03008061
RP11-336K24.5,0.030080229
U51244.2,0.030079594
ZNF732,0.030079287
FAM87B,0.03007775
LINC01422,0.030077707
RP11-268F1.3,0.0300777
RP4-541C22.5,0.030077334
RP11-82L7.4,0.030075455
TMEM182,0.030072417
AC105052.2,0.030071318
TEX29,0.03007051
RP11-429J17.7,0.030067947
CH17-437K3.1,0.030067062
RP11-123B3.2,0.030061746
KRT40,0.03006103
RP11-890B15.2,0.030060729
RP11-123K3.9,0.030058116
CT62,0.030056288
PRSS42,0.030056184
LINC01451,0.030054143
CTC-471J1.11,0.030051121
PALM3,0.030050505
RP11-730K11.1,0.030050289
CDHR4,0.030050129
RP11-269C23.5,0.03004848
C2ORF61,0.030048082
LINC00494,0.030046841
RP11-571M6.7,0.03004674
RP11-50C13.1,0.030046698
CCDC190,0.0300462
RP11-114H21.2,0.030046035
AC078941.1,0.030045697
VWA3A,0.030041683
RP11-800A3.2,0.030040633
LINC00379,0.030040134
ZNF454,0.030034948
RP11-435J9.2,0.030032527
RP11-354P11.2,0.030031815
RP11-114H24.6,0.030030027
AC083843.1,0.030029958
SNHG24,0.030029792
SAPCD2,0.030029666
RP11-770E5.3,0.030027185
CTD-2532N20.1,0.030026695
RP11-856M7.6,0.030026462
RP11-21L1.1,0.030026143
RP11-344A16.2,0.030026052
RP11-466P24.6,0.030025953
CTC-505O3.3,0.030024668
NPIPB9,0.03002376
IGHV3-21,0.030021366
AC005019.3,0.030021016
RP11-504A18.1,0.03002075
AC012442.6,0.03002066
RP11-346C4.3,0.03002063
RP11-446J8.1,0.030018648
RP11-378J18.8,0.030017585
C1ORF74,0.030016607
RP11-263K4.3,0.030015323
RP11-734I18.1,0.03001213
AC005477.1,0.030011961
C7ORF33,0.03000893
RP11-875O11.1,0.03000778
CCDC150,0.030007308
RP11-331F9.3,0.030005569
CTC-537E7.2,0.030003887
SMC2-AS1,0.030002153
LINC01267,0.030000022
IGKV3D-15,0.029998451
AP001627.1,0.029996585
C10ORF91,0.029995894
RP11-313F23.4,0.029994229
RP11-265N7.1,0.029994141
RP11-497E19.2,0.029993717
RP11-619A14.3,0.029993474
RP11-756G20.1,0.029993176
RP11-191L9.4,0.029992849
RP11-102L12.2,0.029992681
AC010761.8,0.029991452
ENOX1,0.029990941
RP5-1009E24.8,0.02999087
A.3.1,0.02999046
ZNF716,0.02998967
RP1-292L20.3,0.029988158
AC024560.2,0.029987723
CTC-441N14.2,0.029985484
RP1-168L15.5,0.02998433
CCDC148,0.029983228
DRICH1,0.02998205
RP3-355L5.5,0.029980848
C20ORF195,0.029980594
RP5-1070A16.1,0.029980484
FOXC2-AS1,0.02997857
LINC01229,0.029977988
RP11-205M3.3,0.02997751
OTOS,0.029975528
RP11-61A14.1,0.029975008
RP11-13K12.2,0.02997314
CTD-2256P15.1,0.029972324
RP11-457M11.5,0.02997021
RP11-826N14.1,0.029969875
RP5-1066H13.4,0.029963752
ZNF860,0.029961944
RP4-604G5.1,0.029960286
CTD-3128G10.6,0.029959088
WDR87,0.029956501
HES7,0.029955983
CTA-384D8.36,0.029955622
RP11-277B15.3,0.029955145
AP001257.1,0.029954772
GOLGA6L22,0.029953908
CH17-262H11.1,0.029953714
CTD-2366F13.2,0.029953102
ZBED2,0.029947635
RP11-649E7.5,0.029947272
RP11-533E19.5,0.029946398
RP11-2E11.9,0.029945787
RP11-713N11.6,0.029944662
C3ORF67,0.029944584
RP11-732A21.3,0.029943537
RP11-138I18.2,0.029941708
LINC00589,0.02993911
TM4SF19-TCTEX1D2,0.029938418
ALG13-AS1,0.02993689
RP1-251M9.2,0.029936507
CEBPA-AS1,0.029936066
RP11-416N2.4,0.029934833
CTD-2240J17.2,0.029934675
LLNLF-187D8.1,0.029932762
VN1R2,0.029932117
RP11-380I10.4,0.029931534
RP11-439E19.7,0.029931422
AP001596.6,0.029929522
RP11-159H10.3,0.029929081
SLC4A10,0.029927159
RP11-432J24.5,0.02992684
BACH1-AS1,0.02992574
CTD-2008P7.9,0.029921329
NDUFB2-AS1,0.029920083
RP11-1094M14.12,0.029919911
RP11-575L7.4,0.02991941
IGKV1D-39,0.029917676
LMNTD1,0.02991561
RP3-467D16.3,0.029914076
GLOD5,0.029913876
RP11-574F21.2,0.029913833
RP11-533E19.7,0.029913133
ARHGEF39,0.029913014
SPATA13-AS1,0.02990808
LINC00539,0.02990681
RP11-161M6.2,0.029906357
MNX1-AS1,0.029905647
CTD-2600O9.1,0.029905602
C12ORF74,0.029904377
RP5-899B16.1,0.029903393
RP11-627G18.4,0.029899795
LINC00113,0.029898038
SLC26A10,0.029897857
RP13-766D20.2,0.029897034
DMRTA2,0.029895078
RP4-671O14.7,0.029893752
AL163953.2,0.029892266
MYOM3,0.029892165
AC133785.1,0.029890332
RP5-827C21.6,0.029888565
RP11-395N3.2,0.029885644
LINC00200,0.029885342
XXBAC-BPG27H4.8,0.029883843
RP11-98D18.16,0.029882226
C8ORF34-AS1,0.029881258
RP1-191J18.66,0.02987957
INHBA-AS1,0.029877877
RP11-713N11.5,0.02987709
GRM7-AS1,0.029876828
AC007364.1,0.029873395
RP1-102K2.8,0.029869938
C17ORF53,0.029867992
RP11-752G15.8,0.029866269
AL354822.1,0.029864669
RP1-207H1.3,0.02986372
TRAV6,0.029861817
IGLV7-43,0.029861474
RP11-406H23.2,0.029860064
ARHGAP40,0.029859494
RP11-523L20.1,0.02985841
USP43,0.029856686
ZBTB20-AS3,0.029852983
AP000350.10,0.029852796
ZNF337-AS1,0.029851148
RP11-104L21.3,0.029851114
CTC-297N7.9,0.029850557
RP11-464C19.3,0.029846435
RP11-544D21.2,0.029842485
KRTAP4-6,0.029841285
RP11-502H18.2,0.02984124
TESC-AS1,0.029839167
RP13-580B18.4,0.029838419
IGKV2-24,0.029833991
KRTAP13-2,0.02983382
SYP-AS1,0.029833764
RP11-89C3.3,0.02982808
RP11-455F5.3,0.029827595
RP11-380D23.1,0.029827561
AC005537.2,0.029826533
LINC01376,0.029825743
LINC01579,0.02982473
OLMALINC,0.029823715
PHGR1,0.029822752
AC097713.4,0.029822553
RP11-661A12.12,0.029822513
C17ORF47,0.029821977
RP5-1073O3.2,0.029821709
LINC01118,0.02982006
RP1-138B7.7,0.029816452
RP11-333E1.1,0.02981568
RP11-834C11.8,0.02981562
IGKV6D-21,0.029814953
CTC-529I10.2,0.02981325
RP11-172H24.4,0.029813122
CTD-2037L6.2,0.029808909
ENO1-AS1,0.029806787
CTD-2026K11.6,0.02980647
CTD-3032H12.2,0.029804561
RP11-182J1.17,0.029803813
RP11-495P10.3,0.029803704
RP11-167J8.3,0.02980351
XXBAC-BPG181M17.6,0.029801598
CTD-2369P2.10,0.029795459
RP11-260A9.6,0.029793669
RP11-252E2.1,0.02978924
RP11-422N16.3,0.029788781
AP001059.5,0.02978841
RP11-667M19.2,0.029787978
ADAMTS18,0.029784415
RP11-358B23.5,0.029784402
CTD-3065J16.9,0.029783105
DCDC2B,0.029782396
CTC-436P18.3,0.029780746
LINC01024,0.029779468
HAR1A,0.029779384
RP11-284F21.7,0.029775038
KCNH5,0.029774943
RP11-15L13.4,0.029773325
MGC32805,0.029769957
RP11-278C7.4,0.029768523
ZNF488,0.02976099
BHLHE40-AS1,0.029760385
LINC00163,0.029753512
RP11-809C18.3,0.02975232
RP13-582O9.7,0.029751252
HMX1,0.02974983
XXBAC-B135H6.18,0.02974915
ZNF517,0.029747386
LL0XNC01-16G2.1,0.029745555
RP11-434C1.2,0.029744875
LINC00853,0.029743135
KCNMB2-AS1,0.02974252
RP11-1275H24.1,0.029740244
LINC01572,0.029740209
RP11-542M13.2,0.029739758
IGHV4-59,0.029737804
WFDC11,0.029737439
RP11-445L6.3,0.0297372
C4ORF50,0.029732862
AC010091.1,0.029731387
C15ORF62,0.02973097
RP11-363J20.1,0.029730532
FGF13-AS1,0.029726693
CCDC181,0.02972306
AC009120.10,0.029717123
MYO16-AS1,0.029717099
BP-2189O9.3,0.029716622
AC002429.5,0.029714212
AC073641.2,0.02971316
XXBAC-B444P24.8,0.029712135
KRTAP4-8,0.029710311
RP11-61G19.2,0.029709881
RUNDC3A-AS1,0.029706767
LINC01391,0.029705707
RP11-445F6.2,0.029705655
RP1-78B3.1,0.029705461
RP11-36B15.1,0.029702505
RP11-61F12.1,0.029700998
C4ORF22,0.029700836
RP3-413H6.2,0.029700106
CTB-127M13.1,0.029699415
CLPSL1,0.029698748
RP11-515O17.2,0.029698368
IGHV4-34,0.029697264
RP11-42I10.1,0.029696539
CTD-2506P8.6,0.029695213
RP11-10J21.4,0.029693762
CTD-3222D19.11,0.029693756
RP11-586K2.1,0.029692993
RP11-680N20.1,0.0296912
AP000320.6,0.029687533
RP11-474C8.8,0.02968753
SOWAHB,0.02968648
RP4-756G23.5,0.029684683
CTD-2555A7.2,0.029680248
SYT10,0.029678304
AC006273.4,0.029677972
HOXC13-AS,0.029676324
TAS2R13,0.029675957
RNF186,0.02967323
RP11-264M12.2,0.029671093
TRBV29-1,0.029670143
LINC00211,0.0296675
RP11-554A11.7,0.029666785
HMX2,0.029664468
CTD-2380F24.1,0.029663127
RP11-148K1.12,0.029660916
AC004893.11,0.029660681
RP11-510J16.5,0.029656839
C20ORF141,0.029655302
RP11-307E17.8,0.029655
RP13-270P17.2,0.029653007
TRBV5-1,0.02965178
RP11-96D1.5,0.029650668
AGBL5-AS1,0.029648814
RP11-157E21.1,0.029648567
SMIM9,0.029647324
RP11-634H22.1,0.029646784
UBE2F-SCLY,0.029646223
RP11-826N14.2,0.029644752
SLC5A11,0.02964198
AC009961.3,0.029641718
RP11-304M2.5,0.029640418
GS1-120K12.4,0.029639984
RP11-158M2.3,0.029639488
FLJ42969,0.029637989
ANKEF1,0.029636826
RP11-716O23.2,0.029635087
CTAGE15,0.029632479
RP11-159D12.5,0.029628318
TRERNA1,0.029624924
LRRC2,0.02962475
ELSPBP1,0.029623866
NKPD1,0.029623732
AC104534.2,0.02962255
KB-208E9.1,0.029620146
RP11-553P9.2,0.029619077
RP11-849F2.7,0.0296189
KLHL6-AS1,0.02961652
RP11-849F2.5,0.029614637
RP11-305L7.1,0.029611995
RP11-104N10.1,0.029609784
RP11-388M20.1,0.02960731
IGLV3-16,0.029606989
IGKV2-29,0.029604813
AC007193.9,0.029604599
ARHGAP19-SLIT1,0.02960425
RP11-680F20.4,0.029603655
RP11-286E11.2,0.029602408
AC009133.15,0.029601932
LINC00469,0.029601526
RNF133,0.029599616
RP4-761J14.8,0.029599357
RP11-84A14.5,0.029598746
NRK,0.029597735
RP11-12J10.3,0.029597607
RP11-141J13.5,0.029595945
RP11-97C16.1,0.02959383
RP11-111A21.1,0.029591799
RP11-245J9.6,0.029589405
AC112721.2,0.029589128
AC010287.1,0.029588223
RP11-697E2.11,0.02958717
CTB-147N14.6,0.029584292
AL122127.25,0.029582929
RP5-1042K10.13,0.029582832
CTD-2293H3.2,0.02958278
RP11-548H3.1,0.029580649
RP11-556N4.1,0.02957883
CTC-548K16.2,0.029578548
AC010136.2,0.029577807
RP1-159A19.4,0.029575333
HIST1H2AB,0.029572632
C11ORF98,0.02957148
RP11-354K1.1,0.029570242
RP11-595B24.2,0.029570037
RP11-494H4.3,0.029567564
KRTAP1-1,0.029566381
RP11-706C16.7,0.02956416
RP3-492J12.2,0.02956416
LA16C-380H5.6,0.02956376
ZRANB2-AS1,0.029563282
PRSS35,0.029562816
RP11-666A20.4,0.029559394
AC008079.10,0.029559255
GS1-590J6.3,0.029557109
RP11-297L17.2,0.029553574
HLX-AS1,0.029553548
LINC00381,0.029552165
RP11-706O15.5,0.029552136
ANKRD20A1,0.02955175
LINC00976,0.029549208
CALML3-AS1,0.029548297
RP11-148O21.6,0.029548194
RP11-268P4.4,0.029548194
VPS9D1-AS1,0.029547889
PTCHD3,0.029547613
LINC00434,0.029546672
C3ORF35,0.029546326
RP5-894D12.4,0.029544959
GAS1RR,0.029542616
RP1-45N11.1,0.029539818
KRTAP4-7,0.029538777
ZNF578,0.029534906
ANO8,0.02953453
RP1-225E12.2,0.029533451
NHLRC4,0.0295315
AC104135.2,0.02953142
RP11-182N22.8,0.029527273
RP11-506H20.1,0.02952584
AC019186.1,0.02952521
AC008073.9,0.029524554
SIAH2-AS1,0.029524332
RP4-816N1.7,0.029523984
BAALC-AS2,0.029523287
RP11-575F12.3,0.029522916
ZNF835,0.029522082
RP11-111A22.1,0.02952073
RP11-333E1.2,0.029518947
FOXB1,0.029516425
RP11-304L19.13,0.029516269
AC016683.5,0.029515868
CTB-31O20.9,0.02951539
LINC00525,0.02951334
RP11-121A8.1,0.029513266
RP11-136H19.1,0.029511277
AC023128.1,0.029508987
CTC-429P9.1,0.029507656
LINC01127,0.029507365
AC012360.4,0.029505739
RP11-136I14.5,0.029505381
CTD-3064M3.7,0.02950507
EMX2OS,0.029503565
C17ORF77,0.029503545
RP11-299J3.8,0.02950272
RP11-321G12.1,0.029501487
RP11-635O16.2,0.029501474
HIST4H4,0.029500475
TP53TG5,0.029499924
AF127936.9,0.029495517
RP11-532E4.2,0.029494923
LINC00543,0.029492801
CYP1B1-AS1,0.029491734
RP5-1025A1.3,0.029490054
RP11-20B24.5,0.029488856
RP11-454P21.1,0.029486394
RP4-736L20.3,0.029480543
LINC00242,0.029480094
ZNF607,0.029475197
RP11-420A23.1,0.02947473
WWTR1-AS1,0.029474184
RP11-325L12.6,0.029473424
RP11-240M16.1,0.02947102
RP11-973H7.1,0.029470613
RP11-18H7.1,0.029470107
C9ORF153,0.029466059
RP11-568A7.3,0.02946487
CTD-2330K9.3,0.029464435
TRAV26-1,0.029464077
RP11-553A21.3,0.029459927
BBOX1-AS1,0.029459089
RP11-755F10.3,0.029457953
RP11-91I20.3,0.029457688
LINC01235,0.029457634
CTD-2523D13.2,0.029457185
RP11-48G14.1,0.029455002
RP11-863H1.1,0.029454296
PLPPR1,0.02945287
RP11-12J10.4,0.029452324
RP11-48B3.4,0.02944926
RP11-119D9.1,0.029448703
LINC00460,0.029448625
RP11-554E23.4,0.029442275
CTD-2036P10.6,0.029441327
LINC01123,0.0294408
RP11-519M16.1,0.029440772
AC092155.4,0.029440071
RP11-536C5.7,0.029438619
TRAV39,0.029437289
GPR137C,0.029435223
RP11-485G7.6,0.029434368
RP11-77H9.6,0.02943419
RP11-154J22.1,0.029432645
LINC01224,0.029432435
RP11-486M23.1,0.02943243
TRAV12-3,0.029432321
IGLV5-37,0.029431349
RP11-10C24.1,0.029427776
RP11-676J15.1,0.029423675
RP4-724E16.2,0.029416367
DKFZP434L187,0.029414004
RP11-10A14.4,0.029413696
SZT2-AS1,0.029412065
AC108868.5,0.029409057
SEMA6A-AS1,0.029407421
LLNLR-268E12.1,0.029406577
XXBAC-BPG249D20.9,0.029404987
RP11-100N20.1,0.029404506
LINC00704,0.029404366
AP000439.3,0.029404035
AC000124.1,0.029402766
RP11-541P9.3,0.02940045
RP11-653J6.1,0.029396916
CTC-543D15.8,0.02939651
RP11-673P17.4,0.029395211
RP11-88H9.2,0.029394126
RNF212B,0.029393476
ZNF630,0.02939341
RP11-770J1.3,0.029393304
LA16C-431H6.6,0.029389853
CTD-3060P21.1,0.029387265
VPS13A-AS1,0.029384738
NOVA1-AS1,0.029384175
SPATA9,0.02938177
RP11-307C19.2,0.029378846
LINC01212,0.029378772
RP11-264E18.1,0.0293774
LINC01348,0.029377144
AC007099.1,0.029376084
DCST2,0.029375706
RP1-102G20.5,0.029375162
HIST1H2AH,0.029371634
CTD-2231E14.4,0.029371416
RNF139-AS1,0.029370734
AC122136.2,0.029365843
RP11-260O18.1,0.029365722
AC016995.3,0.029365381
AC018359.1,0.029365033
ABHD15-AS1,0.029364532
RP11-661D19.3,0.029363062
RP11-379K17.4,0.029361177
KRT32,0.029360179
C1QTNF5,0.029357662
TTLL11,0.029357433
RP11-362A1.1,0.029356118
AC137932.5,0.029355813
RP11-626G11.3,0.029354135
CTD-2562J17.7,0.029354036
RP11-387D10.4,0.029353539
RP11-359J14.2,0.0293517
LINC01032,0.029351365
RP11-1191J2.2,0.029351085
OVCH2,0.029350478
RP11-195B3.1,0.029350098
RP5-965G21.5,0.029346311
KIR3DX1,0.029343495
RP11-316M1.12,0.029343406
CTD-2047H16.5,0.029342864
RP11-17E13.2,0.02934211
RP11-58G13.1,0.02933618
EPS8L3,0.02933544
EIF2S3L,0.029335251
ARL5C,0.029335221
AC092614.2,0.02933367
ISLR2,0.029333169
AC005220.3,0.029332936
AL354828.2,0.029332107
SMIM10L2A,0.029330108
RP11-676J12.9,0.029328149
KIAA1211,0.029326424
RP11-430H10.1,0.029324656
IGHV1-24,0.029322822
RP11-92G12.3,0.029322395
CSE1L-AS1,0.029320288
RP11-576N17.5,0.029317185
LINC01600,0.029315645
RP11-304L19.11,0.02931408
CTD-3193O13.11,0.029313862
CTB-131K11.1,0.029312676
RP11-655M14.13,0.029311975
RP1-35C21.1,0.029311303
AC092159.2,0.029310297
C9ORF172,0.029310275
RP5-1071N3.1,0.029310131
RP11-426C22.8,0.029309023
RP11-615I2.2,0.029305032
RP11-390P24.1,0.029304367
RP11-22P6.2,0.029303843
RP11-697E2.12,0.029303491
GACAT2,0.02930292
LINC01030,0.029299017
KB-1440D3.14,0.029298395
IGKV1D-16,0.029297601
HIST2H3D,0.029297521
USP2-AS1,0.029297251
DSG2-AS1,0.029297138
C5ORF46,0.029292885
LINC01497,0.029292688
RP11-222K16.1,0.02929132
CTB-113P19.5,0.029291
RP11-124O11.1,0.029288094
RP11-524C21.2,0.029288068
RP11-22C11.2,0.029284496
LINC01460,0.029284095
RP6-91H8.2,0.029283792
AC110769.3,0.029279504
PTCSC2,0.029278863
KC6,0.029278394
KRTAP5-AS1,0.029277733
AC009299.3,0.029276425
SLC22A10,0.029276183
RP11-254F7.1,0.029275825
CTD-3010D24.3,0.029274737
LINC00862,0.029274676
AC016723.4,0.029273868
LINC00871,0.029273579
ZNF648,0.029273445
RP11-19N8.4,0.029273102
RP11-66D17.3,0.029272249
RP11-408H20.3,0.029272083
RP11-863P13.3,0.029271495
C2ORF73,0.029271487
RP11-428J1.5,0.02927063
Z82214.3,0.029269602
FAM163A,0.029269319
CTC-366B18.4,0.029268842
TSPEAR-AS2,0.029267842
AC010969.1,0.02926766
RP11-44D19.1,0.029266601
RP11-106M7.1,0.029261023
RP11-715J22.4,0.029260606
KIAA1210,0.02925981
C6ORF222,0.029259112
C9ORF173,0.02925595
RP11-2C24.7,0.02925454
LINC00971,0.029253626
RP11-210L7.3,0.029253494
LENG8-AS1,0.029253075
RP11-835E18.5,0.029252678
AC093585.6,0.029252145
RP4-646N3.1,0.02925134
RP11-38L15.3,0.029251065
RP3-332B22.1,0.029251024
RP11-368L12.1,0.02925058
RP11-435O5.7,0.029249782
RP1-202O8.3,0.029249113
AF196970.3,0.029248461
RP1-148H17.1,0.029247213
MAFA-AS1,0.029244626
PLA2G4E-AS1,0.029244557
IGSF23,0.029243758
RP11-57G10.8,0.029242937
KCNH4,0.029241007
AC000067.1,0.029240757
ZNF852,0.029240523
KLLN,0.029240126
RP11-462G2.1,0.02923795
IGLV3-10,0.029237349
RP11-162D9.3,0.029237336
PARD3-AS1,0.02923674
SLC16A13,0.029234344
AC073284.4,0.029233541
PSD2,0.029233012
ZNF610,0.029232705
RP11-1C1.6,0.029231995
AL022578.1,0.029230926
RP11-398C13.6,0.029228449
TRBV19,0.029221956
RP11-279O9.4,0.029221797
RP11-640L9.1,0.029215435
RP11-804N13.1,0.029214898
UPK1A-AS1,0.029212106
RP11-545D19.1,0.029211035
DCDC2C,0.029209789
RP11-96B5.3,0.029207468
PGLYRP4,0.02920698
RP11-785D18.3,0.029204477
RP11-299H21.1,0.029203597
RP11-710F7.3,0.029195433
RP11-716O23.1,0.029195374
RP11-37C7.3,0.029195214
AC009495.4,0.029193789
ALKBH3-AS1,0.029193113
RP11-30J20.1,0.029191518
CTC-529G1.1,0.029191306
RP11-325L12.7,0.029187819
AC074366.3,0.029184211
AL360294.1,0.029184032
AL023806.1,0.029182652
LINC00895,0.029181723
AC104024.1,0.029181194
RP11-90B9.3,0.029179249
RP11-549L6.3,0.029178971
SNX31,0.029178822
RNFT2,0.029177532
TRBV7-3,0.029176753
CTD-2035E11.5,0.02917618
RP11-1018N14.1,0.029176151
SIRPG-AS1,0.02917417
LINC01562,0.029173505
RP3-380B8.4,0.02917169
WI2-1959D15.1,0.02916866
KIAA1107,0.029168213
RP3-395M20.2,0.029168135
SAP30L-AS1,0.029167855
RP11-408H1.3,0.029166931
SMAD5-AS1,0.029163873
RP11-171N4.1,0.029161805
LINC00970,0.029160613
TH2LCRR,0.029159525
RP11-417F21.1,0.029159505
LINC00235,0.02915883
RP1-118J21.25,0.0291582
CTD-2089N3.2,0.029157719
RP11-557H15.3,0.029156506
CLDN10-AS1,0.029154548
TET2-AS1,0.029153561
HIST2H2AB,0.02915312
RP11-77H9.8,0.029151937
RP11-66B24.2,0.029151555
AP001059.7,0.029148811
RP11-111J6.2,0.029148351
RP11-805J14.5,0.02914553
RP11-425A23.1,0.029144768
ANKRD33,0.029144261
TAF1A-AS1,0.029144142
SPIN3,0.029143333
BOK-AS1,0.029142743
RP11-418H16.1,0.029142568
DMBX1,0.029141057
PCAT5,0.029138857
RP11-167N5.5,0.029137397
LINC01096,0.029135535
LINC00683,0.02913506
ST3GAL5-AS1,0.029134596
LINC01266,0.02913428
CCDC33,0.02913404
RP11-678G14.2,0.02913354
RP11-761N21.1,0.029131854
RP11-70D24.2,0.029128134
RP11-161I6.2,0.029127177
RP3-522D1.1,0.029126655
HIST1H1A,0.029125568
RP11-428O18.6,0.029125463
SYNE1-AS1,0.029124811
GCOM1,0.029124293
AP000230.1,0.029124236
RP11-440D17.3,0.029123455
RP11-187E13.2,0.029122666
LINC00958,0.029117558
RP11-381P6.1,0.029117236
RP11-254I22.1,0.029116914
LIPJ,0.029114142
RP11-579D7.4,0.029113814
AC018890.6,0.029113535
RP11-309M23.1,0.029113421
CTD-2005H7.1,0.02911142
RP1-142L7.5,0.029111344
RP11-397O8.7,0.029111039
RP11-561I11.3,0.02910937
RP13-890H12.2,0.029108852
HCG15,0.029106662
RP11-330A16.1,0.02910631
IGLV2-18,0.029105881
RP11-1167A19.2,0.029105524
CTB-50L17.5,0.029105019
KIAA0087,0.029102217
RP11-396B14.2,0.029101882
HMGA1P4,0.029101182
RP11-161D15.1,0.029100712
LPP-AS1,0.029099803
KB-1458E12.1,0.02909638
AC112715.2,0.029094735
CTC-448D22.1,0.029093686
RP11-809N8.2,0.029093664
AC005481.5,0.029093478
RP11-426C22.4,0.029092807
CFAP58,0.029092625
CTD-2547L24.4,0.029090345
CTD-2377O17.1,0.02909022
RP11-435O5.4,0.029089427
RP4-680D5.8,0.029089063
AC016768.1,0.02908818
CTD-2626G11.2,0.029084677
LA16C-360H6.3,0.029083485
RP11-121C2.2,0.029083341
RP11-25O10.2,0.029083285
AC019117.2,0.029083168
AC104532.4,0.02908271
SLC5A10,0.029082661
ALX1,0.029076498
CTD-3001H11.2,0.029076483
AC007405.4,0.029075911
SEC14L6,0.029075578
RP11-894J14.5,0.029074764
AL008723.1,0.029073417
EDNRB-AS1,0.029070223
RP11-67L3.4,0.029068884
RP11-227D2.3,0.029068684
CTD-2014B16.3,0.029067025
RP11-203J24.8,0.02906675
LYG2,0.02906448
RP11-1055B8.9,0.029064253
RP4-789D17.5,0.029063433
PCDHGB4,0.029062968
MIR137HG,0.029060623
RP11-65J3.3,0.029060524
RP11-650P15.1,0.02905648
FAM19A3,0.029056232
RP11-492I21.1,0.029056018
HOXA11-AS,0.029055035
HCG23,0.0290527
IGHV3-13,0.029048616
CTD-3154N5.1,0.029046137
RP1-111C20.3,0.029044366
CTB-4E7.1,0.029044295
RP11-115J23.1,0.029043099
CTB-114C7.4,0.029042277
SLC2A1-AS1,0.029040193
CTB-129O4.1,0.029039029
RP11-500B12.1,0.029037615
RP11-281P23.2,0.029035311
RP11-327F22.2,0.02903463
DKFZP434K028,0.029030541
AC006369.2,0.029028028
AKR1E2,0.029028002
RP11-217B7.3,0.02902563
LINC01443,0.029024875
CTB-158D10.3,0.029023638
RP11-282I1.1,0.029023018
RP11-276E15.4,0.029021312
RP11-34F13.2,0.029019281
RP11-299H22.1,0.029018462
RP11-1101H11.1,0.029017413
RP11-79P5.9,0.029016053
EVPLL,0.029013816
C12ORF56,0.02901352
FLJ45079,0.029013012
LINC00540,0.029012691
RP3-510O8.4,0.029012537
CTD-2576D5.4,0.029012451
AC010127.3,0.02901041
AC005534.8,0.029010307
SFTPD-AS1,0.029009953
U47924.29,0.029009167
RP11-239H6.2,0.029008705
CECR7,0.02900816
CCDC129,0.029007727
T,0.029005349
LINC01431,0.029003326
CTC-559E9.1,0.029002756
AC233755.1,0.029002601
PCDHGC3,0.029000366
LINC01468,0.02899957
RP11-680F8.3,0.028999332
RP11-264B17.4,0.028998971
LINC01624,0.028996095
RP5-1158E12.3,0.028994579
RP11-209D14.2,0.02899434
CTA-339C12.1,0.028993994
RP11-314N14.1,0.028991405
RP11-182J1.1,0.0289886
RP11-714G18.1,0.028988546
RP11-503P10.1,0.02898826
ZNF286A,0.028988063
RP11-676J12.7,0.02898663
AP000254.8,0.028986255
PLCXD2,0.028984899
CELSR3-AS1,0.028984144
TTC39C-AS1,0.028982157
RP11-816J8.1,0.02898193
RP11-883A18.3,0.02898168
RP11-771K4.1,0.028980225
RP11-273B20.3,0.028979097
AC116614.1,0.028977413
RP5-1024G6.2,0.028975815
CTD-2619J13.19,0.028975794
LINC00619,0.028973809
RP11-325L7.1,0.028973421
RP11-146F11.5,0.028970975
LINC00840,0.028967792
LINC01124,0.028966855
RP11-92F20.1,0.028965762
RP11-260M19.2,0.028964153
FAM225A,0.028963018
AC006116.12,0.028962707
LINC00648,0.028960194
RP5-1170K4.7,0.028959662
ASB14,0.028956547
AC005307.1,0.028955644
LINC00705,0.028954977
SELV,0.028953409
RP11-284F21.10,0.028952772
AC007050.17,0.028952057
DKFZP434A062,0.028950747
RP11-532F6.4,0.028950026
AQP4-AS1,0.028949434
RP11-332K15.1,0.028947774
RP11-329B9.4,0.028947514
C17ORF99,0.028945768
RP4-781K5.6,0.02894562
SLC14A2-AS1,0.028945226
RP11-521O16.2,0.028944146
RP11-76E17.4,0.028943557
RP11-429J17.2,0.028943101
MIF-AS1,0.028941233
ZNF485,0.028936427
SLCO4A1-AS1,0.028935682
RP11-514P8.6,0.028935367
KB-1991G8.1,0.028934624
CTD-2591A6.2,0.028933957
RP11-180I4.2,0.028932497
RP11-322E11.6,0.028932378
EDRF1-AS1,0.02893069
RP4-569M23.2,0.02892901
RP11-700J17.1,0.028928658
RP11-744K17.1,0.028925579
RP11-750H9.5,0.028922375
AP001468.58,0.028921593
RP11-800A3.3,0.028921574
CTD-2588E21.1,0.02892004
RP11-50D9.3,0.028919091
RP11-863P13.4,0.028916687
MIR4300HG,0.0289155
PCDHA5,0.02891529
RP11-499F3.2,0.028915232
ZNF556,0.028915029
RP11-127B20.2,0.028912256
RP11-286N22.8,0.028911969
RP11-452L6.1,0.028910536
RP4-669P10.20,0.028909322
AP000355.2,0.028906345
RP11-378A13.2,0.028904716
LINC00261,0.02890262
KRTAP5-10,0.028901856
RP11-114H23.2,0.028900122
RP11-1026M7.2,0.028899644
AC002480.2,0.028896252
STK4-AS1,0.028894108
RP11-13N12.1,0.028893296
SPATA41,0.028891265
RP11-327F22.1,0.028889636
CROCC2,0.028888837
POT1-AS1,0.028885847
RP11-433J8.1,0.028885791
RP11-21K12.3,0.02888577
RP11-678G14.3,0.028885325
RP11-1143G9.5,0.028883392
LINC00518,0.02888335
C11ORF91,0.028882464
RP11-412B14.1,0.028879132
AP001058.3,0.0288777
AC084219.4,0.028877277
RP11-220I1.2,0.028876167
AC106900.6,0.028874446
IGLV4-69,0.028871495
PNMA5,0.028871398
RP1-101K10.6,0.02887066
RP11-327F22.5,0.028870452
RP11-33B1.3,0.02886708
C20ORF197,0.028864732
LINC01087,0.028863382
AC007773.2,0.028862422
LINC01479,0.028861511
FAM166A,0.02886127
RP11-63K6.7,0.028860873
DANT2,0.028859671
C10ORF105,0.028859604
RP11-298I3.4,0.028858567
RP11-737O24.5,0.028857324
TFAP2E,0.028855275
AC008440.10,0.02885511
RP11-530C5.1,0.028854584
RP4-539M6.19,0.02885282
C6ORF3,0.02885237
RP11-453A12.1,0.028851563
RP11-326C3.10,0.028851187
RP11-10N23.2,0.028850835
SEZ6,0.028850418
RP11-318C2.1,0.028849628
RP11-140I16.3,0.028849363
RP11-758P17.2,0.02884907
RP11-629B11.5,0.028848916
C11ORF65,0.028848246
LINC01474,0.028847942
TMPRSS5,0.028847653
WARS2-IT1,0.028847318
CTD-2033D15.1,0.02884462
AC010084.1,0.028843662
RP11-283C24.1,0.02884292
D21S2088E,0.02884225
RP11-326K13.4,0.028841335
ZNF695,0.028839067
RP11-112J3.15,0.02883774
RP11-605B16.1,0.028836757
RP1-111B22.3,0.028836647
RP11-18B16.2,0.028834399
FAM225B,0.02883393
AP001610.9,0.028833887
IGLV3-27,0.028832655
RP11-145M9.6,0.02883094
ZNF484,0.02883074
AC098828.2,0.028830301
CTD-2245E15.3,0.028830227
TEX13D,0.028828125
AB019440.50,0.02882729
RP11-201E8.1,0.028826365
AP001505.10,0.028825313
CTD-3194G12.1,0.02882411
RP11-78O7.2,0.028823972
MROH8,0.028822005
RP11-414H17.5,0.028820958
ARHGEF7-AS2,0.028819973
LA16C-313D11.9,0.028818686
RP11-572M11.4,0.028818488
BX470102.3,0.028818179
RP11-225H22.7,0.028817544
MS4A13,0.028816933
LINC00563,0.028815204
RP11-284F21.8,0.02881511
RP11-923I11.6,0.028814504
RP1-124C6.1,0.028812071
LINC00621,0.028811961
RP11-553K8.2,0.028811201
RP11-161M6.3,0.02881061
PTOV1-AS1,0.028805286
AC139100.3,0.028804934
RP11-44N11.3,0.028801505
CTD-2008L17.2,0.028801415
RP11-572C21.1,0.02880069
TRPM2-AS,0.028800318
CACNA1C-AS2,0.028798953
CTB-179K24.3,0.028797582
AC093901.1,0.02879509
RP11-244F12.3,0.02879414
IGKV3-15,0.02879402
ANKRD30B,0.028790955
AC007386.2,0.028790703
RP6-201G10.2,0.028789926
RP11-15A1.2,0.028789386
PCDHA4,0.028785313
ZNRF3-AS1,0.028782327
LINCR-0001,0.02878179
RP11-1100L3.8,0.02877979
RP1-166H4.2,0.028778488
ZPLD1,0.028777257
RP11-128P17.2,0.028776463
RP11-862L9.3,0.028774034
LL21NC02-1C16.2,0.028773088
CTD-2201E18.5,0.028772261
RP4-816N1.6,0.028771823
AC105339.1,0.028770054
RP11-277P12.20,0.028769914
RP11-356O9.1,0.028766418
AC091729.7,0.028765913
SNAP25-AS1,0.028763447
RP11-315I20.3,0.028763343
RP11-381K20.2,0.028762853
RP11-550A5.2,0.028762612
RP11-350N15.3,0.028761405
RP11-44B19.1,0.028760258
RP11-440I14.3,0.028758675
NDST4,0.028758049
GHRLOS,0.02875724
CTC-250I14.6,0.028756654
RP11-485G7.5,0.02875576
PHKA2-AS1,0.028753985
RP3-508I15.10,0.02875193
DUSP27,0.028751653
GLIS3-AS1,0.028751489
RP11-540O11.1,0.028751384
RP11-360F5.3,0.028750533
TEX26,0.028749371
RP11-10A14.3,0.02874809
RP11-77I22.2,0.028747926
AC010761.10,0.028746929
LINC01352,0.028746676
ZNF98,0.028746659
RP11-506F3.1,0.028745815
RP13-726E6.2,0.028744424
AC000403.4,0.028744157
LINC00216,0.028743953
TGM7,0.028741643
MIR3180-1,0.028741414
FBXO47,0.028741023
RP4-539M6.22,0.028740924
RP11-44F14.2,0.028740058
H2AFB3,0.028738186
CTD-2240J17.1,0.028738115
RP11-355N15.1,0.028738115
RP13-753N3.3,0.028737202
AC144450.2,0.028736228
RP11-778D9.12,0.028733024
ZFP69B,0.028730636
RP11-63A11.1,0.028728198
ZNF367,0.028725917
CTD-2532K18.2,0.028725067
CCDC110,0.028719723
RP11-1084E5.1,0.028719356
RP11-284F21.9,0.028717453
RP5-1186N24.3,0.028716275
CTC-459F4.1,0.028715212
RP11-280G9.1,0.028715093
AC005253.2,0.028714096
LINC00298,0.028712502
LINC01389,0.028705662
KRT23,0.028699124
ZCCHC5,0.02869841
RNF112,0.028696477
HIST1H3H,0.02869616
RP11-127B16.1,0.028695285
RP11-779O18.1,0.028694356
AC006460.2,0.028693676
CTC-281F24.1,0.028693482
CTD-2033A16.1,0.028692096
AP000476.1,0.028686475
LINC01013,0.028684352
RP4-607I7.1,0.02868424
RP5-903G2.2,0.02868383
RP11-521O16.1,0.028680343
RP11-33O4.1,0.028675461
LA16C-329F2.1,0.028674249
RP11-696F12.1,0.028673956
HIST1H2BL,0.02867344
RP11-712L6.5,0.028673325
HIST1H3E,0.028672561
RP11-45A17.4,0.028672257
ZNF132,0.028672015
RP11-217B1.2,0.028670903
RP11-287D1.3,0.028668042
TTC34,0.028665474
LGALS8-AS1,0.028665075
IQUB,0.02866506
RP11-286O18.1,0.028665
C1ORF143,0.028664276
TRBV23-1,0.0286641
TUSC8,0.02866373
RP11-474P2.6,0.028663704
BEST4,0.028662076
CTD-3037G24.4,0.028661516
DBX2,0.028660197
RP1-136B1.1,0.028660018
CTD-2129N1.1,0.0286596
C1QL4,0.028658321
AP001059.6,0.028658008
AC007879.5,0.028657835
TTLL10-AS1,0.028657312
TRAPPC12-AS1,0.028657228
RP5-902P8.12,0.028654754
MED4-AS1,0.028654728
RP11-320P7.2,0.028654462
RP5-997D24.3,0.028650444
IGLV5-52,0.028647542
KRT33B,0.02864587
RP11-44F14.8,0.028645363
RP11-353N14.5,0.028645337
SLC25A27,0.028644633
RP11-371F15.3,0.028644383
CTD-2544H17.1,0.02864438
RP11-288L9.1,0.028643768
LA16C-OS12.2,0.028643254
KDM4A-AS1,0.028642278
SEPT4-AS1,0.028642144
CTC-510F12.7,0.02864204
RP11-70P17.1,0.028641472
RP11-718G2.5,0.02864021
LINC01351,0.028638959
RP11-398J10.2,0.028636714
ANKRD34B,0.028635915
RP11-150D20.5,0.02863354
AP000251.3,0.028631065
ETV3L,0.028630804
LINC00462,0.028630625
RP5-991G20.6,0.028629983
LINC01598,0.028629165
RP11-2H8.2,0.02862851
RP11-864J10.4,0.028627822
FAM169A,0.0286267
EZR-AS1,0.02862547
RP11-78I14.1,0.028625157
RP11-415F23.2,0.028623566
HOXC12,0.028622428
RP11-961A15.3,0.02862094
RNF224,0.028620636
RP11-297C4.1,0.028617257
RP11-1151B14.4,0.028616115
PCDHGB7,0.028614644
RP11-61O1.2,0.028614208
AC007906.1,0.028610762
RP1-167G20.1,0.028610598
RP11-13P5.1,0.028609997
IGKV2D-24,0.028609818
CTD-2140B24.6,0.028607886
LINC00582,0.02860735
RP4-613B23.1,0.0286071
AC004490.1,0.028607082
DLGAP4-AS1,0.028606579
CTB-186G2.1,0.028605532
C21ORF62-AS1,0.02860422
RP11-415J8.7,0.02860322
RP11-768G7.2,0.028598001
CBY3,0.02859718
RP11-571I18.5,0.028596977
RFX4,0.028595638
THAP9,0.02859531
RP11-74E22.5,0.028594982
RP11-352D13.5,0.028593812
RP11-93G5.1,0.028593287
RP13-554M15.8,0.028591583
RP11-34D15.2,0.02858749
RP5-1050E16.2,0.028587002
CTA-992D9.11,0.028583262
FUT8-AS1,0.028582787
RP11-403N16.3,0.028582659
PEX5L-AS1,0.028582478
DDX11-AS1,0.028581645
RP11-126O1.4,0.028580094
CTD-3020H12.4,0.02857995
AC068831.10,0.028579753
CCDC60,0.028578907
CTA-445C9.14,0.028578281
RP11-705O1.8,0.02857702
AC113404.1,0.028576832
LINC01206,0.028574333
RP3-428L16.1,0.028574193
ZNF730,0.028573921
CTD-2571L23.8,0.028572112
TMEM200C,0.028570468
CXORF65,0.028565437
ZBTB9,0.028564284
CTA-126B4.7,0.028563578
AC109333.10,0.02856205
RP11-236B18.5,0.028556865
KB-1107E3.1,0.02855519
TBC1D29,0.028554667
LY86-AS1,0.028553773
AC091878.1,0.028553462
CTD-2377D24.6,0.028552797
AC093382.1,0.028552592
RP11-22A3.1,0.028552238
RP11-329J18.3,0.028550867
PPP1R36,0.028550375
RP11-524N5.1,0.028549638
RP11-672A2.6,0.02854554
RP5-1011O1.3,0.028544247
RP11-766N7.3,0.028542418
AC009120.5,0.028541764
CTD-3194G12.2,0.02854152
RP11-259K5.1,0.0285407
RP11-253A20.1,0.02854065
RP11-34P13.7,0.028540175
AC004237.1,0.028539654
RP11-589C21.5,0.028537264
IGLV2-23,0.028536271
CTC-524C5.5,0.028535476
RP3-496C20.1,0.028535267
RP11-673E1.1,0.028534707
AC084082.3,0.028533023
AC106801.1,0.028531644
IGLVI-70,0.02852892
RHOXF1-AS1,0.028528774
RP13-216E22.4,0.028525865
AC005264.2,0.028524542
ATE1-AS1,0.028524464
RP11-85G21.3,0.028520381
TPPP2,0.028517663
RP4-622L5.7,0.028515449
RP11-408O19.5,0.028514525
RP11-348N5.9,0.028513182
RP11-998D10.4,0.028508956
RP11-297C4.3,0.028503373
RP11-561O23.5,0.028502563
RP11-35J1.2,0.028501919
BCDIN3D-AS1,0.028500516
RP4-668J24.2,0.028500248
LL0XNC01-116E7.2,0.028499853
PBOV1,0.028499058
AF121898.3,0.028496673
RP11-384C4.7,0.028494697
LINC00566,0.028493186
RP11-77K12.4,0.02849107
AC087294.2,0.028490907
RP11-526I2.5,0.028490106
AC008088.4,0.028489444
RP4-735C1.4,0.028489282
PKI55,0.028489018
CTB-35F21.5,0.028488014
CTD-2376I4.2,0.02848502
MIR3681HG,0.028484961
RP11-762I7.5,0.028484786
AC006273.5,0.028483104
ZNF564,0.02848072
TMPPE,0.028480668
AC110781.3,0.028477546
FP325317.1,0.028475154
RP11-461L13.5,0.028473597
RP11-359E3.4,0.028472964
RP11-43A14.2,0.028471336
AC074011.2,0.028471291
HM13-AS1,0.028466135
RP5-1113E3.3,0.028464952
CTD-2072I24.1,0.028463949
RP11-61O1.1,0.02846387
ADAM29,0.028462637
RP11-443C10.1,0.028461913
MIR193BHG,0.02846014
HIST1H3J,0.02846013
KRTAP2-3,0.028457398
IGSF11,0.028457131
RP11-73M7.6,0.028456658
C21ORF91-OT1,0.02845627
XIAP-AS1,0.028454686
RP11-360I2.1,0.0284541
AC103563.8,0.028453708
CPA5,0.02845034
SUSD5,0.028444935
CTD-2026D20.2,0.0284441
RP11-478K15.6,0.028441694
RP11-79N23.1,0.028440872
RP11-375I20.6,0.02843982
PLPPR3,0.02843811
RP11-247L20.4,0.028437296
LINC01552,0.028436769
AC092415.1,0.028435994
TRAV38-2DV8,0.028435659
RP11-53B5.1,0.028434569
EWSAT1,0.028434169
RP5-1057J7.7,0.028433338
GTSF1L,0.02843306
RP11-240G22.5,0.028430384
LINC01285,0.028429583
RP11-48G14.3,0.028428072
MIR194-2HG,0.028425425
AC099850.1,0.028422212
LA16C-385E7.1,0.028421473
RP11-114O18.1,0.028419483
RP11-57A1.1,0.028419122
RP1-167A14.2,0.028416684
RP11-497E19.1,0.028416425
IGHV1-18,0.028415773
CYP51A1-AS1,0.028415281
PCDHB8,0.028415162
RP11-527L4.2,0.02841479
C19ORF18,0.028412264
LINC01435,0.028412104
ANKRD24,0.028410945
RP11-20G13.5,0.028408175
RP11-150O12.3,0.028404202
ADAD2,0.028402418
RP11-17G12.3,0.028400743
C1ORF101,0.028399665
RP11-362J17.1,0.028398132
PRR22,0.028396424
SRGAP3-AS2,0.028394807
AC079790.2,0.028394366
PTPRQ,0.028393948
LINC01423,0.028393473
LINC01471,0.028391737
LINC01611,0.028391218
RP11-447M12.2,0.028391
RP11-57C13.6,0.028390873
ANKFN1,0.028390268
RP11-110I1.12,0.02838831
EPHA5-AS1,0.028386045
RP11-469A15.2,0.02838254
NKX2-1-AS1,0.028381879
RP11-285F16.1,0.028379356
ANKRD30BL,0.028378267
SMIM10L2B,0.028378006
RP11-258F1.1,0.028377378
RP11-253M7.1,0.028376866
INMT-FAM188B,0.028376665
CTD-2031P19.5,0.028375631
CASC20,0.02837118
AC141928.1,0.02837118
CTD-2587M2.1,0.02836687
RP11-108P20.3,0.028366636
GDF5OS,0.028363982
LINC00092,0.028362548
WI2-85898F10.1,0.028362324
RP3-508I15.22,0.028358594
RP11-507B12.2,0.028354902
RP11-474B16.1,0.02835449
CTD-2105E13.6,0.028354084
TRAV14DV4,0.028353905
ANKRD53,0.02834931
FER1L6-AS2,0.028346488
RP11-340I6.8,0.028345356
HUNK,0.028341776
CRTC3-AS1,0.02833927
RP11-610P16.1,0.028339034
TFAP2A-AS1,0.028338915
RP11-298D21.1,0.028337318
LINC01564,0.028335165
ARRDC3-AS1,0.02833209
HEXA-AS1,0.028331686
RP11-440D17.4,0.02833051
LCMT1-AS1,0.028329188
RP11-195M16.3,0.028328657
RP11-1191J2.5,0.02832813
CTC-542B22.2,0.028326329
RP11-289H16.1,0.028322523
CTD-2192J16.20,0.028319964
RP11-378J18.9,0.028319467
RP11-347I19.7,0.028318012
ARHGEF33,0.028317591
STX18-AS1,0.028317232
LINC00659,0.028316602
AP000295.10,0.02831617
RP11-98D18.15,0.028315205
KB-1125A3.11,0.028314918
LINC01194,0.028312478
RP11-415F23.3,0.028312182
RP11-451B8.1,0.028310603
SERPINA11,0.028307427
MROH2A,0.028304309
CCDC83,0.028303307
AC002398.12,0.02830236
LEXM,0.028301109
MS4A18,0.028300416
FALEC,0.028299268
ERVH48-1,0.028298562
RP11-218C14.8,0.028297743
RP11-384K6.8,0.028297624
RP11-384F7.2,0.028297242
CTD-2006K23.2,0.02829651
RP11-550P17.5,0.028293326
RP11-727F15.11,0.028291356
SEC14L3,0.028288906
AC008074.1,0.028288892
RP5-940F7.2,0.028287645
REM2,0.028284267
RP11-382A20.7,0.028283786
RP11-298I3.1,0.028281823
RAD21-AS1,0.028281644
HIST1H3F,0.02828016
AC013275.2,0.02827954
RP11-542K23.7,0.028278794
WASIR1,0.028278748
AP000318.2,0.028277997
AC084149.1,0.02827253
RP1-140A9.1,0.028272232
RP11-399E6.4,0.02826859
Z83844.1,0.028267965
RP5-956O18.3,0.028267894
C2ORF50,0.0282672
RP4-806M20.4,0.028267035
KB-1562D12.1,0.028263506
LINGO3,0.02826349
RP11-174O3.6,0.028263008
TRAV3,0.028260946
RP4-647C14.3,0.028259803
AC007163.3,0.028258968
CTD-3214H19.4,0.02825882
CTD-2308L22.1,0.02825817
RP11-180M15.6,0.028253263
AC142293.3,0.028252691
RP1-93H18.1,0.028252658
CWH43,0.028251309
AC073333.8,0.028250676
CTA-212A2.2,0.02825006
RP11-389G6.5,0.028248912
FAM9C,0.02824885
RP11-188D8.1,0.02824839
RP4-561L24.3,0.028246928
C12ORF54,0.028246328
RP11-15H20.7,0.028245568
RP11-227G15.8,0.02824533
CTD-2562J17.4,0.02824522
RP1-45I4.3,0.028244738
CTB-11I22.1,0.028243814
RP11-49I4.3,0.028243417
RP11-796E10.1,0.028237173
C19ORF35,0.028237019
RP11-195L15.2,0.02823526
RP11-34C15.2,0.028235128
MCF2L-AS1,0.028235054
AC073257.2,0.02823397
LINC00517,0.028233042
RP11-10N16.2,0.028232764
RP11-111F5.3,0.028230568
LL0XNC01-237H1.2,0.028230328
C16ORF96,0.028230142
AC002480.4,0.028230142
PAGE2,0.028229332
LINC00598,0.02822822
LINC01021,0.02822631
RP11-390F4.10,0.028223958
RP11-474D1.2,0.028222859
AC091633.3,0.028221998
RP11-435O5.6,0.028218478
CTC-344H19.4,0.028218245
RP11-178L8.7,0.028217394
RP11-495P10.1,0.028214723
MUM1L1,0.028214237
KB-1410C5.5,0.02821342
RASAL2-AS1,0.028212886
PALM2-AKAP2,0.028211001
RP11-33A14.1,0.02821042
C1QTNF1-AS1,0.028209126
RP11-84G21.1,0.02820627
RP11-54A9.1,0.02820616
RP11-523H24.3,0.028205585
RP11-737O24.1,0.0282017
LA16C-359F1.1,0.02820169
ECEL1,0.028199771
CTD-2547H18.1,0.028198779
AC010547.9,0.028196847
LINC01356,0.028196666
RP11-561O23.8,0.028195355
RP11-54O7.18,0.028194988
ABCA9-AS1,0.028194975
MFSD14C,0.028193826
RP11-315O6.1,0.0281932
RP11-11N5.3,0.028192708
RP11-700H6.2,0.028191498
RP11-69L16.4,0.028189728
KRT39,0.02818815
CTC-378H22.2,0.028187368
LINC01489,0.02818515
TRBV6-1,0.028182128
PCAT18,0.028181817
RP11-111F5.4,0.028177738
PPP4R1-AS1,0.028176874
CTB-47B11.3,0.028176304
RP3-414A15.10,0.028175954
RP1-23E21.2,0.028174361
RP11-806L2.2,0.02817136
PGM5P2,0.028171003
ABCC11,0.028169502
CTD-2049O4.1,0.028167766
RP11-574K11.31,0.028167639
CTD-2162K18.4,0.028167402
RP11-326N17.2,0.028167004
CTC-490G23.2,0.028166572
AC007319.1,0.02816481
NEXN-AS1,0.028164249
AC006042.6,0.028159838
CTB-12A17.3,0.028159812
LINC00997,0.028159022
RP11-542C16.2,0.028157692
RP11-603J24.4,0.02815755
RP11-45M22.5,0.028156448
LINC01068,0.028154159
RP4-657D16.6,0.028152173
CTD-2192J16.26,0.028148884
RP11-839G9.1,0.028148398
STKLD1,0.028145637
RP11-517B11.4,0.028142845
RP11-467J12.4,0.02814281
RP11-385M4.1,0.028141085
RP11-129I19.2,0.028140854
MARCH4,0.028139329
RP11-85B7.2,0.028138211
CTA-212A2.4,0.028138116
LINC01281,0.02813684
RP3-473B4.3,0.028134441
RP11-739B23.1,0.028134217
RP11-379K22.3,0.028133258
AP000487.6,0.028132861
AC010894.3,0.028132364
RP11-346C20.3,0.028130239
RP11-9G1.3,0.02813
RP3-465N24.6,0.028128972
MIR100HG,0.028128942
SLC35F1,0.028128132
LL09NC01-139C3.1,0.028125409
LINC00111,0.028120954
RP11-239E10.3,0.02811869
HIST1H4B,0.02811734
GS1-57L11.1,0.028117249
RP11-20I20.2,0.02811582
RP11-1079K10.4,0.02811487
STK24-AS1,0.028113937
CTD-3116E22.8,0.028113317
C11ORF87,0.028109778
RP11-932O9.10,0.028109405
AMIGO3,0.028107902
AP000593.7,0.02810784
RTEL1-TNFRSF6B,0.02810671
RP11-417L19.4,0.028105646
CTB-174D11.1,0.028104663
C7ORF69,0.028104272
RP1-40E16.9,0.02810421
B.1,0.028102765
CTC-339O9.1,0.02810269
CTD-2118P12.1,0.028102677
AC012368.1,0.028099641
RP11-344F13.1,0.028099548
AC004019.13,0.02809951
RP11-798M19.3,0.02809811
LL0XNC01-7P3.1,0.028097082
AF186192.6,0.028096965
CH17-140K24.2,0.028091615
AC129492.1,0.028090041
RP11-96H19.1,0.028088829
RP1-117B12.4,0.028084535
HIST1H4D,0.02808331
RP11-264B17.5,0.0280831
RP11-218E20.3,0.028082024
CTD-2536I1.3,0.028081581
CTD-2026K11.3,0.028080482
SAMD7,0.028078306
LINC01623,0.028077891
RP1-100J12.1,0.028075468
TRAV13-1,0.028075213
RP11-598F7.6,0.02807414
HIST1H2BE,0.02807214
AC011513.4,0.028071176
HRASLS5,0.028068608
CCDC89,0.028065842
RP11-65D17.1,0.028065484
CSN1S1,0.028060257
HPCAL4,0.028058182
RP1-179N16.6,0.028058032
RP11-696N14.1,0.028057763
HCFC1-AS1,0.028057437
RP11-84C10.4,0.028056715
RP11-353N14.1,0.028055036
RP11-188P20.3,0.028054979
KRTAP3-2,0.02805375
RP11-848P1.3,0.028052682
RP11-171I2.1,0.028050423
LINC00240,0.02804859
C16ORF71,0.028045505
TRAV8-1,0.028045079
RP11-130F10.1,0.02804383
AC006126.3,0.028043553
RP11-321A17.6,0.02804342
LINC01331,0.028043192
RP11-415D17.4,0.02803572
IGLV3-19,0.028035467
RP11-348J12.2,0.028035209
TRBV4-2,0.02803498
AC005614.3,0.028031703
TRAV8-6,0.028029244
NPPA-AS1,0.028024316
CTC-246B18.10,0.028022608
BEAN1-AS1,0.02802075
RP11-268G12.1,0.028017625
RP11-44N12.5,0.028015012
RP11-203M5.7,0.028014496
BLACE,0.02801255
IGKV1-17,0.028011566
LEKR1,0.028011546
CRAT37,0.028009677
GS1-114I9.1,0.028006917
POC1B-GALNT4,0.028006846
RP11-62H20.1,0.02800684
RP11-932O9.9,0.0280058
RP11-243J16.7,0.028005552
RP11-857B24.1,0.028002953
RP11-417L19.2,0.028002739
AC016722.3,0.028002325
RP11-394I13.2,0.02800195
AC099342.1,0.0280012
RP11-359P5.1,0.028000433
LINC01187,0.028000062
CCER2,0.027999079
RP11-231N3.1,0.02799831
RP11-247A12.2,0.027997458
LINC00604,0.027997214
RP11-157J24.2,0.027996382
RP11-415C15.3,0.027994514
AC024704.2,0.0279944
SMIM11A,0.027993819
RP11-1149M10.1,0.027993197
RP11-252C15.1,0.027992835
LINC01567,0.027991926
RP11-152P17.3,0.027990213
AC018737.3,0.02798962
RP11-554D15.3,0.027987013
RAD51AP2,0.027986985
AC002480.3,0.027985593
RP11-402J6.1,0.027985584
CTD-2342N23.3,0.02798523
RP11-837J7.4,0.027984027
IGHV3-53,0.027983878
RP11-1L9.1,0.02798285
ALS2CR11,0.027980197
RP11-184I16.4,0.027979678
TRAV35,0.027979368
RP11-439A17.10,0.02797784
AC139099.4,0.027977103
RP11-967K21.1,0.02797676
U66059.58,0.027975496
RP11-126L15.4,0.027973931
ANKRD18A,0.027972886
PRSS55,0.02797249
RP5-907D15.4,0.027971745
TBC1D3C,0.027971517
TMEM72,0.02797027
TMPRSS7,0.027969861
AC022007.5,0.027969468
RP11-175P13.2,0.027969316
HIST1H2AM,0.02796843
AC129492.6,0.027967537
RP13-297E16.5,0.02796739
AC010976.2,0.027965102
RP11-218C14.5,0.027964186
RP11-59N23.1,0.027964126
RP11-146N23.4,0.027964061
LCN12,0.027963052
CCDC67,0.02796016
RUSC1-AS1,0.027958954
RP11-253I19.3,0.027956888
RP11-1379J22.5,0.02795611
PHACTR2-AS1,0.027954284
RP11-160N1.10,0.02795345
DPP9-AS1,0.027951881
AP000304.12,0.027951647
HIST1H2AK,0.0279505
RP11-235E17.2,0.027950048
RP11-149I23.3,0.027949706
CTD-2535I10.1,0.027948786
RP11-7F18.2,0.027948698
AC007750.5,0.027946895
RFPL1S,0.027946094
U52111.14,0.027945196
LLNLR-307A6.1,0.0279441
RP11-884K10.7,0.027942222
CTB-92J24.3,0.027941609
RP4-564F22.7,0.027941156
RP11-92C4.6,0.027939681
CTD-3035D6.2,0.027937938
UNQ6494,0.027937066
CTD-2184D3.7,0.02793656
LINC01419,0.027935844
OCLM,0.027934274
ARAP1-AS1,0.027933827
LINC01119,0.02793305
RP3-461P17.10,0.027932774
ZNF280B,0.027928507
RP11-834C11.6,0.027928185
AC005307.3,0.027925694
RP11-758P17.3,0.027925685
LINC00645,0.027924936
RP11-82O19.1,0.027924627
RP11-390F4.6,0.027923414
AC006946.16,0.027918657
RP11-502I4.3,0.027917769
RP4-800J21.3,0.027917242
RP11-382D12.2,0.027915666
RFPL3S,0.02791557
RP4-680D5.9,0.027915427
RP11-353N4.6,0.0279154
RP11-225N10.1,0.02791455
RP11-618L22.1,0.027914245
AC093388.3,0.027913678
RP11-38M8.1,0.02791353
RP1-151B14.6,0.027913462
ANKRD66,0.027912503
RP11-397G17.1,0.027911965
RP5-1098D14.1,0.027911548
CH507-42P11.7,0.027910616
RP11-292E2.1,0.027908161
AC005363.11,0.027904872
AC108938.5,0.02790453
SAMD12-AS1,0.027903792
RP11-203E8.1,0.02790038
RP11-239E10.2,0.027898014
RP11-540O11.7,0.027897606
RP11-16N11.2,0.027897205
RP11-15J22.8,0.027896147
IGKV1-27,0.027895087
CTD-2026K11.2,0.027894026
LINC00562,0.02789331
CH17-118O6.3,0.027890453
RP11-63B13.1,0.027889956
SAPCD1-AS1,0.027889675
RP11-395E19.6,0.027888283
PVRL3-AS1,0.027887955
RP11-83C7.1,0.027886441
ZNF350-AS1,0.027885053
RP11-35O15.1,0.02788432
RP11-529E10.7,0.027880583
RP11-847H18.2,0.027880425
KIF25-AS1,0.027880382
CTD-2574D22.2,0.027879681
RP11-803B1.8,0.027878854
RP11-492E3.2,0.027877823
RP11-794M8.1,0.027873915
AC107081.5,0.027873818
RP11-27G14.4,0.027873386
LINC01607,0.02787302
NPIPB3,0.02787286
RP11-982M15.2,0.02787155
CTD-2026G6.3,0.027868563
ZC3H12B,0.027868172
CTB-102L5.4,0.027867656
C21ORF62,0.02786694
CTD-2054N24.2,0.027866226
CTB-39G8.2,0.027865265
CDIPT-AS1,0.027864903
TTC36,0.027864754
CTB-58E17.3,0.027864229
RP1-120G22.11,0.02786372
C3ORF67-AS1,0.027862426
RP11-246A10.1,0.027862046
RP11-707A18.1,0.027861154
RP11-260E18.1,0.027859097
RP11-106E15.1,0.027857497
RP5-1029F21.3,0.027857289
RP11-474I16.8,0.027856793
LINC01571,0.027855724
RP11-1094H24.4,0.027854357
HRAT17,0.027853945
RP11-80H18.3,0.027853075
RP11-402L1.4,0.027852956
RP11-303E16.7,0.027851839
RP11-131L23.2,0.027850306
RP11-47P18.1,0.027847776
AC004878.8,0.027844578
CH17-224D4.2,0.027843606
RP11-351M16.3,0.02784269
RP1-5O6.5,0.027842645
CTC-523E23.5,0.027842242
LINC00524,0.027841326
RP11-221N13.3,0.027839676
IGKV2-26,0.027839517
POU6F2-AS1,0.027838662
RP11-95I16.4,0.027838126
RP11-48G14.2,0.027837437
RP11-328K4.1,0.027835175
LINC00942,0.02783444
AP000487.4,0.027833361
RP11-593F23.1,0.02783228
RP11-269M20.3,0.027831847
MIR548XHG,0.027831405
LINC01018,0.027829522
RP5-940J5.3,0.027829062
IGKV1D-8,0.0278277
RP11-956E11.1,0.0278277
CTB-191K22.5,0.02782644
CTD-2369P2.8,0.027823228
RP3-430A16.1,0.027820025
FRMD6-AS2,0.027819898
RP11-299L17.3,0.027818296
RP11-622C24.2,0.027816828
CTD-2283N19.1,0.027816648
RP11-184A2.3,0.027814547
RP1-317E23.3,0.027814379
FAM151A,0.027814314
PCDHB1,0.027813997
RP11-434D12.1,0.027813325
C2ORF48,0.027812177
SMIM18,0.027812129
RP11-553K8.5,0.027810698
RP13-39P12.3,0.027809555
AP002856.5,0.027807439
LINC00443,0.02780717
RP11-256I23.3,0.027806249
CTD-2547L16.1,0.027804906
RP11-375N15.2,0.027802428
CTD-2647E9.3,0.027802408
CTC-420A11.2,0.02780211
RP11-171I2.3,0.027800173
TTC39A-AS1,0.027799886
RP11-498C9.13,0.027797291
WBSCR28,0.02779672
RP11-770E5.1,0.027796691
RP1-223E5.4,0.027796641
AP001065.15,0.02779517
RP11-432I5.2,0.027794093
AC007563.5,0.02779392
JADRR,0.027793149
HIST1H3C,0.02779312
AC005754.8,0.027789708
RP11-344B5.3,0.027789135
RP11-308N19.1,0.027789062
C8ORF22,0.027788255
DARS-AS1,0.027785068
DBH-AS1,0.027784828
SYNGR4,0.027783733
CTC-457L16.2,0.027782768
GOLGA6L6,0.02778272
C14ORF180,0.027782623
ENDOU,0.027782012
CTD-2384A14.1,0.02778091
CTC-508F8.1,0.027780777
CTD-2189E23.1,0.027779039
LINC00471,0.027778396
RP11-1152H14.1,0.027778313
RP11-456H18.2,0.02777785
AC007161.5,0.027777415
CTD-2507G9.1,0.027777215
RP11-357P18.2,0.027776888
RP11-794G24.1,0.02777507
LLNLR-284B4.1,0.02777489
RP11-54O7.11,0.027774006
RP11-644F5.16,0.027773544
RP1-30M3.5,0.027772423
RP11-946L16.2,0.027770553
RP11-256L6.2,0.027770251
RP11-307B6.3,0.027768563
RP11-108M12.3,0.027767334
RP11-56D16.8,0.02776612
RP11-662I13.2,0.027765715
ZNF490,0.0277641
AC138035.2,0.027763039
AC009542.2,0.027762044
C10ORF131,0.027760286
AP000253.1,0.027758816
RP11-329B9.5,0.027758747
ODF3L2,0.027758231
LINC00964,0.027757738
NPIPB11,0.027755627
RP11-561P12.5,0.027754378
RP11-56B16.4,0.027754346
RP11-74E22.8,0.027752593
RP11-293M10.6,0.027751109
RP11-1348G14.5,0.027751053
RP11-973H7.4,0.027747745
TMEM178B,0.02774707
MIR181A2HG,0.027743671
DSCAM-AS1,0.027742544
IGLC6,0.027741417
RP11-79O8.1,0.027740836
RP11-757A13.1,0.027739946
GDAP1L1,0.027739793
DLGAP1-AS5,0.027738739
LINC00355,0.027738567
RP11-598F7.5,0.027738046
RP11-472N13.2,0.027737966
LINC00276,0.027737614
RP3-333H23.8,0.027737284
RP11-263K19.6,0.027736828
CTC-254B4.1,0.027736375
RP11-403A3.3,0.027734986
RP5-940J5.8,0.027733808
CH507-145C22.1,0.02773349
RP11-428C19.5,0.027732259
DIAPH2-AS1,0.027732005
TRAV1-2,0.027731765
CTD-2342J14.6,0.027730739
RP13-941N14.1,0.02773032
RP11-44N21.1,0.027727816
KTN1-AS1,0.02772748
CTD-2192J16.11,0.027726885
RP11-111M22.5,0.027726823
RP11-91P24.6,0.02772561
TMEM256-PLSCR3,0.027723428
PGPEP1L,0.027722716
AC009502.4,0.027722675
LINC00643,0.027721968
PCSK6-AS1,0.027718265
RP11-319E16.2,0.027717745
KIZ-AS1,0.027717385
RP11-762H8.5,0.02771711
TM4SF19-AS1,0.027716795
RP11-264B17.2,0.027714958
RP11-731F5.2,0.027713979
CTC-260E6.6,0.02771376
AC108004.2,0.027711445
RP11-275I4.2,0.027711377
CTB-55O6.4,0.027710611
TEKT5,0.027710298
RP11-895M11.3,0.02770867
IGHV3-73,0.027707648
CCDC87,0.027707528
CPNE4,0.027706375
VAX2,0.02770566
RP11-16K12.1,0.027705526
CTC-487M23.7,0.027702754
RP11-382A20.5,0.027699377
RP11-344B5.4,0.027697021
RP11-79H23.3,0.027696814
RP11-231D20.2,0.027695667
RP11-647P12.1,0.027694855
RP11-338I21.1,0.02769339
RP5-1180E21.4,0.027693283
MID1IP1-AS1,0.027689982
RP11-586D19.2,0.027688649
RP11-123K19.1,0.027688012
CTD-3239E11.2,0.027687147
GNG12-AS1,0.027686441
C16ORF47,0.027684625
RP11-235E17.6,0.027682643
AC079305.11,0.027680147
ZNF112,0.027678538
LINC00959,0.027676452
AC011997.1,0.027676174
CTC-461F20.1,0.027675953
RP11-13A1.1,0.027674433
GREB1L,0.027668118
TMEM78,0.027667928
RP11-442O1.4,0.027664712
RP5-1103G7.10,0.027662944
AF127577.10,0.027660912
RP5-1185I7.1,0.027660627
BP-21264C1.2,0.027660023
RP11-71L14.4,0.027658755
RP11-778D9.13,0.02765514
RP11-173D3.1,0.027654225
SSUH2,0.027654106
RP11-94I2.4,0.027651448
RP11-108K3.2,0.027647953
ZNF32-AS2,0.027647406
CTD-2184C24.2,0.027644705
FAM157C,0.027643627
AC124944.3,0.02764242
AL365181.2,0.02764151
RP11-435D7.3,0.027641311
SLC10A4,0.027635848
AC084809.3,0.027634665
CTD-2561B21.7,0.027633974
HIST2H2AA4,0.02763151
RP11-314A20.2,0.027629334
PCDHA6,0.027629167
RP11-76C10.5,0.02762801
RP11-290M5.4,0.027626663
RP11-107M16.2,0.02762351
RP11-90M2.5,0.02762341
RP11-459J23.1,0.027622655
RP11-329N22.1,0.027621102
RP11-159F24.6,0.027618105
SPG20-AS1,0.027616084
RP11-1136J12.1,0.0276145
HAR1B,0.027613238
CTD-2015G9.2,0.02761225
RP11-544M22.8,0.027612139
RP11-262A16.1,0.027611455
RP3-422G23.4,0.027611077
RP11-12D24.10,0.027610993
CTD-2501B8.1,0.027609965
IGHV4-39,0.027608505
RP11-310H4.3,0.027607268
ERAS,0.027605403
RP11-13K12.1,0.027605396
CTD-2035E11.4,0.027604038
RP11-180P8.3,0.027602445
MAP3K19,0.027601844
RP11-25L3.3,0.027601834
RP4-534N18.2,0.027601177
RP11-277P12.10,0.027600637
RP11-381O7.3,0.02759716
CPB2-AS1,0.027595824
RP1-261G23.7,0.027595013
AC092881.1,0.027594607
RP11-120J1.1,0.027593657
RP11-133L14.5,0.027593628
RP11-327J17.9,0.027589377
RP11-256L6.3,0.027588943
SPINK13,0.027588874
LINC01516,0.027586287
HIST2H2AA3,0.027581956
DENND5B-AS1,0.027578276
AC097467.2,0.027576912
RP3-522J7.6,0.027576426
RP11-433M22.2,0.027575454
AC079305.8,0.02757285
CTD-2047H16.4,0.027572434
CASC19,0.027568955
MYRFL,0.027566308
C7ORF72,0.027564937
RP13-650J16.1,0.027564863
RP11-326C3.12,0.027563956
HIST1H3B,0.027562533
RP11-301G19.1,0.02756215
RP11-626K17.3,0.027561521
RP11-22A3.2,0.027560476
AP001462.6,0.027559817
RP11-66A2.2,0.027558792
RP11-153F1.1,0.027558152
C1QTNF3-AMACR,0.027557382
RP11-455O6.9,0.027555186
CTD-2017C7.2,0.02755494
KB-51A8.1,0.027552146
RP11-295I5.3,0.027551541
LINC01405,0.027550444
RP11-154H12.3,0.027549941
RP11-789C2.1,0.02754947
RP11-187E13.1,0.0275491
KRTAP5-9,0.027548503
KRT78,0.027548501
RP11-28H5.2,0.027547885
AC002398.11,0.027547318
RP1-68D18.4,0.02754696
LINC00320,0.027546814
MNX1-AS2,0.027545094
TEN1-CDK3,0.027544385
CTD-2544N14.3,0.027544197
HNRNPUL2-BSCL2,0.027543893
ZNF229,0.027540008
UMODL1,0.027539799
RP11-466A19.1,0.027539521
IGLV8-61,0.027538445
RP11-103C16.2,0.027538389
CTC-453G23.8,0.027537787
AC009950.2,0.027536262
AP006216.10,0.027535457
RP11-32K4.1,0.027534435
RP11-379B18.6,0.027533952
SLFNL1,0.027532673
IGFL4,0.027532011
RP11-624L4.1,0.027530286
CTC-479C5.10,0.02753003
AC141272.1,0.027528163
ZBTB20-AS4,0.027523633
GATM-AS1,0.02751911
CTD-3187F8.14,0.027517114
WISP3,0.027515192
RP13-870H17.3,0.027513975
RP11-3D4.3,0.027511809
RP11-873E20.1,0.027510837
MYO1H,0.027510349
RP5-875O13.1,0.027510162
RP11-62I21.1,0.027507996
CTD-3025N20.3,0.027507687
TMEM92-AS1,0.027505701
RP11-36B6.1,0.02750561
RP11-266O8.1,0.02750507
RP11-213G2.2,0.027504861
DUSP13,0.027504612
ZBTB20-AS1,0.027503949
RP11-234B24.2,0.027503561
GS1-114I9.3,0.027500948
IFNG-AS1,0.02750062
AC004448.2,0.027500104
CH507-9B2.8,0.02749989
RP1-212P9.3,0.02749818
SLC35E2,0.02749702
RP13-631K18.2,0.02749677
FNDC7,0.027495136
TRBV7-2,0.027494302
NWD1,0.027494133
RP1-142L7.9,0.027493898
RP4-635E18.6,0.027493786
EP300-AS1,0.02748923
CTA-397H3.3,0.027487587
DLK2,0.027486507
EFCAB12,0.027486136
FAM83C,0.027483921
RP11-353N4.5,0.027481351
RP4-681N20.5,0.027480558
RP11-1246C19.1,0.027479371
RP11-26J3.1,0.027477771
RP11-379K17.12,0.02747715
RP11-354P11.8,0.027475536
KB-1254G8.1,0.027475432
LINC00548,0.027474936
RP11-686G8.5,0.027474504
NOL4,0.027472276
CTD-2207P18.2,0.027471874
RP11-77K12.9,0.027470836
OR8G5,0.02746484
AC131097.4,0.027464086
RP11-78L16.1,0.027463278
RP11-249C24.12,0.02746288
LINC00052,0.027461205
AL022341.3,0.02746079
MAMDC2-AS1,0.027459467
AC012363.4,0.027457785
AP000936.4,0.027456436
RP11-168E17.1,0.027456006
POTEI,0.027455997
CSMD2,0.027454365
AC034243.1,0.02745173
IGLV3-21,0.027451113
RP11-138C9.1,0.027447766
RP13-401N8.1,0.027447551
RP11-60A24.3,0.027446857
CH17-224D4.1,0.027443642
RP11-1035H13.3,0.027442947
RP11-138I1.2,0.027442768
C3ORF79,0.02744165
MIR133A1HG,0.02744022
RP5-1024G6.5,0.027438393
RP5-901A4.1,0.027437747
C17ORF64,0.027437318
RP11-903H12.3,0.027437106
RP11-66B24.9,0.027436834
RP11-1C8.5,0.027435493
IGHV3-20,0.027432242
LINC01050,0.027430642
RP11-499O7.7,0.027429342
RP11-16E23.5,0.027428681
SLC25A2,0.027427707
RP11-84D1.2,0.027427036
VWDE,0.027425457
RP11-326C3.13,0.027424652
FLG-AS1,0.02742297
RP11-344E13.4,0.027422884
EPN2-AS1,0.027421918
APOC4-APOC2,0.027421385
CTD-2292P10.4,0.027420819
LINC01314,0.027420118
CXORF67,0.027419742
RP11-168P13.1,0.027419697
RP5-842K16.1,0.02741963
RP4-798A10.4,0.027419174
SERPINB11,0.027418667
RP5-1121E10.2,0.027417118
RP11-1277A3.3,0.027416792
RP3-388E23.2,0.02741642
RP11-220I1.5,0.027416129
RP11-108M9.3,0.027415812
AC007036.6,0.027415749
RP11-61K9.2,0.027415747
RP11-263K4.5,0.02741545
RP11-313P13.5,0.027413433
RP11-382A20.4,0.027410999
ATP13A4-AS1,0.027404377
CH507-39O4.2,0.027403679
RP4-657D16.3,0.027403187
LINC01126,0.027401607
SMIM11B,0.02739909
RP11-9N20.3,0.027398642
RP11-174G6.1,0.02739678
RP11-46O21.2,0.027396068
CTD-2631K10.1,0.027395392
RP11-536K7.5,0.02739513
CH507-254M2.1,0.02739262
RHPN1-AS1,0.027392466
A.1,0.027392378
CTC-325H20.4,0.027392346
RP11-136K7.2,0.027388569
RP11-996F15.6,0.0273883
AC007349.7,0.027387932
RP11-46J23.1,0.027387146
CH17-125A10.2,0.027382934
CTA-407F11.7,0.027382236
GLYATL1P3,0.02738041
CFAP65,0.027379775
RP11-173P15.10,0.027373949
AC096558.1,0.027372342
NPHP3-AS1,0.027371746
RP11-10J21.3,0.027370963
RP11-702H23.6,0.027370904
RP11-57H12.3,0.027369574
RP11-218L14.4,0.027366966
RP11-475I24.3,0.027366702
CTD-2228A4.1,0.027366623
RAET1E-AS1,0.027363736
RP11-932O9.8,0.027363498
MYCNOS,0.027363494
RP11-461O7.1,0.027360354
C10ORF111,0.027354095
RP11-1007O24.2,0.02735379
RP11-138I1.4,0.027350098
MCF2L2,0.02734888
AC005498.3,0.027348045
AC005152.3,0.027346294
CSMD1,0.027342964
MT1B,0.027340794
LINC01265,0.027340626
ZDHHC23,0.027340442
RP11-758M4.4,0.027340353
CTC-499J9.1,0.027339887
RP11-554D15.1,0.027337372
RP11-151A10.3,0.027337015
RP11-75C10.9,0.027335852
RP11-420N3.2,0.027333045
AC007228.5,0.02733115
RP4-686C3.7,0.027330052
KB-1043D8.6,0.027327616
TRGV4,0.027325183
RP11-440G5.2,0.02732349
RP11-81H3.2,0.02732324
RP5-1017F8.2,0.027323086
ZNF878,0.027322492
RP11-160H22.5,0.027322322
RP11-227G15.10,0.027322218
PCDHGA12,0.027322177
RP1-111C20.4,0.027321095
LINC00383,0.027319878
RP11-53B2.4,0.027319515
RP11-99A1.2,0.027319234
LRRC3B,0.027319122
RP11-494O16.4,0.027318913
RP1-40E16.11,0.027318185
RP11-195B17.1,0.027317133
RP11-138I18.1,0.027315134
AC004221.2,0.027314067
HYI-AS1,0.027313892
CTD-2339F6.1,0.027312646
RP11-649A18.12,0.027311709
AC000032.2,0.027310634
ADGRD2,0.027308423
CTB-91J4.1,0.02730819
RDH10-AS1,0.02730808
RP13-314C10.5,0.027306408
RNASEK-C17ORF49,0.027305001
RP11-554D13.1,0.027303401
RP11-73O6.3,0.02730293
RP13-494C23.1,0.027301535
ZNF774,0.027300378
CH17-212P11.4,0.027299728
FAM95C,0.027296985
LINC01602,0.027294341
RP11-274H2.3,0.027293867
KLHL30,0.027293842
CTD-2021H9.3,0.02729334
SPRED3,0.027292538
RP11-431M7.3,0.027291631
AC005009.1,0.02729096
LINC01036,0.0272897
P3H2-AS1,0.027289342
RP11-276H1.3,0.027288204
RP11-108L7.15,0.02728815
RP11-431K24.4,0.027287688
RP11-477D19.2,0.027287146
TRBV5-6,0.027284209
RP11-10L7.1,0.02728279
CTD-2353F22.1,0.027282452
RP11-287D1.2,0.027281383
RP1-137D17.2,0.027279934
RP11-131L12.4,0.027277648
RP11-15I20.1,0.027276626
RP5-994D16.3,0.027274162
AC073283.7,0.027272845
CXORF58,0.027272647
RP11-313A24.1,0.027272314
CTD-2568A17.8,0.02727147
RP3-333A15.1,0.027268346
ADNP-AS1,0.027265232
RP11-1079K10.3,0.027264833
CTD-2184D3.6,0.02726307
AC019172.2,0.027262162
RGMB-AS1,0.027259955
MIR3179-1,0.027257968
RP11-338N10.2,0.027257938
CTD-2006H14.2,0.027257502
RP5-864K19.6,0.027253095
AC007126.1,0.027252872
HAND2-AS1,0.027252505
LINC00605,0.027251944
GOLGA6L2,0.027248984
AF064858.6,0.027248582
RP11-182J1.5,0.027247932
MGC45922,0.027247911
RP11-424N24.2,0.027247395
ST3GAL6-AS1,0.02724592
RP11-183I6.2,0.027244765
LINC01446,0.027244765
RP11-535A5.1,0.027244348
AP000439.2,0.027241284
CTD-3051D23.4,0.02723926
CTD-2269F5.1,0.02723894
CTC-332L22.1,0.02723734
C1ORF229,0.027234357
RP11-227D13.5,0.027233476
CTC-343N3.1,0.027233463
RP11-83N9.6,0.027232712
LINC01226,0.027230298
BEND4,0.027230289
FOXN3-AS2,0.027228195
RP11-442H21.2,0.027228147
RP4-633I8.4,0.027226489
AC007292.6,0.027224595
RP11-626P14.2,0.027222907
RP11-219B17.3,0.027220815
RP11-148K1.10,0.02721906
KRTAP5-2,0.027218685
RP11-307N16.6,0.027218511
AC092301.3,0.027217645
RP3-406A7.7,0.027216408
LINC01447,0.027216306
RP11-392O17.2,0.027214866
RP11-45A17.2,0.027214836
RP11-650L12.1,0.027214337
CTA-984G1.5,0.027211523
RP11-440L14.4,0.027210623
RP11-1000B6.5,0.02720953
MIR7-3HG,0.027208785
CREG2,0.027207147
RP11-401P9.6,0.027205557
AC010746.3,0.027205478
RP11-93I21.3,0.027204448
AC010524.4,0.027204385
C1ORF127,0.02720437
RP11-259O18.5,0.027204245
RP11-211G23.2,0.027202958
TMEM240,0.027202914
CTD-2083E4.6,0.027202422
RP3-323N1.2,0.027202377
LRRC43,0.027202185
RP11-84C13.2,0.027198747
RP11-598F7.4,0.027197827
AC145343.2,0.027195975
RP11-65J3.2,0.02719506
BAALC-AS1,0.027194802
CTA-363E6.6,0.027194494
IGHV4-4,0.02719425
RP3-523C21.2,0.02719379
RP11-722E23.2,0.027193453
AC007966.1,0.027193293
CLEC18A,0.02719276
RP11-10O17.3,0.027191889
TAT-AS1,0.027191486
KB-1460A1.5,0.027190924
CTD-2302E22.6,0.027190214
PHF24,0.027187834
RP11-58K22.5,0.027187455
RP11-319G6.1,0.027187262
RP13-991F5.2,0.027186722
RP1-313L4.3,0.02718555
RP4-530I15.6,0.027185386
RP11-275E15.2,0.027184963
NXPE2,0.027184945
AC108868.6,0.027183045
ZDHHC22,0.027182063
AC073072.5,0.027180541
PRSS53,0.027179936
LINC00944,0.027179027
DEPDC4,0.027176965
RP5-1142A6.8,0.027175447
RP11-24C3.2,0.027175229
RP11-1228E12.1,0.027173609
FAM53B-AS1,0.027172495
RP11-486L19.2,0.027171418
RP11-231I16.1,0.027170008
RP11-1348G14.4,0.02716975
KIAA1614-AS1,0.02716946
LINC00461,0.027166665
VWA5B1,0.027165616
AC092669.3,0.027165297
TSACC,0.027162272
TRBV30,0.027160024
CTC-527H23.3,0.027159428
CTD-2616J11.11,0.027159294
RP4-569M23.5,0.0271591
FAM3D-AS1,0.027158108
AC006946.17,0.027155777
CTB-107G13.1,0.027155092
CTD-2199O4.6,0.027152818
RP11-713P17.3,0.027150726
RP11-603J24.21,0.027149891
RP11-532M24.1,0.0271483
RP11-404F10.2,0.027146593
ST7-AS1,0.027146388
RP11-180P8.1,0.027146045
RP11-514P8.7,0.027145866
RP3-508I15.9,0.02714479
RP11-611O2.5,0.027144745
ZNF534,0.027144099
AC090154.1,0.02714016
RP5-1159O4.2,0.02713806
PACERR,0.027137276
FAM66A,0.027136594
MAP3K14-AS1,0.027136544
RP11-88I21.2,0.027136397
SCGB1B2P,0.027134616
IGHV4-55,0.027133843
RP11-315D16.4,0.027133193
CCDC163P,0.027132835
LINC00202-2,0.027132828
RP11-464F9.22,0.02713278
LINC01270,0.027132433
RP11-700J17.2,0.027130455
RP11-573G6.6,0.027129909
RP11-131N11.4,0.027129045
AC010524.2,0.027128901
AC009495.2,0.0271276
RP11-421F16.3,0.02712662
GATA3-AS1,0.02712531
RP11-197K3.1,0.027124267
RNASE13,0.027123993
CTA-228A9.4,0.027123779
RP11-178F10.2,0.027122134
RP11-285E23.2,0.027118105
RP4-651E10.4,0.027115095
AP000233.4,0.027113581
RP1-265C24.8,0.027112756
CTD-3028N15.1,0.027112659
CTD-2302E22.4,0.027111238
LINC01511,0.027109498
RP11-33N14.5,0.027108604
RP3-402G11.27,0.027108252
AC011294.3,0.027107257
RP11-57H14.2,0.027106712
RP11-679B19.1,0.027106395
CTD-2066L21.3,0.027106304
RP11-700H6.1,0.027104348
AP001046.6,0.027104115
AC016722.4,0.027103458
LINC00640,0.02709965
RP11-130L8.1,0.027099645
RP11-112L6.3,0.027099464
RP11-323J4.1,0.027099144
LINC00638,0.027098779
RP11-95P13.1,0.027098432
RP11-383J24.1,0.02709734
LINC01510,0.027097117
RP4-669L17.10,0.02709513
RP11-781A6.1,0.027094606
LINC00943,0.02709352
RP11-259K5.2,0.027093202
RP11-982M15.6,0.027091693
RP11-73K9.2,0.027091136
AC011286.1,0.02709038
VIPR1-AS1,0.027089205
RP4-565E6.1,0.027089123
RP11-343J3.2,0.027089065
CTD-2330J20.2,0.02708742
KBTBD11-OT1,0.027087072
RP1-86C11.7,0.027084488
RP5-1096D14.3,0.027084002
RP1-151F17.1,0.027083222
RP11-461M2.2,0.027083015
RP3-400B16.1,0.027081061
C1ORF204,0.027080178
AC007038.7,0.027080033
IDI2-AS1,0.02707991
RP5-1050D4.5,0.027079154
SIAH3,0.027076164
CTC-527H23.2,0.02707589
HCG16,0.02707537
RP11-281P23.1,0.027074665
RP11-64B16.3,0.027074497
LINC00885,0.027074223
RP11-439H8.4,0.027071496
RP11-506M13.3,0.027070403
PAGE2B,0.02706629
RP11-684B21.1,0.027064
LRP1-AS,0.027060473
RP1-69D17.3,0.027059117
RP11-367N14.2,0.027058858
MYLK-AS1,0.027055621
ANP32D,0.027051788
PCDHGA8,0.027050052
RP11-277A4.4,0.027048592
RP5-1068E13.7,0.027047655
LINC01381,0.027044754
PTOV1-AS2,0.027041262
ZMAT4,0.02704013
RP11-507K2.2,0.027037818
RP11-630C16.2,0.027034963
AP003025.2,0.027032385
RP11-293A21.1,0.027031133
RP11-534C12.1,0.027030647
SPANXA2-OT1,0.027026743
CTD-2213F21.2,0.027022336
RP11-484O2.1,0.027020717
RP11-651L5.3,0.027019912
RP13-297E16.4,0.027019313
RP11-244M2.1,0.02701732
RP11-169E6.1,0.02701639
RP11-560J1.2,0.027014773
C10ORF113,0.027014485
C8ORF49,0.027011922
NRIR,0.027009651
RP3-449M8.9,0.027006114
CTD-2526A2.2,0.02700456
RP11-138B4.1,0.027004227
RP11-274B18.4,0.027004173
CDH16,0.027004149
XXBAC-BPG154L12.4,0.027000036
RP11-531A24.5,0.02699859
RP11-713D19.1,0.026997378
RP11-63A2.2,0.026997108
FAM181A-AS1,0.026995767
RP11-17A1.3,0.026993275
RP11-216N14.9,0.026991751
RP11-572C15.5,0.026988829
RP11-484D2.2,0.026985893
RP11-290H9.5,0.026985776
RP11-425A6.5,0.0269849
IGHV1-69,0.026984626
RP11-753H16.3,0.02698327
IGHV2-26,0.026982408
RP11-465B22.8,0.026978323
C4ORF26,0.026977707
CTD-2325M2.1,0.026976768
AP001469.9,0.026976353
RP11-679C8.2,0.026976254
RP11-678G14.4,0.02697505
RP11-350J20.5,0.026974535
RP11-367G18.1,0.02697378
RP11-360L9.7,0.026971925
CTD-2589M5.4,0.026970824
AL109761.5,0.026969641
AC003084.2,0.026969302
TMEM26-AS1,0.026968595
RP11-105N14.2,0.02696536
FLJ35934,0.026964676
XKR5,0.026962232
RP11-394B2.6,0.026959876
RP11-492E3.51,0.026959334
VWA3B,0.026959246
KRTAP5-7,0.02695561
ZNF474,0.026953429
RP11-435I10.4,0.026953334
TRBV3-1,0.026951263
ZNF670-ZNF695,0.026949653
RP11-481J2.3,0.026948843
TMEM27,0.02694409
RP11-542G1.1,0.026943827
RP11-354K1.2,0.026942711
RP11-372K14.2,0.02694253
LINC01513,0.026940469
RP11-20B24.2,0.026939934
PPP1R27,0.02693812
CTD-2528A14.5,0.026934842
RP11-1038A11.3,0.026933383
CIRBP-AS1,0.026933253
RP11-310H4.1,0.026929865
TMEM211,0.02692761
RP11-725P16.2,0.026926244
SIGLECL1,0.02692517
AC098823.3,0.02692492
RP11-41O4.2,0.02692458
LINC01250,0.026922416
LINC01508,0.026921516
RP11-161H23.9,0.026921337
RP11-483H20.4,0.026921336
OGFRP1,0.026921043
RP11-65J21.4,0.02691878
RP11-800A3.7,0.026918244
RP11-968A15.2,0.026917184
ZNF20,0.026916515
PNMA3,0.026913604
CTD-2503I6.1,0.02691209
RP11-96C21.2,0.02691116
AC004854.4,0.026908603
RP11-269F19.2,0.026906412
CTD-2270P14.5,0.026904171
KCNIP4-IT1,0.026902292
CTD-3252C9.2,0.026897337
CTB-75G16.3,0.026895741
GSG1,0.026895648
RP11-982M15.7,0.026895273
RP11-276H7.3,0.026894862
LA16C-321D4.2,0.026893621
RP4-798A10.7,0.026893055
ZBTB8B,0.026891515
RP11-389G6.3,0.026891146
RP11-451G4.2,0.026890233
RP11-867G2.5,0.026889998
RP11-701H24.9,0.026887855
AL591893.1,0.026887735
CFAP58-AS1,0.026885804
RP11-250B2.3,0.026884878
LINC00159,0.026884506
CCNT2-AS1,0.026884373
FMR1NB,0.026883578
RP11-816J6.3,0.02688325
RP11-369J9.1,0.02688316
LINC00106,0.026880901
CTD-2263F21.1,0.026880085
RP11-161I2.1,0.026877403
RP11-219G17.4,0.026877275
LVCAT1,0.026871469
LINC00327,0.026870046
AC010096.1,0.02686963
RP11-196E1.3,0.026869139
CTD-2541J13.1,0.02686808
RP11-64P14.7,0.026866931
CGB7,0.02686489
CTD-2189E23.2,0.026863467
AC079610.2,0.026862651
SOX30,0.026861912
LINC00864,0.026860874
RP1-60O19.2,0.026852574
CTD-2527I21.7,0.026851723
CTD-2650P22.1,0.026851451
CTD-3065B20.2,0.026849573
LINC00923,0.026848644
GLTSCR2-AS1,0.026848217
XXYAC-YM21GA2.4,0.026846647
RP11-58C22.2,0.026845943
RP11-351I21.11,0.026845634
WNT5A-AS1,0.026845038
MROH9,0.02684325
C1ORF145,0.026841506
RP11-432B6.3,0.026839858
CTD-2309O5.3,0.026836831
AC009473.1,0.02683647
RP11-667K14.3,0.026836446
AC072062.3,0.026835645
RP11-347C12.1,0.026834344
KBTBD12,0.0268332
AC006116.17,0.026832107
AC010642.1,0.02683197
RP11-53M11.3,0.02682944
RP1-41P2.7,0.026828889
BMPR1B-AS1,0.026828324
CTC-301O7.4,0.026827002
RP11-734K21.3,0.026825601
RP11-105N14.1,0.02682505
RP11-3D4.2,0.026823541
AC114803.3,0.026823312
RP11-536I6.2,0.026822347
RP11-304L19.2,0.026820213
AC144449.1,0.026817217
AJ006998.2,0.02681398
PCAT7,0.026812956
LA16C-306E5.2,0.026812658
CTD-2555A7.3,0.026812483
CTD-2524L6.3,0.026810532
C2CD4D,0.026808858
RP11-367J11.2,0.026808465
CTC-482H14.5,0.02680792
AC010883.5,0.026806757
CTD-2292M16.8,0.026805535
RP11-762E8.1,0.026804471
RP11-431K24.3,0.026802057
RP11-426C22.6,0.026801521
RP11-150C16.1,0.026800629
RP11-575F12.1,0.026800405
RP1-228P16.5,0.026800046
RP1-102E24.10,0.02679726
RP11-656D10.3,0.026796862
RP1-253P7.4,0.026795607
LINC00570,0.02679487
NPIPB4,0.02679484
LYG1,0.02679252
CTB-11I22.2,0.026791617
LINC01415,0.026790202
RP11-115N4.1,0.026790172
RP5-930J4.2,0.0267852
SPATA8,0.026782861
RP11-818O24.3,0.026782205
RP11-408A13.3,0.026781345
LINC01227,0.026781138
XXYLT1-AS2,0.026780859
RP11-384P7.7,0.02677918
IGLV1-36,0.026777307
AC090505.6,0.026776489
XXBAC-BPG308K3.5,0.026772667
AC005786.5,0.026772093
CTA-243E7.4,0.026771868
RP11-637O19.2,0.026770864
RP11-345F18.1,0.026770005
RP3-446N13.5,0.02676953
RP11-437J19.1,0.026768986
LINC01276,0.026768947
RP11-791M20.1,0.026768174
RP11-102G14.1,0.026766669
RP11-77H9.2,0.026765764
LINC01209,0.026765049
AC005775.2,0.02676503
RP11-219E7.1,0.026763972
AF001548.5,0.02676396
CTD-2015H3.1,0.026763666
C2ORF91,0.026763052
KB-1615E4.3,0.026762357
RP13-192B19.2,0.026761463
RP11-702B10.2,0.026760265
RP11-1376P16.1,0.026759371
AC099552.4,0.026759258
RP11-576I22.2,0.026756654
RP11-121C6.5,0.026751095
RP11-30K9.5,0.026750138
RP11-486O12.2,0.026748557
TRDV2,0.026746145
GPR12,0.026745543
RP11-932O9.7,0.026742872
SPACA6P-AS,0.026741251
RP11-1060J15.9,0.026741099
LINC01169,0.026739443
LINC01269,0.026738888
ABHD12B,0.026737988
C14ORF105,0.02673697
TBC1D3L,0.026736965
DENND6A-AS1,0.026735783
RP11-21M24.3,0.026735004
SRGAP2-AS1,0.026732523
CTD-2288F12.1,0.02673074
CH17-264L24.1,0.026729185
RP11-713P17.4,0.026728949
RP11-476D10.1,0.026728671
RP5-894D12.5,0.026727993
RP1-122P22.4,0.026727606
AC107218.3,0.026725989
RP11-309M7.1,0.026724815
ZNF491,0.026723525
FAM19A1,0.026722033
LINC00654,0.026721353
LINC00677,0.026720475
RP5-890E16.5,0.026720282
HIST1H2BI,0.026719635
RP11-190A12.8,0.026719326
RP11-391J2.3,0.026717782
FSIP2-AS1,0.02671743
LINC01411,0.026714329
RP6-109B7.5,0.026712403
RP11-689C9.1,0.026712218
PLGLB2,0.02671205
RP11-996F15.4,0.026711334
RP11-20I23.7,0.026710978
RP1-193H18.3,0.02670992
RP11-538D16.2,0.026709165
LINC00491,0.02670759
CTD-2105E13.16,0.026707545
RP11-893F2.13,0.026707347
RP11-817J15.3,0.026707347
RP11-305D15.8,0.02670733
RBM46,0.026706532
LINC01060,0.026706487
RP11-274B21.9,0.026704196
LINC00412,0.026702445
RP13-317D12.3,0.026701828
RP11-328J2.1,0.0267017
CSTF3-AS1,0.026700994
RP1-20C7.6,0.026700774
RP11-56G10.2,0.026700016
RP11-15M15.1,0.026697004
LINC00630,0.026696434
CTD-2358C21.5,0.026695892
LINC01482,0.026695857
RP11-55K13.1,0.026695456
RP11-218F10.3,0.026695231
AC006482.1,0.026694411
RP11-686O6.1,0.0266942
AC068831.16,0.026693989
AC000068.10,0.026693935
RP11-378I6.1,0.02669389
AC005625.1,0.026692335
RP11-115H18.1,0.026691351
RP11-3P17.5,0.026690364
RP11-434D11.4,0.026688814
LMCD1-AS1,0.0266887
CTC-360G5.6,0.026688319
POTEE,0.026687002
C7ORF77,0.02668674
RP11-879F14.3,0.02668647
RP11-1277A3.1,0.026686002
RP11-4L24.3,0.02668487
RP11-602N24.3,0.026681647
SRRM5,0.02668069
AC004076.5,0.026680028
GS1-279B7.2,0.026678514
AC007950.1,0.026677966
CTD-3028N15.3,0.026677798
RP11-589B3.6,0.0266774
LINC01502,0.026677102
RP11-281O15.4,0.026674893
RP11-524F11.2,0.026672637
AC114271.2,0.026667833
RP11-848P1.5,0.026667457
LINC00574,0.026664961
AC062028.1,0.026664793
RP11-366L5.1,0.026663223
RP1-278C19.8,0.026662141
RP4-555D20.4,0.026660439
SLC14A2,0.02665793
RP11-345P4.7,0.026657095
CTB-133G6.2,0.026656562
SMCR2,0.026651746
RP11-59H7.4,0.026650548
RP11-95P2.3,0.02664948
RP11-379F12.4,0.026646907
RP11-387H17.4,0.026645998
ZNF311,0.026643569
CITF22-1A6.3,0.026640922
AP000473.8,0.026639562
RP11-245P10.6,0.026639204
SAMD15,0.026636768
LINC00305,0.026636664
RP11-324I22.4,0.026633656
RP11-16C1.3,0.02663289
LINC01264,0.026631663
RP1-149L1.1,0.026630202
LA16C-316G12.2,0.02662971
RP11-110I1.6,0.026629547
DIRC1,0.026628708
RP11-344P13.4,0.026627842
RP11-180C1.1,0.02662747
RP4-583P15.16,0.02662681
RP11-61I13.3,0.026624989
RP11-324E6.6,0.026622888
TGFB2-AS1,0.026622709
CTC-453G23.4,0.026622396
RP11-764E7.1,0.026620816
NAP1L6,0.026620183
AC098617.1,0.02661932
RP13-270P17.1,0.026615966
IGHV3-48,0.026614184
RP11-395B7.2,0.02661402
AC008440.5,0.0266132
RP5-855F16.1,0.026611084
RP11-120K24.3,0.02661033
PTCHD2,0.026608432
RP11-815J21.3,0.026607227
ZNF221,0.0266047
RP11-867G23.2,0.026601057
RP11-25I15.3,0.026596224
CTA-392E5.1,0.026595628
RP11-441O15.3,0.026595477
DCTN1-AS1,0.026593883
DNMBP-AS1,0.026593098
TMEM81,0.026592057
RP11-634B7.4,0.026591724
C12ORF50,0.026588386
RP11-11C20.3,0.02658633
RP5-1142A6.2,0.026585832
TMEM229A,0.026585657
EMILIN3,0.02658375
FAM90A26,0.026583454
RP11-141O11.2,0.026581515
RP11-340E6.1,0.026580378
CTD-2509G16.2,0.026580364
RP11-332H14.1,0.026579779
CTD-2013N24.2,0.026576385
RP4-550H1.7,0.026575457
RP11-473C18.3,0.026572203
AP003419.16,0.026572015
CTA-212A2.3,0.02657112
CTD-3187F8.11,0.026570935
RP11-989E6.10,0.026570663
AC092198.1,0.026568841
RP11-9M16.2,0.026563566
RP11-815J21.2,0.026563223
CTD-2531D15.4,0.026561994
RP11-177G23.2,0.026560506
EGFR-AS1,0.02655753
GS1-24F4.2,0.026552582
ANKRD62,0.026549468
TRBV24-1,0.0265488
RP11-231G3.1,0.026548648
RP1-56K13.5,0.026544869
RP11-331F9.4,0.026543695
RP11-444D3.1,0.026542705
CTC-436P18.1,0.02653936
CTD-2517M22.16,0.0265392
PRR26,0.026535735
RP11-769N22.1,0.026531711
PRR18,0.02653113
RRS1-AS1,0.02653017
RP11-11M20.4,0.026526827
RP11-849N15.4,0.026525322
ZNF705A,0.026525289
AC098973.2,0.026519481
RP11-64C12.8,0.026518902
GNAS-AS1,0.026518488
LINC01549,0.026517157
AC104024.2,0.026517054
RP11-15F12.1,0.026516676
C8ORF37-AS1,0.026516572
C6ORF229,0.026515111
TMEM253,0.026514882
RP11-203M5.2,0.026512977
RP11-254F7.4,0.026512021
RP13-476E20.1,0.026507705
RP1-234P15.4,0.026507687
CTD-2528L19.4,0.026505273
AC010967.2,0.026505027
RP11-77H9.5,0.026502836
AC018755.17,0.02650266
TAS2R10,0.026500816
CTD-2325A15.5,0.02649803
AC002116.7,0.026497766
LINC00222,0.026495462
RP11-388M20.2,0.026495337
LINC00637,0.026494032
CTD-2555O16.2,0.02649397
HIST1H2AD,0.026493251
RP11-287D1.4,0.026489835
RP5-1074L1.4,0.026488971
GOLGA8M,0.026486909
P2RX5-TAX1BP3,0.026486535
AC114730.5,0.02648602
CTD-2002J20.1,0.026485879
HCG25,0.026484406
PATE2,0.02647793
RP11-923I11.3,0.026477005
LINC01342,0.02647677
RP11-435O5.2,0.026476705
LINC01547,0.026475932
UGDH-AS1,0.026475033
SLC44A5,0.02647481
RP11-415J8.3,0.02647458
RP11-468H14.2,0.026473805
RP1-15D23.2,0.026472634
RP11-546J1.1,0.026471665
RP11-572B2.1,0.026471239
CTD-2515A14.1,0.026470583
RP11-552F3.9,0.026469845
AC091814.2,0.026469016
RP11-547D24.3,0.026468799
ASTN1,0.026468392
RP1-140K8.1,0.02646773
RP4-718J7.4,0.02646708
AC073115.7,0.026465964
RP11-385D13.1,0.026465863
ROR1-AS1,0.026464676
RP11-419I17.1,0.02646407
RP11-44F21.3,0.02646358
RP11-185E12.2,0.026463557
DPH6-AS1,0.02646333
AC093390.1,0.026462153
CTD-3203P2.1,0.026458805
RP11-430C7.5,0.026455801
HCG21,0.026455576
PRKAR2A-AS1,0.026451964
RP11-535A19.2,0.026450586
AC073254.1,0.026449269
RP1-151F17.2,0.02644674
RP11-130C19.3,0.026444143
RP11-375O18.2,0.026443396
RP11-760D2.5,0.026442904
AC006547.15,0.026442518
CTA-221G9.7,0.026436865
LBHD1,0.026436841
TRBV9,0.026435455
RP11-92A5.2,0.026434865
RP11-886P16.6,0.02643391
C9ORF43,0.026433652
RP11-83B20.1,0.026433006
CTD-2231H16.1,0.026432946
ADARB2-AS1,0.026431626
RP3-403A15.5,0.026431173
RP3-522J7.7,0.026430205
RP11-544I20.2,0.026429763
PLBD1-AS1,0.02642655
RP11-669M16.1,0.026426356
RP11-71E19.1,0.026426066
ANKRD18B,0.026425412
RSPH10B,0.02642313
RP11-385F5.4,0.026422739
RP11-807H22.7,0.026422272
WFDC10A,0.026421819
RP13-131K19.6,0.026420463
MORF4L2-AS1,0.02641964
C9ORF147,0.026419297
RP11-315A16.1,0.026418198
CTB-50L17.16,0.026417647
LLNLR-304G9.1,0.026417118
AC018462.2,0.02641576
AC000068.9,0.026415294
LA16C-358B7.3,0.026415091
AC073957.15,0.026413098
AC135050.5,0.026411975
WI2-85898F10.2,0.026411781
KB-1125A3.12,0.026411593
RP11-77P6.2,0.026410958
RP11-498C9.16,0.026410725
PCDHGA11,0.026410317
RP11-394I13.3,0.026409384
RP11-87F15.2,0.026407938
CCDC187,0.026407281
RP3-337H4.10,0.026407223
CTB-55O6.10,0.026404655
RP11-109N23.4,0.026402265
VAV3-AS1,0.026401598
RP11-384F7.1,0.026400503
RP11-215P8.4,0.026399324
RP11-219B4.7,0.026395723
FAM196A,0.026394535
RP11-574F21.3,0.02639384
APCDD1L,0.02639158
RP11-857B24.5,0.026391486
CCDC183-AS1,0.026391124
LINC01031,0.026390651
RP11-352G18.2,0.026390096
LYPLAL1-AS1,0.026389752
RP11-789C17.3,0.02638718
EFCAB10,0.026387122
RP11-315E17.1,0.026386568
LL22NC03-75H12.2,0.026382321
RP1-28H20.3,0.026379839
AL928654.7,0.026378712
ALS2CR12,0.026378429
LINC01208,0.026377568
RP11-95L3.2,0.026373398
RP11-582J16.4,0.026372809
RP11-68L18.1,0.026371226
IQCJ-SCHIP1-AS1,0.02637102
AC027601.1,0.026369411
RP11-791G15.2,0.026365485
RP11-326I11.4,0.026365142
RP11-297K8.2,0.026362767
RP11-476K15.1,0.026361683
AC007879.7,0.026361441
IGLC4,0.026361227
CTD-3064M3.4,0.026360268
RP11-305L7.7,0.02635697
CTD-2236F14.1,0.02635566
RP11-643M14.1,0.02635484
RP11-47P18.2,0.026354283
RP11-312J18.6,0.026352918
RP11-177H2.2,0.026349444
RP11-220C2.1,0.026349043
RP11-720L2.4,0.026345085
CTA-217C2.2,0.026341492
RP3-402G11.28,0.026339373
CTD-2527I21.15,0.026338547
RP11-497G19.1,0.02633794
RP11-455J20.3,0.026336592
RP11-687D19.1,0.026330138
RP1-50J22.4,0.026329597
RP11-462G22.2,0.026328057
ADGRF2,0.026327586
MIR325HG,0.026323909
FAM83A-AS1,0.026323771
ZSCAN5B,0.026319396
RP4-635E18.9,0.026319092
RP4-751H13.7,0.02631757
RP11-96L14.7,0.026315238
RP11-274B21.10,0.026314294
C12ORF40,0.026312292
ZNF497,0.026311914
AP000265.1,0.026310697
GOLGA6L1,0.026310647
RP11-145A3.1,0.026309729
RP11-61L14.6,0.026308447
RP11-188P17.2,0.026306251
RP11-78F17.1,0.026306141
RP11-753H16.5,0.026305158
CTBP1-AS,0.0263049
GOLGA8H,0.026302328
RP11-767N15.1,0.026301896
RP11-569A11.1,0.02630167
CTD-2542L18.1,0.02629846
RP11-396C23.2,0.026297774
RP11-65J3.14,0.0262976
LRRC16B,0.026296845
RP11-307P5.1,0.026295383
LANCL3,0.02629391
TRBV15,0.026293892
C1ORF234,0.026293466
RP11-10J5.1,0.026292304
RP11-173A6.3,0.026290182
LINC01152,0.026288886
CTD-2292M14.1,0.026288083
RP11-387M24.5,0.026287686
TCF4-AS2,0.026287308
AADACL4,0.026286012
CA3-AS1,0.026285421
SSPO,0.02628538
CTA-150C2.13,0.026283164
AC068580.6,0.026282627
RTCA-AS1,0.026281301
AP006285.2,0.026281003
AC144831.3,0.02627926
TBC1D3P1-DHX40P1,0.026278049
RP11-407G23.1,0.026277816
RP11-338E21.3,0.026271928
RP11-518L10.5,0.026271816
PRCAT47,0.026270935
RP11-290D2.3,0.026270369
PRR29-AS1,0.026269427
RP11-423H2.4,0.026268825
RP1-41C23.4,0.02626732
IGHV1-46,0.026266843
LINC00501,0.026266238
LINC01204,0.026265282
AC100830.5,0.026265051
AC008074.3,0.026264692
RP11-364P22.1,0.026264379
AP000704.5,0.026263872
LINC01132,0.026257653
RP11-335L23.5,0.026256943
LCN15,0.026256924
NPIPA3,0.026256084
RP11-326C3.2,0.026252795
AC104653.1,0.026252002
AC072062.1,0.026251912
RP11-120C12.3,0.026249975
CTD-2659N19.9,0.026249174
KB-173C10.2,0.026247721
AC007285.6,0.026245123
LINC00264,0.026244974
CTD-2012J19.3,0.026242968
RP11-49K24.8,0.026242752
RP11-456O19.2,0.026238363
HIST1H2BF,0.026236918
RP11-316M1.3,0.026235644
RP11-284F21.11,0.026234314
AC002550.5,0.026232254
RP11-687F6.5,0.026231956
RP11-798G7.8,0.026229318
AC007040.11,0.02622747
RP11-16C1.1,0.026227033
C15ORF59-AS1,0.026226476
AC022154.7,0.026226077
MIR1539,0.02622586
RP3-441A12.1,0.026224812
RP1-90G24.6,0.026224598
AP000688.29,0.026223361
RP11-15K19.2,0.026223198
RP11-490B18.6,0.026222866
C19ORF45,0.026222154
RP11-435O5.5,0.026216652
RP11-384O8.1,0.026214704
RP5-1092A11.5,0.026211342
RP11-341N2.1,0.026209723
SCAANT1,0.02620908
FARP1-AS1,0.026206499
RP11-587P21.2,0.026203156
XX-C2158C6.3,0.02620252
LINC00843,0.026199821
TUNAR,0.026196793
CTC-523E23.4,0.026196247
CTD-2587H24.10,0.0261951
HORMAD2-AS1,0.026194517
RP11-840I19.5,0.026193876
RP11-1081L13.4,0.026192898
ADAM32,0.026192497
RP11-19E11.1,0.026190674
KCTD8,0.02618609
RP4-639J15.3,0.026185568
XXBAC-BPG55C20.7,0.026185054
FEV,0.026184926
RP11-1017G21.4,0.026182484
TMX2-CTNND1,0.02618197
RP11-1212A22.4,0.026181445
BTBD16,0.02618033
RP11-527J8.1,0.026179332
AL049794.1,0.026177859
SH3PXD2A-AS1,0.026176322
TRBV25-1,0.026175762
RP11-1E4.1,0.026173884
CXORF57,0.0261733
RP11-1090M7.1,0.026172286
RP11-1055B8.3,0.026171869
RP11-452K12.4,0.026171867
TEX26-AS1,0.026167836
NPHP3-ACAD11,0.026166517
RP11-326C3.7,0.026166309
LINC00639,0.026161492
RP11-300J18.2,0.026160857
DLGAP1-AS4,0.026160702
RP11-142C4.6,0.026156107
SYT3,0.026155833
MURC,0.026155362
PAK7,0.026154976
AC005550.3,0.02615196
PROB1,0.026148867
RP1-206D15.6,0.026148822
AC068499.10,0.026148617
AC098820.2,0.026145726
C2ORF72,0.02614436
CTD-2165H16.4,0.02614421
CTD-3126B10.1,0.026139408
LINC00894,0.026139308
RBBP8NL,0.026138619
RP11-745C15.2,0.026138172
RP13-884E18.4,0.026137698
MIRLET7DHG,0.026136454
RP11-848P1.4,0.026134167
RP11-515O17.3,0.026132679
RP11-45P15.4,0.026131812
RP1-8B1.4,0.026131108
RP11-470P21.2,0.026129887
AC093627.9,0.026129877
RP11-500G22.4,0.026129594
RP11-379F12.3,0.026125008
MCM3AP-AS1,0.026124572
RP11-539G18.3,0.02612393
RP11-1055B8.4,0.026123593
LINC01336,0.026120326
LRRC9,0.026119912
RP11-359M6.1,0.026118334
TRAV5,0.026117811
LDLRAD4-AS1,0.026116122
IGF2-AS,0.026115794
RP11-528I4.2,0.026114617
C11ORF44,0.026114319
LINC00167,0.02611341
SHANK2-AS3,0.026111672
RP11-431N15.2,0.026110386
C12ORF80,0.026105512
RP11-679B17.2,0.026105266
RP11-572O17.1,0.026103115
RP11-320M2.1,0.026098717
RP11-17E3.1,0.026098534
AC007620.3,0.026098073
RP11-340F14.6,0.026097536
AC011747.4,0.026095545
ZNF709,0.026095087
AC079807.4,0.02609187
RP13-49I15.6,0.026091123
RP11-107I14.4,0.026089728
RP11-439A17.9,0.026089266
RP11-1275H24.3,0.026086684
THCAT158,0.026086167
RP11-307C12.13,0.026085794
RP11-85L21.4,0.02608501
KLHL34,0.02608413
AC008781.7,0.026083594
RP11-63A1.1,0.026083041
RP11-2N1.2,0.026082236
NAT16,0.026080888
AF165138.7,0.02608085
KB-68A7.1,0.02608054
RP11-405M12.4,0.02607787
RP4-761J14.10,0.026077846
RP11-371A19.2,0.026077818
LINC00887,0.026076695
CTC-329D1.2,0.026076207
AP000350.5,0.026071602
AC092667.2,0.026071584
FNDC9,0.026071493
RP11-20E24.1,0.026063766
RP3-455J7.4,0.026063751
SLC25A48,0.02606022
RP1-90J20.8,0.026057485
LINC01565,0.02605744
RP11-338N10.1,0.026057139
CTD-3075F15.1,0.02605691
AC073657.1,0.026056882
DEPDC1-AS1,0.026055753
RP11-864I4.1,0.026055014
C20ORF202,0.026054155
ALDH1L1-AS2,0.026053065
RP11-367F23.2,0.026052842
TBC1D3I,0.026050556
RP11-702F3.1,0.026048284
TCP10L,0.026045492
RP11-106M3.2,0.02604407
LINC00992,0.026038876
RP11-795F19.1,0.026037756
RP11-20G13.2,0.026035536
AC006004.1,0.026035225
RP11-1109F11.5,0.026034122
ENOX1-AS2,0.026032839
CTD-3224K15.2,0.02603229
RP11-66H6.3,0.026028654
RP4-576H24.4,0.026027273
RP11-483F11.7,0.026024604
SLFNL1-AS1,0.026023934
CTD-2012K14.3,0.026022166
RP11-366F6.2,0.026019087
AC092580.3,0.026018387
LINC01108,0.02601784
RP11-493L12.5,0.026016835
RP11-503L19.1,0.026016686
AC015849.2,0.026016474
PCDHAC2,0.026016038
ABCC12,0.026013339
RP11-61E11.2,0.02601241
RP11-547C5.1,0.026012104
RP11-38L15.2,0.026012024
CTC-265F19.3,0.026011785
TCERG1L-AS1,0.02601034
LRRC74A,0.026009832
RP11-616M22.11,0.026008343
LINC00870,0.026008334
LINC01556,0.026006926
RP11-339B21.13,0.026005894
CTD-2313J23.1,0.026003286
SEPT3,0.026001116
RP11-476H16.1,0.026000071
OR2C3,0.025998583
CTD-3110H11.1,0.025997031
RP11-445P19.3,0.025995955
MAP3K15,0.025991872
RP11-30K9.6,0.02599139
RP11-181G12.2,0.025990397
RP11-293M10.2,0.025988853
PROX2,0.025988674
C1ORF140,0.025988394
PCF11-AS1,0.025988195
RP11-77E14.2,0.025987308
RP11-466F5.10,0.025986781
CTB-83J4.1,0.025984224
RP4-684O24.5,0.02598307
RP11-561B11.2,0.025982061
RP13-465B17.5,0.025979375
RP4-794I6.4,0.025978442
RP11-7I15.4,0.025976557
RP11-178L8.3,0.025976524
RP3-471M13.2,0.02597543
AC115522.3,0.025975382
RP11-575L7.8,0.025973687
CTD-2192J16.22,0.025973242
RP11-92K15.3,0.025973018
XXBAC-B33L19.4,0.025972903
RP11-346C20.4,0.02597246
RP11-77P16.4,0.025969854
AC128709.4,0.02596952
RP5-1112D6.8,0.02596899
RP11-346D14.1,0.025968438
RP11-110I1.14,0.025967846
LINC01262,0.025966544
AP001189.4,0.025959998
RP11-78O7.3,0.025959203
RP11-46D6.1,0.025957996
RP11-415F23.4,0.02595548
RP4-616B8.4,0.025951121
CTA-212D2.2,0.025949191
CH507-513H4.1,0.025946835
RP11-546K22.1,0.025946388
TXNDC2,0.025943696
OVCH1-AS1,0.025943166
AB015752.3,0.02594307
AC091814.3,0.025942555
RP11-28G8.1,0.025940979
HIST1H4A,0.025939021
RP11-276E17.2,0.025938135
LINC01170,0.025937866
AC005037.3,0.025936002
LA16C-352F7.1,0.025932878
RP11-736K20.6,0.025931299
RP11-141O15.1,0.025931126
RP11-946L16.1,0.025930643
AC007163.6,0.025929362
IL21-AS1,0.025928328
RP11-350G8.9,0.025927763
RP1-278O22.1,0.025927255
RP11-108O10.2,0.02592715
RP11-16L9.2,0.025925841
TRGV8,0.02592575
RP11-737O24.2,0.025923606
CTB-96E2.7,0.025923098
RP11-753D20.3,0.02592228
AC018647.3,0.02592223
AP000997.1,0.025919575
RP11-147L13.8,0.025919368
RP13-631K18.5,0.025919165
RP5-1102E8.3,0.02591812
SCARNA2,0.025917556
RP11-583F2.5,0.02591597
JAKMIP3,0.02591468
CTD-2306A12.1,0.025914386
RP5-1022P6.4,0.025914153
RP1-80N2.3,0.02591219
RP11-91I20.4,0.025909841
IGKV1D-13,0.025908586
CTD-2554C21.3,0.025906453
CTB-30L5.1,0.025905782
RP11-711C17.2,0.025902312
RP11-53B2.3,0.025901606
AC009299.2,0.025898363
RP11-96K19.2,0.025898254
RP11-894P9.2,0.025896803
CTD-2012K14.7,0.025895048
PCDHA3,0.02589419
RP11-22L13.1,0.025892338
RP11-480C16.1,0.025891816
CNTNAP5,0.025891233
RP11-1080G15.1,0.025887173
PIK3IP1-AS1,0.025884563
AC007383.3,0.025884476
AC064834.2,0.02588358
RP11-573G6.10,0.025882864
CTC-338M12.6,0.02588147
VAC14-AS1,0.025880808
RP11-21A7A.3,0.025879044
RP11-403P17.4,0.025878971
RP11-235G24.1,0.02587821
AC092171.2,0.025876328
RP11-269F20.1,0.025876205
RP11-867G23.3,0.025875947
RP11-413M3.4,0.025875762
TRBV6-5,0.025875363
IGHV1-2,0.02587385
CTC-444N24.13,0.02587376
BANCR,0.025873661
RP4-555D20.3,0.025872415
RP11-576D8.4,0.02587229
RP11-403A21.1,0.025870597
VSIG8,0.025867239
RP11-529G21.2,0.025866782
RP11-466F5.8,0.025865072
AL356585.2,0.025863934
RP11-650K20.3,0.025861988
RP11-6O2.3,0.02586073
LINC01330,0.025859987
RP11-351I24.1,0.025857259
AF064858.11,0.025857115
RP3-510H16.3,0.02585644
ARL14EPL,0.025854489
CTD-2525I3.2,0.025849864
RP11-787I22.3,0.025848985
RP11-646I6.5,0.02584813
RP11-549B18.1,0.02584717
RP3-470B24.5,0.02584659
TAPT1-AS1,0.0258446
RP11-275I4.1,0.025842085
CTD-2540M10.1,0.02584045
RP11-202A13.1,0.025839645
RP11-92C4.3,0.025838679
RP11-539I5.1,0.025835145
RP11-94H18.1,0.025834316
RP11-359E10.1,0.025832612
RP11-142A22.4,0.025832534
RP11-89K10.1,0.025830071
RP11-462G2.2,0.025829416
RP11-307C19.1,0.025826354
AC068831.15,0.025826013
RP11-44K6.3,0.025825271
RP4-742J24.2,0.025823146
RP11-424G14.1,0.025822436
LA16C-349E10.1,0.025821531
RP5-1125N11.2,0.02582109
LINC01191,0.025821015
AC090587.5,0.025819499
RP11-213H15.1,0.025818944
RP11-2H3.6,0.025818188
RP11-380O24.1,0.025818065
LINC00299,0.02581581
CITF22-49E9.3,0.025813365
RP11-360L9.4,0.02581196
RP11-458D21.1,0.025809914
RP1-102E24.8,0.025807003
FAM53A,0.025806254
RP11-465N4.5,0.02580575
PKN2-AS1,0.025804471
LINC01483,0.025801543
RP11-21A7A.4,0.025801063
LINC01537,0.025799489
AC133528.2,0.025799435
AC007879.2,0.025799114
USP27X-AS1,0.025798565
RP11-362K14.5,0.025796572
AC091493.2,0.02579606
RP1-127D3.4,0.025794338
RP11-585P4.5,0.025792856
LINC00618,0.025789972
CTD-2139B15.2,0.025788993
RP11-554F20.1,0.025786307
RP11-421L21.2,0.025785992
LINC00693,0.025785053
HIST1H4I,0.02578419
RP11-699L21.1,0.025784109
RP11-267C16.1,0.025780123
RP13-766D20.4,0.025779162
RP11-120D5.1,0.025777465
RP11-571M6.17,0.02577743
C18ORF63,0.02577709
ASPRV1,0.025775319
LAMA5-AS1,0.025774827
RP5-1120P11.3,0.025774822
FARSA-AS1,0.025772864
RP11-90P13.1,0.025771227
RP11-426L16.3,0.025770212
TSPEAR-AS1,0.025768742
C9ORF163,0.025768667
AP000442.1,0.025768494
LINC00856,0.025764624
RP11-20I23.8,0.025764367
RP11-646I6.6,0.025760453
RP11-427M20.1,0.02576043
ZNF560,0.025758047
RP5-828H9.1,0.025758022
AF124730.4,0.025757909
RP5-1121A15.3,0.025756469
RP11-10A14.5,0.025750607
ASB5,0.025749903
AC007365.3,0.025749724
LRRC63,0.025749493
HCG17,0.025749212
RP11-10H3.1,0.025748512
ZNF492,0.025748271
LINC01535,0.025746375
RMDN2-AS1,0.025745261
RP11-157D23.2,0.0257443
RP11-875O11.2,0.025743436
RP11-290L1.3,0.025742125
RP11-665J16.1,0.025739167
CTD-2154I11.2,0.025733631
RP11-672A2.5,0.025730196
RP5-1061H20.4,0.025728771
THEGL,0.025728652
RP11-143K11.7,0.025727015
RP11-758N13.1,0.025726175
REG4,0.025725935
RP11-1060G2.2,0.025724795
CTD-2537I9.18,0.025724197
AC007349.5,0.02572387
CTD-2616J11.14,0.025723413
AC123023.1,0.025722723
CTC-492K19.7,0.025722712
CTD-2515H24.2,0.025721233
RP11-347C18.5,0.025718903
TMEM151B,0.025718847
RP11-266K4.14,0.02571759
RP11-35G9.5,0.025716525
RP11-472G21.2,0.02571546
CTC-270D5.1,0.025715446
AC005618.6,0.025715087
RP11-131L12.2,0.025712103
NCRNA00250,0.025711115
CTD-2574D22.7,0.0257108
RP11-48B3.3,0.025710702
RP5-1050D4.3,0.025709007
RP11-950C14.7,0.02570865
RP1-59D14.10,0.025708118
RP11-543C4.1,0.025707353
RP5-965G21.6,0.025706992
RP11-248M19.1,0.0257051
RP11-158I9.5,0.025703067
RP11-112J3.16,0.025702551
RP11-982M15.5,0.025701294
CCDC169,0.025701229
RP11-74J13.8,0.025698682
CTB-40H15.4,0.025697082
TRAV41,0.025694568
EML5,0.025694054
RP11-535M15.1,0.025690317
CTC-209H22.3,0.025690224
CTD-2349P21.11,0.02568813
XXBAC-B476C20.9,0.025685996
KB-1615E4.2,0.025685882
RP11-65N13.8,0.025676465
RP11-318E3.9,0.025676051
MROH7,0.025673965
RP11-120K19.4,0.025673768
RP1-224A6.3,0.025671845
CTC-529I10.1,0.025671516
RP11-298O21.2,0.025669703
RP11-872D17.4,0.025668312
RFX3-AS1,0.025668195
ZFR2,0.025664646
BTBD18,0.02566143
RP11-547D23.1,0.025661394
SLC35G5,0.02565976
RP4-591N18.2,0.025658697
LINC01122,0.025658447
OIT3,0.025656527
RP11-362F19.3,0.025656274
RP4-758J18.13,0.025654992
RP11-661A12.7,0.025653029
PRRT4,0.025651593
RP6-74O6.6,0.02565136
LINC01608,0.025650758
RP3-406P24.4,0.025650179
RP4-660H19.1,0.025649276
RP13-16H11.2,0.025648126
RP1-125I3.2,0.025644708
CTD-2666L21.1,0.025644492
RP11-144G7.2,0.025643697
RP4-533D7.5,0.025643438
RP11-214K3.24,0.02564337
RP11-449J21.5,0.025643134
ZMYM6NB,0.025642222
NIM1K,0.025642138
RP11-89G4.1,0.025641773
VAT1L,0.025641212
RP3-323P24.3,0.025639465
CLIP1-AS1,0.02563943
RP11-228B15.4,0.025638808
RP11-455F5.4,0.025638726
RP11-46H11.3,0.025638524
XKR9,0.025637407
RP11-12M5.3,0.025636977
GVQW1,0.0256363
AC091133.1,0.025636012
HCP5B,0.025632102
RP1-90G24.11,0.025630692
FAM201A,0.02563035
RP11-540O11.6,0.02563006
RP11-573D15.8,0.025629211
HCG24,0.025628809
INE2,0.0256275
AE000662.92,0.025625568
LINC01521,0.025624681
RP3-466P17.1,0.025623834
LINC00599,0.02562361
RNF217-AS1,0.025621152
RP11-157E16.1,0.025620129
RP11-99E15.2,0.025619874
MTRNR2L3,0.025619602
RP11-6F2.5,0.025617104
RP11-474I11.7,0.02561674
MESTIT1,0.025615316
RP11-103J8.1,0.025615191
RP11-399K21.13,0.02561475
RP11-557C18.4,0.025614422
CTD-2530H12.4,0.0256139
RP11-1055B8.10,0.025613213
RP5-908M14.5,0.02561153
ATP13A5-AS1,0.025610466
AP000640.10,0.025609815
RP13-514E23.2,0.02560716
RP13-820C6.4,0.025604159
RP11-84A19.2,0.0256001
RP11-795F19.5,0.025597597
RP3-406P24.3,0.025597444
RP11-358N2.2,0.025596803
RP11-335K5.2,0.025595356
IGKV6-21,0.025595248
RP11-345P4.10,0.025591392
ST7-AS2,0.0255904
RP11-212I21.5,0.0255878
RP11-615I2.6,0.02558723
MIR9-3HG,0.025585588
RP11-467P9.1,0.02558503
RP11-290C10.1,0.025583843
LINC00384,0.025583813
CTD-2587H24.5,0.025583368
RP11-65B7.2,0.025582578
CH17-408M7.1,0.025582304
RP11-351J23.1,0.02558161
CTD-2024P10.2,0.025579352
LINC01260,0.025578761
RP11-15A1.7,0.025578702
HP09025,0.02557824
RP11-324E6.10,0.025577819
AF131217.1,0.025577594
RP11-72L22.1,0.025574367
TMEM31,0.025574192
RP11-573D15.9,0.02557337
CTA-398F10.2,0.02557083
RP11-443B20.1,0.025568396
LINC00278,0.025565917
C17ORF105,0.025561739
CTD-2256P15.4,0.025561577
LINC01254,0.025559172
RP11-616M22.3,0.025556061
RP11-109E12.1,0.025552178
RBMS3-AS2,0.025552178
RP11-73K9.3,0.025547674
RP11-353N14.4,0.02554739
PURG,0.025546914
RP5-1157M23.2,0.02554499
TMLHE-AS1,0.025544364
RP11-642C5.1,0.025543323
RP3-337H4.9,0.025543252
RP5-981O7.2,0.025543073
AC010884.1,0.02554281
RP4-555D20.2,0.025542652
LINC00463,0.025541704
NKAIN3,0.025541048
CTD-2260A17.1,0.025540406
PINK1-AS,0.02553837
RP5-1086K13.1,0.025537144
RP11-73M7.9,0.02553546
LRRD1,0.025534863
HIST1H2AL,0.025532573
RP11-342K6.4,0.025532236
RP11-46A10.5,0.025531242
RP11-1070N10.7,0.02553013
RNU6ATAC35P,0.025529182
CTD-2130O13.1,0.02552857
LINC00158,0.025527459
PIK3CD-AS1,0.025525639
FAM209B,0.025525048
RP11-245J9.4,0.025524985
BMS1P14,0.025524285
RP11-214O1.2,0.025523892
AL133493.2,0.025521953
RP11-505P4.7,0.02552126
FAM25A,0.025520999
KHDC1L,0.025520867
IBA57-AS1,0.025520599
RP11-559M23.1,0.025517862
SMCO2,0.02551707
C3ORF84,0.025516445
TMEM72-AS1,0.025515983
RP11-78A19.3,0.025514137
RP5-1142A6.10,0.02551357
RP11-119J18.1,0.02551352
TMEM252,0.02551258
RP11-27K13.3,0.02550838
RP11-1055B8.2,0.025508115
LINC00487,0.0255076
TRBV5-4,0.025507137
RP11-365O16.6,0.025506923
LINC01625,0.025504952
DBNDD2,0.025504345
NRN1L,0.02550267
DDX26B-AS1,0.025502097
VWA8-AS1,0.025501769
AC007255.8,0.025498906
RP11-326C3.15,0.025497615
LINC01372,0.025497368
RP11-511B23.1,0.025497321
AC016700.2,0.025497194
RP11-728E14.2,0.0254961
CTD-2378E12.1,0.02549564
RP5-965G21.4,0.025495548
LRRC3-AS1,0.025493022
RP11-690P14.4,0.025490517
RP11-10C24.2,0.025488641
RP11-185E8.1,0.025486479
RP5-1139I1.2,0.025486082
UG0898H09,0.025484478
MANSC4,0.025484428
RP11-297A16.2,0.02548398
RP11-53I6.4,0.025482977
RP5-1096J16.1,0.025481993
RP11-439L18.2,0.025480455
LINC01433,0.02548041
RP11-774O3.1,0.025480386
RP11-439K3.3,0.025479997
LINC00271,0.025479224
RP11-466A19.3,0.02547794
DNAJB5-AS1,0.025477707
RP11-51J9.6,0.025476959
RP11-68I3.5,0.025475392
HPN-AS1,0.02547403
AJ003147.9,0.025473977
RP11-500G10.5,0.025472263
RP11-235C23.5,0.025471926
RP11-1275H24.2,0.025470918
RP11-93B14.10,0.025468513
RP11-10N23.5,0.025468275
RP1-256G22.2,0.025463965
TEX19,0.025462836
TRIM15,0.025462478
CH17-132F21.5,0.025459802
RP4-784A16.5,0.025458654
ATP13A5,0.025457775
PRMT5-AS1,0.02545776
RP11-141M1.1,0.025454264
TRDV3,0.025452975
RP11-439L18.1,0.025451845
RP11-80A15.1,0.02545144
RP11-701P16.2,0.025450911
TM4SF20,0.025449747
RP11-798G7.5,0.025448252
RP11-268G13.1,0.025446385
ITFG1-AS1,0.025446314
CTB-41I6.1,0.025443982
RP13-1032I1.11,0.025440684
C19ORF84,0.02543669
RP11-981P6.1,0.025436575
IGHV4-61,0.025436237
TRAV38-1,0.025434334
LINC00911,0.025434118
RP11-234G16.5,0.02543312
ANKRD20A2,0.025432378
RP11-17J14.2,0.025431912
GAS5-AS1,0.025431897
RP11-886D15.1,0.025427502
RP11-509J21.2,0.025426235
GRIK1-AS1,0.02542615
LINC00664,0.025426045
WEE2-AS1,0.02542586
RP11-211G3.2,0.025425289
SMARCA5-AS1,0.025424054
RP11-629G13.1,0.02542401
RP11-399K21.14,0.025421698
CTD-2384B11.2,0.025420595
RP11-192H23.5,0.025420582
RP11-713M15.1,0.025417617
RP11-881M11.1,0.025417324
RP11-298E9.5,0.02541474
LINC00880,0.025413599
CECR5-AS1,0.025412286
RP11-385F5.5,0.025411135
RP11-304F15.3,0.025410283
RP3-403L10.3,0.025407702
CTA-407F11.8,0.025407374
RP11-491F9.1,0.025404379
RP11-996F15.5,0.025403535
AE000662.93,0.025403496
TMEM110-MUSTN1,0.025401592
RP4-753F5.1,0.025399838
AP001056.1,0.025397465
RP11-31F15.2,0.02539295
CTD-2337A12.1,0.025392741
CTB-50L17.9,0.025392335
KRTAP5-8,0.025392065
CTB-35F21.1,0.025391359
RHBG,0.025389131
CTD-2017F17.1,0.02538612
RP11-115C10.1,0.02538552
ZRSR1,0.025385344
AC011747.3,0.025385056
RP11-506K6.4,0.025384942
RP11-475O6.1,0.025384123
RP11-596D21.1,0.025383433
RP11-83M16.5,0.025383318
DNAJC9-AS1,0.025383258
NME9,0.025382753
FAM81A,0.025382672
AP000569.9,0.025382187
CTD-2589M5.5,0.025376726
RP11-333A23.4,0.025373798
RP11-571I18.4,0.025373504
CTB-13F3.1,0.025373435
AC144836.1,0.025372645
RP11-422P24.10,0.025371497
LINC00202-1,0.02536943
CTB-58E17.5,0.025366956
LINC01301,0.025364924
RP11-80H5.7,0.025364378
GSN-AS1,0.025360784
RP1-111D6.2,0.025360605
CTD-2358C21.3,0.02535745
LINC00102,0.025356684
DNAH10OS,0.025355835
RP11-306I1.2,0.025353353
RP11-1017G21.6,0.025347337
RP11-164N3.2,0.025345627
C1QTNF9B,0.02534319
RP11-290D2.6,0.025340278
TMSB15B,0.025336664
RP5-1024G6.7,0.02533636
RP11-498P14.5,0.025336048
CAMKV,0.025332686
AC108004.3,0.025330925
RP11-421M1.8,0.025330905
LINC01629,0.025329763
RP11-323F24.3,0.02532497
RP1-153G14.4,0.02532354
RP11-745L13.2,0.025322068
ACVR2B-AS1,0.025319815
CTD-2325P2.3,0.025318008
RP11-281A20.2,0.02531732
C1ORF220,0.025315296
RP11-815J21.4,0.025308315
RP3-468B3.2,0.02530669
RP4-777O23.1,0.025306651
RP11-344N10.5,0.02530522
AC004012.1,0.025304493
RP11-164O23.8,0.02530158
RP5-991G20.2,0.025301266
RP11-445O16.3,0.025300657
RP11-944C7.1,0.025299113
HCG27,0.025299083
ZIM2-AS1,0.02529889
ARHGAP31-AS1,0.02529861
GPR174,0.025295373
RP11-103H7.2,0.025295371
RP11-168L22.2,0.025292957
H2BFS,0.02529282
CTD-2260A17.3,0.02529261
TRBVB,0.025291959
RP11-712B9.2,0.02529123
RP11-706O15.3,0.025291149
RP11-53I6.3,0.02529113
RP11-227D13.1,0.025290519
SOWAHA,0.025289137
AC005042.4,0.025284301
CTC-550B14.7,0.025282849
RP11-32B5.8,0.025278216
CH507-42P11.5,0.025277749
ITCH-AS1,0.025276547
RP11-647K16.1,0.02527529
SPINK7,0.025272286
RP11-158K1.3,0.025271188
MARCH10,0.025270825
RP11-430G17.3,0.02527056
LRP4-AS1,0.025269056
RP11-420A6.2,0.025267314
RP5-1050E16.1,0.025266737
RP11-1103G16.1,0.025265357
RP11-276H7.2,0.025264483
WFDC13,0.025263954
CTD-2639E6.9,0.025263513
TSNAX-DISC1,0.025257956
RP11-390K5.3,0.025254596
SERPINE3,0.025253544
CTD-2090I13.1,0.025252674
RP11-161H23.5,0.025251057
RP11-475E11.9,0.02525064
RP1-249I4.2,0.025249356
RP11-127L20.3,0.025245583
STT3A-AS1,0.025245417
RP11-16E18.3,0.02524372
RP11-867G2.6,0.025243113
RP11-432J24.2,0.025242519
LINC00265,0.025242064
RP1-221C16.8,0.025240302
RP5-968P14.2,0.025239298
AJ239322.1,0.025238967
LINC00500,0.02523756
RP11-298J23.5,0.025233578
AC090505.4,0.02523303
RP5-956O18.2,0.025232067
FAM66D,0.025228996
CTC-232P5.1,0.02522833
SPATA3-AS1,0.025227642
RP11-173P15.3,0.025226176
RP11-863P13.2,0.025223736
RP11-810P12.5,0.025222804
RP11-369E15.3,0.025222704
LURAP1L-AS1,0.025220389
RP11-982M15.8,0.025219673
FLJ33360,0.025219375
RP11-342I1.2,0.02521352
RP11-329B9.1,0.025212824
RP11-307L14.1,0.025210714
ZNF727,0.025207713
GS1-594A7.3,0.025207479
PTGES2-AS1,0.02520727
CTD-2265O21.7,0.025207197
LINC00226,0.025206381
RBM5-AS1,0.025206212
HEATR9,0.025204957
LRRC66,0.025204668
ST18,0.0252021
RP11-158H5.7,0.025201868
UBE2E2-AS1,0.025201302
EXTL3-AS1,0.025200237
DLX2-AS1,0.025199214
RP11-157F20.3,0.025198836
CTD-2655K5.1,0.025197992
RP4-583P15.10,0.025197279
CTD-2126E3.4,0.025190175
RP11-314N13.3,0.025189053
RP11-95I16.6,0.025186256
AC007879.4,0.025186056
LINC01445,0.025185341
RP11-783K16.13,0.0251826
CTD-2116N17.1,0.025182227
RP11-171I2.5,0.025181264
RP11-448G15.1,0.025179764
RP11-191G24.1,0.025177807
GDPD2,0.02517655
RP11-106M3.3,0.025173042
RP1-257A7.4,0.025169685
WI2-87327B8.2,0.025169143
CTB-31O20.3,0.025168667
RP11-406H21.2,0.025166467
LINC01098,0.025164027
CCDC158,0.025161773
AC000068.5,0.025160346
AC083949.1,0.025159871
RP4-536B24.4,0.025158456
ZNF66,0.025153017
LINC01561,0.025151482
RP11-316O14.1,0.025150618
C1ORF95,0.025149873
RP11-356J5.13,0.025148228
ZNF888,0.025147706
RP11-118B22.4,0.025147375
ADGRF3,0.025144208
NBAT1,0.025143614
ERICH4,0.025141234
CTC-510F12.2,0.025138691
GSG2,0.025137346
RP11-160H22.3,0.02513454
RP4-734G22.3,0.025133323
RP11-166B2.8,0.025128717
RP3-329A5.8,0.025128314
RP11-820I16.1,0.025127986
RP11-33N14.3,0.02512161
RP13-516M14.2,0.025115266
RP11-110I1.11,0.025113031
RP11-654D12.3,0.02511031
AP002954.4,0.025108863
RP11-801F7.1,0.02510789
RP11-136O12.2,0.02510773
AC016738.4,0.025106797
RP11-24N18.1,0.025103074
RP11-1134I14.8,0.025101135
RP11-265E18.1,0.02510064
RP11-95M15.1,0.025100306
CTC-250I14.3,0.025098812
RP4-778K6.3,0.025098225
RP11-344P13.6,0.025097266
XXYAC-YM21GA2.7,0.025097053
AC005740.6,0.025096685
RP11-477J21.6,0.025094783
RP11-756H6.1,0.02509295
RP11-770G2.5,0.025088524
MIR3179-3,0.025087917
RP11-621L6.3,0.025085539
RP11-1348G14.8,0.025084835
CTD-2012K14.6,0.025082875
RP11-403I13.7,0.025080437
RP11-6N17.6,0.025079573
RP11-981G7.6,0.025077116
CTC-360G5.9,0.025077024
TRAV40,0.025076557
RP11-830F9.5,0.02507626
RP11-1070N10.5,0.025074016
SLC6A15,0.02507304
RP11-77K12.10,0.02507056
RP11-6D1.3,0.025068834
MIMT1,0.02506861
RP11-320M16.2,0.025062546
CTC-251D13.1,0.025061563
AC079742.4,0.02506103
RP11-98F14.11,0.025058234
RP11-121A14.2,0.025055284
AC008060.7,0.02505367
AC007566.10,0.025053233
RP11-463J10.3,0.025050845
RP11-351A11.1,0.025050234
CTD-3076O17.1,0.025049439
RP1-261D10.2,0.025046626
RP11-367N14.3,0.025046537
CTB-43P18.1,0.025046408
CASC18,0.025043204
MLIP,0.025038416
RP11-575F12.2,0.025038365
U47924.32,0.02503765
AC005523.3,0.025037423
RP11-490B18.5,0.02503719
AP000679.2,0.0250349
RP1-27K12.4,0.025034567
AC015987.1,0.025033604
FAM157B,0.025030468
APOA1-AS,0.025029143
RP11-506H21.5,0.025025677
AC007292.4,0.025021195
AC006129.1,0.025021175
CTB-191K22.6,0.025019009
ZNF571-AS1,0.02501897
RP5-1057I20.4,0.02501452
RP11-363E6.3,0.025013376
MTUS2-AS1,0.025008475
RP4-764O22.1,0.025006274
CTD-2201I18.1,0.025004644
RP11-571L19.8,0.024999987
RP5-965G21.3,0.024999753
RP11-586D19.1,0.024999555
C20ORF203,0.024998475
RP11-16P6.1,0.024998328
AC097662.2,0.024996972
RP11-154H23.4,0.02499612
RP11-318C24.2,0.02499537
CTD-2349P21.5,0.024989206
CTD-2537I9.12,0.024988893
RP11-360O19.4,0.024988258
CTA-989H11.1,0.0249873
RP11-707P17.2,0.024981838
RP11-424I19.2,0.02498053
KIAA1024,0.024980035
RP4-597N16.4,0.024978936
UBE2E1-AS1,0.02497856
RP5-1039K5.17,0.024976766
CPEB1-AS1,0.024974573
RP11-769O8.1,0.024973897
CTD-2349P21.12,0.024973242
RP11-196G18.3,0.024969857
LINC00652,0.024968322
RP11-171I2.2,0.024967052
CD200R1L,0.024966655
RP11-362K14.6,0.024964934
TMEM89,0.024963677
RP11-545M17.1,0.024959188
CTD-3224I3.3,0.024958942
CTD-2331H12.7,0.024958555
ZNF649-AS1,0.024958532
RP11-401P9.5,0.024958227
CTD-2616J11.2,0.02495783
LINC00950,0.024956768
RP11-253D19.1,0.024954623
RP11-701H16.4,0.024954254
SOX21-AS1,0.024952589
AP000962.2,0.024950093
LSMEM2,0.0249498
RP1-257A7.5,0.024944838
RP11-394O4.3,0.024941444
RP11-67L3.5,0.02494137
RP11-624M8.1,0.02494004
RP11-626G11.4,0.024939658
TRPC5OS,0.024938397
PRC1-AS1,0.02493749
LINC00284,0.024937347
RP11-159D12.10,0.024936095
CTB-113P19.4,0.024936073
RP11-164O23.7,0.024933526
RP11-1006G14.2,0.024932802
XXYAC-YX155B6.5,0.024932766
CTD-2383M3.1,0.024930228
RP11-130C6.1,0.024928339
RP11-723D22.3,0.02492778
RP11-373N22.3,0.0249275
RP11-65L3.2,0.024927478
TEX38,0.02492556
RP11-323N12.5,0.024924595
RP1-224A6.9,0.02492452
RP11-54G14.1,0.02492283
RP11-96C23.15,0.024922771
RP11-438L19.1,0.024919769
LINC00565,0.024919616
RP11-381K20.4,0.02491944
RP11-543D10.2,0.02491882
RP11-266K4.9,0.024918785
ERICD,0.024918308
RP11-282O18.7,0.02491796
RP11-881M11.4,0.024916884
AC002511.2,0.024916295
RP11-22P4.2,0.02491494
TRGV6,0.024913842
RP11-638I2.4,0.024910787
UBE2Q2L,0.024910754
AC105760.3,0.024910022
RP5-933K21.3,0.024909398
RP11-179K3.2,0.024908543
RP11-831F12.2,0.024907317
C2ORF80,0.024903841
AC073342.12,0.02490362
FIRRE,0.024902245
CEP295NL,0.024902109
AC006946.15,0.024899099
RP1-69D17.4,0.02489735
RP11-383I23.2,0.024896678
CTD-2033C11.1,0.024896549
CTD-2554C21.2,0.02489448
RP11-685N10.1,0.02489278
RP11-195M16.1,0.02489277
RP11-94C24.13,0.0248908
RP11-953B20.1,0.024890238
RP11-129K12.1,0.024889061
AC114730.3,0.024887782
RP11-706P11.2,0.024885785
RP11-118B18.2,0.024884481
CTA-31J9.2,0.02488187
RP11-396C23.4,0.024881804
RP11-247A12.8,0.024880674
CTD-2410N18.3,0.02488021
ZNF99,0.024879877
RP3-467L1.4,0.024879407
LINC01095,0.02487933
AC005009.2,0.024878006
CTB-147C13.1,0.02487709
RP11-109A6.3,0.024874354
C8ORF46,0.02487169
RP5-1021I20.5,0.024871668
CACTIN-AS1,0.024868768
RP4-777L9.2,0.02486847
CTD-2501E16.2,0.024867628
RP11-410K21.2,0.024867024
CTA-228A9.3,0.024866497
SETSIP,0.024866208
RP11-757G1.6,0.024865838
AF131216.1,0.02486532
AC005224.2,0.024864567
AC093732.1,0.024864094
AC023481.1,0.024863143
RP1-101D8.1,0.024862716
CTD-2033D15.3,0.024862563
ANKRD34A,0.024861779
RP11-755O11.2,0.024859916
LINC01546,0.024858516
XXYAC-YRM2039.3,0.024857458
RP4-545L17.11,0.024853215
RP11-462L8.1,0.024853121
AL157902.3,0.02485033
RP11-231E19.1,0.024849419
RP5-984P4.6,0.024846876
GLIS2-AS1,0.024846608
CTD-2521M24.6,0.024845917
LINC00221,0.024845669
AF186192.1,0.024844667
FAM209A,0.024844307
RP11-976B16.1,0.024843257
C5ORF47,0.024842115
RP11-54A4.2,0.024840547
RP11-613D13.8,0.024839642
XXYAC-YX155B6.7,0.024839345
RP11-574K11.29,0.024837835
RP11-544A12.4,0.024837758
CTD-2561B21.5,0.024836777
TP53TG3D,0.024833456
RP11-195C7.1,0.02483305
LINC00519,0.0248323
CTC-548K16.1,0.02482942
EN2,0.024829384
PLS3-AS1,0.024821244
CTD-3076O17.2,0.024820376
CTD-2369P2.5,0.024816092
CTC-338M12.2,0.024815626
LMF1-AS1,0.02481286
CASC11,0.024808478
RP11-126H7.4,0.024808435
RP11-413H22.3,0.024808161
HIST1H3I,0.024802417
AC008063.3,0.024797963
CTD-2378E21.1,0.024797935
RP11-362A9.3,0.024796857
RP11-600F24.7,0.024796432
RP11-463O9.9,0.024796035
UXT-AS1,0.02479443
CTD-2537O9.1,0.024794217
NCBP2-AS1,0.02479414
B.2,0.024792086
RP11-322E11.2,0.024790924
RP11-573G6.9,0.024790665
RP11-5C23.2,0.024789829
RP11-214K3.25,0.024789361
AC002454.1,0.024789305
ITPK1-AS1,0.024788046
RP11-138E2.1,0.024787389
CTC-325J23.2,0.024787147
AC093609.1,0.024786256
RP11-498C9.3,0.024784876
RP11-318M2.3,0.024784362
RP11-834C11.11,0.024781844
RP11-357N13.3,0.024779137
RP1-309F20.3,0.024778094
CTD-2630F21.1,0.02477708
RP11-61J19.2,0.024776112
AL513523.2,0.024774529
RP3-500L14.2,0.024774518
RP11-306O13.1,0.024773521
RP11-504P24.9,0.024770442
CTD-2555O16.4,0.02476917
AC093802.1,0.024764277
UBE2R2-AS1,0.024761934
NAMA,0.024761457
RP11-529K1.4,0.024759382
RP11-651P23.5,0.024756968
RP11-249C24.10,0.024753874
RP11-141M1.3,0.02475252
RP1-111D6.3,0.02475241
RP11-258F22.1,0.02475096
C9ORF170,0.02474817
C11ORF72,0.024748158
RP11-1072A3.4,0.024745326
LINC01012,0.024742868
RP11-505P4.6,0.024742603
CTD-2291D10.4,0.024741888
AC068196.1,0.02473627
RP11-715J22.3,0.024736265
CTA-992D9.10,0.02473559
RP11-930P14.1,0.024735
STX16-NPEPL1,0.024734184
CTC-336P14.1,0.024733916
AC006547.8,0.024729807
RP11-351M16.4,0.02472757
SYNDIG1L,0.02472528
GHET1,0.02472293
CTD-2235C13.2,0.024722615
C6ORF201,0.024721067
RP11-143J12.3,0.024720674
RP3-429O6.1,0.024716586
CTD-3193O13.13,0.024716407
RP11-314A20.5,0.024713483
RP11-728K20.3,0.024713254
LECT1,0.024708208
RP11-434H14.1,0.024704214
RP13-20L14.1,0.024702907
CTD-2023M8.1,0.024702575
RP11-177F15.1,0.02470251
RP11-136L23.2,0.024702365
LINC01424,0.02470166
RP11-753C18.12,0.024700489
TMEM132D,0.024700064
CTD-3222D19.12,0.024693746
ATP5J2-PTCD1,0.024690485
CD81-AS1,0.02468994
AC026150.8,0.02468912
RP11-305O4.3,0.024682451
ZAR1L,0.024679683
CH507-338C24.1,0.024676057
CH507-154B10.2,0.024675751
RP11-234K24.3,0.024669934
AC012668.2,0.024661046
RP4-758J18.10,0.024659257
AC005944.2,0.024659108
PCDHGB3,0.024656424
RP11-354M20.3,0.024656324
RP11-723O4.9,0.02465573
RP11-669C19.1,0.024655372
ARSD-AS1,0.02465454
RP13-512J5.1,0.024652928
GATSL2,0.024650844
FAM156B,0.024649594
RP11-478J18.2,0.024648491
MYCBP2-AS1,0.024641087
RP4-585I14.3,0.024640663
RP11-770J1.4,0.024639335
DNAJC25-GNG10,0.024638964
RP11-266L9.5,0.024638552
RP11-493E12.1,0.02463816
RP5-1050D4.4,0.024635538
SPINK4,0.024633614
ADAM20P1,0.024633083
CTD-2651B20.3,0.024633054
RP11-705C15.4,0.024630615
AP001439.2,0.024629273
LINC01234,0.024629189
AP000721.4,0.024628606
CTD-2562J15.4,0.024628272
RP5-998N21.4,0.024626803
KCTD4,0.024625491
LL22NC03-32F9.1,0.024623519
RP4-635E18.8,0.024623323
OR52K2,0.02462304
AC009784.3,0.024622489
SLC25A30-AS1,0.024621893
RP11-268P4.5,0.024618175
AC008592.4,0.024615284
RP11-80H5.2,0.024615197
RP1-16A9.1,0.024613423
RP11-1E22.1,0.024613002
Z69666.2,0.024611223
RP11-114G11.5,0.024610594
VCAN-AS1,0.024609063
RP1-232L24.3,0.024606075
RP11-423H2.3,0.024606021
RP5-1074L1.1,0.024605185
RP11-74E22.3,0.024604112
RP4-781K5.2,0.024603512
AC015922.6,0.02460348
RP11-13J8.1,0.024602521
CTD-2027I19.3,0.024602484
RP11-1H15.2,0.024601474
RP11-473O4.4,0.024600638
AL022476.2,0.024600282
RP11-134O21.1,0.024599586
RP11-131K5.1,0.024599219
LINC01144,0.024594389
C3ORF20,0.024594221
RP11-210M15.2,0.024593836
RP11-294N21.3,0.024592325
CLRN3,0.024591252
RP11-927P21.2,0.024587113
RP11-482D24.2,0.024585363
RP11-457M11.7,0.02458493
LA16C-60D12.1,0.024582928
RP11-11N7.5,0.024581507
RP11-1020A11.2,0.024580847
RP11-175D17.3,0.024580196
FAM135B,0.024578786
FAM106A,0.024577582
AC008746.12,0.024577359
RP11-299P2.2,0.02457619
LINC00707,0.024576008
RP11-353K11.1,0.024575084
APITD1-CORT,0.024574634
AP001432.14,0.024570528
CTC-529P8.1,0.024570169
RASGRF2-AS1,0.024568621
AC139887.4,0.024567049
TMEM179,0.024565905
RP11-2E11.6,0.024563698
FAM156A,0.024562094
LINC01233,0.024559846
RP11-26J3.4,0.024557984
RP11-767I20.1,0.024556622
RP11-379F4.6,0.02455458
CTD-2154B17.4,0.024552675
MIR3180-4,0.024552127
RP11-764K9.1,0.024551451
IGHEP2,0.02455018
AC022201.5,0.024549749
FAM131C,0.024547588
RP3-467K16.7,0.024545828
RP11-88G17.6,0.02454484
TMEM132B,0.024544453
LINC01277,0.024543803
RP11-109P14.10,0.024542408
CTA-331P3.1,0.02453709
CTD-3088G3.6,0.02453478
RHBDL3,0.024531623
CTB-5E10.3,0.024531137
RP11-2B6.3,0.024530891
RP11-1006G14.1,0.024526775
U91328.22,0.024525817
GACAT3,0.024525559
CTC-340A15.2,0.024525285
RP11-47J17.2,0.02452244
RP11-324I22.2,0.024518132
RP11-129M6.1,0.024515059
USP12-AS2,0.02451484
CTD-2540B15.9,0.02451289
RP11-883G14.1,0.02451209
CTD-2336O2.3,0.02451101
RP11-488L18.8,0.02451031
RP11-493L12.7,0.024508873
DNM1P35,0.024505973
AC009505.4,0.024505083
RP11-773H22.4,0.02450468
RP11-177J6.1,0.024504116
RP11-303E16.3,0.024503756
ID2-AS1,0.024501523
KCNQ1-AS1,0.024499025
FAM153C,0.024496417
RP1-122P22.2,0.024496088
RP11-439E19.10,0.024495782
AC012594.1,0.024493327
RP11-111H13.1,0.024492817
AC021106.1,0.024490867
RP11-540K16.1,0.024490241
LINC00967,0.024488017
AF127577.12,0.024487833
DSCR9,0.02448545
CTD-2541M15.3,0.024478788
COL4A2-AS1,0.024478428
CTC-454I21.3,0.024477791
CTD-2033A16.3,0.024471778
SLC35G6,0.024471387
RP11-72I8.1,0.024469575
LA16C-312E8.2,0.024466123
EQTN,0.024465362
HCCAT5,0.0244652
PCDH9-AS1,0.024464741
TMEM246-AS1,0.024464218
RP11-449P15.2,0.024463352
TMEM88B,0.024462935
RP3-453C12.15,0.024462905
RP11-77K12.1,0.024462108
RP11-307L14.2,0.024461593
RP11-359I18.5,0.024460848
RP11-147L13.14,0.024460625
LINC00162,0.024459947
GS1-166A23.2,0.024459938
BEND2,0.02445827
RP11-124N14.3,0.024456928
AC005754.7,0.024456525
OGFR-AS1,0.02445497
CTD-3096M3.2,0.024452822
RP11-204L24.2,0.024450388
RP11-689K5.3,0.024449509
RP11-88E10.4,0.02444854
RP11-120K9.2,0.024447842
A.2,0.024447223
RP1-56K13.3,0.024446791
RP11-574K11.5,0.02444462
RP11-285J16.1,0.02444107
LINC00266-4P,0.024440091
TMEM257,0.024436308
CTC-487M23.5,0.024434313
DACT3-AS1,0.024432076
CTA-363E19.2,0.024431223
RP11-338N10.3,0.024430605
RP11-248G5.9,0.024427878
RP11-398H6.1,0.024422368
AC092835.2,0.024421798
RP5-1116H23.4,0.024419954
XXBAC-BPGBPG55C20.1,0.024419043
RP5-967N21.11,0.024418
RP11-302M6.5,0.02441754
RP11-35P15.1,0.024413895
RP11-1082L8.3,0.024411717
AF011889.5,0.024407828
RP11-626G11.5,0.024403092
HULC,0.024402717
AC064834.1,0.024397902
FAM85B,0.024397064
CTB-1144G6.6,0.024395099
RP11-212D19.4,0.024395017
RP11-234K24.6,0.024394985
CTD-3154N5.2,0.024394598
RP1-12G14.7,0.02439351
H2AFB1,0.0243924
CTC-435M10.3,0.024392057
RP13-516M14.10,0.024391811
CTD-2287O16.4,0.02439097
AC009228.1,0.024387628
RP1-228P16.8,0.024387354
RP11-688I9.4,0.024385694
RP11-370F5.4,0.02438127
RP4-630C24.3,0.02438034
RP11-381N20.1,0.024378745
CKLF-CMTM1,0.024376862
RP11-166B2.5,0.024372613
RP11-480I12.10,0.024370689
BRINP2,0.024369251
JARID2-AS1,0.024361564
RP11-689P11.2,0.024357736
MACC1-AS1,0.024357451
RP11-521D12.1,0.024355367
RP11-503E24.2,0.024354741
AC009505.2,0.024350293
TLR8-AS1,0.024348643
RP11-359K18.3,0.02434856
C7ORF34,0.024347577
CH507-513H4.3,0.02434723
RP11-697M17.2,0.024346577
LINC01251,0.0243452
RP11-23E10.3,0.024343636
LINC01114,0.024341267
AC002310.7,0.024340427
AC093642.3,0.024335254
LINC00337,0.024331976
RP11-87P13.2,0.02432774
RP11-269G24.4,0.024325158
CELF2-AS1,0.024324156
ATP1B3-AS1,0.024320781
AC008592.8,0.024315251
RP11-1057B6.1,0.024314305
RP11-425D17.1,0.02431271
CTD-2516F10.4,0.024311291
AC015691.13,0.024310216
DLG1-AS1,0.02430933
RP11-524O1.4,0.024308335
LCMT1-AS2,0.024307478
RP5-942I16.1,0.024307052
RP1-59D14.5,0.02430525
RP11-345J4.3,0.024303816
RP1-90J4.1,0.024302093
AC093627.7,0.024297984
RP11-745O10.4,0.024295729
AC093590.1,0.024295645
C1ORF147,0.024294829
RP11-23F23.2,0.024293005
MAB21L3,0.024290066
OVOL1-AS1,0.02428796
RP5-1031D4.2,0.024286032
SYT14,0.024284877
AL450992.2,0.0242831
AC022816.2,0.024282588
ACBD7,0.024280831
RP11-63G10.3,0.024280678
VWC2L,0.024276791
CH17-302M23.1,0.024276262
RP11-61O11.1,0.024276191
ANTXRL,0.024275407
TTTY10,0.024272801
RP11-138P22.1,0.02427178
RP11-343K8.3,0.024271484
AC002128.5,0.02427101
RP4-671G15.2,0.024269661
CTD-2649C14.3,0.024269145
AC073133.1,0.024268199
RP11-190C22.8,0.024267824
CTD-2034I21.2,0.02426701
RP11-556I14.1,0.02426355
GTF3C2-AS1,0.024261506
RP4-533D7.4,0.024260942
LINC00706,0.024259577
LINC00628,0.024259005
RP5-1139B12.3,0.0242568
CTD-2619J13.17,0.024255764
RP1-122K4.3,0.024254557
RP11-92K15.1,0.02425401
FAM71F1,0.02425397
CH507-528H12.1,0.024251284
RP4-537K23.4,0.024249686
LINC01563,0.02424338
RP11-326A19.4,0.024242133
RP11-879F14.1,0.024241883
RP11-2E11.5,0.02424122
RP11-446H18.6,0.024236146
RP11-881M11.2,0.024230173
SCARNA9,0.024229372
RP11-250B2.6,0.024225589
RP11-173P15.9,0.024224138
AC009276.4,0.024220811
RP11-569G13.3,0.024220528
RP11-109D9.4,0.024215499
RP11-715J22.2,0.024215166
ZNF30-AS1,0.024214905
HIST2H4A,0.024214631
CLVS1,0.024210323
RP11-703H8.7,0.024207816
RP11-152H18.3,0.024207635
RP11-171I2.4,0.024205519
AP000654.4,0.024203822
RP11-381N20.2,0.024202656
RP6-109B7.4,0.024200385
RP5-1056L3.1,0.024199912
AC004878.2,0.024194825
RP11-347C12.3,0.024194475
RP5-1125A11.6,0.024193013
CTD-2235C13.3,0.024189755
RP11-799B12.4,0.02418907
RP11-754B17.1,0.024188792
CTB-22K21.2,0.024188036
NKX6-3,0.024186859
NUCB1-AS1,0.02418261
PXT1,0.024182476
HIF1A-AS1,0.024180088
RP11-362K14.7,0.024179162
AC004754.3,0.024177874
RP11-468E2.10,0.024177011
ABALON,0.024174456
RP5-851M4.1,0.02417354
CUZD1,0.024172142
RP5-999L4.2,0.024167713
RP11-130L8.2,0.024166826
AC007064.24,0.02416677
TMEM244,0.024166092
RP11-90B22.1,0.024166033
RP11-702F3.4,0.024164619
RP1-45I4.2,0.024163198
RP5-855D21.2,0.024162598
BX004987.4,0.024161581
RP11-1069G10.1,0.024155421
RP11-90P5.2,0.024155337
AC004895.4,0.024153864
RP11-313P22.1,0.024153069
CTC-255N20.1,0.02415049
RP5-1139B12.2,0.024150178
RP11-496D24.2,0.02414918
RP11-361D15.2,0.024147373
RP11-278H7.1,0.024146248
RP11-626G11.1,0.024145827
XKR7,0.0241423
SLC5A9,0.024140429
AC034228.3,0.024139743
RP11-370I10.10,0.024138642
RP11-20B24.4,0.024137182
RP11-186N15.3,0.024136957
CHKB-CPT1B,0.024136381
RP11-275H4.1,0.024135062
RP11-297C4.2,0.024134908
RP11-513D5.5,0.024133153
RP11-309L24.10,0.02413254
RP11-799M12.2,0.02413221
AC007391.2,0.024131745
KB-1183D5.13,0.024129454
RP11-41O4.1,0.024126027
CTA-268H5.14,0.024120523
RP11-167N4.2,0.024120107
RP11-665C16.6,0.02411847
AC015849.19,0.024116743
LINC00571,0.02411629
CTD-2105E13.14,0.024115784
RP11-135A24.4,0.02411516
LINC00444,0.024107154
RP11-312B8.1,0.024105053
C11ORF94,0.024104675
RP11-317N8.5,0.024104554
RP11-107F6.3,0.024101663
AC005546.2,0.024101082
AC005786.7,0.024098037
CTD-3032J10.2,0.024091903
RP11-219B4.5,0.024088548
RP11-697E22.2,0.024082959
RP11-87C12.5,0.024082115
RP11-109E24.2,0.02408145
AP000695.6,0.024080595
RP11-546M21.6,0.024078261
GDNF-AS1,0.02407746
LINC00032,0.02407588
RP11-379C10.4,0.024071958
RASGEF1C,0.024070268
RP11-666A8.8,0.024068814
AC093911.1,0.024067674
RP11-567C2.1,0.024066333
RP11-90J7.2,0.024065252
RP11-363E6.4,0.024065156
FLJ16779,0.024063885
AF038458.5,0.024063325
RP11-442N1.2,0.024061427
RP11-551L14.4,0.02405858
RP11-1148L6.9,0.024057683
RP11-83N9.5,0.024057552
PACRG-AS3,0.024054887
ZNF295-AS1,0.024050236
RP3-337O18.9,0.024049994
RP11-697E22.1,0.024047662
RP11-507K2.3,0.024042297
RP11-111K18.2,0.024038196
LINC01085,0.024037803
CTB-161C1.1,0.024037752
RP11-794P6.6,0.024030983
RP11-388M20.6,0.02402782
RP11-486O13.2,0.024025366
RP11-560I19.1,0.024025211
RP11-221J22.1,0.024024468
PLCL2-AS1,0.024024332
OR52N4,0.02401896
RP11-15B17.1,0.024015633
RP11-484K9.4,0.024015088
IGKV2D-30,0.024010815
RNF219-AS1,0.024009679
RP5-1172N10.2,0.024009597
CPA6,0.024009595
RP11-407N17.4,0.024008792
FSTL5,0.02400856
RP11-1105G2.3,0.024007116
RP11-1293J14.1,0.0240039
PCDHA11,0.023996418
RP11-85B7.5,0.0239952
AC073343.13,0.023991184
RP11-173M1.4,0.02399092
SRGAP3-AS4,0.023989309
NPIPB6,0.02398746
LINC00601,0.023983877
AP000255.6,0.023981923
C15ORF38-AP3S2,0.023981359
AP000282.2,0.02397897
RP11-231E4.3,0.023975408
RP11-538D16.3,0.023974491
XXBAC-BPG170G13.32,0.023972288
AC093159.1,0.023971504
RP11-662J14.2,0.023970159
RP11-271M24.2,0.02396887
RP11-90D11.1,0.023965415
RP11-575I8.1,0.023961809
TTLL11-IT1,0.023956876
RP11-563K23.1,0.023956012
AC005954.4,0.023955638
RP11-211G3.3,0.023954686
EFCAB3,0.023954548
LINC01299,0.023952564
BEST3,0.02394985
RP11-21M24.2,0.023947464
C8ORF44-SGK3,0.023942158
RP11-358B23.1,0.023940975
ZNF625-ZNF20,0.023939293
RP11-126K1.9,0.023939217
FAM170B,0.02393865
RP11-662G23.1,0.023930086
MAPT-AS1,0.023929741
RP11-554A11.9,0.023929242
RP11-446H18.5,0.023926592
PCDHGA5,0.023922328
KANTR,0.0239184
RP11-537H15.3,0.023917068
LA16C-390E6.5,0.02391673
RP4-635E18.7,0.023915732
RP11-443B7.2,0.023909438
GK-AS1,0.023908377
RP11-452K12.7,0.02390758
RP11-89N17.1,0.023905914
LINC00940,0.023903439
GS1-304P7.3,0.023900837
RP11-644K8.1,0.023900036
RP11-388C12.1,0.02389948
RP11-156L14.1,0.023898652
RP11-333I13.1,0.023898635
RP11-266K4.13,0.02389304
RP11-702F3.3,0.023891943
CTD-2545M3.2,0.023889802
CTD-3064H18.4,0.023887863
RP1-97J1.2,0.023882698
AC004549.6,0.02388153
RP4-665J23.2,0.023881339
RP4-616B8.5,0.023874398
BVES-AS1,0.023870206
RP3-337H4.8,0.023869915
CTD-2373H9.5,0.02386984
RP11-433J20.1,0.023869833
RP11-332J15.4,0.023868755
RP11-552F3.10,0.023866195
RP11-432J24.3,0.023863692
RP11-211N8.2,0.023858014
CCDC73,0.02385438
NUTM2D,0.02384711
RP5-1024N4.4,0.02383525
RP11-274J16.5,0.023834657
RP11-182J23.1,0.023833994
RP11-445F12.1,0.02383076
RP11-154D17.1,0.023830056
RP11-874J12.4,0.023828853
RP11-769O8.2,0.02382872
RP4-655J12.4,0.023827037
RP4-535B20.4,0.02382435
AC006449.2,0.023822917
RP5-1186P10.2,0.023822546
RP5-1116H23.3,0.02382247
RP4-791M13.3,0.023820858
PITRM1-AS1,0.023819592
RP11-284M14.1,0.02381887
CTD-2568P8.1,0.023818849
AF178030.2,0.0238158
RP11-404E16.1,0.023814723
RP11-143A12.3,0.023807555
CCNI2,0.023807546
CTB-167B5.1,0.023806687
RP4-813D12.3,0.023805441
AC012593.1,0.02380401
Z69720.2,0.023803014
RP11-613D13.5,0.023801958
RP11-326A19.3,0.023799533
FAM19A4,0.023798855
BFSP2-AS1,0.023793621
RP11-271C24.2,0.023791064
RP11-557L19.1,0.023790868
RP11-603J24.17,0.023781417
CTC-239J10.1,0.023778155
RP11-66B24.1,0.023777157
ZBTB46-AS1,0.023772808
RP11-50B3.4,0.023769
RP11-352D3.2,0.023768635
RP11-404L6.2,0.023766294
RP11-739L10.1,0.023765061
RP11-727A23.10,0.023761582
LINC00907,0.023756512
RP11-479O9.4,0.023754926
CHADL,0.023754295
AC074183.4,0.023749897
ASB16,0.023742862
LINC01429,0.023742715
AF127936.7,0.023739634
RP11-459F6.3,0.023713917
RP11-217B7.2,0.023713186
KCNQ1DN,0.023712764
TBC1D3D,0.02370999
LENEP,0.023709461
RP11-90C4.1,0.023709198
RP5-837J1.4,0.023707155
CDRT4,0.023706755
RP1-155D22.2,0.0237037
HIST1H2BB,0.023700807
RP11-207C16.4,0.02370036
CTD-2013N17.4,0.02369254
RP11-282O18.3,0.023689706
RP11-205K6.1,0.02368684
CTB-32O4.3,0.02368446
RP11-1072C15.4,0.023677805
LINC00867,0.023676582
RP11-230B22.1,0.023675064
RP11-76I23.7,0.023674842
AC010890.1,0.023667958
CCDC13-AS1,0.023661625
IGHV3-64,0.023659322
CTC-492K19.4,0.023655728
AC004941.3,0.023654645
CTC-347C20.2,0.023653675
AC001226.7,0.023651715
RP11-596C23.6,0.02365109
RP11-168O16.1,0.023644669
RP11-403P17.6,0.02364071
RP11-338K13.1,0.023635654
CTD-3234P18.6,0.02362972
RP11-474P2.2,0.023628335
ABCC5-AS1,0.023623807
LINC00951,0.023623753
AC096649.2,0.023620578
C17ORF98,0.023618288
SPECC1L-ADORA2A,0.023617636
RUVBL1-AS1,0.023614584
CTD-2369P2.4,0.023609936
RP11-797D24.4,0.023607515
RP11-348N5.7,0.02359809
RP11-707G14.1,0.023587737
RP11-90K6.1,0.023582406
OR2L13,0.023561776
RP4-621B10.8,0.023561645
AC009065.4,0.023559498
RP11-368I7.6,0.023551416
NAV2-AS2,0.023547163
CTB-25B13.9,0.023546822
RP11-1100L3.7,0.023543326
AC015971.2,0.023542136
RP11-1299A16.3,0.023537971
CTD-2525I3.5,0.023534024
AIRN,0.023532432
RP5-888M10.2,0.023531146
SPATA21,0.023518365
RGPD4-AS1,0.023500543
AC092620.3,0.023491539
RP11-283I3.2,0.023491235
AL928742.12,0.023481805
RP5-826L7.1,0.023477033
RP3-466P17.2,0.023474084
RP11-98D18.17,0.023470536
AC006547.13,0.023470273
RP11-57C13.3,0.023460712
RP11-38G5.4,0.023459602
CTD-2291D10.1,0.02345883
RP11-603J24.5,0.023458483
RP11-521C20.5,0.023449218
RP11-243A14.1,0.023440827
DDX39B-AS1,0.023431635
RP11-370I10.11,0.02342392
RP11-365N19.2,0.023417685
C10ORF53,0.023410324
RP11-115J16.1,0.023400014
TAS2R20,0.023385871
DDR1-AS1,0.023380961
RP11-16B13.1,0.023370858
RP5-983L19.2,0.023361886
RP11-374M1.4,0.023352932
CSNK1G2-AS1,0.023342134
RP11-227D13.4,0.02333872
KB-226F1.2,0.023336334
AC021224.1,0.02333633
RP11-1197K16.2,0.023324482
IGHEP1,0.023291234
RP11-686G8.2,0.023255195
IGKV1-9,0.023131976
RP1-167O22.1,0.02306969
VN1R1,0.022689072
PCDHA7,0.02242631
MIR219A2,0.022146013
PLEKHH1,0.02194114
C1ORF61,0.021093883
KRTAP3-1,0.02022972
PCDHA10,0.019814145
SLC24A2,0.019226488
MAP6D1,0.0168445
TMEM151A,0.015549715
ANKS1B,0.014322566
TTYH1,0.014315573
AMER2,0.013719345
PCDHGA4,0.01328803
LINC00844,0.013102102
