Name,Term,ES,NES,NOM p-val,FDR q-val,FWER p-val,Tag %,Gene %,Lead_genes,FDR_numeric,NES_numeric,Library,Direction,Abs_NES,Cluster_Size,Collapsed_Terms,FDR_for_plot,FDR_reporting_note
prerank,GO_Biological_Process_2021::double-strand break repair via homologous recombination (GO:0000724),-0.7385366658313007,-3.316996446045616,0.0,0.0,0.0,61/90,13.32%,GEN1;GINS2;MCMDC2;RMI1;RPA3;HUS1;HUS1B;RAD51D;LIG3;RPA4;RAD51C;XRCC1;RAD54L;RPA1;MCM2;MCM8;FAN1;RAD54B;POLL;MCM5;MUS81;MMS22L;GINS4;RAD50;ERCC4;MEIOB;RECQL5;ERCC5;SLX4;MCM9;SFR1;WRN;SWSAP1;RPA2;RFWD3;RBBP8;HELQ;SMC6;XRCC3;SPIDR;SMC5;MCM4;MCM6;MCM7;RAD21;CDC45;INO80;NIPBL;BLM;NBN;SWI5;SLX1A;RAD51AP1;TONSL;FEN1;NABP2;ZSWIM7;NSMCE2;RAD52;POLN;MCM3,0.0,-3.316996446045616,GO_Biological_Process_2021,negative,3.316996446045616,25,GO_Biological_Process_2021::double-strand break repair via homologous recombination (GO:0000724) | GO_Biological_Process_2021::double-strand break repair (GO:0006302) | GO_Biological_Process_2021::recombinational repair (GO:0000725) | GO_Biological_Process_2021::DNA repair (GO:0006281) | GO_Biological_Process_2021::DNA metabolic process (GO:0006259) | GO_Biological_Process_2021::DNA replication initiation (GO:0006270) | GO_Biological_Process_2021::telomere maintenance (GO:0000723) | GO_Biological_Process_2021::DNA recombination (GO:0006310) | GO_Biological_Process_2021::telomere organization (GO:0032200) | GO_Biological_Process_2021::DNA strand elongation (GO:0022616) | GO_Biological_Process_2021::DNA strand elongation involved in DNA replication (GO:0006271) | GO_Biological_Process_2021::double-strand break repair via break-induced replication (GO:0000727) | GO_Biological_Process_2021::nuclear DNA replication (GO:0033260) | GO_Biological_Process_2021::resolution of meiotic recombination intermediates (GO:0000712) | GO_Biological_Process_2021::mitotic recombination (GO:0006312) | GO_Biological_Process_2021::DNA unwinding involved in DNA replication (GO:0006268) | GO_Biological_Process_2021::positive regulation of chromosome organization (GO:2001252) | GO_Biological_Process_2021::telomeric loop disassembly (GO:0090657) | GO_Biological_Process_2021::telomere maintenance via telomere trimming (GO:0090737) | GO_Biological_Process_2021::formation of extrachromosomal circular DNA (GO:0001325) | GO_Biological_Process_2021::t-circle formation (GO:0090656) | GO_Biological_Process_2021::negative regulation of telomere maintenance (GO:0032205) | GO_Biological_Process_2021::DNA double-strand break processing (GO:0000729) | GO_Biological_Process_2021::telomere maintenance via recombination (GO:0000722) | GO_Biological_Process_2021::DNA geometric change (GO:0032392),0.0004997501249375312,raw q=0; plot uses floor 1/2001
prerank,GO_Biological_Process_2021::cilium movement (GO:0003341),-0.8684913162113486,-3.2900865475175483,0.0,0.0,0.0,32/40,7.00%,DNAH1;DNAH5;CFAP70;DNAH17;DNAH11;CCDC39;DNAAF5;DNAI1;DNAH7;RSPH4A;DNAI2;CCDC40;DNAH9;DNAAF1;SPEF2;CFAP54;SPAG17;CFAP61;ZBBX;CFAP206;CCDC63;TTC29;TEKT4;DNHD1;GAS8;CABYR;ROPN1L;CFAP53;DNAAF2;SPA17;TEKT1;TEKT2,0.0,-3.2900865475175483,GO_Biological_Process_2021,negative,3.2900865475175483,10,GO_Biological_Process_2021::cilium movement (GO:0003341) | GO_Biological_Process_2021::axonemal dynein complex assembly (GO:0070286) | GO_Biological_Process_2021::cilium-dependent cell motility (GO:0060285) | GO_Biological_Process_2021::outer dynein arm assembly (GO:0036158) | GO_Biological_Process_2021::axoneme assembly (GO:0035082) | GO_Biological_Process_2021::determination of left/right symmetry (GO:0007368) | GO_Biological_Process_2021::epithelial cilium movement involved in extracellular fluid movement (GO:0003351) | GO_Biological_Process_2021::determination of bilateral symmetry (GO:0009855) | GO_Biological_Process_2021::microtubule-based transport (GO:0099111) | GO_Biological_Process_2021::extracellular transport (GO:0006858),0.0004997501249375312,raw q=0; plot uses floor 1/2001
prerank,GO_Biological_Process_2021::DNA replication (GO:0006260),-0.6904388922942075,-3.1183675248796554,0.0,0.0,0.0,61/91,14.42%,DBF4;RFC2;RMI1;RAD9B;RPA3;RFC1;ORC4;ORC6;HUS1;MCMBP;TOP3A;RPA4;GRWD1;TICRR;RAD1;TOPBP1;RAD17;RPA1;RAD9A;MCM2;RHNO1;MCM8;POLL;MCM5;RAD50;TOP1MT;RECQL5;MCM9;WRN;WRNIP1;RPA2;RBBP8;ORC3;KIN;MCM10;ORC2;IGHMBP2;PNKP;MCM4;UPF1;MCM6;MCM7;TIPIN;DONSON;CDC45;CDK2AP1;RFC4;BLM;NBN;CLSPN;KAT7;RFC5;PIF1;RFC3;FEN1;ATRIP;WDHD1;MCM3;POLG;NT5M;RNASEH2A,0.0,-3.1183675248796554,GO_Biological_Process_2021,negative,3.1183675248796554,19,"GO_Biological_Process_2021::DNA replication (GO:0006260) | GO_Biological_Process_2021::DNA-dependent DNA replication (GO:0006261) | GO_Biological_Process_2021::base-excision repair, gap-filling (GO:0006287) | GO_Biological_Process_2021::DNA integrity checkpoint signaling (GO:0031570) | GO_Biological_Process_2021::nucleotide-excision repair, DNA gap filling (GO:0006297) | GO_Biological_Process_2021::DNA damage checkpoint signaling (GO:0000077) | GO_Biological_Process_2021::mitotic DNA damage checkpoint signaling (GO:0044773) | GO_Biological_Process_2021::error-prone translesion synthesis (GO:0042276) | GO_Biological_Process_2021::DNA replication checkpoint signaling (GO:0000076) | GO_Biological_Process_2021::mitotic intra-S DNA damage checkpoint signaling (GO:0031573) | GO_Biological_Process_2021::error-free translesion synthesis (GO:0070987) | GO_Biological_Process_2021::signal transduction in response to DNA damage (GO:0042770) | GO_Biological_Process_2021::pre-replicative complex assembly (GO:0036388) | GO_Biological_Process_2021::mitotic G2/M transition checkpoint (GO:0044818) | GO_Biological_Process_2021::mitotic DNA integrity checkpoint signaling (GO:0044774) | GO_Biological_Process_2021::DNA synthesis involved in DNA repair (GO:0000731) | GO_Biological_Process_2021::regulation of DNA-dependent DNA replication (GO:0090329) | GO_Biological_Process_2021::cellular macromolecule biosynthetic process (GO:0034645) | GO_Biological_Process_2021::mitotic G2 DNA damage checkpoint signaling (GO:0007095)",0.0004997501249375312,raw q=0; plot uses floor 1/2001
prerank,GO_Biological_Process_2021::O-glycan processing (GO:0016266),-0.756940931570456,-3.1019039819756853,0.0,0.0,0.0,33/54,10.83%,MUC12;MUC17;MUC13;MUC21;MUC15;MUC3A;MUC20;GALNT7;GALNT15;GALNT8;C1GALT1C1L;GALNT5;GALNT10;GALNT12;B3GNT2;GCNT3;GALNT2;GALNT14;GALNT9;GCNT4;MUCL1;GALNT6;MUC6;MUC4;GALNT11;A4GNT;C1GALT1;GALNT4;B3GNT4;GALNT1;POMGNT1;C1GALT1C1;POFUT1,0.0,-3.1019039819756853,GO_Biological_Process_2021,negative,3.1019039819756853,4,GO_Biological_Process_2021::O-glycan processing (GO:0016266) | GO_Biological_Process_2021::protein O-linked glycosylation (GO:0006493) | GO_Biological_Process_2021::epithelial structure maintenance (GO:0010669) | GO_Biological_Process_2021::maintenance of gastrointestinal epithelium (GO:0030277),0.0004997501249375312,raw q=0; plot uses floor 1/2001
prerank,GO_Biological_Process_2021::ciliary basal body-plasma membrane docking (GO:0097711),-0.6806333952156446,-3.015202609449827,0.0,0.0,0.0,52/83,17.72%,ALMS1;B9D2;CEP192;CEP76;TCTN1;CEP41;NPHP4;MKS1;KIF24;HAUS4;CEP164;B9D1;TTBK2;TCTN3;CC2D2A;CEP83;C2CD3;MARK4;CEP131;NEDD1;CLASP1;CEP290;CKAP5;CENPJ;CEP89;CEP162;TCTN2;AHI1;CDK5RAP2;CCP110;NDE1;ODF2;CEP70;IQCB1;HAUS2;CEP63;TMEM216;NEK2;CEP250;SDCCAG8;PCM1;HAUS5;SCLT1;AKAP9;TMEM67;PRKAR2B;HAUS6;CEP152;FBF1;TUBG1;CEP135;CETN2,0.0,-3.015202609449827,GO_Biological_Process_2021,negative,3.015202609449827,13,GO_Biological_Process_2021::ciliary basal body-plasma membrane docking (GO:0097711) | GO_Biological_Process_2021::cilium assembly (GO:0060271) | GO_Biological_Process_2021::cilium organization (GO:0044782) | GO_Biological_Process_2021::regulation of cell cycle G2/M phase transition (GO:1902749) | GO_Biological_Process_2021::regulation of mitotic cell cycle phase transition (GO:1901990) | GO_Biological_Process_2021::regulation of G2/M transition of mitotic cell cycle (GO:0010389) | GO_Biological_Process_2021::organelle assembly (GO:0070925) | GO_Biological_Process_2021::cell cycle G2/M phase transition (GO:0044839) | GO_Biological_Process_2021::mitotic cell cycle phase transition (GO:0044772) | GO_Biological_Process_2021::regulation of centriole replication (GO:0046599) | GO_Biological_Process_2021::G2/M transition of mitotic cell cycle (GO:0000086) | GO_Biological_Process_2021::protein localization to centrosome (GO:0071539) | GO_Biological_Process_2021::protein localization to microtubule organizing center (GO:1905508),0.0004997501249375312,raw q=0; plot uses floor 1/2001
prerank,GO_Biological_Process_2021::microtubule cytoskeleton organization involved in mitosis (GO:1902850),-0.6299941429457169,-2.91049903550538,0.0,0.0,0.0,53/111,13.61%,CENPN;CENPK;CENPH;SKA1;NUSAP1;KNTC1;CENPQ;CENPP;CENPL;CENPI;CENPT;KIF4B;STIL;CENPO;KIF4A;NUF2;SPC25;B9D2;ERCC6L;ZWILCH;KIF3B;CENPF;CENPU;CENPC;DLGAP5;AURKC;SKA2;CLASP1;CKAP5;KIF2C;NUP133;BCCIP;BUB3;ITGB3BP;ZW10;NUP37;NDC80;CENPM;KIF18A;NDE1;DSN1;SPC24;TUBG2;CENPE;NUP160;NUP43;RCC2;SETD2;CENPA;TACC3;EFHC1;KIF2A;SPDL1,0.0,-2.91049903550538,GO_Biological_Process_2021,negative,2.91049903550538,15,"GO_Biological_Process_2021::microtubule cytoskeleton organization involved in mitosis (GO:1902850) | GO_Biological_Process_2021::mitotic spindle organization (GO:0007052) | GO_Biological_Process_2021::centromere complex assembly (GO:0034508) | GO_Biological_Process_2021::DNA replication-independent nucleosome assembly (GO:0006336) | GO_Biological_Process_2021::CENP-A containing nucleosome assembly (GO:0034080) | GO_Biological_Process_2021::CENP-A containing chromatin organization (GO:0061641) | GO_Biological_Process_2021::chromatin remodeling at centromere (GO:0031055) | GO_Biological_Process_2021::histone exchange (GO:0043486) | GO_Biological_Process_2021::kinetochore organization (GO:0051383) | GO_Biological_Process_2021::spindle assembly checkpoint signaling (GO:0071173) | GO_Biological_Process_2021::mitotic spindle checkpoint signaling (GO:0071174) | GO_Biological_Process_2021::mitotic spindle assembly checkpoint signaling (GO:0007094) | GO_Biological_Process_2021::negative regulation of mitotic metaphase/anaphase transition (GO:0045841) | GO_Biological_Process_2021::protein localization to chromosome, centromeric region (GO:0071459) | GO_Biological_Process_2021::protein localization to kinetochore (GO:0034501)",0.0004997501249375312,raw q=0; plot uses floor 1/2001
prerank,GO_Biological_Process_2021::smoothened signaling pathway (GO:0007224),-0.7756714716351528,-2.78906800352553,0.0,0.0,0.0,17/31,7.79%,PTCHD1;DISP2;STIL;TMEM17;PKD2L1;IFT27;KIAA0586;DHH;B9D1;TTBK2;TCTN3;CC2D2A;ARL13B;TMEM231;EVC2;STK36;TCTN2,0.0,-2.78906800352553,GO_Biological_Process_2021,negative,2.78906800352553,2,GO_Biological_Process_2021::smoothened signaling pathway (GO:0007224) | GO_Biological_Process_2021::plasma membrane bounded cell projection assembly (GO:0120031),0.0004997501249375312,raw q=0; plot uses floor 1/2001
prerank,GO_Biological_Process_2021::nucleotide-excision repair (GO:0006289),-0.6228851663590244,-2.766457690045149,0.0,0.0,0.0,54/89,20.81%,RFC2;RPA3;RFC1;HUS1;HUS1B;LIG3;RPA4;LIG4;XRCC1;RPA1;FAN1;POLL;UBA52;ERCC4;ERCC5;SLX4;UBC;POLK;CHD1L;RPA2;LIG1;OGG1;GTF2H3;ERCC8;GTF2H1;POLR2C;GTF2H2C;UVSSA;POLR2B;PNKP;XPA;ERCC3;RFC4;ZNF830;XPC;RFC5;MNAT1;GPS1;GTF2H5;RFC3;ISY1;PPIE;DDB2;MMS19;USP45;RNF111;SLC30A9;CETN2;GTF2H2;COPS7B;PCNA;TCEA1;CUL4B;COPS8,0.0,-2.766457690045149,GO_Biological_Process_2021,negative,2.766457690045149,14,"GO_Biological_Process_2021::nucleotide-excision repair (GO:0006289) | GO_Biological_Process_2021::base-excision repair (GO:0006284) | GO_Biological_Process_2021::nucleotide-excision repair, DNA incision (GO:0033683) | GO_Biological_Process_2021::nucleotide-excision repair, DNA incision, 5'-to lesion (GO:0006296) | GO_Biological_Process_2021::transcription-coupled nucleotide-excision repair (GO:0006283) | GO_Biological_Process_2021::nucleotide-excision repair, preincision complex assembly (GO:0006294) | GO_Biological_Process_2021::global genome nucleotide-excision repair (GO:0070911) | GO_Biological_Process_2021::nucleotide-excision repair, DNA incision, 3'-to lesion (GO:0006295) | GO_Biological_Process_2021::nucleotide-excision repair, preincision complex stabilization (GO:0006293) | GO_Biological_Process_2021::nucleotide-excision repair, DNA duplex unwinding (GO:0000717) | GO_Biological_Process_2021::translesion synthesis (GO:0019985) | GO_Biological_Process_2021::postreplication repair (GO:0006301) | GO_Biological_Process_2021::nucleotide-excision repair, DNA damage recognition (GO:0000715) | GO_Biological_Process_2021::nucleic acid phosphodiester bond hydrolysis (GO:0090305)",0.0004997501249375312,raw q=0; plot uses floor 1/2001
prerank,GO_Biological_Process_2021::mitochondrial translation (GO:0032543),-0.5983159699488307,-2.734633374372425,0.0,0.0,0.0,48/102,14.29%,EARS2;TSFM;MTIF2;GFM2;MRPS2;ERAL1;MRPL2;MRPS9;MRPS5;MRPS17;PTCD3;MRPS10;MRPL35;MRPL3;MRRF;MRPL30;GFM1;MRPS12;MRPL24;MRPL19;MRPL49;MRPS11;MRPL4;MRPL48;MRPL45;MRPL13;MRPL1;MRPL36;MRPS27;MRPS18A;MRPL46;MRPL15;LARS2;MRPL39;MRPL22;MRPL37;MRPL53;MTRF1;MRPS14;MRPS23;MRPS28;MRPS26;MRPS22;MRPL44;MRPL10;MRPS31;MTRF1L;NOA1,0.0,-2.734633374372425,GO_Biological_Process_2021,negative,2.734633374372425,6,GO_Biological_Process_2021::mitochondrial translation (GO:0032543) | GO_Biological_Process_2021::mitochondrial translational elongation (GO:0070125) | GO_Biological_Process_2021::mitochondrial translational termination (GO:0070126) | GO_Biological_Process_2021::translational termination (GO:0006415) | GO_Biological_Process_2021::translational elongation (GO:0006414) | GO_Biological_Process_2021::mitochondrial gene expression (GO:0140053),0.0004997501249375312,raw q=0; plot uses floor 1/2001
prerank,GO_Biological_Process_2021::ncRNA metabolic process (GO:0034660),-0.7354705045638951,-2.6635356681037035,0.0,0.0,0.0,21/32,12.97%,MOV10L1;MAEL;TDRD9;TDRD1;TDRD12;HENMT1;TDRKH;BCDIN3D;PIWIL2;PLD6;ZCCHC8;EXD1;TARBP2;XPO5;PIWIL4;PARN;DGCR8;KHSRP;FKBP6;NIFK;DROSHA,0.0,-2.6635356681037035,GO_Biological_Process_2021,negative,2.6635356681037035,3,GO_Biological_Process_2021::ncRNA metabolic process (GO:0034660) | GO_Biological_Process_2021::piRNA metabolic process (GO:0034587) | GO_Biological_Process_2021::miRNA metabolic process (GO:0010586),0.0004997501249375312,raw q=0; plot uses floor 1/2001
prerank,GO_Biological_Process_2021::DNA duplex unwinding (GO:0032508),-0.6753555345058453,-2.6516708910971576,0.0,0.0,0.0,32/44,20.27%,MCMDC2;RPA1;MCM2;RAD50;UBA52;RECQL5;UBC;MCM9;WRN;CHD1L;POT1;GTF2H3;GTF2H1;ASCC3;MCM4;MCM6;XPA;MCM7;ERCC3;BLM;NBN;XPC;PIF1;GTF2H5;DDB2;RECQL;DHX9;CETN2;GTF2H2;SUPV3L1;HMGA1;CUL4B,0.0,-2.6516708910971576,GO_Biological_Process_2021,negative,2.6516708910971576,3,GO_Biological_Process_2021::DNA duplex unwinding (GO:0032508) | GO_Biological_Process_2021::protein-DNA complex assembly (GO:0065004) | GO_Biological_Process_2021::cellular response to DNA damage stimulus (GO:0006974),0.0004997501249375312,raw q=0; plot uses floor 1/2001
prerank,GO_Biological_Process_2021::sister chromatid segregation (GO:0000819),-0.7435620469523122,-2.640258428968109,0.0,0.0,0.0,19/29,16.68%,CENPK;NCAPG2;NUSAP1;SMC4;KIF18B;KIF25;SPAG5;SMC1A;CHAMP1;ZW10;NDC80;KIF18A;DSN1;KNSTRN;TUBG2;INO80;KIFC1;WRAP73;TUBG1,0.0,-2.640258428968109,GO_Biological_Process_2021,negative,2.640258428968109,3,GO_Biological_Process_2021::sister chromatid segregation (GO:0000819) | GO_Biological_Process_2021::mitotic sister chromatid segregation (GO:0000070) | GO_Biological_Process_2021::mitotic nuclear division (GO:0140014),0.0004997501249375312,raw q=0; plot uses floor 1/2001
prerank,GO_Biological_Process_2021::regulation of immune response (GO:0050776),0.7278802604471348,2.63596840449373,0.0,0.0,0.0,96/125,20.82%,TREML4;CD300E;PIANP;CD300LB;SPPL2A;GPR108;CD300LF;LILRA1;TREML1;NPDC1;CD300A;FCER1A;TREML2;PILRA;COLEC12;ULBP1;LILRB2;CD247;OSCAR;PTPN22;AMBP;CD8B;KIR3DL1;KIR2DL4;CD8A;CD1A;CD300LG;LAIR1;CLEC4G;NCR2;LILRB1;CD300C;SIGLEC7;RSAD2;CD1C;CD1D;CXCL13;CD1B;KLRD1;FGL1;KLRK1;NCR3;KLRB1;HERC5;IFITM1;TREM2;VCAM1;ULBP3;IRF4;HLA-DRA;FOXP3;CD160;ICAM3;SLAMF6;TYROBP;CD96;TIRAP;CSK;CD34;LAIR2;SH2D1A;MADCAM1;JAML;ICAM2;KLRF1;COL17A1;FCGR3B;PLA2G1B;CLEC2D;HCST;PILRB;IL4I1;SAMHD1;SPN;NCR1;ICAM5;PLSCR1;B2M;CD226;IRF7;FCGR2A;SPPL2B;SFTPD;ITGB7;RNF135;LRP8;CD200R1;MICB;IFNL1;MICA;CLEC2B;NCR3LG1;SIGLEC9;HLA-C;TRAF3;XIAP,0.0,2.63596840449373,GO_Biological_Process_2021,positive,2.63596840449373,11,GO_Biological_Process_2021::regulation of immune response (GO:0050776) | GO_Biological_Process_2021::positive regulation of leukocyte mediated cytotoxicity (GO:0001912) | GO_Biological_Process_2021::regulation of natural killer cell mediated cytotoxicity (GO:0042269) | GO_Biological_Process_2021::negative regulation of T cell mediated immunity (GO:0002710) | GO_Biological_Process_2021::regulation of response to biotic stimulus (GO:0002831) | GO_Biological_Process_2021::positive regulation of regulatory T cell differentiation (GO:0045591) | GO_Biological_Process_2021::positive regulation of natural killer cell mediated cytotoxicity (GO:0045954) | GO_Biological_Process_2021::positive regulation of natural killer cell mediated immunity (GO:0002717) | GO_Biological_Process_2021::leukocyte tethering or rolling (GO:0050901) | GO_Biological_Process_2021::leukocyte adhesion to vascular endothelial cell (GO:0061756) | GO_Biological_Process_2021::immune response-regulating cell surface receptor signaling pathway (GO:0002768),0.0004997501249375312,raw q=0; plot uses floor 1/2001
prerank,GO_Biological_Process_2021::ribonucleoprotein complex biogenesis (GO:0022613),-0.6819980110516696,-2.635602663581196,0.0,0.0,0.0,32/44,12.17%,MRTO4;RRP36;BYSL;PAK1IP1;RRS1;BOP1;SURF6;WDR12;NOP14;NIP7;NVL;DDX31;RIOK2;LTV1;RIOK1;METTL17;DHX37;RPF2;PES1;SDAD1;WDR74;MALSU1;NOC2L;MRPL36;ZNF622;EBNA1BP2;URB2;TGS1;NOP16;ZNF658;EMG1;RPL26L1,0.0,-2.635602663581196,GO_Biological_Process_2021,negative,2.635602663581196,4,GO_Biological_Process_2021::ribonucleoprotein complex biogenesis (GO:0022613) | GO_Biological_Process_2021::ribosome biogenesis (GO:0042254) | GO_Biological_Process_2021::ribosomal large subunit biogenesis (GO:0042273) | GO_Biological_Process_2021::ribosomal small subunit biogenesis (GO:0042274),0.0004997501249375312,raw q=0; plot uses floor 1/2001
prerank,GO_Biological_Process_2021::snRNA transcription by RNA polymerase II (GO:0042795),-0.6231138926891093,-2.6309959163189616,0.0,0.0,0.0,31/62,13.69%,INTS7;INTS1;INTS9;GTF2E1;GTF2A1;INTS12;RPRD1B;INTS4;ICE1;TAF13;POU2F1;POLR2C;CCNT2;RPAP2;POLR2B;GTF2E2;SNAPC3;TAF8;GTF2F2;ZC3H8;TAF11;PHAX;SRRT;INTS2;CCNT1;SNAPC4;RPRD2;CCNK;NABP2;GTF2F1;RPRD1A,0.0,-2.6309959163189616,GO_Biological_Process_2021,negative,2.6309959163189616,5,GO_Biological_Process_2021::snRNA transcription by RNA polymerase II (GO:0042795) | GO_Biological_Process_2021::snRNA transcription (GO:0009301) | GO_Biological_Process_2021::transcription by RNA polymerase II (GO:0006366) | GO_Biological_Process_2021::snRNA processing (GO:0016180) | GO_Biological_Process_2021::snRNA metabolic process (GO:0016073),0.0004997501249375312,raw q=0; plot uses floor 1/2001
prerank,GO_Biological_Process_2021::extracellular matrix organization (GO:0030198),0.6897778318685276,2.621295072987808,0.0,0.0,0.0,148/201,20.36%,SMOC2;ADAMTSL4;MMP19;LUM;DCN;VIT;MMP23B;MFAP5;CTSG;MFAP2;DPT;FBLN5;ADAMTS2;TPSAB1;MMP11;LOXL1;COMP;CAPG;COL10A1;NOXO1;ADAMTS7;COL14A1;FBN2;P3H4;ADAMTS10;ADAMTS5;NID1;COL12A1;RECK;P4HA3;CTSV;POSTN;LOX;MMP10;P3H1;P4HA2;ADAMTS3;VCAN;ACAN;MIA;BMP1;TGFBI;LOXL4;FBN1;THBS1;MMP25;SERPINF2;COL8A1;SPOCK2;HSPG2;SERPINH1;BGN;SCUBE3;MMP21;MMP16;COL9A1;NID2;IBSP;ADAMTS12;HAS2;ADAMTS1;KLK4;ADAM8;ADAMTS8;QSOX1;SMOC1;COL16A1;PRSS1;MMP15;CAPN1;VCAM1;COL13A1;ADAMTSL2;LCP1;ADAMTSL5;ICAM3;PLOD2;CTSL;PAPLN;ECM2;ITGAX;KIF9;COL26A1;CRTAP;COLGALT1;NCAN;CD151;ITGA6;NPNT;MMP17;HAPLN1;COL27A1;MADCAM1;ADAM12;JAM2;CYP1B1;ICAM2;LAMA5;ITGAD;ITGA11;PXDN;COL17A1;ADAMTS9;F11R;SH3PXD2A;LOXL3;CAPNS2;VTN;BCAN;MATN3;MMP24;P4HA1;ADAM19;NDNF;COL8A2;PRSS2;COL9A3;HAS3;ICAM5;P3H2;ITGA9;FURIN;ADAMTS17;ITGA8;CDH1;ST7;PECAM1;ITGB7;ITGA1;PLEC;COLQ;PLOD1;AGRN;TIMP2;TIMP1;COL22A1;ADAMTS4;ITGA3;SPARC;CTRB2;CAPN2;GSN;COL21A1;ITGA10;CAPNS1;MMP28;HAS1;COL9A2,0.0,2.621295072987808,GO_Biological_Process_2021,positive,2.621295072987808,8,GO_Biological_Process_2021::extracellular matrix organization (GO:0030198) | GO_Biological_Process_2021::external encapsulating structure organization (GO:0045229) | GO_Biological_Process_2021::extracellular structure organization (GO:0043062) | GO_Biological_Process_2021::collagen fibril organization (GO:0030199) | GO_Biological_Process_2021::extracellular matrix disassembly (GO:0022617) | GO_Biological_Process_2021::cellular component disassembly (GO:0022411) | GO_Biological_Process_2021::embryonic eye morphogenesis (GO:0048048) | GO_Biological_Process_2021::regulation of vascular endothelial growth factor signaling pathway (GO:1900746),0.0004997501249375312,raw q=0; plot uses floor 1/2001
prerank,GO_Biological_Process_2021::chemical synaptic transmission (GO:0007268),-0.5311936010148055,-2.6111793739842373,0.0,0.0,0.0,74/201,13.46%,CHRNE;CHRNB1;PCDHB16;CHRND;CHRNA2;CHRNA9;GRIK5;NLGN3;DLGAP2;SYT10;GABRA2;DLG2;HTR3C;CHRFAM7A;NLGN4X;PCDHB5;PCDHB2;PCDHB14;PCDHB6;GABRR2;GRIK1;SCN2B;PTCHD1;CHRNA10;RIMBP2;HTR3E;GLRA3;PLP1;LIN7C;GRID2;NPFF;GABRR1;CBLN2;NLGN2;GRIN2C;SHISA6;GALR3;GLRB;GRID1;LIN7A;SLC12A5;RIMBP3C;LIN7B;SLC6A1;GABRE;NRXN2;NOVA1;KCNMB4;CNP;APBA1;STAC3;CACNB1;CBLN1;GRM7;UNC13C;MINK1;ZACN;KCNIP2;SLC12A4;PNOC;RAPSN;APBA2;CPNE6;BSN;GABRB1;CACNB3;RIMS1;ERC2;RIC3;KIF1B;AKAP9;NPTX2;PRKAR2B;GRIK2,0.0,-2.6111793739842373,GO_Biological_Process_2021,negative,2.6111793739842373,17,"GO_Biological_Process_2021::chemical synaptic transmission (GO:0007268) | GO_Biological_Process_2021::anterograde trans-synaptic signaling (GO:0098916) | GO_Biological_Process_2021::synapse assembly (GO:0007416) | GO_Biological_Process_2021::regulation of postsynaptic membrane potential (GO:0060078) | GO_Biological_Process_2021::postsynaptic membrane organization (GO:0001941) | GO_Biological_Process_2021::neuromuscular synaptic transmission (GO:0007274) | GO_Biological_Process_2021::synaptic transmission, cholinergic (GO:0007271) | GO_Biological_Process_2021::regulation of trans-synaptic signaling (GO:0099177) | GO_Biological_Process_2021::synaptic transmission, glutamatergic (GO:0035249) | GO_Biological_Process_2021::presynapse assembly (GO:0099054) | GO_Biological_Process_2021::postsynapse assembly (GO:0099068) | GO_Biological_Process_2021::chemical synaptic transmission, postsynaptic (GO:0099565) | GO_Biological_Process_2021::neuron cell-cell adhesion (GO:0007158) | GO_Biological_Process_2021::chloride transmembrane transport (GO:1902476) | GO_Biological_Process_2021::presynapse organization (GO:0099172) | GO_Biological_Process_2021::presynaptic membrane organization (GO:0097090) | GO_Biological_Process_2021::presynaptic membrane assembly (GO:0097105)",0.0004997501249375312,raw q=0; plot uses floor 1/2001
prerank,GO_Biological_Process_2021::interstrand cross-link repair (GO:0036297),-0.6582324604196127,-2.6093091396558736,0.0,0.0,0.0,33/50,18.93%,RPA3;MSH6;RPA1;DCLRE1B;MCM8;FAN1;MUS81;FAAP24;UBA52;ERCC4;DCLRE1A;SLX4;UBC;MCM9;RPA2;RFWD3;RNF8;XRCC3;XPA;FAAP100;FANCE;DCLRE1C;SLX1A;RAD51AP1;POLN;ATRIP;FAAP20;WDR48;FANCB;NEIL3;FANCL;USP1;UBE2T,0.0,-2.6093091396558736,GO_Biological_Process_2021,negative,2.6093091396558736,1,GO_Biological_Process_2021::interstrand cross-link repair (GO:0036297),0.0004997501249375312,raw q=0; plot uses floor 1/2001
prerank,GO_Biological_Process_2021::mitotic chromosome condensation (GO:0007076),-0.796277394974158,-2.5948663131649923,0.0,0.0,0.0,13/22,6.76%,NCAPH;NCAPD2;NCAPG;NCAPG2;NUSAP1;SMC4;SMC2;NCAPH2;CDCA5;PHF13;NCAPD3;MCPH1;KMT5A,0.0,-2.5948663131649923,GO_Biological_Process_2021,negative,2.5948663131649923,2,GO_Biological_Process_2021::mitotic chromosome condensation (GO:0007076) | GO_Biological_Process_2021::chromosome condensation (GO:0030261),0.0004997501249375312,raw q=0; plot uses floor 1/2001
prerank,GO_Biological_Process_2021::neutrophil activation involved in immune response (GO:0002283),0.6562354607008188,2.586001280254124,0.0,0.0,0.0,243/385,22.09%,METTL7A;HVCN1;DNASE1L3;CYSTM1;TMBIM1;MCEMP1;VAT1;QPCT;ANXA3;BRI3;DNASE1L1;CPNE3;NHLRC3;CRISPLD2;CREG1;SLC11A1;NFAM1;CD93;PRG2;NPC2;S100A12;ARL8A;PLEKHO2;STK10;CPNE1;CHIT1;OSTF1;FPR2;SIGLEC14;LILRB3;CLEC5A;CD300A;SIRPB1;GLIPR1;EEF1A1;CTSG;CHI3L1;CAMP;CLEC4D;FOLR3;RNASE2;LILRA2;FCAR;C3AR1;GM2A;CFP;PTX3;LILRB2;PRTN3;MNDA;LYZ;OSCAR;FPR1;ADGRE3;RAB3D;GMFG;DOK3;COTL1;BPI;SERPINB10;OLR1;CALML5;PLAUR;DEFA4;CLEC4C;VCL;FGL2;CPPED1;LAIR1;S100A8;TCIRG1;RNASE3;S100A7;RETN;PLAC8;CST3;SIGLEC5;CTSZ;GCA;VNN1;MMP25;CMTM6;LCN2;SERPINB3;S100A11;LTF;CEACAM8;MS4A3;ORM2;MAN2B1;CXCL1;GNS;SLPI;FCER1G;RNASET2;ADAM8;CD53;QSOX1;CD177;RAB24;CLEC12A;TBC1D10C;CAPN1;ORM1;PTPN6;NCKAP1L;CYFIP1;TICAM2;CYBB;FCN1;ATP6V1D;TYROBP;CTSA;ARHGAP9;FUCA2;ERP44;IGF2R;AHSG;STOM;S100A9;TXNDC5;PRSS3;ITGAX;HK3;UNC13D;STXBP2;GPI;CTSH;TNFAIP6;CD36;LAMTOR3;SNAP23;ARG1;MANBA;TSPAN14;GLA;HEXB;RAB31;GRN;FTL;RAB27A;RAP2B;CTSB;SLC2A5;PPBP;DNASE1;FCGR3B;GLB1;FUCA1;DIAPH1;ATP6AP2;PRCP;COMMD3;TNFRSF1B;PFKL;RHOF;MLEC;DSP;CEACAM1;RAP1B;AP2A2;PRSS2;BST2;ATP6V0A1;TCN1;CRISP3;LRG1;CTSD;ADGRE5;B2M;HP;FTH1;SERPINB1;AZU1;DBNL;COMMD9;SIRPA;VCP;MGST1;BIN2;RAP2C;FCGR2A;DNAJC3;CD55;GSDMD;DDOST;SERPINA1;CKAP4;NEU1;KRT1;CD68;PECAM1;SERPINB6;OLFM4;CYBA;ACTR2;FABP5;SPTAN1;TIMP2;RHOA;DYNLT1;GALNS;CNN2;JUP;ANO6;ALDOC;BST1;RAB3A;PSAP;SLC2A3;LAMP1;CCT8;CSTB;PGAM1;CAP1;VAPA;GSN;HGSNAT;APAF1;ATP6V0C;DOCK2;DPP7;PYCARD;S100P;ARSB;SIGLEC9;SLC15A4;ARSA;HLA-C;PRDX4;SDCBP;RHOG;SERPINA3;PSMA2;TRPM2;IQGAP2;PKP1;DNAJC5;ASAH1;DNAJC13;SURF4;AP1M1;ALDOA,0.0,2.586001280254124,GO_Biological_Process_2021,positive,2.586001280254124,10,GO_Biological_Process_2021::neutrophil activation involved in immune response (GO:0002283) | GO_Biological_Process_2021::neutrophil mediated immunity (GO:0002446) | GO_Biological_Process_2021::neutrophil degranulation (GO:0043312) | GO_Biological_Process_2021::myeloid cell activation involved in immune response (GO:0002275) | GO_Biological_Process_2021::immune response-activating cell surface receptor signaling pathway (GO:0002429) | GO_Biological_Process_2021::neutrophil activation (GO:0042119) | GO_Biological_Process_2021::innate immune response in mucosa (GO:0002227) | GO_Biological_Process_2021::positive regulation of peptidase activity (GO:0010952) | GO_Biological_Process_2021::regulation of neutrophil migration (GO:1902622) | GO_Biological_Process_2021::mucosal immune response (GO:0002385),0.0004997501249375312,raw q=0; plot uses floor 1/2001
prerank,GO_Biological_Process_2021::tRNA modification (GO:0006400),-0.6161324344095221,-2.564181901394041,0.0,0.0,0.0,32/61,20.50%,TRMO;BCDIN3D;WDR4;NSUN6;METTL1;PUS10;FTSJ1;PUSL1;TRMT61B;TRMT61A;TRMT10A;TRUB1;TARBP1;AARS2;NSUN2;PUS1;TYW3;METTL6;CTU1;TRDMT1;TRMT6;MTO1;CTU2;TYW5;CDKAL1;TYW1;TRIT1;TRMT5;LCMT2;ALKBH8;WDR6;PUS3,0.0,-2.564181901394041,GO_Biological_Process_2021,negative,2.564181901394041,6,GO_Biological_Process_2021::tRNA modification (GO:0006400) | GO_Biological_Process_2021::tRNA processing (GO:0008033) | GO_Biological_Process_2021::RNA methylation (GO:0001510) | GO_Biological_Process_2021::RNA modification (GO:0009451) | GO_Biological_Process_2021::tRNA methylation (GO:0030488) | GO_Biological_Process_2021::pseudouridine synthesis (GO:0001522),0.0004997501249375312,raw q=0; plot uses floor 1/2001
prerank,"GO_Biological_Process_2021::DNA-templated transcription, elongation (GO:0006354)",-0.6262948588054194,-2.5374741171312287,0.0,0.0,0.0,35/57,19.66%,NELFB;IWS1;ELP2;PAF1;GTF2H3;CTDP1;SUPT6H;ELP4;GTF2H1;POLR2C;CCNT2;NELFCD;POLR1E;POLR2B;SUPT16H;TCEA2;GTF2F2;ERCC3;NELFA;SSRP1;CCNT1;SETD2;CCNK;MNAT1;EAF1;GTF2H5;NELFE;GTF2F1;RTF1;ELOF1;AFF4;GTF2H2;MLLT3;PCID2;TCEA1,0.0,-2.5374741171312287,GO_Biological_Process_2021,negative,2.5374741171312287,11,"GO_Biological_Process_2021::DNA-templated transcription, elongation (GO:0006354) | GO_Biological_Process_2021::transcription elongation from RNA polymerase II promoter (GO:0006368) | GO_Biological_Process_2021::transcription, DNA-templated (GO:0006351) | GO_Biological_Process_2021::regulation of transcription elongation from RNA polymerase II promoter (GO:0034243) | GO_Biological_Process_2021::termination of RNA polymerase I transcription (GO:0006363) | GO_Biological_Process_2021::negative regulation of transcription elongation from RNA polymerase II promoter (GO:0034244) | GO_Biological_Process_2021::transcription initiation from RNA polymerase I promoter (GO:0006361) | GO_Biological_Process_2021::negative regulation of DNA-templated transcription, elongation (GO:0032785) | GO_Biological_Process_2021::positive regulation of viral transcription (GO:0050434) | GO_Biological_Process_2021::regulation of DNA-templated transcription, elongation (GO:0032784) | GO_Biological_Process_2021::regulation of viral transcription (GO:0046782)",0.0004997501249375312,raw q=0; plot uses floor 1/2001
prerank,GO_Biological_Process_2021::mismatch repair (GO:0006298),-0.7671387170404425,-2.5087615223865494,0.0,0.0,0.0,17/23,11.44%,RPA3;MSH5;MSH6;MLH1;MLH3;RPA1;MUTYH;MSH3;PMS2;MCM9;RPA2;LIG1;MSH2;PMS1;SETD2;TDG;XPC,0.0,-2.5087615223865494,GO_Biological_Process_2021,negative,2.5087615223865494,1,GO_Biological_Process_2021::mismatch repair (GO:0006298),0.0004997501249375312,raw q=0; plot uses floor 1/2001
prerank,GO_Biological_Process_2021::neutrophil migration (GO:1990266),0.7598065363960843,2.499388583784791,0.0,0.0,0.0,48/56,18.65%,S100A12;PRTN3;GP2;S100A8;CCL21;CCL26;CCL16;CCL5;CXCL13;CXCL9;CCL19;PF4V1;SAA1;CXCL1;PF4;CCL8;FCER1G;CCL17;CXCL11;CD177;CCL14;CXCL6;CCL25;CCL7;CXCL5;CCL22;CCL13;EDN1;NCKAP1L;CCL15;CCL1;XCL2;S100A9;CXCL3;CCL20;CKLF;XCL1;CCL23;JAML;PPBP;PLA2G1B;CCL18;EDN2;CXCL2;PECAM1;CCL3;CCL24;EDN3,0.0,2.499388583784791,GO_Biological_Process_2021,positive,2.499388583784791,15,GO_Biological_Process_2021::neutrophil migration (GO:1990266) | GO_Biological_Process_2021::neutrophil chemotaxis (GO:0030593) | GO_Biological_Process_2021::cytokine-mediated signaling pathway (GO:0019221) | GO_Biological_Process_2021::inflammatory response (GO:0006954) | GO_Biological_Process_2021::granulocyte chemotaxis (GO:0071621) | GO_Biological_Process_2021::lymphocyte migration (GO:0072676) | GO_Biological_Process_2021::cellular response to cytokine stimulus (GO:0071345) | GO_Biological_Process_2021::monocyte chemotaxis (GO:0002548) | GO_Biological_Process_2021::positive regulation of MAPK cascade (GO:0043410) | GO_Biological_Process_2021::cellular response to chemokine (GO:1990869) | GO_Biological_Process_2021::chemokine-mediated signaling pathway (GO:0070098) | GO_Biological_Process_2021::lymphocyte chemotaxis (GO:0048247) | GO_Biological_Process_2021::regulation of T cell chemotaxis (GO:0010819) | GO_Biological_Process_2021::positive regulation of T cell chemotaxis (GO:0010820) | GO_Biological_Process_2021::positive regulation of lymphocyte chemotaxis (GO:0140131),0.0004997501249375312,raw q=0; plot uses floor 1/2001
prerank,GO_Biological_Process_2021::regulation of signal transduction by p53 class mediator (GO:1901796),-0.5323347723221428,-2.492050612769048,0.0,0.0,0.0,45/122,13.82%,RFC2;RMI1;RAD9B;RPA3;HUS1;TOP3A;PAK1IP1;RAD1;TOPBP1;RAD17;TPX2;RPA1;RRS1;BOP1;RAD9A;RHNO1;POU4F1;TAF2;RAD50;WRN;RPA2;RBBP8;KMT5A;TAF3;TAF13;MBD3;EHMT1;RPF2;TAF9B;SUPT16H;NOC2L;NOP2;TTC5;TAF11;SSRP1;RFC4;BLM;NBN;RFC5;BRD7;RFC3;L3MBTL1;ATRIP;KAT6A;BRPF1,0.0,-2.492050612769048,GO_Biological_Process_2021,negative,2.492050612769048,2,GO_Biological_Process_2021::regulation of signal transduction by p53 class mediator (GO:1901796) | GO_Biological_Process_2021::chromatin assembly or disassembly (GO:0006333),0.0004997501249375312,raw q=0; plot uses floor 1/2001
prerank,"GO_Biological_Process_2021::maturation of 5.8S rRNA from tricistronic rRNA transcript (SSU-rRNA, 5.8S rRNA, LSU-rRNA) (GO:0000466)",-0.7677827524413663,-2.489470505076007,0.0,0.0,0.0,17/22,14.30%,NOP9;RRS1;KRI1;WDR12;NOP14;EXOSC10;EXOSC2;EXOSC9;FTSJ3;NOL9;PES1;EXOSC3;URB1;EXOSC7;UTP20;EXOSC8;ERI1,0.0,-2.489470505076007,GO_Biological_Process_2021,negative,2.489470505076007,10,"GO_Biological_Process_2021::maturation of 5.8S rRNA from tricistronic rRNA transcript (SSU-rRNA, 5.8S rRNA, LSU-rRNA) (GO:0000466) | GO_Biological_Process_2021::endonucleolytic cleavage of tricistronic rRNA transcript (SSU-rRNA, 5.8S rRNA, LSU-rRNA) (GO:0000479) | GO_Biological_Process_2021::ncRNA processing (GO:0034470) | GO_Biological_Process_2021::rRNA processing (GO:0006364) | GO_Biological_Process_2021::maturation of 5.8S rRNA (GO:0000460) | GO_Biological_Process_2021::rRNA metabolic process (GO:0016072) | GO_Biological_Process_2021::maturation of LSU-rRNA from tricistronic rRNA transcript (SSU-rRNA, 5.8S rRNA, LSU-rRNA) (GO:0000463) | GO_Biological_Process_2021::nuclear-transcribed mRNA catabolic process, exonucleolytic, 3'-5' (GO:0034427) | GO_Biological_Process_2021::nuclear mRNA surveillance (GO:0071028) | GO_Biological_Process_2021::rRNA 3'-end processing (GO:0031125)",0.0004997501249375312,raw q=0; plot uses floor 1/2001
prerank,GO_Biological_Process_2021::protein K11-linked ubiquitination (GO:0070979),-0.7165409406849033,-2.472091803732061,0.0,0.0,0.0,15/27,12.75%,ANAPC7;ANAPC2;CDC23;ANAPC5;CDC16;ANAPC10;ANAPC1;ANAPC11;ANAPC13;CDC27;FZR1;CDC26;ANAPC4;RNF4;UBE2S,0.0,-2.472091803732061,GO_Biological_Process_2021,negative,2.472091803732061,9,GO_Biological_Process_2021::protein K11-linked ubiquitination (GO:0070979) | GO_Biological_Process_2021::regulation of exit from mitosis (GO:0007096) | GO_Biological_Process_2021::anaphase-promoting complex-dependent catabolic process (GO:0031145) | GO_Biological_Process_2021::positive regulation of metaphase/anaphase transition of cell cycle (GO:1902101) | GO_Biological_Process_2021::positive regulation of mitotic sister chromatid separation (GO:1901970) | GO_Biological_Process_2021::positive regulation of mitotic metaphase/anaphase transition (GO:0045842) | GO_Biological_Process_2021::regulation of mitotic metaphase/anaphase transition (GO:0030071) | GO_Biological_Process_2021::regulation of mitotic sister chromatid separation (GO:0010965) | GO_Biological_Process_2021::regulation of cell cycle phase transition (GO:1901987),0.0004997501249375312,raw q=0; plot uses floor 1/2001
prerank,GO_Biological_Process_2021::synaptic membrane adhesion (GO:0099560),-0.867291406913367,-2.4685394931947653,0.0,0.0,0.0,10/14,4.56%,LRRC4C;LRRC4B;NTNG1;LRRC4;SLITRK2;PTPRD;SLITRK3;LRFN4;SLITRK1;LRFN5,0.0,-2.4685394931947653,GO_Biological_Process_2021,negative,2.4685394931947653,6,GO_Biological_Process_2021::synaptic membrane adhesion (GO:0099560) | GO_Biological_Process_2021::regulation of presynapse organization (GO:0099174) | GO_Biological_Process_2021::regulation of presynapse assembly (GO:1905606) | GO_Biological_Process_2021::synapse organization (GO:0050808) | GO_Biological_Process_2021::regulation of synapse assembly (GO:0051963) | GO_Biological_Process_2021::cell-cell adhesion via plasma-membrane adhesion molecules (GO:0098742),0.0004997501249375312,raw q=0; plot uses floor 1/2001
prerank,GO_Biological_Process_2021::double-strand break repair via nonhomologous end joining (GO:0006303),-0.6370571991702628,-2.4656886693570605,0.0,0.0,0.0,26/48,16.78%,LIG3;MDC1;LIG4;DCLRE1B;SMARCAL1;XRCC4;POLM;POLL;RAD50;ERCC4;DCLRE1A;PAXIP1;RIF1;RNF8;ERCC8;TP53BP1;SMC5;XRCC5;UIMC1;DCLRE1C;NBN;NSMCE2;SETMAR;PIAS4;KAT5;XRCC6,0.0,-2.4656886693570605,GO_Biological_Process_2021,negative,2.4656886693570605,2,GO_Biological_Process_2021::double-strand break repair via nonhomologous end joining (GO:0006303) | GO_Biological_Process_2021::telomere capping (GO:0016233),0.0004997501249375312,raw q=0; plot uses floor 1/2001
prerank,GO_Biological_Process_2021::protein localization to chromosome (GO:0034502),-0.7056970333034835,-2.4488233205420102,0.0,0.0,0.0,20/27,17.02%,RPA1;MCM8;XRCC4;MCM9;CTCF;RPA2;ATRX;MSH2;XRCC5;PINX1;RAD21;BOD1;WAPL;TERF2;CENPA;SLF2;SLF1;ACD;FAM47E;LEMD2,0.0,-2.4488233205420102,GO_Biological_Process_2021,negative,2.4488233205420102,4,"GO_Biological_Process_2021::protein localization to chromosome (GO:0034502) | GO_Biological_Process_2021::protein localization to chromosome, telomeric region (GO:0070198) | GO_Biological_Process_2021::regulation of sister chromatid cohesion (GO:0007063) | GO_Biological_Process_2021::protein localization to chromatin (GO:0071168)",0.0004997501249375312,raw q=0; plot uses floor 1/2001
prerank,GO_Biological_Process_2021::regulation of immune effector process (GO:0002697),0.8081712811182674,2.443859951401992,0.0,0.0,0.0,31/36,15.77%,CFHR1;C3AR1;CFP;C4BPB;C8G;CPB2;C4B;C5AR2;C4A;C4BPA;CFI;C8A;C2;C1R;C5;C7;C1QC;IRF4;CR1L;HLA-DRA;CFH;C8B;CR2;C6;C9;C1QB;VTN;CD46;C1QBP;C1QA;CD55,0.0,2.443859951401992,GO_Biological_Process_2021,positive,2.443859951401992,3,GO_Biological_Process_2021::regulation of immune effector process (GO:0002697) | GO_Biological_Process_2021::regulation of complement activation (GO:0030449) | GO_Biological_Process_2021::regulation of humoral immune response (GO:0002920),0.0004997501249375312,raw q=0; plot uses floor 1/2001
prerank,GO_Biological_Process_2021::response to ionizing radiation (GO:0010212),-0.5851088074563573,-2.4304969107265584,0.0,0.0,0.0,31/60,16.19%,EYA3;RAD9B;HUS1;LIG4;TICRR;RAD1;TOPBP1;FIGNL1;RAD9A;INTS7;RHNO1;XRCC4;PAXIP1;RFWD3;RNF8;SPIDR;MSH2;UIMC1;ECT2;INO80;BLM;BRAT1;DCUN1D3;SWI5;RAD51AP1;NABP2;EYA1;INIP;STK11;USP28;KAT5,0.0,-2.4304969107265584,GO_Biological_Process_2021,negative,2.4304969107265584,3,GO_Biological_Process_2021::response to ionizing radiation (GO:0010212) | GO_Biological_Process_2021::cellular response to ionizing radiation (GO:0071479) | GO_Biological_Process_2021::cellular response to radiation (GO:0071478),0.0004997501249375312,raw q=0; plot uses floor 1/2001
prerank,GO_Biological_Process_2021::regulation of neurotransmitter receptor activity (GO:0099601),-0.6259458832141105,-2.426813412194169,0.0,0.0,0.0,23/43,12.93%,DLGAP2;DLG2;SHISA9;NETO1;SHISA7;CACNG4;NLGN2;SHISA6;LRRC7;LYNX1;CACNG7;DLGAP3;SHISA8;CACNG3;CNIH2;CNIH3;DLGAP4;NPTXR;BEGAIN;MINK1;PRRT1;AKAP9;NPTX2,0.0,-2.426813412194169,GO_Biological_Process_2021,negative,2.426813412194169,5,"GO_Biological_Process_2021::regulation of neurotransmitter receptor activity (GO:0099601) | GO_Biological_Process_2021::regulation of AMPA receptor activity (GO:2000311) | GO_Biological_Process_2021::regulation of nervous system process (GO:0031644) | GO_Biological_Process_2021::positive regulation of synaptic transmission, glutamatergic (GO:0051968) | GO_Biological_Process_2021::regulation of cation channel activity (GO:2001257)",0.0004997501249375312,raw q=0; plot uses floor 1/2001
prerank,GO_Biological_Process_2021::response to interferon-gamma (GO:0034341),0.7254664065418056,2.4071371572695086,0.0,0.0,0.0,50/64,21.39%,SLC11A1;GBP4;CIITA;CCL21;CCL26;CCL16;CCL5;GBP5;CCL19;HLA-DPA1;IFITM3;GBP3;CCL8;MEFV;CCL17;CCL14;IFITM1;AIF1;CCL25;CCL7;CCL22;CCL13;CCL15;CCL1;XCL2;CCL20;GBP1;XCL1;CCL23;IRF8;CCL18;GBP7;CXCL16;GCH1;BST2;IL23R;KYNU;IFITM2;SIRPA;UBD;TDGF1;CCL3;IL12RB1;CCL24;LGALS9;GBP2;CYP27B1;STAT1;DAPK3;CCL4,0.0,2.4071371572695086,GO_Biological_Process_2021,positive,2.4071371572695086,7,GO_Biological_Process_2021::response to interferon-gamma (GO:0034341) | GO_Biological_Process_2021::cellular response to interferon-gamma (GO:0071346) | GO_Biological_Process_2021::regulation of ERK1 and ERK2 cascade (GO:0070372) | GO_Biological_Process_2021::response to interleukin-1 (GO:0070555) | GO_Biological_Process_2021::response to tumor necrosis factor (GO:0034612) | GO_Biological_Process_2021::cellular response to tumor necrosis factor (GO:0071356) | GO_Biological_Process_2021::cellular response to interleukin-1 (GO:0071347),0.0004997501249375312,raw q=0; plot uses floor 1/2001
prerank,GO_Biological_Process_2021::regulation of interleukin-6 production (GO:0032675),0.7133437962570589,2.395532868649376,0.0,0.0,0.0,51/68,20.16%,C1QTNF3;TMEM106A;LILRA2;LILRB2;LBP;LILRB4;PTPN22;BPI;C5AR2;LILRA5;TLR6;DDX58;LPL;CLEC7A;SCIMP;TWIST1;CARD9;AIF1;TREM2;HYAL2;LEP;ORM1;PTPN6;NCKAP1L;TYROBP;FOXJ1;TIRAP;TLR1;IFIH1;GHRL;MAPK13;IL16;XBP1;PLCG2;NLRP12;TNFAIP3;SIRPA;NLRC3;MYD88;F2RL1;CYBA;CD200R1;IRAK3;HSPD1;IL37;ZC3H12A;LGALS9;SLAMF1;BCL10;GBA;PYCARD,0.0,2.395532868649376,GO_Biological_Process_2021,positive,2.395532868649376,16,GO_Biological_Process_2021::regulation of interleukin-6 production (GO:0032675) | GO_Biological_Process_2021::negative regulation of cytokine production (GO:0001818) | GO_Biological_Process_2021::regulation of tumor necrosis factor production (GO:0032680) | GO_Biological_Process_2021::positive regulation of cytokine production (GO:0001819) | GO_Biological_Process_2021::positive regulation of interleukin-6 production (GO:0032755) | GO_Biological_Process_2021::positive regulation of tumor necrosis factor superfamily cytokine production (GO:1903557) | GO_Biological_Process_2021::regulation of interleukin-8 production (GO:0032677) | GO_Biological_Process_2021::positive regulation of tumor necrosis factor production (GO:0032760) | GO_Biological_Process_2021::negative regulation of interleukin-6 production (GO:0032715) | GO_Biological_Process_2021::regulation of cytokine production involved in inflammatory response (GO:1900015) | GO_Biological_Process_2021::regulation of interleukin-10 production (GO:0032653) | GO_Biological_Process_2021::negative regulation of tumor necrosis factor superfamily cytokine production (GO:1903556) | GO_Biological_Process_2021::negative regulation of tumor necrosis factor production (GO:0032720) | GO_Biological_Process_2021::positive regulation of interleukin-10 production (GO:0032733) | GO_Biological_Process_2021::positive regulation of interleukin-12 production (GO:0032735) | GO_Biological_Process_2021::negative regulation of cytokine production involved in inflammatory response (GO:1900016),0.0004997501249375312,raw q=0; plot uses floor 1/2001
prerank,GO_Biological_Process_2021::platelet degranulation (GO:0002576),0.6745208033194605,2.364997835852639,0.0,0.0,0.0,63/86,22.09%,ISLR;LHFPL2;SCCPDH;TMX3;PHACTR2;TOR4A;ECM1;RARRES2;TIMP3;SRGN;SPP2;MMRN1;TMSB4X;KNG1;VCL;RAB27B;THBS1;CHID1;SERPINF2;FAM3C;CLEC3B;HRG;ORM2;PF4;QSOX1;CTSW;ORM1;ITIH3;AHSG;TAGLN2;LGALS3BP;STXBP2;CD109;F13A1;CD36;APOA1;TTN;PPBP;EGF;APOH;WDR1;PCDH7;ALB;ITIH4;TLN1;ACTN4;SERPINA1;PECAM1;ACTN1;TIMP1;TEX264;FERMT3;SPARC;PSAP;PLEK;ABCC4;MANF;SERPINA3;CD9;APLP2;NHLRC2;SYTL4;ALDOA,0.0,2.364997835852639,GO_Biological_Process_2021,positive,2.364997835852639,3,GO_Biological_Process_2021::platelet degranulation (GO:0002576) | GO_Biological_Process_2021::regulated exocytosis (GO:0045055) | GO_Biological_Process_2021::positive regulation of blood coagulation (GO:0030194),0.0004997501249375312,raw q=0; plot uses floor 1/2001
prerank,GO_Biological_Process_2021::regulation of actin filament polymerization (GO:0030833),0.7073704839047177,2.340565481797293,0.0,0.0,0.0,39/61,21.78%,KANK3;ARHGAP18;VIL1;LMOD1;COTL1;PFN3;MYADM;EVL;DBN1;CCL21;CCL26;CCR7;CSF3;HCLS1;BAIAP2;CDC42EP5;NCKAP1L;MTPN;BAIAP2L2;ALOX15;NCKAP1;ESAM;PAK3;NCK1;SLIT2;TWF2;CDC42EP3;NCK2;CTTN;BAIAP2L1;DBNL;CDC42EP4;SSH1;CCL24;SNX9;PYCARD;VASP;ARF6;PLEKHG2,0.0,2.340565481797293,GO_Biological_Process_2021,positive,2.340565481797293,9,GO_Biological_Process_2021::regulation of actin filament polymerization (GO:0030833) | GO_Biological_Process_2021::positive regulation of cytoskeleton organization (GO:0051495) | GO_Biological_Process_2021::positive regulation of actin filament polymerization (GO:0030838) | GO_Biological_Process_2021::positive regulation of supramolecular fiber organization (GO:1902905) | GO_Biological_Process_2021::regulation of actin polymerization or depolymerization (GO:0008064) | GO_Biological_Process_2021::negative regulation of actin filament polymerization (GO:0030837) | GO_Biological_Process_2021::positive regulation of protein polymerization (GO:0032273) | GO_Biological_Process_2021::regulation of protein polymerization (GO:0032271) | GO_Biological_Process_2021::positive regulation of actin cytoskeleton reorganization (GO:2000251),0.0004997501249375312,raw q=0; plot uses floor 1/2001
prerank,GO_Biological_Process_2021::regulation of T cell proliferation (GO:0042129),0.7350144711892729,2.3290010721671504,0.0,0.0,0.0,30/43,16.57%,LILRB2;LILRB4;VSIG4;LILRB1;HLA-DPB1;CCL5;CD1D;HLA-DMB;CD209;CCL19;HLA-DPA1;AIF1;LEP;VCAM1;NCKAP1L;FOXP3;PLA2G2D;ARG1;TNFRSF1B;IL4I1;ANXA1;NCK1;PLA2G2F;CD46;SPN;CEBPB;IL23R;NCK2;CLC;SFTPD,0.0,2.3290010721671504,GO_Biological_Process_2021,positive,2.3290010721671504,7,GO_Biological_Process_2021::regulation of T cell proliferation (GO:0042129) | GO_Biological_Process_2021::positive regulation of T cell activation (GO:0050870) | GO_Biological_Process_2021::negative regulation of T cell activation (GO:0050868) | GO_Biological_Process_2021::positive regulation of lymphocyte proliferation (GO:0050671) | GO_Biological_Process_2021::positive regulation of T cell proliferation (GO:0042102) | GO_Biological_Process_2021::negative regulation of lymphocyte proliferation (GO:0050672) | GO_Biological_Process_2021::negative regulation of T cell proliferation (GO:0042130),0.0004997501249375312,raw q=0; plot uses floor 1/2001
prerank,GO_Biological_Process_2021::receptor-mediated endocytosis (GO:0006898),0.640071631963573,2.3270041872567178,0.0,0.0,0.0,73/113,21.79%,LRP3;MARCO;FPR2;STAB1;COLEC12;CUBN;SCARF1;CD207;LILRB4;AMBP;HPX;MX2;CLEC9A;MASP1;LILRB1;MSR1;AMN;SAA1;SCGB3A2;HSPG2;APOL1;COLEC11;NEDD4;PDLIM7;FCER1G;VLDLR;WASF1;STAB2;DNM1;CANX;LDLR;CTSL;IGF2R;PPT1;HPR;MX1;CD36;MRC1;CAV1;APOA1;RAB31;CLN3;CD163;M6PR;CXCL16;AP2A2;ARRB2;CTTN;AP1G2;HP;ALB;FNBP1L;SFTPD;DAB2;SGIP1;SNX1;ASGR1;ARHGAP27;SPARC;APOE;SNX9;CLTC;AP2B1;EPS15;SORL1;ACKR3;CLTCL1;AP2S1;AP2A1;SCARB1;CD9;DNAJC13;FCHO2,0.0,2.3270041872567178,GO_Biological_Process_2021,positive,2.3270041872567178,4,GO_Biological_Process_2021::receptor-mediated endocytosis (GO:0006898) | GO_Biological_Process_2021::receptor internalization (GO:0031623) | GO_Biological_Process_2021::clathrin-dependent endocytosis (GO:0072583) | GO_Biological_Process_2021::receptor metabolic process (GO:0043112),0.0004997501249375312,raw q=0; plot uses floor 1/2001
prerank,GO_Biological_Process_2021::regulation of interleukin-1 beta production (GO:0032651),0.7162082357273546,2.3145355276656425,0.0,0.0,0.0,44/54,22.28%,TMEM106A;CARD17;CARD18;LILRA2;MNDA;LILRB4;LILRA5;TLR6;LPL;CLEC7A;GBP5;CCL19;NLRP7;ORM2;CCR7;AIM2;MEFV;ORM1;TYROBP;CX3CR1;NLRC4;CARD16;CD36;APOA1;GHRL;NLRP12;TNFAIP3;SERPINB1;AZU1;SIRPA;MYD88;F2RL1;GSDMD;RIPK2;CCL3;PYDC1;ZC3H12A;LGALS9;USP50;PYHIN1;PYCARD;CARD8;FFAR4;NLRP1,0.0,2.3145355276656425,GO_Biological_Process_2021,positive,2.3145355276656425,7,GO_Biological_Process_2021::regulation of interleukin-1 beta production (GO:0032651) | GO_Biological_Process_2021::positive regulation of interleukin-1 production (GO:0032732) | GO_Biological_Process_2021::positive regulation of interleukin-1 beta production (GO:0032731) | GO_Biological_Process_2021::regulation of interleukin-1 production (GO:0032652) | GO_Biological_Process_2021::negative regulation of interleukin-1 production (GO:0032692) | GO_Biological_Process_2021::negative regulation of interleukin-1 beta production (GO:0032691) | GO_Biological_Process_2021::regulation of NLRP3 inflammasome complex assembly (GO:1900225),0.0004997501249375312,raw q=0; plot uses floor 1/2001
prerank,GO_Biological_Process_2021::regulation of inflammatory response (GO:0050727),0.6371645771770467,2.312525333830077,0.0,0.0,0.0,83/125,22.92%,METRNL;DNASE1L3;C1QTNF3;AKNA;AOAH;S100A12;FPR2;DDT;PTGES;TNFAIP8L2;PROC;NLRP6;PTGIS;TMSB4X;LILRA5;ACE2;S100A8;GPR4;ADIPOQ;CCL5;LPL;USP18;CDH5;SAA1;SBNO2;IL2;ADAMTS12;MEFV;NINJ1;HYAL2;CCL1;BCL6B;AHSG;S100A9;ALOX15;TNFAIP6;VPS35;XCL1;APOA1;GHRL;GRN;GPSM3;MAPK13;DNASE1;IL1RL2;IL16;OSM;TNFRSF1B;ANXA1;SPHK1;ETS1;PDCD4;GATA3;SNX6;NLRP12;TNFAIP3;SIRPA;NLRC3;MYD88;CEBPA;CD200R1;CCL3;IFI35;BST1;PIK3AP1;IL37;GGT2;APOE;CELF1;GGT1;ZBP1;NR1D1;MGST2;GBA;XIAP;TNIP1;PTPN2;FFAR4;MAPK7;SPATA2;NLRP1;KLF4;VAMP3,0.0,2.312525333830077,GO_Biological_Process_2021,positive,2.312525333830077,9,GO_Biological_Process_2021::regulation of inflammatory response (GO:0050727) | GO_Biological_Process_2021::regulation of defense response (GO:0031347) | GO_Biological_Process_2021::positive regulation of inflammatory response (GO:0050729) | GO_Biological_Process_2021::regulation of response to external stimulus (GO:0032101) | GO_Biological_Process_2021::positive regulation of defense response (GO:0031349) | GO_Biological_Process_2021::negative regulation of response to external stimulus (GO:0032102) | GO_Biological_Process_2021::negative regulation of defense response (GO:0031348) | GO_Biological_Process_2021::positive regulation of nitrogen compound metabolic process (GO:0051173) | GO_Biological_Process_2021::negative regulation of inflammatory response (GO:0050728),0.0004997501249375312,raw q=0; plot uses floor 1/2001
prerank,GO_Biological_Process_2021::aerobic electron transport chain (GO:0019646),0.7790003488301408,2.306956804045283,0.0,0.0,0.0,23/31,17.88%,UQCR10;UQCRFS1;UQCRQ;COX6A2;NDUFA4;COX5A;CYC1;UQCR11;UQCRC2;UQCRC1;COX4I2;UQCRH;UQCRHL;UQCRB;COX5B;COX7C;COX4I1;CYCS;COX6C;COX6B1;COX6A1;SDHD;COX7B,0.0,2.306956804045283,GO_Biological_Process_2021,positive,2.306956804045283,4,"GO_Biological_Process_2021::aerobic electron transport chain (GO:0019646) | GO_Biological_Process_2021::mitochondrial ATP synthesis coupled electron transport (GO:0042775) | GO_Biological_Process_2021::mitochondrial electron transport, ubiquinol to cytochrome c (GO:0006122) | GO_Biological_Process_2021::mitochondrial electron transport, cytochrome c to oxygen (GO:0006123)",0.0004997501249375312,raw q=0; plot uses floor 1/2001
prerank,GO_Biological_Process_2021::positive regulation of ERK1 and ERK2 cascade (GO:0070374),0.6545828082759899,2.292755593214475,0.0,0.0,0.0,68/95,21.71%,MARCO;FPR2;DDT;CHI3L1;PTPN22;ABCA7;CCL21;CCL26;TNFRSF11A;CCL16;CCL5;S100A7;CCL19;SERPINF2;SCIMP;CCR7;CCL8;CARD9;CCL17;CCL14;CCL25;CCL7;TREM2;CCL22;CCL13;GLIPR2;SHC1;CCL15;CCL1;DSTYK;XCL2;APELA;TIRAP;ALOX15;CCL20;TNFAIP8L3;XCL1;NPNT;CD36;CCL23;FERMT2;GATA4;CCL18;ADCYAP1;PHB;HAND2;ARRB2;FGF10;F2RL1;PRKD2;ATP6AP1;CCL3;RASGRP1;CCL24;BMPER;LGALS9;APOE;SLAMF1;GPR183;FGF19;PYCARD;IL26;BMP2;ACKR3;THPO;CCL4;FFAR4;FBXW7,0.0,2.292755593214475,GO_Biological_Process_2021,positive,2.292755593214475,3,GO_Biological_Process_2021::positive regulation of ERK1 and ERK2 cascade (GO:0070374) | GO_Biological_Process_2021::positive regulation of granulocyte chemotaxis (GO:0071624) | GO_Biological_Process_2021::positive regulation of neutrophil chemotaxis (GO:0090023),0.0004997501249375312,raw q=0; plot uses floor 1/2001
prerank,GO_Biological_Process_2021::antigen receptor-mediated signaling pathway (GO:0050851),0.6364244127598168,2.292637647043639,0.0,0.0,0.0,71/108,23.52%,THEMIS2;RFTN1;NFAM1;HLA-DQB2;BTNL9;BTNL3;SPPL3;CD247;MNDA;ZAP70;PTPN22;BTNL8;HLA-DPB1;BTN1A1;THY1;WAS;HLA-DPA1;IGLL5;HLA-DQA2;LCP2;TRAT1;HLA-DQB1;HLA-DQA1;HLA-DRA;NCKAP1L;SKAP1;BTN2A2;GRAP2;CSK;SKP1;LAT;PAK1;LIME1;PAK3;BTN3A3;THEMIS;NCK1;GATA3;NFKBID;PLCG2;PRKD2;MEF2C;TRAF6;PRAM1;VAV3;PSMF1;RIPK2;LAT2;CUL1;PLCG1;PSMD5;PAG1;BTN3A2;UBE2N;SPG21;ZC3H12A;BLNK;CD79A;TXK;BCL10;PSMB2;PSMA2;PSMA8;KHDRBS1;PSMB4;BCAR1;BTN2A1;HLA-A;PSMD9;PLEKHA1;DENND1B,0.0,2.292637647043639,GO_Biological_Process_2021,positive,2.292637647043639,6,GO_Biological_Process_2021::antigen receptor-mediated signaling pathway (GO:0050851) | GO_Biological_Process_2021::T cell receptor signaling pathway (GO:0050852) | GO_Biological_Process_2021::Fc-epsilon receptor signaling pathway (GO:0038095) | GO_Biological_Process_2021::B cell receptor signaling pathway (GO:0050853) | GO_Biological_Process_2021::Fc receptor signaling pathway (GO:0038093) | GO_Biological_Process_2021::NIK/NF-kappaB signaling (GO:0038061),0.0004997501249375312,raw q=0; plot uses floor 1/2001
prerank,GO_Biological_Process_2021::cellular defense response (GO:0006968),0.7587717402056561,2.29226535962106,0.0,0.0,0.0,29/35,17.62%,CLEC5A;VEZF1;LILRB2;MNDA;KLRC3;LBP;KIR2DL4;KLRC2;NCF2;CD5L;NCR2;CD300C;TCIRG1;NCF1;CXCL9;TRAT1;PRF1;GNLY;TYROBP;LGALS3BP;CX3CR1;CCR3;IL1RL2;CCR6;SPN;NCR1;DCDC2;LSP1;FOSL1,0.0,2.29226535962106,GO_Biological_Process_2021,positive,2.29226535962106,1,GO_Biological_Process_2021::cellular defense response (GO:0006968),0.0004997501249375312,raw q=0; plot uses floor 1/2001
prerank,GO_Biological_Process_2021::regulation of cytokine production (GO:0001817),0.6433124064135444,2.2921762876759706,0.0,0.0,0.0,64/104,22.99%,C1QTNF3;SLC11A1;NFAM1;TRIL;BTNL9;PLA2R1;SRGN;BTNL3;CLEC6A;BTNL8;NOX5;C5AR2;CLEC9A;ACKR1;ACE2;BTN1A1;BATF;DDX58;LTF;SAA1;RGCC;CIDEA;KLRF2;CCR7;CLEC4A;CARD9;TREM2;LEP;SNAI2;FOXP3;NLRP4;BCL6B;CRP;BTN2A2;IFIH1;IRF8;BTN3A3;TNFRSF1B;S100A13;ANXA1;EIF2AK2;IGF2BP1;GATA3;NLRP12;PLD4;IRF7;SIRPA;RPS6KA4;NPTN;SFTPD;TBK1;BTN3A2;LGALS9;ZBP1;TXK;IL26;IGF2BP2;TRAF3;FLOT1;FFAR4;ISG15;GAPDH;BTN2A1;HLA-B,0.0,2.2921762876759706,GO_Biological_Process_2021,positive,2.2921762876759706,1,GO_Biological_Process_2021::regulation of cytokine production (GO:0001817),0.0004997501249375312,raw q=0; plot uses floor 1/2001
prerank,GO_Biological_Process_2021::insulin receptor signaling pathway (GO:0008286),0.7034508985704724,2.29083220281091,0.0,0.0,0.0,41/55,22.52%,RARRES2;ATP6V1G3;ATP6V1C2;ATP6V0A4;ATP6V1B1;ATP6V0A2;ATP6V1E2;ATP6V0D2;TCIRG1;ATP6V1H;SORBS1;BAIAP2;SHC1;ATP6V1B2;FOXO1;ATP6V1D;ATP6V1G2;SLC39A14;ATP6V1C1;ATP6V1A;ZNF106;FOXC2;ATP6V1F;ATP6V1E1;ATP6V0E2;ATP6V0A1;FOXO4;ATP6V0E1;ATP6V0D1;RHOQ;SOGA1;ATP6AP1;GRB7;GPLD1;ATP6V0C;ATP6V0B;IRS2;ATP6V1G1;PTPN2;SOS1;BCAR1,0.0,2.29083220281091,GO_Biological_Process_2021,positive,2.29083220281091,11,GO_Biological_Process_2021::insulin receptor signaling pathway (GO:0008286) | GO_Biological_Process_2021::iron ion transport (GO:0006826) | GO_Biological_Process_2021::phagosome maturation (GO:0090382) | GO_Biological_Process_2021::cellular response to insulin stimulus (GO:0032869) | GO_Biological_Process_2021::phagosome acidification (GO:0090383) | GO_Biological_Process_2021::transferrin transport (GO:0033572) | GO_Biological_Process_2021::transmembrane receptor protein tyrosine kinase signaling pathway (GO:0007169) | GO_Biological_Process_2021::intracellular pH reduction (GO:0051452) | GO_Biological_Process_2021::cellular response to increased oxygen levels (GO:0036295) | GO_Biological_Process_2021::regulation of autophagy (GO:0010506) | GO_Biological_Process_2021::cellular response to starvation (GO:0009267),0.0004997501249375312,raw q=0; plot uses floor 1/2001
prerank,GO_Biological_Process_2021::positive regulation of response to external stimulus (GO:0032103),0.6566642122110383,2.2898720571307005,0.0,0.0,0.0,63/88,22.22%,S100A12;RARRES2;FPR2;DDT;LY86;SCARF1;CD180;LILRA5;S100A8;GPR4;CCL21;CCL26;CCL5;LPL;CD1D;THBS1;OASL;GBP5;CCL19;SERPINF2;PPM1F;SCIMP;HRG;IL2;ADAM8;AIF1;NINJ1;TREM2;HYAL2;CCL1;USF1;S100A9;BMP6;STX3;DDX60;GRN;GPSM3;MAPK13;APOH;IL16;OSM;ETS1;PDCD4;NLRP12;PLSCR1;AKIRIN2;THBD;F2RL1;CNTF;CEBPA;CYBA;CCL3;IFI35;USP15;ZBP1;MGST2;SASH1;SLC15A4;ZCCHC3;TNIP1;STX4;DHX58;SH2D1B,0.0,2.2898720571307005,GO_Biological_Process_2021,positive,2.2898720571307005,6,GO_Biological_Process_2021::positive regulation of response to external stimulus (GO:0032103) | GO_Biological_Process_2021::positive regulation of locomotion (GO:0040017) | GO_Biological_Process_2021::positive regulation of chemotaxis (GO:0050921) | GO_Biological_Process_2021::regulation of chemotaxis (GO:0050920) | GO_Biological_Process_2021::positive regulation of macrophage migration (GO:1905523) | GO_Biological_Process_2021::positive regulation of response to biotic stimulus (GO:0002833),0.0004997501249375312,raw q=0; plot uses floor 1/2001
prerank,GO_Biological_Process_2021::cholesterol transport (GO:0030301),0.7269876802826021,2.2886959483016005,0.0,0.0,0.0,30/42,21.18%,ABCA8;NPC2;APOA5;CETP;APOA2;NPC1L1;ABCA7;APOC2;MSR1;LIPC;CES1;APOM;STARD3;LDLR;APOC1;CD36;LCAT;CAV1;APOA1;STARD4;NPC1;OSBPL5;CEL;STAR;ABCG4;APOE;LIMA1;ABCG5;ABCG1;SCARB1,0.0,2.2886959483016005,GO_Biological_Process_2021,positive,2.2886959483016005,15,GO_Biological_Process_2021::cholesterol transport (GO:0030301) | GO_Biological_Process_2021::sterol homeostasis (GO:0055092) | GO_Biological_Process_2021::cholesterol homeostasis (GO:0042632) | GO_Biological_Process_2021::sterol transport (GO:0015918) | GO_Biological_Process_2021::cholesterol efflux (GO:0033344) | GO_Biological_Process_2021::high-density lipoprotein particle remodeling (GO:0034375) | GO_Biological_Process_2021::triglyceride-rich lipoprotein particle remodeling (GO:0034370) | GO_Biological_Process_2021::reverse cholesterol transport (GO:0043691) | GO_Biological_Process_2021::regulation of cholesterol efflux (GO:0010874) | GO_Biological_Process_2021::acylglycerol homeostasis (GO:0055090) | GO_Biological_Process_2021::lipid transport (GO:0006869) | GO_Biological_Process_2021::positive regulation of cholesterol efflux (GO:0010875) | GO_Biological_Process_2021::regulation of cholesterol transport (GO:0032374) | GO_Biological_Process_2021::positive regulation of cholesterol transport (GO:0032376) | GO_Biological_Process_2021::secondary alcohol metabolic process (GO:1902652),0.0004997501249375312,raw q=0; plot uses floor 1/2001
prerank,GO_Biological_Process_2021::regulation of endothelial cell migration (GO:0010594),0.6879720798430692,2.286503963164922,0.0,0.0,0.0,43/62,22.52%,SMOC2;ANXA3;EMP2;ZNF580;DCN;STC1;THBS1;EDN1;RRAS;PTPRM;RHOJ;GPI;NR2F2;SH3BP1;FOXC2;GRN;ADAMTS9;EGF;APOH;PRCP;BMP4;ETS1;CEACAM1;SLIT2;RIN2;GATA3;PRKD2;TDGF1;BMPER;SPARC;ZC3H12A;APOE;GPLD1;SYNJ2BP;ATOH8;SASH1;ADGRB1;GLUL;ANGPT4;SCARB1;VASH1;EMC10;BCAR1,0.0,2.286503963164922,GO_Biological_Process_2021,positive,2.286503963164922,7,GO_Biological_Process_2021::regulation of endothelial cell migration (GO:0010594) | GO_Biological_Process_2021::positive regulation of endothelial cell migration (GO:0010595) | GO_Biological_Process_2021::positive regulation of epithelial cell migration (GO:0010634) | GO_Biological_Process_2021::negative regulation of endothelial cell migration (GO:0010596) | GO_Biological_Process_2021::negative regulation of epithelial cell migration (GO:0010633) | GO_Biological_Process_2021::negative regulation of endothelial cell proliferation (GO:0001937) | GO_Biological_Process_2021::regulation of vasculogenesis (GO:2001212),0.0004997501249375312,raw q=0; plot uses floor 1/2001
prerank,GO_Biological_Process_2021::glycosaminoglycan catabolic process (GO:0006027),0.7186096488853481,2.270256874601533,0.0,0.0,0.0,37/47,20.67%,LUM;DCN;PRELP;OGN;OMD;FMOD;LYVE1;KERA;VCAN;ACAN;SDC2;HSPG2;BGN;GNS;HPSE2;HYAL2;HYAL1;STAB2;NCAN;IDUA;CSPG4;GPC1;HEXB;GPC6;HEXA;SDC3;GLB1;FUCA1;BCAN;HYAL4;AGRN;GALNS;HGSNAT;NAGLU;CSPG5;ARSB;SGSH,0.0,2.270256874601533,GO_Biological_Process_2021,positive,2.270256874601533,11,GO_Biological_Process_2021::glycosaminoglycan catabolic process (GO:0006027) | GO_Biological_Process_2021::sulfur compound catabolic process (GO:0044273) | GO_Biological_Process_2021::keratan sulfate catabolic process (GO:0042340) | GO_Biological_Process_2021::aminoglycan catabolic process (GO:0006026) | GO_Biological_Process_2021::chondroitin sulfate catabolic process (GO:0030207) | GO_Biological_Process_2021::dermatan sulfate metabolic process (GO:0030205) | GO_Biological_Process_2021::chondroitin sulfate metabolic process (GO:0030204) | GO_Biological_Process_2021::dermatan sulfate biosynthetic process (GO:0030208) | GO_Biological_Process_2021::dermatan sulfate proteoglycan biosynthetic process (GO:0050651) | GO_Biological_Process_2021::hyaluronan catabolic process (GO:0030214) | GO_Biological_Process_2021::chondroitin sulfate biosynthetic process (GO:0030206),0.0004997501249375312,raw q=0; plot uses floor 1/2001
prerank,GO_Biological_Process_2021::positive regulation of phagocytosis (GO:0050766),0.7353474043780786,2.267868889897115,0.0,0.0,0.0,30/39,20.78%,SLC11A1;CD300LF;SIRPG;FPR2;SIRPB1;APOA2;C4B;ABCA7;C4A;GATA2;CLEC7A;C2;FCER1G;TREM2;NCKAP1L;AHSG;APOA1;RAB31;RAB27A;AZU1;SIRPA;STAP1;F2RL1;LMAN2;SFTPD;CYBA;ANO6;DOCK2;PYCARD;IL15RA,0.0,2.267868889897115,GO_Biological_Process_2021,positive,2.267868889897115,5,GO_Biological_Process_2021::positive regulation of phagocytosis (GO:0050766) | GO_Biological_Process_2021::regulation of phagocytosis (GO:0050764) | GO_Biological_Process_2021::positive regulation of transport (GO:0051050) | GO_Biological_Process_2021::positive regulation of cellular process (GO:0048522) | GO_Biological_Process_2021::T cell activation involved in immune response (GO:0002286),0.0004997501249375312,raw q=0; plot uses floor 1/2001
prerank,GO_Biological_Process_2021::regulation of angiogenesis (GO:0045765),0.6158949165627775,2.260430728709586,0.0,0.0,0.0,88/140,21.22%,ECSCR;SMOC2;ANXA3;EMP2;EMILIN1;ECM1;DCN;STAB1;CHI3L1;MYDGF;SERPINF1;PTGIS;GATA2;CLDN5;CXCL13;THBS1;ADM2;CDH5;HRG;RGCC;TWIST1;HSPG2;PF4;ADAMTS1;HSPB6;NINJ1;LEP;HIF1A;HYAL1;RRAS;CD160;SULF1;VASH2;APELA;THBS2;ITGAX;CD34;PTPRM;RHOJ;HMOX1;CTSH;BTG1;ADAM12;CYP1B1;CCR3;GATA4;AQP1;GHRL;GRN;FGF16;SFRP2;HMGA2;APOH;PRL;SPHK1;ANGPTL4;ETS1;CEACAM1;GATA6;XBP1;NPPB;FOXO4;TNFAIP3;AGGF1;HK2;AMOT;PRKD2;ADGRA2;PML;KRT1;PLCG1;BMPER;JUP;RUNX1;SPARC;ZC3H12A;PLXND1;TNMD;YJEFN3;SYNJ2BP;SASH1;ADGRB1;GLUL;RNH1;STAT1;ANGPT4;PIK3R6;FGF18,0.0,2.260430728709586,GO_Biological_Process_2021,positive,2.260430728709586,11,GO_Biological_Process_2021::regulation of angiogenesis (GO:0045765) | GO_Biological_Process_2021::positive regulation of vasculature development (GO:1904018) | GO_Biological_Process_2021::positive regulation of angiogenesis (GO:0045766) | GO_Biological_Process_2021::regulation of endothelial cell proliferation (GO:0001936) | GO_Biological_Process_2021::positive regulation of blood vessel endothelial cell migration (GO:0043536) | GO_Biological_Process_2021::regulation of blood vessel endothelial cell migration (GO:0043535) | GO_Biological_Process_2021::negative regulation of blood vessel morphogenesis (GO:2000181) | GO_Biological_Process_2021::negative regulation of angiogenesis (GO:0016525) | GO_Biological_Process_2021::regulation of endothelial cell apoptotic process (GO:2000351) | GO_Biological_Process_2021::positive regulation of endothelial cell apoptotic process (GO:2000353) | GO_Biological_Process_2021::positive regulation of secretion (GO:0051047),0.0004997501249375312,raw q=0; plot uses floor 1/2001
prerank,GO_Biological_Process_2021::actin polymerization or depolymerization (GO:0008154),0.7165294912728508,2.2582595726183827,0.0,0.0,0.0,34/46,19.86%,FAM107A;TTC17;VIL1;ANG;CAPG;SVIL;AVIL;EVL;SCIN;WAS;DIAPH3;PSTPIP1;AIF1;PSTPIP2;WASF1;WASF3;GHRL;DIAPH1;WDR1;MICALL2;MSRB2;SPIRE2;TWF2;CFL2;GAS7;ENAH;ARHGAP6;FLII;ABI2;MICAL2;CFL1;GSN;DSTN;WASL,0.0,2.2582595726183827,GO_Biological_Process_2021,positive,2.2582595726183827,4,GO_Biological_Process_2021::actin polymerization or depolymerization (GO:0008154) | GO_Biological_Process_2021::actin filament polymerization (GO:0030041) | GO_Biological_Process_2021::protein polymerization (GO:0051258) | GO_Biological_Process_2021::actin filament depolymerization (GO:0030042),0.0004997501249375312,raw q=0; plot uses floor 1/2001
prerank,GO_Biological_Process_2021::vacuolar acidification (GO:0007035),0.8036002444959951,2.214912934515576,0.0,0.0,0.0,19/21,16.51%,SLC11A1;ATP6V0A4;ATP6V0A2;ATP6V0D2;TCIRG1;ATP6V1H;DMXL2;PPT1;CCDC115;CLN5;GRN;CLN3;ATP6V0E2;ATP6AP2;CLN6;ATP6V0A1;ATP6V0E1;TMEM9;ATP6V0D1,0.0,2.214912934515576,GO_Biological_Process_2021,positive,2.214912934515576,2,GO_Biological_Process_2021::vacuolar acidification (GO:0007035) | GO_Biological_Process_2021::regulation of lysosomal lumen pH (GO:0035751),0.0004997501249375312,raw q=0; plot uses floor 1/2001
prerank,GO_Biological_Process_2021::cellular response to type I interferon (GO:0071357),0.6965749374072716,2.213105145726388,0.0,0.0,0.0,36/45,22.99%,MX2;RNASEL;RSAD2;OASL;OAS1;IFITM3;OAS2;XAF1;IFITM1;IFIT1;OAS3;IFI27;IRF4;ISG20;MX1;IFIT3;IRF8;IFIT5;IFIT2;SAMHD1;BST2;IRF5;IFITM2;IRF7;MYD88;IFI6;IRF2;IFI35;IRF9;GBP2;STAT1;HLA-C;IRF6;ISG15;HLA-A;HLA-B,0.0,2.213105145726388,GO_Biological_Process_2021,positive,2.213105145726388,8,GO_Biological_Process_2021::cellular response to type I interferon (GO:0071357) | GO_Biological_Process_2021::type I interferon signaling pathway (GO:0060337) | GO_Biological_Process_2021::defense response to virus (GO:0051607) | GO_Biological_Process_2021::defense response to symbiont (GO:0140546) | GO_Biological_Process_2021::negative regulation of viral genome replication (GO:0045071) | GO_Biological_Process_2021::regulation of viral genome replication (GO:0045069) | GO_Biological_Process_2021::response to interferon-alpha (GO:0035455) | GO_Biological_Process_2021::interleukin-27-mediated signaling pathway (GO:0070106),0.0004997501249375312,raw q=0; plot uses floor 1/2001
prerank,GO_Biological_Process_2021::response to lipopolysaccharide (GO:0032496),0.6199456750090828,2.200155238799898,0.0,0.0,0.0,70/105,21.18%,SLC11A1;CARD17;S100A14;CTSG;LILRB2;LBP;CD180;PTPN22;DEFA4;S100A8;LILRB1;TNFRSF11A;S100A7;CXCL13;CXCL9;PF4V1;GGT5;NLRP7;SBNO2;CXCL1;PF4;SMAD6;GFI1;SLPI;CXCL11;CXCL6;CXCL5;NFKBIL1;TICAM2;TIRAP;TRIB1;S100A9;CXCL3;CX3CR1;TNIP3;CARD16;GGT7;IL36G;PPBP;IL36RN;TNFRSF1B;IL1F10;GCH1;XBP1;PDCD4;IL23R;CXCL2;TNFAIP3;SIRPA;STAP1;MYD88;MEF2C;TRAF6;CD68;MAPKAPK3;IRAK3;RHOA;PRDX3;IL37;ZC3H12A;GGT2;LGALS9;GGT1;CYP27B1;NR1D1;BCL10;PYCARD;TNIP2;IL36B;SCARB1,0.0,2.200155238799898,GO_Biological_Process_2021,positive,2.200155238799898,8,GO_Biological_Process_2021::response to lipopolysaccharide (GO:0032496) | GO_Biological_Process_2021::cellular response to lipopolysaccharide (GO:0071222) | GO_Biological_Process_2021::cellular response to molecule of bacterial origin (GO:0071219) | GO_Biological_Process_2021::response to molecule of bacterial origin (GO:0002237) | GO_Biological_Process_2021::toll-like receptor 4 signaling pathway (GO:0034142) | GO_Biological_Process_2021::response to lipid (GO:0033993) | GO_Biological_Process_2021::peptide catabolic process (GO:0043171) | GO_Biological_Process_2021::cellular response to lipid (GO:0071396),0.0004997501249375312,raw q=0; plot uses floor 1/2001
prerank,GO_Biological_Process_2021::cellular transition metal ion homeostasis (GO:0046916),0.6343883970478073,2.1929343556898058,0.0,0.0,0.0,51/83,22.03%,CYB561A3;SCARA5;SLC11A1;MT1A;SLC40A1;MT1G;CYBRD1;ATP6V0A2;HEPH;MT1M;HEPHL1;MT1H;SLC31A1;LCN2;MT2A;SLC39A14;BMP6;CCDC115;SKP1;ATP6V1A;HMOX1;ACO1;CP;MT1F;FTL;MT1HL1;MYC;MT1E;PRND;MT1X;HFE;SLC11A2;FTH1;ATP7B;ATP6V0D1;ATP6AP1;CUL1;SLC39A5;BOLA2;ATOX1;SLC31A2;ATP6V1G1;SLC46A1;IREB2;TMEM199;NDFIP1;CCDC22;COX19;ATP7A;ABCG2;ALAS2,0.0,2.1929343556898058,GO_Biological_Process_2021,positive,2.1929343556898058,16,GO_Biological_Process_2021::cellular transition metal ion homeostasis (GO:0046916) | GO_Biological_Process_2021::cellular iron ion homeostasis (GO:0006879) | GO_Biological_Process_2021::iron ion homeostasis (GO:0055072) | GO_Biological_Process_2021::cellular response to cadmium ion (GO:0071276) | GO_Biological_Process_2021::response to cadmium ion (GO:0046686) | GO_Biological_Process_2021::response to zinc ion (GO:0010043) | GO_Biological_Process_2021::cellular response to copper ion (GO:0071280) | GO_Biological_Process_2021::response to copper ion (GO:0046688) | GO_Biological_Process_2021::cellular response to zinc ion (GO:0071294) | GO_Biological_Process_2021::copper ion transport (GO:0006825) | GO_Biological_Process_2021::transition metal ion homeostasis (GO:0055076) | GO_Biological_Process_2021::transition metal ion transport (GO:0000041) | GO_Biological_Process_2021::copper ion homeostasis (GO:0055070) | GO_Biological_Process_2021::zinc ion homeostasis (GO:0055069) | GO_Biological_Process_2021::cellular zinc ion homeostasis (GO:0006882) | GO_Biological_Process_2021::cellular copper ion homeostasis (GO:0006878),0.0004997501249375312,raw q=0; plot uses floor 1/2001
prerank,GO_Biological_Process_2021::innate immune response (GO:0045087),0.5766319389359467,2.1838749729645763,0.0,0.0,0.0,117/209,20.49%,SERINC3;CD300E;SLC11A1;RNASE6;CD300LB;S100A12;RARRES2;MFAP4;TREML1;SIGLEC15;SIGLEC14;CLEC5A;SIRPB1;CAMP;CLEC4D;CLEC4E;COLEC12;RNASE2;CFP;PTX3;LBP;ANG;CLEC6A;ZAP70;BPI;CIITA;CORO1A;RPL39;DEFA4;KLRC2;NCF2;MASP1;WFDC2;NCR2;DDX58;FCN2;FCN3;RNASE3;NCF1;S100A7;CLEC7A;VNN1;KLRD1;NRROS;LCN2;OAS1;LTF;SAA1;IGLL5;APOL1;IFITM3;COLEC10;COLEC11;SLPI;APOBEC3G;FCER1G;MEFV;RNASE7;CARD9;IFITM1;IFIT1;TREM2;RNF187;IFI27;CR2;CYBB;FCN1;TYROBP;CRP;IFIH1;RNF39;CX3CR1;MX1;PLA2G1B;PHB;CXCL16;GCH1;APOBEC3A;BST2;RELB;CAPZA1;IL23R;IRF5;CRISP3;PLCG2;B2M;KYNU;IFITM2;IRF7;MYD88;PML;UBD;DEFB1;ZDHHC11;KRT1;PI3;TRIM38;SFTPD;IFNL2;RNF135;RIPK2;IFI6;CYBA;SLA;TBK1;TRIM5;PYDC1;IFNL1;CAPZA2;CYP27B1;PPP1R14B;S100B;BCL10;TRIM62;ZDHHC1;TRIM25;IRAK4,0.0,2.1838749729645763,GO_Biological_Process_2021,positive,2.1838749729645763,9,GO_Biological_Process_2021::innate immune response (GO:0045087) | GO_Biological_Process_2021::defense response to Gram-negative bacterium (GO:0050829) | GO_Biological_Process_2021::defense response to fungus (GO:0050832) | GO_Biological_Process_2021::defense response to Gram-positive bacterium (GO:0050830) | GO_Biological_Process_2021::defense response to bacterium (GO:0042742) | GO_Biological_Process_2021::macrophage activation involved in immune response (GO:0002281) | GO_Biological_Process_2021::antiviral innate immune response (GO:0140374) | GO_Biological_Process_2021::modulation by host of viral process (GO:0044788) | GO_Biological_Process_2021::negative regulation of viral life cycle (GO:1903901),0.0004997501249375312,raw q=0; plot uses floor 1/2001
prerank,GO_Biological_Process_2021::response to cytokine (GO:0034097),0.6091219167159811,2.179208073156291,0.0,0.0,0.0,77/108,25.07%,PID1;SLC11A1;TIMP3;CHI3L1;LAMP3;CIITA;MX2;ADIPOQ;TNFRSF11A;TIMP4;GGT5;PTPN9;IFITM3;CCR7;MEFV;CSF3;HCLS1;XAF1;IFITM1;PTPN6;IRAK2;PTPN5;PTPN7;MX1;SMAD3;NFAT5;DPYSL3;GGT7;IL1RL2;CXCL16;IL1F10;ANXA1;SPHK1;GCH1;EIF2AK2;BST2;RELB;IL23R;NLRP12;PLSCR1;KYNU;IFITM2;IL18BP;MYD88;ITIH4;DDOST;PML;UBD;TRAF6;MAPKAPK3;IRAK3;TIMP2;TIMP1;RHOA;TBK1;LIFR;IL37;GGT2;LGALS9;GGT1;CYP27B1;FOXH1;ASAH2;STAT1;PTPN2;PTPN18;PTPN14;ALDH1A2;ISG15;SIGIRR;FOXA2;ADAM10;TMEM102;REL;ADAR;LEF1;TRIM56,0.0,2.179208073156291,GO_Biological_Process_2021,positive,2.179208073156291,1,GO_Biological_Process_2021::response to cytokine (GO:0034097),0.0004997501249375312,raw q=0; plot uses floor 1/2001
prerank,GO_Biological_Process_2021::regulation of fat cell differentiation (GO:0045598),0.6474070948074867,2.178531725547046,0.0,0.0,0.0,45/67,23.13%,CCDC85B;AAMDC;CCDC71L;ADIRF;WDFY2;MEDAG;LRP3;CMKLR1;RARRES2;ZADH2;ANKRD26;ADIPOQ;ENPP1;GATA2;LPL;SYAP1;ZNF385A;LEP;RUNX1T1;YAP1;FOXO1;CREBL2;SMAD3;FRZB;FERMT2;SFRP2;ZFP36L1;WWTR1;ARNTL;XBP1;CEBPB;GATA3;CDS1;SULT1E1;LRP5;TRIB3;ZC3H12A;NR1D1;GNB3;BMP2;ID2;BBS12;LMO3;ZFP36;NOCT,0.0,2.178531725547046,GO_Biological_Process_2021,positive,2.178531725547046,4,GO_Biological_Process_2021::regulation of fat cell differentiation (GO:0045598) | GO_Biological_Process_2021::positive regulation of cell differentiation (GO:0045597) | GO_Biological_Process_2021::negative regulation of fat cell differentiation (GO:0045599) | GO_Biological_Process_2021::positive regulation of fat cell differentiation (GO:0045600),0.0004997501249375312,raw q=0; plot uses floor 1/2001
prerank,GO_Biological_Process_2021::positive regulation of protein kinase B signaling (GO:0051897),0.6241797899702783,2.173300023134367,0.0,0.0,0.0,50/84,21.22%,CPNE1;CHI3L1;GDF15;MYDGF;MYOC;F7;CCL21;THBS1;CCL19;RASD2;CCR7;TRAT1;CSF3;ADAM8;HCLS1;LEP;VAV1;CX3CR1;TNFAIP8L3;FERMT2;FGF20;FGF17;RAC2;FGF16;EGF;PHB;FGF8;OSM;FGF7;KITLG;EPGN;OSBPL8;C1QBP;GATA3;FGF10;IAPP;AREG;FGF9;KL;CCL3;BTC;TRIB3;PIK3AP1;CASS4;FGF19;IL26;IRS2;RHOG;THPO;FGF18,0.0,2.173300023134367,GO_Biological_Process_2021,positive,2.173300023134367,4,GO_Biological_Process_2021::positive regulation of protein kinase B signaling (GO:0051897) | GO_Biological_Process_2021::regulation of protein kinase B signaling (GO:0051896) | GO_Biological_Process_2021::positive regulation of intracellular signal transduction (GO:1902533) | GO_Biological_Process_2021::positive regulation of neutrophil migration (GO:1902624),0.0004997501249375312,raw q=0; plot uses floor 1/2001
prerank,GO_Biological_Process_2021::toll-like receptor signaling pathway (GO:0002224),0.6561105830088254,2.1732849483331504,0.0,0.0,0.0,40/61,21.12%,RFTN1;TRIL;S100A14;COLEC12;LBP;LGMN;TLR10;TLR6;S100A8;OAS1;SCIMP;IRAK2;TICAM2;CTSL;TIRAP;TLR1;S100A9;TNIP3;CD36;CNPY3;CTSB;S100A1;PLCG2;UBE2D1;MYD88;TRAF6;SFTPD;UNC93B1;RIPK2;MAPKAPK3;IRAK3;HSPD1;PIK3AP1;LGALS9;BCL10;UBB;IRAK4;TRAF3;TNIP2;TNIP1,0.0,2.1732849483331504,GO_Biological_Process_2021,positive,2.1732849483331504,2,GO_Biological_Process_2021::toll-like receptor signaling pathway (GO:0002224) | GO_Biological_Process_2021::pattern recognition receptor signaling pathway (GO:0002221),0.0004997501249375312,raw q=0; plot uses floor 1/2001
prerank,GO_Biological_Process_2021::positive regulation of peptidyl-tyrosine phosphorylation (GO:0050731),0.6489095209036144,2.172637819534572,0.0,0.0,0.0,42/67,20.66%,CLEC6A;PIBF1;LILRA5;CCL5;GH1;IL2;CSF3;GATA1;HCLS1;TREM2;IL34;EPO;PARP9;BMP6;CSPG4;NEDD9;LIF;PARP14;STAP2;OSM;VTN;FGF7;IL23R;PLCG2;FGF10;CNTF;TDGF1;PECAM1;RIPK2;LRP8;IL11;NTF3;BANK1;ARL2BP;IL3;DLG4;PTPN1;IFNL1;CASS4;EFNA5;RELN;ANGPT4,0.0,2.172637819534572,GO_Biological_Process_2021,positive,2.172637819534572,7,GO_Biological_Process_2021::positive regulation of peptidyl-tyrosine phosphorylation (GO:0050731) | GO_Biological_Process_2021::regulation of peptidyl-tyrosine phosphorylation (GO:0050730) | GO_Biological_Process_2021::positive regulation of tyrosine phosphorylation of STAT protein (GO:0042531) | GO_Biological_Process_2021::regulation of tyrosine phosphorylation of STAT protein (GO:0042509) | GO_Biological_Process_2021::regulation of protein tyrosine kinase activity (GO:0061097) | GO_Biological_Process_2021::positive regulation of protein phosphorylation (GO:0001934) | GO_Biological_Process_2021::positive regulation of protein tyrosine kinase activity (GO:0061098),0.0004997501249375312,raw q=0; plot uses floor 1/2001
prerank,GO_Biological_Process_2021::myeloid leukocyte differentiation (GO:0002573),0.6897750381157494,2.166992579084372,0.0,5.259972530736413e-06,0.0005,33/45,21.04%,DCSTAMP;MT1G;PRTN3;OSCAR;SNX10;BATF;TNFRSF11A;BATF2;CEBPE;CCL19;BATF3;SBNO2;CCR7;DHRS2;CSF3;TREM2;TYROBP;CBFA2T3;OSTM1;MYH9;BMP4;TGFBR2;F2RL1;PML;UBD;CEBPA;SPI1;RUNX1;LGALS9;GPR183;CAMK4;CDKN1A;CDC42,5.259972530736413e-06,2.166992579084372,GO_Biological_Process_2021,positive,2.166992579084372,6,GO_Biological_Process_2021::myeloid leukocyte differentiation (GO:0002573) | GO_Biological_Process_2021::dendritic cell differentiation (GO:0097028) | GO_Biological_Process_2021::osteoclast differentiation (GO:0030316) | GO_Biological_Process_2021::myeloid dendritic cell activation (GO:0001773) | GO_Biological_Process_2021::positive regulation of myeloid leukocyte mediated immunity (GO:0002888) | GO_Biological_Process_2021::mononuclear cell differentiation (GO:1903131),0.0004997501249375312,raw q retained
prerank,GO_Biological_Process_2021::positive regulation of cell adhesion (GO:0045785),0.6579976612197015,2.168013355390725,0.0,5.316531375152933e-06,0.0005,31/58,15.74%,SIRPG;VIT;FBLN2;TGM2;CCL21;CCL5;PPM1F;RAC3;SAA1;CCR7;IBSP;ADAM8;TPM1;RSU1;HYAL1;NCKAP1L;ECM2;ALOX15;CHRD;RHOD;STX3;NPNT;LIF;FOXC2;LIMS1;SFRP2;NDNF;PRSS2;C1QBP;AZU1;PRKD2,5.316531375152933e-06,2.168013355390725,GO_Biological_Process_2021,positive,2.168013355390725,4,GO_Biological_Process_2021::positive regulation of cell adhesion (GO:0045785) | GO_Biological_Process_2021::regulation of cell adhesion (GO:0030155) | GO_Biological_Process_2021::regulation of cell adhesion mediated by integrin (GO:0033628) | GO_Biological_Process_2021::positive regulation of cell adhesion mediated by integrin (GO:0033630),0.0004997501249375312,raw q retained
prerank,GO_Biological_Process_2021::Fc receptor mediated stimulatory signaling pathway (GO:0002431),0.6715823578816265,2.1455225379004057,0.0,9.156248479430052e-06,0.001,36/48,24.11%,CD247;MYO1G;VAV2;NR4A3;WAS;WIPF3;FCER1G;CYFIP2;BAIAP2;NCKAP1L;CYFIP1;VAV1;MYO1C;WIPF1;NCKAP1;PAK1;NCK1;PLCG2;FCGR2A;VAV3;PLCG1;ACTR2;BRK1;LIMK1;WASL;WIPF2;CDC42;ABI1;ARPC1B;ARPC2;PLA2G6;NCKIPSD;ELMO1;WASF2;CRK;ACTR3,9.156248479430052e-06,2.1455225379004057,GO_Biological_Process_2021,positive,2.1455225379004057,3,GO_Biological_Process_2021::Fc receptor mediated stimulatory signaling pathway (GO:0002431) | GO_Biological_Process_2021::Fc-gamma receptor signaling pathway (GO:0038094) | GO_Biological_Process_2021::Fc-gamma receptor signaling pathway involved in phagocytosis (GO:0038096),0.0004997501249375312,raw q retained
prerank,GO_Biological_Process_2021::muscle filament sliding (GO:0030049),0.7610548819605895,2.147577961897721,0.0,9.329007884702318e-06,0.001,19/25,17.01%,DES;TPM2;ACTC1;MYL3;TNNI1;NEB;TNNT3;TPM1;MYL4;MYBPC1;ACTA1;TNNC2;MYBPC2;TTN;TNNT1;ACTN3;MYH3;MYL6B;MYL6,9.329007884702318e-06,2.147577961897721,GO_Biological_Process_2021,positive,2.147577961897721,3,GO_Biological_Process_2021::muscle filament sliding (GO:0030049) | GO_Biological_Process_2021::actin-myosin filament sliding (GO:0033275) | GO_Biological_Process_2021::muscle contraction (GO:0006936),0.0004997501249375312,raw q retained
prerank,GO_Biological_Process_2021::carbohydrate catabolic process (GO:0016052),0.7155934071199687,2.149381728274738,0.0,9.600726560955784e-06,0.001,30/35,25.28%,PFKM;PGAM2;NAGA;HKDC1;GCK;MAN2B1;HK3;GPI;MANBA;NEU4;PFKL;HK2;NEU1;ENO4;ALDOB;ALDOC;MAN2B2;PGAM1;NEU3;ALDOA;GAPDH;HK1;MAN2C1;PKM;ENO3;PGM1;PGK1;PFKFB2;DERA;GAPDHS,9.600726560955784e-06,2.149381728274738,GO_Biological_Process_2021,positive,2.149381728274738,6,GO_Biological_Process_2021::carbohydrate catabolic process (GO:0016052) | GO_Biological_Process_2021::glycolytic process (GO:0006096) | GO_Biological_Process_2021::pyruvate metabolic process (GO:0006090) | GO_Biological_Process_2021::glycolytic process through glucose-6-phosphate (GO:0061620) | GO_Biological_Process_2021::canonical glycolysis (GO:0061621) | GO_Biological_Process_2021::glucose catabolic process to pyruvate (GO:0061718),0.0004997501249375312,raw q retained
prerank,GO_Biological_Process_2021::positive regulation of cell-substrate adhesion (GO:0010811),0.6738212179289995,2.1623975258817043,0.0,1.030077953935881e-05,0.001,31/51,21.04%,EMP2;LIMS2;VIT;FBLN2;MYOC;MYADM;CCL21;DMTN;PPM1F;RAC3;CCR7;CCL25;RSU1;SKAP1;ECM2;ALOX15;NPNT;CD36;NEDD9;FERMT2;APOA1;LIMS1;NDNF;C1QBP;ILK;OLFM4;S100A10;JUP;CASS4;CSPG5;CDC42,1.030077953935881e-05,2.1623975258817043,GO_Biological_Process_2021,positive,2.1623975258817043,6,GO_Biological_Process_2021::positive regulation of cell-substrate adhesion (GO:0010811) | GO_Biological_Process_2021::regulation of substrate adhesion-dependent cell spreading (GO:1900024) | GO_Biological_Process_2021::positive regulation of cell-matrix adhesion (GO:0001954) | GO_Biological_Process_2021::positive regulation of substrate adhesion-dependent cell spreading (GO:1900026) | GO_Biological_Process_2021::regulation of cell-substrate adhesion (GO:0010810) | GO_Biological_Process_2021::positive regulation of focal adhesion assembly (GO:0051894),0.0004997501249375312,raw q retained
prerank,"GO_Biological_Process_2021::maturation of SSU-rRNA from tricistronic rRNA transcript (SSU-rRNA, 5.8S rRNA, LSU-rRNA) (GO:0000462)",-0.6945083185397821,-2.354957634598298,0.0,1.16583629672829e-05,0.001,20/26,18.06%,NOP9;RRP36;TSR1;RRS1;KRI1;TBL3;HEATR1;UTP4;NOP14;BMS1;DHX37;MRPS11;TSR2;UTP6;UTP20;NGDN;UTP3;WDR46;DCAF13;NOL10,1.16583629672829e-05,-2.354957634598298,GO_Biological_Process_2021,negative,2.354957634598298,2,"GO_Biological_Process_2021::maturation of SSU-rRNA from tricistronic rRNA transcript (SSU-rRNA, 5.8S rRNA, LSU-rRNA) (GO:0000462) | GO_Biological_Process_2021::maturation of SSU-rRNA (GO:0030490)",0.0004997501249375312,raw q retained
prerank,GO_Biological_Process_2021::homologous chromosome pairing at meiosis (GO:0007129),-0.7274580451580824,-2.36810775734628,0.0,1.192948768745227e-05,0.001,13/22,9.14%,SYCE1;TEX12;HORMAD1;SYCP2;SYCE3;TEX11;SYCE2;ANKRD31;MEIOB;STAG3;TRIP13;RNF212;RAD21,1.192948768745227e-05,-2.36810775734628,GO_Biological_Process_2021,negative,2.36810775734628,3,GO_Biological_Process_2021::homologous chromosome pairing at meiosis (GO:0007129) | GO_Biological_Process_2021::synaptonemal complex assembly (GO:0007130) | GO_Biological_Process_2021::synaptonemal complex organization (GO:0070193),0.0004997501249375312,raw q retained
prerank,GO_Biological_Process_2021::mitotic spindle assembly (GO:0090307),-0.6345052551649164,-2.368513531852796,0.0,1.2069834601422296e-05,0.001,23/36,19.27%,PRC1;KIF4B;KIF4A;CEP192;KIF3B;TPX2;KIFC2;SMC3;RACGAP1;STAG1;AURKC;SMC1A;CLASP1;BCCIP;CCDC61;STAG2;AAAS;KIF2A;KIFC1;WRAP73;CLASP2;OFD1;KIF23,1.2069834601422296e-05,-2.368513531852796,GO_Biological_Process_2021,negative,2.368513531852796,2,GO_Biological_Process_2021::mitotic spindle assembly (GO:0090307) | GO_Biological_Process_2021::spindle assembly (GO:0051225),0.0004997501249375312,raw q retained
prerank,GO_Biological_Process_2021::regulation of interferon-gamma production (GO:0032649),0.6568768270216804,2.132086001897901,0.0,1.7658479210329387e-05,0.002,43/51,26.49%,SLC11A1;LGALS7;LILRB4;PTPN22;LAPTM5;LILRB1;HLA-DPB1;CLEC7A;HLA-DPA1;CCR7;LGALS9B;FOXP3;SLAMF6;XCL1;IL36RN;CEBPG;C1QBP;IL23R;LGALS9C;CD226;SIRPA;F2RL1;IL12RB1;RASGRP1;BTN3A2;HSPD1;EBI3;ZC3H12A;LGALS9;IL12RB2;IFNL1;TXK;INHA;PYCARD;SLC7A5;ISG15;HLA-A;FADD;RIPK3;DDIT3;IL27;CD244;BTN3A1,1.7658479210329387e-05,2.132086001897901,GO_Biological_Process_2021,positive,2.132086001897901,5,GO_Biological_Process_2021::regulation of interferon-gamma production (GO:0032649) | GO_Biological_Process_2021::negative regulation of interferon-gamma production (GO:0032689) | GO_Biological_Process_2021::positive regulation of interferon-gamma production (GO:0032729) | GO_Biological_Process_2021::negative regulation of cytokine production involved in immune response (GO:0002719) | GO_Biological_Process_2021::regulation of activated T cell proliferation (GO:0046006),0.0004997501249375312,raw q retained
prerank,GO_Biological_Process_2021::snRNA 3'-end processing (GO:0034472),-0.7440382002853119,-2.3237606497717165,0.0,2.1153318373626703e-05,0.002,14/20,15.98%,SAGE1;INTS7;INTS1;EXOSC2;INTS12;EXOSC9;EXOSC4;EXOSC5;EXOSC3;EXOSC7;INTS2;USB1;EXOSC8;TOE1,2.1153318373626703e-05,-2.3237606497717165,GO_Biological_Process_2021,negative,2.3237606497717165,6,"GO_Biological_Process_2021::snRNA 3'-end processing (GO:0034472) | GO_Biological_Process_2021::sno(s)RNA 3'-end processing (GO:0031126) | GO_Biological_Process_2021::ncRNA catabolic process (GO:0034661) | GO_Biological_Process_2021::ncRNA 3'-end processing (GO:0043628) | GO_Biological_Process_2021::nuclear-transcribed mRNA catabolic process, exonucleolytic (GO:0000291) | GO_Biological_Process_2021::exonucleolytic catabolism of deadenylated mRNA (GO:0043928)",0.0004997501249375312,raw q retained
prerank,GO_Biological_Process_2021::DNA modification (GO:0006304),-0.7189727998634848,-2.329123290128087,0.0,2.1598651392018845e-05,0.002,16/21,20.40%,MUTYH;OGG1;POT1;SMUG1;EXOSC4;EXOSC5;EXOSC3;TERF2;NTHL1;TDG;MBD4;MPG;ACD;NEIL3;UNG;TERF2IP,2.1598651392018845e-05,-2.329123290128087,GO_Biological_Process_2021,negative,2.329123290128087,3,"GO_Biological_Process_2021::DNA modification (GO:0006304) | GO_Biological_Process_2021::base-excision repair, AP site formation (GO:0006285) | GO_Biological_Process_2021::depurination (GO:0045007)",0.0004997501249375312,raw q retained
prerank,GO_Biological_Process_2021::intraciliary transport involved in cilium assembly (GO:0035735),-0.6108331108144421,-2.311101670140342,0.0,2.539445398814097e-05,0.0025,20/38,14.72%,KIF3B;IFT27;IFT81;TTC30B;IFT46;TTC21B;IFT43;IFT52;CEP131;WDR19;IFT22;KIF3A;CLUAP1;IFT88;IFT74;IFT20;HSPB11;PCM1;IFT172;KIF3C,2.539445398814097e-05,-2.311101670140342,GO_Biological_Process_2021,negative,2.311101670140342,1,GO_Biological_Process_2021::intraciliary transport involved in cilium assembly (GO:0035735),0.0004997501249375312,raw q retained
prerank,GO_Biological_Process_2021::regulation of small GTPase mediated signal transduction (GO:0051056),0.5838016170989636,2.1227055256657565,0.0,4.225960836660024e-05,0.005,73/134,21.80%,ARHGAP25;ARHGAP18;FGD2;CHN2;SYDE1;ARHGDIB;ARHGAP30;ARHGEF17;ARHGAP15;ABR;FAM13B;TGM2;ARHGAP29;VAV2;RAC3;TAGAP;ARHGEF6;RHOH;ARAP3;ARHGAP9;NET1;VAV1;TRIP10;CD2AP;RHOJ;RHOD;ARHGEF19;SH3BP1;ARHGAP4;ARHGAP19;RAC2;KALRN;DEPDC7;FGD1;ARHGAP10;PLEKHG5;RHOF;SLIT2;ARHGEF16;ARHGEF1;GMIP;ARHGAP6;ITSN1;DLC1;ARHGEF5;GNA13;VAV3;CGNL1;RHOQ;STARD8;FGD3;RHOA;ARHGAP31;ARHGAP12;ARHGAP44;ARHGAP26;RHOC;FAM13A;OPHN1;ARHGAP20;ARAP1;NUP62;ARAP2;RELN;NGEF;RHOG;PLCE1;CDC42;ARHGAP24;ARHGEF26;SOS1;PLEKHG2;MCF2,4.225960836660024e-05,2.1227055256657565,GO_Biological_Process_2021,positive,2.1227055256657565,1,GO_Biological_Process_2021::regulation of small GTPase mediated signal transduction (GO:0051056),0.0004997501249375312,raw q retained
prerank,GO_Biological_Process_2021::regulation of DNA recombination (GO:0000018),-0.6669544187251338,-2.286039932100902,0.0,5.918861198774395e-05,0.005,18/27,11.93%,MSH6;SMARCAD1;FIGNL1;MSH3;RAD50;KPNA1;RPA2;SUPT6H;SPIDR;MSH2;SIRT6;USP51;KPNA2;BLM;SETD2;ZRANB3;ZNF365;RAD51AP1,5.918861198774395e-05,-2.286039932100902,GO_Biological_Process_2021,negative,2.286039932100902,2,GO_Biological_Process_2021::regulation of DNA recombination (GO:0000018) | GO_Biological_Process_2021::negative regulation of DNA metabolic process (GO:0051053),0.0004997501249375312,raw q retained
prerank,GO_Biological_Process_2021::regulation of actin cytoskeleton organization (GO:0032956),0.6225803005453497,2.11440114888792,0.0,6.180467723615285e-05,0.007,43/72,21.17%,FAM107A;ARHGAP18;SIGLEC15;ARHGDIB;CORO1A;DMTN;NEB;RAC3;HRG;ABI3;RND3;RHOH;BAIAP2;RHOD;PAK1;ARHGEF19;SH3BP1;RAC2;ESAM;PAK3;F11R;RHOF;TWF2;BST2;IQGAP3;DLC1;ARHGEF5;ABL2;RHOQ;TAOK2;RHOA;ARHGAP44;BST1;GRHL3;RHOC;EPS8;RND1;EFNA5;EZR;DAPK3;RHOG;TRPM2;IQGAP2,6.180467723615285e-05,2.11440114888792,GO_Biological_Process_2021,positive,2.11440114888792,5,GO_Biological_Process_2021::regulation of actin cytoskeleton organization (GO:0032956) | GO_Biological_Process_2021::regulation of actin filament-based process (GO:0032970) | GO_Biological_Process_2021::regulation of actin cytoskeleton reorganization (GO:2000249) | GO_Biological_Process_2021::regulation of cytoskeleton organization (GO:0051493) | GO_Biological_Process_2021::cortical cytoskeleton organization (GO:0030865),0.0004997501249375312,raw q retained
prerank,GO_Biological_Process_2021::cell-matrix adhesion (GO:0007160),0.6097547572563566,2.1061807405454527,0.0,7.235669530086187e-05,0.008,45/77,19.79%,THSD1;EMP2;EMILIN1;FBLN5;LYVE1;SIGLEC1;ITGBL1;VCL;CCL21;BCAM;THY1;NID2;ADAMTS12;SORBS1;VCAM1;COL13A1;FERMT1;CD96;ZYX;ECM2;PARVG;CD34;RHOD;NPNT;MADCAM1;THBS3;FERMT2;TNN;ITGA11;COL17A1;ADAMTS9;VTN;ACTN3;CTTN;ILK;ITGA8;DLC1;ITGB7;ITGA1;TAOK2;ACTN1;FERMT3;ITGA3;LYPD3;ITGA10,7.235669530086187e-05,2.1061807405454527,GO_Biological_Process_2021,positive,2.1061807405454527,3,GO_Biological_Process_2021::cell-matrix adhesion (GO:0007160) | GO_Biological_Process_2021::cell-substrate junction assembly (GO:0007044) | GO_Biological_Process_2021::focal adhesion assembly (GO:0048041),0.0004997501249375312,raw q retained
prerank,GO_Biological_Process_2021::regulation of NIK/NF-kappaB signaling (GO:1901222),0.6520518561087862,2.105284802210655,0.0,7.57605720959293e-05,0.0085,31/51,20.57%,C1QTNF3;TSPAN6;UACA;CPNE1;PTPN22;TMSB4X;LAPTM5;CCL19;NFAT5;LIME1;LIMS1;PHB;SPHK1;EIF2AK2;PDCD4;BCL3;NLRP12;ILK;NLRC3;ACTN4;TRAF6;SPI1;RHOA;IFI35;PTP4A3;ZC3H12A;LGALS9;BMP7;SASH1;NOD1;EZR,7.57605720959293e-05,2.105284802210655,GO_Biological_Process_2021,positive,2.105284802210655,3,GO_Biological_Process_2021::regulation of NIK/NF-kappaB signaling (GO:1901222) | GO_Biological_Process_2021::positive regulation of NIK/NF-kappaB signaling (GO:1901224) | GO_Biological_Process_2021::negative regulation of NIK/NF-kappaB signaling (GO:1901223),0.0004997501249375312,raw q retained
prerank,GO_Biological_Process_2021::macrophage activation (GO:0042116),0.799423429211574,2.102910615329102,0.0,7.78641602975154e-05,0.009,16/19,17.89%,TMEM106A;SLC11A1;CD93;FPR2;LBP;FER1L5;DYSF;SBNO2;AIF1;TREM2;TLR1;C1QA;PLCG2;EDN2;AZU1;IFI35,7.78641602975154e-05,2.102910615329102,GO_Biological_Process_2021,positive,2.102910615329102,1,GO_Biological_Process_2021::macrophage activation (GO:0042116),0.0004997501249375312,raw q retained
prerank,GO_Biological_Process_2021::negative regulation of proteolysis (GO:0045861),0.7163468287096191,2.1031028982774327,0.0,7.848212982368617e-05,0.009,22/31,19.07%,CST4;ECM1;CST7;TIMP3;KNG1;CSTA;CST3;SERPINB3;TIMP4;NLRP7;CHAC1;SERPINB4;EPPIN;CLN8;TMEM59;CLN3;SERPINE2;PTPN3;SNX12;TIMP2;TIMP1;CSTB,7.848212982368617e-05,2.1031028982774327,GO_Biological_Process_2021,positive,2.1031028982774327,4,GO_Biological_Process_2021::negative regulation of proteolysis (GO:0045861) | GO_Biological_Process_2021::regulation of peptidase activity (GO:0052547) | GO_Biological_Process_2021::negative regulation of peptidase activity (GO:0010466) | GO_Biological_Process_2021::negative regulation of protein processing (GO:0010955),0.0004997501249375312,raw q retained
prerank,GO_Biological_Process_2021::regulation of MAP kinase activity (GO:0043405),0.6307479591269941,2.1002273726297576,0.0,8.498143119971017e-05,0.01,39/64,23.12%,S100A12;CD300A;ADIPOQ;CAV3;GH1;ADAM8;HYAL2;EDN1;IL34;TRIB1;NEK10;SPRY1;LIME1;FGF16;EGF;BMP4;CD24;EPGN;DUSP1;IRAK3;RASGRP1;TRIB3;PTPN1;DIRAS1;SPRY4;ROBO1;EDN3;BMP7;APOE;CBLC;PAQR3;GBA;SH2B3;SORL1;PIK3R6;FGF18;LRRK2;RGS14;PDGFD,8.498143119971017e-05,2.1002273726297576,GO_Biological_Process_2021,positive,2.1002273726297576,4,GO_Biological_Process_2021::regulation of MAP kinase activity (GO:0043405) | GO_Biological_Process_2021::negative regulation of MAP kinase activity (GO:0043407) | GO_Biological_Process_2021::positive regulation of MAP kinase activity (GO:0043406) | GO_Biological_Process_2021::negative regulation of protein serine/threonine kinase activity (GO:0071901),0.0004997501249375312,raw q retained
prerank,GO_Biological_Process_2021::neuron differentiation (GO:0030182),-0.4797838288862536,-2.269054335710724,0.0,8.710776858573637e-05,0.0075,53/138,14.01%,MYT1L;LHX8;PTPRD;NLGN4X;FUT9;ATOH7;PBX4;MYEF2;WNT7B;OTP;IRX5;NEUROG3;WNT9A;NEUROG2;WNT10A;SOX11;WNT2B;IRX6;WNT10B;SPINK5;WNT16;IRX3;NGRN;OTX2;VAX1;WNT6;EMX1;IRX1;RYK;WNT5B;OLIG1;FOXN4;WNT7A;PBX3;EN1;POU3F2;NRBP2;ERCC3;EMX2;WNT3;IL1RAPL1;ADNP2;BRSK2;FZD3;INSM2;HS6ST1;CDNF;WNT4;ANOS1;ATP8A2;SHH;EN2;NIF3L1,8.710776858573637e-05,-2.269054335710724,GO_Biological_Process_2021,negative,2.269054335710724,4,GO_Biological_Process_2021::neuron differentiation (GO:0030182) | GO_Biological_Process_2021::generation of neurons (GO:0048699) | GO_Biological_Process_2021::neuron fate commitment (GO:0048663) | GO_Biological_Process_2021::canonical Wnt signaling pathway (GO:0060070),0.0004997501249375312,raw q retained
prerank,GO_Biological_Process_2021::interferon-gamma-mediated signaling pathway (GO:0060333),0.6465195910388335,2.096991992314253,0.0,8.815550861590795e-05,0.0105,35/52,22.99%,IFI30;HLA-DQB2;CIITA;HLA-DPB1;OASL;HLA-DPA1;OAS1;HLA-DQA2;OAS2;HLA-DQB1;OAS3;HLA-DQA1;VCAM1;IRF4;HLA-DRA;MT2A;GBP1;IRF8;IRF5;B2M;IRF7;PML;TRIM38;IRF2;TRIM5;IRF9;GBP2;TRIM62;TRIM25;STAT1;HLA-C;IRF6;TRIM22;HLA-A;HLA-B,8.815550861590795e-05,2.096991992314253,GO_Biological_Process_2021,positive,2.096991992314253,1,GO_Biological_Process_2021::interferon-gamma-mediated signaling pathway (GO:0060333),0.0004997501249375312,raw q retained
prerank,GO_Biological_Process_2021::proteolysis (GO:0006508),0.5472265671701123,2.091320803213546,0.0,9.593561839641636e-05,0.012,106/217,20.20%,HTRA3;AEBP1;CPQ;CPXM1;CPXM2;CTSE;TPSD1;TINAGL1;MMP19;CPA4;SPPL2A;MMP23B;CPNE1;CTSG;TPSB2;RSPRY1;SRGN;TPSAB1;CPA3;LCN1;SPPL3;PRTN3;PRSS21;CAPN9;ADAMTS7;F7;LGMN;OLR1;CPA2;PROC;CPB2;WFDC2;CTSV;ADAMTS3;CELA1;ACAN;CTSZ;BMP1;SPCS3;MMP25;RNPEPL1;GGT5;CPM;CAPN6;MMP16;RNPEP;ADAMTS12;KLK4;CAPN11;CTSW;CAPN14;CTSF;CAPN5;PRSS1;MMP15;CAPN1;TMPRSS2;DESI2;CTSA;CTSL;VASH2;CTSO;GZMA;PRSS3;GZMB;PAPPA2;CTSH;MMP17;CLN3;CTSB;ADAMTS9;CPA1;PRCP;SPCS1;CTRL;MMP24;ADAM19;CAPN15;PRSS2;HGFAC;CTSD;FAM111A;FURIN;AZU1;ADAM33;LACTB;UBD;CAPN8;SPPL2B;PRSS57;LRP8;PHEX;PRSS56;BACE2;CPE;TMPRSS4;PIP;CTRB2;GGT1;CAPN2;PCSK7;MMEL1;CAPN10;DPP7;HABP2;TMPRSS11E,9.593561839641636e-05,2.091320803213546,GO_Biological_Process_2021,positive,2.091320803213546,5,GO_Biological_Process_2021::proteolysis (GO:0006508) | GO_Biological_Process_2021::cellular protein catabolic process (GO:0044257) | GO_Biological_Process_2021::protein processing (GO:0016485) | GO_Biological_Process_2021::membrane protein ectodomain proteolysis (GO:0006509) | GO_Biological_Process_2021::protein maturation (GO:0051604),0.0004997501249375312,raw q retained
prerank,GO_Biological_Process_2021::motile cilium assembly (GO:0044458),-0.8629216344588888,-2.255861752862228,0.0,9.98698703746004e-05,0.0095,7/10,9.66%,DNAAF3;CCDC39;CCDC40;DNAAF1;ZMYND10;SPATA6;BBS5,9.98698703746004e-05,-2.255861752862228,GO_Biological_Process_2021,negative,2.255861752862228,4,GO_Biological_Process_2021::motile cilium assembly (GO:0044458) | GO_Biological_Process_2021::determination of heart left/right asymmetry (GO:0061371) | GO_Biological_Process_2021::embryonic heart tube morphogenesis (GO:0003143) | GO_Biological_Process_2021::heart looping (GO:0001947),0.0004997501249375312,raw q retained
prerank,GO_Biological_Process_2021::vascular endothelial growth factor receptor signaling pathway (GO:0048010),0.6844207278236913,2.089343868353626,0.0,0.0001025499829696,0.013,31/39,26.25%,CLEC14A;NCF2;VAV2;NCF1;PXN;NCF4;CYFIP2;BAIAP2;NCKAP1L;CYFIP1;CYBB;SULF1;VAV1;NCKAP1;NCK1;NCK2;PRKD2;VAV3;CYBA;MAPKAPK3;RHOA;BRK1;CDC42;ABI1;BCAR1;ELMO1;WASF2;CRK;NRP2;SH2D2A;ELMO2,0.0001025499829696,2.089343868353626,GO_Biological_Process_2021,positive,2.089343868353626,2,GO_Biological_Process_2021::vascular endothelial growth factor receptor signaling pathway (GO:0048010) | GO_Biological_Process_2021::superoxide anion generation (GO:0042554),0.0004997501249375312,raw q retained
prerank,GO_Biological_Process_2021::cell chemotaxis (GO:0060326),0.6737721998076049,2.0881341666757542,0.0,0.0001046619351736,0.0135,31/40,22.52%,PARVA;CCL21;CCR7;DEFB4A;CCL25;CXCR3;CX3CR1;CCL20;EGR3;XCR1;HOXB9;CCR3;ACKR4;CCR8;CCR10;PLEKHG5;CCR6;CXCR6;CXCR5;ARRB2;ARHGEF16;AZU1;BIN2;RAB13;CORO1B;CCRL2;ACKR2;ACKR3;RHOG;NR4A1;BCAR1,0.0001046619351736,2.0881341666757542,GO_Biological_Process_2021,positive,2.0881341666757542,2,GO_Biological_Process_2021::cell chemotaxis (GO:0060326) | GO_Biological_Process_2021::calcium-mediated signaling (GO:0019722),0.0004997501249375312,raw q retained
prerank,GO_Biological_Process_2021::negative regulation of blood coagulation (GO:0030195),0.7745584252939198,2.088532220763177,0.0,0.0001054315082263,0.0135,18/20,18.84%,ADTRP;F7;PROC;PLAUR;CPB2;KNG1;SERPINB2;SERPINF2;HRG;EDN1;CD34;APOH;SERPINE2;VTN;GP1BA;THBD;KRT1;APOE,0.0001054315082263,2.088532220763177,GO_Biological_Process_2021,positive,2.088532220763177,5,GO_Biological_Process_2021::negative regulation of blood coagulation (GO:0030195) | GO_Biological_Process_2021::regulation of blood coagulation (GO:0030193) | GO_Biological_Process_2021::negative regulation of coagulation (GO:0050819) | GO_Biological_Process_2021::negative regulation of hemostasis (GO:1900047) | GO_Biological_Process_2021::negative regulation of wound healing (GO:0061045),0.0004997501249375312,raw q retained
prerank,GO_Biological_Process_2021::actin filament organization (GO:0007015),0.571500447934847,2.0870703470322445,0.0,0.0001074863951933,0.0135,87/140,23.40%,ARHGAP25;EMP2;GAS2L3;VIL1;LMOD1;CAPG;TPM2;CORO1A;SVIL;ACTC1;CORO6;AVIL;MYO1G;SAMD14;EVL;SHROOM4;DBN1;SCIN;TMOD4;WAS;DMTN;NEB;RAC3;FHOD3;MYO5C;RND3;RHOH;TPM1;AIF1;PLS3;MYO1F;BAIAP2;LCP1;ACTA1;BAIAP2L2;MYO1C;CD2AP;RHOD;SH3BP1;NEDD9;CORO1C;DPYSL3;RAC2;GHRL;TTN;SHROOM3;MYO7A;PLA2G1B;SPIRE2;RHOF;MYO1B;TMOD3;SHROOM1;BAIAP2L1;PLS1;ENAH;MYO5B;MYO1A;MCU;FLII;XIRP1;CGNL1;SPTA1;CORO1B;ABI2;MYO15A;ACTN1;RHOA;ARHGAP12;RHOC;GSN;EPS8;CASS4;DSTN;RND1;WASL;PPP1R9B;RHOG;TCAP;CDC42;ABI1;ALDOA;NEBL;BCAR1;TMOD1;ELMO1;ELMO3,0.0001074863951933,2.0870703470322445,GO_Biological_Process_2021,positive,2.0870703470322445,7,GO_Biological_Process_2021::actin filament organization (GO:0007015) | GO_Biological_Process_2021::actin filament bundle assembly (GO:0051017) | GO_Biological_Process_2021::actin filament bundle organization (GO:0061572) | GO_Biological_Process_2021::supramolecular fiber organization (GO:0097435) | GO_Biological_Process_2021::regulation of lamellipodium organization (GO:1902743) | GO_Biological_Process_2021::cell projection assembly (GO:0030031) | GO_Biological_Process_2021::Rac protein signal transduction (GO:0016601),0.0004997501249375312,raw q retained
prerank,GO_Biological_Process_2021::positive regulation of interleukin-8 production (GO:0032757),0.7198149867355087,2.0795754886085307,0.0,0.0001141009425898,0.015,27/31,27.13%,ZNF580;CHI3L1;LILRA2;LBP;APOA2;ADIPOQ;DDX58;CLEC7A;HYAL2;LEP;FCN1;TIRAP;TLR1;PLA2G1B;MYD88;F2RL1;PRKD2;LGALS9;BCL10;PYCARD;NOD1;RAB1A;FADD;DDIT3;CD244;CD58;LAMTOR5,0.0001141009425898,2.0795754886085307,GO_Biological_Process_2021,positive,2.0795754886085307,1,GO_Biological_Process_2021::positive regulation of interleukin-8 production (GO:0032757),0.0004997501249375312,raw q retained
prerank,GO_Biological_Process_2021::positive regulation of actin filament bundle assembly (GO:0032233),0.675413770247261,2.0771839700852155,0.0,0.000116927767744,0.016,27/41,21.04%,GPR65;VIL1;MYOC;PFN3;EVL;ARHGEF10L;SERPINF2;PPM1F;PXN;RGCC;LIMCH1;TPM1;SYNPO2;ARHGEF15;PAK1;FERMT2;SYNPO;APOA1;ARHGEF10;ARHGEF5;RHOA;S100A10;PLEK;RHOC;LIMK1;PPM1E;CDC42,0.000116927767744,2.0771839700852155,GO_Biological_Process_2021,positive,2.0771839700852155,3,GO_Biological_Process_2021::positive regulation of actin filament bundle assembly (GO:0032233) | GO_Biological_Process_2021::positive regulation of stress fiber assembly (GO:0051496) | GO_Biological_Process_2021::regulation of stress fiber assembly (GO:0051492),0.0004997501249375312,raw q retained
prerank,GO_Biological_Process_2021::peptidyl-tyrosine dephosphorylation (GO:0035335),0.6992203090145899,2.0778687430332416,0.0,0.0001185295179871,0.016,19/31,22.12%,PTPRO;PTPN22;PTPN9;PTPN6;DUSP6;PTPRZ1;DUSP18;TNS2;DUSP5;DUSP9;DUSP1;DUSP2;UBASH3B;PTPN1;DUSP10;DUSP8;PTPRT;PTPN2;PTPN18,0.0001185295179871,2.0778687430332416,GO_Biological_Process_2021,positive,2.0778687430332416,2,GO_Biological_Process_2021::peptidyl-tyrosine dephosphorylation (GO:0035335) | GO_Biological_Process_2021::peptidyl-threonine dephosphorylation (GO:0035970),0.0004997501249375312,raw q retained
prerank,GO_Biological_Process_2021::antimicrobial humoral immune response mediated by antimicrobial peptide (GO:0061844),0.6664139027817392,2.0782002476609693,0.0,0.0001193469629387,0.016,29/44,12.87%,RNASE6;S100A12;CAMP;ANG;RPL39;DEFA4;RNASE3;S100A7;CXCL13;CXCL9;LTF;PF4V1;HRG;CXCL1;PF4;RNASE7;REG1A;CXCL11;CXCL6;DEFB4A;CXCL5;CCL13;GNLY;CXCL14;S100A9;CXCL3;RPL30;PPBP;PLA2G1B,0.0001193469629387,2.0782002476609693,GO_Biological_Process_2021,positive,2.0782002476609693,1,GO_Biological_Process_2021::antimicrobial humoral immune response mediated by antimicrobial peptide (GO:0061844),0.0004997501249375312,raw q retained
prerank,GO_Biological_Process_2021::mRNA catabolic process (GO:0006402),-0.5936025352268557,-2.239834550383668,0.0,0.0001196925264641,0.0125,17/36,19.37%,MRTO4;ZC3H12D;EXOSC10;EXOSC9;PNPT1;EXOSC4;UPF1;DIS3L2;NBAS;DXO;THRAP3;AGO3;RC3H1;AGO1;AGO4;METTL3;SUPV3L1,0.0001196925264641,-2.239834550383668,GO_Biological_Process_2021,negative,2.239834550383668,2,GO_Biological_Process_2021::mRNA catabolic process (GO:0006402) | GO_Biological_Process_2021::histone mRNA catabolic process (GO:0071044),0.0004997501249375312,raw q retained
prerank,GO_Biological_Process_2021::positive regulation of leukocyte chemotaxis (GO:0002690),0.7039250977262462,2.0685194981190924,0.0,0.0001212169153534,0.0175,24/31,18.65%,ZNF580;CMKLR1;RARRES2;FPR2;S100A14;F7;LGMN;CCL5;S100A7;THBS1;CCR7;AIF1;IL34;CCL1;XCL1;CCR6;C1QBP;EDN2;AKIRIN1;F2RL1;PRSS56;ANO6;LGALS9;EDN3,0.0001212169153534,2.0685194981190924,GO_Biological_Process_2021,positive,2.0685194981190924,7,GO_Biological_Process_2021::positive regulation of leukocyte chemotaxis (GO:0002690) | GO_Biological_Process_2021::regulation of macrophage chemotaxis (GO:0010758) | GO_Biological_Process_2021::regulation of mononuclear cell migration (GO:0071675) | GO_Biological_Process_2021::positive regulation of leukocyte migration (GO:0002687) | GO_Biological_Process_2021::regulation of granulocyte chemotaxis (GO:0071622) | GO_Biological_Process_2021::positive regulation of mononuclear cell migration (GO:0071677) | GO_Biological_Process_2021::regulation of monocyte chemotaxis (GO:0090025),0.0004997501249375312,raw q retained
prerank,GO_Biological_Process_2021::protein targeting to ER (GO:0045047),0.6204935485147297,2.074627384505098,0.0,0.000121961229746,0.017,42/64,19.44%,RPLP2;ZFAND2A;RPS12;RPL39;RPL7A;RPL28;RPL29;RPL27A;SPCS3;RPL10A;MAN1A1;RPL34;RPL27;RPL9;RPL14;RPL41;RPL24;RPL21;RPL35A;RPL26;RPL15;RPL13;RPS20;RPL7;RPS17;RPL18A;SPCS2;RPL31;RPL30;SEC61G;RPL36;RPL18;RPL37A;SPCS1;RPS14;RPS21;SEC63;RPL35;SRP9;EDEM1;RPS10;CHMP4B,0.000121961229746,2.074627384505098,GO_Biological_Process_2021,positive,2.074627384505098,6,"GO_Biological_Process_2021::protein targeting to ER (GO:0045047) | GO_Biological_Process_2021::cotranslational protein targeting to membrane (GO:0006613) | GO_Biological_Process_2021::cytoplasmic translation (GO:0002181) | GO_Biological_Process_2021::SRP-dependent cotranslational protein targeting to membrane (GO:0006614) | GO_Biological_Process_2021::nuclear-transcribed mRNA catabolic process, nonsense-mediated decay (GO:0000184) | GO_Biological_Process_2021::cellular protein metabolic process (GO:0044267)",0.0004997501249375312,raw q retained
prerank,GO_Biological_Process_2021::mitotic sister chromatid cohesion (GO:0007064),-0.8021118782929543,-2.221356239896389,0.0,0.0001471629423738,0.0155,10/13,11.24%,PDS5A;CDCA5;PDS5B;MAU2;SMC1A;DSCC1;RAD21;BOD1;NIPBL;POGZ,0.0001471629423738,-2.221356239896389,GO_Biological_Process_2021,negative,2.221356239896389,1,GO_Biological_Process_2021::mitotic sister chromatid cohesion (GO:0007064),0.0004997501249375312,raw q retained
prerank,GO_Biological_Process_2021::positive regulation of reactive oxygen species metabolic process (GO:2000379),0.7187414985115113,2.0572950378127017,0.0,0.0001617603898032,0.0245,19/27,20.06%,PID1;FPR2;TLR6;ACE2;CLEC7A;THBS1;CD177;TYROBP;CRP;CD36;RAB27A;PLCG2;TGFBR2;F2RL1;CYBA;SLC5A3;ZC3H12A;ADGRB1;CDKN1A,0.0001617603898032,2.0572950378127017,GO_Biological_Process_2021,positive,2.0572950378127017,3,GO_Biological_Process_2021::positive regulation of reactive oxygen species metabolic process (GO:2000379) | GO_Biological_Process_2021::positive regulation of reactive oxygen species biosynthetic process (GO:1903428) | GO_Biological_Process_2021::positive regulation of gene expression (GO:0010628),0.0004997501249375312,raw q retained
prerank,GO_Biological_Process_2021::regulation of rRNA processing (GO:2000232),-0.7427611674699685,-2.208994487151849,0.0,0.0001723572381083,0.019,7/15,8.53%,DIMT1;WDR75;HEATR1;RIOK2;RIOK1;WDR43;UTP15,0.0001723572381083,-2.208994487151849,GO_Biological_Process_2021,negative,2.208994487151849,4,GO_Biological_Process_2021::regulation of rRNA processing (GO:2000232) | GO_Biological_Process_2021::positive regulation of RNA metabolic process (GO:0051254) | GO_Biological_Process_2021::positive regulation of transcription by RNA polymerase I (GO:0045943) | GO_Biological_Process_2021::regulation of transcription by RNA polymerase I (GO:0006356),0.0004997501249375312,raw q retained
prerank,GO_Biological_Process_2021::regulation of mRNA polyadenylation (GO:1900363),-0.77906135202543,-2.210078926831421,0.0,0.0001737472158349,0.019,11/14,13.51%,CPEB3;ZC3H3;RNF20;CPSF6;ZC3H14;CPEB1;CCNT1;CPSF7;RNF40;NELFE;NUDT21,0.0001737472158349,-2.210078926831421,GO_Biological_Process_2021,negative,2.210078926831421,1,GO_Biological_Process_2021::regulation of mRNA polyadenylation (GO:1900363),0.0004997501249375312,raw q retained
prerank,GO_Biological_Process_2021::peptide metabolic process (GO:0006518),0.6253901167796123,2.041142023607825,0.0,0.0002486644323887,0.039,33/58,20.39%,AEBP1;CPQ;GPX1;CPXM1;CPXM2;SPPL3;ABCB9;HPGDS;SPCS3;CPM;GSTM1;GSTM5;GSTM2;GSTA2;RHCE;DNPEP;SPCS2;CLN5;GSTA1;GSTA3;GSTM3;GSTA5;SPCS1;FURIN;ETHE1;BACE2;GSTT2B;CPE;GGT2;SEC11A;GGT1;GSTM4;G6PD,0.0002486644323887,2.041142023607825,GO_Biological_Process_2021,positive,2.041142023607825,5,GO_Biological_Process_2021::peptide metabolic process (GO:0006518) | GO_Biological_Process_2021::glutathione metabolic process (GO:0006749) | GO_Biological_Process_2021::glutathione derivative biosynthetic process (GO:1901687) | GO_Biological_Process_2021::glutathione derivative metabolic process (GO:1901685) | GO_Biological_Process_2021::signal peptide processing (GO:0006465),0.0004997501249375312,raw q retained
prerank,GO_Biological_Process_2021::histone H4-K8 acetylation (GO:0043982),-0.74025935257259,-2.183730225744604,0.0,0.0002681423482475,0.0305,9/15,12.59%,JADE2;KANSL2;KANSL3;MCRS1;HCFC1;JADE1;JADE3;KAT7;KANSL1,0.0002681423482475,-2.183730225744604,GO_Biological_Process_2021,negative,2.183730225744604,4,GO_Biological_Process_2021::histone H4-K8 acetylation (GO:0043982) | GO_Biological_Process_2021::histone H4-K5 acetylation (GO:0043981) | GO_Biological_Process_2021::histone H4-K16 acetylation (GO:0043984) | GO_Biological_Process_2021::histone H4 acetylation (GO:0043967),0.0004997501249375312,raw q retained
prerank,GO_Biological_Process_2021::positive regulation of leukocyte cell-cell adhesion (GO:1903039),0.7715596833351002,2.0343392000477283,0.0,0.0002933103326461,0.0475,16/18,20.16%,SIRPG;SIRPB1;HLA-DPB1;NR4A3;THY1;HLA-DPA1;HAS2;SKAP1;NFAT5;ETS1;SIRPA;TRAF6;RHOA;HSPD1;FUT7;PYCARD,0.0002933103326461,2.0343392000477283,GO_Biological_Process_2021,positive,2.0343392000477283,3,GO_Biological_Process_2021::positive regulation of leukocyte cell-cell adhesion (GO:1903039) | GO_Biological_Process_2021::regulation of T cell activation (GO:0050863) | GO_Biological_Process_2021::positive regulation of lymphocyte activation (GO:0051251),0.0004997501249375312,raw q retained
prerank,GO_Biological_Process_2021::positive regulation of toll-like receptor signaling pathway (GO:0034123),0.7583722400196486,2.03233491799282,0.0,0.0003069858693488,0.0505,16/19,21.36%,WDFY1;TREML4;LBP;PTPN22;RSAD2;LTF;NINJ1;TICAM2;TIRAP;TLR1;CAV1;F2RL1;CYBA;IFI35;SLC15A4;FLOT1,0.0003069858693488,2.03233491799282,GO_Biological_Process_2021,positive,2.03233491799282,2,GO_Biological_Process_2021::positive regulation of toll-like receptor signaling pathway (GO:0034123) | GO_Biological_Process_2021::regulation of toll-like receptor 4 signaling pathway (GO:0034143),0.0004997501249375312,raw q retained
prerank,GO_Biological_Process_2021::retinoid metabolic process (GO:0001523),0.5977491394791052,2.0280943318268814,0.0,0.000335894984979,0.0565,45/70,23.54%,SCPEP1;RARRES2;APOA2;CYP1A1;APOC2;LPL;CYP2C8;SDC2;RDH13;HSPG2;ADH6;RBP4;APOM;UGT1A1;CYP1A2;AWAT2;CYP1B1;GPC1;ADH7;GPC6;APOA1;UGT1A7;SDC3;CYP27C1;ALDH1A3;GPIHBP1;PLB1;BCO1;AKR1B10;CYP2D6;CYP2C18;LRP8;AGRN;CYP3A7;CYP26A1;RHO;APOE;ALDH1A1;CYP2S1;STRA6;ALDH1A2;LRAT;AKR1C1;DHRS3;LRP2,0.000335894984979,2.0280943318268814,GO_Biological_Process_2021,positive,2.0280943318268814,5,GO_Biological_Process_2021::retinoid metabolic process (GO:0001523) | GO_Biological_Process_2021::estrogen metabolic process (GO:0008210) | GO_Biological_Process_2021::retinoic acid metabolic process (GO:0042573) | GO_Biological_Process_2021::diterpenoid metabolic process (GO:0016101) | GO_Biological_Process_2021::primary alcohol metabolic process (GO:0034308),0.0004997501249375312,raw q retained
prerank,GO_Biological_Process_2021::regulation of GTPase activity (GO:0043087),0.5434249887799234,2.021591113416354,0.0,0.0003754551515522,0.0645,84/161,21.39%,FGD5;GPR137B;FGD2;CHN2;ARHGAP15;PRTN3;TGM2;RASIP1;VAV2;CCL21;CCL26;CCL16;CCL5;THY1;CCL19;PRKG1;KLRK1;PLXNA4;CCL8;CCL17;CCL14;CCL25;CCL7;STMN3;LRCH1;RSU1;CCL22;CCL13;CCL15;DOCK8;CCL1;ARHGAP9;NET1;XCL2;VAV1;CCL20;ITGA6;SH3BP1;XCL1;CCL23;FERMT2;PLXNA2;LIMS1;FGD6;F11R;TBC1D2;CCL18;FGD1;ADCYAP1;ASAP3;RGS8;RASGRP2;GMIP;RGS7;F2RL1;ARHGEF5;VAV3;PLXNC1;FGD3;AGRN;PLXNB2;CCL3;ARHGAP27;ARHGAP12;RASGRP1;PLXNA1;RGS1;CCL24;S100A10;ARHGAP44;TMED2;RGS6;PLXND1;SNX9;RAP1GAP;EFNA5;DOCK11;ARAP1;RGS10;NGEF;PLXNA3;RDX;NDEL1;CCL4,0.0003754551515522,2.021591113416354,GO_Biological_Process_2021,positive,2.021591113416354,6,GO_Biological_Process_2021::regulation of GTPase activity (GO:0043087) | GO_Biological_Process_2021::positive regulation of GTPase activity (GO:0043547) | GO_Biological_Process_2021::regulation of hydrolase activity (GO:0051336) | GO_Biological_Process_2021::positive regulation of hydrolase activity (GO:0051345) | GO_Biological_Process_2021::semaphorin-plexin signaling pathway involved in neuron projection guidance (GO:1902285) | GO_Biological_Process_2021::filopodium assembly (GO:0046847),0.0004997501249375312,raw q retained
prerank,GO_Biological_Process_2021::regulation of I-kappaB kinase/NF-kappaB signaling (GO:0043122),0.5399772649804757,2.019830915812843,0.0,0.0003950267201125,0.069,94/179,24.40%,APOL3;SHISA5;TMEM9B;TMEM106A;TMEM101;TSPAN6;S100A12;ECM1;CPNE1;CLEC6A;LILRB4;S100A4;TLR6;ADIPOQ;CCL21;CLEC7A;CCL19;LTF;CCR7;TNFSF10;RHOH;CARD9;TREM2;TICAM2;CARD19;TIRAP;PPM1N;TNIP3;HMOX1;CARD16;GJA1;LIME1;IFIT5;PLEKHG5;S100A13;TMED4;BST2;EEF1D;PLK2;PLCG2;LITAF;NLRP12;TNFAIP3;MAP3K3;NLRC3;MYD88;F2RL1;UBD;TRAF6;TRAF1;TRIM38;RIPK2;RHOA;TBK1;TRIM5;UBE2N;NEK6;ZC3H12A;LGALS9;RHOC;VAPA;NR1D1;S100B;TRAF2;BCL10;TRIM62;TNFRSF19;PYCARD;NUP62;TRIM25;NOD1;IRAK4;STAT1;TRAF3;NDFIP1;TNIP2;TNIP1;CCDC22;CARD8;TIFA;TRIM22;ATP2C1;GAPDH;SPHK2;SQSTM1;WLS;PELI1;TFG;JMJD8;LPAR1;AKAP13;TANK;FADD;REL,0.0003950267201125,2.019830915812843,GO_Biological_Process_2021,positive,2.019830915812843,3,GO_Biological_Process_2021::regulation of I-kappaB kinase/NF-kappaB signaling (GO:0043122) | GO_Biological_Process_2021::positive regulation of I-kappaB kinase/NF-kappaB signaling (GO:0043123) | GO_Biological_Process_2021::activation of NF-kappaB-inducing kinase activity (GO:0007250),0.0004997501249375312,raw q retained
prerank,GO_Biological_Process_2021::regulation of interleukin-12 production (GO:0032655),0.6864078894364216,2.0178719504050937,0.0,0.0004111637475078,0.072,22/29,19.48%,CMKLR1;PIBF1;LAPTM5;LILRA5;LILRB1;CLEC7A;THBS1;CCL19;SCIMP;CCR7;MEFV;TIRAP;IL16;C1QBP;IL23R;IRF5;PLCG2;RIPK2;IRAK3;HSPD1;LGALS9;SLAMF1,0.0004111637475078,2.0178719504050937,GO_Biological_Process_2021,positive,2.0178719504050937,2,GO_Biological_Process_2021::regulation of interleukin-12 production (GO:0032655) | GO_Biological_Process_2021::negative regulation of interleukin-12 production (GO:0032695),0.0004997501249375312,raw q retained
prerank,GO_Biological_Process_2021::cellular response to organic substance (GO:0071310),0.5819391527095541,2.0163133138179714,0.0,0.0004219544456332,0.0735,55/82,23.54%,PID1;CPNE3;IGFBP5;CYP1A1;CCL5;CLEC3B;PTPN9;CCR7;IBSP;CSF3;HCLS1;PTPN6;SHC1;PTPN5;PTPN7;SMAD3;ROBO2;NFAT5;CYP1B1;DPYSL3;SLIT3;IL1RL2;IL1F10;SPHK1;SLIT2;TWF2;NCOA2;NLRP12;TGFBR2;SOCS2;IL18BP;TRAF6;ARL6IP5;CCL3;RHOA;TIPARP;TBK1;UCP1;IL37;NCOA3;SLC1A1;STAT5B;FOXH1;ASAH2;PTPN2;MAPK7;PTPN18;PTPN14;LRRK2;KLF4;SIGIRR;BMPR1B;DCPS;EMD;LRP2,0.0004219544456332,2.0163133138179714,GO_Biological_Process_2021,positive,2.0163133138179714,1,GO_Biological_Process_2021::cellular response to organic substance (GO:0071310),0.0004997501249375312,raw q retained
prerank,GO_Biological_Process_2021::hydrogen peroxide metabolic process (GO:0042743),0.733214051459882,2.0055498535055367,0.0,0.0005248643359131,0.093,15/21,20.59%,GPX1;DUOX1;GPX3;HBZ;DUOX2;PXDNL;HBG2;PXDN;HBE1;CYBA;PRDX3;HBQ1;PRDX2;PRDX1;PRDX4,0.0005248643359131,2.0055498535055367,GO_Biological_Process_2021,positive,2.0055498535055367,2,GO_Biological_Process_2021::hydrogen peroxide metabolic process (GO:0042743) | GO_Biological_Process_2021::hydrogen peroxide catabolic process (GO:0042744),0.0005248643359131,raw q retained
prerank,GO_Biological_Process_2021::endothelial cell migration (GO:0043542),0.6967326263077772,2.0038857572574496,0.0,0.0005320849370178,0.095,24/29,21.71%,EMP2;FSTL1;CDH5;PXN;SOX18;ID1;PRSS3;EGR3;PRKX;MYH9;CYP1B1;PLEKHG5;LPXN;ADGRA2;RAB13;CORO1B;LGALS8;RHOA;PTP4A3;PLXND1;S100A2;S100P;STAT1;NR4A1,0.0005320849370178,2.0038857572574496,GO_Biological_Process_2021,positive,2.0038857572574496,3,GO_Biological_Process_2021::endothelial cell migration (GO:0043542) | GO_Biological_Process_2021::blood vessel endothelial cell migration (GO:0043534) | GO_Biological_Process_2021::epithelial cell migration (GO:0010631),0.0005320849370178,raw q retained
prerank,GO_Biological_Process_2021::regulation of macroautophagy (GO:0016241),0.5736258290980486,2.0039852068952224,0.0,0.0005347996560842,0.095,60/91,28.75%,DCN;ATP6V1C2;ATP6V1B1;ATP6V0A2;SNX32;ATP6V1E2;ATP6V0D2;NEDD4;ATP6V1H;QSOX1;LZTS1;CAPN1;ATP6V1B2;SNX5;ATP6V1D;ATP6V1G2;ATP6V1C1;ATP6V1A;VPS26A;VPS35;LAMTOR3;CLN3;ATP6V1E1;ATP6V0E2;ATP6V0A1;RRAGB;SNX6;ATP6V0E1;ATP6V0D1;GNAI3;SESN1;VPS26B;TBK1;CDK5R1;ATP6V0C;GBA;ATP6V0B;CAPNS1;ATP6V1G1;PRKAG3;USP36;LRRK2;GAPDH;PRKAG2;TSC2;RRAGA;BNIP3L;RHEB;SH3GLB1;LAMTOR2;SLC38A9;EXOC8;IKBKG;LAMTOR5;RB1CC1;EXOC7;RRAGD;UCHL1;ERN1;BNIP3,0.0005347996560842,2.0039852068952224,GO_Biological_Process_2021,positive,2.0039852068952224,3,GO_Biological_Process_2021::regulation of macroautophagy (GO:0016241) | GO_Biological_Process_2021::cellular response to amino acid starvation (GO:0034198) | GO_Biological_Process_2021::response to amino acid starvation (GO:1990928),0.0005347996560842,raw q retained
prerank,GO_Biological_Process_2021::acute inflammatory response (GO:0002526),0.7712867989750845,2.001573046457303,0.0,0.0005593635434706,0.1,14/17,18.95%,APOL2;LBP;VNN1;MYLK3;SAA1;CRP;AHSG;HPR;CEBPB;PLSCR1;HP;ITIH4;ANO6;C2CD4B,0.0005593635434706,2.001573046457303,GO_Biological_Process_2021,positive,2.001573046457303,1,GO_Biological_Process_2021::acute inflammatory response (GO:0002526),0.0005593635434706,raw q retained
prerank,GO_Biological_Process_2021::negative regulation of smooth muscle cell proliferation (GO:0048662),0.7037535356328682,2.000843139483488,0.0,0.0005661308434831,0.102,22/26,22.10%,OGN;IGFBP5;EFEMP2;ANG;CNN1;ADIPOQ;PRKG1;PTGIR;IGFBP3;TPM1;AIF1;TRIB1;HMOX1;PDCD4;PTEN;TNFAIP3;MEF2C;APOD;SOD2;CDKN1A;VIP;APLN,0.0005661308434831,2.000843139483488,GO_Biological_Process_2021,positive,2.000843139483488,7,GO_Biological_Process_2021::negative regulation of smooth muscle cell proliferation (GO:0048662) | GO_Biological_Process_2021::regulation of smooth muscle cell proliferation (GO:0048660) | GO_Biological_Process_2021::negative regulation of smooth muscle cell migration (GO:0014912) | GO_Biological_Process_2021::regulation of vascular associated smooth muscle cell proliferation (GO:1904705) | GO_Biological_Process_2021::regulation of vascular associated smooth muscle cell migration (GO:1904752) | GO_Biological_Process_2021::negative regulation of cell population proliferation (GO:0008285) | GO_Biological_Process_2021::negative regulation of vascular associated smooth muscle cell proliferation (GO:1904706),0.0005661308434831,raw q retained
prerank,GO_Biological_Process_2021::arachidonic acid metabolic process (GO:0019369),0.6405900324188971,1.995231929324724,0.0,0.0006186556854377,0.112,26/42,20.47%,GPX1;PTGES;PTGIS;CYP1A1;CYP2B6;HPGDS;CYP2C8;CYP2C9;CYP4F3;ALOX12B;ALOX15B;ALOX15;CYP1A2;CYP1B1;CYP2A6;CYP2A13;CYP2F1;ALOX12;AWAT1;CYP2D6;CYP2C18;PTGES3;CYP2A7;PLA2G4B;CYP2E1;CYP2S1,0.0006186556854377,1.995231929324724,GO_Biological_Process_2021,positive,1.995231929324724,9,GO_Biological_Process_2021::arachidonic acid metabolic process (GO:0019369) | GO_Biological_Process_2021::epoxygenase P450 pathway (GO:0019373) | GO_Biological_Process_2021::long-chain fatty acid biosynthetic process (GO:0042759) | GO_Biological_Process_2021::lipoxygenase pathway (GO:0019372) | GO_Biological_Process_2021::long-chain fatty acid metabolic process (GO:0001676) | GO_Biological_Process_2021::lipid oxidation (GO:0034440) | GO_Biological_Process_2021::icosanoid metabolic process (GO:0006690) | GO_Biological_Process_2021::exogenous drug catabolic process (GO:0042738) | GO_Biological_Process_2021::drug catabolic process (GO:0042737),0.0006186556854377,raw q retained
prerank,GO_Biological_Process_2021::endosome transport via multivesicular body sorting pathway (GO:0032509),0.7192783719085099,1.9947156530952204,0.0,0.0006253179108598,0.1135,21/24,26.84%,TMEM50B;LAPTM4B;LEPROTL1;LEPROT;TMEM50A;CHMP4C;CHMP7;VCP;CHMP3;CHMP2B;CHMP4B;LYST;CHMP4A;MVB12A;RILP;CHMP1B;CHMP1A;CHMP6;CHMP2A;SORT1;VPS4B,0.0006253179108598,1.9947156530952204,GO_Biological_Process_2021,positive,1.9947156530952204,7,GO_Biological_Process_2021::endosome transport via multivesicular body sorting pathway (GO:0032509) | GO_Biological_Process_2021::multivesicular body organization (GO:0036257) | GO_Biological_Process_2021::multivesicular body assembly (GO:0036258) | GO_Biological_Process_2021::late endosome to vacuole transport via multivesicular body sorting pathway (GO:0032511) | GO_Biological_Process_2021::membrane organization (GO:0061024) | GO_Biological_Process_2021::ESCRT III complex disassembly (GO:1904903) | GO_Biological_Process_2021::ESCRT complex disassembly (GO:1904896),0.0006253179108598,raw q retained
prerank,GO_Biological_Process_2021::Ras protein signal transduction (GO:0007265),0.5492759903116659,1.991071068179132,0.0,0.0006465720080089,0.1195,63/120,23.85%,RAB42;RERG;PHACTR4;ARHGDIB;ARHGAP29;WAS;CTNNAL1;PDPN;EPS8L1;RHOH;JUN;AIF1;WASF1;SHC1;CDC42EP5;RRAS;CYFIP1;GRAP2;NCKAP1;LAT;RHOD;EPS8L2;ARHGAP4;RAC2;RAP2B;PLEKHG5;RAP1B;CDC42EP3;PLK2;RRAS2;RASGRP2;ARHGEF1;GRAP;DBNL;ARHGAP6;CDC42EP4;RGL2;RAP2C;RALB;GNA13;ABI2;CNKSR1;RHOA;RASGRP1;BRK1;SHC3;KSR2;CFL1;USP50;EPS8;G3BP1;LIMK1;CDKN1A;RHOG;PLCE1;ADGRG1;RALA;SOS1;G3BP2;NGFR;ELMO1;RAPGEF1;GDI1,0.0006465720080089,1.991071068179132,GO_Biological_Process_2021,positive,1.991071068179132,3,GO_Biological_Process_2021::Ras protein signal transduction (GO:0007265) | GO_Biological_Process_2021::Rho protein signal transduction (GO:0007266) | GO_Biological_Process_2021::regulation of Arp2/3 complex-mediated actin nucleation (GO:0034315),0.0006465720080089,raw q retained
prerank,GO_Biological_Process_2021::positive regulation of cell motility (GO:2000147),0.5378496513532018,1.9885112274587275,0.0,0.0006851489933607,0.127,74/150,21.07%,FAM107A;CCDC25;CPNE3;VIL1;ZNF703;MYOC;F7;MYADM;TWIST2;DUOX1;CCL21;CCL26;CCL5;CLEC7A;THBS1;CCL19;SERPINB3;PPM1F;CDH5;PDPN;SPOCK2;TWIST1;CCR7;HAS2;AIF1;DUOX2;CCL7;EDN1;SNAI2;PODXL;SEMA3G;MYO1C;ITGAX;RHOD;PAK1;CTSH;CD151;ITGA6;DUOXA2;NEDD9;FERMT2;CAV1;GRN;SEMA3A;EGF;CXCL16;SPHK1;SEMA3D;XBP1;SEMA6D;FAM83H;F2RL1;ACTN4;HSPA5;TDGF1;PECAM1;DAB2;NTF3;SEMA3F;CCL3;CCL24;FERMT3;RHOC;NUMB;GRB7;SOD2;CASS4;SEMA6B;TJP1;SEMA6C;MYLK;BMP2;SDCBP;RDX,0.0006851489933607,1.9885112274587275,GO_Biological_Process_2021,positive,1.9885112274587275,4,GO_Biological_Process_2021::positive regulation of cell motility (GO:2000147) | GO_Biological_Process_2021::regulation of cell migration (GO:0030334) | GO_Biological_Process_2021::positive regulation of cellular component movement (GO:0051272) | GO_Biological_Process_2021::positive regulation of cell migration (GO:0030335),0.0006851489933607,raw q retained
prerank,GO_Biological_Process_2021::regulation of cell motility (GO:2000145),0.55757675985082,1.9867096860479465,0.0,0.0007090045992373,0.132,51/101,21.22%,ARHGAP18;BEX4;CCDC25;FBLN1;ROBO4;TMSB4X;DUOX1;CCL21;DDX58;WAS;CCL19;PLXNA4;NEXN;SPOCK2;TWIST1;LDB2;ABI3;CCR7;DUOX2;DUOXA2;PRKX;PLXNA2;FGF20;FGF17;FGF16;TMSB10;EGF;DIAPH1;SERPINE2;FGF8;FGF7;CEACAM1;GATA3;FGF10;SST;AMOT;FGF9;LDB1;ABL2;PLXNC1;CAMSAP3;PLXNB2;RHOA;PLXNA1;BTC;PLXND1;FGF19;DAPK3;AMOTL1;PLXNA3;FGF18,0.0007090045992373,1.9867096860479465,GO_Biological_Process_2021,positive,1.9867096860479465,1,GO_Biological_Process_2021::regulation of cell motility (GO:2000145),0.0007090045992373,raw q retained
prerank,GO_Biological_Process_2021::negative regulation of DNA recombination (GO:0045910),-0.574911404183322,-2.119177722483193,0.0,0.0007222049059206,0.0905,18/38,15.20%,MSH6;PARPBP;MSH3;RIF1;POT1;TP53BP1;ATRX;POLR2C;POLR2B;MSH2;MAD2L2;KLHL15;TERF2;BLM;ZSCAN4;ZRANB3;ACD;FANCB,0.0007222049059206,-2.119177722483193,GO_Biological_Process_2021,negative,2.119177722483193,1,GO_Biological_Process_2021::negative regulation of DNA recombination (GO:0045910),0.0007222049059206,raw q retained
prerank,GO_Biological_Process_2021::mRNA processing (GO:0006397),-0.4120548997516993,-2.1172216024185904,0.0,0.0007261494648193,0.0925,107/285,19.41%,EFTUD2;ZCCHC8;USP39;CASC3;DHX35;CACTIN;TCERG1;CHERP;PPWD1;DHX38;KIN;DHX16;PRPF18;PRPF4;DHX8;RPRD1B;NOVA1;GTF2H3;GPATCH1;PPIL1;GTF2H1;GEMIN6;SNIP1;PDCD7;POLR2C;DDX42;SUGP1;CPSF2;PPIH;RBM19;RBM10;CWF19L2;ZMAT5;U2AF1;POLR2B;GEMIN2;CPSF6;SART3;GTF2F2;GEMIN7;ERCC3;WDR83;SNRNP35;GPKOW;SRRT;SNRNP27;PRCC;PRPF40B;CWC27;RPRD2;RNPC3;SMNDC1;TFIP11;CPSF3;MAGOHB;SARNP;DDX23;CPSF7;CPSF1;WBP4;MNAT1;SMU1;RBM5;CSTF1;NCBP2L;GTF2H5;RSRC1;AKAP8L;DHX15;ISY1;RBM41;GEMIN5;CWF19L1;PPIE;USP49;MFAP1;SF3A1;HNRNPL;SNRNP25;PRPF4B;GTF2F1;NUDT21;CSTF3;RPRD1A;SART1;CD2BP2;PSPC1;POLDIP3;CSTF2;DHX9;GCFC2;CHTOP;CRNKL1;TXNL4A;FRG1;CMTR1;CSTF2T;WBP11;CWC22;METTL3;GTF2H2;SPEN;SNRNP48;SF3B3;CPSF4;RBM14;U2AF2,0.0007261494648193,-2.1172216024185904,GO_Biological_Process_2021,negative,2.1172216024185904,9,"GO_Biological_Process_2021::mRNA processing (GO:0006397) | GO_Biological_Process_2021::mRNA splicing, via spliceosome (GO:0000398) | GO_Biological_Process_2021::DNA-templated transcription, termination (GO:0006353) | GO_Biological_Process_2021::RNA splicing (GO:0008380) | GO_Biological_Process_2021::RNA splicing, via transesterification reactions with bulged adenosine as nucleophile (GO:0000377) | GO_Biological_Process_2021::RNA 3'-end processing (GO:0031123) | GO_Biological_Process_2021::mRNA 3'-end processing (GO:0031124) | GO_Biological_Process_2021::RNA processing (GO:0006396) | GO_Biological_Process_2021::spliceosomal snRNP assembly (GO:0000387)",0.0007261494648193,raw q retained
prerank,GO_Biological_Process_2021::ERBB signaling pathway (GO:0038127),0.6427825909795899,1.97824263405176,0.0,0.000823306342632,0.152,29/42,25.39%,CPNE3;VIL1;EFEMP1;PTPRR;SHC1;FAM83B;MATK;EGF;CBL;EPGN;NCK2;AREG;TDGF1;PLCG1;BTC;STUB1;GRB7;SOX9;SHC3;KIF16B;PLCE1;SOS1;PTPN18;CUL5;NRG4;BCAR1;CDC37;IQGAP1;NRG1,0.000823306342632,1.97824263405176,GO_Biological_Process_2021,positive,1.97824263405176,3,GO_Biological_Process_2021::ERBB signaling pathway (GO:0038127) | GO_Biological_Process_2021::epidermal growth factor receptor signaling pathway (GO:0007173) | GO_Biological_Process_2021::ERBB2 signaling pathway (GO:0038128),0.000823306342632,raw q retained
prerank,GO_Biological_Process_2021::regulation of T cell receptor signaling pathway (GO:0050856),0.6749427894992854,1.976483284337609,0.0,0.0008389775190427,0.157,23/29,27.15%,CD300A;LILRB4;PTPN22;LAPTM5;THY1;TRAT1;CD160;GBP1;SH2D1A;CEACAM1;CD226;PRKD2;UBASH3A;BCL10;EZR;PTPN2;TESPA1;RAB29;CD81;CARD11;SLA2;IKBKG;PRNP,0.0008389775190427,1.976483284337609,GO_Biological_Process_2021,positive,1.976483284337609,4,GO_Biological_Process_2021::regulation of T cell receptor signaling pathway (GO:0050856) | GO_Biological_Process_2021::negative regulation of antigen receptor-mediated signaling pathway (GO:0050858) | GO_Biological_Process_2021::negative regulation of T cell receptor signaling pathway (GO:0050860) | GO_Biological_Process_2021::positive regulation of antigen receptor-mediated signaling pathway (GO:0050857),0.0008389775190427,raw q retained
prerank,GO_Biological_Process_2021::fatty acid elongation (GO:0030497),-0.7774800083760494,-2.102489012292613,0.0,0.000848494190298,0.1085,6/12,12.01%,HACD2;HACD3;HACD1;ELOVL1;ELOVL6;ELOVL7,0.000848494190298,-2.102489012292613,GO_Biological_Process_2021,negative,2.102489012292613,2,GO_Biological_Process_2021::fatty acid elongation (GO:0030497) | GO_Biological_Process_2021::very long-chain fatty acid biosynthetic process (GO:0042761),0.000848494190298,raw q retained
prerank,GO_Biological_Process_2021::GPI anchor biosynthetic process (GO:0006506),-0.5989529758938225,-2.097240855246205,0.0,0.0009039496554388,0.117,17/30,21.64%,PIGG;DPM3;PIGH;PGAP2;PIGF;DPM1;PIGM;PIGN;PIGB;PIGW;PIGQ;GPAA1;DPM2;PIGK;PIGZ;PIGV;PIGO,0.0009039496554388,-2.097240855246205,GO_Biological_Process_2021,negative,2.097240855246205,3,GO_Biological_Process_2021::GPI anchor biosynthetic process (GO:0006506) | GO_Biological_Process_2021::GPI anchor metabolic process (GO:0006505) | GO_Biological_Process_2021::preassembly of GPI anchor in ER membrane (GO:0016254),0.0009039496554388,raw q retained
prerank,GO_Biological_Process_2021::superoxide metabolic process (GO:0006801),0.7191134625249931,1.9696065693855045,0.0,0.000940529843807,0.177,19/23,21.56%,NOXO1;NOX5;SOD3;NCF2;CCS;DUOX1;NCF1;NRROS;NCF4;DUOX2;CYBB;NOXA1;SH3PXD2A;ALOX12;CYBA;SOD2;PRDX2;PRDX1;ATP7A,0.000940529843807,1.9696065693855045,GO_Biological_Process_2021,positive,1.9696065693855045,3,GO_Biological_Process_2021::superoxide metabolic process (GO:0006801) | GO_Biological_Process_2021::cellular response to oxidative stress (GO:0034599) | GO_Biological_Process_2021::cellular response to chemical stress (GO:0062197),0.000940529843807,raw q retained
prerank,GO_Biological_Process_2021::regulation of interleukin-2 production (GO:0032663),0.6594174673603799,1.9639026244855589,0.0,0.0010426180333751,0.194,23/31,25.26%,LILRB4;VSIG4;LAPTM5;CLEC7A;IRF4;FOXP3;CD34;GBP1;XCL1;ANXA1;PLCG2;TNFAIP3;TBX21;PRKD2;TRAF6;SFTPD;RUNX1;TRAF2;EZR;ZFP36;SPTBN1;NAV3;CARD11,0.0010426180333751,1.9639026244855589,GO_Biological_Process_2021,positive,1.9639026244855589,3,GO_Biological_Process_2021::regulation of interleukin-2 production (GO:0032663) | GO_Biological_Process_2021::positive regulation of interleukin-2 production (GO:0032743) | GO_Biological_Process_2021::negative regulation of interleukin-2 production (GO:0032703),0.0010426180333751,raw q retained
prerank,GO_Biological_Process_2021::positive regulation of immune response (GO:0050778),0.6187242534165251,1.963516719096664,0.0,0.0010466662222849,0.1955,38/48,24.79%,SASH3;FPR2;LILRB1;RSAD2;CCL5;CD1D;HLA-DMB;GBP5;HRG;IL2;CCR7;ADAM8;CD177;HLA-DRA;SKAP1;GRN;PLA2G1B;MYB;CD46;XBP1;IL23R;PLSCR1;AKIRIN2;CD226;F2RL1;CYBA;IL12RB1;IFI35;LGALS9;IFNL1;PYCARD;SLC15A4;STX4;SH2D1B;PCK1;SPHK2;FADD;CD81,0.0010466662222849,1.963516719096664,GO_Biological_Process_2021,positive,1.963516719096664,3,GO_Biological_Process_2021::positive regulation of immune response (GO:0050778) | GO_Biological_Process_2021::positive regulation of immune effector process (GO:0002699) | GO_Biological_Process_2021::positive regulation of activated T cell proliferation (GO:0042104),0.0010466662222849,raw q retained
prerank,GO_Biological_Process_2021::regulation of DNA metabolic process (GO:0051052),-0.5427345637891674,-2.0885108589404027,0.0,0.0010599277945917,0.1355,19/42,11.78%,GRHL2;WDR18;TICRR;WDR70;SMARCAD1;WRNIP1;KDM1B;KPNA1;POLH;XRCC5;UPF1;SMG5;KPNA2;PDGFA;TERF2;NBN;KAT7;PIF1;ZNF365,0.0010599277945917,-2.0885108589404027,GO_Biological_Process_2021,negative,2.0885108589404027,2,GO_Biological_Process_2021::regulation of DNA metabolic process (GO:0051052) | GO_Biological_Process_2021::regulation of telomere maintenance (GO:0032204),0.0010599277945917,raw q retained
prerank,GO_Biological_Process_2021::negative regulation of osteoclast differentiation (GO:0045671),0.761914963204159,1.962468043542946,0.0,0.001063146550912,0.2,10/16,12.14%,GPR137B;LILRB3;LILRB4;LRRC17;GPR137;LILRB1;FBN1;LTF;TCTA;MAFB,0.001063146550912,1.962468043542946,GO_Biological_Process_2021,positive,1.962468043542946,3,GO_Biological_Process_2021::negative regulation of osteoclast differentiation (GO:0045671) | GO_Biological_Process_2021::regulation of osteoclast differentiation (GO:0045670) | GO_Biological_Process_2021::negative regulation of myeloid leukocyte differentiation (GO:0002762),0.001063146550912,raw q retained
prerank,GO_Biological_Process_2021::aortic valve development (GO:0003176),0.6973095511694776,1.960508699677409,0.0,0.0011041038950322,0.2085,17/25,20.81%,EMILIN1;TWIST1;SMAD6;SNAI2;ROBO2;GATA4;SLIT3;NKX2-5;TNFRSF1B;HEYL;BMP4;SLIT2;GATA3;ROBO1;SOX9;BMP2;JAG1,0.0011041038950322,1.960508699677409,GO_Biological_Process_2021,positive,1.960508699677409,4,GO_Biological_Process_2021::aortic valve development (GO:0003176) | GO_Biological_Process_2021::aortic valve morphogenesis (GO:0003180) | GO_Biological_Process_2021::pulmonary valve morphogenesis (GO:0003184) | GO_Biological_Process_2021::pulmonary valve development (GO:0003177),0.0011041038950322,raw q retained
prerank,GO_Biological_Process_2021::regulation of interleukin-17 production (GO:0032660),0.7376247353191044,1.959273501270345,0.0015467904098994,0.0011244800347775,0.2125,15/18,20.99%,RFTN1;IL2;CARD9;NCKAP1L;FOXP3;SLAMF6;CCL1;PHB;IL36RN;OSM;SPHK1;IL23R;MYD88;SLC7A5;LY9,0.0011244800347775,1.959273501270345,GO_Biological_Process_2021,positive,1.959273501270345,2,GO_Biological_Process_2021::regulation of interleukin-17 production (GO:0032660) | GO_Biological_Process_2021::positive regulation of interleukin-17 production (GO:0032740),0.0011244800347775,raw q retained
prerank,GO_Biological_Process_2021::negative regulation of MAPK cascade (GO:0043409),0.5726736299799777,1.9580220956515224,0.0,0.001139266217053,0.2165,39/76,22.78%,EMILIN1;TIMP3;CD300A;FBLN1;LILRB4;ABCA7;ADIPOQ;CAV3;HYAL2;PTPRR;FOXO1;DUSP6;GBP1;SPRY1;CAV1;PHB;MYC;BMP4;DUSP9;PTEN;SIRPA;DUSP1;IRAK3;PTPN1;SPRY4;BMP7;APOE;SYNJ2BP;CBLC;PAQR3;GBA;DUSP10;SH2B3;SORL1;EZR;TNIP1;PTPN2;LMO3;RGS14,0.001139266217053,1.9580220956515224,GO_Biological_Process_2021,positive,1.9580220956515224,2,GO_Biological_Process_2021::negative regulation of MAPK cascade (GO:0043409) | GO_Biological_Process_2021::negative regulation of ERK1 and ERK2 cascade (GO:0070373),0.001139266217053,raw q retained
prerank,GO_Biological_Process_2021::pancreas development (GO:0031016),-0.7656988010385037,-2.0752759383331947,0.0012468827930174,0.0012748316428129,0.1625,8/11,17.23%,CCDC39;CCDC40;DNAAF1;ISL1;SRP54;ZIC3;NKX6-1;NPHP3,0.0012748316428129,-2.0752759383331947,GO_Biological_Process_2021,negative,2.0752759383331947,1,GO_Biological_Process_2021::pancreas development (GO:0031016),0.0012748316428129,raw q retained
prerank,GO_Biological_Process_2021::regulation of chemokine production (GO:0032642),0.7249764624865067,1.949912735820492,0.0,0.0013009377962495,0.245,17/21,20.16%,CHIA;LILRB4;ACKR1;LPL;C5;IL7;AIF1;TREM2;HIF1A;SNAI2;ALOX15B;HMOX1;EIF2AK2;F2RL1;AIRE;LGALS9;PYCARD,0.0013009377962495,1.949912735820492,GO_Biological_Process_2021,positive,1.949912735820492,2,GO_Biological_Process_2021::regulation of chemokine production (GO:0032642) | GO_Biological_Process_2021::positive regulation of chemokine production (GO:0032722),0.0013009377962495,raw q retained
prerank,GO_Biological_Process_2021::calcium-dependent cell-cell adhesion via plasma membrane cell adhesion molecules (GO:0016339),-0.5808906828938565,-2.071980694615972,0.0,0.001324664347506,0.1665,19/32,21.14%,PCDHB16;PCDHB5;PCDHB2;PCDHB14;PCDHB6;CDH19;CDH20;CDH23;CDHR3;CDH9;CDH18;CDH10;PCDHB9;PCDHB11;PCDHB10;NLGN1;PCDHB13;CDH8;PCDHB4,0.001324664347506,-2.071980694615972,GO_Biological_Process_2021,negative,2.071980694615972,1,GO_Biological_Process_2021::calcium-dependent cell-cell adhesion via plasma membrane cell adhesion molecules (GO:0016339),0.001324664347506,raw q retained
prerank,GO_Biological_Process_2021::glycosphingolipid metabolic process (GO:0006687),0.6278767130431763,1.9478295207807343,0.0,0.0013337848087414,0.251,28/41,22.11%,GM2A;A4GALT;B3GALNT1;CTSA;ST6GALNAC6;B4GALNT1;ESYT3;GLA;HEXB;HEXA;NEU4;ST8SIA1;SUMF1;GLB1;ENPP7;CLN6;ESYT2;ESYT1;NEU1;SUMF2;PSAP;SMPD3;GBA;ARSA;ST6GALNAC5;ASAH1;NEU3;ST3GAL5,0.0013337848087414,1.9478295207807343,GO_Biological_Process_2021,positive,1.9478295207807343,4,GO_Biological_Process_2021::glycosphingolipid metabolic process (GO:0006687) | GO_Biological_Process_2021::ceramide catabolic process (GO:0046514) | GO_Biological_Process_2021::glycolipid metabolic process (GO:0006664) | GO_Biological_Process_2021::ganglioside metabolic process (GO:0001573),0.0013337848087414,raw q retained
prerank,GO_Biological_Process_2021::negative regulation of telomere maintenance via telomere lengthening (GO:1904357),-0.6417278072997348,-2.0686307704950404,0.0,0.0013817518744576,0.176,12/21,14.90%,GNL3L;NAT10;ERCC4;EXOSC10;SLX4;POT1;PINX1;TEN1;TERF2;SLX1A;PIF1;ACD,0.0013817518744576,-2.0686307704950404,GO_Biological_Process_2021,negative,2.0686307704950404,4,GO_Biological_Process_2021::negative regulation of telomere maintenance via telomere lengthening (GO:1904357) | GO_Biological_Process_2021::regulation of telomere maintenance via telomere lengthening (GO:1904356) | GO_Biological_Process_2021::telomere maintenance via telomere lengthening (GO:0010833) | GO_Biological_Process_2021::negative regulation of telomere maintenance via telomerase (GO:0032211),0.0013817518744576,raw q retained
prerank,GO_Biological_Process_2021::regulation of transcription initiation from RNA polymerase II promoter (GO:0060260),-0.5056071076624019,-2.0693123246739757,0.0,0.0013829136516278,0.1745,32/55,23.24%,MED1;ZNF45;MED27;MED20;PAXIP1;MED14;MED8;MED16;MED23;MED24;MED13;MED6;HNF1B;MED25;MED26;MED15;MED17;MED31;AGO3;ATF7IP;MED10;AGO1;AGO4;MED7;CDK8;MOV10;TNRC6A;ZNF451;MED4;CCNC;TNRC6C;MED12,0.0013829136516278,-2.0693123246739757,GO_Biological_Process_2021,negative,2.0693123246739757,3,"GO_Biological_Process_2021::regulation of transcription initiation from RNA polymerase II promoter (GO:0060260) | GO_Biological_Process_2021::positive regulation of transcription initiation from RNA polymerase II promoter (GO:0060261) | GO_Biological_Process_2021::regulation of DNA-templated transcription, initiation (GO:2000142)",0.0013829136516278,raw q retained
prerank,GO_Biological_Process_2021::sodium ion transport (GO:0006814),-0.494625767083852,-2.0646875545315826,0.0,0.0013976936276506,0.1835,20/64,7.20%,SLC6A17;HCN1;HCN3;SLC9B2;SCNN1D;SCN2B;HCN2;SLC17A3;PKD2L1;CATSPER3;CATSPER4;SLC4A8;SLC6A8;SCN3B;HCN4;SCN1B;SLC6A1;SCN2A;SLC6A13;SLC12A2,0.0013976936276506,-2.0646875545315826,GO_Biological_Process_2021,negative,2.0646875545315826,7,GO_Biological_Process_2021::sodium ion transport (GO:0006814) | GO_Biological_Process_2021::sodium ion transmembrane transport (GO:0035725) | GO_Biological_Process_2021::cardiac muscle cell action potential (GO:0086001) | GO_Biological_Process_2021::membrane depolarization during action potential (GO:0086010) | GO_Biological_Process_2021::cation transport (GO:0006812) | GO_Biological_Process_2021::sodium ion import across plasma membrane (GO:0098719) | GO_Biological_Process_2021::membrane depolarization during cardiac muscle cell action potential (GO:0086012),0.0013976936276506,raw q retained
prerank,GO_Biological_Process_2021::zymogen activation (GO:0031638),0.6617485135062714,1.944717739652346,0.0,0.0014081577661485,0.265,20/31,18.89%,C1RL;LGMN;CD5L;C1R;CYFIP2;CTSL;PRSS3;HPR;CTSH;NLRC4;PRSS12;APOH;HGFAC;HP;FURIN;CIDEB;RIPK2;BAK1;GGT2;GGT1,0.0014081577661485,1.944717739652346,GO_Biological_Process_2021,positive,1.944717739652346,1,GO_Biological_Process_2021::zymogen activation (GO:0031638),0.0014081577661485,raw q retained
prerank,GO_Biological_Process_2021::protein mannosylation (GO:0035268),-0.6662086188047565,-2.0616255838848585,0.0,0.001467260340374,0.193,10/18,13.33%,DPY19L2;POMGNT2;POMT2;B4GAT1;POMT1;DPM3;FKTN;DPM1;FKRP;DPM2,0.001467260340374,-2.0616255838848585,GO_Biological_Process_2021,negative,2.0616255838848585,2,GO_Biological_Process_2021::protein mannosylation (GO:0035268) | GO_Biological_Process_2021::protein O-linked mannosylation (GO:0035269),0.001467260340374,raw q retained
prerank,GO_Biological_Process_2021::regulation of macrophage derived foam cell differentiation (GO:0010743),0.8299996108645079,1.9420380964895887,0.0,0.0014716784320702,0.28,9/12,11.41%,CETP;ADIPOQ;LPL;MSR1;PF4;ALOX15B;CRP;PLA2G3;CD36,0.0014716784320702,1.9420380964895887,GO_Biological_Process_2021,positive,1.9420380964895887,1,GO_Biological_Process_2021::regulation of macrophage derived foam cell differentiation (GO:0010743),0.0014716784320702,raw q retained
prerank,GO_Biological_Process_2021::regulation of JUN kinase activity (GO:0043506),0.6677440625340159,1.9401174029507715,0.0,0.0015216407356745,0.292,14/27,20.10%,AIDA;PTPN22;TLR6;TNFRSF11A;SERPINB3;EDN1;PAK1;PDCD4;TRAF6;ARHGEF5;TRAF2;SASH1;TAOK3;DUSP10,0.0015216407356745,1.9401174029507715,GO_Biological_Process_2021,positive,1.9401174029507715,2,GO_Biological_Process_2021::regulation of JUN kinase activity (GO:0043506) | GO_Biological_Process_2021::positive regulation of JUN kinase activity (GO:0043507),0.0015216407356745,raw q retained
prerank,GO_Biological_Process_2021::second-messenger-mediated signaling (GO:0019932),0.5852320232762123,1.9392475174358303,0.0,0.00153085431308,0.2945,41/62,20.91%,NUDT4;MCTP1;FPR2;FPR1;SAMD14;CCR7;EDN1;CXCR3;CX3CR1;LAT;DDAH2;CD36;XCR1;CCR3;ACKR4;CCR8;CCR10;SPHK1;CCR6;NDNF;CXCR6;CXCR5;PLCG2;EDN2;EIF2AK3;MCU;CCRL2;LAT2;PLCG1;CCL3;PLA2G4B;EDN3;APOE;KSR2;P2RY11;RYR2;ACKR2;PPP1R9B;ACKR3;PLCE1;DDAH1,0.00153085431308,1.9392475174358303,GO_Biological_Process_2021,positive,1.9392475174358303,3,GO_Biological_Process_2021::second-messenger-mediated signaling (GO:0019932) | GO_Biological_Process_2021::regulation of cytosolic calcium ion concentration (GO:0051480) | GO_Biological_Process_2021::positive regulation of cytosolic calcium ion concentration (GO:0007204),0.00153085431308,raw q retained
prerank,GO_Biological_Process_2021::actin cytoskeleton reorganization (GO:0031532),0.5915972825685148,1.9384945261411235,0.0,0.0015342657280302,0.296,33/55,22.52%,GPR65;SYDE1;ANTXR1;PARVA;DMTN;PARVB;PARVG;PHACTR1;PAK1;NEDD9;MYH9;THSD7A;PLEK2;MICALL2;ANXA1;FGF7;CTTN;FGF10;MCU;DTNBP1;INSRR;RHOA;PDLIM4;PTPN1;PLEK;GSN;CASS4;CAPN10;EZR;RALA;ATP2C1;CDC42BPA;BCAR1,0.0015342657280302,1.9384945261411235,GO_Biological_Process_2021,positive,1.9384945261411235,1,GO_Biological_Process_2021::actin cytoskeleton reorganization (GO:0031532),0.0015342657280302,raw q retained
prerank,GO_Biological_Process_2021::actin filament capping (GO:0051693),0.7353090403270454,1.9375268648096453,0.0,0.0015486153088605,0.3005,17/18,24.86%,VIL1;CAPG;SVIL;AVIL;ADD2;SCIN;TWF2;CAPZA1;ADD1;FLII;CAPZA2;GSN;EPS8;TWF1;ADD3;CAPZB;TRIOBP,0.0015486153088605,1.9375268648096453,GO_Biological_Process_2021,positive,1.9375268648096453,2,GO_Biological_Process_2021::actin filament capping (GO:0051693) | GO_Biological_Process_2021::barbed-end actin filament capping (GO:0051016),0.0015486153088605,raw q retained
prerank,GO_Biological_Process_2021::rRNA methylation (GO:0031167),-0.6493802284486101,-2.0568529735547783,0.0015455950540958,0.0015530742976084,0.205,10/19,12.77%,NSUN4;DIMT1;FTSJ3;NOP2;MTERF4;FBLL1;TFB1M;EMG1;ZCCHC4;MRM1,0.0015530742976084,-2.0568529735547783,GO_Biological_Process_2021,negative,2.0568529735547783,2,GO_Biological_Process_2021::rRNA methylation (GO:0031167) | GO_Biological_Process_2021::rRNA modification (GO:0000154),0.0015530742976084,raw q retained
prerank,GO_Biological_Process_2021::regulation of B cell proliferation (GO:0030888),0.6912908623631541,1.9360876132496148,0.0007189072609633,0.0015774029563256,0.306,18/24,25.24%,SASH3;CD300A;MNDA;IL2;IL7;NCKAP1L;TYROBP;TIRAP;MEF2C;VAV3;FCRL3;BST1;TNFRSF13B;GPR183;IRS2;CD320;CD81;TNFRSF21,0.0015774029563256,1.9360876132496148,GO_Biological_Process_2021,positive,1.9360876132496148,2,GO_Biological_Process_2021::regulation of B cell proliferation (GO:0030888) | GO_Biological_Process_2021::positive regulation of B cell proliferation (GO:0030890),0.0015774029563256,raw q retained
prerank,GO_Biological_Process_2021::actomyosin structure organization (GO:0031032),0.5754842780196223,1.9322381472686496,0.0,0.0016763082718028,0.322,44/67,26.74%,CSRP2;LMOD1;MYH10;ACTC1;EPB41L4A;TMOD4;MYLK3;FHOD3;TNNT3;TPM1;SORBS1;PDLIM1;MYH14;FHDC1;MYOM2;ZYX;PHACTR1;MYPN;MYH9;TTN;CSRP3;F11R;TNNT1;WDR1;TMOD3;MYH3;FLII;FRMD6;RHOA;PGM5;EPB41;TJP1;TCAP;CDC42BPA;ANKRD1;CUL3;TMOD1;KLHL41;CSRP1;MYOZ1;TMOD2;EPB41L2;ARRB1;ACTN2,0.0016763082718028,1.9322381472686496,GO_Biological_Process_2021,positive,1.9322381472686496,5,GO_Biological_Process_2021::actomyosin structure organization (GO:0031032) | GO_Biological_Process_2021::myofibril assembly (GO:0030239) | GO_Biological_Process_2021::sarcomere organization (GO:0045214) | GO_Biological_Process_2021::stress fiber assembly (GO:0043149) | GO_Biological_Process_2021::contractile actin filament bundle assembly (GO:0030038),0.0016763082718028,raw q retained
prerank,GO_Biological_Process_2021::positive regulation of T cell differentiation (GO:0045582),0.6343025516935593,1.930571068335308,0.0,0.0017042696345558,0.3315,27/35,26.58%,ZBTB1;LILRB2;ZAP70;LILRB4;VNN1;IL7;RHOH;ADAM8;HLA-DRA;NCKAP1L;IL4I1;CD46;XBP1;GATA3;IL23R;IL12RB1;SOCS1;GLI2;DUSP10;IL36B;TESPA1;PCK1;SOX12;LEF1;MDK;ZMIZ1;GLI3,0.0017042696345558,1.930571068335308,GO_Biological_Process_2021,positive,1.930571068335308,3,GO_Biological_Process_2021::positive regulation of T cell differentiation (GO:0045582) | GO_Biological_Process_2021::regulation of regulatory T cell differentiation (GO:0045589) | GO_Biological_Process_2021::positive regulation of lymphocyte differentiation (GO:0045621),0.0017042696345558,raw q retained
prerank,GO_Biological_Process_2021::cell differentiation in spinal cord (GO:0021515),-0.7885520628055934,-2.0498824943586222,0.0,0.0017117518148049,0.229,6/10,7.89%,DRAXIN;MDGA2;SOX13;ZC4H2;ISL1;FOXN4,0.0017117518148049,-2.0498824943586222,GO_Biological_Process_2021,negative,2.0498824943586222,2,GO_Biological_Process_2021::cell differentiation in spinal cord (GO:0021515) | GO_Biological_Process_2021::central nervous system neuron differentiation (GO:0021953),0.0017117518148049,raw q retained
prerank,GO_Biological_Process_2021::regulation of cell cycle process (GO:0010564),-0.4609830292879587,-2.0478550173537564,0.0,0.0017264405890905,0.2335,37/92,19.57%,HORMAD1;KIF20B;DBF4;PRC1;CEP85;DBF4B;MKI67;RACGAP1;AURKC;SPAG5;MARK4;RPRD1B;CCP110;KLHL21;NUMA1;TIPIN;USP51;KNSTRN;CUL7;APC;ECT2;NEK2;CEP250;SETD2;DCUN1D3;TTL;SFRP1;INSM2;L3MBTL1;KLHL9;BORA;SIX3;CETN2;E4F1;RCC1;BIRC6;USP19,0.0017264405890905,-2.0478550173537564,GO_Biological_Process_2021,negative,2.0478550173537564,2,GO_Biological_Process_2021::regulation of cell cycle process (GO:0010564) | GO_Biological_Process_2021::regulation of attachment of spindle microtubules to kinetochore (GO:0051988),0.0017264405890905,raw q retained
prerank,GO_Biological_Process_2021::replication fork processing (GO:0031297),-0.5547072488228727,-2.048043778124068,0.0,0.0017302271007011,0.233,16/32,19.34%,GEN1;EME2;OOEP;ETAA1;SMARCAL1;MMS22L;WRN;RFWD3;ATRX;BLM;ZRANB3;TONSL;SETMAR;BOD1L1;EXD2;PCNA,0.0017302271007011,-2.048043778124068,GO_Biological_Process_2021,negative,2.048043778124068,2,GO_Biological_Process_2021::replication fork processing (GO:0031297) | GO_Biological_Process_2021::DNA-dependent DNA replication maintenance of fidelity (GO:0045005),0.0017302271007011,raw q retained
prerank,GO_Biological_Process_2021::non-motile cilium assembly (GO:1905515),-0.5880870714672723,-2.047010870285566,0.0,0.0017326311771589,0.236,16/28,17.69%,TMEM17;RPGRIP1;TTC8;FUZ;ARL13B;C2CD3;CEP290;CEP89;BBS10;IFT88;TMEM216;CEP250;PCM1;TBC1D32;VANGL2;IFT57,0.0017326311771589,-2.047010870285566,GO_Biological_Process_2021,negative,2.047010870285566,1,GO_Biological_Process_2021::non-motile cilium assembly (GO:1905515),0.0017326311771589,raw q retained
prerank,GO_Biological_Process_2021::glutamate receptor signaling pathway (GO:0007215),-0.6058677669652515,-2.04721645476934,0.0,0.0017364102960682,0.2355,9/24,9.38%,GRIN3B;GRIN3A;GRIK1;GRM8;GRID2;GRIN2C;TRPM1;GRM7;HOMER3,0.0017364102960682,-2.04721645476934,GO_Biological_Process_2021,negative,2.04721645476934,2,GO_Biological_Process_2021::glutamate receptor signaling pathway (GO:0007215) | GO_Biological_Process_2021::G protein-coupled glutamate receptor signaling pathway (GO:0007216),0.0017364102960682,raw q retained
prerank,GO_Biological_Process_2021::establishment of endothelial barrier (GO:0061028),0.6811235835356197,1.9268860352154156,0.0014430014430014,0.0018033481096105,0.349,19/25,27.45%,ROBO4;MYADM;SOX18;RAP2B;F11R;RAP1B;RAP2C;F2RL1;PECAM1;MARVELD2;TJP1;EZR;RDX;TJP3;RAB1A;RAPGEF1;MSN;RAB1B;RAP1A,0.0018033481096105,1.9268860352154156,GO_Biological_Process_2021,positive,1.9268860352154156,2,GO_Biological_Process_2021::establishment of endothelial barrier (GO:0061028) | GO_Biological_Process_2021::endothelial cell development (GO:0001885),0.0018033481096105,raw q retained
prerank,GO_Biological_Process_2021::cardiac muscle cell development (GO:0055013),0.7569588205374898,1.925802934681692,0.0,0.0018087872445803,0.3515,13/16,21.89%,MYH11;ACTC1;MYLK3;FHOD3;PDLIM5;ALPK3;TTN;NKX2-5;CSRP3;SORBS2;TCAP;OBSL1;SLC8A1,0.0018087872445803,1.925802934681692,GO_Biological_Process_2021,positive,1.925802934681692,1,GO_Biological_Process_2021::cardiac muscle cell development (GO:0055013),0.0018087872445803,raw q retained
prerank,GO_Biological_Process_2021::response to reactive oxygen species (GO:0000302),0.6221709149342192,1.9258667327927328,0.0,0.0018153171624308,0.3515,24/40,24.49%,GPX1;NCF1;S100A7;PXN;TPM1;JUN;HYAL2;HIF1A;HYAL1;HMOX1;HP;APOD;FOS;PRDX3;UCP1;ERCC6L2;PKD2;APOE;SOD2;PLK3;STK24;PRDX5;ROMO1;TXNRD2,0.0018153171624308,1.9258667327927328,GO_Biological_Process_2021,positive,1.9258667327927328,1,GO_Biological_Process_2021::response to reactive oxygen species (GO:0000302),0.0018153171624308,raw q retained
prerank,GO_Biological_Process_2021::plasma membrane invagination (GO:0099024),0.6852941696689971,1.925957308103742,0.0,0.0018183115186868,0.351,17/25,21.04%,ARHGAP25;MARCO;HAVCR1;MSR1;IGLL5;AIF1;SH3BP1;CD36;MYH9;GULP1;SPIRE2;BIN2;RHOA;ARHGAP12;SNX9;GSN;CDC42,0.0018183115186868,1.925957308103742,GO_Biological_Process_2021,positive,1.925957308103742,2,"GO_Biological_Process_2021::plasma membrane invagination (GO:0099024) | GO_Biological_Process_2021::phagocytosis, engulfment (GO:0006911)",0.0018183115186868,raw q retained
prerank,GO_Biological_Process_2021::transcription by RNA polymerase I (GO:0006360),-0.5924828423157056,-2.041223126854286,0.0,0.0018327918114815,0.25,15/28,19.43%,POLR1A;POLR1B;GTF2H3;GTF2H1;POLR1E;POLR1C;ERCC3;MNAT1;UBTF;GTF2H5;TTF1;TAF1B;RRN3;GTF2H2;TAF1,0.0018327918114815,-2.041223126854286,GO_Biological_Process_2021,negative,2.041223126854286,2,"GO_Biological_Process_2021::transcription by RNA polymerase I (GO:0006360) | GO_Biological_Process_2021::DNA-templated transcription, initiation (GO:0006352)",0.0018327918114815,raw q retained
prerank,GO_Biological_Process_2021::cellular response to reactive oxygen species (GO:0034614),0.6227460521399271,1.9237907353112909,0.0,0.0018554506635984,0.362,27/41,25.62%,OSER1;ZNF580;NCF1;PXN;TPM1;JUN;PPIF;NET1;CYP1B1;AQP1;MAPK13;ANXA1;TNFAIP3;SIRPA;FOS;PRDX3;UCP1;ERCC6L2;PKD2;TRPM2;MAPK7;PLEKHA1;FXN;PRDX5;ROMO1;RIPK3;RHOB,0.0018554506635984,1.9237907353112909,GO_Biological_Process_2021,positive,1.9237907353112909,3,GO_Biological_Process_2021::cellular response to reactive oxygen species (GO:0034614) | GO_Biological_Process_2021::response to hydrogen peroxide (GO:0042542) | GO_Biological_Process_2021::cellular response to hydrogen peroxide (GO:0070301),0.0018554506635984,raw q retained
prerank,GO_Biological_Process_2021::leukotriene metabolic process (GO:0006691),0.7781237163440287,1.923140755093697,0.0008183306055646,0.0018701878473143,0.3655,11/14,19.34%,PTGR1;LTC4S;GGT5;CYP4F3;DPEP2;ALOX15;PLA2G1B;ALOX12;CPA1;GGT1;MGST2,0.0018701878473143,1.923140755093697,GO_Biological_Process_2021,positive,1.923140755093697,2,GO_Biological_Process_2021::leukotriene metabolic process (GO:0006691) | GO_Biological_Process_2021::leukotriene biosynthetic process (GO:0019370),0.0018701878473143,raw q retained
prerank,GO_Biological_Process_2021::cellular biogenic amine biosynthetic process (GO:0042401),0.7676163554231108,1.920269108876053,0.0015974440894568,0.0019674488920175,0.3825,13/14,21.41%,MOXD1;HDC;PAOX;SRM;SMOX;DDC;SAT2;SAT1;AANAT;PNMT;ASMT;PAH;TPH2,0.0019674488920175,1.920269108876053,GO_Biological_Process_2021,positive,1.920269108876053,1,GO_Biological_Process_2021::cellular biogenic amine biosynthetic process (GO:0042401),0.0019674488920175,raw q retained
prerank,GO_Biological_Process_2021::antigen processing and presentation of exogenous peptide antigen via MHC class I (GO:0042590),0.6217546443437957,1.919110196244904,0.0,0.002003324020758,0.39,27/41,23.04%,IFI30;CD207;NCF2;TAP2;NCF1;CLEC4A;FCER1G;NCF4;CYBB;TAP1;CD36;SNAP23;B2M;PSMF1;CYBA;PSMD5;HLA-C;PSMB2;PSMA2;PSMA8;TAPBP;PSMB4;SEC22B;HLA-A;VAMP3;HLA-B;PSMD9,0.002003324020758,1.919110196244904,GO_Biological_Process_2021,positive,1.919110196244904,3,"GO_Biological_Process_2021::antigen processing and presentation of exogenous peptide antigen via MHC class I (GO:0042590) | GO_Biological_Process_2021::antigen processing and presentation of exogenous peptide antigen via MHC class I, TAP-dependent (GO:0002479) | GO_Biological_Process_2021::antigen processing and presentation of peptide antigen via MHC class I (GO:0002474)",0.002003324020758,raw q retained
prerank,GO_Biological_Process_2021::potassium ion transport (GO:0006813),-0.4553125119662418,-2.02689328895159,0.0,0.0021678696645293,0.298,27/85,12.28%,HCN1;HCN3;SLC9A6;KCNK12;KCND3;SLC9A7;HCN2;KCNJ16;KCNJ10;PKD2L1;SLC9A2;SLC9A5;KCNK4;KCNJ15;SLC9A8;HCN4;KCNK13;KCNC3;KCNMB4;KCNK2;KCNK7;KCNH1;KCNIP2;KCNJ2;ABCB8;LRRC55;SLC24A2,0.0021678696645293,-2.02689328895159,GO_Biological_Process_2021,negative,2.02689328895159,4,GO_Biological_Process_2021::potassium ion transport (GO:0006813) | GO_Biological_Process_2021::potassium ion transmembrane transport (GO:0071805) | GO_Biological_Process_2021::regulation of intracellular pH (GO:0051453) | GO_Biological_Process_2021::membrane repolarization during action potential (GO:0086011),0.0021678696645293,raw q retained
prerank,GO_Biological_Process_2021::spermatid development (GO:0007286),-0.5722201432279503,-2.027614886622307,0.0,0.0021710462592406,0.2975,14/32,13.58%,RSPH1;TDRD5;CCDC42;TTC21A;CCDC63;DPY19L2;PLD6;SPINK2;RIMBP3C;RNF8;DDX25;IQCG;RFX2;YTHDC2,0.0021710462592406,-2.027614886622307,GO_Biological_Process_2021,negative,2.027614886622307,1,GO_Biological_Process_2021::spermatid development (GO:0007286),0.0021710462592406,raw q retained
prerank,GO_Biological_Process_2021::positive regulation of wound healing (GO:0090303),0.6706865642366306,1.912581047315855,0.0,0.0022024939524156,0.423,14/27,13.92%,SMOC2;DUOX1;CLEC7A;THBS1;DMTN;DUOX2;FERMT1;OCLN;FERMT2;FOXC2;APOH;VTN;ANXA1;XBP1,0.0022024939524156,1.912581047315855,GO_Biological_Process_2021,positive,1.912581047315855,2,GO_Biological_Process_2021::positive regulation of wound healing (GO:0090303) | GO_Biological_Process_2021::regulation of wound healing (GO:0061041),0.0022024939524156,raw q retained
prerank,GO_Biological_Process_2021::negative regulation of NF-kappaB transcription factor activity (GO:0032088),0.5657075044628396,1.9125999192382013,0.0,0.0022082644136809,0.423,36/67,23.07%,TMIGD3;CMKLR1;ANXA4;COMMD6;PTGIS;TMSB4X;AIM2;GFI1;FOXP3;NFKBIL1;IRAK2;FOXJ1;COMMD7;DAP;CYP1B1;NLRP12;ARRB2;TNFAIP3;NLRC3;SPI1;PKHD1;COMMD1;IRAK3;PRMT2;PYDC1;ZC3H12A;BMP7;RWDD3;PYCARD;TRAF3;CCDC22;CARD8;G3BP2;CHP1;KLF4;ADORA3,0.0022082644136809,1.9125999192382013,GO_Biological_Process_2021,positive,1.9125999192382013,2,GO_Biological_Process_2021::negative regulation of NF-kappaB transcription factor activity (GO:0032088) | GO_Biological_Process_2021::negative regulation of DNA-binding transcription factor activity (GO:0043433),0.0022082644136809,raw q retained
prerank,GO_Biological_Process_2021::regulation of MAPK cascade (GO:0043408),0.5425791534957285,1.9122360088267756,0.0,0.0022100357068068,0.4255,47/95,21.47%,TMEM106A;LBH;PAGE4;GDF15;MYDGF;MYOC;LILRB4;ABCA7;LAPTM5;LILRA5;CAV3;TGFBR3;ALOX12B;LEP;PTPN6;SHC1;RRAS;PAK1;NEK10;LIF;CAV1;PAK3;EGF;GPR37L1;ATP6AP2;OSM;PAK6;CEACAM1;CD24;FAS;PLCG2;FGF10;IAPP;ARHGEF5;SOX2;DUSP1;PKHD1;IL11;FCRL3;TAOK2;RASGRP1;TRIM5;TAOK3;TRAF7;BMP2;THPO;STK4,0.0022100357068068,1.9122360088267756,GO_Biological_Process_2021,positive,1.9122360088267756,1,GO_Biological_Process_2021::regulation of MAPK cascade (GO:0043408),0.0022100357068068,raw q retained
prerank,GO_Biological_Process_2021::post-Golgi vesicle-mediated transport (GO:0006892),0.5566604851735268,1.9126750660986245,0.0,0.0022140739967175,0.423,54/82,30.12%,SORCS1;AP1S3;SCAMP2;TXNDC5;SNAP23;EXOC6;AP4M1;FTL;AP1M2;CCDC93;MYO1B;OSBPL5;AP1G2;AP1B1;FTH1;ACBD3;RP2;DTNBP1;COMMD1;CLTC;EPS15;SORL1;KIF16B;AP2A1;CCDC22;BLOC1S4;SH3D19;EXOC2;STX4;BLOC1S6;AP1M1;SCAMP3;CLINT1;SH3GL2;AP4S1;AP1S1;NAPA;ARL3;CHMP2A;VAMP7;RAB10;ARRB1;SORT1;RAB14;EXOC8;AP1S2;AP4B1;STXBP6;EXOC6B;SCFD1;BLOC1S3;RABIF;ARF1;EXOC4,0.0022140739967175,1.9126750660986245,GO_Biological_Process_2021,positive,1.9126750660986245,1,GO_Biological_Process_2021::post-Golgi vesicle-mediated transport (GO:0006892),0.0022140739967175,raw q retained
prerank,GO_Biological_Process_2021::positive regulation of endothelial cell proliferation (GO:0001938),0.6139983920018255,1.9128022497159776,0.0,0.0022148778209527,0.421,26/42,22.13%,ZNF580;ECM1;MYDGF;ANG;CCL26;GATA2;HIF1A;VASH2;APELA;EGR3;HMOX1;EGF;BMP4;AGGF1;PRKD2;STAT5A;PLCG1;CCL24;FGFBP1;NRARP;BMP2;VIP;ARNT;NR4A1;APLN;EMC10,0.0022148778209527,1.9128022497159776,GO_Biological_Process_2021,positive,1.9128022497159776,2,GO_Biological_Process_2021::positive regulation of endothelial cell proliferation (GO:0001938) | GO_Biological_Process_2021::positive regulation of epithelial cell proliferation (GO:0050679),0.0022148778209527,raw q retained
prerank,GO_Biological_Process_2021::regulation of glucose import (GO:0046324),0.7008614540360582,1.9111646399987523,0.0007251631617113,0.0022422161974046,0.433,16/22,22.68%,PID1;ITLN1;ADIPOQ;ENPP1;SORBS1;LEP;OCLN;CREBL2;PLA2G1B;OSBPL8;RHOQ;FGF19;CAPN10;IRS2;CLTCL1;PRKAG2,0.0022422161974046,1.9111646399987523,GO_Biological_Process_2021,positive,1.9111646399987523,4,GO_Biological_Process_2021::regulation of glucose import (GO:0046324) | GO_Biological_Process_2021::positive regulation of glucose transmembrane transport (GO:0010828) | GO_Biological_Process_2021::positive regulation of glucose import (GO:0046326) | GO_Biological_Process_2021::response to insulin (GO:0032868),0.0022422161974046,raw q retained
prerank,GO_Biological_Process_2021::regulation of focal adhesion assembly (GO:0051893),0.6082830688991037,1.911288099291364,0.0,0.0022430977524907,0.4315,24/43,20.63%,FAM107A;MYOC;VCL;THY1;THBS1;DMTN;PPM1F;HRG;LIMCH1;COL16A1;CORO1C;FERMT2;LIMS1;PTEN;ARHGAP6;DLC1;LDB1;APOD;CAMSAP3;RHOA;S100A10;PHLDB2;EFNA5;DAPK3,0.0022430977524907,1.911288099291364,GO_Biological_Process_2021,positive,1.911288099291364,4,GO_Biological_Process_2021::regulation of focal adhesion assembly (GO:0051893) | GO_Biological_Process_2021::negative regulation of focal adhesion assembly (GO:0051895) | GO_Biological_Process_2021::negative regulation of cell-substrate junction organization (GO:0150118) | GO_Biological_Process_2021::negative regulation of cell junction assembly (GO:1901889),0.0022430977524907,raw q retained
prerank,GO_Biological_Process_2021::regulation of T cell migration (GO:2000404),0.7643343741854951,1.9086005109723023,0.0,0.0023302199100521,0.4505,13/15,20.16%,CCL21;CCL5;AIF1;LRCH1;DOCK8;CCL20;CCR6;SPN;AIRE;APOD;CD200R1;RHOA;PYCARD,0.0023302199100521,1.9086005109723023,GO_Biological_Process_2021,positive,1.9086005109723023,3,GO_Biological_Process_2021::regulation of T cell migration (GO:2000404) | GO_Biological_Process_2021::positive regulation of T cell migration (GO:2000406) | GO_Biological_Process_2021::positive regulation of lymphocyte migration (GO:2000403),0.0023302199100521,raw q retained
prerank,GO_Biological_Process_2021::histone H3-K4 methylation (GO:0051568),-0.5769756106499987,-2.019080936046126,0.0,0.0023785380525489,0.3205,19/27,32.44%,BEND3;PAXIP1;SETD4;KMT2D;SETD1B;ASH2L;KMT2B;SETMAR;DYDC1;SETD1A;KMT2C;ZNF335;CXXC1;RBBP5;WDR61;DPY30;TET3;WDR5B;CTR9,0.0023785380525489,-2.019080936046126,GO_Biological_Process_2021,negative,2.019080936046126,4,GO_Biological_Process_2021::histone H3-K4 methylation (GO:0051568) | GO_Biological_Process_2021::peptidyl-lysine dimethylation (GO:0018027) | GO_Biological_Process_2021::peptidyl-lysine trimethylation (GO:0018023) | GO_Biological_Process_2021::histone lysine methylation (GO:0034968),0.0023785380525489,raw q retained
prerank,GO_Biological_Process_2021::regulation of epithelial cell differentiation (GO:0030856),0.7372486042790216,1.905949966902476,0.0007980845969672,0.0024111850703558,0.4625,14/17,19.65%,OSR1;APOLD1;ALOX15B;PRKX;CAV1;CEACAM1;CD24;CEBPB;GATA3;MAFF;KLF7;AJAP1;SOX9;MAFG,0.0024111850703558,1.905949966902476,GO_Biological_Process_2021,positive,1.905949966902476,1,GO_Biological_Process_2021::regulation of epithelial cell differentiation (GO:0030856),0.0024111850703558,raw q retained
prerank,GO_Biological_Process_2021::regulation of cytokine-mediated signaling pathway (GO:0001959),0.5942902479067054,1.905457890372593,0.0,0.0024241834566413,0.466,35/51,27.15%,ELF1;SPPL2A;RNASEL;USP18;IL7;PTPN6;IRAK2;IL36RN;SPHK1;CD24;TNFAIP3;SPPL2B;TRAF1;IRAK3;LIFR;IL3;RUNX1;PTPN1;SOCS1;ZBP1;TRAF2;PYCARD;STAT1;PTPN2;SPATA2;SIGIRR;CDC37;FADD;CBFB;HIPK1;RNF31;CYLD;IKBKG;SOCS3;TRADD,0.0024241834566413,1.905457890372593,GO_Biological_Process_2021,positive,1.905457890372593,2,GO_Biological_Process_2021::regulation of cytokine-mediated signaling pathway (GO:0001959) | GO_Biological_Process_2021::regulation of tumor necrosis factor-mediated signaling pathway (GO:0010803),0.0024241834566413,raw q retained
prerank,GO_Biological_Process_2021::regulation of chromosome segregation (GO:0051983),-0.6972778164853372,-2.016024824449399,0.0,0.0024447302792075,0.3355,7/14,14.34%,HORMAD1;MKI67;KIF2C;SMC6;SMC5;NUMA1;PUM2,0.0024447302792075,-2.016024824449399,GO_Biological_Process_2021,negative,2.016024824449399,1,GO_Biological_Process_2021::regulation of chromosome segregation (GO:0051983),0.0024447302792075,raw q retained
prerank,GO_Biological_Process_2021::peroxisome organization (GO:0007031),-0.6082102916648968,-2.016544965092503,0.0015698587127158,0.0024536546769172,0.334,17/23,31.03%,PEX11G;PEX10;PEX19;PEX2;PEX11B;PEX14;PEX6;PEX12;ABCD4;PEX16;ABCD3;PEX7;PEX1;DNM1L;LONP2;PEX11A;ACOT8,0.0024536546769172,-2.016544965092503,GO_Biological_Process_2021,negative,2.016544965092503,5,GO_Biological_Process_2021::peroxisome organization (GO:0007031) | GO_Biological_Process_2021::peroxisomal membrane transport (GO:0015919) | GO_Biological_Process_2021::protein targeting to peroxisome (GO:0006625) | GO_Biological_Process_2021::protein import into peroxisome matrix (GO:0016558) | GO_Biological_Process_2021::protein import into peroxisome membrane (GO:0045046),0.0024536546769172,raw q retained
prerank,GO_Biological_Process_2021::histone monoubiquitination (GO:0010390),-0.6041374389508427,-2.0161379292785626,0.0,0.0024567142511644,0.3355,14/23,22.50%,RING1;BCOR;PAF1;TRIM37;RYBP;RNF20;ATXN7L3;RNF40;RNF2;RAG1;DDB2;CUL4B;CDC73;UHRF1,0.0024567142511644,-2.0161379292785626,GO_Biological_Process_2021,negative,2.0161379292785626,2,GO_Biological_Process_2021::histone monoubiquitination (GO:0010390) | GO_Biological_Process_2021::histone H2A ubiquitination (GO:0033522),0.0024567142511644,raw q retained
prerank,GO_Biological_Process_2021::nervous system development (GO:0007399),-0.3813617388245655,-2.0114734245201453,0.0,0.0025527415516097,0.352,118/385,13.87%,PCDHA11;PCDHA7;PCDHA6;PCDHA3;PCDHB16;PCDHA10;PCDHA4;MOBP;ADAM23;MYT1L;ADAM22;SPINK6;PSPN;NLGN3;PCDHA1;CHST8;HAPLN2;PCDHB5;GRHL2;PCDHB2;PCDHB14;PCDHB6;GRIK1;WDPCP;PCDHB12;LGI1;ZIC2;POU3F3;HPCAL4;DSCAM;LY6H;STIL;IL1RAPL2;NEUROG3;SOX3;NAV1;INTU;GFRA2;SOX8;GBX2;LIG4;SLITRK1;MOG;DNER;NLGN2;ZIC4;NMUR2;NRTN;ZC4H2;ZIC5;NHLH1;ARTN;GFRA3;SPINK5;GLRB;PPP2R5D;POU4F1;SCN2A;CHERP;VAX1;NRXN2;SCRG1;MARK4;MAL;ZIC1;EMX1;TBX6;MBD5;MNX1;RYK;CHD7;BTBD1;DSCAML1;KLK6;AHI1;APBA1;FKTN;CBLN1;TRIM3;CDK5RAP2;FEZ1;ELP3;POU3F2;TRAK1;NR2C2;CYP51A1;ATXN1;MAP1S;BTBD2;NFASC;APC;DHX30;ZIC3;ACVR1B;ECT2;GDF11;EMX2;FZD9;P2RX5;NTN5;APBA2;CPNE6;RAPGEF5;DPF2;SOX10;ADORA1;KIRREL3;DPF1;MTF1;ACVR1C;ADGRV1;SHH;SCD5;EIF2B2;SHOX2;MAB21L2;DNM3;ATN1,0.0025527415516097,-2.0114734245201453,GO_Biological_Process_2021,negative,2.0114734245201453,3,GO_Biological_Process_2021::nervous system development (GO:0007399) | GO_Biological_Process_2021::central nervous system development (GO:0007417) | GO_Biological_Process_2021::in utero embryonic development (GO:0001701),0.0025527415516097,raw q retained
prerank,GO_Biological_Process_2021::cellular divalent inorganic cation homeostasis (GO:0072503),0.5399384531866672,1.9005548050927297,0.0,0.0026327600129406,0.496,50/91,22.83%,SLC11A1;MT1A;MT1G;TMEM203;MT1M;ATP13A1;STC1;CALCB;CCL5;MT1H;TMEM165;CCL19;CDH5;ATP13A3;CCL8;CCL14;CCL7;CCL13;EDN1;CCL15;CCL1;MT2A;SLC24A1;SLC39A14;CCL23;CAV1;MT1F;MT1HL1;TPT1;CSRP3;MT1E;MT1X;SLC24A4;EDN2;SLC8A3;NPTN;PKHD1;SLC39A5;CCL3;DRD4;DMPK;EDN3;RMDN3;ATP2C2;RYR2;STC2;SLC8A1;ATP2C1;VAPB;ANK2,0.0026327600129406,1.9005548050927297,GO_Biological_Process_2021,positive,1.9005548050927297,4,GO_Biological_Process_2021::cellular divalent inorganic cation homeostasis (GO:0072503) | GO_Biological_Process_2021::calcium ion homeostasis (GO:0055074) | GO_Biological_Process_2021::cellular calcium ion homeostasis (GO:0006874) | GO_Biological_Process_2021::cellular metal ion homeostasis (GO:0006875),0.0026327600129406,raw q retained
prerank,GO_Biological_Process_2021::regulation of embryonic development (GO:0045995),-0.5718359778647882,-2.007771584519165,0.0,0.0026583246698669,0.3655,14/29,17.23%,WDPCP;TLE6;CRB2;RACGAP1;OTX2;CLASP1;EHMT1;RBM19;NR2C2;NIPBL;TDG;ZBED3;CLASP2;NPHP3,0.0026583246698669,-2.007771584519165,GO_Biological_Process_2021,negative,2.007771584519165,2,GO_Biological_Process_2021::regulation of embryonic development (GO:0045995) | GO_Biological_Process_2021::establishment of spindle localization (GO:0051293),0.0026583246698669,raw q retained
prerank,GO_Biological_Process_2021::sprouting angiogenesis (GO:0002040),0.6626926920098709,1.8980599891326748,0.0,0.0027367268544314,0.5125,18/28,21.71%,ADTRP;RECK;ESM1;PARVA;THBS1;CCBE1;EGR3;BMP4;SLIT2;ADGRA2;TDGF1;RNF213;BMPER;ROBO1;GPLD1;YJEFN3;NRARP;NR4A1,0.0027367268544314,1.8980599891326748,GO_Biological_Process_2021,positive,1.8980599891326748,1,GO_Biological_Process_2021::sprouting angiogenesis (GO:0002040),0.0027367268544314,raw q retained
prerank,GO_Biological_Process_2021::microtubule bundle formation (GO:0001578),-0.5351871981546594,-2.0038555689197537,0.0,0.0027444968378833,0.3795,15/40,9.67%,RSPH1;RSPH4A;CCDC40;CFAP206;SPAG16;GAS8;NAV1;CFAP74;MARK4;CLASP1;CDK5RAP2;NUMA1;GAS2L2;AAAS;MAP1S,0.0027444968378833,-2.0038555689197537,GO_Biological_Process_2021,negative,2.0038555689197537,1,GO_Biological_Process_2021::microtubule bundle formation (GO:0001578),0.0027444968378833,raw q retained
prerank,GO_Biological_Process_2021::protein localization to cilium (GO:0061512),-0.5425539548132521,-2.003873218226952,0.0,0.0027572028417624,0.3795,14/34,11.04%,ROPN1;TTC21A;ROPN1B;ARL6;FSIP2;TCTN1;NPHP4;TTC21B;WDR19;TCTN2;TULP3;INVS;FAM149B1;IFT20,0.0027572028417624,-2.003873218226952,GO_Biological_Process_2021,negative,2.003873218226952,1,GO_Biological_Process_2021::protein localization to cilium (GO:0061512),0.0027572028417624,raw q retained
prerank,GO_Biological_Process_2021::triglyceride homeostasis (GO:0070328),0.6972021475952207,1.8974550526121567,0.0,0.0027610013271972,0.5165,15/21,23.14%,C1QTNF3;APOA5;CETP;APOC2;LPL;LIPC;ANGPTL8;APOA1;ANGPTL4;XBP1;GPIHBP1;APOE;SCARB1;DGAT2;MLXIPL,0.0027610013271972,1.8974550526121567,GO_Biological_Process_2021,positive,1.8974550526121567,2,GO_Biological_Process_2021::triglyceride homeostasis (GO:0070328) | GO_Biological_Process_2021::regulation of lipoprotein lipase activity (GO:0051004),0.0027610013271972,raw q retained
prerank,GO_Biological_Process_2021::regulation of muscle contraction (GO:0006937),0.6962326293204147,1.89491399559084,0.0007380073800738,0.0028546764127189,0.53,17/21,22.06%,CNN1;ANXA6;MYL3;MYLK2;TNNI1;TNNT3;TPM1;TNNC2;MYL9;CAV1;TNNT1;MYBPH;PPP1R12B;KCNB2;DAPK3;PLCE1;MYL5,0.0028546764127189,1.89491399559084,GO_Biological_Process_2021,positive,1.89491399559084,1,GO_Biological_Process_2021::regulation of muscle contraction (GO:0006937),0.0028546764127189,raw q retained
prerank,GO_Biological_Process_2021::negative regulation of lymphocyte activation (GO:0051250),0.7196754098313491,1.8923257146903811,0.0,0.0029620035968877,0.5435,13/17,19.71%,SAMSN1;LST1;PIBF1;PTPN22;TNFAIP8L2;LAPTM5;FGL1;FOXJ1;IL4I1;TNFAIP3;BANK1;PAG1;MICA,0.0029620035968877,1.8923257146903811,GO_Biological_Process_2021,positive,1.8923257146903811,2,GO_Biological_Process_2021::negative regulation of lymphocyte activation (GO:0051250) | GO_Biological_Process_2021::negative regulation of leukocyte cell-cell adhesion (GO:1903038),0.0029620035968877,raw q retained
prerank,GO_Biological_Process_2021::plasma membrane organization (GO:0007009),0.5842593392937974,1.8883444259649664,0.0,0.0031386027396446,0.5675,29/53,23.66%,PLSCR4;AHNAK2;A4GALT;ANXA6;TRIM72;ABCA7;FER1L5;DYSF;CAV3;ARV1;TLCD2;EHD2;MYOF;MYH9;CLN3;SERP1;PLSCR1;BIN2;FNBP1L;ANO6;SYT7;RAB3A;ARL8B;SNX9;STX4;SYTL4;CHMP4A;ANK2;SPTBN1,0.0031386027396446,1.8883444259649664,GO_Biological_Process_2021,positive,1.8883444259649664,2,GO_Biological_Process_2021::plasma membrane organization (GO:0007009) | GO_Biological_Process_2021::plasma membrane repair (GO:0001778),0.0031386027396446,raw q retained
prerank,GO_Biological_Process_2021::regulation of B cell activation (GO:0050864),0.7098670323684249,1.886995080503304,0.0007710100231303,0.0031879005122548,0.572,13/18,21.98%,SAMSN1;THEMIS2;SLAMF8;LAPTM5;IGLL5;FOXJ1;ZFP36L1;IL4I1;TNFAIP3;FCRL3;BANK1;TNIP2;SH3KBP1,0.0031879005122548,1.886995080503304,GO_Biological_Process_2021,positive,1.886995080503304,1,GO_Biological_Process_2021::regulation of B cell activation (GO:0050864),0.0031879005122548,raw q retained
prerank,GO_Biological_Process_2021::regulation of membrane protein ectodomain proteolysis (GO:0051043),0.7424817057117061,1.885911241707688,0.0007968127490039,0.0032252533105389,0.578,12/16,21.63%,TIMP3;TIMP4;ADAM8;PTPN3;TNFRSF1B;FURIN;TIMP2;TIMP1;APOE;GPLD1;SNX9;SH3D19,0.0032252533105389,1.885911241707688,GO_Biological_Process_2021,positive,1.885911241707688,3,GO_Biological_Process_2021::regulation of membrane protein ectodomain proteolysis (GO:0051043) | GO_Biological_Process_2021::positive regulation of proteolysis (GO:0045862) | GO_Biological_Process_2021::positive regulation of membrane protein ectodomain proteolysis (GO:0051044),0.0032252533105389,raw q retained
prerank,GO_Biological_Process_2021::negative regulation of cell migration (GO:0030336),0.5206830751062186,1.884886915112604,0.0,0.0032288261683371,0.586,55/122,21.32%,PODN;MCTP1;SRGAP2B;ADTRP;TMIGD3;MAPK15;IGFBP5;ARHGDIB;VCL;STC1;RECK;EVL;TP53INP1;ADIPOQ;CLDN5;THY1;LIMCH1;IGFBP3;TPM1;IFITM1;HYAL2;PTPRR;FOXO3;ALOX15B;SULF1;TRIB1;CHRD;HMOX1;GJA1;ARHGAP4;CORO1C;CYP1B1;DPYSL3;TNN;RAP2B;ATP1B2;SFRP2;SLIT2;BST2;PTPRG;PTEN;RAP2C;DLC1;CDH1;TBX5;TIMP1;ROBO1;PHLDB2;ARPIN;DUSP10;HAS1;JAG1;MITF;PTPRT;ADGRG1,0.0032288261683371,1.884886915112604,GO_Biological_Process_2021,positive,1.884886915112604,2,GO_Biological_Process_2021::negative regulation of cell migration (GO:0030336) | GO_Biological_Process_2021::negative regulation of cell motility (GO:2000146),0.0032288261683371,raw q retained
prerank,GO_Biological_Process_2021::ephrin receptor signaling pathway (GO:0048013),0.5920924002939006,1.8854911220968251,0.0,0.0032350767250236,0.581,36/50,28.60%,VAV2;SDC2;DNM1;PAK1;KALRN;PAK3;AP2A2;NCK2;ITSN1;VAV3;ACTR2;RHOA;EFNB3;ARHGEF28;CDK5R1;EFNA5;WASL;AP2B1;NGEF;SDCBP;AP2S1;CDC42;AP2A1;ARPC1B;EFNB1;ARPC2;EFNA3;CRK;ACTR3;ACTG1;ANKS1A;NCSTN;GIT1;ARPC4;ARPC3;RASA1,0.0032350767250236,1.8854911220968251,GO_Biological_Process_2021,positive,1.8854911220968251,2,GO_Biological_Process_2021::ephrin receptor signaling pathway (GO:0048013) | GO_Biological_Process_2021::Arp2/3 complex-mediated actin nucleation (GO:0034314),0.0032350767250236,raw q retained
prerank,GO_Biological_Process_2021::positive regulation of smooth muscle cell proliferation (GO:0048661),0.6714061054375388,1.8826200311621968,0.0,0.0033579918894712,0.5965,17/25,20.56%,IGFBP5;CCL5;NR4A3;THBS1;SERPINF2;ADAMTS1;JUN;AIF1;EDN1;HMOX1;GJA1;PHB;BMP4;RBPMS2;FGF9;ID2;STAT1,0.0033579918894712,1.8826200311621968,GO_Biological_Process_2021,positive,1.8826200311621968,3,GO_Biological_Process_2021::positive regulation of smooth muscle cell proliferation (GO:0048661) | GO_Biological_Process_2021::positive regulation of smooth muscle cell migration (GO:0014911) | GO_Biological_Process_2021::positive regulation of cell population proliferation (GO:0008284),0.0033579918894712,raw q retained
prerank,GO_Biological_Process_2021::sulfur compound biosynthetic process (GO:0044272),0.5261423600344582,1.879964636806828,0.0,0.0034551757654877,0.612,54/107,21.72%,LUM;DCN;PRELP;OGN;OMD;FMOD;KERA;HPGDS;GGT6;VCAN;ACAN;DSE;GGT5;BGN;CHAC2;CHAC1;GSTM1;PAPSS2;GSTM5;GSTM2;GSTA2;NCAN;CHST14;CSPG4;GSTA1;GSTA3;GGT7;GSTM3;CHST13;CTH;BCAN;ST3GAL3;GSTO2;GGTLC3;MGST1;CHST1;CHST11;UGDH;CHST15;CHST12;GSTT2B;CDO1;GGT2;CSGALNACT1;GGT1;GSS;MGST2;CSPG5;GSTM4;ST3GAL1;UST;GSTA4;SLC26A2;GCLM,0.0034551757654877,1.879964636806828,GO_Biological_Process_2021,positive,1.879964636806828,1,GO_Biological_Process_2021::sulfur compound biosynthetic process (GO:0044272),0.0034551757654877,raw q retained
prerank,GO_Biological_Process_2021::natural killer cell mediated immunity (GO:0002228),0.7318769599360828,1.8786126224156992,0.0007849293563579,0.0035049469031437,0.6165,13/16,22.21%,ULBP1;KIR3DL1;KLRC2;KLRD1;KLRK1;ULBP2;ULBP3;GZMB;CEBPG;ARL8B;MICA;LYST;CLEC2A,0.0035049469031437,1.8786126224156992,GO_Biological_Process_2021,positive,1.8786126224156992,2,GO_Biological_Process_2021::natural killer cell mediated immunity (GO:0002228) | GO_Biological_Process_2021::natural killer cell mediated cytotoxicity (GO:0042267),0.0035049469031437,raw q retained
prerank,GO_Biological_Process_2021::negative regulation of cysteine-type endopeptidase activity (GO:2000117),0.6163218448834149,1.8759816383314396,0.0,0.0036623373342768,0.636,20/35,22.79%,GPX1;CST7;CARD18;LAMP3;THBS1;LTF;CAST;CARD16;AQP1;NAIP;IFI6;TRIAP1;SFN;ARL6IP1;YWHAE;XIAP;CARD8;KLF4;NGFR;AVP,0.0036623373342768,1.8759816383314396,GO_Biological_Process_2021,positive,1.8759816383314396,5,GO_Biological_Process_2021::negative regulation of cysteine-type endopeptidase activity (GO:2000117) | GO_Biological_Process_2021::regulation of cysteine-type endopeptidase activity involved in apoptotic process (GO:0043281) | GO_Biological_Process_2021::negative regulation of cysteine-type endopeptidase activity involved in apoptotic process (GO:0043154) | GO_Biological_Process_2021::negative regulation of programmed cell death (GO:0043069) | GO_Biological_Process_2021::negative regulation of apoptotic process (GO:0043066),0.0036623373342768,raw q retained
prerank,GO_Biological_Process_2021::regulation of integrin-mediated signaling pathway (GO:2001044),0.7832695821264906,1.8707527631879224,0.000823723228995,0.0038740457800511,0.6605,10/12,18.30%,EMP2;LIMS2;PHACTR4;DMTN;CD177;LIMS1;SLC2A10;LOXL3;TIMP1;BST1,0.0038740457800511,1.8707527631879224,GO_Biological_Process_2021,positive,1.8707527631879224,1,GO_Biological_Process_2021::regulation of integrin-mediated signaling pathway (GO:2001044),0.0038740457800511,raw q retained
prerank,GO_Biological_Process_2021::vitamin transport (GO:0051180),0.652022520857337,1.870828723270842,0.0007299270072992,0.0038781091385745,0.66,20/28,22.82%,SLC2A6;FOLR2;SLC2A14;FOLR3;CUBN;GC;AMN;PDPN;SLC19A2;APOA1;SLC2A10;TCN1;SLC52A1;TCN2;SLC46A1;SLC25A32;SLC23A1;ABCG2;SLC2A8;CD320,0.0038781091385745,1.870828723270842,GO_Biological_Process_2021,positive,1.870828723270842,1,GO_Biological_Process_2021::vitamin transport (GO:0051180),0.0038781091385745,raw q retained
prerank,GO_Biological_Process_2021::T cell activation (GO:0042110),0.5739383604748463,1.8679427477273405,0.0006756756756756,0.0039961188476995,0.6765,32/50,22.33%,TREML2;ZAP70;PTPN22;CD8B;CD8A;CCL21;CD7;CD1C;CLEC7A;CCL19;IL2;CCR7;RHOH;LEP;IRF4;FOXP3;LCP1;LAT;JAML;NCK1;GATA3;NCK2;NLRC3;F2RL1;DDOST;RASGRP1;HSPD1;MICB;MICA;PTPN2;RAB29;JAG2,0.0039961188476995,1.8679427477273405,GO_Biological_Process_2021,positive,1.8679427477273405,1,GO_Biological_Process_2021::T cell activation (GO:0042110),0.0039961188476995,raw q retained
prerank,GO_Biological_Process_2021::negative regulation of catabolic process (GO:0009895),0.6331991444120594,1.867263651512645,0.0007132667617689,0.0040041097634118,0.6805,20/32,19.97%,ZDHHC7;APOA2;CST3;AGAP2;CIDEA;NUPR1;AZIN2;FBP1;APOC1;CBFA2T3;AZIN1;PHB;ACTN3;FMN2;SNX12;IRAK3;NCOR1;BSCL2;ADGRB1;SNX3,0.0040041097634118,1.867263651512645,GO_Biological_Process_2021,positive,1.867263651512645,5,GO_Biological_Process_2021::negative regulation of catabolic process (GO:0009895) | GO_Biological_Process_2021::negative regulation of cellular carbohydrate metabolic process (GO:0010677) | GO_Biological_Process_2021::negative regulation of protein catabolic process (GO:0042177) | GO_Biological_Process_2021::negative regulation of ATP metabolic process (GO:1903579) | GO_Biological_Process_2021::negative regulation of lipid metabolic process (GO:0045833),0.0040041097634118,raw q retained
prerank,GO_Biological_Process_2021::neuropeptide signaling pathway (GO:0007218),-0.5171311728283585,-1.9662572826940967,0.0,0.0040082562201801,0.5255,15/40,12.20%,MCHR1;QRFP;GLRA3;GALR1;PPY;NMUR2;RXFP4;GALR3;GLRB;GALR2;NMUR1;NXPH4;PNOC;NMU;GAL,0.0040082562201801,-1.9662572826940967,GO_Biological_Process_2021,negative,1.9662572826940967,1,GO_Biological_Process_2021::neuropeptide signaling pathway (GO:0007218),0.0040082562201801,raw q retained
prerank,GO_Biological_Process_2021::positive regulation of proteolysis involved in cellular protein catabolic process (GO:1903052),0.685737912217609,1.8658362217229665,0.0,0.0040335684090962,0.6875,14/22,21.71%,ECSCR;LAPTM5;CAV3;NUPR1;TREM2;TMTC3;BAG2;PTEN;OSBPL7;PYHIN1;GBA;RNF139;CCDC22;FBXW7,0.0040335684090962,1.8658362217229665,GO_Biological_Process_2021,positive,1.8658362217229665,2,GO_Biological_Process_2021::positive regulation of proteolysis involved in cellular protein catabolic process (GO:1903052) | GO_Biological_Process_2021::regulation of proteasomal protein catabolic process (GO:0061136),0.0040335684090962,raw q retained
prerank,GO_Biological_Process_2021::ribosomal subunit export from nucleus (GO:0000054),-0.7556167996872929,-1.9624013927266624,0.0,0.0041543800877577,0.541,7/10,10.67%,NOP9;RRS1;LTV1;LSG1;SDAD1;NMD3;ABCE1,0.0041543800877577,-1.9624013927266624,GO_Biological_Process_2021,negative,1.9624013927266624,1,GO_Biological_Process_2021::ribosomal subunit export from nucleus (GO:0000054),0.0041543800877577,raw q retained
prerank,GO_Biological_Process_2021::regulation of insulin-like growth factor receptor signaling pathway (GO:0043567),0.7394222929079899,1.860625404039695,0.0015822784810126,0.0043381157645866,0.7215,8/15,8.49%,CILP;IGFBP6;IGFBP5;IGFBP4;IGFBP2;GH1;IGFBP1;IGFBP3,0.0043381157645866,1.860625404039695,GO_Biological_Process_2021,positive,1.860625404039695,1,GO_Biological_Process_2021::regulation of insulin-like growth factor receptor signaling pathway (GO:0043567),0.0043381157645866,raw q retained
prerank,GO_Biological_Process_2021::regulation of T cell mediated cytotoxicity (GO:0001914),0.6741229952841726,1.8603361744296505,0.0022970903522205,0.0043491682655092,0.7225,16/21,24.86%,CD1A;CD1E;LILRB1;CD1C;CD1D;CD1B;KLRD1;HLA-DRA;XCL1;CEACAM1;IL23R;IL12RB1;HLA-A;HLA-B;FADD;RIPK3,0.0043491682655092,1.8603361744296505,GO_Biological_Process_2021,positive,1.8603361744296505,3,GO_Biological_Process_2021::regulation of T cell mediated cytotoxicity (GO:0001914) | GO_Biological_Process_2021::positive regulation of T cell mediated immunity (GO:0002711) | GO_Biological_Process_2021::positive regulation of T cell mediated cytotoxicity (GO:0001916),0.0043491682655092,raw q retained
prerank,GO_Biological_Process_2021::leukocyte cell-cell adhesion (GO:0007159),0.7644855533991785,1.85948059307127,0.0,0.0043844572110663,0.7295,12/13,21.12%,OLR1;CCL5;CLEC4M;CD209;CD177;CERCAM;VCAM1;F11R;PECAM1;FERMT3;EZR;TNIP1,0.0043844572110663,1.85948059307127,GO_Biological_Process_2021,positive,1.85948059307127,1,GO_Biological_Process_2021::leukocyte cell-cell adhesion (GO:0007159),0.0043844572110663,raw q retained
prerank,GO_Biological_Process_2021::peptidyl-tyrosine phosphorylation (GO:0018108),0.7049694434758101,1.8571638825270107,0.0,0.0044882754912671,0.741,15/18,25.95%,EFEMP1;ZAP70;PIBF1;PKDCC;ABI3;LEP;PTPN6;ABL2;ABI2;TXK;RELN;ABI1;PRLR;DDR1;FES,0.0044882754912671,1.8571638825270107,GO_Biological_Process_2021,positive,1.8571638825270107,2,GO_Biological_Process_2021::peptidyl-tyrosine phosphorylation (GO:0018108) | GO_Biological_Process_2021::peptidyl-tyrosine modification (GO:0018212),0.0044882754912671,raw q retained
prerank,GO_Biological_Process_2021::tRNA 5'-leader removal (GO:0001682),-0.723215309505604,-1.9520367485047163,0.0,0.0046124191160435,0.5895,8/12,18.51%,RPP25;RPP38;RPP14;POP7;RPP30;POP1;POP4;POP5,0.0046124191160435,-1.9520367485047163,GO_Biological_Process_2021,negative,1.9520367485047163,2,GO_Biological_Process_2021::tRNA 5'-leader removal (GO:0001682) | GO_Biological_Process_2021::tRNA 5'-end processing (GO:0099116),0.0046124191160435,raw q retained
prerank,GO_Biological_Process_2021::phosphatidylserine metabolic process (GO:0006658),0.645369613095084,1.8546018333024208,0.0,0.0046130097880113,0.7595,15/27,20.87%,SERINC1;OSBPL10;PLA2G2D;PLA2G3;PLA2G1B;PLA2G2F;OSBPL8;OSBPL5;PLSCR1;PLA2G15;PLA2G4E;PLA2G4D;PLA2G4B;LPCAT4;ABHD16A,0.0046130097880113,1.8546018333024208,GO_Biological_Process_2021,positive,1.8546018333024208,4,GO_Biological_Process_2021::phosphatidylserine metabolic process (GO:0006658) | GO_Biological_Process_2021::phosphatidylserine acyl-chain remodeling (GO:0036150) | GO_Biological_Process_2021::phosphatidylcholine metabolic process (GO:0046470) | GO_Biological_Process_2021::phosphatidylethanolamine acyl-chain remodeling (GO:0036152),0.0046130097880113,raw q retained
prerank,GO_Biological_Process_2021::negative regulation of protein transport (GO:0051224),0.6929685678066272,1.853173932376276,0.0,0.004731545474079,0.7715,13/19,20.89%,ADTRP;PKDCC;ADIPOQ;RSAD2;PPM1F;RHBDF2;CSK;RHBDF1;SNX12;DRD4;APOE;SNX3;NDFIP1,0.004731545474079,1.853173932376276,GO_Biological_Process_2021,positive,1.853173932376276,1,GO_Biological_Process_2021::negative regulation of protein transport (GO:0051224),0.004731545474079,raw q retained
prerank,GO_Biological_Process_2021::regulation of phosphatidylinositol 3-kinase signaling (GO:0014066),0.5665649134424801,1.8527129601135297,0.000632911392405,0.0047378206883902,0.7725,29/58,18.84%,PIK3IP1;DCN;MYDGF;MYOC;IER3;CCL5;NCF1;GH1;TWIST1;NEDD4;CSF3;HCLS1;TREM2;LEP;PTPN6;EPO;LIME1;EGF;PIP5K1B;OSM;HCST;CEACAM1;CBL;PTEN;NLRC3;F2RL1;NTF3;PIK3AP1;SOX9,0.0047378206883902,1.8527129601135297,GO_Biological_Process_2021,positive,1.8527129601135297,2,GO_Biological_Process_2021::regulation of phosphatidylinositol 3-kinase signaling (GO:0014066) | GO_Biological_Process_2021::positive regulation of phosphatidylinositol 3-kinase signaling (GO:0014068),0.0047378206883902,raw q retained
prerank,GO_Biological_Process_2021::positive regulation of leukocyte activation (GO:0002696),0.7601830936258962,1.8529191586585168,0.0008058017727639,0.0047411629888173,0.772,11/13,20.96%,HAVCR1;CLEC4D;LBP;TLR6;CLEC7A;THBS1;CD226;CEBPA;CRLF2;HSPD1;TNIP2,0.0047411629888173,1.8529191586585168,GO_Biological_Process_2021,positive,1.8529191586585168,2,GO_Biological_Process_2021::positive regulation of leukocyte activation (GO:0002696) | GO_Biological_Process_2021::positive regulation of macrophage activation (GO:0043032),0.0047411629888173,raw q retained
prerank,GO_Biological_Process_2021::negative regulation of endopeptidase activity (GO:0010951),0.5785349033524975,1.850239876357351,0.0,0.0048766605273466,0.788,32/51,21.00%,SERPINB8;SERPINB13;ANXA8;TIMP3;SERPINB10;SERPINF1;KNG1;RECK;SERPINB2;SERPINF2;SERPINB3;LTF;TIMP4;SPOCK2;HRG;SERPINH1;SERPINB4;AHSG;SERPINB9;SERPINE2;SERPINB5;VTN;SERPIND1;SERPINB1;SERPINA1;SERPINB6;TIMP2;TIMP1;SERPINA6;SERPINA5;SORL1;SERPINA3,0.0048766605273466,1.850239876357351,GO_Biological_Process_2021,positive,1.850239876357351,2,GO_Biological_Process_2021::negative regulation of endopeptidase activity (GO:0010951) | GO_Biological_Process_2021::regulation of endopeptidase activity (GO:0052548),0.0048766605273466,raw q retained
prerank,GO_Biological_Process_2021::bone development (GO:0060348),0.6179389396535832,1.8494134879754784,0.0,0.0049405512091662,0.792,25/33,24.77%,SULF2;IFITM5;MYOC;LRRC17;TGM2;STC1;P3H1;LTF;BGLAP;GH1;SFRP4;PLS3;RPL13;SULF1;GJA1;FGF8;TFAP2A;LRP5;GNAS;PPIB;SKI;DYM;SH3PXD2B;AKAP13;SBDS,0.0049405512091662,1.8494134879754784,GO_Biological_Process_2021,positive,1.8494134879754784,2,GO_Biological_Process_2021::bone development (GO:0060348) | GO_Biological_Process_2021::skeletal system development (GO:0001501),0.0049405512091662,raw q retained
prerank,GO_Biological_Process_2021::organophosphate ester transport (GO:0015748),0.6678934410602703,1.8448684185387805,0.000740192450037,0.0052186422631157,0.811,16/22,25.02%,NPC2;PRELID3A;PLTP;LDLR;TNFAIP8L3;OSBPL8;OSBPL5;PRELID1;PITPNB;PCTP;TRIAP1;PRELID3B;SCARB1;PITPNC1;PRELID2;PITPNM1,0.0052186422631157,1.8448684185387805,GO_Biological_Process_2021,positive,1.8448684185387805,1,GO_Biological_Process_2021::organophosphate ester transport (GO:0015748),0.0052186422631157,raw q retained
prerank,GO_Biological_Process_2021::negative regulation of signal transduction (GO:0009968),0.4843532485622396,1.8420218426560924,0.0,0.0054003001396091,0.8275,107/213,24.82%,TMBIM1;PID1;MMRN2;MDFI;EMILIN1;GPR108;CILP;HERC4;SULF2;DCN;PHACTR4;LILRA2;IGFBP5;GDF15;LEPROT;LGMN;ADIPOQ;ENPP1;GATA2;CCL5;THBS1;LTF;PTGIR;HRG;NEDD4;SFRP4;ADAMTS12;CHAC1;IGFBP3;KANK2;SNAI2;NFKBIL1;SULF1;TRIB1;AHSG;CX3CR1;CARD16;FRZB;SPRY1;GPC1;GATA4;TNS2;SFRP2;NR4A2;PLIN5;EGF;SLC2A10;SOST;BEND6;IL36RN;NCK1;GLIS2;GATA3;PTEN;DCC;NLRP12;BDNF;TNFAIP3;KIF26A;VCP;HIC1;APOD;PRAME;UBASH3B;PTPRE;IRAK3;CYP26C1;CYP26A1;PTPN1;DLK1;PLEK;TNMD;SPRY4;GRB7;SOCS1;SLAMF1;GBA;DKK3;NRARP;ASAH2;BMP2;RITA1;PTPRT;PTPN2;CARD8;MAPK8IP2;MAGEA1;PALM;FBXW7;NKD2;APLN;PTPN18;LRPAP1;DDIT4;LRRK2;RGS14;SIGIRR;NOG;TMBIM6;HEY1;TSC2;SEMA6A;ARRDC1;SOSTDC1;CNOT1;PTCH1;TSPAN15,0.0054003001396091,1.8420218426560924,GO_Biological_Process_2021,positive,1.8420218426560924,4,GO_Biological_Process_2021::negative regulation of signal transduction (GO:0009968) | GO_Biological_Process_2021::regulation of vascular endothelial growth factor receptor signaling pathway (GO:0030947) | GO_Biological_Process_2021::regulation of fibroblast growth factor receptor signaling pathway (GO:0040036) | GO_Biological_Process_2021::negative regulation of vascular endothelial growth factor receptor signaling pathway (GO:0030948),0.0054003001396091,raw q retained
prerank,GO_Biological_Process_2021::cellular response to interleukin-12 (GO:0071349),0.612733309124649,1.8415417197662136,0.0021082220660576,0.0054288980645931,0.8305,22/35,25.25%,SERPINB2;LCP1;GSTA2;STAT4;RAP1B;PDCD4;CAPZA1;HSPA9;SIRPA;TCP1;IL12RB1;CNN2;BOLA2;IL12RB2;CFL1;SOD2;CDC42;RALA;LMNB1;TALDO1;HNRNPF;MSN,0.0054288980645931,1.8415417197662136,GO_Biological_Process_2021,positive,1.8415417197662136,2,GO_Biological_Process_2021::cellular response to interleukin-12 (GO:0071349) | GO_Biological_Process_2021::interleukin-12-mediated signaling pathway (GO:0035722),0.0054288980645931,raw q retained
prerank,GO_Biological_Process_2021::regulation of response to cytokine stimulus (GO:0060759),0.6884670802135751,1.8395471369215637,0.0037091988130563,0.005541361579751,0.839,14/20,22.60%,ELF1;DDX58;IRAK2;IFIH1;PARP9;APOA1;LRRC70;CD24;LIFR;IL3;RUNX1;SH2B3;MAPK7;KLF4,0.005541361579751,1.8395471369215637,GO_Biological_Process_2021,positive,1.8395471369215637,1,GO_Biological_Process_2021::regulation of response to cytokine stimulus (GO:0060759),0.005541361579751,raw q retained
prerank,GO_Biological_Process_2021::membrane raft organization (GO:0031579),0.7428018987567495,1.8387769367444975,0.0,0.0055845916708519,0.842,12/14,21.36%,RFTN1;EMP2;MYADM;ABCA7;CAV3;PPT1;CLN3;FLOT2;NPC1;S100A10;YJEFN3;FLOT1,0.0055845916708519,1.8387769367444975,GO_Biological_Process_2021,positive,1.8387769367444975,1,GO_Biological_Process_2021::membrane raft organization (GO:0031579),0.0055845916708519,raw q retained
prerank,GO_Biological_Process_2021::regulation of cellular ketone metabolic process (GO:0010565),0.6680209521229189,1.8377848848596448,0.0021881838074398,0.005605624220778,0.848,17/23,23.04%,CES1;CYP7A1;OAZ2;OAZ3;AZIN1;CAV1;OAZ1;PANK2;PSMF1;PSMD5;PSMB2;PSMA2;PSMA8;NCOR2;PSMB4;PRKAG2;PSMD9,0.005605624220778,1.8377848848596448,GO_Biological_Process_2021,positive,1.8377848848596448,1,GO_Biological_Process_2021::regulation of cellular ketone metabolic process (GO:0010565),0.005605624220778,raw q retained
prerank,GO_Biological_Process_2021::negative regulation of viral process (GO:0048525),0.5545833595143489,1.8354588318250376,0.0,0.005752153864022,0.857,34/63,22.63%,PTX3;RNASEL;RSAD2;CCL5;OASL;OAS1;LTF;IFITM3;OAS2;SLPI;APOBEC3G;IFITM1;IFIT1;OAS3;ISG20;IFIH1;MX1;IFIT5;EIF2AK2;APOBEC3A;BST2;PLSCR1;IFITM2;FAM111A;PML;CHMP3;APOBEC3H;APOBEC3C;TRIM5;TRIM62;STAT1;TNIP1;ISG15;ZFP36,0.005752153864022,1.8354588318250376,GO_Biological_Process_2021,positive,1.8354588318250376,1,GO_Biological_Process_2021::negative regulation of viral process (GO:0048525),0.005752153864022,raw q retained
prerank,GO_Biological_Process_2021::regulation of double-strand break repair via homologous recombination (GO:0010569),-0.5136060763034291,-1.930810579098998,0.0,0.005777639247365,0.6835,20/35,20.77%,PARPBP;OOEP;FIGNL1;RPA2;RIF1;TP53BP1;SPIDR;SIRT6;MAD2L2;USP51;KLHL15;SETD2;ZNF365;RAD51AP1;MMS19;WDR48;FANCB;PPP4R2;TERF2IP;RMI2,0.005777639247365,-1.930810579098998,GO_Biological_Process_2021,negative,1.930810579098998,1,GO_Biological_Process_2021::regulation of double-strand break repair via homologous recombination (GO:0010569),0.005777639247365,raw q retained
prerank,GO_Biological_Process_2021::tRNA aminoacylation for protein translation (GO:0006418),-0.579125322534869,-1.9302540124128555,0.0015128593040847,0.0057895054419302,0.6855,12/24,19.09%,EARS2;VARS2;TARS2;SARS2;AARS2;PARS2;LARS2;NARS2;CARS2;IARS2;AIMP2;YARS2,0.0057895054419302,-1.9302540124128555,GO_Biological_Process_2021,negative,1.9302540124128555,1,GO_Biological_Process_2021::tRNA aminoacylation for protein translation (GO:0006418),0.0057895054419302,raw q retained
prerank,GO_Biological_Process_2021::positive regulation of protein processing (GO:0010954),0.736627877012016,1.833237036175748,0.0016012810248198,0.005864969561724,0.863,11/15,22.04%,CLEC3B;ADAM8;CCBE1;PLGRKT;ANGPTL8;NLRC4;MYH9;BAG2;ASTL;GSN;NKD2,0.005864969561724,1.833237036175748,GO_Biological_Process_2021,positive,1.833237036175748,2,GO_Biological_Process_2021::positive regulation of protein processing (GO:0010954) | GO_Biological_Process_2021::regulation of protein processing (GO:0070613),0.005864969561724,raw q retained
prerank,GO_Biological_Process_2021::cardiac muscle tissue development (GO:0048738),0.5811370478639238,1.8319870675081424,0.0006523157208088,0.0059625403308963,0.8695,33/45,26.67%,MYOCD;ACTC1;MYLK2;RBP4;MSC;GJA1;SGCG;GATA4;TTN;NKX2-5;CSRP3;ADAMTS9;SCN5A;BMP4;GATA6;NPPB;MSX2;MSX1;BMP7;BMP2;TCAP;SMAD1;GJA5;ANKRD1;TBX2;HEY1;AKAP13;SGCD;NRG1;SMAD4;GJB6;NPPA;SIK1,0.0059625403308963,1.8319870675081424,GO_Biological_Process_2021,positive,1.8319870675081424,2,GO_Biological_Process_2021::cardiac muscle tissue development (GO:0048738) | GO_Biological_Process_2021::muscle tissue morphogenesis (GO:0060415),0.0059625403308963,raw q retained
prerank,GO_Biological_Process_2021::regulation of Rho protein signal transduction (GO:0035023),0.5502320029569144,1.8317630068261452,0.0,0.0059683154982089,0.87,35/60,26.65%,GPR65;ARHGDIB;MYOC;RASIP1;GPR4;EPS8L1;KANK2;NET1;HEG1;EPS8L2;APOA1;F11R;F2RL1;DLC1;ABL2;LPAR6;STARD8;F2RL2;GPR35;ITGA3;ROBO1;APOE;OPHN1;ARHGEF28;EPS8;ADGRG1;GPR18;LPAR4;CUL3;LPAR1;AKAP13;MYO9B;ARHGEF3;CCDC125;ARRB1,0.0059683154982089,1.8317630068261452,GO_Biological_Process_2021,positive,1.8317630068261452,2,GO_Biological_Process_2021::regulation of Rho protein signal transduction (GO:0035023) | GO_Biological_Process_2021::positive regulation of Ras protein signal transduction (GO:0046579),0.0059683154982089,raw q retained
prerank,GO_Biological_Process_2021::regulation of pri-miRNA transcription by RNA polymerase II (GO:1902893),0.6242747699135357,1.829244684527302,0.0007189072609633,0.0061688612114582,0.883,21/29,22.65%,LILRB4;GATA2;NFIB;JUN;HIF1A;KLF5;FOXO3;SMAD3;PRL;POU5F1;BMP4;ETS1;GATA3;SPI1;FOS;FOSL1;SOX9;ATOH8;APLN;KLF4;NGFR,0.0061688612114582,1.829244684527302,GO_Biological_Process_2021,positive,1.829244684527302,2,GO_Biological_Process_2021::regulation of pri-miRNA transcription by RNA polymerase II (GO:1902893) | GO_Biological_Process_2021::positive regulation of pri-miRNA transcription by RNA polymerase II (GO:1902895),0.0061688612114582,raw q retained
prerank,GO_Biological_Process_2021::regulation of neutrophil chemotaxis (GO:0090022),0.6639699125761507,1.828482044297968,0.0037091988130563,0.0061960998199654,0.885,13/21,18.74%,C5AR2;CCL21;CCL19;CCR7;NCKAP1L;TIRAP;XCL1;RAC2;SLIT2;C1QBP;MCU;BST1;MPP1,0.0061960998199654,1.828482044297968,GO_Biological_Process_2021,positive,1.828482044297968,1,GO_Biological_Process_2021::regulation of neutrophil chemotaxis (GO:0090022),0.0061960998199654,raw q retained
prerank,GO_Biological_Process_2021::positive regulation of synapse assembly (GO:0051965),-0.5689918653094076,-1.9220724759713956,0.0016447368421052,0.0062966307462021,0.7205,12/24,13.76%,LRRC4B;NLGN3;SLITRK2;PTPRD;SYNDIG1;GRID2;NLGN2;WNT7A;CLSTN1;IL1RAPL1;CLSTN3;VSTM5,0.0062966307462021,-1.9220724759713956,GO_Biological_Process_2021,negative,1.9220724759713956,2,GO_Biological_Process_2021::positive regulation of synapse assembly (GO:0051965) | GO_Biological_Process_2021::positive regulation of nervous system development (GO:0051962),0.0062966307462021,raw q retained
prerank,GO_Biological_Process_2021::RNA interference (GO:0016246),-0.6442877141537966,-1.9208940717693668,0.0,0.0063449252549083,0.7245,11/16,24.08%,HENMT1;TARBP2;AGO3;MRPL44;DROSHA;NRDE2;AGO1;AGO4;DHX9;CLP1;PRKRA,0.0063449252549083,-1.9208940717693668,GO_Biological_Process_2021,negative,1.9208940717693668,1,GO_Biological_Process_2021::RNA interference (GO:0016246),0.0063449252549083,raw q retained
prerank,GO_Biological_Process_2021::regulation of transforming growth factor beta production (GO:0071634),0.7888265345008252,1.8257975055566693,0.0016353229762878,0.0064311279923131,0.894,10/11,18.61%,LILRB1;LTBP1;SERPINF2;LRRC32;HIF1A;CD34;SMAD3;XCL1;CD46;LGALS9,0.0064311279923131,1.8257975055566693,GO_Biological_Process_2021,positive,1.8257975055566693,2,GO_Biological_Process_2021::regulation of transforming growth factor beta production (GO:0071634) | GO_Biological_Process_2021::positive regulation of macromolecule metabolic process (GO:0010604),0.0064311279923131,raw q retained
prerank,GO_Biological_Process_2021::steroid metabolic process (GO:0008202),0.5309593216545335,1.8255375020341376,0.0,0.0064379872120992,0.8945,48/78,24.32%,CUBN;LGMN;CYP1A1;CYP2B6;GC;CYP2C8;ARV1;CYP2C9;DHRS2;CYP7A1;CYP11A1;STARD3;UGT1A1;UGT2B15;CYP1A2;NR1I2;CYP1B1;UGT1A7;CYP2A6;AMACR;NPC1;UGT2B4;CYP2D6;UGT2B17;SULT2B1;HSD17B1;SULT1E1;CYP3A7;UGT2B7;CYP26C1;FDX1;CYP26A1;STAR;UGT2B28;CYP27B1;CYP2E1;UGT2B11;CYP7B1;BAAT;CYP21A2;AKR1C1;RDH16;PRLR;LRP2;DHRS11;SULT2A1;LIPA;HSD17B14,0.0064379872120992,1.8255375020341376,GO_Biological_Process_2021,positive,1.8255375020341376,1,GO_Biological_Process_2021::steroid metabolic process (GO:0008202),0.0064379872120992,raw q retained
prerank,GO_Biological_Process_2021::positive regulation of epithelial cell apoptotic process (GO:1904037),0.7354490101236602,1.8241676265563245,0.0007949125596184,0.0065381943347148,0.8975,11/15,19.26%,ECSCR;PLA2R1;THBS1;RGCC;SFRP4;CD160;PLA2G1B;PDCD4;PLCG1;ANO6;GSN,0.0065381943347148,1.8241676265563245,GO_Biological_Process_2021,positive,1.8241676265563245,1,GO_Biological_Process_2021::positive regulation of epithelial cell apoptotic process (GO:1904037),0.0065381943347148,raw q retained
prerank,GO_Biological_Process_2021::cardiac epithelial to mesenchymal transition (GO:0060317),0.7259356253075042,1.8234034744829617,0.0023790642347343,0.0066095484713237,0.898,12/15,25.51%,TGFBR3;HAS2;SNAI2;SPRY1;FGF8;HEYL;BMP4;PDCD4;TBX3;BMP2;HEY1;SNAI1,0.0066095484713237,1.8234034744829617,GO_Biological_Process_2021,positive,1.8234034744829617,3,GO_Biological_Process_2021::cardiac epithelial to mesenchymal transition (GO:0060317) | GO_Biological_Process_2021::epithelial to mesenchymal transition (GO:0001837) | GO_Biological_Process_2021::negative regulation of cell differentiation (GO:0045596),0.0066095484713237,raw q retained
prerank,GO_Biological_Process_2021::peptide cross-linking (GO:0018149),0.6512110747254737,1.8221455464505052,0.0007235890014471,0.0066765945632057,0.904,18/23,22.30%,TGM3;CD247;TGM2;ABCA7;SPRR1A;CSTA;THBS1;SPRR1B;IVL;F13A1;ANXA1;NDNF;DSP;KRT1;PI3;EVPL;EPB42;TGM1,0.0066765945632057,1.8221455464505052,GO_Biological_Process_2021,positive,1.8221455464505052,1,GO_Biological_Process_2021::peptide cross-linking (GO:0018149),0.0066765945632057,raw q retained
prerank,GO_Biological_Process_2021::regulation of T cell cytokine production (GO:0002724),0.7291460030665596,1.8186979401009624,0.0039968025579536,0.0069871519008744,0.9155,11/14,22.69%,LILRB4;FOXP3;XCL1;TNFRSF1B;HFE;B2M;CLC;CD55;TRAF6;TRAF2;HLA-A,0.0069871519008744,1.8186979401009624,GO_Biological_Process_2021,positive,1.8186979401009624,2,GO_Biological_Process_2021::regulation of T cell cytokine production (GO:0002724) | GO_Biological_Process_2021::positive regulation of T cell cytokine production (GO:0002726),0.0069871519008744,raw q retained
prerank,GO_Biological_Process_2021::regulation of B cell receptor signaling pathway (GO:0050855),0.7182212323834134,1.8171948834261704,0.0,0.0071029339220022,0.918,10/16,18.22%,ELF1;NFAM1;CD300A;PTPN22;ELF2;LPXN;STAP1;PAX5;FCRL3;RUNX1,0.0071029339220022,1.8171948834261704,GO_Biological_Process_2021,positive,1.8171948834261704,1,GO_Biological_Process_2021::regulation of B cell receptor signaling pathway (GO:0050855),0.0071029339220022,raw q retained
prerank,GO_Biological_Process_2021::protein oxidation (GO:0018158),0.7836376542624148,1.8172744590184235,0.0017094017094017,0.0071066989046385,0.918,9/10,17.90%,TMX3;LOXL1;APOA2;LOX;LOXL4;APOA1;SUMF1;LOXL3;PRDX3,0.0071066989046385,1.8172744590184235,GO_Biological_Process_2021,positive,1.8172744590184235,1,GO_Biological_Process_2021::protein oxidation (GO:0018158),0.0071066989046385,raw q retained
prerank,GO_Biological_Process_2021::hexose biosynthetic process (GO:0019319),0.5998871157057895,1.8154825326890645,0.0006858710562414,0.0072310083497147,0.922,26/40,27.32%,MDH1;PGAM2;FBP2;RBP4;FBP1;PPARGC1A;SLC39A14;GPI;PER2;ALDOB;CHST15;ALDOC;SLC25A11;PGAM1;SLC25A10;ALDOA;GAPDH;PCK1;MDH2;ENO3;PGM1;PGK1;GAPDHS;PCK2;ENO2;CRY1,0.0072310083497147,1.8154825326890645,GO_Biological_Process_2021,positive,1.8154825326890645,3,GO_Biological_Process_2021::hexose biosynthetic process (GO:0019319) | GO_Biological_Process_2021::glucose metabolic process (GO:0006006) | GO_Biological_Process_2021::gluconeogenesis (GO:0006094),0.0072310083497147,raw q retained
prerank,GO_Biological_Process_2021::negative regulation of peptidyl-tyrosine phosphorylation (GO:0050732),0.6403686806613208,1.814953262606153,0.0015015015015015,0.0072477020608895,0.9255,15/25,21.22%,SAMSN1;CD300A;PIBF1;LILRB4;THY1;DMTN;HYAL2;PTPN6;CAV1;PARP14;SFRP2;NTF3;SOCS1;SH2B3;PTPN2,0.0072477020608895,1.814953262606153,GO_Biological_Process_2021,positive,1.814953262606153,2,GO_Biological_Process_2021::negative regulation of peptidyl-tyrosine phosphorylation (GO:0050732) | GO_Biological_Process_2021::negative regulation of receptor signaling pathway via JAK-STAT (GO:0046426),0.0072477020608895,raw q retained
prerank,GO_Biological_Process_2021::histone H3 acetylation (GO:0043966),-0.5110206875604244,-1.9077259091643013,0.0,0.0072760986255574,0.772,20/39,26.08%,YEATS2;TAF5L;BRD1;JADE2;TADA2A;SUPT7L;TAF6L;BRPF3;JADE1;JADE3;KAT7;TADA1;KAT6A;BRPF1;KAT6B;NAA60;ING5;TAF10;SGF29;ING4,0.0072760986255574,-1.9077259091643013,GO_Biological_Process_2021,negative,1.9077259091643013,2,GO_Biological_Process_2021::histone H3 acetylation (GO:0043966) | GO_Biological_Process_2021::histone acetylation (GO:0016573),0.0072760986255574,raw q retained
prerank,GO_Biological_Process_2021::chromosome organization (GO:0051276),-0.4279716578354005,-1.9071957671566693,0.0,0.0072937633314063,0.7735,30/81,14.46%,CENPH;CENPT;NUF2;LRWD1;MSH6;LIG4;CENPW;HMGN4;PADI2;VCX;MSH3;UBA52;UBC;RFWD3;NUP133;BAHD1;EHMT1;DOT1L;NDC80;MSH2;XPA;CDAN1;PHF19;XPC;SUV39H1;GPS1;L3MBTL1;DDB2;GATAD1;HMG20A,0.0072937633314063,-1.9071957671566693,GO_Biological_Process_2021,negative,1.9071957671566693,1,GO_Biological_Process_2021::chromosome organization (GO:0051276),0.0072937633314063,raw q retained
prerank,GO_Biological_Process_2021::regulation of lipopolysaccharide-mediated signaling pathway (GO:0031664),0.7083557148861844,1.8131444430281385,0.0023547880690737,0.0073815568493727,0.932,15/16,22.79%,LY86;LILRA2;CD180;LTF;SCIMP;NFKBIL1;TRIB1;BMP6;CARD16;CD36;CD55;TRIM5;SASH1;CARD8;SIGIRR,0.0073815568493727,1.8131444430281385,GO_Biological_Process_2021,positive,1.8131444430281385,1,GO_Biological_Process_2021::regulation of lipopolysaccharide-mediated signaling pathway (GO:0031664),0.0073815568493727,raw q retained
prerank,GO_Biological_Process_2021::regulation of hematopoietic progenitor cell differentiation (GO:1901532),0.5892361368794176,1.811889879819797,0.0006793478260869,0.0074654616723054,0.9355,24/40,23.04%,LMO1;GATA2;TAL1;GATA1;LMO2;YAP1;TP73;OSM;MYB;EIF2AK2;KITLG;GATA3;LDB1;PSMF1;SPI1;PSMD5;RUNX1;PDCD2;TCF12;PSMB2;PSMA2;PSMA8;PSMB4;PSMD9,0.0074654616723054,1.811889879819797,GO_Biological_Process_2021,positive,1.811889879819797,2,GO_Biological_Process_2021::regulation of hematopoietic progenitor cell differentiation (GO:1901532) | GO_Biological_Process_2021::regulation of hematopoietic stem cell differentiation (GO:1902036),0.0074654616723054,raw q retained
prerank,GO_Biological_Process_2021::positive regulation of cilium assembly (GO:0045724),-0.6490886337544292,-1.904114975911712,0.0013642564802182,0.0075188729381369,0.784,9/15,17.31%,ZMYND10;FUZ;TAPT1;MARK4;KCTD17;CCP110;WRAP73;CEP120;CEP135,0.0075188729381369,-1.904114975911712,GO_Biological_Process_2021,negative,1.904114975911712,1,GO_Biological_Process_2021::positive regulation of cilium assembly (GO:0045724),0.0075188729381369,raw q retained
prerank,GO_Biological_Process_2021::regulation of osteoblast differentiation (GO:0045667),0.5487794781338204,1.808858761240265,0.0006341154090044,0.007753726653522,0.942,36/57,23.28%,TMEM119;LRP3;CRIM1;RUNX2;FBN2;TWIST2;SUCO;LTF;TWIST1;SMAD6;SMOC1;IFITM1;SNAI2;YAP1;CHRD;BMP6;ATRAID;NPNT;FERMT2;TNN;BAMBI;WWTR1;BMP4;MEF2C;LRP5;ATP6AP1;RORB;GDF10;BMP7;SOX9;BMP2;FFAR4;BMPR1B;SKI;NOCT;NOG,0.007753726653522,1.808858761240265,GO_Biological_Process_2021,positive,1.808858761240265,5,GO_Biological_Process_2021::regulation of osteoblast differentiation (GO:0045667) | GO_Biological_Process_2021::positive regulation of bone mineralization (GO:0030501) | GO_Biological_Process_2021::positive regulation of osteoblast differentiation (GO:0045669) | GO_Biological_Process_2021::negative regulation of osteoblast differentiation (GO:0045668) | GO_Biological_Process_2021::positive regulation of biomineral tissue development (GO:0070169),0.007753726653522,raw q retained
prerank,GO_Biological_Process_2021::integrin-mediated signaling pathway (GO:0007229),0.5737073547727473,1.809001650613305,0.0006724949562878,0.0077692671725656,0.9415,30/44,23.80%,FBLN1;ITGBL1;THY1;ADAMTS1;COL16A1;ZYX;LAT;MADCAM1;NEDD9;FERMT2;MYH9;LAMA5;APOA1;ITGA11;CEACAM1;ILK;PRAM1;ITGB7;DAB2;FERMT3;PLEK;TXK;ITGA10;CDC42;CDH17;ISG15;BCAR1;CUL3;ITGB4;ADAM10,0.0077692671725656,1.809001650613305,GO_Biological_Process_2021,positive,1.809001650613305,1,GO_Biological_Process_2021::integrin-mediated signaling pathway (GO:0007229),0.0077692671725656,raw q retained
prerank,GO_Biological_Process_2021::regulation of epithelial cell migration (GO:0010632),0.5853196491737364,1.8041673995756349,0.000669792364367,0.0082257373436366,0.955,22/40,20.35%,EMP2;VIL1;EVL;PPM1F;PTPRR;HIF1A;HYAL1;GLIPR2;RHOJ;CTSH;CORO1C;CEACAM1;PTPRG;PLCG2;FGF10;PLCG1;BMPER;SOX9;SASH1;DUSP10;GLUL;ARSB,0.0082257373436366,1.8041673995756349,GO_Biological_Process_2021,positive,1.8041673995756349,1,GO_Biological_Process_2021::regulation of epithelial cell migration (GO:0010632),0.0082257373436366,raw q retained
prerank,GO_Biological_Process_2021::endocytic recycling (GO:0032456),0.5718865780714845,1.8037371202576524,0.00132362673726,0.0082611367718572,0.9555,32/45,27.66%,ARL4C;CMTM6;EHD2;DENND1C;EHD4;EHD3;VPS26A;VPS35;RAB17;MICALL2;CCDC93;SNX17;SNX12;RAB13;ANKRD50;VPS29;LMTK2;SNX3;EPS15;CCDC22;ARF6;SNX27;RAB35;EHD1;RAB7A;DENND1B;KIAA1109;ACAP2;RAB14;RAB11B;ANKRD27;SNF8,0.0082611367718572,1.8037371202576524,GO_Biological_Process_2021,positive,1.8037371202576524,1,GO_Biological_Process_2021::endocytic recycling (GO:0032456),0.0082611367718572,raw q retained
prerank,GO_Biological_Process_2021::positive regulation of syncytium formation by plasma membrane fusion (GO:0060143),0.7521817183076165,1.8030719863940876,0.0016447368421052,0.0083355584390617,0.956,9/12,21.81%,DCSTAMP;EHD2;CD53;TREM2;TYROBP;SCGB3A1;ADGRB1;FLOT1;EHD1,0.0083355584390617,1.8030719863940876,GO_Biological_Process_2021,positive,1.8030719863940876,1,GO_Biological_Process_2021::positive regulation of syncytium formation by plasma membrane fusion (GO:0060143),0.0083355584390617,raw q retained
prerank,GO_Biological_Process_2021::telomere maintenance via telomerase (GO:0007004),-0.5652803522820705,-1.888893777860542,0.0,0.0085164341476001,0.8365,12/24,21.59%,RFC1;RPA1;RAD50;POT1;PINX1;TELO2;TERF2;PIF1;GAR1;ACD;TERF2IP;SHQ1,0.0085164341476001,-1.888893777860542,GO_Biological_Process_2021,negative,1.888893777860542,2,GO_Biological_Process_2021::telomere maintenance via telomerase (GO:0007004) | GO_Biological_Process_2021::RNA-dependent DNA biosynthetic process (GO:0006278),0.0085164341476001,raw q retained
prerank,GO_Biological_Process_2021::lipid translocation (GO:0034204),-0.5984336810100223,-1.8891190484645144,0.0028571428571428,0.0085657819511525,0.8355,12/20,13.40%,ATP10B;ATP10D;ABCB4;ATP8B3;ATP8B2;ATP8A1;ABCA4;ATP11A;ATP8B1;ATP11B;RFT1;ATP8A2,0.0085657819511525,-1.8891190484645144,GO_Biological_Process_2021,negative,1.8891190484645144,1,GO_Biological_Process_2021::lipid translocation (GO:0034204),0.0085657819511525,raw q retained
prerank,GO_Biological_Process_2021::amino acid transport (GO:0006865),0.5728260689015902,1.7975616098764589,0.0,0.0088271621370223,0.9655,17/46,15.21%,SLC38A6;SLC6A6;SLC38A10;SLC7A7;SLC25A47;SLC43A2;SLC7A10;SLC43A1;PDPN;SLC25A45;SLC7A9;SLC3A1;SLC36A1;SLC7A8;SLC7A6;SLC3A2;SLC38A7,0.0088271621370223,1.7975616098764589,GO_Biological_Process_2021,positive,1.7975616098764589,3,GO_Biological_Process_2021::amino acid transport (GO:0006865) | GO_Biological_Process_2021::neutral amino acid transport (GO:0015804) | GO_Biological_Process_2021::amino acid transmembrane transport (GO:0003333),0.0088271621370223,raw q retained
prerank,GO_Biological_Process_2021::defense response to protozoan (GO:0042832),0.7627930676217449,1.7973648176682464,0.0024271844660194,0.0088356070232447,0.9655,11/12,21.45%,SLC11A1;GBP4;BATF;BATF2;CLEC7A;PF4;IRF4;GBP7;MYD88;GBP2;LYST,0.0088356070232447,1.7973648176682464,GO_Biological_Process_2021,positive,1.7973648176682464,1,GO_Biological_Process_2021::defense response to protozoan (GO:0042832),0.0088356070232447,raw q retained
prerank,GO_Biological_Process_2021::negative regulation of cytoskeleton organization (GO:0051494),0.644515672073378,1.796872661016949,0.0022091310751104,0.0088833233155494,0.966,12/25,20.14%,KANK3;PLEKHH2;CORO1A;MYADM;CAV3;SLIT2;TWF2;SSH1;LIMA1;TJP1;ARPIN;SHANK3,0.0088833233155494,1.796872661016949,GO_Biological_Process_2021,positive,1.796872661016949,1,GO_Biological_Process_2021::negative regulation of cytoskeleton organization (GO:0051494),0.0088833233155494,raw q retained
prerank,GO_Biological_Process_2021::regulation of mitochondrial membrane potential (GO:0051881),0.6283568964887483,1.7960245974636129,0.0007102272727272,0.0089534375756106,0.966,18/26,26.46%,PID1;SLC25A36;PMAIP1;PYCR1;PRELID1;SLC4A11;VCP;ARL6IP5;PPA2;PRDX3;BAK1;TUSC2;UBB;LRRK2;PIP5KL1;SLC25A33;BAX;RNF122,0.0089534375756106,1.7960245974636129,GO_Biological_Process_2021,positive,1.7960245974636129,1,GO_Biological_Process_2021::regulation of mitochondrial membrane potential (GO:0051881),0.0089534375756106,raw q retained
prerank,GO_Biological_Process_2021::regulation of mitochondrial translation (GO:0070129),-0.5944365027447789,-1.8813378804209837,0.0045731707317073,0.0090835676584636,0.854,10/20,12.06%,TSFM;MTG2;RPUSD4;NGRN;TRUB2;RPUSD3;MALSU1;MTG1;MRPS27;FASTKD3,0.0090835676584636,-1.8813378804209837,GO_Biological_Process_2021,negative,1.8813378804209837,1,GO_Biological_Process_2021::regulation of mitochondrial translation (GO:0070129),0.0090835676584636,raw q retained
prerank,GO_Biological_Process_2021::regulation of protein metabolic process (GO:0051246),0.5869289802757467,1.7903890795153945,0.0006858710562414,0.0095222351999651,0.972,24/36,26.14%,SERPINB13;LILRB2;PLAUR;ABCA7;SERPINB4;LTBP4;LDLR;MTPN;ANGPTL8;VPS35;WFS1;FURIN;TMEM9;GSAP;SSH1;APOE;GBA;TRAF3;MAPK7;KLF4;NEDD4L;CHMP6;KLF2;PARL,0.0095222351999651,1.7903890795153945,GO_Biological_Process_2021,positive,1.7903890795153945,1,GO_Biological_Process_2021::regulation of protein metabolic process (GO:0051246),0.0095222351999651,raw q retained
prerank,GO_Biological_Process_2021::negative regulation of toll-like receptor signaling pathway (GO:0034122),0.6397846530682878,1.7898304133880762,0.0028612303290414,0.0095797249716036,0.9735,14/26,19.41%,GPR108;CD300LF;CD300A;LILRA2;TLR6;TREM2;NFKBIL1;TICAM2;TNFAIP3;F2RL1;IRAK3;SARM1;NR1D1;GRAMD4,0.0095797249716036,1.7898304133880762,GO_Biological_Process_2021,positive,1.7898304133880762,1,GO_Biological_Process_2021::negative regulation of toll-like receptor signaling pathway (GO:0034122),0.0095797249716036,raw q retained
prerank,GO_Biological_Process_2021::positive regulation of endocytosis (GO:0045807),0.5845547925376369,1.7885928884732891,0.0006910850034554,0.0097020730061324,0.974,24/39,23.39%,APOA5;CCL21;CCL19;TREM2;NCKAP1L;PPT1;CD151;TOR1A;RAB31;CLN3;VTN;HFE;CBL;B2M;STAP1;F2RL1;DAB2;SGIP1;ANO6;APOE;CDC42;FLOT1;RAB21;NEDD4L,0.0097020730061324,1.7885928884732891,GO_Biological_Process_2021,positive,1.7885928884732891,3,GO_Biological_Process_2021::positive regulation of endocytosis (GO:0045807) | GO_Biological_Process_2021::regulation of receptor-mediated endocytosis (GO:0048259) | GO_Biological_Process_2021::positive regulation of receptor-mediated endocytosis (GO:0048260),0.0097020730061324,raw q retained
prerank,GO_Biological_Process_2021::regulation of sprouting angiogenesis (GO:1903670),0.6538920751239387,1.787986862008856,0.0014492753623188,0.0097648872530993,0.974,18/23,27.88%,THBS1;RHOJ;FGF16;ADAMTS9;CEACAM1;S100A1;BMPER;SYNJ2BP;TJP1;GLUL;FGF18;SMAD1;KLF4;PKM;JMJD8;SEMA6A;KLF2;EPN1,0.0097648872530993,1.787986862008856,GO_Biological_Process_2021,positive,1.787986862008856,1,GO_Biological_Process_2021::regulation of sprouting angiogenesis (GO:1903670),0.0097648872530993,raw q retained
prerank,GO_Biological_Process_2021::regulation of RNA export from nucleus (GO:0046831),-0.7048726878317805,-1.8717794553658005,0.0012970168612191,0.0097670604797553,0.881,8/11,15.24%,IWS1;SUPT6H;NSUN2;CPSF6;SETD2;AKAP8L;NRDE2;DHX9,0.0097670604797553,-1.8717794553658005,GO_Biological_Process_2021,negative,1.8717794553658005,1,GO_Biological_Process_2021::regulation of RNA export from nucleus (GO:0046831),0.0097670604797553,raw q retained
prerank,GO_Biological_Process_2021::hyaluronan metabolic process (GO:0030212),0.6968669335962187,1.7846074690104885,0.0007587253414264,0.0101574426313444,0.9765,15/17,26.90%,LYVE1;HAS2;HYAL2;HYAL1;STAB2;HEXB;HEXA;HAS3;HYAL4;HAS1;CHP1;SLC9A1;HYAL3;ABCC5;CEMIP,0.0101574426313444,1.7846074690104885,GO_Biological_Process_2021,positive,1.7846074690104885,1,GO_Biological_Process_2021::hyaluronan metabolic process (GO:0030212),0.0101574426313444,raw q retained
prerank,GO_Biological_Process_2021::positive regulation of cysteine-type endopeptidase activity (GO:2001056),0.5652588738969944,1.7848597937968431,0.0013063357282821,0.0101755822350995,0.9765,26/47,21.22%,UACA;LGMN;CLEC7A;PPM1F;AIM2;SOX7;TNFSF10;MEFV;CARD9;CYFIP2;PMAIP1;NLRC4;MYC;CTSD;CIDEB;CYCS;ARL6IP5;RIPK2;BLID;BAK1;USP50;GRAMD4;BCL10;PYCARD;NOD1;CARD8,0.0101755822350995,1.7848597937968431,GO_Biological_Process_2021,positive,1.7848597937968431,2,GO_Biological_Process_2021::positive regulation of cysteine-type endopeptidase activity (GO:2001056) | GO_Biological_Process_2021::positive regulation of cysteine-type endopeptidase activity involved in apoptotic process (GO:0043280),0.0101755822350995,raw q retained
prerank,GO_Biological_Process_2021::activation of GTPase activity (GO:0090630),0.509921428951718,1.7825895822352087,0.0005931198102016,0.0103941070841009,0.9785,38/91,21.47%,GPR65;ARHGAP25;TBC1D9;RABGAP1L;ADPRH;TBC1D9B;SYDE1;TBC1D2B;ABR;TBC1D22A;ARHGAP29;CCL21;CXCL13;CCR7;TBC1D10C;ARHGEF15;FOXJ1;ARHGEF19;CORO1C;RALGAPA2;ARHGEF10;TBC1D2;SGSM1;ARHGEF16;GMIP;TBC1D3B;RAP1GAP2;ARHGEF5;NTF3;RASGRP1;TBC1D5;TBC1D16;RAP1GAP;NGEF;RHOG;ARHGAP24;TBC1D12;ARHGEF26,0.0103941070841009,1.7825895822352087,GO_Biological_Process_2021,positive,1.7825895822352087,1,GO_Biological_Process_2021::activation of GTPase activity (GO:0090630),0.0103941070841009,raw q retained
prerank,GO_Biological_Process_2021::female gamete generation (GO:0007292),-0.5512379996200968,-1.862525705600203,0.0031847133757961,0.0106846564922554,0.906,9/23,9.52%,HORMAD1;GDF9;PIWIL2;MCM8;MCM9;TRIP13;PARN;STRA8;KMT2D,0.0106846564922554,-1.862525705600203,GO_Biological_Process_2021,negative,1.862525705600203,1,GO_Biological_Process_2021::female gamete generation (GO:0007292),0.0106846564922554,raw q retained
prerank,GO_Biological_Process_2021::regulation of bone mineralization (GO:0030500),0.5732082284296053,1.778972293562738,0.0019841269841269,0.010828376438793,0.983,25/41,22.84%,OSR1;TMEM119;ECM1;SRGN;FBN2;PKDCC;ENPP1;STATH;TWIST1;AHSG;BMP6;ATRAID;BMP2K;BMP4;MEF2C;TFAP2A;KL;CCL3;ANO6;BMP7;CYP27B1;BMP2;SLC8A1;ISG15;BMPR1B,0.010828376438793,1.778972293562738,GO_Biological_Process_2021,positive,1.778972293562738,2,GO_Biological_Process_2021::regulation of bone mineralization (GO:0030500) | GO_Biological_Process_2021::regulation of biomineral tissue development (GO:0070167),0.010828376438793,raw q retained
prerank,GO_Biological_Process_2021::ribosome assembly (GO:0042255),-0.5133115526438466,-1.858560005301683,0.0019880715705765,0.0110464041313829,0.915,16/34,10.67%,RRS1;MRPS2;BOP1;VCX;ERAL1;DHX37;BRIX1;MRPS11;DHX29;MDN1;RPF2;NOP2;PPAN;MRPL22;NLE1;MTERF3,0.0110464041313829,-1.858560005301683,GO_Biological_Process_2021,negative,1.858560005301683,3,GO_Biological_Process_2021::ribosome assembly (GO:0042255) | GO_Biological_Process_2021::ribosomal large subunit assembly (GO:0000027) | GO_Biological_Process_2021::ribonucleoprotein complex assembly (GO:0022618),0.0110464041313829,raw q retained
prerank,GO_Biological_Process_2021::ion transport (GO:0006811),-0.4079952774638957,-1.858842611745582,0.0032786885245901,0.0110511143222913,0.914,28/96,12.28%,CHRNB1;CHRNA2;SLC9A6;SLC9A7;SLC17A3;PKD2L1;SLC9A2;SLC9A5;SLC4A2;SLC9A8;PIEZO2;ATP10D;HCN4;GLRB;SLC25A18;PIEZO1;SLC12A5;LRRC8A;CALHM1;SLC12A2;PKD1L3;SLC12A4;SLC25A22;PANX2;GABRB1;ATP11B;SLC26A6;SLC24A2,0.0110511143222913,-1.858842611745582,GO_Biological_Process_2021,negative,1.858842611745582,1,GO_Biological_Process_2021::ion transport (GO:0006811),0.0110511143222913,raw q retained
prerank,GO_Biological_Process_2021::regulation of proteolysis (GO:0030162),0.5684320491031096,1.775774925050619,0.0013486176668914,0.0111834708453402,0.9865,21/43,21.14%,CST4;SERPINB13;PLAUR;KNG1;CSTA;CST3;SERPINB3;SERPINB4;CYFIP2;LTBP4;CLN8;CAV1;CLN3;SERPINE2;CLN6;GSAP;BAK1;STUB1;CSTB;TRAF3;RNF139,0.0111834708453402,1.775774925050619,GO_Biological_Process_2021,positive,1.775774925050619,1,GO_Biological_Process_2021::regulation of proteolysis (GO:0030162),0.0111834708453402,raw q retained
prerank,GO_Biological_Process_2021::regulation of sequestering of triglyceride (GO:0010889),0.7407596796947662,1.7758433864559655,0.0040160642570281,0.0111977836601961,0.9865,8/12,14.18%,LPL;OSBPL11;CIDEA;TREM2;ABHD5;PLIN2;PLIN5;OSBPL8,0.0111977836601961,1.7758433864559655,GO_Biological_Process_2021,positive,1.7758433864559655,1,GO_Biological_Process_2021::regulation of sequestering of triglyceride (GO:0010889),0.0111977836601961,raw q retained
prerank,GO_Biological_Process_2021::acylglycerol metabolic process (GO:0006639),0.5995419292397557,1.7753495887581356,0.0014054813773717,0.01122480212999,0.988,13/33,14.34%,APOA5;CETP;APOA2;LPL;CAV3;APOBR;GK;APOC1;AWAT2;CAV1;ABHD2;APOH;DGKK,0.01122480212999,1.7753495887581356,GO_Biological_Process_2021,positive,1.7753495887581356,1,GO_Biological_Process_2021::acylglycerol metabolic process (GO:0006639),0.01122480212999,raw q retained
prerank,GO_Biological_Process_2021::organophosphate biosynthetic process (GO:0090407),-0.4997576533485814,-1.8553591951708284,0.0017605633802816,0.0112486547830041,0.923,13/36,13.01%,PPIP5K1;IPPK;FADS1;AGPAT3;PPIP5K2;IP6K3;AGPAT4;AGPAT5;GPAT2;IP6K2;GPAM;ITPKB;GNPAT,0.0112486547830041,-1.8553591951708284,GO_Biological_Process_2021,negative,1.8553591951708284,3,GO_Biological_Process_2021::organophosphate biosynthetic process (GO:0090407) | GO_Biological_Process_2021::inositol phosphate biosynthetic process (GO:0032958) | GO_Biological_Process_2021::polyol biosynthetic process (GO:0046173),0.0112486547830041,raw q retained
prerank,GO_Biological_Process_2021::regulation of nitric oxide biosynthetic process (GO:0045428),0.6359916262795373,1.7747052614890924,0.0073099415204678,0.0112739502397295,0.9885,18/24,23.53%,PTGIS;TLR6;CLEC7A;EDN1;AGXT2;CX3CR1;CD34;DDAH2;SMAD3;CD36;GLA;CAV1;SIRPA;ZC3H12A;PKD2;DDAH1;KLF4;ASS1,0.0112739502397295,1.7747052614890924,GO_Biological_Process_2021,positive,1.7747052614890924,4,GO_Biological_Process_2021::regulation of nitric oxide biosynthetic process (GO:0045428) | GO_Biological_Process_2021::positive regulation of cellular biosynthetic process (GO:0031328) | GO_Biological_Process_2021::positive regulation of nitric oxide metabolic process (GO:1904407) | GO_Biological_Process_2021::positive regulation of nitric oxide biosynthetic process (GO:0045429),0.0112739502397295,raw q retained
prerank,GO_Biological_Process_2021::proton transmembrane transport (GO:1902600),0.6244759661733787,1.7732105750764275,0.0028571428571428,0.0114562407589205,0.989,21/26,23.24%,HVCN1;ATP6V0A4;ATP6V1B1;NOX5;ATP6V1H;SLC36A1;ATP6V1A;ATP12A;ATP6V1F;ATP6V0E2;ATP1A4;ATP6V0E1;SLC4A11;ATP6V0D1;UCP1;ATP1A3;ATP6V0C;UCP3;SLC46A1;UCP2;SLC9A1,0.0114562407589205,1.7732105750764275,GO_Biological_Process_2021,positive,1.7732105750764275,1,GO_Biological_Process_2021::proton transmembrane transport (GO:1902600),0.0114562407589205,raw q retained
prerank,GO_Biological_Process_2021::calcium-independent cell-cell adhesion via plasma membrane cell-adhesion molecules (GO:0016338),-0.6051562680224616,-1.8486443295391013,0.0042016806722689,0.0118612593894503,0.9355,10/18,14.89%,CLDN15;CLDN11;CLDN8;CLDN10;CLDN16;CLDN12;CLDN14;CLDN19;CLDN9;CLDN23,0.0118612593894503,-1.8486443295391013,GO_Biological_Process_2021,negative,1.8486443295391013,1,GO_Biological_Process_2021::calcium-independent cell-cell adhesion via plasma membrane cell-adhesion molecules (GO:0016338),0.0118612593894503,raw q retained
prerank,GO_Biological_Process_2021::positive regulation of release of cytochrome c from mitochondria (GO:0090200),0.6443816925517691,1.7701150104595196,0.0014471780028943,0.0118751554938569,0.9905,11/23,15.72%,FAM162A;PLAUR;BIK;TNFSF10;PPIF;PMAIP1;BCL2L11;BMF;BID;HRK;CIDEB,0.0118751554938569,1.7701150104595196,GO_Biological_Process_2021,positive,1.7701150104595196,6,GO_Biological_Process_2021::positive regulation of release of cytochrome c from mitochondria (GO:0090200) | GO_Biological_Process_2021::apoptotic process (GO:0006915) | GO_Biological_Process_2021::regulation of release of cytochrome c from mitochondria (GO:0090199) | GO_Biological_Process_2021::positive regulation of programmed cell death (GO:0043068) | GO_Biological_Process_2021::positive regulation of apoptotic process (GO:0043065) | GO_Biological_Process_2021::positive regulation of mitochondrion organization (GO:0010822),0.0118751554938569,raw q retained
prerank,GO_Biological_Process_2021::maturation of LSU-rRNA (GO:0000470),-0.5389345967229966,-1.8488612152296864,0.0032679738562091,0.0119124576060892,0.935,15/26,12.52%,BOP1;MAK16;WDR12;FTSJ3;RRP15;LAS1L;RPF2;PES1;MRPL1;RPL7L1;URB1;NOP2;ZNHIT6;RPF1;NIFK,0.0119124576060892,-1.8488612152296864,GO_Biological_Process_2021,negative,1.8488612152296864,1,GO_Biological_Process_2021::maturation of LSU-rRNA (GO:0000470),0.0119124576060892,raw q retained
prerank,GO_Biological_Process_2021::peptidyl-glutamic acid modification (GO:0018200),-0.5926346067955321,-1.841929018245945,0.0028368794326241,0.0125427793357176,0.9455,7/18,9.15%,AGBL4;TTLL6;AGBL5;CEP41;AGTPBP1;TTLL4;TTLL1,0.0125427793357176,-1.841929018245945,GO_Biological_Process_2021,negative,1.841929018245945,2,GO_Biological_Process_2021::peptidyl-glutamic acid modification (GO:0018200) | GO_Biological_Process_2021::protein polyglutamylation (GO:0018095),0.0125427793357176,raw q retained
prerank,GO_Biological_Process_2021::regulation of receptor signaling pathway via JAK-STAT (GO:0046425),0.6182588745208777,1.763820155011356,0.0035637918745545,0.0127519301039874,0.9935,16/27,20.29%,LEPROT;CCL5;OCIAD2;GH1;OCIAD1;LEP;CRLF3;CYP1B1;CAV1;EGF;PRL;BCL3;IFNL1;SOCS1;SH2B3;IL26,0.0127519301039874,1.763820155011356,GO_Biological_Process_2021,positive,1.763820155011356,3,GO_Biological_Process_2021::regulation of receptor signaling pathway via JAK-STAT (GO:0046425) | GO_Biological_Process_2021::positive regulation of receptor signaling pathway via STAT (GO:1904894) | GO_Biological_Process_2021::positive regulation of receptor signaling pathway via JAK-STAT (GO:0046427),0.0127519301039874,raw q retained
prerank,GO_Biological_Process_2021::regulation of T cell differentiation (GO:0045580),0.615764854419016,1.760655232738076,0.0051928783382789,0.0132458177094567,0.9955,15/27,21.11%,ZBTB1;CLPTM1;ZAP70;IL2;IL7;RHOH;FOXP3;XBP1;GATA3;PRELID1;TBX21;RUNX1;IFNL1;CAMK4;IL36B,0.0132458177094567,1.760655232738076,GO_Biological_Process_2021,positive,1.760655232738076,1,GO_Biological_Process_2021::regulation of T cell differentiation (GO:0045580),0.0132458177094567,raw q retained
prerank,GO_Biological_Process_2021::modulation of chemical synaptic transmission (GO:0050804),-0.4087914810335245,-1.8356675606700612,0.0,0.0132661682075044,0.955,32/85,14.59%,GRIK5;LRRC4C;NLGN3;DLGAP2;LRRC4;NLGN4X;GRIK1;LGI1;GRM8;GRID2;NLGN2;SLC4A8;CNTNAP4;DLGAP3;GRID1;BAIAP3;PXK;SLC12A2;KCNMB4;DLGAP4;NPTXR;GRM7;CLSTN1;BEGAIN;NMU;RIMS1;CLSTN3;AKAP9;NPTX2;GRIK2;STX1B;USP46,0.0132661682075044,-1.8356675606700612,GO_Biological_Process_2021,negative,1.8356675606700612,1,GO_Biological_Process_2021::modulation of chemical synaptic transmission (GO:0050804),0.0132661682075044,raw q retained
prerank,GO_Biological_Process_2021::regulation of programmed necrotic cell death (GO:0062098),0.7007623217704853,1.7588444036120778,0.0030840400925212,0.0135243731118439,0.996,13/15,26.68%,NUPR1;MLKL;FLOT2;STUB1;SDCBP;PDCD6IP;FLOT1;ASAH1;SPATA2;CDC37;PELI1;RIPK3;CYLD,0.0135243731118439,1.7588444036120778,GO_Biological_Process_2021,positive,1.7588444036120778,2,GO_Biological_Process_2021::regulation of programmed necrotic cell death (GO:0062098) | GO_Biological_Process_2021::regulation of necroptotic process (GO:0060544),0.0135243731118439,raw q retained
prerank,GO_Biological_Process_2021::nucleosome organization (GO:0034728),-0.4597686929217506,-1.8315403366679084,0.0,0.0136032803114494,0.9595,28/51,23.66%,NAP1L3;NAP1L2;GRWD1;CTCF;LIN54;PAF1;SRCAP;RNF8;SUPT6H;ATRX;SUPT16H;SART3;SMARCD1;ACTR6;MCM3AP;INO80;DMAP1;SETD2;VPS72;KAT6B;RSF1;SMARCD2;SMARCA5;NAA60;HMGA1;ASF1A;ZNHIT1;ARID2,0.0136032803114494,-1.8315403366679084,GO_Biological_Process_2021,negative,1.8315403366679084,1,GO_Biological_Process_2021::nucleosome organization (GO:0034728),0.0136032803114494,raw q retained
prerank,GO_Biological_Process_2021::regulation of microtubule polymerization or depolymerization (GO:0031110),-0.5431159207749401,-1.831778543117341,0.0016051364365971,0.0136147320953543,0.9595,12/25,19.15%,SKA3;SKA1;SKA2;CLASP1;GAS2L2;STMN4;MAP1S;CAMSAP2;MAP1B;MAPRE2;CLASP2;MAP2,0.0136147320953543,-1.831778543117341,GO_Biological_Process_2021,negative,1.831778543117341,1,GO_Biological_Process_2021::regulation of microtubule polymerization or depolymerization (GO:0031110),0.0136147320953543,raw q retained
prerank,GO_Biological_Process_2021::small GTPase mediated signal transduction (GO:0007264),0.503489976295279,1.7580172284167603,0.0006060606060606,0.0136224088594118,0.996,50/90,28.73%,ARHGAP18;RAB42;RERG;NUCB1;ARHGAP30;ABR;RRAD;JUN;SHC1;RRAS;GRAP2;LAT;RAB38;RIN2;PLK2;RRAS2;RASGRP2;GRAP;RGL2;RALB;CNKSR1;ARHGAP31;RASGRP1;SHC3;KSR2;USP50;G3BP1;CDKN1A;PLCE1;RALA;NUCB2;SOS1;G3BP2;CHP1;RGS19;RHEBL1;CDKN2A;RHEB;KRIT1;ARL3;NTN1;ARHGAP32;GNB1;TIAM2;RALBP1;RUNDC3A;PLD2;CCDC88A;SHC2;TRIM28,0.0136224088594118,1.7580172284167603,GO_Biological_Process_2021,positive,1.7580172284167603,1,GO_Biological_Process_2021::small GTPase mediated signal transduction (GO:0007264),0.0136224088594118,raw q retained
prerank,GO_Biological_Process_2021::regulation of lamellipodium assembly (GO:0010591),0.6104600200098391,1.756539767954817,0.0035637918745545,0.0138011717137336,0.996,23/28,24.35%,AVIL;WAS;DMTN;HRG;ABI3;CYFIP1;OCLN;NCKAP1;RAC2;SLIT2;TWF2;AKIRIN1;ABI2;ACTR2;BRK1;PLCE1;CDC42;ARPC2;TWF1;WASF2;CAPZB;ACTR3;FSCN1,0.0138011717137336,1.756539767954817,GO_Biological_Process_2021,positive,1.756539767954817,2,GO_Biological_Process_2021::regulation of lamellipodium assembly (GO:0010591) | GO_Biological_Process_2021::positive regulation of lamellipodium organization (GO:1902745),0.0138011717137336,raw q retained
prerank,GO_Biological_Process_2021::negative regulation of protein metabolic process (GO:0051248),0.5809940673333402,1.7561260375734762,0.0034199726402188,0.0138143948756671,0.996,23/37,23.21%,PTX3;LILRB2;PFDN5;AGAP2;TREM2;EDN1;AZIN2;LDLR;AZIN1;PHB;FLOT2;FMN2;IAPP;SNX12;IRAK3;APOE;INHBB;ADGRB1;SNX3;CD84;RILP;PFDN2;PFDN1,0.0138143948756671,1.7561260375734762,GO_Biological_Process_2021,positive,1.7561260375734762,1,GO_Biological_Process_2021::negative regulation of protein metabolic process (GO:0051248),0.0138143948756671,raw q retained
prerank,GO_Biological_Process_2021::negative regulation of B cell activation (GO:0050869),0.6956757025855104,1.7551580058793272,0.005380476556495,0.0139531915387382,0.996,11/15,20.53%,SAMSN1;CD300A;MNDA;LAPTM5;TYROBP;FOXJ1;TNFAIP3;BANK1;TNFRSF13B;INHA;ID2,0.0139531915387382,1.7551580058793272,GO_Biological_Process_2021,positive,1.7551580058793272,1,GO_Biological_Process_2021::negative regulation of B cell activation (GO:0050869),0.0139531915387382,raw q retained
prerank,GO_Biological_Process_2021::regulation of DNA damage checkpoint (GO:2000001),-0.7002876888954199,-1.827457657394821,0.0025839793281653,0.0139922411969765,0.9615,5/10,10.53%,ETAA1;RPA2;RFWD3;FEM1B;CCAR2,0.0139922411969765,-1.827457657394821,GO_Biological_Process_2021,negative,1.827457657394821,1,GO_Biological_Process_2021::regulation of DNA damage checkpoint (GO:2000001),0.0139922411969765,raw q retained
prerank,GO_Biological_Process_2021::meiosis I (GO:0007127),-0.5640487047628986,-1.8261523850202657,0.0073855243722304,0.0139971860233594,0.9625,9/21,9.11%,MOV10L1;TDRD9;HSF2BP;MEI1;ZSCAN21;MEIOB;FOXJ2;MYBL1;PTTG1,0.0139971860233594,-1.8261523850202657,GO_Biological_Process_2021,negative,1.8261523850202657,2,GO_Biological_Process_2021::meiosis I (GO:0007127) | GO_Biological_Process_2021::male meiosis I (GO:0007141),0.0139971860233594,raw q retained
prerank,GO_Biological_Process_2021::positive regulation of cell cycle process (GO:0090068),-0.4280710106260313,-1.826474784828496,0.0,0.0140062558918243,0.962,25/72,12.16%,GEN1;KIF20B;DBF4;NUSAP1;ANKRD31;OOEP;DBF4B;RACGAP1;RHNO1;AURKC;SPAG5;WIZ;XRCC3;CEP295;ATRX;NDC80;KIF14;RAD21;CDC14A;NUMA1;ECT2;RCC2;INO80;CDC25B;FEN1,0.0140062558918243,-1.826474784828496,GO_Biological_Process_2021,negative,1.826474784828496,1,GO_Biological_Process_2021::positive regulation of cell cycle process (GO:0090068),0.0140062558918243,raw q retained
prerank,GO_Biological_Process_2021::ncRNA export from nucleus (GO:0097064),-0.4936681311063657,-1.82681362364308,0.0,0.0140418505072607,0.962,14/35,12.85%,NOL6;XPOT;NUP205;POM121;NUP133;NUP188;NUP35;NUP37;AAAS;NUP160;PHAX;NUP43;POM121C;NDC1,0.0140418505072607,-1.82681362364308,GO_Biological_Process_2021,negative,1.82681362364308,5,GO_Biological_Process_2021::ncRNA export from nucleus (GO:0097064) | GO_Biological_Process_2021::tRNA export from nucleus (GO:0006409) | GO_Biological_Process_2021::tRNA-containing ribonucleoprotein complex export from nucleus (GO:0071431) | GO_Biological_Process_2021::tRNA transport (GO:0051031) | GO_Biological_Process_2021::mRNA export from nucleus (GO:0006406),0.0140418505072607,raw q retained
prerank,GO_Biological_Process_2021::regulation of tissue remodeling (GO:0034103),0.7755408837847113,1.753243574979906,0.0025929127052722,0.0141407260036176,0.996,8/10,18.22%,SUCO;CST3;IL2;LEP;CEACAM1;HAND2;SYT7;RUNX1,0.0141407260036176,1.753243574979906,GO_Biological_Process_2021,positive,1.753243574979906,1,GO_Biological_Process_2021::regulation of tissue remodeling (GO:0034103),0.0141407260036176,raw q retained
prerank,GO_Biological_Process_2021::regulation of programmed cell death (GO:0043067),0.4798014820303499,1.7519297573520582,0.0,0.0143084134401411,0.996,71/133,26.17%,AMIGO2;TM7SF3;TNFRSF25;TGM2;TP53INP1;CIDEA;TNFRSF10D;IGFBP3;KANK2;PTPN6;TNFRSF10C;PMAIP1;NLRC4;BCL2L11;CTSB;TPT1;GLS2;PHB;TP73;BID;ACTN3;CIDEC;WFS1;FAS;BCL3;FBXO10;PRELID1;ALB;VCP;SRA1;RARG;CIDEB;ACTN4;AIFM2;TP53I3;OLFM4;LRP8;TRIAP1;NTF3;ACTN1;BCL2L14;STEAP3;TMEM219;TOX3;RABGGTA;SOX9;APAF1;RSL1D1;TRAF2;PRDX2;NUP62;USP36;STAT1;DAPK3;ASAH1;LRRK2;ANP32A;BCAR1;DCPS;BNIP3L;HTATIP2;MECOM;RIPK3;PPP1R13B;USP42;TP53AIP1;DAPK1;PHLPP1;TP63;TIGAR;BAX,0.0143084134401411,1.7519297573520582,GO_Biological_Process_2021,positive,1.7519297573520582,1,GO_Biological_Process_2021::regulation of programmed cell death (GO:0043067),0.0143084134401411,raw q retained
prerank,GO_Biological_Process_2021::muscle organ development (GO:0007517),0.5543746694074059,1.7504316683044785,0.0006666666666666,0.0144543270194724,0.9965,19/44,17.19%,TAGLN;SMTN;TRIM72;TCF21;CAV3;NEB;MAPK12;CHD2;FHL1;EGR3;ITGB1BP2;SGCG;ITGA11;FHL3;SGCA;MYH3;MEF2B;MEF2C;VAMP5,0.0144543270194724,1.7504316683044785,GO_Biological_Process_2021,positive,1.7504316683044785,1,GO_Biological_Process_2021::muscle organ development (GO:0007517),0.0144543270194724,raw q retained
prerank,GO_Biological_Process_2021::positive regulation of epithelial to mesenchymal transition (GO:0010718),0.6032673272616048,1.7499254595435063,0.0049751243781094,0.0145186457966221,0.9965,22/30,25.91%,ZNF703;TGFB1I1;SERPINB3;PDPN;RGCC;TWIST1;GLIPR2;SMAD3;FERMT2;BAMBI;WWTR1;TGFBR2;DAB2;BMP2;SDCBP;JAG1;AXIN2;LEF1;SMAD2;MDK;SNAI1;SMAD4,0.0145186457966221,1.7499254595435063,GO_Biological_Process_2021,positive,1.7499254595435063,2,GO_Biological_Process_2021::positive regulation of epithelial to mesenchymal transition (GO:0010718) | GO_Biological_Process_2021::positive regulation of multicellular organismal process (GO:0051240),0.0145186457966221,raw q retained
prerank,GO_Biological_Process_2021::negative regulation of cellular response to growth factor stimulus (GO:0090288),0.526205916411276,1.7489189961144114,0.0031094527363184,0.01468070880052,0.9965,37/64,25.95%,HTRA3;MMRN2;EMILIN1;SULF2;CRIM1;THBS1;NEDD4;SMAD6;ADAMTS12;SULF1;CHRD;SPRY1;NBL1;GPC1;BAMBI;SOST;SLIT2;UBE2D1;RBPMS2;BMPER;PTPN1;TNMD;SPRY4;BMP2;SORL1;SMAD1;APLN;SKIL;CASK;BMPR1B;SKI;NOG;LRP2;SOSTDC1;SMURF2;SMAD4;FSTL3,0.01468070880052,1.7489189961144114,GO_Biological_Process_2021,positive,1.7489189961144114,2,GO_Biological_Process_2021::negative regulation of cellular response to growth factor stimulus (GO:0090288) | GO_Biological_Process_2021::negative regulation of BMP signaling pathway (GO:0030514),0.01468070880052,raw q retained
prerank,GO_Biological_Process_2021::blood vessel morphogenesis (GO:0048514),0.5859118657714805,1.7486824155028595,0.0027662517289073,0.0147054381485404,0.997,20/33,23.37%,RASIP1;LOX;TGFBR3;SERPINF2;HAS2;SOX18;ID1;APELA;CCBE1;CYP1B1;CAV1;NKX2-5;CDH2;TGFBR2;AGGF1;LRP5;SLC1A1;STRA6;GJA5;TBX1,0.0147054381485404,1.7486824155028595,GO_Biological_Process_2021,positive,1.7486824155028595,1,GO_Biological_Process_2021::blood vessel morphogenesis (GO:0048514),0.0147054381485404,raw q retained
prerank,GO_Biological_Process_2021::lamellipodium organization (GO:0097581),0.6213193051483863,1.748350169310112,0.0036284470246734,0.0147318848935256,0.997,12/24,17.29%,PTPRO;VCL;DMTN;ARHGEF6;PARVB;WASF1;CYFIP1;RHOD;SPEF1;SNX2;CTTN;SNX1,0.0147318848935256,1.748350169310112,GO_Biological_Process_2021,positive,1.748350169310112,2,GO_Biological_Process_2021::lamellipodium organization (GO:0097581) | GO_Biological_Process_2021::lamellipodium assembly (GO:0030032),0.0147318848935256,raw q retained
prerank,GO_Biological_Process_2021::aorta development (GO:0035904),0.7666333998669328,1.7475376724468632,0.0040849673202614,0.0148313213074676,0.997,10/10,23.37%,EFEMP2;ROBO2;ADAMTS9;ROBO1;PKD2;TFAP2B;JAG1;TBX2;HECTD1;TBX1,0.0148313213074676,1.7475376724468632,GO_Biological_Process_2021,positive,1.7475376724468632,2,GO_Biological_Process_2021::aorta development (GO:0035904) | GO_Biological_Process_2021::aorta morphogenesis (GO:0035909),0.0148313213074676,raw q retained
prerank,GO_Biological_Process_2021::transforming growth factor beta receptor signaling pathway (GO:0007179),0.5221025369837633,1.747650601800572,0.0012437810945273,0.0148448518914806,0.997,34/69,20.31%,FMOD;GDF15;DUSP15;LTBP2;CLDN5;HPGD;TGFBR3;NRROS;CDH5;PXN;LRRC32;SMAD6;JUN;ID1;ZYX;SMAD3;FERMT2;APOA1;BAMBI;F11R;CBL;ARRB2;TGFBR2;GDF5;FURIN;LPXN;PARD3;FOS;RHOA;USP15;GDF10;CGN;UBB;FOXH1,0.0148448518914806,1.747650601800572,GO_Biological_Process_2021,positive,1.747650601800572,2,GO_Biological_Process_2021::transforming growth factor beta receptor signaling pathway (GO:0007179) | GO_Biological_Process_2021::transmembrane receptor protein serine/threonine kinase signaling pathway (GO:0007178),0.0148448518914806,raw q retained
prerank,GO_Biological_Process_2021::positive regulation of actin nucleation (GO:0051127),0.7462469330893664,1.747029329259601,0.0041050903119868,0.0148960509353171,0.997,11/11,25.41%,SCIN;WASF1;CYFIP1;NCKAP1;WASF3;ABI2;BRK1;GSN;WASF2;WHAMM;FCHSD2,0.0148960509353171,1.747029329259601,GO_Biological_Process_2021,positive,1.747029329259601,1,GO_Biological_Process_2021::positive regulation of actin nucleation (GO:0051127),0.0148960509353171,raw q retained
prerank,GO_Biological_Process_2021::positive regulation of cell migration involved in sprouting angiogenesis (GO:0090050),0.7696653078246722,1.7455915951568746,0.0032760032760032,0.0151812926240469,0.998,8/10,18.85%,SRPX2;GATA2;RHOJ;HMOX1;FOXC2;ANXA1;MAP3K3;FGFBP1,0.0151812926240469,1.7455915951568746,GO_Biological_Process_2021,positive,1.7455915951568746,2,GO_Biological_Process_2021::positive regulation of cell migration involved in sprouting angiogenesis (GO:0090050) | GO_Biological_Process_2021::regulation of cell migration involved in sprouting angiogenesis (GO:0090049),0.0151812926240469,raw q retained
prerank,GO_Biological_Process_2021::positive regulation of biosynthetic process (GO:0009891),0.6053878946282816,1.744470126895021,0.0036075036075036,0.015292815703579,0.9985,21/28,23.14%,APOA5;TLR6;SUCO;CCL5;SERPINF2;RGCC;SORBS1;MTPN;CREBL2;CD36;APOA1;RAB27A;BMP4;PLCG2;CYBA;SLC5A3;RUNX1;APOE;ADGRB1;SIRT4;MLXIPL,0.015292815703579,1.744470126895021,GO_Biological_Process_2021,positive,1.744470126895021,1,GO_Biological_Process_2021::positive regulation of biosynthetic process (GO:0009891),0.015292815703579,raw q retained
prerank,GO_Biological_Process_2021::regulation of cardiac muscle cell proliferation (GO:0060043),0.718662693090008,1.7442951351521987,0.0040749796251018,0.0152973245728964,0.9985,11/12,27.94%,TGFBR3;RBP4;TP73;MEF2C;TBX5;GLI1;RUNX1;TBX2;NOG;VGLL4;ZFPM2,0.0152973245728964,1.7442951351521987,GO_Biological_Process_2021,positive,1.7442951351521987,1,GO_Biological_Process_2021::regulation of cardiac muscle cell proliferation (GO:0060043),0.0152973245728964,raw q retained
prerank,GO_Biological_Process_2021::fructose 6-phosphate metabolic process (GO:0006002),0.7764355490002224,1.7439382751071215,0.0033222591362126,0.015339987465967,0.9985,9/10,18.07%,PFKM;FBP2;FBP1;HK3;PFKP;GFPT2;PFKL;HK2;GFPT1,0.015339987465967,1.7439382751071215,GO_Biological_Process_2021,positive,1.7439382751071215,1,GO_Biological_Process_2021::fructose 6-phosphate metabolic process (GO:0006002),0.015339987465967,raw q retained
prerank,GO_Biological_Process_2021::blood circulation (GO:0008015),0.6126177033707513,1.7446026140512214,0.0021413276231263,0.0153562229932841,0.9985,23/27,27.76%,SCPEP1;GPX1;C3AR1;OLR1;ACTC1;ACE2;EPO;XCL2;MYOF;SGCG;NPPB;PLN;EDN3;STAT1;HTR7;GCLM;HOXB2;SGCD;TRDN;TBC1D8;GCLC;AVPR1A;ITGB1BP1,0.0153562229932841,1.7446026140512214,GO_Biological_Process_2021,positive,1.7446026140512214,1,GO_Biological_Process_2021::blood circulation (GO:0008015),0.0153562229932841,raw q retained
prerank,GO_Biological_Process_2021::regulation of actin filament depolymerization (GO:0030834),0.7580456893701769,1.742698972069556,0.0041528239202657,0.015457999772476,0.9985,10/11,19.88%,PLEKHH2;VIL1;MTPN;SH3BP1;WDR1;CFL2;PDXP;F2RL1;PLEK;LIMA1,0.015457999772476,1.742698972069556,GO_Biological_Process_2021,positive,1.742698972069556,1,GO_Biological_Process_2021::regulation of actin filament depolymerization (GO:0030834),0.015457999772476,raw q retained
prerank,GO_Biological_Process_2021::positive regulation of protein secretion (GO:0050714),0.5339975093132496,1.7414775441196115,0.0025773195876288,0.0155699655559027,0.999,37/57,26.55%,C1QTNF3;TM7SF3;ANG;MYH10;GCK;ADAM8;RBP4;TMED10;TREM2;BMP6;CD2AP;FRMD4A;GHRL;TTN;PLA2G1B;ACSL4;IER3IP1;F2RL1;MCU;NNAT;MYRIP;CAPN10;PPID;IRS2;EZR;ABCG1;ARF6;SYTL4;ANKRD1;PSMD9;APBB3;GOLPH3L;WLS;DOC2B;SLC30A8;GLUD1;EXPH5,0.0155699655559027,1.7414775441196115,GO_Biological_Process_2021,positive,1.7414775441196115,3,GO_Biological_Process_2021::positive regulation of protein secretion (GO:0050714) | GO_Biological_Process_2021::positive regulation of secretion by cell (GO:1903532) | GO_Biological_Process_2021::regulation of protein secretion (GO:0050708),0.0155699655559027,raw q retained
prerank,GO_Biological_Process_2021::response to metal ion (GO:0010038),0.5407886492447196,1.7394678589448749,0.001953125,0.0159142691441034,0.999,22/52,18.82%,HVCN1;MT1A;CRIP1;AQP9;THBS1;ANXA11;TRPV6;NEDD4;PAM;HIF1A;SLC30A3;MT2A;CAV1;TTN;MT1X;HFE;SLC11A2;PLSCR1;ATP7B;SLC30A2;SLC30A4;PPP1CA,0.0159142691441034,1.7394678589448749,GO_Biological_Process_2021,positive,1.7394678589448749,1,GO_Biological_Process_2021::response to metal ion (GO:0010038),0.0159142691441034,raw q retained
prerank,GO_Biological_Process_2021::negative regulation of natural killer cell mediated cytotoxicity (GO:0045953),0.6858358269577666,1.7373549719797456,0.0069018404907975,0.0161768897351212,0.9995,12/15,22.99%,KIR2DL4;LILRB1;KLRD1;SERPINB4;SERPINB9;CEACAM1;ARRB2;CLEC12B;LGALS9;MICA;HLA-A;HLA-B,0.0161768897351212,1.7373549719797456,GO_Biological_Process_2021,positive,1.7373549719797456,2,GO_Biological_Process_2021::negative regulation of natural killer cell mediated cytotoxicity (GO:0045953) | GO_Biological_Process_2021::negative regulation of leukocyte mediated cytotoxicity (GO:0001911),0.0161768897351212,raw q retained
prerank,GO_Biological_Process_2021::regulation of Ras protein signal transduction (GO:0046578),0.5163642854847705,1.7370011667230003,0.0018382352941176,0.0162123879597972,0.9995,36/71,24.45%,LRRC59;DENND4B;DENND4C;ARHGDIB;EPS8L1;KANK2;RASAL3;SHC1;DENND4A;FBP1;EPO;VAV1;EPS8L2;SH3BP1;SPRY1;GABARAP;FGF10;DENND3;DLC1;STARD8;RASGEF1A;RASGRP1;ARHGAP44;SPRY4;OPHN1;ARHGEF28;EPS8;NUP62;IRS2;PLCE1;RDX;ARF6;RAPGEF1;SQSTM1;AKAP13;MYO9B,0.0162123879597972,1.7370011667230003,GO_Biological_Process_2021,positive,1.7370011667230003,2,GO_Biological_Process_2021::regulation of Ras protein signal transduction (GO:0046578) | GO_Biological_Process_2021::positive regulation of small GTPase mediated signal transduction (GO:0051057),0.0162123879597972,raw q retained
prerank,GO_Biological_Process_2021::B cell activation (GO:0042113),0.5617851221834581,1.7364044858176837,0.0041095890410958,0.0162992668244454,0.9995,29/40,28.30%,NFAM1;ZAP70;VCAM1;CR2;PHB;CEBPG;PLCG2;AICDA;MEF2C;LAT2;IL11;BANK1;FCRL1;RASGRP1;HSPD1;BLNK;CD79A;GPR183;KLF6;PTPN2;DNAJB9;PHB2;AKAP17A;LYL1;IFNE;RABL3;ADGRG3;NHEJ1;TCF3,0.0162992668244454,1.7364044858176837,GO_Biological_Process_2021,positive,1.7364044858176837,1,GO_Biological_Process_2021::B cell activation (GO:0042113),0.0162992668244454,raw q retained
prerank,GO_Biological_Process_2021::regulation of dephosphorylation (GO:0035303),-0.612531618802689,-1.8072847716100957,0.0056737588652482,0.0163378622257585,0.9795,8/14,24.66%,MTMR3;MTMR4;SMG5;MTMR2;MTMR1;SMG7;SMG6;INPP5K,0.0163378622257585,-1.8072847716100957,GO_Biological_Process_2021,negative,1.8072847716100957,1,GO_Biological_Process_2021::regulation of dephosphorylation (GO:0035303),0.0163378622257585,raw q retained
prerank,GO_Biological_Process_2021::cellular response to growth factor stimulus (GO:0071363),0.4866523651758109,1.7358707261886013,0.0,0.016378989264358,0.9995,58/109,23.54%,TMEM100;CPNE3;VIL1;CILP;EEF1A1;MT1G;ADAMTS7;LGMN;RUNX2;CCL5;SYAP1;CLEC3B;IBSP;ADAMTS12;HAS2;HYAL2;HYAL1;SNAI2;SHC1;DSTYK;BMP6;EGR3;SMAD3;XCL1;LIMS1;ZFP36L1;ANXA1;SPHK1;BMP4;NDNF;TWF2;TGFBR2;PRKD2;MEF2C;TDGF1;CORO1B;PLCG1;MAP2K3;DLX5;BMP7;SOX9;STAT5B;HAS1;BMP2;NR4A1;RAB35;EHD1;MAPK7;BCAR1;ANKRD1;KLF4;ZFP36;BMPR1B;STMN2;EMD;TBX1;RAPGEF1;LRP2,0.016378989264358,1.7358707261886013,GO_Biological_Process_2021,positive,1.7358707261886013,1,GO_Biological_Process_2021::cellular response to growth factor stimulus (GO:0071363),0.016378989264358,raw q retained
prerank,GO_Biological_Process_2021::regulation of ruffle assembly (GO:1900027),0.6522009886047268,1.7334868201930431,0.0085205267234701,0.0167784780325787,0.9995,11/19,21.29%,DEF8;EVL;EPS8L1;ABI3;EPS8L2;CAV1;STAP1;EPS8;RDX;ARHGAP24;NDEL1,0.0167784780325787,1.7334868201930431,GO_Biological_Process_2021,positive,1.7334868201930431,1,GO_Biological_Process_2021::regulation of ruffle assembly (GO:1900027),0.0167784780325787,raw q retained
prerank,GO_Biological_Process_2021::cellular response to sterol (GO:0036315),0.7136920307397826,1.7331592572839154,0.011164274322169,0.0167938812316738,0.9995,8/13,19.25%,GRAMD1A;MLC1;GRAMD1C;CES1;CYP7A1;OSBPL7;GPLD1;GRAMD1B,0.0167938812316738,1.7331592572839154,GO_Biological_Process_2021,positive,1.7331592572839154,3,GO_Biological_Process_2021::cellular response to sterol (GO:0036315) | GO_Biological_Process_2021::cellular response to cholesterol (GO:0071397) | GO_Biological_Process_2021::response to cholesterol (GO:0070723),0.0167938812316738,raw q retained
prerank,GO_Biological_Process_2021::negative regulation of protein phosphorylation (GO:0001933),0.4781741198542167,1.7303734372487083,0.0,0.0172597471336893,0.9995,53/118,23.79%,SAMSN1;PID1;EMILIN1;FBLN1;MYADM;ADIPOQ;ENPP1;THY1;CAV3;DMTN;PPM1F;TWIST1;SMAD6;IGFBP3;PTPN6;TRIB1;OCLN;CORO1C;CAV1;SFRP2;WWTR1;NCK1;CEACAM1;SLIT2;PTEN;NCK2;NLRP12;SIRPA;DNAJC3;KLHL31;PARD3;DTNBP1;PPP1R15B;UBASH3B;NTF3;TRIB3;PYDC1;ZC3H12A;SFN;DVL1;PAQR3;PPM1E;SNX25;CHP1;DDIT4;LRRK2;PRKAG2;PMEPA1;MLXIPL;SH3GL2;NOG;PIP5KL1;TSC2,0.0172597471336893,1.7303734372487083,GO_Biological_Process_2021,positive,1.7303734372487083,1,GO_Biological_Process_2021::negative regulation of protein phosphorylation (GO:0001933),0.0172597471336893,raw q retained
prerank,GO_Biological_Process_2021::N-glycan processing (GO:0006491),0.6601854154862183,1.728540117250616,0.0062646828504306,0.0176220191135612,0.9995,14/18,25.15%,MAN1A1;MAN1A2;MAN1C1;ST8SIA1;MAN1B1;GNPTAB;ST8SIA2;ST8SIA4;GANAB;PRKCSH;MGAT4A;ST8SIA5;FUT8;MAN2A1,0.0176220191135612,1.728540117250616,GO_Biological_Process_2021,positive,1.728540117250616,1,GO_Biological_Process_2021::N-glycan processing (GO:0006491),0.0176220191135612,raw q retained
prerank,GO_Biological_Process_2021::DNA methylation (GO:0006306),-0.568497181052572,-1.7963543295441833,0.0110759493670886,0.0177724433530187,0.984,13/21,23.16%,TEX15;ZFP57;BEND3;ATRX;EHMT1;DMAP1;PICK1;ATF7IP;BAZ2A;GATAD2A;N6AMT1;HELLS;METTL4,0.0177724433530187,-1.7963543295441833,GO_Biological_Process_2021,negative,1.7963543295441833,1,GO_Biological_Process_2021::DNA methylation (GO:0006306),0.0177724433530187,raw q retained
prerank,GO_Biological_Process_2021::wound healing (GO:0042060),0.5354236509945364,1.7255435894611777,0.0006455777921239,0.0181994871259326,0.9995,28/51,21.90%,AHNAK2;SLC11A1;SPRR3;ANXA6;TRIM72;FER1L5;DYSF;TPM1;ALOX15;PAK1;SMAD3;HMOX1;MYOF;PPL;MYH9;JAML;GATA4;PRCP;DSP;FGF10;CORO1B;PLEC;SYT7;RAB3A;ARL8B;EVPL;SCARB1;SYTL4,0.0181994871259326,1.7255435894611777,GO_Biological_Process_2021,positive,1.7255435894611777,1,GO_Biological_Process_2021::wound healing (GO:0042060),0.0181994871259326,raw q retained
prerank,GO_Biological_Process_2021::microtubule depolymerization (GO:0007019),-0.599546172356235,-1.7919164850982423,0.004225352112676,0.0182502604637172,0.9845,9/17,13.12%,KIF18B;KIF24;KIF19;CKAP5;KIF2C;KIF18A;KIF14;STMN4;KIF2A,0.0182502604637172,-1.7919164850982423,GO_Biological_Process_2021,negative,1.7919164850982423,1,GO_Biological_Process_2021::microtubule depolymerization (GO:0007019),0.0182502604637172,raw q retained
prerank,GO_Biological_Process_2021::T cell migration (GO:0072678),0.700093251220907,1.7240995376894888,0.0048038430744595,0.0184495313533326,0.9995,10/13,19.63%,XG;ZAP70;MYO1G;CCL26;CXCL11;CCL20;CXCL16;CCR6;CCL3;GPR183,0.0184495313533326,1.7240995376894888,GO_Biological_Process_2021,positive,1.7240995376894888,1,GO_Biological_Process_2021::T cell migration (GO:0072678),0.0184495313533326,raw q retained
prerank,GO_Biological_Process_2021::positive regulation of phosphorylation (GO:0042327),0.4689316747082904,1.7217414668569195,0.0016787912702853,0.0188433750166708,0.9995,61/135,21.80%,ADTRP;WDFY2;TMEM119;MARCO;RARRES2;FPR2;FAM20A;MYDGF;ANG;PLAUR;ITLN1;ADIPOQ;CCL5;KNDC1;THBS1;LIMCH1;TREM2;LEP;HIF1A;NCKAP1L;IL34;DSTYK;PAK1;ITGA6;KCTD20;FGF20;FGF17;FGF16;EGF;PFKFB3;LIMK2;FGF8;BMP4;FGF7;FAS;ILK;FGF10;RALB;NPTN;FGF9;PTGES3;PECAM1;DAB2;INSRR;PIFO;DRD4;RASGRP1;BTBD10;SOX9;LMTK2;BCL10;EFNA5;FGF19;BMP2;SDCBP;THPO;ARNT;FGF18;FLOT1;STK4;AXIN2,0.0188433750166708,1.7217414668569195,GO_Biological_Process_2021,positive,1.7217414668569195,3,GO_Biological_Process_2021::positive regulation of phosphorylation (GO:0042327) | GO_Biological_Process_2021::regulation of protein phosphorylation (GO:0001932) | GO_Biological_Process_2021::positive regulation of phosphate metabolic process (GO:0045937),0.0188433750166708,raw q retained
prerank,GO_Biological_Process_2021::response to muscle stretch (GO:0035994),0.7343119723874081,1.7207738178560237,0.0058091286307053,0.019022611493942,0.9995,11/11,26.60%,CAV3;TTN;CSRP3;CDH2;GSN;RYR2;TCAP;SLC8A1;ANKRD1;SLC9A1;NPPA,0.019022611493942,1.7207738178560237,GO_Biological_Process_2021,positive,1.7207738178560237,1,GO_Biological_Process_2021::response to muscle stretch (GO:0035994),0.019022611493942,raw q retained
prerank,GO_Biological_Process_2021::regulation of cellular component movement (GO:0051270),0.5752944541942467,1.7190386589957731,0.0083798882681564,0.0192674541300054,0.9995,22/32,25.95%,ARHGAP18;ZSWIM6;ZSWIM4;TGFBR3;PDPN;EGF;DIAPH1;ETS1;ACTN4;ABL2;PKHD1;ACTN1;RHOA;BTC;ARAP1;DAPK3;CD9;NRG4;MEMO1;NRG1;MYCBP2;FES,0.0192674541300054,1.7190386589957731,GO_Biological_Process_2021,positive,1.7190386589957731,1,GO_Biological_Process_2021::regulation of cellular component movement (GO:0051270),0.0192674541300054,raw q retained
prerank,GO_Biological_Process_2021::cytoskeleton organization (GO:0007010),0.4779439384154623,1.7191672839836687,0.0,0.0192756550767795,0.9995,58/112,25.62%,FGD5;FGD2;MAST4;DES;PALLD;THY1;DMTN;RAC3;ANK1;RND3;RHOH;DIAPH3;TPM1;CCL7;ARAP3;CCL13;RHOD;NEDD9;ARHGAP4;WASF3;RAC2;FGD6;FGD1;ARHGAP10;DIAPH1;PAK6;RHOF;TNFAIP3;FMNL3;ABI2;ARC;FGD3;MICAL2;CCL3;RHOA;CCL24;CNN2;RHOC;APOE;CFL1;CNTNAP1;RND1;CSPG5;RHOG;PLCE1;OBSL1;SH3D19;KRT76;SH3KBP1;NCKIPSD;FGD4;CAPZB;SEMA6A;AJUBA;MICAL1;PACSIN1;MDK;RHOB,0.0192756550767795,1.7191672839836687,GO_Biological_Process_2021,positive,1.7191672839836687,1,GO_Biological_Process_2021::cytoskeleton organization (GO:0007010),0.0192756550767795,raw q retained
prerank,GO_Biological_Process_2021::melanosome organization (GO:0032438),0.6115969769799194,1.7181905038579064,0.0117302052785923,0.0192912048894076,0.9995,19/24,32.13%,GPR143;RAB38;DTNBP1;RAB32;BLOC1S5;BLOC1S4;LYST;RAB29;BLOC1S6;AP1M1;BLOC1S2;HPS4;SNAPIN;AP3D1;BLOC1S3;AP3B1;ASIP;HPS1;BLOC1S1,0.0192912048894076,1.7181905038579064,GO_Biological_Process_2021,positive,1.7181905038579064,3,GO_Biological_Process_2021::melanosome organization (GO:0032438) | GO_Biological_Process_2021::anterograde synaptic vesicle transport (GO:0048490) | GO_Biological_Process_2021::synaptic vesicle transport along microtubule (GO:0099517),0.0192912048894076,raw q retained
prerank,GO_Biological_Process_2021::positive regulation of response to stimulus (GO:0048584),0.5649936593071397,1.7185020385239045,0.0027192386131883,0.0193198965225224,0.9995,16/37,14.81%,KIR2DL4;ADIPOQ;RSAD2;DDX58;ABI3;YPEL3;IFIH1;IER5;HMGA2;LRRC70;PLA2G1B;MYC;ACOX2;GATA3;ILK;B2M,0.0193198965225224,1.7185020385239045,GO_Biological_Process_2021,positive,1.7185020385239045,1,GO_Biological_Process_2021::positive regulation of response to stimulus (GO:0048584),0.0193198965225224,raw q retained
prerank,GO_Biological_Process_2021::regulation of cell size (GO:0008361),0.6331460786922415,1.7169786603752204,0.0029651593773165,0.0193856631409344,1.0,13/21,21.07%,VAV2;CAV3;EDN1;MTPN;VAV1;PTEN;RARG;RAP1GAP2;VAV3;RHOA;PLEK;EZR;RDX,0.0193856631409344,1.7169786603752204,GO_Biological_Process_2021,positive,1.7169786603752204,1,GO_Biological_Process_2021::regulation of cell size (GO:0008361),0.0193856631409344,raw q retained
prerank,GO_Biological_Process_2021::regulation of interferon-gamma-mediated signaling pathway (GO:0060334),0.7052113192114631,1.7171161806565676,0.0049019607843137,0.0193858310686648,1.0,12/13,29.46%,PARP9;ARG1;PARP14;SOCS1;TXK;STAT1;PTPN2;CDC37;SOCS3;IRGM;PIAS1;NLRC5,0.0193858310686648,1.7171161806565676,GO_Biological_Process_2021,positive,1.7171161806565676,1,GO_Biological_Process_2021::regulation of interferon-gamma-mediated signaling pathway (GO:0060334),0.0193858310686648,raw q retained
prerank,GO_Biological_Process_2021::adenylate cyclase-activating G protein-coupled receptor signaling pathway (GO:0007189),0.5140404184176588,1.7164933492807517,0.00375,0.0194465296491968,1.0,39/64,27.49%,GPR65;ADGRL4;ADGRE3;CALCB;GPR4;CXCL9;PTGIR;PF4;ADGRE2;CXCL11;GNG2;GPHA2;GNAL;ADGRL2;ADCYAP1;GPR78;PTGFR;ADGRE5;IAPP;MC4R;GNA13;ADGRL3;ADGRB1;VIP;ADGRG2;ADGRG1;GNAS;LPAR2;ADGRG6;ADGRG4;CRHR1;LPAR1;ADCY8;LPAR3;GHRH;GNAQ;ADGRD1;ADGRE1;GNB1,0.0194465296491968,1.7164933492807517,GO_Biological_Process_2021,positive,1.7164933492807517,1,GO_Biological_Process_2021::adenylate cyclase-activating G protein-coupled receptor signaling pathway (GO:0007189),0.0194465296491968,raw q retained
prerank,GO_Biological_Process_2021::regulation of cell junction assembly (GO:1901888),0.6336955823716026,1.7161476601069896,0.0074183976261127,0.0194724866201177,1.0,16/21,25.51%,CLDN5;SNAI2;OCLN;PDLIM5;MYO1C;RAB17;F11R;RAP1B;MEF2C;RUNX1;TJP1;FLOT1;RAPGEF1;SETD5;CBFB;SNAI1,0.0194724866201177,1.7161476601069896,GO_Biological_Process_2021,positive,1.7161476601069896,1,GO_Biological_Process_2021::regulation of cell junction assembly (GO:1901888),0.0194724866201177,raw q retained
prerank,GO_Biological_Process_2021::T cell mediated immunity (GO:0002456),0.6817853447415595,1.7162623186789414,0.0078864353312302,0.0194760104851486,1.0,12/15,22.69%,EMP2;MYO1G;CD8A;CTSH;BTN3A3;CD46;CD55;AIRE;BTN3A2;MICA;JAG1;HLA-A,0.0194760104851486,1.7162623186789414,GO_Biological_Process_2021,positive,1.7162623186789414,1,GO_Biological_Process_2021::T cell mediated immunity (GO:0002456),0.0194760104851486,raw q retained
prerank,GO_Biological_Process_2021::dolichol-linked oligosaccharide biosynthetic process (GO:0006488),-0.5901699805922854,-1.783549199249377,0.0142857142857142,0.0194976070314903,0.9885,8/17,13.90%,SRD5A3;DHDDS;DPAGT1;MVD;ALG1;ALG14;ALG2;DOLK,0.0194976070314903,-1.783549199249377,GO_Biological_Process_2021,negative,1.783549199249377,1,GO_Biological_Process_2021::dolichol-linked oligosaccharide biosynthetic process (GO:0006488),0.0194976070314903,raw q retained
prerank,GO_Biological_Process_2021::membrane fusion (GO:0061025),0.5685145530381381,1.714577153785263,0.0062981105668299,0.0197319669371849,1.0,10/33,11.66%,DCSTAMP;MX2;FER1L5;DYSF;GCA;STX11;DNM1;MX1;MYOF;SNAP23,0.0197319669371849,1.714577153785263,GO_Biological_Process_2021,positive,1.714577153785263,1,GO_Biological_Process_2021::membrane fusion (GO:0061025),0.0197319669371849,raw q retained
prerank,GO_Biological_Process_2021::negative regulation of extrinsic apoptotic signaling pathway via death domain receptors (GO:1902042),0.6376259979061354,1.7124039406164837,0.0022438294689603,0.0202312626684382,1.0,7/20,15.09%,GPX1;TMBIM1;FAIM;TNFSF10;HMOX1;FAS;TNFAIP3,0.0202312626684382,1.7124039406164837,GO_Biological_Process_2021,positive,1.7124039406164837,2,GO_Biological_Process_2021::negative regulation of extrinsic apoptotic signaling pathway via death domain receptors (GO:1902042) | GO_Biological_Process_2021::regulation of extrinsic apoptotic signaling pathway via death domain receptors (GO:1902041),0.0202312626684382,raw q retained
prerank,GO_Biological_Process_2021::negative regulation of ERBB signaling pathway (GO:1901185),0.5736292735013898,1.7118254796023684,0.0061182868796736,0.0203276678198546,1.0,17/32,23.16%,LGMN;SPRY1;EGF;PTPN3;CBL;EPGN;AREG;ITGA1;BTC;CBLC;EPS15;CDC42;PTPN2;RNF115;SH3KBP1;PTPN18;SH3GL2,0.0203276678198546,1.7118254796023684,GO_Biological_Process_2021,positive,1.7118254796023684,2,GO_Biological_Process_2021::negative regulation of ERBB signaling pathway (GO:1901185) | GO_Biological_Process_2021::regulation of epidermal growth factor receptor signaling pathway (GO:0042058),0.0203276678198546,raw q retained
prerank,GO_Biological_Process_2021::hexose transmembrane transport (GO:0008645),0.646760292386326,1.7102783956524792,0.006006006006006,0.0206221606377963,1.0,10/18,18.48%,SLC2A6;SLC50A1;SLC2A14;SLC2A4;SLC2A5;PPBP;SLC2A10;SLC45A3;SLC5A3;SLC2A3,0.0206221606377963,1.7102783956524792,GO_Biological_Process_2021,positive,1.7102783956524792,2,GO_Biological_Process_2021::hexose transmembrane transport (GO:0008645) | GO_Biological_Process_2021::glucose transmembrane transport (GO:1904659),0.0206221606377963,raw q retained
prerank,GO_Biological_Process_2021::amyloid fibril formation (GO:1990000),0.5563421375520908,1.7085713607734123,0.0048342541436464,0.0209819968150594,1.0,23/38,21.00%,LYZ;CALB1;CST3;TGFBI;LTF;SAA1;HSPG2;ITM2B;CD36;TSPAN14;APOA1;SNCAIP;PRL;GGA2;B2M;FURIN;GGA1;IAPP;TSPAN33;GSN;UBB;SORL1;UBE2L6,0.0209819968150594,1.7085713607734123,GO_Biological_Process_2021,positive,1.7085713607734123,1,GO_Biological_Process_2021::amyloid fibril formation (GO:1990000),0.0209819968150594,raw q retained
prerank,GO_Biological_Process_2021::regulation of reactive oxygen species metabolic process (GO:2000377),0.5523652479213852,1.706963197980461,0.0060160427807486,0.0211848019493708,1.0,22/40,26.81%,PID1;NOXO1;ACE2;THBS1;STK17A;NOXA1;CYP1B1;RAC2;PLIN5;TGFBR2;TFAP2A;UCP1;BST1;ZC3H12A;CDKN1A;EIF6;AKR1C1;SPHK2;ROMO1;SLC25A33;PARL;DHRS4,0.0211848019493708,1.706963197980461,GO_Biological_Process_2021,positive,1.706963197980461,1,GO_Biological_Process_2021::regulation of reactive oxygen species metabolic process (GO:2000377),0.0211848019493708,raw q retained
prerank,GO_Biological_Process_2021::negative regulation of amyloid precursor protein catabolic process (GO:1902992),0.6934063457197784,1.7069816269390623,0.0078926598263614,0.0212121500487458,1.0,12/13,30.01%,ABCA7;FLOT2;APOE;HAP1;SORL1;RTN3;PICALM;BIN1;RTN2;PRNP;PIN1;GGA3,0.0212121500487458,1.7069816269390623,GO_Biological_Process_2021,positive,1.7069816269390623,2,GO_Biological_Process_2021::negative regulation of amyloid precursor protein catabolic process (GO:1902992) | GO_Biological_Process_2021::negative regulation of amyloid-beta formation (GO:1902430),0.0212121500487458,raw q retained
prerank,GO_Biological_Process_2021::regulation of cell killing (GO:0031341),0.7286886093029893,1.7056581086110345,0.0100083402835696,0.0213731102124164,1.0,7/11,17.18%,NOXO1;CR1L;CFH;NOXA1;CD55;CYBA;IL11,0.0213731102124164,1.7056581086110345,GO_Biological_Process_2021,positive,1.7056581086110345,1,GO_Biological_Process_2021::regulation of cell killing (GO:0031341),0.0213731102124164,raw q retained
prerank,GO_Biological_Process_2021::bicarbonate transport (GO:0015701),-0.5272215017176665,-1.7700576318118553,0.0046875,0.021405465283722,0.993,7/26,4.99%,CA5B;CA5A;CA14;SLC4A2;SLC4A8;CA13;SLC4A9,0.021405465283722,-1.7700576318118553,GO_Biological_Process_2021,negative,1.7700576318118553,1,GO_Biological_Process_2021::bicarbonate transport (GO:0015701),0.021405465283722,raw q retained
prerank,GO_Biological_Process_2021::regulation of nitric-oxide synthase activity (GO:0050999),0.6051338829688988,1.7045358771321324,0.0115440115440115,0.0216135336153843,1.0,14/24,21.18%,CYGB;NOSTRIN;CAV3;LEP;HIF1A;DDAH2;GLA;CAV1;GCH1;S100A1;APOE;WASL;DDAH1;SCARB1,0.0216135336153843,1.7045358771321324,GO_Biological_Process_2021,positive,1.7045358771321324,1,GO_Biological_Process_2021::regulation of nitric-oxide synthase activity (GO:0050999),0.0216135336153843,raw q retained
prerank,GO_Biological_Process_2021::regulation of heterotypic cell-cell adhesion (GO:0034114),0.6575527233445989,1.7018548782813576,0.0116731517509727,0.0221916512442299,1.0,11/16,22.60%,MYADM;ADIPOQ;THY1;IL1RN;SKAP1;APOA1;FLOT2;BMP7;FLOT1;MAPK7;KLF4,0.0221916512442299,1.7018548782813576,GO_Biological_Process_2021,positive,1.7018548782813576,2,GO_Biological_Process_2021::regulation of heterotypic cell-cell adhesion (GO:0034114) | GO_Biological_Process_2021::negative regulation of cell-cell adhesion (GO:0022408),0.0221916512442299,raw q retained
prerank,GO_Biological_Process_2021::cell projection organization (GO:0030030),0.590961385487487,1.7004012330738365,0.0058266569555717,0.0225223969433195,1.0,19/28,21.04%,CAPG;SCIN;PARVA;RAC3;RHOH;PARVB;NCKAP1L;CYFIP1;PARVG;NCKAP1;RHOJ;RAC2;ATP1B2;RHOQ;PLEK;GSN;CSPG5;RHOG;CDC42,0.0225223969433195,1.7004012330738365,GO_Biological_Process_2021,positive,1.7004012330738365,1,GO_Biological_Process_2021::cell projection organization (GO:0030030),0.0225223969433195,raw q retained
prerank,GO_Biological_Process_2021::negative regulation of lipid storage (GO:0010888),0.7453358456616332,1.6993890168607697,0.0048820179007323,0.0226817389318621,1.0,9/10,24.68%,TTC39B;CES1;TREM2;CRP;ABHD5;OSBPL8;ABCG1;PTPN2;PNPLA2,0.0226817389318621,1.6993890168607697,GO_Biological_Process_2021,positive,1.6993890168607697,1,GO_Biological_Process_2021::negative regulation of lipid storage (GO:0010888),0.0226817389318621,raw q retained
prerank,GO_Biological_Process_2021::negative regulation of cellular biosynthetic process (GO:0031327),0.5424827506540257,1.699031388417838,0.0032808398950131,0.0226995911448955,1.0,20/44,19.86%,C1QTNF3;PTGIS;ADIPOQ;FCN3;GCK;GFI1;SNAI2;APOC1;CD34;GLA;CAV1;CEACAM1;SIRPA;ACADL;SOGA1;OPN3;TRIB3;ZC3H12A;PLEK;FGF19,0.0226995911448955,1.699031388417838,GO_Biological_Process_2021,positive,1.699031388417838,1,GO_Biological_Process_2021::negative regulation of cellular biosynthetic process (GO:0031327),0.0226995911448955,raw q retained
prerank,GO_Biological_Process_2021::negative regulation of epithelial cell apoptotic process (GO:1904036),0.6205882726292212,1.6969041770555109,0.0105421686746987,0.0231690164382773,1.0,17/20,25.69%,SERPINB13;GATA2;CDH5;NUPR1;YAP1;CAST;NDNF;WFS1;GATA3;TNFAIP3;PKHD1;IL11;TNIP2;MAPK7;NEUROD1;MDK;KRIT1,0.0231690164382773,1.6969041770555109,GO_Biological_Process_2021,positive,1.6969041770555109,1,GO_Biological_Process_2021::negative regulation of epithelial cell apoptotic process (GO:1904036),0.0231690164382773,raw q retained
prerank,GO_Biological_Process_2021::regulation of macrophage differentiation (GO:0045649),0.7388190973457264,1.696357766287198,0.0106820049301561,0.0232683164483516,1.0,9/10,24.37%,ADIPOQ;PF4;C1QC;IL34;LIF;INHA;ID2;PTPN2;FADD,0.0232683164483516,1.696357766287198,GO_Biological_Process_2021,positive,1.696357766287198,2,GO_Biological_Process_2021::regulation of macrophage differentiation (GO:0045649) | GO_Biological_Process_2021::positive regulation of myeloid leukocyte differentiation (GO:0002763),0.0232683164483516,raw q retained
prerank,GO_Biological_Process_2021::negative regulation of cellular protein metabolic process (GO:0032269),0.4963110510681028,1.6961298458888638,0.0018259281801582,0.0232941733272432,1.0,41/76,27.75%,CST4;IGFBP5;KNG1;PCIF1;CSTA;CST3;SERPINB3;EDN1;CLN8;GZMB;ATRAID;CLN3;SERPINE2;EIF2AK2;IGF2BP1;EIF4A3;EIF2AK3;NCL;EIF4E2;GRB7;APOE;CSTB;DAPK3;IGF2BP2;ENC1;PAIP2B;RNF139;DDX6;GAPDH;LIN28A;NANOS1;CNOT7;SYNCRIP;CNOT1;NANOS3;DAPK1;DHX36;TRIM71;RGP1;DNAJC1;RIC1,0.0232941733272432,1.6961298458888638,GO_Biological_Process_2021,positive,1.6961298458888638,1,GO_Biological_Process_2021::negative regulation of cellular protein metabolic process (GO:0032269),0.0232941733272432,raw q retained
prerank,GO_Biological_Process_2021::cellular response to hormone stimulus (GO:0032870),0.5272457395129908,1.6942827446741209,0.0019518542615484,0.0237094514197355,1.0,34/55,23.43%,ARID5A;ADTRP;OCSTAMP;NR4A3;GCK;GATA1;CYP11A1;LEP;LMO2;CTSL;CTSH;SERPINB9;ROBO2;CAV1;SLIT3;CTSB;ZFP36L1;SOST;SLIT2;XBP1;NCOA2;SOCS2;SRA1;MEF2C;UCP1;ATP1A3;NCOA3;KLF9;STAT5B;RDX;SLC5A5;WBP2;AKR1C1;NCOA4,0.0237094514197355,1.6942827446741209,GO_Biological_Process_2021,positive,1.6942827446741209,1,GO_Biological_Process_2021::cellular response to hormone stimulus (GO:0032870),0.0237094514197355,raw q retained
prerank,GO_Biological_Process_2021::organonitrogen compound catabolic process (GO:1901565),0.5411310158870977,1.6924013438681789,0.0087956698240866,0.0240239302710382,1.0,21/42,22.84%,CPQ;NPL;LIPC;CLN8;PPT1;CLN5;TXN2;RENBP;CTH;CLN6;CTRL;IL4I1;ALLC;GADL1;PLA2G15;CYP2D6;GNPDA1;NAGK;PRSS16;PLA2G6;GNPDA2,0.0240239302710382,1.6924013438681789,GO_Biological_Process_2021,positive,1.6924013438681789,3,GO_Biological_Process_2021::organonitrogen compound catabolic process (GO:1901565) | GO_Biological_Process_2021::carboxylic acid catabolic process (GO:0046395) | GO_Biological_Process_2021::N-acetylneuraminate metabolic process (GO:0006054),0.0240239302710382,raw q retained
prerank,GO_Biological_Process_2021::negative regulation of phagocytosis (GO:0050765),0.7278865089731579,1.6896659999317991,0.0106470106470106,0.024695610940552,1.0,8/11,15.38%,CD300LF;CD300A;PRTN3;FER1L5;DYSF;ADIPOQ;PLSCR1;SIRPA,0.024695610940552,1.6896659999317991,GO_Biological_Process_2021,positive,1.6896659999317991,3,GO_Biological_Process_2021::negative regulation of phagocytosis (GO:0050765) | GO_Biological_Process_2021::negative regulation of cellular process (GO:0048523) | GO_Biological_Process_2021::negative regulation of transport (GO:0051051),0.024695610940552,raw q retained
prerank,GO_Biological_Process_2021::negative regulation of multicellular organismal process (GO:0051241),0.4542578187045199,1.689059119010134,0.0,0.0247554806887285,1.0,62/159,19.24%,ZNF706;PTPRO;DCANP1;SLC11A1;SLAMF8;SRGN;GDF15;ARHGDIB;APOA2;MYOCD;PROC;ADAMTS5;STC1;EVL;VASN;ADIPOQ;NFIB;RGCC;CIDEA;CLEC4A;SMAD6;PTPRR;FOXP3;APOM;ID1;PON1;BTN2A2;MAP2K6;GJA1;SPRY1;CORO1C;ZNF750;APOA1;FOXC2;GRN;SFRP2;SOST;ARNTL;TNNT1;BMP4;ACTN3;GATA3;PTPRG;PTEN;NLRP12;RPS6KA4;MEF2C;NPTN;KLF7;IL17RD;PCTP;PAEP;SPI1;TBX5;PROCR;RAB11FIP5;TIMP1;USF3;ROBO1;SOX9;ALDH1A1;NR1D1,0.0247554806887285,1.689059119010134,GO_Biological_Process_2021,positive,1.689059119010134,1,GO_Biological_Process_2021::negative regulation of multicellular organismal process (GO:0051241),0.0247554806887285,raw q retained
prerank,GO_Biological_Process_2021::cellular response to virus (GO:0098586),0.6031076806979008,1.6865524632492297,0.0084865629420084,0.025331380083781,1.0,12/24,18.61%,DDX58;CCL5;CCL19;OAS1;HIF1A;IFIH1;VWCE;LGALS8;IFI6;EIF5A;ZC3H12A;LGALS9,0.025331380083781,1.6865524632492297,GO_Biological_Process_2021,positive,1.6865524632492297,1,GO_Biological_Process_2021::cellular response to virus (GO:0098586),0.025331380083781,raw q retained
prerank,GO_Biological_Process_2021::tumor necrosis factor-mediated signaling pathway (GO:0033209),0.5227125527818997,1.686029035425827,0.0045307443365695,0.0254139352443509,1.0,31/52,23.04%,PLVAP;TNFRSF25;TMSB4X;TNFRSF11A;AIM2;CDIP1;FOXO3;COMMD7;TNFRSF11B;LIMS1;TNFRSF1B;TNFSF15;ILK;ACTN4;TRAF6;TRAF1;PSMF1;TXNDC17;EIF5A;PSMD5;PYDC1;TNFRSF13B;TRAF2;PYCARD;STAT1;PSMB2;TRAF3;PSMA2;PSMA8;PSMB4;PSMD9,0.0254139352443509,1.686029035425827,GO_Biological_Process_2021,positive,1.686029035425827,1,GO_Biological_Process_2021::tumor necrosis factor-mediated signaling pathway (GO:0033209),0.0254139352443509,raw q retained
prerank,GO_Biological_Process_2021::regulation of dopamine secretion (GO:0014059),-0.5683851238922999,-1.7427792890733629,0.017725258493353,0.0262008255732413,0.9975,6/18,7.12%,SYT3;SYT6;SYT10;SYT12;SYT13;SYT11,0.0262008255732413,-1.7427792890733629,GO_Biological_Process_2021,negative,1.7427792890733629,3,GO_Biological_Process_2021::regulation of dopamine secretion (GO:0014059) | GO_Biological_Process_2021::regulation of catecholamine secretion (GO:0050433) | GO_Biological_Process_2021::regulation of calcium ion-dependent exocytosis (GO:0017158),0.0262008255732413,raw q retained
prerank,GO_Biological_Process_2021::rRNA pseudouridine synthesis (GO:0031118),-0.6640828904164128,-1.742096895117224,0.0179856115107913,0.0262126632956388,0.9975,5/10,11.79%,RPUSD4;RPUSD1;RPUSD3;RPUSD2;GAR1,0.0262126632956388,-1.742096895117224,GO_Biological_Process_2021,negative,1.742096895117224,1,GO_Biological_Process_2021::rRNA pseudouridine synthesis (GO:0031118),0.0262126632956388,raw q retained
prerank,GO_Biological_Process_2021::regulation of smoothened signaling pathway (GO:0008589),-0.460877907108522,-1.7399103532542513,0.0058365758754863,0.0266261967123751,0.9975,17/42,13.45%,HHIP;GAS8;KCTD21;INTU;IFT81;MEGF8;FUZ;OTX2;TTC23;STK36;ZIC1;TULP3;EVC;GAS1;SFRP1;KCTD6;SHH,0.0266261967123751,-1.7399103532542513,GO_Biological_Process_2021,negative,1.7399103532542513,1,GO_Biological_Process_2021::regulation of smoothened signaling pathway (GO:0008589),0.0266261967123751,raw q retained
prerank,GO_Biological_Process_2021::negative regulation of chemokine production (GO:0032682),0.6975097324306019,1.68097047462469,0.0095087163232963,0.0267099213455573,1.0,11/13,22.79%,C1QTNF3;LILRB4;OAS1;MEFV;OAS3;SIRPA;F2RL1;APOD;LGALS9;KLF4;SIGIRR,0.0267099213455573,1.68097047462469,GO_Biological_Process_2021,positive,1.68097047462469,1,GO_Biological_Process_2021::negative regulation of chemokine production (GO:0032682),0.0267099213455573,raw q retained
prerank,GO_Biological_Process_2021::positive regulation of cytokine-mediated signaling pathway (GO:0001961),0.6065190958017851,1.6805973770850535,0.0081421169504071,0.0267723535591399,1.0,10/23,12.34%,CD300LF;CPNE1;LAPTM5;IL7;GFI1;HIF1A;EDN1;TICAM2;PARP9;PARP14,0.0267723535591399,1.6805973770850535,GO_Biological_Process_2021,positive,1.6805973770850535,1,GO_Biological_Process_2021::positive regulation of cytokine-mediated signaling pathway (GO:0001961),0.0267723535591399,raw q retained
prerank,GO_Biological_Process_2021::cytidine to uridine editing (GO:0016554),0.7288693211200534,1.676794822379627,0.0190555095277547,0.027738084995331,1.0,9/10,24.30%,APOBEC3G;APOBEC1;APOBEC3D;APOBEC3A;AICDA;APOBEC3H;APOBEC3C;APOBEC3B;APOBEC2,0.027738084995331,1.676794822379627,GO_Biological_Process_2021,positive,1.676794822379627,1,GO_Biological_Process_2021::cytidine to uridine editing (GO:0016554),0.027738084995331,raw q retained
prerank,GO_Biological_Process_2021::phagolysosome assembly (GO:0001845),0.7388304906570626,1.6762547670456351,0.016156462585034,0.0278749106874807,1.0,9/10,23.35%,RAB20;CORO1A;RAB34;CLN3;SYT7;ARL8B;RAB39A;RAB7B;RAB7A,0.0278749106874807,1.6762547670456351,GO_Biological_Process_2021,positive,1.6762547670456351,1,GO_Biological_Process_2021::phagolysosome assembly (GO:0001845),0.0278749106874807,raw q retained
prerank,GO_Biological_Process_2021::regulation of G1/S transition of mitotic cell cycle (GO:2000045),0.5068925634400094,1.676089784716686,0.0012706480304955,0.0278899059382013,1.0,23/58,21.07%,SLFN11;FAM107A;TMEM14B;ZNF655;CDK2AP2;RGCC;ADAMTS1;KANK2;AIF1;HYAL1;PTPN6;FHL1;TM4SF5;ANXA1;PTEN;FGF10;PRMT2;PKD2;GFI1B;UBE2E2;CDKN1A;ID2;RDX,0.0278899059382013,1.676089784716686,GO_Biological_Process_2021,positive,1.676089784716686,2,GO_Biological_Process_2021::regulation of G1/S transition of mitotic cell cycle (GO:2000045) | GO_Biological_Process_2021::negative regulation of mitotic cell cycle phase transition (GO:1901991),0.0278899059382013,raw q retained
prerank,GO_Biological_Process_2021::lysosome localization (GO:0032418),0.5672054142989995,1.6759191428272426,0.0114860014357501,0.0279063092422763,1.0,19/31,27.45%,MILR1;DEF8;NR4A3;RAB34;MYH9;BORCS5;S100A13;MRGPRX2;RAB3A;ARL8B;TMEM106B;NDEL1;SYTL4;TFEB;KXD1;HPS6;BLOC1S2;BORCS6;SNAPIN,0.0279063092422763,1.6759191428272426,GO_Biological_Process_2021,positive,1.6759191428272426,1,GO_Biological_Process_2021::lysosome localization (GO:0032418),0.0279063092422763,raw q retained
prerank,GO_Biological_Process_2021::cellular response to peptide (GO:1901653),0.5813988003006396,1.6751118591940075,0.0070571630204657,0.0280014945274485,1.0,18/29,23.86%,FPR2;PTPN22;LGMN;TLR6;CYP11A1;TREM2;VCAM1;CD36;GJA1;CAV1;ZFP36L1;XBP1;SNX6;RIPK2;ATP1A3;NOD1;NGFR;RPL23,0.0280014945274485,1.6751118591940075,GO_Biological_Process_2021,positive,1.6751118591940075,3,GO_Biological_Process_2021::cellular response to peptide (GO:1901653) | GO_Biological_Process_2021::cellular response to amyloid-beta (GO:1904646) | GO_Biological_Process_2021::response to amyloid-beta (GO:1904645),0.0280014945274485,raw q retained
prerank,GO_Biological_Process_2021::manganese ion transport (GO:0006828),0.7088700997841744,1.6733109209323,0.0098684210526315,0.0283959655353992,1.0,11/12,26.47%,SLC11A1;TMEM165;SLC39A14;SLC11A2;TRPC4;ATP2C2;ATP2C1;TRPC6;TRPC3;TRPC1;SLC39A8,0.0283959655353992,1.6733109209323,GO_Biological_Process_2021,positive,1.6733109209323,1,GO_Biological_Process_2021::manganese ion transport (GO:0006828),0.0283959655353992,raw q retained
prerank,GO_Biological_Process_2021::negative regulation of macromolecule metabolic process (GO:0010605),0.4538444223119433,1.6726897990982943,0.0005617977528089,0.0284602477192844,1.0,65/141,23.16%,ZNF503;RBMS3;LRP3;EMILIN1;CILP;CPNE1;LILRB2;PTPN22;LGMN;CCDC3;MYADM;ANXA7;ANKRD13A;RIN3;GATA2;CLDN5;MSR1;TRAT1;HIF1A;YAP1;LDLR;OCLN;PARP9;CD34;PLA2G3;CNPY2;PARP14;SFRP2;SLC2A10;APOBEC1;FLOT2;BMP4;CD46;HAND2;AICDA;MEF2C;SNX12;SPI1;ANKRD13D;PARP15;CCL3;TIPARP;RUNX1;DLG4;ZC3H12A;LGALS9;ROBO1;APOE;CELF1;ATOH8;FGF19;TCEAL1;BMP2;ID2;SDCBP;SLC7A5;NDFIP1;STC2;FBXW7;APLN;LRPAP1;KLF4;PICALM;NOCT;SH3GL2,0.0284602477192844,1.6726897990982943,GO_Biological_Process_2021,positive,1.6726897990982943,1,GO_Biological_Process_2021::negative regulation of macromolecule metabolic process (GO:0010605),0.0284602477192844,raw q retained
prerank,GO_Biological_Process_2021::negative regulation of growth (GO:0045926),0.4726481469712667,1.672914402834563,0.0023640661938534,0.0284790203431891,1.0,45/98,22.09%,CCDC85B;RERG;SERTAD2;WFDC1;MT1A;DCSTAMP;MT1G;MT1M;ENPP1;MT1H;HRG;HYAL2;HYAL1;ALOX15B;FBP1;MT2A;CRLF3;PPT1;FHL1;SMAD3;GJA1;BTG1;FRZB;MT1F;SLIT3;SFRP2;PHB;SCGB3A1;MT1E;MT1X;SLIT2;BST2;NPPB;MSX1;PML;TMPRSS4;CYP27B1;SMARCA2;EI24;CDKN1A;PPP1R9B;SERTAD3;OSGIN2;GNG4;ST7L,0.0284790203431891,1.672914402834563,GO_Biological_Process_2021,positive,1.672914402834563,1,GO_Biological_Process_2021::negative regulation of growth (GO:0045926),0.0284790203431891,raw q retained
prerank,GO_Biological_Process_2021::sterol biosynthetic process (GO:0016126),-0.4827355921914645,-1.7273292520275227,0.0091074681238615,0.0291395544551989,0.9975,17/32,13.13%,NSDHL;MSMO1;LSS;MVD;SQLE;FAXDC2;SC5D;TM7SF2;PMVK;HSD17B7;LBR;CYP51A1;GGPS1;HMGCS1;IDI1;EBP;MVK,0.0291395544551989,-1.7273292520275227,GO_Biological_Process_2021,negative,1.7273292520275227,2,GO_Biological_Process_2021::sterol biosynthetic process (GO:0016126) | GO_Biological_Process_2021::cholesterol biosynthetic process (GO:0006695),0.0291395544551989,raw q retained
prerank,GO_Biological_Process_2021::positive regulation of TOR signaling (GO:0032008),0.5639080012804417,1.6693484327112995,0.0062026188835286,0.0293912409763717,1.0,25/33,32.26%,GPR137B;GPR137;TREM2;LEP;NCKAP1L;LAMTOR3;RRAGB;MIOS;LIN28A;RRAGA;SEC13;RHEB;LAMTOR2;SLC38A9;KLHL22;LAMTOR5;RRAGD;FLCN;RRAGC;SMCR8;SIK3;WDR59;FNIP1;LAMTOR4;GOLPH3,0.0293912409763717,1.6693484327112995,GO_Biological_Process_2021,positive,1.6693484327112995,1,GO_Biological_Process_2021::positive regulation of TOR signaling (GO:0032008),0.0293912409763717,raw q retained
prerank,GO_Biological_Process_2021::positive regulation of apoptotic signaling pathway (GO:2001235),0.5357248636867603,1.6671751690421348,0.0059366754617414,0.0299648937863108,1.0,19/42,20.25%,G0S2;S100A8;TNFSF10;STYXL1;NUPR1;HYAL2;S100A9;PMAIP1;BCL2L11;CAV1;DEDD2;BMF;BID;FAS;PML;TRAF2;BCL10;PYCARD;TRAF7,0.0299648937863108,1.6671751690421348,GO_Biological_Process_2021,positive,1.6671751690421348,2,GO_Biological_Process_2021::positive regulation of apoptotic signaling pathway (GO:2001235) | GO_Biological_Process_2021::positive regulation of extrinsic apoptotic signaling pathway (GO:2001238),0.0299648937863108,raw q retained
prerank,GO_Biological_Process_2021::prostaglandin metabolic process (GO:0006693),0.6095324494046646,1.6665393798229575,0.0104868913857677,0.0301245559750357,1.0,10/22,16.49%,PTGR1;PTGES;PTGIS;HPGDS;HPGD;GSTM1;EDN1;GSTA1;EDN2;PTGES3,0.0301245559750357,1.6665393798229575,GO_Biological_Process_2021,positive,1.6665393798229575,1,GO_Biological_Process_2021::prostaglandin metabolic process (GO:0006693),0.0301245559750357,raw q retained
prerank,GO_Biological_Process_2021::protein localization to lysosome (GO:0061462),0.5786049928394257,1.6653300875384789,0.0142247510668563,0.0304004952188921,1.0,13/27,24.79%,MFSD1;LAPTM5;GLMP;NEDD4;NAGPA;AP4M1;M6PR;RNF128;SORL1;SCARB2;RAB7A;NCOA4;CD81,0.0304004952188921,1.6653300875384789,GO_Biological_Process_2021,positive,1.6653300875384789,1,GO_Biological_Process_2021::protein localization to lysosome (GO:0061462),0.0304004952188921,raw q retained
prerank,GO_Biological_Process_2021::glucose 6-phosphate metabolic process (GO:0051156),0.6181703003653326,1.664257440160729,0.0138787436084733,0.030583482669608,1.0,17/21,27.50%,HKDC1;GCK;RPEL1;HK3;GPI;PGD;HK2;H6PD;RPIA;G6PD;PGM2L1;TALDO1;HK1;DERA;TKT;RBKS;PGM2,0.030583482669608,1.664257440160729,GO_Biological_Process_2021,positive,1.664257440160729,1,GO_Biological_Process_2021::glucose 6-phosphate metabolic process (GO:0051156),0.030583482669608,raw q retained
prerank,GO_Biological_Process_2021::negative regulation of neuron projection development (GO:0010977),0.5215057941678735,1.6643232678502096,0.005177993527508,0.0306087004644935,1.0,23/48,24.16%,PTPRO;THY1;PTPN9;GFI1;KIAA0319;RTN4RL1;DPYSL3;SEMA3A;RTN4RL2;PTEN;DCC;MYLIP;RHOA;EFNB3;APOE;PAQR3;NGEF;RAB29;MCF2;NGFR;STMN2;GDI1;LPAR1,0.0306087004644935,1.6643232678502096,GO_Biological_Process_2021,positive,1.6643232678502096,1,GO_Biological_Process_2021::negative regulation of neuron projection development (GO:0010977),0.0306087004644935,raw q retained
prerank,GO_Biological_Process_2021::carbohydrate derivative catabolic process (GO:1901136),0.6400194133966947,1.662171939801918,0.0109204368174727,0.0311432632156193,1.0,12/17,24.98%,AOAH;NAGA;MANBA;NEU4;ADAMTS9;FUCA1;SAMHD1;FBXO17;NGLY1;FBXO27;BPGM;DERA,0.0311432632156193,1.662171939801918,GO_Biological_Process_2021,positive,1.662171939801918,3,GO_Biological_Process_2021::carbohydrate derivative catabolic process (GO:1901136) | GO_Biological_Process_2021::cellular macromolecule catabolic process (GO:0044265) | GO_Biological_Process_2021::glycoprotein catabolic process (GO:0006516),0.0311432632156193,raw q retained
prerank,GO_Biological_Process_2021::positive regulation of signal transduction by p53 class mediator (GO:1901798),0.6396503409502304,1.6617106116628109,0.0119492158327109,0.0312612945966005,1.0,10/18,23.86%,PLA2R1;RPS20;PMAIP1;MSX1;HIC1;EIF5A;UBB;CHD5;ANKRD1;RPL23,0.0312612945966005,1.6617106116628109,GO_Biological_Process_2021,positive,1.6617106116628109,2,"GO_Biological_Process_2021::positive regulation of signal transduction by p53 class mediator (GO:1901798) | GO_Biological_Process_2021::positive regulation of DNA damage response, signal transduction by p53 class mediator (GO:0043517)",0.0312612945966005,raw q retained
prerank,GO_Biological_Process_2021::porphyrin-containing compound catabolic process (GO:0006787),0.68793018793476,1.6608189356401002,0.0174464710547184,0.031440239240773,1.0,11/13,23.44%,AMBP;UGT1A1;HMOX1;GSTA1;SLCO2B1;BLVRB;ALB;SLCO1B1;BLVRA;ABCG2;HMOX2,0.031440239240773,1.6608189356401002,GO_Biological_Process_2021,positive,1.6608189356401002,2,GO_Biological_Process_2021::porphyrin-containing compound catabolic process (GO:0006787) | GO_Biological_Process_2021::heme catabolic process (GO:0042167),0.031440239240773,raw q retained
prerank,GO_Biological_Process_2021::positive regulation of mitotic cell cycle phase transition (GO:1901992),-0.432024420061193,-1.7165049700156352,0.0064935064935064,0.0316827940779582,0.9995,15/48,12.42%,RAD51C;ANAPC7;CDC23;ANAPC5;CDC16;CDCA5;DBF4B;DLGAP5;ANAPC11;LSM11;CDC27;ANAPC4;RCC2;CDC25B;NSMCE2,0.0316827940779582,-1.7165049700156352,GO_Biological_Process_2021,negative,1.7165049700156352,1,GO_Biological_Process_2021::positive regulation of mitotic cell cycle phase transition (GO:1901992),0.0316827940779582,raw q retained
prerank,GO_Biological_Process_2021::regulation of branching involved in ureteric bud morphogenesis (GO:0090189),-0.6546604735761552,-1.7156571880876132,0.0164141414141414,0.0317496307509347,0.9995,4/11,3.77%,SIX2;SIX4;SOX8;SIX1,0.0317496307509347,-1.7156571880876132,GO_Biological_Process_2021,negative,1.7156571880876132,1,GO_Biological_Process_2021::regulation of branching involved in ureteric bud morphogenesis (GO:0090189),0.0317496307509347,raw q retained
prerank,GO_Biological_Process_2021::regulation of lipid biosynthetic process (GO:0046890),0.5859511603915817,1.659397622660662,0.0092989985693848,0.0318108846856823,1.0,15/26,23.14%,APOA5;AVIL;ADIPOQ;SORBS1;CREBL2;APOA1;CEACAM1;STAR;APOE;ASAH1;SIRT4;EIF6;PCK1;PRKAG2;MLXIPL,0.0318108846856823,1.659397622660662,GO_Biological_Process_2021,positive,1.659397622660662,1,GO_Biological_Process_2021::regulation of lipid biosynthetic process (GO:0046890),0.0318108846856823,raw q retained
prerank,GO_Biological_Process_2021::positive regulation of fatty acid metabolic process (GO:0045923),0.6896163340357542,1.6581686983930672,0.0209846650524616,0.0319603246645612,1.0,7/12,14.35%,APOA5;APOC2;ADIPOQ;NR4A3;PPARGC1A;APOA1;SLC45A3,0.0319603246645612,1.6581686983930672,GO_Biological_Process_2021,positive,1.6581686983930672,1,GO_Biological_Process_2021::positive regulation of fatty acid metabolic process (GO:0045923),0.0319603246645612,raw q retained
prerank,GO_Biological_Process_2021::epithelial cell development (GO:0002064),-0.5378247252338271,-1.714413736969708,0.0118168389955686,0.0319608358114619,0.9995,7/20,7.96%,GRHL2;PDZD7;WNT7B;DACT2;BFSP1;WNT5B;WNT7A,0.0319608358114619,-1.714413736969708,GO_Biological_Process_2021,negative,1.714413736969708,1,GO_Biological_Process_2021::epithelial cell development (GO:0002064),0.0319608358114619,raw q retained
prerank,GO_Biological_Process_2021::negative regulation of epithelial cell differentiation (GO:0030857),0.7001076653484831,1.657601424918816,0.0087370929308975,0.032041739131007,1.0,5/12,11.99%,OSR1;NOTCH4;SPRY1;CAV1;ZEB1,0.032041739131007,1.657601424918816,GO_Biological_Process_2021,positive,1.657601424918816,1,GO_Biological_Process_2021::negative regulation of epithelial cell differentiation (GO:0030857),0.032041739131007,raw q retained
prerank,GO_Biological_Process_2021::regulation of centrosome duplication (GO:0010824),-0.4910184198200505,-1.7127251995852166,0.0052264808362369,0.032206227697119,0.9995,9/28,7.72%,GEN1;ALMS1;STIL;CEP76;NAT10;CEP131;CENPJ;XRCC3;CEP295,0.032206227697119,-1.7127251995852166,GO_Biological_Process_2021,negative,1.7127251995852166,1,GO_Biological_Process_2021::regulation of centrosome duplication (GO:0010824),0.032206227697119,raw q retained
prerank,GO_Biological_Process_2021::negative regulation of interleukin-8 production (GO:0032717),0.6624965228002068,1.6523286328070883,0.0177133655394524,0.0334854180502178,1.0,8/14,14.58%,SSC5D;ANXA4;PTPN22;BPI;TMSB4X;TLR6;ANXA1;BCL3,0.0334854180502178,1.6523286328070883,GO_Biological_Process_2021,positive,1.6523286328070883,1,GO_Biological_Process_2021::negative regulation of interleukin-8 production (GO:0032717),0.0334854180502178,raw q retained
prerank,GO_Biological_Process_2021::positive regulation of lipid catabolic process (GO:0050996),0.6697802808379696,1.652378393448741,0.0179007323026851,0.0335171518857598,1.0,9/13,20.62%,APOA5;APOA2;APOC2;TWIST1;ABHD5;APOA1;PLIN5;IRS2;SCT,0.0335171518857598,1.652378393448741,GO_Biological_Process_2021,positive,1.652378393448741,1,GO_Biological_Process_2021::positive regulation of lipid catabolic process (GO:0050996),0.0335171518857598,raw q retained
prerank,GO_Biological_Process_2021::purine ribonucleoside bisphosphate metabolic process (GO:0034035),0.6457545057949469,1.6524304872605706,0.014626635873749,0.0335421719571919,1.0,10/16,24.08%,ABHD14B;ENPP1;TPST2;SULT1B1;SULT1C4;SULT2B1;SULT1E1;SULT1A3;TPST1;SULT2A1,0.0335421719571919,1.6524304872605706,GO_Biological_Process_2021,positive,1.6524304872605706,2,GO_Biological_Process_2021::purine ribonucleoside bisphosphate metabolic process (GO:0034035) | GO_Biological_Process_2021::3'-phosphoadenosine 5'-phosphosulfate metabolic process (GO:0050427),0.0335421719571919,raw q retained
prerank,GO_Biological_Process_2021::sequestering of extracellular ligand from receptor (GO:0035581),0.682564020517661,1.651345695331367,0.0209846650524616,0.0336649149413578,1.0,8/13,13.85%,CHRDL1;FBN2;FSTL1;LTBP1;FBN1;NRROS;NBL1;CD46,0.0336649149413578,1.651345695331367,GO_Biological_Process_2021,positive,1.651345695331367,2,GO_Biological_Process_2021::sequestering of extracellular ligand from receptor (GO:0035581) | GO_Biological_Process_2021::negative regulation of transforming growth factor beta receptor signaling pathway (GO:0030512),0.0336649149413578,raw q retained
prerank,GO_Biological_Process_2021::negative regulation of cell cycle process (GO:0010948),-0.4113198496399996,-1.7056714025004105,0.0,0.0337863310779304,1.0,19/54,14.85%,KIF25;RING1;MGA;RBBP8;EHMT1;RYBP;CCP110;WAPL;CBX5;NEK2;TERF2;CBX3;MAX;SUZ12;NME6;YAF2;RNF2;ZFYVE19;TFDP2,0.0337863310779304,-1.7056714025004105,GO_Biological_Process_2021,negative,1.7056714025004105,3,GO_Biological_Process_2021::negative regulation of cell cycle process (GO:0010948) | GO_Biological_Process_2021::negative regulation of G0 to G1 transition (GO:0070317) | GO_Biological_Process_2021::regulation of G0 to G1 transition (GO:0070316),0.0337863310779304,raw q retained
prerank,GO_Biological_Process_2021::poly(A)+ mRNA export from nucleus (GO:0016973),-0.5652311579032796,-1.7035672811930014,0.0116788321167883,0.0340527393117984,1.0,9/17,20.28%,IWS1;NUP133;DDX25;MCM3AP;SARNP;POLDIP3;PCID2;DDX19A;DDX19B,0.0340527393117984,-1.7035672811930014,GO_Biological_Process_2021,negative,1.7035672811930014,1,GO_Biological_Process_2021::poly(A)+ mRNA export from nucleus (GO:0016973),0.0340527393117984,raw q retained
prerank,GO_Biological_Process_2021::negative regulation of calcium ion transport (GO:0051926),0.6642828632594946,1.649415539768795,0.0126182965299684,0.034109482140347,1.0,7/14,15.43%,LILRB2;STC1;LILRB1;CAV3;EPPIN;EPO;PLN,0.034109482140347,1.649415539768795,GO_Biological_Process_2021,positive,1.649415539768795,1,GO_Biological_Process_2021::negative regulation of calcium ion transport (GO:0051926),0.034109482140347,raw q retained
prerank,GO_Biological_Process_2021::response to organic cyclic compound (GO:0014070),0.5387871062647821,1.6464517320211294,0.0121539500337609,0.0348210040327434,1.0,26/39,22.99%,IGFBP5;CYP1A1;CCL5;BGLAP;GGT5;GH1;ALPL;PMAIP1;CYP1B1;GGT7;ANXA1;SOCS2;KYNU;ARL6IP5;CCL3;DRD4;TIPARP;GGT2;GGT1;CYP27B1;SLC1A1;STAT5B;GLDC;TRPM2;LRRK2;AQP3,0.0348210040327434,1.6464517320211294,GO_Biological_Process_2021,positive,1.6464517320211294,1,GO_Biological_Process_2021::response to organic cyclic compound (GO:0014070),0.0348210040327434,raw q retained
prerank,GO_Biological_Process_2021::calcium-mediated signaling using intracellular calcium source (GO:0035584),0.6479755205940313,1.646612891247928,0.0140845070422535,0.034827267905783,1.0,9/16,21.14%,DMTN;VCAM1;GPR143;CCL20;PTGFR;AZU1;DEFB1;RYR2;TRPM2,0.034827267905783,1.646612891247928,GO_Biological_Process_2021,positive,1.646612891247928,1,GO_Biological_Process_2021::calcium-mediated signaling using intracellular calcium source (GO:0035584),0.034827267905783,raw q retained
prerank,GO_Biological_Process_2021::regulation of blood circulation (GO:1903522),0.5896650771769056,1.6442002282590955,0.0096439169139465,0.0355558088543149,1.0,16/24,23.58%,TMIGD3;DES;ACE2;CAV3;TPM1;HSPB7;KCNG2;FXYD1;PER2;S100A1;PLN;CELF2;DMPK;TBX2;ADORA3;KCNMB2,0.0355558088543149,1.6442002282590955,GO_Biological_Process_2021,positive,1.6442002282590955,1,GO_Biological_Process_2021::regulation of blood circulation (GO:1903522),0.0355558088543149,raw q retained
prerank,GO_Biological_Process_2021::negative regulation of stress-activated MAPK cascade (GO:0032873),0.5563984285208069,1.6426864771161778,0.0132496513249651,0.0358115834452328,1.0,14/31,20.57%,AIDA;PTPN22;AMBP;TREM2;FOXO1;MYC;SIRPA;F2RL1;KLHL31;DUSP1;NCOR1;TAOK3;DUSP10;EZR,0.0358115834452328,1.6426864771161778,GO_Biological_Process_2021,positive,1.6426864771161778,1,GO_Biological_Process_2021::negative regulation of stress-activated MAPK cascade (GO:0032873),0.0358115834452328,raw q retained
prerank,GO_Biological_Process_2021::regulation of lymphocyte activation (GO:0051249),0.6889260731301126,1.639351880102912,0.0164609053497942,0.0367918840615088,1.0,8/12,21.54%,THEMIS2;CCL5;CLEC7A;LEP;LAT;FCRL3;PAG1;SIT1,0.0367918840615088,1.639351880102912,GO_Biological_Process_2021,positive,1.639351880102912,1,GO_Biological_Process_2021::regulation of lymphocyte activation (GO:0051249),0.0367918840615088,raw q retained
prerank,GO_Biological_Process_2021::regulation of endocytosis (GO:0030100),0.5092803091072717,1.638967933458466,0.0046113306982872,0.0368342864816473,1.0,24/49,23.83%,MCTP1;ABCA7;LILRB1;CCL19;CD177;CD151;RAB17;SPHK1;SNX17;SNX12;ABL2;DAB2;PTPN1;APOE;OPHN1;AP2S1;FLOT1;LRPAP1;PICALM;RAB5A;NEDD4L;RAB4B;TSC2;RUBCN,0.0368342864816473,1.638967933458466,GO_Biological_Process_2021,positive,1.638967933458466,1,GO_Biological_Process_2021::regulation of endocytosis (GO:0030100),0.0368342864816473,raw q retained
prerank,GO_Biological_Process_2021::positive regulation of binding (GO:0051099),0.4872306592048194,1.6387095646920933,0.0050251256281407,0.0368807432182179,1.0,32/70,23.55%,HMBOX1;ZNF618;SPPL3;PLAUR;ADD2;CLDN5;CSF3;CLIC2;PON1;PARP9;CLN5;CAV1;BAMBI;EGF;VTN;CEBPG;HFE;BMP4;B2M;ADD1;RALB;RIPK2;EPB41;TRIB3;APOE;PYHIN1;BMP2;FLOT1;STK4;LRRK2;SKI;DTX3L,0.0368807432182179,1.6387095646920933,GO_Biological_Process_2021,positive,1.6387095646920933,1,GO_Biological_Process_2021::positive regulation of binding (GO:0051099),0.0368807432182179,raw q retained
prerank,GO_Biological_Process_2021::regulation of cell-matrix adhesion (GO:0001952),0.5106074569361871,1.637866608963553,0.0090614886731391,0.0370730860779062,1.0,25/49,23.24%,EMP2;MYOC;VCL;CCL21;THY1;THBS1;LIMCH1;CCR7;CCL25;SKAP1;CD36;CORO1C;LDB1;PKHD1;CAMSAP3;RHOA;JUP;BST1;AJAP1;EFNA5;DAPK3;JAG1;PLEKHA2;CASK;SLC9A1,0.0370730860779062,1.637866608963553,GO_Biological_Process_2021,positive,1.637866608963553,1,GO_Biological_Process_2021::regulation of cell-matrix adhesion (GO:0001952),0.0370730860779062,raw q retained
prerank,GO_Biological_Process_2021::phospholipase C-activating G protein-coupled receptor signaling pathway (GO:0007200),0.5230700220669965,1.637324092121609,0.0109066121336059,0.0371408995108954,1.0,21/41,22.62%,GPR65;CMKLR1;FPR3;FPR2;C3AR1;FPR1;TGM2;C5AR2;GPR4;CX3CR1;GPR157;F2RL1;LPAR6;F2RL2;GPR35;P2RY11;GNA14;VIP;PLCE1;GPR18;LPAR4,0.0371408995108954,1.637324092121609,GO_Biological_Process_2021,positive,1.637324092121609,1,GO_Biological_Process_2021::phospholipase C-activating G protein-coupled receptor signaling pathway (GO:0007200),0.0371408995108954,raw q retained
prerank,GO_Biological_Process_2021::fat cell differentiation (GO:0045444),0.5114580328141155,1.6367460548684725,0.0045781556572923,0.0372049690327176,1.0,25/51,19.15%,METRNL;PID1;C1QTNF3;TMEM120A;ADIPOQ;NR4A3;OSBPL11;SMAD6;FOXO1;PPARGC1A;ATF5;STEAP4;MAFB;NR4A2;HMGA2;PER2;PRDM16;OSBPL8;CEBPA;IL11;SDF4;UCP1;BSCL2;INHBB;TFAP2B,0.0372049690327176,1.6367460548684725,GO_Biological_Process_2021,positive,1.6367460548684725,1,GO_Biological_Process_2021::fat cell differentiation (GO:0045444),0.0372049690327176,raw q retained
prerank,GO_Biological_Process_2021::apoptotic cell clearance (GO:0043277),0.5687793787384574,1.636879406623924,0.0152949745083758,0.0372626603698417,1.0,16/26,21.86%,TGM2;FCN2;FCN3;THBS1;RHOH;TREM2;FCN1;TYROBP;TXNDC5;ALOX15;RAC2;ANXA1;ADGRB1;RHOG;SCARB1;XKR8,0.0372626603698417,1.636879406623924,GO_Biological_Process_2021,positive,1.636879406623924,1,GO_Biological_Process_2021::apoptotic cell clearance (GO:0043277),0.0372626603698417,raw q retained
prerank,GO_Biological_Process_2021::negative regulation of intracellular signal transduction (GO:1902532),0.4459076604526096,1.6362351431700917,0.0005602240896358,0.0373409412014208,1.0,54/149,21.22%,ARHGAP25;C1QTNF3;PHLDA3;PIK3IP1;TSPAN6;UACA;CPNE1;TNFAIP8L1;LILRB4;MYADM;PLAUR;ABCA7;TMSB4X;ADIPOQ;CAV3;THBS1;TWIST1;RHOH;TREM2;PPIF;HYAL2;CARD19;DEPDC5;PPM1N;CD2AP;TNIP3;SH3BP1;CAV1;ARNTL;SLIT2;PTEN;NLRP12;ARRB2;TNFAIP3;NLRC3;DUSP1;CGNL1;SPI1;PKHD1;MAP2K3;BANK1;ARHGAP12;IFI35;TRIB3;ZC3H12A;PLEK;BMP7;NR1D1;PYCARD;SH2B3;STAT1;TNIP1;CCDC22;CARD8,0.0373409412014208,1.6362351431700917,GO_Biological_Process_2021,positive,1.6362351431700917,1,GO_Biological_Process_2021::negative regulation of intracellular signal transduction (GO:1902532),0.0373409412014208,raw q retained
prerank,GO_Biological_Process_2021::positive regulation of epidermal growth factor receptor signaling pathway (GO:0045742),0.5829661689267309,1.6341573814239956,0.0138584974471188,0.0377719642870894,1.0,13/24,22.05%,PLAUR;NCF1;EGF;CBL;EPGN;AREG;SHKBP1;BTC;ARAP1;HAP1;NUP62;FBXW7;NEU3,0.0377719642870894,1.6341573814239956,GO_Biological_Process_2021,positive,1.6341573814239956,1,GO_Biological_Process_2021::positive regulation of epidermal growth factor receptor signaling pathway (GO:0045742),0.0377719642870894,raw q retained
prerank,GO_Biological_Process_2021::activation of cysteine-type endopeptidase activity involved in apoptotic process (GO:0006919),0.5034652735265535,1.6341703644806738,0.0063653723742838,0.0378149050442106,1.0,29/53,22.65%,FAM162A;LAPTM5;S100A8;TNFSF10;SLC22A2;S100A9;DAP;SMAD3;NLRC4;BID;TNFSF15;FAS;NLRP12;VCP;EIF2AK3;DLC1;CYCS;HSPD1;ROBO1;PDCD2;APAF1;TRAF2;PYCARD;NOD1;RPS27L;CARD8;MTCH1;NLRP1;NGFR,0.0378149050442106,1.6341703644806738,GO_Biological_Process_2021,positive,1.6341703644806738,1,GO_Biological_Process_2021::activation of cysteine-type endopeptidase activity involved in apoptotic process (GO:0006919),0.0378149050442106,raw q retained
prerank,GO_Biological_Process_2021::response to unfolded protein (GO:0006986),0.5208621169336985,1.6305737974535683,0.0132890365448504,0.0387767590259397,1.0,23/42,26.28%,TM7SF3;TOR1B;SERPINH1;DNAJC4;HSPB3;ERP44;HSPB7;HSPB8;HSPB2;HSPA9;HSPA5;HSPD1;BAK1;PTPN1;DNAJB1;HSPA4;TMBIM6;DERL1;DNAJB4;DDIT3;HSPH1;BAX;HSPE1,0.0387767590259397,1.6305737974535683,GO_Biological_Process_2021,positive,1.6305737974535683,1,GO_Biological_Process_2021::response to unfolded protein (GO:0006986),0.0387767590259397,raw q retained
prerank,GO_Biological_Process_2021::negative regulation of catalytic activity (GO:0043086),0.6030684343387336,1.627311780468412,0.0096798212956068,0.039681259370978,1.0,12/21,20.31%,TMBIM1;SERPINB3;IFIT1;GZMA;PARP9;CLN3;HP;PLN;NES;PPP1R12A;TIMP1;SERPINA5,0.039681259370978,1.627311780468412,GO_Biological_Process_2021,positive,1.627311780468412,1,GO_Biological_Process_2021::negative regulation of catalytic activity (GO:0043086),0.039681259370978,raw q retained
prerank,GO_Biological_Process_2021::regulation of heart rate by cardiac conduction (GO:0086091),-0.4798693951409866,-1.6798366298849208,0.0103806228373702,0.0397159875467616,1.0,13/31,14.96%,KCND3;SCN2B;SCN3B;HCN4;SCN1B;ISL1;CACNA2D1;KCNE1B;KCNJ2;DSC2;KCNE3;AKAP9;PKP2,0.0397159875467616,-1.6798366298849208,GO_Biological_Process_2021,negative,1.6798366298849208,1,GO_Biological_Process_2021::regulation of heart rate by cardiac conduction (GO:0086091),0.0397159875467616,raw q retained
prerank,GO_Biological_Process_2021::regulation of secretion (GO:0051046),0.6885939621707494,1.6257709297550214,0.0250606305578011,0.0400115405443898,1.0,9/11,26.50%,SCIN;CES1;OAS2;EGF;FGF10;GPLD1;MYO6;NRG1;POFUT2,0.0400115405443898,1.6257709297550214,GO_Biological_Process_2021,positive,1.6257709297550214,1,GO_Biological_Process_2021::regulation of secretion (GO:0051046),0.0400115405443898,raw q retained
prerank,GO_Biological_Process_2021::RNA biosynthetic process (GO:0032774),-0.5168201844947122,-1.6767858052518017,0.0109890109890109,0.0404315808796063,1.0,13/23,28.34%,NCOA6;TAF13;NAT14;TCEA2;TTF2;TTF1;BRF2;RSF1;SMARCA5;TAF10;TAF7;HELB;BRF1,0.0404315808796063,-1.6767858052518017,GO_Biological_Process_2021,negative,1.6767858052518017,1,GO_Biological_Process_2021::RNA biosynthetic process (GO:0032774),0.0404315808796063,raw q retained
prerank,GO_Biological_Process_2021::early endosome to Golgi transport (GO:0034498),0.6814498970344015,1.6236895209377626,0.0165876777251184,0.0405901639052954,1.0,9/12,26.36%,EHD3;SNX2;TMED9;SNX1;SNX8;LMAN1;SURF4;STX5;RAB6A,0.0405901639052954,1.6236895209377626,GO_Biological_Process_2021,positive,1.6236895209377626,1,GO_Biological_Process_2021::early endosome to Golgi transport (GO:0034498),0.0405901639052954,raw q retained
prerank,GO_Biological_Process_2021::response to exogenous dsRNA (GO:0043330),0.6365180264106615,1.6238938928646116,0.0200462606013878,0.0406156514214533,1.0,11/17,21.36%,RFTN1;COLEC12;DDX58;IFIT1;IFIH1;CAV1;SLC3A2;RALB;IRAK3;ZCCHC3;FLOT1,0.0406156514214533,1.6238938928646116,GO_Biological_Process_2021,positive,1.6238938928646116,1,GO_Biological_Process_2021::response to exogenous dsRNA (GO:0043330),0.0406156514214533,raw q retained
prerank,GO_Biological_Process_2021::positive regulation of release of sequestered calcium ion into cytosol (GO:0051281),0.6157198616916877,1.6239389657444108,0.0212604403948367,0.04065043873794,1.0,14/19,29.68%,THY1;CXCL9;CXCL11;GSTM2;XCL1;PLCG1;PKD2;HAP1;TRPC1;TRDN;CEMIP;CASQ1;CALM3;GPER1,0.04065043873794,1.6239389657444108,GO_Biological_Process_2021,positive,1.6239389657444108,1,GO_Biological_Process_2021::positive regulation of release of sequestered calcium ion into cytosol (GO:0051281),0.04065043873794,raw q retained
prerank,GO_Biological_Process_2021::monocarboxylic acid metabolic process (GO:0032787),0.448231713957107,1.621834709678272,0.0023161551823972,0.0412166475395167,1.0,44/119,19.42%,SCPEP1;PTGR1;AOAH;LDHB;HYI;LDHAL6B;CYP1A1;LDHC;LPL;VNN2;CYP2C8;VNN1;GGT5;CYP2C9;ADH6;SLC16A8;AGXT2;UGT1A1;CYP1A2;CD36;ADH7;UGT1A7;SLC16A3;AMACR;NPC1;ALOX12;PER2;ACSL4;ACOT2;NAAA;CYP27C1;ALDH1A3;KYNU;ACSBG2;ME2;CYP2C18;PANK2;ACOT4;CYP3A7;AGXT;CYP26A1;SLC16A1;GGT1;ACOT12,0.0412166475395167,1.621834709678272,GO_Biological_Process_2021,positive,1.621834709678272,1,GO_Biological_Process_2021::monocarboxylic acid metabolic process (GO:0032787),0.0412166475395167,raw q retained
prerank,GO_Biological_Process_2021::sensory perception (GO:0007600),-0.4896607988004945,-1.6729596358202905,0.0158450704225352,0.0413179884920055,1.0,11/28,13.37%,PROK2;CLRN1;USH1G;PCDH15;KCNK4;USH1C;TTC8;CDH23;PNOC;UGT2A1;ADGRV1,0.0413179884920055,-1.6729596358202905,GO_Biological_Process_2021,negative,1.6729596358202905,1,GO_Biological_Process_2021::sensory perception (GO:0007600),0.0413179884920055,raw q retained
prerank,GO_Biological_Process_2021::regulation of lipase activity (GO:0060191),0.6680020387911212,1.620520577035251,0.0194017784963621,0.0414807935594059,1.0,9/12,18.68%,APOA2;LPL;LIPC;ANGPTL8;PLIN5;GPIHBP1;FURIN;RHOA;RHOC,0.0414807935594059,1.620520577035251,GO_Biological_Process_2021,positive,1.620520577035251,1,GO_Biological_Process_2021::regulation of lipase activity (GO:0060191),0.0414807935594059,raw q retained
prerank,GO_Biological_Process_2021::regulation of protein kinase activity (GO:0045859),0.4670329208273113,1.620576406888624,0.0048661800486618,0.041514385277773,1.0,32/82,20.71%,CACUL1;JTB;MMD;CCL21;THY1;CAV3;CCL19;AGAP2;PPM1F;CCR7;LCP2;TRIB1;LAT;TTN;RAP2B;ADCYAP1;WWTR1;CEACAM1;AZU1;RAP2C;DTNBP1;UBASH3B;MAP2K3;TRIB3;PYDC1;SFN;SNX9;DVL1;PPM1E;CDKN1A;RELN;PLCE1,0.041514385277773,1.620576406888624,GO_Biological_Process_2021,positive,1.620576406888624,1,GO_Biological_Process_2021::regulation of protein kinase activity (GO:0045859),0.041514385277773,raw q retained
prerank,GO_Biological_Process_2021::activation of protein kinase A activity (GO:0034199),-0.5972274158520748,-1.6693813037034717,0.013477088948787,0.0421315874118291,1.0,9/14,25.70%,ADCY5;ADCY7;ADCY2;PRKAR2B;ADCY9;PRKAR2A;PRKAR1A;ADCY3;ADCY6,0.0421315874118291,-1.6693813037034717,GO_Biological_Process_2021,negative,1.6693813037034717,1,GO_Biological_Process_2021::activation of protein kinase A activity (GO:0034199),0.0421315874118291,raw q retained
prerank,GO_Biological_Process_2021::peptidyl-L-cysteine S-palmitoylation (GO:0018230),0.5876935338602942,1.61805045399124,0.0236460717009916,0.0421498787495933,1.0,5/23,2.33%,ZDHHC24;ZDHHC7;ZDHHC12;ZDHHC6;ZDHHC20,0.0421498787495933,1.61805045399124,GO_Biological_Process_2021,positive,1.61805045399124,2,GO_Biological_Process_2021::peptidyl-L-cysteine S-palmitoylation (GO:0018230) | GO_Biological_Process_2021::peptidyl-S-diacylglycerol-L-cysteine biosynthetic process from peptidyl-cysteine (GO:0018231),0.0421498787495933,raw q retained
prerank,GO_Biological_Process_2021::hemopoiesis (GO:0030097),0.4726326596131616,1.617211487931484,0.004399748585795,0.0423804366659631,1.0,42/71,27.19%,MFAP5;CD164;RUNX2;CEBPE;TGFBR3;TAL1;RRAS;TIRAP;NOTCH4;CD34;FST;PRKX;SFRP2;NKX2-5;SNRK;BMP4;KITLG;TGFBR2;PLD4;ETV6;CEBPA;AHSP;PRDX3;IL3;RUNX1;TNFRSF13B;PLEK;YJEFN3;SH2B3;RUNX3;JAG1;ARMC6;TET2;ZNF160;MECOM;SBDS;HIPK1;ZBTB16;FSTL3;LYL1;RASGRP4;ZFP36L2,0.0423804366659631,1.617211487931484,GO_Biological_Process_2021,positive,1.617211487931484,1,GO_Biological_Process_2021::hemopoiesis (GO:0030097),0.0423804366659631,raw q retained
prerank,GO_Biological_Process_2021::regulation of filopodium assembly (GO:0051489),0.5362218231299821,1.6161447568100171,0.011049723756906,0.0427102053154675,1.0,20/35,24.35%,CCL21;DMTN;CCR7;RAB17;DPYSL3;FNBP1L;RHOQ;AGRN;ARHGAP44;WASL;DOCK11;ARAP1;CDC42;TRPM2;ARF6;RALA;PALM;RAB5A;CAPZB;FSCN1,0.0427102053154675,1.6161447568100171,GO_Biological_Process_2021,positive,1.6161447568100171,1,GO_Biological_Process_2021::regulation of filopodium assembly (GO:0051489),0.0427102053154675,raw q retained
prerank,GO_Biological_Process_2021::chloride transport (GO:0006821),-0.405595128296505,-1.6635039775227205,0.009367681498829,0.043284022500196,1.0,23/58,11.70%,CLCN2;GABRA2;GABRR2;ANO2;CLCNKA;ANO7;GLRA3;GABRR1;BEST1;SLC4A8;ANO4;CLCNKB;GLRB;SLC12A5;SLC6A1;GABRE;LRRC8A;NMUR1;SLC12A2;BSND;SLC12A4;GABRB1;SLC26A6,0.043284022500196,-1.6635039775227205,GO_Biological_Process_2021,negative,1.6635039775227205,1,GO_Biological_Process_2021::chloride transport (GO:0006821),0.043284022500196,raw q retained
prerank,GO_Biological_Process_2021::transcription by RNA polymerase III (GO:0006383),-0.4822021254543703,-1.6630925345426784,0.0145867098865478,0.0433009255567082,1.0,10/27,13.04%,POLR3H;ICE1;GTF3C2;POLR3K;SNAPC3;ZC3H8;SNAPC4;GTF3C4;GTF3C5;GTF3C1,0.0433009255567082,-1.6630925345426784,GO_Biological_Process_2021,negative,1.6630925345426784,1,GO_Biological_Process_2021::transcription by RNA polymerase III (GO:0006383),0.0433009255567082,raw q retained
prerank,GO_Biological_Process_2021::positive regulation of establishment of protein localization to telomere (GO:1904851),0.69864541409787,1.6123058233512009,0.0196560196560196,0.0441508495276642,1.0,8/10,27.37%,TCP1;CCT8;CCT6A;CCT4;DKC1;CCT5;CCT2;CCT3,0.0441508495276642,1.6123058233512009,GO_Biological_Process_2021,positive,1.6123058233512009,1,GO_Biological_Process_2021::positive regulation of establishment of protein localization to telomere (GO:1904851),0.0441508495276642,raw q retained
prerank,GO_Biological_Process_2021::negative regulation of homotypic cell-cell adhesion (GO:0034111),0.6981253716715209,1.6115448279871063,0.0339847068819031,0.0443538033093862,1.0,8/10,21.26%,ZNF703;PRKG1;SERPINE2;ALOX12;CEACAM1;SH2B3;RDX;CD9,0.0443538033093862,1.6115448279871063,GO_Biological_Process_2021,positive,1.6115448279871063,1,GO_Biological_Process_2021::negative regulation of homotypic cell-cell adhesion (GO:0034111),0.0443538033093862,raw q retained
prerank,GO_Biological_Process_2021::lipid catabolic process (GO:0016042),0.5944785387329486,1.611603184044064,0.0206185567010309,0.044381931195306,1.0,10/20,17.36%,LPL;LIPC;CES1;CYP4F3;PPT1;CYP1A2;PLA2G1B;ACADL;PNLIPRP3;CEL,0.044381931195306,1.611603184044064,GO_Biological_Process_2021,positive,1.611603184044064,1,GO_Biological_Process_2021::lipid catabolic process (GO:0016042),0.044381931195306,raw q retained
prerank,GO_Biological_Process_2021::defense response to tumor cell (GO:0002357),0.7045173842659002,1.610861965234048,0.0244897959183673,0.0445756659722073,1.0,9/10,27.29%,RBMS3;LAPTM5;ABI3;PRF1;SPI1;PRDX2;KLF4;DAPK1;PLK5,0.0445756659722073,1.610861965234048,GO_Biological_Process_2021,positive,1.610861965234048,1,GO_Biological_Process_2021::defense response to tumor cell (GO:0002357),0.0445756659722073,raw q retained
prerank,GO_Biological_Process_2021::negative regulation of phosphorylation (GO:0042326),0.4777045863841997,1.6103615246593448,0.0079171741778319,0.0446785637166347,1.0,39/68,27.73%,PID1;FBLN1;MYADM;IGFBP3;NUPR1;FBP1;OCLN;CBFA2T3;CORO1C;WWTR1;BMP4;SLIT2;ACTN3;PTEN;SIRPA;STAP1;KLHL31;PPP1R15B;PRDX3;NCOR1;ZC3H12A;BMP7;PAQR3;INHA;CDKN1A;IRS2;CHP1;HNRNPU;LRRK2;SH3GL2;PIP5KL1;CDKN2A;TIGAR;GIT1;DYNLL1;NPRL2;PRNP;LRP6;PLPP3,0.0446785637166347,1.6103615246593448,GO_Biological_Process_2021,positive,1.6103615246593448,1,GO_Biological_Process_2021::negative regulation of phosphorylation (GO:0042326),0.0446785637166347,raw q retained
prerank,GO_Biological_Process_2021::sensory perception of light stimulus (GO:0050953),-0.3756012201309757,-1.6565446337533585,0.0,0.0448238816337149,1.0,21/78,11.20%,CLRN1;USH1G;EYA3;PCDH15;ZIC2;GRM8;EYA4;BEST1;USH1C;TRPM1;BBS2;CRYGS;KIFC3;RPGR;CRYBA2;IMPG2;RS1;CDH23;CRYGB;KRT12;RD3,0.0448238816337149,-1.6565446337533585,GO_Biological_Process_2021,negative,1.6565446337533585,1,GO_Biological_Process_2021::sensory perception of light stimulus (GO:0050953),0.0448238816337149,raw q retained
prerank,GO_Biological_Process_2021::phospholipid catabolic process (GO:0009395),0.5972250920415262,1.6089194730790215,0.0185758513931888,0.0451084571827921,1.0,10/20,19.44%,PLBD1;PLBD2;APOA2;PNPLA6;SMPDL3A;GPCPD1;PLA2G4E;PLA2G4D;PLA2G4B;GDPD1,0.0451084571827921,1.6089194730790215,GO_Biological_Process_2021,positive,1.6089194730790215,1,GO_Biological_Process_2021::phospholipid catabolic process (GO:0009395),0.0451084571827921,raw q retained
prerank,GO_Biological_Process_2021::positive regulation of cellular metabolic process (GO:0031325),0.479059859214295,1.6089446943963897,0.0082435003170577,0.0451504466282662,1.0,35/65,26.86%,PID1;APOA5;APOA2;ACE2;ADIPOQ;CCL5;THBS1;GH1;SFRP4;APOC1;APOA1;EGF;STARD4;GATA3;ARRB2;TGFBR2;PRELID1;NTF3;SCYL2;CHCHD2;ZC3H12A;APOE;TBC1D5;CDKN1A;RAB29;KLF4;AKR1C1;RAB1A;VAMP3;ROMO1;GHITM;FASN;ARRB1;DHRS4;RAB1B,0.0451504466282662,1.6089446943963897,GO_Biological_Process_2021,positive,1.6089446943963897,1,GO_Biological_Process_2021::positive regulation of cellular metabolic process (GO:0031325),0.0451504466282662,raw q retained
prerank,GO_Biological_Process_2021::membrane protein proteolysis (GO:0033619),0.5756202514659962,1.6074519412027397,0.0246268656716417,0.0456699333041894,1.0,15/24,26.31%,SPPL2A;SPPL3;PRTN3;CTSH;MYH9;ADAM19;TRAF6;SPPL2B;BACE2;NGFR;ADAM10;HM13;PARL;NCSTN;RBMX,0.0456699333041894,1.6074519412027397,GO_Biological_Process_2021,positive,1.6074519412027397,1,GO_Biological_Process_2021::membrane protein proteolysis (GO:0033619),0.0456699333041894,raw q retained
prerank,GO_Biological_Process_2021::blood vessel diameter maintenance (GO:0097746),0.6029478405677291,1.6051995862783337,0.0200296735905044,0.0463338192514921,1.0,15/20,27.76%,SCPEP1;ACE2;SERPINF2;EDN1;CRP;PER2;NPPB;EDN2;F2RL1;EDN3;GCLM;KCNMB2;KLF2;GCLC;ITGB1BP1,0.0463338192514921,1.6051995862783337,GO_Biological_Process_2021,positive,1.6051995862783337,1,GO_Biological_Process_2021::blood vessel diameter maintenance (GO:0097746),0.0463338192514921,raw q retained
prerank,GO_Biological_Process_2021::positive regulation of defense response to virus by host (GO:0002230),0.6013573522913371,1.6033391360837126,0.024224072672218,0.0467898886327368,1.0,13/20,20.65%,PTPN22;LILRB1;DDX58;AIM2;APOBEC3G;PARP9;IL23R;ZDHHC11;IL12RB1;ZC3H12A;ZDHHC1;STAT1;SIN3A,0.0467898886327368,1.6033391360837126,GO_Biological_Process_2021,positive,1.6033391360837126,1,GO_Biological_Process_2021::positive regulation of defense response to virus by host (GO:0002230),0.0467898886327368,raw q retained
prerank,GO_Biological_Process_2021::regulation of cellular metabolic process (GO:0031323),0.5282571887085333,1.6024198558106475,0.0130047912388774,0.0471348012578766,1.0,18/37,22.28%,PID1;NPC2;STK17A;BTN2A2;ANGPTL8;VPS35;CYP1B1;PANK2;SSH1;STUB1;TBC1D16;GBA;GNB3;KIF16B;ABCG1;FLOT1;NCOR2;EIF6,0.0471348012578766,1.6024198558106475,GO_Biological_Process_2021,positive,1.6024198558106475,1,GO_Biological_Process_2021::regulation of cellular metabolic process (GO:0031323),0.0471348012578766,raw q retained
prerank,GO_Biological_Process_2021::cellular response to interleukin-6 (GO:0071354),0.6214351523069442,1.601788329421027,0.0239938080495356,0.0472565144894312,1.0,11/17,21.03%,PID1;PTGIS;SBNO2;YAP1;PHB;CBL;CEBPA;TDGF1;SPI1;STAT1;PTPRT,0.0472565144894312,1.601788329421027,GO_Biological_Process_2021,positive,1.601788329421027,1,GO_Biological_Process_2021::cellular response to interleukin-6 (GO:0071354),0.0472565144894312,raw q retained
prerank,GO_Biological_Process_2021::nucleotide catabolic process (GO:0009166),0.6705381482289297,1.601821330447291,0.0290322580645161,0.047294345004283,1.0,6/12,15.44%,GPX1;DNPH1;NUDT3;SAMHD1;NT5C1A;VCP,0.047294345004283,1.601821330447291,GO_Biological_Process_2021,positive,1.601821330447291,1,GO_Biological_Process_2021::nucleotide catabolic process (GO:0009166),0.047294345004283,raw q retained
prerank,GO_Biological_Process_2021::regulation of cardiac muscle hypertrophy (GO:0010611),0.6395866610356653,1.6011567688922357,0.0205635948210205,0.0473896108653093,1.0,11/15,25.91%,LMCD1;NR4A3;CAV3;EDN1;MTPN;HAND2;SLC9A1;PDE9A;GLRX3;RGS2;SMAD4,0.0473896108653093,1.6011567688922357,GO_Biological_Process_2021,positive,1.6011567688922357,1,GO_Biological_Process_2021::regulation of cardiac muscle hypertrophy (GO:0010611),0.0473896108653093,raw q retained
prerank,GO_Biological_Process_2021::positive regulation of protein kinase activity (GO:0045860),0.4500487262871174,1.5999057817962232,0.0029103608847497,0.0478388560995618,1.0,45/106,23.21%,CACUL1;JTB;EMP2;SLC11A1;LILRA5;MMD;CCL21;CCL5;SYAP1;CCL19;AGAP2;LTF;GH1;CCR7;LCP2;IL34;LAT;PAK1;NEDD9;PAK3;HMGA2;ADCYAP1;PAK6;IL23R;TOM1L1;TGFBR2;AZU1;RALB;TRAF6;LRP8;TAOK2;MAP2K3;RHOA;DLG4;PTPN1;SNX9;CASS4;TAOK3;CDKN1A;RELN;STK4;PARP16;PRKAG2;TCL1B;MARK2,0.0478388560995618,1.5999057817962232,GO_Biological_Process_2021,positive,1.5999057817962232,1,GO_Biological_Process_2021::positive regulation of protein kinase activity (GO:0045860),0.0478388560995618,raw q retained
prerank,GO_Biological_Process_2021::macromolecule catabolic process (GO:0009057),0.5630052132120276,1.5994183544424914,0.0221238938053097,0.0479842508444596,1.0,15/25,26.10%,LGMN;NEDD4;CLN8;PPT1;CLN5;CLN6;CTRL;SNX25;KIF16B;PRSS16;MVB12A;TPP1;BECN1;SH3GLB1;USE1,0.0479842508444596,1.5994183544424914,GO_Biological_Process_2021,positive,1.5994183544424914,1,GO_Biological_Process_2021::macromolecule catabolic process (GO:0009057),0.0479842508444596,raw q retained
prerank,GO_Biological_Process_2021::outflow tract septum morphogenesis (GO:0003148),0.6196314126675934,1.5987777468983249,0.0236100533130236,0.0481464956678952,1.0,14/17,25.91%,PARVA;SMAD6;ROBO2;NKX2-5;FGF8;BMP4;GATA6;TGFBR2;ROBO1;TBX2;TBX1;LRP2;NRP2;SMAD4,0.0481464956678952,1.5987777468983249,GO_Biological_Process_2021,positive,1.5987777468983249,1,GO_Biological_Process_2021::outflow tract septum morphogenesis (GO:0003148),0.0481464956678952,raw q retained
prerank,GO_Biological_Process_2021::cytoplasmic sequestering of protein (GO:0051220),0.6885539582465543,1.5987877659514964,0.0190871369294605,0.0481977827088657,1.0,5/11,18.81%,MDFI;DBN1;GET4;NFKBIE;PKD2,0.0481977827088657,1.5987877659514964,GO_Biological_Process_2021,positive,1.5987877659514964,1,GO_Biological_Process_2021::cytoplasmic sequestering of protein (GO:0051220),0.0481977827088657,raw q retained
prerank,GO_Biological_Process_2021::regulation of establishment of protein localization (GO:0070201),-0.5524693648483634,-1.6407295736637528,0.0248962655601659,0.0498562885351358,1.0,9/15,17.31%,KIAA0586;OOEP;CEP290;CENPJ;CORO2B;CEP295;SPIDR;CEP120;CEP135,0.0498562885351358,-1.6407295736637528,GO_Biological_Process_2021,negative,1.6407295736637528,1,GO_Biological_Process_2021::regulation of establishment of protein localization (GO:0070201),0.0498562885351358,raw q retained
