Gene_Symbol,Score
H3F3B,0.8430592412218771
GNB2L1,0.8368022979906627
ATP5D,0.8257276413171366
ATP5J2,0.8243665707523522
ATP5J,0.8227340119907702
ATP5L,0.8159339412218771
C14ORF2,0.8153540964454274
ATP5O,0.8150998584807745
SEP15,0.808203221221877
ATP5B,0.8065283535933142
C1ORF186,0.803863026536195
H2AFZ,0.7996084724082131
C11ORF31,0.796880521216757
USMG5,0.7962330522746299
SELK,0.794867546988874
C19ORF60,0.7942346825023407
ATP5G2,0.7930172868842503
PCAT19,0.788494826532265
ATP5F1,0.7845290939598192
ISLR,0.7843599292986129
TCEB2,0.784144586257028
SHFM1,0.782262671322234
ATP5E,0.781764112207336
WISP2,0.7791543802866537
CYYR1,0.7789872200093864
C14ORF166,0.776608849044848
ZNF503,0.7699097852876103
TCEB1,0.769000260142166
ZNF706,0.7667824309344413
CTGF,0.7657622076448221
PALMD,0.7656440614679911
ATP5C1,0.7632022399943216
MEG3,0.7630500975605364
TMEM100,0.7627656896128311
RP11-354E11.2,0.7619868295228238
RP11-598F7.3,0.7615273960308473
FAM167B,0.7610687674447648
RCN3,0.760448811221877
RARRES1,0.7596590228157936
TMEM123,0.7586425367506436
FILIP1L,0.7583770305036286
C19ORF43,0.7579843336416259
LINC00493,0.7577521351520395
ATP5G3,0.7574012959142173
TM4SF18,0.7544839737736889
FRY,0.7516409205287173
PLSCR4,0.7513139714207794
ATP5H,0.7512141256251924
SFT2D1,0.7511911630436848
HPCAL1,0.7507606567121647
PRKCDBP,0.7503462969835235
HTRA3,0.7498176544827825
LINC01420,0.7493070792927059
GPR65,0.7485120024050753
ATP5A1,0.7484290494597154
PQLC3,0.7481914992599317
PODN,0.7478073899037273
CTD-3252C9.4,0.747469560707997
ECSCR,0.7473821602052406
LHFP,0.7472772545952413
TMEM160,0.7441960996012886
IFI27L2,0.7437636829016547
APOL3,0.7437395748235265
AEBP1,0.743185254309352
ABRACL,0.7416098489440754
VWA5A,0.7413211078654895
OAF,0.7408857812218772
RP11-160E2.6,0.7404309871877597
ZFAS1,0.740209193804533
VMO1,0.7401838950537519
CSRP2,0.7400190903288321
CYR61,0.7392539852881719
HN1,0.739195934088976
KANK3,0.7390829690948086
SELT,0.7374606838850977
C20ORF24,0.7371088987844959
CHRDL1,0.7357498029308414
AC013461.1,0.7356834218599171
METRNL,0.7354760628875738
MIR3945HG,0.7345933099913329
C19ORF70,0.7345036368647425
RP5-839B4.8,0.732798064733338
SEPT11,0.7307139033182068
SLFN11,0.7291156965625986
TMEM255B,0.7286303886271308
C7ORF73,0.7283206499051293
MYCT1,0.728289225811112
DHRS7,0.7272336428088506
HSD17B11,0.7262011213843782
ARL5A,0.7253568500079071
CECR1,0.7251883472585219
OGFRL1,0.7248444107492569
C19ORF53,0.7246047901654393
ELF1,0.7245629172635082
TMEM173,0.7239256100237232
RP11-386I14.4,0.7234315257301658
TMEM167A,0.7228633713121413
SMOC2,0.7225558933814507
C11ORF96,0.7212743224793334
OLFML2B,0.7212644189563653
FAM49A,0.720327355858269
C10ORF54,0.7198001160070202
GPR146,0.718733381221877
SDPR,0.7178936168650352
MIDN,0.7169949278028669
CCDC85B,0.7152299812218772
ATP5G1,0.713877293081982
LINC00936,0.7138256680719
TMEM47,0.7133112306696243
SHISA5,0.713165775945813
FAM96A,0.7129003834871575
CXORF36,0.7128901189847744
TMEM251,0.7127867070963564
FAM107A,0.7123465666122417
C8ORF59,0.7122407569508533
HOTAIRM1,0.7120397428973186
METTL7A,0.7118800917334425
LYSMD2,0.711260838261685
GLTSCR2,0.7112047148410037
SEPT2,0.7109556936400194
FAM162A,0.7106935271301633
LINC01094,0.7106625418080903
CRIP2,0.7105701874336305
TMEM14B,0.7103449880247039
SELM,0.7102327228025586
RP11-1143G9.4,0.7100517573888863
LHFPL2,0.7098702317127699
TTYH3,0.7098214084648189
MESDC1,0.7096180645691134
RNF149,0.7089321519490938
ZNF331,0.7089271811457245
HVCN1,0.7085966763975539
FAM46A,0.7079434035214955
C10ORF10,0.7062135528049247
KIAA1462,0.7055820249895848
DNASE1L3,0.7054478193015932
FAM26F,0.7052906440742962
SQRDL,0.7049194796402776
FKBP7,0.7041863849523633
MINOS1,0.7036881792835541
SRPX,0.7033693281728348
ARRDC4,0.701862748059672
FAM96B,0.7009091713571183
CALHM2,0.6997481437230497
FAM43A,0.6994968766334027
FNDC3B,0.6989908255304025
TMEM9B,0.6980135412218771
SLC43A3,0.6978325925880133
FIBIN,0.6977777554674616
GLT8D2,0.6975761659078079
PVRL2,0.69731487841363
TMEM51,0.6970107771224461
FYB,0.6969467836602239
TNFAIP8,0.6965151681998569
CCDC50,0.6947488559434771
CYSTM1,0.6946535209098584
FAM195B,0.6936747743040905
SERINC1,0.6930213722818271
RHBDD2,0.6923229685989999
VIMP,0.6922225056481268
SAMSN1,0.6898075646057449
ODF3B,0.6893460224119998
ARID5A,0.688805551984302
FAM195A,0.6885587632276475
AVPI1,0.6881080386088942
CCDC102B,0.6873101812218771
LINC01272,0.687132943362277
MESDC2,0.6863393343930471
C19ORF24,0.6852925356808213
C14ORF119,0.6843794146417153
FKBP9,0.684038827813529
RP11-1008C21.1,0.6825271602255693
AAED1,0.6823257411551895
NQO2,0.682015482188268
LINC00657,0.6816251088424246
FUNDC2,0.681439166209556
ERICH1,0.6810762055565445
FAM204A,0.6805066844135064
MARCH1,0.6798133439363598
FLVCR2,0.6792285771888522
SLC2A6,0.6787468895687236
PPIC,0.6782984494287684
SCPEP1,0.6781551846403625
FAM198B,0.6771543708690901
NREP,0.6770186574337065
CACUL1,0.6766532713236542
MFSD1,0.6763093152522526
KIAA1033,0.6748183339664344
FAM65A,0.67472700346675
FENDRR,0.6744997769104206
C1ORF54,0.6742031973486544
RP11-670E13.6,0.6732285694845892
AIDA,0.6719806327103623
CDV3,0.6714957386963346
C10ORF11,0.6711714897078497
JTB,0.671115585236588
THEMIS2,0.6708188081254656
LINC00998,0.6693336552538771
WARS,0.6692353226450352
ACP2,0.6688420285825827
MIR22HG,0.6682259763699883
TCEAL8,0.6682097950807409
CPQ,0.6678971341901876
SEPN1,0.6675314453285885
EFHD2,0.6671273660152035
HCFC1R1,0.666649150282609
RP3-460G2.2,0.664782096634586
FAM129A,0.6628851304091741
RP5-1171I10.5,0.6622849161891977
SMIM19,0.6622634448370235
C19ORF38,0.6619423755823209
SLC38A6,0.6607993443516706
PLBD1,0.6605215955147488
ANKRD10,0.6604677509948085
NUDT4,0.6601711251809808
CYTL1,0.6600673100830892
H2AFJ,0.6574290435270591
RBM47,0.6561807928043266
C1ORF21,0.6550478661915157
PPM1M,0.6550254186135678
GPX1,0.6546642660594456
C4ORF32,0.6546283084722826
LINC00116,0.6544645664489452
ARHGAP25,0.6528477115601068
NARS,0.6525798615562082
SPATS2L,0.6523890834689997
CCDC109B,0.6518602207474843
KLHDC8B,0.6515289152209268
MAP7D3,0.6508768466308175
FAM105A,0.6495964722576979
TMBIM1,0.6488354288304388
H3F3A,0.6487420787902624
FGD5,0.6486904402629806
PTRF,0.6464545659326009
SMCO4,0.6454664392521063
NBPF14,0.6451002766206065
SERINC3,0.64398701105367
MDH1,0.6438575993977238
ASNA1,0.6436531757647153
MFSD7,0.6423101627245491
GINM1,0.6421809760743009
ZNFX1,0.641046396755842
AMIGO2,0.6404866929365939
PLBD2,0.639559664466719
FAM101B,0.639416221221877
PLEKHB2,0.6392565687064667
NEAT1,0.6385023726954746
C2ORF40,0.6373104168432964
DARS,0.6360368852121128
PID1,0.635318941230623
GPRIN3,0.6343345224973423
ARHGAP18,0.6318378619603151
ARMCX1,0.631596499428557
RNFT1,0.6309063630521718
GUCY1A3,0.6303197941177389
FAM133B,0.6295022313424893
MCEMP1,0.6265728341998703
ADRBK2,0.6250166093142893
TMEM248,0.6248683459566434
CCL3L3,0.6248231754803271
C1QTNF3,0.6247418241267473
SMIM4,0.6241953748063043
LIMD2,0.6241603284659852
INAFM1,0.6240389812218772
BEX4,0.6239900406334089
PKIB,0.6231897862921199
C11ORF73,0.6226962407062994
RTFDC1,0.6226390885324635
C1ORF162,0.6220670279425974
FAM213A,0.6215695626571232
C16ORF72,0.6215441366237946
SIDT2,0.6214107364113959
TMEM220,0.6209614209146894
MOB3A,0.6208857509785775
VAT1,0.6208597204159417
TRBC1,0.6208562915180746
TRBC2,0.6198933485790392
USP30-AS1,0.619863736888977
C10ORF128,0.619852942155392
SHE,0.618262259982548
PLEKHH2,0.6181379595350902
SMIM15,0.6162392015612428
RAB42,0.6158320105017008
QARS,0.6149265492790424
CPNE8,0.6142013708374663
TTC28,0.6118616324488135
TMEM91,0.610050177442129
TMEM233,0.6096896809547064
C1ORF123,0.6077578322280008
GPR137B,0.6071987683304525
RARA-AS1,0.6071170476482382
WBP5,0.6060778356463908
MXRA7,0.6056199087227185
ADRBK1,0.6045582747264151
UFD1L,0.6042342759766289
MIR4435-2HG,0.6040308236648131
ATP5I,0.6033776261577346
H2AFY,0.6033775569137128
CPXM1,0.6029715835754498
GAL3ST4,0.602363763996997
CH17-373J23.1,0.6022930885897608
WBP1L,0.6012798324850863
HES4,0.600735203618792
TMEM60,0.6007159710821612
SEPP1,0.5997096908186144
SMIM10,0.5990019326454246
MCTP1,0.5978983146446624
SUSD6,0.5977101289753489
TBC1D9,0.5974908946579051
FAM114A1,0.5974756563654708
PTRHD1,0.5936252905279589
PROSC,0.5934074375925615
FAM129B,0.5909005561078784
TM9SF3,0.590023533132455
MILR1,0.5884313739358209
GS1-600G8.5,0.5873822189078184
ZDHHC24,0.5865099567755497
CCDC107,0.5858799193929858
CPXM2,0.5851293490828513
QPCT,0.5844430283525344
C5ORF15,0.584161135825455
XIST,0.5838821151618121
COL4A3BP,0.5835377294483968
FGD2,0.5827622984392649
C6ORF48,0.581789713562514
PTGR1,0.5817027214732151
CYB561A3,0.581131054158665
MAST4,0.5808741007357254
LINC01503,0.5806717939266768
MARCH2,0.579296963275312
FGD5-AS1,0.5789141632977537
EFCAB14,0.5784388561227569
SEPT6,0.576757890181136
HMHA1,0.5764093702519582
SLC6A6,0.5757635017101803
KCNQ1OT1,0.5751481295427519
CYP20A1,0.5743725576474433
OLFML1,0.5743343253744999
SPG20,0.5723736929718022
SUSD1,0.5721120084834805
SCCPDH,0.5712727631775658
FAM92A1,0.56904533408597
SRGAP2B,0.5680261990122681
FAM200B,0.5661495639811953
BRE,0.56445895656054
MXRA5,0.563987623823416
GBAS,0.5633341777272337
C1ORF228,0.5632912823914227
SLC35F6,0.562007117005326
ZFYVE21,0.5585956365988681
ANXA3,0.5584645333932509
SNHG8,0.5584130876118536
AAMDC,0.5582096525082397
PPDPF,0.5547904545343805
KIAA0040,0.5547245769954947
GAPLINC,0.5506409784563749
FAM127A,0.5498865010395393
MYEOV2,0.5495746032546149
KARS,0.548085630038655
LIX1L,0.5444400312218771
WDR13,0.5438899382932663
AKNA,0.5437032280002912
RBP5,0.5405149588395977
ATPIF1,0.540013381221877
MAPK1IP1L,0.5399461507781538
SEPT10,0.5387612799294834
SNHG12,0.5370319353624953
CCDC80,0.5367887644039095
FAM210B,0.5362890799048272
RERG,0.5360858834965418
PTPRO,0.5353841559872344
OCEL1,0.5353355727246827
MFSD14B,0.5327883142853841
ABCA8,0.5323423011971196
ZNF800,0.5316495535558939
CCDC53,0.5314667800787503
MALAT1,0.5302080001888412
MARCH7,0.5295293733517793
GLT8D1,0.5289588105021513
ZDHHC7,0.5271629846092951
BRI3,0.5242663018494595
THSD1,0.5237238473213702
SEPW1,0.522345555003961
ZDHHC12,0.5221968542216788
ZNF22,0.5220479182077856
ADTRP,0.5189009312218771
EGFL6,0.5187088347140958
SFXN3,0.5182606493538648
TMEM167B,0.5181443812218771
C16ORF62,0.5178009067123142
ARMCX6,0.5177686019624024
SNHG15,0.5177536082376848
PLAC9,0.5175831263644975
SLC38A10,0.5175701987484724
PHLDA3,0.5174800948984981
TRABD,0.5171800952360054
H2AFV,0.5168595950881776
CCDC71L,0.5168506909257797
VOPP1,0.5168395216739674
ZBTB1,0.5161971989666924
PRSS23,0.5157352676263846
C8ORF4,0.5154323420774832
AOAH,0.5148588181520198
CTD-2336O2.1,0.5132831911863176
MTMR11,0.5129388854081742
PCNX,0.5128446007646408
C14ORF159,0.5128100156040544
TSHZ2,0.5114779502802591
ABHD14B,0.5114381929754046
RARS,0.5110696645890278
PQLC1,0.5108872367903053
MFSD12,0.5106923308596135
APOPT1,0.5096794947874677
MAMDC2,0.5094552342474681
LDHB,0.5074882291867788
NBEAL1,0.5071494430109453
NGFRAP1,0.5066687431872688
IL10RB-AS1,0.5060959754657236
SH3BGRL3,0.5053370417423841
KIAA1551,0.5051508514913081
SCML1,0.5043093430585079
FAM212A,0.5033683928324011
PLEKHF2,0.5023033335125654
TMIGD3,0.5022706359844445
H1F0,0.5004128662507652
TRIQK,0.5002813195991994
S100A5,0.5002177042700993
ZCCHC6,0.5001144812218772
ADIRF,0.4995153290370276
VIM-AS1,0.4993053852803519
HAPLN3,0.4988583212467976
RFTN1,0.49797240365896644
CECR5,0.497451082461494
CLECL1,0.4959659716577272
EMP1,0.49535520674293415
RP11-138A9.1,0.495233807736922
SNN,0.4945592009990117
TMEM120A,0.49349429275746337
KDELC2,0.4932550179633328
CCDC90B,0.49292346109389795
MLLT4,0.49212847132657395
ZBTB43,0.4920202499447722
WDFY1,0.4912140087857764
TMEM106A,0.49086691882465755
SERINC2,0.48979042024744357
DNASE1L1,0.48975277997952693
ZCCHC2,0.48809551458208655
MATN2,0.48806843788747534
CTSE,0.4874702390473848
CH17-340M24.3,0.4868390700749535
MMP24-AS1,0.4862372758868221
GCSAML,0.4862333050009735
CASC4,0.48584395331041946
EPB41L4A-AS1,0.48438975727357475
TMEM261,0.483711832077159
FLYWCH2,0.483671280900163
MXRA8,0.48306211666870535
MOB3B,0.482800587726439
SCARA5,0.48205184276192176
CCBL2,0.48195162657103746
RP11-347P5.1,0.4815958727094348
TMEM55A,0.4813152688431338
SSFA2,0.48101293688711255
UTP11L,0.48038095917668133
TXNDC15,0.4803657601371651
MKL2,0.47985198207761154
PIK3IP1,0.47980625784599923
SLC12A7,0.4790767830321818
HMBOX1,0.4785119218655891
C14ORF142,0.47794427848832816
HYI,0.47736131235154455
TSPAN2,0.4771637721610771
C4ORF48,0.47651838908033106
SEPT9,0.4765103553118224
ARHGEF40,0.4759272396697936
ANKRD12,0.4758112389835423
LSAMP,0.47570019575129335
CCDC25,0.4753629315578364
FAM192A,0.47535200497343144
RP11-382A20.3,0.474674087739363
KIAA0141,0.474153711379322
OSER1,0.4730058349936399
OLFML3,0.47206437001171386
TRIM47,0.4717872389691488
EBPL,0.470469873404642
ADGRL4,0.4701897474329352
RP11-108M9.4,0.4692546205113012
MIR155HG,0.4689379192088827
SLFN5,0.4688939794466009
CTA-29F11.1,0.46872485122187707
CST2,0.4681344649035889
LINC00152,0.4667447212218771
MARCH3,0.466431669048194
SPTY2D1,0.4648067784432813
FAM214B,0.4642561470003202
ZBTB10,0.46409555058351964
LRRC59,0.46398159896820335
TMEM183A,0.46359889597864135
TM2D3,0.4611877769919555
CPVL,0.46059686381340054
LBH,0.46052107938929054
AMD1,0.4604945812218771
TMX3,0.4596481993331359
GPBP1,0.45944737147785514
OLFML2A,0.4582554393305927
DSCR3,0.456727380464482
TTC17,0.45548498814662985
ITIH5,0.45529078977221704
RFWD2,0.4539887123010315
ZDHHC6,0.45370536847144716
JAGN1,0.4534277676861307
LUCAT1,0.45311590973501925
DUSP14,0.45235977820482137
EVA1C,0.4519502738962594
AES,0.45193759452710086
PHACTR2,0.4516020887731473
RP11-452F19.3,0.4510485687572703
TM7SF3,0.45101718288819975
DCANP1,0.45099447012088256
FAM173A,0.45045014676287154
SEPT7,0.45041242432520473
CPNE3,0.44993754289085064
TMEM2,0.44986568900454793
ST5,0.44949172122005976
SLC12A8,0.4489724706152886
RP11-138A9.2,0.44815589943475864
LARS,0.44689183811284805
CXORF38,0.44687433269701526
FBXO39,0.4466655595820514
TMEM53,0.446310662612819
MS4A10,0.44611009612991254
ZSWIM6,0.44572669220868577
TTC39C,0.44544766240095085
PPP2R4,0.44510680885933157
TMEM205,0.44506400544457086
RABGAP1L,0.4448873739142858
TMCO3,0.4441900524125766
SARS,0.4436418880181337
TMEM140,0.4435487621168499
ZNF667-AS1,0.4433034540670626
GUCD1,0.44004681992117045
FXYD6-FXYD2,0.4392939777191039
HERPUD2,0.43872495053092103
ABHD13,0.4386351463418136
EMP3,0.43778015437328677
CLEC4F,0.43765778966628616
RAB20,0.43739478504829676
WDFY2,0.43721595525521156
NHLRC3,0.4370142517083898
AHNAK2,0.43680954561965313
PSMB8-AS1,0.436702467346652
RNF10,0.436445409779015
CRISPLD2,0.4362886117636838
SSC5D,0.4355591951701378
HRCT1,0.4349916169648643
IGKC,0.43469303716919977
RBMS3,0.43405417156192394
PCNXL4,0.43374287866731903
APOL2,0.43208160096836223
SWAP70,0.43203881659250964
ZDHHC20,0.43140873345255676
TPSD1,0.4313752338193534
FAM65B,0.4312692825009759
GAPT,0.43051116044287635
C19ORF66,0.43047019244425627
MAPKAPK5-AS1,0.4298386771321229
OSR1,0.4294269737642411
ZNF677,0.42901273439465387
AC090498.1,0.428688952800935
ADPRH,0.42836705213608584
C16ORF13,0.4277349159750681
ITM2A,0.4276012671639353
ANXA2R,0.4272074024288709
SLC35A4,0.42712921210725635
AC093673.5,0.4269912212218771
SEPT1,0.4263860618618972
TREML4,0.42563420728433543
PRADC1,0.4252724783052668
C2ORF74,0.42477225073713537
FAM102B,0.42425842042205136
RASL12,0.4234651221250466
C3ORF58,0.42331318505966115
SH3TC1,0.4231338972286407
GRINA,0.4229561496461659
SERPINB8,0.42255308052790685
CREG1,0.42241776299767675
LXN,0.42215447598745615
TMEM101,0.4214937546274939
TTC39B,0.4211137102710127
FXYD5,0.42054214939042567
SLC15A3,0.4186716565506503
RP11-14N7.2,0.41842828922751724
TUG1,0.4179219155108348
DEF8,0.4173699193228709
LMAN1L,0.4165641996412347
IFITM10,0.41512561355970884
GMFB,0.4142447762878447
TMEM39B,0.4136242885039853
TMEM141,0.4133455658247622
RP11-11N9.4,0.4126569562773107
CLPTM1,0.4126535175987993
GRAMD1A,0.4120040489805545
FAM35A,0.4115247628946064
IFI30,0.4108335456830813
MRC2,0.4107107487833049
IGSF6,0.4106724958260655
TINAGL1,0.4106291671064625
MARCH5,0.4105370380005224
SLC9C1,0.41017997584197763
MEDAG,0.40959131963860584
CEBPZOS,0.4092353295803458
ZSCAN16-AS1,0.4082565184996832
PTMS,0.40645808934204225
MOSPD3,0.40631033643201714
ABI3BP,0.405917541494629
ADAMTSL4,0.4053042524682697
TSPAN4,0.4051742693668121
FCGR1B,0.40468687287966176
MAP7D1,0.4044103484170639
ZFAND3,0.4043428859603377
C1ORF115,0.40389281122187715
C2ORF47,0.4036919235717512
TSPAN6,0.4031478983405543
CLEC1A,0.402349030512549
STRA13,0.4022140362345829
PALD1,0.40205548402593644
BNC2,0.40203143600676383
KLF17,0.40200596119401155
C15ORF39,0.4017857066001644
MSRB3,0.40098283455500144
CST4,0.40072585880527944
FCAMR,0.4005567474996284
CCDC82,0.4004966297809355
ANKRD35,0.3995161612218771
IER5L,0.3995049778893063
TMEM243,0.3994895494760497
CST1,0.3994247855123156
OGFOD3,0.39925585667100016
CNN3,0.398948643231468
SERTAD2,0.39892397391038353
TMEM154,0.39885808901460473
FAM45A,0.39855196752483785
CD300E,0.39847401639621055
PCDH12,0.3968699951552392
SLC35F5,0.39659060492376585
C17ORF62,0.3957777114932257
CASKIN2,0.3955718699958385
MIR222HG,0.3949757375465477
EMP2,0.39482327718277066
CLEC14A,0.39460867919381687
TMEM128,0.3945037772831836
C1RL,0.39435413095484806
CYB561D2,0.3943121533712257
PSMA3-AS1,0.3939889053095965
MPEG1,0.3932732194134913
EVA1B,0.393019914094916
SLC7A7,0.39213937339114
GEM,0.39190565509914393
TBC1D9B,0.39166622625574565
TMEM245,0.3915217338250018
CTB-61M7.2,0.3914437130141474
TMEM119,0.3907305411924905
MMRN2,0.3905337357760273
SLC11A1,0.39052442587790287
SAMD11,0.3903986597688938
NFAM1,0.3903803238040467
NUCB1,0.3902589271854088
RNASE6,0.38994586967320705
PAPD4,0.38972278122187715
FUOM,0.389715078046515
TMEM256,0.38955926746180314
TRAPPC2P1,0.38909586462672074
ANGPTL5,0.3890833903845164
CEP68,0.3890075002262563
S100A3,0.3876430478590153
ZC2HC1A,0.38715085762707196
KRCC1,0.38684664014856845
PIANP,0.38676452572926356
FOLR2,0.3867028334036492
CNPY1,0.3866648623099346
MAPK15,0.3863362261700959
SNX29,0.3859980626847636
GAS2L3,0.3859356630373634
LZIC,0.385704452863423
MMP19,0.38562483385099916
BEST2,0.3845946709517482
ABHD3,0.3842418835353904
EMID1,0.38423507611819846
LRP3,0.3841665790956103
MDFI,0.38376943532582675
CPA4,0.3833547960435201
C22ORF39,0.38319255324791973
DYX1C1,0.38298306202040555
EMILIN1,0.3828651133195382
TOR4A,0.3821793050532638
LYRM5,0.38208443511912676
ZNF655,0.3819413455032227
RNF144B,0.3817543010737619
PBXIP1,0.3817276206500319
AFAP1L1,0.3814568542142589
CNRIP1,0.381146798264697
H1FX,0.38105738000121486
CD93,0.3807905506243131
PSAPL1,0.38070782415605414
ATP5EP2,0.38029270977506563
CD300LB,0.37981570239162354
SMIM14,0.3793372512218771
PLVAP,0.3791658735390298
CST6,0.3790637253812435
ISG20L2,0.3785392621645714
LUM,0.3784334703124983
MARCO,0.37829549242813904
FAM208A,0.3782248596711447
THUMPD3-AS1,0.3781002143675723
SPPL2A,0.3779384649982256
RAI14,0.37787811440356533
SLC50A1,0.37776472817613604
C15ORF57,0.37724773334408135
RP11-796E2.4,0.3769807829609103
ADAMDEC1,0.376937701720522
CH17-189H20.1,0.37668203128070954
CARHSP1,0.3766755086628073
CARD17,0.3760783041335494
SLCO2A1,0.3759218383888648
LINC00667,0.3758299083310156
FAM103A1,0.37574384929443116
WFDC1,0.37563870331282095
MS4A7,0.37508888826213865
RNASE4,0.37492958590546693
RDH14,0.3741622264151965
TMEM50B,0.37306283954015373
MUM1,0.37298687313136264
SLC25A36,0.37272143361754806
AIG1,0.37254467467217817
ZNF580,0.3722738061793079
PRG2,0.3715348387742129
DNASE2B,0.3706017281312063
RMDN1,0.37055663152176777
NPC2,0.37046793244612974
FAM118A,0.37042485476612674
RP11-356N1.2,0.3699456885835767
TMEM223,0.3697972307022428
SERPINB13,0.3696907129205721
VIL1,0.36939962698293255
WAC-AS1,0.3693477082715618
DES,0.3688567725274797
GPR108,0.36881751574048055
AC016831.7,0.3684993270634659
HAVCR1,0.3684262881246422
R3HDM2,0.36804908033944417
FAM210A,0.3674765657132488
RP11-488L18.10,0.36737286642282874
KMT2E-AS1,0.3673133230759211
SPARCL1,0.3665097899270054
SASH3,0.3658813024724439
C2ORF69,0.36504992741039266
LIMS2,0.3645831762556756
SLC46A3,0.36436734726580283
ZCCHC11,0.3640136058054445
UACA,0.3640128215709807
SLC12A9,0.36375014955643503
ZNF581,0.3634360573775016
SNCG,0.36330126006646857
TSPAN9,0.36327251173303626
KIAA2013,0.3629391687601961
LAPTM4B,0.3626576233256408
ARL4C,0.36264970029282073
AP006222.2,0.3626268019090581
ARMCX2,0.36253777200996257
AIM1,0.3623457624610801
DNPH1,0.36232433069127534
CD300LF,0.3622607418548918
ABHD14A,0.3622122467255558
S100A12,0.362107237629262
HEXDC,0.36204947888453975
TCEB3,0.36189639945389346
ARL8A,0.361459758818009
TFEC,0.36142828336063826
HOXA-AS2,0.3614053242909924
SSSCA1,0.361224262470397
CFAP97,0.3602753812653787
ARL6IP6,0.3598469173698838
THAP9-AS1,0.3598170839087768
MANBAL,0.3596356476168479
CILP,0.35958975664734316
HMGXB3,0.3595844597159309
ZBTB12,0.3595817745619182
SUSD3,0.35957928271394934
FAM174A,0.3592840395494258
ZNF518A,0.35913273576950333
ZNF618,0.35896075430350693
ANXA8,0.3587495543546409
SVEP1,0.3583277896851079
SPACA4,0.35816451213381134
LRRC75A,0.35814364245146196
RBM6,0.35810454652370016
ECM1,0.3578791806384596
PITHD1,0.35782368122187713
RP11-1094M14.11,0.3575908281529944
TSPAN18,0.35750111416472374
PLEKHO2,0.356853560798967
SIRPG,0.35681032388127165
LTC4S,0.35659873348303583
MIIP,0.35561444325505337
TROVE2,0.3555986459879535
CMKLR1,0.35553444236070253
FO538757.2,0.3553881105888037
SNX21,0.35493688741771545
RARRES2,0.3549351816546841
RASGEF1B,0.3549272138307214
HMCN1,0.3548686344441849
NR2F1-AS1,0.35465492809354493
FPR3,0.3545754005637567
MFAP4,0.3535759131850499
PNPLA5,0.3534070368071381
HIGD1B,0.3532613734160972
ACTG2,0.35325704122955104
LILRA1,0.3532387832493473
PLXDC2,0.3526135343587005
MOXD1,0.3526032739710039
MT1A,0.3525061286978601
TREML1,0.3518014751278665
GPR34,0.3516373970347413
TANC2,0.35085741793161257
SLAMF8,0.35056030626212603
C9ORF142,0.35036459871655273
STK10,0.3503398528495935
EML3,0.350185046935685
DHRS12,0.3501366489506584
HERC4,0.349971203110762
CST7,0.3499095567608838
TMEM176A,0.3499006045860018
SULF2,0.3496088526370438
CHN2,0.34950818311028004
NUTM2B-AS1,0.34948641213514375
TARS,0.3491094249789824
FAM134C,0.3489842313656014
HLA-DQB2,0.3488473848300597
ZNF430,0.34876617173180446
FAM219B,0.3486002198674406
DCN,0.3481213710431721
SLFN13,0.3480984571043143
N4BP2L1,0.34795184361448356
ARMS2,0.3479383724223219
VIT,0.34778850067728695
IGHA1,0.3476711091662478
TP53TG1,0.3467855515698056
C12ORF75,0.34629272091577235
MMP23B,0.3462446140935054
AC147651.4,0.34624347854474485
HSH2D,0.34619378680548185
CRACR2B,0.3453328697237265
CHI3L2,0.3450921031478438
FAM63B,0.3449807892924797
CRIP1,0.3448039763310866
CPNE1,0.34465678289972934
PIGBOS1,0.3443882053058611
C16ORF89,0.344203418090396
TRDV1,0.34413213573133467
C6ORF89,0.34412455767390154
PHTF2,0.343879504235463
PRKRIR,0.3436934976483457
APOL4,0.34332930444643134
FXYD6,0.34332719479441415
CD101,0.3430408487356337
SIGLEC15,0.34262896853903396
CHIT1,0.3426239733110674
DTD1,0.3424543845653685
DUSP23,0.34237414921910486
ZC3H7A,0.3422286513817771
TRIL,0.3421750660590817
PAGE4,0.3418375788593419
IFI27L1,0.3411939777496278
MAP3K7CL,0.34116627928519444
C1ORF56,0.34108803122187714
OSTF1,0.3410698775132402
FPR2,0.34096296993243813
FAM104B,0.3407480832652021
FAM84A,0.340702293115109
SLC2A14,0.34042758397752637
PRELP,0.3397833001364231
BTNL9,0.339410479517029
TMEM204,0.33934259553597707
LEPROTL1,0.33886985464167396
KIAA0430,0.3388232863699412
CHIA,0.33875058137971625
DRAM2,0.33870745922227746
NPDC1,0.3385606415990682
MFAP5,0.33833440509958246
RNU12,0.33825289746599085
CCDC94,0.33823703468880945
FAM21C,0.3381787297919575
STAB1,0.33782925032595323
SIGLEC14,0.3377559585994375
TMEM176B,0.3374879296364435
TIMP3,0.3371665268527284
LMCD1,0.3369161604236357
C2ORF76,0.336864280814305
LILRB3,0.33666621179372835
LRRC25,0.33653792637838087
MORN2,0.3365200763031059
SEC14L1,0.3363779962158391
KIAA1715,0.3357952925187503
OGN,0.33575990661219934
LUZP1,0.3356575081598007
IGLC2,0.3355355070143381
ZMYND15,0.33552830407989415
CLEC5A,0.3354136406869265
PLA2G16,0.3352219555384612
S100A16,0.3347939892823721
CD300A,0.3347138903539047
DDT,0.33457210867928233
PDGFRL,0.33425476973049506
SIRPB1,0.3340438634008528
AC020571.3,0.3339626512218771
GLIPR1,0.3339452510749342
C4ORF3,0.33392619929220085
OMD,0.3337660441646376
ZNF90,0.3337501935095859
EFEMP1,0.33341202373677986
TMEM263,0.33317351284576413
SNHG7,0.33299214794153703
HSBP1L1,0.3329721793301452
LRP10,0.3328702544780131
S100A14,0.3325366945251117
BZW1,0.332386894448003
DENND4B,0.33234800860619085
PHACTR4,0.33226897333832595
SMIM10L1,0.33225915638622777
FCER1A,0.33211053277075187
PLA2R1,0.33173747499691464
RP11-251M1.1,0.3316016675173498
C6ORF1,0.33127836585735015
CD302,0.33122934424441575
MARCH6,0.33113442432080875
EEF1A1,0.33092879477411996
SLC40A1,0.3308374699267418
CTSG,0.33073747628453687
CD164,0.3305656260008806
PAPD5,0.3304725440968243
YPEL2,0.33007166042996006
NPL,0.33002915560847174
MFAP2,0.3300213085380781
CCDC43,0.32990219017037814
METTL9,0.32977847926178044
MPZL2,0.32974138147940985
IGFBP6,0.32972277565470876
C1ORF52,0.32957767430351514
APOL6,0.32947762899592825
FNBP4,0.32887005066227215
G0S2,0.32864581202029525
FAM134A,0.32840796406522765
PRELID3A,0.328274385298742
ZNF358,0.32817187830412925
DPT,0.32796627944743706
TATDN1,0.3279537388771052
ACTA2,0.3277265351336307
IGSF3,0.32765217894901816
HNRNPU-AS1,0.3276276635092865
TPSB2,0.32748701163381866
TCAIM,0.32747451109264314
CTBS,0.32741304239402713
TREML2,0.32688789006805574
RSPRY1,0.3264902584419145
LINC-PINT,0.3264821283815154
FAM213B,0.32627845527493116
CCDC57,0.32610502659200935
ELK3,0.32604761804490623
FBLN1,0.32594334619699106
SRGN,0.3257871391694528
SPATS2,0.32488089535024717
DHRS1,0.32481929807156984
MGP,0.3245854771093727
TMEM170B,0.3243268987417565
FBLN5,0.324270540696183
MLC1,0.32382432761596047
TMEM55B,0.32374612135639946
FAM120AOS,0.3236661228076115
ADAMTS2,0.3235674238030355
ADSS,0.32337635196751224
WASH1,0.3233045940602117
CHI3L1,0.3232506301947694
FIGF,0.3228457877766841
SYDE1,0.3220512177429294
CAMP,0.3220310788848836
ZNF226,0.3215871191486246
RP6-159A1.4,0.321418641002799
FMOD,0.3214110193865001
MS4A6E,0.3213366441393313
CLEC4D,0.32126495661102317
CLEC4E,0.3211246308121275
SMIM6,0.32097092540296956
TMEM134,0.32088289141070925
SPP2,0.3208209145129456
LMO1,0.320819510240986
PILRA,0.3207330682651952
FBLN2,0.32040854813669173
C17ORF89,0.32024843798161606
LY86,0.32022145519547823
KCTD12,0.32019830135394534
TNFAIP8L1,0.32001031060536167
FAM177A1,0.31997090669135103
CARD18,0.31978768888628706
KLRC4,0.3197402253467502
CTC-444N24.11,0.3191364124388444
DENND4C,0.31911118648467546
LILRA6,0.3185753862198051
FOLR3,0.31853266438289235
ARL6IP4,0.3184007853768257
COLEC12,0.3183504063140707
RNASE2,0.31817202340141293
ATP6V1G3,0.3180552345170278
LAMP3,0.3180152284981562
TPSAB1,0.31797981578326906
FAM20A,0.31726175442528437
SMIM3,0.31687065864529873
LILRA2,0.3167937115128987
CPA3,0.31677848078107795
LIMS3,0.3167313806882482
ZNF480,0.31670323395955824
C6ORF47,0.3165176735236684
REEP6,0.31649852994215316
TBC1D2B,0.31643386836244536
NBPF19,0.316325984004723
XXBAC-B135H6.15,0.31619005970334807
CUBN,0.3157604015172577
C11ORF21,0.3156853920618581
PHYHD1,0.3156162435650063
TM2D2,0.31544189251837085
KIAA1191,0.3151874837251407
DCSTAMP,0.314966802067531
FCAR,0.31470029607046324
DUSP11,0.31461316025619346
C1ORF35,0.31448609816377054
ZNF703,0.3144079641131198
SCARF1,0.31432481035522164
SRPX2,0.314264351556332
TOMM70A,0.3140735000140091
IGHM,0.313859278967529
CRIM1,0.31374680905455743
CFHR1,0.31370284609007815
GIMAP8,0.3136207536443664
ANXA4,0.31360152250154993
IGFBP5,0.31316541902872497
ATP6V1C2,0.31272785529579394
LINC00969,0.31260084809500305
GDF15,0.3124638662934089
EPDR1,0.3124162301711391
ARMC10,0.31211550274124805
LCN1,0.3119808078930797
DRAM1,0.31188001244400587
ARHGDIB,0.31180400743248526
C3AR1,0.311797509576366
FAM46C,0.3115935396816105
GM2A,0.311588835256168
XG,0.31131248590601
DIO3OS,0.3110524209801249
ULBP1,0.3104381543803332
ZZEF1,0.3103242607801342
ARHGAP30,0.3101785676398189
CFP,0.31014426433244446
MGEA5,0.31001879183303255
MMP11,0.3100024150974542
TUSC1,0.30985345531427944
TPRG1L,0.30979222036393816
TM2D1,0.3097395761079694
MS4A2,0.30961217692956067
C6ORF106,0.30946210975563126
RPLP2,0.30943449884378216
ARHGEF17,0.30924570374597704
MMRN1,0.3092312363796782
BTNL3,0.3091417272131713
AMZ2,0.30903749179619927
ARHGAP15,0.30891725980226004
PTX3,0.3088249612238567
RARRES3,0.3087457196971715
IFITM5,0.3087018775110544
ASAH2B,0.30862712833008277
FAM189A2,0.3085356145122017
RBM12,0.30849020933533794
VEZF1,0.3084742374000882
LST1,0.3082673795447365
C11ORF57,0.3082657537032442
LOXL1,0.308242299790113
SLC37A2,0.3082125279314781
COMP,0.30816514800201356
MPC2,0.3080924377569267
CPSF3L,0.3079346241846556
MS4A4A,0.3079167650569625
DDX59,0.3070574364457588
HMGB3,0.30650674983109005
GCHFR,0.30647475142158037
RNF44,0.3063433730770321
RP11-834C11.4,0.30606696411955886
RP11-758H9.2,0.30595063619673446
FAM21A,0.3058706348352444
ATP6V0A4,0.30583710723782254
MT1G,0.3056981072236408
PRKAG2-AS1,0.3054779170181573
SPPL3,0.30541292932398895
ZBED5,0.3053540325640575
LILRB2,0.30535185829561573
RNF130,0.30517138893579854
ZFAND2A,0.3049286847866486
SPRR3,0.30490471283317966
PRTN3,0.3048583592316073
NUTM2A-AS1,0.3048059312218771
TIMD4,0.30479301936825914
ABR,0.3046080912712603
RNF141,0.3043952555721842
NUTM2B,0.3043164924641628
ARPC4-TTLL3,0.30400529537600507
CDRT1,0.3036660903893771
IGFBP4,0.3036256312258889
RQCD1,0.3035069460853137
TGM3,0.30318562436786056
FAM13B,0.3031716423755691
RBM33,0.3030464714081291
TBX2-AS1,0.3030321740097769
CD247,0.30301636561391154
LRRC28,0.30266672024098923
SAYSD1,0.3024126562534437
SPON2,0.3017711309973814
PCMTD1,0.30168530907579344
APOA5,0.3015967924899686
MYDGF,0.3015528557496947
C5ORF56,0.30145639213421943
STK17B,0.3013613096527473
CETP,0.30085994687288387
MNDA,0.30068490880084786
KDELR3,0.3005169903961392
LEPROT,0.30047102312111523
C6ORF62,0.3004514525852712
LYZ,0.3003361660810375
TMEM37,0.30001573827821143
TAGLN,0.29991478046820574
ZNF672,0.2997231026213949
MYOC,0.29970323655244835
ZSWIM4,0.29962515419151675
FAM83G,0.29959547866576564
FAM49B,0.2995437385716426
PRSS21,0.2993491427147966
IGFBP7,0.299196007813455
TMEM39A,0.29897048122187714
DUSP15,0.2989371269123293
BZW2,0.29892440555456506
SAA4,0.2987886666652896
A4GALT,0.29870161045415855
OSCAR,0.29866585914134447
ILF3-AS1,0.2985077512218771
EFCAB5,0.29847628009780874
EFEMP2,0.29834833694367624
UBALD2,0.2982616106905745
PTGFRN,0.2982471505424227
SLC25A47,0.29821213934269025
ZNF385D,0.2979967892175782
KIR3DL3,0.29785891255980723
C9ORF16,0.2977773311405323
C1QTNF7,0.2976158112085149
SLC43A2,0.29759339508302307
OLIG3,0.297506067586575
RCSD1,0.2973450667291591
C5ORF34,0.29733668796251667
UQCR10,0.2972450521926494
ID3,0.2968149556051517
FPR1,0.29666862233101443
KLRC3,0.29666082001671884
ADGRE3,0.29661907413652955
LBP,0.2965784008973241
CD180,0.2964714177218004
TNFRSF25,0.29646202757414053
TMEM8A,0.2964112578289396
COMTD1,0.29640878745861976
MS4A4E,0.2963578143511505
ATP6V1B1,0.29634388920720744
UQCRFS1,0.2962876694698964
TCHH,0.29625105992827105
TMEM88,0.2962023125875516
GATA2-AS1,0.29619041988251665
ANG,0.2961662952816384
C17ORF58,0.29613157634051845
MYH11,0.2960625978294311
LMOD1,0.2960073554544683
CAPN9,0.2959297733374574
CLEC6A,0.2959274925010049
UQCRQ,0.2958196100386057
CAPG,0.29578192354117866
CCDC186,0.2957599818206291
COX6A2,0.2955408808340897
LNP1,0.2953300210110349
CNPY4,0.2952677833006758
PCDH17,0.2952060896493073
NDUFA4,0.29510723072974887
ROBO4,0.2949939282036045
C15ORF48,0.29492602428950676
OTUD6B-AS1,0.2948807394390735
CALB1,0.29469843435915166
FKBP15,0.29465087039399285
WBSCR16,0.2945184909592909
ZAP70,0.2941661725588637
AP001055.6,0.29408081896833793
CD207,0.2939874238047022
CYGB,0.2936513803766341
LYVE1,0.29357626537697645
CYBRD1,0.293486908276832
APOA2,0.29336865587032757
COMMD6,0.29327377706548974
LGALS7,0.29288758182500935
CTD-2319I12.2,0.2928827069321421
RAB3D,0.29287683563499484
ZNF770,0.2928358524759052
PFKM,0.29236708795883326
AGMAT,0.29226687728706013
C21ORF59,0.2922239706052226
TBC1D22A,0.2921300907319705
MYH10,0.2920124286700586
COL10A1,0.2919946239740048
FAM110D,0.29190038628490733
DHRS4L2,0.2918832199702857
PRR13,0.29160932455011396
CFHR3,0.2910403417615258
PCOLCE,0.2909986729044465
HDC,0.2908721975952834
ODF2L,0.29054868352857577
USP38,0.29037711011111794
TPM2,0.2903741232438358
VSTM4,0.2900239805409982
RALGPS2,0.2895203754026623
C4BPB,0.28943307423829057
NOXO1,0.2893808825354113
LIM2,0.289366497852675
LTBP2,0.2893413967904578
ADAMTS7,0.2892454515923091
ATP6V0A2,0.2887790547724217
TOR1B,0.28872780899599
PIBF1,0.28820651677687414
LDHAL6B,0.288057951337542
LILRB4,0.28805099679286095
PTGES,0.2879835530448913
IER3,0.2878725114023845
PTPN22,0.287800766784693
BEX5,0.2877286735386045
OLFM3,0.28761215195200407
MT-CO1,0.2874964940489073
MYOCD,0.2874158612274146
FAM60A,0.28741273825258545
CCDC159,0.28732676958001035
ARL15,0.28720742681497047
EMCN,0.28709729145518637
AMBP,0.2870220475110876
ZNF720,0.2868778076574898
CD8B,0.2867212883649177
SENCR,0.2866454760912994
C21ORF2,0.2865214355841601
LRRC17,0.2865114612822769
CELF5,0.2864550855284207
BTNL8,0.28631681831285605
F7,0.28629443796320553
OTUD1,0.2862619868171271
VSIG4,0.28591214970865764
ACTL7B,0.28579167236829583
PCOLCE2,0.2856480235150273
PALLD,0.28564120995072345
GMFG,0.2854685160470002
MT-CO3,0.28529820872917844
TMEM106C,0.2852738293445232
CMTM8,0.2851789642164902
C1ORF27,0.2851151630406863
RP11-553L6.5,0.28508630457255363
RBMS1,0.28508266210774497
CALML3,0.2850602669803882
C16ORF91,0.28501227180135696
RP11-536K7.3,0.28499467744231305
RBMXL1,0.28474822848633047
KERA,0.2846185709633121
DOK3,0.28453297425677604
AHSA2,0.28442714339907094
FAM162B,0.2843620758862343
CPNE2,0.2843136927769434
HERC6,0.284295717978886
NACA,0.2841509131783456
COTL1,0.2841222168176245
BPI,0.2840949317666138
RCN1,0.28400437329632544
FKBP10,0.28383474533883624
COL14A1,0.2838330886643886
GBP4,0.2837845927571502
S100A4,0.2832530170918123
TMEM44,0.2831625450979199
CIITA,0.28312110195627327
ATP5SL,0.28311644116814105
TNFAIP8L2,0.2830065379827294
ABCB9,0.2829943224803637
CORO1A,0.282978733221514
SNX32,0.2827840124288142
LGMN,0.28262069204703233
ACTR3C,0.2824502592190137
HEPH,0.2822088855554792
SLAMF9,0.28202844031979285
KIR3DL1,0.2819338145989442
ASPN,0.2819331011932019
SERPINB10,0.28190708769017914
ATP6V1E2,0.28170488607468536
MIR99AHG,0.2816408027644221
WBSCR22,0.2816341747879001
PCMT1,0.28149878486224517
CCDC3,0.28123348183071506
C1QTNF2,0.28121885916836914
KIR2DL4,0.2811647167801037
RPS12,0.28114227417764237
CNN1,0.2810641712454669
CALML6,0.28106033818919496
MT-CO2,0.2809430887728266
OLR1,0.2808972729093988
SVIL,0.28086615474122356
RUNX2,0.28079026746350233
HPX,0.28055626315350657
ANXA6,0.28052362014968707
CALML5,0.2804465228386164
NPC1L1,0.28032271901142625
CNPPD1,0.2801713642699273
TMEM203,0.28002606705332933
MX2,0.27986599130915835
COX7A1,0.27983611335684744
PFN3,0.2796543178290072
FAM234A,0.2795660763017542
NUDT3,0.2795570212853989
KLF10,0.27934088063571894
FBN2,0.279138998017296
TGM2,0.278980205469211
FAM114A2,0.2789548455152954
CAP2,0.27878361189536005
SERPINF1,0.27869555013781167
SORCS1,0.2786908872424547
WHSC1L1,0.27864656512818325
TMEM57,0.27838733681906186
TMEM86A,0.27835868797620605
EBLN3,0.27835773505003214
ZBED5-AS1,0.27832037183711333
MYADM,0.278208483698024
SMCHD1,0.277841311609937
SMTN,0.277823498548371
C1ORF122,0.27770888378860753
CPA2,0.27770496102435943
MFSD14A,0.2776846421794541
PROC,0.2776321496571914
MT1M,0.2776294046374941
MPC1,0.2775566139575101
ANGPTL1,0.277242463565954
BACH1,0.2768295163438028
NRN1,0.27675620373808857
PLAUR,0.27674850288436004
RPL39,0.2765060877312159
KLK8,0.2758196206316401
C8G,0.27581107656706105
OCSTAMP,0.275799008438357
P3H4,0.2757357794851757
KIAA0196,0.27571614992145393
HEBP1,0.2755590859138589
STK16,0.2754504812218771
ATP13A1,0.27536080088609044
TLR10,0.2751012635486756
ACTC1,0.2749319256248578
PAOX,0.27476087867527804
DEFA4,0.2747264711159343
RNASEL,0.2747241821677888
PFN4,0.2742862759839132
PGAM2,0.2740935559927943
NAGA,0.2738374357775367
EPRS,0.27373258101485837
NCEH1,0.27369269054955137
ANXA7,0.2735810632847686
SLC9B1,0.27348701991816066
ITLN1,0.2734390930601587
MYO18B,0.27340686382260815
ZNF438,0.27329163138743645
INA,0.27319583790537594
ADAMTS10,0.27307728041522916
RASIP1,0.273048025343287
CPB2,0.2729619888381367
NLRP6,0.27290011163152983
COX5A,0.27288629559370714
TSPAN13,0.2728338867441539
GPATCH8,0.27283322190957093
PDZD4,0.2727168037217175
GP2,0.2724817893738404
RP11-1398P2.1,0.2724485577044485
ADAMTS5,0.27235175392144484
HELT,0.27221590312457233
ZBTB44,0.2720797872675392
GRAMD1C,0.27199495221116654
EVI2B,0.27191833680821453
FSTL1,0.27186203032799716
ATP6V0D2,0.271804671201739
CORO6,0.2717468821812422
TEX35,0.27151105597778086
TMEM50A,0.27142279738723374
NID1,0.27111673548534887
SLC7A10,0.27084906305581097
MYLPF,0.27083011536520385
IQCH,0.27081080771146726
PTGIS,0.2708042165637524
FTSJ2,0.2706933883461193
PRG4,0.270613585985215
CLEC4C,0.2705977743102854
MB21D1,0.2703908836569825
AVIL,0.27034156185781144
C4B,0.27029058138404316
TRIM72,0.27025517214371947
NOX5,0.27019399918055
SNX10,0.27018872232654945
ABCA7,0.27010639663595504
RNF217,0.2700517930564909
SIGLEC1,0.26993025837278606
C9ORF3,0.26974905270582
ZNF267,0.26960028560612215
ZADH2,0.26902991776099744
TMSB4X,0.26900041762102644
MR1,0.2689413331878834
CYP1A1,0.2688928635327319
UBE2QL1,0.26882360579865977
SMAGP,0.2687674523577024
CTHRC1,0.268478734249
SLC6A7,0.26846603250710566
FER1L5,0.2684393892817097
PRAP1,0.2682527034150001
FKBP14,0.2682389810092405
KNG1,0.26813188589638215
SPRR1A,0.26793491021662796
JPX,0.26787710363233863
EEF1B2,0.2678461024410528
TEX101,0.26780912806395596
RRAD,0.2677667195462921
C20ORF196,0.2677502147774876
ITGBL1,0.26768723321431065
PKDCC,0.2676871501890123
ADD2,0.2674242625255666
CYC1,0.26736515638109415
PCIF1,0.2670650376440862
LAPTM5,0.2670387161775748
ZNF426,0.2669221859112831
IGFBP2,0.2668299316653311
IGSF10,0.2667765723642209
KLRC2,0.26677640884651843
CMTM1,0.26673779815726756
VCL,0.26663692807745387
STK32C,0.26662931092974357
KIAA0368,0.2664138998440904
MYO1G,0.2662776081005301
SLC43A1,0.2662062574148222
SAMD14,0.26620377066299117
PPM1H,0.26618780894091043
PLEKHA5,0.2659099234883306
RAB27B,0.2658860996635999
MFSD8,0.26585053363115246
FAM127B,0.2656468570785337
C5AR2,0.26563070135355427
CMTM2,0.26554830034268545
CSTA,0.26551040872899023
SOD3,0.26532469759440414
SCO2,0.26515360549334843
SFTA1P,0.2648651032667753
UBALD1,0.2639463704250821
CLEC10A,0.2638866639700417
CLEC9A,0.26385712189833543
ANTXR1,0.26384771055811457
COL12A1,0.2638324280388197
MYL3,0.2637995809720679
SLC27A3,0.26377969405512774
STC1,0.2637475133919298
RECK,0.2636369197474185
C20ORF27,0.26363025221331693
KIAA0100,0.26352714294842045
IFI44,0.26351536059451497
ARHGAP29,0.2634764228996642
C8ORF76,0.26333973318283094
HARS,0.2631734297996763
CRYGN,0.26295348858373524
GABPB1-AS1,0.26289342323324305
CALML4,0.26275347348021516
PLXDC1,0.2627519178795849
IGLC3,0.2627393795537339
NCF2,0.2625196771219994
EVL,0.2624827420342687
FGL2,0.2622694949932819
ADAP2,0.2621314877703155
C5ORF24,0.26207636484221686
CPPED1,0.2618653599651287
MASP1,0.2618118035719076
TMEM230,0.2615018600013454
ABHD11,0.26133196948120296
CD8A,0.2612907144844153
LILRA5,0.2612717787234205
NT5DC2,0.26110336628809844
CD1A,0.2610606778206598
CCS,0.26102256864406254
ATP5S,0.26101240858488123
WFDC2,0.26095524129146647
CYTIP,0.2608313498782082
ESM1,0.26065751399343745
TLR6,0.2604686871973253
APOC2,0.26037927475417755
CYP2B6,0.2603712859177503
USP53,0.2602935993743098
CALCB,0.26027728407128997
C4A,0.26027026372675655
EPB41L4A,0.2601770812218771
FOXJ3,0.26010321482021176
ANKRD13A,0.2599666036851771
DYSF,0.25992526871840305
CD300LG,0.2598250309199248
VAV2,0.25974143648286163
FBXO18,0.259737623006287
GPR137,0.25972671506781314
AP1S3,0.25970676352471433
PAPPA,0.2596672531874078
P4HA3,0.25962134814812493
CD5L,0.2595108113412308
TMEM54,0.25950517251458394
CTSV,0.2593660635944626
LAIR1,0.25930251059755294
CLEC4G,0.2592620556593239
B3GALNT1,0.25901728572721794
ACKR1,0.2588329038671031
RPL7A,0.2586918679420154
SHROOM4,0.25862836903743247
VASN,0.2585741110174643
KHDRBS2,0.2585209972902599
RSBN1L,0.25848212086776806
ECT2L,0.2584346561261322
GFY,0.25827260446985323
CD1E,0.2582497198209114
ACE2,0.2582019995367386
IGHG3,0.25813454058295976
FRMD8,0.2579339597136113
S100A8,0.25792851233819525
DNASE2,0.2578315107220628
FBP2,0.2575635765164357
NCR2,0.2575445121364567
GARS,0.2574844870096833
UQCR11,0.25748004869731833
POSTN,0.2574729385346338
HPGDS,0.25745982803069467
TKTL1,0.2572699459867712
TWIST2,0.2572187381825224
LDHC,0.2571269681213303
ANKRD26,0.2570919741672999
RIN3,0.2569298168436387
GPR4,0.25689232159551795
CRNDE,0.25677056058150965
SKIV2L2,0.25676923666833823
BIK,0.2565963865373262
DBN1,0.25657703043918645
DUOX1,0.2565369161475113
MYL10,0.2565344094841613
TP53INP1,0.25648066886153453
MMD,0.2564738808840337
PFDN5,0.2563499860843247
LILRB1,0.2562112538782686
ADIPOQ,0.2561786370540331
SUCO,0.2561718582153051
ERBB2IP,0.2561608610519891
TCF21,0.2561435776600584
LRRN4CL,0.25606895798395735
HLA-DPB1,0.2560574337458186
SCIN,0.25603970629849626
FAM131B,0.25596087337394735
HLA-DMA,0.255933611114333
PARVA,0.25586476596319174
GLRX,0.2557929296928768
C16ORF45,0.2557548992664167
MYZAP,0.255749757654644
TMEM159,0.25556011629088093
BTN1A1,0.2555118005620673
BNIPL,0.2554185012118575
CD300C,0.2553754841621284
PADI3,0.25534295770752413
MRLN,0.2553328232486984
ZCWPW1,0.25529840437005114
SIGLEC7,0.2552900731301483
CCL21,0.2552729542781388
TATDN3,0.25519188225223993
CCL26,0.2551858401474948
BATF,0.25510307923017894
APBB1IP,0.25507149764599535
BCAM,0.2550502115851722
RSAD2,0.2549546028809384
BICC1,0.2549265568571441
GC,0.2548758542962385
TMX4,0.2548118839420101
TMOD4,0.2547447703792993
LOX,0.2545055618368781
CD7,0.2544982270136852
ENPP1,0.2544655384647757
TEX30,0.25438545595532464
TCIRG1,0.2543701303999102
TNFRSF11A,0.2543549317286765
POGK,0.2542134651019704
DDX58,0.2541121250898426
FCN2,0.2540947583276335
UQCRC2,0.2539991188209284
MMP10,0.25392087799796825
TTLL10,0.2539156262578868
SDR39U1,0.25378541021123224
GATA2,0.2536336321673751
CCL16,0.2535897553540829
HEPHL1,0.25351857171320574
TGFB1I1,0.2534837071586773
RPL28,0.2534274301784393
TAP2,0.2533690480065486
SPRYD7,0.2533413256477862
IFI44L,0.2533118460898176
TMED5,0.25283736284494185
EGR4,0.25282195725902173
CD1C,0.2527942306080615
CLDN5,0.25236959426674
IGHG4,0.25225849694334673
FCN3,0.2522489523338476
P3H1,0.25224848578760195
NOSTRIN,0.2521645852867742
P4HA2,0.2518692626203666
SCAMP4,0.2518583715440553
CCL5,0.2516375917174182
NFIB,0.2515089425802782
RNASE3,0.25148185228754216
N4BP3,0.25143776553611025
STATH,0.25140513687253263
HCRT,0.25117559622115593
SDCBP2,0.251140466260955
ADAMTS3,0.2510576212953296
LPL,0.25097310590718724
MSR1,0.2508141786926461
C1ORF43,0.25080829965420526
MT1H,0.2508078477941328
AC011899.9,0.2507993690936983
CELA1,0.2507394959851457
CD1D,0.2507352688008313
NCF1,0.25073080190145647
LTBP1,0.25070000156494876
TEX261,0.2506612717820185
MYO3B,0.250523920416271
TNXB,0.25043141693875315
AKR7A3,0.2503295079670793
LIPC,0.25025051260181586
PABPC1,0.25022600031211384
S100A7,0.25020290853029215
RPL29,0.25008944559346524
ZFAND5,0.25005698879781135
ARHGEF10L,0.24999780179365
RETN,0.24999391970006135
VARS,0.24988596004412078
GGT6,0.24983547357824032
SP110,0.2498165825064249
NR4A3,0.2496776117302718
HCAR3,0.24958973861467648
MYLK2,0.24957000456733403
THY1,0.2494575905096954
SYAP1,0.24939256618025868
ERP27,0.24935488234169534
SAMD8,0.24934839813266108
RBM43,0.24929760030231257
BATF2,0.24914315682763627
WAS,0.24898494738983035
VCAN,0.24871882317509053
USP18,0.24864575999924554
CMTM7,0.24852386865775855
TMEM5,0.24838435902767064
PLAC8,0.24835838051980086
SLC31A1,0.24803183129229533
TMEM45A,0.24800128141253847
ACAN,0.24796107366361442
AOX1,0.24793114100761204
FBN3,0.24782020418055534
GBGT1,0.24776214152086207
SVIL-AS1,0.24771244378244417
TMEM14A,0.24757256128991423
UBQLNL,0.24746891736618604
SLC16A6,0.24745189718363209
TM4SF1,0.24744466725408604
GLMP,0.24743975655939632
YDJC,0.24743623522116692
VNN2,0.2473131022745232
MIA,0.24730605994608623
CLEC11A,0.24725451279999577
ZCCHC24,0.24713780683232933
TMEM87A,0.24709005747006235
CST3,0.24704836095490135
NCBP2-AS2,0.24697560295506527
SIGLEC5,0.24694584397874564
FAM126B,0.2469282987466807
TM9SF2,0.24692015187862115
TNNI1,0.24691594529319505
LACTB2,0.246845472928034
CLMP,0.24683687548834243
CTSZ,0.24671648477979136
RAB34,0.24651936956948917
AQP9,0.24650967961872905
ABCA6,0.246421709102485
PTTG1IP,0.24629408196333352
CYP2C8,0.2462060090845326
ICT1,0.24612015408201332
CLIC3,0.2460808623820553
INMT,0.2460641736571889
BMP1,0.24585464948096936
SAMD5,0.2458102504425963
FAIM,0.24574545469991477
DLEU7,0.24573093704981974
UQCRC1,0.2457240925105113
CCNI,0.24557935578228862
CXCL13,0.24550465059701354
HLA-DOB,0.24543808144953583
NNMT,0.2454278000020338
OSBPL11,0.24528279329179692
HLA-DMB,0.24515882288249402
PRRX1,0.24513212488284192
TMEM165,0.24507829146980842
OBFC1,0.24506264984714826
TSPAN31,0.2448860159210598
FAM175A,0.24475665466494562
ANGPTL6,0.24473478364007029
CAV3,0.24469908182435063
CDK2AP2,0.2446762818093235
COX4I2,0.24460607284698188
HPGD,0.24458345900187306
AC007246.3,0.24454308257161916
TGFBI,0.2442781433381781
SACM1L,0.24421056855919274
PHLDA1,0.24418388321279283
KIAA0355,0.2441028936086833
MIRLET7BHG,0.2439981246215872
RP11-620J15.3,0.24389023353273476
RPL27A,0.24375855291774084
CLEC4M,0.243665706542892
CXCL9,0.24344906529413302
GCA,0.24331275547924874
C2ORF68,0.24310805203416574
HLA-DOA,0.24296027285983324
GP6,0.2429583025896216
LOXL4,0.24283903993839373
FBN1,0.24279049148373755
TP53I11,0.2427332085342329
MKL1,0.24225254409387054
ARV1,0.24221595849448238
TCF19,0.2421241161624778
KNDC1,0.24211050059219674
HMCES,0.24205767535197287
ARRDC2,0.2418233824448001
ZBTB46,0.24177137524192172
CEBPE,0.24163057754853678
GIMAP2,0.2415437543299429
AC004791.2,0.2415406629624416
CD209,0.24145137791396165
SOWAHC,0.24143610121994752
MIR4458HG,0.2414124136779338
EMB,0.2412793760814132
SPCS3,0.24114537678306347
CLEC7A,0.24106915976903343
THBS1,0.2410522391812745
CCDC116,0.24091957051574736
VNN1,0.24088301156770264
STAC,0.24076306827596294
SERPINB2,0.2407575189851806
SCRN2,0.24070063539258202
SIGLEC12,0.2405566002802404
DMTN,0.24048872557891843
RCBTB2,0.2403025391798871
IARS,0.24024721397826287
WIPF3,0.24012930290847412
TGFBR3,0.24001408178008232
ADM2,0.23997911075245593
RPS6KL1,0.2398329754740533
OASL,0.23973266348228306
ANXA11,0.23968802118371973
MCFD2,0.23968247142685095
GBP5,0.23966738624585182
MMP25,0.23963155557716131
EHBP1L1,0.2396191495700321
CMTM6,0.23961794345726983
CCL19,0.23949429600150474
NEB,0.2394850388118892
IGHG1,0.23942932424196045
CD1B,0.23942022556406228
AMN,0.23940062088831449
C5ORF45,0.23937816268718914
CHID1,0.23930474125417028
SDC2,0.2391626553944618
MYLK3,0.23916219754736223
KLRD1,0.2391447852104025
NUPL2,0.23911846016951926
SAA2,0.23902952801233857
KCNG3,0.2389695808256585
HKDC1,0.23896541501250268
SERPINF2,0.23893389417377187
SCARF2,0.23889606317366407
C4ORF27,0.23885723635133305
GLYATL1,0.23881898627573916
PDIA5,0.23881050038737678
IGKV1D-33,0.23871400450109936
HLA-DPA1,0.23865605216481278
C4BPA,0.238442873712447
ZNF385A,0.23840014006634186
NRROS,0.23821384977007998
UPP2,0.23818645088465318
LCN2,0.23805433035723522
AGAP2,0.23802570886197916
SERPINB3,0.2379572597682182
CES1,0.23772274023877293
OCIAD2,0.23748743512465087
SNHG25,0.23745984122187713
PRKG1,0.2374354405932031
FGL1,0.23740279709647705
PPM1F,0.23734421575374176
TRPV6,0.23733655911174367
OAS1,0.23728835985734908
ZNF467,0.23724608786953266
S100A11,0.23712490992816593
RNPEPL1,0.23688657862584966
PRB3,0.23686525079357312
KLRK1,0.2368366446726301
PLXNA4,0.23669376619491922
CTNNAL1,0.23665721081991675
RAC3,0.23660193721238298
LTF,0.23659565224387702
PKN3,0.23656688073199927
PTGIR,0.23652606290139172
TSPAN32,0.2364529604378059
CDH5,0.23626625396447987
ASB11,0.2359554497440935
PDPN,0.23590592575243308
DSE,0.23577493586564557
PF4V1,0.2357455189658596
RPL10A,0.23565969571463996
GPX3,0.23539250323530025
COL8A1,0.23537380433771693
ARL4D,0.23532894930849313
NEXN,0.23524884236535948
FNDC3A,0.2351707339975238
NCR3,0.23508437066487786
CFI,0.23504394909712667
COX6B2,0.23492443399540097
APOBEC4,0.23479573970583945
TIMP4,0.23475924489578093
BGLAP,0.23475886532201706
MFAP3,0.23466172225144266
SPAG7,0.23443689034093562
ERVFRD-1,0.2343968688816901
PXN,0.23421748428277223
RAB30-AS1,0.2341059057207025
FAM3C,0.2340931773772439
MAN1A1,0.23408001797667943
CLEC3B,0.23402794036772534
BATF3,0.2340197737722859
GGT5,0.2340181679133626
TAL1,0.2340175855920933
SCIMP,0.23382648087712704
PROM1,0.23381818333575177
SPOCK2,0.23381493530241637
CEACAM8,0.2337354259423312
SCGB1A1,0.23368552932996267
RSPH14,0.23355738860307662
SAA1,0.23347029653737406
HRG,0.2334642631541205
BSDC1,0.23343782061863638
MS4A3,0.23340037609411246
GPX7,0.23337359700109883
FHOD3,0.2333464195683524
NLRP7,0.23333811814699634
ADM5,0.23329943144557147
SCGB3A2,0.23309946192826703
RP1-313I6.12,0.23305712167376386
PLEKHG6,0.2329194536379079
PAMR1,0.23281958437754358
TOPORS-AS1,0.232629679037273
RDH13,0.2326076261202099
ZNF2,0.23248859411800976
RGCC,0.2324674450629864
GCK,0.2323692870408003
LAPTM4A,0.23229274644497383
CPM,0.23227071872963662
CIDEA,0.2322552814035993
ORM2,0.2321333029061906
CYP2C9,0.23206069108933114
EPS8L1,0.23204801667040514
USP41,0.23191621457558326
RNASE1,0.23181122655142739
PXDC1,0.23180866293439906
GH1,0.2317813725225215
PTPN9,0.23169874953987218
TWIST1,0.23165489478663148
RPL34,0.2316319248748384
LIMCH1,0.23129788161019366
SBNO2,0.23119197209964654
DOCK6,0.23115527601461083
FAM109B,0.2310326241011733
ZNF688,0.2309676915746804
THEM6,0.2308963798101128
IL2,0.23079075458929466
KLRF2,0.23073062076980982
HSPG2,0.23071747585168456
ANO3,0.23059077130808892
N4BP2L2,0.23057080685928077
PLEKHG1,0.230487308856051
LRRC32,0.23048066887448532
LDB2,0.2304480745241415
CYP4F3,0.23026449706010566
PPT2,0.2301808907452667
LINC00869,0.23005331224180475
C8A,0.23003338599749867
METTL10,0.22993860251998682
IGLL5,0.22983002477939196
UPK1A,0.22970898739709894
APOL1,0.22967879021964
SERPINH1,0.22963507385497128
KIAA1147,0.22958023755262258
BGN,0.22955931952123232
RPL27,0.2293887631618532
C2,0.22935056153001954
IFITM3,0.2292974066282103
CAPN6,0.22927450735534394
FN3KRP,0.22924039896809312
ANKRD22,0.2291672380135919
KIAA1143,0.2291606199347334
ZNF230,0.22915446815474388
RASD2,0.22902791405945655
HLA-DQA2,0.2287986371459454
RNF103-CHMP3,0.2286765666283065
OAS2,0.22863068705643075
GPBAR1,0.22861758067717142
YARS,0.22852689002290194
NUDT10,0.22850089448829253
SCUBE3,0.2284674257436341
COLEC10,0.22845408728165195
RPL9,0.22832238360109747
PADI4,0.2283217843142255
MMP21,0.2282701128270102
NGB,0.22821582578980987
MAN2B1,0.22816889900753085
ABI3,0.22806004737605778
COLEC11,0.22803994260220006
ITPRIPL2,0.22791175688544196
TSSC1,0.2278303140279665
CCR7,0.2277033639861068
ZNF469,0.22770188045755008
CLEC4A,0.22750828701096726
TMEM41A,0.22744228030640828
TLCD2,0.22735614436896012
FMO2,0.2273258678992217
LGALS7B,0.22718005655038498
PLTP,0.22712141267944452
APOF,0.2269888106726411
LCP2,0.2269298417181017
AC116366.6,0.22689995547063102
CXCL1,0.22687729492990227
IGLV10-54,0.2268715537898892
TOR3A,0.22683917876377568
TLX2,0.2267936204695108
C1R,0.22670010218203784
C5,0.22666348884577248
MBNL1-AS1,0.22646110233495637
ANK1,0.22643223431959247
MMP16,0.2263633504322453
RNF166,0.22629526617361145
ATP13A3,0.22625797333849818
TOR2A,0.22617162881638542
TPST2,0.2259952812101429
GPX8,0.22587769215516873
GIMAP7,0.2258288535142926
NEDD4,0.22580358627496788
S100A6,0.22572958496661366
CTB-50L17.10,0.22561429952841394
FAM20C,0.22554219343620385
DHRS2,0.2255231674914196
CYP7A1,0.22535931494456307
IDO2,0.22531671055266556
TNFRSF10D,0.22530149577673764
AIM2,0.22520336087491533
COL9A1,0.2251411768483088
PNPLA7,0.2250732648110445
EHD2,0.22506921235697497
UQCRH,0.2250245743223488
GPX2,0.22496839301134264
GBP3,0.2249609058452715
NID2,0.22492684383022443
PF4,0.22480610623951824
GNS,0.22479052710622893
CELF6,0.22445494461947335
SMAD6,0.22442331314834751
PSORS1C1,0.2243694641503139
LILRB5,0.2243672320708726
SFRP4,0.22432777714758179
TNNT3,0.2243129305534799
RPL14,0.22427593396397794
CHAC2,0.22422256775508687
IGFBP1,0.22404638338507998
MYO5C,0.22398992501601117
CCM2L,0.22397462242389898
B3GLCT,0.2239663692607058
ATP6V1H,0.22347237404985154
SOX7,0.2234187238270252
MYH7B,0.22338090151645695
FAM168B,0.22335619116795186
DAD1,0.22329574216002124
RNPEP,0.22325892502271533
CRYBG3,0.2232563429587338
RGSL1,0.2232331954290825
CCL8,0.2231916006255774
ITPRIP,0.22315826049147724
GIMAP6,0.22312688465411495
COX17,0.22309134714002687
TAGAP,0.22292808074914855
HIST1H1C,0.22285067375080325
KLRB1,0.22268542633106592
PDLIM7,0.22266555896736362
SCAMP2,0.2226176690819276
UQCRHL,0.22253285006598467
YIPF7,0.22244625437759485
IBSP,0.2224296652672898
SLC44A1,0.22241877287446044
IL7,0.22233902389544546
PROZ,0.2222694428797115
ARHGEF6,0.22219261834196669
GFI1,0.222151302744393
SLPI,0.2220902516158309
APOBEC3G,0.22208159574507325
ADGRE2,0.2220482360214306
SEZ6L,0.22204810090385074
ALOX12B,0.22201467352249982
ADAMTS12,0.2219754239533135
ASB12,0.22185840703820137
CHAC1,0.2218305286065151
TNFSF10,0.22179181929482306
TRAT1,0.22174896698955426
RND3,0.22173697268652348
PRF1,0.22173506283756028
ULBP2,0.22170922641108626
MSRA,0.2216829405972257
NLRP11,0.22164194844743157
PAM,0.22140823077485422
HBZ,0.2213917422165459
MFSD2B,0.2211992647409941
SERPINB4,0.22077747783314516
IGFBP3,0.2206939653910689
HPSE2,0.22068451108387532
HDHD2,0.22068385645425814
HLA-DQB1,0.22044923870963828
MAPK12,0.22014981797419553
FCER1G,0.2201139610264201
ACTL8,0.2200545774916876
SSR3,0.22002844222958384
MEFV,0.21998613984475235
C12ORF10,0.21996170552044614
ARL11,0.2198268117790661
ADH6,0.21981781248292465
GJD4,0.2197050347249755
HAS2,0.219646816337776
CSF3,0.21962915021306106
PYGM,0.2195961072924063
GPR1,0.21958165312164524
FILIP1,0.2195343283215958
RNASE7,0.21951026794265965
ID4,0.21947332271678832
RHOH,0.21945591745102677
CARD9,0.219437076540409
MB,0.21942184859314384
CCL17,0.21936235923425496
XPNPEP2,0.21933672889180744
ADAMTS1,0.21929012854026286
GPX6,0.21910581994887457
SLC16A8,0.21909726386044986
RNASET2,0.21896527825893147
MEPE,0.21895347489828887
C18ORF32,0.21888951314326888
FAM58A,0.21882451231110667
GATA1,0.21872314971917617
REG1A,0.21864672063139223
DIAPH3,0.21861552155107256
APOA1BP,0.2185335368860281
SLC22A2,0.21848896846479338
NCF4,0.21846128911020513
MPZL3,0.2183731549863383
SCGB1D2,0.21835563293730975
FDX1L,0.21830421190187077
STK38L,0.2182379032455095
KLK4,0.21817672232261376
RTN4IP1,0.21812321188060396
FAM127C,0.21805964412857104
ADAM8,0.21789818523832133
C7ORF55,0.21779910122187712
LOR,0.21772390136235353
CAPN11,0.21765733450482627
MS4A6A,0.2176498270485051
HCLS1,0.21764758231498205
XAF1,0.217558595327066
ACP7,0.2175362077322407
CD53,0.21745522518296023
LINC00996,0.21742115193357153
ADAMTS8,0.21740662455862558
APOLD1,0.21735391122187714
RPL41,0.21735214615828236
QSOX1,0.21732805090502572
RPL24,0.21731102479627018
OCIAD1,0.2173035435863972
CDIP1,0.21729882329539418
FABP4,0.21726902502803247
DNAJC4,0.2172088070934584
CTSW,0.2170243877289575
CXCL11,0.2170033410626221
RGS13,0.21680406759367743
CLIC2,0.21679376189296884
RBP4,0.21677348871887459
SLC2A4,0.21657680986805916
CD177,0.21646993335984732
DENND1C,0.2164511273805378
STYXL1,0.21642093575360027
TPM1,0.21637365849429757
HERC5,0.21635238903062892
TMED10,0.21632277502061237
C7,0.21630641510003823
CAPN14,0.21625119681824562
NPM2,0.21621969678515218
GPX5,0.2159481295248621
RPL21,0.2159348306195864
CCL14,0.21592992831181912
PARVB,0.21579496457707004
SMOC1,0.21577301208387067
TMPRSS15,0.21573594577589844
HIST1H4C,0.21568635789235474
PSTPIP1,0.21568145166819908
ZNF75A,0.2156688888655739
RPN2,0.21564631722898897
COL16A1,0.21544825899482734
IFITM1,0.21536239552392344
HCAR1,0.21535898602307474
CSRNP1,0.21535321375476074
SPON1,0.2152982648041597
JUN,0.21521001908055348
GSTM1,0.21518285919886837
KANK2,0.21511890560783753
NUPR1,0.21507264762803247
CYP11A1,0.21506604387595785
LINC00551,0.2150451917648559
HSPB6,0.21503404252574643
CTSF,0.21499364541144517
IFIT1,0.2148455872581695
SORBS1,0.21481787396386998
CXCL6,0.21479644142345145
PAPSS2,0.21447323813998553
EXOC3L2,0.21442121728549202
AIF1,0.21434869328128037
PLEKHA4,0.21428006260386223
CISD3,0.21425933768252886
DPEP2,0.21414864589875182
DUOX2,0.21414097494940265
ZEB2-AS1,0.2141310232810988
TAGLN3,0.214117505566636
DEFB4A,0.21405790276352155
OAS3,0.2139756543493846
UBTD2,0.21393184130155612
RPL35A,0.21388146140444453
NHS,0.213845422871909
FHL5,0.21381593012622369
HSPB3,0.21381131618327054
CAPN5,0.2136699825434012
NLRP14,0.21361881688971907
CCL25,0.21341354737778617
MYO3A,0.2133928704011122
GSTM5,0.21336616156686894
NINJ1,0.21335686631596396
CCL7,0.21334991720022656
UQCRB,0.2132876585579121
PANK1,0.21317855548488063
HNRNPA1,0.21315873491298687
TREM2,0.21315477150887596
ZNF322,0.2131139852743012
C1QC,0.21310452129605728
CYFIP2,0.2130834442276972
VLDLR,0.21304985526679032
ESPNL,0.21303018927753958
GP9,0.21290783171092553
STMN3,0.21289375402565108
PSTPIP2,0.21284448763365627
P3H3,0.21281550267294985
SNHG23,0.21273298122187712
PPIF,0.21265433470313733
HYAL2,0.21257428585395555
FHL2,0.21248425599778065
RPEL1,0.21244387220562966
LZTS1,0.21240202439660222
PSD3,0.2123427440038388
PTPRR,0.21230930155181604
LRCH1,0.21227940043600263
PRSS1,0.21224790922541803
PRKG2,0.2122333132641312
LEP,0.21206347299645745
RAB24,0.21197956793774186
AP3B2,0.21193998945939363
ZMYM5,0.2119247101485054
LRRC3,0.21186598003043966
CXCL5,0.2118277772903785
RNF187,0.21179115552905664
RBMS2,0.21174265412095056
RUNX1T1,0.21172173971446406
C7ORF49,0.21167805331130968
EPPIN,0.2115445526044713
RP11-22N19.2,0.21138192650706727
OAZ2,0.21132752627959306
PXDNL,0.2113000641862145
COMMD8,0.21128196499583585
TOR1AIP1,0.21125719499796186
CLEC12A,0.21124573467267138
TBC1D10C,0.2112430313374058
RSU1,0.21102991261517923
WDR90,0.21089083525655072
GSTM2,0.2108414764178782
PLS3,0.2107972057780918
PDLIM1,0.21063005407954055
C7ORF50,0.21054940651764742
CCL22,0.21053779185758104
ARAP3,0.21049915164039884
HLA-DQA1,0.21049330227018803
HIF1A,0.2104350498452887
GIMAP1,0.21041627675361257
MYO1F,0.2103610106779088
MYH14,0.21017697121161016
FHDC1,0.20999102868843167
TMC5,0.2099579006542761
RP11-426C22.5,0.2098880983794984
HYAL1,0.2098872260071738
FMNL1,0.2098868018570741
CCL13,0.2098791436858124
MMP15,0.2098692072547702
LGALS9B,0.2098260876648581
STK17A,0.20977972081086754
EDN1,0.2097577618594506
C14ORF1,0.20972726881154258
WASF1,0.20955560420127517
CAPN1,0.20949885399263257
RASAL3,0.209326090976789
KLF5,0.2093210997123751
LMO2,0.20931742317402524
SLC25A45,0.2093141371844448
EGFL8,0.2091082709226001
AZIN2,0.2091014589174176
PLEKHO1,0.2089591812639749
C11ORF24,0.2089271300720591
LTBP4,0.20877799682700804
USHBP1,0.2086752888781635
EMILIN2,0.20866880067727156
ITLN2,0.2085422953275483
NR2F6,0.2084808562085882
CERCAM,0.208400278341207
CXORF40A,0.2083529654716374
SYNC,0.20804827668862236
BAIAP2,0.20796187461509286
VCAM1,0.20792950245804243
MT-CYB,0.2077986964646682
SNAI2,0.207789531658076
ORM1,0.20777191246898508
RHBDF2,0.20770853195383654
SYNPO2,0.20762965376944453
IFI27,0.20757687135371716
ABCA9,0.2075333077349702
COL13A1,0.2074140636156816
NYNRIN,0.20735797917284993
TINCR,0.20724411499958018
ADAMTSL2,0.20722498724044286
RHPN2,0.20716652418398407
GLIPR2,0.2070674533911404
ULBP3,0.20706502668785998
ARHGEF15,0.20697785687850756
CASC15,0.20696844789012558
PTPN6,0.20695850908014546
IRF4,0.20695117119980244
SFTA2,0.20692659041390288
SHC1,0.20676455232618574
CDC42EP5,0.20666499614956468
TKTL2,0.20645897219735676
LINC00346,0.20643109782132724
ATP6V1B2,0.20639633327308982
ISG20,0.20638367990831175
CR1L,0.2062703581455274
FERMT1,0.20619960516921004
HLA-DRA,0.20618564220072777
NDST2,0.20614085117432335
UNK,0.20613089439135784
YPEL3,0.20609527956812956
RPL26,0.20606050728241454
YAP1,0.20605506782778982
NCKAP1L,0.20588178306851745
RPL15,0.20587964374393652
CES5A,0.20575113872274414
FAM189B,0.20572121980751962
RPL13,0.20549035176154795
FOXP3,0.2053557479766459
PRICKLE1,0.20525883321320448
STAB2,0.20516990006629843
FOXO1,0.2051528622734784
GPR135,0.20498214447368435
APOM,0.20493518308446612
LCP1,0.20491734891025992
TMPRSS2,0.2048903504902596
SNX5,0.2048792830760533
NFE2L3,0.20482863938244433
CNTNAP3B,0.20463279762878153
FOXO3,0.20460489455526887
ITIH3,0.20456432496528443
FARP1,0.20450557723806545
CCL15,0.2044990506257951
ZMAT1,0.2044592299615882
CFH,0.2044478056444995
MGAT1,0.20438691056470304
RRAS,0.20435579555900374
NFKBIL1,0.20429514000506754
RP1L1,0.20428725026748096
FKBP2,0.20426417752948478
DAZAP2,0.2042239659872685
DESI2,0.20416356542253544
ALDH3A1,0.20413813890353882
SERF2,0.20410099548109395
HAL,0.20408843542521526
STARD3,0.20403768710825188
DENND2D,0.20391049921857435
ANKDD1A,0.20383543290065353
CYFIP1,0.2037244668745286
ADAMTSL5,0.20368468860039612
RP11-395A13.2,0.20363634089203936
C19ORF48,0.20358933501748183
GPRASP2,0.20354078280494936
MFSD13A,0.203538639541531
IRAK2,0.20351822493990668
TMEM74B,0.2034895424759648
RAB36,0.20345973215076307
TMEM79,0.20329429644582897
CD160,0.20321153104601686
NUDT7,0.20317661356398276
DENND4A,0.20309731015571175
DOCK8,0.20309341433136585
ICAM3,0.20305313142047687
SNHG9,0.2030477248351813
PEPD,0.20299995357138922
SOX18,0.2029973807900708
C8B,0.2029923476444302
HLF,0.20296402750076387
IL34,0.20295225354989732
ALOX15B,0.2029006208918721
PLIN1,0.20284109642736303
FBP1,0.20279891469841804
AGXT2,0.20269776716061194
SRM,0.20266465053386706
KIAA0319,0.20262649646817005
SLAMF6,0.2025837580262424
MYL4,0.2025170412481807
ATAD2B,0.20248010810763678
CRYM,0.2024087990371114
ACP5,0.2022966980691232
CR2,0.202118176357307
GET4,0.2020617294985514
ADCK3,0.20203670093091977
TMEM258,0.2020217655650538
TICAM2,0.20199521109955554
SYNJ2BP-COX16,0.2019913732063775
GNLY,0.2019651396922747
PPARGC1A,0.20195411632524485
CYBB,0.20190977400072796
FAM208B,0.20189984858298543
SULF1,0.2018497622288628
BEAN1,0.201721540370008
STX11,0.20167414968213604
ETV3,0.20166734461678404
CCL1,0.20166070416148063
SLC30A3,0.2016118901448447
FCN1,0.2015083902712861
DNM1,0.20148928477219907
SLC7A9,0.20148489053433427
NLRP4,0.2014837238892233
CARD19,0.20134654295298604
DAB1,0.2013329060202697
MCOLN3,0.20130788819080436
B3GALT5,0.20125391864185727
DCBLD1,0.20114938839372426
CXCR3,0.20101487559052633
CANX,0.20097309729116708
ENAM,0.2008107315009552
VWA9,0.20074048961246255
KIAA0907,0.20068567658421366
MT-ATP6,0.2006572339515954
ATP6V1D,0.200469357850244
DEPDC5,0.20024629928495574
SLC16A4,0.2002330376885525
NOXA1,0.20019024944097352
DMXL2,0.20011554133757758
TSGA13,0.20002964109773436
AGBL2,0.20002378983485664
CLN8,0.20000235376513031
MT2A,0.1998451966389822
APOBR,0.19981624386836483
XIRP2,0.19978493163210131
OSBPL10,0.19959203774568368
PLOD2,0.1994803174575004
ATP9B,0.19937587132028362
WRB,0.19932875748991974
CHD2,0.199320956365447
NAGPA,0.1992882821326264
LDLR,0.1991925046697393
TYROBP,0.19917610579071499
LONRF3,0.19916407268034902
NFIX,0.19912582816065466
HRSP12,0.19907299673844037
IGSF1,0.1990588657946879
TMEM185B,0.19886168737965787
MYOM2,0.19882931173459373
MLKL,0.19881499772674038
OSTC,0.1988038730742696
EPO,0.19879249709427171
ID1,0.19871756100407734
MTPN,0.19867100605999488
RP11-736K20.5,0.1986552438750775
SLC22A18AS,0.19864507552503774
CTSA,0.19857523624123952
ARHGAP9,0.19857356062136833
BCL6B,0.19854376594277523
NET1,0.19850246417337297
CDK5R2,0.19839573479277123
PNRC1,0.19838706432087416
CORO2A,0.19834470210204452
SPRR1B,0.1982553957178631
CXCL14,0.19808340517349365
PODXL,0.19804842143196966
CTSL,0.19799538796177008
N4BP2,0.19795070295182138
CTB-58E17.1,0.197920536139797
IL32,0.1978677001170004
H2AFX,0.19780798201721794
VASH2,0.19778579726773526
ALPL,0.19776797345840103
GK,0.19774570502681355
APOC1,0.1976093489129086
DSTYK,0.1975487086674272
LLNLR-245B6.1,0.19753212207963144
CRP,0.197488302922055
ITM2B,0.19748780752888195
XCL2,0.19745706203773083
C1ORF132,0.19744321157514977
NT5DC1,0.19740561289581066
MAF,0.19735728546816234
APELA,0.19721264247677667
WDR86,0.1971504367954811
FOXJ1,0.19711742049327796
THBS2,0.19708134629087826
MYBPC1,0.19706387287899663
CD96,0.1969682679382111
KAZALD1,0.19686041455033243
TIRAP,0.19685908124695362
IL1RN,0.19683455650419046
PITPNM2,0.19673480741640503
PON1,0.19663451584454317
CCDC167,0.19660028202639807
FUCA2,0.19656733540990284
TLR1,0.19645358634963894
ZNF214,0.19644209376128768
CRLF3,0.19642330261791613
MARS,0.19632109273010062
TRIB1,0.19624196381216163
GSTA2,0.19621866957358813
CCBE1,0.19613953566482345
SEMA3G,0.19604330036534828
ATP6V1G2,0.19590268263941213
VAV1,0.1957896138789056
PAPLN,0.1956538414735432
ACTA1,0.19561872685607795
NFIA,0.1955737087671941
DUSP6,0.195511625256855
CARS,0.19528261755804094
CTSO,0.19525453961243155
PPM1N,0.19524797329801746
S100G,0.19524589175623808
ERP44,0.19524403531200718
ABHD5,0.19522652441705635
TNFRSF10C,0.19516353959097493
UGT1A1,0.19513157660104974
R3HCC1,0.19504744515729178
ZNF215,0.19503130303739913
SKAP1,0.19497257000928192
TMEM161A,0.1949424112218771
FBLIM1,0.19488448344892773
ELF2,0.1948271304457272
EXOC3L1,0.19478983954947182
EHD4,0.19457777111144625
MTCL1,0.19455062513547905
N6AMT2,0.19454891407641145
BAIAP2L2,0.1945227001955272
IGF2R,0.19446990594363667
RGS7BP,0.1944506539903419
AHSG,0.19444554042062656
USF1,0.19442048326426975
BTN2A2,0.1943447794727905
STOM,0.1943357235619002
SLC3A1,0.19433546905857213
PKIG,0.19407148116468464
GZMA,0.19401422040195082
ZYX,0.19399951111392322
MAFK,0.19396344828442003
PLA2G2D,0.1939311425436253
SLC36A1,0.1938894791906527
C6,0.1938312175094251
TMX1,0.19382733280834985
IFIH1,0.1937807896501793
ECM2,0.19373028738863274
ACOT9,0.19371556791175493
S100A9,0.1937095309385134
BRI3BP,0.19366011321646004
C10ORF76,0.19361065100879832
TAGLN2,0.19354913236491234
OCLN,0.19352859712910897
TXNDC5,0.19341146250974106
PRR34-AS1,0.1932920662385879
FOSL2,0.193247398364093
ALOX15,0.19317353194573605
PDLIM5,0.19308782130761426
PRSS3,0.19306589662878815
KCTD7,0.19303663995536935
PARVG,0.19303145372971464
NRIP3,0.19300938940367346
PTPN5,0.19300670650821616
SLC25A40,0.1929858491008264
CLIC1,0.1929839013742664
GRAP2,0.1928674689027483
TRIP10,0.19284215796140625
RHCE,0.19272369657792876
SMS,0.19263241570491818
NKX2-4,0.19259958581072234
PPP1R18,0.19254258649863626
RPS20,0.19252931070569723
CHRD,0.1924879254972217
NOTCH4,0.19247983973649252
SLC24A1,0.19247792309904188
ANO10,0.1924474408912305
LGALS3BP,0.19244486195350097
ATF5,0.19238730190185216
RNF39,0.1922469278726806
RPL7,0.19221172559596666
PPT1,0.19220310699460608
NDUFA4L2,0.1921555348920475
LINC00847,0.19214994122187712
PLGRKT,0.19208733559879543
PTPN7,0.19196661068032628
MOB3C,0.19195955110753865
CALD1,0.19192297121209267
IVL,0.19181646756358295
CHMP4C,0.19172664130443273
METTL25,0.19168280127747023
ALPK3,0.1916253201402393
TMEM70,0.19155176653315642
MYO1C,0.19149538548313338
WIPF1,0.19148317487828526
HPR,0.19141772555816738
PARP9,0.19139245460053755
GPR143,0.1913473153841473
CSK,0.1913168278883386
TNNC2,0.19124105246720713
CRYZL1,0.1910976746118357
CXCL3,0.1909815455125642
SLC39A14,0.19092821015011152
LAMB4,0.19086594443274052
CYTH3,0.19085462465065017
MAP2K6,0.1908042680951748
MYBPC2,0.19067991115700345
SLC6A9,0.19059310571191634
SPATA18,0.19056615796982285
ITGAX,0.19054606772937888
R3HDM1,0.1905202839835603
TLN2,0.19050734811807946
CX3CR1,0.19040500240326297
FAM222B,0.19038825515172125
HK3,0.19025270364746594
COMMD7,0.18979518153018127
NMNAT2,0.18978033812613937
NCKAP1,0.18977137458905358
SMAP2,0.18974997149254913
DIO2,0.18957733726739145
ST6GALNAC6,0.18954557085976043
SCGB2A1,0.1894587451808833
CD34,0.18940995786421722
REPS1,0.18939694019510678
ADGB,0.18937379145106542
RP3-395M20.12,0.1893150830848651
PPP1R1C,0.18928616453821084
NMRK2,0.18924620932867298
GZMB,0.18913037844834257
FHL1,0.1890143568357301
UGT2B15,0.1889938551699134
B4GALNT1,0.1889281152733252
GP5,0.18892164100874054
EIF4E,0.18887772618249687
LAIR2,0.18886719171908922
KIF9,0.18882300351171022
GNG2,0.18879994829788527
SLC4A1,0.18879895975499872
BMP6,0.18878445878369432
C11ORF54,0.1887775394651245
LRRC40,0.18876189755464173
RWDD2B,0.18875946738154303
UNC13D,0.18873639749846727
SAMD9L,0.18858989256844638
RPS17,0.1885738952930337
COL26A1,0.18857350982852128
PMAIP1,0.18856088431108087
GIPC2,0.18849370968327106
PHACTR1,0.18846096785238398
ITIH2,0.18842180220851734
SULT1B1,0.18838093861064864
AMY1B,0.1881863548816176
RPL18A,0.18817557496661486
STXBP2,0.1881591265945004
PAPPA2,0.18807555833107742
PLA2G3,0.18802910429647668
CCL20,0.18801794340436717
DUX4,0.18794925276478414
CREBL2,0.18784746885679804
CCDC115,0.1877558657670617
DNPEP,0.18773435507663272
STARD3NL,0.18761761330986465
PTPRZ1,0.18760541826997135
NARF,0.1875472959030065
SKP1,0.18752838545207307
CD2AP,0.18750100175400186
ERO1A,0.18744096375889296
PTPRM,0.18741552638623338
FST,0.18739393656248438
EGR3,0.18739098670209853
LAT,0.18737987889474972
IDNK,0.18733264973443875
MAN1A2,0.1872950293533704
RHOJ,0.18726538912410473
RHOD,0.18726194947082586
SOWAHD,0.18721241654576376
TDRP,0.18720637665476508
SLC19A2,0.18718865412401253
C3ORF17,0.18716748641900155
PAK1,0.1871090553323046
PRX,0.18709455847205902
GPI,0.18707612485304903
MSC,0.18707359022043119
RHBDF1,0.1869454158094903
TNFRSF11B,0.18691682651644648
MIR181A1HG,0.1868912612914066
RNF165,0.18688087755380012
EHD3,0.18683252467774586
DAP,0.18680746116682534
DDAH2,0.18677732704501998
TMEM232,0.1867316017539702
TAPBPL,0.18669546969660855
CNTN6,0.1866630327289983
GPR182,0.18666191333238064
ATP6V1C1,0.1866596889888087
CYP1A2,0.18663237865858107
HEG1,0.18651924988569335
FAM83B,0.18650773061523107
MX1,0.18645300539507303
KIAA0101,0.186425604256025
ATP6V1A,0.18638261409548051
SPCS2,0.1862605797887159
CRTAP,0.18621774739709185
CXORF40B,0.18620814885241238
CBFA2T3,0.18605909454661718
TAP1,0.18592377366725155
ATRAID,0.1857899789925722
ANKRD44,0.18576641068592326
MYL9,0.18576509053089174
FRMD4A,0.1857401908911605
AHNAK,0.1857389972543706
C6ORF203,0.18567081586069722
CLEC1B,0.18561359237511532
ZNF106,0.18559513107140485
GBP1,0.1855906852109921
TNFAIP8L3,0.18558202409376034
CCL27,0.1855483751131839
NR2F2,0.18541856154459158
COLGALT1,0.18538909522788471
STX3,0.18538673804587524
SMAD3,0.18535743280631278
KIAA1324,0.18522954799863112
TNIP3,0.18517759568140085
HMOX1,0.1850892981278619
BRINP1,0.18500083584028126
TTC38,0.18497911758957186
KCNS2,0.18494936542639917
NCAN,0.18492820953433786
SLC7A8,0.1849248165235402
EPS8L2,0.184895061665989
DOPEY2,0.18489278720784924
CTSH,0.18482365553897395
OSTM1,0.18477192975885903
HBG2,0.18475032658778134
OAZ3,0.1846599479165148
ABCC6,0.18457899496629188
CD109,0.18452590133669494
PLIN2,0.18451585624664668
TBRG1,0.1844859340500366
ZCCHC10,0.18445685817057744
CD151,0.18436706441253037
VPS26A,0.18433724328743772
ITGA6,0.18432256149478587
ARHGEF19,0.18428112996725354
CHST14,0.18427049179589927
TM6SF1,0.1842047078385578
CAST,0.1842019637574931
NEK10,0.18418911392555304
ALG10,0.1841713604097307
CLN5,0.1840858918744741
ANGPTL8,0.1840627424525254
ADCY10,0.18372912191728474
CKLF,0.18372083413896034
DEXI,0.18372076711543728
NKX2-3,0.1836992142483433
NLRC4,0.1836711468899518
TMPRSS9,0.18355217631138843
MYEOV,0.1835356655232946
JDP2,0.18335954650116415
TNFAIP6,0.18330554420290557
SMOX,0.18329126341083585
VPS35,0.18327642864189453
CCK,0.18318831768259425
SH3BP1,0.18317922340685594
SERPINB9,0.18315686210036086
TPT1-AS1,0.18306623449404053
MYOF,0.18304087211706566
RAB38,0.1830281413813415
XCL1,0.1829478610899925
F13A1,0.18288259167861765
AWAT2,0.18286714877475885
DUOXA2,0.18280908789621653
STAT4,0.18276555812394513
PFKP,0.182748160547473
IDUA,0.18272796413915615
NPNT,0.1826868640946746
CSPG4,0.18254446470098495
ESYT3,0.1825415154362488
PPL,0.18248701991590277
FMN1,0.18245701759360977
CARD16,0.18238018870217843
SH2D1A,0.18232308808883846
ACO1,0.18225423507947403
SPATC1L,0.1822501541207867
NAT2,0.1822379588498393
CD36,0.18222226461505708
MMP17,0.1821376875492225
RAB17,0.18212682248227313
RP11-467L13.7,0.18211806772637668
TAL2,0.18210684899838359
SLC25A15,0.1820117315705937
TESC,0.1819565791300703
CNPY3,0.18194428514044136
HAPLN1,0.18184048458786684
PDLIM3,0.1818280762674957
GJA1,0.18182096838733075
RPL31,0.18171551106871908
KIAA1549,0.1816932978128235
GSTA1,0.18167169054720467
COL27A1,0.18161248638048177
DDX60,0.18151983655505854
MADCAM1,0.18150857733644632
PSMD5-AS1,0.1814884556234989
RPL30,0.1814479766383319
SLC13A4,0.18143305656671926
TOR1AIP2,0.18142761668266738
UBE2Q2,0.18139903244936872
NFIC,0.18137558353615946
BTG4,0.18137287165041427
AZIN1,0.18136376337453408
NEDD9,0.18126931575493788
SARAF,0.18118044957550616
TOR1A,0.18117230382540683
MRC1,0.18111287996639802
LCAT,0.1811080583848097
MYPN,0.18110531464522983
MATK,0.18108514207212034
LEMD1,0.1810770663431951
ABCA10,0.18096432125150888
BTG1,0.1807813137236901
PCED1B,0.1807710762922884
THEG,0.18076095101237843
LAMTOR3,0.18073189391982147
SEC61G,0.1807171733286228
CYSLTR2,0.18049198554641488
TTC9B,0.18048034800789275
ICA1,0.18045282570024468
XCR1,0.1803164125785197
PDCL2,0.18018931299623814
CCL23,0.18011409679524581
RP11-792A8.4,0.18009828679735318
ADAM12,0.17999400430956192
CD83,0.17997365239125995
TSPAN1,0.17993021387789082
ADGRF5,0.17978998255442197
PRKX,0.17974904360209615
HIST1H2AC,0.17970005856834603
JAM2,0.17969755550427746
ROBO2,0.17966481353657715
NKG7,0.1795464350657544
RPL36,0.17952451119062163
FRZB,0.1794942133569855
ARHGAP4,0.17940381355791718
SNAP23,0.17935481702151967
HSPB7,0.1793007379794569
METTL8,0.17920974514431998
SPRY1,0.17918889064564714
FAM76A,0.17916529182810925
OBP2A,0.17914469044138193
CORO1C,0.1790055584637218
THBS3,0.17895503043167627
FERMT2,0.17889050714452304
SOX15,0.17886538226927462
CP,0.17884337639366887
GSTA3,0.17883843705764013
ARG1,0.17879279393219538
UCN,0.17844165692186553
LIF,0.17843908078989623
PBDC1,0.1783965537875929
AARS,0.17837977081267897
SMIM13,0.17835686846421805
ALS2CL,0.17823943204522796
SCGN,0.17823563825506356
NR1I2,0.17822398972593867
CMTM3,0.17820061075736243
NBL1,0.17812388659477352
NFAT5,0.17812136596812633
IFIT3,0.1780908752735827
MRVI1,0.17807044614561868
MANBA,0.17800167930299549
CD82,0.17793803048736756
RAI2,0.17785866116873789
HOXB9,0.17784526506415832
ATF3,0.17779867869805466
ARHGAP19,0.17777409821605195
ACAP1,0.177741836010385
KCTD20,0.17758705052223117
MYH9,0.17755874184129872
PPP1R32,0.17755467302359018
CARMN,0.1775256327978405
CYP1B1,0.17751773938141957
ETS2,0.1774045783693462
SLC37A3,0.17738486544901783
GZMM,0.1773328134470431
TSPAN14,0.1773278418922945
VGLL3,0.17731126234169364
SEL1L2,0.17724590506667104
CCR3,0.1771710848904383
PLPPR2,0.17714782914143606
ATP12A,0.17713855532647682
BCL2L11,0.177076365821204
IRF8,0.1770356711033595
PLXNA2,0.17702443040731897
TSPYL4,0.1769269895913913
DUSP18,0.1769230812218771
VMA21,0.17672576606378443
SH2D4A,0.1767243519247711
FGF20,0.17672403664257674
CCDC17,0.17667884481100343
TUFT1,0.17664705773540723
RALGAPA2,0.17659756708792773
HSBP1,0.17655394936593072
JAML,0.1763932296420595
LDHAL6A,0.17633190504761254
ITGB1BP2,0.17632221544795634
GLA,0.1762933634601378
ICAM2,0.17618144408509695
CA7,0.17616680322127848
GPC1,0.17613187927386698
ADH7,0.17613002337704353
RTN4RL1,0.17612516675159923
WASF3,0.1760649464077727
KLRF1,0.17602882416313081
SLC7A6,0.17599728797195974
DPYSL3,0.17595706774229758
TNN,0.17591980635630278
HEXB,0.17586554320186043
CAPS,0.1758624684483292
CSDC2,0.17584685055243926
RPL18,0.17584138477647082
UPK1B,0.17569560217537522
BMP2K,0.17567351202893633
CAV1,0.17562094203909684
GAD1,0.17550889135807468
ZEB1,0.1755015168268249
SLC35E2B,0.1754295697686441
FAM110A,0.1754051642310367
DDC,0.17539696906623214
AMPH,0.17522092426510882
PRSS12,0.1752079768632806
SNX20,0.1751528749840709
ZNF750,0.1748899231270209
TMEM59,0.17478283233766906
NUPR2,0.17475438539280597
HP1BP3,0.1746671967990885
GPC6,0.1745859833141677
LIME1,0.1745691212044313
IGFALS,0.17455545904860115
MIA2,0.1745169458413472
FGF17,0.17442681006705707
ACKR4,0.174383635605033
LAMA5,0.17436955359784978
PSMG2,0.17431196435564988
STEAP4,0.17425310353322132
TCTA,0.1742393812218771
NFKBIE,0.1742260863335029
GDPD5,0.17417526697112917
RAC2,0.17414107426575665
SGCG,0.1741174476280446
GGT7,0.1740743289636555
GCG,0.17403324473695458
CNPY2,0.1739577244222229
NNT-AS1,0.1739482682094669
EXOC6,0.1738670375680017
C9,0.17381414272674
ASB10,0.17363471797529728
ZBTB21,0.17361218693012267
SLCO2B1,0.17359588251438401
GATA4,0.17356903784229694
ACTR3B,0.17348828010988648
MAFB,0.17348507386504797
ZNF428,0.1734178295877099
KALRN,0.17340192051933245
SYNPO,0.17334946750207092
APOA1,0.1733395457290441
AQP1,0.1733093511806746
MT1F,0.1732823502810411
RAB31,0.1731132607039585
TNS2,0.1730952621609978
HIST3H2A,0.17302487504431008
FOXC2,0.17302249109869694
CCR8,0.17301064423705237
TRGC2,0.17300755183252708
IQSEC3,0.1729708961999913
RP11-65I12.1,0.1729659870696971
PARP12,0.17292524879831384
ABHD2,0.1729163418203255
ITGAD,0.17280762590426996
MYH15,0.17272297065222514
HEXA,0.17271801833330114
ESAM,0.17270613745725683
ANTXR2,0.17268910328906661
GHRL,0.1726042075666816
GIMAP5,0.1724983713490824
C19ORF52,0.17238682744423234
CYTH4,0.17228506290492246
SH2D3C,0.17219607772112344
TTN,0.17215375029888347
SLIT3,0.17209468982196274
TMEM181,0.17206603122187714
CPED1,0.17206521462218055
TPPP3,0.1720476575180284
LIMS1,0.17202359125761013
ITGA11,0.17199150242873873
C1QB,0.17198348961261212
RPL37A,0.1719547095850763
TXN2,0.17194296804663334
MYO15B,0.17191614467096983
GRN,0.1718478776322775
ANXA10,0.1718284952910606
AKAP12,0.17173505813298662
RGS5,0.1717234194689239
RASSF9,0.17161653397245957
FSCN2,0.1715638915288319
CLIC6,0.17152349002021638
RGL4,0.17148852724215619
AP4M1,0.17140207275901365
PXDN,0.1714004196432536
PARP14,0.1713192765957573
FHL3,0.17121673500803064
FGF16,0.1711202865289897
EPSTI1,0.1710921168688282
SUGCT,0.17103801796909812
GFPT2,0.17099816715982596
IYD,0.1709789817734081
NEU4,0.17093318584382555
GULP1,0.1709143510301544
FTL,0.17091003907714553
RAB27A,0.17075428995520148
KIAA2026,0.17073631850163684
RAP2B,0.17072279869097262
ATP1B2,0.17071570131392289
CCR10,0.17065771701528964
PNPLA6,0.17065140527524592
TMEM184B,0.170603322152297
TSSK6,0.17059654883708392
CD48,0.1705891709802324
CLN3,0.17056381439124835
ESPN,0.17054693455546366
GSTM3,0.17049534220023332
CTSB,0.17041922876211013
SNCAIP,0.17040205902128847
MAN1C1,0.17035106777069814
ST8SIA1,0.17033713947354412
GIMAP4,0.17032361303356136
DCT,0.17028811475117211
BAMBI,0.1702691726141189
SULT1C4,0.170222901355655
MT1HL1,0.17013933611425247
ATP6V1F,0.17009688864127992
SLC22A14,0.16995294666995375
UGT1A7,0.16984089694001436
SDC3,0.1697756868795547
CXORF21,0.1697558464625929
SHROOM3,0.16975041385183953
IL36G,0.1696680066124278
TMEM99,0.16965133504223803
CHST4,0.16964666731088657
BBOX1,0.1696350812050953
GYPB,0.16961466985649942
RHBDD3,0.16961242439776908
FLYWCH1,0.16959453176911843
GPSM3,0.16956644579266256
PAK3,0.1695533909212148
C18ORF8,0.1694909135131683
DPEP3,0.16943667251206124
TPT1,0.1693852050331015
SFRP2,0.16932687460050688
LMO7,0.16917102205483137
ZFP36L1,0.16910568847116147
MAPK13,0.16905651348180695
MYO7A,0.1690562172045762
NR4A2,0.16904892291778273
COL17A1,0.16898957892019306
NKX2-5,0.16897200058594364
GSTA5,0.1689450328830321
LINC01184,0.16885529715896858
CSRP3,0.1688084218562812
CCDC69,0.16879803950312372
ACRBP,0.16878429096038827
ARHGEF10,0.16869456880762607
GRIP1,0.16869372576393749
SREK1IP1,0.16866883184589676
SLC2A5,0.16848607914870806
IER5,0.16847771337874407
SAT2,0.16845533629479703
ATP6V1E1,0.1684488254467409
GPR153,0.16843516122187713
RENBP,0.16834655344356997
HMGA2,0.1682590790477808
C3ORF62,0.16823410993910776
GPHA2,0.16818452123881866
UBE2U,0.16816621705318235
SGCA,0.16809032215783626
PPBP,0.16804576075435151
PLIN5,0.1679818952742767
C9ORF69,0.16792868701401714
XPR1,0.1679189691560914
EPN3,0.16790362694197614
BTN3A3,0.16788868972122134
SEMA3A,0.16787665932870965
GNAL,0.16785204778282825
TMSB10,0.16784867687417643
CYP2A6,0.16782518437973715
PPIL4,0.16774161656437309
ADAMTS9,0.16764132332223491
FGD6,0.16761636682669245
PTMA,0.1675983950852361
CHST13,0.1675409137090127
AP1M2,0.16753403529554234
EGF,0.16749286426934862
DNASE1,0.16730858837658125
C2ORF88,0.16729237460071888
BORCS5,0.1672621988861802
CYP2A13,0.16721904832392842
GLS2,0.16719800246991257
F11R,0.16714254731099398
HBE1,0.1671133954679681
TUSC3,0.16710540997551449
EIF4A1,0.16702992478783762
YBX3,0.16699934660507587
PFKFB3,0.16695297648669916
EIF3D,0.16694675718055507
CMPK2,0.16686483347153258
EIF4E1B,0.16685472973762516
LGALS2,0.16664003734620814
TMA7,0.16658699897411278
SMPDL3A,0.16644305307691498
RUVBL1,0.1664282706631569
FCGR3B,0.16641609462878293
MRE11A,0.16640370877295774
ZNF740,0.1663193195296001
RTP4,0.16627928939430003
KRT222,0.16625237878633964
THAP5,0.16608770847047577
LRRC70,0.1660539248370857
SH3PXD2A,0.16598814879071078
DEPDC7,0.16596566694039155
THSD7A,0.1659192953602303
SUMF1,0.1659068149766838
TBC1D2,0.16579031716339437
ARSD,0.16577741069386037
TXNDC11,0.16572692893954738
ADGRL2,0.16572667528824725
GLB1,0.16571696140236902
PLA2G1B,0.1655740985855103
ATP6V0E2,0.1655320991931829
COX5B,0.16550836664954705
FUCA1,0.16548636983284704
SLC2A10,0.16545627997781104
SH3BGRL,0.16538762316525923
GPR37L1,0.1653154365929293
STX19,0.16528412409267013
CTH,0.16520108278348622
IL1RL2,0.16514206340146564
THEMIS,0.1650987080700005
CCL18,0.16508932322515069
FAM175B,0.1649772162770583
VWA8,0.16495121008665276
CD163,0.16492988565923072
FGD1,0.16484745899569792
ADCYAP1,0.1647333753445791
SOST,0.16471300549297518
TMTC3,0.1646872966892025
EFCAB2,0.1646724963680667
PIP5K1B,0.16455812946790793
PRODH,0.16439188609631084
STAP2,0.1643591848160431
ARHGAP10,0.16434121007477753
LY75,0.16426766118149227
PHB,0.16423059768020776
ATP1A4,0.16417431750837874
GPR160,0.1641454604568414
TRIM29,0.1641153677767001
PLEK2,0.16383637831568298
WWTR1,0.16383625627982812
DIAPH1,0.1638269021382207
SSR1,0.16375402187822463
BEND6,0.1637030129481854
TMEM132A,0.163702837281738
ARNTL,0.1636708675069798
EMC7,0.16362758637033348
ASAP3,0.16358160956887174
CNEP1R1,0.1635795743838111
STARD4,0.16355415247784932
SLC16A3,0.1635262392670831
CTD-2545M3.8,0.1634729570278998
LIMK2,0.16346214172583373
AMACR,0.1634140596064323
GPCPD1,0.16337638581043512
TP73,0.16335383750124566
IL36RN,0.16332409817576388
VWCE,0.1632932827938675
PGD,0.16321099105941395
GPR157,0.1631313500799758
DEDD2,0.16308802614030604
VSIG10,0.16303217721884677
MYC,0.1630316682327575
CCDC71,0.1629854517551202
DUSP5,0.16297937391399486
GPR78,0.16297333849552798
APOBEC1,0.1629620896789068
APOH,0.1629222488510026
TMX2,0.16288872363511997
ATP6AP2,0.16287160182770388
TM4SF5,0.16284310447720662
EFCC1,0.16283398324480874
EXOC3L4,0.1628209978627727
SERPINE2,0.16280752395405895
ANKRD45,0.16276955223737383
SGSM1,0.16273796986627542
LOXL3,0.1627158801885904
GLOD4,0.16270799106610234
GNAT2,0.16266043383741446
CNST,0.16262320716443324
U2AF1L5,0.16256555894172686
TNNT1,0.16249227879101447
SEC61B,0.16244317224457538
FLOT2,0.1623630928081956
SERPINB5,0.16235878342258797
NPC1,0.16233779488626865
SNX15,0.1622861802512462
DFNA5,0.16215391716826866
OGFR,0.16210033136101581
TMCC3,0.16205787753407744
GZMH,0.16192940019193447
CYP2F1,0.16190028473331852
CAPNS2,0.16179039449372407
NHSL1,0.1616961674043052
PDLIM2,0.1615966491745009
ALOX12,0.16158391237901992
CPA1,0.16153799891275056
BMF,0.16147724630708193
HOOK1,0.16146834965126844
SCGB3A1,0.16146782612547106
DNAJB13,0.1613195364605709
FHAD1,0.16126406095809942
FRAS1,0.16121707352536485
PYCR1,0.16120350608015666
CLCN1,0.16119441286097302
SNRK,0.16108544311626555
ENPP7,0.16100094365241258
FGF8,0.16098195931741077
WDR1,0.1607593602628321
IL16,0.16068824758089895
CLEC2D,0.1606637339218801
PMF1-BGLAP,0.16064094509064025
HSPB8,0.16058196553094828
FOXS1,0.16046503037976112
GALM,0.16035733800931884
IFIT5,0.1602907198576119
RP11-156K23.3,0.16028058122187713
DDX60L,0.16023844037942897
CLN6,0.1601707677568437
SAT1,0.16014613917823484
AMTN,0.1600474788412981
PRCP,0.15987487180897542
GAREM2,0.1597364317870809
PRL,0.15968379805516297
LMF2,0.15966330982208732
COMMD3,0.1596235769186254
POU5F1,0.1595114754912088
SPEF1,0.15946378442825504
EVI2A,0.15944644435542676
PTPN3,0.15927250669510074
RTN4RL2,0.15912510470126062
NRM,0.15907294888982815
SNHG18,0.15905785863887273
SPCS1,0.15903678893113726
MYF6,0.15899165151814965
TMEM164,0.15890704334293043
OSM,0.15878486938519532
APOBEC3D,0.1587845961329276
HIF3A,0.15875533294296318
M6PR,0.15875413099939928
MICALL2,0.158563632688963
GBP7,0.1585484301855523
VTN,0.1584973871533608
SLC25A39,0.15845661266900918
LCT,0.15840204853519002
HCST,0.15835803926588465
TNFRSF1B,0.1583067600829604
RAB3IL1,0.15829427430949006
SCN5A,0.15819287474078347
PILRB,0.15819077492688438
IL1R2,0.1581852321586864
EIF1,0.158147124589062
CEBPG,0.15811349661203322
NDUFC2-KCTD14,0.15811280210257606
GABARAPL1,0.15807016733568346
COX7C,0.1580371841499011
SDCCAG3,0.1578986191149075
ATP6AP1L,0.15784609704300756
PAK6,0.1578282178998328
HSPB2,0.15781688049169884
PABPN1L,0.1577234249102984
PLEKHG5,0.15768786107800026
CXCL16,0.15766563461430583
ACTL10,0.1576141251021923
S100A13,0.15756013162482652
CTRL,0.15749647122565347
MSRB2,0.1574551525458383
BCAN,0.1574125445754797
NUP214,0.1573621399615629
ANKRD11,0.15730453895551694
MT1E,0.15728670139035617
MATN3,0.15725799253550354
DAZL,0.15704713548882276
MMP24,0.15704361407229506
ZNF124,0.15699877004877943
AGAP2-AS1,0.15695454207352022
FABP2,0.15695384813213853
PRND,0.15693835247285148
CCDC93,0.15691688365833023
CAGE1,0.1568806276992405
UGT2B10,0.15685739743941307
KCNG2,0.15682859809571426
CCDC8,0.1568241513678308
MT1X,0.15679453431471002
IL4I1,0.15673227941666623
IL1F10,0.15671667411989043
ANXA1,0.15659221463523443
MEGF9,0.15658165342922575
SPIRE2,0.1565286122308684
FXYD1,0.15647590279189638
TSPAN7,0.156393104157192
PER2,0.15638982397145873
NCK1,0.15630616675781184
SPHK1,0.1563008808776628
HEYL,0.15628617612278206
HFE,0.15627998129063914
ANGPTL4,0.15614545513719602
ZNF710,0.15609231700348902
LRRC16A,0.15606722122187713
STX1A,0.15602833502433755
ADPGK,0.15588399864229352
P4HA1,0.1558153761935981
IFIT2,0.15572044240069083
RNASEH2B,0.15567072093319967
ESYT2,0.15565456663105837
MANSC1,0.15564973281316308
HSPA12B,0.15558482697755505
PCDH7,0.15557119361442345
SNX2,0.155531641754578
FAM69B,0.15542340409134903
ALDH16A1,0.15530466262630982
PFKL,0.15522109907093484
ADAM19,0.1552166550835417
RHOF,0.1552124037696207
CCR6,0.15510089068940014
KCNH8,0.1550879208461607
BMP4,0.15506781385778157
TLX1,0.1550644650825006
NDNF,0.1549751426878811
GCH1,0.15496617625543996
BID,0.1549320240975144
PLA2G2F,0.1549091876568316
TRAPPC3L,0.154855773792535
MARVELD1,0.1548405400622867
TMEM234,0.1546854637216024
MLEC,0.15463546577868315
RP11-295G20.2,0.1544982442298044
BTBD7,0.15448655534631311
SLC35A5,0.1544830980084667
MYBPH,0.15448167634625448
GLIS2,0.15432950941611923
DSP,0.15429653891150785
FGF7,0.15428829451768777
MYB,0.15427638044415515
SERP1,0.15426209200326851
PABPC4L,0.1542263063209932
RP11-473M20.9,0.15411145233189827
GGA2,0.15410324885804727
SAMHD1,0.1540026646420517
SEMA3D,0.15398102566317995
ETS1,0.15396844311269509
OAZ1,0.15390944889622743
CEACAM1,0.15390835221253346
CCDC30,0.1538355388558631
EIF2AK2,0.1537182537877133
SLIT2,0.15370981067797662
CD46,0.15369849952977022
COMMD10,0.15367150396341256
HAPLN4,0.15360702058458453
SORBS2,0.15357553509642563
AP5B1,0.15354362446796443
KB-1507C5.4,0.15353672287239134
TWF2,0.15352476058776743
RP11-284N8.3,0.15352036031043462
CXCR6,0.1535137387173955
COPZ2,0.1535092366124381
GATA6,0.15349961167038217
ST3GAL3,0.1534658059608665
RIN2,0.15346354746853574
TDO2,0.15340043216123445
KITLG,0.1533621664528373
ACTN3,0.15334456788382622
COL8A2,0.15328438430578828
XBP1,0.15321975844474378
APOBEC3A,0.15320569944938167
ACOX2,0.15316006133457294
RAP1B,0.15312940760434024
TCP11L1,0.15308581068564397
CAPN15,0.1530732666496793
BAG2,0.15296733515671568
CIDEC,0.1528715072365222
CDC42SE2,0.1528539565265266
HAND2,0.15285090297156867
TMED4,0.15282685239251437
SEMA6D,0.15281147543331958
IER2,0.15279895185956072
IGF2BP1,0.15275717755013274
AP2A2,0.15272602588355133
REEP2,0.15269684827282293
SGK223,0.15260728860676917
HOXA4,0.15259047917813157
MINA,0.15257957394194768
SLC25A24,0.15257567962804042
PRSS2,0.1525429277917585
ESYT1,0.15254288007361383
PDCD4,0.15252700647210804
ACSL4,0.15246772526106056
MRPL41,0.1524485340268691
ACOT2,0.15244136730380387
CD24,0.15237335430127064
MYO1B,0.15236613694456708
CBL,0.15230011928839937
PRDM16,0.15229129561330412
CCDC28A,0.15221233892651936
TNFSF15,0.1521530794590098
RP11-294J22.6,0.15206582067198404
EDC4,0.15200063146101794
SPN,0.1519564135829804
PTER,0.15186746904904164
NAAA,0.15165190501775455
TMOD3,0.15160591529118128
SLC11A2,0.15156614817671343
TMEM189-UBE2V1,0.15152091224048425
GUCY1B3,0.15151620176950809
HGFAC,0.15149486597509898
BST2,0.15144567814154475
FBXO34,0.1514403978440122
RPS14,0.15141657033970557
BLVRB,0.15141297868587567
RELB,0.15126870294125583
CEBPB,0.15115781084853475
CHMP7,0.151124767618809
EPGN,0.15107131786063382
SFT2D2,0.15105876923146416
NIPAL1,0.15105805585379695
NR2F2-AS1,0.15101796301719822
ZAN,0.15096285551684085
DTWD1,0.1509612405090035
COL9A3,0.15091807225695253
MGAT4D,0.15085818148604668
HOXB-AS3,0.15085449360797182
IGHA2,0.1508403513088718
TRIM65,0.15083074188403556
GSTO2,0.15081760757082496
DUSP9,0.1508034900778712
C4ORF33,0.1507691017875086
OSBPL8,0.15067560521385415
TMEM242,0.15064528417085943
IQGAP3,0.1505806106548332
CXCR5,0.15053279206950965
SPRN,0.1504208460831079
C1QBP,0.15035271627940916
NUDT17,0.15030340093662775
WFS1,0.1502370397232714
RGS8,0.15022506998269713
CERS3,0.1502130863625346
AHDC1,0.15013327344976446
GATA3,0.15009729936714356
SPINK1,0.1500858221303113
ERV3-1,0.15007537887035816
EEF1D,0.15004307852901966
ALDH3B2,0.15003444940551836
GSC,0.15002192887491506
SNTG2,0.14996083507018299
ANGPTL2,0.14987548948240215
CYP27C1,0.149798622965993
CAPZA1,0.1497858152657554
CTNND1,0.14965266334947835
ATP6V0A1,0.14963715284306645
ITIH1,0.14950888039752402
AC058791.1,0.14945303749325292
NCOA2,0.1494461204926204
DEF6,0.1494421425791338
IL23R,0.1493753087920685
SLC18B1,0.14936942931667618
PTPRG,0.1493655758726511
NPHS1,0.1492785933330425
NPPB,0.14925192836799073
TCN1,0.14924797445261462
ZNF395,0.14919298105625967
GP1BA,0.1491732639873059
IRF5,0.14911512364826884
OBP2B,0.14909333032208544
DGKK,0.1490892546661331
MROH6,0.1490372789462942
RANBP2,0.1490030676147619
SLC45A3,0.14897086410594795
ALDH1A3,0.1489527322276858
C1QA,0.148937151905552
FAS,0.1489272302891319
MYH3,0.1488657294458513
TOM1L1,0.14886096380104946
FMN2,0.14884935480870765
FLJ21408,0.14883544153070855
FGF13,0.14881134652202344
RRAGB,0.14870297902313878
CDC42EP3,0.14868971190349123
P2RY13,0.1485955805194069
CELF4,0.14859020170211812
CRISP3,0.14850409734256592
FOXO4,0.14846702045588023
HSPA9,0.14845746915813052
NFKBID,0.14841233750815497
INHBE,0.14840231691412786
RPPH1,0.14837509624516515
ERG,0.14824241153278983
ALLC,0.14822825412107438
HIPK4,0.1481872210081432
NCR1,0.14812024323828077
PLK2,0.14807161696062238
PCYOX1,0.14798795195944492
PTGFR,0.1479308357404433
S100A1,0.1479123616296234
LRG1,0.14790176299473068
CTSD,0.14788377178770462
MSX2,0.14777900863717686
SNTB2,0.14768775698541337
PLCG2,0.14752193625083376
AOC2,0.14752116648639657
RPS21,0.1475139837711248
LITAF,0.1473264212657694
DNTT,0.147261800062919
SAMD9,0.14719010963283852
MAN1B1,0.14716649599906095
GPIHBP1,0.14714321326983215
GJA4,0.14707895630576495
SNX6,0.14705923281678457
PTEN,0.14703898001342208
MIR497HG,0.146989148266377
HAS3,0.14693298026791352
NCK2,0.14692327641960923
UGT2B4,0.14681591541936556
KIAA0232,0.1467631570993853
KIAA1522,0.1467052466374682
SMIM7,0.1466845122629648
NT5C1A,0.14668356588892528
PLB1,0.14666970775776078
ENTHD1,0.1466587523046562
TSPAN3,0.14661714060684145
PHF7,0.14657687092561894
RGS4,0.14656824745453478
HRK,0.14648943714849594
BCL3,0.14646812737164816
RRAS2,0.14641433677001026
MAFF,0.14640518793390367
HN1L,0.14636109467576924
RASGRP2,0.14633591077107289
CDH2,0.14627082019609472
ASIC4,0.14617380915102457
TSHZ3,0.14615682687032594
TFPI2,0.1460522532613302
ZNF524,0.14596103776122327
MCOLN2,0.14594143962823836
QSOX2,0.1458888094563111
UBE2D1,0.14577278046819953
TAMM41,0.1457659240350696
DCC,0.1457130603550454
NLRP12,0.14567013166731957
SMARCD3,0.14564049675234114
ARRB2,0.14560932435666474
CFL2,0.14555007625629612
BDNF,0.14554377890478176
ICAM5,0.145517825790338
OSBPL5,0.1455159224581417
RP11-532F12.5,0.14532659137513285
SMAP1,0.1451943638565208
QTRTD1,0.145159851754705
BCO1,0.14514859729146645
GADL1,0.14513943115253813
CTTN,0.1451213183626613
MOSPD1,0.14501257262401862
PLSCR1,0.14501093340196325
PTBP3,0.14499520437633107
ADGRE5,0.14497863504660802
KCNRG,0.14493762070098304
RAPH1,0.14492656759794464
P3H2,0.14491309663638396
KB-1732A1.1,0.14490019238293492
MAP1LC3C,0.144878855298201
UNC5A,0.14487810942800372
SLC24A4,0.1448754438613683
PLA2G15,0.14481559346381612
NFE4,0.14481206188592044
RBFOX3,0.1446655851144263
EDN2,0.14458898175588808
AC109826.1,0.1445556062404884
PPP1R3C,0.14455049467846914
SMIM8,0.14447539094748346
GABARAP,0.14440391602577418
HEPN1,0.14431066887270944
ILK,0.1441678361562153
TGFBR2,0.1441526083454917
CRYZ,0.14411119332486821
LRRC23,0.14408896706038504
FBXO24,0.1440227516000575
COX4I1,0.14391348628097622
IL7R,0.14379361768985455
GPT,0.1437516960824765
B2M,0.14373439604872962
SETBP1,0.14364740586113212
ATP6V0E1,0.1435952265022824
GZMK,0.1435175152608651
ARHGEF16,0.1434379671569888
FGF10,0.14334186210668087
KCNG1,0.14324906597143694
CA8,0.14316302104051837
KCNS1,0.14296374401119705
AGFG2,0.14294157441064786
LRCH4,0.14293105806611273
SCUBE2,0.14289923326805354
ADD1,0.14286814249150226
GNPTAB,0.14282792433274888
SLC35G2,0.14281160243096064
EIF4A3,0.14272023470829776
CLC,0.14270314973055825
LASP1,0.14261652617602727
AGTRAP,0.142525961147975
FBXO10,0.14249944251857427
PRELID1,0.14239410363082722
SFXN1,0.14238769603323445
SOCS2,0.14237728065252475
CNTN3,0.14236053897018935
TUBAL3,0.1423261629543957
AWAT1,0.1422504791372472
SLC4A11,0.14224497804532937
NXNL1,0.14223957820787592
SERPIND1,0.1421976693031215
CPSF4L,0.14216705665961427
LGSN,0.14210467614934852
PLPP6,0.14206904962786926
KYNU,0.14206436110566623
SGPP2,0.14203805810080894
ARHGEF1,0.1420373937922379
RAVER2,0.14200745041064466
FAM83H,0.1419926347240374
ITGA9,0.14192674229195112
CALU,0.14189825809074852
SHROOM1,0.141860623804266
CXCL2,0.14184559566053734
AP1G2,0.14182476247672215
PIN4,0.1418103818113799
CNTFR,0.14181016564333182
IFITM2,0.14180243548596166
CHAD,0.14177612990273158
SKAP2,0.14171618804542507
CLEC12B,0.14157555766628388
GDF5,0.1415755069376604
SPTB,0.14154559138229716
TUBA4B,0.14154220401676354
HNRNPH1,0.14150954941600657
AKIRIN2,0.14148497766628287
PPP1R12B,0.14145592200743762
ENTPD3,0.14143380907462266
UBAC1,0.1414124572224459
ACOXL,0.14138788271345398
RPN1,0.14132763163723927
BAIAP2L1,0.14128623344441726
HCG11,0.14116807122187713
SPNS1,0.14116398267271857
AKIRIN1,0.1411331535490582
GRAP,0.14110926129328172
HP,0.14107182726889922
FAM111A,0.141058699108572
TXLNB,0.14104685479336976
TNFAIP3,0.14102768834165336
GGTLC3,0.14101777428966633
KIAA1429,0.14101385295115582
LGALS9C,0.14100523147744826
ALB,0.14096572987597578
ASGR2,0.14096419347310096
ZNF541,0.14096342413480994
AP1B1,0.14087807725319756
LNX1,0.14074916875511045
PLD4,0.14074223848626166
PITPNB,0.14058411335815651
NR5A2,0.14055676952544627
ITFG1,0.14046114811037763
GAS7,0.14038552228936974
PEAR1,0.1403452680730235
USPL1,0.14030988698508662
BTBD19,0.14026327670808172
RBPMS2,0.1401871336883368
GMIP,0.14018687456312173
SLC3A2,0.1401555820549748
PDXP,0.1400843886705766
SNX17,0.14008203855566437
AGGF1,0.14006846488919739
MAP3K3,0.14006496696103976
AKR1B10,0.14005177888930054
FURIN,0.14004149970493196
GPALPP1,0.14000879311430336
ACTBL2,0.1399893732518982
FTH1,0.13997605757478115
SLC38A7,0.13996808474864247
TPRA1,0.13991613127694552
TMEM168,0.13979550201917454
MARC2,0.13977292425502208
NAIP,0.1397655517445855
LYSMD3,0.13960955749259865
SURF1,0.13955809272316533
RP6-91H8.3,0.13955280695904565
PLS1,0.1395444087623975
CCDC74A,0.13953904987332882
GNAI1,0.13953161128618352
CMTM4,0.13946225711733906
NDUFAF6,0.13941372761178794
SERPINB1,0.13931325480742823
FREM1,0.13930258222323866
AZU1,0.13929177408832694
KIF26A,0.13926095197643817
RAB26,0.13915722021240218
PIK3C2G,0.13905322878384085
DBNL,0.13901485782240985
ATP7B,0.1390099726298505
MEF2B,0.13898529428952566
ENAH,0.13897748764331774
CD226,0.13895585203151917
PABPC5,0.13894635659167998
SST,0.1389434775879984
LPXN,0.13879561032416188
ARHGAP6,0.13871251871988188
RGS9BP,0.13870382487705285
RAI1,0.13863160283412096
GGA1,0.13861037913504326
NUMBL,0.13860152450448116
DCDC2,0.1385749054363659
ASTL,0.13846625037956373
AC079767.4,0.13842191551363364
COMMD9,0.1383802118670916
DAAM1,0.13835557716737024
HK2,0.13832121301729394
IRF7,0.13830095259785968
AICDA,0.13828768391983393
RGS18,0.13817765673822502
TBC1D3B,0.13810779586196498
SIRPA,0.13806679723700488
IER3IP1,0.13791731243020605
ACSBG2,0.1379046307560865
CHURC1,0.1379029806290829
ACBD3,0.13785982753795567
STAP1,0.13783981137725748
FMNL3,0.13782093974696907
RPS6KA4,0.13780486605111686
CCNL1,0.13779982666667778
LRRC42,0.13779427462049937
PLN,0.13773361479811508
MYO5B,0.1376806363467945
SYTL3,0.13767013349431256
ADAMTS17,0.137587265193364
VCP,0.13756911214059253
DENND3,0.1375654407605562
ADAM33,0.13752999680267763
FAM78A,0.13746404744759938
LELP1,0.13743689084111632
AGBL3,0.13742532205023683
SLC25A43,0.1374090395058823
POTEF,0.1373548821725794
CDC42EP4,0.13729406225508156
THBD,0.13722651194501767
CRYGC,0.1372230504430081
CRELD1,0.13718438556577506
LACTB,0.13718112692814544
MYCBPAP,0.13717323849369667
RP11-1391J7.1,0.13716141800632453
CLGN,0.13715696491872492
SRA1,0.13710156981197286
TMED9,0.13707925639014362
TBX21,0.13704073709629572
NLRC3,0.13703285318972935
SF3B1,0.13699667269596205
NHSL2,0.13697681942158563
EIF2AK3,0.13696908470507008
SLC9A3R2,0.13691827513852461
TMEM150A,0.13690898455887213
RGS7,0.13690297121548656
PSD,0.13688873413235558
CTB-178M22.2,0.13680834949990872
RGL2,0.1367591604845162
CMC1,0.13674209079155764
PRMT8,0.1367242663684432
RRNAD1,0.13671648763328634
AMOT,0.13648090504781873
VPS37D,0.13647083432008755
MGST1,0.13645025022972823
LRFN3,0.13634875860607298
AANAT,0.1362790929056038
RAB8A,0.1362771506858853
DIAPH2,0.136240433488247
TMEM9,0.13612285793387724
PREP,0.13606122348092686
IL18BP,0.13588178224493702
TMEM126B,0.13585531285306762
MYO1A,0.13584810406112813
TRAF3IP3,0.135785837385065
BIN2,0.13576687622308953
TRPV2,0.13575657156966192
SERBP1,0.13574929388618184
ITSN1,0.13574123933335414
RAP2C,0.13570726378251086
C8ORF58,0.13566712026126895
RARG,0.13548097419731708
CYP2D6,0.13542696760881778
SLC35D1,0.13540769500299688
ETHE1,0.13539037548471994
SLC8A3,0.13536033260541774
MYD88,0.13532256263900166
RP5-899E9.1,0.13528152031229757
IAPP,0.13521342957955274
F2RL1,0.1351965315211484
TXNDC12,0.13519427485963276
KIAA1671,0.13517464116276884
FCGR2A,0.1350748122057568
ACADL,0.13504400552006757
ITIH4,0.1350224202586513
EIF5,0.1349455567316793
CIDEB,0.13487607712400984
PCNP,0.13484797235220053
PCDH18,0.13484541686427118
EIF3G,0.13483357861863998
ITGA8,0.13482260010265434
PRKD2,0.13481511325466633
ADGRA2,0.13473994887585883
DNAJC3,0.13471412485835355
MEF2C,0.1346540035970457
CTAGE5,0.13460438599223806
LRRCC1,0.13460425915618718
MCU,0.13454552719284185
CD55,0.13435101675449312
MEX3A,0.13434031770570343
HPCA,0.13433846011127187
PITPNM3,0.1343190529649595
FAM84B,0.13426088662948665
MSX1,0.13425139295551003
DLC1,0.13421761330865944
GSDMD,0.13421148936895566
CDS1,0.1342062852979501
C21ORF33,0.13420214078479392
ZNF366,0.1341983437501823
C12ORF57,0.134188130069395
SLC16A7,0.1341568030380374
CNTF,0.13414699546331255
SERTAD1,0.13408719741925668
PNMT,0.13404648165441724
LINC01588,0.13399563985068685
DDOST,0.13393510016003307
KIAA1217,0.13392766520305188
ETV6,0.1339271268411074
ME2,0.13386913528732425
PML,0.13384433269324925
TSPAN17,0.13381990817800415
PRDM14,0.13373183246187115
UGT2B17,0.1337113170084746
DYNLRB2,0.1336710747731309
PITX1,0.13367030207654623
LINC00685,0.13362123540852183
TNS1,0.1336078291258857
UBD,0.1335872874540116
KLHL31,0.13358241933567194
DCK,0.1335746748532055
KCNK6,0.13351979072843023
SLC25A31,0.13351365549378502
RAP1GAP2,0.1334898972695151
TMEM97,0.13343377110771554
CSNK2A3,0.13341212943545433
COMMD4,0.1333487459377527
IGHV3-72,0.13331291733907952
ZFAND1,0.13329161985376647
GSG1L,0.133268963843729
NUDT8,0.13326005538964464
COMMD2,0.13323954376134461
TLN1,0.13321819569501647
HYAL4,0.13321726256859856
TSPAN33,0.13317130580973968
GSAP,0.13313015184808896
SLC25A25,0.13306653975956706
TRPC4,0.13296772181858563
CYCS,0.1329488716675037
CEBPA,0.13288733174999923
FLII,0.13286372299343296
MXD1,0.13281173413696756
OSBPL6,0.1327813465459471
PHOSPHO1,0.1327528918774501
ACTN4,0.13266699144654248
ST8SIA2,0.13263599420401911
SEPHS2,0.1325813941107733
TMEM30B,0.13255855006974726
CHURC1-FNTB,0.13252775417474993
MDFIC,0.13250444394842287
HECW2,0.13245051958182474
COX6C,0.13238219766370818
NCL,0.13231185368528653
AP5Z1,0.1322933480609606
PAX5,0.13226254540556015
SLC35G1,0.13225099180136818
RALB,0.13221831395874317
MRGPRX2,0.1321778348647673
EIF4E2,0.13213481911468683
CDH1,0.1321147626190704
NNAT,0.13208186677159395
CYP2C18,0.13200065445374587
OS9,0.13190376614419064
NPTN,0.13186567402051175
C15ORF40,0.13183510550959843
ANKRD37,0.13177074665704575
MC4R,0.13173428726122804
TFAP2C,0.13162435258449723
RNF24,0.13158614227035031
GJC1,0.1315388723528994
SATB1,0.1315362510857861
CHST1,0.13150855234304887
SNX12,0.13149882394621126
TRAF6,0.1314937942714911
ARHGEF5,0.13144929944670852
CNNM1,0.13128764556875833
MKRN1,0.1312418017963889
GNA13,0.13122232143445156
PREX2,0.13122220191203005
BCAP29,0.13120677839376138
DEFB1,0.1311743780332617
PARD3,0.13115885882875522
MYL6B,0.13114493717646059
TBL1Y,0.13108686209679532
IVNS1ABP,0.13105054001596694
NME1-NME2,0.13099181198366738
LMAN2,0.130962197562007
CES3,0.13093238514129857
EIF3E,0.13091637440816195
CEACAM4,0.1308736248612034
ST7,0.13086984793397907
BFAR,0.13082657594816105
CLIC5,0.13078243186211247
RAB13,0.13069627075051893
ADGRL3,0.13062091529457198
TCF25,0.1305193289481021
RNASEH2C,0.13050551176446012
TMED7-TICAM2,0.13050448546955806
NES,0.13049536514639004
CAPN8,0.1303933371424616
PLEKHH3,0.13038453200086617
ZMAT3,0.13035474899143223
ZDHHC11,0.1303182574681594
PCP2,0.13031030489932427
GRK5,0.13023893383380203
HIC1,0.13020464353253525
LSR,0.13017055637085884
DUSP12,0.13014940899763694
MRPL20,0.13014454584778834
RNMT,0.13012953665364602
CHMP3,0.13008967188345877
CACYBP,0.13004699599071812
SULT2B1,0.13004698574080353
TFAP2A,0.1300348494644702
CHPT1,0.1300344739455357
AREG,0.1300309946493866
IGSF5,0.12996803036054638
PANK2,0.12996533314906078
SERPINA1,0.12996334688051847
SPPL2B,0.12989565892669097
CKAP4,0.12988078828625682
HECA,0.12984576210441834
CEBPD,0.12983365266632263
LINC00467,0.1297717781171602
NEU1,0.1297313226436001
RAPGEF4,0.12962559015094954
TTC3,0.129605698969465
KRT1,0.12959400274192467
CRLF2,0.1295666519943447
STAT5A,0.12956500621888423
HSPA5,0.12955417477207853
XIRP1,0.1295160633564411
KLF7,0.12945436666393595
PET100,0.12937225582421535
LRRFIP1,0.12931606892941816
FGF9,0.1292761099560863
RP11-51J9.5,0.12927191331455995
CEP126,0.1292359554915981
TCEAL2,0.1292354822425723
SOX2,0.12922085727725618
IL17RD,0.12918729741438428
PPP1R12A,0.12918084494630822
ETV1,0.1291251306314718
LDB1,0.12910130423890287
DUS4L,0.1289948969200267
AIRE,0.12899464360447033
ABL2,0.12898481294907527
TRAF1,0.12894100514458495
PCTP,0.12892204931482032
PRAM1,0.12881056435848753
TRDC,0.12878031918151267
SLC26A5,0.1287588798715379
TDGF1,0.12866231492641111
ARL6IP5,0.12863636899122122
CT55,0.128625127615157
LRCH2,0.12862010354362974
RP2,0.12861509048525788
PI3,0.12852885980220297
CHST11,0.12851049251631902
MTFP1,0.12847955440971537
COX6B1,0.12844217952734294
VAV3,0.12837355563234676
PTGES3,0.12835736811917198
AFTPH,0.12832699405405934
COX6A1,0.12831622065900328
DTNBP1,0.128302076263914
TMEM247,0.12825888051492518
SLC19A3,0.12825810377201363
ATP6V0D1,0.1282379000961582
DUSP1,0.12822937789827638
SDHD,0.12810090235397054
UGDH,0.12809541435082572
CGNL1,0.12809077045025152
FNBP1L,0.1280738805850744
KLHL36,0.12800941460103915
DUSP2,0.12798552942136554
DDIT4L,0.1279850574990854
PSMF1,0.12790258623319917
CABP4,0.12783337772592795
PAEP,0.1278149087341739
DENND6B,0.12757843488917542
TRIM38,0.12755810267437034
AIFM2,0.12750289729130504
SFTPD,0.12745700995175313
RPL36AL,0.12739864738005124
VPS36,0.12738343587033774
CD68,0.12738203466967968
ENO4,0.12736071948036587
KIF1BP,0.12734216777715798
HSD17B1,0.12729879974852543
SPI1,0.1272303995945091
TSPYL1,0.12720836854670847
TMEM177,0.12717965612238186
PECAM1,0.12715036518469813
TP53I3,0.12714687663199153
SERPINB6,0.12701988537284542
TRMT1L,0.1270186313889015
AHSP,0.127007518550733
APOD,0.1269630778876225
ANKRD13D,0.12690028853581642
EIF3H,0.1268423839447923
SPTA1,0.12680804803861656
UGT1A6,0.12677758278735207
OLFM4,0.12676231945023453
ALDOB,0.1267244675046525
TBX5,0.12668151025581087
PARP15,0.12667607970264483
CORO1B,0.12665325752180828
CCRL2,0.12658621047575003
LPAR6,0.12650443895813535
KL,0.12650347659997363
MGAT4C,0.1264296923035263
UQCC2,0.12639037492929728
NPY,0.12634469104927504
ITGB7,0.1263377620206969
SSH1,0.12629489805837135
EDEM2,0.12624095808958247
UNC93B1,0.12621808818314972
DNAJB11,0.12621712596101087
SULT1E1,0.1262049181219853
KCNK5,0.12617568295799703
MPI,0.12617102928321033
RHOQ,0.12607055004482381
GNAI3,0.126051705473594
IFNL2,0.1260150973301597
PRH2,0.125913204673875
TNFAIP2,0.12588210844006031
SLC45A2,0.12581266805727498
FRMD6,0.12578999302598182
LRP5,0.12573096599281708
HINT2,0.12556955486665328
SNX14,0.12550138021598528
VGF,0.1254967745841843
TSPAN8,0.12546609278721055
ATL2,0.1254373395091824
LGALS8,0.1253177847911972
PKHD1,0.12531471765207491
TMEM65,0.1251769787558642
DYNLT3,0.1251681145935427
ABI2,0.12512834218145807
TMED1,0.1250804197163038
CPLX1,0.12504229175871084
PROCR,0.12501770223193143
FLNB,0.125016272708655
ITGA1,0.12493513569151449
C12ORF76,0.12487908122187713
GFAP,0.12479727670450969
C21ORF91,0.12468987050932157
TMEM52B,0.1246063943874619
SOGA1,0.12458166794987025
ATP6AP1,0.12458013444837657
CHST15,0.12456678708587537
DAB2,0.12455132203738273
MRPS18C,0.1245024625239578
C9ORF114,0.12445414117507769
PLXNC1,0.12440215845491093
RNASEK,0.12435939530971951
ZNF32,0.1243511528448018
GNAT1,0.12433504050075228
PRSS57,0.1243113903661584
IPCEF1,0.12422840333104357
KDELR1,0.12418044236071424
KLF3,0.12417513731945723
RAB11FIP5,0.12413712304082902
SEC63,0.12406822979708332
CALB2,0.12403286449281625
SLC30A2,0.12401047889842232
ENTPD2,0.1240073919735799
IL20RA,0.12398538933887915
MED14OS,0.12397762882464769
RNF135,0.12397246620721347
RIPK2,0.12390501049798364
MYO15A,0.12385738415243353
EHBP1,0.12385152981452963
TXNDC17,0.12382643231932328
NEFM,0.12381890158420383
TMEM38B,0.12375725730318377
TLX3,0.12373520875083244
SESN1,0.12370441937842913
ETV2,0.12357952466438304
LAT2,0.12354396067782314
IFI6,0.12353979373030377
ZNF721,0.12353326601468162
EIF3F,0.12346021908054161
PLEC,0.12342774547739999
ARC,0.12339251316523059
STARD8,0.12334205393747161
VPS26B,0.12332652974635905
CEACAM21,0.12317799599613266
MYL6,0.12316653090761176
CYBA,0.12312106443978965
PAX6,0.12305520361079425
F2RL2,0.12303702461522381
SPTBN2,0.12297387379797986
COLQ,0.12296413797488892
PRAME,0.12292077101021459
LRP8,0.12289055714310748
ZNF114,0.12283569157775875
TMC8,0.12278269060446056
SLC25A41,0.12274644204490337
GNPDA1,0.12271160986326968
PPP1R15B,0.12271098192335539
PLOD1,0.12257243908528503
RP11-61J19.5,0.12256490951777282
BLID,0.12252764202368155
EIF2S2,0.12247990512229057
CUL1,0.12244978832180542
ACOT4,0.12241666377158683
VGLL1,0.1222831875012807
TRIAP1,0.12225921518933935
CHMP2B,0.12225280210902267
SLC39A5,0.12215753762879111
CYTH1,0.12213908139043905
FBXL14,0.12212183929954251
UBASH3B,0.12211203390319258
FGD3,0.12190764582494218
SRSF3,0.12188750834622897
COMMD1,0.1218681035124286
GMDS,0.12175091611869848
PLCG1,0.12162667917369097
STAT6,0.12161280758632464
CAMSAP3,0.12160456355716026
XYLT1,0.12158351926454858
COA3,0.12156227731099623
SUMF2,0.12154971930593084
MYLIP,0.12154151396877189
CELF2,0.12153098927119976
HOXA2,0.12151295078706803
IL11,0.12150669911914735
LPO,0.12144619905330956
ACTR2,0.12139016762328059
FABP5,0.12137098220281806
VAMP5,0.12125401223745325
PIAS3,0.1212000773957298
LSP1,0.12119273347880066
SPTAN1,0.12117659290462146
RPL35,0.12116368634302999
VIPR1,0.12115433840539613
AGRN,0.12106829503232996
JMY,0.12105602678371918
ZNF506,0.12096432408227248
SGIP1,0.12095927267987527
BLCAP,0.12094375344784469
INSRR,0.12093857747857772
MB21D2,0.12090980702413909
SLC17A5,0.12089467628984063
C9ORF72,0.12088720747136816
TCP1,0.12086891164340519
FAM136A,0.12080858158834662
CDSN,0.12080229264861653
ASMT,0.1207409401594367
FCRL3,0.12065912813127116
RNF19B,0.12062958931898332
RORB,0.12061824078466798
RNF213,0.12060185462962802
SNX1,0.12059293598640597
TCTEX1D1,0.12057728788574351
PNLIPRP3,0.12057085150982316
FLI1,0.12051136983243227
DENND2A,0.12039223034407265
ZNF157,0.12036589436442469
C11ORF58,0.12029590033226994
APOBEC3H,0.12027387985807003
RNF128,0.12019439663256781
GPR35,0.12018615061929927
CARD8-AS1,0.12014257795177985
IRF2,0.12012272394581902
GMPR,0.12010797652585858
FOS,0.12010033232626105
PHEX,0.12008898647791455
PRSS56,0.11997114129772213
LGALSL,0.11996730927617294
CEL,0.11995985015327915
TAOK2,0.11981908971021049
ATF6,0.11970518527088414
FBXW10,0.11962985055694397
BORCS7,0.11960501302178028
ASGR1,0.11958532224104335
RIPPLY1,0.11957711513775493
NTF3,0.11956109769406864
SIX5,0.119553634183928
ENTPD8,0.11951322025013555
PLXNB2,0.11950889322040592
R3HDM4,0.11948711663447453
SCGB2A2,0.11948458638027365
RP11-489E7.4,0.11928524465364865
CCL4L2,0.119284146417451
LONRF1,0.11928005608326753
MAP2K3,0.11925257475815898
DDN,0.11920634830096732
RASGEF1A,0.11920505266975828
ACTL6B,0.11910114566867303
ENTPD3-AS1,0.11903362345784113
MICAL2,0.11888277935044073
PIFO,0.1188429549960035
CEP85L,0.11882455062781011
MAPKAPK3,0.11882371417974957
CD200R1,0.11882104006957983
PTPRE,0.11880383861920052
RNF14,0.11880261198075737
MIOS,0.11878239499221899
SDF4,0.11876091638337138
EIF5A,0.11858618778621399
SLA,0.11857573290983747
BANK1,0.11855316561941687
MIOX,0.11852697809497836
ACTN1,0.11848887920729534
HCG18,0.11845890112716745
IL31,0.11845077831814876
SEMA3F,0.1183393056689439
LINC00909,0.11833008814935486
CRH,0.118300261799833
HNMT,0.11826490347458851
CCL3,0.11824520751371881
CNKSR1,0.11824344162263167
PHLDA2,0.11818923661476244
OPN3,0.11816685848894237
IRAK3,0.11812966529673152
MYOZ3,0.11790854344000257
ADHFE1,0.11788705773877817
RNF214,0.11787396304905748
TGIF2,0.1178410728431129
HELZ2,0.11778375294572596
TIMP2,0.11776013933202112
REEP1,0.11775766340018368
CBR3,0.11773675309007137
SCYL2,0.11773326181982274
TIMP1,0.11772290788562423
RHOA,0.11772026297245342
DRD4,0.11767575069527059
HPS3,0.11759752368216947
ZNF583,0.11757288122187712
APOBEC3C,0.1175365548520364
TEX264,0.11744247269262792
PON3,0.11735339512899662
IL12RB1,0.11732694315471992
FOSL1,0.1173186581750113
PSMD5,0.11731017478901029
YOD1,0.11730278190881571
FCRL1,0.11728388986614108
TBX3,0.11728169587633452
TIPARP,0.11726226113154548
ARHGAP31,0.11722707684553912
CHST12,0.11720736244121854
COX14,0.11720553441680703
ARHGAP27,0.11720247796972322
BCL2L14,0.11716174609855357
CARD10,0.11706539037419306
CYP3A7,0.11701170508415726
TBK1,0.11692173808603712
DYNLT1,0.11691870021975515
ARHGAP12,0.11685668327182075
ARMCX3,0.11680479294478979
MS4A14,0.11679728401932979
GALNS,0.11678066307603618
SYNGR2,0.11677785904594395
LPP,0.11675230778006085
UPB1,0.11672064336390264
ANKK1,0.11668039257076268
NPAS1,0.11664934838705654
RASGRP1,0.11662279659748531
CTC-524C5.2,0.11660909607761111
UGT2B7,0.11658258802783872
IRF2BPL,0.11650526844748199
COL22A1,0.11650017200108281
TMED3,0.11649772896338118
UBASH3A,0.11648826399690049
PLXNA1,0.11645327081428147
PPA2,0.11636992101880816
CYP26C1,0.11633786802184964
TRIM5,0.1163149547717176
PGM5,0.11630833219335779
CTD-3193K9.4,0.1162530356827452
RGS1,0.11624112958918509
RP11-352M15.2,0.11618161215897227
PDLIM4,0.11615377069465027
PRMT2,0.11613539550175367
BTBD10,0.11613129333427424
MMAA,0.11611394407444448
CNKSR2,0.1160571134057305
EPB41,0.11601503057440232
PAG1,0.11600319240876378
ARL2BP,0.11592216298240005
CHCHD2,0.11589320835048889
CCL24,0.11579937124062911
EIF4EBP1,0.11577833003410687
BMPER,0.11577204994650059
NSA2,0.11576512646810144
MUT,0.11575647832050409
MBD3L1,0.11575136900315341
CYP2A7,0.11574298782069026
SMYD3,0.11573353763041794
WBP2NL,0.11571101818583784
HNRNPD,0.115663777373476
HAO1,0.11564994256327576
EIF3L,0.115575239274892
BACE2,0.11551418735390101
COX7B,0.11544448696267129
DNMT3B,0.11542149195752494
AC009948.5,0.11536887276327387
IFI35,0.11535258848544894
ESRRB,0.11534238949470343
PRDX3,0.11533325339264211
LIFR,0.11532404806121099
SHKBP1,0.1152828224057511
DTX1,0.11526472056576464
FERMT3,0.1152417513618248
GSTT2B,0.11521090366498377
CNN2,0.11515758836229956
BTN3A2,0.1151284017467718
FDX1,0.11507343301749606
H6PD,0.11504477789577616
DLX5,0.11502805853480769
EIF3M,0.11496950357582736
LPAR5,0.11495974755191818
PTP4A3,0.11493074018888483
IL3,0.11492683492861067
PRMT9,0.11487819513800923
PLA2G4E,0.11487438329991428
TUFM,0.11486028781437518
LTBP3,0.11485600056564471
SMIM24,0.11480835912222687
FREM2,0.11479779152642378
BTC,0.11478360285644518
PDIA4,0.11472047899441751
CDO1,0.11467010939764177
KBTBD2,0.11464814953608915
RSL24D1,0.11464695399775193
EIF2S3,0.11464086508884908
STEAP3,0.11457381098480857
DPH1,0.1145396066190269
S100A10,0.11449369705780676
PLA2G4D,0.11445261820094055
CRABP2,0.11434472699684695
JUP,0.11434192778456431
AGXT,0.11430098570275826
CYP26A1,0.11429264549877294
MACC1,0.11428295593822535
IGKV2D-29,0.11425379336033659
PWWP2B,0.11421655815190818
SLC52A1,0.1141733848335082
EIF4B,0.1141654744362528
ADAMTS4,0.1141343538615116
MAGIX,0.11412802175228298
GFPT1,0.11412707245455056
PABPC1L,0.11410148033572087
DERL2,0.11401010233478592
UBE2N,0.11396420657108597
HMGN1,0.11395400757543439
SLC5A12,0.11394307171445761
RASSF5,0.11384101268548519
PHYKPL,0.11382668456719275
ZNF33A,0.11369963124595173
TMEM219,0.11369939135725182
NANS,0.11366389845293912
CPE,0.11364703233520446
TECTB,0.11363241993216061
ARHGAP44,0.11363208396644087
NFE2,0.11361804318472124
SLC5A3,0.11361228875822099
UCP1,0.1135982772354791
HIGD1A,0.11359460918886083
GLI1,0.11358097595001704
STAR,0.11344618889778246
ANO6,0.11337339493017573
DMPK,0.11337005669427913
TMCO6,0.11331824241925936
SFXN5,0.11331364632635205
COX8C,0.11324090155431499
ABCG4,0.11321795616585217
IRF9,0.11318572440700192
KRTCAP2,0.11315023435069849
ALDOC,0.11314895887081311
UGT2B28,0.11314569175750222
SYT7,0.11308849017834555
HSPD1,0.11307262889223568
SELO,0.11305255539461248
SECISBP2L,0.11303254457046613
USP15,0.11301807289467014
UBA7,0.11299075123672786
RUNX1,0.11298737848564178
PPP1CC,0.11298016615010387
SCEL,0.11292110758421664
SALL4,0.11284458533621433
MICB,0.1128337990619318
TIMMDC1,0.11275757366130912
ERCC6L2,0.11275357940796771
ATP1A3,0.11274058852258084
NCOR1,0.1127202903752259
MAN2B2,0.11268925268759711
UFSP1,0.11268372094214679
PLA2G4B,0.11267536209969853
TRIB3,0.11265034386602912
LAMP5,0.11261632992048423
USF3,0.11258888345509444
RHO,0.11255648669712393
BTBD3,0.11255360948699009
GDF10,0.11254965032344999
BST1,0.11254884747284877
TMPRSS4,0.1124942663985764
ITGA3,0.11248882826327344
EBI3,0.11248554817807938
DLGAP1-AS1,0.11247168745932054
CD69,0.11244034040757145
SLC6A11,0.11236211950428038
ARHGAP26,0.11234741469182524
SRP9,0.11224011372618836
HIGD2A,0.112220360600704
HNRNPM,0.11220703796713627
CPLX4,0.112149349633765
GZF1,0.11202963044532216
SPARC,0.1119792025894828
TMED2,0.11197588358290167
SPIC,0.11191484301287141
PYDC1,0.11189797564560211
GABPB2,0.11183901523462392
PIK3AP1,0.11181102621989225
TNFRSF13B,0.11174321713959534
RAB3A,0.11169396053028191
SIGLEC6,0.11168394359756878
HLX,0.11158511414325961
SPG21,0.11157308231085883
PSAP,0.11152943090103928
NEK6,0.11152274036449938
GRHL3,0.11151907050129573
BSCL2,0.11149374940024714
DLG4,0.11145343068846414
HOXB-AS1,0.11142351936496295
TSC22D3,0.11140683444930632
SERPINA6,0.11134247581260287
EFNB3,0.11131377440208645
IL37,0.1112467163841433
NCOA3,0.11122986475299335
ZC3H12A,0.11122976238694027
BAK1,0.11118758348484503
BOLA2,0.11118053603952832
GGT2,0.11117285095031959
SLC30A4,0.11111078386592221
SFTPB,0.11105640649193138
ETNK2,0.11104487094809073
TCEAL3,0.11103614430723602
IL20RB,0.11101235832864609
METTL13,0.11100700239295336
SLC2A3,0.11097219951281168
UMAD1,0.11094768122187712
PTPN1,0.11093340633911075
ACSL6,0.11080726335307312
TNRC18,0.11077934134678874
TOX3,0.110682909311273
OSBPL7,0.11067691990333706
DIRAS1,0.1104898587383134
RIN1,0.11047313593147212
RGS6,0.11046906133996603
MEP1A,0.11043984400469437
NEK1,0.1104352224087603
SPRR2A,0.11039413025719569
CSGALNACT1,0.11037736628981065
SRY,0.11030504742904468
PWP2,0.11027971599232966
DLK1,0.11020536470161191
PHKA1,0.11020013773618642
PLEK,0.11019255006893758
OCA2,0.11019067406576488
NEGR1,0.11015847707828735
PIP,0.11011264252117392
NIPAL2,0.11005036963610887
FBXO8,0.10995204005554193
PLXND1,0.10989038199345535
ZBTB18,0.10987702017408701
YWHAQ,0.10987529529337337
CTRB2,0.10986894577273976
DZIP1,0.10967668441722789
LGALS9,0.10962819476632757
TNMD,0.10952056634497254
AJAP1,0.10946856611963995
EDEM1,0.10941155521019164
GBP2,0.10937868338440604
SPRY4,0.10934992128396759
MYRIP,0.10934847707750522
IL12RB2,0.1093084197092411
RABGGTA,0.10929065634846713
RGS17,0.1092273900303451
ROBO1,0.10916532039720483
EDN3,0.10916157294856232
FAM220A,0.10904029824033801
SLC39A2,0.10903209036137373
CDC42SE1,0.10902180841798642
HMGN3,0.10898588914457064
AC004951.6,0.10898416922850829
RHOC,0.10896946383598705
IFNL1,0.10896898057156179
SYPL1,0.10895847245910484
SS18L2,0.1087952294558549
SLC16A1,0.10877204251603911
KCNB2,0.10875519554883051
ZNF7,0.108656583190237
AC253572.1,0.10853149942710047
MRPL33,0.10848273858851809
GSDMA,0.10844526864442305
BMP7,0.10843899525256173
ELAVL2,0.10840780882959966
PPP1CB,0.10839595970069538
PI15,0.10831502612173383
FANCC,0.10822004327383095
ZNF641,0.10820047773624966
MPP1,0.10818273267158862
SEC11A,0.10809710988855548
RBFOX2,0.10808926779701944
PRMT1,0.10804462953075122
SDHB,0.10798686330062479
C4ORF19,0.10796999105808486
NUMB,0.107965622273264
CMBL,0.10794316690687095
FAM13A,0.1078710254300998
ST8SIA4,0.10786067829063833
IKZF1,0.10783180378251223
FAM110B,0.10782876237010391
STUB1,0.10774934694208504
RPIA,0.10772171002933939
SARM1,0.10771513409230238
C20ORF96,0.10768405315749047
CHIC1,0.10759559475674202
PKD2,0.10742827626495055
CCDC74B,0.10740234681907546
PPP1CA,0.10730626675679455
ZBTB8A,0.10728882290567565
LAMP1,0.10725172654168191
GRB7,0.10714717414703923
APOE,0.10707811349184593
SOX9,0.10707304244534721
SLC9A4,0.10707133212097497
FGFBP1,0.10705975195379203
SLCO1B1,0.10695621396501598
ABCC4,0.1069311018127258
ARL8B,0.10692343414177585
BRK1,0.10688772446914696
BCAS4,0.1068764823382986
ANKRD50,0.1068748939702096
CELF1,0.10685903742954439
BTF3,0.10683877265734398
GGT1,0.10667821460312965
KNOP1,0.10658255067699363
AMPD1,0.10656277206011311
FBXO17,0.1065627640663358
RWDD3,0.10646626590480657
THAP2,0.10645763283133447
RPS10,0.10645528497384138
ATOX1,0.10644082231453178
SLC25A11,0.10643140685694946
SHC3,0.10634490766194826
FCGBP,0.10632608125603293
TANGO6,0.1063158464510065
ALDH1A1,0.10631463667729679
BLACAT1,0.10614548164780307
KCNJ6,0.10612727324901916
SOCS1,0.10604833863816332
C2CD4B,0.1060055994641686
CNOT6L,0.10598350730933481
MARVELD2,0.10582566547801386
POMP,0.10579978578291127
BCL11B,0.10577578813922595
ASCL4,0.1057589220374025
BLNK,0.10574831481729075
MSANTD3,0.10569829478577475
CCT8,0.10565555292457496
TINAG,0.10563066571259777
SYT1,0.10557578352653685
CD79A,0.10556974206180458
PLLP,0.10556956724866146
KSR2,0.1054935097138266
ZBP1,0.10544588670002408
CAPZA2,0.10536126498802478
LIPE-AS1,0.10535607299203786
GFI1B,0.10533217546670015
SFN,0.10530110967625506
GPLD1,0.1052509937511183
CAPN2,0.10520755141540172
AGRP,0.1051616171316645
KCNN3,0.10515839701636764
EBF1,0.1050811917308474
SNX9,0.10507740190537274
CYP27B1,0.10507285590520732
NANOG,0.10506861848152282
KCTD15,0.10500004738732682
CSTB,0.10494097720802498
OPHN1,0.10491765510342932
PGAM1,0.1049034089104377
SULT1A3,0.10488233197320218
VPS29,0.10481961107806415
YJEFN3,0.1047415222551411
PGC,0.10473619200268769
SNX8,0.10469743973980905
ZNF296,0.10468327891331186
DVL1,0.10466734005179457
PPP1R14B,0.1046112677522999
FGFBP2,0.10460401385130941
SLC35E1,0.10460307175872868
INHBB,0.10450363208314117
GNG13,0.10448752081795953
GYPC,0.10447187952260228
CAP1,0.10446066416169575
ALG6,0.10439095780543961
TFAP2B,0.10437535186749147
SMARCA2,0.10437343363556906
SDF2L1,0.10434033979520607
SLC25A10,0.10428565976755921
EFCAB6,0.10426951784358462
SPTBN4,0.10425034399008004
JMJD1C,0.10422234838564104
GSS,0.10416223202469521
GPR173,0.1041277308626582
CRISPLD1,0.10408836239793423
BLVRA,0.10408158312504046
CRISP2,0.10405725664291521
HCRTR1,0.10404440467457121
CFL1,0.10396608372980065
SSR4,0.10391515157781828
SAG,0.10389664214004046
TBC1D5,0.10389229223344498
NAB1,0.10382237902553865
TBC1D16,0.10374965364209404
ARHGEF28,0.10371836390330769
PDCD2,0.10368688480614707
VAPA,0.10366803103988609
NR1D1,0.10358533956448368
EIF1AX,0.10356109797377955
PLCXD1,0.10351608733167017
GRAMD1B,0.10351058226660004
H2AFY2,0.10350078091569578
GSN,0.10347108226813961
CNTNAP1,0.10335135412147023
CBLB,0.10333471459746224
C2CD2,0.10325711531779758
MPPED1,0.10325569979992533
PABPC4,0.10322485594529263
S100B,0.10314620165811328
IL24,0.1031160537909791
SLX1B,0.10309233444523802
P2RY11,0.10308939863732525
USP50,0.1030705619018365
TEX28,0.10305619131638072
NME8,0.10300136710570751
HGSNAT,0.10294632466480236
PRPSAP1,0.10288917925831159
KLF9,0.10275910111337005
TOMM22,0.10273223105646878
CEP95,0.10271072464594516
ZNF316,0.10266106935355224
MGST2,0.10265923823360368
PHLDB2,0.10265061321083507
APAF1,0.10260572391757006
MRPL23,0.10252296013163054
PNLDC1,0.10244691279748508
EFR3A,0.10238508048152822
ZNF23,0.10238191353813425
TACC2,0.10226054154181263
ITSN2,0.10224429326194884
GLI2,0.102155776580233
CDK5R1,0.10211686426620448
TUSC2,0.10201705936219724
FEZ2,0.10200341248265343
LNX2,0.10197431617332176
SMPD3,0.10195649743645674
EPS8,0.10195258555788467
RMDN3,0.10192610175431893
GRAMD4,0.10191062320776997
ATP2C2,0.10190957496347375
OXCT2,0.10189591259167974
ACOT12,0.10189431391853665
EIF3A,0.10187825605225842
LETMD1,0.10185929696054785
ATP6V0C,0.10185529396583959
CHMP4B,0.10182305750065157
GDPD1,0.10164937529528995
LMAN1,0.1016092958546686
MAGEC1,0.10160754822916074
PCSK7,0.10160113249699337
KRTCAP3,0.10158030776694016
TBX4,0.10155350651902006
RAP1GAP,0.10151951471539311
RSL1D1,0.10147455391984794
NR2F1,0.10144313797712279
SLAMF1,0.10140359308304037
HBQ1,0.10138197259042742
TTC7A,0.10134924282337843
RP5-1085F17.3,0.1013197486665117
TMEM192,0.10127226461508054
EIF2A,0.10126674703350985
SNHG19,0.10126516222250084
ERGIC1,0.10123248233066029
DOCK2,0.10117354079110208
TXK,0.10117268948148295
LINC01116,0.10112691074672697
MESP2,0.10112137656034015
SYNJ2BP,0.10107391098327717
RYR2,0.10104111387146497
RP11-182L21.6,0.10102426089004479
SOD2,0.10101599698933295
PPFIA4,0.1010028888688187
COL21A1,0.10099477892021425
PPFIBP1,0.10095647574239786
CLTC,0.10095112203066237
YWHAH,0.10094967283541056
DSG2,0.10092681892870548
G3BP1,0.10086953174891011
ATOH8,0.10086538742833445
ELAVL4,0.10082210522321416
ARL6IP1,0.1008142464572509
CASS4,0.10080227028545863
EVPL,0.10074878642170515
ZNF25,0.10072906026766762
LMTK2,0.10072755322924287
TRAF2,0.10071161233142845
NAGLU,0.1007054038158669
RMDN2,0.10070116163436116
SLC1A1,0.10064593758119489
NAGK,0.10060153862633048
CBLC,0.10058669357813488
GPR183,0.10055444140630654
AAGAB,0.10054754446727782
LIMK1,0.10048728695120113
BCL10,0.10047050907287636
FADS6,0.10043393199105588
RASSF6,0.10038749919811485
MAFG,0.1003077195455937
LYPD3,0.10026878560383568
TSGA10IP,0.10021599595432418
PYHIN1,0.1001881287079806
CHCHD6,0.10011880262431383
MAP4K2,0.10004325772921996
UBTD1,0.10001957745246876
PAQR3,0.09998317692862002
TMEM14C,0.09998033253963223
RP11-468E2.4,0.09992878239904054
DSTN,0.0998834506458568
NPR2,0.09988250653655795
GANAB,0.09986509596411741
RND1,0.099824335162637
MICA,0.09981298440234077
ZCCHC9,0.09972680179913679
RBM18,0.09972502636093383
ACSS3,0.09967127379925367
TCN2,0.09966854604251696
MMEL1,0.09965346211448978
RP11-212I21.2,0.09962527775516583
FAM3B,0.09956044478461029
CLEC18B,0.09953802116478083
INHA,0.09953684639073374
CGN,0.09945458501312221
SNRPD1,0.09944169524406576
P2RY14,0.09930065310705427
DYNC2H1,0.0991909797982895
SSR2,0.09915627161669194
STK40,0.09914870410752252
GNGT1,0.09910944456550574
GBA,0.09908264806393341
ITGA10,0.09907047461107477
IGKV2D-28,0.09905999866813808
DKK3,0.09904263625581722
TRIM50,0.09903920315324899
FUT7,0.09901641166850772
SEMA6B,0.09901492290059372
DNAJB1,0.0989654690884696
EFNA5,0.09895576164905084
ARHGAP20,0.0989282377455995
TRIM62,0.09888679012075341
CLEC2B,0.09888019146519134
RPL22L1,0.09887561500408537
TMEM126A,0.09884828659349437
LMX1B,0.09883886962847899
MIF4GD,0.09883265248977235
APOBEC3B,0.0987971532137295
CYP2E1,0.0987913225521635
WASL,0.09874404083215416
FGF19,0.09870490876417382
CAPN10,0.0986984220165597
MAGEH1,0.09865986570389029
RFX3,0.09858477512714336
LIMA1,0.09858357328929868
RGL3,0.09853995745284666
KMO,0.09852885400745959
EXT1,0.09849947013469473
SASH1,0.09846124910670062
ADGRB1,0.09845789009086114
DPP7,0.09844260220933354
RLF,0.0984255965070962
TJP1,0.09835731407388548
TAOK3,0.09834232415743721
ZNF511,0.09829215609545339
DHRS7B,0.09826950164248732
EIF1B,0.09820813105945214
CAMK4,0.09820378219218895
ZNF780A,0.0982027275285842
MN1,0.09818397004117091
TTC9C,0.09816971296921839
SDS,0.09813194572591699
PHYHIP,0.0980975094974969
TNFRSF19,0.09808715964690173
EI24,0.09807349368995039
GXYLT2,0.09797134736892715
SNX3,0.09794762287770176
ALDH18A1,0.09792225165436086
UBE2E2,0.09784805449113698
PERM1,0.09784572993173035
STAT5B,0.09779013575654905
SEMA6C,0.09776122406189353
ARPIN,0.09773939464813197
PPM1E,0.09766417479193035
ZDHHC1,0.09763539742741012
WIPF2,0.09761905349388345
LIN28B,0.09758723421273774
INAFM2,0.09756697122314828
RUNDC3B,0.09755601327473096
GYS1,0.09752799208174512
COMMD5,0.09745986747511093
SLC26A11,0.09745669354442471
CSPG5,0.0974549737324995
SLC31A2,0.09743097256267386
NRARP,0.09743090096295348
S100A2,0.09739883698508667
MYLK,0.09736393065044902
TXNRD3,0.0973638342720079
AP2B1,0.09735839275225733
CDKN1A,0.09730568104730397
KCNK15,0.09728742911911759
NMT2,0.09727502805824251
MEI4,0.09723145194842026
SNX25,0.09721376330727871
FAM179B,0.09717025580478261
CCDC91,0.09710630986542651
CCPG1,0.09710223316727573
DUSP10,0.0970610039708577
ATP6V0B,0.09703814097632768
RILPL2,0.09703196334643122
DOCK11,0.09701295623248435
C3ORF33,0.09693257356291646
ACKR2,0.09692498830354002
EXT2,0.09691956098005883
RFK,0.0968962077887523
KDM8,0.09689093942580407
ARAP1,0.09688791988940954
SHANK3,0.09685304123800131
GSTM4,0.09685164612208863
TCF12,0.09684802328611763
DPYS,0.09683738215354953
FBXL16,0.09683680125651667
GNA14,0.09683460987965598
PYCARD,0.09682714863870623
CAPNS1,0.09680140267028836
IKBIP,0.09674920692221223
HABP2,0.0967368610517978
HAP1,0.09671915256392938
PPID,0.0966607728183344
OTUD6B,0.09636944867669822
FOXR1,0.09634039366134961
TMPRSS11E,0.09633947014271838
SH2B3,0.09628282317791059
TOMM34,0.0960084625990616
UBB,0.096006282196622
GNB3,0.0958512461834482
UCP3,0.09581101904779477
YWHAE,0.09580561494316242
PPP1R9B,0.0957583209326015
SNRPE,0.09574324476029583
PRDX2,0.09572456041746835
NCR3LG1,0.09564152009007787
RGS10,0.0956281962630412
TRAF7,0.0955966922992641
KLF6,0.09554938727194529
DNMBP,0.09547396285066301
UGT2B11,0.09541177591710814
BNIP2,0.09538912646157055
PRDX1,0.09537986674287446
S100P,0.09537729996658723
VENTX,0.09534247500389204
NXF3,0.09529661688658786
MAGED4,0.09522355839622715
IL26,0.09521871664907045
MMP28,0.09521717110903793
TCEAL1,0.09515005288756673
DCX,0.09514325458238937
FOXH1,0.09510833018842274
PLCZ1,0.09508118351622685
SERPINA5,0.09506186166969399
PDIA6,0.09503750985051751
GLUL,0.09501350216000082
FOXQ1,0.09499261981522433
STON1-GTF2A1L,0.09493600232328436
CEP112,0.09492610610597205
TNS3,0.09491426578984874
NUP62,0.09488683663696262
ARSB,0.09486693218119313
ASAH2,0.09484818714191268
HAS1,0.09484426985573313
RUNX3,0.09479112342702889
COL9A2,0.09472705497895006
SIGLEC9,0.09471649523427916
IRS2,0.09471043882131891
GPRIN1,0.09465642126028811
BMP2,0.09456042505617968
MORC4,0.09454789814908093
ARAP2,0.0945149840425234
G6PD,0.09451110947404373
ATP6V1G1,0.09444554265734928
ETV5,0.09442657150330735
PRRG2,0.0944074114213228
SLC46A1,0.09440189721834003
ARHGEF25,0.09438093066827574
PRKAG3,0.09434924168385561
CYP7B1,0.0943482023822394
AC092580.4,0.09421308327958583
TRIM25,0.09414501752599158
NOD1,0.09399773652742494
SLC15A4,0.09388854551294584
TRG-AS1,0.09383943910932452
EPS15,0.09381346243891964
SORL1,0.0937992871942619
NGLY1,0.09375586603486041
MOCS3,0.093717937188313
ZNF177,0.09363808825900655
CYP2S1,0.09352829771756177
ABCG5,0.09349393905699088
DUOXA1,0.09343172779688158
ACKR3,0.09342285139053907
DUSP8,0.09339189634367917
IRAK4,0.09335264381287789
RNH1,0.09334502642599096
IGHV1-3,0.09322972438952881
CYB5D2,0.09320712563248945
CSAG1,0.09318893153158037
CLTCL1,0.09317021114215818
NMT1,0.09314638238037282
ZCCHC3,0.09313678956816246
USP36,0.0930965407500991
RGPD3,0.09306873463442095
SNRPD3,0.09306289162595938
ID2,0.09304719561463692
GALE,0.09296063224417017
ARSA,0.09289409041260144
SFXN4,0.09283693771508389
ZNF768,0.0928286328597146
HNRNPA1L2,0.09276763543545347
IREB2,0.09271815808528105
STAT1,0.09261991592837393
HLA-C,0.09257691341636298
EZR,0.0925151075058378
DCAF4L1,0.09247205181798224
SPHKAP,0.09246231328832372
PTPMT1,0.09235637988411594
PRDX4,0.09230969691889312
RELN,0.09229068193531198
ANKRD29,0.09226290665200082
OTC,0.09225870729203145
ST3GAL1,0.09224665171214519
EOMES,0.09221457348728401
VIP,0.09218826798268664
SCT,0.09216615246342619
IRGQ,0.09215421895371817
DAPK3,0.09206022767925304
ZFP42,0.09203923521923252
RPS27L,0.09194716002735193
CA11,0.09194092656844188
NKIRAS1,0.09193667483057238
PAH,0.09193493548977094
NGEF,0.09189171200447166
SIN3A,0.09187978277057218
ANGPT4,0.09185496582487962
HOXB1,0.09185117013609656
KIF16B,0.0918456954361287
SGSH,0.09176755578310503
SDCBP,0.09174502779920857
KLRG1,0.0917276724462649
IL22RA2,0.09172417838497116
TMEM106B,0.09170887733891092
PGM2L1,0.09157754077874858
HTR7,0.09154966921465013
RPS29,0.09147590611776901
RHOG,0.09144631181563712
PLCE1,0.09142689831552109
DPYSL4,0.09138918031012655
SNX19,0.09129682000418785
SLC25A32,0.09128425154206316
CCSER2,0.09126514704764949
HGH1,0.09125572403099352
SNRPF,0.09114283342944707
MXD3,0.09114240752766273
PSMB2,0.09112950546385468
SLC7A5,0.09110472832662264
IGF2BP2,0.09110261695219835
PRELID3B,0.09107087497375754
PCGF2,0.09100046339793899
TNS4,0.09087942691068684
TCAP,0.09087406505340212
TRAF3,0.09086982366916507
DCTN3,0.09082014917153336
IL15RA,0.09079297608190517
PDCD6IP,0.09078989756995115
TEAD3,0.09075158131013616
PQLC2,0.09067811462242295
GLDC,0.09060453946079894
HAGHL,0.09058124122187713
DYNC2LI1,0.09057918380672991
JAG1,0.09057658597124252
KIAA0895L,0.09056692274724754
CREM,0.0905158300683806
XIAP,0.0904990881394393
LINC01003,0.0904412317428778
RAB32,0.09044118561474579
PIK3R6,0.09039837422174424
LPCAT4,0.09039527519011659
CCDC120,0.09037765976371775
ZRSR2,0.0903673787342002
GTF2H4,0.09030169484986961
ADGRG2,0.09029202644756062
ABHD15,0.09028545618307116
TMEM199,0.0902842663040978
ABHD16A,0.09024217827087833
TRAM1,0.09018948704770269
SERTAD4,0.0901787828742544
MANF,0.09017159013237197
CLCN7,0.09013620705514991
NDFIP1,0.09013554416951003
ENC1,0.0900818074837918
CPLX3,0.09003805428301148
OXNAD1,0.09001358495716733
C15ORF61,0.08994987395941789
NTAN1,0.0899422368376036
DDAH1,0.08974627480191855
AMOTL1,0.08967893808695737
PCDH11X,0.08964645464646626
MITF,0.08964429489760972
RBM23,0.0896200434497954
ARG2,0.0895166960903323
BLOC1S5,0.08951466920838513
RITA1,0.08950068885605106
MIER2,0.08947784210002874
PLK3,0.08942456664038656
SYT9,0.08934693113488451
RNGTT,0.0893353739166779
TNIP2,0.08930228685841346
ETV4,0.08924730428342464
TCTEX1D4,0.08921954898254514
TMEM69,0.08912001593824115
HSPA4,0.08900237562135915
AP2S1,0.08898099099583878
ALDH1L1,0.08897790841009467
LY9,0.08891501490941756
SERPINA3,0.0889144353712964
ABCG1,0.0888536390795025
UBE2L6,0.08879906751601785
PAIP2B,0.08879882935560152
EPB42,0.08876713612452092
PLXNA3,0.08872130410705004
TES,0.08850626261659811
PSMA2,0.08846534607559342
PRH1,0.08837858554360606
PTPRT,0.088376725973902
RAB8B,0.0883674924929514
TRPV5,0.0883642192873405
CDC42,0.08836310202326436
ZNF354A,0.08834292380721481
MAPK4,0.08833603930147843
ZBTB11,0.08832091957758426
PROCA1,0.08831301354704774
FSIP1,0.08830200969685459
IRF6,0.08816786816826266
RDX,0.08808060372983328
THPO,0.08805250791779573
ZNF846,0.08800767680199686
SLC23A1,0.08800034146791935
ZNF317,0.08798333402079564
ARNT,0.08794100462832799
CD84,0.08784748501835687
RALYL,0.08777614998843497
SERTAD3,0.08777503442772777
IL36B,0.08774475986764663
TNIP1,0.08774450889824115
CDK11B,0.08773625088949488
DCP1B,0.08765850791278018
REM1,0.08765560775223194
AP2A1,0.08764634056157561
TRPM2,0.08761057725457766
RTN3,0.08760953555084039
RNF139,0.08760459909540841
CCDC22,0.08758456917324142
TMEM19,0.0874189643183968
VASP,0.08741323100662934
SLC1A2,0.08738988288932448
HMGN2,0.08736373012775123
UST,0.08732521737299132
IQGAP2,0.08730498602198478
PVT1,0.08724625680143297
SCARB1,0.08723351095484477
TM9SF1,0.0872286641912689
TIMM17A,0.08719351458885571
SYTL5,0.08716034101045522
UBXN11,0.08707275912775736
RCOR2,0.08707272844716152
FOXA3,0.08705556248052759
KCTD1,0.08704522556252203
FGF18,0.08699720514114073
PTPN2,0.08670822232042208
CARD8,0.08667820492047207
AFAP1,0.08664509213132227
ZNF277,0.08655638919388264
LRP12,0.08653330957897404
IFFO1,0.0865087876648053
ZDBF2,0.08649043660953665
SLC29A3,0.08643318603625244
ARMC5,0.08637590344420243
CD9,0.08634557210594918
EMC3,0.0863127937868623
ARHGAP24,0.08623509628530762
PHF14,0.08620619281276826
GSTA4,0.08615622577872784
NKX3-2,0.08614832123170041
NFE2L1,0.08614557560214797
SLC10A2,0.08612087520665879
HMGCS2,0.08611423668767093
NDEL1,0.08598586361975524
FXYD3,0.08597561766072409
TUBGCP5,0.08596535510835945
PKP1,0.08583985166893282
SMAD1,0.0857867420148557
TBC1D12,0.08577211513986499
ADGRG1,0.08575524202046397
ARF6,0.08574204624720227
MFSD11,0.08571533104483953
MAPK8IP2,0.0857145240033731
BPHL,0.08570924692478796
MAGEA1,0.08567440142942084
DNMT3L,0.08562938286996513
OBSL1,0.08558931626423472
OSGIN2,0.08557606598265538
FLOT1,0.08555984946467299
DNM3OS,0.08555891066197252
OXT,0.08553901601778757
VPS37B,0.0855310451917436
METTL21B,0.08549409074640305
L1CAM,0.0854797537557006
TESPA1,0.08545015559109814
BLOC1S4,0.08536485347370137
XYLB,0.08534949017052351
CCL4,0.08533620424940491
KDM7A,0.08533318766684389
TRAPPC5,0.08530109494895821
FOXG1,0.08517902112636766
SLC26A2,0.08516064984605409
TPH2,0.08515185632555033
LRRFIP2,0.08512199876982263
COX19,0.08511769706188688
STC2,0.08508989214403134
PSMA8,0.0850570251495153
CHD5,0.08505272472631198
RALA,0.08500186030522483
BCKDHB,0.08497174485499248
LYST,0.08493718631796299
FFAR4,0.08489643068193498
CCT6A,0.08488408703690309
EIF3J-AS1,0.0848799568100454
PLEKHG4,0.08484333208186207
ARHGEF26,0.08480572568585398
STK4,0.08478996044444687
TCEAL6,0.08475177038794801
M1AP,0.08473248847523324
UBXN10,0.08468358249850483
CMTM5,0.084662665337365
QPRT,0.08459037518192825
FCMR,0.0845727883050959
NUCB2,0.0845462872464664
PRSS16,0.08453579740941136
RAB29,0.08450006961350065
KHDRBS1,0.08442302662326484
BBS12,0.08441877351170068
FYCO1,0.08439038043945946
ST6GALNAC5,0.08435113068814665
NMB,0.08432658713810515
CDH17,0.08429993454944673
HYKK,0.08425732228332072
SIT1,0.08425119132343944
GNG11,0.0841452961163176
SNX27,0.08413537806672666
SLC5A5,0.0840863039693529
CMAS,0.08408366223344471
ATP7A,0.08405116956564762
APLP2,0.08404956386093032
DCAKD,0.08399358235525434
SLC16A2,0.0839819349746711
NUDT19,0.08392803292539047
DPP8,0.08392655465322019
GABARAPL2,0.08384902836808361
SOS1,0.0837459805353028
FRMD4B,0.08374528408524273
PCED1A,0.08362712610873657
FBXO27,0.08362659917422832
NCOR2,0.08362537988631535
HECW1,0.08358483833426678
STRA6,0.0835833137345331
RP11-35G9.3,0.08350306610485589
SH3D19,0.08349948262149925
EWSR1,0.08349905106170319
BASP1,0.08343504448385974
KPNA7,0.08340495246614987
CTA-292E10.6,0.08339674926180485
DNAJC5,0.08331892283406772
SMPX,0.0833128619854433
C7ORF25,0.08328184523356458
PALM,0.08324322487895608
KRT76,0.0832249987653243
SEC24D,0.08320720622024536
ATPAF1,0.08319981510750984
SND1-IT1,0.08317670247603753
ABI1,0.08315848200395515
MTFR1L,0.08312616858440791
MDH1B,0.08310803758033936
ABCB5,0.08308171147336241
ART4,0.08305096826056399
ASAH1,0.08300056971978642
FBXW7,0.08296871974673814
NR4A1,0.08291175846565269
DCHS1,0.08290786236195757
KBTBD3,0.08288946386374574
GCLM,0.08286581037428487
RNF115,0.08280466862216734
EXOC2,0.0827983876298829
PPCS,0.08278474205562592
DNAJC13,0.08269469231341231
PITPNC1,0.08268993658458201
GNPTG,0.0826885019797266
RASSF8-AS1,0.08265362507122043
EIF3I,0.08264549558233303
RAB35,0.08257939574114559
GNG4,0.08256831375376172
TBP,0.0825497390290415
DGAT2,0.08253819731277923
TPST1,0.08253107412117977
PLEKHG2,0.08249243051554467
WDSUB1,0.08247250195072908
ANKS6,0.08245338756172471
FCHO2,0.08244893067728476
MCF2,0.08234464975169964
AXIN2,0.08223204236432391
NHLRC2,0.08219724357509789
G3BP2,0.08219063835322149
EHD1,0.08218638196229533
AHRR,0.08218475509326129
LMNB1,0.08216694990607643
MRPL51,0.08216188200428087
TIFA,0.0821206335645957
STX4,0.08204537199728257
PRKD3,0.08204513399750613
CYP2U1,0.08203463453134352
RAB39A,0.08203374127794988
ZSCAN10,0.08202759152676131
GDAP1,0.08202073946717581
XKR8,0.08197140939288716
DGKB,0.0819531123842605
GREB1,0.0818777856222338
LRRC26,0.08187198223365105
GJA5,0.08184641681475424
MRPL34,0.08183552249253756
TAPBP,0.08183506925661732
SLC8A1,0.08181852287732116
BLOC1S6,0.08178179127826457
SSX2IP,0.08171745486095205
SYTL4,0.0817120428951214
PARP16,0.08170990253113053
CTD-3203P2.3,0.08167506638417446
ELL3,0.08166998239321377
SURF4,0.081649652327896
DHX58,0.08161531710083281
TRIM22,0.08154954930997749
SIRT4,0.0814983728062122
MAPK7,0.08145509092598369
B3GNTL1,0.0813710561996886
FMO3,0.08133490747549255
FBL,0.08132436451446856
TALDO1,0.08131158526715376
MEST,0.08130898413196552
AP1M1,0.08128468247696852
NABP1,0.08128016198026433
ZC3H15,0.0812692424696082
ABCG2,0.08124723796440936
MTCH1,0.08122311823046946
SH3KBP1,0.08111406120085696
MITD1,0.08110755041199796
GNAS,0.08109485943664052
THYN1,0.08108276826895444
PLEKHS1,0.08103599083441249
CHP1,0.08103032501518231
POR,0.0810173458769834
DDX6,0.08094837671739541
C17ORF80,0.08093504527579454
ATP2C1,0.08093152141559656
VASH1,0.08090932158731406
GPR18,0.08081693874474183
ALAS2,0.08081318254770409
UPP1,0.08078003489542485
SLC14A1,0.08076594540689222
NKD2,0.0807457371924209
NEU3,0.08074343134974782
STX5,0.0806782483817109
RP11-102N12.3,0.08057451125068227
MYL5,0.0805180866526225
DBI,0.08041291356340885
CHMP4A,0.08040101882102269
ARPC1B,0.08037033770926894
TSPAN10,0.08036906361704965
BCL2L12,0.08036446467479608
NCALD,0.08032785240708684
ALDOA,0.08030746974931802
ST7L,0.08028252344426826
SLC2A4RG,0.0802496880323999
APLN,0.08021938230295533
ZSWIM2,0.0801793631372611
ST3GAL5,0.08017335569931505
REEP3,0.08013922509733984
SNRPG,0.08012755238928848
PTPN18,0.08011011369098231
BAIAP2-AS1,0.08004655090197887
ETFA,0.07999557237035892
EMC10,0.07992041637657604
TMEM109,0.0798765540157289
TTLL3,0.07987325939589315
NR2E1,0.07985244123466628
MOGS,0.07978276392128636
DHRSX,0.07976877993511322
DNAJB7,0.0797083156058378
ATPAF2,0.07967613131097678
CROCC,0.07967466763922726
GPR88,0.07966603575641973
DCTN6,0.07962257751183055
HMGCLL1,0.07960446596580018
OGDHL,0.07959503609569785
BAAT,0.07955200206888324
HNRNPU,0.07948927469858813
NECAP2,0.07948438037419348
SPATA2,0.07948341432933204
SUN3,0.0793734607423009
CLEC2A,0.07937260026549575
AC133644.2,0.07936690155440967
SH2D1B,0.07935009042129859
SCAMP3,0.07929453799097319
CFAP36,0.07928798945208948
IL1RAP,0.07926632525919752
BTLA,0.07925941453240459
CUL5,0.07921851578959105
EIF4H,0.07920630102119519
PARP11,0.07918328200189528
NAA50,0.07916793884900908
CMIP,0.07913560520707252
UBE2D2,0.07913102313766585
LRPAP1,0.07911408603996284
KLHDC4,0.0790985342616119
GRPEL2,0.07909770806962002
EIF6,0.07903365191810563
NLRP1,0.07892396134377377
PODNL1,0.07882255733536575
ERN2,0.07877505825595116
PPIB,0.07877127540156625
TGM1,0.0787257597261406
ABLIM1,0.07866196003385562
PLAC1,0.07865775834814581
MLPH,0.07865743534644498
SKIL,0.07855681179448815
LEAP2,0.07854909783903746
PTPN14,0.0785257524968731
DDIT4,0.07848815798563769
JAG2,0.07847083107743535
NRG4,0.07846935207117356
LRRK2,0.07838205546376009
IL27RA,0.07837177914129256
NTS,0.07835850658804766
CAMTA1,0.07834930024586306
FOXRED2,0.0783087667484848
CYP21A2,0.07826624163620577
ALDH1A2,0.07824852116966086
C1ORF216,0.07820733595966212
ZNF146,0.07812492518277575
VAMP1,0.07809453929322219
LMO3,0.0780475798260773
PA2G4,0.07804463819167173
ANP32A,0.07802623868144665
NTF4,0.07793899676411942
LRAT,0.07791607153273261
CRACR2A,0.07784222000998275
RPS3A,0.0778255258160605
CNOT11,0.07781038129242879
CTD-3138B18.5,0.07778673314713469
NEFL,0.07775025235181476
PSMB4,0.07771614542785821
CDC42BPA,0.07766050785536183
WBP2,0.07762567608161342
PPP4R4,0.0776090274844064
MSC-AS1,0.0775606221189922
ISG15,0.07751203992464484
EFNB1,0.07742300808505864
GAPDH,0.07741478321827899
ZFHX3,0.07736188705590652
NEBL,0.0772948572007982
RP11-680A11.5,0.07728982807580573
FAM109A,0.07725007276635576
GNRH2,0.07721930390457399
SACS,0.07714946036382248
ITGA7,0.07712705866281033
RHCG,0.07712016398558752
CCHCR1,0.07709701471983238
PCK1,0.07707806395925809
AK8,0.07706069428947881
ATG9B,0.07705924223027272
C16ORF86,0.07701454851243217
PLEKHA2,0.07700506524966033
KRT8,0.07695972055347622
DDX3Y,0.07692371161966183
BCAR1,0.07689400816298753
HK1,0.0768308963462423
ANKRD1,0.07679302430331336
PCMTD2,0.07675858305174815
OST4,0.07674472581753122
MVB12A,0.07666659006697785
VAPB,0.07663089561350689
DNAJB9,0.07656412399719614
SLC41A3,0.07650312789698999
BTN2A1,0.07636155440789455
CARD6,0.07632509759636513
SEC22B,0.0762262713601628
RAD51,0.07621078308439211
CDH11,0.0761843758741182
TBX2,0.07616852387825912
GDPD3,0.07612195485443718
POLR2G,0.07608364218415065
METTL12,0.0760703432539627
KLF4,0.07605746187065199
KIAA2012,0.07603262103120856
DLX3,0.07602127429269923
MISP,0.07596525697716744
SMTNL2,0.07594440439940803
TCEAL4,0.07588847609368865
SPIN4,0.0758882676590529
LPAR4,0.075866981860783
ARPC2,0.07584675192327384
ZFP36,0.07584526330180164
ALDH9A1,0.07582529486281508
REC114,0.0758128661894169
LRRTM4,0.07581023465459136
DARS2,0.07576502582425704
NGFR,0.07575065495221434
YPEL5,0.07574496131533537
SLC2A8,0.0756689141798167
C10ORF71,0.0756555603219658
ITGB2-AS1,0.07564594491666621
PHB2,0.07564160696510813
RGPD2,0.0756205047282329
PRKAG2,0.07559940277976851
HLA-A,0.07555330734547594
CASK,0.07553380054799985
ASAP2,0.0755166584503798
NOL3,0.0754988694565708
DSG3,0.07549700655173719
ANKRD13C,0.0754626393253873
FBXL18,0.07543414270641469
PLA2G6,0.07541156994164522
PENK,0.0754079487914795
COCH,0.07535456372721316
ARF5,0.07533880874385357
FAM160A1,0.07531533681145114
ZNF91,0.07530682899673291
RAB7B,0.07530457390684153
MRPS6,0.07527864577114285
AKR1C1,0.07525452448635239
PMEPA1,0.07516562730170273
ACER1,0.07505536232613141
POLR2E,0.07503493480643053
BPIFA1,0.07502818180812054
HIST1H2BD,0.07502717485643978
NDN,0.07498770911354158
RGS14,0.0747931669763432
CHCHD7,0.0747930235377976
AVP,0.07475866045106261
SIGIRR,0.07473514446759533
ASB2,0.07471841183350159
ARMC6,0.07470622498781748
FUT11,0.07467873526224839
ACSBG1,0.07467037063713455
MS4A8,0.07466503264038976
TCF20,0.07458547918978131
CD320,0.07455539485654661
WDR11,0.07453511713271754
ANK2,0.07451249259214399
CUL3,0.07451148332143165
MGAT5B,0.07449575870825831
BMPR1B,0.07446180319752449
GNPDA2,0.07444806135728022
RASAL2,0.07441717226193345
ABHD17B,0.07441226924881811
LIN28A,0.07440443849710543
ZDHHC4,0.0743497629079738
CABIN1,0.07431618496862236
EFNA3,0.07429064819245701
PTPRCAP,0.07428246978431574
NCK1-AS1,0.0742597555480159
TRAM1L1,0.07425134555122498
TJP3,0.0742511382361205
SKI,0.07420820570472553
RILP,0.07420132522852474
FOXA2,0.0741606612992155
RAB1A,0.07414077980738243
ZNF423,0.07412480395904242
STMN2,0.07409755124209777
TMEM150C,0.07397507745768625
VAMP3,0.07397444980771695
FAM214A,0.07397059637627829
TOM1,0.07394663343240504
SLC35D3,0.0739191415651767
DCPS,0.07388519979952635
CLINT1,0.07387518536846127
CLNK,0.07383956045403767
DYNLL2,0.07381508121869174
ARHGEF35,0.07368891106442282
RDH16,0.07367695069404284
FAM89A,0.07365476131511717
PFDN2,0.07364256666089986
FBXO16,0.0735891799235085
MSMB,0.07356032336322738
ATXN3,0.07355187505777827
ABHD1,0.07354376331403278
HLA-B,0.0735316904654153
AQP3,0.07350742935726956
FAM117B,0.07349114630809817
STK24,0.07347980950276511
HECTD1,0.07347230986229036
SCARB2,0.07345894981321022
RAB9B,0.07344419400019797
UCP2,0.07343684363096403
TDRD3,0.07339895242732541
PRLR,0.07336451945409506
BACH2,0.07336323799763278
MAN2C1,0.07321332083755738
PICALM,0.07320488328737018
FAM120A,0.07319259311488241
PSMD9,0.07317314896568128
ISM2,0.07311999773855288
NFIL3,0.0731152906122361
TIMM8B,0.07309112732472711
CTA-384D8.34,0.0730611662070717
ADORA3,0.07304376293505921
ST6GALNAC2,0.07297101803040174
TMOD1,0.07296755033558777
ZNF821,0.07291497329734462
TRIM63,0.07290405864937322
OSBPL9,0.07286931783195522
NEURL1B,0.07286841002501188
CYB561,0.07283427200257198
AAK1,0.07280785903197884
PRPS2,0.07277092937204355
CNTN1,0.0727383471184605
GFOD1,0.07264942756130333
SF3B2,0.07259870341401409
PDGFD,0.07257038419974482
ETNPPL,0.07251478928144645
NOCT,0.07250560041822285
PLEKHA1,0.07250286250024929
MLXIPL,0.07248329805797415
C1ORF174,0.07248095520177639
MSI1,0.07247312056958932
PKM,0.07246246402158951
TFEB,0.0724544003280686
UBL4B,0.07238688483188727
SH3GL2,0.07238471731883467
ZDHHC3,0.0723431145767312
DHRS3,0.07231244812630944
SORBS3,0.07226622302164143
TRPC6,0.07225767622807289
ZNF521,0.0721905344845426
SLTM,0.07217397011142046
EMD,0.07216110625182348
MLF2,0.0720709687709129
NCKIPSD,0.07199536411304797
TCL1B,0.07196124140933385
TWF1,0.07191449924557569
PFDN1,0.07188366471305463
MARK2,0.07184644358811132
PASK,0.07183397955040588
HIST2H2BE,0.07181171266931966
EGR2,0.07175939936799614
KANSL1-AS1,0.07171039908047269
SLC9A1,0.07169345306921793
PRR15L,0.0716728534399641
DGUOK,0.071672340951213
SPHK2,0.07159353220969833
UHRF2,0.0715100682232408
TMEM63A,0.07148718253138109
MDH2,0.0714549990370662
RAB11A,0.0714403093115169
GNPNAT1,0.0713412980128032
MAP4K1,0.0713291450920146
PAFAH2,0.07126409765388764
NOG,0.07119555722687887
SLC35A1,0.07116969133378714
FBXL12,0.07112665181316158
LHX9,0.0711055523730516
SYTL1,0.07103426215969394
FLNC,0.07103188074544409
ADD3,0.07100667096699431
FGD4,0.07099689014716326
ZNF559,0.07092325629390978
HCCS,0.07074549779444927
MEGF6,0.07071571568868096
RAB21,0.07069528702103617
KLHL41,0.07064725843448227
RAB5A,0.07063286266640612
CISD1,0.07063190038214695
CCT4,0.0706285736006953
RAB7A,0.07060026563146637
UNC45B,0.07059873979335912
DOC2A,0.07059180066088755
ADCK4,0.07055781515060677
ELMO1,0.07055561251189979
TBX1,0.07054777430035003
RAPGEF1,0.07049643428453223
PPP1R2,0.07049215873785036
GTDC1,0.07048386660302863
SNX11,0.07039520544246747
NEDD4L,0.07039039258569835
LMAN2L,0.07015144957810932
C6ORF15,0.07013427867311461
ELMO3,0.07012280701447271
LPAR2,0.07010141834135175
KXD1,0.07009269008782892
AP4S1,0.07008521931443068
EEA1,0.06999739684878492
APBB3,0.06997574766273429
GOLPH3L,0.06995190508825716
NCOA4,0.0699096787467195
PDE9A,0.06988257803778186
HMOX2,0.06978416355044603
WDR44,0.0697824628998514
PPP1R14D,0.06968719778929916
LARP1B,0.0696376334002562
WASF2,0.06958854777090218
TCTE1,0.06953377741808014
AQP8,0.06949318136814514
AEN,0.06945643411232255
ERVK3-1,0.06940265623384931
ENO3,0.06934398898323424
TRRAP,0.06933304900858273
CHML,0.06929266292122671
DYM,0.06929149615700508
FNIP2,0.06927111818981435
DKC1,0.06926308945563553
DEGS2,0.0692611242901322
SQSTM1,0.06924793414501929
C8ORF82,0.06914595288791581
MTRNR2L11,0.06910021239216041
NOP10,0.06908286870544522
DENND1B,0.06907826739923462
LGALS4,0.06902082712307356
ASS1,0.06898125625117335
ICAM4,0.06896220535747943
OCM,0.06892559207531845
LRP2,0.06891702605334105
DTX3L,0.06891661153303619
MOB1B,0.06891005916838633
ARHGEF12,0.06890003432882041
NME7,0.06889341368845492
RAB4B,0.06888484581198229
ZNF880,0.06886949891587135
PEX3,0.06882698988586333
C17ORF67,0.06881109122187712
KCNMB2,0.0687428110205286
TMBIM6,0.06872344078756043
RPL23A,0.06868332062851523
PIP5KL1,0.06867211264914963
FAM215B,0.06863634408094862
SDHC,0.06862737404324515
NEUROD1,0.06854088923291857
ATCAY,0.06853634330320246
ANKS3,0.06849552511175605
PPA1,0.06832677342835858
TSPAN12,0.06832415715763296
SYCE1L,0.06831048414546215
CPD,0.06828994194089322
CBX2,0.06827556433131488
ENTPD1,0.06827188528476447
ITGB4,0.06823045371308345
TET2,0.06820315895883755
CDC37,0.06818226200930744
WLS,0.0681020589072503
GLIS3,0.06806622001950341
SPTBN1,0.06801450177932089
RGPD5,0.06799830383215383
GPAT3,0.06799400054971161
RNF123,0.06785427857174048
ABHD17C,0.0678147856588705
DQX1,0.06780866144678965
ADGRG6,0.06776869802355723
TUBA8,0.06770764272115215
HEY1,0.06769868957754965
FBXO36,0.06767647316640074
TRIM55,0.06767385651033486
ATF1,0.06767004936418086
ADGRG4,0.06763375720234749
ISYNA1,0.06762248673845273
RNF145,0.0676191514876397
WDR60,0.06755382998332271
ZBTB4,0.06748669129610363
FLJ37453,0.06743242241079744
SNRPB2,0.06740551461976596
PAPOLB,0.0673775261070022
BAG1,0.06732694560141561
SPIB,0.06731185138534823
NANOS1,0.06731012458252905
RGS19,0.06730471422846374
CTD-2020K17.1,0.06725929831414587
PELI1,0.06725574833621528
CAPZB,0.06725496175488954
RAB12,0.06724464692773657
GPBP1L1,0.06720164176167048
WDR83OS,0.06719530093169651
TSC2,0.06717449170931489
TLL2,0.06715357980290376
VPS25,0.06706256996226523
ADAM10,0.06695874023539694
WHSC1,0.06693041389029886
LENG8,0.06691664779034057
MOGAT2,0.06689041411528696
RASSF4,0.06685808061904414
ALDH1B1,0.06680601348898108
BHMT2,0.06677282674364882
RUBCN,0.06674888169080917
DAPP1,0.06668127977013016
PTH2,0.0666398280720602
ETF1,0.06661071201924185
CASQ2,0.06660225788635565
TMEM102,0.06659815800645347
GDI1,0.06656944552503585
RPL23,0.06653285091262062
PPP1R42,0.06648216353752368
NUP62CL,0.06638054346216804
MYO6,0.0663202526634441
SIM2,0.06630357991242308
GTPBP1,0.06625406945394541
SH3PXD2B,0.06609785836107657
HOXB2,0.06606458606122223
AQP10,0.0660241310317018
UBE2J1,0.06596167333797576
ATP2B2,0.06594790492935054
ARVCF,0.06594086600925364
DOK2,0.0658992445140184
WWC1,0.06587778108536568
HNRNPF,0.06575639516004161
CWC15,0.06574290083350198
RRAGA,0.06574225424603442
CRHR1,0.06571248419187392
AMT,0.06571015171705064
PRMT7,0.06570022229330075
IGSF8,0.06568886023440745
SLC37A1,0.06567298952769648
RAB37,0.06566890127988101
ERLEC1,0.06562567540760134
HNRNPH3,0.06562095009014901
ZNF83,0.06560841081147306
HYAL3,0.06560796028169014
DGCR6,0.06557436716710885
DHRS11,0.06552875954170767
CNOT7,0.06542804888095566
NT5C3A,0.06541752564235115
NPRL3,0.06541381625655573
IQCK,0.06534955110727697
CDH24,0.0652668669427216
CXCL17,0.0652583342552071
CSRP1,0.06522815415483824
SLC27A2,0.06521939390217546
FXN,0.06521662561704933
ACSM6,0.06520293499477164
PMPCB,0.06519627032640674
NPEPL1,0.06519162492563257
PPP1R15A,0.06517276513800663
AMDHD1,0.06516192240134067
RWDD4,0.0651166857703091
CRK,0.06505451648895988
PRELID2,0.06498518464094358
PPTC7,0.0649483778881062
PDCL,0.06486763234383497
MARC1,0.06478393181517345
RBM26,0.06477246758643052
TRIM17,0.06475967284435591
TFG,0.06475771086081683
SULT2A1,0.06474718537584367
MOSPD2,0.06473517764818082
PRDX5,0.06469732632224501
AQP2,0.06468060484728844
PTGES2,0.06466741184959057
ADAMTS6,0.06464586379085097
COPB1,0.06463591428829518
JUND,0.06463271447590191
ACTR3,0.06462776784579949
TRIO,0.06456932358996958
C12ORF29,0.06456863289208387
CHMP1B,0.06451982041610804
ZNF160,0.06449281677669741
PRKCSH,0.06444692616130987
FBXO40,0.06433313019007647
ISL2,0.06432029813110385
JMJD8,0.06430960132836805
DISC1,0.06429978514571
SMIM1,0.06428306835882983
ERCC2,0.06426481277581231
SOX12,0.06426365332789724
LPAR1,0.06420594273637803
USH2A,0.06417668043324343
ARFGEF1,0.06415136856127518
PPP1R14C,0.06411674510131721
FBXO7,0.06410304184905713
LMBR1L,0.06409521779090344
ADPRM,0.0640887203123377
NKX2-8,0.06407423042630167
EIF4EBP2,0.06404939557345701
ROMO1,0.06399630801933365
AP1S1,0.0639691590845004
NACC2,0.06392453594577563
PKD1L1,0.06388985631611316
PAN3,0.06387102455397287
PGM1,0.06386960791413965
BNIP3L,0.06386712530757743
LIPA,0.06385734096816809
IL19,0.06384578020975029
PGK1,0.06379790885797187
TAC1,0.06374187449583257
FOSB,0.06372109695184147
SPRR2B,0.06371859094886734
DUSP28,0.0636299962776696
CCT5,0.0635614966392517
CCDC126,0.06351555440080986
PPP2R2C,0.06349717693851309
CDH12,0.06348006157725594
SYT2,0.06345498673183747
NSRP1,0.06342023783005951
HPRT1,0.06337502143235507
AKAP13,0.06336892939328775
MTRR,0.06333661816362313
APOBEC2,0.06332273007346889
NINJ2,0.06330094296131844
SYNRG,0.06326866408122134
PLIN3,0.06324576705100582
IDH3A,0.06322870272904546
ESRP2,0.06322777613663288
B4GALT2,0.06319270626379425
HSD17B14,0.06316136160266361
NSMAF,0.06310548918564635
ZSCAN1,0.06308570910702094
DLD,0.06305226166339595
TANK,0.06304732026342885
SFT2D3,0.06304697927943137
FSCN1,0.06303813778405165
TMEM254,0.06301372035753028
PFKFB2,0.06300544428189436
FIG4,0.0629609091158021
ZBTB8OS,0.06295044556734264
C6ORF120,0.06294609506261822
FADD,0.06294350785978564
CCDC102A,0.06293732030097204
ASMTL,0.06288778807499862
IRF2BP1,0.06288570714920616
MGAT4A,0.06282190160039769
REL,0.06281197844127051
DERL1,0.06281014629045534
C16ORF74,0.06276713239964005
ARL5B,0.0627498901680541
TCP11L2,0.06271222815245786
ATG12,0.06268714933609698
DYNLRB1,0.06268476741220053
LENG9,0.06265341655293283
DMRT1,0.06262817545201049
TRIM31,0.0625747524451909
DNAJB4,0.06253723733369176
TC2N,0.06249044481566951
NUP88,0.062450570783691706
NIPA2,0.06244732378225476
MYO9B,0.06243731908070188
CLK1,0.06241611935589386
MFSD2A,0.062368324555871824
SRSF1,0.06225996045407922
UBE2Q1,0.06224811381579992
SEMA6A,0.06221845616598165
DPY19L1,0.06217870876366613
BPGM,0.06217590873702017
TXNRD2,0.06210803683310828
VTI1A,0.06210062176724951
ARRDC1,0.06202721013162571
RHEBL1,0.06196785150299383
STX8,0.06196598442473744
NAPA,0.061880121241485786
SLC22A3,0.061852688097864594
HTRA1,0.06184475101111109
TAF1L,0.06181385803592865
C5ORF28,0.06180513377444671
DHRS4-AS1,0.06174837652513873
MRPL54,0.06168626970556412
FAM71F2,0.061665895953275374
RP11-490M8.1,0.06166042570350058
NAV3,0.061615782559825805
MARCH8,0.06161241227254344
PPARGC1B,0.061605646319768614
LHX3,0.06159615305905508
COX20,0.061589764433475636
MREG,0.061560682978179404
SIGLEC11,0.06155700961339211
RGS20,0.06150245143878752
TTLL12,0.061392495213214715
MALL,0.06138085777113911
SP3,0.06138031644952746
TTC19,0.06137788920315401
ADAR,0.06133216674516384
SOSTDC1,0.061306151505364725
SGMS2,0.06130083755364735
MSRB1,0.061288551349780396
FLJ20021,0.06125856093173024
TMEM147,0.06119595557297297
ACBD4,0.06119405833860114
MYOZ1,0.061182442224422484
FMO1,0.06112472063550656
ST8SIA5,0.06112011687443919
HTATIP2,0.06109207227172908
SYNCRIP,0.06100044449123121
GNE,0.06100013235751278
RABGEF1,0.06099669099733751
ZBTB38,0.06096000377862243
GPC4,0.060896762522038794
GLRX3,0.06088810286513857
ZNF239,0.06088675352502726
PAPD7,0.06086929990474724
MECOM,0.06081663403452142
PPHLN1,0.06075602781411654
PNPLA2,0.06073690074364346
CGGBP1,0.06072021158782509
MAT1A,0.060687591065681445
FAM76B,0.06068422474910415
ADCY8,0.060648037650074205
TMCC2,0.06064725925168374
COQ2,0.06051524434557343
CCSER1,0.06051315666340373
KCNC2,0.06051071918529061
MRPL52,0.06050431471301876
ASIC1,0.060473440236673115
SLC25A33,0.06041226981156955
PSMG4,0.06040770842994708
RWDD1,0.06039481109952499
SEC11C,0.060362410457785676
BARX1,0.060354962915075805
HM13,0.06034818577704992
SLC8B1,0.06033299891818422
CUL9,0.06032919406711945
KLHL5,0.060296676081631306
SBDS,0.06020087432641896
KDM3A,0.06018537145000169
RNF152,0.06018412258902622
ST20-MTHFS,0.06015906078414718
CLDN7,0.060148489198989186
SSPN,0.06014345991419756
CNOT1,0.060141956417177456
CD81,0.06012233705356895
LHPP,0.060107839502186566
RP11-109G23.3,0.06005827165965924
RASSF7,0.06001976344984694
DESI1,0.06001383497389223
CDKN2AIPNL,0.05997142195095956
PTCH1,0.05991868633920294
TSPAN15,0.05986991416188281
MATN1,0.059843697046304545
FKBP5,0.059816734931779414
ACSM3,0.0597807275599162
KIAA1109,0.05977582740964421
SGCD,0.05977503477623369
AJUBA,0.059772290966301656
PPP1R17,0.059739818473016904
TRIOBP,0.05963893104452245
RIPK3,0.05963040938751951
CCT2,0.05961760622904799
SEC13,0.059609558090736314
IQGAP1,0.05959638895164521
ALDH5A1,0.05957743467667187
NANOS3,0.059569901160953065
SELENBP1,0.059562280924867705
HHAT,0.059516509079577395
SETD5,0.059508347954234486
FUT8,0.05944493007785612
ZNF182,0.059429654221107964
CYTH2,0.059395179854080604
C14ORF80,0.05934591098412717
MEMO1,0.05933460990739364
TOMM20,0.05933182702365203
ITPKA,0.05931818362161345
TEX2,0.05927088434196512
C14ORF132,0.05925688716432531
RNF5,0.05922594055421615
SEC23A,0.059210604900500674
DNAJC5B,0.05920722876549678
CNTN5,0.059185647665781826
SOX5,0.059144707698165544
SPG11,0.05901529874682665
DOC2B,0.05901479015256972
CERK,0.05900518696415946
NRP2,0.058919527110193104
IDI2,0.058914743416530024
DERA,0.05888694602501032
PITPNA-AS1,0.05882996359250872
GATSL3,0.05878864662797478
TMEM63B,0.058736289130525005
SOX17,0.05863542202095706
ARL4A,0.05861410488511781
RAB39B,0.058611839125753795
AC245100.1,0.05859460603752917
MYCL,0.05856918976815284
CBFB,0.05851064933602923
LEF1,0.05850574097754235
PITPNM1,0.05849938676319766
HHLA2,0.05847051272446252
KLHL6,0.05846513593214475
RP11-443B7.1,0.05844481598541898
YME1L1,0.05843867390047408
ZG16B,0.05842015308047582
DNAJC30,0.058353628545742664
PPP1R13B,0.058352132024801384
ZNF501,0.05834929183315141
PSORS1C2,0.058342106410568806
FKBP11,0.05829243531979589
ATP5L2,0.058163126147637384
TRIM56,0.05810828394223028
CDKN2A,0.05808188826023386
HBD,0.05805567454439853
GHITM,0.05805066085543259
LINC01481,0.05797115247893164
CBWD5,0.0579700219642888
AQP7,0.05795833104589121
FXYD4,0.05794110896220195
TRAIP,0.05776684804247101
ARFGAP3,0.05776138046266943
HIPK1,0.05775390622476673
NPTX1,0.05775196674272298
CCNY,0.05773082733628765
DDHD1,0.057657913185779175
FBXL5,0.057577432446425214
RNF31,0.05757151193134613
DLX6,0.05755894842383602
MT-ATP8,0.0574823810261198
MAN2A1,0.057421280870196045
ITPA,0.05741103030067074
ASIC2,0.05735984588644716
TMEM131,0.05732753368864568
RHEB,0.057247661708455855
CTCFL,0.05720855069222186
CARKD,0.057200896301477566
LANCL1,0.057197705790803355
MARS2,0.057190992481638614
RIMKLB,0.057185794394780776
CYB5D1,0.05718038186928798
RORA,0.05713687395329281
SAMD12,0.05713360410856949
DRP2,0.057104688481461996
TG,0.057064971396448394
PROSER1,0.05703096665200119
SERPINI1,0.05702216645416486
GYG2,0.05698356109877445
ANKHD1,0.05697248157880169
TPP1,0.0569681249321331
SMAD2,0.05695584491735295
CBWD1,0.056955671049001344
TNFRSF21,0.05695102563405019
SLC30A8,0.05688707584109387
WHAMM,0.056857467013762875
MSN,0.05683666075965921
TFF3,0.05678590448811932
CARD11,0.05678345763634074
ZEB2,0.05677675511026303
B4GALNT2,0.056771287215482025
DDIT3,0.05675507946012015
GAPDHS,0.05674113493067834
VSTM2L,0.05670636739916285
CDK11A,0.056690931639310604
CD59,0.05668939962790964
TAF6,0.05668595946607058
DHDH,0.056624168197862534
KCNK10,0.05661173363285643
KIAA0226L,0.05652887587744637
FLRT2,0.05651208497760718
P2RX1,0.05644340058883213
MICAL1,0.056440052090907855
BUD31,0.05643512826151842
GPR37,0.05639555421356468
FAM13C,0.05637995462864884
CPAMD8,0.056369751221877124
VGLL4,0.05636550746784541
ABCC5,0.056355740444204994
PACSIN1,0.05622910870003539
LPAR3,0.05618854459268052
TEAD2,0.056143027857544325
C3ORF18,0.056127171246259155
TPP2,0.056123066217538764
RP11-707G18.1,0.05603388787889926
ATP2B3,0.05602476925388933
PDE6C,0.05601790878831103
ZBTB16,0.05601107282322704
ARHGAP8,0.05599897647313584
NRG1,0.055951167174917216
BECN1,0.055931989063468746
GRK6,0.05589283635036124
TMEM115,0.05583632069998429
ARHGEF3,0.055817375410643466
FCHSD2,0.05578609573122362
MDK,0.0557603131961284
GRSF1,0.05575784561658503
ATL3,0.05575592132227547
NAP1L5,0.055749812175274194
TRIM16L,0.05572605325343649
ALS2,0.05571829811481599
ITFG2,0.05570700670705653
YAE1D1,0.05560243332397183
NCKAP5L,0.05559917083558796
LSM6,0.05557081094298766
SRGAP1,0.05555832717569753
RPS13,0.05552550863489214
SPATA5,0.055524327857249256
ARID3A,0.055517962045599945
TMEM186,0.055499087268383596
SLC29A2,0.055482351009527975
RGS2,0.05545076834037921
ZNF148,0.055450315728377
SIRT3,0.055436629985333274
VPREB1,0.05541307615040908
PUDP,0.055372208754475905
BLMH,0.055304193009862224
SNAI1,0.055289196339461055
SH2D2A,0.055243864635188045
FAM72A,0.055226643948720344
EPHX1,0.055224949982723204
SPDYC,0.05519680253687659
POGLUT1,0.055185098587322734
SLC52A2,0.055180863757477994
TMEM114,0.05517672654615574
USP42,0.05517253084896301
ZBTB7C,0.05512910780004232
COA6,0.05506023193121612
C20ORF194,0.05504312167686626
RIPK4,0.055025256716946414
TRPC3,0.055024203986950404
CHIC2,0.05499207577888682
RBPMS,0.054981483450543434
ZNF609,0.05493372152357928
OXSR1,0.054848027336785066
HSPH1,0.05484690636142331
EIF3K,0.054803918286422726
ANKMY2,0.054797948556095655
PCDH11Y,0.05476988406604599
ZYG11A,0.05476059489602714
XXBAC-BPG299F13.17,0.05474719438130818
FGFRL1,0.05473638322251351
UNC119,0.05470645205093627
HNRNPC,0.05469234212670193
PXYLP1,0.054646895225651804
RHOB,0.054604040984761015
GADD45GIP1,0.05452112935822184
SH3GLB1,0.05450194542487541
GTF2A1L,0.054384771305477586
STAT2,0.054341588669864826
DDR1,0.05430563470670646
TRPC1,0.0542913467658217
PDIA3,0.054221503095801205
PRDM6,0.05420193448185667
ZNF136,0.05412026759369659
ITM2C,0.05411780264612959
HPS6,0.05411431464971628
MYCBP2,0.054058926241130956
KIAA1919,0.05401045005451412
C14ORF28,0.05400761829236861
LIPG,0.05400562461220937
LINS1,0.05400521515401219
KRIT1,0.05398352317001287
DUSP4,0.05397663793721719
PARM1,0.053933636360421144
GJB2,0.053928464262028575
TRIM45,0.053927033573544336
RHPN1,0.05392459903089819
GLO1,0.053878407614672774
SLC7A11,0.05386800633849265
CYB5B,0.053843625383954374
SMURF2,0.05381336836181283
SENP3,0.053803678220844864
BLOC1S2,0.053701103755115054
UBAC2,0.05369461676514675
SALL3,0.05364240403962689
MAP4,0.0536253918685376
TP53AIP1,0.05361070419438663
RBM20,0.05359188327962028
HEATR5A,0.053581353349327676
LAMP2,0.0535721996928451
NXT1,0.05353766669318305
SEC31A,0.05352887979707499
PMP22,0.05348707429559496
PLEKHJ1,0.05343329041794648
ACAP2,0.05342366420351674
GPR155,0.053397971884379475
SUMO4,0.05335675496350001
GNB1L,0.05328764953645021
PVALB,0.05321868113416772
RAB9A,0.05317493324474698
MPV17L,0.05315412370698286
LHX2,0.053102303509741766
GFER,0.05309970701110811
TMED7,0.053081706996243594
ACTG1,0.053041816262152874
AP5M1,0.05298970179231677
DAPK1,0.05296804134389199
ZNF804A,0.052952400163370994
CHPF2,0.05294829154978731
AKAP17A,0.05293847441182381
DPY19L4,0.05293707434917713
TIGD3,0.0529268302933355
PANK4,0.05290327141275791
DCP1A,0.05289347624899032
PJA2,0.05286888830543268
TCAF1,0.05286532120788989
WDR76,0.05286242035733435
RP11-73E17.2,0.05285366576321315
GLIPR1L2,0.05280381283197688
LATS2,0.05273442084939006
POF1B,0.05254767295209101
CHMP1A,0.05248303125435949
IKBKE,0.05246636183485953
SMAD4,0.052441104892754664
LINC00662,0.05242792533729035
ANXA5,0.05241764527496828
ZUFSP,0.0523353001789231
ANKS1A,0.052322445941085094
ZCCHC14,0.05232095362816139
PTCRA,0.05229361799525245
CCSAP,0.05229062173099139
ZMIZ1,0.05219384595374649
FES,0.05218164270179293
FSTL3,0.05216402985907004
ARL3,0.05215637962974562
FKBP1C,0.05213724088113009
ARSG,0.05198442795235647
COLGALT2,0.05197909748523455
PHLPP1,0.051916601633506976
RP11-395B7.4,0.05190942122187711
TENM1,0.051903957815667534
TP63,0.051884375940291494
LRIG3,0.05175345518561131
GRM1,0.05170746822816408
CAMLG,0.05170365330463411
ASNS,0.051639273005728015
TMOD2,0.051598829170189764
IL27,0.05159285442077821
MAGED2,0.05158713502538753
B4GALT4,0.05158115187182488
RBP7,0.05157890154193223
SPOCK3,0.05156745772156901
SYN1,0.0514645520406406
SLC25A23,0.051463678946841784
SUCLG1,0.051460568386079264
NTN1,0.051457845265722835
GHRH,0.051419143059521
RSRC2,0.051419102931323346
LSM2,0.051362854675961356
LOXHD1,0.05128454554686379
GNAQ,0.05123331249729668
TIGAR,0.051158126077285426
CHMP6,0.051148662941601586
BIN1,0.05105922224999471
TRIM4,0.05101730563175444
NAALADL2,0.051009865688022404
AC004556.1,0.0509778193120204
MAGOH,0.05092350151067371
KLF2,0.05090127063762695
USE1,0.05087598413088812
USP16,0.05085437876846749
GPR22,0.05082312820150253
CD244,0.050806831340549086
MTMR14,0.0508016187061362
GUCY2D,0.050770105207500915
CRYBA4,0.05073926065339551
RAET1E,0.050733048678365256
FAM50B,0.05069494173368835
ARHGAP32,0.05068441165596932
PARL,0.0505595621730327
ZCCHC17,0.05051088358098421
FOXN2,0.050445536987556605
SLA2,0.050422184680142035
CAPN12,0.05039787752413716
STBD1,0.05039739740923532
BAX,0.050378646594531395
FANCD2,0.05036887934617784
LYL1,0.050358536031477996
MEA1,0.05030050986375828
FJX1,0.05024302287610227
RBM4B,0.05022530413921042
ALDH1L2,0.05022429220179947
SPATA33,0.05017643523615059
MEF2D,0.05009435518197236
SMARCA1,0.05003531566425523
FASN,0.049977238303921645
TIMM13,0.049960038309176724
PDZD11,0.04988136800217646
IST1,0.04987136351182453
BTBD9,0.04983763167989097
FOXF2,0.04982459539426304
SLC2A1,0.04977752641458122
THSD4,0.049710161195669234
NCSTN,0.04970775528066218
ACAP3,0.04969050988240531
C7ORF60,0.04961386122187711
ELMO2,0.04959767422245431
PRR5,0.049539634405864064
SNU13,0.04950830832639519
EPB41L2,0.04950280322839973
CYB5RL,0.049365409613444156
SYNM,0.049358098878105605
UBE2R2,0.04935581720277327
HSPE1,0.04934285575909858
MTCH2,0.04934100422640664
TVP23B,0.049326644174327194
TMEM42,0.04931512645869962
CNGA3,0.04931249780802627
BICD1,0.04928205350303383
LAMTOR2,0.04926237462540006
RBMX,0.049247760814878694
CCDC125,0.04923561101033794
DIABLO,0.0492248697299178
GNA15,0.04920037012969003
TANGO2,0.049194633656434894
NAPRT,0.04916390998612352
FAM155A,0.049162830740995256
MTRNR2L1,0.049148496300277955
SUSD2,0.049129347035794246
PAX9,0.04907288886795247
SNRPB,0.049039495109315046
RAB6A,0.04903404832183833
HBP1,0.049025296479360325
UPRT,0.04896177286807357
ERO1B,0.0489480361388529
DYNC1H1,0.04890806109125034
SEC22A,0.04886312687874261
FOXF1,0.04884472178603183
DHX36,0.04879951596402854
EXTL2,0.04879307790844212
RAB15,0.048760547501331464
HDLBP,0.04875795338890443
RAB4A,0.04873323664070173
CYP4F8,0.048667922778713346
SDHA,0.04865926850678981
GIPC1,0.04865108616781977
MAGI3,0.048626154643835795
ASUN,0.04860562544826652
IFNE,0.048594452230193985
RNF11,0.04859427451535514
GJB6,0.04859278819572843
SH3YL1,0.04857810953279451
LINC01504,0.04857755654550533
SLC38A9,0.04850928178310454
COX7A2,0.04849510476955332
MLXIP,0.048431052769835614
RNF122,0.04841964122187711
TRDN,0.04840067916139146
SLC39A8,0.04839465390963682
CELSR1,0.048373900042310125
EMC4,0.04829946175404254
PODXL2,0.048297443996609846
GLUD1,0.04826813574238553
BTN3A1,0.04822011356101996
CREBRF,0.04821336777193069
POFUT2,0.048203723743167115
CHMP2A,0.04820045736380563
ACADSB,0.04817164420659592
DYNC1I2,0.04815469677251216
MRPS21,0.04812398223385961
PARD6G,0.04811605424926857
ZNF414,0.04802739034735107
VAMP7,0.048009901931428844
RHOV,0.04799101956732921
TCF4,0.04798608499251111
GUCA1B,0.04775402459622036
VPS13D,0.04771514374531177
EXPH5,0.047705859300652576
IRF2BP2,0.04768336642651405
AASS,0.0476470455414425
MED12L,0.04760401591812802
RAB10,0.04759483670447018
ZNF384,0.047580890242863716
SYBU,0.047566034850777705
BORCS6,0.04756352547021969
GLI3,0.04755333989609278
RDH10,0.047548773071102945
OXSM,0.04754733640413733
NARFL,0.047481469590433034
RP11-545E17.3,0.04744199356281842
NPPA,0.047441872532110185
TBC1D8,0.04737637611579651
FAM126A,0.04735708624562551
POLR2H,0.04734645251015912
LHX5,0.047340343290029674
FNDC5,0.04730881565003531
CD58,0.047222310903734965
HCRTR2,0.047206792795150554
HPS4,0.047181855466282396
PTP4A1,0.04716558545112459
GLTSCR1L,0.04712319072238419
ARRB1,0.04702688574900338
CAMK2A,0.047005042975294176
FAAH2,0.04694782908575157
GAK,0.046947721608651904
MOCOS,0.04694100301165127
RASGRP4,0.04692696891948811
SIK1,0.04689796157573739
RBM38,0.04687088611052398
CYLD,0.046822874699577466
GPRC5A,0.046814126832515957
HSPA12A,0.04679708684849626
SF1,0.04678746271237433
LURAP1L,0.04672554440846741
TGIF1,0.04670756095248835
TXNIP,0.04670687390808992
FOXP2,0.04666505921241815
FBXL8,0.04665154453223569
GSTK1,0.0466146832963511
NIPSNAP3A,0.0466140214941958
TTC14,0.0466137717815725
FBXO43,0.04656703407341334
ACTN2,0.04654542005298978
CAT,0.04647269455041536
DOCK9,0.046451126625272066
GLUD2,0.046357278210517716
SMARCA4,0.04635257279888105
GIGYF1,0.046349601814097696
ST6GALNAC1,0.04629906548869478
GFOD2,0.0462882288867118
PACS1,0.04626670326292781
SORT1,0.04624906114726579
SFTPA1,0.04624099939787496
SCML2,0.0461668323339417
BIRC7,0.046143561635694
FAM198A,0.0461221697871837
CCDC106,0.04612113213587388
NRG3,0.0460272442334414
SLAIN2,0.045999010994902334
PSMG3,0.04594419938560601
IGHV3-15,0.0459099112835093
DHRS4,0.04587845354027875
TPRG1,0.045847798979091775
RAB28,0.04584643244315595
WIPI1,0.04580161333657218
PRR3,0.045785958554670214
VPS4B,0.04575078095184104
UNC119B,0.04573522863148649
IPO11,0.045734758789631624
VDAC3,0.045729620031470075
RAB14,0.045618556262341126
RGS12,0.04560504151178424
RAB1B,0.045592425628913524
RASA4,0.04557326164686426
HGD,0.04550610345440742
GUCY2F,0.045495843962837124
EOGT,0.04547831509426975
CENPV,0.04544184950700386
SLC25A26,0.045405178386710265
CMB9-22P13.1,0.04536553845919064
TAB1,0.045279555942810745
CEMIP,0.0452730033451495
LINC00877,0.045271479395323694
MDGA1,0.04525858262560112
FCHO1,0.04524925565674487
CPTP,0.04521860546879991
MEX3B,0.045175970413390776
RTN2,0.045170934194790124
TPH1,0.045162275706989274
EXOC8,0.04514266819131141
MYL12B,0.045128987298510226
C3ORF38,0.04511495716285918
ADGRD1,0.045078484232245364
SLC25A44,0.04494272187959952
IKBKG,0.04493747223573463
CCDC149,0.04490557782481289
SOCS3,0.04489661505415632
KCNK17,0.04489183162815008
FBXO41,0.04485433620301954
TRIM71,0.04481601659037904
CCDC66,0.04476122318697362
AKR7A2,0.04474795016897176
ARMT1,0.044746672578570845
DDRGK1,0.04474261952508507
AC016549.1,0.04473422014257725
GIT1,0.04472420397616805
KDM4D,0.04472297942101394
ABHD10,0.04471229049373342
CDR2,0.044693117823332906
STXBP4,0.044685837404075
TKT,0.044669334306595365
CITED4,0.04463995462336695
NOSIP,0.04458555261977837
ATG16L1,0.04453768375772538
PCK2,0.044511265853684034
AASDH,0.04450039490638735
MID1,0.044433798608950914
AK9,0.044427758747252466
SLC4A5,0.0444150745946722
VDAC2,0.0443856895607061
TMEM62,0.04430673017795987
LDLRAD4,0.044269155680788375
DNAJC19,0.04426648570039149
TMCO4,0.04422023921150753
MOGAT1,0.04421664283671267
PIGA,0.04421257773775189
KLHL22,0.044121643534503874
LDLRAP1,0.04411486307109996
DYNLL1,0.0441144800265697
SOX6,0.04405002425117455
PPP1R3F,0.04403353624681544
VDAC1,0.0440328902615954
FRK,0.0440300707869028
APEH,0.04402995866515497
NPRL2,0.04402105244379828
KLF8,0.04397659733071152
ABLIM3,0.043974629007371924
PAWR,0.04395929742200355
LAMTOR5,0.0439061289014413
SPRYD4,0.043872973609131005
KRT5,0.043854686713797886
TRADD,0.04382627326830135
PRNP,0.04381950142344626
RGP1,0.04377309819066921
TPM4,0.04374533253133972
CLIC4,0.0437361092359293
NFKBIZ,0.04370064932353257
CRY2,0.043675417451450316
HLTF,0.04366958585983871
SIPA1,0.0436383177183044
RB1CC1,0.04363102477680236
RAB11B,0.04356413466347131
ZFP36L2,0.04353205342793076
SH3TC2,0.0435186708906673
DNAJC1,0.04350255815540466
SCRN1,0.04348307988878722
CCDC68,0.04346366862668416
UFM1,0.04344212365213096
SLC25A4,0.0433939430889454
IBA57,0.04335372026781481
ENO2,0.043344056418839316
ZDHHC14,0.04333437257393395
SEL1L,0.04329099727949337
TRIM46,0.04327777497942281
LHX4,0.043268119022447316
C6ORF136,0.04321902970742739
RBKS,0.04321106222536175
DYNC1LI1,0.04320431557014348
USP21,0.04320258446338565
RNMTL1,0.04316850267652486
TAB2,0.043166393571182016
ASB9,0.043134333125065705
GNAI2,0.04312557246058846
POMC,0.043024960605287044
BUB1B,0.04301191544087812
PLK5,0.04296461150189257
GPM6B,0.04293215122187713
TSC22D2,0.042861391319816866
MAP3K14,0.04283925034197278
LMLN,0.04283032013117144
TTI2,0.042785751539425654
EIF4E3,0.04278529325191838
SRBD1,0.04273581224263007
CRY1,0.04272523639680759
MAGEL2,0.042718368406210905
TSNAXIP1,0.04270304689145343
LPCAT2,0.04268496029441671
ZC3HAV1,0.04268229448665706
GPT2,0.04266055159751214
GPX4,0.04265668388563726
DSEL,0.04259770245110392
JUNB,0.042585246364447604
NOV,0.042578890078575904
LPIN3,0.04253978100076139
CCT3,0.042507379535697054
AUP1,0.042469372642011116
GID8,0.04239443686508382
GIP,0.04233191822550619
SAAL1,0.04229199778530027
PLCD4,0.042223293896362035
STX16,0.04219514811675329
KIAA1586,0.042194615189300025
LRP6,0.042153641023991884
ANKRD27,0.04214837599798871
BTF3L4,0.042137541765601694
ADI1,0.04211739999339004
LCLAT1,0.042107487848712766
SET,0.042076390056966506
DGCR14,0.042066033210691245
KRT77,0.04206114456542159
PRDM9,0.04203701117534253
AQP11,0.04201475810963429
LIPE,0.041945635128200154
RAP1A,0.04194010941584658
SNAPIN,0.04193505820862886
SH3BP2,0.04190829728077283
BTD,0.04189727619704553
ZNF84,0.04189100422724257
TCERG1L,0.04187645282457686
BCL9L,0.04185231436959436
B3GALT1,0.041833261448742
PTK7,0.041820202463429657
ADGRE1,0.0418090123805257
HNF1A,0.04173982552629496
GNB1,0.04170782194720413
SNX7,0.04165933518251319
PGM2,0.041643153649964515
TMEM191B,0.041614631867841104
FAT1,0.041571325163814676
CHCHD10,0.04156669875542407
CSNK1G1,0.04149372783333111
RAB5B,0.04146560561106716
SRF,0.04145405982416728
STX17,0.0414531493227398
TMEM127,0.04143655478505004
MRGPRF,0.041324946767403115
TMEM64,0.04130749144175809
ZNF121,0.04127891629109216
KIAA1549L,0.041276834401616
AP1S2,0.04124799935112955
ATF7,0.04123783294133987
RND2,0.04122968144418626
CTD-2135D7.5,0.041215581327881945
TFE3,0.041193365802577264
DNAJC16,0.04115560588368304
SFPQ,0.041149521815639245
CLCN3,0.04114410908079996
ZNF292,0.041110726513702456
BCKDHA,0.04105062913986801
GCLC,0.04104920157566816
NUDT12,0.041038393981498444
PNPLA8,0.04096034029920648
CMYA5,0.040860688363362374
TNKS1BP1,0.04085293854425864
ODF3L1,0.04083155963903337
MICU3,0.04081868940837785
CDH4,0.0407759578384187
CYB5R4,0.04072358044020474
LSM4,0.04068398308751742
PRRG4,0.04067312813060603
GOSR1,0.040672589812310256
CD63,0.040614146576988586
PTPRU,0.04061219037757746
ZCCHC7,0.04056152057252138
LEFTY2,0.040494619067340976
SNF8,0.04048587271610338
LMF1,0.04046345296370063
AVPR1A,0.04041942056883674
CDC40,0.04032191585493128
SLC25A19,0.04027142216092805
MOB2,0.04025039433534494
VKORC1,0.04016305966049449
KATNAL1,0.04016126467738673
YIPF3,0.040112137579025986
COQ6,0.040106893225678286
EXOC7,0.040079823801668524
HMGB2,0.040068792404758025
CH25H,0.040054334527443114
OXLD1,0.040046204310063505
SLC7A2,0.040030661729548
LYPLA2,0.04000811028766377
PDXK,0.0399928117967876
PLPP3,0.03997656131598404
CCDC58,0.039972038706215435
MYBPC3,0.03991069708444117
ATG7,0.03988690283880447
RIC1,0.03987070767197931
NMI,0.03984675167483587
RABL3,0.03981068144378294
ITGB1BP1,0.03979929831364848
PPP1R3E,0.039744355465161085
RRAGD,0.0396508372452119
COL4A5,0.03962923763218906
SLC25A37,0.039596822826983125
G2E3,0.039589529931730316
TTPA,0.039583681815377136
MIAT,0.039581950889997
RNF138,0.03948889478796419
TSHZ1,0.03947335621509385
ZBTB32,0.03946138071768884
KIAA1211L,0.039405078455356915
ST6GAL1,0.03937976431357221
CBS,0.039329249066570315
DNAJC7,0.03927004722965177
PIP5K1C,0.03917526342046007
TOMM20L,0.03914926623333537
DHRS9,0.039096584610926355
PRIMPOL,0.038929155260095105
CTF1,0.03892787271435627
ALX3,0.03889933031473075
ARCN1,0.0388084935098153
ZNF692,0.038751156029525835
SPATA2L,0.03872178305371232
PTPN12,0.03868496064103566
ITPR3,0.03868427800277163
HRH2,0.0386841276440541
SCHIP1,0.038623718074140334
EPN1,0.03857703608815821
ARPC4,0.038531078639749916
PPP1R13L,0.03849710151810348
PEAK1,0.03845199530516186
HTR1D,0.0384246914295443
PRRT2,0.03840395293660476
FTX,0.03840313920269567
NUP50-AS1,0.038396989472670714
PARD6B,0.038381964926053946
PRKAR1B,0.03837959752734921
ABTB1,0.038333124074047875
CLTB,0.03829661532249362
EPG5,0.03829119884850185
BRWD3,0.03828817445685634
ZNF101,0.038244975241990026
RALGAPA1,0.038242785510269606
ZFPM2,0.03823296512737462
BBX,0.03813577575650173
SDR42E2,0.038077102240665725
FAM73A,0.0380709127020227
PTGDR2,0.03807002881330496
DMXL1,0.03800068742153112
ATP11C,0.03799911586916965
SLC30A7,0.03796266832315387
TIAM2,0.03795492713862281
TIMM9,0.03791771538114608
UBE2E3,0.037896927409389214
CHSY3,0.03787489298211899
PTOV1,0.037859325315083237
GCDH,0.03784849068484364
RP11-356I2.4,0.03774625975091092
C8ORF33,0.03762434237921247
NAA10,0.03760737626827415
GNB5,0.03759160558405539
BHLHE40,0.037571277441438844
DMBT1,0.03752547234745307
DDX18,0.037508669104694525
SNX13,0.0374732758209369
CAV2,0.037405003036886764
GGTLC2,0.03740070693759284
ARHGAP22,0.037392998158511215
RPS6KA5,0.03739057160081838
LRRC58,0.03738645918383571
MKRN3,0.03735600920474014
DACT1,0.037348148124314806
AC010226.4,0.03732420923362369
PLPP1,0.03731618853826252
REEP5,0.03731416228344031
SPINT1,0.037238477112637
BAZ2B,0.037224719121203176
RALBP1,0.037153519990781536
FABP6,0.037148593050585155
SHISA3,0.037128158039848314
MARCH9,0.037121511221877124
GAL3ST2,0.03711999057372234
SH3BGRL2,0.03709563796108131
RFX5,0.03707887458827097
TRIB2,0.03705494230689238
CHST6,0.03696869847729112
RAET1G,0.03693620552770688
AIPL1,0.036897286348232305
CASQ1,0.036894145878912155
FAM188A,0.036880328060005435
VPS28,0.036848934135747746
MAP3K4,0.03682269727557719
GOLGA8A,0.03680861629368609
USP6NL,0.03680553466828285
NAP1L1,0.03678253145809174
RP11-556E13.1,0.036777476459195324
TMEM184C,0.03670298047294751
BNIP1,0.03665715315398166
MDP1,0.03664195045835002
FOXA1,0.03660779109721812
ARPC3,0.036607746948322695
PAQR7,0.036501379276248636
RIMS2,0.036488867228608335
AKAP7,0.036461843513877934
TIAF1,0.03644981118031981
RUNDC1,0.036446795507777824
TIMM8A,0.036431507003714336
TOMM40,0.036423828011285186
CTBP2,0.036396877335160616
AP4B1,0.03638703591161341
C16ORF52,0.03637716737912744
AFM,0.03637631175728406
RGS11,0.0363240296227092
IGBP1,0.036322556187654675
ANKRD28,0.03631614096775365
DERL3,0.03628397132198202
PKD1,0.03627453370809375
LURAP1,0.03625449388477109
ADGRG3,0.03621147519671636
RFFL,0.036186376016973165
YIF1B,0.03615528913286192
STXBP6,0.03613554383637263
EMC6,0.036124629579811884
DOCK1,0.036118240596111906
SLC41A1,0.0360922222735196
CPT1C,0.03608628692576443
NHEJ1,0.036079222471964045
RP11-983P16.4,0.03605914284154582
KCNJ4,0.03601670960373282
TCF3,0.03596042479274497
COPZ1,0.03593763394655258
DBR1,0.03590220102669317
VRK3,0.035861956113449556
PLA2G12B,0.03582489309646286
OMA1,0.035823147607278005
SULT1A4,0.035791972888365
EPB41L4B,0.035769511321503855
VTCN1,0.035769279663737774
POU3F4,0.035730251033206484
LRRC46,0.03572866680182091
UCHL1,0.03570902666564035
NUB1,0.03570169064913009
HEBP2,0.03569010504712178
SMCR5,0.03562735884297384
ZNF3,0.035616764233850906
RER1,0.03560533353724071
GABPB1,0.035595742657007046
INPPL1,0.03559571549401752
RIBC1,0.03557702358366022
PNLIPRP1,0.03550903238128289
PBX1,0.03549881049571235
DZIP1L,0.03547110466418768
CHSY1,0.03546928301318586
SLC10A3,0.03534412509499829
GPR158,0.03534032684703553
TEX9,0.03533432821822896
KDELC1,0.035285501274628844
RUNDC3A,0.03523595568416016
TXNL1,0.03521675756612108
DECR1,0.035178679114371336
KCNJ1,0.035155839713293946
TCOF1,0.03513287774704332
CBFA2T2,0.03511058720875265
RBP3,0.03507915293075359
PDHB,0.03505922288155672
RP11-841O20.2,0.03503264823015696
TAX1BP3,0.0350117384502876
MCTP2,0.034976505885948084
DNLZ,0.03497446160307638
ACER2,0.034953551732599175
RAET1L,0.03489196249387616
TFPT,0.034888105943615244
PLD2,0.034884142180589994
GLG1,0.034858690012107174
OTOA,0.03481720474453126
FMNL2,0.03478326530907444
RP11-160O5.1,0.034744154709797234
ATP10A,0.03469464538343836
RP11-390P2.4,0.034638158404112246
APITD1,0.03457962138329526
LHX6,0.034570193774350444
RP11-12G12.7,0.034552322629878396
ZSCAN22,0.03454631669483543
RABEP2,0.03453142408352183
AMMECR1L,0.03452944685890676
UBE3A,0.03452649814469955
ROM1,0.034520067560486756
ZDHHC18,0.034513953830690974
ST3GAL2,0.0344853000281643
CCDC88A,0.03447723390755686
PHF21B,0.034475848691710886
IRGM,0.03444019584140234
ERN1,0.03439735649655318
SHC2,0.03436275921216836
DCTN2,0.034361843806578696
CAMK1,0.03436028565657434
RSBN1,0.034355666994047684
MINPP1,0.03434223099899447
LRCH3,0.034339011515801876
CTB-55O6.12,0.03424356856966748
DPH3,0.03423259300071746
RASA1,0.03417597689394669
HNRNPR,0.03416242693092608
EIF4A2,0.03415766718733615
B3GALT4,0.0340533691251923
YIPF4,0.034025133498513604
STOML1,0.03401766280398291
GSE1,0.034017450102506175
EXOC6B,0.03397007077818426
ATP2B1,0.033957371748003284
DVL2,0.033867550921642176
TUBA3D,0.03383106506183409
ALDH7A1,0.03380241150547547
NAB2,0.03377147857546625
SLC39A4,0.033738378308880324
WWC2,0.033734144441583014
GCC2,0.03371540040861465
YWHAG,0.03367744367482828
FASTKD5,0.033670889706709006
NHLRC1,0.033659587541140734
MAP1LC3B,0.03364982314340359
RP11-37B2.1,0.03360814350580574
SPTBN5,0.03360790399606928
GNRH1,0.033582143677538534
TYRO3,0.033552281562525654
TBKBP1,0.033522963853959475
SCFD1,0.03350703258991927
GRASP,0.03350129085812925
HSPBAP1,0.03349028749453731
RP11-83A24.2,0.03342528498972111
FTCDNL1,0.0333582624107857
COX11,0.033325445708643486
TRIM28,0.033223249341073346
FAM98C,0.03321983751471952
ITPKC,0.03319000586017318
CDCP1,0.033183034288607915
PTN,0.03316500841958692
BNIP3,0.0331187218555542
SLC22A31,0.03311163978181639
AP3D1,0.0331107131544639
CLOCK,0.03306971667461156
METTL2A,0.03306315713486557
ERGIC3,0.033056824343197844
SLC37A4,0.03304325367229077
ACOT7,0.033037570790285464
ZBTB20,0.03303110726043129
DYNC1LI2,0.033028934099974316
STK38,0.032994738514668165
ERMAP,0.03299285239516675
MTX3,0.032976085001100164
MRPS24,0.032952722234772525
ZMYM6,0.03289133468683203
B3GNT7,0.03285856267674514
OSBPL3,0.032856712372052954
ANK3,0.03275604324604209
ZNF608,0.03275592142293493
PTCH2,0.03274909899443312
RP11-742B18.1,0.03274497022508335
SLC27A6,0.03267178169690049
SAFB2,0.032612042801262064
ACMSD,0.03261068734527445
HNRNPH2,0.03250994256007944
NDFIP2,0.03246868208676029
SZT2,0.03246815176116813
HS3ST5,0.03245033153787247
SETD3,0.03240379177532726
CRYBB3,0.03240131034163696
PDE7B,0.03235847725987451
DEFA3,0.03233317947945591
PDCD10,0.03231928907636439
FGF5,0.03229390204187643
EXTL1,0.03226234558236618
ASB8,0.03226223198265116
ABHD17A,0.03226102139355913
CLCN6,0.03223009883770789
SLC16A5,0.03214880331260089
LPCAT1,0.03209528470230871
TMEM206,0.0320906915439329
ACTR1A,0.03207474110256581
FAM212B,0.03202426350097687
CCNDBP1,0.031996591811768116
TMEM208,0.03197837474808807
GTF2B,0.031970242215398015
ECI2,0.031922261684143916
HIVEP2,0.031868326237049216
SMURF1,0.031816928235808395
KANK1,0.03173371033701422
SH2D3A,0.03163502300105214
MCC,0.031623410747299685
CPZ,0.03154933160243184
ZMAT2,0.031522487648539155
JRK,0.031500208622785686
ENOX2,0.03143692162893523
GLI4,0.03142661342265379
MYLK4,0.03137566822344284
CYP2J2,0.03137234442341075
CREB1,0.031349467137577136
FAM217B,0.031340185785176666
ELK4,0.03133516410785436
NXF1,0.03128154189144128
CAB39L,0.03127785170685926
TAF4B,0.031248488024876675
MTRNR2L12,0.031231543737999357
RRBP1,0.031211092249830097
YIF1A,0.0311952090781501
C1QTNF1,0.031083097651186775
C18ORF25,0.03107022351447153
SOX4,0.031013706308115174
PRR16,0.0310070726908344
DNAJC24,0.030910600307565872
MAP3K6,0.030833146644740017
MYO9A,0.030814871149463352
BET1,0.03080281037746846
SUCNR1,0.030772599852342986
COQ10B,0.03076226762979939
BLOC1S3,0.030718902327698805
SLC15A1,0.03071866554521685
RAB18,0.0306302155554381
MBNL1,0.030628436941207537
RGPD8,0.030626346751510325
CCNB1IP1,0.03061505784661167
LYRM9,0.03050298262653789
COL23A1,0.03049085867964263
THAP6,0.030485571221877117
CCL28,0.030452844708731996
FBXL22,0.03044121722544979
NFKBIB,0.030437249253568277
FLCN,0.030399636198704783
CECR2,0.030393679474920665
TNFSF8,0.03038894849790741
SNX33,0.030354818010530804
HIPK3,0.03033784266255035
PLAG1,0.030336712744566285
STARD7,0.030286509702086184
HSP90B1,0.030272824434519285
GTF2IRD1,0.030262651553793485
MAGT1,0.030248722785055082
RABGGTB,0.03024162877197978
EIF5B,0.030241175276100596
CEP57L1,0.030209740547254282
PPP1R7,0.030207738032166698
FXYD2,0.030184832686173224
FAM159A,0.030173310416867175
APBA3,0.03016048293292778
DBP,0.03013174578556893
CRTAC1,0.03009495645498028
KCTD18,0.03009027477135985
PCP4,0.030052468295937718
AP3S1,0.030021710334314666
AKR1C4,0.02998248454039898
ATP2A1,0.029966564045475708
NFATC2,0.029949269592901673
SH3BP5,0.029936371684556484
MGAT2,0.029891751841703562
PIAS1,0.02987447529693321
KLF1,0.029868828041841433
ACSL1,0.029816796861202977
PDP1,0.02978078460317024
IFI16,0.02971717163573917
NR0B1,0.029704694255399233
CYP27A1,0.02969639142455882
P2RY8,0.029693887383021755
WNT3A,0.029671804413400782
TMEM33,0.029655430787944748
HAGH,0.029606343868300522
STX12,0.029582708158234383
RP11-140K17.3,0.029568272348820604
COX7B2,0.029558023402267097
DNAJC10,0.02954259974821083
CAMK1G,0.02951748177950375
ATG5,0.02951127809914489
NXPE3,0.029436011221877126
PIN1,0.02941145522161237
SLFN12,0.029409338236509264
PKN2,0.029408330360531587
SEC62,0.029397502265034348
ALDH3B1,0.029329883200227114
PRDM8,0.029297403629083396
CYP4F12,0.02920865712409948
SERTAD4-AS1,0.02919359434429805
MSS51,0.0291485516702768
PTPRJ,0.029114749156413988
CHM,0.02910200547388231
TEAD1,0.029100846797678215
CCDC14,0.028986375025529476
AFF2,0.02895233149830234
RABIF,0.028951426234804956
CUTA,0.02888684016387022
RNF19A,0.028870292899984717
CHD9,0.028864190964895398
HID1,0.02885826823171024
PLA2G4F,0.02884299588047179
CYP26B1,0.028828281543997303
C11ORF88,0.028826882584547797
ALOXE3,0.028801858696264115
SLC17A7,0.02879402570879852
HIVEP3,0.02877866721143374
UBE2A,0.028776126770439503
AP3M2,0.028768914985025984
DTX3,0.028755999483800865
GPRIN2,0.0287040133564771
NIPA1,0.028665614870963085
GALC,0.02866463255543039
ARFIP1,0.028611826079364855
AXIN1,0.028599591988082596
SNX4,0.028593952406294587
SLIRP,0.02859253458226274
PGGT1B,0.02858449535813873
NLRC5,0.02857079199542234
PPP1R9A,0.02856830808633476
MTA3,0.028470937428621945
F8A1,0.028461779601042958
GNB4,0.02846106925976455
STAU1,0.028445029047933224
PRAF2,0.028396029872576722
PKMYT1,0.028368103716776005
DDHD2,0.028363837250794555
CSPP1,0.028346618041027893
BBC3,0.028344666001446583
PAIP2,0.028332616901560748
SEPT4,0.02832879122187712
CSNK1A1,0.02828214723825695
HAX1,0.028271920767052094
HYPK,0.028236910816617555
AKAP10,0.02823225345616842
TPK1,0.028227731190776595
IL21R,0.028189502818628642
UBE2I,0.028116422466308633
VIPR2,0.028066738822719484
IQCJ-SCHIP1,0.02804791833681114
FOXN3,0.028034201378596968
KRT17,0.0280301596353289
KCNIP1,0.027988206753477463
ZNF683,0.027958472017877933
MYO18A,0.02794284898789079
RP11-798K23.4,0.0279280675083953
GIT2,0.0278446039384046
SP100,0.027833681962900703
PDXDC1,0.02783015922343618
FAM53B,0.02782691786775232
AC003075.4,0.02780366122187712
CALM3,0.027780006809056013
KDM4B,0.027763708862778125
DDX3X,0.027751427047465693
SGTB,0.02766600523547974
TDP2,0.027638785503470875
TMTC1,0.027635077920078577
WDR91,0.027634957298049656
CHMP5,0.027626899389452397
SNRPD2,0.027613156549195828
HDDC2,0.027607905409710087
MRPL57,0.027540219644519803
AP3B1,0.02749557307894468
RSPH3,0.027358442530009186
CPT1A,0.02733443071707442
SUCLG2,0.02729825202297398
C11ORF71,0.027212095153696353
AZI2,0.027117818072547872
OAT,0.027092364643263367
CYB5A,0.027090653320816283
GPER1,0.02704774742606486
RTN4R,0.027023758774007534
SRRM1,0.027013154195172695
SHISA4,0.027005652469631825
FCHSD1,0.026996108910882333
SLC35F2,0.026964004966152685
USP14,0.02690646557911891
WTIP,0.026873941582353844
OXA1L,0.026839764696482082
PTBP1,0.02681489362394418
LINC01197,0.026757166863977888
ACBD6,0.026676652892002495
SFMBT1,0.02664509049693592
PURB,0.026644038563258032
SPSB4,0.026634934134212418
TBC1D15,0.026577793547947204
PDZRN3,0.026526156709304638
EIF4G2,0.026518230202968285
ACTL6A,0.026505016047032037
SIX6,0.026498869462847074
MAS1L,0.02642167853133215
DLEU2,0.026387997984464062
CFLAR,0.026381178526981963
ACAD8,0.02638086687035457
RAP2A,0.026347734650945198
GOLM1,0.026344377651553896
BISPR,0.02634181210744707
LINC01089,0.026339693712091994
COL25A1,0.026250595962080014
FIS1,0.026182330945143772
MAPKAP1,0.02616562835785108
SEMA3E,0.026106172503856828
SMARCE1,0.026088218229626703
CUEDC1,0.02607034074750844
CLSTN2,0.026068863944274878
TOX4,0.026062644693708115
SIRT7,0.026060101164080418
POLR2L,0.02603833970944891
NLRP2,0.026032955400453583
PKP3,0.02592030278036117
STK26,0.025900867623971924
MANEA,0.02588069845249047
STRIP2,0.0258763988433246
CTA-243E7.1,0.02583170166895568
TUT1,0.025820955765057052
FADS3,0.025813028753079892
NFATC4,0.025787007982993826
CCM2,0.02575778762265346
RNF114,0.02575762992953662
TTPAL,0.025644449319837448
PHPT1,0.02563364398044682
PIWIL1,0.02560826819106854
YWHAZ,0.025569633535455494
HSF1,0.025559715319299237
VPS45,0.025556023091162117
MAML1,0.025539720990448544
OLFM1,0.025531333877274853
NFYB,0.025524470487266804
RAB6C,0.02550857390270006
CAMTA2,0.025491537026235578
IHH,0.025443285646870817
ERRFI1,0.02543225454013498
WDR34,0.025403250012685508
DND1,0.025400940581887133
TMEM71,0.025363611352591686
GGCT,0.02535035125362961
THUMPD1,0.025306933433469236
ARF1,0.025299643585473208
RP11-490O6.2,0.025283851221877124
EHF,0.025221119988961233
HAAO,0.025191279606108674
PPP1R11,0.025189733742318365
TOMM40L,0.025180643153771443
SCARA3,0.025175245772740718
DOLPP1,0.025169824551408038
CTNNBL1,0.0251299630140831
RP11-117D22.2,0.02507849780283182
SLCO1B3,0.025062200639228926
PDZK1,0.025061565665364882
IMMT,0.02502686061699466
PFN2,0.024956882235972255
GGA3,0.02492538148316248
SIPA1L2,0.024922443809218486
HNRNPK,0.02490209754840922
UBAP1,0.024889658712799467
RASSF3,0.024867792394957122
SNRPA1,0.024841361964010544
ZNF354C,0.024826760943558623
SAR1A,0.02477212705040377
FDXR,0.02475379624080498
SLC26A9,0.024743453694285822
SNAP91,0.024725330967265147
CASP8AP2,0.024680668558177854
SPRR2G,0.024677682538512213
METTL22,0.02462240486673062
METTL23,0.02459541700571166
GRAMD3,0.024558473212420162
CAMK2B,0.024550558961895508
SVBP,0.024548174332890138
PRDX6,0.024525221645785966
PITX3,0.024521918796686415
CNBD2,0.024504181064813474
GAST,0.024495007373285804
CHP2,0.024457140709754688
RBBP4,0.024433584995353197
PLCL2,0.02438537143498705
IGSF21,0.024370261460799292
EXOC4,0.02430650810111379
BUD13,0.024218894532259894
SPSB3,0.02420939315936732
EBLN2,0.024206280368796074
NPAS2,0.02411262289742344
MCF2L,0.02410420181312367
RP11-242D8.1,0.024102091497689507
TBR1,0.024096081770489497
IL9R,0.024079215299045664
SCAMP1-AS1,0.024067132247973883
KRT14,0.024062166277280528
CSDE1,0.02399686495291109
SLC25A1,0.02398152113558305
PHF20,0.0239533447178798
ZBTB22,0.023884694756262315
PPP1R37,0.02384982266415908
IGHG2,0.023832526697753487
MACF1,0.0238278294676757
RFX1,0.023805437262967688
ASIC3,0.023771165019424334
C9ORF64,0.023691870503907808
LINC01268,0.02367644665179959
PAK2,0.0236598539258156
SFTPC,0.02363002599623254
SRSF11,0.023624508195514093
STMN1,0.0235891191683113
CCDC170,0.023536537619166575
VKORC1L1,0.023525601243956362
CAMK2N1,0.023478572837650064
ESD,0.02337922301406825
CTD-2015H6.3,0.023364573506552078
UBL3,0.02332997559216282
SLC39A10,0.02332175258071434
HIPK2,0.02331153135548536
MAP3K2,0.023282183146502655
TMEM74,0.023190672908634247
GGTLC1,0.023120471356635197
GOLIM4,0.023101857335582343
SMIM20,0.023090999472561657
ELOVL2,0.023086725029433097
RNF219,0.023077980363093678
ZNF33B,0.023070164265555332
FXYD7,0.023053888410345946
DYRK3,0.023039397690369556
PRRG1,0.02300360493019571
IDS,0.022947321530745857
UBE2H,0.022926219728115704
TBC1D8B,0.022914358822634262
VPS33B,0.02288544868794118
GNG12,0.0228602862204762
MTAP,0.022827626571759074
NEIL1,0.022817589900629764
PARP4,0.022786671788085355
RAB22A,0.022733237120470207
AIMP1,0.022692591589480338
DEAF1,0.02267423269990454
STXBP5,0.022596165366403964
LYRM4,0.02253308104462537
RBPJL,0.022489459385397703
GUSB,0.022477458262287975
HECTD3,0.022462397897789976
TBC1D17,0.022416492310707636
XYLT2,0.022403417829668038
RRAGC,0.022400550761165983
VPS4A,0.022370889477761002
RP11-798M19.6,0.022340021221877115
RP11-61K9.3,0.022334215947542757
CHST2,0.02233234041559462
LIMD1,0.02232829697306482
RP11-1000B6.3,0.022309249711761223
NEK7,0.022284421125316367
SYNJ1,0.02225594399921349
PIGX,0.02223739398886737
UHRF1BP1,0.022207609456383448
CISD2,0.02218505126608461
TBC1D24,0.022184908776908874
HSPA4L,0.022172378161103734
MIP,0.022155227953421508
TAF4,0.02214653133936273
ZGLP1,0.022083387075043315
MKRN2,0.02206478207047119
C5ORF51,0.0220618735003269
ANXA2,0.022048248585858188
PFKFB4,0.02198484105392351
TRIM16,0.021976446776955427
FNBP1,0.02196437345815938
DDX20,0.021945934371749853
NENF,0.02190337823334826
MAP9,0.02188078306854091
NKIRAS2,0.021819059160045784
ZDHHC17,0.02177373937041094
KLHL13,0.021713558605757743
TBCCD1,0.021710069278437216
FGF12,0.02169279652398226
BCAS2,0.021610441640915856
LDOC1L,0.021587321416673924
UBE2E1,0.021567860180180087
MFSD4,0.021531586688493545
PDZD8,0.02151981558320537
ZNF140,0.021517041164288778
NEURL1,0.02147849253984041
PPIAL4G,0.021475106294448487
AQP5,0.02144819155445521
ATG2A,0.02139538402226937
BROX,0.02138985750827066
GRB10,0.021361945036239116
SULT4A1,0.02125662436927528
CNTRL,0.02124150231219113
ZNF717,0.021152525714805998
CD99L2,0.021126772291415463
OTUB2,0.021056928063591718
RGS16,0.021049912605389576
MRFAP1L1,0.021044689469485345
EPHA6,0.021022155186600888
FOXC1,0.020983243072808855
SMCR8,0.020931463256300464
EP400NL,0.020928045558919528
ADSL,0.020917155128266862
TWSG1,0.020906534612017746
TRIM69,0.02086009494674479
KAT2A,0.020855110591282644
STARD10,0.020790629164483654
NDRG2,0.02078429388261055
ZNF814,0.020776552921180663
PYROXD1,0.020776078741030712
UNC50,0.02068851288611462
C19ORF71,0.020675659693375426
GAB3,0.02066771078989571
PITX2,0.020659818366519533
EBF2,0.02065765846138251
KIAA1683,0.020639243571790533
SHPRH,0.02061978216606275
NFU1,0.02058353136375668
B4GALT5,0.02054669303175749
ZNF518B,0.020528661221877118
UBE2L3,0.020394668080122358
OSBPL1A,0.020311373790998566
SYT5,0.020311269039498148
DYRK4,0.02030427820947983
MOB1A,0.02028971581932648
ANKRD49,0.020286699630257754
HERC2,0.020275582279870252
ECHDC3,0.02024426690640302
FLAD1,0.020201486075262065
AMDHD2,0.020187962267525505
SLC44A2,0.020149720101755697
SPIN1,0.020084176346496285
ISOC2,0.020082496194414712
MYL12A,0.02005700623021711
PPP1R1B,0.020039452167018745
MTMR9,0.020033348971535914
PTAR1,0.020008048908383258
MFNG,0.020002385020378766
RSRP1,0.019946301582200898
SLC39A1,0.019938028344487435
APIP,0.01991887870750264
C12ORF49,0.0199060958071981
THOC5,0.019896430248637853
ECSIT,0.019871850474844632
P2RY10,0.019868373751291774
LINC00861,0.01983959120368159
ACCS,0.019819775980091214
PRPH2,0.019806912599405146
HES2,0.01980034668251901
PYROXD2,0.019784271209749626
SEC31B,0.01978247687080925
NHP2,0.01977215584400427
KLK14,0.019741418940469768
TARSL2,0.019682301693664597
SETD6,0.019666235362327533
YIPF5,0.019611353050863867
CCND3,0.019590829367835627
ZFPM1,0.019586294679725502
METTL2B,0.01958331115061568
SLC25A53,0.019574301221877116
CTNNA3,0.01946294875650234
SPNS2,0.01944732389131193
RP11-126K1.6,0.01944272249018958
SIK3,0.019429672220356187
DECR2,0.0194140798927247
FAM160B1,0.01935081993870208
MRPL47,0.019347987825557356
ARSJ,0.019334342611103783
COX7A2L,0.01926146720979849
AC159540.1,0.01924825480136333
CAAP1,0.01923388638802681
SRGAP3,0.01919817604645435
C19ORF68,0.019194580072785156
ASIP,0.01919113258950944
ARF3,0.01906373608030565
NDUFAF5,0.01904533898223626
ARHGAP35,0.019036400327988368
FOXO6,0.019026793404954223
ARHGAP1,0.018900363206406645
TMEM45B,0.018891820398214063
BCAR3,0.01884766876611177
NCOA1,0.018838473723251425
PIK3C2A,0.018836489198639783
ELMSAN1,0.018811605198544468
SSH3,0.018803061692675704
RALGAPB,0.018733378993613048
NSUN7,0.018726616348840208
FIBP,0.018692269679148832
SMIM12,0.01867565450757591
NAA15,0.018671351014241
BRIP1,0.01862651214735289
AMN1,0.018623770338158846
LINC00961,0.01860208011854525
DOK1,0.018565035303101718
PIGR,0.01854712186873575
GDNF,0.01853592588974673
BOLA2B,0.018502004249521198
HOMER2,0.01849172525966758
CACNA1S,0.018491531125810368
TIFAB,0.018480506024937574
CDYL2,0.018468809369583783
MAGED1,0.018451889234770036
ZNF557,0.018445718519327303
CHCHD3,0.018425126755648003
UCHL5,0.018391794777405268
HS1BP3,0.018370683483897532
NUDT11,0.018329699946086242
CIRBP,0.01832614216631634
DRAP1,0.018290548958324382
B4GALT1,0.018222501117322598
UFL1,0.01819317498141887
SRGAP2,0.01818902484492879
RBM25,0.018184402138359368
TSC22D1,0.018157926446409678
SNPH,0.01813125703819407
OPTN,0.018044580158148804
PDE12,0.017990451973581567
TECR,0.017980841981735773
UHRF1BP1L,0.017973479580946528
KDM5B,0.017928735873531942
SECTM1,0.01787343754921572
GDAP2,0.017842146682957305
BAG3,0.01782549760186347
CTNNA1,0.017715364650827903
CARM1,0.017710965569373904
CCDC59,0.01770224397431225
GLRX2,0.017693366468452765
PLCD3,0.01768823738205716
RP11-768F21.1,0.017658010316342482
PKN1,0.01760957163202459
TIMM10,0.017604689122003525
FXR1,0.01759538141463246
EFR3B,0.017535799304535638
EBAG9,0.01753539963753753
RPS23,0.017501091711226047
RP11-660L16.2,0.017417947827074787
FAM102A,0.017316201784087812
GOT2,0.01730939264073461
MAPRE3,0.01730609722169618
FEM1A,0.017242344705429624
TPI1,0.017202437104904766
MBP,0.017122607190744876
CMC2,0.017114805086874962
RPH3A,0.017108026417316458
ZNF117,0.01710358245798599
BORCS8,0.01705393069003014
B4GALT6,0.01701133190662507
SYS1,0.016969713574889467
CERKL,0.016911314504539643
EFNA4,0.016898229028951772
TRMT13,0.016878415592372298
SLC2A13,0.01684057596837979
DUSP19,0.016780556897693588
MPZL1,0.016751925465064876
CCT7,0.016723130260257513
PDE6A,0.016653872475232645
PAIP1,0.01664106832188439
ZNF652,0.016602423712536896
RP3-477O4.14,0.016587297036624607
LSM8,0.01658656570567907
PVRL4,0.01657185063702578
DNAL4,0.016562793612244997
PYGO1,0.016556430801970334
FAM160A2,0.01654193505198681
CHCHD5,0.016523389516293507
ZNF19,0.0165204824185744
MTRNR2L8,0.01649537599662987
TMEM170A,0.01646520753668973
SLCO3A1,0.016460171295604065
SPIN2B,0.016428688127430646
TBC1D4,0.016415525157746025
MZT1,0.016400170864610097
ATAD3A,0.01633853937255797
NEK8,0.016320499736386718
GATA5,0.016307738168980346
C2CD4A,0.0162864615622883
PRDM1,0.016283384145416302
DCTD,0.01624039651867404
CREB3L1,0.016217598497032526
AL592183.1,0.016207183336448647
FNTA,0.016200677980785616
NPIPB5,0.016141871564861604
PTPRS,0.016137473808343406
MRPL43,0.01613436964762649
USP40,0.016111385829289226
WDR59,0.016099679290856206
HEMK1,0.01609238927080414
SBF2,0.01608932281294906
SAMM50,0.016076217774771306
TPRN,0.01606314258169106
RELT,0.016009126842676025
KCNMB3,0.01600892323352765
ZNF254,0.015956947653075274
STARD5,0.015857504610011675
MTA2,0.01583394640548408
ARMC1,0.01581362860543195
SGK1,0.015797876501665975
UCHL3,0.01579242910495926
HES1,0.015786404566927925
LY6D,0.015782655739706566
DTNA,0.015710211601432822
ASAP1,0.015682801499260157
IGF2BP3,0.015667724930221838
FAM131A,0.01565828156476602
TVP23A,0.0156437359496249
MPST,0.01558911837317456
SLC28A1,0.0155074257900496
PRDM2,0.015493775764660322
ZNF37A,0.015472658034882403
LRRK1,0.015467370203449238
ASTN2,0.015397578227943465
VPS13C,0.015374973615769616
HSPA1L,0.01536992943212001
HSD17B4,0.015364917091213903
ANKRD17,0.015357425812270342
CUEDC2,0.01535303284062045
TRGC1,0.015350981925129084
CDH13,0.015344945862488912
OTUB1,0.01534178104967221
COA1,0.015340707176676238
RPS6KC1,0.015337454638136433
KRT18,0.015317029534534066
TSNAX,0.015272507933570822
VPS13B,0.015251947218897222
DCTN5,0.015140645012614473
FABP3,0.015085726313929904
POU6F2,0.01507757777362878
ARRDC3,0.015057961483306737
RAD18,0.015038853172470557
UTS2,0.015001299070933227
CCDC141,0.01499902375889739
PKIA,0.014992782686719275
ZNF493,0.01497416273235122
ITGAE,0.014939653488234006
IGDCC4,0.014933026732605992
EMC8,0.014869872701686382
RTEL1,0.014868320506148724
KREMEN2,0.014772566467284975
MAN2A2,0.014754106062665695
JARID2,0.014724326508728791
TRAF5,0.014652423895067046
RP11-231C14.7,0.014621597629554409
TBX5-AS1,0.014605952859653187
FCRLB,0.014590461221877127
C5ORF42,0.014584276985670802
VPS13A,0.014578109156799912
RP11-334C17.5,0.014560336543658833
ZNF26,0.014543685661134176
PEG10,0.014494260439973483
TAF5,0.014481158980210407
SGCE,0.014453796850564804
EHHADH,0.014451061837290613
DPPA3,0.014403182173509332
URGCP,0.014364146071980693
IL17B,0.014330287254448792
PDE8B,0.014323952875378243
BAG6,0.014318620283001238
EPN2,0.014293068564698252
ADCY4,0.014277473115874129
ALPP,0.014175752902533145
PRPS1,0.01408454446556251
RNASEH1-AS1,0.013994663172340549
PPP6C,0.013910944529919922
TPMT,0.01390885848703527
CS,0.013884521011574114
ST3GAL4-AS1,0.013840110194114658
DDX1,0.013816898720719117
CDC25C,0.013812272241165213
TBRG4,0.013772549792521627
CLDN1,0.013751598417190203
GOLGB1,0.013741602384149676
GNA12,0.013731941547398874
SLC1A3,0.013667944378033203
RASSF1,0.013658622422724864
STX10,0.013619429409425843
ACOT11,0.013618760800459928
OVCA2,0.013594211856416738
SLC5A6,0.013520792972932294
PI16,0.013511595802172593
DNAJC25,0.013509903554231595
FNIP1,0.013500465898318548
LYRM1,0.013486908022504462
PACSIN2,0.013435998833197682
MAVS,0.013413401442056605
CBLL1,0.013308662983885555
EIF3J,0.013297764916398336
AP5S1,0.013262355406293835
PLCXD3,0.013256427426182327
UQCC3,0.013230158179299178
CDADC1,0.013197368063171233
ANKRD2,0.01316097413583106
DNTTIP2,0.013145804704471575
CLMN,0.013145075659679303
DPP9,0.013117959720962469
TFAP4,0.013117912366594653
RP11-557H15.4,0.012971533475095276
KDELR2,0.012886743100071207
AGR3,0.012855303585498135
C1ORF53,0.01283738653157146
ADGRB2,0.012799921247549029
SCAMP1,0.012740667721045595
FNDC1,0.01271128510808979
SPTLC3,0.012672916925092759
KBTBD11,0.012670003324079804
TIMM22,0.01266983094380425
SNX22,0.012647630503794915
TNFRSF14,0.012629307895539621
UBE2F,0.0125711578219182
PDCL3,0.012502373202598727
ARHGDIA,0.012498401176477714
TACC1,0.012441422750823439
MVB12B,0.012429838726594422
SDHAF2,0.012398766931309924
FAT4,0.012398539167020883
EFCAB11,0.012397620066074519
C11ORF68,0.01238027274650716
TRERF1,0.012378894609278879
ARHGEF2,0.012368504013325454
KIAA0930,0.012348371933157798
TAT,0.012320354784395637
PVRL3,0.01230504706603655
SH3RF3,0.012302604688735425
SPRED1,0.01228140349859097
TMCO1,0.012280122380466496
AC004540.4,0.012275726193921851
RTCB,0.01223699978994508
ADIPOR1,0.012187117734030806
HPS1,0.012179285894796332
SRP72,0.012177870504840316
CCZ1,0.012124294408743186
UAP1,0.012087235855937739
UBE2G2,0.01205724505260608
DCXR,0.012038520001222852
SESN2,0.01199491499784644
EPS15L1,0.011985503623838767
SCYL3,0.011966421836543617
HTR2B,0.011931411254562652
RPP40,0.01190610070092979
TMEM161B-AS1,0.01186086232726083
SPATA20,0.011859768597523523
NAA20,0.011822986137641989
ASCL1,0.011816797835345394
ZBED6,0.011813899397463856
ZNF528,0.011777479392264228
IRX4,0.011777460357022984
RELL1,0.011744458045710449
MLX,0.011692493802541337
RP11-76E17.3,0.011686753847484549
FAM122B,0.011679763551267597
LIPT2,0.011613013936442595
TMEM135,0.011560850303280218
B3GNT8,0.011550167245575713
COPS5,0.011535433562635755
NAF1,0.011531199388633229
GRK1,0.011442454447670003
SUMO3,0.011420655339100527
JKAMP,0.011413615305570002
DTWD2,0.011410804154636633
ARL2,0.01137444885332789
AIP,0.011373346137020346
LAMTOR4,0.011341539398719291
TARDBP,0.011236799582641455
CHUK,0.011234150694489742
RP11-727F15.9,0.011218026576692422
STARD13,0.01119961811614939
MRFAP1,0.011195658387105123
DGKA,0.011161277643464085
AKAP5,0.01114438641198301
RIT1,0.011131782979852956
BLOC1S1,0.011118916602359752
ZHX1,0.011086459044257369
FAM124B,0.011077604254867202
ETFB,0.01103449184250338
AGAP3,0.01100534674616177
KTN1,0.010993052817419302
RAVER1,0.010854241908206719
TMEM136,0.01082163474138971
JMJD7-PLA2G4B,0.010814277174337028
MACROD1,0.010801819494231757
EVA1A,0.010798536138146964
DYRK2,0.010773204812417447
RASL10A,0.010761249987873256
ZFAND6,0.010751488007746834
KLK7,0.010729698985170288
MKKS,0.010726316807179948
UGT8,0.010694822379905378
IKBKAP,0.01068890629488864
ENO1,0.010621002918559053
RP11-532F6.3,0.010598381221877118
BFSP2,0.010592373208810457
DGCR2,0.010552989687983128
NIT1,0.010531960677034324
FAM221A,0.010522604822119266
ARPC5L,0.010503876971097448
POLDIP2,0.010396100575690848
TMEM25,0.010301730709555618
GABRA4,0.010290359569382734
FRMD1,0.010267464815279626
SCP2,0.010265466701648074
GOLPH3,0.010242938382053701
KIAA1468,0.010203823147648367
SYVN1,0.010193670226584683
HLA-F,0.010169088910312762
COPB2,0.010134137453146397
VANGL1,0.010028434858862179
NUBP1,0.010020381796778888
RABL6,0.009905369087591154
THBS4,0.009866612648756323
CXORF23,0.00982491360153484
TMSB4Y,0.00980622633590289
THAP3,0.009780222738897615
SNRPN,0.009668781935457949
ARPC1A,0.009429820278518242
CAMSAP1,0.00937425971980882
C9ORF91,0.009352142598338123
HFM1,0.009300223177099554
CD99,0.009292676284197166
SORCS2,0.009180226519856005
MIXL1,0.009140437132390544
ARFGAP2,0.009139591470067043
HIST2H2AC,0.009132887305056639
LATS1,0.009116288702994524
CCDC155,0.009112870443487853
STXBP5L,0.009110544340232396
CDKN2C,0.009104197837371264
ATM,0.009092209896259695
UBR4,0.009061990752611049
ADCK2,0.008986372841870816
CHPF,0.008985563908784577
PARG,0.00898231329846133
NIPAL4,0.008966211227192045
YWHAB,0.008931416981451723
DOK5,0.008917564015510193
FAM83A,0.008902877286263308
UBE2K,0.00890215716142806
RNF125,0.00887083584053383
SLC35B2,0.008858886135592825
MRAS,0.008851312838770387
VHL,0.008829184344780083
RNF144A,0.008771429644923334
WDR82,0.00876057689677745
SUPT3H,0.008757157830623252
RAB11B-AS1,0.00872964295443758
TSTD2,0.008712621664453718
TATDN2,0.00865660343757818
STX2,0.008598063995342353
UNC45A,0.008576210217204006
LARP7,0.008530295666287158
RALGDS,0.008511948202990616
ENPP4,0.008487704903099302
MRPL27,0.008471999076840708
CRAMP1,0.008462285933830305
CMTR2,0.008453805205550058
SLC32A1,0.008446331096313875
HEATR5B,0.008356322726249088
INADL,0.008355730747110587
FNDC4,0.008336956919587635
RP11-538P18.2,0.00833023107253257
COA4,0.008283452304209127
ZNF330,0.008281851695416897
SKOR1,0.00825280084390101
SRRM4,0.00823362900158131
ECHDC2,0.00822771678647638
RP4-549L20.3,0.00809544734948045
OBSCN,0.008093319648965314
SP4,0.00806079964219375
PDIA2,0.008054721683195099
SLC2A11,0.008038911919646202
PHC3,0.008032437670664527
PDE4C,0.008006798419788907
MGAT3,0.007988225106999425
SHANK2,0.007983705860090118
ADAT3,0.007956147171276795
STK35,0.007946847673968915
DAB2IP,0.00793132144513764
C12ORF66,0.00788907621796342
VPRBP,0.007844033083692345
RP11-472N13.3,0.007833426526685394
ATG4A,0.00781675144109617
GUCA1A,0.007749105106063747
COPA,0.007739535358380789
VTI1B,0.007728984734284738
ST8SIA6,0.007723937510488388
DIRC2,0.007667870566232707
GAGE10,0.007579847438998533
ZBED1,0.007570619961087377
PCSK5,0.007561474298499848
TMEM108,0.007526098581767726
PRSS36,0.007517384158413909
TRIM52,0.00747971880471468
SLC24A3,0.007406451578578943
ARL16,0.00737243728188991
TIMELESS,0.007366019766237519
HIP1R,0.007359044115037072
FAM135A,0.007342487135798617
VSNL1,0.007321755447785239
COPE,0.007313150797650714
DCTN4,0.00729542352014112
TMEM200B,0.007277344398738658
VSIG2,0.007222425137687005
PTP4A2,0.007148548674213051
METTL18,0.007145920087428925
HEY2,0.007134289119320902
IKZF3,0.0071281869462173075
BTG2,0.0071185762999459445
ADAM9,0.007115392818879074
SLC16A1-AS1,0.007075414582779202
ALKBH2,0.00701868956708096
KIAA0922,0.006975473484929953
AMPD2,0.006947684944935917
EFTUD1,0.006931834477045512
MZF1,0.006851152102306857
NRDC,0.006839455070650202
PARD6A,0.006838145275519181
PLEKHG3,0.006829100905629604
WDR26,0.006819125425180261
CUL2,0.006817229215510423
PCGF1,0.006767643544492885
C17ORF75,0.0067436912259598025
CERS6,0.006735259757462475
CTD-3184A7.4,0.006733415348116223
PURA,0.006731570133870268
PLEKHA7,0.0066920538955319575
C12ORF73,0.00667180532547465
TGOLN2,0.006620796887778058
DGKE,0.0065615439337464165
NRBP1,0.006531325615044992
FOXP1,0.00648703651231719
NOMO3,0.006417990655260941
ZNF318,0.006388390498336352
XXBAC-BPG13B8.10,0.006310144627544867
WBSCR27,0.006257918890832909
SAV1,0.006249036970880861
ST13,0.006245834014944607
ARHGAP39,0.006231417363136205
TRIM54,0.0062295417465697
APPL1,0.0061950935073342706
DCAF17,0.006123755995011693
TTC1,0.0060935167039928295
AVL9,0.005991874943204467
MYO19,0.005923176127786145
RP11-395G23.3,0.00591191720987623
KLK5,0.005893436945449082
EXO1,0.005883226869606517
ZDHHC19,0.005804011221877126
OSBP,0.005747055602361106
ASL,0.005731732646813481
FBXO38,0.005719654317952516
RGAG4,0.005665446872295504
DCLK3,0.005647035637313558
STON2,0.005607668774487817
PAPSS1,0.0055913905275846165
PTS,0.00558727475012244
MYO1E,0.005548455432263566
GRHPR,0.005518055821186585
VAMP8,0.005502995041191894
ZNF266,0.005500464889943754
CITED2,0.005483625753829324
AP1G1,0.005477847523110757
NKAIN1,0.005457099398517018
PPP1R10,0.005441397486288024
ATAD3B,0.005428095650421683
CRTAM,0.005412293796598244
TMEM214,0.005304196500647951
MATR3,0.005262416063154141
TMBIM4,0.005241253093984766
FRMD3,0.005212003307014337
EIF2B5,0.005192907226876042
RPE,0.00518646830002778
INSM1,0.005157035677212041
CNBP,0.005136396316255398
CTD-2035E11.3,0.005123497249802517
FAM3A,0.005106452545884765
TPRKB,0.0050677368204097295
NMNAT3,0.005049764695170267
ARHGEF18,0.004990472016406733
PRPF38B,0.004917124919102511
RHOBTB2,0.004836689190136578
KCNQ5,0.004819427500707296
ZNF165,0.004805114025707546
ISM1,0.004738427933448419
TLE1,0.004691375953844279
SLC35E3,0.004687016397751875
SRI,0.004670778118836316
ATAD3C,0.004667227152267403
SSH2,0.004642638851359127
ARPC5,0.004624174384033619
SBF2-AS1,0.004585630106559532
RAD23B,0.004578675745826599
LAX1,0.0045709435827304135
STX7,0.004537449773211244
AC009133.12,0.004468574943002318
GPR107,0.004447742612523287
SORCS3,0.004435289459988889
RAD23A,0.004288404152792968
NME5,0.004271337866094516
MCEE,0.004252111175828688
ZNF544,0.004245743416914222
XRCC6BP1,0.0042389606770709826
MTERF1,0.004233535749327
RP11-326I11.3,0.0042111264644327795
RABEP1,0.004204070337380461
VMP1,0.004192643800314588
ZNF260,0.004155493518228581
N4BP1,0.0040888456221410685
FBXL13,0.004085915853567157
REEP4,0.004075983311114306
MICALL1,0.00406786405979398
PDGFC,0.0040455367226565064
LINC01133,0.004041404987322528
ZSCAN20,0.003993086547252389
AMHR2,0.003897131278344901
TPM3,0.003892367365012084
ERP29,0.0038832729794250342
DPY19L3,0.003875300273090701
AHCYL2,0.0038223077986869747
FAM174B,0.003818874566117833
LSM5,0.0037006686501616093
SLC25A29,0.0036667712232808514
KRT16,0.003627469301332731
GPR68,0.003612481224502362
GOLGA6L4,0.0035390061552126872
WDR27,0.0035381913152655042
MEIS1,0.003451075540149562
CTD-3157E16.2,0.003426123024406577
RINL,0.003380360299265195
PLEKHM1,0.003363322103314581
STH,0.003287648773094065
UXS1,0.0032644149407125567
RBM12B,0.0032550987781590213
SHROOM2,0.0032470646596490793
MRPL11,0.003232397031591505
MZB1,0.003228345312375147
DCP2,0.003222896132019426
RUVBL2,0.0032032382271888205
ZNF567,0.0031573039741828596
PRPSAP2,0.0031123892368932204
SNED1,0.003045578383314873
TRIP6,0.003014412704762326
SUV39H2,0.0030060520401008484
RBPJ,0.0029842168959620663
CLIP4,0.0029580204196466564
YKT6,0.0029283309464083196
SPRY3,0.002907137479260413
SESN3,0.002865534775437162
LEO1,0.0028627456266655527
DUS2,0.002851591876067372
TRIM59,0.0027927652921779234
DTX4,0.002755661560899736
XRRA1,0.002741488494393096
PFN1,0.0026958732028986576
WNK4,0.002612466014835335
SHOC2,0.002609661076961478
AKR1A1,0.002519697458584269
HIF1A-AS2,0.0025070012764189797
AURKAIP1,0.002485299993201462
NHLH2,0.0024668610558820636
EIF2AK4,0.00239249025026933
XRN2,0.002376181494448848
CYP46A1,0.0022748118507811554
FABP7,0.002271657960233986
ABCD2,0.0022606287231542455
GTF2IRD2,0.002259097425608758
TAF1C,0.002212667220236053
OR2A1-AS1,0.0021669747003018464
CYS1,0.002107428603133732
CCDC137,0.0020756448471429545
SPR,0.002073313537741761
HECTD2,0.0020722851265081305
SLC38A5,0.00206630003881908
STEAP2,0.0020482674820999636
PJA1,0.002018209911381408
PLD3,0.0020045151873472333
TLDC1,0.001999429419306739
ZC3H12C,0.001976385221417881
TAF9,0.0019536483759543533
ARHGEF7,0.001925057525661411
ZNF781,0.0019131554593677796
ZFPL1,0.0019008147609967385
UFSP2,0.0018753133107901054
PAX8,0.0018740127783510863
SIAH1,0.001870985889528276
PHOSPHO2,0.0018037687679481884
TRIM21,0.001744950188939054
USO1,0.0016841902546154142
ZNF79,0.001639958305238498
ZNF626,0.001619677692862545
RBM45,0.0015221753173515484
MPDZ,0.0014936170933637083
KCMF1,0.001479956005450811
CNNM4,0.0014209903864211837
NOM1,0.001386905364265889
ARMCX5,0.0013756640476461912
MAP3K7,0.0013623674420966125
ENTHD2,0.0013590802785910933
THRSP,0.0012787609621439655
SRGAP2C,0.001276942104251555
ATHL1,0.001233103330620114
UFC1,0.0012207992873187745
ABHD18,0.0012121356315514392
RBBP6,0.0012078452364395753
HERPUD1,0.0012004903688416224
ENOPH1,0.0011617884853593052
BTRC,0.0011382272804774107
RP1-79C4.4,0.001137675078621947
SNAP47,0.0011181696012473319
FAM200A,0.0010930628581370117
HHEX,0.001090362868663819
HBM,0.0010776720337041246
TP73-AS1,0.0010256390513527086
ARL14EP,0.0010154044324400258
WRAP53,0.0009858254757781904
NSFL1C,0.0009400088399746931
ERGIC2,0.0009310279818787737
METTL5,0.0009056374433688008
REV3L,0.0009002939471771665
VPS37A,0.0008772401599167479
SLC39A3,0.000868801175106515
MST1,0.0008465782953759327
PLA1A,0.000838365723140444
GUCA2B,0.0007797251174482822
TSN,0.0007676994391621061
ROGDI,0.0007638082979050109
PYCARD-AS1,0.000732132180433609
SLC20A1,0.0007160292214871689
CALM2,0.000662811081672543
ZNF34,0.0006419532390714855
PTPN13,0.0006342213573772293
CBY1,0.0006183287009998706
ACP1,0.0005945302891035009
STYX,0.0005767098999671649
CHCHD1,0.0005722483333830963
PLAGL1,0.0005659412863729951
WEE2,0.0005224532866069387
MRPL18,0.0005109995329761752
OTOGL,0.0005048132150006768
CALR,0.00049968493015351
ANO5,0.0004707961355175927
TF,0.00042541371132875927
STOML2,0.00041709785051746717
MFF,0.00039986914514600347
CRYGD,0.00039882308840655245
SNRPC,0.00039691272719866166
WSB1,0.0003856937841412167
AC074117.10,0.0003853042712703425
GRM5,0.0003214323126652374
STX6,0.00026462885844447115
NANP,0.00024013794888155804
ABCB6,0.00023251338222896045
SNTA1,0.00022752749076004886
BDH2,0.00020320477542334903
RP3-395M20.8,0.0002000766535778381
TMED6,0.00017862281870536373
MRPS15,0.0001620797465751167
KLF16,0.00015651024773549738
CTTNBP2,0.00014073234051314998
PPP1R21,3.260955553807676e-05
ARSI,2.195481149852574e-05
JCHAIN,2.1506184820108132e-05
ZSCAN26,2.052398856701443e-05
CEACAM6,1.856033845709648e-05
VTA1,1.6510787208434685e-05
PIGU,1.2657626579370973e-05
OLAH,4.147095634676745e-06
TOX,-2.6868571414567777e-06
DHFRL1,-1.692041228693042e-05
SPG7,-1.9515810475989603e-05
TAF12,-2.430089086713494e-05
CDH15,-3.3373651705415064e-05
BCL9,-5.3211382193940615e-05
TLE2,-6.281780889927369e-05
PHF11,-0.0001191542153664571
DNAJC18,-0.00016175096215886864
PSME2,-0.00017537356340324717
B3GNT5,-0.0001867278748465262
SLC25A12,-0.00020437775184983797
PON2,-0.00022299729111147082
MRPS16,-0.00023167292735715161
STARD9,-0.00025234625301906455
SIDT1,-0.00025805807784046175
FAM193B,-0.00026289284972988436
DUSP3,-0.0002933706013852344
KPNA4,-0.00033771382995784194
EDF1,-0.00037276432215327393
RP11-254F7.2,-0.00037427291696839893
JAKMIP2,-0.0003975225170904789
BRMS1L,-0.0004146837709100293
LAYN,-0.0004240133485980957
CABP1,-0.00045028028126381514
XX-FW83563B9.5,-0.0005034268751315102
SUMO1,-0.0005753811060930092
ZMYM1,-0.0006253598742139155
MGARP,-0.0006761066492486922
PTPRN,-0.0006797283193278325
JMJD6,-0.0007027129011569211
C2CD2L,-0.0007290511963333607
YIPF2,-0.0007704216220217885
CXADR,-0.0007717647948700668
RP11-499P20.2,-0.0007900437781228759
CTA-293F17.1,-0.0008326887781228837
UBXN2A,-0.0008353155326054074
NAA38,-0.0008489843805293829
THAP4,-0.00085029130319908
DGCR6L,-0.0008538758218161746
MIER1,-0.0009352166481098045
GREM2,-0.0010156116682724647
ACAA2,-0.0010222765833912684
PAQR5,-0.0010505071676150668
SULT1A1,-0.0010965310237067705
PREX1,-0.0012058455458113793
ELAC2,-0.0012266969274667971
PER1,-0.0012511405570633238
ARHGAP28,-0.0012994242287067415
MRO,-0.0013011682000017288
ADAM2,-0.0013322301308101858
ZGPAT,-0.0013729344058253656
MIR210HG,-0.001404792157674556
LINC01506,-0.0014131613680383737
SRRM2,-0.00142834449339857
RAB5C,-0.0014400080903836932
PPM1L,-0.001473633678419184
KAT8,-0.001493935444860428
GK5,-0.0015012986885218904
HGS,-0.0015859540115680248
CFAP52,-0.0015875885206256823
OR51E1,-0.001605403209937295
STIM1,-0.0016117862601838784
GPR161,-0.0016141007618333258
GNG3,-0.0016225760820087753
RNLS,-0.0016482290819844758
PYURF,-0.0016501352493026311
ME3,-0.0016668233847697556
LSM7,-0.0016678849345965752
ILF2,-0.001671555742463804
SGOL2,-0.0016790887781228808
SEPHS1,-0.0017070763993242144
STRAP,-0.0017208411503863985
HKR1,-0.0017343164408623324
WDR62,-0.001742064091747375
FLRT1,-0.001768695390989783
SRRM3,-0.0018272209700742614
ZNF275,-0.001856526586526533
PCLO,-0.0018624835415070873
STAU2,-0.0018744209269836998
UBQLN2,-0.0018980154766240487
ATG16L2,-0.0019164285071862075
TRIM35,-0.0019235981144534037
NIPAL3,-0.0019239991776186516
IFRD1,-0.0019273395516957725
POU2AF1,-0.001942859453592738
KLHL18,-0.0019847633909382267
DNAJA2,-0.0019893093862568545
NR5A1,-0.0020006333527166076
FAM91A1,-0.0020362271089824358
TSKU,-0.0020741892599897005
UBAP2,-0.0021094297823803787
OLA1,-0.002113839848542576
SAMD3,-0.002118938663617592
PTPN4,-0.0021278793710542976
CAPRIN1,-0.002132870749495641
NIFK-AS1,-0.0021383034248155103
NXN,-0.0021391198623464946
CACNA1I,-0.002163692840253306
CRKL,-0.0021732801583939088
SREK1,-0.002183071321798291
NME4,-0.0021944803755430398
DHX57,-0.0022005368022394167
DTD2,-0.002215191795027785
KDM6B,-0.0022260782904829357
KCNIP3,-0.002230855342299054
MRPL32,-0.0022680925323556034
ZPR1,-0.002278521667207767
PRRC2C,-0.0023593928478373716
SLCO5A1,-0.0023844742353336668
HEXIM1,-0.0024100057252532947
SMG9,-0.0024149101444469467
C22ORF29,-0.002425516665188268
ST14,-0.002433500510560793
SLC10A1,-0.0024491884916753026
ARHGEF4,-0.002474379784116354
ZFP14,-0.0024922277336712068
NOMO2,-0.002578753550092683
GUK1,-0.0025841404854041183
LINC00900,-0.002632139781662865
WDR35,-0.00264638507746473
SGPL1,-0.0026672683299868716
WDR37,-0.0026695007106224966
POLR2F,-0.0026846318528817026
FRYL,-0.002760740082937474
FBXO33,-0.002762821686572603
NMRK1,-0.0027930524846628835
RP11-596C23.2,-0.0027983047214202167
NUAK1,-0.0028582287248086202
TESK2,-0.00285920308416783
CCDC84,-0.0028791280263579244
PLP2,-0.0028843022676912633
YY1,-0.0029902775577023144
KLK2,-0.0029992157263697417
CKMT1A,-0.003006796516205612
EFS,-0.0030186878185818333
ZNF771,-0.003045333912457801
RNF38,-0.003081063655812788
NBEAL2,-0.003135127040155228
FAM171A1,-0.003154705605514882
CDK5RAP3,-0.003169319346971178
CRELD2,-0.003204976999019782
NRSN2,-0.003215891625716477
FASTK,-0.003221578005931869
CTD-2017F17.2,-0.003238499006609108
HERC1,-0.003239719548051301
C5ORF38,-0.003242781493099006
ZBTB7A,-0.0032499674690621427
NLRP8,-0.0032606986991512432
CYB5R3,-0.0032995705190654867
KCNH6,-0.0033099965710917667
PARP10,-0.0033177024985391323
SNRNP70,-0.0033252963560022053
THAP7-AS1,-0.0033319785916854014
CCDC77,-0.0034374591626697634
RP11-390E23.6,-0.003492801417081387
MEF2A,-0.003528082972603541
YTHDF2,-0.0035872308024196276
MGME1,-0.003608473747405694
L3MBTL4-AS1,-0.0036218760160166147
PAFAH1B1,-0.0036452192551634788
PEA15,-0.003651849780995753
ZNF638,-0.00366952843535967
HTR1F,-0.0036758005766477364
LSM14A,-0.003715173752288581
EFHC2,-0.003760965568297636
FCRL4,-0.0037648240013912204
RAB11FIP1,-0.0037700951304819874
CTBP1,-0.0038402700920078248
PVRIG,-0.003883026533998246
ABHD8,-0.003924079875521347
COX18,-0.003945824115688834
B3GNT9,-0.003986604982901182
FUBP1,-0.003988795844573678
TNR,-0.003993305747082454
CCDC64B,-0.0040253317505021535
DUSP7,-0.004032169092749671
KDM2B,-0.004062987426576403
NUDT14,-0.0041716915127673615
C1ORF109,-0.004180735559773274
KCNAB2,-0.004191191436693331
ETV7,-0.004220124607286435
TP53I13,-0.004308548483511032
EAF2,-0.0043658538490068954
SUGP2,-0.004367868823173193
RAB40C,-0.004368222434433189
OSER1-AS1,-0.0043907956252739605
COPS6,-0.004392009222039972
UBOX5,-0.004400275802486475
COIL,-0.0044063969395974345
RPS19BP1,-0.004414077076206446
PZP,-0.004417125989091331
LINC00987,-0.004451408612837493
FAM168A,-0.004459651835426293
FBXO2,-0.004462240755345015
ANKRD65,-0.004462374826105273
TSPYL5,-0.004525256266333211
ADIPOR2,-0.00459044146746912
FAM73B,-0.004616027196993701
FANCG,-0.004628603612321647
RABAC1,-0.004659619567906614
BCL6,-0.00469675288370297
MOGAT3,-0.0047498193760332486
TRIM14,-0.004783542462300117
SLC39A7,-0.004790990743162693
CRABP1,-0.004806715721302202
SPTSSB,-0.004858480524628117
TMEM41B,-0.004878440636784831
OTOF,-0.004881320572393322
FOXE3,-0.004911311708719446
USP25,-0.004934567027661263
PARK7,-0.004953960148244896
ISCU,-0.004957726690081654
SPRR2D,-0.005018102989646611
DCAF4,-0.0050429872116320995
GRPEL1,-0.0050674580194605134
AKAP1,-0.005080635615827056
AC009506.1,-0.005101088855711769
PSME1,-0.005124587785816037
GRB14,-0.005158585761384948
WDR24,-0.005190451695124998
SRSF2,-0.005221032860296404
FAM219A,-0.005222104615068876
TMEM161B,-0.005246541227889132
SCO1,-0.005265551738472873
SERP2,-0.005281967213552299
CEPT1,-0.005289929487998224
SLC1A6,-0.005305814494651062
FBXO9,-0.005319135632262995
CHD3,-0.005324799280465253
MAZ,-0.005327275592859837
ALDH3A2,-0.005360435075043024
NATD1,-0.005377830977093941
PLIN4,-0.0053901623795341025
TTC31,-0.005421840868398253
MIEN1,-0.005428459014172382
TPPP,-0.005431990514570828
SLC25A46,-0.005434651280645686
ZNF181,-0.005443574645100688
SLC25A51,-0.0054471544654362825
PTPRA,-0.005488885326823623
ULK3,-0.005513420723271989
ZNF654,-0.005613569733071699
NR0B2,-0.00563765022671725
CDCA8,-0.0056393051161829355
LINC00475,-0.005651548778122878
CD72,-0.0056554955562627685
FARS2,-0.005667680242400941
KCTD19,-0.005692399886899291
EID1,-0.005697965337392308
TMEM222,-0.0057326258649139095
CREB3L3,-0.005757927113165917
HSPA6,-0.005762834643107229
C15ORF52,-0.005766028431316406
TRIP11,-0.005805665903778512
MFSD10,-0.005808118025312947
PCDH1,-0.00581357877303855
DIEXF,-0.005824863060006791
HIST1H2BG,-0.005831814778122876
WTAP,-0.005894318302729573
MMADHC,-0.005897841793070957
AC108488.4,-0.005930185092059184
GYS2,-0.005949082761917968
RP11-47L3.1,-0.005998578062774859
TP53BP2,-0.006075116591789276
TCF7L1,-0.00608012846512207
TMEM217,-0.006085159743918003
NRGN,-0.006090504735479785
BCAS3,-0.006094393798480369
THUMPD2,-0.006106668507021518
CCNB1,-0.006142510039791271
CLPP,-0.006206164670826797
EIF2AK1,-0.006207703203036874
TNK2,-0.006209393723570322
HPN,-0.006226446707046973
OSGEPL1,-0.006251300365811119
ACAA1,-0.0062767550527959015
TXLNG,-0.006280794452839633
PCYOX1L,-0.006291451990483782
VAMP4,-0.0062977773956492955
PRRC1,-0.006297816650808197
GDE1,-0.006300838008617526
RALGPS1,-0.0063071000185084825
PAGR1,-0.006313556347547211
TTI1,-0.006313873655621638
P2RX4,-0.006324618845588437
PDDC1,-0.00634553117603566
ASCL2,-0.006437537508872826
PTH2R,-0.006448324066033073
SLC1A5,-0.006478561191728738
ACTR10,-0.0065454871824150995
RICTOR,-0.006563424920919436
NUDT6,-0.006599292379303567
DAG1,-0.006616860233299882
ASCC2,-0.0066191186786273
ELOVL4,-0.0066496010177594655
ZBTB17,-0.006669279234842729
NFATC2IP,-0.0066795143866832385
GAS2L1,-0.0067107979574838605
EGFLAM,-0.0067881887354850345
ANP32B,-0.006795250195023972
PDAP1,-0.0068035772379143045
LMX1A,-0.006843955528174628
CDC37L1,-0.006852690273444262
PBLD,-0.006856240728314644
C1ORF64,-0.006864715572183294
ZNF765,-0.006902978778122876
EXOC1,-0.006927682145577374
AP001372.2,-0.006937290254875696
SLC22A18,-0.0069431149532325764
APH1B,-0.00694319188964676
DYDC2,-0.006976273348049178
ZNF189,-0.0070138414389161186
EP300,-0.007065445785378266
CDCA7,-0.0070673139310329924
ATF7IP2,-0.007100356497697413
CKMT1B,-0.007109749164638468
IL17C,-0.007160217678926828
MYOZ2,-0.007197983306334366
PEX5,-0.007267608553737648
MFN1,-0.0072691043587134185
WAC,-0.007272662004996822
ZNF587,-0.007275898560237762
UBA1,-0.007304447610130271
SLC25A6,-0.007318560610258484
LAMTOR1,-0.0073450833663801784
MYBL2,-0.007358723527080113
U2AF1L4,-0.007365223740692983
WNK2,-0.0073664924868075965
SLCO1C1,-0.007403821631600971
MYPOP,-0.0074082000487672856
RTN1,-0.007409222319172848
KCNN2,-0.007455664651384142
RASSF2,-0.007464191977810952
GPR132,-0.007473343267783261
RPAIN,-0.007475147340525845
NFATC1,-0.0074752220220764
BEND7,-0.007551093005326387
ABCC10,-0.007600198778122874
LRTOMT,-0.007612328899359921
RNF13,-0.007616247777400331
TAOK1,-0.007616507585942345
CHORDC1,-0.007648226931732727
CAPN3,-0.007667544792591685
AK3,-0.007685669652494953
PIDD1,-0.007702679792585321
PRPF3,-0.007715835072943045
SMG8,-0.007815257616247573
RAPGEF3,-0.007836632526642018
AC109642.1,-0.007841127759615832
ATXN7L3B,-0.007845228814395921
KAT2B,-0.007847706068687232
ARIH1,-0.00796188930641939
NFRKB,-0.007966308788318166
CAMKK2,-0.007976697909062747
CSMD3,-0.008024944593175043
SEL1L3,-0.00802840163348495
LAGE3,-0.008037529964695034
CA6,-0.008041200698835849
ELL,-0.008076175103474137
AEBP2,-0.008088105696295367
PRTFDC1,-0.008112022516663597
PRPF38A,-0.00812451800934011
ZC2HC1C,-0.008135621717805464
ZNF600,-0.008137947080556165
LRRN3,-0.008164009030692976
HNRNPUL1,-0.008167363238465897
ABHD12,-0.008190197368888708
ARL1,-0.008204909908427371
HOXA9,-0.008239696579131595
RBM8A,-0.008251425344275587
GRP,-0.008259768259238465
FETUB,-0.008375672813008161
NUDCD1,-0.008394687565374426
PAX3,-0.008399884156883197
UBE2C,-0.008414371211258431
ZNF684,-0.008421722770036867
CLEC16A,-0.008426642216229518
AP2M1,-0.008430880633633842
STON1,-0.008440395225414454
PM20D2,-0.008481943625141514
IQSEC2,-0.008482179582380789
UPF2,-0.008508930313341767
PHLDB3,-0.008535246616746817
AC009403.2,-0.008582080267398026
ACTR1B,-0.008606398470105914
SDSL,-0.008635928289175365
SPRR2F,-0.008638445131955552
RBM3,-0.008648789268053736
POU2F2,-0.008652827825138987
LDLRAD3,-0.008653118084639089
LINC00839,-0.008669050386985802
KRT2,-0.00867338495945258
TMEM156,-0.008685803763572544
MARK1,-0.008715621566315834
RBBP7,-0.008721619225135813
GPR176,-0.008752395035191735
TOMM5,-0.008780267943662823
ASB3,-0.008782042236746057
GMDS-AS1,-0.00879068029352284
GABRB3,-0.008795766635684488
ESRRG,-0.008797754140454472
GIN1,-0.008803118687461017
KPTN,-0.008803628665749685
TESK1,-0.008868241419337841
KHK,-0.008879664305829316
BRSK1,-0.008916116288061104
NUDT22,-0.00894454001660877
RP11-412D9.4,-0.008959042140352584
GGNBP2,-0.00901922857968035
WDR72,-0.009028095244099199
TMEM260,-0.009037069705454578
C7ORF43,-0.009092478244372648
FAM65C,-0.009125912616702682
ZSCAN5A,-0.009163060501748435
PHC1,-0.00916308458604409
MVP,-0.009190064845357393
A1BG-AS1,-0.009191062304510153
SLC38A2,-0.009195761242623723
LRP4,-0.00922223211367551
MEGF10,-0.009250391762041399
CTNNA2,-0.00929292710569285
LMNA,-0.00932440130836365
CKM,-0.009334328932933511
MADD,-0.00935334144622002
DTL,-0.009401093285801077
TMEM175,-0.00943271752438496
RAB2A,-0.009440792641756346
RGS3,-0.009453962232743196
MBTPS1,-0.009471232543825425
SH3GL1,-0.009505121428175833
TREH,-0.009506815699905413
CDC42EP2,-0.009507531121359436
SMAD9,-0.009508876485155526
MEP1B,-0.009524729383731112
ABCC3,-0.009533849525502958
AMZ1,-0.00954663573566699
SLC18A3,-0.009559790787759037
A1BG,-0.00963099705700543
FUK,-0.009647282877703375
TTC4,-0.009703294408984264
LINC00694,-0.009714188667454535
GLB1L,-0.009728186509548417
GOLGA4,-0.009731145561705512
ILKAP,-0.0097324887361811
PGLS,-0.009768144002444301
SLC9A3R1,-0.009788423385147405
ZNF100,-0.009802603173663847
CLDN6,-0.00982884158861197
UBXN1,-0.009834652569673974
RP11-327P2.5,-0.009849406632799242
MTURN,-0.009908000609420278
PHLPP2,-0.009922603202101365
RP11-400F19.6,-0.009922997758837745
RP11-192H23.6,-0.00996033243395486
RP11-803D5.4,-0.009974597998887641
PNRC2,-0.009984688210067927
IRF3,-0.009992079295516265
CROT,-0.010077730164058663
KCNC1,-0.010092587361311245
CNOT4,-0.01011386285151894
PPM1G,-0.010125081278156034
MOCS1,-0.010156068772413707
VRK1,-0.01016706145939561
TENM3,-0.010175648083817157
CYP4B1,-0.010196426129796876
ZNF529,-0.010307431412379442
ARHGDIG,-0.010309482695050276
UBQLN4,-0.010317392465681863
RILPL1,-0.010328059128823674
WDR7,-0.010334241715296955
PPM1J,-0.010344964556183042
PHF5A,-0.010362290774069804
MRI1,-0.010372599642275548
TJP2,-0.010389934511029209
EML1,-0.0103900361376712
NAT1,-0.010476382311393584
SLC25A3,-0.010482280687766243
CTD-2186M15.3,-0.010485194358239053
ZBED4,-0.010493604509044727
HNRNPAB,-0.010514781762574477
PLXNB1,-0.010559294714282408
NEDD8,-0.010586487963493707
CCDC174,-0.010594277688177778
NPIPB15,-0.010599414756668174
COX15,-0.010604519075455121
CCDC51,-0.01060607273058184
DBT,-0.010616978893743134
GDI2,-0.010625906215110836
MROH1,-0.01069242706556367
KCNK1,-0.010699184187352606
GOLGA8B,-0.010711190876523335
TTC9,-0.010733498526992194
RINT1,-0.010781372143830459
NFIA-AS2,-0.010783782977882093
MORN1,-0.010786527120678624
NPIPA1,-0.010794903596017091
HARS2,-0.010803254055698819
CLK4,-0.010824261483142028
AGPAT2,-0.010827419543279926
IGHGP,-0.010857078815730337
SHD,-0.010863071640316191
SERGEF,-0.010865991227621163
DENND1A,-0.010869359338145035
DCTN1,-0.010879237684871201
DOCK3,-0.010905580867750952
HS6ST2,-0.010911374143602548
AATBC,-0.010920739425391832
SPICE1,-0.010996203740999577
MECP2,-0.011002472722382195
PARD3B,-0.011031982116312344
C10ORF25,-0.011063845337309745
DLG5,-0.011077388963360801
SESTD1,-0.01107900092084979
PGBD2,-0.011080347454110927
CTNND2,-0.01110018548527314
DLEU1,-0.01113202084434417
FGF22,-0.011176536306538698
RUFY3,-0.011183093075434636
TUBGCP2,-0.011209524373728741
SPOCK1,-0.011209884008399063
PTPN21,-0.011219571161904307
PPCDC,-0.011232456381782163
WFIKKN1,-0.011248490976494607
PRUNE,-0.011251948778122883
PDX1,-0.011270576064019378
MTERF2,-0.01127560258985344
DCAF7,-0.011295576325301537
TIMM17B,-0.011300814757875921
ADGRL1,-0.011344134741738787
DNAJB6,-0.011345360125690984
ADAMTS16,-0.011373549786367503
ELOVL3,-0.011431228214415223
APTR,-0.011432798492421528
SMYD2,-0.011446712267713155
TRAPPC10,-0.011449550158821653
MGST3,-0.011463626492696721
ULK1,-0.011492490813094225
AC007325.4,-0.01150998505266737
GPR3,-0.0115381505838682
RP11-255M2.3,-0.011542222411717054
ZFAT,-0.011590309297541054
RCAN3,-0.011614958192972313
FAM216A,-0.011618072713544286
TMEM220-AS1,-0.011637018415043304
KIAA0408,-0.011692302769229002
DAW1,-0.011706964928100083
TRMT44,-0.011724510494440621
SUGT1,-0.011728080992126855
EIF4ENIF1,-0.011747202669973311
ARSH,-0.011753456041510013
OMG,-0.011775462916573609
DOCK5,-0.011792727827054872
PPP2R1A,-0.011823897217564494
DST,-0.011848051246938995
CRMP1,-0.01184903714553387
C12ORF43,-0.011853717479380854
PDHA1,-0.011864604592527472
MAN1B1-AS1,-0.011921131019544048
CDKN2AIP,-0.01197378748324246
CDC20,-0.012007352663948367
TMEM94,-0.012019812793723161
PCDH10,-0.012090479491838058
OXR1,-0.01211267767332791
INSIG1,-0.012170246020312692
CLCN5,-0.012214551385148376
LSM3,-0.012243074386331987
CDPF1,-0.012243380332473366
FANCI,-0.012245395831275485
TPTEP1,-0.01226385756084962
PLCD1,-0.012293149787184654
ADK,-0.012301208092883265
RAB3GAP1,-0.012303706370270617
VMAC,-0.012307848545133004
MYOM1,-0.01231111538052665
ADSSL1,-0.012341609655587532
DUSP16,-0.012378690456840813
DGKI,-0.012409008610707262
MDM1,-0.012422753898210515
LINC00665,-0.012434256541145744
RNF7,-0.012451024382436837
USP3,-0.012465395936052504
CUTC,-0.01247509199061575
GAS6-AS1,-0.012501495023178183
ANGEL1,-0.012510005597963836
ZNF548,-0.01256379760874747
NCOA7,-0.012570599877567257
FBXL7,-0.012696645649121874
ZNF200,-0.012698689198801127
ADAP1,-0.012743022511884139
DUSP22,-0.012788820054787764
SLC6A20,-0.012808359677298653
TMEM104,-0.012822705646172702
RAB25,-0.012826667594001862
ZNF558,-0.012877117058331056
NT5C3B,-0.012918059083917188
ELMOD2,-0.012926404172249495
NDRG3,-0.012944795874848036
HINT1,-0.012950625503605373
RHOBTB3,-0.012952536323132369
RB1,-0.012970767107674974
EPT1,-0.012971812847732474
ENOSF1,-0.01302720866375151
VGLL2,-0.013034976727084369
IL17D,-0.01303728674914606
CRTC1,-0.01304596596701707
ZBTB37,-0.013071025901996089
PLAGL2,-0.013088954765705263
ALPK1,-0.013126309534419789
RNF126,-0.013135064214505832
SRXN1,-0.013136568330031073
YPEL4,-0.013180987435338201
UBXN6,-0.013184801122250844
GPC2,-0.013190886601721463
UPF3B,-0.013207104547133808
THUMPD3,-0.013207180810388242
OSGEP,-0.013213099093105196
SPRED2,-0.013224083615685167
GJA3,-0.013253968157393992
BPNT1,-0.013255491237401662
PGS1,-0.013274808927614457
PM20D1,-0.013282286245601738
PCBP2,-0.013330021998075536
TNIK,-0.013344833752287066
SH3BGR,-0.013354606939806613
GLMN,-0.013360573089259087
HERC3,-0.013361646572974506
ZNF791,-0.013366477815803302
MTUS2,-0.013381341033843364
NUCKS1,-0.013465159174624486
WWC3,-0.013484517092644921
SRP14-AS1,-0.013489228731132591
NFKBIA,-0.013514026732195816
TANC1,-0.013529499584345794
SMN2,-0.013537516416074147
USP31,-0.013547116677991897
SREBF1,-0.013550898159650049
ZFP37,-0.01359780074599698
CERS2,-0.013624671560537371
NAPA-AS1,-0.013653331421781559
FUT2,-0.013667089237144214
PCNXL2,-0.013668248893348486
ZNF582-AS1,-0.013703780812829136
HACD4,-0.013709031977269581
CEACAM16,-0.013715627396929053
ASB13,-0.013746842422889649
DRD5,-0.013761748387390416
CRADD,-0.013782390469046113
RP11-195F19.5,-0.013785673743754917
CNDP2,-0.01379211147239312
ATG3,-0.013830031046983549
PPP1R16A,-0.013854484371580378
ASB16-AS1,-0.013879959021907237
RP11-262H14.3,-0.013880414558241905
SMPDL3B,-0.013893640054521733
YIPF6,-0.013913749254412355
PGM5-AS1,-0.01395912988317407
KRT19,-0.013977884741648072
SF3A3,-0.013982027623039461
TINF2,-0.013994580163588344
ISCA1,-0.013997661726357413
AFAP1L2,-0.014034274729482127
LINC00324,-0.014046276907641791
ACADVL,-0.014115799274333152
GPR55,-0.014116725887787007
GDA,-0.014143804015775197
DFFA,-0.014166502744885956
SPAG9,-0.014202937382392422
MTX1,-0.014213841758973111
AK6,-0.014230275517386426
DNAJC8,-0.01423390266114588
CIART,-0.014246584235410975
POLR2J2,-0.014249931265911675
FARSB,-0.01425180383976632
BCL7C,-0.014262150569679832
SEMA4G,-0.014271943862940062
TFAP2D,-0.014290621842364348
HADHB,-0.014345245326841005
SND1,-0.014353012451810643
TSTD1,-0.014375365668229168
SHBG,-0.014446391984689777
INSIG2,-0.014468477932844781
LINC00094,-0.014496371618182763
TRANK1,-0.014526780811838905
TTTY15,-0.014533911063616886
SH3RF1,-0.014538450676640335
FER,-0.01455459712226731
ARRDC1-AS1,-0.014557501145048363
SMDT1,-0.014560112506504574
ZC3H13,-0.0145621370350133
STX18,-0.014598070128614915
GAREM1,-0.014599166371493277
SMARCB1,-0.014606073035793754
UBL7-AS1,-0.014641667420284915
SLC25A5,-0.01466748231301973
SDF2,-0.014673182943854779
EPM2AIP1,-0.014683929468361279
CLTA,-0.014701627830012609
SLU7,-0.0147173871272408
OSGIN1,-0.01473125894237938
TRMT2B,-0.01474684863530179
C14ORF37,-0.014820498914178103
NONO,-0.01482233502447139
RAB44,-0.014825998778122879
UBE2D3,-0.014841607509652799
RAPGEF2,-0.014845256607909363
HNRNPUL2,-0.014859958456589661
FAM180A,-0.014897028924072311
SARDH,-0.01496813534739827
POLR2K,-0.014969298454172941
C12ORF45,-0.014991132765775184
PDE6D,-0.015001712259309796
ARF4,-0.015017177936580528
DNAJB14,-0.015026951805234223
DSC1,-0.015028964001295608
RP11-356J5.12,-0.015049558778122876
RP13-270P17.3,-0.015070696186937307
TOLLIP,-0.015091628377395971
AGFG1,-0.015095839333816197
SRSF9,-0.015128478306642545
DEGS1,-0.01513826526348927
HHIP-AS1,-0.015156076918896894
AHSA1,-0.015217724005683109
NXPH3,-0.015252229450454624
SPSB2,-0.015252390902809498
EDEM3,-0.015265791208079471
TCTEX1D2,-0.015267858088473307
C5ORF22,-0.015314103799485612
EDRF1,-0.01531700804299102
FAR2,-0.01532617249370477
RGPD6,-0.015342407002050529
DNAJC2,-0.01534303527988179
SLC28A2,-0.015367032069772635
SEC24B,-0.015381647799546427
PNN,-0.01539285282119407
ARHGEF11,-0.015458362794871228
JOSD1,-0.015479342112758088
KATNBL1,-0.015488857940176626
COASY,-0.01553125898678509
HOPX,-0.01554109675867138
ARL14,-0.015578814253537632
DENND5A,-0.015598609524717255
P2RX6,-0.015617435905523669
SRSF5,-0.01564264821621575
APBB1,-0.01564395474164415
ZNF778,-0.015675717191724677
CRLF1,-0.015678305265453496
DNAJC9,-0.015712152264140578
C14ORF93,-0.015748341634892027
SPDYE16,-0.015783134610542204
RBCK1,-0.01580471763504776
RP1-28O10.1,-0.01584376877812288
JAZF1,-0.015850497273203645
KCNJ12,-0.015878394130925066
PLA2G2C,-0.01588139420849005
LIPH,-0.015889069100830988
ATF4,-0.0159002158482332
PTDSS1,-0.01592456161900313
C6ORF132,-0.015938431045015994
HIST1H2BC,-0.015972968778122876
JHDM1D-AS1,-0.016006068778122884
RP11-879F14.2,-0.016007777861340146
TAF1D,-0.016035329092512374
RGS22,-0.01604601322492144
COX8A,-0.016075307443637943
ZNF836,-0.016138222348062503
ABT1,-0.01614189275026101
ERMP1,-0.01614204951652866
SGOL1,-0.01621130648332795
FAM53C,-0.016222144510826653
SUDS3,-0.016243369043918432
UBE2O,-0.016273029559942476
LINC01137,-0.016276482318356822
PRDM4,-0.016278178958790968
C11ORF70,-0.016305888991251315
FECH,-0.016355004598821776
PTPRN2,-0.016355324792057258
DAP3,-0.016371360820405356
LINC01560,-0.016376752823589198
AP3S2,-0.016382310497450425
ORAI2,-0.016395315756176365
SLC12A6,-0.016417587375514242
C14ORF169,-0.016484470574075594
ACER3,-0.01649222805178363
FAM193A,-0.016503636569855484
XPO6,-0.016505585049550797
YPEL1,-0.01651676174921804
NR6A1,-0.016552339846293673
TMEM163,-0.016591857949886157
RP11-285F7.2,-0.016596075326031128
LDAH,-0.016619777292633864
FAM206A,-0.016639326155860584
LYSMD4,-0.016652191369242078
NECAP1,-0.016658252772445925
TGDS,-0.01666769342534702
CD163L1,-0.016669458723536604
DCUN1D4,-0.016732612566856098
AP3M1,-0.016762889201854814
CORT,-0.016785321342144166
MTIF3,-0.016851969547402534
HDHD3,-0.016866311363047226
ORAI3,-0.016897493065061497
ACOX1,-0.016905573916042527
HIST1H2BN,-0.01691597456472707
C17ORF51,-0.016919013869308677
FZD4,-0.016981522374656777
POC5,-0.01698193371617507
CTD-2371O3.3,-0.016990585685721822
DIP2A,-0.017000560218614735
ARMC9,-0.0170088307724581
FAM57A,-0.017058608167346265
NUDT16,-0.017059551726526845
MBOAT1,-0.017069662201299907
SLC6A14,-0.01707346710535479
AGO2,-0.017074861570132605
CSNK1A1L,-0.01718550090995341
DENND2C,-0.017249406701180928
RN7SL832P,-0.01727586538930531
MACROD2,-0.017284687340371696
RBP1,-0.017296008143594777
GLIPR1L1,-0.017302471213905546
SLC22A17,-0.01730294839629315
ZNF574,-0.017350685958033067
ACOT13,-0.017381304951383347
RASSF8,-0.017447673096258443
MTSS1,-0.017477707992945568
IGSF22,-0.017481988414712338
TNFAIP1,-0.017482710874221485
PRR11,-0.01748854296322113
NAPEPLD,-0.017499076205074404
COQ7,-0.01750562328968963
DLGAP1-AS2,-0.01751484079989296
C2ORF49,-0.017528668417260196
DAXX,-0.017540152569954226
RP11-511P7.5,-0.01755441909131608
CDH7,-0.01759758350258811
TK1,-0.017617738513526437
VPS8,-0.01762048193623933
CENPBD1,-0.01765542617022925
HACE1,-0.017655815353380067
NPM3,-0.017685761330130667
ZNF586,-0.017692172320036906
CC2D1B,-0.017704629287812468
RNPS1,-0.017714180836607474
IQSEC1,-0.017739663472252087
RCN2,-0.01775210029474733
C2ORF81,-0.017756856139575894
AKR1C3,-0.017781465950758135
SSNA1,-0.017807428861558894
KPNB1,-0.01782818774179573
DNAJB5,-0.01785060626587942
RANBP10,-0.01785542242901078
RP11-421L21.3,-0.017890341907675814
LINC01006,-0.017928040532737763
WNT5A,-0.017965991638583256
FLVCR1-AS1,-0.018038620432260198
CRHR2,-0.018046281829706023
EED,-0.018099596178622557
UNC5CL,-0.018104452830507822
CDC42BPB,-0.01810607502095829
SGK494,-0.0181073802846142
VSIG10L,-0.01812709877812288
LINC01082,-0.018130152843206668
SLC39A13,-0.0181321728069187
DCAF12L1,-0.018203787049756948
ZNF599,-0.018232462293970506
SEC24A,-0.018279527851347455
SEPT8,-0.018314582365259416
PPP1R16B,-0.018325039716792557
HAT1,-0.018344132953665326
C11ORF63,-0.0183598909219638
SYN2,-0.01836892153722558
BBOF1,-0.018391577251090176
SKP2,-0.01841542412239905
COPG2,-0.0184574667764551
ZNF776,-0.018472209692399856
RP5-832C2.5,-0.01848056289239794
LINC00968,-0.018486529047882304
IDE,-0.01850073554913423
RP1-43E13.2,-0.018513212871223428
KCTD11,-0.01852696555515737
L3MBTL2,-0.018536316894319005
IRF1,-0.018541388764274247
GPANK1,-0.018560427171175398
FYTTD1,-0.018564931015621178
CHD4,-0.018565381675099135
UBE3D,-0.018567739851699405
DCLK1,-0.01857175540249728
ZNF248,-0.01864319074627724
RNF168,-0.018701612479434027
PAXIP1-AS1,-0.018702106203792174
SCAF11,-0.01870266705064333
SPOCD1,-0.01872477419708435
BSPRY,-0.01874552474569137
FOXL1,-0.018761430016164204
HSDL2,-0.01877309824727358
RP13-188A5.1,-0.018829244054854796
WDR45B,-0.01885814781926709
AL132709.8,-0.0188667571565386
NFXL1,-0.01886858455060162
ZNF812P,-0.01887053177693289
RBM7,-0.018973262987585504
SPATA5L1,-0.018973295245749533
ACSL5,-0.018977779568357334
RP11-47A8.5,-0.019026370202368387
TYSND1,-0.01906143193270271
MEIOC,-0.01906926050692309
SLC17A9,-0.019116225950463486
KCNAB1,-0.01912770028680466
C16ORF87,-0.019134432182199124
RP1-198K11.5,-0.019141478653754353
SF3B5,-0.019156300458666897
C4ORF46,-0.01916284674544845
CAPN7,-0.019204649110277805
AKIP1,-0.019208313760943452
ANKH,-0.01921312991220192
ZBTB42,-0.019260961432663086
KIAA0319L,-0.019261701450493385
MAP1LC3A,-0.01931184432725952
SFI1,-0.019340060288352556
ZNF48,-0.019340724985701482
SRSF10,-0.01936295193626525
QRSL1,-0.0193707674932988
ADAMTS15,-0.019396892778122884
ZNF487,-0.019434280956684244
DDX26B,-0.019446185446452713
CYB5R1,-0.019448339171803664
TMPRSS11D,-0.01949466395583138
RFXANK,-0.01950328941596191
ZNF43,-0.01951966326358505
AC113189.5,-0.01956271476118794
STRBP,-0.019578764791622072
ALOX12-AS1,-0.01958222877812288
OGT,-0.019617530428386765
COQ3,-0.01966189812072483
BAG5,-0.019666627376743517
ZNF577,-0.019672188360961462
C3ORF14,-0.0196729332845047
DDO,-0.01969073669018903
UNC5D,-0.019703360883675358
SIPA1L3,-0.01970888877812288
AC023590.1,-0.01971674043933158
KLC3,-0.019749276574341
UNC13A,-0.01977236771969404
ZNF138,-0.019835315922649907
FUS,-0.019875062151873846
NAA35,-0.019900050839926853
ABCA5,-0.01990377819639566
ZSCAN16,-0.019908585722836665
TRIM7,-0.019917099320960474
SLC1A4,-0.019930943202044804
BTAF1,-0.019952000220429367
KLHDC7B,-0.01996766095837521
PEBP4,-0.020010550802480154
SIVA1,-0.020024194254280647
SERPINA9,-0.020032675091599506
ZNF552,-0.020038234126396264
MYO10,-0.02004379035825804
ZNF700,-0.02004871223216858
RP11-582E3.6,-0.020068016827330427
GRIA4,-0.020070609291990116
DNAJA1,-0.020091613825094612
TRAPPC4,-0.020099065314978848
GSKIP,-0.020163122198651295
ARHGAP21,-0.02017204669209277
RP11-1017G21.5,-0.020221392041165964
ZEB1-AS1,-0.020243625336990666
SUB1,-0.020244380896780767
SCML4,-0.02026228819955027
TLCD1,-0.020272714151491608
BOLA3,-0.02030188832741986
NADK,-0.020308045908973615
GKAP1,-0.020312145869498144
TMEM117,-0.020347998583713202
PVRL1,-0.02034905623364626
TMEM43,-0.0203712385502407
AC004381.6,-0.020379040132216072
GTF3C6,-0.020401297261350315
EPYC,-0.02040769784488236
TMEM241,-0.020418179545476305
TMIGD2,-0.02045584583452531
ZNF85,-0.02045776045106891
AFMID,-0.02047290724864359
THOC2,-0.020487904092222453
ABHD11-AS1,-0.02050404480864032
LINC00924,-0.020556053037432652
TMEM144,-0.020559321388250534
TRPM6,-0.020567857249337074
RP11-365P13.5,-0.02057291416404118
TNKS2,-0.020589818515247882
GADD45A,-0.02059837686464172
CPNE5,-0.020668362425522495
ZNF440,-0.020684331417233068
UAP1L1,-0.02071275535407885
SLC26A8,-0.020716941353538465
ANKZF1,-0.020720378659416228
FASTKD1,-0.0207204741953545
CSNK1D,-0.02074868563745791
SYNE3,-0.020748695081845014
USP44,-0.020756190685970788
ATL1,-0.020780617673649804
MPV17L2,-0.020786660913812316
NUAK2,-0.02083856695745935
ESPL1,-0.020852464345179844
RP11-25K19.1,-0.020859723036635316
IAH1,-0.020884590428924876
JPH2,-0.020932418606919634
RP5-1172A22.1,-0.02097331153249874
ALG12,-0.020975629688371855
NBPF9,-0.02098876100667183
CCDC24,-0.021000821860160113
EXOC3-AS1,-0.021015138016208634
DHRS13,-0.021025563123887717
B3GAT2,-0.021029334658293264
DBNDD1,-0.021059135267040376
CTA-14H9.5,-0.02109883695971059
PIK3CD-AS2,-0.021103005919331085
SIAH2,-0.021142206756569637
HIVEP1,-0.02118417349483792
TTC13,-0.021184378832314513
ACO2,-0.02120752908337431
RNF41,-0.021256018472003868
C1ORF50,-0.021257753797674417
MPLKIP,-0.02126418457492041
SLC7A4,-0.021276379639644072
PGP,-0.021294262084253557
XXBAC-BPG181B23.7,-0.02129902502004223
FOPNL,-0.021321637322542164
SUOX,-0.021322199072557946
MGAT5,-0.02133840323905345
TMEM121,-0.02134919437684315
SRSF4,-0.021350463703068034
RP11-141B14.1,-0.021353378778122878
BUB1,-0.0213706226712872
PREB,-0.02138128309906695
NOTCH2NL,-0.021394761339556242
UTF1,-0.02141970301980539
ZNF595,-0.021433674732762045
DLL1,-0.021458640286395436
UBE2B,-0.021465025014989703
LINC01480,-0.021487289214692687
ADARB1,-0.0214899926410701
YRDC,-0.021522328665396273
RP11-350G8.5,-0.021617989902592942
CNKSR3,-0.021631707067158112
DDX5,-0.0216336369190383
MFI2,-0.021634817770301365
COA7,-0.02164415635757405
ATXN7,-0.02166111398905113
GOSR2,-0.021701818288493935
RNF167,-0.021759707991157506
B4GALT3,-0.02181286311716124
METTL20,-0.021844841995209738
DNM2,-0.02187496397691424
MINCR,-0.02190928397417382
TSEN54,-0.021912344561725083
LINC00339,-0.0219131689651628
SLC4A4,-0.02193712833580641
TTTY14,-0.021946857003620382
SZRD1,-0.021966841873536147
GCKR,-0.021975672551751035
SMIM5,-0.02198062887865472
USP32,-0.02200145062428177
USP7,-0.022040961992086605
ZNF205,-0.022045613773508776
UBA6-AS1,-0.022047659681037328
C22ORF46,-0.022048578459061496
TPSG1,-0.022048965562078124
IQCD,-0.022085111614808098
TTC26,-0.02211310154837698
RP11-77A13.1,-0.022113869258691868
RNF25,-0.022143108979415627
TMSB15A,-0.02215816570120306
NSF,-0.02224257495773896
CCDC191,-0.022257690509380507
ERLIN1,-0.022285292417810965
RGN,-0.02228599564987932
TMEM125,-0.022301338117670474
S100Z,-0.02230515359415792
INPP4B,-0.02234334640403668
SERINC5,-0.022352662096775167
SAP25,-0.0223621083636954
CALCOCO2,-0.02236233496830864
AP006621.5,-0.022365841272082083
NAA16,-0.022374702530047252
CIT,-0.02239537798263236
JAM3,-0.02242555006540925
NKRF,-0.0224604622228452
ZXDC,-0.022466381563332083
SLC4A7,-0.022483455342311165
JRKL,-0.02248438495517794
TAF7L,-0.02250331027142982
TSPYL2,-0.022509951345356327
LYPLA1,-0.022519964367937018
CREB3L4,-0.02257493233629715
LINC00649,-0.022589725193216816
LINC00176,-0.02265486499606617
C18ORF21,-0.022663291531517082
CTC-425F1.4,-0.022670234563042083
SLC15A2,-0.022697481105623828
CAMK2G,-0.022713940831337598
PGBD4,-0.022764307877981338
GRHL1,-0.022800869042138468
RP11-44F21.5,-0.022801725880945457
CCND2,-0.022835238560815152
PVR,-0.022835899519089375
TBL2,-0.022851292290912095
RP5-884M6.1,-0.022859205148546363
C1RL-AS1,-0.0228636458195424
CES2,-0.022939919491538507
CTD-2017D11.1,-0.022949667569791887
LRP11,-0.02295839791235213
CCDC144A,-0.022983335405614494
GLRX5,-0.022987078871580136
RP11-629O1.2,-0.02298896946487934
DOCK7,-0.022997714373180322
C1QTNF4,-0.02300694391313171
ISOC1,-0.023007233652204473
GNGT2,-0.023022907766797163
RBP2,-0.023076064752695635
ST20,-0.023115106915231665
ATG101,-0.023142745547817034
GNAO1,-0.02315440238337152
MFHAS1,-0.023155834044924828
AP001347.6,-0.023174770994825213
TMC6,-0.02318431336871407
KCNE4,-0.023195971256273706
TMEM150B,-0.023221185855364868
TRAPPC2L,-0.02325942498332001
LINC01353,-0.023281095070844623
PIK3C3,-0.02333573750076967
ARIH2OS,-0.023335971393397548
ZNHIT3,-0.02338038666624781
IFT122,-0.023380538548450125
ATG13,-0.02338364388765435
FAM69A,-0.023387323525945067
NKTR,-0.023388104072747995
DPF3,-0.02339442351878973
ZNF790,-0.023421678011779815
SSB,-0.023424227687928845
RAMP2-AS1,-0.02343678552307621
CCND2-AS1,-0.023449553671017982
ST20-AS1,-0.0234685589036938
BPTF,-0.02348022332963784
RP11-554J4.1,-0.023482087716431628
FTCD,-0.023495302945211738
SLC45A4,-0.023513018798695204
TBC1D1,-0.023544415942581054
ZDHHC16,-0.023544759468160426
ABHD6,-0.02361196840327784
SIRT2,-0.023634977217363407
LINC00294,-0.023671314722760385
ZNF439,-0.02369055128275724
NEK9,-0.023743269543440304
RP11-392P7.6,-0.023743438271518168
GPR17,-0.02379836850718281
UNKL,-0.023799251928226114
HESX1,-0.02381635372893892
SLC9C2,-0.02384443393814667
OSBPL2,-0.023873700025241473
LRRC29,-0.023890826744703116
RP1-267D11.6,-0.023898165924253784
PATL2,-0.023901767458339496
CLIP1,-0.0239120339643365
NMNAT1,-0.023937282652706005
RP11-69E11.4,-0.023942735525242745
RSPH9,-0.023944178734285337
TMTC2,-0.023995185106685885
KANK4,-0.024075747491724864
CA1,-0.02407810345127548
ZNF276,-0.0240914058266386
SEPSECS-AS1,-0.024092549095501112
RP11-290L1.2,-0.02413811573302395
DFFB,-0.024163306536349793
YTHDC1,-0.024194738416886574
FN3K,-0.02425087231696469
SORD,-0.024296713351535715
RAB2B,-0.024321551635710092
GXYLT1,-0.024369376070369597
CHL1,-0.024369564194727356
CDKN2D,-0.024408814719532435
NFX1,-0.024429370550153262
RANBP17,-0.024447683592807856
CDC37L1-AS1,-0.02446355311723336
ABTB2,-0.024469493726982164
PGAP1,-0.02449438023470929
MAP6,-0.024548748433436518
ZFY,-0.02455966481334887
ZC3H10,-0.024562730548025644
RP5-887A10.1,-0.02456335397817505
ZFR,-0.024579848900184165
SLC38A11,-0.024583468604102224
PABPC3,-0.024584939147107798
NINL,-0.024587196819978008
ENGASE,-0.024611052028020275
CYHR1,-0.02462142915113097
CH507-9B2.9,-0.02463156092809994
F8A3,-0.024641913070995614
SLCO6A1,-0.0246433998324167
GOLGA8Q,-0.024650975165268138
ZNF827,-0.02465641701819493
SYNE1,-0.02469239245828453
LINC01410,-0.02470278906584862
DOK4,-0.024705666398805393
RP11-345P4.9,-0.02470741317703523
SP140,-0.024714417912821196
PDZD3,-0.024754332168946236
CLNS1A,-0.024760683871640876
RP11-147L13.13,-0.02480042968103848
HRC,-0.024842034557962855
RP4-621F18.2,-0.02484933438084043
MRPL40,-0.024854875879722127
LMBRD2,-0.02491922047660007
IFFO2,-0.02492303677812288
LRIT3,-0.024959315815264005
TOMM7,-0.024983419261235373
STXBP3,-0.025004858142761544
PRPF8,-0.025041267380404464
MBD2,-0.025067083432845028
ADAT2,-0.025084302261909608
TULP1,-0.025090543856830072
DET1,-0.025096864229654625
R3HCC1L,-0.025119192072080077
LINGO2,-0.025152933707387415
COPRS,-0.025173348409008367
MID1IP1,-0.025180536134734144
CTNNBIP1,-0.025197989219725825
RP11-501J20.5,-0.025205568602518352
LINC00937,-0.025215496368707277
AC025335.1,-0.02521904091679541
GOLGA8R,-0.025223890165268138
ANKIB1,-0.0252291994887755
KHNYN,-0.025263772677751928
TBCB,-0.025313902938302824
ATP9A,-0.025348988466336903
C10ORF88,-0.025365979367415636
PQLC2L,-0.025388175139053767
NR2C2AP,-0.025399091357410086
FH,-0.02542496265775085
MRPL55,-0.02547883160234632
RAB3GAP2,-0.02548160217075124
DNAJA3,-0.025524565437524016
HNRNPA2B1,-0.025545961775689574
PWAR6,-0.025579172510074348
TADA3,-0.025608589894722034
WSB2,-0.025620633948543747
TCEB3-AS1,-0.025632445790953667
SWT1,-0.02565187877812288
EHMT2,-0.025658337387555852
ZNF646,-0.02566157367359495
LYRM2,-0.025677597539284502
RP11-403B2.6,-0.025683405892509413
LINC00504,-0.025690953944162258
PATZ1,-0.02569518489441941
RP11-49I11.1,-0.02572755145514318
RGL1,-0.025737134128590022
ADAM15,-0.025742407737414708
RP11-977G19.11,-0.02574639058382383
CYP39A1,-0.02577963231582725
SNHG10,-0.025782364578753825
EXO5,-0.02578860477812288
MZF1-AS1,-0.025792874069270583
C6ORF52,-0.02579951326163643
SIPA1L1,-0.025846903886056483
C2ORF42,-0.025849387087064732
PHIP,-0.025888590740931694
ZNF704,-0.02589345859998221
TDRD10,-0.025915323778122876
SLC22A23,-0.025922721871297058
PIGT,-0.025932255060579834
TBC1D30,-0.025946608393014277
C6ORF25,-0.025960863410726655
CMPK1,-0.025967126044512567
TRAPPC3,-0.0259849840371158
MRPL14,-0.0260088812031114
ZNF761,-0.026018440975892274
RAB11FIP2,-0.02604192474590955
TMEM129,-0.026052886626582894
EIF4EBP3,-0.026060096853645354
AADACL2,-0.02606158520485871
RP11-4B16.3,-0.026066024988018466
SAMD4B,-0.026085200628732264
RAB43,-0.026131474685260114
FBXO21,-0.026136903817638002
PRPF40A,-0.026251131728119548
AZIN1-AS1,-0.02628244053225108
UBE2W,-0.02628622789348256
TEAD4,-0.026296537493383232
STIP1,-0.026302018345517597
KRBA1,-0.026315439341302524
RP11-180C16.1,-0.026317610988018464
NUBPL,-0.026343288385102803
DSC3,-0.026348809021438213
CTD-2357A8.3,-0.026356708197623452
SLC6A12,-0.02638376138729076
LPCAT3,-0.026395458167067787
MOCS2,-0.026413022929880348
RP3-340N1.2,-0.026428697896525383
ZNF526,-0.026432447951975593
FUT10,-0.026439055666914263
ENTPD6,-0.02646016642278759
PCBP1,-0.02646350667994901
RP13-143G15.4,-0.02647508227525522
MAMDC4,-0.026478649573965445
MSTO1,-0.026525518640859808
LINC00891,-0.026531660387515303
FAM171B,-0.02654456753988945
ZNF432,-0.026544738158870783
SUCLG2-AS1,-0.026546272766445868
ACSM1,-0.02654883942333547
RP11-385F7.1,-0.026575429648084327
RP11-115C21.2,-0.02659098720156064
DNAJC14,-0.026592210152897977
KLHL17,-0.026620782590355774
VPS37C,-0.026631173884173465
SNTG1,-0.02664499876878368
KIAA1456,-0.026672259068619163
RPS4Y2,-0.026681193453811702
RP11-345J4.5,-0.02671317708810913
PUS7L,-0.026774452890356515
C9ORF24,-0.026805867766833184
SH2D5,-0.02681200630875774
ACSM5,-0.02682973902747926
CTB-50L17.14,-0.026839127234629466
FDXACB1,-0.026839923962258094
RNF150,-0.026845722090764336
ADGRG5,-0.026860029484067516
PDCD4-AS1,-0.02688840843443857
THAP1,-0.026920502052336315
TBC1D22B,-0.026933684752972864
RPS18,-0.026971083512008498
ZFYVE27,-0.026973574801812172
RWDD2A,-0.0269948217237792
STAM,-0.027004013831676388
PYY,-0.027043335584448158
CCDC134,-0.027062766387490243
IGLL1,-0.02706830640567426
SDR42E1,-0.027108714578351734
FAM41C,-0.027112355951847092
HSD17B10,-0.027139337338960123
CTC-537E7.3,-0.027153201013701243
TWISTNB,-0.027173244668461605
TSPAN11,-0.02719122321812166
LRRC37B,-0.027207257572420207
RP11-498C9.15,-0.0272242213713495
SETD9,-0.027224395347386632
REXO2,-0.0272400514563097
DDX39B,-0.02728215287631086
CDC6,-0.02729451008282069
DNAJC12,-0.027343493629571447
PPP5D1,-0.02742088295876951
NOP14-AS1,-0.02742268637118555
SYNE2,-0.027430278988666124
ZNF674-AS1,-0.02743367054558863
URM1,-0.027438291219479827
C9ORF78,-0.027444385682674433
ESRP1,-0.027464557563137593
KCNN1,-0.02746549178869967
ELOVL5,-0.027493702930961705
CTA-276F8.1,-0.027495577187354854
DNAJC6,-0.027497437940678715
WDR33,-0.027498322127547437
AC002467.7,-0.027505706311621955
ADPGK-AS1,-0.02751872249678204
BRCA1,-0.02752025876534625
SAMD4A,-0.027547478334875752
OPN1SW,-0.02757920417842541
NUDT16L1,-0.02758468085297211
LINC01140,-0.027586314690327504
SIRT5,-0.027619052761132412
ZNF346,-0.027632249251444252
ADAMTS9-AS2,-0.02763416459573345
BCO2,-0.02767999064417353
NOMO1,-0.02769624854022329
EFCAB13,-0.027714369428409255
SLC34A3,-0.0277169201393766
PAQR4,-0.027723947783225386
RP11-286H15.1,-0.027730525619079613
LRTM1,-0.027796872436409548
RP11-212P7.2,-0.027827142778122878
FHIT,-0.02783081619319283
SNX18,-0.027856373645531007
AC069363.1,-0.02786486570662476
RP11-802O23.3,-0.027873683431755267
CEACAM19,-0.027889781564980946
PXN-AS1,-0.027910462838608922
CTB-171A8.1,-0.027913517647630066
SYF2,-0.027924282341850293
TM4SF4,-0.02793362227212677
MRPL21,-0.027952973934022518
MTFMT,-0.02797228520507533
ARMC8,-0.027986361207704313
ZNF691,-0.028000534815847945
RP11-379F4.4,-0.02801111630757786
FOXI2,-0.028024913139995854
SLMAP,-0.02802727009740713
HTR1E,-0.028034043252263663
UBQLN1,-0.028041313863526374
HOOK2,-0.028065310476382832
RALY,-0.02810574922026765
PPM1A,-0.028105796490604407
SAP30BP,-0.028127380436329008
TM6SF2,-0.028148621797895013
IRX2,-0.028169169550712678
ZNF16,-0.028227966737918553
CTD-2540F13.2,-0.028231318839014356
TTC12,-0.028249960671173746
THNSL2,-0.02825919248935077
RP11-635N19.1,-0.02828111423003358
AC100830.3,-0.0283148268806354
FRMD6-AS1,-0.028332577938651196
DCLK2,-0.028352291430576708
RAE1,-0.02835323843981119
AC018816.3,-0.028365665254637754
AMMECR1,-0.02837748599285833
SH3BP5L,-0.02843393913952036
TLE3,-0.02846328443713053
KIF1C,-0.02846391408805493
PPM1D,-0.028478207203489092
RP11-2C24.9,-0.02848288511668575
CDC5L,-0.02848860841036671
IMPA2,-0.028492830820422532
RARS2,-0.028524893818650643
CTD-2007H13.3,-0.02854821005585853
RP11-631N16.2,-0.02855398236562872
RP11-175K6.1,-0.02857983772863789
GPR75,-0.028593646050860844
IK,-0.028630123701995358
AL022344.7,-0.02863215922532529
ZNF268,-0.028633977360753904
TOB1,-0.0286455654608867
PMM2,-0.028650516948768856
CACFD1,-0.0286602436528869
RP1-197B17.3,-0.028685320827733354
ZNF623,-0.028693155336388595
HSF2,-0.028704509583133586
RP11-350N15.5,-0.028719334401065215
PABPN1,-0.02872148552240894
LINC00921,-0.028758496034047516
PNPLA3,-0.028768010747269757
RP11-804H8.6,-0.028772918655120723
SLC25A35,-0.02877901890207718
ZNF207,-0.028792380019482533
SH3RF2,-0.028797912602781375
PPP2R5C,-0.028803651150931753
BCS1L,-0.0288277384058504
FAM13A-AS1,-0.02883709177812288
RP4-673M15.1,-0.02884327863913736
FHOD1,-0.028851177437921205
DHPS,-0.028859233563763353
ACAT1,-0.02888108705834025
AC090616.2,-0.028884402393460205
CTDNEP1,-0.028896849062470253
MSANTD2,-0.028925774613471622
CTD-2521M24.5,-0.028949523847224864
TGFBR3L,-0.02897569512501042
KIAA0125,-0.02898126648467461
TMEM158,-0.02900125548436709
DNAJB12,-0.02900180178072309
KCNA7,-0.029014938657056233
GOLGA7B,-0.02902112934746459
SCOC,-0.02904493394116886
RFTN2,-0.029050901424253706
CDH26,-0.02906559153509311
SLC35E4,-0.029132118778122877
XXYLT1,-0.029140701951927472
ZNF584,-0.02917281627040052
TOM1L2,-0.029174268837947215
PSME4,-0.029176651149116273
KISS1R,-0.02917992723543905
U47924.31,-0.029189509284587627
DLST,-0.029193783710366406
SURF2,-0.02920325366340476
FAM19A2,-0.029232192843228803
CTA-373H7.7,-0.029237969984143693
IGLC7,-0.029238748265369388
ANKRD33B,-0.029250022395465515
AC006129.2,-0.029271635972570167
SH3D21,-0.029292060699563402
RP11-539L10.3,-0.02934533277812288
CTDSP1,-0.02934683302999852
RP1-40E16.12,-0.029361199434660236
AC011043.1,-0.02936338236017768
CARNMT1,-0.02936602445885189
WDR89,-0.029372491204503026
XXBAC-BPG252P9.10,-0.02937329477812288
MBLAC1,-0.029381803491825058
RP11-191L17.1,-0.02939315374256852
UBXN10-AS1,-0.029425697918392946
PANK3,-0.029468126626475244
IPO9-AS1,-0.029480441439900182
RP11-158I9.8,-0.029487328504188344
DENND5B,-0.029490673627426807
VSTM1,-0.02949476159749169
GJC3,-0.029508836645004588
POLR2I,-0.02952197072283269
PFDN4,-0.029529585336771413
THEM4,-0.029532363638247405
RP11-449D8.1,-0.029546977038182563
ALKBH7,-0.029550502699690506
CHD1,-0.02956673080037653
CTBP1-AS2,-0.02956997604386953
EPHA1-AS1,-0.02957539877812288
ELAC1,-0.029583521930261647
EGOT,-0.029601203005057114
RP11-88E10.5,-0.02963103616994176
CDKN2B,-0.02968872083015872
MRPL17,-0.029690640611453434
RP11-474G23.3,-0.02969561877812288
LINC00623,-0.029726682778122876
DFNB31,-0.029750535925247623
AP000692.10,-0.029755549674502974
OSBP2,-0.029762577652711397
KIAA1524,-0.029783128778122878
EXOC5,-0.029790962406374688
CTD-3179P9.1,-0.029792172281681822
KDSR,-0.029795356725106137
TCF7L2,-0.029796795671931497
GADD45G,-0.029799856361419685
HIST1H1B,-0.02981167150473501
TIAL1,-0.029824053828400254
C1ORF167,-0.02983354979509313
AC079305.10,-0.029843778422909195
RP11-54O7.17,-0.029855647347208886
MOB4,-0.02986409212642993
LSMEM1,-0.029881405410510292
LINC00506,-0.0298989816182297
RPP21,-0.029901360516311315
RP11-677M14.3,-0.029915106433672525
ZSCAN29,-0.029931556781024327
PDCD6,-0.02993599095029964
RP11-147L13.2,-0.02994095514552518
RP11-284J1.1,-0.02995977367360929
RP11-496I9.1,-0.029964249035889845
WFDC6,-0.029964791139526596
RP11-1148O4.2,-0.029988575628228896
LINC01016,-0.029994527673609286
ASPH,-0.030000162008219533
PRPF31,-0.03001192065945435
RP11-305L7.6,-0.030017732515208277
ZNF628,-0.030022878931249275
APRT,-0.030025981676848224
NAT6,-0.030038102849428372
MRPS34,-0.030041009759358417
RP11-278L15.2,-0.030053037390388032
TERF1,-0.030055797064871603
CTD-2287O16.5,-0.030062388539999853
MIPOL1,-0.030073075489630563
AC017060.1,-0.030110566421686573
HELZ,-0.03011577264618065
SEC14L4,-0.03011676380299476
CDCA4,-0.030140363993083008
RP11-134K13.4,-0.030147737857179176
YBX1,-0.030152624380907267
RP11-218M22.1,-0.03016963566858974
RP11-20D14.6,-0.0301817756331084
SFTPA2,-0.030185889509472374
CTD-3214H19.16,-0.030193215628228902
TIAM1,-0.03021038698938927
C5ORF17,-0.030212364983745348
ZNF337,-0.030213100754029276
PRRT3,-0.03022142400997191
RCCD1,-0.030234872072802843
ZNF514,-0.030235138977497578
RLBP1,-0.030237014593612166
SAMD1,-0.030278200700712243
ARHGAP42,-0.030287952870697805
CTD-2044J15.1,-0.030343168430344694
CTD-2024I7.13,-0.030344622131658665
RP3-340B19.3,-0.030372030760020742
SNAI3,-0.030380232883747207
GOLGA6L9,-0.03041384620366193
KLHL32,-0.030427053717337917
RP11-404O13.1,-0.03043589168376183
LSAMP-AS1,-0.030442584255012624
TPR,-0.03044812755461157
GMPR2,-0.03047156893870434
RP11-434D9.2,-0.030503928220592155
AC079922.3,-0.030516718778122877
STARD4-AS1,-0.03052940378418472
RP11-415D17.3,-0.030533750430344696
RP11-39M21.1,-0.030541597020134904
RP11-872J21.3,-0.030550380893458608
CTA-204B4.2,-0.030578967444311315
RP11-661A12.4,-0.03058131786211498
CTD-2008A1.3,-0.030594451443823716
RP4-680D5.2,-0.03059541027229317
CTC-480C2.1,-0.030598354255012623
NAP1L4,-0.03060144214981325
RP5-1096D14.6,-0.03060239485717918
PIH1D3,-0.03061142762843383
AC025171.1,-0.030616331029855996
CTC-479C5.6,-0.030618036012507056
RP11-290O12.2,-0.03062317638394536
HAND1,-0.03062721317591638
RP11-566K11.5,-0.03063141798414369
SLC17A8,-0.030634464596301147
RXRB,-0.03063707880695621
LINC00930,-0.030650425760020743
RP11-618K13.2,-0.030654117012507056
STPG1,-0.030679244331364312
RP11-182J1.3,-0.03068078653415119
CTD-2270L9.4,-0.030686541563023056
TBC1D13,-0.030704536485328615
MIR202HG,-0.03072745354074211
ZNF134,-0.0307283487985789
ZNF107,-0.030728612555025923
EEF2KMT,-0.03075215098847428
VBP1,-0.03075742871667353
RP11-597M12.2,-0.030761260272293173
ZNF575,-0.03076483877812288
INTS5,-0.030771413446755158
RREB1,-0.03077210872403552
UBL5,-0.030780443495805
ACSM2B,-0.030782028643309922
RAPGEF6,-0.03078904319681386
ZNF546,-0.030804913508431266
KLHL26,-0.03080555062968856
L3MBTL4,-0.030810899159973017
AP001412.1,-0.030819384964575085
BTBD17,-0.030820639675108678
LINC01529,-0.03082303599668848
NDRG1,-0.030841536617109255
CISH,-0.030852499185307858
VPS51,-0.030853744492487234
ZNF425,-0.030866411208953837
RP1-10C16.1,-0.030868091672973632
ULK2,-0.030869097611767926
DTHD1,-0.03087530980302694
METTL21C,-0.030880093272260465
RP11-296I10.3,-0.030882189726207838
RP11-334A14.5,-0.030910234927054966
LINC01213,-0.030913391020153825
RP11-368I7.4,-0.030919058770970204
FBXO48,-0.030919420010878024
LRP5L,-0.030921265606026663
OVOL1,-0.030923020624867154
FAM161A,-0.030923130387135456
RP11-809O17.1,-0.03094966106616502
NTM-AS1,-0.03095582924346958
RP11-303E16.5,-0.030956998437985377
CBWD3,-0.030975334746056238
ADARB2,-0.030987552056054746
CYSRT1,-0.03099189392912926
CERS3-AS1,-0.03099944787969437
RP11-437B10.1,-0.03104792207466013
RP11-458F8.4,-0.031048605379142863
SGSM2,-0.031051070572250816
CAMKK1,-0.031059805919048777
ELFN1-AS1,-0.0310608877498271
RP11-342D11.2,-0.031062991963374368
RP11-510M2.2,-0.031096356437985376
STK19,-0.031103218673198485
LINC01125,-0.031103579740019892
PRSS22,-0.031112978287260604
KCNE1,-0.03112889063750257
RP4-568C11.4,-0.03113607375493277
CXXC4,-0.031138192400123388
LINC00886,-0.031138437045160602
FAM150B,-0.031164672436577223
PAN2,-0.031180247982552756
RP11-225B17.2,-0.031188733920645563
C19ORF33,-0.031209696133143894
BTG3,-0.03124419934892303
C10ORF35,-0.03125035677812288
TRABD2A,-0.031271297981450744
DCTPP1,-0.03127572392970168
LINC01485,-0.031276382035303654
DTX2,-0.03129732207622382
KLHDC3,-0.0312982350831823
AGAP5,-0.03130139231136135
RP3-416H24.1,-0.031313330443823714
CLDN3,-0.031316823559632945
ZNF843,-0.03132212995988402
NLRX1,-0.03133075985765399
RP11-262H14.4,-0.03137190432480781
PSMG3-AS1,-0.03138458135149301
RP11-473M20.16,-0.0313884805570483
RP11-126O1.5,-0.03141026366790771
ZNF202,-0.03141421550996809
PYCRL,-0.03141438836378412
LLGL2,-0.03141511542914355
CXXC5,-0.03142803233969749
ARF4-AS1,-0.03142930259447503
RP11-166B2.1,-0.031438405370147963
SERAC1,-0.03144311825019258
POLR3G,-0.03144900838219622
PALM3,-0.03145127759275668
TTBK1,-0.03146237772620784
AC008269.2,-0.03147110947593913
KB-1836B5.4,-0.031479534882584086
RP11-746M1.1,-0.03148203260008572
AC005329.7,-0.03148702896457508
SUSD4,-0.031498931765113494
FAM151B,-0.03151417167714441
CDHR4,-0.03151609515809682
AC009120.4,-0.03152279805585853
KSR1,-0.031525247750636476
CSAD,-0.03153665527381788
RP11-94B19.3,-0.03154886586211498
LINC00237,-0.03156576638309416
CCNG2,-0.03156741365396054
AC005477.1,-0.03157779315725848
GPM6A,-0.0315999700743983
USF2,-0.03160393148618862
RP11-625L16.3,-0.0316052087498271
TSTA3,-0.03161556324090148
RP11-452L6.7,-0.031621098144254525
RP11-21L23.3,-0.031625608870944885
NUTM1,-0.031628509239781166
ARNT2,-0.031634004822308937
TIPRL,-0.031649752950864085
RP11-89C3.4,-0.031662891472958574
HIST1H4L,-0.03166322168542514
LINC00671,-0.0317067065363336
RP11-546B15.1,-0.03170900768542514
D2HGDH,-0.03171195105552943
DZIP3,-0.031712287830002406
KCNMB2-AS1,-0.03171284025674131
TTLL7,-0.03173522621193569
CTD-2600O9.1,-0.03174256833633468
URB1-AS1,-0.031742831482479625
CTD-2380F24.1,-0.031750183818784375
COX10,-0.031760649089533355
EIF4G1,-0.03177197935649101
RP11-181G12.4,-0.03177859755763385
RP3-333B15.5,-0.03179589255763385
RP11-527D7.1,-0.03181747188258409
RP11-295P9.13,-0.03183132555465275
KIF13A,-0.03183293159418077
ARHGEF39,-0.03183343170397508
RP11-15E18.1,-0.03183731938309416
HMX2,-0.03184144334189015
RP11-716O23.2,-0.03186506358537844
RP5-978I12.1,-0.031881246018701924
RP11-87C12.2,-0.031885986162669765
ZNHIT2,-0.03188956883954558
SSBP4,-0.03191375827084453
RP11-644F5.10,-0.03191393872402768
LUADT1,-0.03192046560008572
RP11-864I4.4,-0.0319371165363336
COL20A1,-0.031940253375262684
ITPR1-AS1,-0.03195076249506926
ZNF208,-0.031987851434789605
RP4-550H1.5,-0.03199675128373885
RP11-251G23.5,-0.03199719073477592
ZNF343,-0.032024785950576846
RP11-661A12.5,-0.0320504125829607
RNF212B,-0.03205472498246001
TMEM200A,-0.032058498993306976
CCDC88B,-0.0320766331044785
GPR162,-0.03209136223570429
KDM2A,-0.03210463114315787
LLNLR-246C6.1,-0.032108366224748275
TMEM35,-0.032109353484917134
MMGT1,-0.032115250628171554
LYAR,-0.032131447263013424
SLC36A4,-0.03214462869558998
TEX29,-0.03215813355506602
MSH4,-0.03217125576292579
CLCF1,-0.03217279259589961
RP11-525K10.3,-0.032190941643287174
NRIP1,-0.03220030155715514
RP11-321G12.1,-0.03220865576316872
GLIDR,-0.03220923218271782
RP11-283G6.4,-0.03220980128728589
RP11-259K15.2,-0.032217023898983795
AQP4,-0.032225836410304916
LINC01033,-0.032225992243611376
RP3-332B22.1,-0.032249141752531976
KRTAP13-2,-0.03225222530917289
CRYBB1,-0.03225398377758909
RP1-92O14.3,-0.03226512781076774
LINC01160,-0.03226514622474828
CTD-3131K8.2,-0.03230109877812288
RP11-290F5.2,-0.032302021700209585
CTD-2626G11.2,-0.032305831951100816
CCDC144NL-AS1,-0.03230905001982473
PRDM12,-0.032323978088351156
OPA3,-0.032331499164997946
WI2-1959D15.1,-0.03233305282203015
AC112715.2,-0.03234118018136166
CDKL3,-0.03234569613721105
ANKDD1B,-0.03234757233824523
RP11-118K6.3,-0.03235044577097021
UCN2,-0.03235060666034317
GCOM1,-0.03235178297259747
METAP2,-0.03235277073456577
MAFA-AS1,-0.03236117336354477
PAXIP1-AS2,-0.03236539295695775
CTD-2515O10.5,-0.03236901735729515
MAGEA9B,-0.03237841508835115
SPRY2,-0.032382214733763404
GJC2,-0.0323910569290512
ZNF616,-0.03239648567411019
WDR5,-0.03240591300929796
HIST1H2AH,-0.03240809790332514
SDK2,-0.03240994147431552
RP11-380L11.4,-0.03242078801653782
NAV2,-0.03242505759645703
IDH3B,-0.03242897316177307
CTD-2036P10.6,-0.032431028646499674
TMEM56-RWDD3,-0.032456965087176284
HYOU1,-0.03246387890747937
SLC14A2-AS1,-0.03247859369691107
RP11-276E15.4,-0.032481541431755266
LRRC49,-0.03250270849536341
RP11-486I11.2,-0.03250987782798508
RP4-647C14.2,-0.0325199098426987
ZNF714,-0.03252372672563964
RP11-666A20.4,-0.03253074302846738
SLC1A7,-0.032572914092836205
CTD-3035K23.7,-0.032574782303242476
ZNF675,-0.03257661507203459
CTDSP2,-0.03257885996939619
MCOLN1,-0.03259540447531595
PPM1K,-0.032605729851269416
RP11-480C22.1,-0.032610343014844216
AP000442.4,-0.03261859272402768
SPINK8,-0.03262194272145831
CITF22-92A6.1,-0.03263295936648021
LINC00895,-0.03263954603500057
SLC16A14,-0.03264303405848008
NUDT2,-0.03264352558614614
RP11-483I13.5,-0.03264678110362812
CCNJL,-0.032656550467142345
RP11-785D18.3,-0.032675835583704356
HIST1H2AB,-0.032678414792244856
PECR,-0.032679368919448115
RP11-405M12.3,-0.03268698102412488
PCDHGB4,-0.0326878088215631
ZNF680,-0.03268946403646125
RP4-777O23.3,-0.03269057284434129
AC008522.1,-0.032695194384574924
RP11-905K4.1,-0.032716797786664864
AC105053.3,-0.032720817786664864
THOC3,-0.032723414716633314
RP11-134G8.5,-0.03274747173237597
FAM19A3,-0.032754569318203544
DKFZP434A062,-0.03275481793931351
RP11-930O11.3,-0.03275796538457493
LINC00960,-0.032762818361168525
KRT23,-0.032776306110649765
RP11-348P10.2,-0.03280943782867629
DDX17,-0.032819051879152794
SKIDA1,-0.03282472248771662
FAM63A,-0.03282920729967183
RP11-480D4.6,-0.032834458087176284
RP11-325L12.7,-0.03284140521958473
AC093323.3,-0.03286369546397726
IGLV3-27,-0.032897696372561056
PRDM5,-0.03290152253050938
RP5-1142A6.9,-0.032909221293809535
ATP1B1,-0.03291245438244572
C20ORF195,-0.03291918309170097
GATS,-0.032921162011334756
ZNF627,-0.03294790657520343
LPP-AS2,-0.03297332734943212
RP11-779O18.1,-0.032981230225995944
FBXO47,-0.03298344898227765
RFX7,-0.03298820376057726
SPATA9,-0.03298839530393785
MUC5B,-0.03299030650956347
RUFY1,-0.032992541344436244
RNFT2,-0.03299858773470377
RP11-210L7.3,-0.033002969839971905
LINC01460,-0.03300375958466219
ARHGAP23,-0.033004692316958864
SEC22C,-0.03301498240969958
ANKMY1,-0.0330211116864618
LACE1,-0.03303505652225237
PITPNA,-0.03303723382437873
CROCC2,-0.03304154216224925
AC137932.5,-0.033044446306947535
LINC00518,-0.033074357627334156
RP11-67L2.2,-0.03308066230635454
KB-1991G8.1,-0.03309105408266607
SEPT4-AS1,-0.03310575451307766
CTD-2366F13.1,-0.033109048104150156
C19ORF73,-0.033114774377718835
RP11-281P23.2,-0.03312248591764961
CTD-2245E15.3,-0.03313918388144209
KIAA1211,-0.03314506469772517
MS4A18,-0.03314643324109051
FCRL6,-0.03315034777613114
KB-1562D12.1,-0.03315642377657912
AC142293.3,-0.033171528609362344
GLT1D1,-0.033182707434178824
PLEKHM2,-0.0331841894775865
RP11-495P10.3,-0.03319218171389031
ANKFN1,-0.03319221691889068
CSGALNACT2,-0.03319655459942422
PNKD,-0.03321123104574303
MRPS18B,-0.03321187041326312
GAPVD1,-0.03321651398951109
PINK1,-0.0332210831178652
RP11-451B8.1,-0.03322161027594776
HIST1H4E,-0.03322739165804704
RP11-146F11.1,-0.03323732302973591
BOK,-0.033248539675521716
MTDH,-0.03325051097011522
RP11-839G9.1,-0.033254747986842095
RP11-708J19.1,-0.03325542595667172
AADAT,-0.03325743650692092
RAC1,-0.033258463384242876
SDR16C5,-0.03325914706888611
LSM1,-0.03326453683322972
RASEF,-0.03329228218001827
TRAF3IP2-AS1,-0.03331738725232853
PHACTR3,-0.033319326422812934
AC011513.4,-0.03332603119170599
GOT1,-0.033334596560188334
LANCL2,-0.03333815148526198
CTC-534A2.2,-0.03335199877812288
NRCAM,-0.03336773954925332
OPRL1,-0.0333806901047566
PPP3CC,-0.03338382321767208
MIF-AS1,-0.03341727591670009
RP11-59N23.1,-0.033427494226580236
LINC01352,-0.03343049880379176
LLNLR-307A6.1,-0.03344426518549423
RP11-159D12.5,-0.03345478890781921
RP4-737E23.2,-0.033461418255251604
CTC-444N24.8,-0.03347022417554564
SUCLA2,-0.03347740494770446
RP11-576N17.5,-0.033492046414414584
CCDC64,-0.033493767289045163
AL354828.2,-0.033496604151404485
ZSCAN31,-0.033510864020614546
RP11-718G2.5,-0.03351516472605409
AL023806.1,-0.03352535216407446
FAM163A,-0.03352829439590478
RP11-284F21.8,-0.03353419902451313
RP11-556N4.1,-0.03353621704460952
RP11-79N23.1,-0.033537890247602294
RP11-1109F11.3,-0.03353796273477592
AC007950.2,-0.033552959959276416
DDX11,-0.03356229383443765
ORAOV1,-0.03357866591231516
RP11-98G7.1,-0.033585657454304835
FOXD3,-0.03363357815146978
INTS6,-0.033637200640965315
PRSS55,-0.033643547563684775
HIST1H3F,-0.03364695974590043
RP11-1151B14.4,-0.0336473910967644
CTD-2014B16.3,-0.033648128449057485
RP11-134L10.1,-0.03366365383860212
RP11-700J17.1,-0.03366805787717825
MDM4,-0.03369001403770877
AP001065.15,-0.03370073393088905
RP11-348J12.2,-0.0337038848610673
LINC00672,-0.03370822806323184
TMPRSS7,-0.03373634006589048
LINC01419,-0.03376470520637663
RP11-1136J12.1,-0.033772548078861694
CPB2-AS1,-0.033806134787122674
RP3-508I15.14,-0.03381125483107838
CTB-39G8.2,-0.033813582509299805
RP11-65D17.1,-0.03382369016867662
ZNF576,-0.033834524631616125
RP11-13K12.1,-0.03384033489480204
CTC-366B18.4,-0.033871230588088566
DMRTA1,-0.03387137160524422
MON2,-0.03389684069084831
AC007563.5,-0.03391757730463127
DCHS2,-0.03391863622894026
AC092484.1,-0.03392424057064106
TSPEAR-AS2,-0.03393114961245429
RP13-650J16.1,-0.033948226539316284
LINC00645,-0.03394912265565338
RP11-903H12.3,-0.033958123741017573
RHBDL2,-0.03396557936370648
SPINK13,-0.03396906958682115
RP11-315O6.1,-0.03397069574227782
TECPR1,-0.03398617099769452
RP11-644F5.11,-0.033991333216544545
RABL2B,-0.034002765046537875
PLEKHB1,-0.03400543277812288
ZNF792,-0.034014260704213005
HIST1H2AE,-0.034032948340774485
RP11-429J17.2,-0.034040199930118226
LINC01119,-0.034043633364040995
TRPM2-AS,-0.03405379160913479
PTPRQ,-0.03406022093213679
SLFNL1,-0.03406511994392159
CTD-2574D22.2,-0.034070689159546794
FOXD2-AS1,-0.034082928585334765
HIST1H3B,-0.03408356962945208
LINC00239,-0.034091299424179794
TMEM182,-0.034113180442588056
FAM24B,-0.03412739342727257
AP000866.1,-0.03412959996524423
MNX1-AS2,-0.03413443803580717
NUP85,-0.03413631240320847
CSN1S1,-0.034145742880008684
EME1,-0.034159530553099615
LINC00511,-0.03416707911669414
AP000295.10,-0.03416740934348941
RP11-322E11.5,-0.034168673418468604
RP11-544M22.8,-0.03417997854668162
LINC00926,-0.03418181694333089
C1ORF106,-0.034185605924338856
AC010761.10,-0.034195850533486644
CTD-2021H9.3,-0.03419805066828718
CTD-2047H16.5,-0.03421290719172468
RP11-483P21.2,-0.03422514807863959
PKI55,-0.03423160856167903
EPB41L4A-AS2,-0.034232021512439925
RP11-274H2.3,-0.03424187611380411
LINC00528,-0.034246364389868576
CIZ1,-0.03424934443571742
RP11-287D1.3,-0.03426134693679195
QTRT1,-0.03427475493631915
RP11-110I1.12,-0.03427672908283977
RP4-605O3.4,-0.03428056289043667
ZNF585B,-0.03429336575979093
CTC-254B4.1,-0.034298439618776634
ZNF284,-0.034299656831349785
KB-1107E3.1,-0.03429973198419379
RP11-459J23.1,-0.034301242156451583
USP10,-0.034305557772589146
NUDCD2,-0.034306319779633554
RP11-203M5.8,-0.034312579898860454
AC011294.3,-0.03431399968406812
RP11-275E15.2,-0.03432197374690372
FANCA,-0.03432205912563013
IDI2-AS1,-0.034323881082122185
MBLAC2,-0.0343331564869408
LINC01135,-0.03433823293405114
RP13-870H17.3,-0.034339165553691126
LINC01091,-0.03434370337923857
DIAPH2-AS1,-0.03434665997513442
RP1-5O6.5,-0.03435262827036695
GLYCTK,-0.0343537915843547
RP11-554D15.3,-0.03435934348991965
LINC01226,-0.034359422740475695
DICER1,-0.03437828241752017
ERICH6-AS1,-0.03437982877812288
AC010082.2,-0.03438437327375101
PLOD3,-0.03438567140170923
AP000439.2,-0.03438923097960064
HMGN3-AS1,-0.03439090221321389
RP11-211G23.2,-0.03439775177220128
FGF11,-0.03439841464911808
RBSN,-0.03441499530085723
NUDCD3,-0.034415165544485427
RP11-448A19.1,-0.03441863233985392
AC006946.16,-0.034423630758605564
TEKT5,-0.03442684588489938
RP5-894A10.2,-0.034430515778215126
RP1-92O14.6,-0.034433300273751015
RP11-354K1.2,-0.034441675702202086
CTB-12A17.3,-0.034450016471446306
RP11-542G1.1,-0.034454409823955895
AC002398.12,-0.03445446800546195
DYNC1I1,-0.034454952977270525
CSRNP2,-0.034457460786683436
LINC00566,-0.03446049005558949
ELAVL1,-0.034463766778690896
ABCC11,-0.034468114151760834
MTHFD2,-0.03446962948096233
RP4-669L17.10,-0.034474814252494795
MIATNB,-0.034489576415983644
C10ORF113,-0.03449510635186345
MIR7-3HG,-0.0344976321678115
NOTO,-0.034516329584940164
AC005009.1,-0.03455297335578725
TIGD5,-0.034556007291826514
CTD-3154N5.1,-0.03455915107991345
ZNF534,-0.03457625074294876
RP4-530I15.6,-0.03458726124611459
CAMKMT,-0.034592520979466856
TMEM218,-0.03459455144108037
PUS7,-0.03460282812578397
MXD4,-0.034604050030708156
SLC22A5,-0.03461037031667913
RP1-191J18.66,-0.03462070810642661
POTEI,-0.03464034550404767
RP11-932O9.10,-0.034642126263554646
RP11-324O2.3,-0.0346434205619941
ZNF442,-0.03464650813803769
NPIPA5,-0.034650494710085765
RP3-465N24.6,-0.03465256871426006
RP11-631N16.4,-0.03465305993283229
RP11-347C12.10,-0.03465443934153912
RP11-41O4.2,-0.03466886226734536
LINC01411,-0.034672997636965505
RP11-431K24.3,-0.03468276152427517
IL21R-AS1,-0.03468345097424819
KIRREL,-0.034684265491449415
CTD-2647E9.3,-0.03468549286358308
ACPP,-0.03468909014191801
CCDC122,-0.03469135296872522
TICAM1,-0.03469299008586091
C6ORF3,-0.034702322644323394
RP5-1159O4.1,-0.03470359277812288
RP11-451G4.2,-0.03470839547944858
FLJ27354,-0.03473254877812288
AL109761.5,-0.03473915333931214
RP5-1065J22.8,-0.03474181101534571
AC116035.1,-0.03475093712722554
RP11-734K21.3,-0.03475178412171645
AFF1,-0.03475460207882486
RP11-70C1.1,-0.03476118297205438
IGHV3-73,-0.03476255256465685
CH17-437K3.1,-0.03476589116671195
RP11-13A1.1,-0.034767614044325934
TSPAN5,-0.03477378346903387
RP11-285E9.6,-0.034779045170663464
CTD-2313J17.6,-0.03478929505800284
DCTN1-AS1,-0.034795208877230685
TRIM68,-0.03481927926439628
CTD-2083E4.6,-0.03481997019843469
HOXA11-AS,-0.03482851001380761
LINC01315,-0.03483199007727966
KRTAP5-9,-0.034836542839458196
RP1-56K13.5,-0.03485410371886491
RP11-115H18.1,-0.03485914194430176
RP11-536O18.1,-0.034867083252756816
LINC01549,-0.03486782009993668
LINC00342,-0.0348678367763992
TMEM27,-0.034876383145248574
RP11-65J3.2,-0.03488206470978394
NOVA2,-0.034882790466553404
ZNF565,-0.034885174334365616
GBA2,-0.03489333760094071
AC145124.2,-0.03493114636294022
RP11-834C11.5,-0.03494138784539716
CES4A,-0.03494161877812288
SLC44A5,-0.0349502821547444
RP4-781K5.6,-0.034952209259108864
ZNF252P-AS1,-0.034956096516170126
CEP170B,-0.03495730923876293
RP11-1167A19.2,-0.03499222486123337
AF121898.3,-0.03500376477197972
RP11-476D10.1,-0.03500605907353076
RP11-554D13.1,-0.03501019179784082
SEC14L2,-0.03501859055798183
FOCAD,-0.03502269931566836
HNRNPUL2-BSCL2,-0.03502494848406666
SSUH2,-0.03502628319410085
HOXA5,-0.03502680039991002
FAM90A26,-0.03502969639375087
MYO1H,-0.035045348398256
TBC1D14,-0.035050284027626055
AC061992.2,-0.03505415877812288
DDX21,-0.035057169273637
PRSS53,-0.03506021671514088
LRRC43,-0.03506040583448165
RP11-131N11.4,-0.035063718708807604
RP11-184M15.1,-0.03507123526389566
MCUR1,-0.03507214753977028
TENM4,-0.035088609520036895
SNAP29,-0.03511846791003492
KB-208E9.1,-0.0351248766632022
TSEN2,-0.03515534194789166
RP4-680D5.9,-0.03516033295084297
STK39,-0.0351630340058654
NT5DC3,-0.03516934979262244
RP11-700H6.1,-0.035172099142546265
RERE,-0.03517472809798827
TMEM30A,-0.035182453272151915
ST3GAL5-AS1,-0.03518321390087238
RP11-1246C19.1,-0.03520090069653273
RP11-498C9.13,-0.03520457725469195
AC007161.5,-0.035204935182263114
CCDC187,-0.03521258911269659
RP11-287D1.4,-0.035214132042870674
PLA2G12A,-0.035218545712370375
DPYSL2,-0.03521858577372505
HIST1H4D,-0.03521899668736986
BMPR1B-AS1,-0.03523141032405459
RP11-15H20.7,-0.035232187491262945
RP11-277P12.10,-0.035237320316125684
CCDC157,-0.03524146445068669
RP11-764E7.1,-0.03524619592264749
LCN12,-0.035256791195297885
LRRC14,-0.03525724136198516
ZNF878,-0.035258974615730215
AC073254.1,-0.03525940663073429
BANP,-0.03527837956502694
AB019440.50,-0.035285009189773515
CPEB2-AS1,-0.03529408273056876
POLR2J,-0.03529669052092388
HAND2-AS1,-0.035297422098416395
RP11-806L2.2,-0.03530873788638215
RP11-171I2.3,-0.03531061795152045
RP11-710F7.3,-0.035315432104105586
RP13-580F15.2,-0.03532176579908537
CTB-25B13.12,-0.03533120596960807
TTN-AS1,-0.03533383495096738
RAP2C-AS1,-0.03533632323456049
LINC00243,-0.03533789947581366
CTC-459F4.1,-0.03534466961235648
ZFP64,-0.03534832006820232
GS1-124K5.4,-0.03535259517174705
AC005523.2,-0.035352967440005656
SPG20-AS1,-0.035355190719879456
TMEM56,-0.03536637647324141
RP5-821D11.7,-0.03538241877812288
RP11-353N14.1,-0.035383315720883914
AAMP,-0.0353867741511284
MTA1,-0.03538754079324058
DNAJC17,-0.03539919507880718
CTD-2313J23.1,-0.03541094567412913
RP11-434H6.6,-0.03541120877812288
TEX26-AS1,-0.0354146580314767
RP11-378J18.8,-0.035419587934941946
WDR53,-0.03543745996290387
RP11-389G6.3,-0.035443032771017596
RP11-1007O24.3,-0.03545233150713758
AC007879.7,-0.03546140154858067
ARHGAP5-AS1,-0.03546315535853761
CCDC87,-0.03547331179208872
NAP1L6,-0.035483520509884646
AC005550.3,-0.03549832676758671
GLTP,-0.0354999552253365
ZNF585A,-0.035502556317968025
RP11-390F4.10,-0.03550742441001991
CNTNAP5,-0.03551129515552433
MPZ,-0.035519128763993824
YY1AP1,-0.035538603629934995
RP11-108O10.2,-0.03554073343335702
CCDC154,-0.035543976232919224
LINC01285,-0.03554520344514137
RP11-367F23.2,-0.035549232044921296
ANGPTL7,-0.035555645893354235
AC017104.2,-0.0355588847870512
AC062017.1,-0.03556229477812288
CTD-3194G12.2,-0.03556699977194115
LINC01426,-0.03557386577812288
CC2D1A,-0.035576188766152206
RP4-555D20.3,-0.03559645681597122
SETX,-0.035616944012143215
RP11-334E6.10,-0.03564266473056876
KIAA0391,-0.035642668582390014
TRA2B,-0.035643833211624676
RP11-395B7.2,-0.03564495905905503
RP11-616M22.11,-0.0356583668451385
RP11-789C17.3,-0.03566185310297111
CTC-479C5.12,-0.03566679580252756
IGKV1D-13,-0.03566920915516976
HS2ST1,-0.03567607256437211
TMEM87B,-0.035680524588858786
CTC-297N7.1,-0.0356858247870512
C18ORF63,-0.03568810426493474
RP11-166P13.4,-0.035705029890134174
XKR5,-0.035727353610985974
CTD-2240J17.2,-0.035731118298970764
C8ORF88,-0.03573191301264241
HIRA,-0.03573664344816718
RP11-256I23.3,-0.03574619254917166
MTF2,-0.03575117482673584
RP11-196G11.6,-0.03575882699629928
RP11-176H8.1,-0.03576539626190172
RP5-1121A15.3,-0.035766630772858576
MEX3D,-0.03577235598212869
RP11-380O24.1,-0.0357742592664545
RP11-250B2.3,-0.03578327099169054
RP11-350J20.5,-0.035799452454157464
MBNL3,-0.03580477828887263
DKKL1,-0.035812313170489773
TBC1D3I,-0.03582376513079932
RP11-309M7.1,-0.03583393439340905
FAM201A,-0.03583798214494824
AP002856.5,-0.03583937865115515
ZNF790-AS1,-0.0358407409722794
LINC00463,-0.03584182890638926
CLCN4,-0.03584415706306182
TMEM151B,-0.035853180604425314
TTC33,-0.03585334411785873
AP000593.7,-0.035857816760561045
IGKV6-21,-0.03586179156491005
BANCR,-0.0358626099148383
RP11-371A19.2,-0.03586498029730059
TM4SF19-AS1,-0.03588354498815101
RMDN2-AS1,-0.03588494086880469
RP1-28H20.3,-0.0358906057165176
RP4-622L5.7,-0.03589871149774357
C11ORF44,-0.03591012915016267
RP11-74E22.8,-0.03591647111819101
TEX41,-0.03593152322950356
BIVM,-0.03593451353661775
KIF17,-0.03593567071165038
CTB-193M12.5,-0.03594129297042192
HSF4,-0.03595657025448212
LINC00202-2,-0.03595922960042919
AC093901.1,-0.03596681151899048
NALT1,-0.03596683472274411
NUS1,-0.035975982352340674
TLDC2,-0.03597724866683814
RP11-783K16.5,-0.03598478959993227
AJ003147.9,-0.035990183467416156
KMT2E,-0.036001429118285855
RP11-500C11.3,-0.03600262096934131
DENND6A-AS1,-0.03600651177014731
RP11-114F3.4,-0.03602186477812288
RP11-77P6.2,-0.036037212843458385
ETNK1,-0.03604293294741845
FGFR1OP2,-0.03604450374678375
MIR1539,-0.03606320212075019
CFAP58-AS1,-0.0360670490831866
PATL1,-0.03607291763765463
RP11-574K11.31,-0.03609450093471913
ZMPSTE24,-0.036098773189496114
PPP1R27,-0.036102886568962
RP11-427M20.1,-0.03610559928962043
CLCC1,-0.03611510058372058
RP11-20E24.1,-0.03612213835146892
KIF7,-0.036124792602242994
ELP5,-0.03612507684609961
TMEM9B-AS1,-0.03613246155764024
AC006004.1,-0.036132819759030654
ZDHHC21,-0.036136697057140676
AP000704.5,-0.03613982878246321
RP11-384O8.1,-0.03615126179873349
AC115522.3,-0.03615424365247087
AC078883.3,-0.03615465402035231
ATG9A,-0.03615887308855259
DLEC1,-0.03616639340371519
APOBEC3F,-0.036171194532042206
NRN1L,-0.03617173587900813
RP11-61L14.6,-0.03617607553123377
RP11-111F5.3,-0.03618266463114879
FAM66D,-0.03618731976665046
GATA6-AS1,-0.03620289605067921
PALB2,-0.036215346188383735
RP11-491F9.1,-0.03621590143155981
DLX2-AS1,-0.03622263646939558
ST18,-0.036224743342610555
RP11-10A14.3,-0.03622665132442532
TRDV3,-0.03623014103743265
RP11-382D12.2,-0.03623764547612785
RP11-1109F11.5,-0.03624949256812953
AC005220.3,-0.036257675477751966
TRIM27,-0.03626810114609391
RP11-476K15.1,-0.0362761401770684
RP11-190A12.8,-0.03627791467061757
RP11-181C3.1,-0.036295381781558535
SLC6A15,-0.03631225198107317
LMBRD1,-0.03632768377207457
ZNF780B,-0.03633970839998363
RP11-407G23.1,-0.03635706253845479
AP000936.4,-0.036366206730705425
AP006285.2,-0.036368080917177775
ZNF682,-0.03636862228203779
LINC01381,-0.036374488501110136
RP11-378A13.2,-0.03638400612254472
FZD8,-0.03639524421273732
EEF1E1,-0.03641125498620118
CCNL2,-0.0364159572214775
ADNP-AS1,-0.03641779508838697
RP11-212I21.4,-0.03642992138785525
CTC-332L22.1,-0.03643346421781607
OR8G5,-0.03647003852358709
RP11-511B23.1,-0.036472230492963956
RP11-392O17.2,-0.036472572075911536
CTB-131K11.1,-0.036492161795800324
RP11-587P21.2,-0.03649683364725426
RP11-157F20.3,-0.036501685815759966
RP11-624M8.1,-0.03650558178894725
RP11-408O19.5,-0.03650740754343919
RP11-235E17.2,-0.03650745744735201
SPATA13-AS1,-0.03650969199280846
BP-21264C1.2,-0.036512675838027066
PAPOLA,-0.03651271034300174
RP11-316M1.3,-0.036544301751454566
RP3-522J7.6,-0.03654460307218359
RP11-218L14.4,-0.036556026042636684
SNHG21,-0.03656014554357802
ACADS,-0.03656360443568285
GALT,-0.03656375929322914
MEG8,-0.036571716650781926
RBPMS-AS1,-0.03657483871307039
AC123023.1,-0.03657990938960315
CTA-212A2.4,-0.036580951679297743
FKBP4,-0.03659149457386768
GPR52,-0.0365951040639243
RP11-153F10.2,-0.03660774624871016
CTD-2231H16.1,-0.03661392922015268
RP11-661D19.3,-0.036616101310952165
RP1-50J22.4,-0.03664830722896138
NBPF3,-0.03665177289154248
AC098823.3,-0.03665741620161418
TMEM11,-0.036662747814078245
RP13-753N3.3,-0.03666779675604161
LINC00885,-0.03667282477388246
DOK6,-0.0366813441231445
SH3PXD2A-AS1,-0.036685880823443956
SLC38A1,-0.03668690808109415
GOLGA6L1,-0.03669614756671238
LINC01550,-0.036710684143154815
RP11-259O18.5,-0.036731346341109875
ALKBH5,-0.03673284433275037
VAV3-AS1,-0.036754443066459835
SETDB2,-0.03677030151059285
ZNF788,-0.03677094214453001
AP000265.1,-0.036781363712852615
GSG1,-0.03679485344150007
C8ORF44,-0.03680846243229324
RP11-245J9.6,-0.03681430192389558
RHBG,-0.036816786030066675
RP11-468E2.5,-0.03681763131080179
RP11-678G14.3,-0.03685294046002187
RP11-338N10.2,-0.0368631480100952
RP11-634B7.4,-0.036871640812931636
LIX1,-0.03687510239347214
C6ORF229,-0.0368766152189248
RP11-225H22.7,-0.03688224902577983
XKR9,-0.03688903093440121
RP11-428J1.5,-0.03689008123938433
CEP78,-0.03689243102903922
AC093495.4,-0.036892459659591266
RP11-277B15.3,-0.036917152560179925
POLB,-0.036917289825311395
RP11-53B2.3,-0.03692153579443288
RP11-148K1.10,-0.03692648867567351
MYO1D,-0.036950648670568076
DHCR7,-0.036962670416603394
HSD17B6,-0.03696448367569982
RP11-499O7.7,-0.03697548006509996
PAGE2B,-0.03697943862386798
RP11-506K6.4,-0.03699228465148565
RP11-21A7A.3,-0.03699276350769866
RP11-220C2.1,-0.03699791702398904
LINC01565,-0.03699918019495567
RP11-175D17.3,-0.037000068525994134
RP4-764O22.1,-0.0370021566754582
RP11-49K24.8,-0.03700280734685233
TRABD2B,-0.03700530706037412
RP4-533D7.5,-0.03700656070983839
RP13-820C6.4,-0.03702186792082125
RP11-689C9.1,-0.037033430362573186
RP11-177J6.1,-0.03703681449479742
TMEM246-AS1,-0.037040892445833126
MARCH10,-0.037054099074880276
KRT79,-0.037058913133878754
RP11-535A19.2,-0.03706112075875245
RP11-77K12.4,-0.03706726648478687
TMEM259,-0.03708678931024817
RP11-474O21.5,-0.03708806108239037
CTD-2366F13.2,-0.03709183400478129
RFX8,-0.0370972061767558
POLQ,-0.037108549544595526
CLDND2,-0.037114496778122875
CHKB-AS1,-0.03711987028792693
RP11-138E2.1,-0.03712428523463989
LINC00706,-0.037124388858086416
FARP1-AS1,-0.037149505493322625
DEPDC1-AS1,-0.03715472218906303
HCG21,-0.03715856438309915
SNW1,-0.03716795818939922
CTA-363E6.6,-0.03717626805867037
SP2,-0.03719241479165164
LA16C-359F1.1,-0.03719546928793038
PKN2-AS1,-0.03720374714081176
RP1-167G20.1,-0.0372061955062805
CTD-2013N17.7,-0.03722030105028979
MARCKSL1,-0.03722299101235721
LINC00471,-0.03722374593916926
RP11-449P15.2,-0.03722456230387571
UGGT2,-0.03722737435909845
AC068282.3,-0.03723656885881638
ZNF614,-0.03725418687629198
C1ORF234,-0.037257539655510694
RBM4,-0.037262534030587435
TRMT112,-0.0372661316311802
DLG1-AS1,-0.03726734136635053
SGTA,-0.037271620494914726
RP11-352G18.2,-0.037275180267986624
RP11-363J20.1,-0.037275528968969046
LL09NC01-139C3.1,-0.03729359666103481
AC019186.1,-0.03729925082020172
NCRNA00250,-0.03730383913517361
ZNF142,-0.03733184071183214
RP1-100J12.1,-0.03733786807092631
RP11-981G7.6,-0.03734979971770393
KCNJ9,-0.03735944528805213
ZMYM6NB,-0.03736977280919889
FAM166A,-0.037379283188803784
CTD-2619J13.19,-0.0373831104236384
ZNF660,-0.037391227181944736
RP11-753H16.5,-0.037397111277637174
IGFL2,-0.03740876322647643
ZNF99,-0.0374111885150069
RP5-1102E8.3,-0.03741988746076717
RP11-449J21.5,-0.0374225388970766
FAM156A,-0.037423467910247456
AC093159.1,-0.037429776397688935
PDCD2L,-0.037430559184744694
MTX2,-0.03743979766233163
RP11-563K23.1,-0.03744385107275941
LINC01299,-0.037444506918155776
GATSL2,-0.037458076767914905
TKFC,-0.037458234774163324
PACSIN3,-0.03746859388135021
RP11-425D17.1,-0.03746862177799144
CEACAM3,-0.03747026455592051
ATIC,-0.037474298688041086
RP11-231I16.1,-0.03747711184818678
RBM15B,-0.037500151660875614
RP11-219G17.4,-0.037508216766558446
RP1-249I4.2,-0.03750873821304784
RP11-178F10.2,-0.037509016770693425
AL591893.1,-0.03751057098004687
LRRC41,-0.037517145783367845
DOCK10,-0.03753501488022559
PPP4C,-0.03754601262045287
RP11-727F15.12,-0.037547645931105045
VEPH1,-0.037553326222946756
AC004754.3,-0.03755647848197162
ANKRD24,-0.037557974170215024
RP1-261D10.2,-0.03756127524741994
H3F3C,-0.03756437266264981
DNAH10,-0.037582379825896906
GHRHR,-0.037584842325151246
FAM19A4,-0.03758767532751623
RP11-372K14.2,-0.03758961935160906
SGMS1-AS1,-0.03759397297245805
DGKZ,-0.03759619945022841
AC018755.17,-0.03759998709302799
MAB21L3,-0.03762342227779947
KRTAP5-2,-0.03764085735589403
RP5-956O18.2,-0.03764154562081376
SHF,-0.03764501918492848
CTD-3187F8.14,-0.037649293930833674
RP11-318M2.3,-0.037652901631314684
AC005076.5,-0.03765959799417733
CTD-2199O4.6,-0.037665549633665946
RP11-91I20.4,-0.03766822636390753
CTD-2528A14.5,-0.03768008862223039
PAICS,-0.037686717969558026
C21ORF58,-0.03769194922018064
LINC01023,-0.037695074284247856
ALS2CR12,-0.03769688574138978
RP11-712L6.5,-0.037707011084728875
AF127577.12,-0.037713555068853946
XXBAC-BPG252P9.9,-0.03772515016740802
SEMA6A-AS1,-0.03772584146026135
RP11-188P20.3,-0.03772776442092688
ANKRD20A3,-0.03773014794015857
UBR7,-0.037730359240502775
OR52K2,-0.037761230338775084
RBAK-RBAKDN,-0.03778249419322316
HIPK1-AS1,-0.0377883640474682
SMIM11A,-0.03779247434250613
LINC00907,-0.037796288299479903
RP6-109B7.4,-0.03779666527736884
GPHN,-0.037797416651107696
RP11-310H4.3,-0.037806097111407214
OR2L13,-0.037829399108350294
GHRLOS,-0.037835297016782635
QKI,-0.037838318792363546
LINC00628,-0.03783994423503706
RP11-333E1.1,-0.03784384881547616
TMPRSS13,-0.03785056667811444
RP11-4L24.3,-0.03786838908429249
PAN3-AS1,-0.037875549836432466
RP11-568N6.1,-0.037876757876190124
AE000662.92,-0.03788197805459691
RP11-306G20.1,-0.037885202680430934
RP11-1152H14.1,-0.037890184992935005
CTD-2589M5.5,-0.037890861365776254
EIF2S3L,-0.03790462674110268
FAM173B,-0.03790867667802876
ZMAT4,-0.0379133514736979
GADD45B,-0.03792690348904182
RP5-965G21.4,-0.037934101067251404
MTHFSD,-0.03793790705804373
AC020594.5,-0.03794412993749189
RP11-243A14.1,-0.03794863125427472
CH507-9B2.5,-0.03795165714097169
RP11-296O14.3,-0.03796208840803202
MSANTD4,-0.037999165614888086
RP11-894J14.5,-0.03800437200857379
RP11-886P16.6,-0.03800667486909326
RP11-431N15.2,-0.038011895717902186
RP11-91J3.3,-0.03801195486527354
CTD-3064M3.4,-0.03801877950265128
RP11-794M8.1,-0.03803295151966343
RP4-597N16.4,-0.03803591865976758
RNF181,-0.03805821940577958
BCL2L15,-0.03806062297102126
AC001226.7,-0.03806510031123779
RP11-549B18.1,-0.038071331678543235
AC005625.1,-0.038084896725997644
ZNF449,-0.03810493891513892
MPV17,-0.0381127209565969
MAPKBP1,-0.038128818469730756
RP11-188P17.2,-0.03813068771823158
XXYAC-YRM2039.3,-0.038142287552912935
PIGP,-0.038143284119444676
LINC00638,-0.03814458362574076
RP11-1299A16.3,-0.03814999807383283
ZNF529-AS1,-0.038153055939551594
HIST1H4B,-0.03815621028213438
SLITRK4,-0.03816861510568856
ILF3,-0.03817068903576304
FAM104A,-0.038181120888978626
ARFRP1,-0.03818869680635151
RP11-120K9.2,-0.03821567000740855
RP4-616B8.4,-0.03822048249403578
CRTC2,-0.03823950911387897
NBR1,-0.03824852639521503
RP11-182J23.1,-0.03824952780927418
CTA-243E7.4,-0.03825401953454913
BARD1,-0.03825414684875228
RP11-260E18.1,-0.03826624941978868
RP11-443B20.1,-0.03827269335496385
RP11-66N24.3,-0.03827738890267464
C9ORF47,-0.038287365785285965
RBMS3-AS2,-0.03828811455724972
FAM188B,-0.038296293388288674
LINC01629,-0.03831459306955115
THAP11,-0.03832980407912878
CTD-2256P15.4,-0.03833022550687115
RP11-131L23.1,-0.03833262767033279
RP11-365O16.6,-0.03833969382227516
CTC-459F4.3,-0.03835108137745935
RP11-360L9.4,-0.038359045178177814
RP3-402G11.27,-0.03836469241432722
IL21-AS1,-0.038364985375583915
NMRAL1,-0.03838295501584943
AC090587.5,-0.038383382956725026
RP5-1021I20.8,-0.038392129364047865
RP11-121A14.2,-0.03840004775154811
CTD-2655K5.1,-0.03840429015453006
RP11-38M8.1,-0.03840612319226324
RP11-820I16.1,-0.03841016389742784
CSNK2B,-0.03841246794128961
RP11-715J22.3,-0.0384226393565835
RP11-273B20.3,-0.03843175614547585
CTD-2184C24.2,-0.03843299381551767
RP11-145M9.6,-0.038439988222757765
RP13-16H11.2,-0.038466738260334025
CTD-2012K14.8,-0.038475920016500395
RP11-179B2.2,-0.03850131739184671
RP13-465B17.5,-0.03850139791093629
WI2-85898F10.2,-0.03850351167455793
TGFBRAP1,-0.03851874225929908
RP11-464F9.22,-0.038524206804400524
RP11-513G11.4,-0.03852830830950145
MORC2,-0.03853491279104454
RP5-837J1.4,-0.03854477003421134
ARID1B,-0.038553947630802665
LINC00922,-0.03855582383361974
FSD1L,-0.03856052216912016
AP000769.7,-0.038564824064808934
RP11-126K1.2,-0.038567882625636735
RP3-428L16.2,-0.03856973160419468
RP1-102E24.10,-0.0385711303147238
RP11-211G3.3,-0.038574561899376025
GRM6,-0.038579243208557545
RP11-452L6.8,-0.03858864236404786
LMNTD2,-0.03859539076345778
RP11-1E4.1,-0.03860094794895478
ZNF341-AS1,-0.038606798778122876
TRAV1-2,-0.03860999117513222
TMEM116,-0.03861979606341176
ESCO2,-0.03862412751646649
PKHD1L1,-0.03862702774791608
RP11-185E12.2,-0.03862879927099991
RP11-1000B6.5,-0.038633558716499525
RP11-505K9.1,-0.03864719415529756
LINC00864,-0.03864742831528221
POTEE,-0.03865260935800498
TLL1,-0.03865532885218981
ZMYM2,-0.038657843735568576
CTC-338M12.5,-0.03866718335281265
CTD-3065B20.2,-0.038676012965449716
RP11-12D24.10,-0.038691744365154074
RP11-1149O23.4,-0.038691808248132314
RP11-384C4.7,-0.03869940017522468
LINC00570,-0.03870807491556791
TIMM10B,-0.038729816586740295
VSIG1,-0.038731247300436686
RP11-90D4.3,-0.03873959741211806
LINC00893,-0.03874064057758678
RP11-96L14.7,-0.038743684500701495
RP5-1180E21.5,-0.038752266287781945
ZNF705A,-0.03875422604494506
RP11-167B3.2,-0.03876740695782096
RP11-662J14.2,-0.03877630811889103
ZNF519,-0.03877714515974156
C10ORF111,-0.03877788252709216
SLC5A9,-0.038778865323133974
RP11-403P17.4,-0.03877957004250296
RP11-127B20.3,-0.03878327566779864
ZNF823,-0.03878401714984112
CLDN4,-0.038796492988517395
PDE6G,-0.03880145351478248
C9ORF139,-0.03880703882250517
CTC-241N9.1,-0.038811000942118
RP11-5C23.1,-0.03881260802208346
SRSF6,-0.038817524721529884
SAE1,-0.03883145960671719
RP3-431P23.5,-0.03883752423514411
CTB-12O2.1,-0.03884402577398202
CPB1,-0.038848492714403604
ENPP5,-0.03885211365614492
MIR3180-1,-0.038872277621833894
FGFBP3,-0.03887838547414335
FITM2,-0.03888491855336296
CNOT8,-0.03888530311816657
TMEM143,-0.03893359661886377
RP11-285J16.1,-0.03893640075118189
C3ORF52,-0.03894514845462535
FNDC7,-0.03895140093409902
C20ORF202,-0.03896906697895955
KLHL34,-0.03897923758096637
TIPARP-AS1,-0.038985044136037934
AC005009.2,-0.03899598119466092
C6ORF223,-0.039004996138330236
NDUFV2-AS1,-0.03900953701837318
RP11-567J20.3,-0.03903294079587693
NBPF20,-0.03903429549760412
ZFP91,-0.03903866211571455
TUB,-0.0390408060745291
ARAP1-AS1,-0.0390490018021001
RP11-370I10.11,-0.0390631670879109
NRIR,-0.03907455358298931
RP11-38L15.3,-0.03907604202440231
C20ORF197,-0.039081332335641705
PLEKHG4B,-0.039097807003909336
HIST2H2BF,-0.039097807658275696
GPRASP1,-0.03910673748463572
ZNF319,-0.039112556045219474
GPR27,-0.0391152384034026
FRY-AS1,-0.03913070067849059
RP11-32B5.7,-0.039149144309422575
RP11-58K22.5,-0.03915516175551417
RP11-440G5.2,-0.03916083131733512
SRSF7,-0.03916801672925363
FAM234B,-0.03918695778611475
RP11-6N17.6,-0.03918805472508482
SPATA24,-0.03918949119404593
HIST1H2AK,-0.03919844783651476
CTA-397H3.3,-0.03920714580748955
PLEKHD1,-0.03920751887675922
RP11-498C9.16,-0.03921437520061946
LINC00202-1,-0.03923410304013705
RP11-259K5.2,-0.039235715497848364
RP11-503L19.1,-0.039258952088997226
ASH1L-AS1,-0.03926423894764303
CTD-2336O2.3,-0.039296383179852346
LINC01233,-0.03931808326733899
RP11-206L10.9,-0.0393209324286232
RP11-65N13.8,-0.03933694251309365
RP5-1096D14.3,-0.039341707871574094
MANEAL,-0.03935180607028408
ZNF429,-0.03935225251324039
KIAA1614,-0.03935768826003533
TMEM130,-0.03936313404632911
NPIPB3,-0.039363797551554
PIGC,-0.03936506263092232
CTC-523E23.1,-0.039375184974994794
RP1-302G2.5,-0.03937675300697926
RP11-11M20.4,-0.039382718305536885
SLC30A1,-0.03940998600147105
CHODL,-0.03941549156379276
RP4-583P15.16,-0.039417421529978236
SEC16A,-0.03942316849491401
RP11-923I11.8,-0.03944324718847853
MLLT11,-0.03945470458167172
RP11-73K9.2,-0.03946358531080736
RP11-414C23.1,-0.03946381885921308
RP11-816J6.3,-0.03947365793234134
PPP4R3A,-0.039503895975119274
AP000487.4,-0.0395067764480494
RP11-876N24.4,-0.03950745845362777
AC138035.2,-0.039508786309396846
UBE2F-SCLY,-0.03952554474106354
GPR84,-0.03953234559716429
CTD-2516F10.2,-0.03953878077812288
FAM85B,-0.03955081049746326
SP1,-0.03956025360751325
RP1-159A19.4,-0.039569904317155
RP5-890E16.5,-0.03957572554597048
MTR,-0.03957633234310476
TCF7,-0.039599915316104295
RP11-16P6.1,-0.039617992397384685
RP11-135A1.3,-0.03962446256925507
NAV2-AS2,-0.0396273593268862
RP11-114G22.1,-0.039630573701320684
PCF11,-0.03963742462123043
HIST1H2BI,-0.039648509698165045
SPSB1,-0.039648522963076305
TMEM266,-0.03965912418604028
RP11-452K12.4,-0.039662609196037826
SNX30,-0.03966371881529157
USP4,-0.0396696070549305
NUP210,-0.03966999200127652
ZNF727,-0.039670418164680275
RP11-571M6.7,-0.039672984514558765
TMEM8B,-0.03967567522787033
AC009404.2,-0.03969538507882939
HMGN5,-0.03971991535783259
PLD1,-0.039720178850268906
AP4E1,-0.039731439530341306
SSX5,-0.03974436660277797
RP11-20G13.5,-0.03976022635546237
AC092835.2,-0.03978669656431338
TP53RK,-0.039789511183009996
ANKRD16,-0.039800179211890954
AC069513.4,-0.03981330099016675
TMEM236,-0.03984673111179479
DARS-AS1,-0.03985833860170537
XXBAC-BPGBPG55C20.3,-0.03987339123713485
RP11-434D12.1,-0.03990293329621403
RP11-147L13.12,-0.03990552589534621
RP11-15E1.5,-0.039932679279355385
TMEM92-AS1,-0.039936340360514404
BCAP31,-0.039939699053992195
CTD-3032J10.2,-0.039950606168239006
RP11-90P5.2,-0.039950636929704686
RP11-295M3.4,-0.03995995118007568
FAM209B,-0.03996624009743493
RP11-323F24.3,-0.039980272707175024
EEPD1,-0.040002075502189816
RP11-278H7.1,-0.04001252299864426
FAM72D,-0.04002278912704571
TRPC5OS,-0.040038687369512604
RP11-793H13.3,-0.04004004217247344
RP5-1185I7.1,-0.04004235306234893
AC015849.2,-0.04005950069800325
SNRNP200,-0.04006028424994512
SATB2-AS1,-0.04007839767495207
PNMA5,-0.04008871444067707
ACOX3,-0.040091094864655896
RP11-517P14.2,-0.040112067930506506
RP11-207C16.4,-0.04011271513204498
HEATR9,-0.04011993608506867
DLGAP1,-0.04012875093775625
RP11-483H20.4,-0.04013993685555113
RP11-341N2.1,-0.04014646490089453
IGLV3-1,-0.040149964121456806
AC005534.8,-0.04015300318592842
PSTK,-0.04018512960135878
CTD-2583P5.3,-0.04020184353016627
CTD-2553L13.10,-0.040202906100266
CTC-482H14.5,-0.040204793007697234
RP11-686O6.1,-0.040207234022160476
RBM5-AS1,-0.04020902140927119
CTC-250I14.3,-0.04023031543327896
RP11-545I5.3,-0.040246839135160806
RP11-305L7.7,-0.0402609700068006
CH507-254M2.1,-0.04026239100593935
RP5-940J5.9,-0.04026393665836003
GPR63,-0.040267455049103604
MAP2K4,-0.040270873885251524
RP1-309F20.3,-0.04027132314100604
GOLT1B,-0.04028437243445143
CH507-154B10.1,-0.04029019550523576
RP11-490B18.6,-0.04029049482731335
KDM6A,-0.04033048604221001
RP11-214N9.1,-0.040332273419052794
LINC00894,-0.040340035813693526
RP11-173C1.1,-0.040346790581473696
RP11-367J11.3,-0.04036560805102326
C9ORF40,-0.04036957765164717
TRMT1,-0.04037183682175227
CHD6,-0.040373908545312254
C1ORF233,-0.040378536222575256
SCN4B,-0.040384043974483474
RP11-244H3.4,-0.04038691614582644
METTL16,-0.04038747910658458
HAUS7,-0.0403937008881568
ZNF670,-0.04040995242603884
POU6F1,-0.0404138215021113
RP11-61J19.3,-0.04041759908627598
SH3GL3,-0.04041803868486682
RP11-26J3.1,-0.04041884676432138
UCKL1-AS1,-0.04041934934504848
AC007319.1,-0.040426166180018916
SBK1,-0.04043661244058697
NSUN5,-0.04043895712606127
RP11-307L14.2,-0.04043980644789147
ALG13,-0.04044138361488636
RP11-475E11.9,-0.040459054266973535
CTD-3113P16.11,-0.04046372321988147
FLJ31104,-0.04047306877812288
MIS12,-0.04047846757170559
RP11-410K21.2,-0.04050979573986237
AKAP2,-0.040512249879954436
RP11-413H22.2,-0.04051530621579034
C3ORF20,-0.04053148975672563
RP11-417L19.4,-0.04053336638310838
ARRDC3-AS1,-0.0405607027363106
TRPM3,-0.0405703285318878
RP11-540A21.2,-0.04057943350529026
AP000769.1,-0.040583379771613165
ZBTB8B,-0.04058681114242005
FIRRE,-0.04059289724410685
C10ORF12,-0.04060411022914635
SEH1L,-0.04060533532352906
SPX,-0.04060841248270308
RP11-982M15.2,-0.040613161706901574
ZNF708,-0.04063243802235824
KHDRBS3,-0.04064052455285466
LINGO1,-0.04064658092591
RP11-7F17.8,-0.04065330306737101
TTC39A,-0.0406570002636865
RP11-252E2.1,-0.04066438047432679
ZNF502,-0.04067787701871115
PUM1,-0.04068352667108943
GOLGA2,-0.04069043780389925
OGFOD1,-0.04069275639210296
RP11-756P10.2,-0.04069656664869145
RP11-227D13.4,-0.0406980931182813
FAM157C,-0.04070252081947717
CTC-503J8.4,-0.04073752457266974
TARID,-0.0407501315386443
ZBTB11-AS1,-0.04075097607049365
TMEM229B,-0.040751774887916516
PART1,-0.040763725524402265
RP11-1293J14.1,-0.04076899877086939
CCDC144NL,-0.04077579869474998
CTC-461F20.1,-0.04079575139856814
FAM66A,-0.04079654394997807
TCL1A,-0.04079888562785561
AC067959.1,-0.04080180235150021
RP11-379F12.3,-0.0408029824956152
HPS5,-0.04081080792737701
RP11-756G20.1,-0.04081320721560529
UGGT1,-0.04083122161046027
MIR194-2HG,-0.04083818544614187
ZNF496,-0.04084562407123432
SCLY,-0.0408517931830803
DKFZP779M0652,-0.04085914295887784
STK24-AS1,-0.04086216885945552
RP11-215P8.3,-0.04086741587425539
MPRIP-AS1,-0.04086852873859297
RP11-1017G21.4,-0.040874958843370064
LL21NC02-21A1.1,-0.040876633302589144
PCDH9,-0.04087770302730043
RP5-1086K13.1,-0.040883353563834005
RP11-303E16.6,-0.040884591080062795
MAP2K7,-0.040884839922472604
LYPLAL1-AS1,-0.040886823651348755
UBR3,-0.040887049140661325
GRAMD2,-0.040893040569937464
LINC00863,-0.040915497237653566
RHBDD1,-0.040921669421666196
RP11-81H14.2,-0.04095074938397691
RP11-15K19.2,-0.04095537011917272
FBXL15,-0.04096086298446561
LINC01358,-0.04096542877812288
RP11-473I1.5,-0.0409697620621133
PPP2R2A,-0.041001758800571886
RP11-281P23.1,-0.041017095125814695
RP11-350J20.12,-0.04102097688393856
KCNE5,-0.04102114280141134
RP1-34B20.21,-0.04102825282752823
RP3-525N10.2,-0.04103595677812288
TLE4,-0.04104887876892438
RP5-902P8.12,-0.04106577592583899
RP11-334A14.8,-0.04108891440751251
RP11-359N11.1,-0.041093865727276496
RP11-90M2.5,-0.0411037641910061
PLXNB3,-0.041134925486450036
CTD-2503I6.1,-0.04113857453230463
PIP4K2A,-0.04114899849929343
RP1-41P2.7,-0.0411491700556473
RP11-105C19.1,-0.04114920309272278
RP11-73K9.3,-0.041150897620031844
ISCA2,-0.041155499627099745
RP11-546J1.1,-0.04117333591924358
SNTB1,-0.0411761095006935
AP000255.6,-0.041177512812991604
POU3F1,-0.04118975471389236
CASC9,-0.04119002446889394
ZSCAN2,-0.04119355310614106
LINC01063,-0.04120978280731201
HIST1H2BB,-0.04121641027519456
CTD-2358C21.5,-0.04121696385066326
LRRC36,-0.041218882183629256
LRSAM1,-0.04123313979589249
ABC7-42404400C24.1,-0.04123682160552191
TMX2-CTNND1,-0.04125255721395821
RP11-597D13.9,-0.04125347125514362
RP11-297D21.4,-0.04125542812480131
ZNF415,-0.04125795516553238
STK32A,-0.04126452816408962
RP11-295I5.4,-0.04128009887936866
ZNF280D,-0.04128677259659641
CTD-2342J14.6,-0.041286802594090954
LINC01354,-0.041287529870660394
AP003774.1,-0.04130212344941393
LINC00642,-0.04130390656235025
AC074289.1,-0.04132169377812288
SNCB,-0.04132334022926676
DICER1-AS1,-0.04132510188050269
RP11-265N6.1,-0.04133695459326777
C11ORF45,-0.04134034367135287
RPS10-NUDT3,-0.041350642309917585
RP11-159H22.2,-0.04137401378675624
UNC79,-0.04138019966399592
SYNE4,-0.04138869222133729
RP11-10L12.4,-0.041391909812811524
RP11-1348G14.5,-0.041395453663267995
RP11-362K14.6,-0.04140638273329827
RP11-1079K10.4,-0.04140705115731054
KANSL1L,-0.041407799328115114
C19ORF84,-0.04141058602250934
RP11-326C3.11,-0.041411431213699126
RP11-344B5.2,-0.04144081986705236
COG8,-0.04145397775260584
CHKB,-0.041456569879085525
RP4-771M4.3,-0.04146570629618145
RP11-160N1.10,-0.04147228422083331
RP11-33N14.5,-0.0414795707671388
LINC00158,-0.04150375268090048
NFS1,-0.04152375411490683
NEK5,-0.04152598606755423
RP3-467L1.4,-0.04153832568249801
RP11-571I18.4,-0.04155885234697075
LINC01102,-0.04156174693510984
FZD10,-0.04158193995034565
RP5-908M14.9,-0.04160111245601933
CNTN4,-0.04160332411368317
RP11-114M1.2,-0.04161533338193925
TRBV25-1,-0.04163019407982681
XX-CR54.1,-0.04163150860706836
NBPF15,-0.04163535204049729
RP3-400B16.1,-0.04164515741561049
RP5-827C21.4,-0.041650412296146036
SLC46A2,-0.04166248225066508
RP11-219B4.7,-0.041673703047225494
SLC5A8,-0.04167685478039668
RP11-197K3.1,-0.04167890203521161
RNU11,-0.04168285602576714
LINC00115,-0.041687894917129986
NFYA,-0.04168876996148985
ZNF793-AS1,-0.04169921079908742
C1QTNF6,-0.04171661549003636
XXBAC-BPGBPG55C20.2,-0.04171733547198299
PHLDB1,-0.041719151458605386
RP11-247C2.2,-0.04172331739685439
IQCH-AS1,-0.04172873973395414
STX18-AS1,-0.041730781653679355
LINC01011,-0.04173207877812288
ZNF624,-0.04173863877812288
RP11-56G10.2,-0.04174150090178418
RP1-187B23.1,-0.041750783177905516
TK2,-0.04175372310258685
RFPL3S,-0.04175969763625775
GS1-259H13.2,-0.04177997608664345
STK3,-0.04178482648038806
TMEM110,-0.04178718183972324
RP11-533E19.7,-0.04179972900144888
RP11-380N8.7,-0.04180781902718963
MYO16,-0.04180897000087216
IGHV5-51,-0.04181101100539742
RP13-735L24.1,-0.04181751555945526
CTD-2528L19.6,-0.04181899852229207
RP11-84A19.4,-0.04181956258939888
RP11-10N23.2,-0.041825757231949666
AC015849.19,-0.0418264133378467
RP11-495P10.6,-0.04182976748263548
RP11-479G22.8,-0.04183371877812288
CTA-212A2.3,-0.04184363302485983
TMEM78,-0.04184439001568236
FAM86C1,-0.041851013065071344
RP11-46C24.7,-0.04186672437980954
RP11-89K11.1,-0.0418687936776835
KLF12,-0.04188374785150517
RP11-109N23.4,-0.04188534114721213
CTC-448D22.1,-0.04188938838106094
RP5-1112D6.8,-0.0418957751231748
SLC30A10,-0.041902693093547716
RP11-259N19.1,-0.04191508715341387
LRRN2,-0.04192069985325182
FAM117A,-0.04192749133770292
KRBA2,-0.04195413973356519
SH3BP4,-0.04195586156943343
POU5F2,-0.04197895872426267
RP11-347C12.1,-0.04199245399471187
TCEA3,-0.04199622311919049
TRMT11,-0.042005335190313686
NKILA,-0.04200603377812288
LL22NC03-102D1.18,-0.04200890780870358
COLCA1,-0.04201962850427455
AC079630.4,-0.04204140877812288
TTLL5,-0.042052462797411205
STAMBPL1,-0.04205827939407547
RFNG,-0.04206159915695051
AL133245.2,-0.0420757158245724
C5ORF66,-0.04207964178892601
GNG5,-0.04208847591959619
HEXA-AS1,-0.04209310138862424
RP13-463N16.6,-0.0421116593224384
RP11-29B9.2,-0.042119465830951816
DNAJC27-AS1,-0.04213929089206026
RP13-1032I1.7,-0.04214129131968845
ZNF324B,-0.042149729225654395
TYW1B,-0.04215499877812288
CNNM2,-0.042158671768125155
ERICH6,-0.04216051120392436
RP5-826L7.1,-0.042165663155507495
APMAP,-0.042169113743345865
AC142472.6,-0.04217205640984864
C17ORF107,-0.04217667207677436
ZNF839,-0.04217863775760362
FAM111B,-0.04218546954063575
RP11-521C20.5,-0.04219190452708282
RP11-142C4.6,-0.042194254688031604
LBHD1,-0.042195829201109133
LMO4,-0.04220416875398647
FBXO5,-0.04221905258317804
RP3-508I15.18,-0.04221942683700402
CTD-2235C13.2,-0.04222294916610836
GOLGA6L10,-0.04222772506997754
RP11-665G4.1,-0.04224210253780304
WDR45,-0.042246626186930314
RP11-297C4.3,-0.04225751337195066
RP11-666O2.2,-0.04225953581107355
ORAI1,-0.042263427727455394
RP11-383I23.2,-0.042266548201754246
ASH1L,-0.04227354033132791
ECH1,-0.04227956082233797
RP11-16L21.7,-0.04230547487544984
AC073321.4,-0.04232199174319182
WWC2-AS2,-0.04234072451463497
GATM,-0.04235655615675782
RP11-278A23.1,-0.04235772230340261
RP11-143K11.7,-0.042359399415558795
RP11-506H21.5,-0.042359526955127874
PGM5P4-AS1,-0.04237022481138709
RP11-362F19.1,-0.04237837901231043
RP11-713N11.4,-0.0423841796411909
CNDP1,-0.042385199557302244
PCDH20,-0.04238568407380707
LINC01001,-0.04239204226544936
RNF208,-0.04239716480799329
ZNF678,-0.042400277388717295
ZFP2,-0.042407849190470574
RP11-396F22.1,-0.042414136052443395
RP11-185E8.1,-0.04242016468055893
AC091633.3,-0.04242302639575282
FASTKD2,-0.04243146847721008
LINC00526,-0.042433705449450604
RP6-65G23.5,-0.042439532303227195
AC015691.13,-0.042440001809942896
CTC-260F20.3,-0.04244754620392436
RP11-464F9.20,-0.0424561430298683
RP11-390K5.3,-0.042456680483864154
RP4-591C20.9,-0.042457943818891834
TRDV2,-0.04246049021008602
CTD-2561B21.11,-0.042484599286174186
CTB-127C13.1,-0.04249464296095539
DOPEY1,-0.042503854084838956
KCTD13,-0.042505656707370165
ANKRD62,-0.04250580639221165
SEMA4A,-0.04250712255229072
CNOT10,-0.04251724946048513
CTD-3214H19.4,-0.042536650976779236
ROBO3,-0.04254132546925882
LANCL1-AS1,-0.0425428061679272
RP11-1197K16.2,-0.04255326619456654
KIF9-AS1,-0.04256554388217199
RP11-86H7.6,-0.04256935351002202
RP11-791M20.1,-0.042571976751421194
U82695.5,-0.04258227477592107
KLHDC2,-0.04259286620555447
RP11-156E8.1,-0.04260244464165173
LINC00470,-0.04260366790987901
RP11-103H7.2,-0.04261052721039467
METTL7B,-0.04261198957631701
SMARCC1,-0.04261533665107298
KIAA1024L,-0.04262589499350614
RP11-459I19.1,-0.04262638395310249
RP4-607I7.1,-0.042648465385869944
CCDC112,-0.042662346979897625
LMTK3,-0.04266500594489788
AC004878.8,-0.04266898742792864
RP13-516M14.4,-0.04267281828739829
ZNF789,-0.04268672061374962
C3ORF36,-0.042703200127161715
CTA-407F11.7,-0.04271301052386195
UPF3A,-0.0427209640015469
FAM83A-AS1,-0.04272728533590198
RP11-351D16.3,-0.04274454472889763
ZFYVE26,-0.04274526866925038
RP11-1C8.6,-0.04275388677860559
RP11-680C21.1,-0.042757050854266704
STOML3,-0.04275944520008773
MIR3180-4,-0.042769436474012025
RP11-798G7.6,-0.04277554241908582
RP11-774D14.1,-0.04277647354171324
ZSCAN25,-0.04278693073095262
A2M-AS1,-0.042793736491762574
NUTM2E,-0.042796642820012616
SEMA3F-AS1,-0.04280042325367099
WDR41,-0.04281132801920429
PTCHD4,-0.04281998298856512
HIST2H4B,-0.04282849886461364
FAM134B,-0.04282888877812288
CTC-329D1.2,-0.04282962079497461
RP11-170N16.3,-0.04283097081649617
GAL3ST1,-0.042831930825386055
MBNL2,-0.042833463892594015
UNC5B-AS1,-0.042839397364230036
UBE2J2,-0.04286613586437621
RP11-434B12.1,-0.04286722757138094
MAP3K15,-0.04286900894230086
SERHL2,-0.04287144477812288
RP11-767C1.2,-0.04288398946180316
PRSS46,-0.042885109332942956
XXBAC-BPG249D20.9,-0.04288819322725953
NEMP2,-0.042915561208469025
RP11-381K20.4,-0.042918473438033636
RP11-298J20.3,-0.04292557065900621
RP11-680F20.10,-0.04293118502663713
LRRC19,-0.042939148725726656
MTBP,-0.042946328979406756
RP11-293M10.2,-0.04295615643543264
ARID5B,-0.042956222763121665
IFT74-AS1,-0.04298312461531528
RP11-166O4.6,-0.0429855614974947
RP11-140L24.4,-0.042989380145207166
RP11-75L1.1,-0.04299140006688864
SAP30,-0.04301190097731189
CH17-118O6.3,-0.04302725370154657
RNF34,-0.04303012461415151
RP4-794H19.1,-0.04303072133761413
RP11-425D10.10,-0.04303240877812288
RP11-379K22.2,-0.04303714127939624
HCG15,-0.043042416458628587
FOXM1,-0.043046150410386175
DKK2,-0.0430567473040786
RP11-98I9.4,-0.04306884764649924
DPYD-AS1,-0.0430813665339317
ANP32E,-0.04309556910133594
MZT2A,-0.04310115989895724
ZNF540,-0.04310275590587304
TMEM190,-0.043121979201072455
RP13-631K18.2,-0.04312372019542432
RP11-386G11.5,-0.04313261377812288
MMP25-AS1,-0.04313808648842657
INPP5A,-0.04314142208375438
RP11-446F3.2,-0.04315653655869842
AC007620.3,-0.04316806802537515
ZNF862,-0.04317532399297353
CTD-2623N2.5,-0.04317533874144581
RP11-635L1.3,-0.043181242148436466
RAB3IP,-0.04319332563867084
CTC-338M12.2,-0.04319787344437979
BRICD5,-0.043200551778122875
RP11-462G2.2,-0.04320999199487679
RP11-320M2.1,-0.04321943894525531
RP11-663P9.1,-0.04322110660858723
FRGCA,-0.04322228477089621
SCOC-AS1,-0.043230087704922135
AP001626.1,-0.04323056731653863
RP1-101G11.3,-0.04323753273109418
RP11-817O13.8,-0.043242759984049965
RNF215,-0.04324688014305557
RP11-419J16.1,-0.04325582154920127
RP11-65B7.2,-0.0432592258959106
CNOT2,-0.04326696115004669
RP11-182J1.5,-0.043279316481324964
RP11-820I16.4,-0.04328528117204744
SLC16A11,-0.0432931767319081
CYP17A1-AS1,-0.04329733094994456
RP11-256L6.3,-0.043297398209770493
MAP1A,-0.04330266382519521
SPINT2,-0.04331283929455443
CTB-186H2.3,-0.043314249571436356
CTD-3185P2.1,-0.04331535149077057
FAM149A,-0.04332026877812288
RHOT2,-0.043320357991960545
RNF103,-0.04332052207754222
RP11-95O2.5,-0.04332086315722183
RP4-666F24.3,-0.04332623268091883
LA16C-390E6.5,-0.043335569142420205
AFF3,-0.04334101441485094
PIK3C2B,-0.04334833560942397
AP000233.4,-0.04335464341834083
RP11-1149O23.2,-0.04335970635762839
PGLYRP2,-0.04335992928904239
RP11-196G18.24,-0.04337306153031356
CAMKV,-0.04337448580325131
CTC-209H22.3,-0.043378602045725564
EAF1-AS1,-0.043397298746070165
TRH,-0.04342544018924421
RP1-167A14.2,-0.043432691497949455
RP11-161M6.2,-0.04343300017147419
RP11-13K12.2,-0.043436990253795923
PPP6R1,-0.04344203208742725
TBX10,-0.04345459870066262
RP11-385D13.3,-0.04345809529941575
RP1-251M9.2,-0.04346854346093673
AC024560.2,-0.04347138272201794
CTD-2555O16.4,-0.04347332599871618
RP11-806H10.4,-0.04348638649853826
AC144831.1,-0.04350260132989526
RP11-471B22.3,-0.043512401444839095
AC046143.3,-0.04351481018656217
USP43,-0.04353158868967149
SRP14,-0.04353631846268946
RP11-459O16.8,-0.04355140583402259
ZNF488,-0.04356060561024157
RP11-302L19.3,-0.043570892014590655
AP000438.2,-0.0435750422833807
CTD-3126B10.1,-0.043575227792420096
LINC01146,-0.04357727029911345
IGKV2-24,-0.043593776850505056
RP11-57G10.8,-0.04361810140241029
RP3-402G11.26,-0.043621468374438845
RRS1-AS1,-0.04362153634477236
CAPN13,-0.043624445294017135
ATG4B,-0.04362678497047234
DCDC2B,-0.04362780713107374
LOH12CR2,-0.043630088778122876
BPIFB1,-0.043637445120064566
RP11-445L6.3,-0.04363787208108926
PRDM10,-0.0436385598742788
RP11-1114A5.4,-0.04364096253505506
CDR1,-0.04364166606262926
TMEM246,-0.04364406108075557
DIRC3,-0.0436634967226818
SOWAHB,-0.04366428747467098
RP11-302B13.5,-0.04366438186966793
ERVK-28,-0.043668218217011404
RP4-789D17.5,-0.0436756391391272
RP11-680N20.1,-0.04367791111620295
SLC5A11,-0.04367940045780565
CPNE7,-0.04368013559276095
C3ORF80,-0.04368232212020812
CCDC152,-0.043682493224776124
RP11-264M12.2,-0.043687755096265116
RP11-649E7.5,-0.043694780704523595
RP11-315I20.1,-0.04370055706995484
ELSPBP1,-0.043710191421121675
EFCAB3,-0.04371249504125032
RP11-112L6.3,-0.043715740925903315
C4ORF22,-0.04372492628588696
RP11-775C24.3,-0.043729283592568384
UBR5-AS1,-0.0437425850413952
FAM86B1,-0.0437600881063668
SH2D4B,-0.043768925219941156
PCNXL3,-0.04377636685483595
RP11-297L17.2,-0.04377926294821127
ZDHHC11B,-0.043783857516637076
AC015969.3,-0.043785808975327425
RP11-798M19.3,-0.04378899832259127
RP11-38G5.4,-0.04379605007455481
RP11-1149M10.2,-0.04379682437483713
RP11-409K20.6,-0.0438060937530583
LATS2-AS1,-0.0438066313785592
C18ORF54,-0.04381236819861253
SDHAF3,-0.04382009957735178
CALML3-AS1,-0.0438377898018307
CTD-3128G10.6,-0.0438461098812063
C3ORF67,-0.043848915290833984
RP11-380J14.1,-0.043853748933058614
ZNF283,-0.04385450536372691
RP11-354P11.2,-0.04388151286162749
RP11-805I24.1,-0.04388683733681649
AC007364.1,-0.04388849755243801
ZNF775,-0.04390048528139006
KB-226F1.2,-0.04390524156792115
PPP1R12C,-0.043913281765729506
RP11-266K22.2,-0.04393837571895165
HS3ST2,-0.04394033109019185
CEBPB-AS1,-0.04395295877812288
RP11-706C16.7,-0.04396519451504786
C4ORF36,-0.043969427838427194
ZNF354B,-0.04397587709257855
XAB2,-0.04397631570464411
RASGRF2,-0.04397749674878143
AC008440.5,-0.0439866979715719
BZRAP1,-0.0440026189174354
CRTC3,-0.044002969606043274
RP4-593H12.1,-0.04400447677812288
LINC01123,-0.04400458490316163
TSNARE1,-0.04400842382243425
RTCA-AS1,-0.04401516664800035
MAT2A,-0.044020336518359904
RP5-1024N4.4,-0.04402633398809511
CCDC81,-0.04403007680593428
CTD-2302E22.6,-0.044036027822837706
RP11-996F15.2,-0.0440404047402967
CTD-3222D19.8,-0.04404854572761727
PLA2G4C,-0.04405102081493717
RNF43,-0.044060055528306497
DPCD,-0.044064368804213494
GALK1,-0.04406716647129527
RP11-547D23.1,-0.04406856251785929
FAM95B1,-0.044069487551798465
CTD-3010D24.3,-0.04407608003689387
CTD-2600O9.2,-0.044079541704479135
RANBP3L,-0.04408374865274074
RP11-195B3.1,-0.04409354000047795
RP11-534C12.1,-0.044093877939807805
RP11-457M11.5,-0.04410289058127073
RBMX2,-0.044105159987926634
ALKBH1,-0.044116297987068176
RP11-22C11.2,-0.044116367585740966
PTCSC2,-0.044130488759497835
SOX14,-0.044141862590355796
RP11-446F17.3,-0.04414892843553299
VPS9D1-AS1,-0.04415313170821924
ZNF662,-0.044160273230053365
TIGD4,-0.04416545866430781
RP11-541P9.3,-0.04416567591887171
PRSS35,-0.04416846355461903
RP11-50C13.1,-0.04417714787383166
CTD-2396E7.11,-0.044180175752953896
HDAC11-AS1,-0.04420095376621516
RP11-397O8.7,-0.044212300945243956
RP5-1031D4.2,-0.04421306916816721
TPTE2,-0.044215072563089874
ZNF257,-0.04422769615876327
LINC01252,-0.04422815591720028
RP11-804N13.1,-0.044233632257087555
IGHV4-59,-0.04423471099655469
RP11-588H23.3,-0.04424025607240842
CLIP3,-0.044242450001605094
RP11-268P4.4,-0.044247431064904086
SLC7A1,-0.04424769327661099
ATG4D,-0.04425110026392243
RP11-263K4.3,-0.04425127296671967
BACE1-AS,-0.044259953888011856
RP11-715J22.4,-0.04426437983130687
CCIN,-0.04426444337764462
AF131216.1,-0.04426680809074393
RP11-308B5.2,-0.04427092682172645
LMLN-AS1,-0.04427768258002666
RP11-452L6.5,-0.04428078923510602
RP11-757A13.1,-0.0442817479774746
ZNF853,-0.04428437096881983
MPRIP,-0.04428785386029349
VSIG8,-0.0442972972312569
FKBP8,-0.044299483693516106
RP11-115J23.1,-0.0443004144128749
AP001626.2,-0.04432694426981648
AC004623.2,-0.04433128881700567
SPESP1,-0.044345476485378295
CT83,-0.0443491590778054
MICU2,-0.044361133380245665
RP11-90B9.3,-0.044371876297299814
RBAK,-0.044406087452862675
STAM-AS1,-0.04441676918403627
BIN3,-0.044424846520250194
CYB5R2,-0.044426578629674696
RP11-73M7.9,-0.04443944890062719
BBS4,-0.04444562782364703
RP11-61A14.4,-0.04444937973443433
CTC-308K20.1,-0.0444734723809871
RP11-422P24.11,-0.04448847273648184
DGKD,-0.0444937067610911
IGHV3-21,-0.0444992214517271
RP11-85O21.2,-0.04450086657291726
CSNK2A2,-0.04450381017661642
LINC00957,-0.044503847769743546
ERI3,-0.04450718534721576
CRX,-0.04451920609714011
UPK1A-AS1,-0.04452531250095658
AC009120.10,-0.04452803401260595
AC084082.3,-0.0445328771385959
MIEF2,-0.04454760151731818
RP11-771K4.1,-0.0445518561544721
RP11-517C16.2,-0.0445552400215062
RP11-96D1.5,-0.044555408081421846
AC010969.1,-0.04455599060821669
AC010084.1,-0.04455607208651798
AC233755.1,-0.04455701972675634
XRN1,-0.04455865508613743
MIA3,-0.04456321624123699
DNA2,-0.044563528575582656
AC005307.1,-0.04457587897272017
AC007228.5,-0.04458094189438486
ACTN1-AS1,-0.044584072486775636
AJ011932.1,-0.04458811700281985
TMCC1-AS1,-0.044588514144053654
DR1,-0.04459230225804911
RP11-239H6.2,-0.04459886622657233
AC098828.2,-0.04460532818769916
ACRC,-0.04461483177812288
LINC01088,-0.044616518328522765
RP11-453A12.1,-0.04461997561843972
NAV2-AS3,-0.04462244945829089
RP11-758P17.3,-0.04462358416009705
ZCCHC5,-0.044639800013488974
RP11-500B12.1,-0.044649597916986514
RP11-128M1.1,-0.044655563822407075
CDT1,-0.044655617848230356
UBE2G1,-0.04465970601816116
SLC5A10,-0.04466162123817412
RP11-325F22.2,-0.04466237001567757
CTAGE15,-0.044667444328763864
RP11-557N21.1,-0.044668593667150806
RP11-180I4.2,-0.044686895603245985
Z69720.2,-0.044691274511778914
INPP4A,-0.044701028623683636
ZNF726,-0.044705554627348675
AC007228.9,-0.04470729377812288
SLC25A30,-0.04471135626089717
TSSK4,-0.04471371231644139
SLC8A1-AS1,-0.04471529761117203
C2ORF27B,-0.04471713584355093
RP11-428O18.6,-0.04472013116645311
MIR3142HG,-0.04472078133394455
EPHX4,-0.044721258864883824
C16ORF95,-0.04472432095021397
ANKRD34B,-0.04473104769884777
CTD-3064M3.7,-0.044735311476704724
NRBF2,-0.044741366592884024
AC011718.2,-0.044741602691230314
RP13-890H12.2,-0.044758023266409916
CAMK2N2,-0.044764218168781955
RNF224,-0.044765676046110425
MALRD1,-0.044785889153516494
PTRH2,-0.044788253779806
AC013264.2,-0.04479178556282583
DPP3,-0.04479398534097229
RP11-162D9.3,-0.04479424751561725
RP11-66B24.4,-0.0448058377699365
RP11-34D15.2,-0.04481473093706886
RP11-793H13.11,-0.04481714477812288
AP001468.58,-0.04482583066785206
CEP83-AS1,-0.04482735788242945
C2CD5,-0.04483437165308968
TEX40,-0.044842846594236915
ZNF835,-0.04484365754684458
LINC00484,-0.044845581394265595
RP11-63K6.7,-0.04485728338969573
CBLN4,-0.044857323228434574
RP11-843A23.1,-0.04486118912221625
SUFU,-0.04487430629200073
RP11-513M16.7,-0.04487684698567397
NT5C,-0.04488763212803193
RP11-53B5.1,-0.044891537409595776
ERCC6-PGBD3,-0.0448976471804829
SERPINB9P1,-0.04490149324529927
RP4-563E14.1,-0.04490517512400186
ERC1,-0.044918434250244
AC105760.2,-0.04494488798826493
TMEM187,-0.044949524105205085
ERVMER34-1,-0.044958524890151216
ZNF784,-0.04496244082019313
RP11-497E19.1,-0.044981981995060205
CHST3,-0.044982456244785585
RP5-1042K10.13,-0.044982977677434616
LINC00705,-0.0449882838148419
ZFHX4,-0.04500591310132934
RP11-322E11.6,-0.04500746139140422
LINC01412,-0.04500797786490393
RP1-178F15.4,-0.0450092233926244
WDR11-AS1,-0.0450103494699888
BOLA3-AS1,-0.045015497325251265
RP11-195F19.9,-0.04502870877812288
RP11-464C19.3,-0.04503390990569964
TRPM7,-0.04503444422295594
RP5-1021I20.4,-0.04503851912654664
LINC00310,-0.045040328778122876
RAB6B,-0.04504293191565345
STK4-AS1,-0.04505731993423162
SMPD1,-0.04505738427445105
RP11-531A24.3,-0.04506097277850473
CECR7,-0.0450795435544907
FAM161B,-0.045081663402139156
SERF1A,-0.045089411196344464
PRR34,-0.04509125608202008
RP11-66B24.2,-0.045103567739076283
HIST1H3J,-0.04511312044475846
RHOXF1-AS1,-0.04512057638408352
ZNF554,-0.04512916481849438
IQUB,-0.04512934590816536
FAM179A,-0.04513005597281203
C1ORF74,-0.045136453548290045
RP11-396C23.4,-0.045141770325914106
RP11-34C15.2,-0.04514443267856047
RP11-165E7.1,-0.04514681655112304
CTD-3220F14.3,-0.04514877629918843
LINC01206,-0.04514925507423582
RP11-44F14.8,-0.04517532377977491
RP11-217B7.3,-0.045176751035481244
ZNF512B,-0.04517907912581398
ANKRD30B,-0.045179223293556316
RASA2,-0.045184095161040605
PRPH,-0.04518893456104367
ACAD11,-0.045198128365532664
CYP4F35P,-0.04520496975448466
CTD-2547H18.1,-0.04520833580528353
RP11-70D24.2,-0.04520911823275481
SYTL2,-0.04521049281705314
ZNF816-ZNF321P,-0.04523403155973809
RP11-356C4.3,-0.045234345993650886
USP2-AS1,-0.04523865562442092
TRIM61,-0.04524790937893418
RP11-410E4.1,-0.04525042460627454
RP11-1082L8.4,-0.04525588371993477
SCMH1,-0.04526106485335557
RP11-483L5.1,-0.04526658592705533
UBR2,-0.045272612598269646
RP1-135L22.1,-0.045274446110440306
RP3-412A9.16,-0.04527461698445541
RP11-805J14.5,-0.045276326550685864
AC010547.9,-0.045283888818074325
RP1-244F24.1,-0.0452874413629818
AP003068.23,-0.04528978013471177
ZNF736,-0.04530039618199096
BCDIN3D-AS1,-0.045301784012990454
RP11-863K10.7,-0.045305780771223755
RP11-414H17.5,-0.045306932585575256
RP11-285F16.1,-0.0453190999714938
ZNF14,-0.04531944990653128
ZNF418,-0.04532056419877561
CTD-2256P15.2,-0.0453269877191926
IGHV1-18,-0.04533168017641604
RP11-192H23.4,-0.045336878778122876
GLB1L2,-0.04534398430913843
RP11-706O15.1,-0.04534547743231479
SLC25A2,-0.045345780325256435
TSNAX-DISC1,-0.04534998989178321
RP11-532M24.1,-0.04535092966131947
MAP10,-0.045352930926370494
ZNF213-AS1,-0.04536306834339379
LINC00398,-0.045365305562016206
RP11-10N23.5,-0.04536821336061013
RP11-332H14.2,-0.045368628281877835
KIAA0825,-0.04537263877812288
ZNF850,-0.045372891644999906
LINC01194,-0.04538075906866468
CTB-147N14.6,-0.04538114702947009
C2ORF44,-0.04538533549550502
RP11-467D6.1,-0.04538652177812288
PMM1,-0.045395845827750414
RP11-731C17.2,-0.04540577877812288
IBTK,-0.04540719948655941
RP11-359P5.1,-0.045408368167611804
CTD-3105H18.14,-0.0454133804625962
CARF,-0.04541777764495075
MEAF6,-0.04542015438552627
KLHL3,-0.04542334116839897
ANKRD20A1,-0.04543257788016199
LINC01572,-0.04543293905357036
KLF14,-0.04543483537187038
ATP5J2-PTCD1,-0.045435939638560005
RP11-923I11.6,-0.045436249994571506
TRAV38-2DV8,-0.045436921450918516
REXO1,-0.045443946862352924
LINC00548,-0.045446392790503366
DNAJC15,-0.04545074725813458
AC007743.1,-0.04545535564811495
ZNF507,-0.04545600723486852
RP11-397G17.1,-0.045465628302769304
AC009133.21,-0.04546668477224963
RP11-697E2.6,-0.04546826221859744
LINC00920,-0.045473036717981134
RP11-225H22.4,-0.04547909833491153
POU6F2-AS1,-0.04550160397116264
CYP4A22-AS1,-0.04552219599402168
EWSAT1,-0.04552302804123358
TIGD2,-0.045524299718643454
RP11-84C10.4,-0.04552872542122581
NCMAP,-0.045536743066747966
RP11-542K23.7,-0.045538564420434496
LINC00702,-0.04554241885437029
RNF180,-0.04555604303625865
RP13-726E6.2,-0.0455655640963797
RP11-394O4.5,-0.045566843806963936
GOPC,-0.04558239575716455
AC007880.1,-0.045610502481458724
RP11-318A15.2,-0.04561208308451426
SPATA6L,-0.04561774120125627
GDF5OS,-0.04562546736478516
HLX-AS1,-0.045626512735017624
RP11-863H1.1,-0.04563375458342085
CTD-2588E21.1,-0.04563559425177866
C8ORF22,-0.04563596622374351
LYPLAL1,-0.04563812640903969
RP11-140I16.3,-0.045656472828144265
ADORA2A-AS1,-0.0456564915425918
RP11-319E16.2,-0.04566009305734796
CTD-2507G9.1,-0.04566903472888555
AL356585.2,-0.04567235659866756
LCA5L,-0.045679140599932354
C2ORF48,-0.0456799511827168
RP11-107N15.1,-0.045689790419381766
CPA6,-0.0456941472559964
RP11-402D21.2,-0.04569953103765923
RP11-202D1.2,-0.045704651787769314
CYP2W1,-0.04570559535753751
FSD1,-0.04571090230227268
KIF25-AS1,-0.045714267265119415
SNAPC2,-0.04572553013294389
C6ORF99,-0.045728943388872546
CTD-2081C10.7,-0.045736747245540825
NSL1,-0.045737034868218895
AC092881.1,-0.04573831240877065
AC002429.5,-0.04574529483299515
RP11-57A1.1,-0.045745921808270626
TMEM61,-0.04574991491807453
AC018890.6,-0.045752717082177485
IGHV3-53,-0.04575710694553296
ANKRD66,-0.0457638269558282
CTD-2562J17.4,-0.045767206262230395
RPP25L,-0.04577000087310579
CH507-145C22.1,-0.045773518249097644
RP11-375N15.2,-0.04577662708938403
HIST1H3C,-0.04577868543888017
RP5-894D12.4,-0.045792005634699776
LINC01166,-0.04579305535738464
RP13-977J11.2,-0.045795041678029905
KB-51A8.1,-0.04579708742510777
FAM83E,-0.04579824133468855
APOBEC3B-AS1,-0.04579864997926905
RP11-121C6.5,-0.045801135985120284
RP11-44N21.1,-0.04580200807113409
ZBTB9,-0.045807176179198356
RP11-273G15.2,-0.04581741177812288
C6ORF226,-0.045817978002161586
RP11-158M2.2,-0.045819920647756196
AC005863.1,-0.04582196461774862
INCENP,-0.04582564994206206
CTB-113D17.1,-0.04582806356839522
KRT78,-0.04582933705734796
CTC-529G1.1,-0.04582994529569362
RP11-187E13.1,-0.045830397173901936
CCDC188,-0.045831377922656916
MED4-AS1,-0.045835192171715486
SH3BP5-AS1,-0.04583551277812288
RP11-231N3.1,-0.04583919323849073
POU2F3,-0.04584265759930395
RP11-390F4.6,-0.04584270239264621
RP13-578N3.3,-0.04584295141744134
RP11-343L5.2,-0.04584358818108289
KB-1125A3.11,-0.0458567437810885
DSCAM-AS1,-0.045864208996708906
RP11-395E19.6,-0.045865193357261844
RP11-186B7.7,-0.045872246241900116
ZNF334,-0.04587307406652842
IGHV4-28,-0.04587471857736483
KRTAP5-AS1,-0.045875391357609596
CLRN1-AS1,-0.04587783124883613
RP11-961A15.3,-0.0458795451078189
NWD1,-0.045884079123277466
GLE1,-0.045886341690098864
NF2,-0.04589889653917567
RP11-168P13.1,-0.04591045292594791
RP11-25L3.3,-0.04591467403191143
RP11-834C11.6,-0.04591715511703789
RP11-982M15.8,-0.04593020217929994
RP11-301O19.1,-0.04593478289756693
LINC00534,-0.04593553486829424
FAM180B,-0.04594866923783064
C12ORF54,-0.04594940172040386
LETM2,-0.04596681025001596
RP11-337C18.8,-0.04597005577812288
THAP7,-0.04597209730276702
ACAT2,-0.045975572406963594
C16ORF96,-0.04597657888495131
RP11-326G21.1,-0.04597698104680002
IGHV4-39,-0.045981236928933446
RP11-864J10.4,-0.04598925404660931
RP11-245G13.2,-0.04599857577812288
SCGB2B2,-0.04600835559272285
SNAI3-AS1,-0.0460092276314206
AP000304.12,-0.04601063141205214
GS1-279B7.2,-0.046011093270597395
CHST7,-0.04601191050087361
DUSP13,-0.046021282423119994
IGLV3-21,-0.04602573728167325
SMAD5-AS1,-0.046030715070038176
ZSWIM1,-0.04603262105314218
RP11-28H5.2,-0.04603534605218009
SIMC1,-0.046039802717288386
RP11-108M12.3,-0.04605104372087804
RP11-311F12.1,-0.046057456030167525
LIMD1-AS1,-0.04605904822297545
AC139099.4,-0.04606468601598049
ALG1L,-0.046081911480193936
AC141272.1,-0.04609787289986863
NRIP2,-0.04609822306539045
ARFGEF2,-0.046101905187148184
GOLGA6L2,-0.046108556446391114
RP11-574O7.1,-0.04611017722410699
RP4-769N13.7,-0.046110310340070466
LINC00323,-0.04611041186115464
TRAV8-1,-0.04611048120899036
RFXAP,-0.046111126286766946
ITPRIPL1,-0.04611414847236005
MAGEA10,-0.046122612712275635
RP11-342M1.3,-0.04612537853139766
CATSPER1,-0.0461313569404177
CCDC7,-0.04613359329041147
RP11-1070A24.2,-0.04613736716288697
RP11-213G2.2,-0.046147942218578285
CTC-487M23.7,-0.04614996220601028
PINK1-AS,-0.046153782066467725
VWDE,-0.04616163771647831
MCTS1,-0.0461616764262236
CYP24A1,-0.046175342224543114
AC104655.3,-0.04619286077812288
FIBCD1,-0.046205790893207345
RP11-686D22.4,-0.04620805277812288
C16ORF58,-0.04621000637046924
RP4-728D4.2,-0.04621555457877073
GAGE12J,-0.04621975917326637
AC131097.4,-0.04622335273980602
RP11-301G19.1,-0.04622759787524253
ZNF180,-0.046232711009617844
RP11-165A20.3,-0.046240263197195076
PNMAL2,-0.04626022006358248
AL008723.1,-0.04627005291776061
SUSD5,-0.046274292410891676
RCE1,-0.04627660897165947
SFXN2,-0.04627977756020309
METTL24,-0.0463002737287814
RP11-218E20.3,-0.04630116692557347
MAT2B,-0.046302538455547326
VWA5B1,-0.04630703729947297
RP3-430A16.1,-0.046310276626175706
CTD-2330J20.2,-0.04631047029065577
CTD-3051D23.4,-0.04631350686539133
UCK2,-0.04633232342871357
LEXM,-0.04634345625009313
RP11-159D12.2,-0.046352041168030954
RP1-267L14.6,-0.04635419646200048
KIAA1324L,-0.04635916046628236
PRR5-ARHGAP8,-0.04636152459819337
RP11-714G18.1,-0.046388398561610894
NKX2-1,-0.046395213938890234
LL0XNC01-237H1.2,-0.046400823176131145
RP11-465B22.8,-0.04640172263132003
VWA3B,-0.046403224623289406
ZKSCAN2,-0.046406277903609995
UMODL1,-0.0464080566133801
PHKA2-AS1,-0.04640834672816792
IGHV1-69-2,-0.046409339387962496
C9ORF153,-0.04641390966316632
RP11-159F24.5,-0.04641797813950526
RP11-758M4.4,-0.046418451791692364
RP11-1055B8.9,-0.046423078447309044
LINC00319,-0.04642412429520609
AC092839.3,-0.04642685857507624
RP5-1187M17.10,-0.046426891291417055
C2CD4C,-0.046436813306660676
RP11-403A3.3,-0.046436818520620024
DAZAP1,-0.04644278716714667
IGHV2-70,-0.04644594539596648
RP11-1038A11.3,-0.046457708417398325
RP11-770J1.5,-0.04645821794211266
RP11-191N8.2,-0.04645841786388899
RP11-45M22.5,-0.04645958518654911
RP11-138I1.4,-0.046464606968810954
RP11-34P13.7,-0.0464753829709246
CACNA1C-AS2,-0.04648748094636994
IGHV1-69,-0.0464939015136369
RP11-145M9.5,-0.04650070389959256
CTB-35F21.5,-0.046504050116460506
JARID2-AS1,-0.0465084817442068
LINC01513,-0.04650880797525047
NR1I3,-0.0465130597729676
SIGLECL1,-0.04651466880594199
AC137934.1,-0.04651915877812288
RP11-196E1.3,-0.04652185536051008
PANX3,-0.046522435968474996
RP11-693J15.6,-0.046524738081198974
FAM132B,-0.0465324983459806
RP11-105N14.2,-0.04654407679990432
LINC00910,-0.04654782080439987
CTD-3224K15.3,-0.0465547688723312
XXYAC-YM21GA2.4,-0.046554907965363795
RP11-571M6.18,-0.04656554662330904
RP11-455O6.8,-0.046566771848562435
HIST2H2AB,-0.04656825491771832
CTD-2015H3.1,-0.04659126291815995
RP11-554D14.8,-0.04659363263219207
PCSK6-AS1,-0.046600189556870446
RP11-461O7.1,-0.04660859268859935
RP11-552D4.1,-0.046618375518415356
AP000432.2,-0.04662644938218591
RP11-505P4.6,-0.04662912274727529
RP11-378I6.1,-0.04663088720544059
LINC01281,-0.04664809175721854
RP11-138H8.2,-0.0466556806654568
RP11-328J2.1,-0.04665977870253954
TMPO-AS1,-0.046661666778122876
GTSE1-AS1,-0.046677334993415455
RP11-108M9.3,-0.04668647179004849
RP11-266O8.1,-0.046689409698352884
KBTBD12,-0.04669386634680392
TCEANC,-0.04670458363517721
AC010894.3,-0.046705011495447306
CTD-2026K11.4,-0.04671370876874336
TRAV35,-0.04671782221484069
TMEM147-AS1,-0.04671824491147054
LINC00305,-0.04672223714246426
DIRC1,-0.04674272376898467
LINC01511,-0.046748860468233885
RP11-250B2.5,-0.046751960088395585
KLHL35,-0.046754409208554774
C11ORF72,-0.04675862756963952
RP11-110I1.14,-0.04675946076839381
CEP128,-0.0467632484170335
RP11-567M16.6,-0.046765516314624826
CLPSL2,-0.046766544511241
RP11-879F14.3,-0.046767075742963723
DDX47,-0.0467740252263561
XXBAC-BPG308K3.5,-0.046779840843918896
RP11-626P14.2,-0.04678594992499861
ERICH5,-0.04678663435868567
PAX7,-0.046787078060950116
RP11-531A24.5,-0.04678874178538096
CTC-523E23.5,-0.046798276266775005
ASB14,-0.046800469753251056
MIR3179-1,-0.046808848696628595
EFCAB12,-0.046811134970232614
SNRK-AS1,-0.046811466542773635
HIST1H2BO,-0.046811628288098185
TFAP2E,-0.046817271003653946
TFCP2L1,-0.04681858311470466
AC010524.2,-0.046824236319807325
RP11-61I13.3,-0.046829737487731796
C9ORF172,-0.046829978804513284
RP1-124C6.1,-0.04683079576170237
PLCG1-AS1,-0.0468335090445875
RP3-467K16.4,-0.0468353366291259
FBXL2,-0.04683633027643036
LINC00383,-0.046843679767170014
RP11-16N11.2,-0.046854021539938125
ZNF625,-0.04685520941747779
PCSK4,-0.046859367953381206
SPOP,-0.04685949254571564
RP11-6O2.4,-0.04686354541775592
JOSD2,-0.04686422070745366
TSC22D1-AS1,-0.04686626221160501
RP11-507K2.2,-0.04687560282585447
TRBV4-2,-0.04687630884165135
CCDC138,-0.04687696713817406
IGIP,-0.04687989392272611
RUSC1,-0.046889890652783095
PRDM13,-0.046896020764750475
ZNF845,-0.04689630554457838
RP11-369J9.1,-0.04690243861165193
RP11-439A17.10,-0.04690800006782736
FOXG1-AS1,-0.04691660693065922
NEK11,-0.04691871571832092
PGBD3,-0.04692139949767675
RP11-84G21.1,-0.046927906002114834
CCNH,-0.04692846525947891
PCYT2,-0.04693036385694127
ATP11A-AS1,-0.04693287514175429
RP1-140K8.1,-0.046933768312764135
FABP12,-0.04693468366135739
AF196972.9,-0.04693762199755338
PFDN6,-0.04694194087683223
RP11-849H4.4,-0.04694769458304479
RP11-433J20.1,-0.046950510926714935
RP11-497G19.2,-0.046952477934840975
RP11-96C21.1,-0.04695636476718702
RP11-48B3.5,-0.04695911145582407
GLTSCR1,-0.046959429514527515
TRAV25,-0.04696085125661281
FBXO22,-0.046963082713227744
RP11-554E23.4,-0.04696387016601723
RP11-381O7.3,-0.04696640171785092
RP11-215P8.4,-0.04696931402486479
BZRAP1-AS1,-0.04697379948556489
AC012363.4,-0.04697474522198884
RP11-521B24.3,-0.046981985547151786
TMEM132E,-0.04701053288377261
EFCAB10,-0.047015311683707386
RP1-142L7.5,-0.047025581798299895
RP11-342K6.3,-0.047030984406733936
ZNF619,-0.047041663323948116
WDFY3,-0.04704197830202961
ADGRF2,-0.04704500910375352
CTD-2292M14.1,-0.047047902032631025
RP11-996F15.6,-0.04705675881203064
GPR150,-0.047069209933579895
RP1-315G1.3,-0.047080428159767235
CASC16,-0.0470820856194307
LINC00482,-0.04708391796935219
FBXO6,-0.04709131238185904
LINC01524,-0.047094812156240874
CTB-119C2.1,-0.04710829577812288
AC098973.2,-0.047108434714970934
C12ORF50,-0.047112745357289425
PIGL,-0.04711383448446094
LINC01574,-0.04712000327203077
LINC01187,-0.047120067023430266
HNRNPA3,-0.04713627325652181
AC072062.3,-0.0471364669705147
RP11-305L7.1,-0.04713774238096474
FLG-AS1,-0.04714621337437204
BTBD16,-0.047148040333288344
APLF,-0.04715105108349055
RP11-1055B8.3,-0.04715257678435379
NKX1-2,-0.047153807910828835
AC093818.1,-0.04715629577812288
ARHGAP33,-0.047161300292125924
IGKV1-16,-0.047164646668211144
CTD-2376I20.1,-0.04716566140637152
IGHV3-48,-0.04716768267571654
MCF2L-AS1,-0.04717058910049672
GTF3C2-AS1,-0.047170809929390364
SAPCD1-AS1,-0.04718504641925711
RP11-390F4.3,-0.04718587408555874
LINC01510,-0.047186464730965744
HIST1H3E,-0.047187031074398186
CCDC78,-0.04718815877812288
C10ORF2,-0.0471975244626053
GGH,-0.0471977796981915
CTD-2227E11.1,-0.047199085118689726
RP11-96K19.5,-0.04720207779373781
ACOT1,-0.04721272919510083
CTD-2001C12.1,-0.04721892896663782
RP11-456K23.1,-0.04721991277812288
C1ORF204,-0.04722056901706155
AC005487.2,-0.04722131725388364
RP11-38C17.1,-0.04722558277812288
RP11-350N15.3,-0.047225703739899774
RP11-800A3.7,-0.04723253585057147
RP5-857K21.4,-0.047232935150975264
AC005775.2,-0.04723493194426076
RP11-30K9.5,-0.04723772168070562
XX-C2158C6.3,-0.047241690621095046
CTD-2503O16.4,-0.04724594640533454
SLC2A1-AS1,-0.04724615174577628
LINC00473,-0.04724720533531858
RP3-335E1.1,-0.04724785833125476
FAM86B2,-0.047250582228326274
RP11-145A3.1,-0.047251062521084214
RP6-65G23.3,-0.04725537377812288
C5ORF63,-0.04725929731883347
RP11-312J18.6,-0.04725937023956736
CFAP157,-0.047267205782893576
AL358852.1,-0.04727211951031908
RP3-473L9.4,-0.047276841608445
RP11-108L7.14,-0.04727958846611449
IGKV4-1,-0.0472869696215003
RP11-15F12.1,-0.04729231578870201
CTD-2171N6.1,-0.04729343454156868
RP5-1021I20.1,-0.047293448914656394
HIST1H2BM,-0.04729682146299025
WASIR2,-0.04729737606023131
HOTTIP,-0.04730332913394214
ZNF135,-0.04731185235884593
AC011997.1,-0.04731727576350872
RP11-238K6.1,-0.0473173366130461
FLJ22447,-0.04731845877812288
RP3-428L16.1,-0.04732328956082818
RP11-307C18.1,-0.04732445512531312
RP11-342D14.1,-0.04732812375173923
RP11-760D2.5,-0.047328558974344306
ENDOG,-0.04732870970570435
CTC-523E23.11,-0.04734507680353328
KCNJ14,-0.04734920259682568
ZNF697,-0.047355038020693345
RP11-309M23.1,-0.04735628304212683
POMK,-0.04735668240151236
NLRP2P,-0.04735748105540623
HRAT92,-0.047357915394563105
FAM27C,-0.04735866853751467
RP11-14C22.6,-0.04736079429330174
RP11-304F15.4,-0.047373641585254575
RP11-88I21.2,-0.04738247349696862
AP000344.3,-0.04739253775071332
CTD-3028N15.3,-0.04740260795790591
LINC00944,-0.047404678568031426
HCG16,-0.04740517537276474
RP11-346D14.1,-0.04741215610704587
C4ORF26,-0.047416777705712496
JAKMIP3,-0.04742015005055866
ZNF32-AS2,-0.04742286004643122
IGHV1-46,-0.047423519947479134
RP11-388M20.2,-0.0474331506545864
RP11-120K24.3,-0.04743334184112234
RP11-410L14.2,-0.04744615277812288
NUDT5,-0.04745521012010523
LINC00545,-0.04745609701835096
RP4-545C24.1,-0.0474566482435809
PCDHGA11,-0.04746699047738044
LINC01479,-0.047469222630642745
RP4-761J14.8,-0.04746996458855706
RP11-711C17.2,-0.04747037312714171
AC092198.1,-0.0474713523369029
RP11-162A12.4,-0.0474714749892239
LINC01583,-0.04747476594630731
CTA-150C2.13,-0.04747612388174671
MYOT,-0.047479905975324144
AF001548.5,-0.04748050222087047
FLJ13224,-0.04748263941759876
BCKDK,-0.04748310465166611
RP11-10J21.4,-0.04748571174499312
LA16C-380H5.6,-0.04748802508931054
BARX2,-0.047501666134993195
RP11-182M20.2,-0.04751278155749904
CDH6,-0.04751332507129036
PAPPA-AS1,-0.04751827173416405
RNF175,-0.047521274253062976
DKFZP434L187,-0.04752502569760985
GS1-114I9.1,-0.047526548946874685
C3ORF70,-0.047530858563858164
RP11-33O4.1,-0.04754061227768348
AC092301.3,-0.0475480460792224
FAM231D,-0.04754818427440911
RP5-901A4.1,-0.047549496618701934
MTL5,-0.04754951877812288
KRT40,-0.04755213083590913
RP11-155O18.6,-0.04755607948951017
RP13-753N3.1,-0.04755792232531439
LINC00989,-0.04755866378986043
C1ORF127,-0.04757161622498913
AC015849.16,-0.047575126150142304
CTC-537E7.2,-0.04757667490313539
RP11-573D15.9,-0.04757974398976146
LA16C-306E5.2,-0.047582773585391216
RP11-465N4.5,-0.0475840173335305
RP11-497E19.2,-0.047588917746556575
TRIM44,-0.047593992554031184
FAM218A,-0.04759651673986547
IGKV1-39,-0.047598979057341825
CH507-513H4.4,-0.047607689508150176
RP11-602N24.3,-0.04761114619476697
AC091878.1,-0.04761142859143122
ENOX1,-0.0476126835304883
RP11-343H5.6,-0.047617990859862375
LINC01291,-0.047620205052068404
RP11-722E23.2,-0.04762776178407408
PHACTR2-AS1,-0.04763086742117076
EIF3CL,-0.04763196694498084
AC012074.2,-0.04763899360732358
RP4-541C22.5,-0.04764416767486625
C2CD4D,-0.04764628231776259
FAM71D,-0.04765204333665336
RMND1,-0.04765398918266267
TOB2,-0.0476567707369715
RP4-633I8.4,-0.04765721848109599
RP5-1121E10.2,-0.047660238249887896
CTB-11I22.2,-0.04767425608442001
AC092192.1,-0.047677040330820986
LSINCT5,-0.0476795443999697
ASMTL-AS1,-0.04768413392741528
AC016745.3,-0.04768439927478649
ZNF560,-0.0476856327292454
MNX1-AS1,-0.04768870810921181
GLTSCR2-AS1,-0.047693102676377476
AC002115.9,-0.04769346185163564
RP11-103C16.2,-0.04769390163540163
RP11-305K5.1,-0.04769672703623558
C8ORF34-AS1,-0.047700445689432346
MS4A15,-0.04771005877812288
RP11-936I5.1,-0.04772124324380399
RP11-406H23.2,-0.047722883403869064
RP11-441O15.3,-0.04772288973770978
C9ORF173-AS1,-0.04772852828758225
RP11-574K11.29,-0.047730449006093245
RP1-60O19.2,-0.04774117160097162
ZMYND12,-0.047742702036414106
RP11-857B24.5,-0.047742784065747494
GTF2IRD2B,-0.047743822243425715
RP11-295M18.6,-0.047744088778122876
TMEM133,-0.04775460867541889
TNKS2-AS1,-0.0477584675720301
RP11-524N5.1,-0.0477609668539775
PYCR2,-0.04776990744594278
CTB-113I20.2,-0.04777314284908592
RP11-30K9.6,-0.04778637899388502
RP11-353N14.4,-0.04778648089012286
RNF121,-0.047789184448758404
HIST1H2BK,-0.047789726564210176
PHGR1,-0.04779523132293668
RP11-760H22.2,-0.04779907877812288
ZNF235,-0.04779917524017035
AC002451.3,-0.047801015591285634
RP11-2H8.2,-0.0478016190558716
KIAA1210,-0.047802703243626954
RP11-611O2.5,-0.0478033150161028
MAP7D2,-0.0478099873652199
A.3.1,-0.04781068488761375
THEGL,-0.04781109410022437
SPANXA2-OT1,-0.047812399572699
CIB1,-0.04781294794481872
RP11-159G9.5,-0.04781322008925303
CST5,-0.04781595433821551
TRBV12-3,-0.04781768525468734
RP11-227H15.4,-0.04781898421704994
RP11-422N16.3,-0.047820453321841525
RP4-569M23.5,-0.04782348750712986
RP11-202A13.1,-0.04783347408292243
CTD-2517O10.6,-0.0478410699321737
PCDHAC2,-0.0478414722285359
RP5-991G20.1,-0.047845894228243625
MEF2C-AS1,-0.04785156456819558
CTD-3065J16.9,-0.04785171102063293
RP11-308N19.1,-0.047852731589471176
RP11-776H12.1,-0.04786004641670156
RP11-6O2.3,-0.047875180980376714
RP11-778D9.13,-0.047876490869525994
RP11-573D15.2,-0.047887671236379104
CTD-3193O13.12,-0.04789445212888581
CLPSL1,-0.04789853280653872
TSIX,-0.04790083577812288
AP000997.1,-0.0479093311464841
AC003090.1,-0.04790943591431375
TFAM,-0.047927235783922995
RP11-466F5.10,-0.047928852045697176
SVIP,-0.047939361529077684
MPHOSPH6,-0.04794274778007024
AC022182.1,-0.04795201574366273
LINC00327,-0.04795240263915313
RP11-148K1.12,-0.04795303059892707
ZC3H11A,-0.04795427867806945
ZNF547,-0.04795930968730977
ST7-AS1,-0.04795939761476186
RP11-397A16.1,-0.04796862720985053
ZRANB2-AS1,-0.04796932896969028
OLMALINC,-0.047976226181483755
AC004231.2,-0.04798438437213225
RP11-398C13.6,-0.04798594147013101
AC034187.2,-0.04799250095649003
LL22NC03-75H12.2,-0.04799412986522457
RUNDC3A-AS1,-0.04799440956283266
RP11-20B24.2,-0.0479971234214194
RP11-15J22.8,-0.04799729029736209
CH17-132F21.5,-0.04800033402552062
CH17-353B19.1,-0.048001394099999505
LMNTD1,-0.04800172862891498
SEC24B-AS1,-0.04800401016504214
NRK,-0.04800473604366691
MYOM3,-0.04800656430379083
FOXN3-AS1,-0.04800770649102036
RP4-745E8.2,-0.04800966221469543
RP11-328C8.4,-0.048019106002014894
RP11-77E14.2,-0.0480196458978568
AP000487.5,-0.04802635877812288
RP11-403P17.3,-0.04803038140315922
AC105052.2,-0.04803660419876822
RP11-181E10.3,-0.0480464239651079
RP1-138B7.7,-0.0480510419507355
AC003956.1,-0.04805726822406664
RP11-313F23.4,-0.04805817528426752
RP11-57H14.2,-0.04805991155201189
ZNF530,-0.04806025577812288
RP11-2N1.2,-0.0480640184500813
C12ORF74,-0.048073705794468444
RAB33B,-0.04807380638637748
CTC-505O3.3,-0.04807402972033234
HAUS8,-0.048075055283863244
RP11-753D20.3,-0.04807567688980551
RP11-629G13.1,-0.04807645095945304
EMX2OS,-0.04807728056412876
RP4-816N1.7,-0.048080801163798426
RP11-1275H24.1,-0.048084222084653766
RP11-449H3.3,-0.04808507821110586
U66059.58,-0.04808555447250239
LHFPL1,-0.048092248498502146
RP11-400L8.2,-0.04809236523277047
RP11-91P24.7,-0.04809784048466251
KRBOX1,-0.048099417016327
RP11-83B20.1,-0.048100331718155656
RP11-325L12.6,-0.048102306608269946
RP11-98D18.16,-0.04810628185411865
CCER2,-0.04810986518341663
ZBTB3,-0.048113461178329126
ZNF671,-0.04811377700957729
OTOG,-0.04811600412561284
ZNF699,-0.04813224794900627
POMZP3,-0.04813449762354513
RP5-1028K7.2,-0.048135201673272954
AC079790.2,-0.048137515166606915
ZNF280A,-0.048140213469136196
LINC00525,-0.04814297356685826
IGHV3-49,-0.048143585453031726
RP11-449P15.1,-0.04814501564748205
RP11-428J1.4,-0.04814686877812288
SLC25A25-AS1,-0.048147377241075144
RP11-158M2.5,-0.0481502571607583
TAS2R13,-0.048151343713736555
RP3-324O17.8,-0.048152056803660186
SAPCD2,-0.04815783386021984
ANKRD52,-0.04816032872965015
LINC01108,-0.0481628626212907
RP11-435D7.3,-0.04817397749990926
RP11-367J7.3,-0.0481764803265337
ZFAND4,-0.04818234807258049
RP13-1016M1.2,-0.048185249433029036
NOVA1-AS1,-0.04820254832864264
NPIPA3,-0.048205914470856356
ZNF394,-0.048206349481492494
SULT1C2,-0.04820801961749205
C14ORF79,-0.04821570626927731
NUDT1,-0.048221227516121346
RP11-254I22.3,-0.048222280910446336
NPIPB9,-0.04822305203122147
RP11-46F15.2,-0.04822427400222727
AC007050.17,-0.04823378802690462
RP1-122O8.7,-0.04823728852396655
PEX13,-0.04823949192334176
RP11-435J9.2,-0.048248105798725155
TACO1,-0.048251002518054587
SYMPK,-0.048259465343879704
AC023128.1,-0.04826122006349208
AL354822.1,-0.048265363877351544
ARL5C,-0.04826668812404813
RP11-547D24.3,-0.048266773618756156
XXBAC-B135H6.18,-0.04826931066559059
LLNLR-268E12.1,-0.04827040219780181
RP11-195M16.3,-0.04827227850526781
RP11-867G23.8,-0.04827234664689854
BLZF1,-0.04827561199793462
NTMT1,-0.04828403049649416
ACSL3,-0.048288034152837334
MFSD6L,-0.04828979479980951
C8ORF49,-0.04829165507632104
PCAT18,-0.048301472196774
AGBL5-AS1,-0.04830183053685119
DGUOK-AS1,-0.04830607677812288
AGAP9,-0.0483166378927693
RP11-77H9.6,-0.04831855608327826
RP11-1277A3.1,-0.0483191925265314
RP11-408A13.4,-0.04832257877812288
SLC6A16,-0.04832324261393354
AC004053.1,-0.04832834083954102
AC005618.6,-0.048340945931234114
RP11-91G21.1,-0.048343157143515676
XX-FW83128A1.2,-0.048344599766594755
ZNF607,-0.04834765717038537
SMIM22,-0.04835271228962512
ZHX2,-0.048355872878781736
AC090505.4,-0.048374129180220896
RP11-255P5.3,-0.048375765432239884
C6ORF222,-0.048376140843787135
RP5-1112D6.4,-0.04837826877812288
AC093585.6,-0.04837953107841748
EPPK1,-0.04838574577812288
AC073284.4,-0.048389187727537614
RP11-532E4.2,-0.04838925741175932
RP11-394O2.3,-0.0483895726416784
ZNF764,-0.04839081825002018
RP11-394I13.2,-0.04839511865366225
RP11-10A14.4,-0.04839645340240388
RP11-545D19.1,-0.0484040299679353
RP11-753H16.3,-0.04841221503265444
RP11-399K21.14,-0.04841403493070503
RP11-447M12.2,-0.04841448140795257
FLJ45079,-0.04841529537079231
PARD3-AS1,-0.048418456388165595
HIST2H3D,-0.04842360581864374
RP11-589B3.6,-0.04842401330302663
RP11-953B20.1,-0.04843103430738342
RP11-338E21.1,-0.04843444467592237
DMBX1,-0.048440623632851315
RP1-27K12.4,-0.04844365850643554
AF038458.5,-0.0484466741585427
RP11-90P13.1,-0.04845572745129204
ZNF563,-0.04845773362181108
CTD-2555A7.2,-0.04846288994928357
RP11-673P17.4,-0.048469564077167765
CH507-42P11.8,-0.04847659781568853
CTC-308K20.2,-0.04848295652221005
RP11-676J15.1,-0.048483196999579134
RP11-95H3.1,-0.048483635778122876
LINC01127,-0.048486953552716434
HRAT17,-0.04848735341627518
KIAA1107,-0.0484874006082453
AC009133.17,-0.048490713528491075
RP11-755B10.3,-0.04849446861595376
RP5-1125N11.2,-0.04849626562881067
LINC01435,-0.0484981226683786
RP11-298E9.5,-0.04849954732425023
KB-1208A12.3,-0.04850119348849617
FAM78B,-0.04850181077812288
RP11-64P14.7,-0.048503034959356386
XXBAC-B33L19.4,-0.048503157977217846
RP11-426C22.4,-0.04850576716494326
AC116366.5,-0.048506981778122876
MLLT1,-0.048510185007500706
HIST1H1E,-0.048518253921774016
AD000671.6,-0.04851874068648447
RP11-697E2.12,-0.048532674104708476
RP11-78O7.2,-0.04853821189649973
LMF1-AS1,-0.048542100046510404
NUP58,-0.04856171384447178
NRG2,-0.04857047918555468
CTD-3075F15.1,-0.04857085600252027
AC010127.3,-0.04857285815003058
RP1-45I4.3,-0.048573478270455876
CTD-2189E23.2,-0.04857616623835148
RP11-823E8.3,-0.04857653401955503
SNX31,-0.04857899126899195
RP11-95M15.1,-0.048580487519853374
CCDC129,-0.04858419489127873
HRASLS,-0.04858623377812288
CTD-2383M3.1,-0.04858991866813969
NKPD1,-0.048592152433107286
ERCC6,-0.04859291988720715
LINC01534,-0.04859678091019015
FGF10-AS1,-0.04859856239473604
RP11-217B1.2,-0.04859934548897624
SPIN2A,-0.04860895877812288
PCDHGC3,-0.04861585990145928
ALX1,-0.0486197986110093
SBNO1,-0.04863088425719975
RP11-412B14.1,-0.04863343000063389
RP11-737O24.1,-0.0486369141399805
TP53TG3D,-0.0486377842217629
KB-1440D3.14,-0.048639686333889404
ZNF573,-0.04864638322999383
RP11-218F10.3,-0.048653112870205864
RPH3AL,-0.04865736338228066
RP4-806M20.4,-0.048659580995984275
AC018359.1,-0.0486601965094826
AC092159.2,-0.04866229855534414
RP11-124N14.3,-0.048667134947107296
RP11-321N4.5,-0.048669033868068756
TRBV9,-0.04868008952690586
MIR4432HG,-0.048681071976299964
CTC-260E6.6,-0.04868184042542831
RP11-382A20.5,-0.04868206799686545
CBX6,-0.048683923538668405
LECT1,-0.04868668757412796
RP11-252A24.3,-0.04868882713751921
CTA-797E19.2,-0.0486954276302346
ZNF326,-0.04871067276992297
RP11-18H7.1,-0.04871091316459883
RP11-1100L3.8,-0.04871484836402837
PGM5P3-AS1,-0.04871701337200417
CECR5-AS1,-0.04872240654979946
NSMCE1,-0.04872498967514083
TMPRSS5,-0.04872603509346804
RP11-544A12.8,-0.04873846388375129
PPM1B,-0.04874385969318712
FAM83C-AS1,-0.04874411276253708
WARS2-IT1,-0.04874632974616207
RP11-333A23.4,-0.048748101413831874
KB-431C1.5,-0.04875173911564392
RP11-650L12.1,-0.048757231459203104
AC097495.2,-0.04875813377812288
LCN15,-0.048759138229020435
CTD-2026K11.6,-0.04876187179246108
AC008440.10,-0.048765824036908725
RASGRF2-AS1,-0.048768853077958016
RP11-111M22.3,-0.048775098516144186
RP4-778K6.3,-0.04877556235408692
ZFR2,-0.04877897446089895
AC084219.4,-0.04878147983018697
MS4A13,-0.048785842542313426
LINC01623,-0.04878672847089174
RP11-161D15.1,-0.04878675840149224
IGHV3-13,-0.04878722113840503
HIST1H2AJ,-0.04878789292312277
RP11-209D14.2,-0.04878881264578467
RP11-315D16.4,-0.0487956971069341
RP4-539M6.19,-0.048800406234852156
SH3RF3-AS1,-0.04881291377812288
RP11-676J12.7,-0.04881410012164812
OSBPL10-AS1,-0.048824346778122876
RP11-690P14.4,-0.048826402003611505
AC006369.2,-0.04882670121627146
BSN-AS2,-0.04883023803926118
RP11-306I1.2,-0.04883466845072654
RP11-499F3.2,-0.04883501040976242
AC010761.8,-0.04883734042834456
ZBTB5,-0.04883819433063151
RP11-618L22.1,-0.04884090567220789
AC007193.9,-0.04884338726505495
RP11-645C24.5,-0.04885487083637646
RP11-506F3.1,-0.048856050460189766
HIST1H4F,-0.04885870457080456
PCDH9-AS1,-0.04885940789200231
RP1-102E24.8,-0.04886092157889935
RP11-35J1.2,-0.04886188992012867
RP11-554E23.2,-0.04886259370460454
RP11-315I20.3,-0.048866105285577555
RP11-298I3.4,-0.04887112431213425
RP11-425A6.5,-0.048872118836367474
SELV,-0.04888018176171731
CTD-3194G12.1,-0.04888246625260807
NPIPB7,-0.04888535520905802
ZNF695,-0.04889032823269851
DKFZP434K028,-0.048891095095878766
AATK,-0.048891153730111825
C7ORF77,-0.048894285567592025
LINC01004,-0.04889546199499832
CELSR3-AS1,-0.04889600251402325
RP11-1072A3.4,-0.048898794841216384
ANKRD20A4,-0.04890211785909759
TEX26,-0.0489038015518031
RP11-961A15.1,-0.04890495512218582
RP11-415F23.4,-0.048905146981077785
RP11-521O16.1,-0.04890747623789404
MRPS36,-0.04890897690707208
CTD-2616J11.11,-0.04891168507091076
TAPT1-AS1,-0.04892724396898265
LINC00472,-0.0489272727393662
RP11-277P12.20,-0.048927924252198225
XIAP-AS1,-0.048934424080061274
STXBP5-AS1,-0.04893686859493204
RP5-1158E12.3,-0.0489437797939384
RP5-864K19.6,-0.04894717687040073
RP11-883A18.3,-0.048971259145056914
BVES,-0.04897147389638079
PLCXD2,-0.04898667497024423
LINC01214,-0.04898825666009211
VPS13A-AS1,-0.048992629692848254
RP11-1035H13.3,-0.04899864937888354
CYP51A1-AS1,-0.04899973417333521
RP11-830F9.5,-0.049008818091014414
LRRC71,-0.049016151548245936
PCF11-AS1,-0.049019023129744564
TTYH2,-0.0490238092936343
AC106801.1,-0.049030351616891094
ZNF20,-0.04903697141741639
RP5-892K4.1,-0.049038249360563835
AC027119.1,-0.049038391530421964
RP5-1116H23.4,-0.049044156488355965
RP11-263K19.4,-0.04904474877812288
ZNF610,-0.04904549384982773
RP11-343K8.3,-0.04904995628600621
RP11-439E19.10,-0.049050984067041996
CTD-2034I21.2,-0.04905527250622522
KBTBD4,-0.049062888765018464
RP1-111B22.3,-0.04907175714993616
AC016723.4,-0.04907654119448205
CTD-2012K14.3,-0.04907992185895381
VILL,-0.049082127944323324
RP11-354P11.4,-0.04908319077812288
HIST1H2BL,-0.049084317401808124
LINC01474,-0.04909608889933943
RP11-548H3.1,-0.04909647394579954
TBPL1,-0.049100922354693766
ARL14EPL,-0.04910344072608986
RP5-994D16.3,-0.04910967867031378
LINC01259,-0.04911141654481376
WWC3-AS1,-0.04911245737928551
TMLHE,-0.049114996247083265
TMEM221,-0.04911515536175882
KRTAP2-3,-0.049123157638188836
RP11-334J6.6,-0.04912391177812288
KLLN,-0.049124106816749696
ZPLD1,-0.04912560049284381
AC004893.11,-0.049125918790890864
RP11-146F11.5,-0.04912689235600777
AC068580.6,-0.04912835063069507
AP000254.8,-0.04913218417144129
CTD-2349P21.5,-0.04913265843313487
RP11-396C23.2,-0.04913590823149702
RP11-113K21.4,-0.049138661971889326
RP11-43A14.2,-0.04913960885042008
RP11-338N10.3,-0.04914147144097721
RP11-535M15.1,-0.049141645356462524
LA16C-OS12.2,-0.04914338160176757
MRPL42,-0.04914602418761932
RP11-355B11.2,-0.04914766675359137
DPH6,-0.0491490279521416
LIPJ,-0.04915468659311874
RP11-399K21.13,-0.04915805440953757
LINC01032,-0.049162013481489145
RP11-74E22.3,-0.04916743253336091
C3ORF35,-0.04917076355897222
RP11-513O17.3,-0.04917285078460447
IGKV3D-20,-0.04917479371620643
RP11-165F24.3,-0.0491755913074572
HDX,-0.04917789962169663
COG7,-0.049178470456782364
JPH4,-0.04918128080633738
SRGAP3-AS2,-0.0491830548225853
RP11-977B10.2,-0.049183828914469624
RP4-575N6.4,-0.04918500088724193
ANKHD1-EIF4EBP3,-0.04918835577812288
CH507-9B2.1,-0.04919358277812288
MEG9,-0.049194483778122876
C9ORF163,-0.0491947946084309
RP11-701P16.2,-0.04919565634112765
NKX2-1-AS1,-0.04919587444614104
RP11-310N16.1,-0.04920560064905784
ZC3H6,-0.04920625901534381
PCBP3,-0.04921312877812288
METTL21A,-0.0492157026379591
RP11-407N17.5,-0.049217239784974984
AC099850.1,-0.04922178255403026
RP11-320M16.2,-0.049225060669454965
RORA-AS1,-0.04922538732133194
ZNF404,-0.04922752877812288
RP11-253M7.1,-0.04922768716634934
RP11-329B9.4,-0.04923173308651952
RP11-486G15.2,-0.049232230978478425
AC139100.3,-0.049232838236712984
GOLGA6L6,-0.049233813393953926
KIAA1024,-0.04924101580454797
RP11-324E6.10,-0.04924994091637283
RP11-702B10.2,-0.04925021916154355
GRAPL,-0.049250806846050633
C6ORF201,-0.04925553379887011
RP11-440D17.4,-0.04925716725045795
RP11-1070N10.7,-0.0492600985478346
ANKRD30BL,-0.049262054901083666
EPHA5-AS1,-0.049264395657701215
ACSM2A,-0.0492682908169953
RP11-434H6.7,-0.04926966484090045
FER1L6-AS2,-0.04927475965613065
RP11-524F11.2,-0.04927631714361019
CTD-2562J17.7,-0.04928171445235355
RP4-612B15.3,-0.04928358249990436
RP11-54O7.3,-0.04928449296393913
AC005481.5,-0.04928717600837668
NUP107,-0.049290221750950325
CTB-186G2.1,-0.049294267916149645
LINC01564,-0.049295669172371104
RP11-572C15.5,-0.049296302539714225
IBA57-AS1,-0.04929658626339395
HIST1H3H,-0.0492971032689499
AP003068.9,-0.04929805250210734
HIST1H4I,-0.04930123698261392
IGHV1-2,-0.04930349519667904
SLBP,-0.04930490937039622
RP11-44N11.2,-0.04930726770695511
PANO1,-0.049309603434807316
RP1-266L20.4,-0.04930965478263581
NUP93,-0.049311335000016276
OPLAH,-0.049313416502722696
LINC01423,-0.04931574622366919
AC007879.2,-0.04931994491144236
RP11-98D18.15,-0.049326032763317665
AL157902.3,-0.0493279449808689
PHKB,-0.0493304718757957
RP11-7F18.2,-0.04933777570782743
TFAP2A-AS1,-0.049338519819290626
AC074212.6,-0.04933920056079157
LL22NC03-104C7.1,-0.04934095082347938
FAM9C,-0.049341190807912154
RP11-362J17.1,-0.04934397455798858
AC068831.10,-0.04934399356164103
RP3-522J7.7,-0.04934598533783695
RP11-737O24.2,-0.049346045450204726
RP1-39G22.7,-0.04934612708317995
AP000350.5,-0.04934704051790245
RP5-1136G13.2,-0.04935048170200878
ZNF385C,-0.04935461236124465
MAPK8IP1,-0.04935882173835471
RP11-1070N10.3,-0.04936056289874571
C1ORF220,-0.04936115231624345
RP11-1096G20.5,-0.049366690062662685
CTD-2308L22.1,-0.049366835690784344
AC073257.2,-0.04936973820401608
SEC16B,-0.04938385743017504
RP6-74O6.6,-0.04938662260115172
RP3-388N13.5,-0.049388795566983335
RP11-27K13.3,-0.049392490699995434
PARD6G-AS1,-0.04940360343539519
BEST3,-0.04940789684980209
RP11-546K22.1,-0.049417883082452776
PRPF6,-0.04942116693123877
RP11-182J1.1,-0.04942138536342036
LINC01562,-0.04942446857698772
HIST1H3A,-0.049426871778122876
SYNDIG1L,-0.04942920584436637
WT1-AS,-0.04943415203805827
DDX39A,-0.04943608249079812
RP11-174O3.6,-0.0494373134470377
RP11-571M6.17,-0.049437666997363586
NAPG,-0.04944226780733252
CTA-992D9.11,-0.04944238248181232
RP4-665J23.2,-0.04944296754347102
CTD-2036P10.3,-0.04944540477812288
AC008074.1,-0.04945060133686226
CTA-445C9.14,-0.049461029258794295
RP11-662G23.1,-0.04946278489518362
RP11-274B18.4,-0.049463130966958944
C19ORF18,-0.04946509021777742
RP11-156L14.1,-0.0494728720941297
RP11-287D1.2,-0.04947789313570055
C2ORF50,-0.04948359980173422
CTB-191K22.6,-0.049483634936857604
LINC01143,-0.04949399953374855
FLNB-AS1,-0.049494076426142515
RP11-271M24.2,-0.04949819439332548
AF186192.6,-0.04949994259051546
RP11-20I23.13,-0.04950003852428821
RP11-321A17.6,-0.04950010279915855
CCDC15,-0.049501338971308644
TMPPE,-0.04950286353473986
RP11-400K9.4,-0.049504497401661775
RP11-598F7.6,-0.049506203840645774
CEP72,-0.049512221185403604
CTC-344H19.4,-0.04951344442606323
RP11-387D10.4,-0.0495184311684919
CTD-2033A16.3,-0.04952360763272065
GNAZ,-0.04952402535395528
RP4-813D12.3,-0.049528921553574703
RP5-1074L1.4,-0.04953265479381838
RP5-997D24.3,-0.04953303958366212
RERGL,-0.04953582610717111
ZNF503-AS2,-0.049539462749055685
ZIK1,-0.04954191004229682
AC007255.8,-0.04954516369653601
NAA30,-0.04954742415532615
RP11-205M3.3,-0.049549800824258125
AC074363.1,-0.04955395458146853
SSMEM1,-0.0495563037158254
B.1,-0.04955894750822007
ZC3H12B,-0.049562283828587045
PCOLCE-AS1,-0.04956242377812288
LINC00896,-0.04957005759004444
LINC01356,-0.049570199640470866
LINC01554,-0.049570801114649295
RP11-404L6.2,-0.04957216593965429
B4GALT1-AS1,-0.04958037300903832
RP11-130F10.1,-0.04958217836762873
CTA-331P3.1,-0.0495826503912153
LINC00632,-0.0495856602213537
RP11-415C15.3,-0.049589878923611636
RP11-380B4.3,-0.049591120905353545
RP11-461L13.5,-0.04959415997022294
LDLRAD4-AS1,-0.04959513002578091
RP11-381K20.2,-0.04959694337413681
AC129778.2,-0.04960065817821303
RP11-48G14.3,-0.0496010902349521
THCAT158,-0.049605342753973124
EMC2,-0.04960589259234205
ANKRD18A,-0.04960766828361149
CTC-428H11.2,-0.04960859099741225
UPK3BL,-0.04960972196794333
KCNQ1DN,-0.049610397591103
CERS5,-0.049616287527742275
GTSF1L,-0.04962651723859375
RP5-991G20.6,-0.04963011714416496
CBY3,-0.049637220896920464
LINC01132,-0.04963973146816147
RP11-147L13.8,-0.049640665910394705
RP5-1148A21.3,-0.04964152677812288
ING3,-0.049643976168606274
RP3-483K16.4,-0.04964414049638621
RP5-940J5.8,-0.04964658890584375
PRR29-AS1,-0.049648503716216943
FMR1NB,-0.049649970995620366
AC074011.2,-0.049650809550873656
CCDC171,-0.049651986925499506
RP11-417E7.2,-0.04965337877812288
UBE2Q2L,-0.04965416289016223
RP11-305L7.3,-0.04965562877812288
CCDC13-AS1,-0.04965958632926947
PCAT5,-0.049664427998229635
DGCR5,-0.04966683459356118
CTB-158D10.3,-0.04967171509437447
SEC62-AS1,-0.049672413593462084
NEIL2,-0.04967321157217397
LY86-AS1,-0.04967425696275496
RP11-7F17.3,-0.04967468877812288
CKLF-CMTM1,-0.04967769530844199
RP11-360I2.1,-0.04968182946903309
PRRT4,-0.04968431640781856
RP11-544D21.2,-0.04968445534077473
RP11-338K13.1,-0.049685812748549364
U91328.19,-0.04968979166183321
IGKV1-17,-0.04969254610579292
RP11-713D19.1,-0.049695767093134516
RP11-326I11.4,-0.04969705105777778
AC091814.2,-0.04969732252299826
DRICH1,-0.04969825379753311
RP11-273B20.1,-0.04970105677812288
TRNP1,-0.04970524795004369
HEPACAM2,-0.04970619033416302
FAM98B,-0.04970717054223128
GTF3C3,-0.049711458277170606
AC005307.3,-0.04971278393992562
RP11-492E3.2,-0.04971330362256429
ZNF280B,-0.049714385179085926
RP11-107I14.4,-0.049714862076498424
LINC01068,-0.049715279636512524
RP11-46H11.12,-0.04972002177812288
ABCA9-AS1,-0.04972024774477597
MID2,-0.04972138964222583
LGALS8-AS1,-0.04972728100331468
RP1-102G20.5,-0.049733424017643094
AC005363.11,-0.04973375494381596
SSPO,-0.049735157495510524
AC103563.8,-0.0497382148786746
PTOV1-AS1,-0.04974517341151889
RP11-486M23.1,-0.049746399430271385
RP11-293A21.1,-0.04975347426415282
OGFOD2,-0.04975813524923567
ENO1-AS1,-0.049759593879423136
LINC01018,-0.04976150545465263
CTD-2227I18.1,-0.049762688182095734
RP11-27G14.4,-0.049763192478381735
AC022007.5,-0.04976812798419683
HIC2,-0.04977265057338359
FGFR1OP,-0.049775949957971855
CTD-2072I24.1,-0.04978004556098718
RP11-669E14.6,-0.04978435193825532
RP11-956E11.1,-0.04978679327886805
RP11-15A1.3,-0.04978827350209624
AC105760.3,-0.0497986701767299
RP11-530C5.1,-0.049799220310254924
RP11-480I12.10,-0.04980177116959897
PBRM1,-0.049810608936006084
C3ORF67-AS1,-0.04981446220928021
RP11-734K21.5,-0.04981499774071199
CH507-513H4.1,-0.049817060737554486
RP11-474B16.1,-0.049818415446853184
AC092171.2,-0.049820162726404965
RP11-297C4.2,-0.04982464669771629
RP11-61A14.1,-0.04982493893458764
RP11-70P17.1,-0.04982516648769453
RP11-320N7.2,-0.04982864249041457
HIST1H2AM,-0.04983016600823374
RP1-136B1.1,-0.04983025449408614
RP11-283I3.2,-0.049830258211135375
RRP7A,-0.0498394550477439
ATXN1L,-0.049840884243689765
RP11-108O10.8,-0.049842544206283895
LAMA5-AS1,-0.04984686454096568
RP11-358N2.2,-0.04984688625325831
CTD-3116E22.8,-0.04984896928234797
RP11-16E18.3,-0.049850627179571616
RP1-265C24.8,-0.04985074722888423
ZNF785,-0.0498539880881326
MAFTRR,-0.04985476577812288
RP1-120G22.11,-0.049855828224971345
ZNF532,-0.04985817171232676
FAM110C,-0.04985896552048441
LINC00964,-0.049859119760538945
AC009502.4,-0.049861103961281655
PRR36,-0.049862949804517866
SYNGR4,-0.049863289965638796
LRIF1,-0.04986582101692427
BRWD1-AS2,-0.04986742477812288
ALS2CR11,-0.04986748908435516
ZDHHC8,-0.04986768481200943
ARHGAP31-AS1,-0.04987041974522691
RP11-100L22.1,-0.04987133177812288
GTSCR1,-0.049871890870375565
CCNYL1,-0.049879721206210426
CTD-2213F21.2,-0.0498807299797873
RP11-61E11.1,-0.04988088084320055
AC108004.2,-0.049883316007622414
RP4-621B10.8,-0.049887026713529285
B3GAT1,-0.04989098582184048
RP11-329B9.5,-0.04989279249659648
LINC00276,-0.049892851875144494
FBXW8,-0.04989372287483074
RP11-43F13.3,-0.04989567677812288
RP11-677M14.7,-0.04989850077812288
RP11-696N14.1,-0.049898982296350106
RP11-388M20.1,-0.049900014775480395
NUGGC,-0.049909706642472636
RP4-677H15.4,-0.04991041951200338
RP11-221N13.3,-0.049915241327453876
PLEKHN1,-0.04991839629970241
RP11-488C13.5,-0.04991875872959778
PAXBP1-AS1,-0.049919610166347515
NAMA,-0.04992666205552311
SPATA45,-0.049930064785730005
RP11-123K19.1,-0.049930409151622765
ERVH48-1,-0.04993487691890211
RP11-114B7.6,-0.04993643037797564
RP11-253M7.4,-0.04993699401340186
AP000343.2,-0.04993763026281133
CLIP1-AS1,-0.04994268370690268
RP11-281A20.1,-0.049944265075376644
CTC-236F12.4,-0.04994666756647952
RP11-1M18.1,-0.04994944589489621
RP11-317P15.4,-0.049954662809380164
RP11-32B5.8,-0.04995785282032499
LINC00540,-0.049958749186923536
RP11-873E20.1,-0.049961823383005935
RP11-584P21.2,-0.049962876317287006
CTD-2015G9.2,-0.049965227161756
RP11-336K24.12,-0.04996572877812288
CTB-55O6.8,-0.049966805116190005
RP11-33A14.1,-0.04996771595399037
IRG1,-0.0499690861302105
RP11-128A17.2,-0.04997671047534941
RP11-473E2.4,-0.04997932766841879
RP3-508I15.10,-0.049979395296371174
RP11-572B2.1,-0.049980347925852354
MAP3K19,-0.04998325705505084
RP11-111M22.5,-0.049985608295309916
SEMA7A,-0.049985777716686275
RP11-59N23.3,-0.04998677467782425
BACH1-AS1,-0.0499883428245592
USP27X-AS1,-0.0499968582292884
DIS3,-0.05000117152631256
RP11-93H24.3,-0.05000292351275763
CRAT37,-0.05000577489002435
RP4-681N20.5,-0.05000592733410923
XX-C2158C12.2,-0.05000994877812288
CTB-113P19.5,-0.050010286329156564
HM13-AS1,-0.05001121163403455
HIST2H4A,-0.050017489848095856
Z83844.1,-0.05001967211140946
CTD-2526A2.2,-0.05002573282347185
RP11-275I4.2,-0.05003372576554414
RP11-18C24.8,-0.050036168702991934
C10ORF131,-0.05003904378350285
CPNE4,-0.05004180015575289
CH17-140K24.2,-0.05004501566982163
RP11-222K16.1,-0.05004981286999262
RP4-583P15.15,-0.05005026598489137
MROH8,-0.05005526948244575
RP11-317L10.1,-0.050056161367244015
RP13-39P12.3,-0.05005806997103894
RP11-153F1.1,-0.05005856372769041
GHDC,-0.05006356616281549
RFPL2,-0.05006770917449359
RP1-166H4.2,-0.050068718312968816
AC026188.1,-0.05007015082216693
RP3-486I3.7,-0.050071290778122876
CCBL1,-0.05007569367445999
NUCB1-AS1,-0.050079191280830236
SPIRE1,-0.050079727232726745
PVRL3-AS1,-0.05008635495327159
RP11-640L9.1,-0.0500895914293545
HIST1H2BH,-0.05009332877812288
GTF3A,-0.050094015817254034
LPP-AS1,-0.050094939960484954
AC008088.4,-0.05009655605185495
FIGN,-0.05009671529360152
CTC-479C5.10,-0.05010095922536516
RP5-1050E16.1,-0.05010720074885423
RP11-494O16.4,-0.05011115529309246
RP11-468E2.10,-0.05011595514558681
GATM-AS1,-0.050118541086014615
NPPA-AS1,-0.05012461645060661
RP11-660M5.1,-0.05012781961145754
AC093388.3,-0.05012829883093439
RP13-941N14.1,-0.05013092524736565
AC007950.1,-0.05013470052127622
RP11-278C7.4,-0.05013533596059731
AC000068.9,-0.05013569991643966
FAM83C,-0.050138731229851484
AC073957.15,-0.05013888929548985
HSF5,-0.050139525482354674
RP11-247L20.4,-0.050142199930323206
AC020743.2,-0.05014792351695359
SERPINB7,-0.05015273877812288
PGAP3,-0.050153768913375696
RP11-456H18.2,-0.050156987143305624
MIR762HG,-0.05015741068248688
RP11-35O15.1,-0.050159308263827654
STRADA,-0.05016110345243896
C3ORF79,-0.05016124972830764
RP11-519G16.5,-0.05016344882481699
HIST1H2AG,-0.05016770177812288
RP13-631K18.3,-0.050167990529237955
RP11-967K21.1,-0.0501706370718074
RP11-63L7.5,-0.050171718778122876
CH17-224D4.1,-0.050175692108973755
SLC10A4,-0.05017724356569482
RP11-66B24.9,-0.050179814326614246
FAM212B-AS1,-0.050180722743793316
CSTF3-AS1,-0.05018216196828288
RP11-175O19.4,-0.05018270122533534
IGLV3-9,-0.05018295500182615
CTC-1337H24.3,-0.05018440877812288
RP11-10L7.1,-0.05018467502128393
RP11-70C1.3,-0.05018627029850923
CTB-55O6.4,-0.05019011159757697
RP11-529E10.7,-0.050193107094539405
SPECC1L-ADORA2A,-0.05019349771106782
ATP13A4-AS1,-0.050198188712093895
IGKV2D-30,-0.05021182617392865
CTD-2026G6.3,-0.05021212920315922
MPDU1,-0.0502125181217718
CHAF1B,-0.05021839396682359
AC009303.1,-0.05022426431489686
AREL1,-0.050232535955797464
RP11-285E9.5,-0.05023298369585397
RP11-481J2.4,-0.050233677296573104
AC002398.11,-0.05023944101483756
GON4L,-0.0502420345131136
CTD-2105E13.6,-0.05024214309472097
HIST1H3G,-0.05024216057477876
RP11-108P20.4,-0.05024500745870776
UBAC2-AS1,-0.050248200494532984
LINC01388,-0.050248544063744946
PLEKHM3,-0.05024889877812288
RP5-1017F8.2,-0.050263400579152184
AC034243.1,-0.05026353743444951
SMIM2-AS1,-0.050265183906793055
RP11-624L4.1,-0.050265202365502706
EPN2-AS1,-0.050265330686954476
PALM2,-0.05026624166399067
IGHV3-30,-0.050270141218135195
RP3-333H23.8,-0.05027397787874929
RP11-474I16.8,-0.05027419186858299
AP005530.2,-0.05027466543088316
HRASLS5,-0.05027638171818016
C6ORF163,-0.05028305477812288
CTD-2283N19.1,-0.05028649291923626
RP11-355N15.1,-0.05028788667655144
RP3-388M5.9,-0.05029305367281406
RP11-279F6.2,-0.05029307688979863
RP11-540K16.1,-0.05029577327204493
RP11-431K24.1,-0.05029666415088878
AC005498.3,-0.05029906762308799
LINC01602,-0.050305265198249294
RP11-428C19.5,-0.05030913317283668
TNK2-AS1,-0.05031136635472198
AC005152.3,-0.05031234515440985
RP11-3B7.1,-0.05031323377812288
RP1-117B12.4,-0.0503134220527949
AC100830.4,-0.05031748206071045
CTD-2027I19.3,-0.05032119046529827
EVI5,-0.0503220623437049
CTC-573N18.1,-0.05032434292838246
RP11-123K3.9,-0.05032677877612993
C11ORF94,-0.050328810246126114
RP4-534N18.2,-0.050328959756805874
KTN1-AS1,-0.05033269489824446
FUNDC1,-0.05033318837561862
AF127936.5,-0.05033350014860507
ACTA2-AS1,-0.0503397131297594
RP11-89H19.2,-0.05034510186841366
RASA4B,-0.05034668628617177
CTB-30L5.1,-0.05034736439489394
KCNJ2-AS1,-0.0503477971629534
RP11-99A1.2,-0.050349577337419266
RP1-56K13.2,-0.05035796604760452
SLC18A1,-0.0503605492536045
CH507-42P11.5,-0.05036070896614246
CTD-2015H3.2,-0.050362255467219716
FOXP4-AS1,-0.050366154305221025
RP11-415F23.3,-0.05037311185200123
AC018462.2,-0.050373884706748764
CD81-AS1,-0.050374175897539446
TBC1D3C,-0.05037652533924153
RP11-514P8.6,-0.050377199695985184
RP1-223E5.4,-0.05037907867551379
LRP2BP,-0.05038106931564623
ANKRD53,-0.05039246244143726
CH507-42P11.7,-0.050395669485784444
LINC01446,-0.05039785825071996
CTD-2373H9.5,-0.05040001071907596
RP3-382I10.7,-0.05040131349684125
C17ORF64,-0.05040451973659675
SIAH3,-0.050405725399034054
PUF60,-0.05040578459443046
AC138969.4,-0.050407073778122875
OTUD4,-0.05040725683172609
RP11-205K6.1,-0.05040895067649566
RP11-114O18.1,-0.0504124940470759
RP11-23F23.2,-0.050413072689668666
RP11-439L18.1,-0.05042290079894471
RAD51AP2,-0.05042391434658202
U52111.14,-0.05042398747159372
AC114730.8,-0.050424873648726054
RP11-713P17.4,-0.05042535073737475
AC106900.6,-0.0504272908358252
RDH10-AS1,-0.050428961604754366
STEAP1B,-0.05043202577812288
AC010642.1,-0.050439530404674235
RP11-797D24.4,-0.05044158190794901
RP11-314A20.2,-0.05044456596869446
C20ORF144,-0.050447121819190685
RP11-139I14.2,-0.050450698817612515
ZBTB20-AS1,-0.050451742678214145
RP11-16E12.1,-0.05045258989512037
RP11-2B6.2,-0.05046235854228162
LINC01050,-0.05046340197093235
LINC00973,-0.05046798574977002
SGSM3,-0.05046850233947142
RP11-386G11.10,-0.05048533875406498
TRGV4,-0.0504861410059321
RP11-539I5.1,-0.05049091534853778
CMC4,-0.05049591862659142
CTB-55O6.13,-0.05049656877812288
RP11-344B5.3,-0.05049703355849252
RP11-90C4.1,-0.05049980897581614
SNAPC5,-0.050499879148444116
RP11-21C4.1,-0.05049992196881765
RP11-242F24.1,-0.050500538309987776
FAM3D-AS1,-0.05050255647222558
RP11-503P10.1,-0.05050392238106409
RP11-120K19.4,-0.05050444794963958
TPBGL,-0.05050573494380964
RP11-439H8.4,-0.05050721268530137
RP11-605B16.1,-0.05050911728063938
RP11-493L12.5,-0.05050913737265929
CTD-2566J3.1,-0.05051228088421098
RP11-383M4.6,-0.05051812937197876
TRBV5-6,-0.05051990467729517
LINC00200,-0.05053235078706929
BACH1-IT2,-0.050538188778122876
MIR646HG,-0.050538607577187644
CDC42BPG,-0.05054192877812288
RP11-706P11.2,-0.050545321831723354
HCFC1-AS1,-0.05055220416259616
UBR1,-0.05055325283895706
RP11-408N14.1,-0.05055684776371649
PYM1,-0.05055950357306038
IGFBP7-AS1,-0.05056039877812288
LINC00441,-0.05056081115294111
KBTBD11-OT1,-0.0505629158769723
RP11-6D1.3,-0.05056790468450957
CTD-3064H18.4,-0.05056809711029063
RP11-923I11.4,-0.0505690742723478
CTB-32O4.3,-0.05057194500884209
RP11-137H2.4,-0.050574045381742934
TRBV2,-0.05057407883723032
RP13-638C3.4,-0.05057619611438891
SLC16A13,-0.05058826082532339
RP11-403I13.5,-0.0505900801571999
RP11-216N14.9,-0.05059025027335818
RP11-789C2.1,-0.05059027444452548
AC007163.6,-0.05059131122678469
RP11-21L1.1,-0.0505935769344909
RP3-355L5.5,-0.050593996884165826
AC145343.2,-0.05059857380105047
ADAM29,-0.05059911631253318
RP11-383J24.1,-0.05060206937844322
RP11-982M15.6,-0.050603386248108034
MT1B,-0.05060571199617414
AL022578.1,-0.05060848810996603
C6ORF47-AS1,-0.05060930555760299
RP11-1007O24.2,-0.050613179088162194
RP11-679B19.1,-0.050613444964871586
RP4-657D16.6,-0.050614707888337385
CTB-102L5.4,-0.050616563204764334
RP11-20I20.2,-0.05061867079329892
PIH1D2,-0.050621190598649946
BOC,-0.050621449076236114
CDH16,-0.05062426048429211
LINC01597,-0.05062746571725339
VSTM2B,-0.05062755917770706
SERPINB11,-0.050627633422830116
AC145212.2,-0.05063029277812288
SDK1,-0.0506319440611947
GS1-114I9.3,-0.05063400331134629
RP11-439E19.9,-0.05063640977847754
AMY2B,-0.050642967216522505
RP11-561P12.5,-0.05064690618683995
AP000487.6,-0.05064987876324174
RP11-302M6.5,-0.05065082527073915
GSG2,-0.050651569721566814
RP11-10K16.1,-0.050652530667180055
RP11-755F10.1,-0.050653261646096286
LRRC56,-0.05065627789018785
TCF24,-0.050661556136022086
RP11-932O9.8,-0.05066382734796836
RP11-173P15.10,-0.050665423789797
LINC01545,-0.050668555570320295
ARNTL2,-0.05067257852523804
RP11-161H23.9,-0.05067296362468225
RP11-762E8.1,-0.05067299045327606
TMEM52,-0.05067750877812288
RP11-775D22.2,-0.0506784899346123
ASPSCR1,-0.050682382731102316
RP11-1228E12.1,-0.05068661601962669
TMEM40,-0.05068871619885905
RP11-778D9.12,-0.05068923093313493
PAM16,-0.050690493188511765
RBL1,-0.050693980819990436
AC073641.2,-0.050694706284000926
USP12,-0.0506952712045215
CH17-262H11.1,-0.05069620899103735
AC110615.1,-0.050699128713090305
FAM57B,-0.05070116300414508
RP11-96H19.1,-0.05070705315189232
AC003084.2,-0.05071160034556646
RP11-290H9.5,-0.05071274590775583
CTD-2623N2.11,-0.0507139465656857
CTD-2162K18.3,-0.050713994565767334
ZNF670-ZNF695,-0.05071449573098842
RP11-304F15.3,-0.050716565495105594
RP11-654D12.3,-0.05072691981571445
RP11-536G4.2,-0.050726964419702786
AP000223.42,-0.05073114862030808
RP11-326C3.12,-0.050735879196423916
CTD-3126B10.4,-0.05073647236434378
MROH9,-0.05073824552320376
BMS1P14,-0.05073982262341934
LINC00092,-0.05074125793106536
AC002076.10,-0.050741398464048404
AC240274.1,-0.05074207805217655
DLGAP4-AS1,-0.05074450073737188
RP11-168F9.2,-0.05074608362317425
RP11-95I16.4,-0.05074684055490321
ECHDC1,-0.05074771218724661
RP11-130L8.2,-0.05074821912877203
RP11-762I7.5,-0.050748357203223446
AF131217.1,-0.050750189600511794
RP11-895M11.3,-0.05075277616032568
RP11-138I18.1,-0.05075536839785484
CTD-2026K11.3,-0.0507582577257822
RP11-78B10.2,-0.05076666993128084
RP11-154H23.3,-0.050767305658448045
IGHV2-5,-0.05076895600015386
LINC00159,-0.050769065955830556
GPR174,-0.05077811304412118
DLGAP1-AS5,-0.05077847522773728
CTB-75G16.3,-0.05078044422884656
UNQ6494,-0.05078079032397238
RP11-674P19.2,-0.05078332377812288
TM4SF20,-0.05078715309615069
LRRC15,-0.05079223739254337
RP11-572M11.4,-0.05079379858515201
HR,-0.05079879648207467
LINC00282,-0.0507996244402176
LINC01624,-0.05080015371444757
RP11-379F4.7,-0.050801783987737076
RP11-119B16.2,-0.05080305116232935
RP11-460I13.2,-0.050803065041247826
RP11-345F18.1,-0.050803560094927244
RP3-446N13.5,-0.050804035094927244
RP11-437J19.1,-0.05080457909492724
LINC01276,-0.05080461809492724
AC005339.2,-0.05080618277812288
HIST4H4,-0.050810311055948604
RP11-77K12.9,-0.05081038431870272
SPTY2D1-AS1,-0.05081150177812288
RP13-297E16.4,-0.05081738611310581
LINC00278,-0.05081852229231348
RP4-803J11.2,-0.05081944744949571
NPIPB11,-0.05082495305042173
CTD-2118P12.1,-0.05082799028790621
USP8,-0.050830281246015185
RP11-1277A3.3,-0.05084608415443567
RNASE13,-0.05085044295462511
HCG17,-0.050853503780983154
RP11-227D13.5,-0.05085370352341365
RP11-239E10.2,-0.05085768958813344
ARMC12,-0.050860253837340774
RP11-256I23.1,-0.05086121800650206
RP11-195B17.1,-0.05086764923480363
CTD-3037G24.4,-0.050874518818927794
RP11-574K11.5,-0.05087573568485243
IGLV5-52,-0.050881486608858245
TTLL10-AS1,-0.050892036620478295
LCNL1,-0.05089408418005541
TMEM238,-0.05089830477812288
AC000032.2,-0.05090055280072353
RP11-500G10.5,-0.05090526807217238
RP11-580I16.2,-0.05091016677812288
AF011889.5,-0.05091687945637074
LSM10,-0.05092255803246559
RP11-421F16.3,-0.05092939368048359
RP11-818F20.5,-0.05093267552758429
CH507-9B2.8,-0.050932700103536205
TMEM80,-0.05093345436760349
RP11-22A3.2,-0.05093536266859622
P3H2-AS1,-0.0509383391789564
RP13-192B19.2,-0.050939364442969745
USP3-AS1,-0.05093974877812288
LINC01264,-0.050942869061130575
C17ORF99,-0.05094596128064603
RP11-28G8.1,-0.05094889037449388
ZNF486,-0.05095119159373845
ARHGAP5,-0.050953009563597385
SLC26A1,-0.05095724277812288
RP11-180C1.1,-0.05096379811365785
RP11-45A17.4,-0.0509644327783487
C8ORF86,-0.0509660497446645
DLG1,-0.05096796485283983
FAM50A,-0.05097289034569774
RP11-216B9.6,-0.050975992778122876
RP11-10J21.3,-0.050976762989949825
AC144836.1,-0.050977624357075285
AC002456.2,-0.05097783582958428
RP13-580B18.4,-0.050979435221297165
AC114803.3,-0.05097999480423292
LINC01393,-0.05098073592174386
LRPPRC,-0.050981219987439985
KDM5D,-0.050981436473945485
RP11-304L19.2,-0.05098481465580794
RP11-475I24.3,-0.050986443518453904
RP11-82O19.1,-0.05098754936737352
RP11-679C8.2,-0.050991611331646175
RP11-474C8.8,-0.0509935886360723
AC114730.7,-0.050994189734508054
RP11-382A20.4,-0.05099466802556218
RIMS3,-0.05099522907467921
RP5-1180E21.4,-0.05099669729819019
RP11-295P9.12,-0.05099994165811268
RP11-90K6.1,-0.0510002932696004
JAZF1-AS1,-0.05100087146652928
TRBV27,-0.051016019806888024
RP13-314C10.5,-0.051016194052845354
AC004449.6,-0.05101715341593048
OGFRP1,-0.05101758407813071
HAR1B,-0.05101935630749381
RP11-167N5.5,-0.051021752082580765
RP11-227G15.10,-0.051022105404098864
AC011747.3,-0.05102597480725514
RP11-964E11.2,-0.05102756556267962
LRP4-AS1,-0.051028723121561995
HMCN2,-0.05102931744593012
CLEC18A,-0.05102984248631841
LINC01482,-0.05103512620527921
AC112721.1,-0.05103830003811755
RP11-152N13.16,-0.051042712778122876
RP11-1143G9.5,-0.05104322971935749
RP11-479O9.4,-0.05104668600697336
CTD-3110H11.1,-0.051048640083958874
KB-1460A1.3,-0.05104893975063904
RP11-157J24.2,-0.05105312359062085
AC139099.5,-0.0510545603975638
C14ORF105,-0.051055973139424865
RP11-10A14.9,-0.05105678496899748
AC093110.3,-0.051063599063519934
TNFSF18,-0.051063663660867564
RP11-401F2.3,-0.05106456848507303
RP4-671O14.7,-0.05106824795655496
RP11-890B15.2,-0.051070292118032386
RP1-228P16.5,-0.051070416523872085
TBC1D3D,-0.05107140931951397
RP11-343J3.2,-0.05107286879717518
RP11-74E22.5,-0.05107491229228937
LLNLR-284B4.1,-0.051079506434895006
DDIAS,-0.05108146797401153
RP11-49I4.3,-0.051091311061481785
RP11-130L8.1,-0.051104691032388246
CTB-129P6.4,-0.05110549077812288
CTC-246B18.10,-0.05110565074573825
FARSA,-0.05111352135462027
ZNF841,-0.051116019171938816
RP11-626G11.6,-0.05111659277812288
RP11-762H8.1,-0.051116828893644106
PLA2G4E-AS1,-0.05111840711298965
RP11-256L11.3,-0.05112238877367737
RP11-875O11.1,-0.051123827582484224
RP11-798L4.1,-0.05112479013374234
RP11-295H24.4,-0.051128108067660966
TMEM92,-0.051131595467652044
AC104654.1,-0.05113320890412378
LENG8-AS1,-0.05113334025004719
COBL,-0.05113652266838731
MCF2L2,-0.051138104851278975
CTB-58E17.3,-0.05113967337843174
RP11-114H24.6,-0.05114045184959155
RP11-336K24.5,-0.05114313933091143
RP1-292L20.3,-0.05114450641461675
IGHV6-1,-0.05114499115478092
RP5-881L22.5,-0.05114571812395995
RP5-1009E24.8,-0.05114686880788771
RP11-996F15.4,-0.05114907194674509
ZNF285,-0.05115343177812288
RP4-710M16.2,-0.05115422990736984
ZBTB34,-0.05115494397700136
RP11-130C19.3,-0.051156261582735035
RP11-348N5.9,-0.05115881635350025
NPHP3-ACAD11,-0.05116214176266565
RP11-95P2.3,-0.0511678662157809
EPHX3,-0.05117609874210312
AC013463.2,-0.051176360778122876
RP11-110I1.6,-0.05117951068388785
OR7D2,-0.05118423534093855
RP11-435O5.2,-0.05118624812702631
SMCR2,-0.051189577315828544
RP11-923I11.3,-0.05118973094325563
ANKRD18B,-0.051197540411550266
FSIP2-AS1,-0.05119887574472297
LRRC20,-0.051200537259536355
RP11-268F1.3,-0.051202860800930824
ROR1-AS1,-0.05120838197372304
ICMT,-0.05121516941031501
RP4-712E4.1,-0.05122061001311566
MORF4L2-AS1,-0.05122062349331915
C11ORF16,-0.05122776986711098
CTD-2256P15.1,-0.051229144749789894
RP1-234P15.4,-0.05123055432291057
RP11-1000B6.8,-0.05123060077812288
PRTG,-0.05123086503412137
CBARP,-0.05123395377812288
ALPK2,-0.05123504019108795
TRAF3IP1,-0.051235095030734756
RP13-514E23.2,-0.05124215498614505
RP5-956O18.3,-0.05124446648032484
PRR14L,-0.05124673646440453
MID1IP1-AS1,-0.05124719099180336
CCDC150,-0.051249020784693136
MIR325HG,-0.051250272600846726
AC010967.2,-0.051252191561282925
RP13-270P17.1,-0.05125774267649756
C22ORF34,-0.05125968789745686
CALCOCO1,-0.051268030631589134
AC004158.3,-0.051272082063070205
TRBV24-1,-0.05127260249404496
RP1-20C7.6,-0.051273077512649576
RP11-15M15.1,-0.05127647584442033
AC091133.1,-0.0512834239588099
RP11-455F5.4,-0.051283792195989
CTD-3224I3.3,-0.051285779642101
RP11-350N15.6,-0.05128647277812288
RP5-940J5.3,-0.0512880724749948
LINC00643,-0.051289091802584105
ERH,-0.05128919304964752
RP5-1066H13.4,-0.05128932124497894
RP11-267M23.4,-0.051289336820901976
XXBAC-BPG157A10.21,-0.05129562277812288
AF131215.8,-0.05129842874496744
RP11-563J2.2,-0.05129917577812288
RP11-617F23.1,-0.05130502077812288
CH507-9B2.3,-0.05130528941254992
RP5-1142A6.2,-0.05130570338967369
RP5-1068H6.6,-0.05130703966081309
RP11-849F2.9,-0.05130740177812288
C9ORF147,-0.0513130580046774
RP11-254F7.4,-0.05131325627375777
RP11-643M14.1,-0.05131401045523208
AC099552.4,-0.051315099965247586
LL0XNC01-7P3.1,-0.05131748021496607
LINC00539,-0.0513220490322493
RP11-74J13.8,-0.05132619945075309
TBCC,-0.051326391307149666
RP1-212P9.3,-0.05132732564233454
SLC4A10,-0.051327919415856335
RP11-575L7.4,-0.0513318963880011
RP11-444D3.1,-0.05133502975414328
CTC-529I10.2,-0.051338910367234716
RP11-840I19.5,-0.05134069876608577
TAS2R20,-0.051342328138434395
AC007182.6,-0.05134237477812288
RP5-827C21.6,-0.05134895240031415
RAD21-AS1,-0.05134899047492813
AMIGO3,-0.05135050121772862
RP1-168L15.5,-0.05135996900920459
IGLV3-25,-0.05136036461290763
LINC01250,-0.05136113287986044
RP1-16A9.1,-0.05136182847716317
MANEA-AS1,-0.051362679758573476
AC079807.2,-0.05136483877812288
RP11-283G6.3,-0.05136485877812288
AP001059.5,-0.051367740672139936
AC092415.1,-0.051368218235380535
SERPINA11,-0.05137197563040141
RP11-687D19.1,-0.05137518802632518
RP11-347I19.7,-0.051377740741750944
PLPP4,-0.051382301804498764
RP11-930P14.2,-0.05138416877812288
RP5-875O13.1,-0.05138688476677428
AC005330.2,-0.0513872335515185
RP11-552F3.9,-0.05138832200707865
RP11-800A3.2,-0.05139251989991976
RP11-446J8.1,-0.051393845707184846
RP11-611O2.1,-0.05139446877812288
ABCC5-AS1,-0.05139783717692872
CTD-2555O16.2,-0.05139995669065937
CTD-2369P2.10,-0.051403562993625834
ARFGEF3,-0.051403726560799445
PROX1,-0.051407815758244046
LRRTM3,-0.05141040939271535
CCDC148,-0.05141197251362414
LINC00589,-0.05141388529774131
HIST1H2AD,-0.05141401530394607
RP11-175P13.2,-0.05141963758817699
CTC-453G23.8,-0.051424054079733696
RP1-140A9.1,-0.05142422987142937
AC006946.17,-0.051424257816428225
CTC-338M12.6,-0.051426711088905244
HCG20,-0.051431488778122876
SPACA6P-AS,-0.0514371842326203
SNHG24,-0.05144110095889892
OTOS,-0.05144137576568289
RP11-603J24.14,-0.051444430738072665
RP11-61G19.2,-0.05144553125834344
RP11-495P10.1,-0.05145300809345427
RP11-290D2.3,-0.05145813219183999
RP3-508I15.21,-0.051461643461387284
RP11-554A11.7,-0.05146409762680834
ANXA13,-0.05146416259985387
RP11-515O17.2,-0.05146579018956779
LINC01227,-0.05146596226380838
RP11-15L13.4,-0.051466144424044305
C17ORF53,-0.05146671210248717
RP11-36B6.1,-0.051467541990882174
RP11-1348G14.4,-0.05146864743957596
CH507-154B10.2,-0.05146991917935531
RP11-732A21.3,-0.0514704786321867
HES7,-0.051472226219515936
RP11-379K17.4,-0.05147932909980908
RP11-359M6.1,-0.0514808146050579
RP11-707A18.1,-0.05148292697688983
CTC-297N7.9,-0.051483560858051225
RP11-758P17.2,-0.051484619996381625
RP11-679B17.2,-0.05148783883186055
RP11-793H13.10,-0.05149441477812288
SMC5-AS1,-0.05149524877812288
RP5-1112D6.7,-0.05149717577812288
AC083843.2,-0.051497283778122876
CTD-2309O5.3,-0.05149780266404392
CCDC153,-0.05149843261495613
IGLC4,-0.051501041549211576
AP000320.6,-0.051502119238157826
SAMD15,-0.05150239216323907
HORMAD2-AS1,-0.051505099425938866
RP11-160H22.5,-0.05150581863386379
ZBTB49,-0.05150883434920411
RP11-304M2.5,-0.051509029624650704
CTD-2012J19.3,-0.051510808823798195
RP11-849F2.7,-0.05151351025852463
BHLHE40-AS1,-0.051515615770724166
AC062029.1,-0.05151590526927424
RP11-518L10.5,-0.05151799047524597
RNASEH2B-AS1,-0.05151895377812288
CTC-524C5.5,-0.051521862947462194
RP11-104N10.1,-0.05152403067329628
RP11-927P21.1,-0.05152627877812288
JADRR,-0.05153194123888162
YTHDF3-AS1,-0.051534489809700476
RP11-626K17.3,-0.051545313265373684
AC009133.15,-0.05154808637715769
TMEM253,-0.05154888078731025
AC002310.12,-0.051552262139812746
RP3-508I15.19,-0.051554158466530095
CUX2,-0.05155679763275255
AC010746.3,-0.05155729581287266
RP11-22A3.1,-0.05155937760451957
LINGO3,-0.051559971416465566
AC112721.2,-0.05156004870049254
RP11-634H22.1,-0.05156014354801235
RP11-773H22.4,-0.05156202388801778
GS1-57L11.1,-0.051562264193896104
RP11-395N3.2,-0.05156271705450731
AZGP1,-0.051563627066165574
RP11-603J24.21,-0.05156375067378975
LINC01031,-0.051566241966838774
BTBD11,-0.05156950877812288
CNIH4,-0.0515768371048787
SMPD5,-0.051580904778122875
ATP2A1-AS1,-0.05158312877812288
RP11-188D8.1,-0.051583515192678356
MRGPRF-AS1,-0.051583948778122876
RP11-510J16.5,-0.05158474328665556
LINC01311,-0.05158811377812288
LINC01376,-0.05158871938782829
RP11-456O19.2,-0.05159488249878001
ABCC12,-0.05159518715661279
AC107218.3,-0.051595828001195394
TCERG1L-AS1,-0.05159701675295821
BCLAF1,-0.05160159643256457
CTD-2325P2.3,-0.051601739782171585
ARHGAP40,-0.05160253679678094
BTBD8,-0.05160300377812288
RP11-849F2.5,-0.051605766591032
XXBAC-BPGBPG55C20.1,-0.051610337271331214
RP11-502H18.2,-0.051610491283040835
LINC00630,-0.05161283997532738
KRTAP4-11,-0.05161396877812288
SLC25A38,-0.05161458224999771
LINC00637,-0.05161932279894543
AC008073.9,-0.051622350768447324
AP001437.1,-0.05162256477812288
RP11-299J3.8,-0.05162813430039524
RP11-284F21.7,-0.051639623711547594
RP11-98D18.9,-0.05164297877812288
PYGL,-0.05164686483586245
RP11-63A1.1,-0.05164838147931358
LINC00941,-0.051651208778122876
SYT8,-0.05165160688029779
KB-1615E4.3,-0.05165250939114048
LINC00853,-0.051656944487436934
FLJ42969,-0.051658790983794306
RP11-366L20.2,-0.05166055877812288
C17ORF77,-0.05166131307008567
CTB-50L17.16,-0.05166829085781098
LINC00434,-0.05166863951279027
RP1-45N11.1,-0.051670423289604195
HADH,-0.05167800613059803
CTB-31O20.9,-0.05167897782972672
PRKAR2A-AS1,-0.05168501685358811
LINC01152,-0.05168561295932807
AGBL1,-0.051688237854417673
RP11-603J24.4,-0.05168971858110363
AC009120.11,-0.05169151877812288
RP11-697E2.11,-0.05169212568619552
ALG1L2,-0.05169440377812288
ARHGAP19-SLIT1,-0.051697857319096596
AC007228.11,-0.05170422377812288
AC073072.5,-0.051704640795108
ERICH2,-0.051706469704413956
RP11-686G8.5,-0.0517073872157779
TTC16,-0.05171059377812288
RP11-266K4.9,-0.05171216361208941
RP11-520A21.1,-0.05171763077812288
CTD-2506P8.6,-0.05172003462691055
RP11-483F11.7,-0.05172006333107066
RP11-85B7.4,-0.051721029703687554
CTB-58E17.5,-0.05172477887188681
ARHGAP11B,-0.05172742492552079
LINC01436,-0.05172931492294844
CTC-429P9.1,-0.05173043252665698
RP11-403P17.6,-0.05173063315005337
CTD-2162K18.4,-0.05174522551025824
FOXD2,-0.05175036477812288
CLDND1,-0.05175214067449452
RP11-307C19.1,-0.0517523572199825
CTB-41I6.2,-0.05175261477812288
LINC01212,-0.05175618975763163
ST3GAL4,-0.05176304761361089
IGHV4-34,-0.05176311047450288
ANKEF1,-0.05176321443200915
RP11-366L5.1,-0.05176364506617971
CTD-2528L19.4,-0.051763870380427734
RP11-370A5.1,-0.051767468778122876
RP11-97C16.1,-0.051770465626631
NUBP2,-0.051770808627576936
USP35,-0.05177656273062675
RP11-347C12.11,-0.05178072577812288
C9ORF9,-0.05178626732069218
LINC00381,-0.051788361003011894
SLC26A4-AS1,-0.05178863477812288
RP11-286N22.8,-0.051790042525216504
RP11-620J15.4,-0.05179037077812288
RP4-657D16.3,-0.05179119494987444
RP11-1275H24.3,-0.0517964544431391
RP11-680F20.4,-0.05180353435060237
RP4-798A10.4,-0.051806663494806435
TGFB2-AS1,-0.051810271131353856
SV2C,-0.0518156018469369
RP11-687F6.5,-0.051815829171725725
AC097721.2,-0.051817128778122876
LINC01269,-0.05181900053972989
AJ006998.2,-0.05181916850183495
A.2.1,-0.05183005877812288
SAC3D1,-0.05183323194577055
RP11-313P13.5,-0.05183830847831987
ZNF572,-0.05183970077812288
RP11-477D19.2,-0.05184048727888839
LA16C-431H6.6,-0.051841472040214075
RP11-94I2.4,-0.051844057013456096
MFAP3L,-0.051844402778122876
AL049794.1,-0.051844956125579905
RP11-344B5.4,-0.051846409969085336
LINC01535,-0.05184909232462691
RP4-736L20.3,-0.05185330599710311
AC011893.3,-0.05185398823206317
TRAV26-1,-0.05186097748688681
RP11-993B23.3,-0.05186211277812288
LINC01366,-0.05186354277812288
EPB41L1,-0.05186718212679198
RP11-160E2.19,-0.051871399568689386
RP1-127D3.4,-0.05187279118265062
FAM132A,-0.05187786268120042
FOXB1,-0.051885651949405934
HIST1H2BF,-0.051889480869296345
PIK3IP1-AS1,-0.051889562057501254
RP11-835E18.5,-0.05189407100157242
RP11-258F1.1,-0.05189637305976031
RP11-66D17.3,-0.05189810979527146
TMLHE-AS1,-0.051900341267590896
KB-173C10.2,-0.051901872619453226
CTD-2310F14.1,-0.05190477877812288
AC145212.4,-0.05190517877812288
TMEM105,-0.05190731877812288
AC005013.5,-0.05191036056693659
RP11-692D12.1,-0.05191185277812288
AC009950.2,-0.05191437849397399
RP11-787I22.3,-0.051915045533952695
CTD-2619J13.14,-0.05191714555059121
RP11-390P24.1,-0.0519179538729298
LINC01608,-0.051922856998045996
OIT3,-0.05192520856272491
RP11-95P13.1,-0.05192691088670349
MSANTD1,-0.05192894377812288
CTD-2006K23.1,-0.05193159182947416
RP11-1C8.5,-0.05193486406616491
RP11-803P9.1,-0.05194035477812288
OVCH2,-0.05194767546338115
TEX22,-0.05195029877812288
RP11-2H3.6,-0.0519528294724629
CTD-2192J16.22,-0.05195297483516476
RP11-863P13.3,-0.051953450324067486
RP11-264B17.4,-0.05195354756479369
ALYREF,-0.051959007610906105
ZNF630,-0.05195983077511497
LRRTM1,-0.05196129794062959
AC091814.3,-0.05196224389022639
RP11-299H21.1,-0.051962281042596675
RP11-326C3.2,-0.05196251421114456
SAP30L-AS1,-0.051963624821071384
RP5-884G6.2,-0.05196933377812288
RP11-180M15.6,-0.051972694876112696
RP11-84A19.2,-0.051974721916042646
AC144652.1,-0.05198201938012554
CTD-3193O13.11,-0.05198251425887465
RP11-324I22.4,-0.05198848667303508
RP5-1042K10.10,-0.05198849533114802
RP1-80N2.2,-0.05199036877812288
RP11-430H10.1,-0.051994158710437555
CCDC169,-0.05199533895703439
BBOX1-AS1,-0.05200230224117008
CTD-2515H24.2,-0.05200304415264685
LINC01134,-0.05200309177812288
RP11-279O9.4,-0.05200449004056123
RP11-3P17.5,-0.052011041994385464
CTC-492K19.7,-0.05201141762983806
CTB-83J4.1,-0.05201575808890463
SYT4,-0.05201840107693739
RP1-202O8.3,-0.052019855761204596
RP11-307C12.11,-0.052022385778122876
LINC00691,-0.05202380477812288
THG1L,-0.0520238196590711
RP11-598F7.4,-0.05202519036884141
RP1-40E16.11,-0.05202724905208511
CTD-2349P21.11,-0.05202823272990484
CTD-2334D19.1,-0.05202875877812288
RP11-44F21.3,-0.052030476458634164
SLN,-0.05203049899306289
AC007099.1,-0.052034430567023365
CTD-2666L21.1,-0.05203503320469767
GVQW1,-0.05203611875929032
AC006116.17,-0.05203981609108587
CTD-2325A15.5,-0.052043031172097805
RP11-473C18.3,-0.052047820804533365
RP11-25O10.2,-0.05204789093298719
AF124730.4,-0.052052564913903226
RP13-512J5.1,-0.05205593422513345
LINC01537,-0.0520570910678992
LINC01348,-0.052057269081923506
CFDP1,-0.0520578340657325
DNAJB5-AS1,-0.05205868285558664
RP11-3D4.2,-0.052059713698770334
CFAP57,-0.05206007377812288
EDNRB-AS1,-0.052060725993739405
AC006042.6,-0.052063079938379934
RP11-553A10.1,-0.05206496190408833
MESTIT1,-0.05206683515631194
LINC00867,-0.05206700486322188
CTD-3035K23.6,-0.052068671778122876
SLC5A4,-0.05206993177812288
RP11-286O18.1,-0.05207102703067307
TMEM72-AS1,-0.052072567512553146
KCNC4-AS1,-0.05207588477812288
ANKRD6,-0.05208061411518666
TH2LCRR,-0.052081345813779344
RP11-347C12.3,-0.05208473473641528
RP11-472G21.2,-0.05208909203595982
AC007349.5,-0.052089859157188154
RP11-783K16.13,-0.052091538854304675
DEK,-0.05209227479588019
IGHV3-23,-0.05209247461577186
RP11-321E2.3,-0.05209358877812288
RP11-498C9.2,-0.052093691778122876
CH17-360D5.2,-0.05209614129203703
RP11-861E21.2,-0.05209810177812288
RP11-275I4.1,-0.0520983237234597
RP11-401O9.3,-0.05209879877812288
RP11-593F23.1,-0.05209909875487605
A.1,-0.05210267134906915
KCNH4,-0.052102833789501354
ANKRD33,-0.052108431105090114
RP11-327F22.2,-0.05211069028504673
RP11-330A16.1,-0.0521131444501661
AC113404.1,-0.052115001075465794
RP3-461P17.10,-0.052115680839321714
EPS8L3,-0.052121352303372157
RP11-2B6.3,-0.0521216810558538
TMEM171,-0.052121876778122876
CSE1L-AS1,-0.052128973403617135
CDKN2B-AS1,-0.05213503877812288
SEPT7-AS1,-0.05213505677812288
LINC01431,-0.05213600875078711
RP11-369K17.1,-0.05213894665566664
LA16C-360H6.3,-0.05214084605947735
RP11-523H24.3,-0.052144579238184975
CTA-339C12.1,-0.05215061220365433
ATP13A5,-0.052151171418882494
RP11-24C3.2,-0.052152233334233605
AC104532.4,-0.05215881137155405
RP3-395M20.2,-0.052160049082977486
AC110769.3,-0.05216343138204345
LINC00449,-0.05216546877812288
SREBF2,-0.052165491764186944
AC116609.1,-0.05216630883895807
RP11-378J18.9,-0.052168147042626886
MIRLET7DHG,-0.052168905500748125
HIST1H2AL,-0.05217248811511899
SEC14L6,-0.05217725275777434
FAM25A,-0.052180764459139814
CTD-2199O4.1,-0.05218118367241288
VWA8-AS1,-0.05218561760883362
CTC-453G23.4,-0.052189059874311765
TMEM169,-0.052192538778122875
AC079466.1,-0.05219396759426367
RP11-92F20.1,-0.052196116033945424
RP11-426C22.7,-0.05219710877812288
RP1-90J20.8,-0.05219714712811618
ZNF286A,-0.05219722662532451
RP11-532F6.4,-0.05219986238301828
Z82214.3,-0.05220123069699024
KB-1254G8.1,-0.052202602343543535
PDE6H,-0.05220276412851743
TRGV8,-0.052206735084080996
HIST1H1A,-0.05220740291175434
U47924.29,-0.052211092358890876
RP11-84D1.2,-0.05221267924196317
CTA-286B10.7,-0.05221313439779223
RP1-27K12.2,-0.052219438478535156
T,-0.052220147969024924
RP11-171I2.5,-0.052220207903810587
HIST1H4J,-0.05222179830598302
RP11-716O23.1,-0.05222204405553932
AC096558.1,-0.05223087036835327
LINC00222,-0.05223199766208961
RP1-137D17.1,-0.05224419877812288
RP11-46D6.1,-0.052246572835214763
AC002480.2,-0.052247831104635004
RP3-467K16.2,-0.05224941177812288
AC002550.6,-0.05224968877812288
PGLYRP4,-0.05225250580408552
TRIM15,-0.05225251205403349
APBB2,-0.05225419090807698
RP11-418H16.1,-0.0522586850011346
RP11-950C14.3,-0.05225927277812288
GRIK1-AS1,-0.052261548366655676
C3ORF84,-0.052262868273366236
FAM74A6,-0.05226455177812288
AC145110.1,-0.052264964778122876
RP5-1170K4.7,-0.05226535043630026
CTC-203F4.2,-0.05226570677812288
FAF2,-0.05226864367576267
LINC00384,-0.05226877740752013
RP11-563J2.3,-0.05226958477812288
RP11-214K3.24,-0.05227175865010952
SSBP3-AS1,-0.05227594877812288
AC008781.7,-0.05227745587146958
RP11-234G16.5,-0.05227971802698653
RP11-31F15.2,-0.05228252413605458
RP11-440D17.3,-0.05228301042073282
SEZ6,-0.052287116067306724
RP11-54C4.3,-0.05229241877812288
ALKBH3-AS1,-0.05229316783673659
FAM160B2,-0.05229325023053222
AC008753.6,-0.052293333778122876
AC116614.1,-0.052296038563519005
RP11-220I1.2,-0.052299631264676856
RP11-440L14.1,-0.05230001693707779
PRDM11,-0.05230324086855817
AC003991.3,-0.05230740377812288
RP11-63M22.2,-0.05231052877812288
RP11-761N21.1,-0.052310669469550944
RP11-245J9.5,-0.052313345778122876
MAST4-AS1,-0.05231409877812288
CLDN10-AS1,-0.05231543601419203
RP11-83N9.6,-0.05231604168139913
HIST3H2BB,-0.05231695577812288
TRIML2,-0.05231712185843317
CCDC33,-0.05231751548382049
OVCH1-AS1,-0.052319953306575365
SNHG22,-0.05232019277812288
LINC00683,-0.052321577590915255
LINC00958,-0.05232186750757388
RP5-1029F21.3,-0.0523232375999207
RP11-893F2.13,-0.05232642568859585
RP4-669P10.20,-0.05232688699718048
FAM228A,-0.05232747577812288
RP11-80H5.7,-0.05232803724736403
LINC01266,-0.052328158790793236
RP11-230C9.2,-0.05233152077812288
RP11-467C18.1,-0.052337218778122876
XXBAC-BPG294E21.9,-0.05234187877812288
RP11-521D12.5,-0.05234262677812288
RP11-644N4.1,-0.05234293177812288
RP11-413H22.3,-0.05234562795280295
RP11-401P9.6,-0.0523467308422697
RP1-12G14.7,-0.05234922072993487
RP11-249C24.10,-0.052349574502205856
TAF1A-AS1,-0.052355521494834176
LINC00599,-0.05235806102117464
RP11-737O24.5,-0.05235813100943289
CTD-2201E18.5,-0.05236002299506234
LINC01372,-0.05236751483137938
RP11-282I1.1,-0.05236752596016166
RP11-542B15.1,-0.05236924877812288
RP11-283G6.5,-0.05237063277812288
RP13-20L14.6,-0.05237101677812288
LINC01087,-0.05237512066219651
RP11-173D3.1,-0.052377759577600574
RP11-783K16.14,-0.05237877877812288
AC005256.1,-0.05237889877812288
SPATA41,-0.05238012347223947
MTRNR2L3,-0.052380746378226054
AC019117.2,-0.05238365355370216
AC012442.6,-0.05238648358133127
RP11-264B17.5,-0.05238720213202433
RP11-862L9.3,-0.05238759132504134
RP11-650P15.1,-0.05239046787297641
LINC00992,-0.05239151927838774
RP11-79P5.9,-0.052391947574754
CCDC168,-0.05239394877812288
RP11-433J8.1,-0.05239552147620679
RP11-351I24.1,-0.05239981476157226
RP1-97J1.2,-0.05240050309437242
AC002550.5,-0.052401365081862286
RP11-1055B8.10,-0.05240264711241896
LINCR-0001,-0.052403099430255756
RP11-227D13.1,-0.05240411278207492
RP11-169K17.3,-0.05240614277812288
AC004510.3,-0.05240646677812288
ZC3HC1,-0.0524073927795628
ZFP69B,-0.05240781277992382
RP4-781K5.2,-0.05240864934672034
RP11-240G22.5,-0.05240970348621585
AC021188.4,-0.05241010577812288
RP5-1125A11.7,-0.05241048577812288
RP3-455J7.4,-0.05241571468700837
SHARPIN,-0.052420934962323695
AC004067.5,-0.05242125877812288
RP11-550A5.2,-0.05242348099948998
CTC-436P18.1,-0.052424394272878996
TCF23,-0.05242507477812288
CTD-2358C21.3,-0.05242667452388389
RP11-452L6.1,-0.052427791175155766
RP11-1101H11.1,-0.052428685249554345
BX470102.3,-0.05243133487368806
LINC00298,-0.052432470224671485
RP11-379C10.4,-0.05243510453126066
AC005253.4,-0.052435952681105825
HMHB1,-0.05244321877812288
RUVBL1-AS1,-0.052443747243447573
RP11-863P13.4,-0.05244928025037593
RP11-6N17.2,-0.05244941577812288
CASC21,-0.05244942277812288
TRBV30,-0.052457048547104534
RP1-151F17.2,-0.05246315126459303
RP5-902P8.10,-0.05246454877812288
AC007064.24,-0.05246571966642616
RP5-940J5.6,-0.052466056778122876
TTC34,-0.05246654264467607
RP11-325N19.3,-0.052467388778122875
RP11-219D15.3,-0.05246789877812288
LINC00890,-0.05247513923785678
CTC-487M23.8,-0.05247582877812288
AF146191.4,-0.05247910577812288
RP5-966M1.6,-0.05248013877812288
RP11-268G13.1,-0.052480364083981004
AC006460.2,-0.05248136230145112
ZNF132,-0.05248203565864479
RP11-138B4.1,-0.05248474908406358
ZNF484,-0.052495215997148535
RP11-247A12.2,-0.052495891910290055
LINC00621,-0.05249667585508799
ARMCX3-AS1,-0.05249834877812288
RP11-867G23.4,-0.05250060477812288
CTC-250I14.6,-0.05250414991898649
TRGV9,-0.05250616877812288
XPO4,-0.05250784996828223
CTC-350I8.1,-0.05250838277812288
ZRSR1,-0.05250945290854428
CTD-2588C8.8,-0.052510798778122876
CACNA1F,-0.052511758250599616
AC006277.2,-0.052513132778122876
RP11-95I16.6,-0.05251378113077622
C10ORF105,-0.0525171492789636
RP11-744K17.1,-0.05251789546689748
RP11-680F20.9,-0.05251902277812288
GS1-393G12.13,-0.052519424627012735
XXYAC-YM21GA2.7,-0.05252037556699455
RP11-21K12.3,-0.05252162215084891
RP11-3P17.4,-0.05252208077812288
RP11-332K15.1,-0.05252284514066262
SMIM11B,-0.05252936738396703
RP11-466A19.3,-0.052531700371196116
ADAL,-0.05253552848726417
RP11-56D16.8,-0.052538116632518346
RP11-508N22.12,-0.05254023877812288
CRTC3-AS1,-0.052540709648874334
RP11-469H8.6,-0.05254227727351809
KDM4A-AS1,-0.05254428217808684
AC005616.2,-0.052545352778122875
RP11-300J18.2,-0.05254620379419993
RP11-474P2.6,-0.052550314949876234
EZR-AS1,-0.0525504017415722
RP5-1115A15.1,-0.05255059477812288
RP11-78I14.1,-0.0525567775673096
ZNRF3-AS1,-0.05255679793718726
ST6GAL2,-0.05256575663430213
RP11-505K9.4,-0.05256619177812288
LINC01138,-0.052567875153087106
RP11-111A21.1,-0.05257000040492579
RP11-329B9.3,-0.05257284877812288
RP11-150D20.5,-0.05257374222261081
C21ORF62-AS1,-0.05257422173105809
RP5-965G21.6,-0.05257545906022891
AP000695.4,-0.05258302780250053
XXBAC-B444P24.14,-0.05258414477812288
AC004540.5,-0.05258555504080584
RP11-78F17.1,-0.052590135285460415
AC004237.1,-0.05259136465860517
AP001059.6,-0.05259372777210987
RP11-480C16.1,-0.05259408673095435
ARID3B,-0.05259480873292971
TGM7,-0.05259515495608595
CTD-2140B24.6,-0.052595389965246736
AF011889.2,-0.05260292877812288
C1ORF143,-0.05260361579461008
CPEB1-AS1,-0.052604460689153365
TFB2M,-0.052604786114923696
CTB-179K24.3,-0.052605798186339356
CTB-161M19.4,-0.05260743477812288
CH17-264L24.1,-0.05261103795088916
FAM87A,-0.05261595077812288
AC005264.2,-0.052617817440252054
RP11-169E6.1,-0.052622421975826617
LLNLR-284B4.2,-0.05262337877812288
RP6-109B7.5,-0.05262903928139073
RP11-147L13.11,-0.05262946481212573
CPO,-0.05262946577812288
LL21NC02-1C16.2,-0.05263408225373006
CTD-2008L17.2,-0.05263426587303327
RP11-178L8.3,-0.05263621529768031
RP11-341G23.4,-0.05263670477812288
CTD-2568A17.1,-0.05263741877812288
CTD-2129N1.1,-0.05264113474021959
AC097662.2,-0.0526471969943953
RP11-415J8.7,-0.05264798756990523
RP11-247I13.11,-0.052648032778122876
RP11-531F16.4,-0.05264897577812288
RP13-131K19.7,-0.05265418377812288
RP11-526I2.5,-0.052655534083944425
RP11-673E1.1,-0.05265563718849219
RP11-738E22.3,-0.05266227477812288
RP11-73M18.10,-0.05266284877812288
RP11-542M13.3,-0.052664597345004824
RP11-379F4.6,-0.05266499926379447
AC009505.2,-0.05266630052096691
IGKV3-15,-0.05266674630045151
RP11-534L20.5,-0.05266715177812288
HCG14,-0.052669665778122876
CTD-2139B15.2,-0.052669705842748146
KLHL7-AS1,-0.05267245277812288
LRRC52,-0.05267304289942293
RP11-61O1.2,-0.05267415518338095
LL22NC03-N95F10.1,-0.052675883920869485
LL0XNC01-116E7.2,-0.05267788207880127
RP11-589C21.5,-0.052681996189652365
RP11-11N7.4,-0.05268344877812288
CTD-2639E6.9,-0.05268407319481423
INTS8,-0.052684655733408414
ZNF367,-0.05268539674517929
C14ORF178,-0.05268937277812288
RP11-290F24.6,-0.05268999877812288
RP11-834C11.15,-0.05269196177812288
CTD-2555C10.3,-0.05269224477812288
FAM182B,-0.052692288778122875
AC017002.2,-0.05270047877812288
RP11-401P9.5,-0.05270057334243694
PXMP2,-0.05270118449214828
AC007383.4,-0.052702016778122876
WIPI2,-0.05270453259855268
AC004257.1,-0.05270461277812288
RP11-439M11.1,-0.052706328778122875
AP000962.2,-0.05270925020739665
AC005592.1,-0.05271173279242902
ACVR2B-AS1,-0.05271302063098379
GLIS3-AS1,-0.05271329063846804
DUSP27,-0.052714018516017466
AC016700.2,-0.05271479855521871
RP11-755O11.2,-0.05271749690985321
RP11-20I23.7,-0.05271758089982631
RP11-352D13.5,-0.052720700924973274
CTD-2034I4.2,-0.05272962477812288
RFX4,-0.05273114197405885
MORC3,-0.05273258493710076
AP006216.10,-0.05273322258457301
AL773572.7,-0.05273513476888105
RP11-474N24.6,-0.05273602077812288
RP4-697K14.15,-0.05273618877812288
CTD-2026K11.5,-0.05273650877812288
WWP1,-0.052740756512877685
RP11-222K16.2,-0.05274120992651795
NPIPB6,-0.05274138711387667
RP11-1084E5.1,-0.0527458549348955
RP13-554M15.8,-0.05274662865857346
IGLV1-36,-0.05274748692378892
FAM169A,-0.05274884766644017
RP11-295K2.3,-0.05275120477812288
CCDC175,-0.05275419277812288
CTD-2031P19.5,-0.052757271466684644
CTD-2033C11.1,-0.05275879650644798
IGHV3-74,-0.05276153177812288
RP11-60L3.6,-0.05276179877812288
CTC-366B18.2,-0.05276355877812288
RP3-508I15.22,-0.05277223511080893
RP5-1050D4.2,-0.05277391477812288
RP11-33N14.3,-0.05277736132934814
RP11-430C7.4,-0.05277807577812288
CTA-363E6.7,-0.05277923377812288
BX004987.4,-0.05278256417622
RP11-672L10.6,-0.05279479077812288
RP11-538D16.3,-0.052797093024769134
SUN1,-0.052797208525511063
RP11-111M22.4,-0.05280718877812288
LINC00562,-0.052808303359052566
RP11-374M1.5,-0.05281001877812288
ZNF559-ZNF177,-0.05281098077812288
PTRH1,-0.05281727246272977
C17ORF50,-0.05281738477812288
RP1-30M3.6,-0.05281776477812288
RP11-544I20.2,-0.05281961509350436
RP11-247A12.7,-0.05282161877812288
RP1-278C19.8,-0.05282282743473368
LINC00659,-0.05282773731343762
LINC01351,-0.052827932822426
RP1-197B17.4,-0.05283137277812288
C9ORF170,-0.05283202657645243
AC012368.1,-0.052834625992878366
SCARNA2,-0.05283514126379802
RP11-60I3.4,-0.05283713277812288
SEMA3C,-0.05283887573156715
CASC8,-0.05284186377812288
RP4-625H18.2,-0.0528419514930639
RP11-398H6.1,-0.05284478707551457
RP11-412H8.2,-0.052850078752929894
RP11-266A24.1,-0.05285207477812288
RP11-404F10.2,-0.05285235390935028
RP11-1018N14.5,-0.05285259577812288
RP11-276E17.2,-0.05285366535266353
TNFSF9,-0.05285379767937648
ST8SIA6-AS1,-0.05285429877812288
RP6-91H8.2,-0.052857141842395844
RP11-282O18.7,-0.05286335290762552
RP13-131K19.1,-0.05286428877812288
RP11-446N19.1,-0.05286469190620973
LINC00881,-0.05286501042021969
CTC-546K23.1,-0.05286707277812288
AC004895.4,-0.052867979389096126
NR2C1,-0.05287489894716618
RP11-334J6.7,-0.05287688177812288
RP11-532F6.5,-0.05287697477812288
RP5-1195D24.1,-0.05287888877812288
CCDC60,-0.05288497144795078
RP11-299G20.2,-0.05288526877812288
RP11-373N22.3,-0.05288801804234005
RP11-667K14.4,-0.05288865377812288
RP11-729L2.2,-0.052889650227670316
PROB1,-0.05289292038211576
AC003092.1,-0.05289309377812288
RBM17,-0.052894275897988674
HLA-DQB1-AS1,-0.05289451877812288
RP11-195L15.2,-0.05289564113787369
RP11-274H24.1,-0.052898271778122875
RP4-561L24.3,-0.052900011237270284
RP11-265N6.2,-0.052900365778122876
TRMT10C,-0.05290079225096628
CTD-2653M23.3,-0.05290474877812288
PANX1,-0.052908449302589644
FAM9B,-0.05290862877812288
LINC00598,-0.05290964046481131
CTD-2589H19.6,-0.05290990277812288
AC092652.1,-0.052912218778122876
RP11-20I23.6,-0.05291279273138252
CTD-2135D7.2,-0.05291407877812288
CTD-2245F17.3,-0.052915922778122876
AC079354.5,-0.05291679877812288
RP11-154H23.4,-0.052921770943911386
RP11-61L19.2,-0.052922895778122876
C1ORF101,-0.05292571409930465
STAU2-AS1,-0.05292596875319747
PRR22,-0.0529260321801929
ZNF543,-0.05292637277986147
AC016722.4,-0.05292845614074396
RP11-561O23.5,-0.0529322000337478
RP4-758J18.13,-0.0529323996819228
RP11-286E11.1,-0.05293453377812288
AC093627.9,-0.05293473044023059
RP11-114M1.1,-0.05293761077812288
ARX,-0.05294028559812142
ZNF233,-0.05294031577812288
RP5-1139I1.2,-0.05294264327211775
CD200R1L,-0.052945548069391946
RP4-706G24.1,-0.052949222778122876
RP11-230C9.4,-0.05294922677812288
CTD-2619J13.23,-0.05294985277812288
RP1-93H18.1,-0.05294988003783717
PRRG3,-0.052954794041896305
AC011747.4,-0.052956663118565395
RP11-637A17.2,-0.052956701459040904
STX16-NPEPL1,-0.05295702681042896
RP11-338K17.8,-0.05296209877812288
LYPD8,-0.052963300778122877
RP11-108P20.3,-0.052966130863053074
AP000318.2,-0.05296662490985843
RP11-455F5.6,-0.052967098778122876
AC006262.4,-0.05296950877812288
RP11-513N24.1,-0.05297242327528362
RP13-539J13.1,-0.05297438377812288
LINC01552,-0.052979383903444116
AC009060.3,-0.052980123778122876
CCDC178,-0.05298050853887016
RP11-176N18.2,-0.05298127877812288
RP11-799M12.2,-0.0529823445875716
CTD-3220F14.1,-0.052982798778122876
RP11-165J3.6,-0.052983708778122876
RP11-227G15.11,-0.05298881877812288
RP11-517B11.4,-0.05299153969686901
RP11-548P2.2,-0.05299168877812288
CTD-2152M20.2,-0.05299448177812288
CTD-2145A24.5,-0.05299518877812288
RP11-37N22.1,-0.052995915778122876
RP4-655C5.4,-0.05299593877812288
KRT7,-0.0529982135764866
GJB7,-0.05299886577812288
RP11-135A1.2,-0.052999804778122876
RP11-932O9.7,-0.053002349185524905
HCP5B,-0.05300296691626165
RP5-933K21.3,-0.05300568974136502
RP11-18I14.11,-0.05300812877812288
RP13-216E22.4,-0.05301096176841401
LINC00567,-0.05301113877812288
RP11-122K13.12,-0.05301129877812288
PP7080,-0.053011992400441174
RP11-685M7.3,-0.05301325677812288
RP11-174G6.1,-0.05301367522487667
RP11-377D9.3,-0.05301405377812288
RP11-486A14.2,-0.05301813277812288
ZNF197-AS1,-0.05301976877812288
RP11-227G15.8,-0.05302049653206582
AC004019.13,-0.053031623417786604
LINC00950,-0.05303178719747566
AC114730.2,-0.05303531477812288
TPRXL,-0.05303638377812288
RP11-20I20.4,-0.05303908477812288
RP11-128P17.4,-0.05303917377812288
LINC00868,-0.05303991477812288
CTB-47B11.3,-0.05304200679897457
CTC-1337H24.4,-0.053045614778122877
RP11-686D22.5,-0.05304690377812288
DDX26B-AS1,-0.053048067956109946
RHBDL3,-0.053050008639552615
RP11-1379J22.2,-0.05305182077812288
RP11-445O16.3,-0.05305428687803315
RP1-59D14.1,-0.05305695318314367
CITED1,-0.05305775974963878
RP3-471M13.2,-0.05305869950602395
AC130469.2,-0.05305980877812288
PRSS27,-0.05306197488315333
CTB-129P6.11,-0.05306501577812288
FSD2,-0.05306564877812288
TNRC6B,-0.053067157664491105
MIS18A-AS1,-0.05306928477812288
NYAP2,-0.05306947477812288
RP5-965G21.3,-0.05307021461589108
CTC-444N24.13,-0.053071041952156034
CTD-3193O13.13,-0.05307175531593794
ARGLU1,-0.053072298833467535
RP11-420K14.8,-0.05307346477812288
RP11-709D24.5,-0.05307953877812288
C4ORF45,-0.05308057877812288
RP11-171I2.1,-0.05308184407023901
FAM66B,-0.05308410877812288
RP11-245P10.6,-0.05308481403002549
RP11-356C4.5,-0.05308584432505633
RP11-461F11.3,-0.05308616775955201
RP11-527F13.1,-0.053090608778122876
CTD-2012K14.4,-0.053091651778122875
MRVI1-AS1,-0.05309223277812288
RP11-296K13.4,-0.05309339577812288
RP11-651P23.5,-0.05309520543412642
RP11-461A8.5,-0.05309592477812288
RP11-145E17.2,-0.053097028778122876
CTB-50L17.9,-0.053097743670807426
LIMS3L,-0.05309812677812288
LA16C-360A4.1,-0.05309854877812288
TCF4-AS1,-0.05309908377812288
SLC19A1,-0.05310053120251962
AC005614.3,-0.05310056177712692
RP11-662B19.2,-0.05310109577812288
CTB-31N19.5,-0.05310150877812288
AC022201.5,-0.053105468793989766
LINC00266-1,-0.05310574797386043
RP11-93B14.9,-0.05310613877849021
RP11-238F2.1,-0.053106165778122875
RP11-461L13.3,-0.05310962277812288
CTC-498J12.3,-0.05311258877812288
AC073934.6,-0.05311349877812288
RP11-1084I9.1,-0.05311444877812288
RP11-435O5.5,-0.05311608745003538
ARHGEF33,-0.05311609844904294
HUNK,-0.05311778273335187
RP1-151F17.1,-0.05311888371761976
SERINC4,-0.05312110377812288
RP11-467J12.4,-0.05312714285033544
CTC-490E21.14,-0.053127758778122876
RP11-779O18.3,-0.05312875877812288
RP11-347C18.5,-0.05312925686231186
RP11-93B14.6,-0.053130171778122876
RP11-161I2.1,-0.0531303593655423
CH507-513H4.5,-0.05313406477812288
FAM26E,-0.053137555059123556
RP11-78A19.4,-0.05313803577812288
RP11-7O11.3,-0.05313835577812288
FSCN3,-0.053138411778122875
RP5-963E22.6,-0.05314031177812288
RP11-93G5.1,-0.05314033438114499
RP11-69L16.4,-0.05314326328287847
RP11-114N19.3,-0.05314443177812288
AKR1C2,-0.05314542075745332
ZNF398,-0.05314590123523866
CCDC142,-0.053146862268617666
LINC01347,-0.05314964877812288
TMEM132D,-0.053152140236135646
RP13-228J13.1,-0.05315350877812288
RTEL1-TNFRSF6B,-0.05315676160932751
RP11-508N22.13,-0.05315678477812288
RP11-184A2.2,-0.05315748477812288
HIST1H3I,-0.05316036736679782
RP11-514F8.2,-0.05316217577812288
RP11-527J8.1,-0.05316411416881667
RP6-74O6.2,-0.05316484677812288
AP002954.3,-0.05316547177812288
C9ORF84,-0.05316554677812288
RP11-3J1.1,-0.053165713737925474
RP11-17J14.2,-0.05316677967805883
PLSCR2,-0.05316690277812288
AC137932.6,-0.05316717077812288
RP11-127L20.3,-0.05317231217714698
RP11-158H5.8,-0.05317347377812288
RP11-407N8.6,-0.053175414778122876
STEAP3-AS1,-0.05317849577812288
A.2,-0.05318145387629221
LINC00266-4P,-0.05318499634395629
RP3-468B3.2,-0.0531855062359606
FLJ31356,-0.053187938778122876
AC018737.3,-0.053192083819916296
SRRM5,-0.0531920948070358
RP11-65J21.4,-0.053192733041203394
AC006372.4,-0.05319375477812288
LINC01257,-0.05319603477812288
AC022182.3,-0.05319760769193561
RP11-656E20.5,-0.053197930778122876
AC104076.3,-0.053201055778122876
RP11-307L14.1,-0.05320147105685266
RP11-432J22.2,-0.05320667377812288
CFAP99,-0.05320713577812288
TSPEAR-AS1,-0.053210025122278806
CTB-5E10.3,-0.05321189142915609
RP11-24N18.1,-0.053212686070853055
CWH43,-0.05321298903288274
RP4-598P13.1,-0.05321353001321522
RP11-571E6.3,-0.05321501877812288
CTD-2653D5.1,-0.05321537577812288
GOLGA8S,-0.053216031778122876
RP11-15I11.2,-0.053216228778122876
RP11-225N10.1,-0.05321755770879348
LINC01297.1,-0.05321851677812288
RP5-1021I20.2,-0.05322024177812288
CMB9-22P13.2,-0.05322671577812288
LEKR1,-0.05322731333916014
AC016722.3,-0.053228987314934466
AC102953.4,-0.05323011377812288
AC073046.25,-0.05323285877812288
C17ORF100,-0.0532347037068222
RP11-513H8.1,-0.053236043778122875
RP11-649G15.2,-0.05323779077812288
AC007325.2,-0.05324353152919498
C9ORF41-AS1,-0.05324547277812288
RP3-441A12.1,-0.05324827857432084
RP11-837J7.4,-0.053250424310622844
RP11-114H23.1,-0.053250874778122875
MSH5-SAPCD1,-0.05325126577812288
RP11-717F1.2,-0.05325197877812288
ORMDL2,-0.05325290933367022
RP11-46H11.3,-0.05325328731036294
LA16C-358B7.4,-0.05325687577812288
RP11-834C11.11,-0.05325714276858595
CTD-2537I9.18,-0.05325879707934639
AC079776.3,-0.053260168778122875
RP11-757F18.5,-0.05326171177812288
TMC3-AS1,-0.053264464778122876
RP5-881P19.7,-0.05326483877812288
HHIPL2,-0.053265308778122876
RP11-444E17.6,-0.05326536877812288
RP5-1074L1.1,-0.05326647709496127
FAM186B,-0.05326741077812288
RP11-337N6.1,-0.05326749877812288
RP11-42O15.3,-0.053268882778122875
RP11-829H16.3,-0.05326911377812288
PRSS45,-0.05326985077812288
RP11-723O4.9,-0.05327004776081555
RP11-399E6.1,-0.05327509677812288
AC007292.4,-0.05327790122014042
RP11-817G13.3,-0.05327794577812288
RP11-96C23.15,-0.0532793917720424
LINC01114,-0.05327966032013187
CTB-51J22.1,-0.05328023877812288
CCDC79,-0.05328352663525834
RP11-47P18.1,-0.05328352778628802
RP11-1152H15.1,-0.053283764778122876
AC005480.1,-0.05328431277812288
RP11-1L9.1,-0.05328620140558776
HIST2H2AA4,-0.053288290842497005
RP5-1116H23.5,-0.05329120477812288
NEMF,-0.053291291462946866
RP5-1007H16.1,-0.05329510077812288
GHET1,-0.05329522147826457
RP11-367J11.2,-0.05329570029883646
RP11-393I2.4,-0.05329654286431065
RP11-204L24.2,-0.05329786668153262
CTD-2231E14.8,-0.05329802577812288
AC079610.2,-0.053298233208926474
RP11-48G14.2,-0.05329829999123039
RP11-452I5.2,-0.053298608778122876
RP11-701H16.4,-0.053302239976097024
ANKRA2,-0.05330306633120302
KCNE2,-0.0533038372477701
CTD-2619J13.9,-0.05330683877812288
CLDN2,-0.0533086782359275
RP11-386I8.6,-0.05330885077812288
RP11-454K7.3,-0.05330937277812288
RP11-98D18.3,-0.05331058377812288
RP4-644L1.2,-0.05331428817993122
IGBP1-AS2,-0.05331467377812288
GS1-393G12.14,-0.05331481577812288
CTD-2203K17.1,-0.05331491177812288
MORC2-AS1,-0.05331698266975629
RP5-1125A11.6,-0.053317951746020206
RP5-1022P6.4,-0.05331810910063289
RP11-467L19.16,-0.053318976778122876
RP13-638C3.3,-0.05332190477812288
RP11-104O19.4,-0.05332638877812288
AC068499.10,-0.053328445180470904
STPG2,-0.05333147877812288
MAGEB10,-0.05333293177812288
RP11-770E5.1,-0.05333413052005069
LINC01185,-0.05333807277812288
RP11-523H20.3,-0.05333873577812288
RP11-677I18.3,-0.053338948778122876
AC053503.4,-0.05333939477812288
PRCAT47,-0.05333944029638493
RP11-654D12.2,-0.05333990877812288
CTD-2541M15.3,-0.05334034128197432
RP11-9G1.3,-0.053341324316058744
RP11-129M6.1,-0.053342141285368246
AC098820.4,-0.05334249877812288
RP6-159A1.3,-0.053345908778122876
GOLGA8O,-0.05334708877812288
TTLL9,-0.053348888778122876
RP11-93K22.13,-0.05334891877812288
CTD-2026K11.2,-0.05334997057738079
CTD-2184D3.7,-0.05335016947973659
RP11-445K13.2,-0.053350693778122876
AC026471.6,-0.05335146877812288
PLPPR4,-0.05335630693153659
BCAR4,-0.05335677877812288
AC084809.2,-0.05335685477812288
BEAN1-AS1,-0.05335731489949973
RP3-449M8.6,-0.05335872877812288
LINC01527,-0.05335920177812288
RP11-80H18.3,-0.05335979042172706
AL022476.2,-0.053360378232329114
RP11-844P9.2,-0.05336351877812288
LA16C-380H5.5,-0.05336420877812288
RP11-463O12.3,-0.05336430577812288
RP11-446E24.4,-0.05336487577812288
RP4-564F22.5,-0.05336788877812288
RP11-452H21.1,-0.053369058778122876
RP11-234K24.3,-0.05337024919921657
THRA1/BTR,-0.05337240477812288
AC005606.15,-0.05337286277812288
RP11-230G5.2,-0.05337805177812288
RP11-130C6.1,-0.05337868285124072
RP11-402L1.4,-0.053381538155016214
RP11-77H9.2,-0.053382234629062414
RP5-1022P6.5,-0.05338277577812288
RHOXF1,-0.05338389877812288
RUSC1-AS1,-0.053384025362165556
CTB-46B19.2,-0.05338467177812288
RP11-553K8.5,-0.05338621356276588
C15ORF54,-0.05338801877812288
CTD-3193O13.1,-0.05339069877812288
RP11-817O13.9,-0.053391551152573304
RP1-60O19.1,-0.05339155677812288
RP11-503C24.4,-0.05339493177812288
KCNQ1-AS1,-0.05339493414316122
RP11-802D6.1,-0.05339732677812288
AC079630.2,-0.05340128277812288
C7ORF65,-0.053402873778122875
CTD-2192J16.11,-0.05340397115522975
MYLK-AS2,-0.053404244778122875
RP11-797D24.3,-0.05340954577812288
CTAGE4,-0.05341003877812288
RP11-857B24.1,-0.05341047933046367
RP11-70F11.8,-0.05341259677812288
AP001439.2,-0.0534129422614898
GRPEL2-AS1,-0.05341331177812288
RP11-122M14.1,-0.05341618877812288
RP11-242J7.1,-0.05341999877812288
FANCD2OS,-0.05342004377812288
RP11-247A12.8,-0.05342042516415079
MCPH1-AS1,-0.05342183177812288
RP11-599B13.3,-0.05342196577812288
RP13-131K19.2,-0.05342378377812288
FOCAD-AS1,-0.05342463277812288
RP1-309F20.4,-0.05342645077812288
AP000708.1,-0.053427035778122876
RP11-472N13.2,-0.05342922244198567
RP11-256P1.1,-0.05342943177812288
LINC00620,-0.05343007877812288
RP11-44N12.5,-0.0534304420598184
LINC00488,-0.053430768778122875
XXBAC-BCX196D17.5,-0.053431241778122876
RP11-445O3.2,-0.053431348778122875
AC007879.6,-0.05343144877812288
RP11-113I22.1,-0.05343200877812288
RP11-554L12.1,-0.05343220277812288
PRRX2-AS1,-0.05343232177812288
ATP6V1B1-AS1,-0.053432362778122876
CTD-2170G1.2,-0.05343274277812288
RP5-857K21.2,-0.05343297377812288
RP11-524O1.4,-0.05343309847335122
RP11-323C15.2,-0.05343360377812288
RP11-1336O20.2,-0.05343362577812288
RP11-349E4.1,-0.053433733778122876
RP11-555G19.1,-0.05343386077812288
RP1-178F10.1,-0.053433931778122876
RP11-241G9.3,-0.05343407877812288
CTD-2016O11.1,-0.05343407877812288
RP11-272L13.3,-0.05343442277812288
RP11-65J21.1,-0.05343447877812288
BPIFC,-0.053434735778122876
RP11-398G24.2,-0.05343516477812288
RP11-646E18.4,-0.053435302778122876
RP11-900F13.3,-0.05343532477812288
RP3-523E19.2,-0.05343536177812288
RP11-626P14.1,-0.05343547877812288
AC004901.1,-0.05343573077812288
GIF,-0.05343610377812288
AC140542.2,-0.053436158778122876
RP11-343H19.1,-0.05343647877812288
KB-1930G5.4,-0.05343650877812288
RP11-211N11.5,-0.05343671877812288
CTC-497E21.3,-0.05343706077812288
RP11-148B18.4,-0.05343708677812288
RP1-63M2.7,-0.05343729577812288
LYZL4,-0.05343740877812288
RP11-14C10.6,-0.05343776077812288
RP11-524H19.2,-0.05343777277812288
C19ORF67,-0.05343798477812288
RP11-239L20.6,-0.05343859577812288
JAKMIP2-AS1,-0.05343868477812288
H1FNT,-0.05343869277812288
AC114776.3,-0.053438781778122876
RP11-440G9.1,-0.05343901277812288
WWC2-AS1,-0.05343918877812288
CTD-2385L22.1,-0.05343927877812288
RP11-339D23.1,-0.05343932577812288
LINC00251,-0.053439653778122875
RP11-308B16.2,-0.05343976177812288
LINC01022,-0.05344000377812288
RP11-413P11.1,-0.05344081877812288
RP11-93H12.4,-0.05344142677812288
AC006994.3,-0.05344148277812288
AP004550.1,-0.053441538778122875
RP11-319F12.2,-0.053442118778122875
RP11-457I16.2,-0.05344237677812288
ANKUB1,-0.05344276043692216
RP11-612A1.1,-0.05344315577812288
CEACAM7,-0.053443408778122876
RP11-73M7.1,-0.05344369577812288
RP11-293P20.2,-0.05344414277812288
KRTAP4-9,-0.05344428877812288
TMEM72,-0.05344465244582405
CTD-2161F6.2,-0.05344469377812288
RP11-102M11.2,-0.05344483177812288
RP11-26N15.2,-0.05344536877812288
RP11-739N20.2,-0.05344547277812288
RP11-552E20.1,-0.05344616177812288
RP11-701I24.3,-0.05344650477812288
RP11-1124B17.1,-0.05344706877812288
RP11-108K14.8,-0.05344774877812288
RP11-214K3.25,-0.053448354137349566
AC007128.1,-0.053448973778122875
LINC00330,-0.053449026778122875
WI2-80269A6.1,-0.05344949577812288
RP13-467H17.1,-0.05344974577812288
AC093732.1,-0.0534506175733947
CTC-281F24.5,-0.05345083677812288
RP1-272L16.1,-0.05345111877812288
F11-AS1,-0.053451794778122876
AC011298.2,-0.05345207377812288
RP11-231D20.2,-0.05345339727569346
RP5-1101C3.1,-0.053453838778122875
RP11-109M17.2,-0.053455075778122876
RP11-386M24.9,-0.053455748778122876
RP11-728G15.1,-0.05345677477812288
CCDC67,-0.053458783505011334
RP11-209E8.1,-0.053459928778122875
AC006145.4,-0.05346001877812288
LINC01337,-0.05346046277812288
AC007192.6,-0.05346054477812288
RP11-432I5.6,-0.05346090877812288
SLC16A12-AS1,-0.05346095477812288
RP11-675F6.4,-0.05346115877812288
DMRTC2,-0.05346232877812288
RP11-476M19.2,-0.05346282477812288
LCMT1-AS2,-0.053464738941057625
LINC00624,-0.05346686877812288
RP11-62J1.4,-0.05346759877812288
RP1-257A7.4,-0.053467834245161105
RP11-79H23.3,-0.05346806762333901
RP5-1063M23.2,-0.053468561778122876
AC009487.4,-0.05346975877812288
RP5-907D15.4,-0.0534704594725584
RP11-292E2.1,-0.05347506197063988
RP1-35C21.2,-0.05347519677812288
RP11-127I20.5,-0.05347822877812288
SEPT12,-0.05347840877812288
ARHGAP36,-0.05347871877812288
AC006262.10,-0.05348072477812288
SCYL1,-0.053481233192259836
RP11-644F5.16,-0.05348129235529185
RP11-680G24.6,-0.053482298778122876
RP11-264B17.2,-0.05348739876026627
CEP295NL,-0.05349012169298951
LINGO4,-0.053491698778122876
CTC-487M23.5,-0.05349472614765115
RP11-96B2.1,-0.05349572277812288
ZNF350-AS1,-0.05349850847970438
SENP5,-0.053499420434828415
RP5-1033H22.2,-0.053505382778122876
RP11-81H14.1,-0.05350556177812288
RP11-290L1.3,-0.05350610296165381
CTD-3035D6.2,-0.053507297851430935
RP11-498C9.17,-0.053507438778122876
AC024592.12,-0.05350797177812288
SPIN4-AS1,-0.053512935975708414
TRAV12-1,-0.05351408477812288
RP11-126H7.4,-0.053515122888215874
RP11-528A4.2,-0.053517523778122876
FAM135B,-0.053517880514206716
HCG27,-0.05351868600597176
AC105339.1,-0.053519133011135964
RP11-663N22.1,-0.053521583778122876
RP11-542C16.2,-0.05352162119282784
AC016907.3,-0.05352324877812288
RP11-132A1.4,-0.05352416577812288
RP11-47I22.2,-0.05352556156124732
RP11-203B7.2,-0.05352660177812288
SMIM17,-0.05353384777812288
RP5-1050D4.3,-0.053533871767003145
RP11-1069G10.1,-0.05353401975216361
ZNF492,-0.05353562504958913
RP13-991F5.2,-0.053544896394358
LINC01451,-0.05354727585821321
RP11-810M2.2,-0.053547360778122874
HCG24,-0.05354762625958667
RP11-1136G4.2,-0.05355064477812288
C5ORF66-AS1,-0.05355251077812288
IGHV3-66,-0.05355393877812288
AC007879.5,-0.05355394704868712
KRT83,-0.053554846778122875
C1ORF147,-0.053556005570350576
CTD-2245F17.6,-0.053557270778122876
CTD-2047H16.4,-0.053558386884541544
RP1-30M3.5,-0.05355968847762353
NCAM2,-0.053564014634591206
RP11-439C15.5,-0.05356415677812288
RP1-179P9.3,-0.05356472277812288
LINC01571,-0.05356769461160513
FSTL5,-0.05356973816043965
HMP19,-0.05357010562951762
RP4-704D23.1,-0.05357234677812288
LINC00106,-0.05357680498829727
CCDC83,-0.053578583753380316
RP11-1228E12.2,-0.053579776234533166
RP11-552D8.1,-0.05358339377812288
RP11-529K1.4,-0.05358350269001183
AC073283.7,-0.05358372121306525
CTD-2619J13.27,-0.05358388577812288
DLG3-AS1,-0.05358512577812288
IGKV1D-17,-0.05358736677812288
IGKV2-26,-0.05358942366767975
SCHLAP1,-0.05358983877812288
RP11-713P17.5,-0.05359009177812288
NCBP2-AS1,-0.05359100250925566
IGHV3-43,-0.053591602778122874
GCC2-AS1,-0.05359520277812288
AP000275.65,-0.05359640677812288
CTC-420A11.2,-0.053596931734619865
RP11-255C15.3,-0.053605828949896794
TRAV12-2,-0.053607719778122884
RP4-790G17.7,-0.05360836277812288
AC084809.3,-0.05360997115691818
RP11-589M4.1,-0.053612931778122874
RP11-480D4.1,-0.05361418677812288
RP11-626G11.5,-0.05361470964472494
TEN1-CDK3,-0.0536177383003511
NME1,-0.053618109884838616
CTD-2215E18.1,-0.053623948778122876
WISP3,-0.05362876981253175
AGAP1,-0.05362879454081165
RP11-2E11.6,-0.05362882473817751
CASC19,-0.05363106086114234
CTD-2306A12.1,-0.05363236757914293
RP11-800A18.4,-0.05363609377812288
RP11-377G16.2,-0.05363671777812288
FAM151A,-0.05364028126790455
C9ORF50,-0.05364127777812288
RP11-388M20.6,-0.05364169957907131
GNG12-AS1,-0.0536468026696782
RP11-91P24.6,-0.053647382943477165
RP11-707M3.3,-0.05364895436767418
CTC-490G23.6,-0.05365082577812288
LRRC69,-0.05365145845181716
CTD-2003C8.2,-0.05365379808403951
RP11-600F24.7,-0.0536542881456337
MRPL12,-0.05365587581093134
RP11-599B13.7,-0.053659517132359676
RP5-998N21.4,-0.053663326640799064
LINC00443,-0.053664398704367226
RP11-432I5.2,-0.053665136564541104
AF127577.8,-0.05366610477812288
DENND5B-AS1,-0.05366614595202908
BRMS1,-0.0536739920429522
KB-1471A8.1,-0.05368136377812288
CTD-2384A14.1,-0.0536815734422531
RP11-762H8.5,-0.05368266283710664
OCLM,-0.053687754040469535
CTC-548K16.1,-0.05369075677549194
RP11-53I6.4,-0.05370587136437428
BVES-AS1,-0.05370660029531099
LINC00519,-0.05370881879448178
AC233755.2,-0.05370894377812288
CXORF67,-0.05371107915212173
ERICD,-0.05371163532057199
LINC01484,-0.05371519277812288
JPH3,-0.05371948565923895
RP11-136O12.2,-0.053723915213337185
RP11-98F14.11,-0.05372703775049499
RP11-191G24.1,-0.05372830912649418
CTD-2531D15.5,-0.053732975778122874
C18ORF65,-0.053733853152906096
RP11-244F12.2,-0.05373525454299272
RP11-282O18.3,-0.05373562407488516
RP5-894D12.5,-0.05373978963480664
RP11-439C15.4,-0.05374165177812288
AL513523.2,-0.0537424345715508
AC010894.5,-0.05374561677812288
MIR133A1HG,-0.05374607653640252
RP5-999L4.2,-0.053746552957173434
RP11-1250I15.3,-0.05375251677812288
RP11-329N22.1,-0.053755409256974314
RP11-50D16.4,-0.05375592877812288
BANF1,-0.05375821336563502
C11ORF97,-0.05376008925459489
ZBTB20-AS4,-0.05376083246997531
RAD51B,-0.05376085265772235
CTD-2587H19.3,-0.053762738778122876
AC006160.5,-0.05376647877812288
MBOAT2,-0.053768342666908664
CTD-2542L18.1,-0.05377380995308936
GREB1L,-0.053774318165394984
CTD-2249K22.1,-0.05377525577812288
LINC01277,-0.05377772240756376
RP11-15I11.3,-0.053780325778122876
AC078883.4,-0.05378121233189259
AC074391.1,-0.05378471850553845
CDC123,-0.053785976844969496
RP11-18H21.1,-0.053791757543488486
ZNF281,-0.053792879739625044
RP11-141O15.1,-0.053793043543958446
RP1-193H18.2,-0.05379430861630148
RP11-697E22.1,-0.053794381045824485
RP11-138I1.2,-0.053794464008200045
RP11-863P13.2,-0.053798674436142835
RP11-108K3.2,-0.0538004368799993
CABP7,-0.05380088377812288
RP11-1406H17.1,-0.05380203877812288
UNC5B,-0.053802189624385155
AC005944.2,-0.05380298134671695
C10ORF67,-0.053807933778122874
RP11-1017G21.6,-0.05382188480015368
RP11-546K22.3,-0.05382460277812288
RP11-585P4.5,-0.053826000736075214
RP11-514O12.4,-0.05382653773302614
RP11-266N13.2,-0.05383220277812288
SPERT,-0.05383596072090393
RP11-466F5.8,-0.05383763786778166
RP11-472M19.2,-0.05383923445498639
RP11-335K5.2,-0.05384019211743708
LINC01126,-0.05384060604456486
LINC01405,-0.05384227060659586
RP11-276H1.3,-0.05384500547847819
CTB-43P18.1,-0.05384580531256874
RP11-62I21.1,-0.053847379064016855
RTP5,-0.053861851778122874
RP11-775C24.5,-0.05386349008859524
RP11-1079K10.3,-0.05386686450451521
AC068196.1,-0.05386994090424896
RP1-155D22.2,-0.05387006018649237
RP11-432J24.2,-0.05387245889144417
KB-1980E6.3,-0.05387518809320974
CTD-2090I13.1,-0.05387987321508411
PRR7-AS1,-0.05388087877812288
RP11-573D15.8,-0.053885650502895274
CLLU1,-0.05388610788170861
CA10,-0.05388634738888026
RP11-692C24.1,-0.05388756392871308
RP11-2E11.5,-0.05388892287498465
TXLNA,-0.053892888981355636
AC012358.8,-0.05390733038534108
RP11-154D17.1,-0.05390855507074875
RP11-45A17.2,-0.05391620955555034
C11ORF84,-0.05391805641859964
RP11-1020A11.2,-0.05391973022009207
CHAF1A,-0.05392034348848673
IGFL4,-0.053922907163841655
SAMD13,-0.05392704008132577
RNASEK-C17ORF49,-0.053934886940987636
AC007349.7,-0.053934988410126394
RP11-151A10.3,-0.05393501814628312
FBXO44,-0.05393789550591488
RP11-219B17.3,-0.05394580912973575
MAMDC2-AS1,-0.053946299540531276
MAPRE1,-0.05394688440864892
AF127936.3,-0.05395043377812288
RP11-367G6.3,-0.05395741244980385
LINC00479,-0.05395807137556106
RP11-352G9.1,-0.05396047177812288
RP11-10O17.3,-0.0539624146295776
RP11-689B22.2,-0.05396598877812288
CTD-2384B11.2,-0.05396819921404626
C9ORF152,-0.05396841050127944
FAM196B,-0.053970609778122874
RP11-407N8.5,-0.05397899919364533
ANKRD20A2,-0.053979960678861384
RP11-319G6.1,-0.0539808027973057
AC007036.6,-0.053982273994147
SF3B6,-0.05398314035657248
PGM3,-0.053983667366840016
CTB-13F3.1,-0.053990058883738756
CTD-2341M24.1,-0.05399207878531284
RP11-677M14.2,-0.05399211688133298
SUCLA2-AS1,-0.05399390977812288
PFKFB1,-0.05399454710326124
RP11-356K23.1,-0.05399962252701897
ZCCHC12,-0.05400091416684083
ALG5,-0.054005716380972624
RP4-753F5.1,-0.054006669941807035
CSMD2,-0.05401018888902024
LINC01251,-0.054014190639690665
SNX24,-0.05401608026086058
ZNF35,-0.054016509221722825
LA16C-325D7.2,-0.054022441778122876
WIF1,-0.054024391365687485
RP11-700J17.2,-0.05402547305895011
SUPT4H1,-0.05402719402238243
IGHV3-20,-0.05402836951875456
C2ORF15,-0.054033978982124864
PI4KA,-0.05403738768147848
CTD-2006H14.2,-0.0540379030922281
LINC00880,-0.05404472540944823
HYI-AS1,-0.05404625000178082
CTC-343N3.1,-0.05404703883254282
RP11-388C12.1,-0.05406029518871555
RP11-84C13.2,-0.05406133321839737
RP11-109P14.10,-0.05406194140017702
RP11-699A5.2,-0.05406245177812288
LRRC3B,-0.054065311955041745
LINC01355,-0.054067372458520405
CTB-91J4.1,-0.05407053200242186
CTD-2105E13.16,-0.05407418597887642
LINC01055,-0.05407686977812288
RP11-442H21.2,-0.054076988484368795
RP11-180P8.1,-0.05407735329113406
ANP32D,-0.05408017789034988
CEND1,-0.05408536777812288
RP11-171I2.4,-0.05409108312272732
RP11-638I2.4,-0.05409516947575292
RP11-41O4.1,-0.0541057025449268
CTB-32O4.2,-0.05410691677812288
RP11-144G7.2,-0.054108824086564776
RP11-166B2.5,-0.05410939695401411
AC005523.3,-0.054114661825810983
CTC-499J9.1,-0.05411710911842766
RP11-90B22.1,-0.05411782713828009
RP11-285A1.1,-0.05412141222163834
CITF22-49E9.3,-0.05412411409332954
RP13-494C23.1,-0.054125147002094295
AC090154.1,-0.05412705902341322
KLHL6-AS1,-0.054128841448959054
AC018766.4,-0.054132534744575446
RP11-424N24.2,-0.05413582381508359
RP1-8B1.4,-0.054138425411106486
RP11-125O18.1,-0.0541386638423948
RP11-486L19.2,-0.05414028882991234
RP4-651E10.4,-0.05414036590612612
AL450992.2,-0.054143872253841874
RP11-506M13.3,-0.054144690328244836
CH17-212P11.4,-0.05415343467673969
RP11-560J1.2,-0.054153801382001425
RGMB-AS1,-0.05415472430374996
RP11-93I21.3,-0.05415580087136817
RP11-394I13.1,-0.05415823924885736
AC005786.7,-0.054169414767693005
CTD-2023M8.1,-0.05418055378385794
FAM187B,-0.054181032778122876
RP11-367G18.1,-0.05418210163622866
RP11-87C12.5,-0.054182295170647946
XXBAC-BPG154L12.4,-0.05418346979658206
RP1-101D8.1,-0.05418652135340702
RP11-166P13.3,-0.05418926848918732
RP3-523C21.2,-0.054191886398472666
MIR503HG,-0.05419431076430028
LINC01012,-0.054209491664880566
RP11-588G21.2,-0.05420967877812288
ZNF625-ZNF20,-0.05421926039901662
AC006547.13,-0.054219764586916006
AC010524.4,-0.05422042701864638
LINC01186,-0.05423294909824351
PNMA3,-0.054242624372059435
AC064834.1,-0.054245359680411526
RP11-603J24.17,-0.05424543947369834
SCRN3,-0.0542458278546821
VCPKMT,-0.0542460626784807
RP11-147L13.15,-0.05425042836058142
GGACT,-0.05425054466278423
BAALC-AS1,-0.054250834391624106
TSACC,-0.05425099362928219
C11ORF86,-0.054256921282236
MORF4L2,-0.054260580739094455
TRBV6-5,-0.054264930863312064
RP11-545M17.1,-0.05426507794258264
RP11-477N3.1,-0.05427411904691104
RP5-1116H23.3,-0.05427582927799683
RP11-310H4.1,-0.05428780238955355
RP11-367N14.2,-0.05429107065551665
ID2-AS1,-0.054291249931246094
RNF223,-0.05430137314020543
CTD-2012K14.6,-0.054306000494488915
GPR158-AS1,-0.05431152277812288
PROSER2-AS1,-0.05431274480561354
RP4-752I6.1,-0.05431455789675758
RP5-1039K5.16,-0.05431515977812287
CTD-2521M24.8,-0.05431812577812288
RP3-461F17.3,-0.05431933920571061
PTOV1-AS2,-0.05432086910759677
CTD-2165H16.4,-0.05432351401771224
RP11-58C22.2,-0.054325422757983174
TMUB2,-0.05432703307695891
CCDC183-AS1,-0.0543302706250927
RP4-791M13.3,-0.05433045979577544
PAQR9-AS1,-0.05433067437966594
RP11-551L14.4,-0.05433075745371774
RPL34-AS1,-0.0543312013245546
CTD-2260A17.3,-0.054334890718112754
RP11-327F22.5,-0.05434030454921783
AC009495.2,-0.05434244439651467
RP11-90L1.8,-0.05434384581203905
CTC-454I21.3,-0.05434664691846999
XXYLT1-AS2,-0.0543550577483282
RP5-1050D4.5,-0.054358685264031585
RP11-407G23.7,-0.054361480778122875
AC011286.1,-0.05436198847916976
AC005786.5,-0.054362433222995166
NLGN4Y,-0.0543644207768057
AC002310.7,-0.05437054448958961
AC010883.5,-0.05437110285377757
CIRBP-AS1,-0.05437390246660888
MFSD5,-0.05437511524484995
RP11-365H22.2,-0.05437597866378127
AC006126.3,-0.05437629035738706
RP11-186N15.3,-0.05437857960979671
RP11-818O24.3,-0.05438881257582606
BAG4,-0.05439124938535744
RP11-1376P16.1,-0.05439367272605619
TRBV3-1,-0.05440501950462823
HILPDA,-0.05440696939719314
RP11-613D13.5,-0.054407009539957876
RP11-463J10.3,-0.05440743013523562
RP11-297C4.1,-0.05441152561059732
LRRC73,-0.05441245665845304
HIST1H2AI,-0.05441597697579502
AP000442.1,-0.05442460193592816
RP1-228P16.8,-0.05442784773486134
RP11-21M24.3,-0.054428741835703516
RP4-533D7.4,-0.05443204529228791
LYG1,-0.05443292232382989
AC093609.1,-0.05444235637810863
AC009095.4,-0.05444391398895223
RP11-839D17.3,-0.05444949777812288
CTC-493L21.1,-0.05445145590415056
SOX30,-0.054465319346388694
RP11-394B2.6,-0.0544674213578134
RP11-408A13.3,-0.05446782247449046
LINC01415,-0.05447078085789768
AC062028.1,-0.054472539652094275
AUNIP,-0.054474027662124225
ZNF474,-0.05447919413250932
GORAB,-0.054483291928625
RP11-96C21.2,-0.05448459230077189
RP11-697E22.2,-0.054489126724804285
RP11-72I8.1,-0.054490771025744976
RP11-47I22.1,-0.054499712668862416
VCAN-AS1,-0.054504095439147346
RP11-33B1.4,-0.05451686261612008
AC004076.5,-0.05452264777033252
MSL2,-0.05452332263502235
RP11-59H7.4,-0.05453323594922638
GS1-72M22.1,-0.05453476177812288
LINC01508,-0.054541518479394736
AC104820.2,-0.05455013409943386
SCAANT1,-0.05455362110447354
AC004448.5,-0.05455531477812288
RP11-336A10.2,-0.05455695398147664
CTBP1-AS,-0.054560754128722265
CH507-528H12.1,-0.05456721283300635
RP11-637O19.2,-0.054567991256116784
VSTM2A,-0.05457028356073994
CTB-31O20.3,-0.05457387659460642
LINC00184,-0.0545754978528294
RP11-115N4.1,-0.05457661916650042
RP11-727A23.10,-0.054579743397937586
AC005237.4,-0.05458093221681549
CTD-2013N17.4,-0.05458255065135513
RP1-253P7.4,-0.054584229322852174
RBM46,-0.05459035611110258
CITF22-1A6.3,-0.054598398089364966
AC079305.8,-0.05459950358344383
AC000068.5,-0.05459994436227872
RP11-432B6.3,-0.054600469947627676
AC096772.6,-0.054601176102239676
RP11-266L9.5,-0.05461146128632164
RP11-848P1.5,-0.05461325498823739
FAM177B,-0.05461516614296892
CTD-2288F12.1,-0.05461767699894285
SAMSN1-AS1,-0.05462324054586875
ZNF782,-0.05462912151053218
RP11-102G14.1,-0.05462942372842241
RP1-224A6.3,-0.054635256001092286
RP1-122P22.4,-0.05464417379947974
LINC00571,-0.054645166115841845
ENSA,-0.0546461725228084
GOLGA8M,-0.0546471526953381
RP11-56B16.4,-0.054650209534754565
CTD-2265O21.7,-0.054655887629860636
CTC-360G5.6,-0.05466354345244297
RP11-98D18.17,-0.05466441452527153
ATP13A4,-0.05466924220868555
RP11-583F2.2,-0.05467292150922039
LINC01483,-0.05467463113845149
ARSD-AS1,-0.054675066306621056
AFAP1-AS1,-0.054678641089084275
PTCHD2,-0.05468169274230457
RP11-126K1.9,-0.05468814208519536
SH2D6,-0.05469069877812288
YEATS2-AS1,-0.05469134777812288
LINC00226,-0.05470808491058193
RP13-131K19.6,-0.054710358286571725
RP11-815J21.2,-0.054711930110440815
RP11-95D17.1,-0.054713525870183514
PLRG1,-0.05472053927168552
LA16C-358B7.3,-0.054723880915934775
RP11-16N2.1,-0.05473143960799837
ZNF195,-0.054731830410683024
RP11-887P2.5,-0.054734389144567776
RP11-483A20.3,-0.05473682682514672
RP11-266J6.2,-0.05473782052998642
RP11-669M16.1,-0.05474654180106629
RP11-817J15.3,-0.054747686872974426
C1D,-0.054754476412145814
RP11-89H19.1,-0.054757536521183425
DNTTIP1,-0.05475937931595298
RP11-77H9.5,-0.05476021490054714
RP11-6I2.3,-0.05476692911122436
ZNF491,-0.05477494751306858
HOXA10-AS,-0.054789395125701225
RP11-345P4.10,-0.05479097668587278
IDH3G,-0.054791373815598066
KB-1592A4.15,-0.054792753319774484
RP4-669L17.2,-0.05479371196906675
RP11-101E13.5,-0.05480215450654852
DCAF8L1,-0.0548050776236772
RP11-703G6.1,-0.05481025840170329
RP11-184D12.1,-0.054814228166923905
RP3-337H4.10,-0.05481524488046816
RBM27,-0.054815347511647905
RP11-432I5.4,-0.05481979658524474
RP11-552F3.10,-0.05482029812807585
LINC01547,-0.05482221107745076
RP1-224A6.9,-0.05482285071863647
AKTIP,-0.054823073409030865
RP11-202G18.1,-0.05482349985309714
RP3-329A5.8,-0.054827790463573375
TPGS1,-0.05483263180392439
TCF4-AS2,-0.054843718126103905
RP11-468H14.2,-0.054845547137276254
RP3-402G11.28,-0.05484804429293144
RP11-415J8.5,-0.05485139039412882
RP1-56K13.3,-0.05485404063909763
RP11-73M7.6,-0.05485815995853108
RP11-109E24.2,-0.054858944762023465
RP11-338E21.3,-0.05485912316741831
LYPD6B,-0.05486200952806907
RP11-177G23.2,-0.05486657476741601
LINC00565,-0.05486832249648497
RP11-791G15.2,-0.054871000560006065
RP11-497H16.9,-0.05487330281836169
RP11-754B17.1,-0.05487375670161394
KB-1125A3.12,-0.05487425686779181
LANCL3,-0.05487493682049263
RP11-423H2.4,-0.054878097626218536
RP11-817J15.2,-0.054885490705171874
AC104653.1,-0.05488685468121024
BMI1,-0.05488796741470425
RP11-890B15.3,-0.0548913519027511
ONECUT1,-0.05489174024330434
ATP6V0E2-AS1,-0.05489364699586499
CTC-301O7.4,-0.05490205416012932
C1QTNF9B-AS1,-0.05490247310782363
HNRNPLL,-0.05490914088316046
RP11-297A16.4,-0.05491012805358701
RP11-505P4.7,-0.054915565876236236
RP1-239B22.5,-0.054916731723584716
AIRN,-0.05491789799227136
CTD-2201I18.1,-0.054923299422527626
WDR88,-0.05492722515342234
MTUS2-AS1,-0.054931407452864706
BEND2,-0.05493321978428245
C17ORF98,-0.05493883169034579
CTD-2378E12.1,-0.05493933573306507
RP11-64C12.8,-0.05494399873014251
CTB-175E5.7,-0.05494516541635686
AC008074.3,-0.05494793642087873
AC009120.5,-0.054950883204413686
U91328.22,-0.05495325768728688
AC023347.1,-0.05495450831440497
SYP,-0.05495479633253475
KLF13,-0.054959106173796346
TPD52L2,-0.05495941393032472
PCAT6,-0.054965163366908036
CHN1,-0.054965872077697264
PCDHB3,-0.054970330876215986
AC093390.1,-0.05498233962793207
RP4-742C19.13,-0.054988494093141715
AC022154.7,-0.05499244965662321
LINC01473,-0.05499253770105588
CTA-221G9.7,-0.054994124752633294
KBTBD6,-0.05499530942517816
RP11-582J16.5,-0.05499860249216689
CTB-161C1.1,-0.05499903474654702
RP5-1142A6.10,-0.055009807766173965
RP11-1090M7.1,-0.055016594714848585
RP11-90J7.2,-0.05501783320218988
RP11-129M16.4,-0.055019505405928995
RP5-1092A11.5,-0.055025650557261635
LINC01220,-0.05502934290915598
CTA-217C2.2,-0.05504012878365341
ANKLE2,-0.05504361129930907
CTD-2260A17.1,-0.05504730949180987
AC016700.5,-0.05504917256250607
CTA-363E19.2,-0.055050343527016654
AJ003147.8,-0.055053722842289224
RP11-415I12.3,-0.0550555811966552
XPNPEP3,-0.05506306687949436
RP4-761J14.10,-0.05506432605745794
LINC00843,-0.055070344462859536
ZNF709,-0.05507242877745423
RP11-819C21.1,-0.05508092145824214
RP11-850A17.1,-0.055083549527326456
RP11-196G18.23,-0.055083709323885406
RP11-342I1.2,-0.05508574544459864
CTD-2649C14.3,-0.05508980218157499
STK25,-0.05510014425970877
RP1-199J3.7,-0.0551046247114943
SLFNL1-AS1,-0.05512601124637259
RP11-320N21.1,-0.05512907494781318
FNDC9,-0.055132588930865645
RP11-106M3.2,-0.055141510522042275
PROX2,-0.05514217553356747
RP1-90G24.6,-0.055159869238731604
LINC00501,-0.05516505712210934
RP11-77P16.4,-0.0551689285827406
RP11-61E11.2,-0.05517331131710178
RP11-85L21.4,-0.05517657675289419
RP11-286E11.2,-0.05518031077812288
RP11-400N13.3,-0.055180780833807466
RP11-445P19.3,-0.055180985223209036
AC008746.12,-0.05518302220541418
XXYAC-YX155B6.7,-0.05518345586178387
RP11-335L23.5,-0.05518383699517579
CTD-2235C13.3,-0.055191142431366226
RP11-129K12.1,-0.05520034998471422
RP11-231E19.1,-0.05520891155719286
FAM66C,-0.0552162692724668
C19ORF45,-0.05522653789727866
RP11-29H23.4,-0.05523131824138067
RP11-363D14.1,-0.05523437355961862
CTD-2012K14.7,-0.05523669607989515
SHANK2-AS3,-0.05524087888739668
RP11-407N17.4,-0.055243328767989264
RP1-167O22.1,-0.05524627528553008
RP11-434P11.2,-0.055248304201916384
SERF1B,-0.055262251898710486
GBP6,-0.05526236129563375
ZFP41,-0.05526295724907153
LINC00114,-0.055263161306204844
WDR73,-0.05526405772807169
ZNF410,-0.055269945186642425
VAC14-AS1,-0.0552716489094979
TP53TG5,-0.05528279477812288
RP11-848P1.4,-0.05528554695045716
RP11-350G8.9,-0.055295285826262024
RP11-529G21.2,-0.05530122318429584
AP000473.5,-0.05530940030437631
LINC00174,-0.055311194734112265
RP11-1057B6.1,-0.05531332202488535
RP5-1120P11.1,-0.055320313036447744
UBA2,-0.05533441536227102
C12ORF80,-0.055337464923242596
AC091493.2,-0.05533781400283645
RP4-591N18.2,-0.05533800133694967
NAT16,-0.055338539761842304
AC004775.5,-0.0553403010106379
RP11-424G14.1,-0.05535007127956748
AC002117.1,-0.05535719523082471
IGLV1-51,-0.0553584098008463
RP4-539M6.14,-0.05535911786362964
RP11-17E3.1,-0.05535990683351761
SNAPC1,-0.05536020668638808
RP11-346C20.4,-0.05537046357073719
RP11-269F20.1,-0.05537257891535878
RP11-339B21.13,-0.0553726311671128
AF131216.6,-0.0553762272567664
FBXL20,-0.05537687793136631
TCP10L,-0.05537933640251125
RP11-327F22.4,-0.055387208657126354
RP11-94H18.1,-0.05539221084827342
CTD-2306M5.1,-0.055392731439327755
CTD-2631K10.1,-0.05539950277140955
RP5-837J1.6,-0.05540480390027196
RP11-875O11.2,-0.05541427634613067
RP11-661A12.9,-0.055418303398594854
RP11-576D8.4,-0.05542282581539889
RP11-120D5.1,-0.05542457638566195
LINC01191,-0.055431698432576226
PPP1R3G,-0.05543233115053668
RP4-694B14.8,-0.05543583128146064
CTD-2154I11.2,-0.055441110086572244
AC025016.1,-0.05544571918422178
NUP54,-0.055449865327257875
DPEP1,-0.05545337240719874
RP11-362K14.5,-0.05546810573626078
BTBD18,-0.05546959580660325
RP11-650K20.3,-0.05547127080838249
LINC01122,-0.05547494705004011
RP3-406P24.4,-0.055485629821753424
RP11-977G19.10,-0.055487569388499774
RP11-486O13.2,-0.0554883690595721
RP11-327J17.2,-0.05549153876804934
MYCBP2-AS1,-0.05549184404197605
RP11-583F2.5,-0.05549447399894249
RP11-699L21.1,-0.055499348698963724
SHANK2-AS1,-0.055508754651369105
RP11-79M19.2,-0.05551265250621976
RP11-458D21.1,-0.055513713090394365
RP11-213H15.1,-0.05551372215692292
RP11-20J15.3,-0.055514789024259895
AF129408.17,-0.055516315883253745
RAB19,-0.05551873681780855
PKIA-AS1,-0.05551996903949029
SPACA3,-0.05552367084657896
FMO5,-0.055523980536424766
RP11-75C10.9,-0.05552542301745938
CLUH,-0.055531637527759525
RP11-814H16.2,-0.05553654762446245
RP11-89G4.1,-0.055539165871767916
MIR9-3HG,-0.05554541928751421
HIST2H2AA3,-0.0555491090171782
PSD2,-0.055549706778122876
RP11-290C10.1,-0.05555163424852266
RP11-25H12.1,-0.05555514120240501
AC007292.3,-0.0555553353939786
GOLGA7,-0.0555618510159579
FAM53A,-0.05556202783432432
LONRF2,-0.055565397383785964
LINC00336,-0.05556833996134277
CTD-2651B20.3,-0.055569101906142934
CTB-176F20.3,-0.05557211335100429
RP11-99E15.2,-0.055572871277049615
CTC-550B14.7,-0.05557882132642117
KB-1466C5.1,-0.055580733473374416
RP11-666A8.8,-0.055585145246602845
RP11-685N10.1,-0.05558986704335439
CTA-398F10.2,-0.055591851151802305
RP11-54O7.1,-0.0555935217458033
RP11-950C14.7,-0.055594531002515435
RP11-400N9.1,-0.05559595054572544
SYDE2,-0.05560302751345471
RP11-245J9.4,-0.05560742976261435
RP4-555D20.2,-0.05560751961020183
RP11-372H2.1,-0.05561414099065107
RP11-665C16.6,-0.055617006930646196
RP11-1060J15.4,-0.05562787020854954
LINC01115,-0.05562789461722904
AC005624.2,-0.05562874857018206
LL22NC03-86G7.1,-0.055629479489129705
LINC00487,-0.05562981905666244
RP11-362F19.3,-0.05563387791842559
ADGRF3,-0.05563583358444868
RP11-428K3.1,-0.05563871661017772
LINC01424,-0.05563964197823336
RP3-323P24.3,-0.055642067855529304
RP3-323A16.1,-0.05565417080039714
RP11-158I9.5,-0.05565901236800744
CTD-2530H12.4,-0.05565923598685099
FARSA-AS1,-0.05565968800425531
RP11-230B22.1,-0.05566382563637931
RP4-669H2.1,-0.05566581737240822
CCNG1,-0.05566626677036052
RP11-493E12.1,-0.055667805636630006
XXBAC-BPG181M17.6,-0.05566859349226348
RP11-21A7A.4,-0.05567067146678102
CTA-223H9.9,-0.055673916533418286
RP11-503E24.2,-0.055677962969647735
CTC-529I10.1,-0.055685453147071746
RP11-417F21.1,-0.055690622463194756
FAM32A,-0.05569172399664135
CTD-2377O17.1,-0.05569249877812288
ASPRV1,-0.05569348867340325
RP11-214O1.2,-0.05569938202710711
RP11-6F2.5,-0.05570169248317408
AJ239322.1,-0.05570392898263171
RP11-131L12.2,-0.0557066043982951
MANSC4,-0.055710762381805445
LINC01521,-0.05571291005221417
RP11-559M23.1,-0.05571667647992745
RP11-80A15.1,-0.05571787513261533
RP11-385F5.5,-0.05572001122748868
RP11-1079K10.2,-0.05572041547449819
RP11-474I11.7,-0.05573379681719923
USP12-AS2,-0.05574426342407861
CTD-2017F17.1,-0.05574555353123757
RP11-1E22.1,-0.05574742659648063
MED30,-0.055752890877108
RP1-59D14.10,-0.05575325976959672
DNAJC9-AS1,-0.055767836031574945
RP11-981P6.1,-0.05577028976917221
LCTL,-0.05577097373153045
RP11-269G24.4,-0.05577796546346693
MGC16275,-0.055782308059079216
LRRC39,-0.0557852691961106
GOLGA8N,-0.055787981422283535
RP11-46A10.5,-0.05578894600144259
HMMR,-0.055792171749061925
GAS5-AS1,-0.055792565569110594
RP11-815M8.1,-0.05579343974319072
AE000662.93,-0.05580144844790444
RP11-982M15.7,-0.05580153280264605
RP11-752G15.8,-0.055802374446762004
MRPL16,-0.05580435301985365
AC108004.3,-0.05580512145437061
RP11-615I2.6,-0.05580638331653372
RP11-575H3.1,-0.0558077919786606
TMEM110-MUSTN1,-0.05580979025583274
RP11-513D5.5,-0.055814925184150946
RP11-421M1.8,-0.05581531207952363
RP3-403L10.3,-0.055816344034660154
PRMT5-AS1,-0.05582246753501324
RP11-259O2.1,-0.055824756689599
RP11-620J15.2,-0.05583037680788658
RP5-991G20.2,-0.05583269485718738
RP11-707G14.1,-0.05583684733132627
ITFG1-AS1,-0.05583871337737442
RP11-745L13.2,-0.05583920938319045
HIST1H4A,-0.05584441332135149
TEX19,-0.05584931422391991
KRTAP5-8,-0.0558493417567101
NUFIP2,-0.05585416286936773
KHDC1L,-0.05585831702694283
RP11-158K1.3,-0.055861483722911165
CTD-3076O17.1,-0.055861883922884555
CTD-2196E14.5,-0.05586790912151539
FITM1,-0.055873702061085204
RP11-211G3.2,-0.055874678617840415
RP11-121M22.1,-0.05587799355718738
RP11-686F15.2,-0.055879710365287216
RP11-462L8.1,-0.05588743760679247
ADCY1,-0.05589205620580562
SETSIP,-0.055897579616260795
RP1-221C16.8,-0.05589852500093894
SP2-AS1,-0.05590073751380004
RP5-968P14.2,-0.055905743893334546
CTC-232P5.1,-0.05591624150023924
LINC00271,-0.05591691128896733
RP11-881M11.1,-0.05591792495054888
RP11-1070N10.5,-0.055918452821877435
RP11-342K6.4,-0.055924449075036894
RP11-706O15.3,-0.05593169932349103
CTB-31O20.2,-0.055939537411623406
UBE2E2-AS1,-0.05594078650251759
RP11-329B9.1,-0.05594271862991892
RP11-314N13.3,-0.055943026276980015
HOXD3,-0.05594938383260428
GK-AS1,-0.05595087571634586
SPATA3-AS1,-0.055955395550324576
DBNDD2,-0.05595800443136788
LINC00911,-0.05597534306152364
RP11-344N10.5,-0.05598028566873277
RP11-356J5.13,-0.055983010576095664
TRBV4-1,-0.055983930426711764
AC110781.3,-0.05598867708730478
DNAH10OS,-0.05598868201420331
AC068831.16,-0.05599296613396784
ATXN2L,-0.05599314917320275
RP11-88I18.2,-0.055993466275919265
LINC01215,-0.05599583955058292
RP11-70D24.3,-0.05599605271477538
NPAS3,-0.055996438577790186
CTD-2616J11.2,-0.05600090070618259
RP11-110I1.11,-0.05601828127096132
PPEF1,-0.05601844744194023
RP11-304L19.12,-0.056019666511072416
CTD-3214H19.6,-0.05602369689467621
TISP43,-0.05604767778753009
RP4-734G22.3,-0.056056266313260814
MIR2052HG,-0.05606446011947659
CLLU1OS,-0.05606475225827196
LINC01507,-0.05606735159026787
RP11-316O14.1,-0.056076573533605414
RP11-152H18.3,-0.056081116866857794
CSRP2BP,-0.0560818618880612
RP11-250B2.6,-0.05609625673081458
C6ORF141,-0.05609712359068414
RP11-1105G2.3,-0.05609891766917263
RP11-810P12.5,-0.05609905969626565
RP4-809F18.1,-0.05610092966390173
RP11-537H15.3,-0.056102527493780016
SEPT5,-0.05611166439934238
LINC01093,-0.05611262634442594
RP11-493L12.3,-0.056113101843143415
ALG13-AS1,-0.056115043940198776
RP11-365N19.2,-0.056115876759230375
RP11-20B24.7,-0.05611875587348532
RP11-69C13.1,-0.056119449610865145
RP11-320P7.2,-0.05612825677812288
AC006262.5,-0.05613003681394238
PPIG,-0.056134578021304726
RP11-109A6.3,-0.05613469903701389
STT3A-AS1,-0.0561364589115687
RP11-770G2.5,-0.056142321073759494
LINC01229,-0.05614369819299188
RP11-309L24.4,-0.05615201970231615
ZNF527,-0.05615337673916966
RP11-434I12.3,-0.05615459540313418
RP11-471M2.3,-0.05616767065512949
GLCCI1,-0.05616927753282541
RP11-268J15.5,-0.056169283779082174
RP4-613B23.1,-0.05617561877812288
ZNF185,-0.05617679697374878
ERICH4,-0.05617830837346145
CTA-989H11.1,-0.05617962022518756
RP11-255E6.6,-0.05618488432895771
AC118754.4,-0.05618892545621511
YY2,-0.05619346475295789
RP11-290F5.1,-0.05619522206746434
TRGV5,-0.056199060306146326
RP11-394O4.3,-0.056204539700664836
RP5-1073O3.2,-0.05620454646504672
LINC01204,-0.05621198980430475
XXYAC-YX155B6.5,-0.05621524398761113
RP11-22P4.2,-0.056216341214827104
CTD-2349P21.12,-0.056216958697407955
RP4-799P18.2,-0.05622058430298621
ZDHHC15,-0.05622141974592715
RP11-439E19.7,-0.05622146985028835
RP11-236B18.5,-0.05622585377812288
RP11-171I2.2,-0.056226849658721476
RP11-368I7.6,-0.05622703276941298
NIT2,-0.05622927861815641
GOLGA6L22,-0.056233791674404926
RP3-467D16.3,-0.056238116138748476
APOA1-AS,-0.05624502134739687
RP11-543D10.2,-0.056250667401913874
AC139887.4,-0.05625711223212599
SLC39A12,-0.056262444752047336
RP11-756H6.1,-0.056264119143182245
AC005224.2,-0.05626627618435237
RP11-65L3.2,-0.05626646599468499
UGP2,-0.05626806298522369
KCTD9,-0.05626874682793709
FAM71A,-0.056270871243253286
RP11-121E16.1,-0.056271754506568586
RP11-36B15.1,-0.05627313537659938
AC007391.2,-0.056282641566650124
RP11-490B18.5,-0.05628658847742289
RP11-881M11.4,-0.05628699858943917
FAM87B,-0.056287591051521216
RP11-347J14.7,-0.0562880285802485
LRBA,-0.05628918940065969
TEX38,-0.05629027842051161
ZBTB46-AS1,-0.05629485732984866
RP11-134G8.7,-0.056296221576053906
AC006946.15,-0.056300867502869924
THOC7,-0.056301726766429694
IGHV3-33,-0.05630418045284988
OTULIN,-0.056307990658796436
RP11-432J24.3,-0.05631066625431607
RP11-195C7.1,-0.05631788133272911
RP11-167J8.3,-0.05632182222863356
IGSF11,-0.05632558777812288
ERF,-0.056327040466387535
HAR1A,-0.05633381322128957
ANKRD34A,-0.05633450022149386
SUPT5H,-0.05634248686124588
CCDC190,-0.056350424434528895
LBX2-AS1,-0.05635201620836468
RP11-77K12.10,-0.05635231902984702
C5ORF47,-0.056352599524185365
VWA3A,-0.05635476726246251
ITPK1-AS1,-0.05635666307966148
LINC00284,-0.05635870591166131
SPATA13,-0.056360732339556685
RP11-85G18.6,-0.056367189627950315
AC068831.6,-0.05636951911322645
CTD-2369P2.5,-0.05636977796899641
RP11-357N13.3,-0.05637514147789897
ZNF716,-0.056375749310771855
ZBED2,-0.05637903503900174
RP11-94C24.13,-0.056382719519317656
LRRC27,-0.05638795653627615
ZNF578,-0.05638927179353606
IGKV3D-15,-0.05639806617231739
RP11-619A14.3,-0.056401774533063796
LARGE,-0.0564065209964004
PEBP1,-0.056410967853322
AP000350.10,-0.05641543929402916
RP11-504P24.9,-0.05641671156236988
PIP4K2B,-0.056427434646526886
RP13-766D20.2,-0.05643106940622726
RP11-143J12.3,-0.05643171741509673
CTA-384D8.36,-0.05643523654738132
LINC00221,-0.05643929925632614
PPEF2,-0.056439799307191785
AC093802.1,-0.05645095940643369
FAHD1,-0.05645228271245656
ZRANB2,-0.05645808761367149
RP11-136L23.2,-0.056460690765193056
PAX2,-0.056464168785264834
SGPP1,-0.05646695829896675
CTD-2561B21.5,-0.056472765431869604
MAP6D1,-0.05647725783935233
ZBTB41,-0.05648063605652505
GLOD5,-0.05648184766702475
XXBAC-BPG32J3.19,-0.056484824979323243
FAM3D,-0.05649141258062916
SLC26A10,-0.056499394772444506
POLR1D,-0.05650262274700846
AL163953.2,-0.05650490904169381
ADAM20P1,-0.05651025035969959
FAM156B,-0.05651039034086447
LSMEM2,-0.056513317334562184
RP11-713N11.5,-0.05652050993796354
AC007163.3,-0.05652375077812288
SYP-AS1,-0.05652379650224125
RP1-102K2.8,-0.05652754033277228
RP11-1260E13.1,-0.05653010930193203
NUDT13,-0.05653295333456554
RP5-855D21.2,-0.05653399759816955
RP11-517I3.1,-0.056534890208977284
RP11-260M2.1,-0.056540492110408555
RP11-1H15.2,-0.05654308308046131
RP11-661A12.12,-0.05655193591271235
CFAP73,-0.05655228709308629
RP11-353K11.1,-0.05655778075039794
SIAH2-AS1,-0.05656759846632324
AC008592.4,-0.05657736396510761
RP11-434C1.2,-0.056586491829441754
RP11-307E17.8,-0.05658964821121558
CTD-3032H12.2,-0.056590967849787295
RP11-11N7.5,-0.05660097075832732
FAM216B,-0.05660273224774883
CTD-2049O4.1,-0.05661495277812288
RP3-402G11.25,-0.056616062162396466
RP11-26J3.4,-0.056619368653619245
KCNH5,-0.05662039953194914
LL0XNC01-16G2.1,-0.05662736794075505
RP11-37C7.3,-0.056629172281596224
RP11-111H13.1,-0.05664134586469616
LARP1,-0.05664664991844437
NF1,-0.05665114036795571
TMTC4,-0.05665477512554778
RP11-542M13.2,-0.05665688512765138
AC009505.4,-0.05665967842479756
RP11-299P2.2,-0.05665997435950787
AC009065.4,-0.05666475272405937
CTD-3222D19.11,-0.056668037604232294
CTC-336P14.1,-0.05667588171036277
LINC00469,-0.056676385399167736
LINC00707,-0.05667821960145451
MYO16-AS1,-0.05667914351477113
RP11-571L19.8,-0.05668249393561953
LENEP,-0.05668273715784565
AC026150.8,-0.0566905870386963
RP1-78B3.1,-0.05669200691324171
DNAJC25-GNG10,-0.056692176488038634
CTC-340A15.2,-0.05670001697378841
GS1-590J6.3,-0.0567035338874097
RP11-826N14.2,-0.05670445664411444
CTD-2562J15.4,-0.05670701925908795
RP4-756G23.5,-0.05671219714066093
POLR3GL,-0.05671602541229298
RP13-20L14.1,-0.056724992343346936
RP11-154J22.1,-0.056725232494956125
PIK3R4,-0.056727230193191924
RP4-665J23.1,-0.05673382748040154
AP000721.4,-0.05673973971259633
CTC-435M10.3,-0.05674617340171891
CTD-3076O17.2,-0.05675250320897776
CLRN3,-0.05675348308149098
RP11-119D9.1,-0.056756332026667654
RP11-549L6.3,-0.05676352762943526
TRERNA1,-0.05676624602496949
C10ORF90,-0.0567737988177921
SHC4,-0.05677453022519119
RP11-84A14.5,-0.056776618205533994
AC016683.5,-0.05677902113987893
RP11-20B24.5,-0.056789772962933034
IGLV3-16,-0.05679015241435284
IGKV2-29,-0.056792374623182824
RP11-346L1.2,-0.05679345578457475
GS1-166A23.2,-0.05679692312193442
RP11-182N22.8,-0.05679801268549397
CBWD2,-0.056807038225692
RP4-724E16.2,-0.056820619207935796
ATP1B3-AS1,-0.05682195582583206
RP11-494H4.3,-0.056827390027596555
RP11-396B14.2,-0.05682807169155815
RP1-59D14.5,-0.05682885003559185
LINC01234,-0.056836109512635624
RP11-316M1.12,-0.05683687855571663
C19ORF25,-0.05683766397793816
RP11-345J4.3,-0.056843942662819426
RP4-545L17.11,-0.05684890968636884
RP11-304L19.13,-0.05684998978800525
RP11-91I20.3,-0.0568545335935272
RP11-210M15.2,-0.056868829620604945
PSKH1,-0.05686907020106802
TCAF2,-0.05686999290899459
RP11-745O10.4,-0.05687150989450128
CTD-2330K9.3,-0.05687835961966144
RP11-539L10.2,-0.05688016728042748
TRIM33,-0.05689159993158921
LINC00337,-0.05689174554069851
RP5-1139B12.3,-0.05689390917386536
RP11-326C3.13,-0.056893951293214055
OGFR-AS1,-0.056894589157802454
CTC-529P8.1,-0.056901042878757885
RP11-190C22.8,-0.05690913794862922
RP11-1082L8.3,-0.056910737721864335
RP11-653J6.1,-0.05691134793208852
RP11-240M16.1,-0.05691634495250071
TRAV39,-0.05692979581087552
RP11-960L18.1,-0.056929944114253235
RP11-755F10.3,-0.05693581097757959
RP11-88E10.4,-0.056940628126752504
RP11-864I4.1,-0.05694067350978137
RP11-48G14.1,-0.05694215137221104
RP11-12J10.4,-0.05694454394763035
RP5-1056L3.1,-0.05694919588826118
RP4-671G15.2,-0.05695251046244049
KIAA0087,-0.05695325414676704
RP11-722G7.1,-0.05695375118152089
PXT1,-0.05695380891976349
YLPM1,-0.05695862332099677
CASC5,-0.05696422141140182
IGLV5-37,-0.056965794200960373
RP11-264E18.1,-0.056969699148729624
ZNF561,-0.056972135159878534
CTD-3154N5.2,-0.05697333410331816
CDC14B,-0.05697987432343388
CH17-302M23.1,-0.056982937568225304
COPS4,-0.056984592750259244
RP11-362A9.3,-0.05698499937164337
AC087294.2,-0.056985251217520586
CUZD1,-0.05698688977716094
RP11-313P22.1,-0.056988560582064
RP11-254F7.1,-0.056990738880055826
CLVS1,-0.05699259924543624
CTD-2516F10.4,-0.056993473533970954
CTC-543D15.8,-0.05700078182138245
RP11-304L19.11,-0.05700240048914087
RP11-626G11.3,-0.057003734833750874
CTD-3060P21.1,-0.05700961943278332
CTA-268H5.14,-0.05701609985336348
RP11-65L3.4,-0.057021297066650434
DRG1,-0.05702338818060626
DACT3-AS1,-0.057024545664452836
GPRC5B,-0.05702615489298576
MIR181A2HG,-0.05702763074657338
RP11-135A24.4,-0.057029685749854314
RP11-30J20.1,-0.05703319541965188
ZMIZ2,-0.057035258138942224
KRT32,-0.0570368683438711
CHKB-CPT1B,-0.05704138647788369
HMGA1P4,-0.05704948848040037
RP5-965G21.5,-0.057050863894522144
HAS2-AS1,-0.05705183404840744
RP11-58G13.1,-0.05706038374211901
AC009495.4,-0.05706599662241921
RP11-546M21.6,-0.05706909109184209
AC005546.2,-0.05707153867180115
UCKL1,-0.057072854964977215
RP11-83N9.5,-0.05707326876329154
RP11-374M1.4,-0.05707612495386332
TTTY10,-0.05707865497425098
RP11-16E23.5,-0.057079387183556055
RP11-326K13.4,-0.05707980618594047
RP11-715J22.2,-0.05709027418108227
ACSS2,-0.05709205424964392
CEP57,-0.05709652344843241
CH507-513H4.3,-0.05710054863031777
RP11-106M7.1,-0.057112506421312825
ZNF648,-0.05711344155442312
HACL1,-0.05712252996611289
RP11-513M16.8,-0.057122810176691685
LINC00871,-0.05712304587449989
RP11-678G14.2,-0.05712421531837565
TRBV7-3,-0.057124944267392175
RP11-44D19.1,-0.057129347695560384
RP11-77H9.8,-0.057132124581329616
AHCYL1,-0.05713305709430716
AKR1E2,-0.05713606446527314
RP11-15B17.1,-0.057137029824904796
RP11-85B7.5,-0.05713827231744827
C9ORF173,-0.05714129289321909
RP4-646N3.1,-0.057145715421338464
LINC00563,-0.05714631240937833
RP11-111J6.2,-0.05715009859006427
IGSF23,-0.057153826174842444
GTPBP3,-0.057159941006392656
RP11-572C21.1,-0.057166483899416434
RP3-522D1.1,-0.057169380590949226
RP11-92K15.1,-0.05717262488339502
RP11-358B23.1,-0.057190291970278
RP11-21M24.2,-0.057191602956705584
VWC2L,-0.057194138259867376
RP11-299H22.1,-0.057199864291337416
CSNK1G2-AS1,-0.05721650438569677
RP4-537K23.4,-0.05722189576219588
RP11-452K12.7,-0.05722588305439795
LINC00235,-0.057228315867113494
ARID4B,-0.05722839450490247
SPIN3,-0.057232574848649236
RP11-462P6.1,-0.05723450622231736
LINC00320,-0.057235904778122876
RP11-360F5.3,-0.05724039139843503
AC098820.2,-0.05724560640406865
RP11-569G13.3,-0.057247374727447745
CTD-3001H11.2,-0.057250584272450264
BOK-AS1,-0.05725362928016456
RP11-443B7.2,-0.05725959145851439
LINC01096,-0.057260630454343306
LINC01500,-0.057263933964429414
RP11-521O16.2,-0.057265854148900286
RP3-496C20.1,-0.057269797869186484
RP5-1172N10.2,-0.05727476699626726
RP11-187E13.2,-0.05727495280646324
RIPPLY3,-0.05728173690714711
TRMT12,-0.057292680728576684
RP11-121C2.2,-0.05729978066339535
RP11-705C15.4,-0.057301705426151504
CFAP58,-0.0573031267032935
DKK4,-0.057307534349195666
RP4-655J12.4,-0.05731836497433812
ZNF556,-0.05732171585576666
RUFY4,-0.0573228298627518
RP11-90D11.1,-0.05733706784018909
MTHFR,-0.05734694107384153
CTC-559E9.1,-0.057367352035868804
ZNF131,-0.057376456517981456
SFTPD-AS1,-0.05738092134622727
C12ORF56,-0.05738384266518133
SNURF,-0.05738410850720305
ZNF485,-0.05739130267372426
GDNF-AS1,-0.057391954947595136
LINC01468,-0.057393512668189345
TTC39C-AS1,-0.05739404190899767
SFRP5,-0.057411095519455224
RP11-325L7.1,-0.05741326740475167
RP4-535B20.4,-0.057414638708051295
RP11-816J8.1,-0.05741569434864095
RP5-1024G6.2,-0.05742139805583614
DDX39B-AS1,-0.057424395992692286
KBTBD8,-0.05742632771729217
RP11-384J4.2,-0.057426712469132626
RP11-800A3.3,-0.05742715034001384
NUTM2D,-0.057432157033467324
TULP2,-0.05744310506287653
RP11-284F21.10,-0.057443750224893744
AC074183.4,-0.0574519394995627
RP11-112J3.15,-0.0574665758239552
RP4-569M23.2,-0.057468610746346155
RP11-1072C15.4,-0.057470637328031815
RP11-485G7.5,-0.057471648818600805
MIR4300HG,-0.05747699932713267
RP11-557L19.1,-0.05748224943932897
RP5-1186N24.3,-0.057482595668936556
LINC01429,-0.057488284090099456
RP1-257A7.5,-0.057493568599116224
RP5-862P8.2,-0.057495111867354336
FAM170B,-0.05751425810533035
LA16C-313D11.9,-0.057516897746675386
C21ORF91-OT1,-0.05751839881412663
AP001058.3,-0.057519889779415585
LA16C-385E7.1,-0.05752908128957415
DCDC1,-0.05753316953916082
C11ORF65,-0.057543263888683936
RP11-15A1.2,-0.05755009140726333
RP11-283C24.1,-0.05755043012498073
H2AFB3,-0.057554855826553786
CTD-2240J17.1,-0.05755603393257542
RP11-352D3.2,-0.0575744345491561
RP11-244F12.3,-0.057578099498269725
NUP155,-0.05758205239762648
AC004490.1,-0.057590033188683505
RP5-1186P10.2,-0.05761043071930394
ZNF98,-0.05761802266360617
RP11-1100L3.7,-0.05762354328129424
RP11-168O16.1,-0.05762582741867112
LINC00216,-0.05764191660800737
STX17-AS1,-0.05764422461929684
SLC25A16,-0.05764805268236273
CTD-2026D20.2,-0.05765452479068148
CTC-281F24.1,-0.057655550256490044
RP11-298I3.1,-0.05765592771147125
CTD-2095E4.5,-0.0576584424312919
AC092620.3,-0.057665036290381506
TRPS1,-0.05767048703526917
RP11-259K5.1,-0.05767346476392879
RP11-57C13.3,-0.05767768866147465
RP11-17G12.3,-0.05768748658926338
CTC-239J10.1,-0.05769291648892613
RP11-66B24.1,-0.05769420797608021
RP11-127B16.1,-0.057696079881477694
CTD-2054N24.2,-0.05771068883262786
CTD-2192J16.20,-0.05772320646848264
RP11-344E13.4,-0.05772398487205086
DDR1-AS1,-0.05772707691785515
TMF1,-0.05772924182782635
TUSC8,-0.057732485408286294
LINC01598,-0.057732934241511616
RP11-340I6.8,-0.05773706394224924
C1QL4,-0.05773773349074522
AHCTF1,-0.057751459370697256
RP11-394I13.3,-0.057752582596364045
SLC25A27,-0.057752636619787495
RP11-1223D19.1,-0.057753649168930804
TMEM179B,-0.05775619937986126
LINC00865,-0.05775851753142788
ABCB7,-0.05776545083217666
RP11-415F23.2,-0.05776987080396938
AC015971.2,-0.05777566532417809
TOP3B,-0.05778693784361211
MIR3681HG,-0.057787986867341185
AC093382.1,-0.05780277393259141
USP47,-0.05780921594280869
FUT8-AS1,-0.05781118737830371
RP11-264B14.1,-0.05781201466161755
SPRY4-IT1,-0.057815606483376025
RP5-1113E3.3,-0.05782393229317172
FAM64A,-0.057839909668243504
RP11-561O23.8,-0.05784055924896773
WARS2,-0.0578490544558693
RP11-672A2.6,-0.05784911262329038
RP11-998D10.4,-0.05785848716858952
HAUS3,-0.057863703159327595
PBOV1,-0.05786432158108692
IGLVI-70,-0.05786765112453364
RP11-115J16.1,-0.05787737140629304
RP4-735C1.4,-0.057878630933661135
RP11-16B13.1,-0.05788092540130917
ATP8B4,-0.05788935293064196
RP11-382A20.7,-0.057889703673294185
TERC,-0.057905781380017375
AL928768.3,-0.05791075869517111
CTD-2006K23.2,-0.057915927794639555
MIR193BHG,-0.057920975871766284
RP11-61O1.1,-0.057928230158947824
RP11-375I20.6,-0.05795721036399648
RP5-1057J7.7,-0.057963215380350624
FALEC,-0.05797491670822873
RP11-150O12.3,-0.057975414536672196
DHX34,-0.0579915392057736
TRAV14DV4,-0.058032071749871086
WI2-85898F10.1,-0.058034402955793866
CTC-542B22.2,-0.058036432942383295
CTD-2342N23.3,-0.05804996712511365
RP11-252C15.1,-0.05807451130823426
RP11-384K6.8,-0.0580824530779386
DALRD3,-0.05808331571611286
RP11-269M20.3,-0.05809716142096202
MICALCL,-0.05811650824326551
TMUB1,-0.05812120480856792
FOXL2,-0.05813321967849078
CTB-11I22.1,-0.05814378957686659
CTC-490G23.2,-0.0581531079438774
RP11-54O7.18,-0.05815321148168981
ECEL1,-0.05815821444830076
RP11-10N16.2,-0.05816437620356409
RP11-111F5.4,-0.05816998702501692
LINC01021,-0.05817091448845238
RP11-847H18.2,-0.058172033031003365
RP11-243M5.1,-0.05817219017319872
TRBV6-1,-0.05818002995831875
PDE1A,-0.05818105393756179
TMPRSS12,-0.05818777335862658
CBX8,-0.05818950690289054
TOLLIP-AS1,-0.058192732277541306
RP3-414A15.10,-0.058194930694699665
RP11-203M5.7,-0.058198107338637894
IGKV1-9,-0.05820422611377074
CTD-2192J16.26,-0.05821222416946585
OARD1,-0.05822639384201983
RP11-243J16.7,-0.05824848749779242
PI4KB,-0.05826172172996835
RP11-239E10.3,-0.058270805520444835
RP1-40E16.9,-0.05829334130373977
TRAV13-1,-0.05831426554009743
SAMD7,-0.058318262849073654
AC024704.2,-0.05832124746628295
CCDC89,-0.05833159650437953
MAPK8IP3,-0.05833966726511525
BRINP3,-0.05835529283314284
IGLV3-19,-0.05836213546576061
RP11-126L15.4,-0.05836333721103499
RP11-1399P15.1,-0.058374643433224044
AC099342.1,-0.05837520034282567
RP11-268G12.1,-0.05837950880574848
RP11-62H20.1,-0.05838890520015669
LINC01567,-0.05840525326574053
RP11-79O8.1,-0.05841469821814359
WDR92,-0.05842042855967505
TTC39A-AS1,-0.05842325102652829
RP11-218C14.5,-0.05842885581073437
RP1-151B14.6,-0.058448919761753815
ILDR1,-0.0584501514025203
RP4-800J21.3,-0.05845190782718519
SKIV2L,-0.058452383234605665
TMEM98,-0.05846507496585723
RP11-203E8.1,-0.05846961487314195
CCDC124,-0.0584790769082878
RP5-1098D14.1,-0.05847910212705399
RP11-803B1.8,-0.05849257024766608
CASC11,-0.05850988649298591
RP11-83C7.1,-0.058510163753257446
RP11-596D21.1,-0.05852257227422787
CTD-2189E23.1,-0.05852278567877512
LINC01607,-0.058523883799096704
DDX41,-0.05852488360649011
RP11-357P18.2,-0.05853141353640373
TTC36,-0.058532289457401736
CH17-224D4.2,-0.05853594452828117
INTS3,-0.0585382918093329
RP11-356K23.2,-0.05854976032966974
LINC00524,-0.05855473814503148
PRPF19,-0.058559533170119416
LINC00942,-0.05856151041726777
MIR548XHG,-0.058565188335570256
CTC-508F8.1,-0.058565878719627686
THRIL,-0.05857616436645086
FRMD6-AS2,-0.058577457974097594
AP006621.8,-0.0586005694862855
OR5P2,-0.058612472874265076
PIP5K1A,-0.058620503781323996
RP11-187O7.3,-0.058626197957554624
RP11-16K12.1,-0.05862642516926928
RP11-60A24.3,-0.05863382617083272
AC016910.1,-0.058635528742480444
RP1-261G23.7,-0.05863775692641149
IGLC6,-0.05865556574331891
PET117,-0.05865815837882826
ASNSD1,-0.05866674329032717
RP4-594I10.3,-0.058682056333433215
AL365181.2,-0.058685892703246346
C3ORF49,-0.05868695660260888
RP11-3D4.3,-0.05868901951348304
ITPR2,-0.05868924827804234
GIPC3,-0.05869082561456878
RP11-586D19.2,-0.058691062947179254
CTD-2561B21.7,-0.058695958408427736
PITRM1-AS1,-0.05870069435780939
MORF4L1,-0.05871538166668788
NR1D2,-0.05874159625063913
ZNF419,-0.0587472737765037
C7ORF72,-0.05875159231911016
RP4-686C3.7,-0.058752541896918135
RP11-76C10.5,-0.05876767614417936
RP11-46O21.2,-0.05876830235818847
RP11-379B18.6,-0.05877713666594117
RP11-159F24.6,-0.05877862766357267
CTD-2207P18.2,-0.058798280204337035
RP11-433M22.2,-0.05880311176581504
LINC01516,-0.058810960865822756
MGC45922,-0.05883057379241037
RP5-1142A6.8,-0.05883516344195996
CTD-3025N20.3,-0.0588380985866353
IGLV8-61,-0.05885913845769233
TRBV7-2,-0.05886353697650723
BEND4,-0.05886666956721416
ADGRD2,-0.05889380132239189
FOXN3-AS2,-0.058896616010582395
AC093627.10,-0.05890643678822696
PTPRH,-0.058907132400047635
RP11-655C2.3,-0.058911751555020105
SUMO2,-0.05891594397846467
LGALS12,-0.05892806346304231
PTPRF,-0.05892954078552415
RP11-866E20.3,-0.05893032335397595
TRAPPC6A,-0.05893341747837216
RP11-78L16.1,-0.0589340237783235
RP11-69I8.3,-0.058938712380574895
RP11-678G14.4,-0.058941148260487075
RP11-702H23.6,-0.058945723417251766
RP5-1024G6.5,-0.05895821623140891
RP3-323N1.2,-0.058958577288680813
LINC00304,-0.05896574094272112
RP11-572O6.1,-0.05897282943270348
RP5-842K16.1,-0.05897784838962469
P4HTM,-0.0589835646025243
CTD-2236F14.1,-0.05899755486554409
LINC01136,-0.059002369905929906
CTTNBP2NL,-0.05901332625167055
BDNF-AS,-0.05902227299029138
STMND1,-0.05902232618138582
CTD-2302E22.4,-0.05902556470145341
MYCNOS,-0.0590341116322997
COPS2,-0.059038652716809525
USP9Y,-0.05904777414869933
RP1-286D6.5,-0.05904896054632252
C17ORF96,-0.05905007440098667
FAM129C,-0.05906287321398336
RP11-53B2.4,-0.05906417791523645
KB-1043D8.6,-0.05906992177319781
PCDHGA12,-0.059075348806767736
AC004221.2,-0.05908348859141083
SYCP2L,-0.059085134447559015
FANCM,-0.059089963412558344
FAM95C,-0.05909853412114141
RP11-15I20.1,-0.05910671781898216
LINC01036,-0.059107540494712923
IFNLR1,-0.05911452959286201
AC010096.1,-0.05912189216439027
KCTD10,-0.05912286285408086
RP11-285E23.2,-0.05913291162892176
USP9X,-0.059134124152139034
TAT-AS1,-0.05913977096652427
PDE7A,-0.05914882385481046
KB-1183D5.13,-0.05915749610254228
CTA-342B11.1,-0.05915859949208716
AP001469.9,-0.05916030373103721
TRPT1,-0.059163739945493954
BAZ1A,-0.05918603197071959
BRCA2,-0.059188274937055474
CDIPT,-0.0591910194137204
KIAA1614-AS1,-0.05919301022505578
AC007966.1,-0.05919321566948211
RP3-439F8.1,-0.05919618078515552
DEPDC4,-0.05920282989419212
IGHV4-4,-0.05920337052973754
RP11-630C16.2,-0.05920495021845565
COPG1,-0.05920876660730123
FGF14-AS2,-0.05921544589594553
JMJD1C-AS1,-0.05921721736601882
GATA3-AS1,-0.05922133507298673
RP4-765H13.1,-0.059221786031348825
DUBR,-0.059233551510494246
FAM181A-AS1,-0.05924884287748239
RP5-1159O4.2,-0.059254701510394546
MAGEF1,-0.05925912207416889
SCGB1B2P,-0.05926044781074519
RP1-86C11.7,-0.05926584009505638
RP11-461M2.2,-0.059266734363040904
RP11-269F19.2,-0.059281557191612086
CTD-2538C1.2,-0.059288634058246394
CTD-2066L21.3,-0.059289799630226986
LINC00923,-0.059294879543422746
LINC00640,-0.05929782963186539
VIPR1-AS1,-0.059300032705271066
RP11-244M2.1,-0.059317586210023435
RP11-435I10.4,-0.05933553871846431
VPS33A,-0.05939094424141833
ZNF724P,-0.05939362521717865
AC009473.1,-0.05940551817359785
CTD-2325M2.1,-0.05941089723964642
AC002116.7,-0.05941512533178076
TIMM23,-0.059418168515104064
RP11-445N20.3,-0.059424675433778114
RP11-574F21.3,-0.05943511313753358
GATB,-0.059465359531092665
LA16C-321D4.2,-0.059482840040755026
LINC01209,-0.05948492169465845
RP11-316M21.6,-0.05948925915249431
KCNIP4-IT1,-0.05949439599397532
LVCAT1,-0.05951181166445711
UBP1,-0.059514397534950636
LINC00412,-0.059515501733384005
SLC14A2,-0.059528698153800796
AC009501.4,-0.0595379869432078
AC114271.2,-0.05954069687282457
RP11-867G23.2,-0.05954653022227295
TBC1D3L,-0.059556522558950664
RP11-53M11.3,-0.05956665979010782
LINC00982,-0.059573360858825516
RP11-815J21.3,-0.059573784583370995
CORO7,-0.05957388089725357
RP6-99M1.3,-0.05957518706176954
PLGLB2,-0.05958015260614706
RP4-809F18.2,-0.05958487617957729
RP11-419I17.1,-0.05958580514358875
RP13-126P21.2,-0.059590586286890714
RP11-16C1.3,-0.059597632979103664
SPATA8,-0.059602128696748066
KATNB1,-0.05961598378618632
AC114730.5,-0.059616146178382956
HCG25,-0.059623204148776046
RP11-370I10.12,-0.05962730013372186
KLK10,-0.05962944245078655
FAM19A1,-0.05965399073588438
RP11-676J12.6,-0.05966194377912765
ZNF92,-0.05966283752965934
TRAK2,-0.05966311393478951
RP11-274B21.9,-0.059669019432878015
RP11-345P4.7,-0.059683163318004516
BABAM1,-0.05968950523541394
LINC00491,-0.05969000423708548
CTD-2078B5.2,-0.05969863117512563
RP11-324E6.6,-0.05970828246678124
RP4-555D20.4,-0.059710776914587406
RP11-455J20.3,-0.05971547977681157
LA16C-316G12.2,-0.059717269676844126
ZNF311,-0.059723187214347585
NASP,-0.05973703299949745
RP11-344P13.4,-0.05975219850537773
DNMBP-AS1,-0.05975437538457949
RP11-589P10.5,-0.059771065482244486
CTD-2509G16.2,-0.05978775397600858
C9ORF66,-0.05979077594197272
TMEM81,-0.059794715558082356
CTR9,-0.059806082228425206
RP11-87F15.2,-0.05981343922384482
RP11-989E6.10,-0.059819359164712475
RP4-718J7.4,-0.059833615299040105
RP11-152N13.5,-0.05984981264658091
RP3-395M20.9,-0.05986310089072534
AC064834.3,-0.05986379286031659
LLNLR-304G9.1,-0.059867251090715015
AC019181.2,-0.059867573644747325
RP1-15D23.2,-0.059869307521246584
LRRC16B,-0.05987128256024617
FAM196A,-0.05987892967435127
RP11-384F7.1,-0.05988128083772339
RP11-278A23.4,-0.05988746126742507
RP11-374A4.1,-0.05988945128347304
ZBTB7B,-0.05989112238794603
P2RX5-TAX1BP3,-0.05989180115028218
TUNAR,-0.05991526302273481
LINC01336,-0.05992118142669703
CDR1-AS,-0.05992562192891352
AC093620.5,-0.05992694240237856
FKBP3,-0.05993112304199866
C9ORF43,-0.05994361973390325
APC2,-0.05995190877599399
RP6-109B7.2,-0.059956064986317656
ADARB2-AS1,-0.05996356722822259
RP3-403A15.5,-0.059964016717805574
ZDHHC2,-0.05996460632842704
CIR1,-0.05997970254504137
RP11-582J16.4,-0.0599902757242175
RP11-413M3.4,-0.05999154165741791
RP11-110I1.13,-0.060011559540662125
AC027601.1,-0.06001522033635416
ENTPD1-AS1,-0.06002520264003622
AC100830.5,-0.060046342807410044
RP11-177H2.2,-0.06004763244841643
RP4-751H13.7,-0.06005097239648234
RP11-495K9.3,-0.06005239038146767
C1ORF210,-0.060059481111125475
RP11-173A6.3,-0.06007353638675289
ZNF497,-0.06007387065930491
PSMD6-AS2,-0.06007500877849921
RP11-452H21.4,-0.060082403072339065
PDP2,-0.06008947992117675
RP11-387M24.5,-0.06009057944775689
RP11-92K15.3,-0.06009200153434448
AC068831.15,-0.06009728556947978
AADACL4,-0.06011155380346253
RP11-526F3.1,-0.06011439389933124
PGRMC1,-0.06011708837540014
RP11-458J1.1,-0.06012113142136132
TRAF4,-0.06012246994806264
AC092171.4,-0.06013139173453495
MLK7-AS1,-0.06014301901629494
AC007040.11,-0.060151231568336655
RP11-91K8.5,-0.06016157254699735
RP11-284F21.11,-0.06016318092322962
TRGV7,-0.060171327124839136
RP11-66N24.6,-0.060173712643731114
RP11-1081L13.4,-0.06017694643365048
REPS2,-0.06017939227287483
RP11-307C12.13,-0.06017980800893391
CTA-212D2.2,-0.06018685565376718
CTD-2587H24.10,-0.06020183534884785
RP11-429J17.8,-0.06020580933317334
FEV,-0.060212050900217196
CXORF57,-0.06021864943478296
PROM2,-0.060232879578574684
P2RX2,-0.060233474711608836
RP11-963H4.3,-0.06023689791944547
RP11-134O21.1,-0.060242932171124426
IMP4,-0.0602430886531925
RIOK3,-0.06025151933177403
RP11-426L16.9,-0.06025293164419947
AC079807.4,-0.06025312325303879
LRRC9,-0.06025403832701556
CTC-548K16.5,-0.0602586734881437
RP11-109E12.1,-0.06025874161245075
RP11-405M12.4,-0.06026098772215355
TRIM13,-0.06026196876409229
RP11-45P15.4,-0.06026523327251401
AP001189.4,-0.06026792961797077
CTD-2117L12.1,-0.060269285918925976
CTD-3224K15.2,-0.06027134631710264
RP11-184M15.2,-0.06029439588417927
CTD-2616J11.14,-0.06031045315273817
KCNIP2-AS1,-0.06031157606436292
ZCCHC18,-0.06031986982471197
RP11-467P9.1,-0.06032542452765772
AC092667.2,-0.060325611736314996
RP11-646I6.5,-0.06033304324533792
SEPT3,-0.060337123084256136
RP11-228B15.4,-0.06035149516181411
B.2.1,-0.0603585976815769
RP11-20G13.2,-0.060359978001677
RP4-576H24.4,-0.060369848193374
B.4,-0.06037415972072149
FLJ37035,-0.06037508381337438
MBIP,-0.06037521309651128
C1ORF61,-0.060377180560585476
PPP6R2,-0.06037981825195271
RP11-181G12.2,-0.06038676197060561
CTC-518P12.6,-0.06040234389079629
RP11-322E11.2,-0.06040258332760728
RALY-AS1,-0.060404921802675954
RP1-7G5.6,-0.06040571525778075
RP1-125I3.2,-0.06040626386278532
AC007383.3,-0.06040729225300538
ST7-AS2,-0.06041001447467116
RP1-80N2.3,-0.060418636289595984
RP3-406P24.3,-0.06043661011334098
RP5-828H9.1,-0.06045424298691048
LA16C-352F7.1,-0.06046450504518896
RP11-22L13.1,-0.0604709393569703
RPL10L,-0.06047372719517319
MCIDAS,-0.060485236002971066
CTD-2554C21.3,-0.06048865641924117
LA16C-349E10.1,-0.060493034461239666
LINC01254,-0.06049554458812252
RP5-1120P11.3,-0.06049568368838157
RP11-573G6.10,-0.06049772375207913
RP11-53O19.1,-0.06049870060528626
LRRD1,-0.06049899636400054
RP11-894P9.2,-0.06049952013552176
CTD-2349P21.9,-0.060518425361723915
FAM153B,-0.06051979591641041
SMARCA5-AS1,-0.060520934399342224
RP11-229P13.19,-0.060532670507485044
HES5,-0.06053288729017736
LINC00299,-0.060533326457476326
RP11-20B24.4,-0.060536420407179416
RP11-318E3.9,-0.06053981823390512
LINC01606,-0.060543142214640536
ZNF598,-0.060543593597498835
SLC25A21-AS1,-0.0605438880594225
RP11-359E10.1,-0.060544685141176974
CTD-2540M10.1,-0.06055515349510217
LBX2,-0.060556972565828524
RP11-78A19.3,-0.06056277937756548
RP11-798G7.5,-0.060576296697127385
RP11-66N11.8,-0.06057956655193837
RP11-248M19.1,-0.0605858417604672
CTA-363E6.2,-0.06059061028186216
ZNF562,-0.060592909781232496
DMTF1,-0.06059380819892807
RP11-10H3.1,-0.060606008887931384
POPDC3,-0.060606060093851076
GNA11,-0.06064158725581237
RP11-616M22.3,-0.06064261507034609
RP11-672A2.5,-0.060648197795954414
CT45A10,-0.06066498378989055
PBX2,-0.060691158357641384
RP11-728E14.2,-0.060697591555626006
C10ORF95,-0.06069868965018251
RP11-326C3.15,-0.06070446871186749
ATP13A2,-0.06071945480864188
SPECC1,-0.06072172431190337
LRRC24,-0.060724622361735384
RP5-1157M23.2,-0.0607253662067123
FRMPD3,-0.0607259485458905
SAXO1,-0.06073825768294462
CTC-498J12.1,-0.06074603597652312
SPINK9,-0.060753824444598425
RTKN2,-0.060756371046281746
RP11-83M16.5,-0.060760020751389074
AC104654.2,-0.060767559081537185
RP11-106M3.3,-0.06077417747151435
RP11-93B14.10,-0.06077530364931491
C17ORF105,-0.06078119520072492
RP11-509J21.2,-0.06078201028623483
SLC47A2,-0.06078787010753656
LINC00313,-0.06078961984372847
TRAPPC2,-0.06079347676951019
RP5-1024G6.7,-0.060795157850208836
RNU6ATAC35P,-0.060797252206248195
RP11-297A16.2,-0.060799000789528726
RP11-1103G16.1,-0.06080109584157127
RP11-498P14.5,-0.06080135187603747
RP11-15A1.7,-0.060807655866715785
CTD-2024P10.2,-0.06080837912217174
RP11-166B2.8,-0.06081107934782923
SCAMP5,-0.06082129288134441
ZNF793,-0.06082308068090184
RP11-766N7.4,-0.060837797529075546
TMSB15B,-0.06084922863698673
ZBED8,-0.060858225790105636
SMCO2,-0.06086220453023686
IGLV6-57,-0.06088368459593813
RP11-439L18.2,-0.06089166452941387
KLRG2,-0.06089656504184887
RP11-68I3.5,-0.06090079266693786
RP1-256G22.2,-0.06091363897048205
RP11-21B23.2,-0.06091553849509167
RP11-774O3.1,-0.06091623369288248
RP11-235C23.5,-0.06091757748003971
LINC00102,-0.06092474201025595
ENDOD1,-0.0609250990856996
RP11-406H21.2,-0.06093801117101447
TMCO2,-0.060938894873627227
RP11-290D2.6,-0.06094190076341576
TEFM,-0.06095397695507082
RP13-1032I1.11,-0.06095690965995225
CTA-407F11.8,-0.06096632707090553
RP4-781K5.4,-0.06096914401570381
RP3-394A18.1,-0.060974884917294254
RP11-192H23.5,-0.06097698909242519
CTB-35F21.1,-0.06099918299554791
RP11-640N11.2,-0.06101809118358144
RP11-438L19.1,-0.06102228708536792
C4ORF51,-0.061034096104032265
CTA-363E6.5,-0.061051630208389274
RP11-173P15.3,-0.06105234255563534
CTD-2521M24.6,-0.061053467567841135
CTB-43E15.1,-0.06106729141972006
RP11-403I13.7,-0.061076120367706446
TRAV40,-0.0610823381137518
RP11-448G15.1,-0.061084655248966994
AC004012.1,-0.06108779193985407
TRBV6-8,-0.06109100853622132
ZHX1-C8ORF76,-0.06109602375665469
LINC01176,-0.06110416918980904
GS1-124K5.3,-0.06110523846182492
RP11-338L22.2,-0.061116822636136395
RP11-276H7.2,-0.06113251171980344
RP3-330M21.5,-0.06113609291580847
RP11-865I6.2,-0.061151724548566586
CTC-273B12.10,-0.06115273083004068
EIF2B1,-0.061154347295353295
RP11-867G2.6,-0.06115447525735228
RP4-594A5.1,-0.06115458934575393
CTD-2537I9.12,-0.06115782955189854
DSCAS,-0.06115948855432483
ZNF891,-0.06117288436612719
LRRC66,-0.06119264798369982
HOXA-AS3,-0.06119796996238546
RP11-269G24.6,-0.06120156699318682
RP11-159D12.10,-0.06120422141893999
RP4-530I15.9,-0.06120506632919441
ZFP3,-0.06120626286849165
CTC-251D13.1,-0.06122236392792897
CTC-241F20.4,-0.06122283174531172
FAM157B,-0.06122352390300892
CTC-384G19.1,-0.061226361089815204
AC093375.1,-0.06124207261709376
UBA6,-0.06124691238386204
PCAT1,-0.0612471829540522
THOC1,-0.06125069394653909
CTC-510F12.2,-0.06125793822181484
TMEM89,-0.06125975992740636
LINC00311,-0.061266110747690325
RIC8B,-0.0612799550744218
RP11-135L13.4,-0.06128440891714671
RP5-1021I20.5,-0.06128822583613648
AP002954.4,-0.061288606512216556
MAP2K5,-0.06129032322039141
CTC-360G5.9,-0.06129157158489579
AC079742.4,-0.06129784670879161
RP11-621L6.3,-0.061305601225043235
RP11-367N14.3,-0.061310600759956514
GPSM1,-0.06131070404676542
RP11-179K3.2,-0.06131478506529215
PGAM5,-0.0613155184155702
MIMT1,-0.061326833922139154
U47924.32,-0.06134067999868339
CTD-2260A17.2,-0.06134136100282649
CLASRP,-0.061342681195241
RP11-351A11.1,-0.061347271824510774
GLB1L3,-0.06135183562268148
RP5-921G16.1,-0.06135420301777233
KCCAT211,-0.0613644114122795
SRRM2-AS1,-0.06137428055716898
RP11-498C9.3,-0.06137654673558192
U47924.27,-0.06137682392727486
AC002454.1,-0.06137826448832644
PC,-0.06138026147469411
RP5-1057I20.4,-0.0613814540648374
SUN2,-0.06139877129935628
TRAPPC6B,-0.06139993840088109
RP11-323N12.5,-0.06140096323225152
RP11-196G18.3,-0.061405216274181815
CTC-325J23.2,-0.06141217136651851
TEF,-0.0614192732846619
LA16C-60D12.1,-0.061420819056973885
C1ORF159,-0.061427435367292
C2ORF71,-0.06143259635039829
CTD-2540L5.6,-0.06143896661485006
ZAR1L,-0.06144353950482485
CCDC85A,-0.06145091731185373
AK2,-0.06145159262715583
CTD-2033D15.3,-0.06145399340576657
AC092535.3,-0.06146284821449734
RP11-348J24.2,-0.06146938981291035
SLC47A1,-0.061481558096983524
RP11-432I5.8,-0.06148980434478862
RP11-359K18.3,-0.061494197325781
HMSD,-0.061499133612072744
RP11-424M24.5,-0.06150591836748935
RP11-473O4.4,-0.0615066824332517
KREMEN1,-0.061510686973256845
RP11-728K20.3,-0.06151639962652934
TCFL5,-0.06151932777740014
CH507-338C24.1,-0.06152642595420868
RP11-976B16.1,-0.061551899040350584
LINC01271,-0.06155300594754494
UXT-AS1,-0.061566381305204455
RP11-578F21.6,-0.06157057227368575
MAD2L1,-0.061587545555076506
LEMD1-AS1,-0.06159252289657991
RP11-390E23.3,-0.061600017392520356
RP3-500L14.2,-0.061604314291729495
SEMA3B-AS1,-0.0616068415909469
RECQL4,-0.06161536865894823
IGHV4-31,-0.0616183698923287
RP11-522I20.3,-0.06162319865513313
PNPLA4,-0.06162373990611092
REG3G,-0.06162880685519029
DMWD,-0.0616334897304317
RP11-449P1.1,-0.061636695682081064
RP5-1050D4.4,-0.061638264102495136
NOP56,-0.06164227815650003
APITD1-CORT,-0.06164385483578659
RP4-585I14.3,-0.06164783341233144
ZNF681,-0.06165817182897639
DSCR8,-0.061667205389810575
DNM1P35,-0.06167550665307393
AC002128.5,-0.06167841634510411
GABRG3,-0.06167868650337227
NFYC-AS1,-0.06168384446279084
CTD-2562J15.6,-0.061691871648372594
RP11-881M11.2,-0.06169435495076122
RP4-635E18.8,-0.061702844950916796
FAM122C,-0.06170441167280329
AC006129.1,-0.061713709845172555
PADI1,-0.06171756600990842
AC019117.1,-0.06172579202740884
AC015922.6,-0.061731871980783073
SPDYE1,-0.06173608474358694
GS1-124K5.11,-0.061739083836577204
XXBAC-BPG170G13.32,-0.061748451415655776
TIGD1,-0.06174850310021235
ACOT8,-0.06175315805381504
RP11-167N4.2,-0.06175429240263036
AP001432.14,-0.061760570456115306
CELF2-AS1,-0.0617670356868613
AC093642.3,-0.06178515750973554
RP1-232L24.3,-0.06178911839735124
FAT3,-0.06179331099548746
TXNDC9,-0.061801120280335686
AP000654.4,-0.061803812075839334
FAM106A,-0.06180440531866459
CTD-3088G3.6,-0.06181055655051874
ZFYVE16,-0.06181394958779041
RP11-1006G14.1,-0.061818867524158716
RP11-254F7.3,-0.06183144486648943
RP5-851M4.1,-0.06183242488211121
C7ORF61,-0.06183736927632966
CXORF56,-0.061838704822567925
RP11-138P22.1,-0.061840150987671615
TMEM132B,-0.06184708736546276
RP11-689K5.3,-0.06185238414308101
RP11-714L20.1,-0.061859848774172284
FBXW2,-0.06187119038164124
AP000439.1,-0.06187163016892642
NADSYN1,-0.061871792710742
EDDM3A,-0.06187316644397951
RP11-121P12.1,-0.061879177658651065
RP11-264L1.4,-0.06188369363237674
C17ORF49,-0.06189340248382891
AL589743.1,-0.06189900434270955
PCBD1,-0.061900949147169704
RP11-95I16.2,-0.061916130759201375
ZMIZ1-AS1,-0.06191658294132371
HCCAT5,-0.06193086849240261
TMEM88B,-0.061932284702651455
RP11-77K12.1,-0.061935435585808926
LINC00592,-0.06194683523958734
CAPN10-AS1,-0.061952345059677415
XRCC2,-0.061964312371093344
RP11-381N20.1,-0.06196471945114155
RP11-697M17.2,-0.06196622167731384
ZNF669,-0.061967117586174056
RAB11FIP4,-0.06196914828423178
RP5-1139B12.2,-0.06197212463687326
RP13-516M14.10,-0.061973622505505074
KANTR,-0.06197748841770063
RP11-35P15.1,-0.06198130387269786
RP11-107F6.3,-0.061985044923530686
WDR5B,-0.061985543587089464
TLR8-AS1,-0.06198982809795106
RP11-162G10.5,-0.06199254155746988
SKOR2,-0.062001394800446086
RP11-362K14.7,-0.0620158818659792
TMEM244,-0.06201617137254847
RP1-55C23.7,-0.06201699701895425
RP11-401P9.4,-0.0620171149610218
RP11-689P11.2,-0.06202476702370392
RP11-23E10.3,-0.06205256067134679
RP11-312B8.1,-0.06205718633660716
PRNCR1,-0.06206103622000006
RP11-797H7.5,-0.06206378456353234
CTA-384D8.33,-0.06206507205287058
CTD-2619J13.13,-0.06206613943783424
RP11-87P13.2,-0.06206753348943937
NKX6-3,-0.062076157173409086
RP3-337O18.9,-0.062081794836134754
RP4-640H8.2,-0.06208548909185093
RP11-402G3.3,-0.06209498404700223
SYT14,-0.06211034290688881
LINC01305,-0.062114578635304535
CTD-2619J13.17,-0.06212441718046248
AC105402.4,-0.06212721965392683
AC005954.4,-0.062130341756927776
FAM71F1,-0.06213737925965536
SGK2,-0.06214824811777947
C1ORF87,-0.06214937117467413
FAM199X,-0.06215463046642544
ALG9,-0.062156624178738906
RP11-361D15.2,-0.06215701870245513
ZBED3-AS1,-0.062160270991613004
RP11-482D24.3,-0.06216203826420119
ZBTB20-AS2,-0.06216479577386377
THOP1,-0.062165732246855177
NDOR1,-0.06218007564718203
RP11-314C16.1,-0.06218153154162972
RP11-381N20.2,-0.062194042088245347
RP11-373D23.3,-0.06219449988127772
LENG1,-0.062197235354550684
RP11-203B9.4,-0.06220656142723318
ZFYVE9,-0.0622109170224352
RP11-164H13.1,-0.062219259986350556
RP1-45I4.2,-0.06222131608917736
ARFIP2,-0.06222196113305367
RP11-332J15.2,-0.06222342058511592
AC004549.6,-0.06222564316556943
AP003774.4,-0.06222569468926614
CTD-2568P8.1,-0.06222831840516982
NUP98,-0.06223012241757242
FAM89B,-0.062240581380688886
RP11-318A15.8,-0.06224394009525559
RP11-626G11.1,-0.062249528973137076
AP001062.7,-0.062258468969562566
CTC1,-0.062263641833331995
RP11-166A12.1,-0.06227174478113788
FBXO28,-0.06227441596371891
MAGEB2,-0.06228179490543886
CTD-3051D23.1,-0.062287850529696286
CFAP100,-0.06230076199918999
GAN,-0.06230154254963549
RP11-276H19.2,-0.06230547181504541
LINC01551,-0.0623078109695072
RP11-459F6.3,-0.06231007912442013
AC073343.13,-0.06232351902292943
RASGEF1C,-0.06232497437331697
RP11-442N1.2,-0.06233395514382503
LINC01539,-0.06235361500473843
RP11-111K18.2,-0.062357740367390294
RP11-173M1.4,-0.06236569842545517
SLC27A5,-0.062366863445306064
RP11-739L10.1,-0.06237122491312044
PLCL2-AS1,-0.06237321736908984
ZNF594,-0.062384145671603386
ZNF436-AS1,-0.062410255890006476
PDE1B,-0.06242069308464804
RP11-160E2.11,-0.062426838641827825
TTLL11-IT1,-0.06244057296423751
CTA-221G9.12,-0.06244295039587419
RP11-603J24.5,-0.06244765193442939
NBPF26,-0.062465386706834054
RHOU,-0.06246640398326542
RP11-404O13.5,-0.06246791570219578
RP11-429J17.7,-0.062478686007761616
CTB-25B13.9,-0.06248044343780537
RP11-297N6.4,-0.06248151759801618
RBM26-AS1,-0.0624934968489803
AC096649.2,-0.06251034677090322
ARHGAP17,-0.06251209695438648
CTB-167B5.1,-0.06251457565146556
IGLV1-44,-0.06251694472011007
HAGLROS,-0.06251922399268346
AP001046.5,-0.06252169026124449
RP11-320G24.1,-0.06252799695982725
RP11-874J12.4,-0.06253181370744136
RNF222,-0.06255088925742319
RGPD4-AS1,-0.06256173616597814
AC079354.3,-0.06257274022894671
RP11-162A12.2,-0.06257610571282082
UBAP1L,-0.06258122384451084
GPS2,-0.06258312950766959
RP11-82L7.4,-0.06258779563450498
AC012593.1,-0.06259119460094024
RP11-326A19.3,-0.06259553314503773
CTC-492K19.4,-0.06259893260770037
RP13-895J2.3,-0.06260596544029705
RP5-884C9.2,-0.06261312205650679
FAM83H-AS1,-0.06261785441981693
RP11-301G7.1,-0.06264242002251674
RP11-1036E20.9,-0.06264519646240878
AC133785.1,-0.06264682203916636
AC008268.1,-0.062650770598615
RP11-856M7.6,-0.06265427281020633
CTD-3096M3.1,-0.06267657564056199
CTC-242N15.1,-0.06268639316555191
TAZ,-0.06269096755227677
CTD-2008P7.9,-0.06269193452166988
IGHV3-64,-0.06269594416949219
RP11-76I23.7,-0.06269668652352026
RP11-686G8.2,-0.06269826814253326
ZFP82,-0.0626997509198352
DUSP26,-0.0627103052199953
PRR15,-0.0627110340058055
PCAT29,-0.06271174999268372
HCG9,-0.06273366445951079
RP11-523L20.1,-0.06274260026284623
CRIPAK,-0.06276054082909964
RP11-260A9.6,-0.06276589721147105
CTD-2369P2.4,-0.06277259934895335
LINC00951,-0.06277352560948177
LINC01569,-0.06277919593599508
MRPL38,-0.06278000280359824
RP11-809C18.3,-0.062783203588332
CT62,-0.06280291504048606
CH507-254M2.3,-0.0628213921712554
TRBV11-2,-0.06283459947398802
BCL7B,-0.0628350223882086
LINC01579,-0.06286285761120622
RP11-89C3.3,-0.06289615469664164
AC006273.4,-0.06294794817388466
U51244.2,-0.06295064390495696
BRCC3,-0.06295100809346021
SCAND1,-0.06295358254591532
AP001434.2,-0.062961018701636
RP11-561B11.6,-0.06297936567561237
INTS6-AS1,-0.06298145942427705
WDR97,-0.0629941562018298
ARAP1-AS2,-0.06300347238527186
HIST1H4H,-0.06300821526808781
RP11-269C23.5,-0.06301043918712844
AC104534.2,-0.06301736411145623
LA16C-60D12.2,-0.06302456292178485
CARD14,-0.06303228598037275
C2ORF54,-0.06304609923707688
CTC-232P5.3,-0.06304677707156332
TAX1BP1,-0.06305678499479528
IGHEP1,-0.06306075168015274
RP11-686O6.2,-0.06306545000558275
U73166.2,-0.06306713619370627
RP11-210K20.2,-0.06307415118770246
ARSE,-0.06308820286796923
PEX11A,-0.06309900983245281
AC078941.1,-0.06310147613073179
CIAO1,-0.06310634357491329
CTDSPL,-0.06310758399147565
AC006942.4,-0.06313276311567687
RP11-131L12.3,-0.0631397547426133
RP11-110A12.2,-0.06314037579564345
TRMU,-0.06317112230305377
ZNF32-AS1,-0.0631733732938411
GPR137C,-0.06320142571563005
GLYR1,-0.06321104843064557
CEBPA-AS1,-0.06324807142470211
ANKS1B,-0.06325185219703826
SSBP1,-0.06325348174822865
LINC01224,-0.06325748078062435
RP11-20G13.3,-0.06327425392611025
ZNF391,-0.06327858909120124
SF3B4,-0.06328640106754102
HLA-G,-0.06329651445826345
IGKV1D-16,-0.06330866434140608
ENY2,-0.06331015333759271
BP-2189O9.3,-0.0633142138968594
AC005537.2,-0.0633169909888349
LINC00852,-0.06332052099648162
RP11-362A1.1,-0.06332755627213003
ZNRD1-AS1,-0.06333497979545938
PCGF3,-0.06335059171639779
PIGS,-0.0633532465420516
RP11-747D18.1,-0.06335728007518271
PMP2,-0.06335816852712339
PRR25,-0.0633602073219315
RP11-462G2.1,-0.06336242384698261
TM4SF19-TCTEX1D2,-0.0633748082832166
RP3-492J12.2,-0.06338026531390212
AC104135.2,-0.0633843822533354
LINC00437,-0.06338485893028037
C2ORF73,-0.06339404021581983
PNPO,-0.06341178093244382
RP11-24F11.2,-0.06341974018717207
LINC01030,-0.06342664412526781
TAF1A,-0.0634521700965251
RP11-770J1.3,-0.06346669438973275
ZNF860,-0.06347021486436512
ZNF732,-0.06347151157947979
ENDOV,-0.06349805076804516
RP11-579D7.4,-0.06349990133605017
RP11-7F17.5,-0.06350282052930145
LONP2,-0.06350364372315737
AC007405.4,-0.0635249553524689
RP11-354P11.3,-0.06353155579617381
RP11-171N4.1,-0.0635336728440805
ARID1A,-0.06353660722062371
SMC2-AS1,-0.06353997049006901
TRBV5-1,-0.06354420388535521
UCN3,-0.06355019851636318
IGLV2-18,-0.06355206237901628
RP11-196G11.2,-0.06355462299912376
RP11-108M9.6,-0.06356038471098663
NRSN2-AS1,-0.06359394148958265
TMEM184A,-0.06360064002196272
RP11-500G22.5,-0.06361604465877266
B3GALT2,-0.06362419924717322
NDUFB2-AS1,-0.06362850101729149
RP11-589C21.6,-0.0636314322366824
RP11-533E19.5,-0.06363849152404559
RP11-182J1.17,-0.06364161258798286
RP11-408H20.3,-0.06364915401029952
HHIPL1,-0.06366149002559214
CUX1,-0.06367199804866469
RP11-158M2.3,-0.06367577167419741
AP003774.6,-0.06367664012222332
LINC01024,-0.063691118919282
RP11-13N12.1,-0.06370875179011888
ATAT1,-0.0637111333795925
RP11-96O20.5,-0.06371281623124903
RP11-734I18.1,-0.06372389806783221
RP11-381P6.1,-0.06372844536809884
RP11-314N14.1,-0.06373606592066963
RP11-553A21.3,-0.06375496291982097
FAM221B,-0.06376031436026985
FAM227A,-0.06377192297113032
MDC1-AS1,-0.06377463458571217
AC074366.3,-0.06379512921860549
MLLT6,-0.06380890587778149
RP11-425A23.1,-0.06380930441136172
CTD-2532N20.1,-0.06382553547362085
RP3-399L15.3,-0.06383193698511883
GACAT2,-0.06383364863306053
VNN3,-0.063843250051633
ZNF337-AS1,-0.06384463968036647
PRR29,-0.06384510836525263
RP11-1094M14.12,-0.06385205621982823
POT1-AS1,-0.06385247048746531
PLEKHA3,-0.06385654921455314
AC006116.12,-0.06386105237982184
RP11-696F12.1,-0.06386155580644504
MPPE1,-0.0638678290987843
RP11-284F21.9,-0.06388199285095852
DANT2,-0.06389716678709492
LINC00582,-0.06394134314126618
GRIPAP1,-0.06395530933457699
CTB-50L17.5,-0.06396142679259138
VPS41,-0.06396847797007355
ZBTB48,-0.06397663804799952
TET3,-0.0640062972835937
RP11-536C5.7,-0.06400726184236272
AC010287.1,-0.06401089734585905
CTD-2293H3.2,-0.06401420171709263
TRIM23,-0.06401839303653989
TMEM44-AS1,-0.06404907093862301
PPIL3,-0.0640517370429326
DOK7,-0.06405571584567926
DBX2,-0.06408590677686837
RP11-260O18.1,-0.0640902968614571
RP11-408H1.3,-0.06409080110106746
RP11-34F13.2,-0.06409722103333548
RP11-553K8.2,-0.06412013650796056
RP5-903G2.2,-0.06412540915631929
RP11-327F22.1,-0.06414039720803233
RP11-318C2.1,-0.06414598551708879
CARNS1,-0.06415124646881448
METTL15,-0.0641643898595895
AP000251.3,-0.06417929118444195
RP11-298D21.1,-0.06419706859550717
CASC20,-0.06419901187726418
LUC7L3,-0.06420652183590436
AC007906.1,-0.06420824643066343
RP11-553P9.2,-0.06420856751177167
RP1-225E12.2,-0.06421074093526001
BBS1,-0.06422079289920113
SIRPG-AS1,-0.06423487542955691
HSD17B3,-0.0642359881535135
RNF139-AS1,-0.0642380986488041
RP4-539M6.22,-0.06424206364028179
RP11-766N7.3,-0.06425996473553892
RP11-469A15.2,-0.06426391891714263
ART5,-0.0642695476647494
ANKLE1,-0.06427239571966747
RP11-17E13.2,-0.0642733311579475
RP11-2C24.7,-0.06427884973879089
RP11-326C3.10,-0.06428075561581559
TRAFD1,-0.06429598313543161
CTB-4E7.1,-0.06429957107297146
TET2-AS1,-0.06429998528411968
RP11-676J12.9,-0.06430684296415187
SEC14L3,-0.06432280458579637
MAST1,-0.06432404918668988
RNF182,-0.06434827334048984
MAP4K5,-0.06434879538872729
HMG20B,-0.06434898850792142
TRAPPC13,-0.0643568692354774
AKAP6,-0.06436019272299903
RP11-77I22.2,-0.06436106843624886
RP11-1018N14.1,-0.06436202672539958
RP11-796E10.1,-0.0643632331872353
LMO7-AS1,-0.06436947981942909
MED13L,-0.0643864400576254
TMEM196,-0.0643884708325133
KRT39,-0.06439203590047146
RP11-724N1.1,-0.06440791884459465
CTB-129O4.1,-0.06441596428251561
CEP55,-0.06442169626995109
KIAA1755,-0.064439994964298
CTB-174D11.1,-0.0644430648740982
CTD-2035E11.5,-0.06444320406609422
MEPCE,-0.06444513109039118
LINC01389,-0.06444822435353284
EMC1,-0.06445160368538577
RP11-610P16.1,-0.06448593564954934
RP11-359J14.2,-0.06450757220519834
CCDC110,-0.06451934997791994
KRT80,-0.06452172892644534
CTD-3064H18.2,-0.06452519500628962
CCDC117,-0.06452997849631853
FRA10AC1,-0.0645306012430108
AC005253.2,-0.06453446133850813
RP11-353N14.5,-0.06454008872260902
ALAS1,-0.0645482937753401
PRSS8,-0.06456973919390757
MROH2A,-0.06457085326656212
PPP4R1-AS1,-0.06458305000285748
TRIM8,-0.06460072467369249
LINC00971,-0.06460292412042498
C16ORF71,-0.06461152430221559
RP11-705O1.8,-0.06463078149704482
CPA5,-0.06467674930623836
RP11-106E15.1,-0.06468029411923477
CKMT2-AS1,-0.06468254419644245
CTB-92J24.3,-0.0646853234828638
ZNF879,-0.06469056827576712
RP4-548D19.3,-0.0646926561935284
BDH1,-0.06470005953725466
CTD-2547L24.4,-0.06470957058188055
RP11-328K4.1,-0.06472556623597873
CXORF65,-0.06474524095246251
LINC00997,-0.06474798664745132
NODAL,-0.06475050826499318
WBSCR28,-0.0647525800097708
TRAV3,-0.0647592815414277
C19ORF47,-0.06476100944632607
RP11-33B1.3,-0.0647684170912221
GPR85,-0.06477347291092583
CTD-2376I4.2,-0.0647751183409184
AF213884.2,-0.06477755831564677
POLR2D,-0.06478615203504623
RP11-359E3.4,-0.06479467623579536
SAMD12-AS1,-0.06480373430574636
RP11-44F14.2,-0.06482080407998193
RP11-44N11.3,-0.06482633341984162
CTDSPL2,-0.06484947607846708
TRAV8-6,-0.06485090300968589
RP11-540O11.1,-0.0648679550156898
CDC42EP1,-0.06488417276674074
AC002480.4,-0.0648843892273367
RP1-273N12.4,-0.06488469149473461
KB-1410C5.5,-0.06489332259221352
BLACE,-0.06490387394441419
CTB-191K22.5,-0.0649057600131952
CTD-2571L23.8,-0.06490609389559708
NUDT15,-0.06490678383908616
NUP210L,-0.06490728647754823
FAM101A,-0.06491509006801749
RP11-794G24.1,-0.06493200506002285
COG3,-0.06493660958386749
LDHD,-0.06493699842828432
RP11-103H7.3,-0.06494599919902486
CTD-2536I1.3,-0.06494765826007534
RP11-57C13.6,-0.0649532556833272
ME1,-0.06495926300162624
CTC-378H22.2,-0.06497691568563106
RP11-178L8.7,-0.06500462544637142
RP11-527L4.2,-0.06501505029872054
LINC00607,-0.06501671633912218
RMRP,-0.06502361536367807
CTD-2377D24.6,-0.06504652903661486
RP11-417L19.2,-0.06505986317943141
TRAPPC12-AS1,-0.06506322523381955
RFPL1S,-0.06509930760829855
RP11-253E3.3,-0.06510484755088186
C19ORF35,-0.06510583209562273
CTD-2194A8.2,-0.06510815020825844
NUDT18,-0.06511019343288449
RP11-263K4.5,-0.06513061611961196
ZGRF1,-0.06513596933995669
CTD-2547L16.1,-0.06513748064761994
RP11-32K4.1,-0.06514931207556038
SPEG,-0.06514946314788578
CTD-2036P10.5,-0.06515174966454686
LINC00052,-0.06515237384680382
EP300-AS1,-0.06519301727179114
WASIR1,-0.06519541512542101
CTA-212A2.2,-0.06520296679690488
SENP6,-0.06521670734807977
RP11-638I2.6,-0.0652233363413325
EXOSC6,-0.06523383509002434
AC002480.3,-0.06523435990302348
TBC1D29,-0.0652388732403684
CTC-339O9.1,-0.06524680567946438
RP11-6J21.2,-0.06524900913583573
ZNF251,-0.0652497760682049
MRPL28,-0.0652626337427934
AC015933.2,-0.06527064657290421
RBFOX1,-0.06527997903949617
APOC4-APOC2,-0.06528153702712178
MSL3,-0.06528687055523119
AP000696.2,-0.06528722205168637
DENND6A,-0.06528974704588819
RP11-946L16.2,-0.06529236900941407
RP4-647C14.3,-0.06529497594291447
MEX3C,-0.06529950287716008
MYRFL,-0.06530383084081214
AC010976.2,-0.06532319528046623
CCDC184,-0.06533059140168807
VAX2,-0.06533103875585247
FMR1,-0.0653344209178508
CLHC1,-0.06534252194654183
RP11-1042B17.3,-0.06534710906037113
LCMT1-AS1,-0.06534969481722269
RP11-307N16.6,-0.06535048960363599
TMEM255A,-0.06537708189832497
C9ORF106,-0.06537721333262067
KIF21A,-0.06537722529055934
MPHOSPH8,-0.06538363875643877
RP11-473M20.5,-0.06538507172266497
MYO5A,-0.06539903493728394
RP11-1191J2.5,-0.0654012187455777
RP13-942N8.1,-0.06540760603952633
USP46-AS1,-0.0654082727758836
RP11-180P8.3,-0.06541263882726214
MFSD14C,-0.06543036087125845
CTD-2232E5.2,-0.06544404597788217
PISD,-0.06544914392903317
RP11-489O18.1,-0.06544961532842951
LINC00605,-0.06546236812596332
KB-1460A1.5,-0.06546254371682059
RP11-1149M10.1,-0.06547511844372275
IGHV4-55,-0.0654863297380414
GTF2A2,-0.06549980272037947
NOL4,-0.0655005631736549
RP11-303E16.7,-0.0655065141333863
CTD-2369P2.8,-0.06550672726439741
CTB-107G13.1,-0.06551974474873729
RP11-253I19.3,-0.06552089337238588
SLC4A1AP,-0.06553529484353438
RP11-479O16.1,-0.06553627270055887
IMPA1,-0.06553748102763496
RP11-154H12.3,-0.06554295607153285
RP11-108L7.15,-0.0655436980052231
CIB4,-0.06554659362973084
TBCA,-0.06554971308058777
ZCRB1,-0.06555112359939952
RP11-73O6.3,-0.06555214191092906
RP11-379H18.1,-0.06555244672040678
LETM1,-0.06556998930758134
CTD-2228A4.1,-0.06557197271340512
RP11-235E17.6,-0.06557687426676562
WDR38,-0.0655805916114409
RP13-297E16.5,-0.06558073170223402
PTBP2,-0.06558138992807494
CTD-2589M5.4,-0.06558786996750526
ZNF229,-0.06560182643005291
RP11-338I21.1,-0.0656104217585599
C22ORF31,-0.06562814647102058
CTD-2144E22.5,-0.06563144564856131
DZANK1,-0.06563468818791968
DPP9-AS1,-0.06564333592518125
SYT15,-0.06564371907204267
POC1B-GALNT4,-0.06564576897887489
AC108868.6,-0.06565757677455604
NDST4,-0.06566006789222176
AC005082.12,-0.06568161245472541
HDGF,-0.06568355733058429
NBPF10,-0.06569379049278037
SPATA12,-0.06572516089799027
HNRNPCL1,-0.06572576072756586
RP11-466A19.1,-0.0657276773985845
RP11-536I6.2,-0.06572801625753996
SIGMAR1,-0.06573385213076965
ZNF490,-0.06574087388639478
CTD-2263F21.1,-0.0657417219246787
RP11-54O7.11,-0.06574456937201746
ZFP28,-0.065753379934236
RP11-220I1.5,-0.06576556377784977
SIRPB2,-0.06577229751215477
RP11-263K19.6,-0.0657770491182099
PEX5L,-0.06579327005258079
AC007292.6,-0.06579431272390658
AC009005.2,-0.06580020425408667
ABHD12B,-0.06580523908812118
RP11-163F15.1,-0.06583002806286288
RP1-193H18.3,-0.06583127781182796
PCDHB1,-0.06584090268579393
RP11-256L6.2,-0.06585312021033432
AKAP8,-0.06585455016522235
UNC13B,-0.06585550090886372
RP4-798A10.7,-0.0658573989985704
PPP6R3,-0.06585837750912749
C1QTNF3-AMACR,-0.06586054197216731
CTB-58E17.9,-0.06586390348756277
DNAJC21,-0.0658668847815626
RP4-639F20.1,-0.06587376333034695
RP11-61G19.1,-0.06589078836591734
RP11-353N4.6,-0.06589150317649098
YBEY,-0.06589552352705319
C21ORF62,-0.0658967841888769
ANKAR,-0.06589972232311431
U2SURP,-0.06591649178245695
MED18,-0.06591662177844515
USP33,-0.06594748113365978
HOMER1,-0.06595292280395859
CTC-457L16.2,-0.06595403600292545
RP11-6O2.2,-0.0659581392517683
IFNG-AS1,-0.06595961793644364
RP11-713P17.3,-0.06595990532349556
RP11-1060J15.9,-0.06596439533670843
MFN2,-0.06597020281794841
RP11-246A10.1,-0.06597147165606479
NPHP3-AS1,-0.06598428440021445
GSPT1,-0.06600028144362913
RP11-804A23.4,-0.06600356499123389
SLC5A7,-0.06602714769656426
PRR26,-0.06604073620313738
AC010761.6,-0.0660539725103098
DANT1,-0.06611566637754984
CCDC13,-0.06613158040172762
MED28,-0.06613357264977737
RP11-168E17.1,-0.0661403658335731
CACNG8,-0.0661450407481543
HIGD1C,-0.06614753065498374
RP5-1052I5.2,-0.06615793096937199
EGFR-AS1,-0.06616250270124457
RP1-69D17.3,-0.06616555387280995
CTD-2002J20.1,-0.06617990416683932
RP3-393E18.2,-0.06618492530509879
ARPP19,-0.0661856263448341
RP11-484O2.1,-0.06620332476286675
RP11-356O9.2,-0.06620400595248005
RP11-412P11.1,-0.06620608573271047
RP11-385D13.1,-0.06621012230650683
LINC00677,-0.06621834516044475
CTC-325H20.4,-0.06623194085969882
VPS53,-0.06623317442037396
CTC-527H23.3,-0.06623884155338637
RP11-667K14.3,-0.06624431102821067
RP3-449M8.9,-0.06626290077910782
LTK,-0.06626308936532499
CRYL1,-0.06626436359754667
TRIM24,-0.06627308979464397
C2ORF91,-0.0663058661364151
CTD-2531D15.4,-0.0663120200968462
AP000688.29,-0.0663196484779886
CTD-2013N24.2,-0.0663296291593515
RP11-101E5.1,-0.06634094377970846
DTYMK,-0.06634176043440843
GS1-24F4.2,-0.06635214003627381
CA3-AS1,-0.06635857722368324
PRRC2A,-0.06638056357309041
C2ORF72,-0.06641204356690136
DLGAP1-AS4,-0.06642052250144112
BCAT2,-0.06642135997082627
RP11-61K9.2,-0.06642528779355782
RBM15,-0.06642825086550819
RP11-390D11.1,-0.06643215179804482
LOXL1-AS1,-0.06643859617132745
RP11-431M7.3,-0.06644253632822793
ZFP69,-0.06644785169591332
ZNF571,-0.06645643170237941
MYLK-AS1,-0.06646237434824884
RP1-149L1.1,-0.06646378770462186
RP11-802E16.3,-0.06646535441662305
RC3H2,-0.06648176919443272
RP1-111C20.4,-0.06648182420336098
CTD-2568A17.8,-0.06650899488048986
ANXA8L1,-0.06650909868753209
RP11-410N8.3,-0.06651350102174879
CTD-3088G3.8,-0.06651625614901704
RP11-547D24.1,-0.06651989184055224
RP11-110G21.1,-0.06652264352109974
CELF2-AS2,-0.06652780127163785
RP11-671P2.1,-0.06653870938670134
BRF1,-0.06653949353385413
KCTD3,-0.06654340847217455
GATC,-0.06654683011447682
KCTD14,-0.06655367184307252
MARK3,-0.066566484996607
STARD6,-0.06656996002969146
RP11-505E24.2,-0.0665737612139648
STT3B,-0.06658402854098089
PROSER2,-0.0665953145721457
RP11-277A4.4,-0.0665956237625167
C1ORF145,-0.0666175435918216
GRK7,-0.06662297654728255
RNF113A,-0.06663386966146312
FAM46B,-0.06664223967835106
CTA-228A9.4,-0.06664588279828611
NPIPB4,-0.06670544281647721
CCNA2,-0.06670861608047374
ELFN1,-0.06670918516372795
RP11-50I19.2,-0.0667170373150368
NUP153,-0.06672073258918365
RP11-415J8.3,-0.06673638025643755
RP11-65J3.14,-0.0667410712566964
RP11-144A16.8,-0.06674395834946208
RP1-41C23.4,-0.06674434986787457
RP11-476H16.1,-0.06674957462265031
RAB11FIP3,-0.06676133883686375
PATE2,-0.06677051872984739
OSGEPL1-AS1,-0.06677435649135235
AC131056.3,-0.06677454896969501
CTD-2267D19.3,-0.0667850733972089
CCT6B,-0.06678774316878694
RP11-379F12.4,-0.06678942604240146
SLC33A1,-0.06679149253945549
AC072062.1,-0.06679391207265116
RP11-333B11.1,-0.06679628791055006
TRAV5,-0.06679957588595901
RP3-475N16.1,-0.06681158289809117
UBE3B,-0.06681996060510692
RP11-968A15.2,-0.06682144899971297
RP11-340E6.1,-0.06682307056837546
CLDN22,-0.06683758775226462
RP11-68L18.1,-0.06683872868638799
RP11-231G3.1,-0.0668404923773559
SGCB,-0.06684075683063784
LRRC74A,-0.0668433785013245
RP11-17A1.3,-0.0668507687978893
RP3-470B24.5,-0.06685158620625098
RP1-278O22.1,-0.06685656358799606
STAM2,-0.06686422004927672
NIPSNAP1,-0.06688322202921432
PAAF1,-0.06688730722993402
RAPGEFL1,-0.06689503412201253
RP11-274B21.10,-0.0669017892524948
COPS3,-0.0669072816288313
ECE2,-0.06692250927875332
ZNRF1,-0.06692408726905263
AC091729.9,-0.06694029220012626
CCNT2-AS1,-0.06694921710171343
CTC-270D5.1,-0.06695072468244959
AC006547.15,-0.06695146499307006
FOXRED1,-0.06695633637674259
AP004372.1,-0.06695811457320541
RP13-317D12.3,-0.06697557307550249
TMEM31,-0.06697615536312884
RP11-455F5.5,-0.06699405453693046
RBM22,-0.06700748775838516
LINC00954,-0.06700756609179717
DDX50,-0.06700927298793863
LINC00680,-0.06701036384881486
FBXO25,-0.06702142005112055
PPP4R3B,-0.0670230071019487
PHF3,-0.06702311333995187
RP11-554F20.1,-0.06702765956589829
RP11-434D11.4,-0.06702913504480107
RP11-332H18.5,-0.0670463810440274
MKRN2OS,-0.06706335816590903
SSBP2,-0.0670697247476944
LINC01502,-0.06707655831316928
BCYRN1,-0.06707933451371237
RP11-902B17.1,-0.06708415674704674
ZSCAN12,-0.06708964722543423
RP11-71N10.1,-0.06709076711086953
RP13-616I3.1,-0.06709140335663791
LINC01518,-0.06710358286853921
RP11-157D23.2,-0.06710598390097988
RP13-476E20.1,-0.06711705648328431
RP11-169K16.4,-0.06712355000629378
WWOX,-0.06712391427405967
GSTO1,-0.06712572069140887
KLHDC7A,-0.06712915106582867
DGCR9,-0.06713092580720473
CTB-96E2.7,-0.0671366587834942
TNPO1,-0.06715104141699524
TUSC5,-0.06715243174611635
UBE2Z,-0.0671591866715176
HAUS1,-0.06716888171068008
STXBP1,-0.06716934168161459
MBD6,-0.06718036080199696
RP11-1212A22.4,-0.06718325324130134
BCL7A,-0.06718465938881119
KB-68A7.1,-0.06719621227227195
RP6-114E22.1,-0.06720101731329095
AF064858.11,-0.06720848845762327
RP11-38L15.2,-0.06721878031845033
TRIM31-AS1,-0.06725025025419118
DENR,-0.06725193064176371
SLC44A3,-0.06726177035840841
NSMCE3,-0.06726825503387412
PURG,-0.06727489581904236
LINC00535,-0.06729233096005136
AC005808.3,-0.06729545581971452
RP1-206D15.6,-0.06730662490977658
RP11-47P18.2,-0.06731578132208801
RP11-439K3.3,-0.06731887584199939
DNAJC3-AS1,-0.06733577082845268
CGB2,-0.06735489987957136
PDZRN4,-0.06735595702028319
ZNF433,-0.06736175821572536
LINC00332,-0.06736209949767541
RP11-168L22.2,-0.06736681599481903
RP11-430C7.5,-0.06736997139975759
RP11-403A21.1,-0.06737284456920939
RBBP9,-0.06739497817722506
AL928654.7,-0.06740182011884835
AC005197.2,-0.06741237739157
KB-1615E4.2,-0.0674161185798427
KIDINS220,-0.06741947297915385
UG0898H09,-0.06742083829339265
ZNF184,-0.06742995789767514
CCZ1B,-0.06743759011847389
CCDC12,-0.06744312630777294
RP11-474P2.4,-0.0674565937524556
ZSCAN5B,-0.06745816036428265
RP11-281A20.2,-0.06747185189845625
RP11-1060G2.2,-0.06749130402889778
FANCF,-0.06749214698376771
RP11-190J1.3,-0.06749963789440838
BCAT1,-0.06750231847427657
AF165138.7,-0.0675267601413063
CTD-2311M21.3,-0.06753107518169763
LINC00167,-0.06753174099951531
IGLV2-11,-0.06755109060918105
MCM3AP-AS1,-0.06755438500252005
AC009299.2,-0.06755615786596317
RP11-265E18.1,-0.06755642547224266
CCDC62,-0.0675611330634332
LINC01553,-0.06756326650265355
RP11-112J3.16,-0.06756491243915043
RP5-855D21.1,-0.06756630183164332
RBM14-RBM4,-0.06757347649567519
CTC-523E23.4,-0.06759661091209163
RP11-624L4.2,-0.06760313379822305
SLC7A3,-0.06761025784670531
AC133528.2,-0.06761423002648491
RP11-422P24.10,-0.06762968646544634
LINC00603,-0.0676309572313153
UXT,-0.0676318565638262
AC021218.2,-0.06763387192138237
AC007566.10,-0.06765012462946479
SAMD10,-0.06765169360116426
CAND1,-0.06765680147631348
IQCA1,-0.06766753564583428
RP11-1006G14.2,-0.06769115393476507
ANXA9,-0.06769580275893639
SAR1B,-0.06769903318488668
AF186192.1,-0.06770005697820707
ANKRD13B,-0.06770518221607585
SOX21-AS1,-0.06770588658154822
AC023481.1,-0.0677145439881677
TSKS,-0.06773240257281699
RP4-777O23.1,-0.06774006754997026
LINC00309,-0.06774306042450474
RP11-69G7.1,-0.06774594242410065
AMER2,-0.06775236990857991
RP11-676J12.4,-0.06776141116985285
AL133493.2,-0.06778504414748253
RP11-89K10.1,-0.06779207619534384
RP11-84C10.2,-0.06779962790477712
SLC25A28,-0.06780080977889713
OCRL,-0.06781516958583433
B3GALT5-AS1,-0.06782121852311448
XXBAC-B476C20.9,-0.06783199911641323
RP1-111D6.2,-0.06784766345591994
CACTIN-AS1,-0.06784857063796933
CTD-3080P12.3,-0.06785114311217885
RP4-777L9.2,-0.06785877913337166
SGK3,-0.0678638584209248
TEP1,-0.06787776532928347
LINC00618,-0.06792612172985002
AL161668.5,-0.0679330614388964
RP11-7K24.3,-0.06793536361529876
GORASP2,-0.06793566893708691
RP11-29B2.6,-0.06794091262680388
RP11-426L16.3,-0.06794280027629108
TRNT1,-0.06795765748016058
CTD-2020K17.3,-0.06796971279621744
H2BFS,-0.06798103594203653
CTD-2659N19.10,-0.06798752606879856
WDR64,-0.06798814467231637
DVL3,-0.06798837570845051
ALDH4A1,-0.06799960786498604
HTRA2,-0.06801045332079747
PCDH19,-0.06801728506970506
RP11-164N3.2,-0.06802458323505893
YTHDF3,-0.06803121192516437
RP11-421L21.2,-0.06803156044127076
UBE2E1-AS1,-0.06805610163056473
RP11-90L20.2,-0.06806736869775484
UBL7,-0.06806871000735931
C1ORF105,-0.06807091504536153
CTD-2501E16.2,-0.06807314811696993
IFT80,-0.0680784157244898
RP11-334C17.6,-0.06808006733224448
RP11-372E1.4,-0.06808265930707796
MTHFD1,-0.06808620101719082
AP000640.10,-0.06809682412190524
RP11-48B3.3,-0.06809864165991261
RP11-141M1.1,-0.06809886601772208
RP11-253D19.1,-0.06809918660549598
RP11-713M15.1,-0.06811869983106411
RP4-784A16.5,-0.06812515938919203
ZNF345,-0.06812705193851135
SPAG4,-0.06813011535531877
CYP4F26P,-0.06813503027999004
IGHV5-78,-0.06814197999068705
AC009228.1,-0.06815947509837533
RP11-557C18.4,-0.06816138961893878
LRRC3-AS1,-0.0681614024414042
RP1-90G24.11,-0.06816670594222969
TIMM21,-0.06817252476521785
TRBV5-4,-0.0681803358811809
TRPM4,-0.0681934822064808
DHX33,-0.06819933648184284
INE2,-0.06820567639673344
RP11-514D23.3,-0.06821111071219577
RP11-338C15.3,-0.06821857469127551
RP11-318C24.2,-0.06822089121140425
CTA-384D8.35,-0.06823252335628069
SCRIB,-0.06823898608197665
HP09025,-0.06824505519805571
RP11-530C5.2,-0.06825107491123901
RP4-614O4.11,-0.06825272395438967
RP11-597D13.8,-0.06825752618915377
SEMA4F,-0.06825963679416519
ANTXRL,-0.06826394019573614
KDM4C,-0.06826621818028422
CTD-2154B17.4,-0.06827528164760396
SLC35G3,-0.068275967002151
RANBP1,-0.06827889547628374
NAA40,-0.06829986459500759
RP3-325F22.5,-0.06831459766348788
MTSS1L,-0.06831630885663204
RP11-344P13.6,-0.06831794211474224
ASB1,-0.06832469465748359
ASZ1,-0.06834115415386643
RP11-67L3.5,-0.06834393540742946
SON,-0.06834514652848767
RP11-539E17.5,-0.0683538338010544
AC008592.8,-0.06835629167655587
EZH1,-0.06835730381064542
CTD-2331H12.7,-0.06835802903459604
RP11-70D24.4,-0.06836235692917025
OR2AE1,-0.06836637241970495
MAFG-AS1,-0.06838131822983343
SRSF12,-0.06839424261866911
RP11-1105G2.4,-0.06840495351531346
IGHV3-7,-0.06840771104285762
RP11-44N12.2,-0.06840893588529948
RP11-429O1.1,-0.06841512200624558
C12ORF42,-0.06843500921599788
UBXN2B,-0.06844414598449194
RP11-157P1.4,-0.06845535598293251
CTA-992D9.10,-0.06845627188627776
RP11-815J21.4,-0.06845971349519894
RP11-360O19.4,-0.06846452761105697
AC006372.5,-0.06847000496332334
RTKN,-0.06847112847806752
RP11-258C19.7,-0.06848068850435096
CTD-2105E13.15,-0.06848223624679674
C7ORF34,-0.06848519736171195
CTC-255N20.1,-0.06849207604320126
ITCH-AS1,-0.06849360570138073
SMG1,-0.06851467381967014
RP11-568J23.4,-0.06851542535862297
RP5-1091N2.9,-0.06852029263061467
RP11-626G11.4,-0.0685241914865202
RP11-532L16.3,-0.06852982862145848
FBXO11,-0.06853186487126883
TRAV20,-0.068544207279752
RP11-118B22.4,-0.0685503252377477
AP000282.2,-0.06855573697197657
RP11-231E4.3,-0.06855935277849837
RP11-507K2.3,-0.0685618347654922
RP11-734K2.4,-0.06857248668268552
RP4-583P15.10,-0.06858228143863294
BORCS8-MEF2B,-0.06858234043603065
MRPS33,-0.06859656685856852
RP11-794P6.6,-0.06860243541706595
RP13-516M14.1,-0.06860340883475144
FGGY,-0.06860665253460368
AC083949.1,-0.06860948111206372
HULC,-0.06863540390622504
CTD-2537O9.1,-0.0686391086493961
SRGAP3-AS4,-0.06863938164449836
RP4-536B24.4,-0.06864367206961391
RP11-266K4.13,-0.06865701245346509
SLC38A8,-0.06865793370673633
DACH1,-0.0686584958906698
SPTSSA,-0.0686601799801968
RP11-521C20.2,-0.06866422104701814
AC093627.7,-0.06868161603983364
RP11-213G6.2,-0.06873010796856927
AC106053.1,-0.0687318997304957
RP11-434H14.1,-0.06873457345279599
CTD-2168K21.2,-0.06874875366704879
C20ORF203,-0.06875026361277672
MIB1,-0.06875387938875782
LINC00656,-0.06876193563897132
RP11-173P15.9,-0.06877560292343254
RP1-140K8.5,-0.06878054714812658
CHADL,-0.06878371036207295
KLHDC9,-0.068786497785966
AC108142.1,-0.06880036231110706
WISP1,-0.06880301902196007
RP11-5C23.2,-0.06880684006160913
CACHD1,-0.06881188331474036
PRICKLE2-AS1,-0.06882464721477241
RP11-763B22.4,-0.06883348296980127
CTA-398F10.1,-0.06884938858771969
AC073842.19,-0.06885868260124653
IKZF2,-0.06886391484761634
DDTL,-0.06886621276956961
RP11-221J22.1,-0.06887378252037221
AC006547.8,-0.06888598845224037
ENKD1,-0.06888815028641715
RP11-573G6.9,-0.06890358535549128
RP11-190D6.2,-0.06890975866850275
RP11-91I8.3,-0.06891104770320085
PRC1-AS1,-0.06891747905623469
PTTG2,-0.0689281450170589
ACAD10,-0.06893401408731764
RP11-293M10.1,-0.0689398365344393
RP1-90J4.1,-0.06896074303875535
WWP2,-0.06896163514975517
CTD-2410N18.3,-0.06896181560085936
DPY30,-0.06896687272536628
IMMP2L,-0.06896836761142955
SRPK3,-0.06897242119034902
RP11-177F15.1,-0.06901544064910388
RP11-370I10.10,-0.0690187590144226
SCARNA9,-0.06902611837064912
RP11-214O1.3,-0.06904852831536412
RP11-305O4.3,-0.06905192219558393
LINC00682,-0.06905529070316795
ZNF286B,-0.06905851030421628
LINC00675,-0.06906945427327471
IGLC5,-0.06908344991982088
LINC01558,-0.06908878990652786
AC104667.3,-0.06913420039399293
CTD-2240E14.4,-0.06916905516850208
C4ORF17,-0.06917990273852333
STK11IP,-0.06918756783161073
IGKV3D-11,-0.06918964954217689
CNGA4,-0.06919006319253279
UBXN4,-0.06919186394146581
SLC35G6,-0.06920230762531206
RP11-294N21.3,-0.06920755361868489
AC009784.3,-0.06921363895379998
SLC25A30-AS1,-0.06921788818458968
MACC1-AS1,-0.069219179754929
Z69666.2,-0.06923717854863466
SIM1,-0.06923829534927922
RP11-234K24.6,-0.06923831278629941
LRRC2-AS1,-0.0692411399271638
CTNS,-0.0692430034630161
IGKV3-11,-0.06924640503749321
RP11-13J8.1,-0.06925444975377713
PMPCA,-0.06926173516863254
DSCR9,-0.06928456956630805
CEP19,-0.06928774792160342
RP11-246K15.1,-0.06929703011129228
TET1,-0.06931692862309868
KLHL23,-0.06931932296384569
AARD,-0.06933262809086693
RP11-488L18.8,-0.0693386267092165
TMEM209,-0.06934067810039257
RP11-517A5.7,-0.06937601199626253
RP11-333I13.1,-0.06937608653077254
LYRM7,-0.06938278608764376
AF127936.7,-0.06939197320444686
CTD-2287O16.4,-0.06940283736226312
ALG3,-0.06940513464064013
GANC,-0.06940887316444772
TBC1D23,-0.0694151512347006
DLX4,-0.06941601890462548
RP11-876N24.2,-0.06942403779511869
RP11-61O11.1,-0.06942986558812014
BAHCC1,-0.06943817921455886
ISPD,-0.06944477997644476
ARHGAP26-AS1,-0.06944706058828151
XKR7,-0.06946425271574247
SEC24C,-0.06946578542967641
RP11-57A19.2,-0.06947106668445907
RP11-380D23.2,-0.06950584277105043
FARP2,-0.06951365993390429
RP3-462D8.2,-0.06951618074761849
TRIP12,-0.06953132037846443
LINC01183,-0.06953465837467754
C12ORF60,-0.06953974211350133
AC009276.4,-0.06954175711011785
PI4K2A,-0.06954236871275121
LIAS,-0.0695541144647343
AK1,-0.06957094276257147
RP11-702F3.4,-0.06959457622751103
MFI2-AS1,-0.06960547071845165
AK7,-0.0696118009683725
TRAV22,-0.06961436355863612
TIGD7,-0.06963359447740754
AP000695.6,-0.06963667807974248
AC007381.3,-0.06964114568955748
LGALS14,-0.06964212076229412
GPR25,-0.06964344675948604
ZNF256,-0.06964404244620893
RP3-466P17.2,-0.0696568053936899
FAM133A,-0.06965857329479991
C2ORF61,-0.06966458451446952
RP11-309L24.10,-0.06968553073837605
TRBV10-3,-0.06968821259131781
CTD-2506J14.1,-0.06969997221653061
BFSP2-AS1,-0.06971713051281402
RP11-271C24.2,-0.0697204920247865
TRGV3,-0.0697205797395142
WDR61,-0.06972591055555266
RP11-627G18.4,-0.06973426890949103
PRSS42,-0.06974057887242073
GDF3,-0.06975731853946515
TTC27,-0.06975909922238532
CTC-273B12.5,-0.06977035780678681
RP11-834C11.8,-0.06977103253763671
AIM1L,-0.06977310633211378
GCAT,-0.06977482537000068
LINC01297,-0.06977940091091642
RP11-484K9.4,-0.06978510802775358
IGKV6D-21,-0.06979077162053662
CCDC130,-0.0697919087946991
RP11-1148L6.9,-0.06979380778592309
AC195454.1,-0.06980061369792515
IGLV7-43,-0.06982661578478655
CTC-436P18.3,-0.06982898925507122
RNF219-AS1,-0.06983025467008519
CTC-347C20.2,-0.06983206518034095
RP11-519G16.3,-0.06984708262362146
RP4-669P10.16,-0.0698484195346403
RBM39,-0.06985648192631888
RP11-89N17.1,-0.06986311574983292
OR51E2,-0.06986531616798403
CTD-2545M3.2,-0.06987248088459892
RP4-616B8.5,-0.0698869514816562
RP11-553L6.2,-0.06990400772799274
FLJ12825,-0.06990698331594403
MAD1L1,-0.06990824079257962
IP6K1,-0.06991378020074457
RP11-403B2.7,-0.06991607982687947
NUP50,-0.06991821091212491
BMP5,-0.06992259522171151
RP3-413H6.2,-0.06992606369459192
PIH1D1,-0.0699303876020837
RP5-882C2.2,-0.0699510819994004
RP11-298J23.8,-0.06996427905379224
CCDC140,-0.06996475818447148
GS1-120K12.4,-0.06998511002046065
RP11-50B3.4,-0.06998653443301193
RP11-379B8.1,-0.0699899620300657
AF178030.2,-0.06999879412953902
C20ORF141,-0.07000195268017323
SYN3,-0.07001640484199956
TBC1D10A,-0.07002334664849164
RP11-274J16.5,-0.07002433021974168
AC004156.3,-0.07002518946461392
G6PC3,-0.07003132908105936
ASPHD2,-0.07005341524801445
LINC00431,-0.07005483809163371
IFT140,-0.07006291140720577
CTD-2555O16.1,-0.07008159417440277
RP11-217B7.2,-0.07008364989343363
CTD-2184D3.5,-0.07010039022694065
ZNF8,-0.07010311937838305
TRAV26-2,-0.07010789895095204
RP11-474P2.2,-0.07010841116272315
RP11-320N21.2,-0.07010953391956301
DFNB59,-0.07011704830985059
C10ORF53,-0.07011895490359264
PTCHD3,-0.07012672095960035
RP11-575F12.3,-0.07012765461050309
LINC00460,-0.07014023082884957
CTD-3234P18.6,-0.07016289152705371
RP11-104L21.3,-0.0701717091171127
ITPKB-AS1,-0.07017761693049379
RP11-496H1.2,-0.07018036564550434
RPGRIP1L,-0.07018849894737156
IRAK1BP1,-0.07018997218017398
RGS9,-0.07019832963691003
USP2,-0.07022682029839689
ZNF300,-0.07022707840384712
GORASP1,-0.0702579793348449
IGHV1-24,-0.07027603652875222
CTD-2525I3.5,-0.07028109680048748
ATAD1,-0.07028614180929565
RP11-380I10.4,-0.07028689649384122
SLFN12L,-0.07028971998618111
AC092614.2,-0.0703128593579945
SLAIN1,-0.07031699639218103
AC108868.5,-0.07032060539420133
GABPA,-0.07033047248323382
BTBD6,-0.07033238280099902
RP3-325F22.3,-0.07033260181922152
RP13-465B17.4,-0.07033708522962014
ARRDC5,-0.0703394852844769
SHMT2,-0.07034715846268547
SLC9A9,-0.07035392951938879
RP4-536B24.3,-0.07035993270499641
DCDC2C,-0.07037036359152314
AP001257.1,-0.07037051247682881
RP11-435O5.7,-0.07037316998855891
RP11-211C9.1,-0.0703764751583644
RASSF1-AS1,-0.07038343366670123
CTD-2291D10.1,-0.07038645046570617
DSG2-AS1,-0.07039939790989669
RP11-358B23.5,-0.0704006099400347
RP11-96B5.3,-0.07041704865472238
CTD-2089N3.2,-0.0704200074460116
IGLV3-10,-0.07044022032760458
RP5-1092A3.5,-0.07044058848866412
RP11-1C1.6,-0.07044905938842873
RP11-325L7.2,-0.07044963933581311
AC083843.1,-0.07046637142639386
C15ORF62,-0.07047201218318286
RP11-124O11.1,-0.07047849558977325
RP11-368L12.1,-0.0704909302499562
RP11-17M16.2,-0.07050404054920789
OGDH,-0.07050859342476956
DEPTOR,-0.07053533629913489
SFTA3,-0.07054426792709073
ING4,-0.07054682109858273
RP11-65J3.3,-0.0705489034088693
RP11-62C7.2,-0.07056637443797506
FAM120B,-0.07056933582710112
LINC01443,-0.070572136350386
NAPB,-0.07058079245830329
EVPLL,-0.070585135649847
EIF4G3,-0.07059117926656538
PLEKHH1,-0.07059400298089
RP11-497H17.1,-0.0705998895724635
LINC01118,-0.07060209178729758
AP001258.4,-0.07061807415824027
LINC00862,-0.07063519119744016
MAGI1,-0.07064711323838191
C1ORF198,-0.07067267060958882
LINC01600,-0.07067736055424173
RP11-774O3.3,-0.07068478166668651
HEATR3,-0.07068502242240565
CERS4,-0.07069057055922229
CTD-2126E3.3,-0.07070701237096177
NAALADL1,-0.07071013233349621
BRWD1,-0.07072055699025437
HELB,-0.07072938511369398
D21S2088E,-0.07073460035990538
AC004988.1,-0.07074620158741421
MAP4K4,-0.07076336444221581
C17ORF47,-0.07077847222435962
CTD-2116N20.1,-0.07077876936022955
RP1-148H17.1,-0.07079826424558228
RP11-61F12.1,-0.07083749723987406
RP11-145G20.1,-0.07084894453108045
DNM1L,-0.07085771672528973
WDR81,-0.07087516478662886
AF127936.9,-0.07087704116688345
RP11-356O9.1,-0.07089424159221448
ZNF471,-0.07090073820195125
ABCB10,-0.07091943660829053
RP11-16E12.2,-0.07092858664471627
ARHGEF7-AS2,-0.0709312384785839
GRM5-AS1,-0.07094312371039779
RP11-265N7.1,-0.07094359419873977
KB-1458E12.1,-0.07096846985714775
LINC00211,-0.0709701824484147
IGKV2D-24,-0.07098684067271867
RP11-231E6.1,-0.07099377774960654
RP3-512B11.3,-0.07101656441661769
AC144450.2,-0.07103468080741701
ARID4A,-0.07103506262238368
HOXC12,-0.07103961976774517
AC097713.4,-0.07104204802728795
RP11-12J10.3,-0.07105355896927987
RP11-146I2.1,-0.07105588186816894
PSD4,-0.07105734895833093
LPIN1,-0.07109507033905937
IGLV4-69,-0.07110547613604026
LINC01267,-0.07112460063006394
PDIK1L,-0.07112762716125004
CCAT1,-0.07113981708052028
OLIG2,-0.07114506837966228
AL360294.1,-0.07115406211650385
CTD-2544H17.1,-0.07116422043837947
HIST1H2BJ,-0.07117653187523108
SENP8,-0.07117900646592712
RP11-159H10.3,-0.071181884057234
DDX46,-0.07119301231732289
ZSWIM5,-0.07120342363090709
LL22NC03-2H8.5,-0.07120436854740872
RP11-344A16.2,-0.0712085141215987
RP11-136I14.5,-0.07120942398930513
AC073130.3,-0.07122691205244683
ABHD15-AS1,-0.07125643032911033
NUTM2G,-0.07125706561245622
RP11-114H21.2,-0.07125869454780556
TCP10L2,-0.07125999183860085
RP11-440I14.3,-0.07126460187527568
CAHM,-0.07126773278148676
PLPPR3,-0.07127177462772245
NRF1,-0.07127923099276035
SLC22A15,-0.07127962318421985
TRBV19,-0.07130067488117958
UBOX5-AS1,-0.07130236772295714
RP11-265N7.2,-0.07130389307666944
AC104024.1,-0.07130876557687013
MICU1,-0.071311020693695
LL09NC01-251B2.3,-0.07131505411040376
PCBP4,-0.0713195823626312
PNCK,-0.07132327729408472
ASB6,-0.07132856239126478
NDUFAF7,-0.07133523025618471
RP11-629B11.5,-0.07135075702417404
MSMP,-0.07135387358833856
ADCY6,-0.07136222178757712
RP11-63A11.1,-0.07136447552499779
RP4-680D5.8,-0.0713823253633479
ZNF443,-0.07139855011294263
ZNF280C,-0.07141688319875314
APOO,-0.07143280247159767
POU5F1B,-0.0714351610208489
RP11-894P9.1,-0.07144437735130531
LINC01037,-0.07145046757894713
RP11-403N16.3,-0.07145695079329374
PPP3R1,-0.0714601497245031
C1QTNF1-AS1,-0.07149918825337767
RP11-23P13.6,-0.07154187547902927
LINC00462,-0.07154468833852781
MIR100HG,-0.07154578837939461
FAM178B,-0.07156877512318373
CHDH,-0.0715994528636622
RP11-152P23.2,-0.07160135687162206
RP3-380B8.4,-0.07161020801040632
TBCEL,-0.07162259488391703
HCG23,-0.07164365257913595
RP11-80H5.9,-0.07164671738706306
KCNAB3,-0.07167836962888974
ZXDB,-0.07168656378622179
ZBTB20-AS3,-0.0717143427563065
RP5-1011O1.3,-0.07171742047306798
CD164L2,-0.07171780225499352
TAB3,-0.07173153660788034
ANAPC16,-0.07174259944801292
CLPTM1L,-0.07174287549936392
AC004069.2,-0.07176462609051523
STK33,-0.07176761640426624
GIGYF2,-0.0717706782661508
CTXN1,-0.07177301148800254
RP11-848P1.3,-0.07179238117127412
RP11-733O18.1,-0.07180461993663562
RP11-333E1.2,-0.07180621512188258
NEXN-AS1,-0.07181438174519847
MGRN1,-0.07181623203450493
RP1-118J21.25,-0.07183304106047175
AC005262.2,-0.07183612807959107
SPATA32,-0.07184515770076563
EMC9,-0.07186246201162588
DDX11-AS1,-0.0718730331338651
RP11-809N8.2,-0.07189212231010607
RP11-92C4.6,-0.07191258440773679
CDIPT-AS1,-0.0719156487013971
RP1-207H1.3,-0.07191681998037257
RP11-280G9.1,-0.07191784237725254
IGKV1-27,-0.07193675932520242
CEP97,-0.07193746211528274
AC005616.1,-0.07194632601124615
RP11-402J6.1,-0.07194993892656887
FIP1L1,-0.07195209302734862
RP11-227D2.3,-0.07196912582930799
QPCTL,-0.07199046185779384
EPC1,-0.07199317491559465
PMF1,-0.07199856946288513
RP11-10C24.3,-0.07201304340316361
LINC00240,-0.07201411613004242
CYP1B1-AS1,-0.07204877616647715
RP11-574F21.2,-0.07205121774925966
RP11-499E18.1,-0.07205171303438658
ERAS,-0.07205933318280114
FBXO46,-0.07206601140613783
RP11-102L12.2,-0.07208750943210299
RP11-809N8.4,-0.07209287965195887
RP1-142L7.9,-0.0721306236907996
PSRC1,-0.07217460500882733
FAM124A,-0.07217922500078039
RP11-884K10.7,-0.07218496724695268
FAM71E1,-0.07220037398783884
GPRC5C,-0.07220215566440219
CFAP65,-0.0722046535745628
AC004448.2,-0.07220555931346714
RP11-455O6.9,-0.07222135094456607
LINC00426,-0.07224541276002552
ATXN10,-0.07224640016576894
RP11-203J24.8,-0.07224799191407946
AL022341.3,-0.07225923656800527
C16ORF59,-0.07226084399428231
SMARCC2,-0.0722735131354123
AC009299.3,-0.07228073662697854
RUFY2,-0.07228339309753068
RP11-973H7.4,-0.0722887628519243
CH507-39O4.2,-0.07234338803483982
RIIAD1,-0.07234382306859874
ADAD2,-0.0723498825851203
RP11-148O21.6,-0.07237771553873626
CTD-2292P10.4,-0.0723787548421158
SPANXB1,-0.07238414975964413
ZNF112,-0.07239111439700865
NXPE2,-0.07240248068819884
SLC27A4,-0.0724026443260864
FAM53B-AS1,-0.07240386712623416
EPB41L3,-0.07241244153253185
FAM8A1,-0.07242885210192629
RDH12,-0.07243567830969333
RP11-493L12.4,-0.07243777480434138
LINC00160,-0.07243903385306558
AC159540.2,-0.07244600975368301
CTC-499B15.5,-0.07246621693881815
RP11-416N2.4,-0.07247044476539288
NUDC,-0.07248024154683397
RP11-502I4.3,-0.0724820022307691
C11ORF98,-0.07251236766944645
RP11-781A6.1,-0.07251724921957867
SLC8A2,-0.07254279476061082
TPPP2,-0.07254979516411905
C16ORF46,-0.07255786289189142
INPP5J,-0.07255952278398764
RP11-136K7.2,-0.07259173651052261
CTD-2576D5.4,-0.07260520475817034
CTD-2525I3.3,-0.07260804185661332
RP11-184I16.4,-0.0726092236405046
AC073283.4,-0.07261071543187647
AC107081.5,-0.07264149753206911
RP11-288L9.1,-0.07266061050437957
HNRNPA0,-0.0726629468236466
RASAL2-AS1,-0.07267566546042042
RP11-62F24.2,-0.07268593505763625
ZNF883,-0.0726881039596851
FBXL17,-0.0726928818280339
RP11-30L15.6,-0.07270120628883597
GSPT2,-0.07270384084320491
TBL1X,-0.0727046144491697
RP11-121A8.1,-0.07272265443180641
PDCD5,-0.0727437309375969
ZNF551,-0.07274408736507951
RP11-107M16.2,-0.07275302353141234
RP3-508I15.9,-0.07275382584706822
SHMT1,-0.07276738457227139
C8ORF34,-0.07276963116127588
CTC-548K16.2,-0.07277276032360101
DAGLA,-0.07278947178691075
RP11-514P8.7,-0.07279006390937055
KEL,-0.07279200979386613
SGF29,-0.07279725334776199
RELL2,-0.07281533364809406
RAN,-0.07281786416611324
AP000253.1,-0.07285962664874449
STOX2,-0.07286229503247882
RP11-81K13.1,-0.0728631132484725
SLC45A1,-0.07288206328968008
CNIH1,-0.07288320649369656
BHLHE22,-0.07289166917576873
RP11-309N24.1,-0.0729241251559148
RP11-351I21.11,-0.07292489225687865
UBIAD1,-0.07292672590578442
RP11-700H6.2,-0.07293543900047976
CTD-2524L6.3,-0.07295664289228765
SEPT14,-0.07296081942897993
LYG2,-0.07297664697301126
LINC00884,-0.07298305609854092
RP1-179N16.6,-0.07298996602824377
GPR12,-0.07300816335720266
RASGRF1,-0.07300882139761311
NAALAD2,-0.07301809693725875
CAMK1D,-0.07304750607884003
GCGR,-0.07305702502462341
ZNF436,-0.07307590817528214
LINC00574,-0.07308743801027899
ZMYND8,-0.07308849083894153
EXOC3,-0.07309148233936003
IGLV2-8,-0.0730923904185816
PPP1R14A,-0.07310267471146847
AC090505.6,-0.07310550277792317
LINC00355,-0.07310610094718761
AC007750.5,-0.07310988326686699
TSR3,-0.07313164448211112
DDI2,-0.07315730147355187
SP5,-0.07317827371055662
RP11-276H7.3,-0.0731939234273892
TAF7,-0.07321366701288867
SLC24A5,-0.0732137641781963
RP4-816N1.6,-0.07324566266051794
PPP4R1,-0.0732627746075461
LA16C-390H2.4,-0.07326582638219498
C12ORF77,-0.0732832672584685
RP11-184A2.3,-0.07330282364581778
CTD-2184D3.6,-0.07334346906229766
RP11-295I5.3,-0.07335845825398858
ERCC1,-0.07337515489444779
ING2,-0.07338143778125988
RP11-66A2.2,-0.0733855981551842
PTENP1-AS,-0.07338680584710869
PHYH,-0.07339523193864872
MGAT4B,-0.0734212314669036
RP11-151A6.6,-0.07343926925732214
RBBP8NL,-0.07345597766255488
CLDN20,-0.07346575555091384
AC137932.4,-0.07346781531597482
PPP1R26-AS1,-0.07347873811719864
TUBGCP3,-0.0734831802938607
PITRM1,-0.07348574810922837
ARIH2,-0.07349020829613129
NCKAP5,-0.07349039803205731
AP000476.1,-0.07349447297930022
RP11-745C15.2,-0.0735137393545738
RP11-15F12.3,-0.07351642988976897
RP11-46J23.1,-0.07353060730445113
METTL14,-0.07353133085135011
RP11-73M14.1,-0.0735402008288018
RP11-141O11.2,-0.073541488050413
EDRF1-AS1,-0.07354218606173306
AC084149.1,-0.07354837284756767
ANKRD42,-0.0735549871213168
MURC,-0.07358689736632108
GAS2,-0.07359350471319753
HOXC-AS1,-0.07362079012428778
ICE2,-0.07363015502305864
PAK7,-0.07363694868607512
MIR34AHG,-0.07365206574661214
TRAPPC1,-0.07365886282694933
RP11-331F9.4,-0.073660292180283
RP11-354P11.8,-0.07366311625704727
CTB-133G6.2,-0.07368813976602795
RP11-305D15.8,-0.07369857479259154
SRGAP2-AS1,-0.07372657760618212
RP11-651L5.3,-0.07373098957205962
CCDC163P,-0.07374060374507538
LINC01170,-0.07376413954325153
RP11-656D10.3,-0.07376711138837896
DAGLB,-0.0737841033084411
PCYT1A,-0.07378693132239644
ALG8,-0.07379635952739722
RP5-864K19.4,-0.07381025191362572
WNT5A-AS1,-0.0738338173633936
RP11-256I23.2,-0.07384421532940132
PHEX-AS1,-0.07384561519593749
RP11-131L12.4,-0.07386202815848468
AC098617.1,-0.07388777290933768
RP5-1050E16.2,-0.07390861412875685
RP11-497G19.1,-0.073930478206916
CDC25A,-0.07393086145763705
KLHL10,-0.07395221407074787
CTB-25B13.5,-0.0739617123004318
PLCB1,-0.07397372711002725
SAXO2,-0.07397986794465167
HAGLR,-0.07400926290134299
DLK2,-0.07401039699267992
RP11-142A22.4,-0.07401195606136281
SENP2,-0.07403996146486913
AC010884.1,-0.07405025369333865
AC000068.10,-0.07405152126128711
RP11-445O3.3,-0.07405225485340058
LARP6,-0.07406266526721489
RP11-646I6.6,-0.07406284862768654
TMEM256-PLSCR3,-0.07406338529827872
RP11-221J22.2,-0.07406459087083947
INPP5K,-0.07407162209042784
AC016735.2,-0.07408258074580223
LINC01270,-0.07408414081554933
CFAP46,-0.07408451633002422
RP11-795F19.5,-0.0740845951468658
CTD-3203P2.1,-0.07408904710077466
RP11-501C14.5,-0.07411420095208313
RP11-323J4.1,-0.07411631384485282
LINC01322,-0.07411910038386327
RP11-317G6.1,-0.07412998130898431
CTC-435M10.6,-0.07414245279775332
RP11-329J18.3,-0.07415084947185821
RP11-298O21.2,-0.07415150653178763
MGMT,-0.07416459226455807
ZNF221,-0.0741668401815626
SH3GLB2,-0.07416745740925684
ZNF852,-0.07418106715862989
DGKH,-0.07418148651258699
RP11-9M16.2,-0.0741818729922205
AC124944.3,-0.0741979774529462
RP11-249C24.12,-0.07420831525288615
LINC01330,-0.0742088876285105
RP3-510D11.2,-0.07420984032085971
PSIP1,-0.07422067367741186
MICAL3,-0.07422278903863821
SLK,-0.07422424094907693
UBE2D4,-0.07423169808856123
OVOS2,-0.0742319401385585
AC010761.13,-0.07424403430285972
LINC00959,-0.0742559053136987
DCBLD2,-0.07426286118282482
AC073333.8,-0.07426892303150959
NKAIN3,-0.07427229494627964
RP11-12M5.3,-0.0742865255275888
OR2C3,-0.07429792870751775
SOWAHA,-0.07430050523066535
CTD-2517M22.16,-0.07430142408931532
BHLHE41,-0.07430407000580092
GPSM2,-0.07430764026668735
MAEA,-0.07430777898797886
RP11-157E16.1,-0.0743090844479723
IGKV5-2,-0.0743207101005525
PEX1,-0.07432782943158645
CERS1,-0.0743387034877428
RP11-120C12.3,-0.07433895619890561
TRBV12-4,-0.07438718704192904
IDH1-AS1,-0.07439776347723098
RP5-968D22.1,-0.07440399248765076
CTD-3252C9.2,-0.07441164232917194
RDH11,-0.0744122896227597
PACERR,-0.07441351810870415
RP11-146N23.4,-0.0744189777979286
RP11-65M17.3,-0.07444040885974659
AC005042.4,-0.07445151026722792
CTD-2353F22.1,-0.0744562616367503
TLK1,-0.07446263558717964
KIZ-AS1,-0.07446793050574411
RP11-213H15.4,-0.0744822546574544
MAP3K14-AS1,-0.07449055305030132
TRA2A,-0.0744913590044669
HOTAIR,-0.07449395596089142
HIST1H2BE,-0.07449562017994746
CMSS1,-0.07449837666078263
DLG3,-0.0745142307263239
PTCSC3,-0.07451479939883132
ZNF263,-0.07451788851153224
RP3-466P17.1,-0.07454379717192024
AC135050.5,-0.07454493796272157
QDPR,-0.0745513178057407
RP11-422P24.12,-0.07455920605299587
HOOK3,-0.07456642215175269
RP11-1275H24.2,-0.07458144773720478
GCSAM,-0.07458145807027389
CTD-2525I3.2,-0.07458938456302056
TRAM2-AS1,-0.0745945114056861
TUBGCP4,-0.07460982062457655
RP11-465L10.10,-0.07460999599312004
TAF10,-0.07462222536171503
RIMS4,-0.07462822375341799
IGLV1-47,-0.07463221954297303
CCDC183,-0.07464793411931396
RP11-535A5.1,-0.07465429737460508
RP11-297K8.2,-0.07470068904360512
GSN-AS1,-0.07471538789543117
TXNDC2,-0.07471797536049198
CTC-265F19.3,-0.07472173368165587
RP11-92C4.3,-0.07472459343706109
TRO,-0.0747287773472895
RP5-984P4.6,-0.07472968592861247
COPS7A,-0.07473178516893825
UVRAG,-0.07473453826496745
CTB-152G17.6,-0.07474487835337351
PAFAH1B2,-0.07474606580035281
DNAJB2,-0.07476844934161009
NEUROD2,-0.07477571171279163
AC068492.1,-0.074776121931642
GS1-594A7.3,-0.0747894178582024
TMEM252,-0.07479783641784604
RP11-275I14.4,-0.07480537565602556
RP11-613D13.8,-0.07482072344840662
C8ORF37-AS1,-0.07484258594713013
RP11-517A5.5,-0.07484303684829344
LINC01139,-0.07484307724662612
ZNF696,-0.07486325939379088
DOCK9-AS2,-0.07487182551377489
C7ORF57,-0.07487964301270505
NRL,-0.07489116368466292
SOCS4,-0.07490112469603749
CTD-2291D10.4,-0.07492534873646171
SNRPA,-0.07492908368889528
ZNF713,-0.0749436636818972
PHKG1,-0.07495256454907595
RP11-547C5.1,-0.0749647460695402
CTD-2555A7.3,-0.07497754782776583
AC006994.2,-0.07497812091092237
ZNF707,-0.07498187875143453
RP11-420L9.5,-0.07499081552585535
ZNF676,-0.0749934764292475
LDB3,-0.07499411135201495
RP11-478J18.2,-0.07500875574243931
NPHP1,-0.07500990449595424
RP1-150O5.3,-0.07501255203674628
C7ORF26,-0.07501365714753094
RP11-561B11.3,-0.075024869463294
PLCB4,-0.07502666318061724
VSX1,-0.07503315868310434
IGLV9-49,-0.07503408807021342
ACAD9,-0.07503673784935971
RP11-573G6.8,-0.07503689789200979
RP4-758J18.10,-0.07503851833969509
MGC39584,-0.07504495573749796
INO80C,-0.07504931348699123
TMEM179,-0.07505382935359656
PHKG2,-0.0750580005979189
CTD-2547G23.4,-0.07506082800566982
C19ORF12,-0.07506151891236029
UBE2V2,-0.07507149205174601
RP11-883G14.1,-0.07507856870820405
RP11-463O9.9,-0.07508182004520708
ASCL5,-0.07510302686749357
RP11-563D10.1,-0.07510454607201245
PRKRA,-0.07510466035513463
ZMYM4,-0.07510617229437772
CTB-41I6.1,-0.07511307185152985
CCDC26,-0.07511518912082057
LINC00887,-0.0751171707563995
RP11-572O17.1,-0.0751300461016501
RP11-849N15.4,-0.0751309284008503
TMEM257,-0.0751412614146333
AC104024.2,-0.07514534656335607
FLJ35934,-0.07515506862272694
ZNF644,-0.07515578553989782
STOX1,-0.07515793866398822
RP5-823G15.5,-0.07515893394897868
PNISR,-0.07519472197308896
CTD-2017C7.2,-0.075201560213869
RP11-54O7.2,-0.07520629951988488
CTD-2314B22.1,-0.07521956309959599
GNG8,-0.07522317869284534
VWA7,-0.07523742467388805
RP4-635E18.9,-0.07523823061128591
FPGS,-0.0752417000830915
LINC00264,-0.07524799270564356
RP11-160H22.3,-0.07525722059987898
C8ORF48,-0.07525753110231914
RP11-798G7.8,-0.07526450344969643
RP11-543C4.1,-0.07532455512246693
TRAV34,-0.07532826952162287
RP11-446H18.6,-0.07534487973618915
GALNT3,-0.07534620863647823
CTAG2,-0.07535491553264578
LINC01144,-0.07537099901219207
RP11-649A18.12,-0.07537695196253703
TRBV15,-0.07538747438442427
RP11-977G19.14,-0.07538851558597512
AC017002.1,-0.07538972948389687
RP11-799D4.4,-0.07539018018464667
CTD-2126E3.4,-0.0753919477206688
RP11-99L13.2,-0.07540674275061972
RBBP5,-0.07542711024115256
ZNF30-AS1,-0.07544368618734527
WDR47,-0.07546067275285995
RP11-103J8.1,-0.07546603867662098
RP13-884E18.2,-0.07546673644356902
AC010987.6,-0.0754700905826536
RP11-44K6.3,-0.07547256798244033
SYT16,-0.07547806944847744
RP11-528I4.2,-0.07548323218231862
RP1-102K2.6,-0.0754887911856076
RP11-480A16.1,-0.07549867432700749
LINC00664,-0.07550168711955485
AC093911.1,-0.07550913070450292
WNT11,-0.07552524575577624
RP11-314A20.5,-0.07555309570339383
GAS6-AS2,-0.07557119601785738
AC008063.3,-0.07558537155592002
TMEM82,-0.07559679407688205
RP11-115C10.1,-0.0756006621367517
GRK4,-0.07561603659589788
TMEM107,-0.07563005047637894
LINC00578,-0.07563047660672298
MAPT-AS1,-0.07564664708599966
RP11-16L9.2,-0.07566072331355622
MATN1-AS1,-0.07567834554549302
TRAV38-1,-0.07568359983371709
ENTPD7,-0.07569598064771954
TRAV1-1,-0.07569832389581653
RP11-131K5.1,-0.07570096947613614
RP11-509J21.4,-0.07572772338779103
KIAA1161,-0.07575239480153323
RP11-317N8.5,-0.07578105677103586
RP11-55K13.1,-0.07578656040612985
RP1-29C18.9,-0.07579160497988667
TRBV13,-0.0758028812433336
RP11-446H18.5,-0.07580667016801515
FAM81A,-0.07581683502367842
RP5-943J3.2,-0.07584506832062649
ST6GALNAC4,-0.07585116192878988
COL4A2-AS1,-0.07585338467993019
RP4-736H5.3,-0.07586316850584676
RP11-51J9.6,-0.07587698573391585
RP11-538I12.3,-0.07588499883540803
RP11-118B18.2,-0.07588653633075083
LL22NC03-32F9.1,-0.07588867822591965
RP5-971N18.3,-0.07588903736357994
AC106786.1,-0.07590352582189103
TRAV19,-0.07594264566224877
LINC01546,-0.07594299722745684
RP11-702F3.1,-0.07594368734024096
NOTUM,-0.07594575566061473
SNRNP40,-0.07595770054113637
RP11-575L7.8,-0.07597934207696447
LINC01317,-0.07598412161630268
UNC5C,-0.07601189511934675
RP11-257O5.4,-0.07601565193126561
LINC01338,-0.0760287130312873
RP3-510H16.3,-0.07603389715629763
ZNF536,-0.0760404426130969
SOCS5,-0.0760532252390756
TRGV2,-0.0760599377643018
IGLV4-60,-0.07606959835479074
ARID2,-0.07607027704970643
EML5,-0.07607934455718926
RP11-477J21.6,-0.07607990319376241
CTD-2314G24.2,-0.07609366466875139
RP11-944C7.1,-0.07609789314274389
TRAV9-2,-0.07610521811469081
THADA,-0.07610637476919463
GCNT2,-0.0761081019961174
CWC25,-0.07610916471181806
LINC01106,-0.07612405161002102
RP11-430B1.2,-0.07612595765181691
RP11-669C19.1,-0.07613004310351464
RP11-72L22.1,-0.07614346813261012
CTD-2325P2.4,-0.07615292288031122
LA16C-444G7.2,-0.07615439721013262
LRRIQ1,-0.07615511804208205
RTBDN,-0.07615848068559115
RP11-659E9.2,-0.07616038945355699
MIR3179-3,-0.07616337236336075
RP11-757G1.6,-0.0761693899334667
RP11-81A22.5,-0.0761789398347028
RP11-879F14.1,-0.07618441448478416
C17ORF82,-0.07620042473446925
LINC01433,-0.0762010017625931
CTB-180A7.3,-0.07620784385692922
LY6G5B,-0.07622639697026967
CNGA1,-0.07623023181029731
LINC00856,-0.07623199357485418
RP11-302F12.10,-0.07627167696438371
FSTL4,-0.07627387475762806
RP11-115D19.1,-0.0762865872266462
IGLV5-45,-0.07631067671518696
IGSF9,-0.0763155842319227
AC007038.7,-0.0763207542889377
SRSF8,-0.07632821499579401
CTD-2313J17.7,-0.07634728872608582
RP11-385F5.4,-0.07635658265887166
FUT1,-0.07637539733464094
PEX7,-0.07638564351426003
TIGD6,-0.0763860850761007
NEURL3,-0.07638796135836266
ZNF175,-0.07639387349249119
ORC5,-0.0763992417419293
RP11-400N13.1,-0.07640898971821994
RMND5B,-0.07641759610480758
RP11-423H2.3,-0.07642203713860016
GOLGA8G,-0.07642936043355272
RP11-161H23.5,-0.07644619182235665
MEIS1-AS2,-0.07644624759376323
IGKV1-12,-0.07645071791731976
COA5,-0.07645666053130207
RP1-111D6.3,-0.07646738698715771
CTD-2540B15.9,-0.07647233998835169
RP4-593C16.4,-0.07648793233451946
ULK4,-0.07648963345317666
EML2,-0.07650415423281709
AC002331.1,-0.07650623169846595
SP140L,-0.076531717777717
RP11-474G23.2,-0.07654734199572566
LINC00500,-0.07657311056070065
RP11-359B12.2,-0.07657702198256938
RBAKDN,-0.07658235519198352
RP11-482D24.2,-0.07658710034472829
GPC5-AS1,-0.0765882636724205
FAM19A5,-0.07661601865361825
AC007386.4,-0.07663504908907992
RP3-453C12.15,-0.07664950690336506
RP11-13P5.2,-0.07665597338009422
ZFP92,-0.07666120322918409
AIF1L,-0.07666265642029171
RP11-236L14.1,-0.07666629588713221
RP11-3D4.4,-0.07667176552029112
RP11-203M5.2,-0.07667297605852302
CTB-22K21.2,-0.07668370426764506
AC073657.1,-0.07669371691222338
LINC01085,-0.0767042787927397
AC096670.3,-0.07671102101430102
LINC01260,-0.07671463852887062
RP5-967N21.11,-0.07673237470275446
CXXC1,-0.07674075101192551
DPP10-AS1,-0.07675539611882667
ELFN2,-0.07675778437728853
HIF1A-AS1,-0.07676195263030526
AC005037.3,-0.07677494117623652
RP11-158H5.7,-0.07677534799280779
C20ORF166-AS1,-0.0767908005366206
HSD11B1L,-0.07679904775007412
RP11-561B11.2,-0.07680032576257984
GAP43,-0.07681388900613373
ATF2,-0.07683347836034649
RP11-728F11.4,-0.0768379424712353
CTA-31J9.2,-0.07684816080520221
RP11-147L13.14,-0.07685781026879186
CABLES2,-0.07686274370527091
IGFN1,-0.07686395212195879
RP11-769O8.1,-0.07687158433267557
TRAV8-2,-0.07687294992012783
RP11-346C4.3,-0.07688131942404264
RP11-658F2.8,-0.07688493019150375
RP4-604G5.1,-0.07688753839664442
RP5-1070A16.1,-0.07689327163779783
MED12,-0.0769114786190892
LLNLF-187D8.1,-0.0769182123259593
JMJD7,-0.076919687407237
CLEC17A,-0.07692185336034081
RP11-475O6.1,-0.07692266324698763
RP11-736N17.10,-0.07692886181335747
ESRRA,-0.07694179765785036
RP11-586D19.1,-0.07694240148417231
RP11-429E11.3,-0.07694629087009144
RP11-491H19.1,-0.07694831669516491
RP11-4B16.4,-0.07695553282452691
LINC00265,-0.07696711523745958
SLC25A34,-0.07697188021775464
PLAA,-0.0769874848386955
SVOP,-0.07699378596566261
RP11-504A18.1,-0.07700007892890263
RP11-799B12.4,-0.0770018890323558
GTPBP2,-0.07700194938738808
KRTAP4-6,-0.07701002762320613
TESC-AS1,-0.0770115824177599
METTL4,-0.07701656189431305
RP11-380D23.1,-0.07703595684560144
ZNF587B,-0.07703742214082686
RP11-2E11.9,-0.07703851345816315
RP11-693J15.5,-0.07703995632119479
ZNF473,-0.07704650307375921
RP11-665C16.5,-0.07705241770994706
ADCY3,-0.07705265517577242
RP11-268G12.3,-0.07706039727540764
ZNF550,-0.0770681049865489
USP20,-0.07707557021702732
RP11-111M22.2,-0.07708394917030795
AC004878.2,-0.07709048198695276
SETD7,-0.07709065041393792
RP11-436K8.1,-0.07709684703994163
EXTL3-AS1,-0.0771137510751503
SLC35G5,-0.0771204984641298
RP11-71G12.1,-0.07712600099462749
CTD-3023L14.1,-0.07713038845930094
ABCD3,-0.07713738483652355
NDP,-0.07714626412578907
KIAA2022,-0.07715131637661761
RP11-826N14.1,-0.07715374399702449
ALG10B,-0.07715726917422983
CAMK2D,-0.077179111496265
IGHEP2,-0.07718048542833136
RP11-379F4.9,-0.07719563405634287
BET1L,-0.07719603397753494
RP11-996F15.5,-0.077202215208765
RP11-72M17.1,-0.07720798106136256
SMAD1-AS1,-0.0772082214496479
TRAV6,-0.07721110089599571
CTD-2337A12.1,-0.07721850222444976
FRAT1,-0.07722245881531636
RP1-266L20.2,-0.07723018113705671
RP5-858B6.3,-0.07723247805349756
LINC00379,-0.07724129291497678
AC103563.9,-0.07724204386295343
RP11-427J23.1,-0.07725005452052042
ZNF295-AS1,-0.07725094213799916
HMX1,-0.07725312017995742
C15ORF38-AP3S2,-0.07726937126032371
TRAV21,-0.07727524003573535
MESP1,-0.07728020465533564
RP13-582O9.7,-0.07729880134125316
LDLRAD2,-0.0773000689638513
RP11-353N14.2,-0.07730496586897012
SHTN1,-0.07732730368640284
RP11-136H19.1,-0.07733775548877447
RP11-141J13.5,-0.07734328646090578
PLEKHG7,-0.07734719619619307
ASB15,-0.07734909925170991
ZNHIT1,-0.07734946370305112
RP11-635O16.2,-0.07735407044186413
CSRNP3,-0.07735754310004114
LL22NC03-63E9.3,-0.07737713830501441
LINC01239,-0.07737833526807816
LINC00242,-0.07738539279602726
RP11-519M16.1,-0.0773998511035805
HEATR4,-0.07742250905167267
RP11-211N8.2,-0.07742253078678761
RP11-351M16.4,-0.07742867987206001
RP11-511B23.2,-0.07743036602627307
RP11-100N20.1,-0.077434589281075
AP000439.3,-0.077435060281075
AC000124.1,-0.077436329281075
AC009480.3,-0.07746647775141383
CTD-2534I21.8,-0.07748514540460442
RP5-1025A1.3,-0.0774911502935257
SPECC1L,-0.07750079499150364
C4ORF50,-0.077501671913669
RP11-661A12.7,-0.07750819664303943
CTC-471J1.11,-0.07751259972354897
KIF5A,-0.07752416133335205
RP4-635E18.7,-0.07752821596416484
TFDP1,-0.07753326768759172
CTD-3074O7.5,-0.07753557075839804
RP1-67K17.4,-0.07754155000297834
RP11-1191J2.2,-0.0775474046998198
RP1-35C21.1,-0.07756112354141405
RP11-296A18.6,-0.07757108381936012
RP11-54G14.1,-0.07757146705462614
RP11-927P21.2,-0.07757204838052212
RP11-307C19.2,-0.07759552546049427
CTC-428G20.6,-0.07759695339332928
RP11-524C21.2,-0.0775988265591599
SZT2-AS1,-0.07760252731747484
WWTR1-AS1,-0.07760513565677725
NALCN-AS1,-0.07761658330652262
LINC01249,-0.07761959579276567
LINC01395,-0.07762119545410615
RP11-723D22.3,-0.07764286068201633
AL122127.25,-0.07764602538657897
CCNI2,-0.07767325749767541
HELLS,-0.07767474350474535
RP11-420A23.1,-0.07767693896918654
CCNE1,-0.07767807722918951
LINC00543,-0.07771204313188536
RP11-161I6.2,-0.0777142593528165
RP11-615I2.2,-0.07772648424061557
ZNF66,-0.07772816289064943
CABLES1,-0.07774041972114282
RP11-540O11.6,-0.07775060414056202
USP34,-0.07775815176767015
ACBD7,-0.07777905321710782
GS1-204I12.4,-0.0777790880874798
AC016768.1,-0.07778329848183592
RP11-92G12.3,-0.07778776591663256
RP11-80H5.2,-0.07779344362303284
RP11-713M15.2,-0.07780497582453227
TSC1,-0.07781455131058557
ZNF571-AS1,-0.07781620772000483
RP11-930P14.1,-0.07782150022624323
CTC-431G16.2,-0.07784093237634718
RP11-404E16.1,-0.07784776187239072
CNGB1,-0.07785781888458432
RBM11,-0.07786371264679814
AC007405.6,-0.07788185136107996
RP13-16H11.5,-0.07788740573561949
ZNF335,-0.07788924804841679
TRAV12-3,-0.07789152108743357
AC005757.6,-0.07790421357243588
AP000230.1,-0.07790676300002794
ZNF12,-0.07791431536571147
SGMS1,-0.07793081004185637
RP4-613A2.1,-0.07798694484895624
RP11-10C24.1,-0.07799110781548403
GS1-304P7.3,-0.07799492696274268
LINC01615,-0.07799689011483414
SLC22A10,-0.07800009361460637
RP1-292B18.3,-0.07800758144816522
AQP4-AS1,-0.07802913697960118
SHB,-0.07802990495783485
SALL1,-0.07803882419059799
RP11-60L3.1,-0.07804826938931267
AQR,-0.07807489845646198
RP11-63G10.3,-0.07807993085418141
AC012360.4,-0.07808642409458741
PERP,-0.07809107899640377
REC8,-0.07809483015698038
RP11-67L3.4,-0.07810154422303846
RP11-18B16.2,-0.07810856277836033
XXBAC-BPG154L12.5,-0.07814966395268062
SALRNA2,-0.07815350838307515
RP4-621N11.2,-0.07815567098631038
RP11-525A16.4,-0.07816602119017924
CTD-2523D13.2,-0.07817291038539903
CREBZF,-0.07820489929578184
EIF2B5-AS1,-0.07821542788180752
TTYH1,-0.07821957091114559
RP6-201G10.2,-0.07822142829141313
RP11-48B3.4,-0.07822202475947301
RP11-76E12.1,-0.07823547325732835
RP11-60A8.1,-0.07823653058842518
RP3-438O4.4,-0.07824308283309188
SF3A2,-0.07824331967845721
RP11-254I22.1,-0.078245781926991
RP11-557H15.3,-0.0782506623474705
RP11-138I18.2,-0.07825097101294183
UHRF1,-0.0782536570600667
NKAIN2,-0.07825400295963397
AGL,-0.07825901780493905
FAM225A,-0.07829206958975621
FAM171A2,-0.07830016503255355
RP11-19N8.4,-0.07830679227720067
RP11-609N14.1,-0.07830829411141377
PCP4L1,-0.0783091519276651
ZNF596,-0.07832766059808222
PEX5L-AS1,-0.07832967467879651
TNK1,-0.07833087541108022
WDR87,-0.07833133367588327
RP11-750H9.5,-0.07833277516477638
HIGD2B,-0.07833940531797487
ETV3L,-0.07834755784574866
CCDC73,-0.07835647207900914
TSSC4,-0.07837329506539104
SLC30A5,-0.07839737904453986
CCNJ,-0.07840174228986357
AC010890.1,-0.07840416844877417
AMY1A,-0.07840513514728481
IGLV2-23,-0.07841251567571567
RP11-426C22.8,-0.07843429568356218
PLEKHA8,-0.07843774522281355
API5,-0.07844721704106633
RP4-535B20.1,-0.0784672254250737
TRBV23-1,-0.07848437418837015
INMT-FAM188B,-0.07848463835262606
RABEPK,-0.0784989796523291
AC022816.2,-0.07852578508342367
CACNG6,-0.07852969374884367
CRB3,-0.07853327839843482
PCDHB8,-0.07853800209350703
ABALON,-0.0785381606687426
N6AMT1,-0.07854000067957645
C11ORF91,-0.07854014922204033
DCAF5,-0.07854405357233141
RP11-85G21.3,-0.0785558977959561
C1ORF168,-0.07855937228332355
CACNG1,-0.07858541276492614
AC079145.4,-0.07859929384272875
LINC00517,-0.0786061336669036
LLGL1,-0.07861273913338002
TPRG1-AS1,-0.07862416853846041
RP11-655M14.13,-0.07862702393854436
ATE1-AS1,-0.07862778137621299
MFSD3,-0.0786323312649636
MED21,-0.07863329679643649
RP11-54A9.1,-0.07863796659111491
LA16C-329F2.1,-0.07864044871342633
RP11-435O5.6,-0.07866342804685249
LINC01501,-0.07866752566183294
FAM225B,-0.07868265899956622
RP11-291B21.2,-0.07868351262199372
HMGXB4,-0.0786908145681286
AC012314.8,-0.07869653732536312
RP5-906C1.1,-0.07869861064885644
RP11-96D1.11,-0.07871796047188317
RP11-492I21.1,-0.07871907440474842
RP11-596C23.6,-0.07873208862021157
RP11-85B7.2,-0.07873940392911091
LINC01611,-0.07876559762568486
AC004941.3,-0.07878595927308471
SMAD5,-0.07878759774814603
AP000355.2,-0.07882248857244895
RP11-402P6.11,-0.07882482333703372
SPATA21,-0.07883084558769192
DDA1,-0.07887016607882907
RP11-415D17.4,-0.07888689911848694
ERI2,-0.0788893906485606
EXOG,-0.07894745575016648
ATE1,-0.07895516752477338
SCD,-0.07896420957411732
NAGS,-0.07897060990787602
AC011288.2,-0.07897911697289481
RP11-540O11.7,-0.07898169162489935
CCDC86,-0.07898583039657864
RP11-342K6.1,-0.07899331601109659
EFCAB8,-0.07899446185498783
LINC00111,-0.07901251677603086
DUS1L,-0.07905745984366624
TNRC6C,-0.07906086679775776
RP11-63B13.1,-0.07906104221504662
RP1-101K10.6,-0.07906365403608051
PCYT1B,-0.07909130656396085
TMEM178A,-0.07910167775895782
HS3ST6,-0.07911192234416098
DKFZP434I0714,-0.07911514386922858
KIF20A,-0.0791331124582122
RP11-626H12.2,-0.07913718719658837
SMIM18,-0.07913783487829586
OXER1,-0.07913901016628339
ORMDL1,-0.07915581193634791
IGKV1D-8,-0.07915700261916377
CCNC,-0.07916142880687604
CTA-126B4.7,-0.07917225965722122
ZNF730,-0.07919811908309915
PCNT,-0.07920150676132365
SLC16A12,-0.0792140247704129
LINC01471,-0.07921435327735235
PQBP1,-0.0792313729514344
RP5-983L19.2,-0.0792484967502673
RP11-1026M7.2,-0.07925980567448232
CTD-3020H12.4,-0.07927605179340233
FLT3LG,-0.07929460126959931
LINC00908,-0.07930572768561278
RP11-219A15.1,-0.07931681483969444
PLPP2,-0.07933327229475595
RP11-284M14.1,-0.07934922705346581
RP11-8L8.2,-0.07937094945240478
TECPR2,-0.07938303430317412
SVOPL,-0.07940510583018054
GBF1,-0.07941456030193161
RP4-798A10.2,-0.07942252950595627
KIAA1958,-0.07944110162800541
HIF1AN,-0.07944195891726097
ZZZ3,-0.07947526372625352
WNT2,-0.07948517985841241
ZNF665,-0.07951198657917216
RP13-401N8.1,-0.07952398951037883
RAET1E-AS1,-0.07952899061573396
NSD1,-0.0795485174979601
RP11-521B24.5,-0.07954932195436815
ARPP21,-0.07955841199713215
FP325317.1,-0.07957865445863099
RP4-635E18.6,-0.07962920189489217
CTA-984G1.5,-0.07964279701608219
SEC61A1,-0.07964586454237887
NFYC,-0.07965525938721107
CTD-3239E11.2,-0.07966691460993072
RP11-1102P16.1,-0.07966919701911573
RP11-132N15.3,-0.07968479171716988
RP11-57H12.3,-0.07969812187074338
NRAV,-0.079699976520681
PCDHGB6,-0.0797035933822626
LHX1,-0.07970573765695327
HID1-AS1,-0.0797078781327203
CACNA1G-AS1,-0.07971309721873844
RP11-632L2.2,-0.07971559566034975
LRRC2,-0.07971724940650035
RP3-333A15.1,-0.07974088175963706
IPO8,-0.07974905456690573
AC007126.1,-0.079752591163598
GJB1,-0.0797579679781798
INO80E,-0.07976598617143282
MAPK6,-0.07977172376990588
TMEM240,-0.0797853651211213
CHD8,-0.07979094289854549
C2ORF82,-0.07979097095944468
SPRYD3,-0.07983019588502699
MAF1,-0.07983390356876557
LINC00857,-0.07983595569839569
RABGAP1,-0.0798360935548329
GATAD2A,-0.07984848152589658
RP11-431K24.4,-0.07984941564373524
ANO9,-0.07986726271640798
RP1-317E23.3,-0.07987058736102653
ZNF274,-0.07988930536491073
SDE2,-0.0798933536251073
UBR5,-0.07991264845784135
RP4-604K5.3,-0.07992383922292254
ASF1A,-0.0799334558206935
FRRS1,-0.07994929174635118
CTD-2541J13.1,-0.08000723688919377
RP11-452C13.1,-0.08001052449683135
PRKAR1A,-0.08001511751718837
DPH5,-0.08007672659823745
RP11-169D4.2,-0.0800854736481946
ZC3H7B,-0.08009032634039537
AC129492.1,-0.08009552681475791
RBMS3-AS3,-0.08011041316789624
RP11-739B23.1,-0.08011869094414394
RP11-391J2.3,-0.08012635696172574
NCCRP1,-0.0801582954988278
ADCYAP1R1,-0.08017588853990465
RP11-932O9.9,-0.08017682389348205
AC016582.2,-0.08019090622613109
CRYM-AS1,-0.08020559378405517
CTC-444N24.6,-0.08021083751485103
PCAT7,-0.08021418666675273
RP11-465N4.4,-0.08022192593770543
UTY,-0.08024509605504115
CECR3,-0.0802493856973556
LINC01374,-0.08026440569025066
SYNGR3,-0.08029027335146821
RP11-13P5.1,-0.08029049444345976
KIF13B,-0.08030261804552408
PRR18,-0.08030804192028164
C7ORF69,-0.08032178575455821
TST,-0.08034044118823008
AF064858.6,-0.08037126183409024
RP11-371F15.3,-0.08037406109771383
RP11-387H17.4,-0.08037865997581883
RPRML,-0.08038552134184694
ASTN1,-0.08039068024271184
KLHL30,-0.08040589622479168
RP3-388E23.2,-0.08042608313864597
NRXN1,-0.08043594342805505
ZBTB47,-0.08044722432755821
FLRT3,-0.08045162693935254
SLC35E2,-0.08045458954720756
SLC23A2,-0.0804559468154662
MAP4K3,-0.08046209598376808
IQCJ-SCHIP1-AS1,-0.08047071358744776
RP11-92A5.2,-0.08049297618559356
CTC-526N19.1,-0.08052066138072483
PIGO,-0.0805439207772205
RAP1GDS1,-0.08055164392554892
RP11-219E7.1,-0.08056499712950241
LINC01013,-0.08057499812270771
MIPEP,-0.08059522540091335
POLR3F,-0.0806324713198529
LINC01320,-0.08063543727407464
RP11-16C1.1,-0.08064868206222138
RP5-855F16.1,-0.0806500977439838
RP11-95L3.2,-0.08065746367813165
LINC01465,-0.08066181070424527
HIST1H1D,-0.08072401869120466
SHQ1,-0.08072628331032844
LINC01104,-0.08073020126735775
SCAI,-0.08073280288993623
RP11-19E11.1,-0.08073688496175321
PKP4,-0.08074568419316541
VPS16,-0.08074734879251022
NOXRED1,-0.08075269013912523
RP11-569A11.1,-0.0807592549667146
RP11-470P21.2,-0.08076648571483071
LINC00866,-0.08076725965133058
ABCA3,-0.08079051373930318
RP11-59C5.3,-0.08079267298378073
ALDH1L1-AS2,-0.08079508971926323
RP11-338N10.1,-0.08079708917614148
CECR6,-0.08080913020223807
TMEM26-AS1,-0.08083873448515759
KIFAP3,-0.08083982271111545
RP11-795F19.1,-0.08084885557308139
SFSWAP,-0.08086700893646559
BIRC6-AS2,-0.08090513491969226
RP11-143I21.1,-0.08090821252614824
CTD-2265O21.3,-0.08090915561919024
AB015752.3,-0.08091475769575825
CTD-2240J17.4,-0.08092391193474258
PHF23,-0.08092999589225042
CTB-138E5.1,-0.08094562517535658
LINC00520,-0.0809520164038153
RP11-443B7.3,-0.08095401389929416
RP11-426C22.6,-0.08095593270322088
RP11-63A2.2,-0.08096684897030293
RP4-806M20.3,-0.0809669582700094
RP11-105N14.1,-0.08097364465319397
RP11-357H14.17,-0.08097653774087192
CTD-2650P22.1,-0.08100098132354547
RP11-164C1.2,-0.0810072201234539
RP11-732A19.9,-0.0810093457305654
GS1-166A23.1,-0.0810318906333928
FAM150A,-0.08103344939982497
IGKV2-30,-0.08103920629194009
AC124944.5,-0.08104155058158968
ANAPC15,-0.08104211735059053
RP11-567J20.2,-0.08105220333007399
NAA25,-0.08105654001970541
RP11-267C16.1,-0.08105901161786531
CTD-2659N19.9,-0.08106127522502148
RP11-481J2.3,-0.08106369121483742
RP4-639J15.3,-0.08109072212008378
AC104699.1,-0.08110794701134304
CTD-2527I21.7,-0.08111199022630133
RP11-7I15.4,-0.08111880665534534
LINC01456,-0.08112047149840854
TTC32,-0.08112460167925117
CNGB3,-0.08112924891580697
DMGDH,-0.08113506979589269
RP11-665J16.1,-0.08114212626542339
CTD-2113L7.1,-0.08116026249396224
EMILIN3,-0.081165428438449
RP5-1184F4.7,-0.0811793614915875
DAAM2,-0.08118244886734427
RP4-742J24.2,-0.08119818566729793
PHGDH,-0.08121001609137368
NIM1K,-0.08121500138129444
RP11-366F6.2,-0.08122489018167378
VAT1L,-0.08123103457580402
RP4-550H1.7,-0.08123329779755464
KMT2C,-0.08124188384207853
RP11-360L9.7,-0.08125230319868909
RP11-314B1.2,-0.08126572663777001
TRAV17,-0.08127023513543577
VWA2,-0.08128119211895035
AP4B1-AS1,-0.08128503679490989
RP4-794I6.4,-0.08128527444113291
AC012123.1,-0.08129575953549209
RP11-492E3.51,-0.08131912432436544
RP11-567N4.3,-0.08133534129900419
FAM122A,-0.08135249317192417
RP11-10A14.5,-0.08136212800580998
RP11-202G11.2,-0.08137047836576311
FAM222A-AS1,-0.08138371777259445
FBXL6,-0.0813917670298443
MRPL9,-0.08139243015332664
CTD-2587H24.5,-0.08141569983296665
TM9SF4,-0.0814164549968654
CTC-506B8.1,-0.08142622349482412
TRAV8-4,-0.08142723656581803
FAXC,-0.08143631140589319
RP11-855A2.3,-0.0814382844410099
CDC73,-0.08144619221026161
HUWE1,-0.08145417259027532
RP11-340F14.6,-0.08145544723650103
NME9,-0.08146139546509776
C15ORF53,-0.08146884493837765
FAM229A,-0.08147821294657953
OXGR1,-0.08149486600339056
ARFGAP1,-0.08151280118790633
AC144831.3,-0.08152799337812108
KRT85,-0.08153376496449018
AC073115.7,-0.08153487172946638
CASC2,-0.08157576943971076
AC009262.2,-0.08157929517062812
RP11-624C23.1,-0.0816025752884515
CNOT6,-0.08162539129948104
RP11-439A17.9,-0.08165225926448061
ANKRD30A,-0.08165251371267694
C2-AS1,-0.08166433539478099
AC097467.2,-0.08166931927543071
CTD-2147F2.1,-0.08167141596157217
PCDHB4,-0.08167862559582134
LINC01612,-0.08169671008742398
UBLCP1,-0.08170633908520775
PIGV,-0.08170638991510609
AC008697.1,-0.08170970732461072
MARVELD3,-0.0817166264475831
EP400,-0.0817775011927917
RP11-138C9.1,-0.0817783885554255
LINC01301,-0.08177972679817881
CCDC158,-0.08182034011906508
RP5-1198O20.4,-0.08183788151002416
RP11-1134I14.8,-0.08185710663969714
KTI12,-0.08188925721145907
TTC6,-0.08188997444265345
AC087491.2,-0.08189209407339015
NYAP1,-0.0818927198467544
KB-1507C5.3,-0.08189464441523736
GYLTL1B,-0.08190046769208242
OTOR,-0.08190168087321724
RP11-506M12.1,-0.08191039510838818
RP11-375O18.2,-0.08191510082999437
RP11-96K19.2,-0.08191649957514054
RP11-164O23.7,-0.08192675547967203
AF131216.5,-0.0819275890935691
PP12613,-0.08192882108303152
AC005932.1,-0.0819376792756843
SHISA2,-0.08193874477825011
FREM3,-0.08193889060702605
AP001056.1,-0.08194072748389414
AC073342.12,-0.08194087073870877
RP11-302F12.3,-0.081944165166765
THOC6,-0.08196649833798536
RP11-108K14.12,-0.08198253889159747
DPPA4,-0.08199754219005884
RP11-554I8.2,-0.08200075179836358
RP11-10C24.2,-0.0820033222525097
CTD-2091N23.1,-0.08200502715546934
LINC01342,-0.08200533059144781
SCAF8,-0.0820127948166926
AC241377.2,-0.08204690077451465
IGLV7-46,-0.08205195504422683
CTD-2292M16.8,-0.08205474138376811
WEE2-AS1,-0.08205709802716757
MAP1LC3B2,-0.08206546321087199
LINC00629,-0.08206716775099065
IGFBPL1,-0.08207574193990208
IGKV1-5,-0.08207774014376076
RP5-1039K5.17,-0.08208110060888017
CLP1,-0.0820838105488002
KAZN,-0.08208550468406695
IGKV1D-12,-0.0820869759295975
HRASLS2,-0.08209182596924786
MIB2,-0.0820957942589336
RP11-563N4.1,-0.08209739716515625
CCAR1,-0.08211422026899273
MRPS35,-0.08212183636151144
AVEN,-0.08212562991657513
MON1B,-0.08212627369102204
FUBP3,-0.08212930010175634
RP11-307C12.12,-0.08214898316815497
RP11-119J18.1,-0.08215927919908574
AC097724.3,-0.08217355049304759
RP11-95O2.1,-0.08218255468519627
RP11-977G19.12,-0.08218374147240635
SMG6,-0.08218472517811404
RP11-474D1.3,-0.082185574068399
RP3-429O6.1,-0.08219128764684595
AC016738.3,-0.08219158172896279
HSD17B2,-0.08220567218046881
RP11-301L8.2,-0.08221605734217727
RP11-70L8.4,-0.08221650278029548
RP11-354M20.3,-0.08221680752014221
TAS2R10,-0.08221898740225801
AC069277.2,-0.08222859634994374
MTPAP,-0.08223069420840817
NOL7,-0.08223254443625938
COX16,-0.08223295465641661
KRTAP16-1,-0.08223619996833265
CACNA1C-AS1,-0.08224895014102829
RP11-872D17.4,-0.08225770946583408
COPS8,-0.08226338156350571
BAZ1B,-0.08227086952508977
TBC1D3P1-DHX40P1,-0.0822711710872541
KCTD21-AS1,-0.08227358992797948
CADM1,-0.08227366418331367
ZNF30,-0.082292507965396
RP11-798K3.3,-0.08229253024462142
RP11-53O19.3,-0.08230911218800104
CATIP,-0.0823139036173691
CADPS2,-0.08232883956762865
AC010504.2,-0.0823301770827417
RMI2,-0.08233544422990835
RP11-141M1.3,-0.08234358049690221
LINC01095,-0.08234756894229708
RP11-767I20.1,-0.08235134239760253
RP11-303E16.3,-0.08235901013065576
RP5-1056H1.2,-0.0823664879690097
RP11-486O12.2,-0.08239276282434127
CTB-113P19.4,-0.08239567360541328
AC012360.6,-0.08240636425512643
SERPINE3,-0.08241217519223278
CSTL1,-0.08243040203105906
VPS50,-0.08244423420771729
PIGZ,-0.08244476479268437
AC004854.4,-0.08244546984247722
RP11-402L5.1,-0.08244835724253047
RP11-126O1.6,-0.0824590937953385
PPIL6,-0.0824636836555647
TMEM254-AS1,-0.08246938731029799
MSI2,-0.0824708717643951
NEBL-AS1,-0.08247551516892102
RP11-308D13.3,-0.08248081556438436
RP11-193M21.1,-0.08248206901341687
CDH8,-0.08248239101435734
PPOX,-0.08248272150099567
RP11-356I2.1,-0.08248583141448129
SYNJ2,-0.08249024830617974
CDON,-0.08249038185654806
SCAP,-0.08250190357066745
CTA-221G9.11,-0.08250824211496804
MDS2,-0.08253142636437813
EID3,-0.08253424406124749
RP11-114G11.5,-0.08253600080395761
TTC7B,-0.0825388615142777
AC093590.1,-0.0825434533758285
CFLAR-AS1,-0.08254554875842643
AC007365.3,-0.08255032802877402
RP11-398E10.1,-0.08255323646123686
RP1-142L7.8,-0.08255580825308866
RP11-283G6.6,-0.08255734219609795
ANKRD7,-0.08257283269348997
PRKG1-AS1,-0.08262570443244116
TRAV16,-0.08263831571468905
RP11-348F1.2,-0.0826384271271634
RP11-764K9.1,-0.08263852845967717
HCG22,-0.08264146153296183
RP11-703H8.7,-0.0826423276766336
RP11-139K4.2,-0.08266137450688155
TRBV28,-0.08266332803008536
ZNF154,-0.08267684342432657
IGKV1-6,-0.08267919946355802
FAM92B,-0.08268280877983424
RP11-359I18.5,-0.08269131526285886
RP11-705O24.1,-0.08270199628233829
RP11-280O1.2,-0.08272003629569852
RP11-227G15.12,-0.08272031735773833
RP4-773N10.4,-0.08272100061709901
AC012354.6,-0.08272676526703768
TRAV23DV6,-0.08272914705019262
AIFM1,-0.08273732722271082
RP11-495K9.6,-0.0827380718636411
RP11-568A7.2,-0.08274329422564691
CDKL2,-0.08275288710527448
AC005609.17,-0.08275522240110994
PUS3,-0.08275928351866213
BHLHB9,-0.08275933371684316
IGKV1-8,-0.08280653200367513
LINC01207,-0.08280727462116914
AP003900.6,-0.08282436726519335
TBCE,-0.08282581832565938
GS1-293C5.1,-0.08283784434435207
C11ORF85,-0.08284264857155488
PCDHB13,-0.08285386533263571
LINC00601,-0.08285575367911739
SLC2A12,-0.0828622975594682
RFX3-AS1,-0.08286366642344173
CASC10,-0.08286997385324929
AC114730.3,-0.08287440102739282
CTD-2020K17.4,-0.08290176302655462
ING5,-0.08291518098882611
RP11-680F8.1,-0.08291985614818667
H1FX-AS1,-0.08292485870058293
TMED8,-0.08293196531001079
GNG7,-0.0829662669080018
EQTN,-0.082976817184638
CNNM3,-0.08298191830077495
RP11-463J10.2,-0.08298480100756955
RP11-73G16.2,-0.08299080399886319
RNF216,-0.08302980902868001
TERF2IP,-0.08303063208755274
RP11-143A12.3,-0.0830315937893317
CTD-2246P4.1,-0.08303421586425375
AF003625.3,-0.08304913495293319
TTC24,-0.0830770199656328
CTB-193M12.1,-0.08307960822569616
HADHA,-0.08310858678209421
GLIS2-AS1,-0.08312252502912848
RP5-981O7.2,-0.08313120215102507
RP11-54H7.4,-0.08313926150027734
IL17RE,-0.08313965107484433
PIAS2,-0.08314135690506447
SSBP3,-0.08314433416836586
WBP1,-0.0831541754421724
ARHGEF38,-0.08316877206097381
BNC1,-0.08318208683278708
RP11-886D15.1,-0.08318306301536325
CTD-2630F21.1,-0.08318927305363732
SLCO1A2,-0.08319733963791709
B3GNT6,-0.08320053813857536
DDX24,-0.08320384582363749
KRT73-AS1,-0.08322016722756494
ZNF329,-0.0832218975611772
C10ORF55,-0.08322601305640981
TDP1,-0.08322874940597713
C1ORF141,-0.08323639534212793
RP11-370F5.4,-0.08323999755213808
ZNF888,-0.08325485774813635
RP11-608O21.1,-0.08325750299722406
CTD-2270P14.5,-0.08325915934056863
DDX19B,-0.08326735692560222
LFNG,-0.08328427605814515
CUL4B,-0.08328574734787098
LINC00967,-0.08330739251139116
RP11-287F9.2,-0.08330787387874856
CTD-2540B15.11,-0.08332543877164036
LINC01344,-0.08333158569879565
RP5-1107A17.3,-0.08333890789468111
Z83851.4,-0.08335330516036482
ATXN2,-0.08335500657963191
LINC01070,-0.08336642263478936
RP11-116O18.3,-0.08338084004444653
RP11-164P12.3,-0.08338523761379256
TSPO2,-0.08339530133045527
TXNDC16,-0.08340500864164885
RP1-232P20.1,-0.0834051361562975
RP3-467N11.1,-0.08341812878386
RP5-858L17.1,-0.08341939378367587
AC007131.1,-0.08342340446844163
RP11-522B15.3,-0.08343813545840888
IGKV3-20,-0.08343825255930437
UPK3A,-0.08345205461614746
IL12A-AS1,-0.08346910091925658
CTD-2116N17.1,-0.08347361139076442
SIX3-AS1,-0.08347435535767432
RP5-888M10.2,-0.08347997430074405
OVOL3,-0.08348414269678531
AP001063.1,-0.08348425606889279
ANKFY1,-0.08348539291369228
CADM3-AS1,-0.08348727062802186
RP11-178C3.2,-0.08348899126190328
CTD-2017C7.1,-0.08352410294797724
ERVV-1,-0.08352807957989197
RP11-53I6.3,-0.08352835904905753
RP11-128A17.1,-0.08353267498837288
KB-173C10.1,-0.08353484146815271
C15ORF59,-0.08353554167509156
STAMBP,-0.08357581816795956
LINC01273,-0.0835816319813007
AC090617.1,-0.08360194381098196
RP11-368I23.3,-0.0836121335299283
MRGBP,-0.08364496790664933
KLHL29,-0.08365126592127864
C22ORF23,-0.08365270108246722
ATG14,-0.08365462069567153
CTC-321K16.1,-0.08365921895088214
CLEC2L,-0.08366513540142548
PPT2-EGFL8,-0.08366672470398802
FEZF1,-0.08368300846962773
MON1A,-0.08368645073555919
RP11-332J15.4,-0.08368977821441151
CTD-3222D19.12,-0.08371358068259412
RP11-702F3.3,-0.08371431226333995
HMGA1,-0.08372297666953915
LINC00494,-0.08372318606478794
CTD-2619J13.3,-0.08372524300661105
RP11-1348G14.8,-0.08373231719262234
RP11-35G9.5,-0.08374148164067229
FAM159B,-0.08374204955171086
RP11-108K3.1,-0.08375607521194067
B.2,-0.08376056031693134
ZNF341,-0.08376623535449654
LINC00636,-0.0837853635801352
AP001596.6,-0.0838090494827519
RP11-111K18.1,-0.08381326829583746
RP11-123B3.2,-0.08383582616412139
RP11-770J1.4,-0.0838578735274799
NLGN1,-0.08386430507144593
PHTF1,-0.08386762516318563
PDF,-0.08387847351068145
ZNF441,-0.08388514976698055
RP4-745K6.1,-0.08389508991136667
RP11-713N11.6,-0.08390009679685907
RP11-191L9.4,-0.08390085391545364
RP5-899B16.1,-0.08391025724489065
UBXN7,-0.08391121884037356
RP11-455F5.3,-0.0839174722383481
PRR4,-0.08394064929402573
DMRTA2,-0.0839436972048532
LINC01589,-0.08395329707704227
RHOT1,-0.08395546259804387
PWWP2A,-0.08395947214036958
VN1R2,-0.0839610325400297
RP1-69D17.4,-0.08397453254881813
SLC35F4,-0.08397564823899101
LINC00113,-0.08398578806312891
RP11-42I10.1,-0.08398621841079493
IGKV1D-39,-0.08399056785185222
PREPL,-0.08399147722491834
PDE4DIP,-0.08399499161470769
UBE4B,-0.0840145354737386
C10ORF91,-0.08402983753454127
FBXW5,-0.08403732902385685
FBXL19-AS1,-0.08408341073960587
KIAA0895,-0.08408475910346913
UBE2R2-AS1,-0.08409449907473025
CCDC181,-0.08411688698364697
C8ORF89,-0.08412278421070836
CYP4V2,-0.08413398138102318
AC008271.1,-0.08414412208699516
RNF26,-0.08414966156672432
PTPRD-AS1,-0.08415920356325539
LINC00163,-0.08416402101782654
OTUD7A,-0.08416460618550942
NME3,-0.08416941727892802
ANO8,-0.08417888375159294
AC010091.1,-0.08418540601314967
FGF13-AS1,-0.084186487616808
RP11-567C2.1,-0.08421775538923404
RP11-849H4.2,-0.08424581574035683
PHF20L1,-0.08424836601562685
ZMYND11,-0.08425401802095261
RP11-40E6.2,-0.08427601682453989
WDYHV1,-0.08427837580082742
COQ10A,-0.08428502359174622
PIGK,-0.08431768577081028
GML,-0.084326654535294
FUT6,-0.08433242788322703
RADIL,-0.08433637801732108
RP11-506H20.1,-0.08436995169211867
OR52N4,-0.08437915622103279
H2AFB1,-0.0843912433121605
RP11-667M19.2,-0.0844251355078311
UNG,-0.08443014361615997
DCST2,-0.08444171805111567
AGA,-0.08444860836574858
KIR3DX1,-0.08446534755912072
ZNF718,-0.08446603971016597
TMEM155,-0.08446901055845021
RP11-306O13.1,-0.0844823943217273
TRIM9,-0.08448419041698474
AC140725.4,-0.08449154228925024
CHRAC1,-0.08451042089795013
RP11-88H9.2,-0.08451861419890447
ZNF738,-0.08453962332125553
AF196970.3,-0.08454046546679356
LINC00970,-0.08455989155719618
RP11-368I23.2,-0.0845724230961754
RIC8A,-0.08457566684975182
LINC01497,-0.08458113692030574
AP1AR,-0.08458231171338404
RP11-544A12.4,-0.08458286839831301
WBSCR17,-0.084585236356571
FKBP1B,-0.08459157436725989
DIRAS2,-0.08459602156783702
AMOTL2,-0.08460234041981779
FAM153C,-0.08461775385838055
TMEM132C,-0.0846198360921693
TCEA1,-0.08462191328936736
RP11-647K16.1,-0.08464641148300617
DDX19A,-0.08465108650038283
PAFAH1B3,-0.08466283821588638
TPD52L1,-0.0846764922724263
MRPL50,-0.0846788350930755
RP11-644K8.1,-0.08469740500551377
ZFY-AS1,-0.08470149238762209
RP11-76P2.4,-0.08473745034935162
RP11-85A1.3,-0.08473766539738724
PCID2,-0.08473995093034353
RP11-76E17.4,-0.08474959956861677
PCDHA5,-0.08476902806485308
MRPL23-AS1,-0.08477212067576993
PELI2,-0.08477664144480052
RP11-91J19.3,-0.0847842719579382
LIFR-AS1,-0.08479167618658147
MED4,-0.08479290748343149
LINC00648,-0.08479574167776177
RP11-680F20.6,-0.0847976001555813
CTD-2033D15.1,-0.08482561136480903
AC007773.2,-0.08483221104605904
USP19,-0.08484643965854788
LINC01124,-0.08486927202209528
RP11-156K13.3,-0.08487961756162615
LINC00619,-0.08488277677302326
RP11-161M6.3,-0.08488480200581879
HNRNPDL,-0.08489502371783697
RP11-50D9.3,-0.08491237456235273
CTD-2350C19.2,-0.08494056783320239
LINC00593,-0.08494122190229234
RP11-44B19.1,-0.08494273126441103
PER3,-0.08498221148831203
RP11-127B20.2,-0.08499384794356027
SMCO3,-0.08500480491056425
DLEU7-AS1,-0.0850247470973177
RP1,-0.08504567652913333
SAP18,-0.08505393992986504
SNAP25-AS1,-0.0850620024759492
RNF112,-0.08507389577103669
KATNA1,-0.08507743357295283
ENKUR,-0.08507925104726632
RP11-126O1.4,-0.08510850516929075
ELL2,-0.08513467151386184
RP11-571I18.5,-0.08515109758553416
RP11-768G7.2,-0.08515942627918531
SPAST,-0.08516719264496009
EIF2B4,-0.08516777420831134
CHCHD4,-0.08519356282089185
RAB30,-0.08520300916552082
C10ORF107,-0.08520651847467953
WDR6,-0.0852066903563169
PCDHB10,-0.0852565226371897
TREX2,-0.08526868798255939
SAFB,-0.08528904005864457
TAF1,-0.08528972092240228
USP24,-0.08531899086939765
LINC01290,-0.08532014971769211
IGHV1-58,-0.0853300943456117
LINC01010,-0.08533865678911204
TRAV4,-0.08534113569614582
U2AF2,-0.08536167592124644
SLC35D2,-0.08536246049904384
TEPP,-0.08536808908521193
SMIM10L2B,-0.08536980004225499
TRBV18,-0.08537129149352149
RP11-384F7.2,-0.08539124829573336
RP11-389G6.5,-0.0854201991614116
RP11-554A11.9,-0.08542383308960906
ZNF831,-0.08543328300786496
SUPV3L1,-0.085442221970768
CPNE9,-0.08544975216672568
RP1-122K4.3,-0.08546238573724492
REM2,-0.08546774699738849
RBM14,-0.08554429145213993
RP11-346C20.3,-0.08554871477876264
LSM12,-0.08555073006764485
RP5-940F7.2,-0.08557291736966924
PCNA,-0.08559963046621455
CTD-2298J14.2,-0.08560610363103457
PGM5P2,-0.08561496172667896
MARCH4,-0.08565112002805862
DTNB,-0.08568178303746538
ALKBH8,-0.08568996063113249
TRAV8-5,-0.08569573466649763
LINC00604,-0.08569803426514583
FAM107B,-0.08569941367811507
RP11-440I14.2,-0.08571594968403298
DUT,-0.08572566910693802
RP11-344F13.1,-0.08573021608977419
RP11-348N5.7,-0.08575167769684357
GCNT1,-0.08579991654348895
NOL8,-0.08580403484272542
KIF23,-0.08581250048874556
CPSF4,-0.08581335403056384
SLC4A3,-0.08583969914693215
RP11-462B18.2,-0.08587233017482837
RP11-89F3.2,-0.08588311680814811
DLAT,-0.0859069990656729
PHKA1-AS1,-0.08591193677067467
PRRT3-AS1,-0.08591920720583926
RP11-293M10.6,-0.08591941808811104
RP11-622C24.2,-0.08593578887577037
AC009542.2,-0.08593850972283017
RP11-190C22.9,-0.08594072079910396
POLG2,-0.08594165492448863
RP11-664D1.1,-0.08596188922927434
RP11-731F5.2,-0.08596773274714153
ENDOU,-0.08596878750259615
CTD-2587M2.1,-0.08597488327628665
OPA1,-0.08599698734309102
SLC28A3,-0.08600204361043945
ZNF287,-0.08600351517315322
RP11-307B6.3,-0.08600805196856601
FOXD3-AS1,-0.08601548814391899
SDCBP2-AS1,-0.0860233499597706
KY,-0.08602496785418323
PEX16,-0.08602678536229835
NAA60,-0.08603330286809979
RP11-1094H24.4,-0.08603377745496998
AF127577.10,-0.08603862743006822
RP11-290M5.4,-0.08604685129702955
AC005754.8,-0.08604810085790207
MAP2,-0.08605470060462644
PTPDC1,-0.08606080679226752
KCNMB1,-0.08606269892365753
FZD6,-0.08606302204751004
USP48,-0.08608193785070173
GDAP1L1,-0.08608202183126347
RP11-133L14.5,-0.08609602627529227
KLHL12,-0.08610058210566618
ZWINT,-0.08611150366515086
TRAV10,-0.0861220066180945
FBXW11,-0.08612884030530821
RP11-71L14.4,-0.08613523296279837
ABHD4,-0.08614405226429206
RP1-18D14.7,-0.08616222007615516
YARS2,-0.08619672303129705
CCNA1,-0.08619934470938773
PAXBP1,-0.08621709375584374
NOB1,-0.08623290265481187
SF3B3,-0.08624632006116278
RP11-234B24.2,-0.086261803335851
RP11-536K7.5,-0.08628155922155299
BIRC6,-0.08628987562392254
RP1-29C18.10,-0.08629083909003187
C2ORF70,-0.08629343098345542
CBWD7,-0.08630454692747805
ANGEL2,-0.08631856891455136
CYP4F11,-0.08634611832098799
CSMD1,-0.0863501877893689
RP11-134N1.2,-0.08636474953605996
ASXL1,-0.08637808138726755
AC005540.3,-0.0863836103869399
RP11-94A24.1,-0.08638679047176648
PRRC2B,-0.08638700259453208
ATXN7L2,-0.08639345423694988
SNRNP48,-0.08639742408427548
PHF1,-0.0864135463888222
AC142528.1,-0.08641824976607844
CTD-2339F6.1,-0.08641868400725289
CAPS2,-0.08642415260473063
NSUN3,-0.08642824782584446
PHC2,-0.08643666399593702
RP11-398K22.12,-0.08643812981459303
HOXB5,-0.08644215254997167
RP11-378E13.4,-0.08644785872626765
SYCP3,-0.08646882989898197
GLYATL1P3,-0.08649633807325927
AC092669.3,-0.08652314728921681
AC009410.1,-0.086527565286392
RP1-313L4.3,-0.08654999315939199
RP11-420N3.2,-0.08655646275016954
C1ORF229,-0.08657083511423012
GSTCD,-0.08659894814273555
PPP4R2,-0.08660880116196934
RP11-506O24.1,-0.0866199039238298
UBE2T,-0.08662481916945847
RP1-78O14.1,-0.08664141953534185
ZNRF2,-0.08664435795385711
LCMT2,-0.0866444882110341
LINC01163,-0.08666162943199773
MRPS7,-0.08666995291719493
AP003025.2,-0.08667603611032021
LINC01117,-0.08668051906101369
CTD-3195I5.3,-0.08670672781175173
TBC1D26,-0.08671151181103418
AF064858.8,-0.08671837628809137
RANGAP1,-0.08673422585890511
RP11-142G1.3,-0.08673866867642963
LINC00461,-0.08674215990363962
IGHV2-26,-0.08674585164743966
PPP2R1B,-0.08675272823954472
TRBV20-1,-0.08676337198762338
ZNF837,-0.0867766488494037
RIBC2,-0.08681296704037339
RP11-64B16.3,-0.08681391422799803
CGB7,-0.08681759098910166
RP11-484D2.2,-0.08682133887714331
ZBTB39,-0.08682187792928348
CTD-2033A16.1,-0.08682530500181845
RP5-1092A3.4,-0.08682841494349053
COQ4,-0.0868414548912872
CHRM3-AS2,-0.08684513778569167
RP11-367H1.1,-0.08685327997027956
RP11-355F16.1,-0.08689681851203385
RP11-725P16.2,-0.0869202418191604
FBXL3,-0.08693018131174907
ZNF451,-0.08693190341086326
SPEN,-0.08694139212667812
OFD1,-0.08695999771915841
KLHDC1,-0.08697040068393747
LINC00654,-0.086979131501702
KIAA1644,-0.0870127887621315
HSD17B12,-0.08702059649981192
TRMT5,-0.08703579889139934
RP11-3B12.5,-0.08703963480759139
TRBV6-2,-0.08705838451802447
SH2B1,-0.08706519862556944
ADAMTS14,-0.08706875774706402
ZNF763,-0.08707181162109118
GAB2,-0.0870785061094893
LINC00393,-0.08708354592758635
DNAJC22,-0.08709072030840714
PTCD1,-0.08711893427279904
AC006482.1,-0.08712126187339356
LHFPL5,-0.08712294587021885
RP11-434D9.1,-0.08713013277934187
RP11-769N22.1,-0.0871376120057017
NSG1,-0.08714957303065596
RP11-701H24.9,-0.08715458292173668
GNAS-AS1,-0.08715466081250756
CCDC88C,-0.08717534828771845
CTD-2288O8.1,-0.08717552083107283
KRT28,-0.08717569265747901
LMCD1-AS1,-0.08717942794765333
IL17RB,-0.0871931152786139
TMPO,-0.08721486147614765
RP11-281O15.4,-0.08721672464066868
RP11-1151B14.3,-0.0872223691568342
RP11-200A1.1,-0.08723889757677053
CTD-3028N15.1,-0.08724885454544688
RP5-930J4.2,-0.08725510802816318
ALPPL2,-0.08726575485779331
RP11-1008C21.2,-0.0872664265617976
UROD,-0.08727874727826135
CTB-55O6.10,-0.0872845751303275
IGLV11-55,-0.08728518735265298
TMEM139,-0.08729856773305802
RP11-109J4.1,-0.0873144915322695
KDM5A,-0.08733534471390803
RP11-17A19.2,-0.08733821596804014
LINC01559,-0.08733977779828081
RP11-462G22.2,-0.08734121844446281
LINC00205,-0.08736059329903204
LINC00326,-0.08736865854921694
TNRC6A,-0.08737735250108336
VPS39,-0.08738867939324624
ZNRD1,-0.08740659837152986
ACYP2,-0.08741063264069765
TIMM50,-0.08742862828939979
RP11-624D11.2,-0.08744703292143674
RP11-71E19.1,-0.0874480940618785
AC093702.1,-0.08745708342139258
GPR15,-0.08747217840234622
RP11-146N18.1,-0.08747733663673884
CTD-2013M15.1,-0.08748554459834562
RP11-315A16.1,-0.08749394929805931
HOXA3,-0.08749658941257621
CACNB4,-0.08750002297133175
VPS18,-0.08750480590776488
KLRC4-KLRK1,-0.087522078154
ATG4C,-0.08753303982016913
RP1-153P14.5,-0.0875425772018065
RP11-830F9.6,-0.08754354159798083
RCC1,-0.08754500355045491
POP5,-0.08757579942024168
C15ORF59-AS1,-0.08758549119546222
USP1,-0.08759224685829914
SLC35A2,-0.08759865142374323
INTS10,-0.08760211294800835
RP11-326C3.7,-0.08762260967194152
GOLGA8H,-0.08762278690980717
SYNGR1,-0.0876323364506934
RP11-364P22.1,-0.08764786973958888
RP11-539G18.3,-0.08765311377807773
MAMSTR,-0.08765969201773582
LINC01556,-0.08767053977957
VLDLR-AS1,-0.08767080782823558
PARK2,-0.08768891775155971
RP13-49I15.6,-0.08768944048858757
AC092580.3,-0.08770292116102793
RP11-78O7.3,-0.08770984139042086
RP11-456D7.1,-0.08771739104994458
RP11-1055B8.4,-0.08772426986834664
KCTD8,-0.08772691404524835
LINC00639,-0.08773589633310819
RP11-429A20.4,-0.08774886895428896
SLC35B1,-0.08775895592717936
HOXB3,-0.08777890541428024
AC064834.2,-0.08778614119465679
RP11-736K20.6,-0.08779413357090411
CTD-2371O3.2,-0.08780628247079614
USP54,-0.08785765860904625
LINC01515,-0.08787168281843585
ENOX1-AS2,-0.08787265990826823
ABRA,-0.08787955344800685
LINC00693,-0.08788404987690912
CACNB2,-0.08788685261604312
RP11-1080G15.1,-0.08789590063809898
LINC01202,-0.08791313061600155
RNF146,-0.08792018026246995
RP4-799D16.1,-0.08792146894513309
AC128709.4,-0.08794071509105236
RP13-631K18.5,-0.08794303525883293
CTD-2574D22.7,-0.08796780613047642
GPATCH11,-0.08797746981321619
DEC1,-0.08798140334437818
AC073316.2,-0.08799362011194237
CTB-40H15.4,-0.0880021701647584
RP11-515O17.3,-0.08803429888817321
RP11-297J22.1,-0.08804247062229359
EVX1,-0.08804727158415993
RP11-20I23.8,-0.08805197160023633
LRRC63,-0.0880648856556694
LCA5,-0.0880802080373565
SIDT1-AS1,-0.0880894309769727
RP11-867G23.3,-0.08809479074016781
GYG1,-0.08811770130911278
HMGCL,-0.08812583935555329
RP11-704M14.1,-0.08814316634644573
RP11-736N17.11,-0.08815210079881841
ASB5,-0.08815653903644656
C10ORF82,-0.0881573588885434
LPIN2,-0.08818506333269699
RP11-758N13.1,-0.08818669693288923
TM4SF1-AS1,-0.0882035610115322
PNMAL1,-0.08821209295580454
SMARCA5,-0.08821627466236737
REV1,-0.08821970871425783
RP4-660H19.1,-0.08822372758977026
POLR3D,-0.08822488222004726
RP11-18A15.1,-0.08822649826753678
RP11-212I21.5,-0.08823436932841716
PIK3CD-AS1,-0.08825458584542943
IGHV4-61,-0.08826664436187262
FLJ41941,-0.08826897557138236
ECHS1,-0.08828224724099398
RP11-845M18.6,-0.0882827157479206
TRBV14,-0.08828580622636392
RP11-566H8.3,-0.08829810896683851
MAML3,-0.0883016172088561
IL17RC,-0.08831590602860362
RP11-351J23.1,-0.08831626706064402
COL4A2-AS2,-0.08832993393777125
CH17-408M7.1,-0.08833108489054914
SIRPD,-0.0883388549059082
ZNF80,-0.0883594249101047
NIPSNAP3B,-0.08838753032901586
ANKRD9,-0.08839211411217013
RP11-430G17.3,-0.08839855202340607
TRBVB,-0.08840682762913868
CTA-246H3.12,-0.0884144304230777
RP11-498M15.1,-0.0884174267080692
HPN-AS1,-0.08844356684250768
QSER1,-0.08845671288717266
USP13,-0.08847657068800469
RP11-164O23.8,-0.08849978109831057
AC060834.3,-0.08850257309064723
RP11-298J23.5,-0.08852225574862685
AC007879.4,-0.08853284817781128
WI2-87327B8.2,-0.08854648647353852
FLJ33360,-0.0885485852075296
RLTPR,-0.08858479176009001
AKR1B15,-0.08861388226360767
SDHAF4,-0.08861692759611234
RP3-369A17.4,-0.08861745993842099
RP11-369E15.3,-0.08862260408408339
PELI3,-0.08862514358890405
LINC01287,-0.08864446817258134
MEIS2,-0.08864808150264936
NBAT1,-0.08865030394148773
C1ORF95,-0.08865599806314271
ARSK,-0.08865998084910354
RP11-318K12.2,-0.08866223304358738
LINC00882,-0.08867329049154968
NOL10,-0.0886801263630913
RP11-707P17.2,-0.08869138258840889
RP11-141A19.1,-0.08869447028655929
AC009961.3,-0.08870456899570027
RP1-163G9.2,-0.088728796161177
KDF1,-0.08873084056262823
LINC01098,-0.08873328287383017
RP5-875H18.9,-0.08874863311214268
BOLA1,-0.08875550280112748
RP11-245D16.4,-0.08876190699892819
MRPS25,-0.08876496824152125
PLPP5,-0.08876555353160187
ZNF649-AS1,-0.08878169990731163
AC002511.2,-0.08878197707246696
RP11-195M16.1,-0.08878385064500915
RP11-831F12.2,-0.0887863328619347
RP11-420A6.2,-0.08878922643590935
RP11-406A9.2,-0.08880033139881588
ZNF606,-0.08880595620450196
CTB-147C13.1,-0.08880800562354695
RP11-197N18.7,-0.08883380252852237
CTC-367J11.1,-0.08883945491760423
CASC18,-0.08885769353217636
COPS7B,-0.08886903476918573
AP000679.2,-0.08887757759152484
CTD-2554C21.2,-0.0888805548615954
FAM153A,-0.08888358229310164
AC015987.1,-0.08890444584957295
FOXI3,-0.08891784867726099
LINC00652,-0.08892311987737848
SMARCD2,-0.0889243282450971
TRGV6,-0.08893511516285865
AC004160.4,-0.08893597202686992
RP11-411K7.1,-0.08893654639171052
LINC01028,-0.08894804789138452
OSTN-AS1,-0.08894815816398632
MOAP1,-0.08898550955159212
FRS3,-0.08899233482488433
CTA-228A9.3,-0.08899649494542942
CBR1,-0.08900530838168796
RP11-179A10.1,-0.08900543961696905
EXD2,-0.08902484230245816
CIC,-0.08902688213717291
PCDHB11,-0.08904073997707365
RP11-61J19.2,-0.08904174525504928
AC005609.18,-0.08904186513693083
SUPT20H,-0.0890435046307127
RP11-268P4.5,-0.08905138961062539
RP11-404J23.1,-0.08906975231322357
LINC00544,-0.08908299728420299
NALCN,-0.08909162970827572
ZBTB33,-0.0890938360277655
APLP1,-0.08909446775246926
RP11-567G11.1,-0.08911219880850596
UCHL1-AS1,-0.08912592208423994
TMEM262,-0.08913366768814968
RP11-400N13.2,-0.08913419648376553
SYT17,-0.08913686647687524
RP11-300M24.1,-0.08913756830139785
MLLT3,-0.0891454038720827
RP11-236L14.2,-0.08915090251417415
CRCP,-0.08915536990244
RP3-510O8.4,-0.0891571484603873
PLPPR5,-0.08916829747196747
RP11-89K21.1,-0.0891714115139605
TRAV8-3,-0.0891718590719999
NUTF2,-0.08918227745143187
DPCR1,-0.08918346964732866
RP11-452C8.1,-0.08918870409882114
GTF2H2,-0.08919521275681086
AC012594.1,-0.08919610582459771
RP11-454P21.1,-0.08921083476856964
AC002066.1,-0.08921185979033068
E4F1,-0.08921551745956013
AFF4,-0.08921647978234704
RP11-493L12.7,-0.0892180973358646
RP11-148B18.1,-0.08921910628292903
RP11-405A12.2,-0.08922215620780807
CRLS1,-0.08923713435162395
RP11-253A20.1,-0.08924940718650365
KCNT2,-0.08925702683128324
RP11-12K22.1,-0.08926261689389532
CETN2,-0.08926316462778083
RP11-167B3.3,-0.08926719538113467
RP11-607P23.1,-0.08927753695060907
AP001059.7,-0.0892885337206254
KCTD4,-0.08929204160340781
HSCB,-0.08930010003357125
IFT57,-0.08930653791348264
RP11-331F9.3,-0.08933156855594034
C11ORF52,-0.08933569648856082
RP11-359E19.2,-0.08937627210541293
FBLN7,-0.08939467917972369
RP11-258F22.1,-0.08940290805942451
RP11-326A19.4,-0.08942724360368343
METTL3,-0.0894535404668087
ZNF517,-0.08945479973591723
LINC00858,-0.08946310297591917
RP11-730K11.1,-0.0894647161520466
AL121578.2,-0.08946523849547708
AIMP2,-0.08947087797076092
TRBV29-1,-0.0894789141848099
GEMIN4,-0.0894833712584785
RP5-942I16.1,-0.08952772047052998
FAM189A1,-0.08953870570452999
KRT36,-0.08954231993867229
DLX6-AS1,-0.08954689810090989
IPO9,-0.08954822057325917
ABCD4,-0.08954879581574293
RP11-521D12.1,-0.08956090064577484
SRCIN1,-0.08959169647706872
AC073133.1,-0.08959991395434512
RP11-219B4.5,-0.08960050988987144
NKAIN4,-0.08960445265181322
LINC00032,-0.08961201375718708
OTUD6A,-0.08962082907746333
AC091729.7,-0.08962904996902385
RP11-265P11.1,-0.0896311262264915
SLC35C1,-0.08963876902325957
ASTE1,-0.08968012317218488
GRTP1-AS1,-0.0896876074413042
RP1-23E21.2,-0.08969232960558053
CWC22,-0.08970826726135878
RP11-710C12.1,-0.08972823885968884
WBP11,-0.08973703116236142
RP11-528G1.2,-0.0897417790953133
RP11-363E6.4,-0.08975157888816829
ZNF454,-0.08976483782520284
PCDHAC1,-0.08976777006801388
RP11-326N17.2,-0.0898044777125373
LINC01422,-0.08981584339508032
LA16C-380H5.3,-0.08981585692718096
FLJ16779,-0.0898270380962064
TEX13D,-0.08985639461562643
CREB5,-0.08987502087792176
RHOBTB1,-0.08989264546789355
SLITRK6,-0.08989873039257835
ZNF564,-0.08991405610903148
ASB16,-0.08992933407745438
TRAM2,-0.0899298076852652
RP11-351M16.3,-0.09000715114282831
LINC00940,-0.09001416046751085
CPEB4,-0.09004004801663179
RP11-445F12.1,-0.09004350137305062
AC000403.4,-0.09004592382420107
AC226118.1,-0.09005591077990723
RP11-955H22.1,-0.09006099136154
RP3-448I9.2,-0.09006877243359715
TAF15,-0.09010755788894442
RP11-490G2.2,-0.09011003759962193
CTD-2270F17.1,-0.09011821594308947
CDYL,-0.09012292587656001
RP6-191P20.4,-0.09012690631174054
LUC7L,-0.0901605810171014
VRK2,-0.09016660570552076
RP11-466P24.6,-0.09018739054769065
MRS2,-0.0901907463603786
AC021106.1,-0.09019182897478653
B3GNT3,-0.09019239094666709
RP5-1103G7.10,-0.09022372042629698
LRRC18,-0.09023169723005287
IGLV1-40,-0.09023461212028659
ACY1,-0.09024734718263622
CTC-510F12.7,-0.09024744123552927
NELL1,-0.09025750978440777
GYPE,-0.09032952676524719
AC016738.4,-0.09033786198208284
LINC00444,-0.09034364391377633
SMIM10L2A,-0.09035949784515648
FBXO42,-0.09037728528813743
LINC00402,-0.09038991085224933
AMIGO1,-0.09039305021834049
GARNL3,-0.09040172663803447
JAKMIP1,-0.09040785597914852
TRIT1,-0.09041882334813572
RP11-478K15.6,-0.09043014606081053
CTD-2035E11.4,-0.0904367388613122
KLHL20,-0.09044521249770454
CTD-2544N14.3,-0.09044607197816124
CEP135,-0.090455994341616
RP11-840I19.3,-0.09047688901574867
TRAV11,-0.09050748460454297
TRAV2,-0.0905099201927671
HOXC13-AS,-0.09051073198045559
SENP7,-0.09051656359784394
AGR2,-0.09051814433620636
PCDHB15,-0.09055814026889855
MRPS30,-0.0905604447602551
FOXN1,-0.09058085550921419
CTAGE1,-0.0905925580921556
CAB39,-0.0906079704181933
ZC3H4,-0.09061092173085511
TRAPPC11,-0.09061275118852341
CDK5RAP1,-0.09061447297885089
RP11-769O8.2,-0.0906174561438279
SLC35F3,-0.09063685288259145
TMEM68,-0.09065338956142655
HSPA2,-0.0906567640365169
FAT2,-0.09066514109156576
RP11-348F1.3,-0.09067843115482876
NPHP3,-0.09072625799233192
RP11-172H24.4,-0.09074130844737707
PLEKHF1,-0.09074437678170894
LRRN1,-0.0907618635835157
CTD-2037L6.2,-0.09077125599005537
RP11-379K22.3,-0.09078039991524256
SOX1,-0.09078795633585218
MGC32805,-0.09080525132088198
RP11-639B1.1,-0.09082489261406851
RP11-568A7.3,-0.0908454193811001
UBE2V1,-0.09084976746143336
AP001505.10,-0.09086731311006215
GAS1RR,-0.09089986612104858
RP11-680F8.3,-0.09090237165361269
MOV10,-0.09090296830025268
MBOAT7,-0.09090377608265665
LINC01235,-0.09091690260016712
TIA1,-0.09092028022570664
AC016995.3,-0.09092092790166786
C8ORF44-SGK3,-0.09092131452268108
AP001046.6,-0.09094440239183764
HINT3,-0.09094879148241847
CTD-2005H7.1,-0.09096433745629728
CDK8,-0.09098305745799262
MEIKIN,-0.09099523026478919
RP11-1379J22.5,-0.09102883341815923
TTLL11,-0.09102946056152987
RP11-354K1.1,-0.09103114538506477
KRTAP12-3,-0.09104198163611465
AC122136.2,-0.09109608914712597
RP11-476B1.1,-0.09110146135932609
CTD-2636A23.2,-0.0911096801704764
CLASP2,-0.0911169327214304
RP5-1068E13.7,-0.09113663363938795
AP001462.6,-0.09113862782886416
PLPPR1,-0.09115190005133358
RP11-218M22.2,-0.09117321189607776
AC005609.20,-0.09118234933923491
AC021224.1,-0.09118531435202577
SLC35C2,-0.09119433700387564
RP11-11C20.3,-0.09120349116492443
PRKAR2A,-0.09123281649493953
RP1-68D18.4,-0.09123510780110418
CTD-2376I4.1,-0.09124736748993292
RP11-201E8.1,-0.09125691701630165
ACSS1,-0.0912582142456142
RP11-643C9.2,-0.09125882492522178
RP11-27M24.1,-0.091279338276094
RP11-435O5.4,-0.09131074290706848
MAML2,-0.0913116148334403
LEMD2,-0.09133176365417073
RP11-440L14.4,-0.09134017641822327
RP11-561I11.3,-0.09134327625715002
ERICH1-AS1,-0.09136963153134264
NKD1,-0.091393761450894
FAM43B,-0.09143727966532109
DAPK2,-0.09148372095287627
DCAF10,-0.09150156997736214
IGLV2-14,-0.091514639605442
RP11-474D1.2,-0.09152891124195543
LINC01361,-0.09155177394593617
RP4-738P15.1,-0.09156753456142497
RP11-723O4.6,-0.0915728162287753
PACS2,-0.09158282917404353
IARS2,-0.09158347091699442
CTD-2501B8.1,-0.09159006431591167
URI1,-0.09160114835494615
HSPA14,-0.0916034266423213
RP11-38J22.3,-0.09160464407437605
TRAV13-2,-0.09162761395225355
AC140912.1,-0.09163260547626495
RSF1,-0.09165847931967841
RP11-183I6.2,-0.09166111256044274
RP11-109E24.1,-0.09168098809040082
KMT5B,-0.09168892733439138
BICD2,-0.09170096968283442
RP11-129I19.2,-0.09170391831508573
SLC16A10,-0.09171339355632052
RP11-507B12.2,-0.09172412945073595
CRIP3,-0.09172712615863483
RP11-662I13.2,-0.09172763517559804
AC141928.1,-0.09174570247913416
PRR5L,-0.09175932307349022
VPS11,-0.09180751110542595
CEP120,-0.09181427886197707
EAPP,-0.09181647241224661
WNK1,-0.09181884420001202
EDIL3,-0.09183639704858854
RP11-768B22.2,-0.09184724529912328
PCDHGA10,-0.09184934051843134
GPATCH2L,-0.09185736067462813
LINC01331,-0.09189368487215815
PCGF6,-0.09189942167068976
RP11-90E5.1,-0.0919012408384954
KLF11,-0.09190898987433255
RP11-398J10.2,-0.09191709726135
KLF15,-0.0919338863610269
SOCS6,-0.09194982308633748
ZNF611,-0.09196820381064777
RP11-399E6.4,-0.09197702386949823
RP11-337L12.1,-0.09198272044094977
TMEM51-AS1,-0.09199133822485865
ST3GAL6-AS1,-0.0920092659940416
RP11-66H6.3,-0.0920336944594045
WDR55,-0.092039059736991
TRAV30,-0.09209276706634709
VWA5B2,-0.09211614021773855
EFNA1,-0.09212792904682165
XRCC6,-0.09213928590795428
RP11-299L17.3,-0.09214214332634316
RP11-433J8.2,-0.09216783950763259
CSNK1G2,-0.09218380341293181
MYT1,-0.09218885427677309
PEX12,-0.09221104928993007
FUT4,-0.09221370136959528
CASZ1,-0.09221848361915094
OTUD7B,-0.09221954054350273
AC241585.2,-0.09224767519053409
AC008079.10,-0.09224894103613501
SLC13A5,-0.09225097207889674
TRAV36DV7,-0.09230686331982374
RP11-89M22.3,-0.09231358488882108
UTP18,-0.09232467318469095
RP11-115D19.3,-0.09233417914057357
RP11-78C3.1,-0.09235139268944889
RSG1,-0.09235328769096918
RP11-642C5.1,-0.09235357202447803
FANCL,-0.09235419048738869
RP3-473B4.3,-0.0923649212291054
RP13-270P17.2,-0.09238933763312392
TUBG1,-0.09239090552508555
CKS1B,-0.0923921127457582
CTD-2535I10.1,-0.09239327728893681
AC005358.3,-0.09240515643687408
ODF3L2,-0.09240715366225297
RP11-385M4.1,-0.09241084548568525
PRMT3,-0.09241537957531443
LRP1-AS,-0.09242393544744007
ITCH,-0.09242502952130138
TENM2,-0.09242743891182009
RP11-442O1.4,-0.09243793837727324
FBF1,-0.09247286453109149
PLBD1-AS1,-0.09247414563564316
TBC1D31,-0.09249094781914691
RP11-131L23.2,-0.09250405086792807
AC002306.1,-0.09252412294494654
TRAV27,-0.09253631047140595
RP11-353N4.5,-0.09253762627799554
SBF1,-0.09255372895808683
CSTF2T,-0.09256347359632594
SLC26A7,-0.09256416243035631
UNC93A,-0.09257458937012675
TMEM178B,-0.09257756119622455
VPS52,-0.092603821013307
RP11-164P12.4,-0.09260394947352965
DMRT3,-0.0926372725851489
RP11-946L16.1,-0.09263864915606682
RHPN1-AS1,-0.09266180943351493
CCNE2,-0.09267910216146491
LINC01314,-0.09268780681811295
AP003419.16,-0.09270553869448511
AC019172.2,-0.09270568411252542
RP11-706O15.5,-0.09270635536557592
CEP152,-0.09270669059976733
RP11-143M1.3,-0.09273080388585231
TCHHL1,-0.09273659094923975
RP11-482E14.1,-0.09273766394923974
EID2,-0.09273832228394768
RP11-346D19.1,-0.09274170194923975
AC012445.1,-0.09274340094923975
NEIL3,-0.09276206416412353
RP11-789C1.2,-0.09276292094923974
RP11-22P6.2,-0.0927662425148299
BCL2L13,-0.09277414244649623
AC002064.5,-0.09278117094923974
LINC01265,-0.09279315786573786
RNF151,-0.09280693359943024
CTD-2509G16.5,-0.09283577227468788
VPS9D1,-0.09283727710757989
C8ORF87,-0.09284678244684626
RP11-538D16.2,-0.09284781710803267
RP11-297P16.4,-0.09285830447656565
DHTKD1,-0.09286806881401066
DRAIC,-0.09287488347853752
LRR1,-0.09287992392417399
RP11-428G2.1,-0.09289471092501286
PCDHA13,-0.09291091595193131
RP11-731D1.4,-0.0929202634921964
CANT1,-0.09292528223126995
MARCH11,-0.09295855900745592
RP11-565A3.2,-0.09298517890564621
RP11-43F13.4,-0.09299339685456598
RP11-554D15.1,-0.09300024746451432
ATP2B4,-0.09301881052250566
LRRC10B,-0.09304085310784424
LACTB2-AS1,-0.09304969947909367
RP11-573G6.6,-0.09305464716907408
GJB5,-0.0930554786284738
TTC22,-0.09305832769060401
AL109767.1,-0.09306838325030135
RP11-712B9.2,-0.09307537751734657
CTD-2269F5.1,-0.09308255830701988
MTMR8,-0.0930951555662693
RP11-753C18.12,-0.09309981464246897
RP11-449J1.1,-0.09310073829854953
RP3-337H4.9,-0.0931048304833977
RP11-540O11.4,-0.0931119602104036
RP11-342D11.3,-0.09312750700816523
LINC00976,-0.09313267912752193
AP000569.9,-0.09315317099904996
RP13-516M14.2,-0.09315334482643065
CTD-3187F8.11,-0.09318677735830784
RP11-209K10.2,-0.09318780099935395
RP11-81H3.2,-0.09319542501774722
SLC6A18,-0.0932082772527284
RP11-313A24.1,-0.09321097296914846
LINC01060,-0.09323304607218719
RP4-565E6.1,-0.0932514065893561
TMEM63C,-0.09331530739981664
ZBED3,-0.09334595033029697
SPAG11A,-0.09337259484532237
RP11-30P6.6,-0.09337414333113297
TRGV10,-0.09338592981635299
GABRB2,-0.09340858190240225
SS18,-0.09341940073490651
ADGRF4,-0.09342808388585051
RP13-1039J1.2,-0.09345965784486687
DYRK1B,-0.093467557652268
PTGES2-AS1,-0.0934775080474699
LINC00626,-0.09347903863965087
NXT2,-0.09347980888796686
AC129492.6,-0.09352791510430923
CTD-2281M20.1,-0.093532343800207
ZNF589,-0.09353406539476786
GOLT1A,-0.09353961723634058
FAR1,-0.09354032713474547
DEDD,-0.09354286656971489
AC005355.2,-0.09356605034190507
AC024592.9,-0.0935753042480782
IPMK,-0.09358114191959249
TRBV21-1,-0.0935859232018444
SPINK7,-0.09361684134115714
RP11-457M11.7,-0.0936228127126677
AC009236.2,-0.093626483850139
FOXE1,-0.09362988339581418
OVCH1,-0.0936437723890412
RP11-885N19.6,-0.09366468003934433
FICD,-0.09366677894747749
LINC01625,-0.09367224297857721
KAT5,-0.09368587663261141
RP11-424I19.2,-0.09369384968419886
RP11-212D19.4,-0.09370086679500274
AC004947.2,-0.09371088719185641
RP11-575F12.1,-0.09371715393873767
SIX3,-0.09375016390731228
RP11-2L8.1,-0.09375314485208641
RP5-1103B4.3,-0.09375397942633137
HYPM,-0.09377655189937575
RP11-297B17.3,-0.09377893745699634
AMFR,-0.09378277075867703
ZNF143,-0.09380448436494743
AC073133.2,-0.09380686019464182
SETD1A,-0.09380804807094245
C12ORF40,-0.09381608907425938
RP11-482M8.3,-0.09382319948563306
RP11-63N8.3,-0.09384808713223323
FER1L6,-0.09389788984357574
SMG7,-0.09390464527114084
FAM47E,-0.0939471205182705
LRGUK,-0.09396693663967948
AC006449.2,-0.09396720440893969
DCAF13,-0.0939974954283212
RP4-564F22.7,-0.09400728839587161
TMEM59L,-0.09405870612576736
DBH-AS1,-0.09406225223100843
PPP1R1A,-0.09406926353529604
HS6ST3,-0.09409282873711453
RP13-884E18.4,-0.09409408459767792
PKNOX2,-0.09409739985737547
PCAT14,-0.09410624012660183
RP11-500G22.4,-0.09412996468706883
RP11-334G22.1,-0.09414607719842302
RP11-767N15.1,-0.09415349747205463
RP11-278H7.4,-0.09417133754221006
RP11-766F14.2,-0.09417231928184144
RP11-218C14.8,-0.09419184671300511
RMND5A,-0.09422160291531334
AC097468.4,-0.09423406290707644
RP4-684O24.5,-0.09424342694660859
IGF2-AS,-0.09424810449249763
VIPAS39,-0.09427397801853188
XXYAC-YM21GA2.3,-0.09427718725063072
FADS2,-0.09427731549618557
LINC00935,-0.09427881647110149
PPP3CB,-0.09429857456933421
TRAPPC12,-0.09432453944496344
CTC-276P9.4,-0.0943371906960491
ARMC7,-0.09434352043547445
PTDSS2,-0.09435416843909761
CMTR1,-0.09439206444646159
TOE1,-0.09439793902536453
TBC1D7,-0.09440944311450877
KCNJ13,-0.09441927564300917
RP11-801F7.1,-0.09442105443360135
RP11-1C8.4,-0.09443278775566852
OR13A1,-0.09444423304911012
RP11-83J21.3,-0.09445105936768557
SLC25A48,-0.09446036193221816
INF2,-0.09449650079393551
SLC30A9,-0.09451423511316409
CCDC85C,-0.09453772943637145
APCDD1,-0.094574087391389
RP11-1260E13.2,-0.0946043330049362
AC026202.3,-0.09460630442726267
AC079135.1,-0.09460688275062061
EFHD1,-0.09461627658542027
AC109333.10,-0.09464157451518557
RP5-1096J16.1,-0.09465007479196044
AC007731.1,-0.09465184999500531
CTB-133G6.1,-0.09465899872471215
RP1-153G14.4,-0.09466413631663342
RP11-982M15.5,-0.09467495495840487
RP11-510C10.3,-0.09467644057215138
FLJ36000,-0.09468164540961907
CCDC121,-0.09469576607145275
RP5-906A24.2,-0.09470296090383723
DIRAS3,-0.09471906452240997
LINC00577,-0.09473979470934465
AC096579.13,-0.09474326729888455
RP5-1061H20.4,-0.09475878149332366
USP28,-0.09476433362645625
RP11-282A11.3,-0.09476623991564116
LINC00977,-0.09477103784636799
RP13-766D20.4,-0.09477846767547285
LINC00668,-0.09478022390230331
OR10H1,-0.0947825284121585
SLC27A1,-0.09479415570966293
ZFHX4-AS1,-0.09481317767607132
CTD-2130O13.1,-0.09482332237474086
NHS-AS1,-0.09482788178601571
AC114765.2,-0.09483195812036864
MKX-AS1,-0.09484907107360686
RNF111,-0.09485762690817845
CDS2,-0.09486159197077604
PLS3-AS1,-0.09487052529210158
BOD1L1,-0.09487258189871994
DLGAP1-AS3,-0.09488202370765228
HSDL1,-0.09491171919852293
MYCN,-0.09493186473985837
RP11-111H3.3,-0.0949345639005923
SLIT1,-0.09495698866100255
ATP13A5-AS1,-0.09496735466015815
LURAP1L-AS1,-0.09498017493109619
RP11-1069G10.2,-0.09498234556407875
C22ORF42,-0.09499665858170021
CTD-2378E21.1,-0.09500387495774437
RP11-1055B8.2,-0.09500801844890172
GLTPD2,-0.09501259175878654
USP11,-0.09504002070209766
SRP19,-0.09504363675869287
AASDHPPT,-0.09506386723035104
DNAJC5G,-0.09510253901059748
RP3-522P13.3,-0.09510865747918779
KAT6B,-0.09511515611131838
FAM83F,-0.0951192491456622
CEP104,-0.09515694601073488
ZIM2-AS1,-0.0951684412006218
DAO,-0.09516862737469878
ABCA2,-0.09523101616969087
AC005592.3,-0.09523700671646768
ORC1,-0.0952460556628727
AC006159.4,-0.09524912931051722
LZTS2,-0.09526733134866572
FRG1,-0.0952675201972002
STK11,-0.09529168529930032
MLYCD,-0.09532700728466892
AGPS,-0.09533748039560497
RP11-219A15.5,-0.09534163728908746
RP11-575I8.1,-0.09534423102892664
RP11-893F2.6,-0.09535561075997515
LINC01072,-0.09536214991227424
IGHD,-0.09537322973801404
RP11-76I14.1,-0.09538155229329673
KDM3B,-0.09539326954430893
RP11-407H12.8,-0.09541824762692185
LINC01445,-0.09542450633860874
TMEM26,-0.09542527418200508
LINC00165,-0.09543754805268989
RP11-157E21.1,-0.09545145168918702
CTB-127M13.1,-0.0954592457127213
SLC26A4,-0.0954642110369261
RP11-436D23.1,-0.0954877248595695
PELO,-0.09549099651805726
FBXO15,-0.09549144837870777
RP11-575F12.2,-0.09552276535350573
TSPEAR,-0.09552381093914063
AC007386.2,-0.09552439818983857
AC005754.7,-0.09553990410548713
PCDH8,-0.09554054066959494
AC009014.3,-0.09556641840856947
AC012668.2,-0.09557454157396508
ATAD5,-0.09558689566451439
RP11-93K22.6,-0.09562299581194204
AC007285.6,-0.09571863453865252
C8ORF46,-0.09573766875158723
BAZ2A,-0.09575821638787341
HOXD-AS2,-0.09576465237184646
MIR137HG,-0.09576479987005593
HSPA13,-0.0957907740996396
INHBA-AS1,-0.09580275985809894
CTB-114C7.4,-0.0958049322989672
ACSF2,-0.0958432569943033
ZFHX2,-0.0958475785197515
RP11-485G7.6,-0.09584824458736267
GACAT3,-0.09585138686238945
AHCY,-0.09585491195725249
MROH7,-0.09588615969227679
OSMR-AS1,-0.09588639468029124
TXNL4A,-0.09589606578870491
RP5-1071N3.1,-0.09590150493912088
APOOL,-0.0959017062211544
ZFAND2B,-0.0959169497585457
RP11-135D11.2,-0.0959295367785183
FAM69C,-0.09592954761050265
LA16C-312E8.2,-0.09593900583841197
LINC00427,-0.09595633219373115
RP11-379K17.12,-0.09595928887369193
RP11-418J17.1,-0.0959615925679945
LINC00162,-0.09598237231317851
RP3-329E20.2,-0.09599450277738089
KDM4A,-0.09599637587798687
CRNKL1,-0.09599835645990662
TRAPPC8,-0.0960092550787518
VANGL2,-0.09603198436436611
SLC35A3,-0.09604331796690213
MIEF1,-0.0960790338575182
CTD-2515A14.1,-0.09609187989101237
FBXO32,-0.09611450977924052
DCAF6,-0.09612626142857505
SLC39A11,-0.09614219174069843
NTPCR,-0.09616629026573231
RP1-269M15.3,-0.09617727005010117
BX255923.3,-0.09618210164118621
C6ORF118,-0.09620451480038303
ALKBH6,-0.09620662010900066
AC012358.7,-0.09622149370477895
RP11-973H7.1,-0.09622744858588608
RP11-46C24.3,-0.09623709718289235
RP1-34H18.1,-0.09623878443789105
CCDC37-AS1,-0.09634624391159342
RP11-192P3.4,-0.09635989841221326
PPP2R2B,-0.09636658826104216
RP11-388P9.2,-0.09641589790354768
BAALC-AS2,-0.09641738680830182
TUBD1,-0.09645188936230897
RP11-496D24.2,-0.09645726986423214
ASPG,-0.0964685857126138
LRRC38,-0.09648490299308426
TCEAL5,-0.09649154426135836
PLCH1,-0.09650794702257304
XXBAC-BPG27H4.8,-0.09650819936651986
RPL3L,-0.09651673216996082
RP11-289H16.1,-0.09652471824954038
AC007392.3,-0.09652615532892225
DGKG,-0.0965393971527207
CHTOP,-0.09654330062906125
RNF186,-0.09654727264805435
GCFC2,-0.09655494103476003
ADCY9,-0.09655761585696165
RP13-714J12.1,-0.09656184548388128
OXCT1,-0.09656211484915467
BORA,-0.09656716274855481
LINC01526,-0.0965999926427468
RP11-498B4.5,-0.09662400102514121
CCDC18,-0.09663396755528891
RP11-411H5.1,-0.09663804816000543
MORN4,-0.09664563659417891
CTC-441N14.2,-0.09666893636043122
DHX9,-0.09670518527366656
AP001627.1,-0.09673399066789232
FOXC2-AS1,-0.09675076176993667
CSNK1G3,-0.0967528535217983
PPP1R36,-0.09675451295288713
LHX5-AS1,-0.09677515063700667
CRHBP,-0.0967903325087715
RP11-770E5.3,-0.09679338083495122
FANCB,-0.09681787720528634
PGRMC2,-0.09682562291755797
ADAMTS18,-0.09686493210456193
KC6,-0.09686522659849116
GALNT13,-0.09688484948421205
CTD-2194D22.3,-0.09693105614554814
CTD-3037G24.5,-0.09693453966229044
WDR48,-0.09693529327152667
CLIP2,-0.096951703258979
WRAP73,-0.09697540236127339
ZNF503-AS1,-0.0969857937646925
RP11-111A22.1,-0.09698851612519532
GRIP2,-0.09699526734365765
RP11-576I22.2,-0.09701143814350909
RP11-223C24.1,-0.09701874875400829
RP11-11N5.3,-0.09704033909776101
LINC01169,-0.09708334815587358
CSTF2,-0.09708661498070437
SH2B2,-0.09709901480161531
IGKV1D-43,-0.09711498533772872
RP3-337H4.8,-0.09712927165540328
ABC12-49244600F4.4,-0.09713784771325915
RP11-727F15.11,-0.09714511231352528
UHMK1,-0.09715122182321928
MED7,-0.09717870750792329
ELOF1,-0.09718972677241644
RP1-111C20.3,-0.09719063925297504
FAAP20,-0.09719384546955984
ABCA13,-0.09720955135773501
ISLR2,-0.09723430139900552
JMJD4,-0.09728176629352914
NNT,-0.09734909413128184
LINC00704,-0.09735534637770561
RP11-720L2.4,-0.09736997434647708
RP11-384P7.7,-0.0973720401282286
RP11-332H14.1,-0.09738131558692395
TBC1D20,-0.0973829427829011
SLC20A2,-0.09740224912477635
PIAS4,-0.09740562612804726
AC006273.5,-0.09742642249625653
RAB33A,-0.09746130703285755
CALY,-0.097471604381074
RP11-149I23.3,-0.09749796880174384
AC000067.1,-0.09750649948752665
RP11-54A4.2,-0.09751247208560025
RP11-128P17.2,-0.09751682159016625
RP11-153K16.1,-0.09753275059333592
HIP1,-0.09754277977448517
USP45,-0.09757039280020971
AC013275.2,-0.09761364601971495
RECQL,-0.09761441688789635
CFAP20,-0.09763964176014195
SCAF4,-0.09766202638784988
LINC00840,-0.09766576655657855
GPATCH4,-0.09767469086090841
KIF26B,-0.09768617843260474
GTF2I,-0.09771102719048064
ZNF664,-0.09772479745472862
TMEM200C,-0.0977362393325903
RP11-114H23.2,-0.09776242284554801
PKP2,-0.0978000591594213
PCDHB9,-0.09780755196554297
RP11-260M19.2,-0.09781721779812769
LINC00261,-0.09782692896468269
CTD-2337I7.1,-0.09785896103003736
TCEANC2,-0.09789874098551635
SERTM1,-0.09790309205432456
THSD7B,-0.09790830683930063
WFDC10A,-0.09799831388787635
RP11-768G7.3,-0.09801020251856217
MUM1L1,-0.09802662785699304
RP11-416I2.1,-0.0980410569700073
CTD-3096M3.2,-0.0980491928919625
LINC00939,-0.09805359364566046
ACD,-0.0980884252300413
CLDN23,-0.09809632253595563
AC010974.3,-0.09817601081044865
RP11-438F14.3,-0.09817605451627259
ECD,-0.0982212324557385
DPYSL5,-0.09823804566914934
SEMA5A,-0.0982446258074382
RRN3,-0.09824570968162871
C11ORF49,-0.09824713032143662
HSD17B8,-0.09824748324759336
RP4-668J24.2,-0.09827089468928302
TFDP2,-0.09828131613015678
LINC01219,-0.09829097943958487
RP1-32I10.10,-0.09830855413445036
RP3-471C18.2,-0.09831121597340864
RP11-314M24.1,-0.09831567816113326
CTA-390C10.9,-0.09833807889947543
AC008079.9,-0.09835672550426572
CTA-392E5.1,-0.09835805023699078
POLDIP3,-0.09835878730987146
RP11-1C8.7,-0.09836311099196071
C2ORF80,-0.09839289601373184
BRF2,-0.09839390160334643
POP4,-0.09840321774110056
RP11-550P17.5,-0.09841247615254495
AC025811.3,-0.09844596690988036
NAALADL2-AS2,-0.09847223434274552
POU6F2-AS2,-0.09848327608370014
LMO7DN,-0.0985109198649757
RP11-428G5.5,-0.09851866007864782
C14ORF180,-0.09853552397005721
CNTD2,-0.09854954726139947
MMS19,-0.09856525029252772
BDP1,-0.09857207332114537
RP11-598F7.5,-0.09858997875956978
PALM2-AKAP2,-0.09860016095505632
LINC01489,-0.09862765173157761
C16ORF54,-0.09863150792849479
RP11-96L14.8,-0.09863745499416629
MPG,-0.09864116696423747
AC005281.1,-0.0986426702679872
MIR5689HG,-0.09865287721545199
KIF3C,-0.09865584802257121
CKMT2,-0.09869885404807599
RP1-137D17.2,-0.09870870050781588
AC108938.5,-0.09872041738459168
RP11-463J7.2,-0.09872538256029365
SMPD2,-0.09873027935956646
RP11-318G21.4,-0.09874675482316955
AC005592.2,-0.09874890428163863
PLCB3,-0.09874892330439622
LINC00898,-0.09875682948400741
LINC01444,-0.09876407048369834
ZFX,-0.09876546279630721
LYSMD1,-0.09876671511124624
TMEM215,-0.09878834051735685
TYW1,-0.09881879778791469
RP11-152P17.3,-0.09882176409575809
EBF3,-0.0988299242335205
SEC23B,-0.09883056845125449
LIPK,-0.09883611381045865
DPH6-AS1,-0.09884670756549363
AL928742.12,-0.09885788463699549
LINC01523,-0.09885944621317977
RP11-156K13.1,-0.09890219786492256
CTD-2144E22.8,-0.09892324579297063
RP11-262A16.1,-0.09894023359959758
RP11-94C24.6,-0.09895867957435266
LPGAT1,-0.09896689460211411
RP3-422G23.4,-0.09897210187866227
LINC01262,-0.09901371283480301
CDK17,-0.09901520349181664
ZFYVE19,-0.09901896636932911
RP11-434E6.4,-0.09903180869510929
USP46,-0.09903661256068191
GBE1,-0.09904371838737835
ANKRD40,-0.09907490572366134
CGB,-0.09908986856830271
RP11-327J17.9,-0.09909353448351363
SLC25A42,-0.0990986008495568
SPRED3,-0.0991198744120512
RP11-468N14.13,-0.09912605947368974
SPOPL,-0.09913631890863894
RAX2,-0.09914394316037245
TECTA,-0.09917630409318251
RP11-38H17.1,-0.0991849433061951
RP11-120J1.1,-0.09919313333683527
CCDC97,-0.0992183393309149
DSG1-AS1,-0.09923624498986902
AMPD3,-0.09923797244496946
INIP,-0.09924195369376249
RP11-616M22.1,-0.09925737607385196
FBXW9,-0.09925763907580731
NOP58,-0.09927526860614155
RP11-867G2.5,-0.09927883383834515
LINC00365,-0.09931175710036766
SIK2,-0.09933505933074405
CTD-3193K9.11,-0.0993437005250353
RP11-467I17.1,-0.09934586166558422
RP11-150C16.1,-0.09935667952518337
CH17-125A10.2,-0.09935818359745471
RP11-153K11.3,-0.09936175114829014
PPP1R3D,-0.09936223083062412
FEZF1-AS1,-0.099363400659403
RP11-352D13.6,-0.09939147431390666
RP11-807H22.7,-0.09939838884523758
HMG20A,-0.09940970307090141
LINC01531,-0.099410475330002
AC136616.1,-0.09941215619406649
ELDR,-0.09941966755725247
PPFIA3,-0.0994219904768468
ELK1,-0.09943094598878327
ADGRA3,-0.09943220559911078
RP11-445F6.2,-0.09945772138898323
TRAV41,-0.09946161229834141
TMEM249,-0.09946522423829746
RNASEH2A,-0.09947789883894453
STX1B,-0.0994895504042364
MAGEB1,-0.09949983501943979
AC008753.4,-0.09950442747411853
MECR,-0.09950968740957028
MBD4,-0.09951764629745757
CTA-833B7.2,-0.09951787189007671
RP11-63E9.1,-0.09957028242915654
RP11-12K11.2,-0.0995703947215505
TMEM18,-0.0995750716436502
CREG2,-0.09957958012740163
RP11-393N21.2,-0.09959945627753235
RP11-206M11.7,-0.09960355307926103
CTD-2008P7.8,-0.09960691988382489
AC019349.5,-0.09960733746569263
HAUS6,-0.09962986709577126
RP11-1038A11.1,-0.0996368911813883
GREM1,-0.09964066031754365
PSME3,-0.09965043558877551
PUM2,-0.09965960495325127
FAM155B,-0.09966681622156393
RP11-13E5.2,-0.0996927815552821
RP11-704J17.5,-0.0996990204092007
GATAD1,-0.09970119845975878
FLJ22763,-0.09970226737442076
RP11-616M22.7,-0.09970277146863746
AC067956.1,-0.09971698222258094
ERI1,-0.09971918215371284
RP11-732A21.2,-0.09971948153363365
RP11-25I15.3,-0.09972131421229319
NOA1,-0.09972395288008584
ITIH6,-0.09972440456390126
TMEM211,-0.09973009118965175
ELAVL3,-0.09973113541048184
GLYATL2,-0.09974801467988803
RP13-436F16.1,-0.09976072029834368
TRIM26,-0.09976329058620292
RP11-38F22.1,-0.09978374018980098
C1ORF140,-0.09978604632079871
LINC00581,-0.09980042244273983
AP000473.8,-0.09980601714560733
RP5-1065P14.2,-0.09980833181281461
ADAMTS9-AS1,-0.09981754281078165
WDR46,-0.0998513509570757
TPTE,-0.09985936198603002
RP5-921G16.2,-0.09989366406636362
IPO7,-0.09989435426867987
RP4-781K5.7,-0.09989658002886123
RP11-363E6.3,-0.09990293551914456
RP11-138J23.1,-0.09990586611152447
RP11-849I19.1,-0.09991419217746889
AC113617.1,-0.0999147114663207
UGDH-AS1,-0.09994510671430722
CH17-360D5.3,-0.09995730250653864
RP11-221N13.4,-0.09997065989904118
GRM7-AS1,-0.09997193847886618
CLEC3A,-0.10000291497384799
BBS9,-0.1000285560101224
CRYBB2,-0.1000365394812886
FAM181A,-0.10004798821372612
RP11-336A10.5,-0.10009246693628379
KCNH3,-0.1000930685924818
PRR32,-0.10009864143321141
NAPSA,-0.10013504389135425
RP11-503C24.2,-0.10014273528739213
CHGA,-0.10014460274250137
RP4-668E10.4,-0.10015225197919757
AUH,-0.10015226809553823
IMPG1,-0.10015263500427363
MTRF1L,-0.10016423362320631
RP11-307P5.1,-0.10016943802374767
TEX13C,-0.10017060061695018
AP006748.1,-0.10017406801488271
PSPC1,-0.10019331375091323
TMEM229A,-0.10020437129546649
DDB2,-0.10021492867814596
HIBADH,-0.10021906299063388
RP11-121G22.3,-0.10022988704687683
IGLV5-48,-0.10027440129082688
FAM228B,-0.10029355173238574
ACIN1,-0.10033126493770822
RP11-88G17.6,-0.1003434988141901
RP11-526A4.1,-0.10038279785842333
CEP350,-0.10038815424028635
GALNT18,-0.10039215759670894
RP11-266K4.14,-0.10039841772055326
TSPAN19,-0.10045764466773942
MPP6,-0.10047540460154891
EBF4,-0.10051039921579236
SSC4D,-0.1005142848193219
CATSPERB,-0.10052416521426905
RP11-197K6.1,-0.10056073183332648
CCNF,-0.10058533626770022
CD2BP2,-0.10060758135359199
SBSPON,-0.1006224931193509
CTB-108O6.2,-0.1006470933435607
RP11-470M17.2,-0.10064944880472762
AGO4,-0.1006561840517961
NIF3L1,-0.1006790516679183
NT5M,-0.10069743694524691
VAC14,-0.10069878938912208
ACYP1,-0.10071356514011154
RP11-156K13.2,-0.1007261145053631
LINC00870,-0.1007287739806855
SOS2,-0.10074502833384613
RP11-1C1.4,-0.10075905547491172
RP11-2N1.3,-0.10078149176719618
AGO1,-0.10079021238086538
RP11-556I14.1,-0.10079981723694645
ACTR5,-0.10083522285397628
AC023115.2,-0.10084824724826362
SART1,-0.10085262326149569
CTD-2105E13.14,-0.1008664152698274
RP11-442J21.2,-0.10087115284731818
ASF1B,-0.10087282529779096
AC018647.3,-0.10088541863373145
OVOL1-AS1,-0.10092691331005038
C7ORF33,-0.10092829469375424
AC005740.6,-0.10098294317714335
RNASEH1,-0.10101257087846
ZFC3H1,-0.10103639125260455
MTHFD2L,-0.1010382682046585
TPGS2,-0.1010401052192178
DOLK,-0.10107065853137975
RNF207,-0.10108465683691703
RP11-387A1.5,-0.10112871638016194
AC007009.1,-0.10113915158300499
KPNA6,-0.10115072518773399
RP11-47J17.2,-0.10119053495987665
RLIM,-0.10121082474470378
FA2H,-0.10122678980974031
ATN1,-0.10122991788833186
TP53INP2,-0.10126524599440223
RP13-1039J1.3,-0.10127318621542214
LAD1,-0.1012744346897474
VCPIP1,-0.1012775494782091
TBC1D25,-0.10131724592891461
AP001610.9,-0.10133477178046019
A.3,-0.1013491790147876
DNM3,-0.10137099525833759
FAM185A,-0.10139476636564726
RNF217-AS1,-0.10141085972732891
NIN,-0.10143155155008016
CTD-2008P7.1,-0.10148072870543999
BRPF1,-0.10148216640475333
RP1-122P22.2,-0.10149114162055525
IFT172,-0.10150322635179515
DNAJC28,-0.10150452105761637
RP11-900F13.2,-0.10152860526324377
RP11-432J24.5,-0.10156663116512189
RP11-324I22.2,-0.10157665336410529
EN2,-0.10160673336758787
MLLT4-AS1,-0.10160822631867249
KCNK15-AS1,-0.1016154191504704
MKLN1,-0.1016350823566573
TSEN34,-0.10164540731243854
CFAP45,-0.1016894532177064
ADAMTS19,-0.10169866827310328
VSTM5,-0.10170101118169389
RP11-109D9.4,-0.10172317560540581
MRPS31,-0.10175827225454726
AC008060.7,-0.10175833669314618
MED10,-0.10176707446134625
AC007403.2,-0.10179168277267991
PSMD10,-0.10182775430577978
LINC01394,-0.10187714931544566
RP11-1057B8.2,-0.10188353652143786
TMEM189,-0.10191868386401598
RP11-324L17.1,-0.10193039070477197
WDR17,-0.1019470062408055
CTB-1144G6.6,-0.1019585651621622
DDX51,-0.10197870220650457
BCORL1,-0.10200053292023431
ZNF620,-0.10200476658499985
RPRD1A,-0.10200801686652128
CLYBL,-0.10201950961114942
CTD-2231E14.4,-0.10203100167921474
RP11-595B24.2,-0.10206087742457365
GPD1,-0.1020618828158234
MAB21L2,-0.10206257883781655
NAT8L,-0.10207264686903339
RP11-684B21.1,-0.10208351266675506
FAM83D,-0.10211399275658678
NRDE2,-0.1021754577788418
COG6,-0.10219421537821138
PCDHGB7,-0.10219892621482593
ZNF382,-0.10220449651637781
RC3H1,-0.10222884831646295
FRMD5,-0.10223264984123788
EYS,-0.10229189737343797
ERLIN2,-0.10229456168602208
RP11-248G5.9,-0.10229744538478043
C5ORF46,-0.10232852537482055
SPDL1,-0.10234632850238273
CSTF3,-0.10235532529435054
RCOR1,-0.10239528989252933
NSMCE4A,-0.10239706221757983
XXBAC-B444P24.8,-0.10241716576387735
BRINP2,-0.10242118290581861
RP4-630C24.3,-0.10244062355385825
YTHDC2,-0.10244213595529034
AC005019.3,-0.10245681435598587
HOXB8,-0.10245984683702974
AC079305.11,-0.10247694236285425
CEP44,-0.10251943931837093
LINC01563,-0.10256273949395249
AC010136.2,-0.10264248225187252
LINC01391,-0.10265161197666248
AC034228.3,-0.10268122261034056
RP11-275H4.1,-0.10268590361034056
RP11-560I19.1,-0.1027080352140766
ELP6,-0.1027438599509155
SHOX2,-0.10275655316958365
RP11-586K2.1,-0.10277004796965133
EIF2B2,-0.10279837606701336
CTC-527H23.2,-0.1028012982198585
DYDC1,-0.10281278562106916
EIF3C,-0.1028186641191105
NUDT21,-0.10285285969315949
AC092155.4,-0.10285539413370838
CTD-2591A6.2,-0.10286863471390935
COG5,-0.10291721644119195
ZNF774,-0.10293223154218946
SYNE1-AS1,-0.10293432761402463
FAF1,-0.1029573734313271
CTIF,-0.10296190107262493
C1QTNF5,-0.10296560731965276
RTF1,-0.1030189010728283
INPP5B,-0.10306175598556488
GRIK2,-0.10309822795965967
SCD5,-0.10310621914946488
SHH,-0.10311553202150026
APPL2,-0.10314718839735726
PHF8,-0.10345944574415528
HHATL,-0.10347039233694977
GTF2F1,-0.10348261580358958
PRPF4B,-0.10349096633289312
ALG11,-0.10349466707811161
SLCO4A1-AS1,-0.1035467060308904
FBXW4,-0.10355195342526463
NEO1,-0.1035548943939168
ALG2,-0.10368633203308764
LINC00943,-0.10370084252298
ADAM32,-0.10371570840524684
ATP8A2,-0.10374174332940672
CTD-2532K18.2,-0.10375265483351476
SLF1,-0.1038083328445552
STKLD1,-0.10388293819275396
SDHAF1,-0.10392465788067379
DMC1,-0.10398910159073155
RP11-443C10.1,-0.10401390108734698
C11ORF87,-0.10406136146996972
ADGRV1,-0.10408398145551867
KIFC1,-0.10411530264602031
POLG,-0.10411824136309705
RP5-908M14.5,-0.1041345442804611
GCM1,-0.10414011527379624
SLC35F1,-0.10414532140088853
HS3ST4,-0.10418349557592793
SNRNP25,-0.10420909185021265
THNSL1,-0.10421153063663074
RANGRF,-0.10428259049444255
DPM2,-0.10428679999709994
MCM3,-0.10428886456778641
TSC22D4,-0.10434236303517785
USP37,-0.104352077063112
TIMM44,-0.10437322404092597
NFATC3,-0.10440961293859163
RP11-647P12.1,-0.10442998817778977
PHF24,-0.10444179039456677
COQ5,-0.10445587637423615
PDRG1,-0.10450432261657194
C16ORF47,-0.10452111014020056
KAT6A,-0.1045316182428574
PARP8,-0.10453573304123098
RAG1,-0.10453798005877307
PGPEP1L,-0.10458601596362568
FMO4,-0.1045916109271195
RFX2,-0.1046051412813866
GDPD2,-0.10475066821201676
ZNF516,-0.1047556243474485
CLDN9,-0.1047758171306935
RP11-10J5.1,-0.10486065120489695
RNF2,-0.10488813021904642
RP11-9N20.3,-0.10490949430718124
RAB40B,-0.10491693399407043
AC144449.1,-0.10493428192920623
LINC01447,-0.10502986603357592
GMEB1,-0.10504257813417656
ZNF333,-0.10506892332513881
PEX6,-0.10509657871611161
NKX3-1,-0.10510497437665467
ARMCX4,-0.105105517064463
CDKAL1,-0.10510957396132381
PRKAR2B,-0.10518556352584962
XXBAC-BPG55C20.7,-0.10519539284193712
NLK,-0.10520503012372501
RP3-406A7.7,-0.10520825211461385
NKX6-1,-0.10521639396320931
KLHL9,-0.10524918271942446
PTCD2,-0.1052577680323804
SLC13A2,-0.10526434897109477
MUSK,-0.10526758295972555
RASA3,-0.10530481136574321
APCDD1L,-0.10531528434294532
LEFTY1,-0.10535673416749458
EXOSC8,-0.10540388240894127
SSU72,-0.10540825802847836
STRN4,-0.10542800196364088
MVK,-0.10549951777131683
CLPB,-0.10552763436921642
KIF2A,-0.10554724985674635
WDR20,-0.10560491902690722
MLIP,-0.10560923200558642
NPAT,-0.10568512441901579
TYW5,-0.10575470400397252
TIMM23B,-0.10575485667294116
WDHD1,-0.10576834068198593
ANOS1,-0.10577951263570667
RP11-235G24.1,-0.10581351576829125
YTHDF1,-0.10582875454089663
DIXDC1,-0.10583658868463719
KLK1,-0.10586674297477716
LINC01208,-0.1059203421012614
CTD-2527I21.15,-0.10594380914128208
SIN3B,-0.10602609620911874
RP11-315E17.1,-0.10603868980209813
SIKE1,-0.10607647172291856
ZNF18,-0.10611863953389522
CARS2,-0.10611966238419601
ILVBL,-0.10617951694508898
GTF3C1,-0.10622643540149607
SPAG1,-0.1062804979807791
SCNM1,-0.1063148434560705
SETMAR,-0.10631661521016539
MZT2B,-0.1063272063593273
OTUD5,-0.10633405294361825
GNPAT,-0.10637106022816822
ACVR1C,-0.10638162658644701
SPDEF,-0.10648644905078497
KRT20,-0.10659347933039526
ACY3,-0.10660468438934106
PPP1R3B,-0.10677479981681792
POLR2M,-0.10680239712161838
TADA1,-0.10684998505210597
CEMP1,-0.10685136420801736
GNG10,-0.10685746755916603
DROSHA,-0.10690431864817262
RASAL1,-0.10691467912298735
TRIM67,-0.10693445637699084
RCAN2,-0.10700943646349786
YEATS4,-0.10702503243592915
WNT4,-0.10711875516023328
RCHY1,-0.10713912690319433
FBXO31,-0.10714513535546466
CTU2,-0.10715334869853832
RP3-467K16.7,-0.10720445861523142
INPP5F,-0.10720678629211366
NPTX2,-0.10722117228106698
RPRM,-0.1072321532891207
EFHC1,-0.10723605429996896
HNRNPL,-0.10723925721238836
PEG3,-0.10724400690004993
LINC01561,-0.1073009201482954
SF3A1,-0.10730969713096705
ATRIP,-0.10732794682235858
CLPX,-0.10738278574271176
GDPGP1,-0.10742412744993182
FANK1,-0.10746951235081378
L3MBTL1,-0.10751925991783451
RCBTB1,-0.10754323189512766
FAM98A,-0.1075543538279583
NELFE,-0.10757747777658544
LARP4,-0.10757961791048054
TAF1B,-0.10763532166017648
EEF2K,-0.10765646785874289
NDC1,-0.10776083606698211
MFAP1,-0.10779224601315235
PIR,-0.10794591992183727
TMEM67,-0.10794965462080774
ZNF44,-0.10800463218441114
AKAP9,-0.10804058644329545
RP11-688I9.4,-0.10812781314034682
MAPRE2,-0.10814720901227809
USP49,-0.10814943572958285
PHF10,-0.10819510026976342
MAP1B,-0.10823329607836263
KRR1,-0.10830193074832517
PACRG-AS3,-0.10845924132933202
SCLT1,-0.10848705609654846
ZNF217,-0.10864469115550712
HAUS5,-0.10866536909772445
NPLOC4,-0.10870616876378181
EPB41L5,-0.10875363412166356
TACC3,-0.10878178666929861
LSM14B,-0.10879781360356616
MRM1,-0.10883454852172464
RBL2,-0.10889486776058943
GJB4,-0.10892088089637902
POLN,-0.10898324395999232
UBE2S,-0.10899060083455853
SLC35B3,-0.10899537670001386
TNPO3,-0.10905688187503654
ATF7IP,-0.10916070582294018
DCUN1D5,-0.10919858847641295
MTMR1,-0.10933367026973417
MCAT,-0.10936837606630939
CDNF,-0.10937941886117547
RETSAT,-0.10949549421238192
TBC1D32,-0.1095914715912516
ZBTB25,-0.10959348636530902
ADNP,-0.10964414546330037
HLA-E,-0.10966886419745203
HS6ST1,-0.10969059989640279
IGDCC3,-0.10971286647562098
VWC2,-0.10972927921172498
AATF,-0.1097411630484077
TMEM198,-0.10979664570756137
RAD52,-0.10986226654750142
SPDYA,-0.10988078288871872
TMEM120B,-0.10991209919804293
FOXD1,-0.10991923663508235
LLPH,-0.1099249876224227
MRPL10,-0.10994815285821602
CAPRIN2,-0.10995072987697035
ZNF302,-0.10998808314231581
PDE11A,-0.1100085333382056
CTPS1,-0.1100328887811905
APPBP2,-0.11003816666873939
L2HGDH,-0.11005003395068358
AK4,-0.11013336954572905
MASTL,-0.11016702568680914
MRPL44,-0.11018110328415126
INSM2,-0.11030155016857196
FBXL4,-0.11030656528623273
VPREB3,-0.11030731694609658
MIR219A2,-0.11036812746429778
PHF2,-0.11044084366727935
KANSL1,-0.11044514315427167
GPAA1,-0.11057341830050471
POLR2J3,-0.11060114252898795
MRPS22,-0.11060934068604444
ZKSCAN7,-0.11065284597290653
COG2,-0.11071997567442271
KCTD6,-0.11073011048303533
KBTBD7,-0.11073262316049204
PEMT,-0.11074951754032902
MEGF11,-0.11084056945859466
GTPBP10,-0.11084274642489333
PIGQ,-0.11090220555198299
PCGF5,-0.11090671929559048
SCAF1,-0.11090986457978036
KCNE3,-0.11091419144666553
RP9,-0.11098817916036874
AGO3,-0.11108100633970519
CDKN1C,-0.11108423913135779
NIFK,-0.11120529100811433
AKAP11,-0.11123971356212514
POLI,-0.11124959012195645
TMEM151A,-0.11127062339500506
KIAA0513,-0.11138537718996566
YIPF1,-0.11138687626930482
IGHV3-11,-0.11140491929485885
JPH1,-0.11140936587892425
MLLT10,-0.11144406943383423
PPIE,-0.11157446227309625
CIAPIN1,-0.11159780330229069
FRS2,-0.11160948306349755
UBN1,-0.11161941202523806
MBTPS2,-0.1116511976631408
ASB4,-0.1117245774186465
RPS9,-0.11177358710538188
SLF2,-0.11178554926872147
UQCC1,-0.11180345990161211
ZBTB14,-0.11185718715202536
KRT10,-0.11192613693136366
ZNF10,-0.11192936515201035
LCMT1,-0.11193583218140779
LRRC8C,-0.11196460734324365
BAALC,-0.11198100546177314
BMP8B,-0.11198551029364745
NSMCE2,-0.11199338768273226
DNAJC11,-0.112004378287481
CLDN19,-0.11201277338481935
ZFP62,-0.11212562038362578
MTM1,-0.11212614339616361
PCCA,-0.1121534717894499
SCAPER,-0.11216751147522253
UCK1,-0.11223879676603726
MRPS26,-0.1122717312989715
PDSS1,-0.11230045398394661
RNF32,-0.11235485512610571
EYA1,-0.11237949920747614
KIF1B,-0.11242963206929818
PCM1,-0.11243963688763481
CWF19L1,-0.11249614744973863
MTO1,-0.11256300815105119
ZC3HAV1L,-0.11259221242700379
ITPR1,-0.11263388697652588
MMAB,-0.11269016639438467
FBXL19,-0.1127091507132697
SLC23A3,-0.11274773196999766
GEMIN5,-0.11283566197494149
ZFP90,-0.11288754548775748
PRIMA1,-0.11291749480184171
SLCO4C1,-0.11294964319910408
TTF1,-0.11305207261308148
FZD3,-0.11309136487086424
UBA5,-0.11317912053195678
SFRP1,-0.11318124145070274
FLG2,-0.11320677263348772
CDX1,-0.11327091016088389
RAB23,-0.11328437381542866
RIC3,-0.113285948460709
SLC24A2,-0.1132870416763102
ZSWIM7,-0.11332334760609541
TUBE1,-0.11337404885891272
ARHGEF37,-0.1133775308365515
KIAA0556,-0.1133811322842237
RNF185,-0.11342714033941514
BRSK2,-0.11352031313195576
CAMSAP2,-0.11359105108802559
ZNF396,-0.11359773201475815
MTF1,-0.11364026872646449
SEMA3B,-0.11369176342291021
DCAF16,-0.11369179128448575
LINC00844,-0.11371835484435439
RBM41,-0.11373618574443356
NABP2,-0.11373710509082074
TTL,-0.11376469990104487
TMPRSS3,-0.11387550062170904
IMP3,-0.11387598067313376
GAL,-0.11393692204791972
THRAP3,-0.11394839637194681
BAD,-0.11399916395593124
MMP20,-0.11400548477500838
ZNF224,-0.11400944768373161
SDCCAG8,-0.11402791366612036
UTP3,-0.11402918479244223
RPL26L1,-0.11405315312173259
ISY1,-0.11409427164709257
TRMT6,-0.1141906944453584
FEN1,-0.11426480912302439
SLC39A9,-0.11428013093478678
DHX15,-0.11431516270243991
PDSS2,-0.11435208889348014
ZCCHC4,-0.11437190873692449
NKAP,-0.11440857705095059
CLSTN3,-0.11441177028069399
HOGA1,-0.11445960575812958
TRDMT1,-0.11448578137574422
PEX14,-0.11464905518575241
CDC34,-0.11466685024490098
AKAP8L,-0.11481128320107986
DIDO1,-0.11486020014570847
CETN3,-0.11491632308400812
SNX16,-0.11504307521003099
RPF1,-0.11505643676456423
AGK,-0.11516243640092089
UGT2A1,-0.1152379935524667
PIGW,-0.1152397311863812
SLC30A6,-0.11529525327818119
L1TD1,-0.1153048078798235
USP27X,-0.11535627749227773
DPF1,-0.11538624582749823
KMT2B,-0.11540103259688378
TONSL,-0.11541235441596276
FASTKD3,-0.11547764137035532
EXOSC1,-0.11550423589877185
GPR83,-0.11554422054826752
ZDHHC13,-0.11555628058516748
RSRC1,-0.1155638852392471
RNF170,-0.11566328203861365
CNTN2,-0.1157329911399455
ABCF1,-0.11578098234521866
CADM4,-0.11579166549164843
IMPACT,-0.1158775027833378
WNK3,-0.11587753108976889
HEATR6,-0.11589858740831044
ELOVL7,-0.11595218138010921
DCAF12,-0.11597633052615808
GALK2,-0.11604035518399569
HS3ST1,-0.11611641983365723
AMH,-0.1161291093747644
ELF3,-0.11618278951221722
RFC3,-0.11628848734903363
ITPKB,-0.1163347032089948
GTF2H5,-0.11634496528264004
KIRREL3,-0.1163505781842833
FKBP6,-0.11636552785377213
SEMA4B,-0.11638873554843138
MTMR2,-0.11642515464775072
OSR2,-0.1164820393990848
NGDN,-0.11650997608192959
RDM1,-0.11660939083127697
CBR4,-0.1166103579377103
CAND2,-0.11663658810811672
GAB1,-0.116661989919987
RAD51AP1,-0.11667110187721252
NCBP2L,-0.11675297901539838
ABCC2,-0.11682341426924708
FRMPD4,-0.11687049812529673
LIPT1,-0.11688372781593293
RDH5,-0.1168907677635887
BRD7,-0.11689125563915465
VPS72,-0.11693417254323457
QRICH1,-0.11694028088698544
UBE2M,-0.11694503201075512
ELOVL6,-0.11713531134855443
PAPOLG,-0.11715127413067572
KHSRP,-0.11716753545152425
TASP1,-0.1172005367440756
EMG1,-0.11724187420797882
CCDC34,-0.11728177525286695
YAF2,-0.11728380584216846
EAF1,-0.11728383890804672
FSBP,-0.1173141813436368
RFT1,-0.11732220737328886
INPP5E,-0.11738741320743429
GPS1,-0.11742528126485907
POLRMT,-0.11743759347953203
PIGB,-0.11747024662101851
GPD1L,-0.11752596280262945
ANKRD39,-0.11756942827070835
TBL1XR1,-0.11761864603286265
OR7C1,-0.11764380603688923
TRAPPC9,-0.11774922675063026
FBXO4,-0.11778386625448634
ZNF658,-0.11778391519053846
MRPS28,-0.1178449962045518
PYGB,-0.11790228317208062
ZG16,-0.11793115646107805
GAR1,-0.11805477575616563
PYGO2,-0.11806753645990609
ATXN7L1,-0.11807313741703701
ZNF365,-0.11807538435003251
CSTF1,-0.1180819082235453
SLC7A14,-0.118082325450761
RASGRP3,-0.1180828092687014
RANBP9,-0.11817340239252638
NLN,-0.11829846830669027
EXTL3,-0.11830855828605269
PDHX,-0.11830939948509156
PIF1,-0.11837168400282627
SOCS7,-0.11841047150925704
NOL4L,-0.11842586613542522
ZRANB3,-0.11842610338190285
STRADB,-0.11843034730365848
OR2B6,-0.11843508727526003
C11ORF95,-0.11849846699752292
L3MBTL3,-0.11860580701706075
RNF40,-0.11861726368000919
ALDH6A1,-0.11867856297375967
SLC26A6,-0.11867988783384098
ADORA1,-0.11875400039611239
SLC22A9,-0.11877669101106392
L3HYPDH,-0.11878038271630054
TFB1M,-0.11882424771528244
LRRC55,-0.11883394511698814
GRPR,-0.11885974875038424
ZBTB2,-0.11890289901720491
SATB2,-0.11890294012708408
PIP4K2C,-0.11895067787652364
SULT1A2,-0.11898203108263067
NAT9,-0.1190045983374518
ZNF408,-0.11902856552312158
RBM5,-0.11902871659685788
TXNL4B,-0.11904855169109063
GMPPB,-0.1192118421529404
ZNF444,-0.11922973534272291
TRIM60,-0.11923701096528788
SLX1A,-0.1192566645556204
PTPRK,-0.1193658763469247
SMU1,-0.11940150157862267
MNT,-0.11941263960730014
SOX21,-0.11946262357460236
GSTZ1,-0.11946942877751388
DXO,-0.11955398057359679
SUV39H1,-0.11959023664309676
COG1,-0.11959169200211467
HSPB11,-0.11978422277701795
PPP2R2D,-0.11978634758523932
GATAD2B,-0.11983442392825366
ERC2,-0.11986424946820079
HPDL,-0.11989951491416184
GCSH,-0.11992963345440322
NOP16,-0.11994155529053041
RIMS1,-0.11999869913331074
UBTF,-0.12006133413045444
ANKRD54,-0.12013439890264666
SOX10,-0.1201401311517381
MNAT1,-0.12018562683341899
AUTS2,-0.12019496495271753
ADCK5,-0.12019659588991538
CDH10,-0.12020026306448212
PHKA2,-0.12021961903260125
AADAC,-0.12022981912770331
RFC5,-0.12024215967493401
NME6,-0.12026549897476607
SRFBP1,-0.12029783263270794
RANBP6,-0.1203150897978944
ZNF687,-0.12039877948056904
SUZ12,-0.12045910161113249
MUL1,-0.12049377136955436
CAD,-0.12058263550441312
USP22,-0.12065643385885577
PSAT1,-0.12068871916234014
NUDT9,-0.12071838113190186
THTPA,-0.12073177541520458
HSD3B7,-0.12073878814025318
SLC34A1,-0.12080616034548419
PEF1,-0.12084865206052181
LRMP,-0.12088933028931437
FOXP4,-0.12091570787255879
NT5DC4,-0.12093279156027861
RBM42,-0.1210467395723327
XPC,-0.12105659304265393
NACC1,-0.12106312688359855
LIN9,-0.12108764805713396
GTSE1,-0.12110796299464688
ASH2L,-0.12111361625244288
CTU1,-0.12111507243963227
SRPK2,-0.12129706630454595
DDX27,-0.12132871000653966
GPN1,-0.12139910697329548
NDST1,-0.1214787137924187
FBXO3,-0.12162647257267967
GNL1,-0.12163137989154793
SPTLC2,-0.12165134729656535
ZNF747,-0.1216835742496008
PEX11B,-0.1216853855899987
DPF2,-0.12170323815058703
ZSCAN4,-0.12170434326999252
NICN1,-0.12172533874625158
ADGRF1,-0.12174700840757735
CRAT,-0.12175981539508679
ATP11B,-0.12194463128904393
KAT7,-0.12197229143320826
SWI5,-0.1219887648643645
TCTE3,-0.12200595914521212
SETDB1,-0.12203399391559006
CLDN14,-0.12205650501904436
KCP,-0.12208246099461345
SMKR1,-0.12222776866388652
CENPA,-0.12228540168042645
WBP4,-0.12228775168893907
RIMKLA,-0.12242049698164625
FBRSL1,-0.12248854725216463
CLSPN,-0.12250967318705985
CACNB3,-0.12251424902569158
DCUN1D3,-0.12255687820447614
ADAMTSL1,-0.12258742211858703
MAL2,-0.12259406353387642
GPAM,-0.12259876350277099
UBAP2L,-0.1226408400751478
POM121C,-0.12266319005896076
ZHX3,-0.12274256419188373
GABRB1,-0.12276346990397424
EIF2B3,-0.12277738402831068
DOHH,-0.12280758001105108
ZNF555,-0.12280999762325698
SLC25A20,-0.12289375883812931
PHF12,-0.12290179382135741
BSN,-0.12291024947971385
INPP1,-0.12291169167894883
POGZ,-0.12302739454600331
CDC25B,-0.1231048512925963
POP1,-0.12310873402531347
CPSF1,-0.12312280965819844
JSRP1,-0.12314900075071661
ETFDH,-0.12315167180968567
CCNK,-0.12321263362668894
RTCA,-0.1232774663800269
RD3,-0.12329897876111429
IMPAD1,-0.12335126262234042
ZNHIT6,-0.12339069467185387
PEX2,-0.12340116558914943
CATSPERD,-0.12342059039642916
RAPGEF5,-0.12342404166839871
CPSF7,-0.12348036236118892
MTUS1,-0.12349107131967696
TTF2,-0.12356169301680608
ZSCAN18,-0.12357285217297498
ZYG11B,-0.12357874637393579
CPNE6,-0.12362552611771466
TDG,-0.1236904372365179
DDX23,-0.12371030143153011
IPO13,-0.1237155788387328
GALP,-0.12373114090226117
LRRC45,-0.12381993453033407
APBA2,-0.12383544204270813
KLK11,-0.1238455722927646
BRAT1,-0.12388776636483151
PRMT6,-0.12391375593083837
TAS2R46,-0.12395921128219695
GLCE,-0.12397931567117226
ZBTB6,-0.12400912363968436
CLK3,-0.12415485321958858
ELOVL1,-0.12423261632781474
PICK1,-0.12429334101803607
KLC1,-0.124298257179285
NEFH,-0.12434177814255931
TGS1,-0.1244011358769081
LBX1,-0.12448028089496299
PSG1,-0.1244907687734918
MED31,-0.12451885365407689
CDH18,-0.12453548544123333
MED17,-0.12463471945470422
BRD9,-0.12468598647441065
DCAF11,-0.12471654772308616
SERPINA4,-0.12473543898806078
SETD2,-0.12473765973105627
IFT20,-0.12480517308801281
GNB2,-0.12490344505546724
GPR87,-0.12493161024974309
KPNA3,-0.12493219614866546
FOXI1,-0.12493550594837866
PUM3,-0.12500779052345945
JADE3,-0.12503513862989596
NTN5,-0.12507342476829544
ADNP2,-0.12507639462776643
GOLGA3,-0.1251058140106761
NBN,-0.12510814712015095
PRR14,-0.12510990613828887
AKR1D1,-0.12514742243991372
SARNP,-0.125148798390825
GPR141,-0.12514907649164106
INO80B,-0.1251543088973116
TRPC4AP,-0.12515875244013352
FXR2,-0.12518287085127006
JADE1,-0.12518396109981195
BLM,-0.12518912950007005
IL1RAPL1,-0.1251905625616258
KRT12,-0.12522393604270549
CELA3A,-0.12530391365402432
MAX,-0.12531545858175908
MAGOHB,-0.12532061318684634
MED15,-0.12533312348379017
UBXN8,-0.12533977656710427
GMPPA,-0.1253595713599096
PPFIA1,-0.12539260695465188
EBP,-0.12539908168564884
ESF1,-0.12544536030142373
CBX3,-0.12551013092673047
WNT3,-0.1255130010801897
ST6GALNAC3,-0.12554293919813792
NTHL1,-0.12555849818314874
METTL6,-0.1255653691585767
ABCB8,-0.12557586777021795
ZNF460,-0.12558969172249046
TERF2,-0.12559329651053996
DSC2,-0.12563628720596892
LUC7L2,-0.12564755751798484
CEP250,-0.1257158765268478
AKT1S1,-0.1257320838479612
DGCR8,-0.12573246567232982
CPSF3,-0.12573402269232453
LONP1,-0.12573780689196484
MRPS23,-0.1258241482554721
UROS,-0.12587299273919567
DOCK4,-0.1259171072308788
GPAT4,-0.12596299070638495
ATG10,-0.1259965711745808
POFUT1,-0.12600060122233325
BRPF3,-0.1260035905856271
ATF6B,-0.12605650381437317
IQCG,-0.12610656839631063
P2RX5,-0.1261096126136328
RNF4,-0.12615322181168132
SPDYE5,-0.1261561295037577
PDGFA,-0.1262268963631551
LYPD6,-0.1263355292270416
MED26,-0.12635318563756492
MSL1,-0.12636327481154164
PHF19,-0.12645924153249444
NIPBL,-0.1264946683863991
NEK2,-0.12664046018797692
MRPS14,-0.12666579402620481
ADCY2,-0.12672424472312793
PRRT1,-0.12675038845683206
PANX2,-0.12679958469831823
GPR82,-0.12682592252988217
DMAP1,-0.12685082393421543
GUCA2A,-0.1269025485040564
GTF3C5,-0.1269192002627424
SRRD,-0.1270683966442256
FKBPL,-0.1270932307315744
INO80,-0.12713498285200897
OR2A7,-0.1271375008428976
ZNF689,-0.12724383180978294
ZNF653,-0.1272462972727894
FEM1C,-0.1274362781456831
SPDYE3,-0.12744827908655165
TFIP11,-0.12747732232367665
TRIM39,-0.127494490838095
TRMT2A,-0.12751860002496346
ZNF830,-0.12760501901772475
NMU,-0.12766273340001266
CDH9,-0.12769820400796128
SMNDC1,-0.1278126691437254
MTERF3,-0.12787846839920086
RNF6,-0.12788948437216835
ABCE1,-0.1278968348005896
NXNL2,-0.12795521484102793
PADI6,-0.12796803210241692
GTF3C4,-0.12799859497350036
IDI1,-0.12800870409569343
RNPC3,-0.1280398904357346
KLHL11,-0.1280735267543073
FZD9,-0.12814137992998131
SRD5A2,-0.12815022476129423
GPR156,-0.12818561397070244
ATG2B,-0.1282077098497586
ZNF350,-0.12828927820737607
NT5C2,-0.12830212830142462
SETD1B,-0.12832557830188585
KCNJ2,-0.12836859189942446
PPP2R3C,-0.12838060536793
CDCA7L,-0.1284192330872092
RPRD2,-0.12844734957540982
ATXN7L3,-0.12849237624729581
TRIP4,-0.12858170555054332
CCDC189,-0.12858303818819777
CNOT3,-0.12867724070433378
SNAPC4,-0.12876531745914743
MTCP1,-0.1287726466866237
LMOD3,-0.12900411301201414
WDFY4,-0.12904750086890684
EMX2,-0.12909773527873403
MAP7,-0.1294054293542004
ENTPD4,-0.12946023753024016
TEKT3,-0.12947692998545784
ZNF593,-0.12953305280781152
MTHFS,-0.1296336098361518
RASD1,-0.12969628760858115
CCAR2,-0.12973663565636312
KPNA2,-0.12981668524167006
SMG5,-0.12984871848271728
RAPSN,-0.1298876629976387
SLC38A3,-0.1300008535773602
LEMD3,-0.13006265212687818
C1GALT1C1,-0.13010398932994427
TELO2,-0.13011438058072944
TMEM216,-0.13014604044141403
KCTD5,-0.130158061033727
USB1,-0.1301593191680091
PCBD2,-0.13025170715061613
KCNE1B,-0.13040666331291817
MTRF1,-0.13044822119642413
CCNT1,-0.1304729087155807
CINP,-0.13054123317176064
EIF1AD,-0.1306023415368352
WDR54,-0.13060442232323569
FKRP,-0.1306315913724952
TFCP2,-0.13064733408271018
VPS54,-0.13068455600212986
NDRG4,-0.13073666296008646
CADM2,-0.13081447802379031
CWC27,-0.13087392412147114
INTS2,-0.13093373601927516
EML6,-0.13097767601089114
TRIM74,-0.13098217550852098
FAM20B,-0.13104101660148432
POMGNT1,-0.13104943458851703
RCC2,-0.13104986153753817
FAM207A,-0.13119192044959482
ELF4,-0.13121575266858693
MRPL53,-0.1312299695358049
PNOC,-0.1313026454312085
DCUN1D1,-0.13132609408573692
GDF11,-0.13137598821383123
ZNF273,-0.1314447624812521
SLC25A22,-0.1314715630904641
TRIM66,-0.13148393886597914
CACNA2D1,-0.1315012996491587
INSC,-0.13159869430072307
PRPF40B,-0.13163194497227948
IP6K2,-0.13165901851066553
CPEB1,-0.13167123020120997
TSEN15,-0.13171423880057215
TRIM41,-0.13171691427820276
UTP20,-0.1317841742132843
CEP63,-0.1318475137617629
PRCC,-0.13186109866879964
ALKBH3,-0.1319422787740473
PSMC3IP,-0.13203440949546214
SNRNP27,-0.1321628134651177
RFC4,-0.13216374276031373
USP5,-0.13222732584967445
NUP43,-0.13223415993345067
HNF4G,-0.1322566053119722
UTS2B,-0.13226651085058297
SLC2A9,-0.13234779435013683
PSMG1,-0.13242483809066508
ANAPC4,-0.13249383918211854
SLC12A4,-0.1325463471009259
ZNF500,-0.13257328034053886
SRRT,-0.13260588790124483
TSTD3,-0.13262935684226523
DCLRE1C,-0.13269456371247268
URB2,-0.1328121131101751
KCNIP2,-0.1328261847106938
CDC20B,-0.13290472996301383
PIPOX,-0.13294714086472015
FANCE,-0.1330135211151351
EIF1AY,-0.13302933544413487
PKD1L3,-0.13303578129501542
MED9,-0.1331351129883913
GPKOW,-0.13315610550924178
AK5,-0.13316294501505344
ZNF304,-0.1331949717307938
MRPL37,-0.1332481042537496
TPD52,-0.13325376349128143
DIP2B,-0.13333414294787344
CBX5,-0.13339208501210853
FEM1B,-0.13340588980580798
PPP2R5B,-0.1334602651141359
SSRP1,-0.13348012766789585
GLIS1,-0.1335073315666908
CBX4,-0.1336065597524932
BSND,-0.13367316790817463
CNTLN,-0.13375432954526256
CDK2AP1,-0.13376801710480335
KIAA1328,-0.13386050294125812
SNRNP35,-0.13386102902556696
PLCH2,-0.13386871301963443
RAB40AL,-0.13389951523210292
ADPRHL2,-0.13391020121703884
ASCC1,-0.13397051888472356
RBM44,-0.1340131287189311
RANBP3,-0.13402448154557867
NLE1,-0.1340605086936188
IKZF4,-0.1340605677719176
PIGN,-0.13407320166937398
FBXO30,-0.1340815588210188
BEX2,-0.1341285516421603
RPL39L,-0.1342562958653546
SRPRA,-0.13433307385734422
EXOSC7,-0.1343404784682769
MYCBP,-0.13441363151300617
HBS1L,-0.13444057892504796
CDKN1B,-0.13445456455630833
ADAT1,-0.13454595991103568
ECT2,-0.13462605699886127
CDC45,-0.13467828590383168
TYW3,-0.13469048014120666
FCRLA,-0.13469369610139925
PLCB2,-0.13470437217570386
WDR83,-0.1347217756752137
GALNT1,-0.13481621549040274
MLF1,-0.1348259060054876
ALKBH4,-0.13492540198646907
MAGI2,-0.1349529818203566
HAUS2,-0.1349950820089152
ACVR1B,-0.13506967261015645
PHAX,-0.13508245389212148
WAPL,-0.13508594963271908
ZIC3,-0.1350969473198244
PPP1R35,-0.1352054454895695
CRYGB,-0.13521343160578472
FAM90A1,-0.13531122490377318
COQ9,-0.13531690949807124
CACNA2D4,-0.1353610854318228
IQCB1,-0.1353654189684586
GID4,-0.1353958771096873
RCL1,-0.1354652534925908
ECI1,-0.13547524791875676
GPR171,-0.13558929924130425
MED25,-0.1357205424478951
ZC3H14,-0.1357214693812031
RPP30,-0.1357949970334526
DHX30,-0.13581464438072055
EPC2,-0.13584455650337052
TRIM32,-0.1358471111998884
PFAS,-0.13589333641968832
CEP70,-0.13589490049128777
TBX15,-0.1359282691831413
MRPL22,-0.1360502728837436
TAF11,-0.13616337589718913
ERICH3,-0.13617179074449137
AMER1,-0.13619257059411105
UBN2,-0.13620133903015863
HMGCS1,-0.13627707022108349
KLHL15,-0.13627743205899784
APC,-0.13629003006380203
AACS,-0.13631486231132361
TMEM201,-0.13631908731490572
DPH2,-0.13650424936728128
MCM3AP,-0.13651246723824761
GDF7,-0.1365145961986985
ACADM,-0.136560136341485
TBCD,-0.13656495591621098
ZMYND19,-0.13660689065867482
NBAS,-0.13666860308312617
NFASC,-0.1369359928943047
MAGEC2,-0.1369842509182299
ALDH8A1,-0.13702838202666368
PI4K2B,-0.13704961885524797
NUP160,-0.13711889723321707
PRUNE2,-0.13714416525789247
FBLL1,-0.13733721298955626
TRIM10,-0.13735912906374795
CELA3B,-0.13739631071728742
PEX19,-0.13740181505220833
REPIN1,-0.13757721256723532
ACTR6,-0.13767710862041466
HEXIM2,-0.1377776205702132
RABL2A,-0.13778523411264393
EIF2S1,-0.13781386385862804
TEN1,-0.13782550810098798
RGPD4,-0.13793744507351416
IFT74,-0.13797271824090795
NARS2,-0.1380198114385472
EFHB,-0.13804918617425005
BTBD2,-0.13810251199132462
POP7,-0.1381318770519811
PPP2R3A,-0.13817483227351524
POLR3E,-0.13817734724471342
PIGM,-0.13820852573292602
SMPD4,-0.13826252454060567
SPTLC1,-0.13831112966806997
NELFA,-0.13836436350509934
ZNF362,-0.13842102051447336
MRPL39,-0.1384516831596943
INO80D,-0.13856451545829296
HCFC1,-0.1386145073080316
FAAP100,-0.13870839167877075
ACTR8,-0.13871361720198971
KDM5C,-0.13874238355231538
DONSON,-0.13888337245709353
POC1B,-0.1389286728939117
ALG14,-0.13901040439941398
BOD1,-0.1390467326652035
UTP6,-0.1390718682768869
PKNOX1,-0.13909311310673272
ILDR2,-0.13914493920742582
KIF1A,-0.13918554999302152
ZACN,-0.13918976688664225
KCNIP4,-0.1392210902398628
CENPE,-0.13922766985184531
KCNH1,-0.13924945236526404
KLHL7,-0.13927384844882568
MAP1S,-0.13929500938473555
BBS5,-0.13929576195453508
ERCC3,-0.13943816632896222
ZC3H8,-0.13950296186096167
SLC7A6OS,-0.13955626335247806
GEMIN7,-0.1395952504101151
IPO5,-0.13964484684638656
KLC4,-0.13964931977668893
TLK2,-0.139664686179306
MINK1,-0.13975363236121774
FCRL2,-0.1398092802020704
TTC5,-0.13983575324468567
CCNB2,-0.13984185241656688
TUBG2,-0.13986422365577322
ZER1,-0.1398959185145403
DIS3L2,-0.1399044516920347
ATXN1,-0.139932251355799
WDTC1,-0.13993647510609125
LARS2,-0.14004316107549264
CEBPZ,-0.14005170121735283
EDC3,-0.14006170139877616
MYSM1,-0.14007799429180545
MTHFD1L,-0.1401109571913901
FAM172A,-0.140150104904578
GTF2F2,-0.14024918944329856
STMN4,-0.1402655045508071
LRRC8E,-0.14028853919162937
RASSF10,-0.14043005381238205
GGPS1,-0.1404491514189013
CCDC9,-0.1404713495980628
NADK2,-0.14047640078398443
DPM1,-0.14047874865329907
TSR2,-0.14049909653223708
LIN52,-0.14051289768808412
SPC24,-0.14056834223129588
KMT2D,-0.14059855022944662
DIP2C,-0.14060669882640087
UGT3A1,-0.1406124495009755
RAD54L2,-0.14069470401425505
SEMA5B,-0.14087677558208744
MXI1,-0.14092366279612856
CYP51A1,-0.14093365887918385
AAAS,-0.1409935282397563
CRYAB,-0.14099518581311754
SMARCD1,-0.1410150953918219
GPN3,-0.1410215076847905
CUL7,-0.14102327376251123
WSCD2,-0.1410782742487078
EFCAB9,-0.1411180757456681
CBX1,-0.14123624082831288
TAF8,-0.1414594510403499
SMYD5,-0.14148273955729632
NR2C2,-0.1414895755074287
HOXB4,-0.14149550588241572
SLC25A13,-0.1415779318415598
ODF2,-0.1416231989447449
KNSTRN,-0.14164231982334985
ATAD2,-0.14164752777056183
TCEAL7,-0.14172801108956778
ZNF324,-0.14173835236512858
MRPL15,-0.14174723960999042
GAS2L2,-0.1417934690175775
AFG3L2,-0.1418719901591518
MTMR12,-0.14189827087313295
MRPL46,-0.14198116381952292
MRPS18A,-0.14200966980396224
TRAK1,-0.14213543773759552
PPAN,-0.14216952615804201
SART3,-0.14223392870041957
HOMER3,-0.1423149682213839
PUS1,-0.14231916204259631
AIFM3,-0.1423287591696865
GPAT2,-0.14242757099337822
CCDC160,-0.1424466183991155
BRD8,-0.1425141577487169
COBLL1,-0.14262143049974868
BEGAIN,-0.14265584844506696
COG4,-0.14265934262152036
ERMARD,-0.1426786604323355
USP51,-0.14272387248182566
GOLGA5,-0.14279839181540488
NMD3,-0.142880439330627
DSN1,-0.14296689896158243
SLC51B,-0.14297782572764073
NXPH4,-0.14299398798454943
STRN,-0.14302568320224657
PPP1R8,-0.1431083841582173
TIPIN,-0.14312295669900116
CLSTN1,-0.14312815361088432
DRC7,-0.14328749081131814
KLC2,-0.14329440481976985
NUMA1,-0.14331992600711096
UIMC1,-0.14333330491842328
HNF1B,-0.14341215326021206
EIF3B,-0.1435075835858377
MCCC2,-0.1435288573935452
MED6,-0.1435680617656872
MCRS1,-0.14365807646359657
KLHDC10,-0.1436689236960526
MTERF4,-0.14376643789402554
KANSL3,-0.143772146424486
FAIM2,-0.14377809213096981
NDE1,-0.14377982088223312
HOXD10,-0.14378273964082333
KLHL21,-0.14380558066214105
KPNA5,-0.14380560150203425
SNUPN,-0.14398743930147956
TRAP1,-0.14399272433686233
MED13,-0.14407144202437816
EBNA1BP2,-0.14407582633867938
CIPC,-0.14409051471242829
MAD2L2,-0.144114170731527
CDK19,-0.1441503137802655
EMSY,-0.14423973890458847
CPOX,-0.1442918622473286
ZNF711,-0.14432410267282603
TFF1,-0.14432788430301163
TRHDE,-0.14434554680965164
ASXL3,-0.1443567574777031
GNMT,-0.1444946301224928
DDX25,-0.14452262921197923
C12ORF4,-0.14457724964154994
DRG2,-0.14471306293750524
CDC14A,-0.1447258472319196
TTLL1,-0.14476690058671038
SAP30L,-0.14476830707349514
TCEA2,-0.1448739593211193
CTXN3,-0.14495446375313717
RAD21,-0.1450088763740061
NOP2,-0.14512195125770844
PIGF,-0.14519420400949695
RPP14,-0.14526629158590249
UNC80,-0.14537158233539665
FAM149B1,-0.1454110805092273
STRIP1,-0.14542502867973317
PTTG1,-0.1454252445130746
HMBS,-0.14544136083704717
UNC13C,-0.14546301717110455
MRPS27,-0.14556020660281727
MTMR4,-0.145561386848384
ZNF622,-0.14567432941564507
TMEM138,-0.14571206344790333
PMS1,-0.145719373426551
EEF1G,-0.1457336520670528
VEZT,-0.14574776018430752
ACSF3,-0.14574865917249835
SNAPC3,-0.1458202299580812
PTPN23,-0.14591640510663756
UBE4A,-0.1459476302890481
LACC1,-0.14601271000094596
CDAN1,-0.14604578835720655
NRBP2,-0.14609393770977835
ZNF24,-0.1461595890758382
CREB3,-0.14621011581396492
SIRT6,-0.14624223866875796
MRPL36,-0.14641082527699933
ZC3H18,-0.14656590220712545
NOC2L,-0.14660475524457478
KLHDC8A,-0.146652423771252
AGPAT5,-0.14681260384571854
CADM3,-0.14697667514380325
ATP8B1,-0.14699767895779237
KISS1,-0.14708579777283864
DNAJA4,-0.14716020452062745
TBCK,-0.14719350083758453
FBRS,-0.14720657613042654
FFAR1,-0.14734800390095099
PINX1,-0.1473613088038238
MCM7,-0.14742479080259607
MED11,-0.1475207804249074
IFT88,-0.14759301698712657
KCNK7,-0.14761069981043756
MAST3,-0.1476855344184543
ZDHHC9,-0.1479163092482887
AGPAT4,-0.14795105400237785
PGAP2,-0.1480158642718743
CPSF6,-0.14802638502061927
TAF6L,-0.1482129213195585
RCAN1,-0.14823037541542328
XPO7,-0.1482511677026383
MAST2,-0.14826085640192738
RSPO1,-0.14832703242036066
PHF21A,-0.14835275314787705
NSUN2,-0.1483543808818224
STRA8,-0.14845832514235852
XPA,-0.14849398824723398
MCM6,-0.14859048796841345
URB1,-0.14860712914390534
UPF1,-0.14865345366959998
POLR1C,-0.14869918650981784
CCP110,-0.14875179565690394
SLC25A17,-0.14875883427839354
HACD1,-0.1490330420449909
POU3F2,-0.14905661434598377
NCS1,-0.14906917357155375
PARN,-0.14919789690927804
KIF14,-0.14934690050168387
MCM4,-0.1493755127547135
CSE1L,-0.14940984589366219
TMEM185A,-0.1494280469862767
DPH7,-0.14950679755397833
FAH,-0.1495620473009981
MPHOSPH9,-0.14957143836004166
XRCC5,-0.1496063299890512
GEMIN2,-0.14965990141802382
PCCB,-0.1496946964520014
MPP5,-0.1497266189149118
MED19,-0.1497273743695159
EXOSC3,-0.14974487385136703
ELP3,-0.14988942718448434
FGF14,-0.15000794049808486
PARS2,-0.1501262501210563
CCDC47,-0.15015636881731376
MSH2,-0.15022698464857726
GTF2E2,-0.1502675082069685
IP6K3,-0.15032973197795324
HSPB9,-0.15043578883597014
KLHL25,-0.15051357080008143
RUSC2,-0.1505202441019225
ASPDH,-0.15056861509404879
SCFD2,-0.15056940242726047
RPL7L1,-0.15061211210759728
SMC5,-0.15062168491696093
GEMIN8,-0.15070743827353233
ZMYM3,-0.1507116222874222
ZNF174,-0.1507897505887733
ATMIN,-0.15087499759251954
LDOC1,-0.15089724506496047
SUPT16H,-0.1509003239141007
ZRANB1,-0.1509732132703253
LBR,-0.15113201513160346
GOLGA1,-0.1513714795252032
FEZ1,-0.1513941373893043
PCSK1,-0.15140361185856427
PIGH,-0.15143894248380174
HSD17B7,-0.15147092416685737
ENTPD5,-0.15148342402877507
STRN3,-0.15149033475987184
CLDN12,-0.15153068410332743
MTG1,-0.15154561343598272
EIF2D,-0.151575982923571
CDK5RAP2,-0.15165473355449988
SMC1B,-0.15167509617120528
FAM166B,-0.15168464570935858
PPP2R3B,-0.15189388415805044
POLE4,-0.15197487642398544
PNKP,-0.15200898282536124
SENP1,-0.1522533484766364
IKZF5,-0.152299080777213
KIF18A,-0.15231149747678197
SEC23IP,-0.1523411206582771
RBM24,-0.15246903011959778
OPCML,-0.15251729227446303
CENPM,-0.15254906567105286
MRPL1,-0.15256370518678647
BRAP,-0.1526246587874041
PIWIL4,-0.15263442345874456
LHFPL4,-0.15270763553466948
PGPEP1,-0.15273931962855797
TTLL4,-0.1527454434444998
AARS2,-0.15275606567774386
CIB3,-0.15282149654468052
OR5B21,-0.15290095545688168
HINFP,-0.15296161986691642
AGPAT1,-0.15317527477609283
GMCL1,-0.1532454513151141
POLR2B,-0.15328341642848442
HCFC2,-0.15341848085013826
POC1A,-0.15343997309594443
B3GNT4,-0.1534822257658649
SPIDR,-0.15349299507223352
ZNF219,-0.1535588540470495
GRM7,-0.1535645866483064
UTP15,-0.15357689325312096
LRIG1,-0.15360735998726455
NRAP,-0.1536427288002642
TRIM3,-0.15367511474684675
DIS3L,-0.15375601122424876
NOS1AP,-0.15375916283235436
MED22,-0.15377708397785927
ASXL2,-0.15402045778861467
EN1,-0.1540425007818625
LMNB2,-0.15406677378818545
GDF6,-0.15410731278030504
ZNF445,-0.15421836480749745
UBE3C,-0.15435061328682176
HTATSF1,-0.15440053978916923
U2AF1,-0.15441629881965913
CDHR3,-0.15444117288225262
POLR1E,-0.1545203400416812
ANKRD55,-0.1545346998958298
TUBGCP6,-0.1545498489474168
DHX40,-0.1546055401959966
GALNT4,-0.15461716840282197
SLC41A2,-0.1546337070744883
CBLN1,-0.15469672389739325
MYBL1,-0.15484916160811263
NDC80,-0.15487342589953046
ZMAT5,-0.15488912585447578
POLR3K,-0.1549990941750678
WDR77,-0.15501220073924316
FKTN,-0.15501661959399282
MRPL13,-0.15519963900839318
ING1,-0.15521235483630302
CORIN,-0.1552394417579544
NCBP3,-0.155246814503894
LRRC8B,-0.15528723673339484
CWF19L2,-0.15537086534070538
KCNK2,-0.15538974307454667
TMC1,-0.15541974190186814
DPM3,-0.15547193831410488
MALSU1,-0.15553078030671585
SMYD4,-0.15558174445109776
WDR31,-0.15563755411014385
SV2A,-0.15565647770468816
NELFCD,-0.15573009428736329
PMVK,-0.15581243207363726
INVS,-0.15582865802056511
ZNF639,-0.15611128395436627
TRIM34,-0.15616548227242183
C15ORF41,-0.15622376292009588
KLHL24,-0.1562463566856916
CDC26,-0.15628774449880922
TRIM11,-0.15630799602866635
B3GAT3,-0.15634628154153146
RBM10,-0.15652955919163403
MT3,-0.15659747386783743
NUP37,-0.15667365386747006
MTMR7,-0.1566782820093815
RNF169,-0.15677000963527477
MEIS3,-0.15688922992091747
UVSSA,-0.15695630389201265
ZNF57,-0.15700838722714175
MED24,-0.15707116717821185
IGHMBP2,-0.1570826287997475
NEK4,-0.15709426407253232
ZNF569,-0.15711117742835495
GTF2H2C,-0.1572009590846048
FAM184B,-0.15724365592624712
ZW10,-0.1572585357494763
RBM19,-0.15727893593276937
SLCO4A1,-0.1572835625313433
SETD4,-0.15729555957484798
RNF20,-0.157343493602357
PRRX2,-0.15735726007135886
MORC1,-0.15742277915435043
MIER3,-0.1574261269120018
GPR19,-0.1574486843984161
ORC2,-0.15749321788533122
PPIH,-0.15754111245145486
UEVLD,-0.157543272440185
MPND,-0.15762692033718018
ZNF431,-0.157627630132642
C20ORF85,-0.15764697880034884
PBX3,-0.1577386827585504
CKS2,-0.1577476930748647
ZNF141,-0.15787606753212508
WFIKKN2,-0.15789982691625776
NOL12,-0.15790803998710884
MED29,-0.1579629390320602
CACNB1,-0.15827479083330676
CCDC146,-0.15839279736694803
TAF9B,-0.1584654185762157
MRPL45,-0.15849544300627993
CPSF2,-0.15851840616256807
CCNO,-0.15857035299700983
SUGP1,-0.15862988582061244
STAC3,-0.15879027359526743
ZNF787,-0.15886526063703948
MTFR1,-0.15892803275040712
RPAP2,-0.15893020344349879
CCNT2,-0.1589808676143803
CHFR,-0.15903044525146343
ZNF420,-0.15904055843316345
PLAC8L1,-0.15909128278215917
STIM2,-0.15914141535563675
ZFP1,-0.15914859326689573
SEC14L5,-0.15917004395417297
RYBP,-0.1591724088862716
BEX1,-0.15918116561381535
HACD3,-0.1591877781374632
UGT3A2,-0.15932926651860263
ZSCAN32,-0.1593594405035184
TBC1D10B,-0.15944074043188566
FAM120C,-0.1595525263563899
DDX42,-0.15964807900053246
NAT14,-0.15971098560324176
EDAR,-0.15971499844128378
ASCC3,-0.159882744892324
BMP3,-0.1599551740229418
CNTNAP3,-0.15995739089768052
WDR36,-0.1600952519910543
RCOR3,-0.16026361034068937
NPTXR,-0.16030845488661283
SP8,-0.1604096618330127
TTC37,-0.16051095885013195
ORMDL3,-0.16059419244101986
GAS1,-0.16061989334326932
SIL1,-0.1607119934705512
HIBCH,-0.16076178351286674
CLUAP1,-0.16077552598849676
SLC51A,-0.16079886583838116
KIF12,-0.1608281747912328
CDH23,-0.16089364128446532
NUP35,-0.16096945262204188
LRRC57,-0.16098514931273505
FRAT2,-0.16106251799749616
GNL2,-0.16109971186015493
DOT1L,-0.16114082341506686
POLH,-0.16121929187113565
POLR2C,-0.16135385993732054
WDR74,-0.16138384342847517
WNT7A,-0.16177825595780015
APBA1,-0.16195750395270303
PDE6B,-0.16198230406112235
TBX18,-0.16214576672256809
STAG2,-0.1622133745330313
CCDC136,-0.16223319472193468
TARBP1,-0.16236747962834125
REST,-0.16241466060722032
ZNF766,-0.16257845873163979
NEMP1,-0.16260670588350445
SDAD1,-0.16264954971784373
SRP54,-0.16269396724670576
FBXO45,-0.16281924516423746
TGM4,-0.1628544592500149
PES1,-0.16290439881565322
ADCY7,-0.1629055000131009
FOXN4,-0.16310962073146051
AHI1,-0.16314804307022718
SRPK1,-0.16329087715023727
SUPT7L,-0.16336689765426543
EVC,-0.16341328943945121
TRUB1,-0.16353331764740608
ITGB3BP,-0.16355985635029918
KIAA0753,-0.1635651482488092
MRPL48,-0.16358850651562828
RPF2,-0.1636880965660233
EHMT1,-0.16378927317531405
SPATA6,-0.16384433827920447
TULP3,-0.16389048420859603
PHRF1,-0.16392877754220359
MDN1,-0.16394632314944446
LAS1L,-0.16395020126606658
KLK6,-0.1639923816478271
MPP4,-0.1640708015296482
CNP,-0.16407430791966832
CCDC92,-0.16419506242520804
ZKSCAN1,-0.1642343069579048
ATRX,-0.1642425117502958
AAR2,-0.16425961145119072
TCTN2,-0.16439772606981967
EXOSC5,-0.16478623371263373
DLGAP4,-0.16496535441304677
PDCD7,-0.16502292171197191
USP30,-0.16521015175961307
SNIP1,-0.16522675590682112
MPHOSPH10,-0.16526732177876413
DSCAML1,-0.165273158744316
CTPS2,-0.16527316108284673
C1GALT1,-0.16528225429861926
GEMIN6,-0.16530548691107083
TOPORS,-0.1653475196010028
CEP170,-0.16537149646072202
BBS10,-0.16544108465748664
KCNMB4,-0.16544320107317045
OSTN,-0.16571830647531333
METAP1,-0.1657212007389512
CEP295,-0.16573553029840354
TRIM37,-0.16575544520436936
IVD,-0.1657788223045683
CHAMP1,-0.1658017859809447
RPUSD2,-0.16605017408389056
CELSR2,-0.16605677343741393
MBD1,-0.1660719498635418
ZSWIM8,-0.16610303625341138
PCSK2,-0.16617549124625164
FAM183A,-0.16624684751215113
GPR42,-0.1662490730052457
GTF2H1,-0.16629692242554922
ASPM,-0.1663322457944173
DCAF15,-0.16634330160709943
TM7SF2,-0.16637231396746766
AMBRA1,-0.16641163503671574
LGR5,-0.1664247490353961
SPATC1,-0.1666169662105883
WDR43,-0.16665061328841796
SCUBE1,-0.16678293605938377
DGKQ,-0.16681341204842576
MBD3,-0.1669105265901808
BTBD1,-0.1670789447542962
ZBTB24,-0.1671609969710419
CORO2B,-0.16718535212560387
UPK3B,-0.16721564318020898
CLPS,-0.1672661690224972
PRSS33,-0.16734788156129882
CHD7,-0.16735194042165696
LY6K,-0.16743758540177894
TP53BP1,-0.16747298451937348
MCM10,-0.16751564196728175
CGREF1,-0.1675305684405291
BBIP1,-0.1675420956332767
POU2F1,-0.1675438275714342
TTC23L,-0.1675700023783782
NELL2,-0.16758213796695454
ELP4,-0.16764178249845246
LCOR,-0.16769080382610796
CADPS,-0.16773319707234285
XRCC3,-0.1677845545404445
PNO1,-0.16792224751567875
PPIP5K2,-0.16803105127043078
B4GALT7,-0.16803391962897507
GNL3,-0.16804699558910385
PACRGL,-0.16804760626629184
OLIG1,-0.16820475877912955
FCF1,-0.16830451224211213
TAF13,-0.1683654609138308
BMP8A,-0.1684021018992512
GTF3C2,-0.16841750581234188
MRPL4,-0.16865277484402375
ZC3H3,-0.16868924095278992
ACTB,-0.16872632143342692
SUPT6H,-0.16873494549522638
DHX29,-0.16877857514863148
CEP162,-0.16886601401814982
CREB3L2,-0.16896679190755715
SARS2,-0.1689727799073083
KANSL2,-0.16897650149967086
RNF212,-0.16910477000866736
OSCP1,-0.16910952044390662
TRMT10B,-0.169142705036815
ISL1,-0.16922335268502875
GGN,-0.1692830463530626
WNT5B,-0.16938427487552576
KIF3A,-0.16943234614232794
CNFN,-0.16943796110163437
TARS2,-0.16943893996052295
TGM5,-0.16946511944264453
DPP10,-0.16956802859170977
SHPK,-0.16958303730606172
SS18L1,-0.16960359578977768
LRIG2,-0.16965665084262543
ERCC8,-0.16971492858239212
AGMO,-0.16972341534762986
HLCS,-0.16973895587039467
REXO4,-0.16984135813518497
PPIL1,-0.16986104351923254
TADA2A,-0.16998648732333543
CCDC61,-0.17012455292544082
RYK,-0.17015042364698418
RNF8,-0.17033086041824452
ZNF629,-0.17042484547399567
PPP2R5A,-0.17054977555251866
NOL11,-0.17060222460554758
MAB21L1,-0.17062502575363125
MTMR3,-0.17064005632581386
MRPS11,-0.1706773662636603
ASRGL1,-0.17077741140745412
CDHR1,-0.1708600912967057
JADE2,-0.17104493866858972
GMNC,-0.17107174864419006
SRCAP,-0.17120664453847206
BUB3,-0.17122604786544537
MNX1,-0.17124553883256394
BRIX1,-0.1712957159137472
KIF5C,-0.1713989297295534
TCF15,-0.17144614604114838
CYP4Z1,-0.17151106838497673
DSCC1,-0.17151933596788765
TCHP,-0.1715390722513752
MBD5,-0.1715409925142392
KIF21B,-0.1715799580213746
ICE1,-0.17158946530727226
RAB40A,-0.17163334532711377
CEP89,-0.17187973295035958
TBX19,-0.17202695399120488
BCCIP,-0.17210111897183122
USP6,-0.17210913966622166
TPCN1,-0.17216362114906436
MRPL49,-0.17219934561703437
HARBI1,-0.17228106408871993
CTDP1,-0.17234329056384473
FAM222A,-0.17237294070457737
TBX6,-0.17237842533962755
ADGRB3,-0.17238806830774583
SMC6,-0.17244799647434056
S100PBP,-0.1726907006806301
NUP188,-0.17269082203518604
BAHD1,-0.17272930096133493
KCTD2,-0.17287856551584513
TAF3,-0.17292901596875604
ASB7,-0.17295659774042949
FRRS1L,-0.17296504233028748
ZNF250,-0.17305226400659257
CENPJ,-0.17320215454332716
SLC12A2,-0.1732354643643796
MRPL19,-0.1733210816288085
LRP1B,-0.17334481320804745
GPATCH1,-0.1733647585413679
AGPAT3,-0.17337153891750634
KLHL42,-0.17338756630922003
SAP130,-0.1737488870673478
GTF2H3,-0.1737830089308467
NOVA1,-0.17381961740039326
NUP133,-0.17383354560999015
KIF2C,-0.17388000147946842
KIZ,-0.17395677035315738
IFT22,-0.1739577851250686
FUT5,-0.1740029693987506
INTS4,-0.17407999066678864
MED23,-0.17411694096080876
KAAG1,-0.17412273052081884
NETO2,-0.17414588884810556
SYT11,-0.17415839348626488
ADGRA1,-0.17420121219797824
RPRD1B,-0.17426998645649638
PAF1,-0.17434103197040857
MYBBP1A,-0.17435195673333181
IRX1,-0.17435574201953088
STT3A,-0.17437829091132834
CCDC127,-0.1744088637631646
PHF6,-0.17442477259770073
KLHL8,-0.17444164732819034
PRCD,-0.17449384927213413
RRP15,-0.17474504274096736
POM121,-0.1747699844929737
WDR19,-0.17486960114281513
CKAP5,-0.1749366806530417
EXOSC4,-0.1749622564811108
SLC10A5,-0.17500181818307647
CLDN16,-0.17507865948234713
EMX1,-0.1751498394389926
ZP3,-0.17519933606562366
CLDN34,-0.1753571111688964
CBX7,-0.17549495676238125
MBTD1,-0.17552977615181226
DHX8,-0.17557730432079938
FFAR3,-0.17567607790469775
SLC22A11,-0.17568884598013568
ALG1,-0.17584223266524562
WIZ,-0.17584578883555502
TEKT2,-0.1758467782241514
TRMT10A,-0.17587965378890352
PSPH,-0.1759960482418788
SMUG1,-0.17609485501843608
ALX4,-0.17618130356950007
PRPF4,-0.17618134149251347
PWP1,-0.17626230404231236
UBFD1,-0.17626260687094586
FATE1,-0.17638391501200895
TNPO2,-0.1763931946571538
CPEB3,-0.17647413387861
FZR1,-0.17648203104754068
SFMBT2,-0.17656177012394342
CGA,-0.1766405391407493
OTUD3,-0.1766521627151182
CYP2R1,-0.1767159710255896
CEP290,-0.17675929160654358
CNIH3,-0.17683570494285217
GPR180,-0.17688947891520723
GPATCH2,-0.17689822629753976
C11ORF74,-0.17697529818580288
CDC27,-0.17707297101805697
HELQ,-0.17715974534126078
XPO5,-0.17722709065012765
ABCA12,-0.17733372231012873
MED16,-0.17739042876708322
RPUSD3,-0.177404553775517
PARP6,-0.17759053896649568
PEX26,-0.17768147521859828
ZNF649,-0.17774249110517695
PRPF18,-0.1777580957819324
SPNS3,-0.17782838387093636
ZNF417,-0.177845009565616
POT1,-0.17787234279137076
CASKIN1,-0.177880297125648
PDPR,-0.1780154527860165
CLASP1,-0.1781441395129597
TMC4,-0.17818969362837542
SC5D,-0.17823224479938565
KRT74,-0.17824290129951234
FAXDC2,-0.17829799747996966
KCTD17,-0.1783565859149162
CYP4X1,-0.1786594589309416
MTMR6,-0.1787196027807053
RIF1,-0.1787750780448648
RRP12,-0.17887936206186317
DHX16,-0.17897044991116495
HOXD13,-0.17898981015025778
OGG1,-0.17903213274901753
KATNAL2,-0.17907109834998314
EPM2A,-0.17910006266279516
KIN,-0.1793294111773846
NOLC1,-0.17934186294791038
DHX38,-0.1794457978864824
DHX37,-0.17953740093332626
NEDD1,-0.17958288527326954
UBL4A,-0.1796136415399236
HIRIP3,-0.1796513270861808
ORC3,-0.17968578872533875
KMT5A,-0.1797739669225712
ART3,-0.17978100307105982
SLC6A13,-0.1798754000970927
LSG1,-0.17989812919214992
METTL17,-0.1799128335162516
ASPA,-0.17996951874342165
MED8,-0.1799989821500093
CEP131,-0.18006066944843818
METRN,-0.18011003193303865
SQLE,-0.18013151852723597
TARBP2,-0.18023092110628697
LIG1,-0.1803126608987935
PRICKLE4,-0.1803514798704427
RIOK1,-0.1804742089662253
ZIC1,-0.18057017457671187
MAD2L1BP,-0.18060708369008127
SEMA4C,-0.1807304896704861
TRMT61A,-0.18079961066677502
BCOR,-0.18089453845646714
ELP2,-0.18093029986343184
RBBP8,-0.18097450266552917
PPWD1,-0.1810337355128952
RFWD3,-0.18117277318627378
RPA2,-0.18121282410866446
TRIP13,-0.18129650091565003
C6ORF58,-0.18130587945035959
MED14,-0.1813199295125597
BRD1,-0.1813347314232075
MELK,-0.18142537763221567
MRAP,-0.18146465657215416
MAL,-0.18155055919054292
BAP1,-0.181634025986732
PPIL2,-0.18164252809387815
ADO,-0.181865084393315
PNPT1,-0.1819494197810294
SOGA3,-0.18196165585519378
SYT13,-0.18197929252055947
MMACHC,-0.18204818046087762
LIN54,-0.18216769820127676
NCDN,-0.1822151614021743
MARK4,-0.18234111347492954
NKAPL,-0.18235060566662525
RPP38,-0.18239599221703306
SOBP,-0.18243103281788886
ZFYVE1,-0.18245540994446469
SLC13A3,-0.1825939616662119
ITPK1,-0.18267509992699865
DCUN1D2,-0.18276518621679416
POLR3H,-0.18278047713591367
CTCF,-0.18283833352219914
RS1,-0.18289162657873365
RTP2,-0.1831391160630057
ZNF133,-0.18318915739558192
DCAF8,-0.1831923936080257
CALHM1,-0.18319926863064057
CKB,-0.18322234407472754
MRPL24,-0.18323117330275335
MRPS12,-0.18323391786418752
DUS3L,-0.18329011045334703
ZNF81,-0.18330142008796693
HOXB6,-0.18330199996186486
LIN37,-0.18337013122820195
KPNA1,-0.18347494945397652
PXK,-0.18356238546453085
NOL9,-0.1835964627553357
HSD17B13,-0.18367339908024177
ATP11A,-0.18370961066937114
WNT6,-0.1837702964509904
NUP205,-0.1838253108850697
DIO3,-0.1838255629013857
STRC,-0.18385858892618856
HDDC3,-0.18391609932051978
SEPSECS,-0.18397079901569163
TRMT61B,-0.1839730668358105
ANAPC13,-0.18397700171632048
SLX4IP,-0.18402442817239767
CDH20,-0.18413577898272337
PUSL1,-0.18414464133310615
IWS1,-0.1842911399508524
GFM1,-0.18436767257924586
FTSJ3,-0.184383394688799
SLC35B4,-0.18440412256929772
MGA,-0.18441571281614866
CHD1L,-0.1844394089186852
FOXK2,-0.18471675400339232
MPPED2,-0.18471705839884112
IMPG2,-0.18481586673349026
KDM1B,-0.18481799229256818
C16ORF70,-0.18482131087094328
PIGG,-0.18486221009377846
MRPL30,-0.18494359168350222
SLC22A4,-0.18499450635725317
GPR61,-0.18506360526949564
ALAD,-0.1850730768690877
SCRG1,-0.18513316192692683
STK36,-0.185147052443489
B3GALT6,-0.18524863003673564
EVC2,-0.18527475346242805
SWSAP1,-0.18529865901282944
FOXK1,-0.18532429587146287
IFT52,-0.1854399552266044
NMUR1,-0.18552681066228893
FUT3,-0.18561157988857563
TMEM231,-0.18565035741780567
CHTF18,-0.1856787555968415
CRYBA2,-0.18571277738372413
XPOT,-0.1857354756537663
RPP25,-0.18577154793303813
WRNIP1,-0.18590280036029955
NCOA5,-0.1859150142738858
PNMA6A,-0.18591929515668562
PTGR2,-0.1859868846307248
BAIAP3,-0.18607305082273606
CGRRF1,-0.18625593216562292
SLURP1,-0.18626123999735283
RPGR,-0.1862967754170437
NRXN2,-0.18636955617731515
MVD,-0.18639889366791917
SLC52A3,-0.18656276527561305
GTPBP8,-0.18667933376123413
EXD1,-0.1867500596723554
KCNC3,-0.18678615333722204
TULP4,-0.18681217985204163
XK,-0.18695074562321512
SYPL2,-0.18701197660129898
WRN,-0.18704997830784992
FOXJ2,-0.18707080835593684
SFR1,-0.18716915349874103
MRRF,-0.1874075500848622
C12ORF65,-0.18743113308085801
DPAGT1,-0.18749574864461638
CRIPT,-0.1877151484480173
IFT43,-0.1877769531198376
KIRREL2,-0.18780894078174015
MS4A12,-0.1878927236325697
ICA1L,-0.18791337242831302
NBEA,-0.18807433737066898
HOXA11,-0.18814549362096794
A4GNT,-0.18818118193134376
ABCA4,-0.18829104437623845
MRPL3,-0.18831440409141803
FTSJ1,-0.18835119050618887
LRRC8A,-0.18853685072029808
MCM9,-0.18856082901254806
TAPT1,-0.18870174689899377
RING1,-0.18873478547337352
AKAP14,-0.18886186168067126
ZNF597,-0.18895979765004056
POLK,-0.18901698022813956
FADS1,-0.18904413478749005
LTV1,-0.18907787943947763
PAQR8,-0.18909387189398363
EXOSC9,-0.1891884537446945
UBC,-0.1892316661363268
TMEM86B,-0.18924747789676194
ZNF74,-0.1892825203459062
ZNF77,-0.18935919379844504
PEX10,-0.18938351519029273
SLX4,-0.18944129723231184
KRT13,-0.18948809438678138
ZNF592,-0.18951014878098432
OR8G1,-0.18966789137785328
ERCC5,-0.18972332204126174
FLVCR1,-0.1897933821524947
RIOK2,-0.18992247845233584
SKA2,-0.18992410928111536
MBOAT4,-0.1900269923258759
TBC1D19,-0.19023745908754508
TADA2B,-0.19031788473324013
STAG3,-0.19032368299299407
GPC5,-0.19043549867592066
ONECUT2,-0.19051763999640622
QRFPR,-0.1905840494937691
KMT5C,-0.1906111614763918
ONECUT3,-0.19063583082566785
LRRC1,-0.1906615193538868
RBFA,-0.19072784142036425
MRPL35,-0.19074301729281729
INTS12,-0.1907941037449007
NEK3,-0.1908193690594659
MUC22,-0.19088151851991417
DDX31,-0.19090933921911574
ATP8A1,-0.1909637316913792
MCCC1,-0.19100038567815403
VAX1,-0.19107458951872947
PDE8A,-0.19108742302139525
SCRT1,-0.19114485658430724
C17ORF97,-0.19119005859605648
SPRTN,-0.19134328779450221
KRT6A,-0.1914256945967624
GPN2,-0.19153721039164712
APEX2,-0.1915597036750788
CHERP,-0.19168761711351695
RECQL5,-0.19175779249858527
MRPS10,-0.1920008737086935
ELF5,-0.19220758816721253
GALNT11,-0.19229101836629675
GCC1,-0.1923028099420772
SRR,-0.19241867791076905
KIFC3,-0.192448731571218
LSM11,-0.19248056607364644
DHDDS,-0.19250154796920976
ADAM28,-0.19250359957285762
SLC22A1,-0.19251410144016906
ANAPC11,-0.19254256463334074
STAC2,-0.19269682844177177
FRMPD1,-0.19274283171309353
PUS10,-0.1927546623492924
ACBD5,-0.19292965285156138
KIAA1841,-0.1930661836701787
SCN2A,-0.19314145151487438
GTF2A1,-0.19340537574994088
ANAPC1,-0.19349434994753767
TOP1MT,-0.19357885711956002
MPP3,-0.19372049451839723
PTCD3,-0.19377212373777392
EXOSC2,-0.1938879477644861
TEKT1,-0.19392072445134523
TRNAU1AP,-0.19393984197146785
C1ORF112,-0.19425196441281783
ANLN,-0.1942615603724116
BARHL1,-0.19426183927486004
GTF2E1,-0.19427188431059228
ZNF385B,-0.19435042594668506
PPP2R5E,-0.19451598805519288
PPME1,-0.1945405731590668
NR2E3,-0.19456859363391105
EXOSC10,-0.19464229800042832
RFESD,-0.1946764454122966
GCSAML-AS1,-0.19470047855755096
CDX2,-0.1948987348197987
HS3ST3A1,-0.1949180246515915
PPFIA2,-0.1951113199256599
PELP1,-0.19512169895995218
WDR3,-0.19515780761084073
TCERG1,-0.19524401913436223
PNPLA1,-0.1952454977078827
PAXIP1,-0.19531977040567328
RRP9,-0.19532320994945757
EIF5A2,-0.19566829969344257
SALL2,-0.19570331476858877
TAF5L,-0.19575171749624254
GTPBP4,-0.19582506413792972
RPUSD1,-0.195889762686291
SMC1A,-0.19592317176186724
IGSF9B,-0.19597264293622832
INTS9,-0.19598690217196352
LSS,-0.19625459692826747
C2CD3,-0.19627727645455662
MSMO1,-0.19634976924610736
MRPS17,-0.19639073598169077
ZNF668,-0.1964216875120363
IPO4,-0.19642422266314374
SYNPO2L,-0.19667023227233343
CACTIN,-0.19681239705236936
GALR2,-0.19687098589151675
DDX10,-0.1969218779507158
CNIH2,-0.19696384758857038
HOMEZ,-0.19696899205677246
WDR25,-0.19717914202225356
ATP8B2,-0.19718049646338187
C1ORF131,-0.19718066109490145
ARHGAP11A,-0.1974640845123905
RPAP3,-0.19754240352253166
ZAR1,-0.19765362865282263
RRP1B,-0.19769270385059617
ZNF397,-0.19770082806144046
YEATS2,-0.19778780274074076
UPK2,-0.1978018046030624
MPP7,-0.19791103650969
CHST10,-0.19792932183058712
DDX28,-0.19793458339132247
GABRE,-0.1979827640168152
ZSWIM3,-0.1981477676514817
MEIOB,-0.19825538372475293
GMEB2,-0.19829569763073834
SLC6A1,-0.19841992062424563
TRUB2,-0.19842475232710566
TRIM2,-0.19854620979760015
POLR3C,-0.19861954970466028
DRGX,-0.19863467683177927
CFAP47,-0.19871959032935646
MCPH1,-0.19872705527836376
NELFB,-0.1988863329984767
KCTD16,-0.19896233414122383
CRYGS,-0.19896266665610163
C9ORF57,-0.19899787212549866
KCNK13,-0.1991726573773293
SASS6,-0.1991862856826982
GSX2,-0.19921222818934176
NVL,-0.19952172185903594
CFAP77,-0.19952989862986137
TTC23,-0.19961888556663918
RIPPLY2,-0.1996906453350672
BBS2,-0.19971883250635303
BHMG1,-0.199905354932848
MRPS5,-0.19992322776167926
TJAP1,-0.19998143538896124
DCLRE1A,-0.20002302195746563
SLC38A4,-0.20006642664083996
ZNF169,-0.20009634129532525
SLC48A1,-0.2001603967400436
PXMP4,-0.20035047781606885
ZNF282,-0.20037967098677784
CLEC19A,-0.200557144725826
TNNI3K,-0.20058865811959214
LIN7B,-0.20061050132970393
KLHL2,-0.2007237580309224
BMS1,-0.20084725739700116
KRT3,-0.20088660013364498
INTS1,-0.20093820864552614
INCA1,-0.20094296200599276
PMS2,-0.20095026393894277
GMNN,-0.20109613947695498
NIP7,-0.20113864602790543
DHX32,-0.20114475156688838
NOL6,-0.2012944523890628
NME2,-0.20159703127806927
TTC21B,-0.2017149887240383
CDH19,-0.2017864581170133
IPPK,-0.20180327958947286
METTL1,-0.2018057048877715
NAIF1,-0.20189547918054385
RHBDL1,-0.2019985037517866
SRP68,-0.20201463486706195
MRPS9,-0.20203710454606277
UTP14A,-0.20208216734691725
ERCC4,-0.20212669166750025
NOP14,-0.20212796939267658
UTP4,-0.20218053936172692
PRKRIP1,-0.20230037100726583
DHX35,-0.20237540489207795
C1ORF116,-0.20242095591412523
KIF22,-0.202561256138854
UBA52,-0.20269405086120074
RTP1,-0.20272589988476808
MRAP2,-0.20272865599397388
RAD50,-0.20273365565848167
MSH3,-0.20299223903406177
EDA2R,-0.203009397167003
NTM,-0.2030098450114228
ROR2,-0.20303013371289025
AQP6,-0.20309352357975585
CASC3,-0.20309926514154908
KIF6,-0.20313698745231637
USP39,-0.2031536689606156
C1ORF189,-0.20315957089450898
HEATR1,-0.20329290011241746
FAAP24,-0.20332611511646576
POPDC2,-0.20340248149327064
MTRNR2L4,-0.2039500373788304
CCDC173,-0.20397440302223435
LRRC47,-0.20422537846352656
MAU2,-0.20427548735247153
CDCA2,-0.20449432235669118
WDR12,-0.2046580134908223
SPATA4,-0.20475944184823797
MRPL2,-0.20510691626583805
TAF2,-0.20521012650283826
CEP83,-0.20524244768985417
ARL13B,-0.2053278346615327
PPRC1,-0.20539734709641544
GINS4,-0.20547574754371312
TMEFF2,-0.2054821611738229
ABCF3,-0.205505891026464
OR7A5,-0.20559054333710755
LCORL,-0.20564994824783722
NEURL4,-0.20568176202864064
IQCC,-0.20572775925524286
CC2D2A,-0.205783677340646
MMS22L,-0.20585622581162122
DDX56,-0.20589639263385373
MUS81,-0.20600658312813575
POU4F1,-0.2064969558965421
WDR75,-0.20696470843826126
ZSCAN9,-0.20698616266901954
CBLN3,-0.20707602537779934
MCM5,-0.20711304415449894
RIMBP3C,-0.20712046849233007
OTX2,-0.20725862871300887
SECISBP2,-0.20726714622911607
SLC12A5,-0.20735059845656523
A2ML1,-0.20738127667395276
ERAL1,-0.2074247537953431
ATP8B3,-0.20768225932515313
ZC3H12D,-0.20771572968267096
TBL3,-0.20800411414695064
FAHD2A,-0.20808530918389795
POMT1,-0.20817730960011815
RPAP1,-0.20820020008454232
LIN7A,-0.208413443167477
MUTYH,-0.20841510409169617
POLL,-0.20846230828879936
SPAG5,-0.20848335777235388
RAD54B,-0.20870585234255656
PRAC2,-0.2089255729185382
KRI1,-0.20892833071608152
CHTF8,-0.208998734120189
NGRN,-0.20904774137753424
VARS2,-0.2090564806999088
NACAD,-0.20923435059728396
FAN1,-0.20935291726011973
ODF1,-0.2094860844935102
CLDN10,-0.20962572543053704
ADCK1,-0.20979257931741788
AURKC,-0.2098757032013957
POLM,-0.2099450711905177
FUZ,-0.21002800961108334
CACNG3,-0.2101009086902208
RGMB,-0.21018245946314895
NOC4L,-0.21021040649190448
IRX3,-0.21033032095164717
NOC3L,-0.21033434970330656
IFT46,-0.2103670464489822
SURF6,-0.21047834151754002
CPEB2,-0.21049351955893242
UTP23,-0.21051354591724575
NCLN,-0.2105357301869683
WNT16,-0.21053836431427175
DIMT1,-0.21062937768075413
DLGAP5,-0.21066005047319947
NXPH1,-0.21080268705465932
TRIM73,-0.21097228285656908
EEFSEC,-0.2111639096997912
TRIM58,-0.21122580232823407
SLC4A9,-0.21123393302963323
NAT10,-0.21129997661538413
HOXB7,-0.2113513358993196
MED20,-0.21152766498549863
HACD2,-0.21155677322790695
SRD5A3,-0.21156208771715257
TDRD15,-0.21160901427129195
XRCC4,-0.2122312432660668
FAHD2B,-0.21226422902668426
RPUSD4,-0.21229056076861785
POLR3A,-0.21229881560494618
MTFR2,-0.2123592756728764
KRBOX4,-0.21239328746207875
MCM8,-0.21242580739623995
NBPF12,-0.21248372895829656
MFSD6,-0.21257181649296186
ANAPC10,-0.21264548569202213
HOXA7,-0.2126533727994953
FAM184A,-0.21274540571582243
OVGP1,-0.2128448535117589
MTRNR2L6,-0.21285145288805504
MED27,-0.21285526503825997
RHNO1,-0.21311185235401298
C5ORF30,-0.21322665623020728
TCTN3,-0.21328346621783123
MUC4,-0.21328591256657053
STYK1,-0.21331783261445447
CILP2,-0.21336163702552052
SRPRB,-0.21343817772651963
GRID1,-0.21352834084923322
ZNF93,-0.2135542748081142
RBM48,-0.21359939866221522
SMARCAL1,-0.21368893324586696
MTRNR2L10,-0.21374672607599365
TAS2R30,-0.21385742691405812
HEMGN,-0.2139434972250325
KCNT1,-0.2141928220700392
NUFIP1,-0.21421834188151306
TRPM5,-0.214250945384712
PIEZO1,-0.21429314625460744
ZNF264,-0.21430763076700876
SLITRK5,-0.21433177845524667
NSUN6,-0.2143563139017854
SLC25A18,-0.214391159107105
PPFIBP2,-0.21443000116786515
TTBK2,-0.21444068988372594
C1ORF226,-0.2146406594539569
SLC25A14,-0.21492556394402118
CLDN8,-0.2149825924287167
MAK16,-0.21506436049199212
MCM2,-0.21515495237577953
ADCY5,-0.21520213860278603
XKR4,-0.21529597371123618
RSPO4,-0.21543950358574693
FPGT,-0.21566394111183795
POLR1B,-0.21575563656603158
INTS7,-0.21576174152907163
CATSPER2,-0.2158990437573896
HECTD4,-0.21594224582183497
TTC30B,-0.21595979590627412
ARHGEF9,-0.21597719691845907
GPATCH3,-0.21606863552030384
PDS5B,-0.21608118436979895
RBM28,-0.21619514693180497
B9D1,-0.21642056391583753
PGBD1,-0.21646332674783897
ABCB4,-0.21652283144478585
NSUN4,-0.2165307527293016
GTPBP6,-0.21656880296962777
ZFYVE28,-0.2166556007150579
APTX,-0.21677285856852324
HOXC5,-0.21699483183954488
ZNF75D,-0.2173441699272153
C5ORF49,-0.2177364106486816
PPP2R5D,-0.21786520844468282
GLRB,-0.21792429441146072
VCX,-0.21797269810584594
SHISA8,-0.21798155313467987
ZDHHC5,-0.21806755238071868
IGFL3,-0.21808273631273928
LARP4B,-0.21811757141938914
TTC8,-0.218419010115874
RAD9A,-0.21849040121466656
ZBED9,-0.21853274602015738
BOP1,-0.21865488299252334
ETAA1,-0.21868022955567884
SPINK5,-0.2187303849979086
STAG1,-0.21899589446202067
CLCNKB,-0.21899671661826775
WSCD1,-0.2192357682698184
MIS18BP1,-0.21937792990934574
RACGAP1,-0.2194201991823319
HTRA4,-0.21947688344478625
C1QL2,-0.2195219242293041
PLD5,-0.21956706728244132
NBPF1,-0.21956836792851886
SRL,-0.21989211271539705
HOXA1,-0.2199515008487113
MRPS2,-0.21997016151520893
GPR31,-0.2200911235674754
MEOX2,-0.22036329344600303
FIGNL1,-0.2203731389443365
IGFL1,-0.22046593545076099
LRFN5,-0.22052686536452598
HJURP,-0.22059141281976113
C8ORF37,-0.22060419829821523
GLDN,-0.22072350136144053
SLC29A4,-0.22096933257411244
CEP164,-0.22099392415986324
ZNF510,-0.22103670521750746
DDX55,-0.22104796524203896
NCAPD3,-0.22118925971627268
RSPO2,-0.22127303536232695
HOXA10,-0.2214187201455533
DDX54,-0.2214286787095845
RRS1,-0.22157567406384832
GFRA3,-0.2215926842107791
ARTN,-0.2216287074284481
MKI67,-0.2217120440168267
C1ORF158,-0.2217857854880616
KLK13,-0.22192768040049246
DLGAP3,-0.22203077219713435
ZBTB40,-0.2220967833193176
GALR3,-0.22215220888438048
MIS18A,-0.2222416963913585
SCN1B,-0.22227085323715362
ZBTB45,-0.2225085963260111
CA13,-0.22257188034721603
FPGT-TNNI3K,-0.22261552435586449
NHLH1,-0.22262736472108652
CACNG7,-0.22277038524485576
ZCCHC8,-0.22303193304803626
DCLRE1B,-0.22312004896774018
ZIC5,-0.22338194809770606
DBF4B,-0.2234245080823452
GINS1,-0.2238803962430606
GAL3ST3,-0.2239189689170543
ZKSCAN3,-0.2239968161046172
C19ORF54,-0.22417658902410237
PHF13,-0.22423612790661637
HAUS4,-0.2244500110581239
HOXA13,-0.22446168608924716
CDCA5,-0.22458487651814135
GKN2,-0.22461245031061156
AGTPBP1,-0.22469110164088624
SYT12,-0.22477909514101713
SPA17,-0.2248183861102258
MUC6,-0.22493395235091673
SMARCAD1,-0.2249399173796699
CENPC,-0.2249968841510131
FAM181B,-0.2252694764788327
STK31,-0.22560240961548672
CDC16,-0.22585917043635695
HOXD4,-0.22592023327623456
CCDC28B,-0.22605040052047826
LZTR1,-0.22607223325134135
DDX49,-0.22610455979738286
GAMT,-0.22615264499087012
DACH2,-0.22636027232024178
CNTNAP2,-0.22663146551342933
RPA1,-0.22670578602294394
POLR3B,-0.2267139464455622
OOEP,-0.2267934989860279
GFM2,-0.22682173341776962
ZNF865,-0.22711956827939866
TRPM1,-0.22722399534061444
RAD54L,-0.2272308256702636
NPY1R,-0.2272427954220893
DNAAF2,-0.22726583611754297
WNT10B,-0.22752079762715666
UROC1,-0.22753262317698886
KIF19,-0.22772651693734136
SMC3,-0.22784745597895295
ZIM2,-0.22790674330376076
CALN1,-0.22790858881684894
ZC4H2,-0.2280520886383287
LY6G5C,-0.22835777262946055
FRMPD2,-0.22845642086942894
HCN4,-0.22848286747530078
SPAG8,-0.22849803916952582
ESCO1,-0.22853923717538777
TMEM237,-0.2285402225638058
CDK18,-0.22863871979727715
MAMLD1,-0.22866124617381722
RXFP4,-0.22882508251533562
CCNB3,-0.2288728413890096
NRTN,-0.22897462771245647
CFAP161,-0.2292331501629306
KIF24,-0.22928416091202963
IFRD2,-0.22944220845454572
ANAPC5,-0.22951773402811831
GRID2IP,-0.22959229996793917
TAS2R14,-0.22963945653439816
MLH3,-0.22971509435115184
ZKSCAN4,-0.22974389412608026
PADI2,-0.22993709609972357
GINS3,-0.23002327225691105
SPINK2,-0.23020608502203294
LRFN2,-0.2303797836045022
DLX1,-0.23040960205627267
PEX11G,-0.23042318480577612
SYNGAP1,-0.2304835287685562
XRCC1,-0.23069347860308476
DHH,-0.23070519739739515
FAM229B,-0.23090681508318392
ANO4,-0.2309772293214822
KRT24,-0.2310945360159029
SCN3B,-0.23142968454596569
CDR2L,-0.23143788582700323
GALNT6,-0.23145303266682277
USH1C,-0.23159854855654927
HOXD8,-0.2320228810857327
LUZP2,-0.23212181084175398
NMUR2,-0.23216782262542157
B4GAT1,-0.23225915875938996
CDC23,-0.23233342932871037
HOXC8,-0.23249403796987933
RRP8,-0.23250927869887783
FDCSP,-0.23253743109848674
POMT2,-0.23266806165986703
MEGF8,-0.23282291886734324
TSR1,-0.23299858789395533
PLEKHA6,-0.233101766859517
EXD3,-0.23318296045713283
KIFC2,-0.23324705447552826
MKS1,-0.2332783456537718
DDX52,-0.23339848173993494
HMGN4,-0.23350674996973975
SOX13,-0.23374638183369167
C7ORF31,-0.233984516892135
BFSP1,-0.2340644620229253
CDKL5,-0.23414063273490493
HOXB13,-0.23423781306400307
TEX14,-0.2342930804912867
BBS7,-0.23436822012623565
HOXC4,-0.2346391373403378
SLC6A8,-0.23466680730199596
TPX2,-0.234697376808785
ATP10D,-0.23473309132742415
PCSK6,-0.23476879100096407
HOXC11,-0.2349338279071576
C1ORF194,-0.2351787449761909
RAD17,-0.23521417095571806
TMA16,-0.23540835190111842
LYNX1,-0.23548005637377267
CELSR3,-0.23568324965497459
PIEZO2,-0.23602419395478624
MAFA,-0.23629830852047334
CENPB,-0.23639212549090183
ANAPC2,-0.23641453890105413
NPHP4,-0.23646255991601628
ZCWPW2,-0.23653642146202572
DACT2,-0.23655761988814536
CFAP126,-0.23656559966134777
LTN1,-0.23657770873964895
ZNF41,-0.23658507721036223
PRR7,-0.2365951721939235
ABCF2,-0.23660196473643158
KIF25,-0.23679682137042654
LRRC7,-0.23682917983039087
ZIC4,-0.2369554299763204
LRRC8D,-0.2371467217594027
ZNF512,-0.23724240966835744
HES6,-0.2373407168234901
ZNF407,-0.23737644058539742
CFAP53,-0.2374965862114673
FAM81B,-0.23754367983110264
RASL11B,-0.2375482748830946
NDST3,-0.23763046602124124
PNMA1,-0.23766244561007555
PHYHIPL,-0.23767516925444654
PKDREJ,-0.2379535601367673
CENPW,-0.2380334941676293
CEP41,-0.23823517046857906
HS3ST3B1,-0.23830928448553562
POLR1A,-0.23838350243267364
CDKN3,-0.23838892586135418
CNTD1,-0.2384510903165572
PRDM15,-0.23853270271841265
TOPBP1,-0.2387794447693739
EDARADD,-0.2388008933317063
WDR70,-0.23883628678265362
RAD1,-0.2390359731282385
TDRD7,-0.23910009565228796
SHISA6,-0.2391297752590235
IFT81,-0.2392223790124935
CNTNAP4,-0.2393802925449249
RASL10B,-0.23943955806374562
SLC4A8,-0.23955900789210954
RSAD1,-0.23967916016667773
NCOA6,-0.23971018291352808
HABP4,-0.2399194456983747
CNTROB,-0.24003323601835097
IPP,-0.24007813679083556
SIX1,-0.24012005028427086
ANAPC7,-0.2401308009719592
NACA2,-0.24025302734264098
KIAA0586,-0.24038649515593608
ZNF844,-0.2404625567081402
GRIN2C,-0.24081588104123458
NLGN2,-0.24110845038177187
TICRR,-0.24135180106310267
ANKRD31,-0.2415092403559579
ENHO,-0.2416470730929587
GVQW2,-0.24167299311825619
TCTN1,-0.24176347892459027
GIPR,-0.2417802403319489
TMCC1,-0.24195692888968376
HYLS1,-0.24201669134186693
GRWD1,-0.24206351343114751
PMCH,-0.24239758879440443
CENPU,-0.24249437190538992
IRX6,-0.24258445026848738
MYNN,-0.2431401097649239
MUCL1,-0.2432632995741214
LZTFL1,-0.24353966022626067
ENPP6,-0.24360169812705726
WDR4,-0.24364802001953412
NCAPH2,-0.24393187688332213
ST3GAL6,-0.24406852704108567
SLC9A8,-0.24456799039471933
SCG2,-0.24456818781353334
MATN4,-0.24465499425695494
KCNJ15,-0.24475926418389987
CEP76,-0.24487108836134344
CATSPER4,-0.24497719830203646
SEC61A2,-0.24503853866348047
PRPF39,-0.24510903456194005
GNL3L,-0.24537441684025552
MTIF2,-0.24558808080613093
IFT27,-0.24572703065138746
DNER,-0.24586989693109867
MOG,-0.24587904272059175
ZBTB26,-0.2459784000470328
EME2,-0.24604072071188882
BEND3,-0.24615695250489864
RBM34,-0.2461578549068711
EVI5L,-0.24663160546469468
DAND5,-0.2466919612476196
RPL17-C18ORF32,-0.24687886463538744
GPRC5D,-0.24701297111353263
PAK1IP1,-0.24752498741903323
FAM167A,-0.24760001706197224
SLC4A2,-0.24783525512246285
CACNG4,-0.24806215417249167
CENPF,-0.2484092678657046
RAD51C,-0.2484358380389638
SLITRK1,-0.24843867285810123
LHB,-0.24848319840938415
ZNF383,-0.2488033658242438
TAS2R31,-0.24883390973085745
KCNK4,-0.24899864054491122
WNT2B,-0.24902423893918008
WDR93,-0.2490549075075829
COL19A1,-0.2491488151332328
ADAMTSL3,-0.24914963043980842
CBLN2,-0.24918370856882843
PACRG,-0.24945566527750784
LIG4,-0.2494718458083514
MDGA2,-0.24963983619590704
GPR89A,-0.24977103332293343
TSSK3,-0.25019010414536974
SOX11,-0.25052199694003596
PLGLB1,-0.25111947270430124
ZXDA,-0.2511886292109887
PINLYP,-0.2511892211300389
SLC9A5,-0.25128378829428216
BEST1,-0.25164358209186494
PLD6,-0.25176169031998674
KIAA1257,-0.2520546934318214
RNF183,-0.2521746116489677
GBX2,-0.2521765600102007
PPP1R26,-0.25220168554741873
GALNTL6,-0.2523346243478426
STK32B,-0.2524482998361794
ZNF777,-0.2524827682895741
ZNF347,-0.25265226788778683
LYPD2,-0.25268183913170206
WNT10A,-0.25274255867876494
MAS1,-0.25281420147543254
MDC1,-0.2528547028044723
GCNT4,-0.2532635707362385
DNAJC27,-0.2535110220339558
OTX1,-0.2535904326164834
INSL3,-0.25367749105767246
PTPN20,-0.25376254118575553
KIF3B,-0.2537847730634005
PCDHGA7,-0.25378515163052706
RPA4,-0.2538412265892772
PPY,-0.25398607290073766
ATRN,-0.2541700271353915
TOP3A,-0.2542158489443721
TPCN2,-0.25441144942478916
MCMBP,-0.25446354196294513
ZKSCAN5,-0.25465657316631085
PKD2L2,-0.25466514509747756
TTC30A,-0.25477328930507226
PGA3,-0.2549843026439515
AGBL5,-0.25504990676482703
ROPN1L,-0.2554308388375369
CEP192,-0.2554787828607017
PARPBP,-0.25559119731827346
CASD1,-0.2556743083808126
ANKRD23,-0.256069849396942
PROKR1,-0.2560978999411482
LRRN4,-0.25612964419127293
RNF220,-0.25626394654042284
ZNF746,-0.2564927587319599
PIWIL2,-0.2565697729746861
NEUROG2,-0.25658466295127685
LIG3,-0.2566017218584806
WFDC12,-0.2566546132994983
MFSD9,-0.25674684190593455
MLH1,-0.2568851823082744
SLC9A2,-0.2569068969039096
ZNF28,-0.2569738191707003
IMMP1L,-0.2569909734250499
SCG5,-0.2570162674784237
C11ORF80,-0.25708881288449253
ZWILCH,-0.2574087434759874
ATP10B,-0.2574431842969498
RAD51D,-0.25764112111463505
PPIP5K1,-0.25804733930994384
ZKSCAN8,-0.25819808059814453
CELA2A,-0.2584991732294127
EIF5AL1,-0.2585706638723854
ERCC6L,-0.25862853924159096
GABRR1,-0.25864586363274134
TFF2,-0.2587416885671646
CLDN11,-0.2587851722161665
PDZD2,-0.2588821554098778
SOX8,-0.2589792519590385
CRB2,-0.2591804217231909
CATSPER3,-0.25955266133440996
NPFF,-0.25979057716392934
MSH6,-0.259869995963364
GRID2,-0.26025078604475615
LRWD1,-0.26049820374595445
TAC4,-0.2606546957052539
PNMA2,-0.26108253335501075
GALNT16,-0.261219961178609
BPIFB6,-0.2613775531289851
BYSL,-0.261387776841327
HOXD1,-0.2616313499395869
KLHL14,-0.261663358001258
ZNF483,-0.26173567573094586
GALNT9,-0.2618743173261776
CD3EAP,-0.26199235373631724
GALNT14,-0.26203813040072943
KRT75,-0.2621340942996645
DRAXIN,-0.26228244251894584
GFRA2,-0.2622854333057366
LIN7C,-0.2623325064555127
LRRC74B,-0.26250707886935143
ACP6,-0.262522693125265
INSL5,-0.26258362321691675
GSDMC,-0.26265898770429236
FAM118B,-0.2626649827040458
MNS1,-0.2627270613415177
PGA4,-0.26276699088600175
DMRT2,-0.2628091933302953
LRFN1,-0.26295389420704895
GALNT2,-0.26316617157412936
WDR18,-0.2634031777182523
ZNF783,-0.2635505958022605
IQCE,-0.26356922108899544
CLCA2,-0.2640601044047839
GCNT3,-0.26410319933033344
GCN1,-0.2642400835920163
ANKRD36C,-0.2644519988229146
B3GNT2,-0.26462539415266756
SLC22A16,-0.26462736901674355
SLC25A21,-0.26471601719122295
B9D2,-0.26472902590392017
ZNF805,-0.2648085305680846
PDS5A,-0.2648452838089224
HOXA6,-0.26503722787207057
ZNF227,-0.26509630057329736
XKRX,-0.2654107878753187
ZNF582,-0.2654810315468817
DNASE1L2,-0.26566405061288423
BPIFB4,-0.2656651200623871
AKNAD1,-0.26613306831609046
CFAP74,-0.26640337138166104
SPC25,-0.2664244580082141
ZNF462,-0.2664512865715697
CLUL1,-0.26654158270850525
ZFP57,-0.26655852033922683
ZNF76,-0.26673184052721377
XKR6,-0.26673436551991103
KRT31,-0.26679700150491925
NUF2,-0.26705541320296133
RRP36,-0.26720516411921913
INTU,-0.26732359179668386
HSPBP1,-0.26747869075259767
ZNF621,-0.26758117965205097
CHRDL2,-0.2677819287381726
DAPL1,-0.26784735797911496
BCDIN3D,-0.26836163997829254
MTG2,-0.2684996055256096
WNT9A,-0.2685228672189216
ZNF197,-0.2687371311198834
NAV1,-0.2687780908788372
GUF1,-0.26884614846862714
MKX,-0.2690211991760464
SPATA17,-0.26908508344644927
LDLRAD1,-0.2692101430174774
PRR12,-0.2692839926265705
KIF4A,-0.26931699182028385
GJB3,-0.26968346580839475
SOX3,-0.269749638102181
TAS1R1,-0.26991174184025446
MAGEA12,-0.27030732324484735
CHGB,-0.27079777362054497
C9ORF135,-0.2708303498004084
ZSCAN23,-0.27097969454403603
C1QL1,-0.2710999136662868
SLC10A7,-0.2712700601366748
TROAP,-0.27129826429710235
HUS1B,-0.2714010772406592
NSDHL,-0.2714537960279699
ICK,-0.27149800693958415
TDRKH,-0.2716996450586592
HENMT1,-0.2719019749941188
OIP5,-0.27190442299144185
NEUROG3,-0.27196475430628647
PLP1,-0.27217164228083407
CTRC,-0.27243028950541676
HUS1,-0.2725537673879263
SBSN,-0.27281900249069835
ZNF579,-0.2730378382830629
ZPBP2,-0.27315455968042823
RAB3B,-0.27316493054721147
RRH,-0.2731815445629102
HHLA3,-0.27326049011657105
IRX5,-0.27337782067516486
NTN4,-0.27339969398036673
SIX4,-0.27360865246782085
AXDND1,-0.273785817717431
FSIP2,-0.27408361315733876
OTP,-0.27421604327380356
ARL6,-0.27429007292338625
ORC6,-0.2744439721405276
RPGRIP1,-0.27463869823636267
RNF17,-0.275326044476154
PKD2L1,-0.27546320921628004
TAS2R19,-0.27556338914413275
SCTR,-0.27566593802895356
HOXD11,-0.2758593763784334
SCX,-0.2758662748665478
EFTUD2,-0.2760682252980605
EYA4,-0.2761360370781072
TMEM17,-0.27621188935245655
MTMR10,-0.2762513726838575
GPR20,-0.27637601849195126
ATRNL1,-0.27644753339637446
KLK12,-0.2765543070951461
PROK1,-0.2766712230551018
LRRC31,-0.27670032811354406
DCST1,-0.276952699505035
ZNF568,-0.27701181168671984
TSFM,-0.277172652362969
TAS1R3,-0.2774474479453603
SHISA7,-0.2774988312940467
PAQR9,-0.2775751765823311
SIAE,-0.2775991075201224
IL1RAPL2,-0.27787378207075153
TAS2R4,-0.2779921412608428
ARL9,-0.27835498398370273
KCNJ10,-0.278381678567024
PRICKLE3,-0.2784016187402709
WNT7B,-0.27873138143338355
ZNF701,-0.27881589710988425
ZNF225,-0.2789678360594659
TRMO,-0.27980489118833957
CPXCR1,-0.27999722542128685
ZNF605,-0.2800009790292631
CALHM3,-0.28018885362869295
C19ORF44,-0.28027318174340243
CTXN2,-0.28032544562313316
THAP8,-0.2805614043723433
CABYR,-0.280905867915314
OTOP2,-0.28092822079631014
KRT4,-0.2809830183987109
ANKRD46,-0.2816812227634698
MYEF2,-0.2818721054690796
ZNF808,-0.2818764119975327
ORC4,-0.2819679840137887
VCX3B,-0.28236022743803535
VWA1,-0.28250311278300877
ROPN1B,-0.28250489517934724
GALR1,-0.28271814285541386
BPIFA2,-0.2827983070275426
ANKRD61,-0.28284670690141334
C9ORF116,-0.28288544298233514
GALNT12,-0.28296569893145507
PDZD7,-0.2829858069567636
LYPD5,-0.28304233060723843
TRIM6,-0.28311465853736584
EID2B,-0.28333376020523265
IZUMO2,-0.28335149659483827
PLPP7,-0.2834076218739151
CCDC36,-0.2834461616101938
CFAP221,-0.2836335125609291
RTTN,-0.2837532982123782
GLRA3,-0.2839446084537473
LRRTM2,-0.2839637757504837
HTR3E,-0.2839938074581502
PRR9,-0.28413420187966903
CRB1,-0.2844094488250257
RFC1,-0.28471311825482376
MPP2,-0.28472274076967136
C1QTNF9,-0.2850546270833557
DPPA2,-0.28507292871447426
CENPO,-0.2852991285519256
OVOL2,-0.2853471461042506
CEP85,-0.2856838405208901
CDCA3,-0.28570711756181144
C22ORF15,-0.2858363087553724
ZFP30,-0.2860798940123992
NETO1,-0.28644004680747726
STIL,-0.2866279619467992
RFPL4B,-0.2869942011580711
ZNF813,-0.2870811310700333
PAQR6,-0.2875686596304432
ZNF613,-0.2878989162205333
LY6H,-0.28810147625250293
SLC16A9,-0.288166077671709
GPR62,-0.2881762112138606
CAPSL,-0.2881803280068084
FIZ1,-0.28825206910247625
KIF4B,-0.28831891452454195
GRM8,-0.28851053897159806
HOXC13,-0.28863015087194344
DEFB124,-0.28865150833543807
DSCAM,-0.2888712654647109
ZDHHC23,-0.2888900835648888
KIF27,-0.2889927185547724
LGI2,-0.28913566836329085
ZNF674,-0.28917975714063476
GALNT10,-0.28923442478370087
DNAH14,-0.2892500997654983
TOX2,-0.2893700667820352
NSMF,-0.28944037785386406
THAP10,-0.2894950803739806
UTP14C,-0.28956460084462615
CENPT,-0.2895733041470227
ZNF513,-0.28965464948627756
PBK,-0.2898245543655693
LKAAEAR1,-0.29015763489409613
KCTD21,-0.2902439434541772
CDKL1,-0.2902602154877495
ANO7,-0.29047907245847976
LRRC61,-0.2905041335003742
SPAG11B,-0.290605628837854
GTSF1,-0.29061718733451414
SP9,-0.29095245904360256
LIPN,-0.29112964495045024
RRP1,-0.2912565201013627
LY6G6C,-0.2913610571631967
ZNF17,-0.2914289414139996
CHST9,-0.2915894671260004
ARL10,-0.2916289853858306
SMC2,-0.29180707745826623
LRFN4,-0.2918103750542948
TMEM145,-0.2919545462960341
LRCOL1,-0.29220277707242426
TMEM213,-0.29240596004011793
PTGES3L,-0.292565606461643
ZPBP,-0.29276886287499115
TCP11,-0.29281476904687553
CLDN15,-0.2931313442601002
NPB,-0.2931521943727774
B3GALNT2,-0.29321211068547115
NEURL2,-0.2933508267047893
LRRC37A,-0.2933517647657755
VSX2,-0.2934979053856117
ABO,-0.2936402625581158
TVP23C,-0.29398275752188774
CLCNKA,-0.2939994949391632
HPCAL4,-0.2941120437270718
TMCO5A,-0.29415315271505793
LRRC75B,-0.29447946410183345
MSH5,-0.2944904027791188
RIMBP2,-0.29451965831627747
GALNT5,-0.2947116603700302
LYPD1,-0.2950973126722894
ZNF320,-0.2951997549714176
C19ORF81,-0.295309508329517
ABLIM2,-0.2953435869612081
TLE6,-0.2954777882044747
C19ORF57,-0.2956208862347681
TVP23C-CDRT4,-0.29564913810923404
ANKRD36B,-0.2956791327756174
ZNF615,-0.29579170619189077
BPIFB2,-0.2958588277763483
KCNJ16,-0.29593910268348533
GAS8,-0.29602300270561677
CENPI,-0.2962331459068612
TMEM38A,-0.29625336808904335
DLX2,-0.29647545441557993
HOXC9,-0.2964800857033849
CCDC38,-0.29648402748155384
PDCD11,-0.2965271280797674
POMGNT2,-0.29668386599779306
GPR39,-0.29680923014542837
MORN5,-0.2973555056852799
CA14,-0.29785100907562034
C11ORF1,-0.29807318316811615
ELMOD3,-0.2983443803245167
KRTAP5-7,-0.2986612905354134
CDKL4,-0.298734580623009
ZNF470,-0.29874502006606757
PRICKLE2,-0.29883399771899444
ADPRHL1,-0.2988483929414048
MORN3,-0.29901354321515805
DMKN,-0.2991611442361949
EDA,-0.29943650412214484
DISP2,-0.2996384279683917
ELMOD1,-0.2996450201605827
KRTAP5-10,-0.2996630805528095
PDZK1IP1,-0.29975041670430813
POU3F3,-0.2997526839065817
ZNF236,-0.29978972121238034
ZNF155,-0.299864838547419
CENPL,-0.29993457965500403
ASPHD1,-0.30001000947807166
CHRNA10,-0.3000665359086421
CCDC96,-0.3001956697514375
CYB561D1,-0.3002513842792793
CENPP,-0.30060838183137945
BCAS1,-0.30072493741098605
ZNF222,-0.30073254380198294
PTCHD1,-0.3007813296940779
ARMC2,-0.30113647449351677
KIF18B,-0.30133488800486163
NPPC,-0.3014304069183799
PLCL1,-0.3015483374471263
BEST4,-0.301909497082321
AGAP6,-0.30197158165044347
ZIC2,-0.3021196045595207
ZNF70,-0.3021983167924435
CENPQ,-0.30230521402758037
ZNF786,-0.3024522666593673
C1QL3,-0.3026045016792839
SLITRK3,-0.30265178471695886
ZNF416,-0.3027379833486245
ANO2,-0.3029217475204223
ZNF213,-0.30301153854920565
LGI1,-0.30305854446747466
DPPA5,-0.3031620636708555
SLC17A3,-0.30350887079505273
CDHR5,-0.3035520562216536
SPATA22,-0.30360402717406987
ZNF566,-0.30361852914150006
WFDC5,-0.30371330113801076
SEZ6L2,-0.30406582814998817
SMC4,-0.30428301452946815
WFDC10B,-0.304393625811006
ZNF667,-0.3044174809568296
ANKRD36,-0.30444525868151256
CCDC180,-0.304738947746903
SPINK14,-0.3047865881584257
MRTO4,-0.3048009973239256
SHISA9,-0.30485625275740624
RCVRN,-0.3051398153677929
RPA3,-0.3053906382336137
C1GALT1C1L,-0.30555430022360713
ZP2,-0.3056159786702917
ZNF223,-0.30595558020278235
DACT3,-0.30597518183357153
PCDHB12,-0.30607257719835934
ZNF71,-0.30613818760954503
ZNF211,-0.3061762182711489
PBX4,-0.30638194544976677
TMEM191C,-0.30671467982722345
SMIM9,-0.30678209644931104
SPATA25,-0.3069168683283331
RAD9B,-0.30704944971515835
TMEM210,-0.30708403409411766
TMEM95,-0.3072804971353556
ZNRF3,-0.30730352871770295
THAP9,-0.307546433053097
RMI1,-0.3079494208208121
TAC3,-0.30808699477709733
HCN2,-0.3086484841416376
CA5A,-0.308782929586917
FAM227B,-0.30893611104108204
TAS2R5,-0.30955597885245456
BEND5,-0.30959494893964246
XKR3,-0.3098493347011974
KRT6B,-0.310701351504202
TEX10,-0.31081621427008393
ZNF446,-0.3108336193769522
NAP1L2,-0.3108426749887494
TMC7,-0.3109333992557012
NAP1L3,-0.31098002412154163
FAM209A,-0.3112298493645307
NPFFR1,-0.3115966157343742
SP6,-0.3117608982831893
NHLRC4,-0.3119417592592338
WDPCP,-0.31200625762664635
RFC2,-0.31205527245250575
KRT6C,-0.31235466668588785
PCDHGB5,-0.3123735077558022
ZSCAN30,-0.31238365535461166
OPALIN,-0.3123884312178384
IGFLR1,-0.3124634022328712
SCN2B,-0.3126871576251787
ZBED6CL,-0.31270447824993863
DNHD1,-0.3128288329451807
NPW,-0.3129706590632646
TEKT4,-0.31305922636019307
TSGA10,-0.3140057701457346
HOXC6,-0.3141178429454261
PGBD5,-0.3141773425833486
KNTC1,-0.31435991347749404
NOP9,-0.31449121286894394
ATOH7,-0.31489778034795335
SLC9A7,-0.3149720915723362
NXPE4,-0.3149898367884109
LMBR1,-0.31506097790601234
HEPACAM,-0.3150749544754147
KRTDAP,-0.31534661752057824
C15ORF65,-0.3153893630342387
NECAB2,-0.3156264904088991
ARL17B,-0.3157664067420383
COLCA2,-0.3159378753771154
WFDC11,-0.3162893596710726
CLCA4,-0.31663072119359775
WFDC3,-0.3170060213380062
GALNT8,-0.3170179029832315
NECAB3,-0.3174249972201746
ADAM11,-0.3174789555722735
C4ORF47,-0.317952128972198
CCDC113,-0.3180170516298263
PMFBP1,-0.31807429056044484
KLHL4,-0.3182011235535427
DPY19L2,-0.3185730875989428
FAM131C,-0.3187623984440822
NXPE1,-0.31878488991867787
C11ORF53,-0.3189586638173115
PRR35,-0.31901415338878175
GSDMB,-0.31915816326061386
FUT9,-0.31920581636199313
NUSAP1,-0.31946633220066
EARS2,-0.31946701998357485
RLN2,-0.31948376693370506
MAGEE1,-0.31956195478638694
SPAG16,-0.31969377145945643
SKA1,-0.3197443403071574
KLHL28,-0.31978814139224077
MYRF,-0.3197923884306826
PCDHGA6,-0.32048037661606366
SYNDIG1,-0.3205029108264088
ZNF829,-0.3206779557998884
ZNF468,-0.32135653896155664
HOXD9,-0.3224488499370409
CENPH,-0.32254137111276715
WFDC13,-0.3231353604935256
MAK,-0.3236038150966656
CATSPERG,-0.3236062572685674
KRT86,-0.3239191368447234
NCAPG2,-0.32403030369933045
PRC1,-0.32404252883793516
GRIK1,-0.32441093756367295
TTC29,-0.324789277043268
RSPH10B2,-0.32550076322756893
KCND3,-0.3260077304854863
SPINK4,-0.3260134855494406
LRRC37A3,-0.32617025456751936
SCNN1D,-0.3265912135217674
PCDHGA1,-0.3266101460179392
CCDC63,-0.32666533377481005
CFAP206,-0.32673271807682613
FAM72C,-0.3271112375720157
ZBBX,-0.3272591229036359
GABRR2,-0.3275345536467019
GRIN3A,-0.32754677540603644
OC90,-0.32803532456511886
GRTP1,-0.328156067402871
PAGE2,-0.32819255528136065
GALNT15,-0.3283216719809082
PCDHB6,-0.3284559222402092
SIX2,-0.3288932338749164
PCDHB14,-0.32914116452980513
PCDHB2,-0.3294949388261387
IZUMO1,-0.32958500391440027
KRT15,-0.32964140224067723
CFAP61,-0.3296420662827675
PRR19,-0.3296423508065126
PCDH15,-0.3297553610316976
C9ORF85,-0.3306256443113767
SKA3,-0.3309478586234362
ZNF549,-0.33098414728480097
KRTAP7-1,-0.33103303196941725
CENPK,-0.33143180334184696
GRHL2,-0.33149730602647953
MCMDC2,-0.3316384412942901
MND1,-0.3318080949985936
QRICH2,-0.33197874369528824
ZNF737,-0.3320273772183067
PCDHA12,-0.3322677830766186
GALNT7,-0.3325170766262622
TRIM36,-0.3327898047455383
PCDHB5,-0.3331215753516249
SOHLH2,-0.33408415174297207
PRLHR,-0.33409137584859305
DBF4,-0.33423483513892754
ACRV1,-0.3342509460988231
HAPLN2,-0.3343875226757478
TTC21A,-0.3345341784398064
SPATA7,-0.3346137765797357
DDX43,-0.3348245629319663
KRT81,-0.3354674585885411
GINS2,-0.3355235853587947
EYA3,-0.33573462837073853
IGLON5,-0.3357423697709272
NBPF11,-0.3359760771084215
ZDHHC22,-0.3362798930053628
AARSD1,-0.3363813283944004
KIF20B,-0.3368725749176852
CHST8,-0.33698170453240295
RAB3C,-0.33703255723388265
IZUMO4,-0.337339519381497
PCSK1N,-0.3373805912741733
SPAG17,-0.3375054458324403
TMIE,-0.3377959863835514
TM4SF19,-0.3381054258990642
DNAH6,-0.3381454715481638
DEPDC1B,-0.3382317794193644
FAM72B,-0.3384644342351105
PSG3,-0.3391993794651613
RLN1,-0.34009470507768835
MAGEA6,-0.3403898453619756
KRT72,-0.3406867782351105
MYBPHL,-0.3407499563837098
ZNF773,-0.34097598540664303
AGAP4,-0.3410539311160824
NKX2-2,-0.34105993188862904
LGR6,-0.3413469124488878
NLGN4X,-0.34143798295593103
CCDC65,-0.34146125959874574
B4GALNT3,-0.3418511755556819
PTPRD,-0.3418938442376367
TMEM235,-0.3425531199698493
NCAPG,-0.34256892888369683
CHRFAM7A,-0.3431027771431056
ZNF253,-0.34332814286879876
FOXD4L1,-0.3437579664476663
KCNK12,-0.34376176930764935
SHCBP1,-0.3442608631699484
ZSCAN21,-0.34520623974909964
CYP4F22,-0.3458246414771735
GDF9,-0.34585820469232387
B4GALNT4,-0.3459123867294591
RNF157,-0.34592956415259324
MEIG1,-0.3462012785465358
SLC9B2,-0.3462072970270186
FIGLA,-0.3462080924683094
DEPDC1,-0.34633071033174423
HORMAD2,-0.34661741426031445
LRRIQ3,-0.34685174039251565
SERPINI2,-0.34706091542676354
REG4,-0.3475554232431284
SLITRK2,-0.348113895347023
CDRT4,-0.3483296602057512
HHLA1,-0.34878395595889705
ADAM21,-0.34894346160727147
CA5B,-0.34942076435103153
CELA2B,-0.34967013173635086
C1QTNF9B,-0.3500308242910282
NPFFR2,-0.3507877577841616
ALMS1,-0.35083629455069415
CCDC151,-0.3512301772313863
ARL17A,-0.35126907833611654
HOXC10,-0.3517059592477363
QRFP,-0.35220497618694546
FOXD4,-0.35258604091801227
GEN1,-0.3528911253760854
CFAP54,-0.3529612090814808
LCN8,-0.35349552848021404
NECAB1,-0.3537960905151181
LRRC4,-0.35445181083262123
CCDC42,-0.3544886699586717
C14ORF39,-0.3546817158793833
LRRC37A2,-0.3548615440223758
DEFB126,-0.3550182566136593
ERMN,-0.3557012272124891
HTR3C,-0.3557318792302464
TACR2,-0.35626802758751464
PSG6,-0.35647508670648753
ZNF799,-0.35653508252218125
GRIN3B,-0.3570834468013526
XAGE1A,-0.35714735521905605
TTLL6,-0.3577795688097697
ACR,-0.3579833874076196
HYDIN,-0.35817870870120316
ZNF749,-0.358306797890952
PAGE5,-0.3584684754384836
PRSS50,-0.35894071744072564
ZMYND10,-0.3590046634059423
OLFM2,-0.3591434825532291
DLG2,-0.35921669689337626
ZNF570,-0.3593747425134477
SCG3,-0.35956763170087946
TEX15,-0.3596016237945043
ZNF45,-0.3598963805756709
ZNF461,-0.360023539904622
LCN10,-0.36024554883233617
MUC20,-0.36033901212639874
PRLH,-0.3608676658926033
GPR89B,-0.36091142805611465
KRT73,-0.3611362493623007
ZNF772,-0.36148513273052957
ZNF69,-0.3617191272499379
MCHR1,-0.36263192934221367
CKAP2,-0.3633834819917905
NRXN3,-0.36345708723784476
ZNF234,-0.3635484328255066
CXORF58,-0.3635798979027626
CIB2,-0.3637422795569569
USH1G,-0.3640198786269067
GABRA2,-0.364475474832928
INSL4,-0.36498451803325155
ADAM30,-0.3650176600094323
SYT10,-0.3650405140996336
DLGAP2,-0.3654112825322707
XAGE3,-0.3659821402291935
ZNF816,-0.3659994796738456
PCDHA1,-0.3666262181241406
TDRD5,-0.3666365556034261
RASL11A,-0.36725817588658577
SYCE2,-0.3677971551774747
TMEM212,-0.3678967948015802
ARMC3,-0.36960776476904095
AGBL4,-0.3699523893731321
MUC3A,-0.37017708364233426
EFCAB7,-0.3702715043254746
CFAP44,-0.37034657416959327
SLC9A6,-0.3707568411823632
RNF133,-0.3713139487180257
ZNF212,-0.3713778905588621
NTNG1,-0.3713928754154878
CLRN1,-0.37140581397428174
KRT27,-0.37159350962158105
ADAM20,-0.3721875922298318
NTNG2,-0.3722196573725907
PROK2,-0.3724750555122278
EFCAB1,-0.37368353721058356
XAGE2,-0.37391818670246707
TDRD12,-0.37430415010948065
HHIP,-0.37440795150853945
MOK,-0.37532503168746434
NLGN3,-0.3754284754953906
PSPN,-0.37549526620834434
MUC15,-0.375718999872532
PAX1,-0.3765507713718478
LRRIQ4,-0.3765817920506156
HCN3,-0.37676956059207056
RNF148,-0.37688660402364077
LRRC4B,-0.3769982441983206
ODAM,-0.3770246958625506
CLCN2,-0.377047345419409
SPEF2,-0.3778442906237075
MYO7B,-0.37824319185034017
TEX11,-0.37849812501116203
CDHR2,-0.37878763182693403
KRTAP4-12,-0.378903914496448
PAGE1,-0.37940449990419656
TDRD1,-0.379480558100216
PCDHGA3,-0.37949018189702427
PCDHGB2,-0.37984791525963296
ZNF525,-0.38021442335952826
AKAP3,-0.3804316959034092
ANKS4B,-0.38066379893494673
WDR49,-0.3809436622159816
RFPL4A,-0.3817876163256875
PCDHGA9,-0.3819538648057249
HCN1,-0.3820161808905735
LRRC4C,-0.38231973030388267
TDRD6,-0.38362226087329954
MUC21,-0.38370661688409846
MEI1,-0.3838291464532784
ACTRT3,-0.3843299523325754
SYT6,-0.384927153297907
VN1R1,-0.38562968270679127
PCDHB7,-0.38609867474132264
MEOX1,-0.38654550602461035
LGI3,-0.38666199214245384
PROSER3,-0.3872192736262956
NCAPD2,-0.38723221577896616
DISP1,-0.3873482798797532
NKX6-2,-0.3880735188920008
EYA2,-0.38808856445621853
SPINK6,-0.3892455922573065
RSPH10B,-0.38940254994186546
DNAH3,-0.3902984550440275
LHX8,-0.39110417348320997
ZP1,-0.39122669182761105
PCDHGB1,-0.39154486663591337
DRC3,-0.3917354640811881
HSF2BP,-0.39197206134544227
LCN6,-0.39283289661250753
SYCE3,-0.39299619682946996
SYCP2,-0.3930195774100628
ADAM22,-0.395178697830614
SYT3,-0.3954241267197185
PCDHGA5,-0.39560111647316604
MUC13,-0.3956253330187952
MYT1L,-0.396365740980811
KHDC1,-0.39684718999782154
TDRD9,-0.3993127200766349
SNTN,-0.3997499258655435
ADAM23,-0.4001240550389386
MOBP,-0.40159595169762125
KRT34,-0.4019017780319025
YBX2,-0.4032040399164466
CFAP69,-0.403690368736361
PCDHA4,-0.4040199583428292
PCDHGA2,-0.4047491866058291
GRIK5,-0.40499125704021366
TTC25,-0.40690369932557235
SLC6A17,-0.40717234065009833
HORMAD1,-0.40743469731721127
MUC17,-0.40754528738387746
LGI4,-0.4082124151864576
CENPN,-0.40850088420106623
SPAG6,-0.40873560072270554
WDR66,-0.4091256845398141
MUC12,-0.41121028565460427
CHRNA9,-0.41240218074995083
SOHLH1,-0.4127755307748659
MED1,-0.41373367256449517
LRRC34,-0.4138082233805889
ROPN1,-0.4154829277425401
DNAAF1,-0.4174416316824522
REP15,-0.4177260230393556
DRC1,-0.41800554937636736
DNAH9,-0.41851422607452377
DPP6,-0.41888463969635614
MAEL,-0.4206298060036671
PCDHA9,-0.42143070759864387
ZNF232,-0.4216722767450983
KIF15,-0.4217371375105714
TEX12,-0.4222932932225424
KRTAP4-1,-0.4241833062682392
PCDHGB3,-0.424276996796206
CCDC40,-0.4243804767769656
CHRNA2,-0.4255290959308863
KRT33B,-0.4257603020616433
DNAI2,-0.42594157927630993
MAATS1,-0.4275298205992084
CKAP2L,-0.43046508490280266
PCDHA10,-0.43108799776310663
DNALI1,-0.43236271839772805
MOV10L1,-0.4345872275048138
KRTAP1-5,-0.4346428429557749
SAGE1,-0.43654914380163634
SYCE1,-0.4365521779165683
PCDHGA8,-0.43659692674336614
WDR63,-0.4366309598360565
RSPH4A,-0.43815748760741174
CHRND,-0.44109662110023284
DNAH12,-0.44577542607875165
DNAH7,-0.4459034212067103
NCAPH,-0.44669428561268015
XAGE1B,-0.44712117787053246
PCDHB16,-0.4486828976703968
DNAI1,-0.44884169787579614
PCDHA3,-0.44953780711886265
DNAAF5,-0.44963695030642226
CCDC39,-0.45109142045176415
RSPH1,-0.4524423269562725
DNAH11,-0.45261425594732196
PCDHA6,-0.4534809660240537
DNAL1,-0.4553854482141545
KRTAP4-7,-0.4572528168515473
CASC1,-0.45840451917305713
PCDHA7,-0.458757443559562
CFAP43,-0.45930290448018374
DNAH8,-0.45968878896802
CHRNB1,-0.4610248389872503
PCDHA11,-0.4611387607016419
DNAAF3,-0.46661162464846795
KRTAP4-8,-0.4688929472590727
DNAH17,-0.47182774031798835
DNAH2,-0.4731142746620684
CHRNE,-0.4732694047966636
KRTAP3-1,-0.4760770473090811
CFAP70,-0.47648887913478555
DNAH5,-0.48367931608029074
ARMC4,-0.4869755304596967
LRRC6,-0.49918246658786886
DNAH1,-0.5023038026100236
KRTAP1-1,-0.5048109242211611
KRTAP3-2,-0.5129894818402188
WDR78,-0.519139224394894
PCDHGA4,-0.5226051167393424
CCDC114,-0.5304040863179111
