Name,Term,ES,NES,NOM p-val,FDR q-val,FWER p-val,Tag %,Gene %,Lead_genes
prerank,GO_Biological_Process_2021::double-strand break repair via homologous recombination (GO:0000724),-0.7385366658313007,-3.316996446045616,0.0,0.0,0.0,61/90,13.32%,GEN1;GINS2;MCMDC2;RMI1;RPA3;HUS1;HUS1B;RAD51D;LIG3;RPA4;RAD51C;XRCC1;RAD54L;RPA1;MCM2;MCM8;FAN1;RAD54B;POLL;MCM5;MUS81;MMS22L;GINS4;RAD50;ERCC4;MEIOB;RECQL5;ERCC5;SLX4;MCM9;SFR1;WRN;SWSAP1;RPA2;RFWD3;RBBP8;HELQ;SMC6;XRCC3;SPIDR;SMC5;MCM4;MCM6;MCM7;RAD21;CDC45;INO80;NIPBL;BLM;NBN;SWI5;SLX1A;RAD51AP1;TONSL;FEN1;NABP2;ZSWIM7;NSMCE2;RAD52;POLN;MCM3
prerank,GO_Biological_Process_2021::cilium movement (GO:0003341),-0.8684913162113486,-3.2900865475175483,0.0,0.0,0.0,32/40,7.00%,DNAH1;DNAH5;CFAP70;DNAH17;DNAH11;CCDC39;DNAAF5;DNAI1;DNAH7;RSPH4A;DNAI2;CCDC40;DNAH9;DNAAF1;SPEF2;CFAP54;SPAG17;CFAP61;ZBBX;CFAP206;CCDC63;TTC29;TEKT4;DNHD1;GAS8;CABYR;ROPN1L;CFAP53;DNAAF2;SPA17;TEKT1;TEKT2
prerank,GO_Biological_Process_2021::double-strand break repair (GO:0006302),-0.6568846344088961,-3.148348689447025,0.0,0.0,0.0,74/140,13.03%,GEN1;EYA3;RMI1;RPA3;HUS1;HUS1B;RAD51D;LIG3;RPA4;MDC1;LIG4;RAD51C;EME2;XRCC1;RPA1;SMARCAD1;CDCA5;DCLRE1B;APTX;SMARCAL1;MCM8;XRCC4;POLM;FAN1;RAD54B;POLL;MMS22L;RAD50;ERCC4;DCLRE1A;MEIOB;PAXIP1;RECQL5;ERCC5;SLX4;MCM9;SFR1;WRN;SWSAP1;BAP1;TRIP13;RPA2;RFWD3;RBBP8;RIF1;HELQ;SMC6;RNF8;XRCC3;TP53BP1;SPIDR;SMC5;XRCC5;RAD21;MAD2L2;UIMC1;ACTR8;DCLRE1C;KPNA2;INO80;BLM;NBN;SWI5;SLX1A;RAD51AP1;TONSL;FEN1;NABP2;ZSWIM7;EYA1;NSMCE2;RAD52;POLN;SETMAR
prerank,GO_Biological_Process_2021::recombinational repair (GO:0000725),-0.7325122118089152,-3.1475785584723504,0.0,0.0,0.0,48/74,12.76%,GEN1;RMI1;RPA3;HUS1;HUS1B;RAD51D;LIG3;RPA4;RAD51C;XRCC1;RPA1;RHNO1;MCM8;FAN1;RAD54B;POLL;MMS22L;RAD50;ERCC4;MEIOB;RECQL5;ERCC5;SLX4;MCM9;SFR1;WRN;SWSAP1;RPA2;RFWD3;RBBP8;HELQ;SMC6;XRCC3;SPIDR;SMC5;INO80;BLM;NBN;SWI5;SLX1A;RAD51AP1;TONSL;FEN1;NABP2;ZSWIM7;NSMCE2;RAD52;POLN
prerank,GO_Biological_Process_2021::DNA replication (GO:0006260),-0.6904388922942075,-3.1183675248796554,0.0,0.0,0.0,61/91,14.42%,DBF4;RFC2;RMI1;RAD9B;RPA3;RFC1;ORC4;ORC6;HUS1;MCMBP;TOP3A;RPA4;GRWD1;TICRR;RAD1;TOPBP1;RAD17;RPA1;RAD9A;MCM2;RHNO1;MCM8;POLL;MCM5;RAD50;TOP1MT;RECQL5;MCM9;WRN;WRNIP1;RPA2;RBBP8;ORC3;KIN;MCM10;ORC2;IGHMBP2;PNKP;MCM4;UPF1;MCM6;MCM7;TIPIN;DONSON;CDC45;CDK2AP1;RFC4;BLM;NBN;CLSPN;KAT7;RFC5;PIF1;RFC3;FEN1;ATRIP;WDHD1;MCM3;POLG;NT5M;RNASEH2A
prerank,GO_Biological_Process_2021::O-glycan processing (GO:0016266),-0.756940931570456,-3.1019039819756853,0.0,0.0,0.0,33/54,10.83%,MUC12;MUC17;MUC13;MUC21;MUC15;MUC3A;MUC20;GALNT7;GALNT15;GALNT8;C1GALT1C1L;GALNT5;GALNT10;GALNT12;B3GNT2;GCNT3;GALNT2;GALNT14;GALNT9;GCNT4;MUCL1;GALNT6;MUC6;MUC4;GALNT11;A4GNT;C1GALT1;GALNT4;B3GNT4;GALNT1;POMGNT1;C1GALT1C1;POFUT1
prerank,GO_Biological_Process_2021::DNA repair (GO:0006281),-0.6088809815190604,-3.0991804759026222,0.0,0.0,0.0,141/248,17.89%,EYA3;RFC2;RAD9B;RPA3;HUS1;HUS1B;PDS5A;MSH6;RAD51D;MLH1;LIG3;RPA4;MDC1;LIG4;RAD51C;EME2;TICRR;RAD1;TOPBP1;RAD17;XRCC1;MLH3;RAD54L;RPA1;CDCA5;DCLRE1B;RAD9A;APTX;PDS5B;SMARCAL1;RHNO1;XRCC4;FAN1;POLL;MUTYH;MUS81;FAAP24;MSH3;RAD50;UBA52;ERCC4;PMS2;DCLRE1A;SMC1A;RECQL5;APEX2;SPRTN;KMT5C;ERCC5;SLX4;UBC;POLK;WRN;WRNIP1;CHD1L;BAP1;TRIP13;RPA2;RFWD3;RBBP8;LIG1;OGG1;SMUG1;GTF2H3;RNF8;REXO4;ERCC8;XRCC3;TP53BP1;GTF2H1;POLH;DOT1L;ASCC3;GTF2H2C;IGHMBP2;HINFP;PNKP;MSH2;XRCC5;UPF1;XPA;PMS1;RAD21;MAD2L2;UIMC1;ERCC3;ACTR8;FAAP100;ASCC1;FANCE;DCLRE1C;RFC4;ALKBH3;KPNA2;INO80;BLM;NBN;SETD2;PRMT6;TDG;XPC;RFC5;MNAT1;SLX1A;ZRANB3;RAD51AP1;GTF2H5;RFC3;FEN1;NABP2;EYA1;POLI;RAD52;POLN;ATRIP;WDHD1;NSMCE4A;VCPIP1;ACTR5;DDB2;MBD4;RNASEH2A;INIP;MPG;MMS19;RECQL;USP45;PIAS4;FAAP20;WDR48;FANCB;KDM4A;SLC30A9;KAT5;NEIL3;FANCL;KMT5B;UBE2V1;CETN2;GTF2H2;EXD2
prerank,GO_Biological_Process_2021::DNA-dependent DNA replication (GO:0006261),-0.6945056137627285,-3.0732272077632157,0.0,0.0,0.0,51/82,15.69%,GINS2;DBF4;MCMDC2;RFC2;RPA3;RFC1;ORC4;ORC6;LRWD1;MCMBP;RPA4;TOPBP1;GINS3;RPA1;GINS1;MCM2;MCM8;NOC3L;MCM5;GINS4;UBA52;GMNN;RECQL5;UBC;WRN;WRNIP1;RPA2;ORC3;MCM10;ORC2;PNKP;POLE4;MCM4;MCM6;MCM7;CDC45;CDK2AP1;RFC4;BLM;DDX23;SRPK2;RFC5;RFC3;CDC34;WDHD1;MCM3;POLG;PSMD10;PSME3;RECQL;ORC1
prerank,GO_Biological_Process_2021::DNA metabolic process (GO:0006259),-0.5936273450494295,-3.044371365254998,0.0,0.0,0.0,130/234,15.01%,GEN1;DBF4;RFC2;THAP9;RAD9B;RPA3;RFC1;ORC4;ORC6;HUS1;HUS1B;DNASE1L2;PDS5A;LRWD1;MSH6;RAD51D;LIG3;TOP3A;RPA4;LIG4;RAD51C;TICRR;RAD1;TOPBP1;RAD17;XRCC1;RAD54L;RPA1;SMARCAD1;DCLRE1B;RAD9A;PDS5B;MCM2;SMARCAL1;MCM8;NOC3L;FAN1;POLL;MUTYH;MCM5;MUS81;MSH3;RAD50;UBA52;ERCC4;GMNN;SMC1A;TOP1MT;RECQL5;KMT5C;ERCC5;SLX4;UBC;POLK;WRN;CHD1L;RPA2;RBBP8;LIG1;ORC3;OGG1;RIF1;POT1;SMUG1;GTF2H3;REXO4;XRCC3;MCM10;GTF2H1;POLH;DOT1L;ORC2;IGHMBP2;ZNF445;HINFP;PNKP;POLE4;MSH2;XRCC5;MCM4;UPF1;MCM6;XPA;MCM7;RAD21;ERCC3;CDC45;RFC4;ALKBH3;KPNA2;INO80;LONP1;TERF2;NTHL1;BLM;NBN;DDX23;TDG;SRPK2;XPC;RFC5;MNAT1;SLX1A;ZRANB3;ZNF365;RAD51AP1;RFC3;CDC34;FEN1;NABP2;POLI;RAD52;ATRIP;SETMAR;WDHD1;RAG1;MCM3;POLG;DMC1;NSMCE4A;RNASEH1;DDB2;MBD4;RNASEH2A;INIP;MPG;MMS19;ACD;RECQL;USP45
prerank,GO_Biological_Process_2021::ciliary basal body-plasma membrane docking (GO:0097711),-0.6806333952156446,-3.015202609449827,0.0,0.0,0.0,52/83,17.72%,ALMS1;B9D2;CEP192;CEP76;TCTN1;CEP41;NPHP4;MKS1;KIF24;HAUS4;CEP164;B9D1;TTBK2;TCTN3;CC2D2A;CEP83;C2CD3;MARK4;CEP131;NEDD1;CLASP1;CEP290;CKAP5;CENPJ;CEP89;CEP162;TCTN2;AHI1;CDK5RAP2;CCP110;NDE1;ODF2;CEP70;IQCB1;HAUS2;CEP63;TMEM216;NEK2;CEP250;SDCCAG8;PCM1;HAUS5;SCLT1;AKAP9;TMEM67;PRKAR2B;HAUS6;CEP152;FBF1;TUBG1;CEP135;CETN2
prerank,MSigDB_Hallmark_2020::E2F Targets,-0.6154535855705761,-3.012359302199792,0.0,0.0,0.0,87/169,14.42%,NCAPD2;DEPDC1;RFC2;RPA3;SMC4;KIF18B;CDCA3;RFC1;ORC6;HUS1;KIF4A;SPC25;MLH1;RAD51C;RAD1;CDKN3;GINS3;SMC3;RPA1;GINS1;DCLRE1B;MKI67;RACGAP1;STAG1;PDS5B;MCM2;DLGAP5;SPAG5;MCM5;MMS22L;GINS4;RAD50;KIF22;PMS2;SMC1A;NUP205;CTCF;MELK;TRIP13;RPA2;LIG1;NOLC1;KIF2C;SMC6;DSCC1;CKS2;ORC2;ZW10;CENPM;POLE4;LBR;MSH2;CSE1L;MCM4;CCP110;MCM6;MCM7;PTTG1;RAD21;TIPIN;PPP1R8;ATAD2;SPC24;CCNB2;CENPE;DONSON;POP7;EIF2S1;CDKN1B;SSRP1;CBX5;PSMC3IP;KPNA2;NBN;CDC25B;SUV39H1;RAD51AP1;RFC3;CTPS1;UBE2S;TACC3;EXOSC8;MCM3;NUDT21;ASF1B;IPO7;RNASEH2A
prerank,GO_Biological_Process_2021::axonemal dynein complex assembly (GO:0070286),-0.9218241161432579,-2.998863642005968,0.0,0.0,0.0,17/23,1.36%,DNAH1;DNAH5;DNAH17;DNAAF3;DNAH8;DNAL1;CCDC39;DNAAF5;DNAI1;DNAH7;DNAI2;CCDC40;DRC1;DNAAF1;ZMYND10;CCDC65;CCDC63
prerank,GO_Biological_Process_2021::protein O-linked glycosylation (GO:0006493),-0.6676581514219192,-2.991468981145862,0.0,0.0,0.0,44/88,10.83%,MUC12;MUC17;MUC13;MUC21;MUC15;MUC3A;MUC20;GALNT7;GALNT15;GALNT8;POMGNT2;GALNT5;B3GALNT2;GALNT10;GALNT12;B3GNT2;GCNT3;GALNT2;GALNT14;GALNT9;GALNT16;GCNT4;GALNTL6;MUCL1;POMT2;B4GAT1;GALNT6;MUC6;MUC4;POMT1;GALNT11;A4GNT;C1GALT1;DPM3;FKTN;GALNT4;B3GNT4;TRAK1;DPM1;GALNT1;POMGNT1;FKRP;C1GALT1C1;POFUT1
prerank,GO_Biological_Process_2021::microtubule cytoskeleton organization involved in mitosis (GO:1902850),-0.6299941429457169,-2.9104990355053797,0.0,0.0,0.0,53/111,13.61%,CENPN;CENPK;CENPH;SKA1;NUSAP1;KNTC1;CENPQ;CENPP;CENPL;CENPI;CENPT;KIF4B;STIL;CENPO;KIF4A;NUF2;SPC25;B9D2;ERCC6L;ZWILCH;KIF3B;CENPF;CENPU;CENPC;DLGAP5;AURKC;SKA2;CLASP1;CKAP5;KIF2C;NUP133;BCCIP;BUB3;ITGB3BP;ZW10;NUP37;NDC80;CENPM;KIF18A;NDE1;DSN1;SPC24;TUBG2;CENPE;NUP160;NUP43;RCC2;SETD2;CENPA;TACC3;EFHC1;KIF2A;SPDL1
prerank,GO_Biological_Process_2021::DNA replication initiation (GO:0006270),-0.8186647668751891,-2.8981439347106086,0.0,0.0,0.0,24/29,13.32%,DBF4;RPA3;ORC4;ORC6;LRWD1;RPA4;TOPBP1;RPA1;MCM2;MCM8;NOC3L;MCM5;GMNN;RPA2;ORC3;MCM10;ORC2;POLE4;MCM4;MCM6;MCM7;CDC45;CDC34;MCM3
prerank,GO_Biological_Process_2021::cilium assembly (GO:0060271),-0.5432435889158592,-2.860310372048813,0.0,0.0,0.0,122/275,13.26%,DNAH5;CFAP70;DNAAF3;CFAP43;RSPH1;CCDC39;RSPH4A;DNAI2;CCDC40;DNAAF1;CFAP44;ZMYND10;CFAP54;ALMS1;CCDC65;CFAP206;MAK;SPAG16;CCDC113;TEKT4;WDPCP;CCDC96;GAS8;KIF27;CFAP221;TMEM17;RPGRIP1;ARL6;INTU;CFAP74;B9D2;CEP192;KIF3B;IFT27;CEP76;LZTFL1;HYLS1;TCTN1;KIAA0586;IFT81;CEP41;NPHP4;BBS7;MKS1;KIF24;TMEM237;CCDC28B;HAUS4;CEP164;TTC8;B9D1;TTC30B;TTBK2;TCTN3;IFT46;FUZ;CC2D2A;ARL13B;CEP83;TTC21B;BBS2;C2CD3;TEKT1;GALNT11;IFT43;RPGR;TMEM231;IFT52;STK36;MARK4;CEP131;NEDD1;CLASP1;CEP290;TEKT2;CKAP5;WDR19;IFT22;CENPJ;CEP89;KIF3A;CEP162;BBIP1;BBS10;TCTN2;SPATA6;AHI1;CLUAP1;CCNO;CDK5RAP2;CCP110;IFT88;PTPN23;TMEM138;FAM149B1;CDC14A;NDE1;ODF2;BBS5;POC1B;IFT74;CEP70;IQCB1;HAUS2;CEP63;TMEM216;TEKT3;NEK2;CEP250;IFT20;HSPB11;INPP5E;SDCCAG8;RAB23;PCM1;TBC1D32;HAUS5;SCLT1;AKAP9;TMEM67;PRKAR2B;RFX2
prerank,GO_Biological_Process_2021::mitotic spindle organization (GO:0007052),-0.5979375817324382,-2.8273915087479686,0.0,0.0,0.0,56/134,10.41%,CENPN;CENPK;PRC1;CENPH;SKA1;KNTC1;CENPQ;CENPP;CENPL;CENPI;CENPT;KIF4B;STIL;CENPO;KIF4A;NUF2;SPC25;B9D2;ERCC6L;ZWILCH;CEP192;KIF3B;CENPF;CENPU;TPX2;KIFC2;SMC3;CENPC;STAG1;DLGAP5;AURKC;SMC1A;SKA2;CLASP1;CKAP5;KIF2C;NUP133;BCCIP;BUB3;CCDC61;ITGB3BP;STAG2;ZW10;NUP37;NDC80;CENPM;KIF18A;NDE1;DSN1;AAAS;SPC24;TUBG2;CENPE;NUP160;NUP43;RCC2
prerank,GO_Biological_Process_2021::cilium-dependent cell motility (GO:0060285),-0.8673246218391342,-2.8137627486593564,0.0,0.0,0.0,16/22,7.00%,DNAH1;DNAH2;DNAH17;DNAH8;CCDC39;DNAH7;DRC1;DNAH3;CFAP44;CFAP54;CCDC65;TEKT4;GAS8;DNAAF2;TEKT1;TEKT2
prerank,GO_Biological_Process_2021::smoothened signaling pathway (GO:0007224),-0.7756714716351528,-2.78906800352553,0.0,0.0,0.0,17/31,7.79%,PTCHD1;DISP2;STIL;TMEM17;PKD2L1;IFT27;KIAA0586;DHH;B9D1;TTBK2;TCTN3;CC2D2A;ARL13B;TMEM231;EVC2;STK36;TCTN2
prerank,GO_Biological_Process_2021::centromere complex assembly (GO:0034508),-0.790998696344532,-2.7778466034066156,0.0,0.0,0.0,23/32,11.32%,CENPN;CENPK;CENPH;CENPQ;CENPP;CENPL;CENPI;CENPT;CENPO;OIP5;CENPF;CENPU;CENPW;CENPC;MIS18A;HJURP;MIS18BP1;DLGAP5;ITGB3BP;CENPM;CENPE;POGZ;CENPA
prerank,GO_Biological_Process_2021::nucleotide-excision repair (GO:0006289),-0.6228851663590244,-2.766457690045149,0.0,0.0,0.0,54/89,20.81%,RFC2;RPA3;RFC1;HUS1;HUS1B;LIG3;RPA4;LIG4;XRCC1;RPA1;FAN1;POLL;UBA52;ERCC4;ERCC5;SLX4;UBC;POLK;CHD1L;RPA2;LIG1;OGG1;GTF2H3;ERCC8;GTF2H1;POLR2C;GTF2H2C;UVSSA;POLR2B;PNKP;XPA;ERCC3;RFC4;ZNF830;XPC;RFC5;MNAT1;GPS1;GTF2H5;RFC3;ISY1;PPIE;DDB2;MMS19;USP45;RNF111;SLC30A9;CETN2;GTF2H2;COPS7B;PCNA;TCEA1;CUL4B;COPS8
prerank,GO_Biological_Process_2021::mitochondrial translation (GO:0032543),-0.5983159699488307,-2.734633374372425,0.0,0.0,0.0,48/102,14.29%,EARS2;TSFM;MTIF2;GFM2;MRPS2;ERAL1;MRPL2;MRPS9;MRPS5;MRPS17;PTCD3;MRPS10;MRPL35;MRPL3;MRRF;MRPL30;GFM1;MRPS12;MRPL24;MRPL19;MRPL49;MRPS11;MRPL4;MRPL48;MRPL45;MRPL13;MRPL1;MRPL36;MRPS27;MRPS18A;MRPL46;MRPL15;LARS2;MRPL39;MRPL22;MRPL37;MRPL53;MTRF1;MRPS14;MRPS23;MRPS28;MRPS26;MRPS22;MRPL44;MRPL10;MRPS31;MTRF1L;NOA1
prerank,GO_Biological_Process_2021::base-excision repair (GO:0006284),-0.7072162729566399,-2.7211589111540135,0.0,0.0,0.0,27/40,14.74%,RFC2;RPA3;RFC1;LIG3;XRCC1;RPA1;POLL;MUTYH;APEX2;ERCC5;WRN;RPA2;LIG1;OGG1;SMUG1;PNKP;XPA;RFC4;NTHL1;PRMT6;TDG;RFC5;RFC3;FEN1;POLG;MBD4;MPG
prerank,"GO_Biological_Process_2021::base-excision repair, gap-filling (GO:0006287)",-0.7962534606931903,-2.7174183448147233,0.0,0.0,0.0,22/27,14.74%,RFC2;RPA3;RFC1;LIG3;XRCC1;RPA1;POLL;MUTYH;RPA2;LIG1;OGG1;SMUG1;PNKP;RFC4;NTHL1;TDG;RFC5;RFC3;FEN1;POLG;MBD4;MPG
prerank,GO_Biological_Process_2021::DNA integrity checkpoint signaling (GO:0031570),-0.7531768060832994,-2.6996700656190495,0.0,0.0,0.0,20/33,13.03%,RAD9B;HUS1;HUS1B;RPA4;RAD1;RAD17;RAD9A;INTS7;RHNO1;TP53BP1;DOT1L;HINFP;TIPIN;DONSON;CDC45;CEP63;NBN;CLSPN;ATRIP;SETMAR
prerank,GO_Biological_Process_2021::DNA replication-independent nucleosome assembly (GO:0006336),-0.755850751809357,-2.691651652489327,0.0,0.0,0.0,23/33,13.94%,CENPN;CENPK;CENPH;CENPQ;CENPP;CENPL;CENPI;CENPT;CENPO;OIP5;CENPU;CENPW;CENPC;MIS18A;HJURP;MIS18BP1;IPO4;ATRX;ITGB3BP;CENPM;CENPA;UBN1;ASF1B
prerank,GO_Biological_Process_2021::CENP-A containing nucleosome assembly (GO:0034080),-0.809656226873401,-2.666512882257999,0.0,0.0,0.0,18/25,8.62%,CENPN;CENPK;CENPH;CENPQ;CENPP;CENPL;CENPI;CENPT;CENPO;OIP5;CENPU;CENPW;CENPC;MIS18A;HJURP;MIS18BP1;ITGB3BP;CENPM
prerank,GO_Biological_Process_2021::CENP-A containing chromatin organization (GO:0061641),-0.809656226873401,-2.666512882257999,0.0,0.0,0.0,18/25,8.62%,CENPN;CENPK;CENPH;CENPQ;CENPP;CENPL;CENPI;CENPT;CENPO;OIP5;CENPU;CENPW;CENPC;MIS18A;HJURP;MIS18BP1;ITGB3BP;CENPM
prerank,GO_Biological_Process_2021::ncRNA metabolic process (GO:0034660),-0.7354705045638951,-2.6635356681037035,0.0,0.0,0.0,21/32,12.97%,MOV10L1;MAEL;TDRD9;TDRD1;TDRD12;HENMT1;TDRKH;BCDIN3D;PIWIL2;PLD6;ZCCHC8;EXD1;TARBP2;XPO5;PIWIL4;PARN;DGCR8;KHSRP;FKBP6;NIFK;DROSHA
prerank,GO_Biological_Process_2021::cilium organization (GO:0044782),-0.5308844814778843,-2.6610786694792363,0.0,0.0,0.0,94/205,12.84%,DNAH5;CFAP70;CFAP43;DNAI2;DNAAF1;ROPN1;CFAP44;CFAP54;CCDC65;CFAP61;TTC29;MAK;SPAG16;CCDC113;TEKT4;WDPCP;ARMC2;CCDC96;KIF27;RTTN;CFAP221;ROPN1B;TMEM17;ARL6;INTU;B9D2;MNS1;KIF3B;LZTFL1;HYLS1;TCTN1;KIAA0586;IFT81;CEP41;CFAP126;BBS7;MKS1;KIF24;TMEM237;CCDC28B;CEP164;TTC8;B9D1;TTBK2;TCTN3;IFT46;FUZ;CC2D2A;ARL13B;CEP83;BBS2;TEKT1;GALNT11;IFT43;RPGR;TMEM231;IFT52;STK36;MARK4;CEP131;CEP290;TEKT2;WDR19;CENPJ;CEP89;KIF3A;CEP162;BBIP1;TCTN2;AHI1;CLUAP1;CCNO;CCP110;IFT88;PTPN23;TMEM138;FAM149B1;CDC14A;ODF2;BBS5;POC1B;IFT74;IQCB1;TMEM216;TEKT3;IQCG;CEP250;IFT20;HSPB11;INPP5E;RAB23;PCM1;SCLT1;TMEM67
prerank,"GO_Biological_Process_2021::nucleotide-excision repair, DNA incision (GO:0033683)",-0.7381402975534168,-2.658951678783037,0.0,0.0,0.0,22/30,11.98%,RFC2;RPA3;RFC1;RPA1;FAN1;UBA52;ERCC4;ERCC5;UBC;POLK;CHD1L;RPA2;OGG1;GTF2H3;GTF2H1;XPA;ERCC3;RFC4;NTHL1;RFC5;GTF2H5;RFC3
prerank,GO_Biological_Process_2021::chromatin remodeling at centromere (GO:0031055),-0.7895269813593123,-2.6537171161887203,0.0,0.0,0.0,18/27,8.62%,CENPN;CENPK;CENPH;CENPQ;CENPP;CENPL;CENPI;CENPT;CENPO;OIP5;CENPU;CENPW;CENPC;MIS18A;HJURP;MIS18BP1;ITGB3BP;CENPM
prerank,GO_Biological_Process_2021::DNA duplex unwinding (GO:0032508),-0.6753555345058453,-2.6516708910971576,0.0,0.0,0.0,32/44,20.27%,MCMDC2;RPA1;MCM2;RAD50;UBA52;RECQL5;UBC;MCM9;WRN;CHD1L;POT1;GTF2H3;GTF2H1;ASCC3;MCM4;MCM6;XPA;MCM7;ERCC3;BLM;NBN;XPC;PIF1;GTF2H5;DDB2;RECQL;DHX9;CETN2;GTF2H2;SUPV3L1;HMGA1;CUL4B
prerank,GO_Biological_Process_2021::telomere maintenance (GO:0000723),-0.6938508041171758,-2.6471835957770957,0.0,0.0,0.0,24/41,12.42%,RPA3;HUS1;HUS1B;RAD51D;RPA1;DCLRE1B;RAD50;ERCC4;WRN;RPA2;RIF1;POT1;SMC6;XRCC3;SMC5;XRCC5;TEN1;TERF2;BLM;NBN;ZSCAN4;SLX1A;ZNF365;NSMCE2
prerank,GO_Biological_Process_2021::piRNA metabolic process (GO:0034587),-0.8463374507038964,-2.6410705559996073,0.0,0.0,0.0,15/18,11.97%,MOV10L1;MAEL;TDRD9;TDRD1;TDRD12;TEX15;HENMT1;TDRKH;PIWIL2;PLD6;EXD1;MYBL1;PIWIL4;GPAT2;FKBP6
prerank,GO_Biological_Process_2021::sister chromatid segregation (GO:0000819),-0.7435620469523122,-2.640258428968109,0.0,0.0,0.0,19/29,16.68%,CENPK;NCAPG2;NUSAP1;SMC4;KIF18B;KIF25;SPAG5;SMC1A;CHAMP1;ZW10;NDC80;KIF18A;DSN1;KNSTRN;TUBG2;INO80;KIFC1;WRAP73;TUBG1
prerank,GO_Biological_Process_2021::mitotic sister chromatid segregation (GO:0000070),-0.5950041542259533,-2.6366846225887826,0.0,0.0,0.0,46/92,13.61%,NCAPH;NCAPD2;NCAPG;CENPK;PRC1;NCAPG2;NUSAP1;SMC4;KIF18B;SMC2;PDS5A;NCAPH2;KIF25;TEX14;CDC23;CDCA5;PHF13;RRS1;NCAPD3;PDS5B;DLGAP5;SPAG5;KIF22;MCPH1;SMC1A;KMT5A;KIF2C;ZW10;NDC80;KIF18A;KIF14;PINX1;RAD21;DSN1;KNSTRN;DIS3L2;TUBG2;CENPE;BOD1;INO80;NIPBL;POGZ;AKAP8L;KIFC1;PHF8;SPDL1
prerank,GO_Biological_Process_2021::regulation of immune response (GO:0050776),0.7278802604471348,2.63596840449373,0.0,0.0,0.0,96/125,20.82%,TREML4;CD300E;PIANP;CD300LB;SPPL2A;GPR108;CD300LF;LILRA1;TREML1;NPDC1;CD300A;FCER1A;TREML2;PILRA;COLEC12;ULBP1;LILRB2;CD247;OSCAR;PTPN22;AMBP;CD8B;KIR3DL1;KIR2DL4;CD8A;CD1A;CD300LG;LAIR1;CLEC4G;NCR2;LILRB1;CD300C;SIGLEC7;RSAD2;CD1C;CD1D;CXCL13;CD1B;KLRD1;FGL1;KLRK1;NCR3;KLRB1;HERC5;IFITM1;TREM2;VCAM1;ULBP3;IRF4;HLA-DRA;FOXP3;CD160;ICAM3;SLAMF6;TYROBP;CD96;TIRAP;CSK;CD34;LAIR2;SH2D1A;MADCAM1;JAML;ICAM2;KLRF1;COL17A1;FCGR3B;PLA2G1B;CLEC2D;HCST;PILRB;IL4I1;SAMHD1;SPN;NCR1;ICAM5;PLSCR1;B2M;CD226;IRF7;FCGR2A;SPPL2B;SFTPD;ITGB7;RNF135;LRP8;CD200R1;MICB;IFNL1;MICA;CLEC2B;NCR3LG1;SIGLEC9;HLA-C;TRAF3;XIAP
prerank,GO_Biological_Process_2021::ribonucleoprotein complex biogenesis (GO:0022613),-0.6819980110516696,-2.635602663581196,0.0,0.0,0.0,32/44,12.17%,MRTO4;RRP36;BYSL;PAK1IP1;RRS1;BOP1;SURF6;WDR12;NOP14;NIP7;NVL;DDX31;RIOK2;LTV1;RIOK1;METTL17;DHX37;RPF2;PES1;SDAD1;WDR74;MALSU1;NOC2L;MRPL36;ZNF622;EBNA1BP2;URB2;TGS1;NOP16;ZNF658;EMG1;RPL26L1
prerank,GO_Biological_Process_2021::snRNA transcription by RNA polymerase II (GO:0042795),-0.6231138926891093,-2.6309959163189616,0.0,0.0,0.0,31/62,13.69%,INTS7;INTS1;INTS9;GTF2E1;GTF2A1;INTS12;RPRD1B;INTS4;ICE1;TAF13;POU2F1;POLR2C;CCNT2;RPAP2;POLR2B;GTF2E2;SNAPC3;TAF8;GTF2F2;ZC3H8;TAF11;PHAX;SRRT;INTS2;CCNT1;SNAPC4;RPRD2;CCNK;NABP2;GTF2F1;RPRD1A
prerank,GO_Biological_Process_2021::mitochondrial translational elongation (GO:0070125),-0.5950505901378174,-2.630585694206958,0.0,0.0,0.0,41/88,13.75%,TSFM;GFM2;MRPS2;ERAL1;MRPL2;MRPS9;MRPS5;MRPS17;PTCD3;MRPS10;MRPL35;MRPL3;MRPL30;GFM1;MRPS12;MRPL24;MRPL19;MRPL49;MRPS11;MRPL4;MRPL48;MRPL45;MRPL13;MRPL1;MRPL36;MRPS27;MRPS18A;MRPL46;MRPL15;MRPL39;MRPL22;MRPL37;MRPL53;MRPS14;MRPS23;MRPS28;MRPS26;MRPS22;MRPL44;MRPL10;MRPS31
prerank,MSigDB_Hallmark_2020::Coagulation,0.74527620617615,2.630062710857762,0.0,0.0,0.0,66/89,19.26%,CRIP2;CPQ;PRSS23;CTSE;DUSP14;TIMP3;MMP11;COMP;ANG;LGMN;OLR1;PROC;KLK8;C8G;CPB2;APOC2;CTSV;MMP10;BMP1;FBN1;THBS1;SERPINB2;CFI;HRG;C8A;C2;C1R;PF4;PROZ;CAPN5;GP9;MMP15;CFH;C8B;APOC1;DUSP6;CTSO;CTSH;C9;APOA1;CTSB;DCT;WDR1;S100A13;MSRB2;ANXA1;ACOX2;ITIH1;GP1BA;C1QA;S100A1;MAFF;TFPI2;FURIN;THBD;PREP;SERPINA1;KLF7;PECAM1;F2RL2;TIMP1;SPARC;MEP1A;PLEK;CAPN2;GSN
prerank,GO_Biological_Process_2021::extracellular matrix organization (GO:0030198),0.6897778318685276,2.6212950729878077,0.0,0.0,0.0,148/201,20.36%,SMOC2;ADAMTSL4;MMP19;LUM;DCN;VIT;MMP23B;MFAP5;CTSG;MFAP2;DPT;FBLN5;ADAMTS2;TPSAB1;MMP11;LOXL1;COMP;CAPG;COL10A1;NOXO1;ADAMTS7;COL14A1;FBN2;P3H4;ADAMTS10;ADAMTS5;NID1;COL12A1;RECK;P4HA3;CTSV;POSTN;LOX;MMP10;P3H1;P4HA2;ADAMTS3;VCAN;ACAN;MIA;BMP1;TGFBI;LOXL4;FBN1;THBS1;MMP25;SERPINF2;COL8A1;SPOCK2;HSPG2;SERPINH1;BGN;SCUBE3;MMP21;MMP16;COL9A1;NID2;IBSP;ADAMTS12;HAS2;ADAMTS1;KLK4;ADAM8;ADAMTS8;QSOX1;SMOC1;COL16A1;PRSS1;MMP15;CAPN1;VCAM1;COL13A1;ADAMTSL2;LCP1;ADAMTSL5;ICAM3;PLOD2;CTSL;PAPLN;ECM2;ITGAX;KIF9;COL26A1;CRTAP;COLGALT1;NCAN;CD151;ITGA6;NPNT;MMP17;HAPLN1;COL27A1;MADCAM1;ADAM12;JAM2;CYP1B1;ICAM2;LAMA5;ITGAD;ITGA11;PXDN;COL17A1;ADAMTS9;F11R;SH3PXD2A;LOXL3;CAPNS2;VTN;BCAN;MATN3;MMP24;P4HA1;ADAM19;NDNF;COL8A2;PRSS2;COL9A3;HAS3;ICAM5;P3H2;ITGA9;FURIN;ADAMTS17;ITGA8;CDH1;ST7;PECAM1;ITGB7;ITGA1;PLEC;COLQ;PLOD1;AGRN;TIMP2;TIMP1;COL22A1;ADAMTS4;ITGA3;SPARC;CTRB2;CAPN2;GSN;COL21A1;ITGA10;CAPNS1;MMP28;HAS1;COL9A2
prerank,GO_Biological_Process_2021::mitochondrial translational termination (GO:0070126),-0.5993000332709347,-2.620848557637387,0.0,0.0,0.0,42/88,14.13%,GFM2;MRPS2;ERAL1;MRPL2;MRPS9;MRPS5;MRPS17;PTCD3;MRPS10;MRPL35;MRPL3;MRRF;MRPL30;MRPS12;MRPL24;MRPL19;MRPL49;MRPS11;MRPL4;MRPL48;MRPL45;MRPL13;MRPL1;MRPL36;MRPS27;MRPS18A;MRPL46;MRPL15;MRPL39;MRPL22;MRPL37;MRPL53;MTRF1;MRPS14;MRPS23;MRPS28;MRPS26;MRPS22;MRPL44;MRPL10;MRPS31;MTRF1L
prerank,GO_Biological_Process_2021::chemical synaptic transmission (GO:0007268),-0.5311936010148055,-2.6111793739842373,0.0,0.0,0.0,74/201,13.46%,CHRNE;CHRNB1;PCDHB16;CHRND;CHRNA2;CHRNA9;GRIK5;NLGN3;DLGAP2;SYT10;GABRA2;DLG2;HTR3C;CHRFAM7A;NLGN4X;PCDHB5;PCDHB2;PCDHB14;PCDHB6;GABRR2;GRIK1;SCN2B;PTCHD1;CHRNA10;RIMBP2;HTR3E;GLRA3;PLP1;LIN7C;GRID2;NPFF;GABRR1;CBLN2;NLGN2;GRIN2C;SHISA6;GALR3;GLRB;GRID1;LIN7A;SLC12A5;RIMBP3C;LIN7B;SLC6A1;GABRE;NRXN2;NOVA1;KCNMB4;CNP;APBA1;STAC3;CACNB1;CBLN1;GRM7;UNC13C;MINK1;ZACN;KCNIP2;SLC12A4;PNOC;RAPSN;APBA2;CPNE6;BSN;GABRB1;CACNB3;RIMS1;ERC2;RIC3;KIF1B;AKAP9;NPTX2;PRKAR2B;GRIK2
prerank,GO_Biological_Process_2021::interstrand cross-link repair (GO:0036297),-0.6582324604196127,-2.6093091396558736,0.0,0.0,0.0,33/50,18.93%,RPA3;MSH6;RPA1;DCLRE1B;MCM8;FAN1;MUS81;FAAP24;UBA52;ERCC4;DCLRE1A;SLX4;UBC;MCM9;RPA2;RFWD3;RNF8;XRCC3;XPA;FAAP100;FANCE;DCLRE1C;SLX1A;RAD51AP1;POLN;ATRIP;FAAP20;WDR48;FANCB;NEIL3;FANCL;USP1;UBE2T
prerank,GO_Biological_Process_2021::mitotic chromosome condensation (GO:0007076),-0.796277394974158,-2.5948663131649923,0.0,0.0,0.0,13/22,6.76%,NCAPH;NCAPD2;NCAPG;NCAPG2;NUSAP1;SMC4;SMC2;NCAPH2;CDCA5;PHF13;NCAPD3;MCPH1;KMT5A
prerank,GO_Biological_Process_2021::outer dynein arm assembly (GO:0036158),-0.9793121507272828,-2.593532749118523,0.0,0.0,0.0,10/11,1.36%,DNAH5;DNAH17;DNAH8;DNAL1;DNAAF5;DNAI1;DNAI2;DNAAF1;ZMYND10;CCDC63
prerank,MSigDB_Hallmark_2020::TNF-alpha Signaling via NF-kB,0.6990309302853287,2.591354837185688,0.0,0.0,0.0,118/153,24.44%,TNFAIP8;SLC2A6;SNN;ZBTB10;SERPINB8;GEM;G0S2;DRAM1;PTX3;IER3;OLR1;KLF10;PLAUR;DDX58;CCL5;NR4A3;SLC16A6;PHLDA1;SERPINB2;CXCL1;CXCL11;JUN;CXCL6;NINJ1;EDN1;LDLR;PNRC1;TRIB1;IFIH1;FOSL2;PDLIM5;TRIP10;CXCL3;CCL20;EGR3;MSC;TAP1;SMAD3;TNFAIP6;BTG1;CD83;LIF;NFAT5;ATF3;ETS2;NFKBIE;GFPT2;NR4A2;IER5;PFKFB3;MYC;DUSP5;SAT1;EIF1;SPHK1;IFIT2;GCH1;IER2;RELB;CEBPB;PLK2;LITAF;BCL3;MAFF;IL7R;KYNU;CXCL2;TNFAIP3;CCNL1;F2RL1;MXD1;AREG;CEBPD;STAT5A;TRAF1;DUSP1;DUSP2;CCRL2;TNFAIP2;RIPK2;RNF19B;FOS;MAP2K3;PTPRE;PHLDA2;FOSL1;TIPARP;CD69;ZC3H12A;SLC2A3;PLEK;KLF9;SOD2;GPR183;CDKN1A;KLF6;IRS2;BMP2;ACKR3;ID2;IL15RA;JAG1;TNIP2;TNIP1;CCL4;NR4A1;EHD1;KLF4;ZFP36;PMEPA1;NFIL3;EGR2;SQSTM1;PPP1R15A;FOSB;TANK;REL;DNAJB4
prerank,GO_Biological_Process_2021::neutrophil activation involved in immune response (GO:0002283),0.6562354607008188,2.586001280254124,0.0,0.0,0.0,243/385,22.09%,METTL7A;HVCN1;DNASE1L3;CYSTM1;TMBIM1;MCEMP1;VAT1;QPCT;ANXA3;BRI3;DNASE1L1;CPNE3;NHLRC3;CRISPLD2;CREG1;SLC11A1;NFAM1;CD93;PRG2;NPC2;S100A12;ARL8A;PLEKHO2;STK10;CPNE1;CHIT1;OSTF1;FPR2;SIGLEC14;LILRB3;CLEC5A;CD300A;SIRPB1;GLIPR1;EEF1A1;CTSG;CHI3L1;CAMP;CLEC4D;FOLR3;RNASE2;LILRA2;FCAR;C3AR1;GM2A;CFP;PTX3;LILRB2;PRTN3;MNDA;LYZ;OSCAR;FPR1;ADGRE3;RAB3D;GMFG;DOK3;COTL1;BPI;SERPINB10;OLR1;CALML5;PLAUR;DEFA4;CLEC4C;VCL;FGL2;CPPED1;LAIR1;S100A8;TCIRG1;RNASE3;S100A7;RETN;PLAC8;CST3;SIGLEC5;CTSZ;GCA;VNN1;MMP25;CMTM6;LCN2;SERPINB3;S100A11;LTF;CEACAM8;MS4A3;ORM2;MAN2B1;CXCL1;GNS;SLPI;FCER1G;RNASET2;ADAM8;CD53;QSOX1;CD177;RAB24;CLEC12A;TBC1D10C;CAPN1;ORM1;PTPN6;NCKAP1L;CYFIP1;TICAM2;CYBB;FCN1;ATP6V1D;TYROBP;CTSA;ARHGAP9;FUCA2;ERP44;IGF2R;AHSG;STOM;S100A9;TXNDC5;PRSS3;ITGAX;HK3;UNC13D;STXBP2;GPI;CTSH;TNFAIP6;CD36;LAMTOR3;SNAP23;ARG1;MANBA;TSPAN14;GLA;HEXB;RAB31;GRN;FTL;RAB27A;RAP2B;CTSB;SLC2A5;PPBP;DNASE1;FCGR3B;GLB1;FUCA1;DIAPH1;ATP6AP2;PRCP;COMMD3;TNFRSF1B;PFKL;RHOF;MLEC;DSP;CEACAM1;RAP1B;AP2A2;PRSS2;BST2;ATP6V0A1;TCN1;CRISP3;LRG1;CTSD;ADGRE5;B2M;HP;FTH1;SERPINB1;AZU1;DBNL;COMMD9;SIRPA;VCP;MGST1;BIN2;RAP2C;FCGR2A;DNAJC3;CD55;GSDMD;DDOST;SERPINA1;CKAP4;NEU1;KRT1;CD68;PECAM1;SERPINB6;OLFM4;CYBA;ACTR2;FABP5;SPTAN1;TIMP2;RHOA;DYNLT1;GALNS;CNN2;JUP;ANO6;ALDOC;BST1;RAB3A;PSAP;SLC2A3;LAMP1;CCT8;CSTB;PGAM1;CAP1;VAPA;GSN;HGSNAT;APAF1;ATP6V0C;DOCK2;DPP7;PYCARD;S100P;ARSB;SIGLEC9;SLC15A4;ARSA;HLA-C;PRDX4;SDCBP;RHOG;SERPINA3;PSMA2;TRPM2;IQGAP2;PKP1;DNAJC5;ASAH1;DNAJC13;SURF4;AP1M1;ALDOA
prerank,GO_Biological_Process_2021::axoneme assembly (GO:0035082),-0.7533291989924281,-2.5796519863461254,0.0,0.0,0.0,14/27,4.29%,DNAAF3;RSPH1;CCDC39;RSPH4A;CCDC40;DRC1;DNAAF1;CCDC65;SPAG17;CFAP206;SPAG16;GAS8;CFAP74;DNAAF2
prerank,GO_Biological_Process_2021::neutrophil mediated immunity (GO:0002446),0.6541991361583634,2.579525793924654,0.0,0.0,0.0,243/386,22.09%,METTL7A;HVCN1;CYSTM1;TMBIM1;MCEMP1;VAT1;QPCT;ANXA3;BRI3;DNASE1L1;CPNE3;NHLRC3;CRISPLD2;CREG1;SLC11A1;NFAM1;CD93;PRG2;NPC2;S100A12;ARL8A;PLEKHO2;STK10;CPNE1;CHIT1;OSTF1;FPR2;SIGLEC14;LILRB3;CLEC5A;CD300A;SIRPB1;GLIPR1;EEF1A1;CTSG;CHI3L1;CAMP;CLEC4D;FOLR3;RNASE2;FCAR;C3AR1;GM2A;CFP;PTX3;LILRB2;PRTN3;MNDA;LYZ;OSCAR;FPR1;ADGRE3;RAB3D;GMFG;DOK3;COTL1;BPI;SERPINB10;OLR1;CALML5;PLAUR;DEFA4;CLEC4C;VCL;FGL2;CPPED1;LAIR1;S100A8;TCIRG1;RNASE3;S100A7;RETN;PLAC8;CST3;SIGLEC5;CTSZ;GCA;VNN1;MMP25;CMTM6;LCN2;SERPINB3;S100A11;LTF;CEACAM8;MS4A3;ORM2;MAN2B1;CXCL1;GNS;SLPI;FCER1G;CARD9;RNASET2;ADAM8;CD53;QSOX1;CD177;RAB24;CLEC12A;TBC1D10C;CAPN1;ORM1;PTPN6;NCKAP1L;CYFIP1;TICAM2;CYBB;FCN1;ATP6V1D;TYROBP;CTSA;ARHGAP9;FUCA2;ERP44;IGF2R;AHSG;STOM;S100A9;TXNDC5;PRSS3;ITGAX;HK3;UNC13D;STXBP2;GPI;CTSH;TNFAIP6;CD36;LAMTOR3;SNAP23;ARG1;MANBA;TSPAN14;GLA;HEXB;RAB31;GRN;FTL;RAB27A;RAP2B;CTSB;SLC2A5;PPBP;FCGR3B;GLB1;PLA2G1B;FUCA1;DIAPH1;ATP6AP2;PRCP;COMMD3;TNFRSF1B;PFKL;RHOF;MLEC;DSP;CEACAM1;RAP1B;AP2A2;PRSS2;BST2;ATP6V0A1;TCN1;CRISP3;LRG1;CTSD;ADGRE5;B2M;HP;FTH1;SERPINB1;AZU1;DBNL;COMMD9;SIRPA;VCP;MGST1;BIN2;RAP2C;FCGR2A;DNAJC3;CD55;GSDMD;DDOST;SERPINA1;CKAP4;NEU1;KRT1;CD68;PECAM1;SERPINB6;OLFM4;CYBA;ACTR2;FABP5;SPTAN1;TIMP2;RHOA;DYNLT1;GALNS;CNN2;JUP;ANO6;ALDOC;BST1;RAB3A;PSAP;SLC2A3;LAMP1;CCT8;CSTB;PGAM1;CAP1;VAPA;GSN;HGSNAT;APAF1;ATP6V0C;DOCK2;DPP7;PYCARD;S100P;ARSB;SIGLEC9;SLC15A4;IRAK4;ARSA;HLA-C;PRDX4;SDCBP;RHOG;SERPINA3;PSMA2;TRPM2;IQGAP2;PKP1;DNAJC5;ASAH1;DNAJC13;SURF4;AP1M1;ALDOA
prerank,GO_Biological_Process_2021::snRNA transcription (GO:0009301),-0.6065024893248883,-2.575999028807787,0.0,0.0,0.0,31/63,13.69%,INTS7;INTS1;INTS9;GTF2E1;GTF2A1;INTS12;RPRD1B;INTS4;ICE1;TAF13;POU2F1;POLR2C;CCNT2;RPAP2;POLR2B;GTF2E2;SNAPC3;TAF8;GTF2F2;ZC3H8;TAF11;PHAX;SRRT;INTS2;CCNT1;SNAPC4;RPRD2;CCNK;NABP2;GTF2F1;RPRD1A
prerank,GO_Biological_Process_2021::neutrophil degranulation (GO:0043312),0.6536907684822489,2.5753409932597644,0.0,0.0,0.0,257/382,24.10%,METTL7A;HVCN1;CYSTM1;TMBIM1;MCEMP1;VAT1;QPCT;ANXA3;BRI3;DNASE1L1;CPNE3;NHLRC3;CRISPLD2;CREG1;SLC11A1;NFAM1;CD93;PRG2;NPC2;S100A12;ARL8A;PLEKHO2;STK10;CPNE1;CHIT1;OSTF1;FPR2;SIGLEC14;LILRB3;CLEC5A;CD300A;SIRPB1;GLIPR1;EEF1A1;CTSG;CHI3L1;CAMP;CLEC4D;FOLR3;RNASE2;FCAR;C3AR1;GM2A;CFP;PTX3;LILRB2;PRTN3;MNDA;LYZ;OSCAR;FPR1;ADGRE3;RAB3D;GMFG;DOK3;COTL1;BPI;SERPINB10;OLR1;CALML5;PLAUR;DEFA4;CLEC4C;VCL;FGL2;CPPED1;LAIR1;S100A8;TCIRG1;RNASE3;S100A7;RETN;PLAC8;CST3;SIGLEC5;CTSZ;GCA;VNN1;MMP25;CMTM6;LCN2;SERPINB3;S100A11;LTF;CEACAM8;MS4A3;ORM2;MAN2B1;CXCL1;GNS;SLPI;FCER1G;RNASET2;ADAM8;CD53;QSOX1;CD177;RAB24;CLEC12A;TBC1D10C;CAPN1;ORM1;PTPN6;NCKAP1L;CYFIP1;TICAM2;CYBB;FCN1;ATP6V1D;TYROBP;CTSA;ARHGAP9;FUCA2;ERP44;IGF2R;AHSG;STOM;S100A9;TXNDC5;PRSS3;ITGAX;HK3;UNC13D;STXBP2;GPI;CTSH;TNFAIP6;CD36;LAMTOR3;SNAP23;ARG1;MANBA;TSPAN14;GLA;HEXB;RAB31;GRN;FTL;RAB27A;RAP2B;CTSB;SLC2A5;PPBP;FCGR3B;GLB1;FUCA1;DIAPH1;ATP6AP2;PRCP;COMMD3;TNFRSF1B;PFKL;RHOF;MLEC;DSP;CEACAM1;RAP1B;AP2A2;PRSS2;BST2;ATP6V0A1;TCN1;CRISP3;LRG1;CTSD;ADGRE5;B2M;HP;FTH1;SERPINB1;AZU1;DBNL;COMMD9;SIRPA;VCP;MGST1;BIN2;RAP2C;FCGR2A;DNAJC3;CD55;GSDMD;DDOST;SERPINA1;CKAP4;NEU1;KRT1;CD68;PECAM1;SERPINB6;OLFM4;CYBA;ACTR2;FABP5;SPTAN1;TIMP2;RHOA;DYNLT1;GALNS;CNN2;JUP;ANO6;ALDOC;BST1;RAB3A;PSAP;SLC2A3;LAMP1;CCT8;CSTB;PGAM1;CAP1;VAPA;GSN;HGSNAT;APAF1;ATP6V0C;DOCK2;DPP7;PYCARD;S100P;ARSB;SIGLEC9;SLC15A4;ARSA;HLA-C;PRDX4;SDCBP;RHOG;SERPINA3;PSMA2;TRPM2;IQGAP2;PKP1;DNAJC5;ASAH1;DNAJC13;SURF4;AP1M1;ALDOA;PA2G4;CRACR2A;YPEL5;TOM1;HLA-B;RAB9B;PKM;TMEM63A;RAB7A;HMOX2;RAB4B;ADAM10;RAB37;SLC27A2;MOSPD2;PTGES2;COPB1
prerank,GO_Biological_Process_2021::external encapsulating structure organization (GO:0045229),0.7017603665348848,2.575187628083247,0.0,0.0,0.0,99/134,18.35%,SMOC2;ADAMTSL4;MMP19;LUM;DCN;VIT;MMP23B;MFAP5;MFAP2;FBLN5;ADAMTS2;MMP11;LOXL1;COMP;TGM3;COL10A1;ADAMTS7;COL14A1;FBN2;ADAMTS10;ADAMTS5;NID1;RECK;POSTN;LOX;MMP10;ADAMTS3;VCAN;ACAN;MIA;TGFBI;FBN1;THBS1;MMP25;COL8A1;SPOCK2;HSPG2;BGN;MMP21;MMP16;COL9A1;NID2;IBSP;ADAMTS12;ADAMTS1;ADAMTS8;SMOC1;COL16A1;MMP15;VCAM1;COL13A1;ADAMTSL2;ADAMTSL5;ICAM3;PAPLN;ECM2;ITGAX;NCAN;ITGA6;NPNT;MMP17;HAPLN1;COL27A1;MADCAM1;ADAM12;JAM2;ICAM2;LAMA5;ITGAD;ITGA11;PXDN;COL17A1;ADAMTS9;F11R;SH3PXD2A;VTN;BCAN;MATN3;MMP24;ADAM19;NDNF;COL8A2;COL9A3;ICAM5;ITGA9;FURIN;ADAMTS17;ITGA8;CDH1;ST7;PECAM1;ITGB7;ITGA1;COLQ;AGRN;COL22A1;ADAMTS4;ITGA3;SPARC
prerank,GO_Biological_Process_2021::anterograde trans-synaptic signaling (GO:0098916),-0.5439286486955974,-2.5748100231487374,0.0,0.0,0.0,53/151,11.30%,CHRNE;CHRNB1;PCDHB16;CHRND;CHRNA2;CHRNA9;NLGN3;SYT10;GABRA2;DLG2;HTR3C;CHRFAM7A;NLGN4X;PCDHB5;PCDHB2;PCDHB14;PCDHB6;GABRR2;GRIK1;SCN2B;PTCHD1;CHRNA10;HTR3E;GLRA3;PLP1;NPFF;GABRR1;NLGN2;GALR3;GLRB;SLC12A5;SLC6A1;GABRE;NRXN2;NOVA1;KCNMB4;CNP;APBA1;CACNB1;CBLN1;GRM7;UNC13C;MINK1;ZACN;KCNIP2;SLC12A4;PNOC;RAPSN;APBA2;CPNE6;BSN;GABRB1;CACNB3
prerank,"GO_Biological_Process_2021::nucleotide-excision repair, DNA incision, 5'-to lesion (GO:0006296)",-0.7270809916495882,-2.5689592681096998,0.0,0.0,0.0,21/28,14.10%,RFC2;RPA3;RFC1;RPA1;UBA52;ERCC4;ERCC5;UBC;POLK;CHD1L;RPA2;GTF2H3;GTF2H1;XPA;ERCC3;RFC4;NTHL1;RFC5;GTF2H5;RFC3;DDB2
prerank,MSigDB_Hallmark_2020::Interferon Gamma Response,0.6886458777057256,2.568040735103879,0.0,0.0,0.0,115/154,22.99%,LYSMD2;ZNFX1;IFI30;SPPL2A;CMKLR1;APOL6;FPR1;TOR1B;HERC6;GBP4;CIITA;MX2;IFI44;FGL2;HLA-DMA;RSAD2;DDX58;IFI44L;CCL5;SP110;BATF2;USP18;CXCL9;OASL;KLRK1;IFITM3;OAS2;LCP2;C1R;IL7;TNFSF10;XAF1;CXCL11;IFIT1;OAS3;CCL7;HLA-DQA1;HIF1A;VCAM1;IFI27;PTPN6;IRF4;ISG20;CFH;MT2A;GZMA;IFIH1;LGALS3BP;SAMD9L;MX1;TAP1;TNFAIP6;XCL1;STAT4;PFKP;DDX60;BTG1;IFIT3;IRF8;PARP12;PARP14;EPSTI1;CMPK2;RTP4;OGFR;IFIT2;GCH1;SAMHD1;EIF2AK2;BST2;IRF5;FAS;PLSCR1;B2M;IFITM2;TNFAIP3;IRF7;IL18BP;MYD88;PML;ITGB7;TNFAIP2;RIPK2;VAMP5;RNF213;IRF2;BANK1;HELZ2;IFI35;IRF9;CD69;NCOA3;PTPN1;ST8SIA4;SOCS1;ZBP1;SOD2;P2RY14;CDKN1A;TRIM25;NOD1;STAT1;PSMB2;IL15RA;UBE2L6;PSMA2;PTPN2;TAPBP;DHX58;GPR18;UPP1;ST3GAL5;ISG15;HLA-A;HLA-B
prerank,GO_Biological_Process_2021::tRNA modification (GO:0006400),-0.6161324344095221,-2.564181901394041,0.0,0.0,0.0,32/61,20.50%,TRMO;BCDIN3D;WDR4;NSUN6;METTL1;PUS10;FTSJ1;PUSL1;TRMT61B;TRMT61A;TRMT10A;TRUB1;TARBP1;AARS2;NSUN2;PUS1;TYW3;METTL6;CTU1;TRDMT1;TRMT6;MTO1;CTU2;TYW5;CDKAL1;TYW1;TRIT1;TRMT5;LCMT2;ALKBH8;WDR6;PUS3
prerank,MSigDB_Hallmark_2020::Epithelial Mesenchymal Transition,0.7004897907157,2.559900346050819,0.0,0.0,0.0,98/140,17.79%,MXRA5;MATN2;EMP3;ABI3BP;GEM;LUM;ECM1;DCN;MFAP5;TIMP3;GLIPR1;ACTA2;FBLN1;MGP;FBLN5;FMOD;FBLN2;PTX3;LOXL1;COMP;IGFBP4;TAGLN;EFEMP2;CAPG;PCOLCE;TPM2;PCOLCE2;FBN2;TGM2;CAP2;PLAUR;FSTL1;CTHRC1;IGFBP2;COL12A1;POSTN;LOX;P3H1;THY1;VCAN;BMP1;NNMT;PRRX1;TGFBI;FBN1;THBS1;TGFBR3;GPX7;SERPINH1;BGN;CXCL1;NID2;SFRP4;IGFBP3;QSOX1;TPM1;COL16A1;JUN;CXCL6;VCAM1;SNAI2;PLOD2;IL32;THBS2;ECM2;CALD1;WIPF1;TNFRSF11B;MYL9;COLGALT1;GJA1;ADAM12;FERMT2;GPC1;DPYSL3;SGCG;FOXC2;SLIT3;FUCA1;SERPINE2;SAT1;MATN3;SLIT2;COL8A2;PRSS2;FAS;RGS4;CDH2;TFPI2;BDNF;CALU;TNFAIP3;MSX1;AREG;DAB2;PLOD1;TIMP1;PDLIM4
prerank,GO_Biological_Process_2021::transcription-coupled nucleotide-excision repair (GO:0006283),-0.6118571673164025,-2.558336098648575,0.0,0.0,0.0,30/63,12.48%,RFC2;RPA3;RFC1;LIG3;XRCC1;RPA1;UBA52;ERCC4;ERCC5;UBC;POLK;RPA2;LIG1;GTF2H3;ERCC8;GTF2H1;POLR2C;UVSSA;POLR2B;XPA;ERCC3;RFC4;ZNF830;RFC5;MNAT1;GPS1;GTF2H5;RFC3;ISY1;PPIE
prerank,MSigDB_Hallmark_2020::G2-M Checkpoint,-0.5291323596374438,-2.557084497742707,0.0,0.0,0.0,65/156,13.43%,KIF15;HOXC10;KIF20B;GINS2;DBF4;PRC1;NUSAP1;SMC4;SMC2;PBK;STIL;ORC6;HUS1;TROAP;KIF4A;LIG3;CENPF;CDKN3;TPX2;RAD54L;MKI67;RACGAP1;STAG1;PDS5B;MCM2;MCM5;KIF22;SMC1A;WRN;CTCF;RPA2;SQLE;KMT5A;NOLC1;CDC27;TNPO2;KIF2C;SLC12A2;BUB3;ATRX;CKS2;NDC80;LBR;UPF1;MCM6;PTTG1;RAD21;NUMA1;ODF2;CBX1;CCNB2;CENPE;CDC45;CDKN1B;CCNT1;KPNA2;NEK2;CDC25B;CENPA;MNAT1;SUV39H1;UBE2S;TACC3;MCM3;PRPF4B
prerank,GO_Biological_Process_2021::translational termination (GO:0006415),-0.5744627527288698,-2.5477141817059157,0.0,0.0,0.0,43/95,14.13%,GFM2;MRPS2;ERAL1;MRPL2;MRPS9;MRPS5;MRPS17;PTCD3;MRPS10;MRPL35;MRPL3;MRRF;MRPL30;MRPS12;MRPL24;MRPL19;MRPL49;MRPS11;MRPL4;MRPL48;MRPL45;MRPL13;MRPL1;MRPL36;MRPS27;MRPS18A;MRPL46;MRPL15;MRPL39;MRPL22;MRPL37;MRPL53;MTRF1;ABCE1;MRPS14;MRPS23;MRPS28;MRPS26;MRPS22;MRPL44;MRPL10;MRPS31;MTRF1L
prerank,GO_Biological_Process_2021::extracellular structure organization (GO:0043062),0.6947039873893015,2.5473454039980457,0.0,0.0,0.0,98/133,18.35%,SMOC2;ADAMTSL4;MMP19;LUM;DCN;VIT;MMP23B;MFAP5;MFAP2;FBLN5;ADAMTS2;MMP11;LOXL1;COMP;COL10A1;ADAMTS7;COL14A1;FBN2;ADAMTS10;ADAMTS5;NID1;RECK;POSTN;LOX;MMP10;ADAMTS3;VCAN;ACAN;MIA;TGFBI;FBN1;THBS1;MMP25;COL8A1;SPOCK2;HSPG2;BGN;MMP21;MMP16;COL9A1;NID2;IBSP;ADAMTS12;ADAMTS1;ADAMTS8;SMOC1;COL16A1;MMP15;VCAM1;COL13A1;ADAMTSL2;ADAMTSL5;ICAM3;PAPLN;ECM2;ITGAX;NCAN;ITGA6;NPNT;MMP17;HAPLN1;COL27A1;MADCAM1;ADAM12;JAM2;ICAM2;LAMA5;ITGAD;ITGA11;PXDN;COL17A1;ADAMTS9;F11R;SH3PXD2A;VTN;BCAN;MATN3;MMP24;ADAM19;NDNF;COL8A2;COL9A3;ICAM5;ITGA9;FURIN;ADAMTS17;ITGA8;CDH1;ST7;PECAM1;ITGB7;ITGA1;COLQ;AGRN;COL22A1;ADAMTS4;ITGA3;SPARC
prerank,GO_Biological_Process_2021::histone exchange (GO:0043486),-0.7280962458626481,-2.5451702154085507,0.0,0.0,0.0,24/33,11.90%,CENPN;CENPK;CENPH;CENPQ;CENPP;CENPL;CENPI;CENPT;CENPO;OIP5;CENPU;CENPW;CENPC;MIS18A;HJURP;MIS18BP1;SRCAP;RNF8;ITGB3BP;CENPM;ACTR6;DMAP1;CENPA;VPS72
prerank,GO_Biological_Process_2021::determination of left/right symmetry (GO:0007368),-0.705678214065471,-2.544660056701722,0.0,0.0,0.0,15/32,5.94%,DNAH5;DNAH11;CCDC39;DNAI1;DNAI2;CCDC40;DNAAF1;STIL;ARL6;KIF3B;DAND5;CFAP53;BBS7;MEGF8;GALNT11
prerank,GO_Biological_Process_2021::chromosome condensation (GO:0030261),-0.7205918867808893,-2.542293210696555,0.0,0.0,0.0,13/29,6.76%,NCAPH;NCAPD2;NCAPG;NCAPG2;NUSAP1;SMC4;SMC2;NCAPH2;CDCA5;PHF13;NCAPD3;MCPH1;KMT5A
prerank,"GO_Biological_Process_2021::DNA-templated transcription, elongation (GO:0006354)",-0.6262948588054194,-2.5374741171312287,0.0,0.0,0.0,35/57,19.66%,NELFB;IWS1;ELP2;PAF1;GTF2H3;CTDP1;SUPT6H;ELP4;GTF2H1;POLR2C;CCNT2;NELFCD;POLR1E;POLR2B;SUPT16H;TCEA2;GTF2F2;ERCC3;NELFA;SSRP1;CCNT1;SETD2;CCNK;MNAT1;EAF1;GTF2H5;NELFE;GTF2F1;RTF1;ELOF1;AFF4;GTF2H2;MLLT3;PCID2;TCEA1
prerank,GO_Biological_Process_2021::regulation of cell cycle G2/M phase transition (GO:1902749),-0.6008408533814596,-2.53296591700511,0.0,0.0,0.0,37/67,18.79%,ALMS1;CEP192;CENPF;CEP76;CEP41;TPX2;HAUS4;CEP164;CEP131;NEDD1;CLASP1;CEP290;CKAP5;CENPJ;CDK5RAP2;KIF14;CCP110;NDE1;ODF2;CEP70;HAUS2;CEP63;NEK2;CEP250;GTSE1;SDCCAG8;PCM1;HAUS5;AKAP9;PRKAR2B;HAUS6;ATAD5;CEP152;TUBG1;CEP135;CETN2;OFD1
prerank,GO_Biological_Process_2021::DNA recombination (GO:0006310),-0.6927700388257942,-2.530058461816433,0.0,0.0,0.0,22/34,15.00%,GEN1;THAP9;RAD51D;LIG4;RAD51C;RAD54L;RPA1;RHNO1;RAD54B;MSH3;RAD50;RECQL5;WRN;XRCC3;IGHMBP2;MSH2;RAD21;BLM;RAD52;RAG1;DMC1;RECQL
prerank,"GO_Biological_Process_2021::nucleotide-excision repair, DNA gap filling (GO:0006297)",-0.8163802678407,-2.515516939246797,0.0,0.0,0.0,15/18,11.98%,RFC2;RPA3;RFC1;LIG3;LIG4;XRCC1;RPA1;UBA52;UBC;POLK;RPA2;LIG1;RFC4;RFC5;RFC3
prerank,GO_Biological_Process_2021::telomere organization (GO:0032200),-0.7057575192983466,-2.513276022936011,0.0,0.0,0.0,18/31,11.78%,RPA3;HUS1;HUS1B;RAD51D;RPA1;DCLRE1B;RAD50;ERCC4;WRN;RPA2;RIF1;POT1;DOT1L;XRCC5;TERF2;BLM;NBN;ZNF365
prerank,GO_Biological_Process_2021::mismatch repair (GO:0006298),-0.7671387170404425,-2.5087615223865494,0.0,0.0,0.0,17/23,11.44%,RPA3;MSH5;MSH6;MLH1;MLH3;RPA1;MUTYH;MSH3;PMS2;MCM9;RPA2;LIG1;MSH2;PMS1;SETD2;TDG;XPC
prerank,GO_Biological_Process_2021::neutrophil migration (GO:1990266),0.7598065363960843,2.499388583784791,0.0,0.0,0.0,48/56,18.65%,S100A12;PRTN3;GP2;S100A8;CCL21;CCL26;CCL16;CCL5;CXCL13;CXCL9;CCL19;PF4V1;SAA1;CXCL1;PF4;CCL8;FCER1G;CCL17;CXCL11;CD177;CCL14;CXCL6;CCL25;CCL7;CXCL5;CCL22;CCL13;EDN1;NCKAP1L;CCL15;CCL1;XCL2;S100A9;CXCL3;CCL20;CKLF;XCL1;CCL23;JAML;PPBP;PLA2G1B;CCL18;EDN2;CXCL2;PECAM1;CCL3;CCL24;EDN3
prerank,GO_Biological_Process_2021::ribosome biogenesis (GO:0042254),-0.519401225252858,-2.497461658648444,0.0,0.0,0.0,88/155,13.14%,TEX10;MRTO4;PDCD11;RRP1;RRP36;WDR18;BYSL;PAK1IP1;DDX52;DDX49;RRS1;DDX54;BOP1;VCX;SURF6;NOC4L;TBL3;WDR75;WDR12;HEATR1;UBA52;UTP4;NOP14;UTP14A;NOL6;NIP7;BMS1;NVL;RRP1B;DDX10;RRP9;WDR3;PELP1;EXOSC10;EXOSC2;DDX31;RIOK2;EXOSC9;LTV1;NOL9;RIOK1;METTL17;LSG1;DHX37;NOLC1;RRP12;HELQ;EXOSC4;NOL11;DHX29;FCF1;WDR43;MPHOSPH10;EXOSC5;LAS1L;MDN1;RPF2;PES1;SDAD1;WDR74;WDR36;MALSU1;UTP15;EXOSC3;NOC2L;MRPL36;ZNF622;EBNA1BP2;UTP6;MRPL22;RCL1;EXOSC7;URB2;UTP20;ABCE1;ESF1;DDX27;NOP16;ZNF658;EMG1;EXOSC1;RPF1;RPL26L1;UTP3;IMP3;RPS9;KRR1;EXOSC8
prerank,GO_Biological_Process_2021::regulation of signal transduction by p53 class mediator (GO:1901796),-0.5323347723221428,-2.492050612769048,0.0,0.0,0.0,45/122,13.82%,RFC2;RMI1;RAD9B;RPA3;HUS1;TOP3A;PAK1IP1;RAD1;TOPBP1;RAD17;TPX2;RPA1;RRS1;BOP1;RAD9A;RHNO1;POU4F1;TAF2;RAD50;WRN;RPA2;RBBP8;KMT5A;TAF3;TAF13;MBD3;EHMT1;RPF2;TAF9B;SUPT16H;NOC2L;NOP2;TTC5;TAF11;SSRP1;RFC4;BLM;NBN;RFC5;BRD7;RFC3;L3MBTL1;ATRIP;KAT6A;BRPF1
prerank,GO_Biological_Process_2021::DNA damage checkpoint signaling (GO:0000077),-0.7387277891043638,-2.490324557986472,0.0,0.0,0.0,16/26,12.90%,HUS1;RPA4;RAD1;RAD17;RAD9A;INTS7;RHNO1;TP53BP1;DOT1L;HINFP;DONSON;CEP63;ZNF830;NBN;CLSPN;ATRIP
prerank,"GO_Biological_Process_2021::maturation of 5.8S rRNA from tricistronic rRNA transcript (SSU-rRNA, 5.8S rRNA, LSU-rRNA) (GO:0000466)",-0.7677827524413663,-2.489470505076007,0.0,0.0,0.0,17/22,14.30%,NOP9;RRS1;KRI1;WDR12;NOP14;EXOSC10;EXOSC2;EXOSC9;FTSJ3;NOL9;PES1;EXOSC3;URB1;EXOSC7;UTP20;EXOSC8;ERI1
prerank,GO_Biological_Process_2021::mitotic DNA damage checkpoint signaling (GO:0044773),-0.6447215637763173,-2.4849459399961837,0.0,0.0,0.0,22/45,12.94%,RAD9B;HUS1;HUS1B;MDC1;EME2;TICRR;TOPBP1;RAD17;RAD9A;MUS81;RPA2;RFWD3;FZR1;UIMC1;TIPIN;DONSON;ZNF830;TRIM39;BLM;NBN;CLSPN;FBXO31
prerank,GO_Biological_Process_2021::tRNA processing (GO:0008033),-0.6113927719887249,-2.4800927410372653,0.0,0.0,0.0,31/56,20.95%,WDR4;NSUN6;METTL1;FTSJ1;TRMT61A;TRMT10A;TRMT10B;TRUB1;AARS2;NSUN2;POP7;RPP30;ADAT1;TSEN15;CPSF1;POP1;CTU1;TRDMT1;TRMT6;CTU2;TYW5;CDKAL1;TSEN34;CSTF2;TRIT1;POP5;PTCD1;LCMT2;CPSF4;PUS3;CLP1
prerank,GO_Biological_Process_2021::transcription elongation from RNA polymerase II promoter (GO:0006368),-0.6166004888038167,-2.4798500353811863,0.0,0.0,0.0,33/55,19.66%,NELFB;IWS1;ELP2;PAF1;GTF2H3;CTDP1;SUPT6H;ELP4;GTF2H1;POLR2C;CCNT2;NELFCD;POLR2B;SUPT16H;GTF2F2;ERCC3;NELFA;SSRP1;CCNT1;SETD2;CCNK;MNAT1;EAF1;GTF2H5;NELFE;GTF2F1;RTF1;ELOF1;AFF4;GTF2H2;MLLT3;PCID2;TCEA1
prerank,GO_Biological_Process_2021::neutrophil chemotaxis (GO:0030593),0.7688838338194253,2.4751442829608066,0.0,0.0,0.0,41/50,14.98%,S100A12;S100A8;CCL21;CCL26;CCL16;CCL5;CXCL13;CXCL9;CCL19;PF4V1;SAA1;CXCL1;PF4;CCL8;FCER1G;CCL17;CXCL11;CCL14;CXCL6;CCL25;CCL7;CXCL5;CCL22;CCL13;EDN1;NCKAP1L;CCL15;CCL1;XCL2;S100A9;CXCL3;CCL20;CKLF;XCL1;CCL23;JAML;PPBP;PLA2G1B;CCL18;EDN2;CXCL2
prerank,GO_Biological_Process_2021::cytokine-mediated signaling pathway (GO:0019221),0.6290516327396971,2.4737182186887794,0.0,0.0,0.0,254/380,23.04%,JAGN1;IFI30;PLVAP;CD300LF;HLA-DQB2;CTSG;LILRB2;PRTN3;FPR1;LBP;TNFRSF25;LILRB4;CIITA;MX2;RNASEL;TMSB4X;DUOX1;HLA-DPB1;CCL21;CCL26;BATF;RSAD2;TNFRSF11A;CCL16;CCL5;CXCL13;CXCL9;SERPINB2;OASL;CCL19;HLA-DPA1;LCN2;OAS1;PF4V1;SAA1;TWIST1;IL2;IFITM3;HLA-DQA2;OAS2;CXCL1;AIM2;PF4;CCL8;IL7;HLA-DQB1;FCER1G;CSF3;CCL17;XAF1;CDIP1;CXCL11;CCL14;IFITM1;IFIT1;CXCL6;DUOX2;OAS3;CCL25;CCL7;LEP;CXCL5;CCL22;HLA-DQA1;HIF1A;CCL13;VCAM1;IFI27;PTPN6;IRF4;SHC1;ISG20;HLA-DRA;YAP1;FOXO1;LCP1;FOXO3;CCL15;IRAK2;IL34;CCL1;CANX;MT2A;EPO;IL32;XCL2;IL1RN;GSTA2;VAV1;ALOX15;GRAP2;CSK;CXCL3;ITGAX;COMMD7;CCL20;PTPRZ1;SKP1;TNFRSF11B;MX1;GBP1;STX3;HMOX1;XCL1;F13A1;STAT4;CD36;CCL23;LIF;IFIT3;BCL2L11;IRF8;ZEB1;LAMA5;LIMS1;IL36G;PPBP;IL1RL2;CCL18;IL36RN;MYC;IL16;IFIT5;OSM;TNFRSF1B;IL1R2;IL1F10;ANXA1;STX1A;IFIT2;SAMHD1;CEACAM1;RAP1B;PDCD4;CBL;TNFSF15;BST2;GATA3;CAPZA1;IL23R;IRF5;HSPA9;EDN2;ILK;IL7R;B2M;SOCS2;CXCL2;CNTFR;IFITM2;MAP3K3;NUMBL;IRF7;RPS6KA4;IL18BP;MYD88;CNTF;PML;CEBPA;ACTN4;TRAF6;CEBPD;CRLF2;STAT5A;SOX2;ABL2;TRAF1;PSMF1;TRIM38;SPI1;IFNL2;IL20RA;RIPK2;TXNDC17;IFI6;LRP8;CUL1;STAT6;IL11;TCP1;GPR35;IRF2;FOS;EIF5A;SLA;IL31;CCL3;IRAK3;TIMP1;IL12RB1;PSMD5;TRIM5;CCL24;IFI35;LIFR;CNN2;IL3;UBE2N;IRF9;EBI3;PYDC1;TNFRSF13B;IL37;BOLA2;IL20RB;GBP2;IL12RB2;IFNL1;SOCS1;NANOG;CFL1;IL24;SOD2;TRAF2;TRIM62;STAT5B;CDKN1A;PYCARD;SH2B3;UBB;IL26;IRS2;TRIM25;NOD1;ACKR3;IRAK4;STAT1;HLA-C;IL22RA2;PSMB2;TRAF3;IL15RA;TNIP2;PSMA2;CDC42;IRF6;IL36B;CCL4;PSMA8;RALA;SOS1;LMNB1;STX4;TRIM22;TALDO1;IL1RAP;IL27RA;PSMB4;ISG15;HLA-A;NDN;HLA-B;PRLR;PSMD9
prerank,GO_Biological_Process_2021::inflammatory response (GO:0006954),0.6713716054322599,2.4723690946893986,0.0,0.0,0.0,115/150,21.39%,APOL3;TMIGD3;SLC11A1;NFAM1;FOLR2;CMKLR1;FPR3;FPR2;CHI3L1;CARD18;C3AR1;PTX3;LYZ;FPR1;CIITA;OLR1;TLR10;SIGLEC1;C5AR2;TLR6;ACKR1;S100A8;CCL21;CCL26;CCL16;CCL5;CXCL13;CXCL9;THBS1;VNN1;MMP25;CCL19;NRROS;PTGIR;PF4V1;NCR3;GGT5;HSPG2;CCR7;CXCL1;PF4;CCL8;MEFV;CCL17;ADAM8;CXCL11;CCL14;CXCL6;AIF1;CCL25;CCL7;CXCL5;CCL22;HYAL1;CCL13;ORM1;CCL15;CYBB;CCL1;CRP;XCL2;CD96;IL1RN;TLR1;PLA2G2D;S100A9;ALOX15;HPR;CXCL3;CCL20;LAT;NLRC4;TNFAIP6;XCL1;XCR1;CCL23;CCR3;IL36G;PPBP;F11R;CCL18;LY75;IL36RN;LOXL3;IL1F10;ANXA1;RELB;CEBPB;PTGFR;ADGRE5;CXCL2;HP;NAIP;AZU1;CCRL2;RIPK2;CYBA;FOS;CRH;CCL3;TBK1;CCL24;CDO1;PLA2G4B;IL37;LGALS9;BLNK;TUSC2;FUT7;BMP2;NOD1;KLRG1;SERPINA3;IL36B;CCL4
prerank,GO_Biological_Process_2021::protein K11-linked ubiquitination (GO:0070979),-0.7165409406849033,-2.472091803732061,0.0,0.0,0.0,15/27,12.75%,ANAPC7;ANAPC2;CDC23;ANAPC5;CDC16;ANAPC10;ANAPC1;ANAPC11;ANAPC13;CDC27;FZR1;CDC26;ANAPC4;RNF4;UBE2S
prerank,GO_Biological_Process_2021::synaptic membrane adhesion (GO:0099560),-0.867291406913367,-2.4685394931947653,0.0,0.0,0.0,10/14,4.56%,LRRC4C;LRRC4B;NTNG1;LRRC4;SLITRK2;PTPRD;SLITRK3;LRFN4;SLITRK1;LRFN5
prerank,GO_Biological_Process_2021::double-strand break repair via nonhomologous end joining (GO:0006303),-0.6370571991702628,-2.4656886693570605,0.0,0.0,0.0,26/48,16.78%,LIG3;MDC1;LIG4;DCLRE1B;SMARCAL1;XRCC4;POLM;POLL;RAD50;ERCC4;DCLRE1A;PAXIP1;RIF1;RNF8;ERCC8;TP53BP1;SMC5;XRCC5;UIMC1;DCLRE1C;NBN;NSMCE2;SETMAR;PIAS4;KAT5;XRCC6
prerank,MSigDB_Hallmark_2020::Allograft Rejection,0.6757968649887931,2.4586912684636095,0.0,0.0,0.0,90/117,22.69%,GPR65;IGSF6;STAB1;SRGN;LY86;CFP;CD247;CAPG;ZAP70;CD8B;RPL39;CD8A;TLR6;HLA-DMA;CD7;TAP2;CCL5;CD1D;THY1;WAS;CXCL13;HLA-DOB;HLA-DMB;CXCL9;HLA-DOA;CCL19;KLRD1;IL2;C2;RPL9;LCP2;PF4;IL7;TRAT1;PRF1;NCF4;HCLS1;CCL7;CCL22;HLA-DQA1;HIF1A;CCL13;PTPN6;IRF4;HLA-DRA;CXCR3;CD96;TLR1;GZMA;CSK;GZMB;TAP1;STAT4;LIF;IRF8;EIF3D;LY75;IL16;NCK1;ETS1;FAS;NCR1;BCL3;UBE2D1;B2M;IRF7;KRT1;SPI1;RIPK2;IL11;EIF5A;TIMP1;IL12RB1;UBE2N;GBP2;ST8SIA4;SOCS1;CD79A;INHBB;EIF3A;TRAF2;BCL10;STAT1;CCL4;SIT1;ABI1;TAPBP;IL27RA;RPS3A;HLA-A
prerank,GO_Biological_Process_2021::DNA strand elongation (GO:0022616),-0.8672904969848201,-2.453692809572539,0.0,0.0,0.0,13/13,13.32%,GINS2;MCMDC2;GINS3;GINS1;DCLRE1B;GINS4;RAD50;MCM4;MCM7;RFC4;NBN;RFC3;MCM3
prerank,GO_Biological_Process_2021::protein localization to chromosome (GO:0034502),-0.7056970333034835,-2.4488233205420102,0.0,0.0,0.0,20/27,17.02%,RPA1;MCM8;XRCC4;MCM9;CTCF;RPA2;ATRX;MSH2;XRCC5;PINX1;RAD21;BOD1;WAPL;TERF2;CENPA;SLF2;SLF1;ACD;FAM47E;LEMD2
prerank,GO_Biological_Process_2021::regulation of immune effector process (GO:0002697),0.8081712811182674,2.4438599514019916,0.0,0.0,0.0,31/36,15.77%,CFHR1;C3AR1;CFP;C4BPB;C8G;CPB2;C4B;C5AR2;C4A;C4BPA;CFI;C8A;C2;C1R;C5;C7;C1QC;IRF4;CR1L;HLA-DRA;CFH;C8B;CR2;C6;C9;C1QB;VTN;CD46;C1QBP;C1QA;CD55
prerank,GO_Biological_Process_2021::translational elongation (GO:0006414),-0.5449442992376299,-2.442361750503487,0.0,0.0,0.0,45/99,13.75%,TSFM;LTN1;GFM2;MRPS2;EEFSEC;ERAL1;MRPL2;MRPS9;MRPS5;MRPS17;PTCD3;MRPS10;MRPL35;MRPL3;MRPL30;GFM1;MRPS12;MRPL24;MRPL19;MRPL49;MRPS11;MRPL4;MRPL48;MRPL45;MRPL13;MRPL1;MRPL36;EEF1G;MRPS27;MRPS18A;MRPL46;MRPL15;MRPL39;MRPL22;MRPL37;MRPL53;MRPS14;MRPS23;MRPS28;MRPS26;MRPS22;MRPL44;MRPL10;EEF2K;MRPS31
prerank,GO_Biological_Process_2021::error-prone translesion synthesis (GO:0042276),-0.7717068523226763,-2.4316502929129094,0.0,0.0,0.0,14/19,12.51%,RFC2;RPA3;RFC1;RPA1;UBA52;UBC;POLK;RPA2;POLH;MAD2L2;RFC4;RFC5;RFC3;POLI
prerank,GO_Biological_Process_2021::response to ionizing radiation (GO:0010212),-0.5851088074563573,-2.4304969107265584,0.0,0.0,0.0,31/60,16.19%,EYA3;RAD9B;HUS1;LIG4;TICRR;RAD1;TOPBP1;FIGNL1;RAD9A;INTS7;RHNO1;XRCC4;PAXIP1;RFWD3;RNF8;SPIDR;MSH2;UIMC1;ECT2;INO80;BLM;BRAT1;DCUN1D3;SWI5;RAD51AP1;NABP2;EYA1;INIP;STK11;USP28;KAT5
prerank,GO_Biological_Process_2021::regulation of neurotransmitter receptor activity (GO:0099601),-0.6259458832141105,-2.426813412194169,0.0,0.0,0.0,23/43,12.93%,DLGAP2;DLG2;SHISA9;NETO1;SHISA7;CACNG4;NLGN2;SHISA6;LRRC7;LYNX1;CACNG7;DLGAP3;SHISA8;CACNG3;CNIH2;CNIH3;DLGAP4;NPTXR;BEGAIN;MINK1;PRRT1;AKAP9;NPTX2
prerank,GO_Biological_Process_2021::regulation of complement activation (GO:0030449),0.8107908727068569,2.4264264634650248,0.0,0.0,0.0,30/34,15.77%,CFHR1;C3AR1;CFP;C4BPB;C8G;CPB2;C4B;C5AR2;C4A;C4BPA;CFI;C8A;C2;C1R;C5;C7;C1QC;CR1L;CFH;C8B;CR2;C6;C9;C1QB;PHB;VTN;CD46;C1QBP;C1QA;CD55
prerank,GO_Biological_Process_2021::granulocyte chemotaxis (GO:0071621),0.7499638610183808,2.4160364460745214,0.0,0.0,0.0,43/53,14.98%,S100A12;S100A8;CCL21;CCL26;CCL16;CCL5;CXCL13;CXCL9;CCL19;PF4V1;SAA1;CXCL1;PF4;CCL8;ADGRE2;FCER1G;CCL17;CXCL11;CCL14;CXCL6;CCL25;CCL7;CXCL5;CCL22;CCL13;EDN1;NCKAP1L;CCL15;CCL1;XCL2;S100A9;CXCL3;CCL20;CKLF;XCL1;CCL23;JAML;PPBP;PLA2G1B;CCL18;ANXA1;EDN2;CXCL2
prerank,GO_Biological_Process_2021::response to interferon-gamma (GO:0034341),0.7254664065418056,2.4071371572695086,0.0,0.0,0.0,50/64,21.39%,SLC11A1;GBP4;CIITA;CCL21;CCL26;CCL16;CCL5;GBP5;CCL19;HLA-DPA1;IFITM3;GBP3;CCL8;MEFV;CCL17;CCL14;IFITM1;AIF1;CCL25;CCL7;CCL22;CCL13;CCL15;CCL1;XCL2;CCL20;GBP1;XCL1;CCL23;IRF8;CCL18;GBP7;CXCL16;GCH1;BST2;IL23R;KYNU;IFITM2;SIRPA;UBD;TDGF1;CCL3;IL12RB1;CCL24;LGALS9;GBP2;CYP27B1;STAT1;DAPK3;CCL4
prerank,GO_Biological_Process_2021::regulation of humoral immune response (GO:0002920),0.7902994171473865,2.4014929348632834,0.0,0.0,0.0,32/37,15.77%,CFHR1;C3AR1;CFP;C4BPB;C8G;CPB2;C4B;C5AR2;C4A;CXCL13;C4BPA;CFI;C8A;C2;CCR7;C1R;C5;C7;C1QC;CR1L;CFH;C8B;CR2;C6;C9;C1QB;VTN;CD46;GATA6;C1QBP;C1QA;CD55
prerank,GO_Biological_Process_2021::protein-DNA complex assembly (GO:0065004),-0.5439833608559835,-2.4012995709869798,0.0,6.493265450132248e-06,0.0005,41/75,18.26%,NAP1L3;NAP1L2;RPA3;ORC4;ORC6;GRWD1;RPA1;MCM2;MCM8;MCM5;UBA52;GMNN;ERCC5;UBC;CHD1L;RPA2;ORC3;GTF2H3;GTF2H1;ATRX;ORC2;MCM4;MCM6;XPA;MCM7;SART3;ERCC3;XPC;MNAT1;GTF2H5;MCM3;DMC1;PSMD10;DDB2;PSME3;ORC1;KAT6B;RSF1;CETN2;GTF2H2;SMARCA5
prerank,GO_Biological_Process_2021::regulation of interleukin-6 production (GO:0032675),0.7133437962570589,2.395532868649376,0.0,0.0,0.0,51/68,20.16%,C1QTNF3;TMEM106A;LILRA2;LILRB2;LBP;LILRB4;PTPN22;BPI;C5AR2;LILRA5;TLR6;DDX58;LPL;CLEC7A;SCIMP;TWIST1;CARD9;AIF1;TREM2;HYAL2;LEP;ORM1;PTPN6;NCKAP1L;TYROBP;FOXJ1;TIRAP;TLR1;IFIH1;GHRL;MAPK13;IL16;XBP1;PLCG2;NLRP12;TNFAIP3;SIRPA;NLRC3;MYD88;F2RL1;CYBA;CD200R1;IRAK3;HSPD1;IL37;ZC3H12A;LGALS9;SLAMF1;BCL10;GBA;PYCARD
prerank,GO_Biological_Process_2021::RNA methylation (GO:0001510),-0.5939246698011013,-2.39405372043446,0.0,1.282419926401119e-05,0.001,32/57,19.45%,TRMO;HENMT1;BCDIN3D;NSUN4;NSUN6;DIMT1;METTL1;FTSJ1;FTSJ3;TRMT61B;TRMT61A;TRMT10A;TARBP1;NSUN2;NOP2;MTERF4;FBLL1;TYW3;METTL6;TGS1;TFB1M;TRDMT1;ZCCHC4;TRMT6;MTO1;CMTR1;METTL3;TRMT5;LCMT2;NSUN3;ALKBH8;WDR6
prerank,GO_Biological_Process_2021::maturation of SSU-rRNA (GO:0030490),-0.680512194926472,-2.3922653259923288,0.0,1.2665875816307347e-05,0.001,23/30,19.08%,RRP36;DDX52;TSR1;NAT10;HEATR1;UTP4;NOP14;BMS1;WDR3;RIOK2;RIOK1;DHX37;MRPS11;NOL11;TSR2;UTP6;SRFBP1;NGDN;UTP3;WDR46;DCAF13;NOL10;NOB1
prerank,GO_Biological_Process_2021::kinetochore organization (GO:0051383),-0.8521164739250118,-2.388589485446195,0.0,1.2511413916108478e-05,0.001,11/13,11.32%,CENPH;CENPT;NUF2;CENPF;CENPW;CENPC;DLGAP5;NDC80;CENPE;POGZ;CENPA
prerank,GO_Biological_Process_2021::cellular response to interferon-gamma (GO:0071346),0.678168528747999,2.3863884251451526,0.0,0.0,0.0,68/93,22.99%,IFI30;HLA-DQB2;GBP4;CIITA;HLA-DPB1;CCL21;CCL26;CCL16;CCL5;OASL;GBP5;CCL19;HLA-DPA1;OAS1;HLA-DQA2;OAS2;GBP3;CCL8;HLA-DQB1;CCL17;CCL14;AIF1;OAS3;CCL25;CCL7;CCL22;HLA-DQA1;CCL13;VCAM1;IRF4;HLA-DRA;CCL15;CCL1;MT2A;XCL2;CCL20;GBP1;XCL1;CCL23;IRF8;CCL18;GBP7;IRF5;B2M;IRF7;SIRPA;PML;TDGF1;TRIM38;IRF2;CCL3;IL12RB1;TRIM5;CCL24;IRF9;LGALS9;GBP2;TRIM62;TRIM25;STAT1;HLA-C;DAPK3;IRF6;CCL4;TRIM22;GAPDH;HLA-A;HLA-B
prerank,GO_Biological_Process_2021::regulation of exit from mitosis (GO:0007096),-0.646836078515361,-2.3778896718245193,0.0,1.2360673989408375e-05,0.001,22/37,12.75%,KNTC1;ANAPC7;ANAPC2;CDC23;ANAPC5;CDC16;CDCA5;ANAPC10;UBA52;ANLN;ANAPC1;ANAPC11;UBC;MAD2L1BP;CDC27;BUB3;ZW10;CDC26;CDC14A;ANAPC4;NEK2;UBE2S
prerank,GO_Biological_Process_2021::DNA replication checkpoint signaling (GO:0000076),-0.8008171909709029,-2.3741019020377157,0.0,1.2213523108582086e-05,0.001,11/16,11.31%,RAD9B;HUS1;HUS1B;TICRR;TOPBP1;RAD17;RAD9A;TIPIN;CDC45;ZNF830;CLSPN
prerank,GO_Biological_Process_2021::mitotic spindle assembly (GO:0090307),-0.6345052551649164,-2.368513531852796,0.0,1.2069834601422296e-05,0.001,23/36,19.27%,PRC1;KIF4B;KIF4A;CEP192;KIF3B;TPX2;KIFC2;SMC3;RACGAP1;STAG1;AURKC;SMC1A;CLASP1;BCCIP;CCDC61;STAG2;AAAS;KIF2A;KIFC1;WRAP73;CLASP2;OFD1;KIF23
prerank,GO_Biological_Process_2021::homologous chromosome pairing at meiosis (GO:0007129),-0.7274580451580824,-2.3681077573462797,0.0,1.192948768745227e-05,0.001,13/22,9.14%,SYCE1;TEX12;HORMAD1;SYCP2;SYCE3;TEX11;SYCE2;ANKRD31;MEIOB;STAG3;TRIP13;RNF212;RAD21
prerank,GO_Biological_Process_2021::platelet degranulation (GO:0002576),0.6745208033194605,2.364997835852639,0.0,0.0,0.0,63/86,22.09%,ISLR;LHFPL2;SCCPDH;TMX3;PHACTR2;TOR4A;ECM1;RARRES2;TIMP3;SRGN;SPP2;MMRN1;TMSB4X;KNG1;VCL;RAB27B;THBS1;CHID1;SERPINF2;FAM3C;CLEC3B;HRG;ORM2;PF4;QSOX1;CTSW;ORM1;ITIH3;AHSG;TAGLN2;LGALS3BP;STXBP2;CD109;F13A1;CD36;APOA1;TTN;PPBP;EGF;APOH;WDR1;PCDH7;ALB;ITIH4;TLN1;ACTN4;SERPINA1;PECAM1;ACTN1;TIMP1;TEX264;FERMT3;SPARC;PSAP;PLEK;ABCC4;MANF;SERPINA3;CD9;APLP2;NHLRC2;SYTL4;ALDOA
prerank,GO_Biological_Process_2021::regulation of ERK1 and ERK2 cascade (GO:0070372),0.6389164947335385,2.359767227008632,0.0,0.0,0.0,96/145,23.12%,EMILIN1;MARCO;FPR2;TIMP3;DDT;FBLN1;CHI3L1;PTPN22;ABCA7;ADIPOQ;CCL21;CCL26;CCL16;CCL5;S100A7;TGFBR3;CCL19;SERPINF2;SCIMP;CCR7;CCL8;CARD9;CCL17;CCL14;CCL25;CCL7;TREM2;PTPRR;CCL22;CCL13;GLIPR2;PTPN6;SHC1;CCL15;RRAS;CCL1;DSTYK;XCL2;APELA;TIRAP;DUSP6;ALOX15;CCL20;GBP1;TNFAIP8L3;NEK10;XCL1;NPNT;CD36;CCL23;SPRY1;FERMT2;GATA4;CCL18;ADCYAP1;PHB;CEACAM1;HAND2;DUSP9;PTEN;ARRB2;FGF10;SIRPA;F2RL1;PRKD2;ARHGEF5;PKHD1;ATP6AP1;CCL3;RASGRP1;CCL24;BMPER;PTPN1;LGALS9;APOE;SLAMF1;SYNJ2BP;GPR183;FGF19;DUSP10;PYCARD;TRAF7;IL26;BMP2;ACKR3;EZR;THPO;TNIP1;PTPN2;CCL4;FFAR4;FBXW7;LMO3;PHB2;RGS14;PDGFD
prerank,GO_Biological_Process_2021::DNA strand elongation involved in DNA replication (GO:0006271),-0.8329898279159371,-2.3589336488579153,0.0,1.1792367139320634e-05,0.001,12/13,13.32%,GINS2;MCMDC2;LIG3;GINS3;GINS1;GINS4;LIG1;MCM4;MCM7;RFC4;RFC3;MCM3
prerank,"GO_Biological_Process_2021::maturation of SSU-rRNA from tricistronic rRNA transcript (SSU-rRNA, 5.8S rRNA, LSU-rRNA) (GO:0000462)",-0.6945083185397821,-2.354957634598298,0.0,1.1658362967282899e-05,0.001,20/26,18.06%,NOP9;RRP36;TSR1;RRS1;KRI1;TBL3;HEATR1;UTP4;NOP14;BMS1;DHX37;MRPS11;TSR2;UTP6;UTP20;NGDN;UTP3;WDR46;DCAF13;NOL10
prerank,MSigDB_Hallmark_2020::Hypoxia,0.6333726835290538,2.3488506441715895,0.0,0.0,0.0,116/163,25.28%,CSRP2;FAM162A;SRPX;SLC6A6;LXN;DCN;KDELR3;IER3;S100A4;TGM2;PLAUR;PGAM2;STC1;TKTL1;LDHC;GLRX;LOX;P4HA2;PLAC8;TMEM45A;TGFBI;SDC2;GCK;BGN;TPST2;IGFBP1;PAM;IGFBP3;PYGM;JUN;VLDLR;ISG20;NDST2;FOXO3;FBP1;PPARGC1A;MT2A;PNRC1;FOSL2;ERO1A;GPI;HMOX1;NCAN;PLIN2;PFKP;BTG1;CP;HOXB9;ATF3;MYH9;GPC1;CAV1;HEXA;AKAP12;SDC3;SLC2A5;PFKFB3;BCAN;MT1E;ANGPTL4;P4HA1;PFKL;ETS1;MAFF;EDN2;PPP1R3C;TNFAIP3;HK2;SULT2B1;HSPA5;KLF7;DUSP1;ALDOB;FOS;TIPARP;ALDOC;SLC2A3;PPFIA4;NAGK;INHA;EXT1;GYS1;CDKN1A;KLF6;HAS1;IRS2;ACKR3;DPYSL4;TES;SCARB1;PKP1;STC2;ATP7A;ALDOA;DDIT4;GAPDH;PCK1;HK1;ZFP36;EFNA3;NFIL3;NOCT;NEDD4L;ENO3;PPP1R15A;PRDX5;PGM1;BNIP3L;PGK1;GPC4;KDM3A;SELENBP1;RORA;B4GALNT2;DDIT3;GAPDHS
prerank,GO_Biological_Process_2021::lymphocyte migration (GO:0072676),0.7872498522310559,2.347673406419322,0.0,0.0,0.0,29/33,17.82%,ZAP70;MYO1G;CCL21;CCL26;CCL16;CCL5;CCL19;SAA1;CCL8;CCL17;ADAM8;CCL14;CCL25;CCL7;CCL22;CCL13;CCL15;CCL1;XCL2;CCL20;CKLF;XCL1;CCL23;CCL18;CCR6;GATA3;TBX21;CCL3;CCL24
prerank,GO_Biological_Process_2021::cellular response to cytokine stimulus (GO:0071345),0.6024798837929312,2.3476187983975607,0.0,0.0,0.0,199/303,22.79%,PID1;CTSG;CHI3L1;DCSTAMP;PRTN3;MNDA;FPR1;LBP;ADAMTS7;GBP4;OCSTAMP;PTGIS;DUOX1;CCL21;CCL26;BATF;CCL16;CCL5;GBP5;CCL19;MYLK3;HLA-DPA1;LCN2;OAS1;SAA1;NLRP7;PTPN9;TWIST1;SBNO2;IL2;CCR7;CXCL1;AIM2;GBP3;PF4;CCL8;IL7;ADAMTS12;HAS2;CSF3;CCL17;HCLS1;CCL14;IFIT1;AIF1;DUOX2;CCL25;CCL7;HYAL2;LRCH1;CCL22;HIF1A;HYAL1;CCL13;VCAM1;PTPN6;IRF4;SHC1;FOXO1;FOXO3;CCL15;IRAK2;DOCK8;IL34;CCL1;MT2A;IL32;XCL2;IL1RN;VAV1;ALOX15;PTPN5;GRAP2;PTPN7;CSK;ITGAX;CCL20;PTPRZ1;GBP1;STX3;SMAD3;HMOX1;XCL1;F13A1;STAT4;NPNT;CD36;CCL23;LIF;NFAT5;BCL2L11;IRF8;DPYSL3;ZEB1;LAMA5;IL36G;ZFP36L1;MAPK13;YBX3;IL1RL2;CCL18;PHB;IL36RN;MYC;IL16;OSM;GBP7;TNFRSF1B;IL1R2;MT1X;IL1F10;ANXA1;STX1A;XBP1;CBL;GATA3;IL23R;IRF5;NLRP12;EDN2;SOCS2;CXCL2;CNTFR;IFITM2;NUMBL;SIRPA;IL18BP;CNTF;CEBPA;TRAF6;CEBPD;CRLF2;STAT5A;SOX2;ABL2;TDGF1;DUSP1;IFNL2;IL20RA;LRP8;STAT6;IL11;FOS;SLA;IL31;CCL3;IRAK3;TIMP1;RHOA;IL12RB1;TBK1;CCL24;LIFR;IL3;EBI3;IL37;ZC3H12A;IL20RB;LGALS9;GBP2;IL12RB2;IFNL1;SOX9;SOCS1;NANOG;NR1D1;IL24;PYHIN1;NPR2;GBA;STAT5B;CDKN1A;PYCARD;SH2B3;UBB;IL26;FOXH1;ASAH2;IRAK4;STAT1;DAPK3;IL22RA2;PTPRT;IL36B;PTPN2;CCL4;SOS1;ASAH1;STX4;PTPN18;HNRNPU;IL1RAP;PTPN14;IL27RA;GAPDH;ANKRD1;ZFP36;NDN;SIGIRR
prerank,GO_Biological_Process_2021::epithelial cilium movement involved in extracellular fluid movement (GO:0003351),-0.7815394257182703,-2.3462785341356596,0.0,2.3054740249907755e-05,0.002,10/17,4.39%,CCDC39;CCDC40;DNAAF1;SPEF2;SPAG17;CABYR;ROPN1L;CFAP53;DNAAF2;SPA17
prerank,GO_Biological_Process_2021::nuclear DNA replication (GO:0033260),-0.8672183640370941,-2.343187327181048,0.0,2.2798576469353224e-05,0.002,11/11,13.32%,MCMDC2;RPA4;MCM2;MCM5;ORC3;MCM4;MCM6;MCM7;DONSON;ZNF830;MCM3
prerank,GO_Biological_Process_2021::regulation of mitotic cell cycle phase transition (GO:1901990),-0.4914958708310335,-2.3411406839920246,0.0,2.2548042661997695e-05,0.002,59/138,14.35%,ALMS1;KNTC1;CEP192;CENPF;CEP76;ANAPC7;CEP41;ANAPC2;TPX2;CDC23;ANAPC5;CDC16;HAUS4;CEP164;ANAPC10;UBA52;ANLN;ANAPC1;ANAPC11;RIOK2;UBC;MAD2L1BP;CEP131;NEDD1;CLASP1;CDC27;CEP290;FZR1;CKAP5;CENPJ;BUB3;ZW10;CDC26;CDK5RAP2;KIF14;CCP110;CDC14A;NDE1;ODF2;ERCC3;CENPE;CEP70;HAUS2;ANAPC4;CEP63;INO80;NEK2;CEP250;XPC;SDCCAG8;PCM1;UBE2S;HAUS5;AKAP9;PRKAR2B;APPL2;PSMD10;PSME3;HAUS6
prerank,GO_Biological_Process_2021::regulation of actin filament polymerization (GO:0030833),0.7073704839047177,2.340565481797293,0.0,0.0,0.0,39/61,21.78%,KANK3;ARHGAP18;VIL1;LMOD1;COTL1;PFN3;MYADM;EVL;DBN1;CCL21;CCL26;CCR7;CSF3;HCLS1;BAIAP2;CDC42EP5;NCKAP1L;MTPN;BAIAP2L2;ALOX15;NCKAP1;ESAM;PAK3;NCK1;SLIT2;TWF2;CDC42EP3;NCK2;CTTN;BAIAP2L1;DBNL;CDC42EP4;SSH1;CCL24;SNX9;PYCARD;VASP;ARF6;PLEKHG2
prerank,"GO_Biological_Process_2021::nucleotide-excision repair, preincision complex assembly (GO:0006294)",-0.7013788055749479,-2.339865415006618,0.0,2.230295524175859e-05,0.002,18/23,20.27%,RPA3;RPA1;UBA52;ERCC5;UBC;CHD1L;RPA2;GTF2H3;GTF2H1;XPA;ERCC3;XPC;MNAT1;GTF2H5;DDB2;CETN2;GTF2H2;CUL4B
prerank,GO_Biological_Process_2021::double-strand break repair via break-induced replication (GO:0000727),-0.8672183640370941,-2.3329564540341585,0.0,2.206313851872893e-05,0.002,11/11,13.32%,GINS2;MCMDC2;MCM2;MCM5;MUS81;GINS4;MCM4;MCM6;MCM7;CDC45;MCM3
prerank,MSigDB_Hallmark_2020::Myc Targets V2,-0.5802306638285598,-2.3324306291427384,0.0,2.1828424279167983e-05,0.002,27/53,11.56%,MRTO4;BYSL;GRWD1;NOC4L;MCM5;PPRC1;NIP7;IPO4;RRP9;NOLC1;RRP12;MYBBP1A;GNL3;WDR43;MPHOSPH10;EXOSC5;LAS1L;PES1;WDR74;MCM4;NOP2;PUS1;PPAN;RCL1;UTP20;CBX3;NOP16
prerank,GO_Biological_Process_2021::DNA modification (GO:0006304),-0.7189727998634848,-2.329123290128087,0.0,2.1598651392018845e-05,0.002,16/21,20.40%,MUTYH;OGG1;POT1;SMUG1;EXOSC4;EXOSC5;EXOSC3;TERF2;NTHL1;TDG;MBD4;MPG;ACD;NEIL3;UNG;TERF2IP
prerank,GO_Biological_Process_2021::regulation of T cell proliferation (GO:0042129),0.7350144711892729,2.3290010721671504,0.0,0.0,0.0,30/43,16.57%,LILRB2;LILRB4;VSIG4;LILRB1;HLA-DPB1;CCL5;CD1D;HLA-DMB;CD209;CCL19;HLA-DPA1;AIF1;LEP;VCAM1;NCKAP1L;FOXP3;PLA2G2D;ARG1;TNFRSF1B;IL4I1;ANXA1;NCK1;PLA2G2F;CD46;SPN;CEBPB;IL23R;NCK2;CLC;SFTPD
prerank,GO_Biological_Process_2021::receptor-mediated endocytosis (GO:0006898),0.640071631963573,2.3270041872567178,0.0,0.0,0.0,73/113,21.79%,LRP3;MARCO;FPR2;STAB1;COLEC12;CUBN;SCARF1;CD207;LILRB4;AMBP;HPX;MX2;CLEC9A;MASP1;LILRB1;MSR1;AMN;SAA1;SCGB3A2;HSPG2;APOL1;COLEC11;NEDD4;PDLIM7;FCER1G;VLDLR;WASF1;STAB2;DNM1;CANX;LDLR;CTSL;IGF2R;PPT1;HPR;MX1;CD36;MRC1;CAV1;APOA1;RAB31;CLN3;CD163;M6PR;CXCL16;AP2A2;ARRB2;CTTN;AP1G2;HP;ALB;FNBP1L;SFTPD;DAB2;SGIP1;SNX1;ASGR1;ARHGAP27;SPARC;APOE;SNX9;CLTC;AP2B1;EPS15;SORL1;ACKR3;CLTCL1;AP2S1;AP2A1;SCARB1;CD9;DNAJC13;FCHO2
prerank,GO_Biological_Process_2021::monocyte chemotaxis (GO:0002548),0.8014716026952187,2.3265550894348848,0.0,0.0,0.0,24/28,13.60%,PTPRO;FOLR2;S100A12;CCL21;CCL26;TNFRSF11A;CCL16;CCL5;CCL19;CCL8;CCL17;CCL14;CCL25;CCL7;CCL22;CCL13;CCL15;CCL1;XCL2;CCL20;XCL1;CCL23;CCL18;ANXA1
prerank,GO_Biological_Process_2021::negative regulation of cytokine production (GO:0001818),0.6323867293812127,2.3240858085538245,0.0,0.0,0.0,87/132,22.79%,C1QTNF3;SSC5D;SLC11A1;CMKLR1;SRGN;ANXA4;APOA2;LGALS7;PIBF1;LILRB4;PTPN22;VSIG4;BPI;TMSB4X;LAPTM5;C5AR2;LILRA5;TLR6;LILRB1;DDX58;THBS1;CHID1;NLRP7;RGCC;CIDEA;CCR7;CLEC4A;MEFV;HERC5;TREM2;LGALS9B;ORM1;PTPN6;NCKAP1L;FOXP3;TYROBP;FOXJ1;BTN2A2;IFIH1;CD34;GBP1;XCL1;APOA1;GHRL;SLC2A10;IL36RN;ANXA1;CEACAM1;PDCD4;C1QBP;IL23R;BCL3;NLRP12;TNFAIP3;LGALS9C;SIRPA;RPS6KA4;TBX21;NLRC3;F2RL1;NPTN;SFTPD;APOD;RNF135;CD200R1;IRAK3;TBK1;UBA7;IL37;ZC3H12A;LGALS9;IFNL1;INHBB;SLAMF1;INHA;GBA;PYCARD;TRIM25;EZR;UBE2L6;CD84;FFAR4;DHX58;ISG15;KLF4;ZFP36;SIGIRR
prerank,GO_Biological_Process_2021::mitotic nuclear division (GO:0140014),-0.5519979467345416,-2.3239502577121205,0.0,2.137366544001865e-05,0.002,32/64,13.36%,CENPK;NCAPG2;NUSAP1;SMC4;KIF18B;CEP192;KIF3B;KIF25;TPX2;KIFC2;SMC3;STAG1;SPAG5;SMC1A;CLASP1;CTDP1;BCCIP;CCDC61;STAG2;ZW10;NDC80;KIF18A;NDE1;DSN1;KNSTRN;AAAS;TUBG2;INO80;PPP2R2D;UBE2S;KIF2A;KIFC1
prerank,GO_Biological_Process_2021::snRNA 3'-end processing (GO:0034472),-0.7440382002853119,-2.3237606497717165,0.0,2.1153318373626703e-05,0.002,14/20,15.98%,SAGE1;INTS7;INTS1;EXOSC2;INTS12;EXOSC9;EXOSC4;EXOSC5;EXOSC3;EXOSC7;INTS2;USB1;EXOSC8;TOE1
prerank,GO_Biological_Process_2021::error-free translesion synthesis (GO:0070987),-0.7343713198749343,-2.31648317140564,0.0,2.6171835232675896e-05,0.0025,14/19,12.95%,RFC2;RPA3;RFC1;RPA1;UBA52;SPRTN;UBC;RPA2;POLH;RFC4;RFC5;RFC3;NPLOC4;RCHY1
prerank,GO_Biological_Process_2021::regulation of interleukin-1 beta production (GO:0032651),0.7162082357273546,2.3145355276656425,0.0,0.0,0.0,44/54,22.28%,TMEM106A;CARD17;CARD18;LILRA2;MNDA;LILRB4;LILRA5;TLR6;LPL;CLEC7A;GBP5;CCL19;NLRP7;ORM2;CCR7;AIM2;MEFV;ORM1;TYROBP;CX3CR1;NLRC4;CARD16;CD36;APOA1;GHRL;NLRP12;TNFAIP3;SERPINB1;AZU1;SIRPA;MYD88;F2RL1;GSDMD;RIPK2;CCL3;PYDC1;ZC3H12A;LGALS9;USP50;PYHIN1;PYCARD;CARD8;FFAR4;NLRP1
prerank,GO_Biological_Process_2021::mitotic intra-S DNA damage checkpoint signaling (GO:0031573),-0.8190822409509323,-2.3132895210701503,0.0,2.5907473260628665e-05,0.0025,9/13,9.31%,RAD9B;HUS1;HUS1B;MDC1;EME2;RAD17;RAD9A;MUS81;TIPIN
prerank,GO_Biological_Process_2021::regulation of G2/M transition of mitotic cell cycle (GO:0010389),-0.5097132982664663,-2.312842992417555,0.0,2.564839852802238e-05,0.0025,41/96,17.72%,ALMS1;CEP192;RAD51C;CENPF;CEP76;CEP41;TPX2;HAUS4;DBF4B;CEP164;CEP131;NEDD1;CLASP1;CEP290;CKAP5;CENPJ;CDK5RAP2;KIF14;CCP110;PINX1;NDE1;ODF2;CEP70;HAUS2;CEP63;RCC2;NEK2;CEP250;CDC25B;SDCCAG8;PCM1;HAUS5;AKAP9;PRKAR2B;PSMD10;PSME3;HAUS6;CEP152;TUBG1;CEP135;CETN2
prerank,GO_Biological_Process_2021::regulation of inflammatory response (GO:0050727),0.6371645771770467,2.312525333830077,0.0,0.0,0.0,83/125,22.92%,METRNL;DNASE1L3;C1QTNF3;AKNA;AOAH;S100A12;FPR2;DDT;PTGES;TNFAIP8L2;PROC;NLRP6;PTGIS;TMSB4X;LILRA5;ACE2;S100A8;GPR4;ADIPOQ;CCL5;LPL;USP18;CDH5;SAA1;SBNO2;IL2;ADAMTS12;MEFV;NINJ1;HYAL2;CCL1;BCL6B;AHSG;S100A9;ALOX15;TNFAIP6;VPS35;XCL1;APOA1;GHRL;GRN;GPSM3;MAPK13;DNASE1;IL1RL2;IL16;OSM;TNFRSF1B;ANXA1;SPHK1;ETS1;PDCD4;GATA3;SNX6;NLRP12;TNFAIP3;SIRPA;NLRC3;MYD88;CEBPA;CD200R1;CCL3;IFI35;BST1;PIK3AP1;IL37;GGT2;APOE;CELF1;GGT1;ZBP1;NR1D1;MGST2;GBA;XIAP;TNIP1;PTPN2;FFAR4;MAPK7;SPATA2;NLRP1;KLF4;VAMP3
prerank,GO_Biological_Process_2021::intraciliary transport involved in cilium assembly (GO:0035735),-0.6108331108144421,-2.311101670140342,0.0,2.539445398814097e-05,0.0025,20/38,14.72%,KIF3B;IFT27;IFT81;TTC30B;IFT46;TTC21B;IFT43;IFT52;CEP131;WDR19;IFT22;KIF3A;CLUAP1;IFT88;IFT74;IFT20;HSPB11;PCM1;IFT172;KIF3C
prerank,GO_Biological_Process_2021::aerobic electron transport chain (GO:0019646),0.7790003488301408,2.306956804045283,0.0,0.0,0.0,23/31,17.88%,UQCR10;UQCRFS1;UQCRQ;COX6A2;NDUFA4;COX5A;CYC1;UQCR11;UQCRC2;UQCRC1;COX4I2;UQCRH;UQCRHL;UQCRB;COX5B;COX7C;COX4I1;CYCS;COX6C;COX6B1;COX6A1;SDHD;COX7B
prerank,MSigDB_Hallmark_2020::Interferon Alpha Response,0.6709705516881234,2.3068575237922433,0.0,0.0,0.0,60/80,22.54%,ELF1;TMEM140;IFI30;LAMP3;HERC6;GBP4;IFI44;RSAD2;IFI44L;SP110;BATF2;USP18;OASL;OAS1;IFITM3;IL7;CXCL11;IFITM1;IFI27;ISG20;IFIH1;LGALS3BP;PARP9;SAMD9L;MX1;TAP1;DDX60;IFIT3;PARP12;PARP14;EPSTI1;CMPK2;RTP4;OGFR;IFIT2;EIF2AK2;BST2;SAMD9;PLSCR1;B2M;IFITM2;IRF7;CCRL2;LPAR6;PROCR;RIPK2;IRF2;GMPR;HELZ2;TRIM5;IFI35;IRF9;UBA7;GBP2;TRIM25;HLA-C;UBE2L6;DHX58;ISG15;MVB12A
prerank,GO_Biological_Process_2021::positive regulation of MAPK cascade (GO:0043410),0.6246947732464191,2.3038389771818197,0.0,0.0,0.0,102/155,21.71%,TMEM106A;MARCO;S100A12;FPR2;DDT;CHI3L1;GDF15;MYDGF;PTPN22;ABCA7;LAPTM5;LILRA5;CCL21;CCL26;CCL16;CCL5;S100A7;CCL19;SERPINF2;SCIMP;GH1;CCR7;CCL8;ALOX12B;CARD9;CCL17;ADAM8;CCL14;CCL25;CCL7;TREM2;LEP;CCL22;CCL13;EDN1;GLIPR2;SHC1;CCL15;IL34;CCL1;DSTYK;XCL2;APELA;TIRAP;ALOX15;CCL20;TNFAIP8L3;NEK10;XCL1;NPNT;CD36;CCL23;FERMT2;LIF;GATA4;EGF;GPR37L1;CCL18;ADCYAP1;PHB;OSM;EIF2AK2;HAND2;CD24;EPGN;PLCG2;ARRB2;FGF10;IAPP;F2RL1;PRKD2;SOX2;ARL6IP5;ATP6AP1;IL11;FCRL3;TAOK2;CCL3;RASGRP1;TRIM5;CCL24;BMPER;DIRAS1;LGALS9;ROBO1;EDN3;APOE;SLAMF1;GPR183;FGF19;TAOK3;PYCARD;TRAF7;IL26;BMP2;ACKR3;PIK3R6;THPO;FGF18;CCL4;FFAR4;FBXW7
prerank,"GO_Biological_Process_2021::endonucleolytic cleavage of tricistronic rRNA transcript (SSU-rRNA, 5.8S rRNA, LSU-rRNA) (GO:0000479)",-0.8177795541674463,-2.300724679666777,0.0,3.5203684254148366e-05,0.0035,10/13,10.34%,NOP9;TSR1;RRS1;KRI1;TBL3;NOP14;BMS1;NOL9;RCL1;UTP20
prerank,MSigDB_Hallmark_2020::Inflammatory Response,0.6361729053965031,2.2960095990939,0.0,0.0,0.0,82/115,22.02%,EMP3;RNF144B;MARCO;CMKLR1;STAB1;CLEC5A;LAMP3;SCARF1;C3AR1;FPR1;OLR1;PLAUR;CCL5;MSR1;SLC31A1;AQP9;CXCL9;PTGIR;PDPN;CCR7;LCP2;TNFSF10;MEFV;HAS2;CSF3;CCL17;CXCL11;IFITM1;CXCL6;CCL7;CCL22;HIF1A;EDN1;IRAK2;CYBB;LDLR;TLR1;CCL20;TNFAIP6;LIF;CD82;CD48;RTP4;MYC;OSM;TNFRSF1B;SPHK1;PCDH7;GCH1;EIF2AK2;CXCR6;TNFSF15;SLC11A2;BST2;GP1BA;IL7R;IRF7;CD55;MXD1;CCRL2;GNAI3;RIPK2;PTPRE;TIMP1;RASGRP1;RGS1;CCL24;EBI3;CD69;MEP1A;SLAMF1;GPR183;SLC31A2;CDKN1A;KLF6;VIP;RHOG;IL15RA;SLC1A2;ABI1;TAPBP;ATP2C1
prerank,GO_Biological_Process_2021::ncRNA processing (GO:0034470),-0.4832797702476129,-2.294290983155419,0.0,4.482244402955367e-05,0.004,87/163,14.80%,TEX10;MRTO4;PDCD11;RRP1;RRP36;WDR18;BYSL;DDX52;DDX49;ZCCHC8;DDX54;BOP1;INTS7;NOC4L;TBL3;WDR75;WDR12;HEATR1;UBA52;UTP4;NOP14;UTP14A;NOL6;INTS1;BMS1;NVL;RRP1B;DDX10;INTS9;RRP9;WDR3;PELP1;EXOSC10;EXOSC2;PUS10;INTS12;EXOSC9;NOL9;TARBP2;DHX37;NOLC1;RRP12;HELQ;EXOSC4;INTS4;NOL11;FCF1;WDR43;MPHOSPH10;EXOSC5;LAS1L;MDN1;PES1;WDR74;WDR36;UTP15;EXOSC3;EBNA1BP2;UTP6;POP7;RPP30;RCL1;ADAT1;EXOSC7;SRRT;UTP20;INTS2;DGCR8;ESF1;POP1;DDX27;EMG1;EXOSC1;RPF1;UTP3;IMP3;RPS9;AGO3;MRPL44;KRR1;DROSHA;EXOSC8;AGO1;AGO4;WDR46;NOP58;POP4
prerank,GO_Biological_Process_2021::positive regulation of ERK1 and ERK2 cascade (GO:0070374),0.6545828082759899,2.292755593214475,0.0,0.0,0.0,68/95,21.71%,MARCO;FPR2;DDT;CHI3L1;PTPN22;ABCA7;CCL21;CCL26;TNFRSF11A;CCL16;CCL5;S100A7;CCL19;SERPINF2;SCIMP;CCR7;CCL8;CARD9;CCL17;CCL14;CCL25;CCL7;TREM2;CCL22;CCL13;GLIPR2;SHC1;CCL15;CCL1;DSTYK;XCL2;APELA;TIRAP;ALOX15;CCL20;TNFAIP8L3;XCL1;NPNT;CD36;CCL23;FERMT2;GATA4;CCL18;ADCYAP1;PHB;HAND2;ARRB2;FGF10;F2RL1;PRKD2;ATP6AP1;CCL3;RASGRP1;CCL24;BMPER;LGALS9;APOE;SLAMF1;GPR183;FGF19;PYCARD;IL26;BMP2;ACKR3;THPO;CCL4;FFAR4;FBXW7
prerank,GO_Biological_Process_2021::antigen receptor-mediated signaling pathway (GO:0050851),0.6364244127598168,2.292637647043639,0.0,0.0,0.0,71/108,23.52%,THEMIS2;RFTN1;NFAM1;HLA-DQB2;BTNL9;BTNL3;SPPL3;CD247;MNDA;ZAP70;PTPN22;BTNL8;HLA-DPB1;BTN1A1;THY1;WAS;HLA-DPA1;IGLL5;HLA-DQA2;LCP2;TRAT1;HLA-DQB1;HLA-DQA1;HLA-DRA;NCKAP1L;SKAP1;BTN2A2;GRAP2;CSK;SKP1;LAT;PAK1;LIME1;PAK3;BTN3A3;THEMIS;NCK1;GATA3;NFKBID;PLCG2;PRKD2;MEF2C;TRAF6;PRAM1;VAV3;PSMF1;RIPK2;LAT2;CUL1;PLCG1;PSMD5;PAG1;BTN3A2;UBE2N;SPG21;ZC3H12A;BLNK;CD79A;TXK;BCL10;PSMB2;PSMA2;PSMA8;KHDRBS1;PSMB4;BCAR1;BTN2A1;HLA-A;PSMD9;PLEKHA1;DENND1B
prerank,GO_Biological_Process_2021::cellular defense response (GO:0006968),0.7587717402056561,2.2922653596210596,0.0,0.0,0.0,29/35,17.62%,CLEC5A;VEZF1;LILRB2;MNDA;KLRC3;LBP;KIR2DL4;KLRC2;NCF2;CD5L;NCR2;CD300C;TCIRG1;NCF1;CXCL9;TRAT1;PRF1;GNLY;TYROBP;LGALS3BP;CX3CR1;CCR3;IL1RL2;CCR6;SPN;NCR1;DCDC2;LSP1;FOSL1
prerank,GO_Biological_Process_2021::regulation of cytokine production (GO:0001817),0.6433124064135444,2.2921762876759706,0.0,0.0,0.0,64/104,22.99%,C1QTNF3;SLC11A1;NFAM1;TRIL;BTNL9;PLA2R1;SRGN;BTNL3;CLEC6A;BTNL8;NOX5;C5AR2;CLEC9A;ACKR1;ACE2;BTN1A1;BATF;DDX58;LTF;SAA1;RGCC;CIDEA;KLRF2;CCR7;CLEC4A;CARD9;TREM2;LEP;SNAI2;FOXP3;NLRP4;BCL6B;CRP;BTN2A2;IFIH1;IRF8;BTN3A3;TNFRSF1B;S100A13;ANXA1;EIF2AK2;IGF2BP1;GATA3;NLRP12;PLD4;IRF7;SIRPA;RPS6KA4;NPTN;SFTPD;TBK1;BTN3A2;LGALS9;ZBP1;TXK;IL26;IGF2BP2;TRAF3;FLOT1;FFAR4;ISG15;GAPDH;BTN2A1;HLA-B
prerank,GO_Biological_Process_2021::insulin receptor signaling pathway (GO:0008286),0.7034508985704724,2.29083220281091,0.0,0.0,0.0,41/55,22.52%,RARRES2;ATP6V1G3;ATP6V1C2;ATP6V0A4;ATP6V1B1;ATP6V0A2;ATP6V1E2;ATP6V0D2;TCIRG1;ATP6V1H;SORBS1;BAIAP2;SHC1;ATP6V1B2;FOXO1;ATP6V1D;ATP6V1G2;SLC39A14;ATP6V1C1;ATP6V1A;ZNF106;FOXC2;ATP6V1F;ATP6V1E1;ATP6V0E2;ATP6V0A1;FOXO4;ATP6V0E1;ATP6V0D1;RHOQ;SOGA1;ATP6AP1;GRB7;GPLD1;ATP6V0C;ATP6V0B;IRS2;ATP6V1G1;PTPN2;SOS1;BCAR1
prerank,GO_Biological_Process_2021::positive regulation of response to external stimulus (GO:0032103),0.6566642122110383,2.2898720571307005,0.0,0.0,0.0,63/88,22.22%,S100A12;RARRES2;FPR2;DDT;LY86;SCARF1;CD180;LILRA5;S100A8;GPR4;CCL21;CCL26;CCL5;LPL;CD1D;THBS1;OASL;GBP5;CCL19;SERPINF2;PPM1F;SCIMP;HRG;IL2;ADAM8;AIF1;NINJ1;TREM2;HYAL2;CCL1;USF1;S100A9;BMP6;STX3;DDX60;GRN;GPSM3;MAPK13;APOH;IL16;OSM;ETS1;PDCD4;NLRP12;PLSCR1;AKIRIN2;THBD;F2RL1;CNTF;CEBPA;CYBA;CCL3;IFI35;USP15;ZBP1;MGST2;SASH1;SLC15A4;ZCCHC3;TNIP1;STX4;DHX58;SH2D1B
prerank,GO_Biological_Process_2021::cholesterol transport (GO:0030301),0.7269876802826021,2.2886959483016005,0.0,0.0,0.0,30/42,21.18%,ABCA8;NPC2;APOA5;CETP;APOA2;NPC1L1;ABCA7;APOC2;MSR1;LIPC;CES1;APOM;STARD3;LDLR;APOC1;CD36;LCAT;CAV1;APOA1;STARD4;NPC1;OSBPL5;CEL;STAR;ABCG4;APOE;LIMA1;ABCG5;ABCG1;SCARB1
prerank,GO_Biological_Process_2021::mitochondrial ATP synthesis coupled electron transport (GO:0042775),0.7688429639033942,2.2883801801897605,0.0,0.0,0.0,23/32,17.88%,UQCR10;UQCRFS1;UQCRQ;COX6A2;NDUFA4;COX5A;CYC1;UQCR11;UQCRC2;UQCRC1;COX4I2;UQCRH;UQCRHL;UQCRB;COX5B;COX7C;COX4I1;CYCS;COX6C;COX6B1;COX6A1;SDHD;COX7B
prerank,GO_Biological_Process_2021::regulation of endothelial cell migration (GO:0010594),0.6879720798430692,2.286503963164922,0.0,0.0,0.0,43/62,22.52%,SMOC2;ANXA3;EMP2;ZNF580;DCN;STC1;THBS1;EDN1;RRAS;PTPRM;RHOJ;GPI;NR2F2;SH3BP1;FOXC2;GRN;ADAMTS9;EGF;APOH;PRCP;BMP4;ETS1;CEACAM1;SLIT2;RIN2;GATA3;PRKD2;TDGF1;BMPER;SPARC;ZC3H12A;APOE;GPLD1;SYNJ2BP;ATOH8;SASH1;ADGRB1;GLUL;ANGPT4;SCARB1;VASH1;EMC10;BCAR1
prerank,GO_Biological_Process_2021::regulation of DNA recombination (GO:0000018),-0.6669544187251338,-2.286039932100902,0.0,5.918861198774395e-05,0.005,18/27,11.93%,MSH6;SMARCAD1;FIGNL1;MSH3;RAD50;KPNA1;RPA2;SUPT6H;SPIDR;MSH2;SIRT6;USP51;KPNA2;BLM;SETD2;ZRANB3;ZNF365;RAD51AP1
prerank,GO_Biological_Process_2021::iron ion transport (GO:0006826),0.7189041607596627,2.2856846734811653,0.0,0.0,0.0,39/47,20.56%,SCARA5;SLC11A1;SLC40A1;ATP6V1G3;ATP6V1C2;ATP6V0A4;ATP6V1B1;ATP6V0A2;HEPH;ATP6V1E2;ATP6V0D2;TCIRG1;HEPHL1;LTF;ATP6V1H;ATP6V1B2;ATP6V1D;ATP6V1G2;SLC39A14;ATP6V1C1;ATP6V1A;CP;ATP6V1F;ATP6V1E1;ATP6V0E2;HFE;SLC11A2;ATP6V0A1;ATP6V0E1;FTH1;ATP6V0D1;ATP6AP1;STEAP3;ATP6V0C;CLTC;LMTK2;ATP6V0B;ATP6V1G1;IREB2
prerank,GO_Biological_Process_2021::positive regulation of T cell activation (GO:0050870),0.7308744064635507,2.2839469204680594,0.0,0.0,0.0,30/41,15.38%,ZBTB1;SIRPG;SIRPB1;LILRB2;ZAP70;HLA-DPB1;CCL5;CD1D;THY1;HLA-DMB;CD209;CCL19;HLA-DPA1;CCR7;IL7;RHOH;AIF1;LEP;VCAM1;NCKAP1L;DOCK8;FLOT2;ANXA1;NCK1;CD46;XBP1;GATA3;IL23R;NCK2;SIRPA
prerank,"GO_Biological_Process_2021::base-excision repair, AP site formation (GO:0006285)",-0.737575042744366,-2.282251337307585,0.0,6.839572940805968e-05,0.006,14/18,20.40%,MUTYH;ERCC5;OGG1;POT1;SMUG1;TERF2;NTHL1;TDG;MBD4;MPG;ACD;NEIL3;UNG;TERF2IP
prerank,GO_Biological_Process_2021::regulation of tumor necrosis factor production (GO:0032680),0.6765127348206745,2.2772698695748588,0.0,0.0,0.0,50/70,20.16%,TMEM106A;DDT;LILRA2;LBP;PTPN22;BPI;C5AR2;LILRA5;FRMD8;LILRB1;ADIPOQ;DDX58;LPL;CLEC7A;THBS1;CCL19;OAS1;LTF;CIDEA;ORM2;TWIST1;OAS2;CLEC4A;PF4;OAS3;ORM1;PTPN6;NFKBIL1;TYROBP;TIRAP;TLR1;IFIH1;CX3CR1;CD34;GHRL;SPN;PLCG2;TNFAIP3;AZU1;SIRPA;NLRC3;CYBA;CCL3;IRAK3;RASGRP1;IL37;ZC3H12A;LGALS9;SLAMF1;PYCARD
prerank,GO_Biological_Process_2021::phagosome maturation (GO:0090382),0.747865337997591,2.275298685517619,0.0,0.0,0.0,31/36,21.85%,RAB20;SLAMF8;ATP6V1G3;ATP6V1C2;ATP6V0A4;ATP6V1B1;ATP6V0A2;CORO1A;ATP6V1E2;ATP6V0D2;TCIRG1;RAB34;ATP6V1H;ATP6V1B2;ATP6V1D;ATP6V1G2;ATP6V1C1;ATP6V1A;RAB38;RAB31;ATP6V1F;ATP6V1E1;ATP6V0E2;ATP6V0A1;ATP6V0E1;ATP6V0D1;ATP6V0C;ATP6V0B;ATP6V1G1;RAB32;RAB39A
prerank,GO_Biological_Process_2021::glycosaminoglycan catabolic process (GO:0006027),0.7186096488853481,2.2702568746015332,0.0,0.0,0.0,37/47,20.67%,LUM;DCN;PRELP;OGN;OMD;FMOD;LYVE1;KERA;VCAN;ACAN;SDC2;HSPG2;BGN;GNS;HPSE2;HYAL2;HYAL1;STAB2;NCAN;IDUA;CSPG4;GPC1;HEXB;GPC6;HEXA;SDC3;GLB1;FUCA1;BCAN;HYAL4;AGRN;GALNS;HGSNAT;NAGLU;CSPG5;ARSB;SGSH
prerank,GO_Biological_Process_2021::neuron differentiation (GO:0030182),-0.47978382888625365,-2.2690543357107233,0.0,8.710776858573637e-05,0.0075,53/138,14.01%,MYT1L;LHX8;PTPRD;NLGN4X;FUT9;ATOH7;PBX4;MYEF2;WNT7B;OTP;IRX5;NEUROG3;WNT9A;NEUROG2;WNT10A;SOX11;WNT2B;IRX6;WNT10B;SPINK5;WNT16;IRX3;NGRN;OTX2;VAX1;WNT6;EMX1;IRX1;RYK;WNT5B;OLIG1;FOXN4;WNT7A;PBX3;EN1;POU3F2;NRBP2;ERCC3;EMX2;WNT3;IL1RAPL1;ADNP2;BRSK2;FZD3;INSM2;HS6ST1;CDNF;WNT4;ANOS1;ATP8A2;SHH;EN2;NIF3L1
prerank,GO_Biological_Process_2021::positive regulation of phagocytosis (GO:0050766),0.7353474043780786,2.267868889897115,0.0,0.0,0.0,30/39,20.78%,SLC11A1;CD300LF;SIRPG;FPR2;SIRPB1;APOA2;C4B;ABCA7;C4A;GATA2;CLEC7A;C2;FCER1G;TREM2;NCKAP1L;AHSG;APOA1;RAB31;RAB27A;AZU1;SIRPA;STAP1;F2RL1;LMAN2;SFTPD;CYBA;ANO6;DOCK2;PYCARD;IL15RA
prerank,GO_Biological_Process_2021::anaphase-promoting complex-dependent catabolic process (GO:0031145),-0.5821423016716638,-2.2676235633823905,0.0,9.10877704733505e-05,0.008,21/45,14.34%,ANAPC7;ANAPC2;CDC23;ANAPC5;CDC16;ANAPC10;UBA52;ANAPC1;ANAPC11;UBC;CDC27;FZR1;BUB3;CDC26;PTTG1;CDC20B;ANAPC4;UBE2S;FBXO31;PSMD10;PSME3
prerank,GO_Biological_Process_2021::cellular response to chemokine (GO:1990869),0.7089866921314205,2.2661155578072862,0.0,0.0,0.0,41/48,21.39%,CCL21;CCL26;CCL16;CCL5;CXCL13;CXCL9;CCL19;PF4V1;CXCL1;PF4;CCL8;CCL17;CXCL11;CCL14;CXCL6;CCL25;CCL7;LRCH1;CXCL5;CCL22;CCL13;CCL15;DOCK8;CCL1;XCL2;CXCL3;CCL20;XCL1;CCL23;PPBP;CCL18;CXCL2;DUSP1;GPR35;CCL3;RHOA;CCL24;ZC3H12A;SH2B3;ACKR3;CCL4
prerank,GO_Biological_Process_2021::sulfur compound catabolic process (GO:0044273),0.7264943353092088,2.2652081389605745,0.0,0.0,0.0,32/40,20.35%,LUM;DCN;PRELP;OGN;OMD;FMOD;KERA;VCAN;ACAN;GGT5;BGN;GNS;CHAC2;CHAC1;HYAL1;NUDT7;NCAN;IDUA;CSPG4;HEXB;GGT7;HEXA;TXN2;GLB1;CTH;BCAN;GADL1;GALNS;GGT2;GGT1;CSPG5;ARSB
prerank,MSigDB_Hallmark_2020::Complement,0.6153926871802716,2.2646958153024728,0.0,0.0,0.0,78/131,19.38%,CPQ;GMFB;S100A12;ANG;C4BPB;F7;LGMN;OLR1;PLAUR;CTSV;CCL5;WAS;GCA;SERPINB2;LTF;SPOCK2;CPM;C2;LCP2;CXCL1;C1R;APOBEC3G;FCER1G;C1QC;GP9;MMP15;CFH;CR2;FCN1;CTSL;APOC1;DUSP6;CTSO;GZMA;S100A9;PRSS3;NOTCH4;GZMB;GNG2;CTSH;CD36;CP;ZEB1;C9;CTSB;DUSP5;PRCP;S100A13;CD46;CEBPB;GATA3;ITIH1;GP1BA;C1QA;CTSD;MAFF;TFPI2;PLSCR1;GZMK;KYNU;TNFAIP3;IRF7;PREP;CD55;SERPINA1;HSPA5;GNAI3;IRF2;PHEX;TIMP2;TIMP1;RASGRP1;FDX1;USP15;PLEK;ATOX1;CBLB;CDK5R1
prerank,GO_Biological_Process_2021::RNA modification (GO:0009451),-0.5615506743730331,-2.2645198833982687,0.0,9.499406862230511e-05,0.0085,27/53,20.50%,HENMT1;BCDIN3D;WDR4;NSUN4;NSUN6;NAT10;METTL1;FTSJ1;FTSJ3;TRMT61A;TRUB1;AARS2;PARN;NSUN2;NOP2;CTU1;TFB1M;TRDMT1;TRMT6;CTU2;TYW5;CDKAL1;TRIT1;METTL3;LCMT2;NSUN3;PUS3
prerank,GO_Biological_Process_2021::synaptonemal complex assembly (GO:0007130),-0.8090965041942711,-2.263706593745373,0.0,9.326690373826319e-05,0.0085,10/13,9.14%,SYCE1;TEX12;HORMAD1;SYCP2;SYCE3;TEX11;SYCE2;STAG3;TRIP13;RAD21
prerank,GO_Biological_Process_2021::synaptonemal complex organization (GO:0070193),-0.8090965041942711,-2.263706593745373,0.0,9.326690373826319e-05,0.0085,10/13,9.14%,SYCE1;TEX12;HORMAD1;SYCP2;SYCE3;TEX11;SYCE2;STAG3;TRIP13;RAD21
prerank,GO_Biological_Process_2021::rRNA processing (GO:0006364),-0.4817520630650759,-2.2624843830748658,0.0,9.704799443035495e-05,0.009,78/140,14.80%,TEX10;MRTO4;PDCD11;RRP1;RRP36;WDR18;BYSL;DDX52;DDX49;DDX54;BOP1;MAK16;NAT10;NOC4L;TBL3;WDR75;WDR12;HEATR1;UBA52;UTP4;NOP14;UTP14A;NOL6;BMS1;NVL;RRP1B;DDX10;RRP9;WDR3;PELP1;EXOSC10;EXOSC2;RIOK2;EXOSC9;NOL9;RIOK1;DHX37;NOLC1;RRP12;HELQ;EXOSC4;RRP15;NOL11;FCF1;WDR43;MPHOSPH10;EXOSC5;LAS1L;MDN1;PES1;WDR74;WDR36;UTP15;MRPL1;EXOSC3;NOP2;EBNA1BP2;UTP6;RCL1;EXOSC7;UTP20;ESF1;DDX27;SRFBP1;TFB1M;EMG1;EXOSC1;RPF1;UTP3;IMP3;RPS9;KRR1;EXOSC8;SART1;WDR46;ERI1;NOP58;POP4
prerank,GO_Biological_Process_2021::regulation of angiogenesis (GO:0045765),0.6158949165627775,2.260430728709586,0.0,0.0,0.0,88/140,21.22%,ECSCR;SMOC2;ANXA3;EMP2;EMILIN1;ECM1;DCN;STAB1;CHI3L1;MYDGF;SERPINF1;PTGIS;GATA2;CLDN5;CXCL13;THBS1;ADM2;CDH5;HRG;RGCC;TWIST1;HSPG2;PF4;ADAMTS1;HSPB6;NINJ1;LEP;HIF1A;HYAL1;RRAS;CD160;SULF1;VASH2;APELA;THBS2;ITGAX;CD34;PTPRM;RHOJ;HMOX1;CTSH;BTG1;ADAM12;CYP1B1;CCR3;GATA4;AQP1;GHRL;GRN;FGF16;SFRP2;HMGA2;APOH;PRL;SPHK1;ANGPTL4;ETS1;CEACAM1;GATA6;XBP1;NPPB;FOXO4;TNFAIP3;AGGF1;HK2;AMOT;PRKD2;ADGRA2;PML;KRT1;PLCG1;BMPER;JUP;RUNX1;SPARC;ZC3H12A;PLXND1;TNMD;YJEFN3;SYNJ2BP;SASH1;ADGRB1;GLUL;RNH1;STAT1;ANGPT4;PIK3R6;FGF18
prerank,GO_Biological_Process_2021::sterol homeostasis (GO:0055092),0.6964550960238339,2.2598226363826703,0.0,0.0,0.0,38/50,25.68%,TTC39B;NPC2;APOA5;CETP;APOA2;APOC2;LPL;LIPC;CAV3;CES1;CYP7A1;APOM;LDLR;LCAT;CAV1;APOA1;NPC1;XBP1;CD24;GPIHBP1;TMEM97;LRP5;ABCG4;APOE;NR1D1;GRAMD1B;LIMA1;CYP7B1;ABCG5;ABCG1;SCARB1;DGAT2;EHD1;AKR1C1;MALL;ACSM3;RORA;LIPG
prerank,GO_Biological_Process_2021::cholesterol homeostasis (GO:0042632),0.6964550960238339,2.2598226363826703,0.0,0.0,0.0,38/50,25.68%,TTC39B;NPC2;APOA5;CETP;APOA2;APOC2;LPL;LIPC;CAV3;CES1;CYP7A1;APOM;LDLR;LCAT;CAV1;APOA1;NPC1;XBP1;CD24;GPIHBP1;TMEM97;LRP5;ABCG4;APOE;NR1D1;GRAMD1B;LIMA1;CYP7B1;ABCG5;ABCG1;SCARB1;DGAT2;EHD1;AKR1C1;MALL;ACSM3;RORA;LIPG
prerank,GO_Biological_Process_2021::tRNA methylation (GO:0030488),-0.6233460661097694,-2.259802764678545,0.0,9.618149448008392e-05,0.009,18/33,19.45%,TRMO;BCDIN3D;NSUN6;METTL1;FTSJ1;TRMT61B;TRMT61A;TRMT10A;TARBP1;NSUN2;TYW3;METTL6;TRDMT1;MTO1;TRMT5;LCMT2;ALKBH8;WDR6
prerank,GO_Biological_Process_2021::actin polymerization or depolymerization (GO:0008154),0.7165294912728508,2.2582595726183827,0.0,0.0,0.0,34/46,19.86%,FAM107A;TTC17;VIL1;ANG;CAPG;SVIL;AVIL;EVL;SCIN;WAS;DIAPH3;PSTPIP1;AIF1;PSTPIP2;WASF1;WASF3;GHRL;DIAPH1;WDR1;MICALL2;MSRB2;SPIRE2;TWF2;CFL2;GAS7;ENAH;ARHGAP6;FLII;ABI2;MICAL2;CFL1;GSN;DSTN;WASL
prerank,GO_Biological_Process_2021::motile cilium assembly (GO:0044458),-0.8629216344588888,-2.255861752862228,0.0,9.986987037460041e-05,0.0095,7/10,9.66%,DNAAF3;CCDC39;CCDC40;DNAAF1;ZMYND10;SPATA6;BBS5
prerank,GO_Biological_Process_2021::positive regulation of cytokine production (GO:0001819),0.5900579680345929,2.255363085495429,0.0,0.0,0.0,128/215,22.90%,C1QTNF3;RFTN1;TMEM106A;SLC11A1;NFAM1;ZNF580;SULF2;CHIA;PLA2R1;CHI3L1;LILRA2;LILRB2;LBP;CLEC6A;APOA2;PIBF1;PTPN22;NOX5;LAPTM5;CLEC9A;LILRA5;TLR6;LILRB1;ADIPOQ;HLA-DPB1;BATF;DDX58;LPL;CLEC7A;GBP5;CCL19;SERPINF2;HLA-DPA1;SCIMP;SAA1;RGCC;ORM2;TWIST1;IL2;KLRF2;CCR7;C5;IL7;FCER1G;CARD9;TMED10;AIF1;HYAL2;LEP;HIF1A;ORM1;IRF4;ALOX15B;SLAMF6;SULF1;CCL1;FCN1;TYROBP;TIRAP;TLR1;CCBE1;IFIH1;CD34;HMOX1;XCL1;CYP1B1;GATA4;MAPK13;PLA2G1B;PHB;IL16;OSM;CEBPG;S100A13;ANXA1;SPHK1;EIF2AK2;CD46;XBP1;CEBPB;GATA3;IL23R;IRF5;PLCG2;CD226;IRF7;EIF2AK3;MYD88;F2RL1;PRKD2;TRAF6;CRLF2;LRRFIP1;AIRE;PAEP;RIPK2;CYBA;STAT6;IL12RB1;TBK1;RASGRP1;BTN3A2;HSPD1;RUNX1;EBI3;LGALS9;IL12RB2;IFNL1;ZBP1;TXK;G3BP1;TRAF2;BCL10;PYCARD;IL26;NOD1;SORL1;SLC7A5;LY9;ARNT;FLOT1;DHX58;ISG15;GAPDH;HLA-A;RAB7B;POLR2E;RAB1A
prerank,GO_Biological_Process_2021::regulation of phagocytosis (GO:0050764),0.7312211192844078,2.25362678390399,0.0,0.0,0.0,32/39,21.18%,SLC11A1;SIRPG;FPR2;SIRPB1;PRTN3;APOA2;TGM2;ABCA7;FER1L5;DYSF;ADIPOQ;GATA2;CLEC7A;FCER1G;TREM2;AHSG;APOA1;RAB27A;SPHK1;PLSCR1;AZU1;SIRPA;LMAN2;SFTPD;OLFM4;CYBA;SYT7;DOCK2;SNX3;PYCARD;IL15RA;SCARB1
prerank,GO_Biological_Process_2021::response to interleukin-1 (GO:0070555),0.6758690037615117,2.2519193065746856,0.0,0.0,0.0,47/64,20.16%,CHI3L1;ADAMTS7;PTGIS;CCL21;CCL26;TNFRSF11A;CCL16;CCL5;CCL19;MYLK3;NLRP7;GBP3;CCL8;ADAMTS12;HAS2;CCL17;CCL14;CCL25;CCL7;HYAL2;CCL22;HIF1A;HYAL1;CCL13;CCL15;IRAK2;CCL1;XCL2;CCL20;GBP1;XCL1;CCL23;MAPK13;CCL18;ANXA1;SIRPA;MYD88;TRAF6;CCL3;IRAK3;CCL24;ZC3H12A;LGALS9;GBP2;SOX9;NR1D1;PYCARD
prerank,GO_Biological_Process_2021::positive regulation of metaphase/anaphase transition of cell cycle (GO:1902101),-0.817980533412656,-2.250238930065338,0.0,0.00010613130425388571,0.0105,9/12,12.42%,ANAPC7;CDC23;ANAPC5;CDC16;DLGAP5;ANAPC11;CDC27;ANAPC4;NSMCE2
prerank,GO_Biological_Process_2021::positive regulation of mitotic sister chromatid separation (GO:1901970),-0.817980533412656,-2.250238930065338,0.0,0.00010613130425388571,0.0105,9/12,12.42%,ANAPC7;CDC23;ANAPC5;CDC16;DLGAP5;ANAPC11;CDC27;ANAPC4;NSMCE2
prerank,GO_Biological_Process_2021::positive regulation of mitotic metaphase/anaphase transition (GO:0045842),-0.817980533412656,-2.250238930065338,0.0,0.00010613130425388571,0.0105,9/12,12.42%,ANAPC7;CDC23;ANAPC5;CDC16;DLGAP5;ANAPC11;CDC27;ANAPC4;NSMCE2
prerank,GO_Biological_Process_2021::determination of bilateral symmetry (GO:0009855),-0.6867321283284658,-2.24824630498836,0.0,0.00010522419908932258,0.0105,10/22,5.94%,DNAH5;DNAH11;DNAI1;DNAI2;STIL;ARL6;KIF3B;CFAP53;BBS7;GALNT11
prerank,GO_Biological_Process_2021::chemokine-mediated signaling pathway (GO:0070098),0.7089425101493234,2.2459260503531744,0.0,0.0,0.0,37/45,21.39%,CCL21;CCL26;CCL16;CCL5;CXCL13;CXCL9;CCL19;PF4V1;CXCL1;PF4;CCL8;CCL17;CXCL11;CCL14;CXCL6;CCL25;CCL7;CXCL5;CCL22;CCL13;CCL15;CCL1;XCL2;CXCL3;CCL20;XCL1;CCL23;PPBP;CCL18;CXCL2;GPR35;CCL3;CCL24;SH2B3;ACKR3;THPO;CCL4
prerank,GO_Biological_Process_2021::positive regulation of vasculature development (GO:1904018),0.6670592873335176,2.2425484664123987,0.0,0.0,0.0,47/67,21.22%,SMOC2;ANXA3;ECM1;CHI3L1;MYDGF;PTGIS;GATA2;THBS1;ADM2;CDH5;TWIST1;HSPB6;NINJ1;HIF1A;HYAL1;RRAS;VASH2;APELA;ITGAX;CD34;HMOX1;CTSH;BTG1;ADAM12;CYP1B1;CCR3;GATA4;AQP1;GRN;SFRP2;HMGA2;SPHK1;ANGPTL4;ETS1;GATA6;XBP1;AGGF1;HK2;PRKD2;PLCG1;JUP;RUNX1;ZC3H12A;SASH1;ANGPT4;PIK3R6;FGF18
prerank,GO_Biological_Process_2021::resolution of meiotic recombination intermediates (GO:0000712),-0.8383290195394577,-2.241419646621323,0.0,0.00012172121335332654,0.0125,6/11,6.10%,RMI1;EME2;MUS81;ERCC4;MEIOB;SLX4
prerank,GO_Biological_Process_2021::regulation of mitotic metaphase/anaphase transition (GO:0030071),-0.6548599804119992,-2.240831710520246,0.0,0.00012069834601422296,0.0125,13/25,12.43%,ANAPC7;CDC23;ANAPC5;CDC16;DLGAP5;ANAPC11;RIOK2;CDC27;CDK5RAP2;CENPE;ANAPC4;NSMCE2;LCMT1
prerank,GO_Biological_Process_2021::mRNA catabolic process (GO:0006402),-0.5936025352268557,-2.239834550383668,0.0,0.00011969252646410444,0.0125,17/36,19.37%,MRTO4;ZC3H12D;EXOSC10;EXOSC9;PNPT1;EXOSC4;UPF1;DIS3L2;NBAS;DXO;THRAP3;AGO3;RC3H1;AGO1;AGO4;METTL3;SUPV3L1
prerank,GO_Biological_Process_2021::collagen fibril organization (GO:0030199),0.6717889099609093,2.239195304530826,0.0,0.0,0.0,39/58,17.74%,LUM;DPT;ADAMTS2;LOXL1;COL10A1;COL14A1;P3H4;COL12A1;P4HA3;LOX;P3H1;P4HA2;ADAMTS3;BMP1;LOXL4;SERPINF2;COL8A1;SERPINH1;COL9A1;COL16A1;COL13A1;PLOD2;COL26A1;CRTAP;COLGALT1;CD151;ITGA6;COL27A1;CYP1B1;PXDN;COL17A1;LOXL3;P4HA1;COL8A2;COL9A3;P3H2;PLEC;PLOD1;COL22A1
prerank,GO_Biological_Process_2021::positive regulation of interleukin-1 production (GO:0032732),0.7295934124021584,2.238707704064093,0.0,0.0,0.0,33/39,22.28%,TMEM106A;LILRA2;MNDA;LILRA5;TLR6;LPL;CLEC7A;GBP5;CCL19;SAA1;ORM2;AIM2;TMED10;ORM1;TYROBP;NLRC4;CD36;IL16;S100A13;NLRP12;AZU1;MYD88;F2RL1;GSDMD;RIPK2;CCL3;PYDC1;LGALS9;USP50;PYHIN1;PYCARD;CARD8;NLRP1
prerank,GO_Biological_Process_2021::cellular response to insulin stimulus (GO:0032869),0.6354537342494403,2.23186951244831,0.0,0.0,0.0,61/95,22.52%,ZDHHC7;RARRES2;DENND4C;ATP6V1G3;ATP6V1C2;ATP6V0A4;ATP6V1B1;ATP6V0A2;ATP6V1E2;ATP6V0D2;ADIPOQ;ENPP1;TCIRG1;SYAP1;GCK;ATP6V1H;SLC2A4;SORBS1;BAIAP2;SHC1;ATP6V1B2;FOXO1;ATP6V1D;ATP6V1G2;USF1;SLC39A14;ATP6V1C1;ATP6V1A;ZNF106;RAB31;FOXC2;ATP6V1F;ZFP36L1;ATP6V1E1;PLA2G1B;ATP6V0E2;CEACAM1;XBP1;ATP6V0A1;FOXO4;ATP6V0E1;RAB8A;RAB13;ATP6V0D1;RHOQ;SOGA1;ATP6AP1;TRIB3;GRB7;GPLD1;INHBB;ATP6V0C;CAPN10;ATP6V0B;IRS2;ATP6V1G1;RAB8B;PTPN2;SOS1;PCK1;BCAR1
prerank,GO_Biological_Process_2021::mitotic recombination (GO:0006312),-0.7683311513678847,-2.231749195467004,0.0,0.0001314215461766436,0.014,11/15,13.38%,GEN1;RAD51D;RAD54B;MSH3;RAD50;SMC6;XRCC3;SMC5;NSMCE2;RAD52;DMC1
prerank,GO_Biological_Process_2021::negative regulation of T cell activation (GO:0050868),0.7707378583600005,2.2288237528452948,0.0,0.0,0.0,20/27,18.68%,LILRB2;LILRB4;PTPN22;VSIG4;TNFAIP8L2;LAPTM5;LILRB1;FGL1;NCKAP1L;FOXP3;PLA2G2D;ARG1;IL4I1;PLA2G2F;CEACAM1;SPN;CEBPB;SFTPD;PAG1;IFNL1
prerank,GO_Biological_Process_2021::extracellular matrix disassembly (GO:0022617),0.7096734062653568,2.2287388163470347,0.0,0.0,0.0,35/44,24.52%,MMP19;CTSG;TPSAB1;MMP11;CAPG;NOXO1;ADAMTS5;CTSV;MMP10;BMP1;SCUBE3;MMP16;KLK4;ADAM8;PRSS1;MMP15;CAPN1;LCP1;CTSL;KIF9;CAPNS2;PRSS2;FURIN;TIMP2;TIMP1;ADAMTS4;CTRB2;CAPN2;GSN;CAPNS1;FLOT1;TLL2;ADAM10;SH3PXD2B;HTRA1
prerank,GO_Biological_Process_2021::mitotic sister chromatid cohesion (GO:0007064),-0.8021118782929543,-2.221356239896389,0.0,0.00014716294237389888,0.0155,10/13,11.24%,PDS5A;CDCA5;PDS5B;MAU2;SMC1A;DSCC1;RAD21;BOD1;NIPBL;POGZ
prerank,GO_Biological_Process_2021::regulation of AMPA receptor activity (GO:2000311),-0.6777160997366395,-2.215943253892383,0.0,0.00015013696699330172,0.016,13/21,10.76%,NLGN3;SHISA9;SHISA7;CACNG4;NLGN2;SHISA6;CACNG7;SHISA8;CACNG3;CNIH2;CNIH3;MINK1;PRRT1
prerank,GO_Biological_Process_2021::phagosome acidification (GO:0090383),0.7708827604152427,2.2159402946445947,0.0,0.0,0.0,26/28,20.40%,RAB20;SLAMF8;ATP6V1G3;ATP6V1C2;ATP6V0A4;ATP6V1B1;ATP6V0A2;ATP6V1E2;ATP6V0D2;TCIRG1;ATP6V1H;ATP6V1B2;ATP6V1D;ATP6V1G2;ATP6V1C1;ATP6V1A;RAB38;ATP6V1F;ATP6V1E1;ATP6V0E2;ATP6V0A1;ATP6V0E1;ATP6V0D1;ATP6V0C;ATP6V0B;ATP6V1G1
prerank,GO_Biological_Process_2021::cellular component disassembly (GO:0022411),0.7073760990754687,2.215324144076953,0.0,0.0,0.0,35/44,24.52%,MMP19;CTSG;TPSAB1;MMP11;CAPG;NOXO1;ADAMTS5;CTSV;MMP10;BMP1;SCUBE3;MMP16;KLK4;ADAM8;PRSS1;MMP15;CAPN1;LCP1;CTSL;KIF9;CAPNS2;PRSS2;FURIN;TIMP2;TIMP1;ADAMTS4;CTRB2;CAPN2;GSN;CAPNS1;FLOT1;TLL2;ADAM10;SH3PXD2B;HTRA1
prerank,GO_Biological_Process_2021::vacuolar acidification (GO:0007035),0.8036002444959951,2.2149129345155756,0.0,0.0,0.0,19/21,16.51%,SLC11A1;ATP6V0A4;ATP6V0A2;ATP6V0D2;TCIRG1;ATP6V1H;DMXL2;PPT1;CCDC115;CLN5;GRN;CLN3;ATP6V0E2;ATP6AP2;CLN6;ATP6V0A1;ATP6V0E1;TMEM9;ATP6V0D1
prerank,GO_Biological_Process_2021::T cell receptor signaling pathway (GO:0050852),0.6297091398503339,2.2138419673501093,0.0,0.0,0.0,63/91,25.26%,THEMIS2;RFTN1;HLA-DQB2;BTNL9;BTNL3;SPPL3;CD247;ZAP70;PTPN22;BTNL8;HLA-DPB1;BTN1A1;THY1;WAS;HLA-DPA1;HLA-DQA2;LCP2;TRAT1;HLA-DQB1;HLA-DQA1;HLA-DRA;SKAP1;BTN2A2;GRAP2;CSK;SKP1;LAT;PAK1;PAK3;BTN3A3;THEMIS;NCK1;GATA3;NFKBID;PLCG2;PRKD2;TRAF6;PRAM1;PSMF1;RIPK2;CUL1;PLCG1;PSMD5;PAG1;BTN3A2;UBE2N;ZC3H12A;TXK;BCL10;PSMB2;PSMA2;PSMA8;KHDRBS1;PSMB4;BCAR1;BTN2A1;HLA-A;PSMD9;DENND1B;HHLA2;RNF31;TNFRSF21;CARD11
prerank,GO_Biological_Process_2021::cellular response to type I interferon (GO:0071357),0.6965749374072716,2.213105145726388,0.0,0.0,0.0,36/45,22.99%,MX2;RNASEL;RSAD2;OASL;OAS1;IFITM3;OAS2;XAF1;IFITM1;IFIT1;OAS3;IFI27;IRF4;ISG20;MX1;IFIT3;IRF8;IFIT5;IFIT2;SAMHD1;BST2;IRF5;IFITM2;IRF7;MYD88;IFI6;IRF2;IFI35;IRF9;GBP2;STAT1;HLA-C;IRF6;ISG15;HLA-A;HLA-B
prerank,GO_Biological_Process_2021::type I interferon signaling pathway (GO:0060337),0.6965749374072716,2.213105145726388,0.0,0.0,0.0,36/45,22.99%,MX2;RNASEL;RSAD2;OASL;OAS1;IFITM3;OAS2;XAF1;IFITM1;IFIT1;OAS3;IFI27;IRF4;ISG20;MX1;IFIT3;IRF8;IFIT5;IFIT2;SAMHD1;BST2;IRF5;IFITM2;IRF7;MYD88;IFI6;IRF2;IFI35;IRF9;GBP2;STAT1;HLA-C;IRF6;ISG15;HLA-A;HLA-B
prerank,GO_Biological_Process_2021::regulation of mRNA polyadenylation (GO:1900363),-0.77906135202543,-2.210078926831421,0.0,0.00017374721583499032,0.019,11/14,13.51%,CPEB3;ZC3H3;RNF20;CPSF6;ZC3H14;CPEB1;CCNT1;CPSF7;RNF40;NELFE;NUDT21
prerank,GO_Biological_Process_2021::regulation of rRNA processing (GO:2000232),-0.7427611674699685,-2.208994487151849,0.0,0.00017235723810831038,0.019,7/15,8.53%,DIMT1;WDR75;HEATR1;RIOK2;RIOK1;WDR43;UTP15
prerank,GO_Biological_Process_2021::global genome nucleotide-excision repair (GO:0070911),-0.6678374277520157,-2.2085809049583953,0.0,0.00017506049788967656,0.019,16/21,20.27%,UBA52;ERCC4;UBC;CHD1L;GTF2H3;GTF2H1;XPA;ERCC3;XPC;GTF2H5;DDB2;USP45;RNF111;CETN2;GTF2H2;CUL4B
prerank,GO_Biological_Process_2021::microtubule-based transport (GO:0099111),-0.8452322184481498,-2.2073973904553448,0.0,0.00017772118665086373,0.0195,7/10,4.39%,CCDC40;SPEF2;SPAG17;CABYR;ROPN1L;DNAAF2;SPA17
prerank,GO_Biological_Process_2021::response to lipopolysaccharide (GO:0032496),0.6199456750090828,2.200155238799898,0.0,0.0,0.0,70/105,21.18%,SLC11A1;CARD17;S100A14;CTSG;LILRB2;LBP;CD180;PTPN22;DEFA4;S100A8;LILRB1;TNFRSF11A;S100A7;CXCL13;CXCL9;PF4V1;GGT5;NLRP7;SBNO2;CXCL1;PF4;SMAD6;GFI1;SLPI;CXCL11;CXCL6;CXCL5;NFKBIL1;TICAM2;TIRAP;TRIB1;S100A9;CXCL3;CX3CR1;TNIP3;CARD16;GGT7;IL36G;PPBP;IL36RN;TNFRSF1B;IL1F10;GCH1;XBP1;PDCD4;IL23R;CXCL2;TNFAIP3;SIRPA;STAP1;MYD88;MEF2C;TRAF6;CD68;MAPKAPK3;IRAK3;RHOA;PRDX3;IL37;ZC3H12A;GGT2;LGALS9;GGT1;CYP27B1;NR1D1;BCL10;PYCARD;TNIP2;IL36B;SCARB1
prerank,GO_Biological_Process_2021::positive regulation of endothelial cell migration (GO:0010595),0.6836314276559601,2.199323711016802,0.0,0.0,0.0,33/50,22.52%,SMOC2;ANXA3;ZNF580;LGMN;TMSB4X;GATA2;THBS1;HIF1A;EDN1;RRAS;GPI;FOXC2;GRN;EGF;BMP4;ETS1;RIN2;GATA3;PRKD2;STAT5A;TDGF1;PLCG1;MAP2K3;SPARC;ZC3H12A;GPLD1;ATOH8;SASH1;ANGPT4;SCARB1;FGF18;EMC10;BCAR1
prerank,GO_Biological_Process_2021::regulation of presynapse organization (GO:0099174),-0.7276666416157564,-2.1974296850611155,0.0,0.00021473077837414086,0.024,10/16,10.96%,LRRC4B;SLITRK2;PTPRD;SLITRK3;LRFN4;IL1RAPL2;SLITRK1;LRFN5;WNT7A;IL1RAPL1
prerank,GO_Biological_Process_2021::regulation of presynapse assembly (GO:1905606),-0.7276666416157564,-2.1974296850611155,0.0,0.00021473077837414086,0.024,10/16,10.96%,LRRC4B;SLITRK2;PTPRD;SLITRK3;LRFN4;IL1RAPL2;SLITRK1;LRFN5;WNT7A;IL1RAPL1
prerank,GO_Biological_Process_2021::cellular transition metal ion homeostasis (GO:0046916),0.6343883970478073,2.1929343556898058,0.0,0.0,0.0,51/83,22.03%,CYB561A3;SCARA5;SLC11A1;MT1A;SLC40A1;MT1G;CYBRD1;ATP6V0A2;HEPH;MT1M;HEPHL1;MT1H;SLC31A1;LCN2;MT2A;SLC39A14;BMP6;CCDC115;SKP1;ATP6V1A;HMOX1;ACO1;CP;MT1F;FTL;MT1HL1;MYC;MT1E;PRND;MT1X;HFE;SLC11A2;FTH1;ATP7B;ATP6V0D1;ATP6AP1;CUL1;SLC39A5;BOLA2;ATOX1;SLC31A2;ATP6V1G1;SLC46A1;IREB2;TMEM199;NDFIP1;CCDC22;COX19;ATP7A;ABCG2;ALAS2
prerank,GO_Biological_Process_2021::organelle assembly (GO:0070925),-0.4025394773666139,-2.1903740236421867,0.0,0.0002288626330192766,0.0255,117/379,13.87%,DNAH5;CFAP70;CFAP43;DNAI2;DNAAF1;CFAP44;CFAP54;CCDC65;MAK;SPAG16;CCDC113;TEKT4;WDPCP;CCDC96;CENPT;KIF27;CFAP221;TMEM17;ARL6;INTU;B9D2;KIF3B;CENPF;LZTFL1;HYLS1;TCTN1;KIAA0586;IFT81;CEP41;CENPW;BBS7;MKS1;KIF24;TMEM237;CCDC28B;CENPC;HAUS4;CEP164;TTC8;VCX;B9D1;TTBK2;TCTN3;DLGAP5;IFT46;FUZ;CC2D2A;ARL13B;CEP83;BBS2;ANLN;TEKT1;GALNT11;IFT43;RPGR;TMEM231;IFT52;STK36;ZFYVE1;SQLE;CEP131;DHX37;CEP290;TEKT2;WDR19;CENPJ;CEP89;CCDC61;KIF3A;CEP162;DHX29;BBIP1;AMBRA1;TCTN2;AHI1;CLUAP1;CCNO;TUBGCP6;IFT88;PTPN23;TMEM138;FAM149B1;CDC14A;EDC3;BBS5;CENPE;POC1B;IFT74;EIF2S1;MRPL22;IQCB1;HAUS2;CEP63;TMEM216;TEKT3;LMOD3;ATG2B;INO80;NEK2;CEP250;IFT20;POGZ;UBAP2L;CENPA;HSPB11;INPP5E;RAB23;PCM1;HAUS5;SCLT1;MAPRE2;TMEM67;YTHDF1;RFX2;RC3H1;IFT172;TP53INP2
prerank,GO_Biological_Process_2021::positive regulation of angiogenesis (GO:0045766),0.6357276872856926,2.185859945217011,0.0,0.0,0.0,55/79,23.15%,SMOC2;ANXA3;ECM1;CHI3L1;MYDGF;PTGIS;GATA2;THBS1;ADM2;CDH5;TWIST1;HSPB6;NINJ1;HIF1A;HYAL1;RRAS;VASH2;APELA;ITGAX;CD34;HMOX1;CTSH;BTG1;ADAM12;CYP1B1;CCR3;GATA4;AQP1;FOXC2;GRN;SFRP2;HMGA2;SPHK1;ANGPTL4;ETS1;GATA6;XBP1;S100A1;AGGF1;HK2;PRKD2;PLCG1;BMPER;JUP;RUNX1;ZC3H12A;SASH1;TJP1;ANGPT4;PIK3R6;FGF18;SMAD1;EMC10;KLF4;PKM
prerank,GO_Biological_Process_2021::innate immune response (GO:0045087),0.5766319389359467,2.1838749729645763,0.0,0.0,0.0,117/209,20.49%,SERINC3;CD300E;SLC11A1;RNASE6;CD300LB;S100A12;RARRES2;MFAP4;TREML1;SIGLEC15;SIGLEC14;CLEC5A;SIRPB1;CAMP;CLEC4D;CLEC4E;COLEC12;RNASE2;CFP;PTX3;LBP;ANG;CLEC6A;ZAP70;BPI;CIITA;CORO1A;RPL39;DEFA4;KLRC2;NCF2;MASP1;WFDC2;NCR2;DDX58;FCN2;FCN3;RNASE3;NCF1;S100A7;CLEC7A;VNN1;KLRD1;NRROS;LCN2;OAS1;LTF;SAA1;IGLL5;APOL1;IFITM3;COLEC10;COLEC11;SLPI;APOBEC3G;FCER1G;MEFV;RNASE7;CARD9;IFITM1;IFIT1;TREM2;RNF187;IFI27;CR2;CYBB;FCN1;TYROBP;CRP;IFIH1;RNF39;CX3CR1;MX1;PLA2G1B;PHB;CXCL16;GCH1;APOBEC3A;BST2;RELB;CAPZA1;IL23R;IRF5;CRISP3;PLCG2;B2M;KYNU;IFITM2;IRF7;MYD88;PML;UBD;DEFB1;ZDHHC11;KRT1;PI3;TRIM38;SFTPD;IFNL2;RNF135;RIPK2;IFI6;CYBA;SLA;TBK1;TRIM5;PYDC1;IFNL1;CAPZA2;CYP27B1;PPP1R14B;S100B;BCL10;TRIM62;ZDHHC1;TRIM25;IRAK4
prerank,GO_Biological_Process_2021::histone H4-K8 acetylation (GO:0043982),-0.74025935257259,-2.1837302257446036,0.0,0.0002681423482475067,0.0305,9/15,12.59%,JADE2;KANSL2;KANSL3;MCRS1;HCFC1;JADE1;JADE3;KAT7;KANSL1
prerank,GO_Biological_Process_2021::histone H4-K5 acetylation (GO:0043981),-0.74025935257259,-2.1837302257446036,0.0,0.0002681423482475067,0.0305,9/15,12.59%,JADE2;KANSL2;KANSL3;MCRS1;HCFC1;JADE1;JADE3;KAT7;KANSL1
prerank,GO_Biological_Process_2021::response to cytokine (GO:0034097),0.6091219167159811,2.179208073156291,0.0,0.0,0.0,77/108,25.07%,PID1;SLC11A1;TIMP3;CHI3L1;LAMP3;CIITA;MX2;ADIPOQ;TNFRSF11A;TIMP4;GGT5;PTPN9;IFITM3;CCR7;MEFV;CSF3;HCLS1;XAF1;IFITM1;PTPN6;IRAK2;PTPN5;PTPN7;MX1;SMAD3;NFAT5;DPYSL3;GGT7;IL1RL2;CXCL16;IL1F10;ANXA1;SPHK1;GCH1;EIF2AK2;BST2;RELB;IL23R;NLRP12;PLSCR1;KYNU;IFITM2;IL18BP;MYD88;ITIH4;DDOST;PML;UBD;TRAF6;MAPKAPK3;IRAK3;TIMP2;TIMP1;RHOA;TBK1;LIFR;IL37;GGT2;LGALS9;GGT1;CYP27B1;FOXH1;ASAH2;STAT1;PTPN2;PTPN18;PTPN14;ALDH1A2;ISG15;SIGIRR;FOXA2;ADAM10;TMEM102;REL;ADAR;LEF1;TRIM56
prerank,"GO_Biological_Process_2021::nucleotide-excision repair, DNA incision, 3'-to lesion (GO:0006295)",-0.7078715072112594,-2.1790774439320795,0.0,0.0002909370579298061,0.033,14/17,20.27%,RPA3;RPA1;ERCC4;ERCC5;CHD1L;RPA2;GTF2H3;GTF2H1;XPA;ERCC3;GTF2H5;DDB2;GTF2H2;CUL4B
prerank,"GO_Biological_Process_2021::nucleotide-excision repair, preincision complex stabilization (GO:0006293)",-0.7078715072112594,-2.1790774439320795,0.0,0.0002909370579298061,0.033,14/17,20.27%,RPA3;RPA1;ERCC4;ERCC5;CHD1L;RPA2;GTF2H3;GTF2H1;XPA;ERCC3;GTF2H5;DDB2;GTF2H2;CUL4B
prerank,GO_Biological_Process_2021::regulation of fat cell differentiation (GO:0045598),0.6474070948074867,2.178531725547046,0.0,0.0,0.0,45/67,23.13%,CCDC85B;AAMDC;CCDC71L;ADIRF;WDFY2;MEDAG;LRP3;CMKLR1;RARRES2;ZADH2;ANKRD26;ADIPOQ;ENPP1;GATA2;LPL;SYAP1;ZNF385A;LEP;RUNX1T1;YAP1;FOXO1;CREBL2;SMAD3;FRZB;FERMT2;SFRP2;ZFP36L1;WWTR1;ARNTL;XBP1;CEBPB;GATA3;CDS1;SULT1E1;LRP5;TRIB3;ZC3H12A;NR1D1;GNB3;BMP2;ID2;BBS12;LMO3;ZFP36;NOCT
prerank,GO_Biological_Process_2021::signal transduction in response to DNA damage (GO:0042770),-0.5782066309670911,-2.1784571314308363,0.0,0.00029258173135669974,0.0335,18/39,12.90%,HUS1;RPA4;RAD1;RAD17;RAD9A;INTS7;RHNO1;PAXIP1;TP53BP1;ATRX;DOT1L;HINFP;MAD2L2;DONSON;CEP63;NBN;CLSPN;ATRIP
prerank,GO_Biological_Process_2021::positive regulation of interleukin-6 production (GO:0032755),0.7011767041790234,2.1757139316406677,0.0,0.0,0.0,30/43,20.16%,TMEM106A;LILRA2;LILRB2;LBP;LILRA5;TLR6;DDX58;LPL;CLEC7A;SCIMP;TWIST1;CARD9;AIF1;HYAL2;LEP;TYROBP;TIRAP;TLR1;IFIH1;MAPK13;IL16;XBP1;PLCG2;MYD88;F2RL1;CYBA;HSPD1;LGALS9;BCL10;PYCARD
prerank,GO_Biological_Process_2021::cellular response to lipopolysaccharide (GO:0071222),0.6397279102710794,2.174974471030148,0.0,0.0,0.0,51/75,21.11%,CARD17;CTSG;LILRB2;LBP;CD180;PTPN22;BPI;DEFA4;LILRB1;CCL5;CXCL13;CXCL9;PF4V1;NLRP7;SBNO2;CXCL1;PF4;GFI1;CXCL11;CXCL6;CXCL5;NFKBIL1;TICAM2;CXCL3;CX3CR1;TNIP3;CARD16;IL36G;PPBP;IL36RN;TNFRSF1B;IL1F10;XBP1;PDCD4;CXCL2;TNFAIP3;SIRPA;STAP1;MYD88;MEF2C;TRAF6;CD68;CCL3;RHOA;IL37;ZC3H12A;NR1D1;BCL10;PYCARD;TNIP2;IL36B
prerank,"GO_Biological_Process_2021::transcription, DNA-templated (GO:0006351)",-0.441974920551286,-2.1745997305403924,0.0,0.00030551768834850184,0.035,68/196,13.47%,YBX2;HSF2BP;PAX1;SCX;NCOA6;POLR3A;MED20;RPAP1;TAF2;NELFB;GMEB2;TAF5L;GTF2E1;GTF2A1;IWS1;POLR3H;TRIP13;MED16;PWP1;PAF1;GTF2H3;TAF3;CTDP1;SUPT6H;GTF3C2;TAF13;GTF2H1;MBD1;TOPORS;POLR2C;NAT14;CCNT2;TAF9B;ZNF141;NELFCD;POLR3K;POLR2B;SUPT16H;GTF2E2;POLR1C;SNAPC3;TCEA2;GTF2F2;ERCC3;PKNOX1;NELFA;TAF11;MLF1;SSRP1;CCNT1;GTF3C4;GTF3C5;TTF2;CCNK;MNAT1;UBTF;MNT;POLRMT;EAF1;GTF2H5;TTF1;PIR;TAF1B;NELFE;GTF3C1;GCM1;GTF2F1;RTF1
prerank,GO_Biological_Process_2021::sterol transport (GO:0015918),0.8105083304354032,2.17398435881124,0.0,0.0,0.0,15/19,14.67%,ABCA8;NPC2;CETP;APOA2;NPC1L1;MSR1;ARV1;STARD3;LDLR;CD36;LCAT;CAV1;APOA1;NPC1;OSBPL5
prerank,GO_Biological_Process_2021::positive regulation of interleukin-1 beta production (GO:0032731),0.7229896906276376,2.1733924319219504,0.0,0.0,0.0,29/35,22.28%,TMEM106A;LILRA2;MNDA;LILRA5;TLR6;LPL;CLEC7A;GBP5;CCL19;ORM2;AIM2;ORM1;TYROBP;NLRC4;CD36;NLRP12;AZU1;MYD88;F2RL1;GSDMD;RIPK2;CCL3;PYDC1;LGALS9;USP50;PYHIN1;PYCARD;CARD8;NLRP1
prerank,GO_Biological_Process_2021::positive regulation of protein kinase B signaling (GO:0051897),0.6241797899702783,2.173300023134367,0.0,0.0,0.0,50/84,21.22%,CPNE1;CHI3L1;GDF15;MYDGF;MYOC;F7;CCL21;THBS1;CCL19;RASD2;CCR7;TRAT1;CSF3;ADAM8;HCLS1;LEP;VAV1;CX3CR1;TNFAIP8L3;FERMT2;FGF20;FGF17;RAC2;FGF16;EGF;PHB;FGF8;OSM;FGF7;KITLG;EPGN;OSBPL8;C1QBP;GATA3;FGF10;IAPP;AREG;FGF9;KL;CCL3;BTC;TRIB3;PIK3AP1;CASS4;FGF19;IL26;IRS2;RHOG;THPO;FGF18
prerank,GO_Biological_Process_2021::toll-like receptor signaling pathway (GO:0002224),0.6561105830088254,2.1732849483331504,0.0,0.0,0.0,40/61,21.12%,RFTN1;TRIL;S100A14;COLEC12;LBP;LGMN;TLR10;TLR6;S100A8;OAS1;SCIMP;IRAK2;TICAM2;CTSL;TIRAP;TLR1;S100A9;TNIP3;CD36;CNPY3;CTSB;S100A1;PLCG2;UBE2D1;MYD88;TRAF6;SFTPD;UNC93B1;RIPK2;MAPKAPK3;IRAK3;HSPD1;PIK3AP1;LGALS9;BCL10;UBB;IRAK4;TRAF3;TNIP2;TNIP1
prerank,GO_Biological_Process_2021::positive regulation of peptidyl-tyrosine phosphorylation (GO:0050731),0.6489095209036144,2.172637819534572,0.0,0.0,0.0,42/67,20.66%,CLEC6A;PIBF1;LILRA5;CCL5;GH1;IL2;CSF3;GATA1;HCLS1;TREM2;IL34;EPO;PARP9;BMP6;CSPG4;NEDD9;LIF;PARP14;STAP2;OSM;VTN;FGF7;IL23R;PLCG2;FGF10;CNTF;TDGF1;PECAM1;RIPK2;LRP8;IL11;NTF3;BANK1;ARL2BP;IL3;DLG4;PTPN1;IFNL1;CASS4;EFNA5;RELN;ANGPT4
prerank,GO_Biological_Process_2021::lymphocyte chemotaxis (GO:0048247),0.7222011133609649,2.1719872129995643,0.0,0.0,0.0,30/34,21.39%,CCL21;CCL26;CCL16;CCL5;CXCL13;CCL19;SAA1;CCL8;CCL17;ADAM8;CXCL11;CCL14;CCL25;CCL7;CCL22;CCL13;CCL15;CCL1;XCL2;CCL20;CKLF;XCL1;CCL23;CCL18;CXCL16;CCL3;CCL24;GPR183;CYP7B1;CCL4
prerank,GO_Biological_Process_2021::spindle assembly checkpoint signaling (GO:0071173),-0.6860633213544092,-2.17101729934628,0.0,0.0003247567007864704,0.0375,8/19,9.91%,KNTC1;CENPF;TEX14;TRIP13;BUB3;ZW10;MAD2L2;APC
prerank,GO_Biological_Process_2021::mitotic spindle checkpoint signaling (GO:0071174),-0.6860633213544092,-2.17101729934628,0.0,0.0003247567007864704,0.0375,8/19,9.91%,KNTC1;CENPF;TEX14;TRIP13;BUB3;ZW10;MAD2L2;APC
prerank,GO_Biological_Process_2021::mitotic spindle assembly checkpoint signaling (GO:0007094),-0.6860633213544092,-2.17101729934628,0.0,0.0003247567007864704,0.0375,8/19,9.91%,KNTC1;CENPF;TEX14;TRIP13;BUB3;ZW10;MAD2L2;APC
prerank,GO_Biological_Process_2021::positive regulation of cell adhesion (GO:0045785),0.6579976612197015,2.168013355390725,0.0,5.316531375152933e-06,0.0005,31/58,15.74%,SIRPG;VIT;FBLN2;TGM2;CCL21;CCL5;PPM1F;RAC3;SAA1;CCR7;IBSP;ADAM8;TPM1;RSU1;HYAL1;NCKAP1L;ECM2;ALOX15;CHRD;RHOD;STX3;NPNT;LIF;FOXC2;LIMS1;SFRP2;NDNF;PRSS2;C1QBP;AZU1;PRKD2
prerank,GO_Biological_Process_2021::myeloid leukocyte differentiation (GO:0002573),0.6897750381157494,2.1669925790843716,0.0,5.259972530736413e-06,0.0005,33/45,21.04%,DCSTAMP;MT1G;PRTN3;OSCAR;SNX10;BATF;TNFRSF11A;BATF2;CEBPE;CCL19;BATF3;SBNO2;CCR7;DHRS2;CSF3;TREM2;TYROBP;CBFA2T3;OSTM1;MYH9;BMP4;TGFBR2;F2RL1;PML;UBD;CEBPA;SPI1;RUNX1;LGALS9;GPR183;CAMK4;CDKN1A;CDC42
prerank,GO_Biological_Process_2021::maturation of 5.8S rRNA (GO:0000460),-0.7454211400230188,-2.166354759099026,0.0,0.0003444213516620148,0.0405,11/15,12.10%,MAK16;WDR12;EXOSC10;FTSJ3;NOL9;EXOSC4;RRP15;LAS1L;PES1;URB1;RPF1
prerank,GO_Biological_Process_2021::response to tumor necrosis factor (GO:0034612),0.6171738934823324,2.164245381192419,0.0,5.204604398833925e-06,0.0005,56/89,22.63%,PID1;CHI3L1;DCSTAMP;ADAMTS7;OCSTAMP;ADIPOQ;CCL21;CCL26;TNFRSF11A;CCL16;CCL5;CCL19;GGT5;GBP3;CCL8;ADAMTS12;HAS2;CCL17;CCL14;CCL25;CCL7;HYAL2;CCL22;HYAL1;CCL13;CCL15;CCL1;XCL2;CCL20;GBP1;XCL1;NPNT;CCL23;GGT7;ZFP36L1;YBX3;CCL18;CXCL16;SPHK1;GCH1;GATA3;UBD;TDGF1;CCL3;CCL24;ZC3H12A;GGT2;GBP2;GGT1;NR1D1;GBA;PYCARD;CCL4;ASAH1;ANKRD1;ZFP36
prerank,GO_Biological_Process_2021::positive regulation of cell-substrate adhesion (GO:0010811),0.6738212179289995,2.1623975258817043,0.0,1.030077953935881e-05,0.001,31/51,21.04%,EMP2;LIMS2;VIT;FBLN2;MYOC;MYADM;CCL21;DMTN;PPM1F;RAC3;CCR7;CCL25;RSU1;SKAP1;ECM2;ALOX15;NPNT;CD36;NEDD9;FERMT2;APOA1;LIMS1;NDNF;C1QBP;ILK;OLFM4;S100A10;JUP;CASS4;CSPG5;CDC42
prerank,GO_Biological_Process_2021::regulation of interleukin-8 production (GO:0032677),0.6828888649871131,2.15795495868437,0.0,1.0194585935860264e-05,0.001,31/47,20.43%,SSC5D;ZNF580;CHI3L1;LILRA2;ANXA4;LBP;APOA2;PTPN22;BPI;TMSB4X;C5AR2;TLR6;ADIPOQ;DDX58;CLEC7A;HYAL2;LEP;FCN1;CRP;TIRAP;TLR1;PLA2G1B;ANXA1;BCL3;MYD88;F2RL1;PRKD2;LGALS9;BCL10;PYCARD;NOD1
prerank,GO_Biological_Process_2021::cellular response to tumor necrosis factor (GO:0071356),0.5977373754384145,2.156241108237624,0.0,1.0090559548759649e-05,0.001,76/117,23.04%,PID1;PLVAP;CHI3L1;DCSTAMP;TNFRSF25;ADAMTS7;OCSTAMP;TMSB4X;CCL21;CCL26;TNFRSF11A;CCL16;CCL5;CCL19;AIM2;GBP3;CCL8;ADAMTS12;HAS2;CCL17;CDIP1;CCL14;CCL25;CCL7;HYAL2;CCL22;HYAL1;CCL13;FOXO3;CCL15;CCL1;XCL2;COMMD7;CCL20;TNFRSF11B;GBP1;XCL1;NPNT;CCL23;LIMS1;ZFP36L1;YBX3;CCL18;TNFRSF1B;TNFSF15;GATA3;ILK;ACTN4;TRAF6;TRAF1;TDGF1;PSMF1;TXNDC17;EIF5A;CCL3;PSMD5;CCL24;PYDC1;TNFRSF13B;ZC3H12A;GBP2;NR1D1;TRAF2;GBA;PYCARD;STAT1;PSMB2;TRAF3;PSMA2;CCL4;PSMA8;ASAH1;PSMB4;ANKRD1;ZFP36;PSMD9
prerank,GO_Biological_Process_2021::cellular iron ion homeostasis (GO:0006879),0.6743883927958438,2.1546077795632907,0.0,9.988634704832784e-06,0.001,37/49,25.13%,CYB561A3;SCARA5;SLC11A1;SLC40A1;CYBRD1;ATP6V0A2;HEPH;HEPHL1;LCN2;SLC39A14;BMP6;CCDC115;SKP1;ATP6V1A;HMOX1;ACO1;CP;FTL;MYC;HFE;SLC11A2;FTH1;ATP6V0D1;ATP6AP1;CUL1;BOLA2;ATP6V1G1;SLC46A1;IREB2;TMEM199;NDFIP1;ABCG2;ALAS2;HMOX2;FXN;GLRX3;FBXL5
prerank,GO_Biological_Process_2021::defense response to fungus (GO:0050832),0.8123723614634399,2.1523754120719394,0.0,9.888748357784457e-06,0.001,16/19,14.48%,S100A12;RARRES2;CLEC4D;CLEC4E;CLEC6A;DEFA4;S100A8;CLEC7A;LTF;HRG;RNASE7;CARD9;S100A9;CX3CR1;IL36RN;PLCG2
prerank,GO_Biological_Process_2021::defense response to virus (GO:0051607),0.6057650602249328,2.151528917458413,0.0,9.790839958202431e-06,0.001,74/104,25.07%,SLFN11;SERINC3;RNASE6;SLFN13;RNASE2;CD207;MX2;RNASEL;LILRB1;RSAD2;DDX58;IFI44L;FCN3;OASL;OAS1;RNASE1;IFITM3;OAS2;APOBEC3G;PRF1;IFITM1;IFIT1;OAS3;IFI27;ISG20;MLKL;IFIH1;PMAIP1;MX1;IFIT3;RTP4;PHB;IFIT5;APOBEC3D;IFIT2;SAMHD1;EIF2AK2;APOBEC3A;BST2;PLSCR1;IFITM2;AZU1;IRF7;AICDA;MYD88;F2RL1;ZDHHC11;IFNL2;RNF135;IFI6;APOBEC3H;IRF2;APOBEC3C;TRIM5;IFNL1;ZBP1;G3BP1;MICA;APOBEC3B;ZDHHC1;PYCARD;STAT1;LYST;NLRP1;DDIT4;ISG15;PHB2;BPIFA1;CNOT7;NT5C3A;BNIP3L;FADD;RIPK3;TRIM56
prerank,GO_Biological_Process_2021::synapse assembly (GO:0007416),-0.5245082730928488,-2.1514924721377606,0.0,0.0004365684855833596,0.0525,19/60,7.96%,PCDHB16;NLGN3;GABRA2;LRRC4;NLGN4X;PCDHB5;PCDHB2;PCDHB14;PCDHB6;LGI2;DSCAM;GRID2;SLITRK1;DNER;NLGN2;POU4F1;NRXN2;RYK;WNT7A
prerank,GO_Biological_Process_2021::regulation of endothelial cell proliferation (GO:0001936),0.6559855583916894,2.150551010220026,0.0,9.694851331161231e-06,0.001,39/58,22.13%,ZNF580;ECM1;MYDGF;ANG;CCL26;THBS1;RGCC;LEP;HIF1A;SULF1;VASH2;PTPRM;EGR3;NR2F2;CAV1;GHRL;FGF16;EGF;APOH;PRL;BMP4;AGGF1;PRKD2;STAT5A;CCL24;SPARC;TNMD;APOE;SYNJ2BP;ATOH8;NRARP;BMP2;STAT1;VIP;ARNT;FGF18;NR4A1;VASH1;EMC10
prerank,GO_Biological_Process_2021::carbohydrate catabolic process (GO:0016052),0.7155934071199687,2.149381728274738,0.0,9.600726560955783e-06,0.001,30/35,25.28%,PFKM;PGAM2;NAGA;HKDC1;GCK;MAN2B1;HK3;GPI;MANBA;NEU4;PFKL;HK2;NEU1;ENO4;ALDOB;ALDOC;MAN2B2;PGAM1;NEU3;ALDOA;GAPDH;HK1;MAN2C1;PKM;ENO3;PGM1;PGK1;PFKFB2;DERA;GAPDHS
prerank,MSigDB_Hallmark_2020::IL-6/JAK/STAT3 Signaling,0.692959142902626,2.1485957026073472,0.0,9.508411882485054e-06,0.001,31/41,21.26%,CXCL13;CXCL9;CXCL1;PF4;IL7;REG1A;CXCL11;JUN;CCL7;CXCL3;HMOX1;CD36;TNFRSF1B;IL1R2;CBL;FAS;INHBE;DNTT;CNTFR;MYD88;CRLF2;IL12RB1;IRF9;EBI3;BAK1;PTPN1;SOCS1;STAT1;IL15RA;PTPN2;CD9
prerank,GO_Biological_Process_2021::generation of neurons (GO:0048699),-0.4519588397810451,-2.147837844678851,0.0,0.00046600611410068824,0.055,57/162,14.01%,MYT1L;LHX8;PTPRD;NLGN4X;FUT9;ATOH7;POMGNT2;MYEF2;WNT7B;OTP;SIX4;IRX5;NEUROG3;NAV1;WNT9A;NEUROG2;WNT10A;SOX11;WNT2B;DNER;IRX6;SIX1;HES6;CDKL5;WNT10B;ARTN;RACGAP1;WNT16;IRX3;NGRN;VAX1;WNT6;EMX1;IRX1;RYK;WNT5B;OLIG1;WNT7A;EN1;ELP3;POU3F2;NRBP2;EMX2;WNT3;IL1RAPL1;ADNP2;AUTS2;SDCCAG8;BRSK2;FZD3;INSM2;MAP1B;WNT4;ANOS1;SHH;EN2;NIF3L1
prerank,GO_Biological_Process_2021::muscle filament sliding (GO:0030049),0.7610548819605895,2.1475779618977215,0.0,9.329007884702318e-06,0.001,19/25,17.01%,DES;TPM2;ACTC1;MYL3;TNNI1;NEB;TNNT3;TPM1;MYL4;MYBPC1;ACTA1;TNNC2;MYBPC2;TTN;TNNT1;ACTN3;MYH3;MYL6B;MYL6
prerank,GO_Biological_Process_2021::actin-myosin filament sliding (GO:0033275),0.7610548819605895,2.1475779618977215,0.0,9.329007884702318e-06,0.001,19/25,17.01%,DES;TPM2;ACTC1;MYL3;TNNI1;NEB;TNNT3;TPM1;MYL4;MYBPC1;ACTA1;TNNC2;MYBPC2;TTN;TNNT1;ACTN3;MYH3;MYL6B;MYL6
prerank,GO_Biological_Process_2021::positive regulation of tumor necrosis factor superfamily cytokine production (GO:1903557),0.6939103200458521,2.1472766380980817,0.0,9.24182089512566e-06,0.001,32/44,20.16%,TMEM106A;DDT;LILRA2;LBP;LILRA5;FRMD8;DDX58;LPL;CLEC7A;THBS1;CCL19;OAS1;ORM2;TWIST1;OAS2;PF4;ADAM8;OAS3;ORM1;TYROBP;TIRAP;TLR1;IFIH1;SPN;PLCG2;AZU1;CYBA;CCL3;RASGRP1;LGALS9;BCL10;PYCARD
prerank,GO_Biological_Process_2021::pre-replicative complex assembly (GO:0036388),-0.6032062347536322,-2.145606613035395,0.0,0.0004806832731125872,0.0565,17/31,15.69%,ORC4;ORC6;MCM2;MCM8;MCM5;UBA52;GMNN;UBC;ORC3;ORC2;MCM4;MCM6;MCM7;MCM3;PSMD10;PSME3;ORC1
prerank,GO_Biological_Process_2021::Fc receptor mediated stimulatory signaling pathway (GO:0002431),0.6715823578816265,2.1455225379004057,0.0,9.156248479430052e-06,0.001,36/48,24.11%,CD247;MYO1G;VAV2;NR4A3;WAS;WIPF3;FCER1G;CYFIP2;BAIAP2;NCKAP1L;CYFIP1;VAV1;MYO1C;WIPF1;NCKAP1;PAK1;NCK1;PLCG2;FCGR2A;VAV3;PLCG1;ACTR2;BRK1;LIMK1;WASL;WIPF2;CDC42;ABI1;ARPC1B;ARPC2;PLA2G6;NCKIPSD;ELMO1;WASF2;CRK;ACTR3
prerank,GO_Biological_Process_2021::synapse organization (GO:0050808),-0.4603185107072272,-2.145385688313257,0.0,0.0004773451948270832,0.0565,33/111,9.10%,PCDHB16;LRRC4C;LRRC4B;NLGN3;NTNG1;LRRC4;SLITRK2;PTPRD;NLGN4X;PCDHB5;PCDHB2;PCDHB14;PCDHB6;SLITRK3;LRFN4;DSCAM;WNT7B;CBLN2;SLITRK1;DNER;NLGN2;ZC4H2;LRFN5;PPFIBP2;POU4F1;SLC6A1;PPFIA2;NRXN2;RYK;REST;CACNB1;CBLN1;UNC13C
prerank,GO_Biological_Process_2021::histone H4-K16 acetylation (GO:0043984),-0.6888787410310417,-2.144025337400212,0.00141643059490085,0.000484666289426078,0.058,10/18,12.59%,JADE2;KANSL2;KANSL3;MCRS1;HCFC1;MSL1;JADE1;JADE3;KAT7;KANSL1
prerank,GO_Biological_Process_2021::negative regulation of mitotic metaphase/anaphase transition (GO:0045841),-0.6700091663653637,-2.1429788019411036,0.0,0.0004954005743083774,0.0595,8/20,9.91%,KNTC1;CENPF;TEX14;TRIP13;BUB3;ZW10;MAD2L2;APC
prerank,GO_Biological_Process_2021::mitotic G2/M transition checkpoint (GO:0044818),-0.5959474157619142,-2.1409842425006542,0.0,0.0005129679705604476,0.0625,15/34,12.22%,HUS1;HUS1B;TICRR;TOPBP1;RAD17;FZR1;CHFR;UIMC1;DONSON;ZNF830;TRIM39;BLM;NBN;CLSPN;NABP2
prerank,GO_Biological_Process_2021::regulation of peptidyl-tyrosine phosphorylation (GO:0050730),0.6646438369328233,2.1405777655212095,0.0,9.072246199802253e-06,0.001,35/51,20.68%,SAMSN1;CLEC6A;DMTN;HRG;GH1;CSF3;GATA1;HCLS1;TREM2;PTPN6;BMP6;CSPG4;LIF;RAP2B;SFRP2;OSM;VTN;FGF7;IL23R;PLCG2;FGF10;RAP2C;TDGF1;PECAM1;RIPK2;LRP8;IL11;NTF3;BANK1;IL3;BST1;EFNA5;RELN;ANGPT4;IL22RA2
prerank,GO_Biological_Process_2021::defense response to Gram-negative bacterium (GO:0050829),0.690542577118218,2.1401593391275977,0.0,8.989771234349507e-06,0.001,26/40,16.14%,MPEG1;SLC11A1;RNASE6;RARRES2;CTSG;CAMP;RNASE2;LYZ;LBP;BPI;DEFA4;MR1;FCN2;RNASE3;S100A7;PRB3;LTF;RNASE7;DEFB4A;TREM2;RPL30;AQP1;IL23R;AZU1;GSDMD;DEFB1
prerank,GO_Biological_Process_2021::positive regulation of tumor necrosis factor production (GO:0032760),0.6917006167939723,2.1389074584697587,0.0,1.7817564608620642e-05,0.002,29/42,18.61%,TMEM106A;DDT;LILRA2;LBP;LILRA5;FRMD8;DDX58;LPL;CLEC7A;THBS1;CCL19;OAS1;ORM2;TWIST1;OAS2;PF4;OAS3;ORM1;TYROBP;TIRAP;TLR1;IFIH1;SPN;PLCG2;AZU1;CYBA;CCL3;RASGRP1;LGALS9
prerank,GO_Biological_Process_2021::extracellular transport (GO:0006858),-0.8276307905428182,-2.1353647111643546,0.0,0.0005406959689691204,0.0665,7/10,4.39%,CCDC40;SPEF2;SPAG17;CABYR;ROPN1L;DNAAF2;SPA17
prerank,GO_Biological_Process_2021::regulation of interferon-gamma production (GO:0032649),0.6568768270216804,2.1320860018979015,0.0,1.7658479210329387e-05,0.002,43/51,26.49%,SLC11A1;LGALS7;LILRB4;PTPN22;LAPTM5;LILRB1;HLA-DPB1;CLEC7A;HLA-DPA1;CCR7;LGALS9B;FOXP3;SLAMF6;XCL1;IL36RN;CEBPG;C1QBP;IL23R;LGALS9C;CD226;SIRPA;F2RL1;IL12RB1;RASGRP1;BTN3A2;HSPD1;EBI3;ZC3H12A;LGALS9;IL12RB2;IFNL1;TXK;INHA;PYCARD;SLC7A5;ISG15;HLA-A;FADD;RIPK3;DDIT3;IL27;CD244;BTN3A1
prerank,GO_Biological_Process_2021::defense response to symbiont (GO:0140546),0.6071602960677744,2.131027244987381,0.0,2.1877761853505433e-05,0.0025,69/96,25.07%,SLFN11;SERINC3;RNASE6;SLFN13;RNASE2;CD207;MX2;RNASEL;LILRB1;RSAD2;DDX58;IFI44L;FCN3;OASL;OAS1;RNASE1;IFITM3;OAS2;APOBEC3G;PRF1;IFITM1;IFIT1;OAS3;IFI27;ISG20;MLKL;IFIH1;PMAIP1;MX1;IFIT3;RTP4;IFIT5;APOBEC3D;IFIT2;SAMHD1;EIF2AK2;APOBEC3A;BST2;PLSCR1;IFITM2;AZU1;IRF7;AICDA;MYD88;F2RL1;IFNL2;IFI6;APOBEC3H;IRF2;APOBEC3C;TRIM5;IFNL1;ZBP1;G3BP1;MICA;APOBEC3B;PYCARD;STAT1;LYST;NLRP1;DDIT4;ISG15;BPIFA1;CNOT7;NT5C3A;BNIP3L;FADD;RIPK3;TRIM56
prerank,GO_Biological_Process_2021::iron ion homeostasis (GO:0055072),0.6617929795836762,2.1276081496401473,0.0,3.0360192326531227e-05,0.0035,38/52,25.13%,CYB561A3;SCARA5;SLC11A1;SLC40A1;CYBRD1;ATP6V0A2;HEPH;HEPHL1;LCN2;BMP6;CCDC115;SKP1;ATP6V1A;HMOX1;ACO1;CP;FTL;MYC;HFE;SLC11A2;B2M;FTH1;ATP6V0D1;ATP6AP1;CUL1;BOLA2;ATP6V1G1;SLC46A1;IREB2;TMEM199;NDFIP1;ABCG2;ALAS2;PICALM;HMOX2;FXN;GLRX3;FBXL5
prerank,GO_Biological_Process_2021::Fc-gamma receptor signaling pathway (GO:0038094),0.6677603344629726,2.126682607542568,0.0,3.009619065412661e-05,0.0035,35/47,24.11%,CD247;MYO1G;VAV2;WAS;WIPF3;FCER1G;CYFIP2;BAIAP2;NCKAP1L;CYFIP1;VAV1;MYO1C;WIPF1;NCKAP1;PAK1;NCK1;PLCG2;FCGR2A;VAV3;PLCG1;ACTR2;BRK1;LIMK1;WASL;WIPF2;CDC42;ABI1;ARPC1B;ARPC2;PLA2G6;NCKIPSD;ELMO1;WASF2;CRK;ACTR3
prerank,GO_Biological_Process_2021::transferrin transport (GO:0033572),0.705910223904761,2.1248967720049676,0.0,2.983674073469448e-05,0.0035,28/34,20.40%,ATP6V1G3;ATP6V1C2;ATP6V0A4;ATP6V1B1;ATP6V0A2;ATP6V1E2;ATP6V0D2;TCIRG1;ATP6V1H;ATP6V1B2;ATP6V1D;ATP6V1G2;ATP6V1C1;ATP6V1A;ATP6V1F;ATP6V1E1;ATP6V0E2;HFE;ATP6V0A1;ATP6V0E1;ATP6V0D1;ATP6AP1;STEAP3;ATP6V0C;CLTC;LMTK2;ATP6V0B;ATP6V1G1
prerank,GO_Biological_Process_2021::regulation of transcription elongation from RNA polymerase II promoter (GO:0034243),-0.6357269622650323,-2.124298031465065,0.0,0.0006644484450883649,0.082,14/24,21.23%,NELFB;TCERG1;RECQL5;RNF8;SUPT6H;WDR43;NELFCD;SUPT16H;NELFA;EAF1;NELFE;EAPP;ZMYND11;CDC73
prerank,GO_Biological_Process_2021::spindle assembly (GO:0051225),-0.5006211106030125,-2.1241039269535396,0.0,0.0006634385752581789,0.0825,29/65,18.79%,CEP192;KIF3B;TPX2;KIFC2;SMC3;HAUS4;STAG1;SMC1A;CLASP1;BCCIP;CCDC61;STAG2;TUBGCP6;NUMA1;AAAS;HAUS2;CEP63;INO80;NEK2;HAUS5;MAPRE2;KIF2A;KIFC1;HAUS6;WRAP73;CLASP2;GOLGA8H;RCC1;OFD1
prerank,GO_Biological_Process_2021::telomere capping (GO:0016233),-0.74257122925936,-2.123125204354292,0.0,0.0006658392200652167,0.0835,10/14,14.90%,DCLRE1B;RAD50;DCLRE1A;POT1;TEN1;DCLRE1C;TFIP11;TERF2;NBN;ACD
prerank,GO_Biological_Process_2021::regulation of small GTPase mediated signal transduction (GO:0051056),0.5838016170989636,2.1227055256657565,0.0,4.225960836660024e-05,0.005,73/134,21.80%,ARHGAP25;ARHGAP18;FGD2;CHN2;SYDE1;ARHGDIB;ARHGAP30;ARHGEF17;ARHGAP15;ABR;FAM13B;TGM2;ARHGAP29;VAV2;RAC3;TAGAP;ARHGEF6;RHOH;ARAP3;ARHGAP9;NET1;VAV1;TRIP10;CD2AP;RHOJ;RHOD;ARHGEF19;SH3BP1;ARHGAP4;ARHGAP19;RAC2;KALRN;DEPDC7;FGD1;ARHGAP10;PLEKHG5;RHOF;SLIT2;ARHGEF16;ARHGEF1;GMIP;ARHGAP6;ITSN1;DLC1;ARHGEF5;GNA13;VAV3;CGNL1;RHOQ;STARD8;FGD3;RHOA;ARHGAP31;ARHGAP12;ARHGAP44;ARHGAP26;RHOC;FAM13A;OPHN1;ARHGAP20;ARAP1;NUP62;ARAP2;RELN;NGEF;RHOG;PLCE1;CDC42;ARHGAP24;ARHGEF26;SOS1;PLEKHG2;MCF2
prerank,GO_Biological_Process_2021::negative regulation of DNA recombination (GO:0045910),-0.574911404183322,-2.119177722483193,0.0,0.0007222049059206301,0.0905,18/38,15.20%,MSH6;PARPBP;MSH3;RIF1;POT1;TP53BP1;ATRX;POLR2C;POLR2B;MSH2;MAD2L2;KLHL15;TERF2;BLM;ZSCAN4;ZRANB3;ACD;FANCB
prerank,GO_Biological_Process_2021::ribosomal large subunit biogenesis (GO:0042273),-0.5307813232367332,-2.1178315587189944,0.0,0.0007308955397527946,0.0925,28/48,12.17%,MRTO4;PAK1IP1;RRS1;BOP1;MAK16;SURF6;WDR12;NIP7;NVL;RRP15;BRIX1;LAS1L;MDN1;RPF2;PES1;SDAD1;WDR74;MALSU1;MRPL1;NOC2L;ZNF622;NOP2;EBNA1BP2;PPAN;NLE1;NOP16;RPF1;RPL26L1
prerank,GO_Biological_Process_2021::mRNA processing (GO:0006397),-0.4120548997516993,-2.1172216024185904,0.0,0.0007261494648193349,0.0925,107/285,19.41%,EFTUD2;ZCCHC8;USP39;CASC3;DHX35;CACTIN;TCERG1;CHERP;PPWD1;DHX38;KIN;DHX16;PRPF18;PRPF4;DHX8;RPRD1B;NOVA1;GTF2H3;GPATCH1;PPIL1;GTF2H1;GEMIN6;SNIP1;PDCD7;POLR2C;DDX42;SUGP1;CPSF2;PPIH;RBM19;RBM10;CWF19L2;ZMAT5;U2AF1;POLR2B;GEMIN2;CPSF6;SART3;GTF2F2;GEMIN7;ERCC3;WDR83;SNRNP35;GPKOW;SRRT;SNRNP27;PRCC;PRPF40B;CWC27;RPRD2;RNPC3;SMNDC1;TFIP11;CPSF3;MAGOHB;SARNP;DDX23;CPSF7;CPSF1;WBP4;MNAT1;SMU1;RBM5;CSTF1;NCBP2L;GTF2H5;RSRC1;AKAP8L;DHX15;ISY1;RBM41;GEMIN5;CWF19L1;PPIE;USP49;MFAP1;SF3A1;HNRNPL;SNRNP25;PRPF4B;GTF2F1;NUDT21;CSTF3;RPRD1A;SART1;CD2BP2;PSPC1;POLDIP3;CSTF2;DHX9;GCFC2;CHTOP;CRNKL1;TXNL4A;FRG1;CMTR1;CSTF2T;WBP11;CWC22;METTL3;GTF2H2;SPEN;SNRNP48;SF3B3;CPSF4;RBM14;U2AF2
prerank,GO_Biological_Process_2021::regulation of defense response (GO:0031347),0.650445919796918,2.117112749263095,0.0,5.0281771310768424e-05,0.0055,36/57,22.28%,AKNA;PTGES;PTPN22;NLRP6;TMSB4X;ACE2;USP18;SBNO2;ADAMTS12;HERC5;TREM2;BCL6B;TIRAP;AHSG;ALOX15;XCL1;GRN;IL1RL2;ANXA1;SAMHD1;MYD88;RNF135;LRP8;BST1;PIK3AP1;IL37;GGT2;APOE;CELF1;GGT1;ZBP1;TRAF3;XIAP;DHX58;SPATA2;NLRP1
prerank,GO_Biological_Process_2021::Fc-gamma receptor signaling pathway involved in phagocytosis (GO:0038096),0.6649727392160718,2.114742747940649,0.0,5.816910798696739e-05,0.0065,40/46,28.48%,CD247;MYO1G;VAV2;WAS;WIPF3;CYFIP2;BAIAP2;NCKAP1L;CYFIP1;VAV1;MYO1C;WIPF1;NCKAP1;PAK1;NCK1;PLCG2;FCGR2A;VAV3;PLCG1;ACTR2;BRK1;LIMK1;WASL;WIPF2;CDC42;ABI1;ARPC1B;ARPC2;PLA2G6;NCKIPSD;ELMO1;WASF2;CRK;ACTR3;ACTG1;ELMO2;ARPC4;ARPC3;DOCK1;PLD2
prerank,GO_Biological_Process_2021::regulation of actin cytoskeleton organization (GO:0032956),0.6225803005453497,2.11440114888792,0.0,6.180467723615285e-05,0.007,43/72,21.17%,FAM107A;ARHGAP18;SIGLEC15;ARHGDIB;CORO1A;DMTN;NEB;RAC3;HRG;ABI3;RND3;RHOH;BAIAP2;RHOD;PAK1;ARHGEF19;SH3BP1;RAC2;ESAM;PAK3;F11R;RHOF;TWF2;BST2;IQGAP3;DLC1;ARHGEF5;ABL2;RHOQ;TAOK2;RHOA;ARHGAP44;BST1;GRHL3;RHOC;EPS8;RND1;EFNA5;EZR;DAPK3;RHOG;TRPM2;IQGAP2
prerank,GO_Biological_Process_2021::mitotic DNA integrity checkpoint signaling (GO:0044774),-0.7887439436539418,-2.1139426448330307,0.0,0.00075124986656272,0.0965,9/11,15.69%,HUS1;HUS1B;TICRR;TOPBP1;RAD17;ZNF830;CLSPN;SETMAR;ORC1
prerank,"GO_Biological_Process_2021::protein localization to chromosome, centromeric region (GO:0071459)",-0.7763310240038956,-2.112742527082856,0.0,0.0007628754433975887,0.099,8/12,13.61%,ZWILCH;CTCF;BUB3;CHAMP1;ZW10;BOD1;CENPA;SPDL1
prerank,GO_Biological_Process_2021::positive regulation of lymphocyte proliferation (GO:0050671),0.6932039988490882,2.1089277668677346,0.0,6.946641408360982e-05,0.0075,28/37,20.37%,SASH3;LILRB2;HLA-DPB1;CCL5;CD1D;HLA-DMB;CD209;CCL19;HLA-DPA1;IL2;IL7;AIF1;LEP;VCAM1;NCKAP1L;TIRAP;ANXA1;NCK1;CD46;IL23R;NCK2;FGF10;MEF2C;VAV3;FCRL3;BST1;GPR183;IRS2
prerank,GO_Biological_Process_2021::positive regulation of locomotion (GO:0040017),0.7614719213533335,2.108295023407324,0.0,6.889701724685892e-05,0.0075,16/23,11.36%,CCDC25;RARRES2;DUOX1;CCL21;CCL26;THBS1;CCL19;PPM1F;SPOCK2;TWIST1;CCR7;AIF1;DUOX2;TREM2;STX3;DUOXA2
prerank,GO_Biological_Process_2021::ribosomal small subunit biogenesis (GO:0042274),-0.6202176963213933,-2.1065214675140864,0.0,0.0008233626024282344,0.1045,15/27,11.87%,RRP36;DDX52;SURF6;ERAL1;UTP4;NOP14;WDR3;RIOK2;LTV1;RIOK1;METTL17;MRPS11;NOL11;SRFBP1;EMG1
prerank,GO_Biological_Process_2021::cell-matrix adhesion (GO:0007160),0.6097547572563566,2.1061807405454527,0.0,7.235669530086187e-05,0.008,45/77,19.79%,THSD1;EMP2;EMILIN1;FBLN5;LYVE1;SIGLEC1;ITGBL1;VCL;CCL21;BCAM;THY1;NID2;ADAMTS12;SORBS1;VCAM1;COL13A1;FERMT1;CD96;ZYX;ECM2;PARVG;CD34;RHOD;NPNT;MADCAM1;THBS3;FERMT2;TNN;ITGA11;COL17A1;ADAMTS9;VTN;ACTN3;CTTN;ILK;ITGA8;DLC1;ITGB7;ITGA1;TAOK2;ACTN1;FERMT3;ITGA3;LYPD3;ITGA10
prerank,GO_Biological_Process_2021::regulation of NIK/NF-kappaB signaling (GO:1901222),0.6520518561087862,2.105284802210655,0.0,7.57605720959293e-05,0.0085,31/51,20.57%,C1QTNF3;TSPAN6;UACA;CPNE1;PTPN22;TMSB4X;LAPTM5;CCL19;NFAT5;LIME1;LIMS1;PHB;SPHK1;EIF2AK2;PDCD4;BCL3;NLRP12;ILK;NLRC3;ACTN4;TRAF6;SPI1;RHOA;IFI35;PTP4A3;ZC3H12A;LGALS9;BMP7;SASH1;NOD1;EZR
prerank,GO_Biological_Process_2021::cellular response to interleukin-1 (GO:0071347),0.5958905075035699,2.103652820998939,0.0,7.515448751916187e-05,0.0085,69/100,24.34%,ADAMTS7;PTGIS;CCL21;CCL26;CCL16;CCL5;CCL19;MYLK3;NLRP7;GBP3;CCL8;ADAMTS12;HAS2;CCL17;CCL14;CCL25;CCL7;HYAL2;CCL22;HIF1A;HYAL1;CCL13;CCL15;IRAK2;CCL1;XCL2;IL1RN;CCL20;SKP1;GBP1;XCL1;CCL23;MAPK13;CCL18;IL1R2;MAP3K3;SIRPA;RPS6KA4;MYD88;TRAF6;PSMF1;RIPK2;CUL1;CCL3;IRAK3;PSMD5;CCL24;UBE2N;ZC3H12A;GBP2;SOX9;NR1D1;PYCARD;UBB;NOD1;IRAK4;PSMB2;TNIP2;PSMA2;CCL4;PSMA8;IL1RAP;PSMB4;ANKRD1;PSMD9;SQSTM1;PELI1;HYAL3;TANK
prerank,GO_Biological_Process_2021::negative regulation of proteolysis (GO:0045861),0.7163468287096191,2.1031028982774327,0.0,7.848212982368617e-05,0.009,22/31,19.07%,CST4;ECM1;CST7;TIMP3;KNG1;CSTA;CST3;SERPINB3;TIMP4;NLRP7;CHAC1;SERPINB4;EPPIN;CLN8;TMEM59;CLN3;SERPINE2;PTPN3;SNX12;TIMP2;TIMP1;CSTB
prerank,GO_Biological_Process_2021::macrophage activation (GO:0042116),0.799423429211574,2.102910615329102,0.0,7.78641602975154e-05,0.009,16/19,17.89%,TMEM106A;SLC11A1;CD93;FPR2;LBP;FER1L5;DYSF;SBNO2;AIF1;TREM2;TLR1;C1QA;PLCG2;EDN2;AZU1;IFI35
prerank,GO_Biological_Process_2021::fatty acid elongation (GO:0030497),-0.7774800083760494,-2.1024890122926134,0.0,0.0008484941902980989,0.1085,6/12,12.01%,HACD2;HACD3;HACD1;ELOVL1;ELOVL6;ELOVL7
prerank,GO_Biological_Process_2021::very long-chain fatty acid biosynthetic process (GO:0042761),-0.7774800083760494,-2.1024890122926134,0.0,0.0008484941902980989,0.1085,6/12,12.01%,HACD2;HACD3;HACD1;ELOVL1;ELOVL6;ELOVL7
prerank,"GO_Biological_Process_2021::mRNA splicing, via spliceosome (GO:0000398)",-0.41418044538769333,-2.1007579063773467,0.0,0.0008848697492167721,0.1125,97/261,19.41%,EFTUD2;ZCCHC8;USP39;CASC3;DHX35;CACTIN;CHERP;PPWD1;DHX38;DHX16;PRPF4;DHX8;NOVA1;GPATCH1;PPIL1;GEMIN6;SNIP1;PDCD7;SRPK1;POLR2C;DDX42;SUGP1;CPSF2;PPIH;RBM19;RBM10;CWF19L2;WDR77;ZMAT5;U2AF1;POLR2B;GEMIN8;GEMIN2;SNUPN;SART3;GTF2F2;GEMIN7;WDR83;SNRNP35;GPKOW;SRRT;SNRNP27;PRCC;PRPF40B;CWC27;RNPC3;SMNDC1;TFIP11;CPSF3;MAGOHB;TGS1;DDX23;CPSF7;CPSF1;WBP4;SRPK2;SMU1;RBM5;CSTF1;NCBP2L;RSRC1;DHX15;ISY1;RBM41;GEMIN5;CWF19L1;PPIE;USP49;MFAP1;SF3A1;HNRNPL;SCNM1;SNRNP25;PRPF4B;GTF2F1;NUDT21;CSTF3;SART1;CD2BP2;PSPC1;CSTF2;DHX9;GCFC2;CRNKL1;TXNL4A;FRG1;CSTF2T;WBP11;CWC22;GEMIN4;METTL3;SPEN;SNRNP48;SF3B3;CPSF4;RBM14;U2AF2
prerank,GO_Biological_Process_2021::cellular response to DNA damage stimulus (GO:0006974),-0.4111830803340376,-2.100450872018776,0.0,0.0008793736638179102,0.1125,120/288,15.85%,RFC2;RAD9B;HUS1;PDS5A;MSH6;RAD51D;RAD51C;TICRR;NCOA6;RAD1;TOPBP1;RAD17;RAD54L;RPA1;ZBTB40;ETAA1;RAD9A;APTX;PDS5B;SMARCAL1;MCM8;FAN1;MUTYH;MUS81;MSH3;RAD50;ERCC4;SMC1A;RECQL5;SPRTN;KMT5C;SLX4;POLK;MCM9;WRN;CHD1L;RFWD3;RBBP8;LIG1;KIN;OGG1;RIF1;GTF2H3;SMC6;RNF8;REXO4;ERCC8;XRCC3;MCM10;TP53BP1;GTF2H1;TOPORS;FBXO45;POLH;DOT1L;NEK4;IGHMBP2;RNF169;SPIDR;HINFP;RBM24;PNKP;SMC5;MSH2;XRCC5;UPF1;XPA;MCM7;CBX1;TLK2;ERCC3;APC;CBX5;RFC4;ALKBH3;CEP63;INO80;NIPBL;CBX3;BLM;NBN;BRAT1;CCNK;GNL1;ASH2L;XPC;RFC5;MNAT1;SUV39H1;SLX1A;ZRANB3;RAD51AP1;RFC3;FEN1;NABP2;SLF2;POLI;MASTL;SPDYA;RAD52;AATF;DCUN1D5;ATRIP;FBXO31;WDHD1;SLF1;NSMCE4A;NRDE2;VCPIP1;DDB2;MBD4;INIP;MMS19;RECQL;USP45;FAAP20;WDR48;STK11;BOD1L1;USP28
prerank,GO_Biological_Process_2021::regulation of postsynaptic membrane potential (GO:0060078),-0.6982513114909301,-2.1003584348552926,0.0,0.0008771119002792838,0.113,7/15,5.63%,NLGN3;GABRA2;MPP2;GRID2;NPFF;GRIN2C;GABRE
prerank,GO_Biological_Process_2021::regulation of MAP kinase activity (GO:0043405),0.6307479591269941,2.1002273726297576,0.0,8.498143119971017e-05,0.01,39/64,23.12%,S100A12;CD300A;ADIPOQ;CAV3;GH1;ADAM8;HYAL2;EDN1;IL34;TRIB1;NEK10;SPRY1;LIME1;FGF16;EGF;BMP4;CD24;EPGN;DUSP1;IRAK3;RASGRP1;TRIB3;PTPN1;DIRAS1;SPRY4;ROBO1;EDN3;BMP7;APOE;CBLC;PAQR3;GBA;SH2B3;SORL1;PIK3R6;FGF18;LRRK2;RGS14;PDGFD
prerank,GO_Biological_Process_2021::rRNA metabolic process (GO:0016072),-0.4542544888946218,-2.0975434477189077,0.0,0.0009063483160822632,0.1165,66/127,13.14%,TEX10;MRTO4;PDCD11;RRP1;RRP36;WDR18;BYSL;DDX52;DDX49;DDX54;BOP1;NOC4L;TBL3;WDR75;WDR12;HEATR1;UBA52;UTP4;NOP14;UTP14A;NOL6;BMS1;NVL;RRP1B;DDX10;RRP9;WDR3;PELP1;EXOSC10;EXOSC2;EXOSC9;NOL9;DHX37;NOLC1;RRP12;HELQ;EXOSC4;NOL11;FCF1;WDR43;MPHOSPH10;EXOSC5;LAS1L;MDN1;PES1;WDR74;WDR36;DIS3L;UTP15;EXOSC3;EBNA1BP2;UTP6;RCL1;EXOSC7;UTP20;ESF1;DDX27;EMG1;EXOSC1;RPF1;UTP3;IMP3;RPS9;NIFK;KRR1;EXOSC8
prerank,GO_Biological_Process_2021::GPI anchor biosynthetic process (GO:0006506),-0.5989529758938225,-2.097240855246205,0.0,0.0009039496554388375,0.117,17/30,21.64%,PIGG;DPM3;PIGH;PGAP2;PIGF;DPM1;PIGM;PIGN;PIGB;PIGW;PIGQ;GPAA1;DPM2;PIGK;PIGZ;PIGV;PIGO
prerank,GO_Biological_Process_2021::interferon-gamma-mediated signaling pathway (GO:0060333),0.6465195910388335,2.096991992314253,0.0,8.815550861590795e-05,0.0105,35/52,22.99%,IFI30;HLA-DQB2;CIITA;HLA-DPB1;OASL;HLA-DPA1;OAS1;HLA-DQA2;OAS2;HLA-DQB1;OAS3;HLA-DQA1;VCAM1;IRF4;HLA-DRA;MT2A;GBP1;IRF8;IRF5;B2M;IRF7;PML;TRIM38;IRF2;TRIM5;IRF9;GBP2;TRIM62;TRIM25;STAT1;HLA-C;IRF6;TRIM22;HLA-A;HLA-B
prerank,GO_Biological_Process_2021::positive regulation of cytoskeleton organization (GO:0051495),0.6302507349704043,2.096802173437404,0.0,8.74773893188625e-05,0.0105,42/64,21.32%,VIL1;LMOD1;PFN3;EVL;CCL21;CCL26;MYLK3;CCR7;CSF3;HCLS1;EDN1;BAIAP2;SYNPO2;CDC42EP5;NCKAP1L;BAIAP2L2;ALOX15;NCKAP1;CCL27;SYNPO;WDR1;NCK1;CDC42EP3;NCK2;CFL2;CTTN;BAIAP2L1;PDXP;STAP1;CDC42EP4;F2RL1;NES;NTF3;CCL24;PLEK;SNX9;LIMK1;PYCARD;NUP62;CDC42;VASP;ARF6
prerank,GO_Biological_Process_2021::positive regulation of inflammatory response (GO:0050729),0.6588036213101286,2.095670825928085,0.0,8.680962298818415e-05,0.0105,29/48,19.34%,S100A12;DDT;LBP;LILRA5;S100A8;GPR4;LPL;IL2;ADAM8;NUPR1;NINJ1;HYAL2;CCL1;S100A9;PLA2G3;GRN;GPSM3;MAPK13;IL16;OSM;ETS1;PDCD4;NLRP12;CEBPA;CCL3;IFI35;C2CD4B;ZBP1;MGST2
prerank,MSigDB_Hallmark_2020::Xenobiotic Metabolism,0.5685232645619496,2.0951707707478437,0.0,8.615197432918277e-05,0.0105,87/157,22.64%,DHRS7;ACP2;PTGR1;SLC6A6;SLC46A3;TMEM176B;DDT;FBLN1;DHRS1;IGFBP4;PTGES;CYP1A1;AOX1;AQP9;VNN1;CES1;MAN1A1;HRG;IGFBP1;SSR3;REG1A;RBP4;PAPSS2;CCL25;NINJ1;CYFIP2;ALDH3A1;FBP1;MT2A;CRP;PDLIM5;DDAH2;CYP1A2;HMOX1;SMOX;CD36;LCAT;GSTA3;ARG1;ETS2;IRF8;ADH7;GAD1;DDC;PGD;NPC1;PYCR1;VTN;GABARAPL1;GCH1;TDO2;ACOX2;HGFAC;BLVRB;ITIH1;FAS;KYNU;SLC35D1;ITIH4;SERTAD1;TMEM97;CYP2C18;PTGES3;UGDH;UPB1;CDO1;JUP;CYP26A1;SERPINA6;APOE;GSS;RAP1GAP;ATOH8;CYP2E1;GSTM4;CYP2S1;NMT1;ID2;ARG2;BPHL;TPST1;FMO3;POR;UPP1;LEAP2;BCAR1;ALDH9A1
prerank,GO_Biological_Process_2021::positive regulation of actin filament polymerization (GO:0030838),0.6760090780189074,2.091881097967645,0.0,9.665693883548717e-05,0.012,26/39,21.32%,LMOD1;EVL;SCIN;CCL21;CCL26;CCR7;CSF3;BAIAP2;CDC42EP5;NCKAP1L;BAIAP2L2;ALOX15;NCKAP1;SPIRE2;NCK1;CDC42EP3;NCK2;CTTN;BAIAP2L1;CDC42EP4;CCL24;SNX9;GSN;PYCARD;VASP;ARF6
prerank,GO_Biological_Process_2021::proteolysis (GO:0006508),0.5472265671701123,2.091320803213546,0.0,9.593561839641636e-05,0.012,106/217,20.20%,HTRA3;AEBP1;CPQ;CPXM1;CPXM2;CTSE;TPSD1;TINAGL1;MMP19;CPA4;SPPL2A;MMP23B;CPNE1;CTSG;TPSB2;RSPRY1;SRGN;TPSAB1;CPA3;LCN1;SPPL3;PRTN3;PRSS21;CAPN9;ADAMTS7;F7;LGMN;OLR1;CPA2;PROC;CPB2;WFDC2;CTSV;ADAMTS3;CELA1;ACAN;CTSZ;BMP1;SPCS3;MMP25;RNPEPL1;GGT5;CPM;CAPN6;MMP16;RNPEP;ADAMTS12;KLK4;CAPN11;CTSW;CAPN14;CTSF;CAPN5;PRSS1;MMP15;CAPN1;TMPRSS2;DESI2;CTSA;CTSL;VASH2;CTSO;GZMA;PRSS3;GZMB;PAPPA2;CTSH;MMP17;CLN3;CTSB;ADAMTS9;CPA1;PRCP;SPCS1;CTRL;MMP24;ADAM19;CAPN15;PRSS2;HGFAC;CTSD;FAM111A;FURIN;AZU1;ADAM33;LACTB;UBD;CAPN8;SPPL2B;PRSS57;LRP8;PHEX;PRSS56;BACE2;CPE;TMPRSS4;PIP;CTRB2;GGT1;CAPN2;PCSK7;MMEL1;CAPN10;DPP7;HABP2;TMPRSS11E
prerank,"GO_Biological_Process_2021::nucleotide-excision repair, DNA duplex unwinding (GO:0000717)",-0.673835402744654,-2.091122682424518,0.0,0.001032153734703446,0.1315,13/17,20.27%,UBA52;UBC;CHD1L;GTF2H3;GTF2H1;XPA;ERCC3;XPC;GTF2H5;DDB2;CETN2;GTF2H2;CUL4B
prerank,GO_Biological_Process_2021::vascular endothelial growth factor receptor signaling pathway (GO:0048010),0.6844207278236913,2.089343868353626,0.0,0.00010254998296961659,0.013,31/39,26.25%,CLEC14A;NCF2;VAV2;NCF1;PXN;NCF4;CYFIP2;BAIAP2;NCKAP1L;CYFIP1;CYBB;SULF1;VAV1;NCKAP1;NCK1;NCK2;PRKD2;VAV3;CYBA;MAPKAPK3;RHOA;BRK1;CDC42;ABI1;BCAR1;ELMO1;WASF2;CRK;NRP2;SH2D2A;ELMO2
prerank,GO_Biological_Process_2021::negative regulation of blood coagulation (GO:0030195),0.7745584252939198,2.088532220763177,0.0,0.0001054315082263784,0.0135,18/20,18.84%,ADTRP;F7;PROC;PLAUR;CPB2;KNG1;SERPINB2;SERPINF2;HRG;EDN1;CD34;APOH;SERPINE2;VTN;GP1BA;THBD;KRT1;APOE
prerank,GO_Biological_Process_2021::regulation of DNA metabolic process (GO:0051052),-0.5427345637891674,-2.0885108589404027,0.0,0.0010599277945917683,0.1355,19/42,11.78%,GRHL2;WDR18;TICRR;WDR70;SMARCAD1;WRNIP1;KDM1B;KPNA1;POLH;XRCC5;UPF1;SMG5;KPNA2;PDGFA;TERF2;NBN;KAT7;PIF1;ZNF365
prerank,GO_Biological_Process_2021::cell chemotaxis (GO:0060326),0.6737721998076049,2.0881341666757542,0.0,0.0001046619351736311,0.0135,31/40,22.52%,PARVA;CCL21;CCR7;DEFB4A;CCL25;CXCR3;CX3CR1;CCL20;EGR3;XCR1;HOXB9;CCR3;ACKR4;CCR8;CCR10;PLEKHG5;CCR6;CXCR6;CXCR5;ARRB2;ARHGEF16;AZU1;BIN2;RAB13;CORO1B;CCRL2;ACKR2;ACKR3;RHOG;NR4A1;BCAR1
prerank,GO_Biological_Process_2021::actin filament organization (GO:0007015),0.571500447934847,2.0870703470322445,0.0,0.0001074863951933093,0.0135,87/140,23.40%,ARHGAP25;EMP2;GAS2L3;VIL1;LMOD1;CAPG;TPM2;CORO1A;SVIL;ACTC1;CORO6;AVIL;MYO1G;SAMD14;EVL;SHROOM4;DBN1;SCIN;TMOD4;WAS;DMTN;NEB;RAC3;FHOD3;MYO5C;RND3;RHOH;TPM1;AIF1;PLS3;MYO1F;BAIAP2;LCP1;ACTA1;BAIAP2L2;MYO1C;CD2AP;RHOD;SH3BP1;NEDD9;CORO1C;DPYSL3;RAC2;GHRL;TTN;SHROOM3;MYO7A;PLA2G1B;SPIRE2;RHOF;MYO1B;TMOD3;SHROOM1;BAIAP2L1;PLS1;ENAH;MYO5B;MYO1A;MCU;FLII;XIRP1;CGNL1;SPTA1;CORO1B;ABI2;MYO15A;ACTN1;RHOA;ARHGAP12;RHOC;GSN;EPS8;CASS4;DSTN;RND1;WASL;PPP1R9B;RHOG;TCAP;CDC42;ABI1;ALDOA;NEBL;BCAR1;TMOD1;ELMO1;ELMO3
prerank,GO_Biological_Process_2021::transmembrane receptor protein tyrosine kinase signaling pathway (GO:0007169),0.5409363127091137,2.086384957872466,0.0,0.00010671311177465239,0.0135,166/261,27.11%,RARRES2;SULF2;ATP6V1G3;ATP6V1C2;GDF15;ATP6V0A4;ATP6V1B1;ZAP70;ATP6V0A2;CD8B;ATP6V1E2;ANGPTL1;ATP6V0D2;NCF2;CD8A;VAV2;CD7;TCIRG1;NCF1;NR4A3;SDC2;PXN;GH1;LCP2;ATP6V1H;NCF4;SORBS1;HNRNPA1;CYFIP2;BAIAP2;SHC1;ATP6V1B2;NCKAP1L;FOXO1;CYFIP1;CYBB;SULF1;DNM1;ATP6V1D;ATP6V1G2;VAV1;SLC39A14;NCKAP1;PAK1;ATP6V1C1;ATP6V1A;ZNF106;NEDD9;FGF20;FGF17;KALRN;FOXC2;FGF16;ATP6V1F;PAK3;ATP6V1E1;ATP6V0E2;FGF8;PILRB;NCK1;FGF7;AP2A2;CBL;ATP6V0A1;PTPRG;FOXO4;NCK2;BDNF;ATP6V0E1;FGF10;SOCS2;HNRNPH1;STAP1;EIF2AK3;ITSN1;PRKD2;FGF9;VAV3;ATP6V0D1;KL;RHOQ;SOGA1;ATP6AP1;CYBA;UBASH3B;ACTR2;INSRR;NTF3;MAPKAPK3;SLA;CNKSR1;RHOA;HNRNPM;EFNB3;RBFOX2;GRB7;FGFBP1;BRK1;SHC3;BLNK;GPLD1;ARHGEF28;CDK5R1;ATP6V0C;CASS4;LMTK2;EFNA5;WASL;FGF19;AP2B1;ATP6V0B;HAP1;IRS2;ATP6V1G1;NGEF;KIF16B;SDCBP;AP2S1;PTPRT;CDC42;AP2A1;FGF18;PTPN2;SOS1;ABI1;ARPC1B;DDIT4;NTF4;EFNB1;BCAR1;POLR2G;ARPC2;NGFR;POLR2E;RGS14;EFNA3;CLNK;PRLR;PDGFD;ELMO1;RAPGEF1;WASF2;TSC2;HNRNPF;CRK;ACTR3;ESRP2;NRP2;FLRT2;NRG1;SH2D2A;FGFRL1;DDR1;ACTG1;ANKS1A;FES;NCSTN;ELMO2;POLR2H;RASGRP4;GIGYF1;SORT1;RAB14;TRIM71;GIT1;FRK
prerank,GO_Biological_Process_2021::regulation of actin filament-based process (GO:0032970),0.6315305387755441,2.083619934426923,0.0,0.0001094825711040422,0.014,37/60,21.17%,ABRACL;FAM107A;ARHGAP18;SIGLEC15;CORO1A;DMTN;RAC3;HRG;RND3;RHOH;BAIAP2;RHOD;PAK1;ARHGEF19;SH3BP1;RAC2;PAK3;F11R;RHOF;TWF2;BST2;IQGAP3;DLC1;ARHGEF5;RHOQ;TAOK2;RHOA;CNN2;ARHGAP44;BST1;GRHL3;RHOC;RND1;EFNA5;EZR;RHOG;IQGAP2
prerank,"GO_Biological_Process_2021::DNA-templated transcription, termination (GO:0006353)",-0.507346177589418,-2.0809283993660026,0.0,0.001173375836850844,0.15,29/60,20.99%,POLR1A;POLR1B;LSM11;GTF2H3;GTF2H1;CPSF2;POLR3K;POLR1E;POLR1C;ERCC3;CPSF3;TTF2;CPSF7;CPSF1;MNAT1;UBTF;CSTF1;GTF2H5;TTF1;TAF1B;SSU72;NUDT21;CSTF3;CSTF2;CSTF2T;GTF2H2;CPSF4;CLP1;SCAF8
prerank,GO_Biological_Process_2021::regulation of protein kinase B signaling (GO:0051896),0.5744434199837042,2.0803388865932857,0.0,0.00011571939567620108,0.015,60/116,21.22%,RCN3;PHLDA3;CPNE1;CHI3L1;GDF15;MYDGF;MYOC;F7;CCL21;THBS1;CCL19;RASD2;CCR7;TRAT1;CSF3;ADAM8;HCLS1;HYAL2;LEP;RRAS;VAV1;CX3CR1;TNFAIP8L3;FERMT2;FGF20;FGF17;RAC2;GATA4;FGF16;EGF;PHB;FGF8;OSM;FGF7;KITLG;EPGN;OSBPL8;C1QBP;GATA3;PTEN;ARRB2;FGF10;IAPP;AREG;FGF9;KL;PKHD1;BANK1;CCL3;BTC;TRIB3;PIK3AP1;CASS4;FGF19;SH2B3;IL26;IRS2;RHOG;THPO;FGF18
prerank,GO_Biological_Process_2021::negative regulation of interleukin-6 production (GO:0032715),0.749967163983472,2.0796363159996942,0.0,0.00011490447035453769,0.015,20/22,19.78%,C1QTNF3;LILRB4;PTPN22;BPI;C5AR2;ORM1;PTPN6;NCKAP1L;FOXJ1;GHRL;NLRP12;TNFAIP3;SIRPA;NLRC3;CD200R1;IRAK3;IL37;ZC3H12A;SLAMF1;GBA
prerank,GO_Biological_Process_2021::positive regulation of interleukin-8 production (GO:0032757),0.7198149867355087,2.0795754886085307,0.0,0.00011410094258982063,0.015,27/31,27.13%,ZNF580;CHI3L1;LILRA2;LBP;APOA2;ADIPOQ;DDX58;CLEC7A;HYAL2;LEP;FCN1;TIRAP;TLR1;PLA2G1B;MYD88;F2RL1;PRKD2;LGALS9;BCL10;PYCARD;NOD1;RAB1A;FADD;DDIT3;CD244;CD58;LAMTOR5
prerank,GO_Biological_Process_2021::actin filament polymerization (GO:0030041),0.7342763722508121,2.0784658699248704,0.0,0.00011674216811273315,0.0155,17/26,15.32%,FAM107A;TTC17;VIL1;ANG;WAS;DIAPH3;PSTPIP1;AIF1;PSTPIP2;WASF1;WASF3;DIAPH1;MICALL2;MSRB2;SPIRE2;GAS7;ARHGAP6
prerank,GO_Biological_Process_2021::antimicrobial humoral immune response mediated by antimicrobial peptide (GO:0061844),0.6664139027817392,2.0782002476609693,0.0,0.00011934696293877792,0.016,29/44,12.87%,RNASE6;S100A12;CAMP;ANG;RPL39;DEFA4;RNASE3;S100A7;CXCL13;CXCL9;LTF;PF4V1;HRG;CXCL1;PF4;RNASE7;REG1A;CXCL11;CXCL6;DEFB4A;CXCL5;CCL13;GNLY;CXCL14;S100A9;CXCL3;RPL30;PPBP;PLA2G1B
prerank,GO_Biological_Process_2021::peptidyl-tyrosine dephosphorylation (GO:0035335),0.6992203090145899,2.0778687430332416,0.0,0.00011852951798714247,0.016,19/31,22.12%,PTPRO;PTPN22;PTPN9;PTPN6;DUSP6;PTPRZ1;DUSP18;TNS2;DUSP5;DUSP9;DUSP1;DUSP2;UBASH3B;PTPN1;DUSP10;DUSP8;PTPRT;PTPN2;PTPN18
prerank,MSigDB_Hallmark_2020::Myogenesis,0.5637844068283621,2.0778349674629477,0.0,0.00011772319473552924,0.016,86/150,23.85%,AEBP1;OCEL1;CNN3;DES;TAGLN;IGFBP7;MYH11;COX6A2;PFKM;TPM2;SVIL;COX7A1;SMTN;ACTC1;PGAM2;MYLPF;PTGIS;SOD3;MYL3;TNNI1;CAV3;GPX3;TNNT3;PDLIM7;IGFBP3;MAPK12;PYGM;MB;SORBS1;KLF5;MYL4;MYOM2;ACTA1;MYO1C;TNNC2;FHL1;FST;CD36;ADAM12;MYH9;SGCG;CSRP3;SGCA;WWTR1;TNNT1;HSPB8;MYF6;HSPB2;FXYD1;SPHK1;MYBPH;ACTN3;MYH3;FOXO4;PPP1R3C;MEF2C;FLII;MYL6B;APOD;ATP6AP1;LSP1;SPTAN1;VIPR1;AGRN;PLXNB2;REEP1;SYNGR2;PTP4A3;DMPK;SPARC;GSN;PPFIA4;MYLK;CDKN1A;TCAP;STC2;GABARAPL2;GJA5;ABLIM1;ITGA7;SORBS3;ENO3;ITGB4;BAG1;TSC2;CASQ2
prerank,GO_Biological_Process_2021::positive regulation of actin filament bundle assembly (GO:0032233),0.675413770247261,2.0771839700852155,0.0,0.00011692776774407296,0.016,27/41,21.04%,GPR65;VIL1;MYOC;PFN3;EVL;ARHGEF10L;SERPINF2;PPM1F;PXN;RGCC;LIMCH1;TPM1;SYNPO2;ARHGEF15;PAK1;FERMT2;SYNPO;APOA1;ARHGEF10;ARHGEF5;RHOA;S100A10;PLEK;RHOC;LIMK1;PPM1E;CDC42
prerank,MSigDB_Hallmark_2020::KRAS Signaling Up,0.5627009719505316,2.0757273022671696,0.0,0.0001227797614892701,0.017,91/149,21.55%,TMEM100;VWA5A;EMP1;ADGRL4;RABGAP1L;PLVAP;ADAMDEC1;SPARCL1;CMKLR1;TMEM176A;TMEM176B;MPZL2;G0S2;C3AR1;MMP11;PLAUR;TSPAN13;ITGBL1;LAPTM5;MMD;GLRX;MMP10;RETN;PRRX1;HKDC1;CIDEA;CLEC4A;SLPI;IGFBP3;FCER1G;ADAM8;RBP4;SPON1;PTPRR;PRKG2;LCP1;CFH;TRIB1;DUSP6;CCL20;ERO1A;F13A1;TOR1AIP2;TSPAN1;ARG1;LIF;IRF8;MAFB;ANXA10;AKAP12;GFPT2;PPBP;FUCA1;IL1RL2;PLEK2;TNFRSF1B;TSPAN7;ANGPTL4;ETS1;CBL;ALDH1A3;IL7R;TNFAIP3;F2RL1;ADGRA2;SATB1;FGF9;ETV1;TRAF1;PECAM1;APOD;LAT2;BTC;JUP;CPE;BTBD3;IKZF1;SOX9;GYPC;DOCK2;DNMBP;BMP2;ETV5;ID2;RELN;CCSER2;PRELID3B;ETV4;SERPINA3;ZNF277;GNG11
prerank,GO_Biological_Process_2021::RNA splicing (GO:0008380),-0.46948447381780645,-2.075361661752793,0.0,0.001282419926401119,0.1625,32/90,13.65%,USP39;TCERG1;DHX16;PRPF18;PRPF4;DHX8;NOVA1;MPHOSPH10;PDCD7;SRPK1;ZMAT5;U2AF1;GEMIN2;WDR83;SNRNP35;USB1;CCAR2;RNPC3;SMNDC1;MAGOHB;DDX23;WBP4;SRPK2;SMU1;KHSRP;RSRC1;DHX15;RP9;SCNM1;SNRNP25;PRPF4B;NRDE2
prerank,GO_Biological_Process_2021::pancreas development (GO:0031016),-0.7656988010385037,-2.0752759383331947,0.0012468827930174563,0.0012748316428129467,0.1625,8/11,17.23%,CCDC39;CCDC40;DNAAF1;ISL1;SRP54;ZIC3;NKX6-1;NPHP3
prerank,GO_Biological_Process_2021::protein targeting to ER (GO:0045047),0.6204935485147297,2.074627384505098,0.0,0.0001219612297460083,0.017,42/64,19.44%,RPLP2;ZFAND2A;RPS12;RPL39;RPL7A;RPL28;RPL29;RPL27A;SPCS3;RPL10A;MAN1A1;RPL34;RPL27;RPL9;RPL14;RPL41;RPL24;RPL21;RPL35A;RPL26;RPL15;RPL13;RPS20;RPL7;RPS17;RPL18A;SPCS2;RPL31;RPL30;SEC61G;RPL36;RPL18;RPL37A;SPCS1;RPS14;RPS21;SEC63;RPL35;SRP9;EDEM1;RPS10;CHMP4B
prerank,GO_Biological_Process_2021::positive regulation of intracellular signal transduction (GO:1902533),0.5318852644319819,2.0727649214695036,0.0,0.00012115353948278971,0.017,196/356,25.39%,APOL3;SHISA5;TMEM9B;TMEM106A;TMEM101;TSPAN6;S100A12;ECM1;DCN;CPNE1;CHI3L1;GDF15;MYDGF;MYOC;CLEC6A;F7;S100A4;TGM2;LAPTM5;LILRA5;TLR6;S100A8;ADIPOQ;CCL21;CCL5;NCF1;CLEC7A;THBS1;OASL;CCL19;LTF;GH1;RASD2;CCR7;NEDD4;ALOX12B;TNFSF10;TRAT1;CSF3;CARD9;ADAM8;HCLS1;STYXL1;NUPR1;TREM2;LEP;PTPN6;SHC1;TICAM2;EPO;TIRAP;VAV1;S100A9;RPS20;CX3CR1;PMAIP1;TNFAIP8L3;HMOX1;CARD16;GJA1;DDX60;LAMTOR3;FERMT2;LIF;NFAT5;BCL2L11;FGF20;CAV1;FGF17;RAC2;LIMS1;FGF16;EGF;GPR37L1;PHB;BMF;FGF8;IFIT5;OSM;HCST;PLEKHG5;S100A13;SPHK1;BID;FGF7;EIF2AK2;KITLG;TMED4;PDCD4;CBL;BST2;EPGN;OSBPL8;C1QBP;GATA3;EEF1D;RRAGB;PLK2;PLCG2;LITAF;NLRP12;ILK;FGF10;MAP3K3;MYD88;IAPP;F2RL1;PRKD2;UBD;ACTN4;TRAF6;AREG;FGF9;SOX2;TRIM38;KL;RIPK2;IL11;FCRL3;NTF3;MIOS;CCL3;RHOA;TBK1;TRIM5;IFI35;PTP4A3;BTC;UBE2N;USP15;TRIB3;PIK3AP1;NEK6;LGALS9;RHOC;SOX9;VAPA;S100B;CASS4;TRAF2;BCL10;TRIM62;FGF19;SASH1;TNFRSF19;TRAF7;IL26;NUP62;IRS2;BMP2;TRIM25;NOD1;IRAK4;ZCCHC3;RELN;RHOG;NDFIP1;TNIP2;THPO;CCDC22;FGF18;CCL4;CHD5;FFAR4;TIFA;DHX58;TRIM22;ATP2C1;NRG4;GAPDH;PHB2;LIN28A;PDGFD;SPHK2;TBX1;LRP2;WLS;PELI1;RPL23;WWC1;RRAGA;TFG;JMJD8;LPAR1;AKAP13;FADD;REL;SEC13;IQGAP1;RNF31;RHEB;CARD11;DDIT3;GPR37;NRG1;BECN1
prerank,MSigDB_Hallmark_2020::Angiogenesis,0.7357033642723191,2.0722141907208913,0.0,0.0001203564767230345,0.017,22/25,22.33%,LUM;SLCO2A1;PRG2;S100A4;OLR1;FSTL1;STC1;VAV2;POSTN;LPL;VCAN;PF4;CXCL6;APOH;VTN;THBD;MSX1;TIMP1;SERPINA5;JAG1;LRPAP1;JAG2
prerank,GO_Biological_Process_2021::calcium-dependent cell-cell adhesion via plasma membrane cell adhesion molecules (GO:0016339),-0.5808906828938565,-2.0719806946159722,0.0,0.001324664347506097,0.1665,19/32,21.14%,PCDHB16;PCDHB5;PCDHB2;PCDHB14;PCDHB6;CDH19;CDH20;CDH23;CDHR3;CDH9;CDH18;CDH10;PCDHB9;PCDHB11;PCDHB10;NLGN1;PCDHB13;CDH8;PCDHB4
prerank,MSigDB_Hallmark_2020::IL-2/STAT5 Signaling,0.5687704256966784,2.0710737700433675,0.0,0.00011956983308432186,0.017,87/141,25.62%,GPR65;SHE;EMP1;ITIH5;RABGAP1L;SWAP70;TTC39B;ECM1;CST7;PHTF2;ANXA4;CAPG;GBP4;TGM2;FGL2;BATF;ENPP1;FAM126B;CTSZ;PHLDA1;BATF3;IFITM3;TNFSF10;RHOH;GATA1;GLIPR2;IRF4;CYFIP1;IGF2R;MYO1C;AHNAK;PLIN2;ITGA6;CD83;LIF;IRF8;CD48;SMPDL3A;AMACR;MYC;GALM;TNFRSF1B;IL1R2;GABARAPL1;P4HA1;ADAM19;XBP1;CDC42SE2;S100A1;MAFF;PLSCR1;SOCS2;FURIN;HK2;MXD1;CKAP4;TRAF1;SERPINB6;SNX14;PLEC;F2RL2;SYNGR2;NCOA3;SLC2A3;SPRY4;SOCS1;SNX9;KLF6;BMP2;RNH1;EOMES;ETV4;IRF6;PENK;COCH;DCPS;NFIL3;DHRS3;ENO3;WLS;CD81;PTCH1;ARL4A;RORA;TNFRSF21;SLC29A2;RHOB
prerank,GO_Biological_Process_2021::regulation of transcription initiation from RNA polymerase II promoter (GO:0060260),-0.5056071076624019,-2.0693123246739753,0.0,0.0013829136516278733,0.1745,32/55,23.24%,MED1;ZNF45;MED27;MED20;PAXIP1;MED14;MED8;MED16;MED23;MED24;MED13;MED6;HNF1B;MED25;MED26;MED15;MED17;MED31;AGO3;ATF7IP;MED10;AGO1;AGO4;MED7;CDK8;MOV10;TNRC6A;ZNF451;MED4;CCNC;TNRC6C;MED12
prerank,GO_Biological_Process_2021::defense response to Gram-positive bacterium (GO:0050830),0.6683792299583791,2.0691953573495017,0.0,0.00012200403818045758,0.0175,24/42,16.14%,MPEG1;RNASE6;RARRES2;CAMP;RNASE2;LYZ;LBP;ANG;GBP4;RPL39;DEFA4;MR1;FCN2;RNASE3;RNASE7;DEFB4A;STAB2;CRP;TIRAP;PLA2G1B;GBP7;MYD88;GSDMD;DEFB1
prerank,GO_Biological_Process_2021::cellular response to ionizing radiation (GO:0071479),-0.5500315631315131,-2.0687666741568695,0.0,0.0013868029436663262,0.176,19/39,11.93%,RAD9B;HUS1;LIG4;RAD1;FIGNL1;RAD9A;INTS7;RHNO1;WRN;SPIDR;XRCC5;CRYAB;TLK2;ECT2;INO80;NIPBL;BLM;SWI5;RAD51AP1
prerank,GO_Biological_Process_2021::negative regulation of telomere maintenance via telomere lengthening (GO:1904357),-0.6417278072997348,-2.0686307704950404,0.0,0.0013817518744576216,0.176,12/21,14.90%,GNL3L;NAT10;ERCC4;EXOSC10;SLX4;POT1;PINX1;TEN1;TERF2;SLX1A;PIF1;ACD
prerank,GO_Biological_Process_2021::positive regulation of leukocyte chemotaxis (GO:0002690),0.7039250977262462,2.0685194981190924,0.0,0.00012121691535348687,0.0175,24/31,18.65%,ZNF580;CMKLR1;RARRES2;FPR2;S100A14;F7;LGMN;CCL5;S100A7;THBS1;CCR7;AIF1;IL34;CCL1;XCL1;CCR6;C1QBP;EDN2;AKIRIN1;F2RL1;PRSS56;ANO6;LGALS9;EDN3
prerank,GO_Biological_Process_2021::DNA unwinding involved in DNA replication (GO:0006268),-0.7123583467481965,-2.06829619339562,0.0,0.0013738107717308537,0.176,10/15,15.00%,MCMDC2;RPA1;MCM2;RECQL5;WRN;MCM4;MCM6;MCM7;BLM;RECQL
prerank,GO_Biological_Process_2021::termination of RNA polymerase I transcription (GO:0006363),-0.6167826128627426,-2.0680006404141875,0.0,0.0013688916700098802,0.1765,12/25,12.86%,POLR1A;POLR1B;GTF2H3;GTF2H1;POLR1E;POLR1C;ERCC3;MNAT1;UBTF;GTF2H5;TTF1;TAF1B
prerank,GO_Biological_Process_2021::positive regulation of supramolecular fiber organization (GO:1902905),0.6061478428263501,2.067913925351968,0.0,0.00012677882509980074,0.0185,43/73,21.32%,GPX1;VIL1;EFEMP2;LMOD1;PFN3;EVL;CCL21;CCL26;CAV3;MYLK3;CCR7;CSF3;EDN1;BAIAP2;SYNPO2;CDC42EP5;NCKAP1L;BAIAP2L2;OCLN;ALOX15;NCKAP1;PAK1;COLGALT1;SYNPO;WDR1;NCK1;CDC42EP3;NCK2;CFL2;CTTN;BAIAP2L1;PDXP;CDC42EP4;F2RL1;CCL24;PLEK;APOE;SNX9;CDK5R1;LIMK1;PYCARD;VASP;ARF6
prerank,GO_Biological_Process_2021::translesion synthesis (GO:0019985),-0.562964270036853,-2.0675274111019832,0.0,0.00136694305791392,0.1775,18/34,12.95%,RFC2;RPA3;RFC1;RPA1;UBA52;SPRTN;UBC;POLK;RPA2;POLH;MAD2L2;RFC4;RFC5;RFC3;POLI;POLN;NPLOC4;RCHY1
prerank,GO_Biological_Process_2021::intracellular pH reduction (GO:0051452),0.6813489260909709,2.065456492689671,0.0,0.00014171773124213395,0.0205,29/35,20.40%,RAB20;SLC11A1;SLAMF8;ATP6V1G3;ATP6V1C2;ATP6V0A4;ATP6V1B1;ATP6V0A2;ATP6V1E2;ATP6V0D2;TCIRG1;ATP6V1H;ATP6V1B2;ATP6V1D;DMXL2;ATP6V1G2;ATP6V1C1;ATP6V1A;RAB38;ATP6V1F;ATP6V1E1;ATP6V0E2;ATP6V0A1;ATP6V0E1;TMEM9;ATP6V0D1;ATP6V0C;ATP6V0B;ATP6V1G1
prerank,GO_Biological_Process_2021::regulation of telomere maintenance via telomere lengthening (GO:1904356),-0.6936154462856544,-2.0652805484847305,0.0013422818791946308,0.001396895829435795,0.183,7/16,11.63%,ERCC4;SLX4;POT1;PINX1;SMG5;TERF2;SLX1A
prerank,GO_Biological_Process_2021::sodium ion transport (GO:0006814),-0.494625767083852,-2.0646875545315826,0.0,0.0013976936276506578,0.1835,20/64,7.20%,SLC6A17;HCN1;HCN3;SLC9B2;SCNN1D;SCN2B;HCN2;SLC17A3;PKD2L1;CATSPER3;CATSPER4;SLC4A8;SLC6A8;SCN3B;HCN4;SCN1B;SLC6A1;SCN2A;SLC6A13;SLC12A2
prerank,GO_Biological_Process_2021::positive regulation of leukocyte mediated cytotoxicity (GO:0001912),0.682120577029407,2.064091355860691,0.0,0.00015020883581444745,0.022,21/34,18.83%,KLRC2;CD1A;CD1E;CD1C;CD1D;CD1B;KLRD1;KLRK1;NCR3;HLA-DRA;CD160;SLAMF6;TYROBP;XCL1;IL23R;CD226;STAP1;SPI1;IL12RB1;RASGRP1;LAMP1
prerank,GO_Biological_Process_2021::protein mannosylation (GO:0035268),-0.6662086188047565,-2.0616255838848585,0.0,0.0014672603403740176,0.193,10/18,13.33%,DPY19L2;POMGNT2;POMT2;B4GAT1;POMT1;DPM3;FKTN;DPM1;FKRP;DPM2
prerank,GO_Biological_Process_2021::actin filament bundle assembly (GO:0051017),0.6912713149729564,2.0597841831409265,0.0,0.00016170280333484017,0.024,25/33,20.57%,FAM107A;ADD2;DMTN;AIF1;ESPNL;PLS3;BAIAP2;LCP1;BAIAP2L2;CALD1;RHOD;NEDD9;DPYSL3;FSCN2;ESPN;MYO1B;ADD1;SHROOM1;BAIAP2L1;PDXP;PLS1;CORO1B;EPS8;LIMA1;EZR
prerank,GO_Biological_Process_2021::postsynaptic membrane organization (GO:0001941),-0.6561246592472029,-2.059621678959811,0.0,0.0014961565808013055,0.1975,8/19,8.60%,CHRNB1;NLGN3;LRRC4;NLGN4X;SHISA7;NLGN2;NRXN2;LHFPL4
prerank,GO_Biological_Process_2021::defense response to bacterium (GO:0042742),0.5759660171858332,2.0584671924705926,0.0,0.00016378239467580507,0.0245,64/115,16.57%,ANXA3;MPEG1;SLC11A1;RNASE6;S100A12;RARRES2;SLAMF8;FPR2;STAB1;S100A14;CTSG;CAMP;COLEC12;RNASE2;CFP;LYZ;LBP;ANG;BPI;GBP4;RPL39;DEFA4;MR1;WFDC2;TLR6;S100A8;FCN2;RNASE3;S100A7;CXCL13;LCN2;OAS1;PRB3;LTF;IGLL5;OAS2;SLPI;FCER1G;RNASE7;DEFB4A;OAS3;TREM2;EPPIN;SHC1;STAB2;GNLY;CRP;TIRAP;S100A9;NLRC4;RPL30;AQP1;PLA2G1B;GBP7;SPN;CEBPB;IL23R;NAIP;AZU1;MYD88;GSDMD;DEFB1;PI3;SFTPD
prerank,GO_Biological_Process_2021::dendritic cell differentiation (GO:0097028),0.7891934611705006,2.057937155653211,0.0,0.00016276511272129694,0.0245,17/17,21.14%,DCSTAMP;PRTN3;LILRB1;BATF;BATF2;CCL19;BATF3;CCR7;DHRS2;TREM2;IRF8;TGFBR2;F2RL1;UBD;LGALS9;CAMK4;TRPM2
prerank,GO_Biological_Process_2021::positive regulation of reactive oxygen species metabolic process (GO:2000379),0.7187414985115113,2.0572950378127017,0.0,0.00016176038980326426,0.0245,19/27,20.06%,PID1;FPR2;TLR6;ACE2;CLEC7A;THBS1;CD177;TYROBP;CRP;CD36;RAB27A;PLCG2;TGFBR2;F2RL1;CYBA;SLC5A3;ZC3H12A;ADGRB1;CDKN1A
prerank,GO_Biological_Process_2021::rRNA methylation (GO:0031167),-0.6493802284486101,-2.0568529735547783,0.0015455950540958269,0.0015530742976084268,0.205,10/19,12.77%,NSUN4;DIMT1;FTSJ3;NOP2;MTERF4;FBLL1;TFB1M;EMG1;ZCCHC4;MRM1
prerank,GO_Biological_Process_2021::positive regulation of T cell proliferation (GO:0042102),0.6968525234068178,2.055561342346517,0.0,0.00016986806994967165,0.026,23/31,20.16%,LILRB2;IGFBP2;HLA-DPB1;CCL5;CD1D;HLA-DMB;CD209;CCL19;HLA-DPA1;IL2;AIF1;LEP;VCAM1;NCKAP1L;ANXA1;NCK1;CD46;CD24;IL23R;NCK2;IL12RB1;EBI3;PYCARD
prerank,GO_Biological_Process_2021::DNA synthesis involved in DNA repair (GO:0000731),-0.5637559635067168,-2.055428655139116,0.0016863406408094434,0.0015811814916725884,0.21,17/32,12.76%,RFC2;RPA3;RFC1;RPA1;UBA52;SPRTN;UBC;POLK;WRN;WRNIP1;RPA2;POLH;RFC4;RFC5;RFC3;POLI;POLN
prerank,GO_Biological_Process_2021::positive regulation of epithelial cell migration (GO:0010634),0.6130085379837971,2.0522407792079855,0.0,0.000192951187468965,0.03,38/64,23.26%,SMOC2;ANXA3;ZNF580;VIL1;THBS1;PPM1F;HIF1A;HYAL1;EDN1;GLIPR2;RRAS;GPI;CTSH;FOXC2;GRN;EGF;BMP4;FGF7;ETS1;RIN2;GATA3;PLCG2;FGF10;PRKD2;TDGF1;PLCG1;SPARC;ZC3H12A;SOX9;GPLD1;ATOH8;SASH1;ANGPT4;SCARB1;ARF6;EMC10;BCAR1;RAB11A
prerank,GO_Biological_Process_2021::cell cycle G2/M phase transition (GO:0044839),-0.44088061965096814,-2.050415779611192,0.0,0.0017042870278729625,0.2275,47/112,19.64%,ALMS1;CEP192;CEP76;CEP41;USH1C;HAUS4;CEP164;TAF2;PPME1;MELK;CEP131;NEDD1;CLASP1;CEP290;CKAP5;CENPJ;CDK5RAP2;CCP110;NDE1;ODF2;CCNB2;CEP70;HAUS2;CEP63;NEK2;CEP250;CDC25B;MNAT1;AKAP8L;SDCCAG8;BRSK2;PCM1;LCMT1;MASTL;HAUS5;AKAP9;PRKAR2B;HAUS6;BORA;CEP152;TUBG1;CEP135;CETN2;OFD1;FBXL3;FBXW11;TPD52L1
prerank,GO_Biological_Process_2021::cell differentiation in spinal cord (GO:0021515),-0.7885520628055934,-2.0498824943586222,0.0,0.0017117518148049718,0.229,6/10,7.89%,DRAXIN;MDGA2;SOX13;ZC4H2;ISL1;FOXN4
prerank,GO_Biological_Process_2021::cholesterol efflux (GO:0033344),0.7730568935210742,2.049420143810973,0.0,0.00019777496715568912,0.031,15/18,21.18%,ABCA8;NPC2;APOA5;APOA2;ABCA7;APOC2;APOM;APOC1;APOA1;NPC1;ABCG4;APOE;ABCG5;ABCG1;SCARB1
prerank,GO_Biological_Process_2021::replication fork processing (GO:0031297),-0.5547072488228727,-2.048043778124068,0.0,0.0017302271007011852,0.233,16/32,19.34%,GEN1;EME2;OOEP;ETAA1;SMARCAL1;MMS22L;WRN;RFWD3;ATRX;BLM;ZRANB3;TONSL;SETMAR;BOD1L1;EXD2;PCNA
prerank,GO_Biological_Process_2021::regulation of cytokine production involved in inflammatory response (GO:1900015),0.7127700574145434,2.0479063436605793,0.0,0.00021147624500081214,0.033,19/28,20.16%,LILRB4;TLR6;CLEC7A;GBP5;CHID1;NLRP7;MEFV;CARD9;TREM2;LEP;HIF1A;PDCD4;PLD4;SIRPA;NLRC3;MYD88;APOD;ZC3H12A;PYCARD
prerank,GO_Biological_Process_2021::regulation of cell cycle process (GO:0010564),-0.4609830292879587,-2.0478550173537564,0.0,0.0017264405890905386,0.2335,37/92,19.57%,HORMAD1;KIF20B;DBF4;PRC1;CEP85;DBF4B;MKI67;RACGAP1;AURKC;SPAG5;MARK4;RPRD1B;CCP110;KLHL21;NUMA1;TIPIN;USP51;KNSTRN;CUL7;APC;ECT2;NEK2;CEP250;SETD2;DCUN1D3;TTL;SFRP1;INSM2;L3MBTL1;KLHL9;BORA;SIX3;CETN2;E4F1;RCC1;BIRC6;USP19
prerank,GO_Biological_Process_2021::glutamate receptor signaling pathway (GO:0007215),-0.6058677669652515,-2.0472164547693397,0.0,0.001736410296068253,0.2355,9/24,9.38%,GRIN3B;GRIN3A;GRIK1;GRM8;GRID2;GRIN2C;TRPM1;GRM7;HOMER3
prerank,GO_Biological_Process_2021::non-motile cilium assembly (GO:1905515),-0.5880870714672723,-2.047010870285566,0.0,0.0017326311771589584,0.236,16/28,17.69%,TMEM17;RPGRIP1;TTC8;FUZ;ARL13B;C2CD3;CEP290;CEP89;BBS10;IFT88;TMEM216;CEP250;PCM1;TBC1D32;VANGL2;IFT57
prerank,GO_Biological_Process_2021::cellular response to molecule of bacterial origin (GO:0071219),0.6079708405199256,2.046962105476729,0.0,0.00021909202948384724,0.0345,48/73,21.11%,CARD17;CTSG;LILRB2;LBP;CD180;DEFA4;LILRB1;CXCL13;CXCL9;PF4V1;NLRP7;SBNO2;CXCL1;PF4;GFI1;CXCL11;CXCL6;CXCL5;NFKBIL1;TICAM2;TIRAP;CXCL3;CX3CR1;TNIP3;CARD16;IL36G;PPBP;IL36RN;TNFRSF1B;IL1F10;XBP1;PDCD4;CXCL2;TNFAIP3;SIRPA;STAP1;MYD88;MEF2C;TRAF6;CD68;RHOA;IL37;ZC3H12A;NR1D1;BCL10;PYCARD;TNIP2;IL36B
prerank,GO_Biological_Process_2021::positive regulation of RNA metabolic process (GO:0051254),-0.5750153358785222,-2.0454812532793545,0.0,0.0017560332113894688,0.239,15/29,19.41%,HABP4;DIMT1;WDR75;HEATR1;RIOK2;PNPT1;RIOK1;WDR43;UTP15;ZC3H18;NMD3;DXO;MYCN;SUPV3L1;U2AF2
prerank,GO_Biological_Process_2021::negative regulation of transcription elongation from RNA polymerase II promoter (GO:0034244),-0.7512607136758955,-2.0453225494446428,0.0,0.0017494907627535264,0.2395,8/12,16.87%,NELFB;TCERG1;RECQL5;RNF8;NELFCD;NELFA;NELFE;EAPP
prerank,GO_Biological_Process_2021::mitotic cell cycle phase transition (GO:0044772),-0.41190468792731477,-2.0444762394357947,0.0,0.0017483882137950331,0.24,74/174,19.64%,ALMS1;DBF4;CEP192;CEP76;ANAPC7;CDKN3;CEP41;CDC23;USH1C;CCNB3;CDC16;HAUS4;CEP164;TAF2;PPME1;ANAPC1;MELK;CEP131;NEDD1;CLASP1;CDC27;CEP290;CKAP5;CENPJ;CTDP1;CCNO;HINFP;CDK5RAP2;CCP110;NDE1;ZNF324;ODF2;CCNB2;CEP70;ACVR1B;HAUS2;CDKN1B;CEP63;NEK2;CEP250;MAX;CDC25B;MNAT1;PPP2R2D;CDC34;SDCCAG8;BRSK2;PCM1;LCMT1;MASTL;SPDYA;UBE2S;TACC3;HAUS5;AKAP9;PRKAR2B;USP37;PHF8;CCNF;HAUS6;BORA;CEP152;CCNE2;TUBG1;CLASP2;CEP135;CETN2;RCC1;OFD1;FBXL3;CCNA1;FBXW11;SPAST;TPD52L1
prerank,"GO_Biological_Process_2021::mitochondrial electron transport, ubiquinol to cytochrome c (GO:0006122)",0.8564485418858065,2.043882525507189,0.0,0.00022367406999750558,0.0355,10/12,9.02%,UQCR10;UQCRFS1;UQCRQ;CYC1;UQCR11;UQCRC2;UQCRC1;UQCRH;UQCRHL;UQCRB
prerank,GO_Biological_Process_2021::positive regulation of blood vessel endothelial cell migration (GO:0043536),0.7423289433953968,2.0427932458413562,0.0,0.00023405321556886288,0.037,18/23,21.22%,SRPX2;TMSB4X;GATA2;THBS1;HIF1A;RHOJ;HMOX1;FOXC2;ANXA1;ETS1;MAP3K3;PRKD2;STAT5A;PLCG1;MAP2K3;FGFBP1;ANGPT4;FGF18
prerank,GO_Biological_Process_2021::calcium-mediated signaling (GO:0019722),0.60673179647751,2.042323805048804,0.0,0.00023558488734721795,0.0375,48/72,23.24%,NUDT4;MCTP1;FPR2;SAMD14;DMTN;CCR7;EDN1;VCAM1;CXCR3;GPR143;CX3CR1;CCL20;LAT;XCR1;CCR3;ACKR4;CCR8;CCR10;SPHK1;CCR6;CXCR6;CXCR5;PTGFR;PLCG2;EDN2;AZU1;EIF2AK3;MCU;DEFB1;CCRL2;LAT2;PLCG1;CCL3;DMPK;PLA2G4B;KSR2;SULT1A3;P2RY11;RYR2;ACKR2;PPP1R9B;ACKR3;PLCE1;TRPM2;SLC8A1;LRRK2;ANK2;SLC9A1
prerank,GO_Biological_Process_2021::transcription by RNA polymerase I (GO:0006360),-0.5924828423157056,-2.0412231268542866,0.0,0.0018327918114815992,0.25,15/28,19.43%,POLR1A;POLR1B;GTF2H3;GTF2H1;POLR1E;POLR1C;ERCC3;MNAT1;UBTF;GTF2H5;TTF1;TAF1B;RRN3;GTF2H2;TAF1
prerank,GO_Biological_Process_2021::peptide metabolic process (GO:0006518),0.6253901167796123,2.041142023607825,0.0,0.00024866443238873197,0.039,33/58,20.39%,AEBP1;CPQ;GPX1;CPXM1;CPXM2;SPPL3;ABCB9;HPGDS;SPCS3;CPM;GSTM1;GSTM5;GSTM2;GSTA2;RHCE;DNPEP;SPCS2;CLN5;GSTA1;GSTA3;GSTM3;GSTA5;SPCS1;FURIN;ETHE1;BACE2;GSTT2B;CPE;GGT2;SEC11A;GGT1;GSTM4;G6PD
prerank,GO_Biological_Process_2021::regulated exocytosis (GO:0045055),0.5556012247682515,2.0410267541003635,0.0,0.00025296798124564885,0.04,81/135,22.09%,ISLR;LHFPL2;SCCPDH;TMX3;PHACTR2;TOR4A;ECM1;RARRES2;TIMP3;SRGN;SPP2;MMRN1;TMSB4X;KNG1;VCL;RAB27B;SCIN;THBS1;CHID1;SERPINF2;FAM3C;CLEC3B;HRG;ORM2;PF4;QSOX1;CTSW;TMED10;ORM1;ITIH3;TMEM79;AHSG;TAGLN2;LGALS3BP;STXBP2;CD109;F13A1;CD36;MYH9;APOA1;RAB31;TTN;PPBP;EGF;APOH;WDR1;STX1A;PCDH7;ALB;RAB26;ITIH4;TLN1;ACTN4;SERPINA1;PECAM1;CPLX1;RAB11FIP5;SDF4;ACTN1;TIMP1;TEX264;SYNGR2;FERMT3;SYT7;CPLX4;SPARC;RAB3A;PSAP;PLEK;ABCC4;SYT1;MANF;CPLX3;SYT9;SERPINA3;CD9;APLP2;DNAJC5;NHLRC2;SYTL4;ALDOA
prerank,GO_Biological_Process_2021::positive regulation of chromosome organization (GO:2001252),-0.726255703051641,-2.040692840202439,0.0,0.001847216267044099,0.2525,8/13,12.16%,LIG4;RAD50;GNL3;ATRX;SIRT6;RAD21;NBN;FEN1
prerank,GO_Biological_Process_2021::cotranslational protein targeting to membrane (GO:0006613),0.6207580037683637,2.0394492219028435,0.0,0.0002572217780926593,0.041,39/56,20.87%,RPLP2;RPS12;RPL39;RPL7A;RPL28;RPL29;RPL27A;RPL10A;RPL34;RPL27;RPL9;RPL14;RPL41;RPL24;RPL21;RPL35A;RPL26;RPL15;RPL13;RPS20;RPL7;RPS17;RPL18A;RPL31;RPL30;RPL36;RPL18;RPL37A;SSR1;RPS14;RPS21;SEC63;RPL35;SRP9;RPS10;ARL6IP1;SSR2;RPS29;TRAM1
prerank,GO_Biological_Process_2021::cellular protein catabolic process (GO:0044257),0.6401236343075397,2.0393988187948677,0.0006724949562878278,0.000255743492011667,0.041,32/46,25.04%,RSPRY1;ADAMTS7;LGMN;CPA2;CTSV;TCIRG1;CTSZ;ADAMTS12;CTSW;CTSF;VLDLR;CTSL;CTSO;GZMA;SPATA18;GZMB;CTSH;CTSB;AP2A2;DENND3;MYLIP;CAPN2;CLTC;AP2B1;AP2S1;AP2A1;RAB7A;RNF123;RAB12;BNIP3L;RNF5;YME1L1
prerank,GO_Biological_Process_2021::actin filament bundle organization (GO:0061572),0.6936639797109101,2.0390980781956984,0.0,0.00025993281397604856,0.0415,24/31,20.57%,FAM107A;ADD2;DMTN;AIF1;ESPNL;PLS3;BAIAP2;LCP1;BAIAP2L2;CALD1;RHOD;NEDD9;DPYSL3;FSCN2;ESPN;MYO1B;ADD1;SHROOM1;BAIAP2L1;PLS1;CORO1B;EPS8;LIMA1;EZR
prerank,"GO_Biological_Process_2021::RNA splicing, via transesterification reactions with bulged adenosine as nucleophile (GO:0000377)",-0.40448643689682456,-2.0385415547622903,0.0,0.0019011544888297,0.2595,88/241,19.41%,EFTUD2;ZCCHC8;USP39;CASC3;DHX35;CACTIN;CHERP;PPWD1;DHX38;DHX16;PRPF4;DHX8;NOVA1;GPATCH1;PPIL1;GEMIN6;SNIP1;PDCD7;POLR2C;DDX42;SUGP1;CPSF2;PPIH;RBM19;RBM10;CWF19L2;ZMAT5;U2AF1;POLR2B;SART3;GTF2F2;GEMIN7;WDR83;SNRNP35;GPKOW;SRRT;SNRNP27;PRCC;PRPF40B;CWC27;RNPC3;SMNDC1;TFIP11;CPSF3;MAGOHB;DDX23;CPSF7;CPSF1;WBP4;SMU1;RBM5;CSTF1;NCBP2L;RSRC1;DHX15;ISY1;RBM41;GEMIN5;CWF19L1;PPIE;USP49;MFAP1;SF3A1;HNRNPL;SNRNP25;PRPF4B;GTF2F1;NUDT21;CSTF3;SART1;CD2BP2;PSPC1;CSTF2;DHX9;GCFC2;CRNKL1;TXNL4A;FRG1;CSTF2T;WBP11;CWC22;METTL3;SPEN;SNRNP48;SF3B3;CPSF4;RBM14;U2AF2
prerank,GO_Biological_Process_2021::regulation of blood coagulation (GO:0030193),0.7746670064975955,2.036713650090457,0.0,0.0002753117440519536,0.0445,15/19,15.69%,ADTRP;PROC;KNG1;THBS1;DMTN;HRG;EDN1;CD34;CAV1;APOH;SERPINE2;VTN;GP1BA;THBD;F2RL1
prerank,GO_Biological_Process_2021::protein localization to kinetochore (GO:0034501),-0.7833409502460613,-2.0364041807929394,0.0,0.0019440170781752344,0.2655,7/10,13.61%,CENPT;ZWILCH;BUB3;CHAMP1;ZW10;RCC2;SPDL1
prerank,GO_Biological_Process_2021::regulation of centriole replication (GO:0046599),-0.6828287734066371,-2.0362598573417516,0.0,0.0019393329907412841,0.2665,7/16,8.67%,ALMS1;STIL;CEP76;CENPJ;TRIM37;CEP295;CDK5RAP2
prerank,GO_Biological_Process_2021::positive regulation of leukocyte cell-cell adhesion (GO:1903039),0.7715596833351002,2.0343392000477283,0.0,0.0002933103326461491,0.0475,16/18,20.16%,SIRPG;SIRPB1;HLA-DPB1;NR4A3;THY1;HLA-DPA1;HAS2;SKAP1;NFAT5;ETS1;SIRPA;TRAF6;RHOA;HSPD1;FUT7;PYCARD
prerank,GO_Biological_Process_2021::telomeric loop disassembly (GO:0090657),-0.7951464117910747,-2.0328351601435894,0.0,0.0020180212039814563,0.2785,7/10,11.63%,SLX4;WRN;POT1;XRCC3;TERF2;BLM;SLX1A
prerank,GO_Biological_Process_2021::SRP-dependent cotranslational protein targeting to membrane (GO:0006614),0.6224825002334201,2.0326217897596974,0.0,0.00030832895160507715,0.0495,35/52,18.91%,RPLP2;RPS12;RPL39;RPL7A;RPL28;RPL29;RPL27A;RPL10A;RPL34;RPL27;RPL9;RPL14;RPL41;RPL24;RPL21;RPL35A;RPL26;RPL15;RPL13;RPS20;RPL7;RPS17;RPL18A;RPL31;RPL30;RPL36;RPL18;RPL37A;SEC61B;RPS14;RPS21;SEC63;RPL35;SRP9;RPS10
prerank,GO_Biological_Process_2021::regulation of actin cytoskeleton reorganization (GO:2000249),0.7196430348991278,2.0325398094770186,0.0,0.0003066064434955516,0.0495,18/26,21.17%,ARHGDIB;ABI3;CSF3;HCLS1;BAIAP2;BAIAP2L2;CCL27;ESAM;F11R;BAIAP2L1;STAP1;ABL2;NTF3;TJP1;DAPK3;CDC42;TRPM2;IQGAP2
prerank,GO_Biological_Process_2021::cytoplasmic translation (GO:0002181),0.6166041531692021,2.0324400423770905,0.0,0.0003076499489088497,0.05,42/56,23.86%,RPS12;RPL39;RPL7A;RPL28;RPL29;RPL27A;RPL10A;RPL34;RPL27;RPL9;RPL14;RPL41;RPL24;RPL21;RPL35A;RPL26;RPL15;RPL13;RPS20;RPL7;RPS17;RPL18A;RPL31;RPL30;RPL36;RPL18;RPL37A;EIF4A1;TMA7;RPS14;RPS21;RPL35;EIF3M;RPS10;RPL22L1;RPS29;EIF3I;ZC3H15;RPS3A;RPL23A;ETF1;RPL23
prerank,GO_Biological_Process_2021::negative regulation of MAP kinase activity (GO:0043407),0.6561680086015143,2.032337233533792,0.0,0.0003086819238755922,0.0505,22/41,20.45%,AIDA;CD300A;PTPN22;ADIPOQ;CAV3;SERPINB3;HYAL2;SPRY1;BMP4;PDCD4;DUSP1;IRAK3;PTPN1;SPRY4;BMP7;APOE;CBLC;PAQR3;GBA;DUSP10;SH2B3;SORL1
prerank,GO_Biological_Process_2021::positive regulation of toll-like receptor signaling pathway (GO:0034123),0.7583722400196486,2.03233491799282,0.0,0.00030698586934880314,0.0505,16/19,21.36%,WDFY1;TREML4;LBP;PTPN22;RSAD2;LTF;NINJ1;TICAM2;TIRAP;TLR1;CAV1;F2RL1;CYBA;IFI35;SLC15A4;FLOT1
prerank,GO_Biological_Process_2021::regulation of response to external stimulus (GO:0032101),0.5820329295425878,2.030264344818321,0.0,0.0003323267890730842,0.0555,51/91,23.00%,AKNA;PTGES;PTPN22;NLRP6;TMSB4X;ACE2;USP18;HRG;SBNO2;ADAMTS12;HERC5;TREM2;BCL6B;TIRAP;AHSG;ALOX15;XCL1;CD36;CAV1;GRN;IL1RL2;ANXA1;SAMHD1;GATA6;GP1BA;MYD88;F2RL1;ADGRA2;CD55;GNAT1;RNF135;LRP8;TRIM5;RHO;BST1;PIK3AP1;IL37;GGT2;CELF1;GGT1;ZBP1;SAG;NMT2;NMT1;TRAF3;XIAP;DHX58;SPATA2;NLRP1;FOXA2;STK24
prerank,GO_Biological_Process_2021::retinoid metabolic process (GO:0001523),0.5977491394791052,2.0280943318268814,0.0,0.0003358949849790916,0.0565,45/70,23.54%,SCPEP1;RARRES2;APOA2;CYP1A1;APOC2;LPL;CYP2C8;SDC2;RDH13;HSPG2;ADH6;RBP4;APOM;UGT1A1;CYP1A2;AWAT2;CYP1B1;GPC1;ADH7;GPC6;APOA1;UGT1A7;SDC3;CYP27C1;ALDH1A3;GPIHBP1;PLB1;BCO1;AKR1B10;CYP2D6;CYP2C18;LRP8;AGRN;CYP3A7;CYP26A1;RHO;APOE;ALDH1A1;CYP2S1;STRA6;ALDH1A2;LRAT;AKR1C1;DHRS3;LRP2
prerank,GO_Biological_Process_2021::regulation of substrate adhesion-dependent cell spreading (GO:1900024),0.6581910503077353,2.027906357458185,0.0,0.00033407933641163703,0.0565,23/39,21.04%,LIMS2;FBLN1;MYOC;MYADM;DMTN;RAC3;PDPN;GBP1;NEDD9;CORO1C;FERMT2;APOA1;LIMS1;C1QBP;ILK;ACTN4;OLFM4;S100A10;SPRY4;CASS4;EFNA5;CSPG5;CDC42
prerank,GO_Biological_Process_2021::spermatid development (GO:0007286),-0.5722201432279503,-2.027614886622307,0.0,0.002171046259240682,0.2975,14/32,13.58%,RSPH1;TDRD5;CCDC42;TTC21A;CCDC63;DPY19L2;PLD6;SPINK2;RIMBP3C;RNF8;DDX25;IQCG;RFX2;YTHDC2
prerank,GO_Biological_Process_2021::potassium ion transport (GO:0006813),-0.45531251196624184,-2.02689328895159,0.0,0.0021678696645293285,0.298,27/85,12.28%,HCN1;HCN3;SLC9A6;KCNK12;KCND3;SLC9A7;HCN2;KCNJ16;KCNJ10;PKD2L1;SLC9A2;SLC9A5;KCNK4;KCNJ15;SLC9A8;HCN4;KCNK13;KCNC3;KCNMB4;KCNK2;KCNK7;KCNH1;KCNIP2;KCNJ2;ABCB8;LRRC55;SLC24A2
prerank,GO_Biological_Process_2021::regulation of attachment of spindle microtubules to kinetochore (GO:0051988),-0.7954165412593124,-2.0257321278733036,0.0,0.002187808394440309,0.3005,7/10,10.77%,RACGAP1;SPAG5;KNSTRN;APC;ECT2;RCC2;NEK2
prerank,GO_Biological_Process_2021::regulation of interleukin-10 production (GO:0032653),0.742417043719078,2.0223472710771997,0.0,0.00036949893057312887,0.063,17/21,20.16%,PIBF1;LILRB4;LILRA5;LILRB1;CLEC7A;IRF4;FOXP3;TYROBP;CD34;XCL1;CD46;IL23R;PLCG2;F2RL1;HSPD1;LGALS9;PYCARD
prerank,GO_Biological_Process_2021::regulation of GTPase activity (GO:0043087),0.5434249887799234,2.021591113416354,0.0,0.0003754551515522441,0.0645,84/161,21.39%,FGD5;GPR137B;FGD2;CHN2;ARHGAP15;PRTN3;TGM2;RASIP1;VAV2;CCL21;CCL26;CCL16;CCL5;THY1;CCL19;PRKG1;KLRK1;PLXNA4;CCL8;CCL17;CCL14;CCL25;CCL7;STMN3;LRCH1;RSU1;CCL22;CCL13;CCL15;DOCK8;CCL1;ARHGAP9;NET1;XCL2;VAV1;CCL20;ITGA6;SH3BP1;XCL1;CCL23;FERMT2;PLXNA2;LIMS1;FGD6;F11R;TBC1D2;CCL18;FGD1;ADCYAP1;ASAP3;RGS8;RASGRP2;GMIP;RGS7;F2RL1;ARHGEF5;VAV3;PLXNC1;FGD3;AGRN;PLXNB2;CCL3;ARHGAP27;ARHGAP12;RASGRP1;PLXNA1;RGS1;CCL24;S100A10;ARHGAP44;TMED2;RGS6;PLXND1;SNX9;RAP1GAP;EFNA5;DOCK11;ARAP1;RGS10;NGEF;PLXNA3;RDX;NDEL1;CCL4
prerank,GO_Biological_Process_2021::positive regulation of cell-matrix adhesion (GO:0001954),0.6936030317651457,2.0214022576401853,0.0007047216349541931,0.0003813480084783899,0.066,18/29,18.03%,EMP2;MYOC;EFEMP2;CCL21;THY1;PPM1F;HRG;CCR7;COL16A1;CCL25;RRAS;SKAP1;CD36;FERMT2;LIMS1;RIN2;S100A10;JUP
prerank,GO_Biological_Process_2021::regulation of I-kappaB kinase/NF-kappaB signaling (GO:0043122),0.5399772649804757,2.019830915812843,0.0,0.00039502672011255366,0.069,94/179,24.40%,APOL3;SHISA5;TMEM9B;TMEM106A;TMEM101;TSPAN6;S100A12;ECM1;CPNE1;CLEC6A;LILRB4;S100A4;TLR6;ADIPOQ;CCL21;CLEC7A;CCL19;LTF;CCR7;TNFSF10;RHOH;CARD9;TREM2;TICAM2;CARD19;TIRAP;PPM1N;TNIP3;HMOX1;CARD16;GJA1;LIME1;IFIT5;PLEKHG5;S100A13;TMED4;BST2;EEF1D;PLK2;PLCG2;LITAF;NLRP12;TNFAIP3;MAP3K3;NLRC3;MYD88;F2RL1;UBD;TRAF6;TRAF1;TRIM38;RIPK2;RHOA;TBK1;TRIM5;UBE2N;NEK6;ZC3H12A;LGALS9;RHOC;VAPA;NR1D1;S100B;TRAF2;BCL10;TRIM62;TNFRSF19;PYCARD;NUP62;TRIM25;NOD1;IRAK4;STAT1;TRAF3;NDFIP1;TNIP2;TNIP1;CCDC22;CARD8;TIFA;TRIM22;ATP2C1;GAPDH;SPHK2;SQSTM1;WLS;PELI1;TFG;JMJD8;LPAR1;AKAP13;TANK;FADD;REL
prerank,GO_Biological_Process_2021::histone H3-K4 methylation (GO:0051568),-0.5769756106499987,-2.019080936046126,0.0,0.002378538052548941,0.3205,19/27,32.44%,BEND3;PAXIP1;SETD4;KMT2D;SETD1B;ASH2L;KMT2B;SETMAR;DYDC1;SETD1A;KMT2C;ZNF335;CXXC1;RBBP5;WDR61;DPY30;TET3;WDR5B;CTR9
prerank,GO_Biological_Process_2021::regulation of interleukin-12 production (GO:0032655),0.6864078894364216,2.0178719504050937,0.0,0.00041116374750788006,0.072,22/29,19.48%,CMKLR1;PIBF1;LAPTM5;LILRA5;LILRB1;CLEC7A;THBS1;CCL19;SCIMP;CCR7;MEFV;TIRAP;IL16;C1QBP;IL23R;IRF5;PLCG2;RIPK2;IRAK3;HSPD1;LGALS9;SLAMF1
prerank,GO_Biological_Process_2021::peptidyl-lysine dimethylation (GO:0018027),-0.6699069512007831,-2.0174217150996623,0.0014084507042253522,0.0024302492466650905,0.3295,9/16,16.14%,EHMT1;SETD4;KMT2D;SETD1B;SETD2;SUV39H1;KMT2B;SETMAR;SETD1A
prerank,GO_Biological_Process_2021::peroxisome organization (GO:0007031),-0.6082102916648968,-2.016544965092503,0.0015698587127158557,0.0024536546769172145,0.334,17/23,31.03%,PEX11G;PEX10;PEX19;PEX2;PEX11B;PEX14;PEX6;PEX12;ABCD4;PEX16;ABCD3;PEX7;PEX1;DNM1L;LONP2;PEX11A;ACOT8
prerank,GO_Biological_Process_2021::cellular response to organic substance (GO:0071310),0.5819391527095541,2.0163133138179714,0.0,0.0004219544456332111,0.0735,55/82,23.54%,PID1;CPNE3;IGFBP5;CYP1A1;CCL5;CLEC3B;PTPN9;CCR7;IBSP;CSF3;HCLS1;PTPN6;SHC1;PTPN5;PTPN7;SMAD3;ROBO2;NFAT5;CYP1B1;DPYSL3;SLIT3;IL1RL2;IL1F10;SPHK1;SLIT2;TWF2;NCOA2;NLRP12;TGFBR2;SOCS2;IL18BP;TRAF6;ARL6IP5;CCL3;RHOA;TIPARP;TBK1;UCP1;IL37;NCOA3;SLC1A1;STAT5B;FOXH1;ASAH2;PTPN2;MAPK7;PTPN18;PTPN14;LRRK2;KLF4;SIGIRR;BMPR1B;DCPS;EMD;LRP2
prerank,GO_Biological_Process_2021::histone monoubiquitination (GO:0010390),-0.6041374389508427,-2.0161379292785626,0.0,0.0024567142511644964,0.3355,14/23,22.50%,RING1;BCOR;PAF1;TRIM37;RYBP;RNF20;ATXN7L3;RNF40;RNF2;RAG1;DDB2;CUL4B;CDC73;UHRF1
prerank,GO_Biological_Process_2021::regulation of chromosome segregation (GO:0051983),-0.6972778164853372,-2.016024824449399,0.0,0.0024447302792075963,0.3355,7/14,14.34%,HORMAD1;MKI67;KIF2C;SMC6;SMC5;NUMA1;PUM2
prerank,GO_Biological_Process_2021::transcription by RNA polymerase II (GO:0006366),-0.39956372543190216,-2.0158502718061433,0.0,0.0024328626564929963,0.3355,108/265,19.66%,MED1;YBX2;HSF2BP;PAX1;INTS7;MED27;MED20;RPAP1;TAF2;INTS1;NELFB;GMEB2;INTS9;TAF5L;NR2E3;GTF2E1;GTF2A1;LSM11;INTS12;IWS1;TRIP13;ELP2;MED16;PAF1;RPRD1B;MED23;INTS4;GTF2H3;TAF3;CTDP1;ICE1;SUPT6H;TAF13;ELP4;POU2F1;GTF2H1;MBD1;POLR2C;CCNT2;RPAP2;CPSF2;TAF9B;ZNF141;NELFCD;POLR2B;SUPT16H;GTF2E2;SNAPC3;NR2C2;TAF8;GTF2F2;ZC3H8;ERCC3;PKNOX1;NELFA;TAF11;PHAX;SSRP1;SRRT;HNF4G;INTS2;TFCP2;CCNT1;SNAPC4;RPRD2;MED26;CPSF3;SETD2;MED17;TTF2;CPSF7;CCNK;CPSF1;MNAT1;MNT;CSTF1;TBL1XR1;EAF1;GTF2H5;NABP2;PIR;NELFE;SSU72;GCM1;GTF2F1;RTF1;NUDT21;CSTF3;RPRD1A;GTF2I;ELOF1;MED7;CSTF2;ZNF143;CSTF2T;MAML2;TAF15;AFF4;GTF2H2;MLLT3;MAML3;INTS10;CPSF4;TAF1;ELL2;MED4;PCID2;TCEA1
prerank,GO_Biological_Process_2021::positive regulation of tyrosine phosphorylation of STAT protein (GO:0042531),0.7318515526479568,2.0145136294152217,0.0,0.0004377831304227494,0.077,16/23,18.68%,PIBF1;CCL5;GH1;IL2;HCLS1;EPO;PARP9;LIF;PARP14;STAP2;OSM;IL23R;CNTF;ARL2BP;IL3;IFNL1
prerank,MSigDB_Hallmark_2020::Apoptosis,0.5680465070559151,2.0138335108689267,0.0,0.0004432003797659873,0.078,51/103,20.82%,GPX1;EMP1;LUM;DCN;TIMP3;IGFBP6;IER3;RNASEL;BIK;TGFBR3;GPX3;BGN;IFITM3;TNFSF10;PRF1;JUN;GSTM1;ISG20;IGF2R;PPT1;PMAIP1;EGR3;PAK1;DAP;TAP1;HMOX1;NEDD9;ATF3;BCL2L11;CAV1;CTH;BMF;SAT1;ANXA1;GCH1;BID;PDCD4;FAS;ADD1;DNAJC3;SATB1;SPTAN1;TIMP2;TIMP1;CD69;GSN;SOD2;BCL10;CDKN1A;BMP2;XIAP
prerank,GO_Biological_Process_2021::telomere maintenance via telomere trimming (GO:0090737),-0.7639328449985084,-2.0130616880942775,0.0,0.002532932754154937,0.3455,7/11,11.63%,SMARCAL1;SLX4;WRN;XRCC3;BLM;NBN;SLX1A
prerank,GO_Biological_Process_2021::formation of extrachromosomal circular DNA (GO:0001325),-0.7639328449985084,-2.0130616880942775,0.0,0.002532932754154937,0.3455,7/11,11.63%,SMARCAL1;SLX4;WRN;XRCC3;BLM;NBN;SLX1A
prerank,GO_Biological_Process_2021::t-circle formation (GO:0090656),-0.7639328449985084,-2.0130616880942775,0.0,0.002532932754154937,0.3455,7/11,11.63%,SMARCAL1;SLX4;WRN;XRCC3;BLM;NBN;SLX1A
prerank,GO_Biological_Process_2021::neuromuscular synaptic transmission (GO:0007274),-0.7304698738100324,-2.011996747505407,0.0,0.002559954443558805,0.35,6/12,12.37%,CHRNB1;RIMBP2;RIMBP3C;STAC3;ERC2;KIF1B
prerank,GO_Biological_Process_2021::transcription initiation from RNA polymerase I promoter (GO:0006361),-0.5938444133443472,-2.0115408660350664,0.0,0.002559977597157115,0.351,14/26,19.43%,POLR1A;POLR1B;GTF2H3;GTF2H1;POLR1E;POLR1C;ERCC3;MNAT1;UBTF;GTF2H5;TAF1B;RRN3;GTF2H2;TAF1
prerank,GO_Biological_Process_2021::nervous system development (GO:0007399),-0.3813617388245655,-2.0114734245201453,0.0,0.0025527415516097746,0.352,118/385,13.87%,PCDHA11;PCDHA7;PCDHA6;PCDHA3;PCDHB16;PCDHA10;PCDHA4;MOBP;ADAM23;MYT1L;ADAM22;SPINK6;PSPN;NLGN3;PCDHA1;CHST8;HAPLN2;PCDHB5;GRHL2;PCDHB2;PCDHB14;PCDHB6;GRIK1;WDPCP;PCDHB12;LGI1;ZIC2;POU3F3;HPCAL4;DSCAM;LY6H;STIL;IL1RAPL2;NEUROG3;SOX3;NAV1;INTU;GFRA2;SOX8;GBX2;LIG4;SLITRK1;MOG;DNER;NLGN2;ZIC4;NMUR2;NRTN;ZC4H2;ZIC5;NHLH1;ARTN;GFRA3;SPINK5;GLRB;PPP2R5D;POU4F1;SCN2A;CHERP;VAX1;NRXN2;SCRG1;MARK4;MAL;ZIC1;EMX1;TBX6;MBD5;MNX1;RYK;CHD7;BTBD1;DSCAML1;KLK6;AHI1;APBA1;FKTN;CBLN1;TRIM3;CDK5RAP2;FEZ1;ELP3;POU3F2;TRAK1;NR2C2;CYP51A1;ATXN1;MAP1S;BTBD2;NFASC;APC;DHX30;ZIC3;ACVR1B;ECT2;GDF11;EMX2;FZD9;P2RX5;NTN5;APBA2;CPNE6;RAPGEF5;DPF2;SOX10;ADORA1;KIRREL3;DPF1;MTF1;ACVR1C;ADGRV1;SHH;SCD5;EIF2B2;SHOX2;MAB21L2;DNM3;ATN1
prerank,GO_Biological_Process_2021::snRNA processing (GO:0016180),-0.6835579968978962,-2.00824857763901,0.0,0.0026515386647279473,0.3625,9/15,18.50%,SAGE1;INTS7;INTS1;INTS9;INTS12;INTS4;INTS2;TOE1;INTS10
prerank,GO_Biological_Process_2021::regulation of embryonic development (GO:0045995),-0.5718359778647882,-2.0077715845191655,0.0,0.0026583246698669923,0.3655,14/29,17.23%,WDPCP;TLE6;CRB2;RACGAP1;OTX2;CLASP1;EHMT1;RBM19;NR2C2;NIPBL;TDG;ZBED3;CLASP2;NPHP3
prerank,GO_Biological_Process_2021::keratan sulfate catabolic process (GO:0042340),0.8340455135419582,2.007502732593387,0.0,0.0005097292967930132,0.09,11/12,12.86%,LUM;PRELP;OGN;OMD;FMOD;KERA;ACAN;GNS;HEXB;HEXA;GLB1
prerank,GO_Biological_Process_2021::DNA-dependent DNA replication maintenance of fidelity (GO:0045005),-0.5406116600072123,-2.005863218234946,0.0018726591760299626,0.002712765500126646,0.372,18/35,13.03%,GEN1;EME2;OOEP;ETAA1;SMARCAL1;MMS22L;MSH3;MCM9;WRN;RFWD3;ATRX;TIPIN;DONSON;ZNF830;BLM;ZRANB3;TONSL;SETMAR
prerank,GO_Biological_Process_2021::hydrogen peroxide metabolic process (GO:0042743),0.733214051459882,2.0055498535055367,0.0,0.000524864335913175,0.093,15/21,20.59%,GPX1;DUOX1;GPX3;HBZ;DUOX2;PXDNL;HBG2;PXDN;HBE1;CYBA;PRDX3;HBQ1;PRDX2;PRDX1;PRDX4
prerank,GO_Biological_Process_2021::regulation of macroautophagy (GO:0016241),0.5736258290980486,2.0039852068952224,0.0,0.0005347996560842614,0.095,60/91,28.75%,DCN;ATP6V1C2;ATP6V1B1;ATP6V0A2;SNX32;ATP6V1E2;ATP6V0D2;NEDD4;ATP6V1H;QSOX1;LZTS1;CAPN1;ATP6V1B2;SNX5;ATP6V1D;ATP6V1G2;ATP6V1C1;ATP6V1A;VPS26A;VPS35;LAMTOR3;CLN3;ATP6V1E1;ATP6V0E2;ATP6V0A1;RRAGB;SNX6;ATP6V0E1;ATP6V0D1;GNAI3;SESN1;VPS26B;TBK1;CDK5R1;ATP6V0C;GBA;ATP6V0B;CAPNS1;ATP6V1G1;PRKAG3;USP36;LRRK2;GAPDH;PRKAG2;TSC2;RRAGA;BNIP3L;RHEB;SH3GLB1;LAMTOR2;SLC38A9;EXOC8;IKBKG;LAMTOR5;RB1CC1;EXOC7;RRAGD;UCHL1;ERN1;BNIP3
prerank,GO_Biological_Process_2021::endothelial cell migration (GO:0043542),0.6967326263077772,2.0038857572574496,0.0,0.0005320849370178439,0.095,24/29,21.71%,EMP2;FSTL1;CDH5;PXN;SOX18;ID1;PRSS3;EGR3;PRKX;MYH9;CYP1B1;PLEKHG5;LPXN;ADGRA2;RAB13;CORO1B;LGALS8;RHOA;PTP4A3;PLXND1;S100A2;S100P;STAT1;NR4A1
prerank,GO_Biological_Process_2021::protein localization to cilium (GO:0061512),-0.5425539548132521,-2.0038732182269516,0.0,0.0027572028417624053,0.3795,14/34,11.04%,ROPN1;TTC21A;ROPN1B;ARL6;FSIP2;TCTN1;NPHP4;TTC21B;WDR19;TCTN2;TULP3;INVS;FAM149B1;IFT20
prerank,GO_Biological_Process_2021::microtubule bundle formation (GO:0001578),-0.5351871981546594,-2.0038555689197537,0.0,0.002744496837883316,0.3795,15/40,9.67%,RSPH1;RSPH4A;CCDC40;CFAP206;SPAG16;GAS8;NAV1;CFAP74;MARK4;CLASP1;CDK5RAP2;NUMA1;GAS2L2;AAAS;MAP1S
prerank,"GO_Biological_Process_2021::maturation of LSU-rRNA from tricistronic rRNA transcript (SSU-rRNA, 5.8S rRNA, LSU-rRNA) (GO:0000463)",-0.6904532261032662,-2.0025551229776957,0.0014064697609001407,0.0027930870690607854,0.385,10/14,12.52%,BOP1;WDR12;FTSJ3;NOL9;RPF2;PES1;RPL7L1;URB1;ZNHIT6;NIFK
prerank,GO_Biological_Process_2021::peroxisomal membrane transport (GO:0015919),-0.583116860363669,-2.0021052244059576,0.0,0.0028107834003312194,0.3875,17/26,26.23%,PXMP4;ACBD5;PEX10;PEX26;SLC25A17;PEX19;PEX2;PEX11B;PEX14;PEX6;PEX12;ABCD4;PEX16;ABCD3;PEX7;PEX1;ATAD1
prerank,GO_Biological_Process_2021::regulation of mitotic sister chromatid separation (GO:0010965),-0.6859534609881399,-2.0017430701947982,0.00141643059490085,0.002811997147708635,0.3885,9/15,12.78%,ANAPC7;CDC23;CDC16;ANAPC1;RIOK2;CDC27;PTTG1;CENPE;TACC3
prerank,GO_Biological_Process_2021::acute inflammatory response (GO:0002526),0.7712867989750845,2.001573046457303,0.0,0.000559363543470636,0.1,14/17,18.95%,APOL2;LBP;VNN1;MYLK3;SAA1;CRP;AHSG;HPR;CEBPB;PLSCR1;HP;ITIH4;ANO6;C2CD4B
prerank,GO_Biological_Process_2021::regulation of actin polymerization or depolymerization (GO:0008064),0.7029488440187265,2.0012128363199175,0.0,0.0005640065018133346,0.1015,12/26,15.29%,ARHGAP18;COTL1;PFN3;DBN1;WAS;HCLS1;SH3BP1;ESAM;PAK3;WDR1;CTTN;DBNL
prerank,GO_Biological_Process_2021::negative regulation of smooth muscle cell proliferation (GO:0048662),0.7037535356328682,2.0008431394834876,0.0,0.0005661308434831601,0.102,22/26,22.10%,OGN;IGFBP5;EFEMP2;ANG;CNN1;ADIPOQ;PRKG1;PTGIR;IGFBP3;TPM1;AIF1;TRIB1;HMOX1;PDCD4;PTEN;TNFAIP3;MEF2C;APOD;SOD2;CDKN1A;VIP;APLN
prerank,"GO_Biological_Process_2021::mitochondrial electron transport, cytochrome c to oxygen (GO:0006123)",0.7876852543835862,1.9986016513418436,0.0,0.0005805334856808786,0.1055,12/16,17.88%,COX6A2;NDUFA4;COX5A;COX4I2;COX5B;COX7C;COX4I1;CYCS;COX6C;COX6B1;COX6A1;COX7B
prerank,GO_Biological_Process_2021::negative regulation of telomere maintenance (GO:0032205),-0.6985115106821416,-1.9974818739756226,0.0,0.002926934890844907,0.4055,10/14,24.94%,RAD50;ERCC4;SLX4;PINX1;TERF2;NBN;SLX1A;TERF2IP;SMG6;ERCC1
prerank,GO_Biological_Process_2021::positive regulation of GTPase activity (GO:0043547),0.5313557386999574,1.9955340912729742,0.0,0.0006192706273563038,0.1115,86/180,21.47%,GPR65;ARHGAP25;TBC1D9;RABGAP1L;ADPRH;TBC1D9B;SYDE1;TBC1D2B;PRTN3;ABR;TBC1D22A;TGM2;ARHGAP29;CCL21;CCL26;CCL16;CCL5;THY1;CXCL13;CCL19;CCR7;CCL8;CCL17;CCL14;CCL25;CCL7;TBC1D10C;RSU1;CCL22;CCL13;ARHGEF15;CCL15;DOCK8;CCL1;NET1;XCL2;FOXJ1;CCL20;ITGA6;ARHGEF19;SH3BP1;XCL1;CCL23;CORO1C;FERMT2;RALGAPA2;LIMS1;ARHGEF10;F11R;TBC1D2;CCL18;ADCYAP1;ASAP3;SGSM1;RGS8;RASGRP2;ARHGEF16;GMIP;TBC1D3B;RGS7;F2RL1;RAP1GAP2;ARHGEF5;AGRN;NTF3;CCL3;ARHGAP27;RASGRP1;RGS1;CCL24;S100A10;RGS6;SNX9;TBC1D5;TBC1D16;RAP1GAP;DOCK11;ARAP1;RGS10;NGEF;RHOG;ARHGAP24;NDEL1;TBC1D12;CCL4;ARHGEF26
prerank,GO_Biological_Process_2021::arachidonic acid metabolic process (GO:0019369),0.6405900324188971,1.9952319293247236,0.0,0.0006186556854377468,0.112,26/42,20.47%,GPX1;PTGES;PTGIS;CYP1A1;CYP2B6;HPGDS;CYP2C8;CYP2C9;CYP4F3;ALOX12B;ALOX15B;ALOX15;CYP1A2;CYP1B1;CYP2A6;CYP2A13;CYP2F1;ALOX12;AWAT1;CYP2D6;CYP2C18;PTGES3;CYP2A7;PLA2G4B;CYP2E1;CYP2S1
prerank,GO_Biological_Process_2021::endosome transport via multivesicular body sorting pathway (GO:0032509),0.7192783719085099,1.9947156530952204,0.0,0.0006253179108598993,0.1135,21/24,26.84%,TMEM50B;LAPTM4B;LEPROTL1;LEPROT;TMEM50A;CHMP4C;CHMP7;VCP;CHMP3;CHMP2B;CHMP4B;LYST;CHMP4A;MVB12A;RILP;CHMP1B;CHMP1A;CHMP6;CHMP2A;SORT1;VPS4B
prerank,GO_Biological_Process_2021::regulation of hydrolase activity (GO:0051336),0.5945135486730206,1.9945527434603443,0.0,0.0006222675795874122,0.1135,33/63,21.07%,FGD5;GPR137B;FGD2;CHN2;ARHGAP15;RASIP1;VAV2;PRKG1;PLXNA4;STMN3;ARHGAP9;VAV1;PLXNA2;CAV1;APOA1;FGD6;FGD1;ARHGEF5;VAV3;PLXNC1;FGD3;PLXNB2;ARHGAP27;ARHGAP12;PLXNA1;ARHGAP44;PLXND1;RAP1GAP;EFNA5;SERPINA5;NGEF;PLXNA3;RDX
prerank,GO_Biological_Process_2021::positive regulation of substrate adhesion-dependent cell spreading (GO:1900026),0.6938863431576752,1.9940480037066113,0.0,0.0006264474081023649,0.115,19/28,25.41%,LIMS2;MYOC;MYADM;DMTN;RAC3;NEDD9;FERMT2;APOA1;LIMS1;C1QBP;ILK;OLFM4;S100A10;CASS4;CSPG5;CDC42;CRK;TRIOBP;MDK
prerank,GO_Biological_Process_2021::myeloid cell activation involved in immune response (GO:0002275),0.7866224185892563,1.993866252635854,0.0,0.0006258096786810452,0.1155,14/15,20.16%,DNASE1L3;LILRA2;LBP;FER1L5;DYSF;SBNO2;FCER1G;TYROBP;DNASE1;PLCG2;IFI35;SLAMF1;DOCK2;PYCARD
prerank,GO_Biological_Process_2021::sodium ion transmembrane transport (GO:0035725),-0.4837558909695237,-1.9918024673762766,0.0,0.0031425064863162553,0.427,20/60,7.20%,SLC6A17;HCN1;HCN3;SLC9A6;SCNN1D;SLC9A7;SCN2B;HCN2;PKD2L1;SLC9A2;SLC9A5;SLC4A8;SLC6A8;SCN3B;HCN4;SCN1B;SLC6A1;SCN2A;SLC6A13;SLC12A2
prerank,GO_Biological_Process_2021::Ras protein signal transduction (GO:0007265),0.5492759903116659,1.991071068179132,0.0,0.0006465720080089837,0.1195,63/120,23.85%,RAB42;RERG;PHACTR4;ARHGDIB;ARHGAP29;WAS;CTNNAL1;PDPN;EPS8L1;RHOH;JUN;AIF1;WASF1;SHC1;CDC42EP5;RRAS;CYFIP1;GRAP2;NCKAP1;LAT;RHOD;EPS8L2;ARHGAP4;RAC2;RAP2B;PLEKHG5;RAP1B;CDC42EP3;PLK2;RRAS2;RASGRP2;ARHGEF1;GRAP;DBNL;ARHGAP6;CDC42EP4;RGL2;RAP2C;RALB;GNA13;ABI2;CNKSR1;RHOA;RASGRP1;BRK1;SHC3;KSR2;CFL1;USP50;EPS8;G3BP1;LIMK1;CDKN1A;RHOG;PLCE1;ADGRG1;RALA;SOS1;G3BP2;NGFR;ELMO1;RAPGEF1;GDI1
prerank,GO_Biological_Process_2021::regulation of T cell activation (GO:0050863),0.6647586678906474,1.990450453582466,0.0,0.0006505755498542406,0.121,21/33,21.54%,SIRPG;SIRPB1;PTPN22;TNFAIP8L2;LAPTM5;HLA-DPB1;CCL5;THY1;CD209;HLA-DPA1;FGL1;LAT;TNFRSF1B;IL4I1;PRELID1;SIRPA;TBX21;PAG1;HSPD1;PYCARD;SIT1
prerank,GO_Biological_Process_2021::positive regulation of cell motility (GO:2000147),0.5378496513532018,1.9885112274587273,0.0,0.0006851489933607801,0.127,74/150,21.07%,FAM107A;CCDC25;CPNE3;VIL1;ZNF703;MYOC;F7;MYADM;TWIST2;DUOX1;CCL21;CCL26;CCL5;CLEC7A;THBS1;CCL19;SERPINB3;PPM1F;CDH5;PDPN;SPOCK2;TWIST1;CCR7;HAS2;AIF1;DUOX2;CCL7;EDN1;SNAI2;PODXL;SEMA3G;MYO1C;ITGAX;RHOD;PAK1;CTSH;CD151;ITGA6;DUOXA2;NEDD9;FERMT2;CAV1;GRN;SEMA3A;EGF;CXCL16;SPHK1;SEMA3D;XBP1;SEMA6D;FAM83H;F2RL1;ACTN4;HSPA5;TDGF1;PECAM1;DAB2;NTF3;SEMA3F;CCL3;CCL24;FERMT3;RHOC;NUMB;GRB7;SOD2;CASS4;SEMA6B;TJP1;SEMA6C;MYLK;BMP2;SDCBP;RDX
prerank,GO_Biological_Process_2021::regulation of natural killer cell mediated cytotoxicity (GO:0042269),0.6944905542992266,1.9874834741579332,0.0,0.0006959616735217971,0.1295,18/26,20.83%,KIR2DL4;KLRC2;LILRB1;KLRD1;KLRK1;NCR3;LEP;CD160;SLAMF6;NCR1;ARRB2;CLEC12B;CD226;RASGRP1;LGALS9;LAMP1;MICA;PIK3R6
prerank,GO_Biological_Process_2021::regulation of cell motility (GO:2000145),0.55757675985082,1.9867096860479463,0.0,0.0007090045992373761,0.132,51/101,21.22%,ARHGAP18;BEX4;CCDC25;FBLN1;ROBO4;TMSB4X;DUOX1;CCL21;DDX58;WAS;CCL19;PLXNA4;NEXN;SPOCK2;TWIST1;LDB2;ABI3;CCR7;DUOX2;DUOXA2;PRKX;PLXNA2;FGF20;FGF17;FGF16;TMSB10;EGF;DIAPH1;SERPINE2;FGF8;FGF7;CEACAM1;GATA3;FGF10;SST;AMOT;FGF9;LDB1;ABL2;PLXNC1;CAMSAP3;PLXNB2;RHOA;PLXNA1;BTC;PLXND1;FGF19;DAPK3;AMOTL1;PLXNA3;FGF18
prerank,GO_Biological_Process_2021::snRNA metabolic process (GO:0016073),-0.6773905375509843,-1.9854320587222678,0.0013157894736842105,0.003353844399449025,0.4515,7/15,10.43%,ZCCHC8;INTS7;INTS1;INTS9;INTS12;INTS4;INTS2
prerank,GO_Biological_Process_2021::negative regulation of tumor necrosis factor superfamily cytokine production (GO:1903556),0.6917843933619363,1.9851655541168851,0.0,0.0007428167780495367,0.1365,23/28,20.93%,LBP;PTPN22;BPI;C5AR2;LILRB1;ADIPOQ;LTF;CIDEA;CLEC4A;ORM1;PTPN6;NFKBIL1;CD34;GHRL;TNFAIP3;SIRPA;NLRC3;IRAK3;IL37;ZC3H12A;LGALS9;SLAMF1;ARG2
prerank,GO_Biological_Process_2021::GPI anchor metabolic process (GO:0006505),-0.5857707096690856,-1.984413010969763,0.0016260162601626016,0.003368642342385796,0.454,15/26,21.64%,PIGG;DPM3;PIGH;PGAP2;PIGF;DPM1;PIGM;PIGN;PIGB;PIGW;PIGQ;DPM2;PIGZ;PIGV;PIGO
prerank,GO_Biological_Process_2021::telomere maintenance via telomere lengthening (GO:0010833),-0.5579832655555462,-1.9839938304148668,0.0,0.003374189317464277,0.4555,13/30,14.90%,RFC1;RPA1;DCLRE1B;RAD50;POT1;PINX1;TELO2;TERF2;ZSCAN4;SLX1A;PIF1;GAR1;ACD
prerank,GO_Biological_Process_2021::positive regulation of I-kappaB kinase/NF-kappaB signaling (GO:0043123),0.5450982201311863,1.983029715990361,0.0,0.000762450223847867,0.14,71/133,24.40%,APOL3;SHISA5;TMEM9B;TMEM106A;TMEM101;TSPAN6;S100A12;ECM1;CLEC6A;S100A4;TLR6;ADIPOQ;CCL21;CLEC7A;CCL19;LTF;CCR7;TNFSF10;CARD9;TICAM2;TIRAP;HMOX1;CARD16;GJA1;IFIT5;PLEKHG5;S100A13;TMED4;BST2;EEF1D;PLK2;LITAF;MAP3K3;MYD88;F2RL1;UBD;TRAF6;TRIM38;RIPK2;RHOA;TBK1;TRIM5;UBE2N;NEK6;LGALS9;RHOC;VAPA;S100B;TRAF2;BCL10;TRIM62;TNFRSF19;NUP62;TRIM25;NOD1;IRAK4;NDFIP1;TNIP2;CCDC22;TIFA;TRIM22;ATP2C1;GAPDH;WLS;PELI1;TFG;JMJD8;LPAR1;AKAP13;FADD;REL
prerank,GO_Biological_Process_2021::glycolytic process (GO:0006096),0.7051254956453565,1.9829397005765068,0.0,0.0007589039437369467,0.14,21/25,25.28%,PFKM;PGAM2;HKDC1;GCK;HK3;GPI;PFKL;HK2;ENO4;ALDOB;ALDOC;PGAM1;ALDOA;GAPDH;HK1;PKM;ENO3;PGM1;PGK1;PFKFB2;GAPDHS
prerank,GO_Biological_Process_2021::preassembly of GPI anchor in ER membrane (GO:0016254),-0.6663097766768838,-1.9823306496676059,0.0013831258644536654,0.0034364314487987505,0.4645,11/16,21.13%,PIGG;PIGH;PIGF;PIGM;PIGN;PIGB;PIGW;PIGQ;DPM2;PIGZ;PIGV
prerank,"GO_Biological_Process_2021::nuclear-transcribed mRNA catabolic process, exonucleolytic, 3'-5' (GO:0034427)",-0.7803192218347685,-1.9821920356746783,0.0,0.0034258125258574386,0.465,8/10,13.14%,EXOSC2;EXOSC9;EXOSC4;EXOSC5;TTC37;EXOSC3;EXOSC7;EXOSC8
prerank,GO_Biological_Process_2021::regulation of cell migration (GO:0030334),0.5091259066773164,1.9816882152582946,0.0,0.0007805701828714119,0.145,144/309,21.22%,PODN;FAM107A;BEX4;MCTP1;SRGAP2B;TMIGD3;CPNE3;MAPK15;VIL1;ZNF703;IGFBP5;MYOC;ROBO4;F7;MYADM;TMSB4X;IGSF10;VCL;STC1;RECK;TWIST2;TP53INP1;ADIPOQ;CCL26;DDX58;CLDN5;CCL5;THY1;CLEC7A;THBS1;SERPINB3;PPM1F;PLXNA4;CDH5;PDPN;NEXN;LIMCH1;LDB2;ABI3;HAS2;TPM1;IFITM1;AIF1;CCL7;EDN1;SNAI2;FOXO3;ALOX15B;SULF1;PODXL;SEMA3G;CHRD;MYO1C;ITGAX;PHACTR1;RHOD;PAK1;CTSH;CD151;ITGA6;NEDD9;PRKX;ARHGAP4;CORO1C;FERMT2;CYP1B1;PLXNA2;FGF20;DPYSL3;CAV1;FGF17;GRN;FGF16;RAP2B;CLN3;SFRP2;SEMA3A;TMSB10;EGF;SERPINE2;FGF8;CXCL16;ANXA1;SPHK1;FGF7;SEMA3D;CEACAM1;SLIT2;XBP1;SEMA6D;BST2;PTEN;FGF10;FAM83H;SST;AMOT;RAP2C;F2RL1;DLC1;ACTN4;CDH1;HSPA5;FGF9;LDB1;TDGF1;PECAM1;TBX5;DAB2;PLXNC1;CAMSAP3;NTF3;PLXNB2;SEMA3F;CCL3;RHOA;PLXNA1;CCL24;FERMT3;PLXND1;ROBO1;RHOC;NUMB;GRB7;SOD2;CASS4;SEMA6B;FGF19;SASH1;TJP1;SEMA6C;ARPIN;MYLK;DUSP10;ARSB;BMP2;SORL1;SDCBP;JAG1;AMOTL1;MITF;PLXNA3;PTPRT;RDX;FGF18
prerank,GO_Biological_Process_2021::glutathione metabolic process (GO:0006749),0.6523231980342208,1.9806344666592572,0.0,0.0007860871390404694,0.1465,24/36,21.72%,GPX1;HPGDS;GGT5;CHAC2;CHAC1;GSTM1;GSTM5;GSTM2;GSTA2;GSTA1;GSTA3;GGT7;GSTM3;GSTA5;ETHE1;GSTT2B;GGT2;GGT1;GSS;MGST2;GSTM4;G6PD;GSTA4;GCLM
prerank,GO_Biological_Process_2021::ERBB signaling pathway (GO:0038127),0.6427825909795899,1.9782426340517596,0.0,0.0008233063426320546,0.152,29/42,25.39%,CPNE3;VIL1;EFEMP1;PTPRR;SHC1;FAM83B;MATK;EGF;CBL;EPGN;NCK2;AREG;TDGF1;PLCG1;BTC;STUB1;GRB7;SOX9;SHC3;KIF16B;PLCE1;SOS1;PTPN18;CUL5;NRG4;BCAR1;CDC37;IQGAP1;NRG1
prerank,GO_Biological_Process_2021::regulation of blood vessel endothelial cell migration (GO:0043535),0.6905725151038682,1.977697779791699,0.0,0.0008285777733577387,0.154,19/27,22.02%,TMSB4X;GATA2;THBS1;HRG;RGCC;HIF1A;SH3BP1;PRCP;ETS1;PRKD2;MEF2C;STAT5A;PLCG1;MAP2K3;JUP;APOE;ANGPT4;FGF18;VASH1
prerank,GO_Biological_Process_2021::positive regulation of cell differentiation (GO:0045597),0.5232451137121232,1.9776231965154538,0.0,0.0008248115107515672,0.154,100/189,22.84%,TMEM100;SLC6A6;AAMDC;CCDC71L;ADIRF;WDFY2;MEDAG;TMEM119;LRP3;CMKLR1;RARRES2;CPNE1;ZNF703;RUNX2;FBN2;PKDCC;MMD;SUCO;TGFB1I1;LPL;MSR1;SYAP1;SERPINF2;ZNF385A;SERPINB3;LTF;PDPN;RGCC;TWIST1;PF4;IGFBP3;MAPK12;CSF3;IFITM1;GLIPR2;YAP1;RRAS;ALOX15B;CD34;BMP6;PLA2G3;CREBL2;ATRAID;SMAD3;BRINP1;NPNT;CD36;GJA1;BTG1;FRZB;FERMT2;NBL1;GPC1;ZEB1;BAMBI;SFRP2;ZFP36L1;NKX2-5;WWTR1;BEND6;ARNTL;FGF8;MYF6;HEYL;BMP4;CEACAM1;RIN2;KITLG;XBP1;CEBPB;CDH2;TGFBR2;GDF5;AKIRIN1;MEF2C;CDS1;SULT1E1;LRP5;ATP6AP1;DAB2;RHOA;ZC3H12A;EDN3;BMP7;SOX9;BNIP2;BMP2;ID2;SIN3A;SDCBP;BLOC1S5;CDC42;FFAR4;AXIN2;XKR8;BLOC1S6;LMO3;PA2G4;ZFP36;BMPR1B
prerank,GO_Biological_Process_2021::cardiac muscle cell action potential (GO:0086001),-0.6176062659397917,-1.9771299001261051,0.002976190476190476,0.003653771860483188,0.4855,9/20,10.61%,KCND3;SCN2B;HCN2;SCN3B;HCN4;SCN1B;KCNIP2;CACNA2D1;KCNJ2
prerank,GO_Biological_Process_2021::regulation of T cell receptor signaling pathway (GO:0050856),0.6749427894992854,1.976483284337609,0.0,0.0008389775190427988,0.157,23/29,27.15%,CD300A;LILRB4;PTPN22;LAPTM5;THY1;TRAT1;CD160;GBP1;SH2D1A;CEACAM1;CD226;PRKD2;UBASH3A;BCL10;EZR;PTPN2;TESPA1;RAB29;CD81;CARD11;SLA2;IKBKG;PRNP
prerank,GO_Biological_Process_2021::positive regulation of MAP kinase activity (GO:0043406),0.6362169250326832,1.9733060387748242,0.0,0.0008797422525506442,0.166,25/39,23.12%,S100A12;TLR6;TNFRSF11A;GH1;ADAM8;EDN1;IL34;PAK1;NEK10;EGF;CD24;EPGN;TRAF6;ARHGEF5;RASGRP1;DIRAS1;ROBO1;EDN3;TRAF2;SASH1;TAOK3;PIK3R6;FGF18;LRRK2;PDGFD
prerank,GO_Biological_Process_2021::regulation of smooth muscle cell proliferation (GO:0048660),0.6784573138227704,1.9727293159148511,0.0,0.0008868832607878436,0.1675,21/29,20.61%,OGN;IGFBP5;ANG;CCL5;NR4A3;THBS1;SERPINF2;PTGIR;IGFBP3;AIF1;EDN1;TRIB1;HMOX1;PHB;BMP4;TNFAIP3;RBPMS2;APOD;ID2;STAT1;VIP
prerank,MSigDB_Hallmark_2020::p53 Pathway,0.5275648531902732,1.9713899979632523,0.0,0.0009116189892332544,0.172,89/172,22.60%,VWA5A;FAM162A;PHLDA3;LDHB;TM7SF3;IFI30;DRAM1;GM2A;TCHH;IER3;S100A4;RPS12;KLK8;RRAD;TM4SF1;TNNI1;GPX2;JUN;NUPR1;CTSF;NINJ1;CYFIP2;BAIAP2;RHBDF2;FOXO3;ALOX15B;STOM;SLC19A2;TAP1;HMOX1;EPS8L2;BTG1;RPL36;LIF;CD82;ATF3;RPL18;RAP2B;ZFP36L1;IER5;GLS2;FUCA1;SERPINB5;SAT1;SPHK1;DEF6;FAS;FGF13;PLK2;CTSD;SLC3A2;SLC35D1;CEBPA;MXD1;ZMAT3;PROCR;SESN1;TRIAP1;BLCAP;RNF19B;FOS;PLXNB2;MAPKAPK3;PTPRE;PRMT2;STEAP3;S100A10;TRIB3;BAK1;SOCS1;SFN;INHBB;APAF1;CDK5R1;TCN2;EI24;CDKN1A;BMP2;RPS27L;PLK3;SERTAD3;PVT1;FBXW7;PITPNC1;UPP1;PTPN14;DDIT4;JAG2;KLF4
prerank,"GO_Biological_Process_2021::synaptic transmission, cholinergic (GO:0007271)",-0.7684252230256228,-1.9700334260903027,0.0,0.00388422035350138,0.51,5/10,1.97%,CHRNE;CHRNB1;CHRNA2;CHRFAM7A;CHRNA10
prerank,GO_Biological_Process_2021::superoxide metabolic process (GO:0006801),0.7191134625249931,1.9696065693855043,0.0,0.000940529843807055,0.177,19/23,21.56%,NOXO1;NOX5;SOD3;NCF2;CCS;DUOX1;NCF1;NRROS;NCF4;DUOX2;CYBB;NOXA1;SH3PXD2A;ALOX12;CYBA;SOD2;PRDX2;PRDX1;ATP7A
prerank,GO_Biological_Process_2021::regulation of trans-synaptic signaling (GO:0099177),-0.5804781435055957,-1.9695303120602607,0.0,0.0038851748031143466,0.5125,11/28,6.50%,GRIK5;LRRC4C;NLGN3;LRRC4;NLGN4X;GRIK1;GRID2;NLGN2;SLC4A8;GRID1;PXK
prerank,GO_Biological_Process_2021::aminoglycan catabolic process (GO:0006026),0.6875006971150326,1.9684065658586316,0.0,0.000962621521554239,0.18,21/27,20.67%,CHI3L2;CHIT1;CHIA;CTBS;CHI3L1;SDC2;HSPG2;GNS;HPSE2;HYAL2;IDUA;GPC1;GPC6;SDC3;GLB1;FUCA1;HYAL4;AGRN;HGSNAT;NAGLU;SGSH
prerank,GO_Biological_Process_2021::neuropeptide signaling pathway (GO:0007218),-0.5171311728283585,-1.9662572826940972,0.0,0.004008256220180121,0.5255,15/40,12.20%,MCHR1;QRFP;GLRA3;GALR1;PPY;NMUR2;RXFP4;GALR3;GLRB;GALR2;NMUR1;NXPH4;PNOC;NMU;GAL
prerank,GO_Biological_Process_2021::regulation of interleukin-1 production (GO:0032652),0.8431618299609009,1.9661961749940668,0.0,0.0010084780814216307,0.1865,10/11,15.38%,SAA1;ORM2;CCR7;MEFV;TMED10;ORM1;ANXA1;CEACAM1;NLRP12;SIRPA
prerank,GO_Biological_Process_2021::negative regulation of lymphocyte proliferation (GO:0050672),0.6892335462028273,1.9659558612207146,0.0,0.0010127292726064344,0.1875,17/25,18.38%,CD300A;LST1;LILRB2;MNDA;LILRB4;VSIG4;LILRB1;FOXP3;TYROBP;PLA2G2D;ARG1;IL4I1;PLA2G2F;SPN;CEBPB;SFTPD;TNFRSF13B
prerank,MSigDB_Hallmark_2020::Reactive Oxygen Species Pathway,0.6504542406742175,1.964355014685582,0.0,0.0010363753737416023,0.1915,28/36,27.60%,GLRX;GPX3;SBNO2;MSRA;PDLIM1;PFKP;FTL;MGST1;IPCEF1;LSP1;ATOX1;SOD2;PRDX2;PRDX1;G6PD;PRDX4;GCLM;HMOX2;ERCC2;TXNRD2;OXSR1;FES;CAT;LAMTOR5;PRNP;GPX4;JUNB;GCLC
prerank,GO_Biological_Process_2021::regulation of interleukin-2 production (GO:0032663),0.6594174673603799,1.9639026244855589,0.0,0.0010426180333751004,0.194,23/31,25.26%,LILRB4;VSIG4;LAPTM5;CLEC7A;IRF4;FOXP3;CD34;GBP1;XCL1;ANXA1;PLCG2;TNFAIP3;TBX21;PRKD2;TRAF6;SFTPD;RUNX1;TRAF2;EZR;ZFP36;SPTBN1;NAV3;CARD11
prerank,GO_Biological_Process_2021::G2/M transition of mitotic cell cycle (GO:0000086),-0.4248508451329799,-1.9635979301776023,0.0,0.004121432315192562,0.537,46/111,19.64%,ALMS1;CEP192;CEP76;CEP41;USH1C;HAUS4;CEP164;TAF2;PPME1;MELK;CEP131;NEDD1;CLASP1;CEP290;CKAP5;CENPJ;CDK5RAP2;CCP110;NDE1;ODF2;CCNB2;CEP70;HAUS2;CEP63;NEK2;CEP250;CDC25B;MNAT1;SDCCAG8;BRSK2;PCM1;LCMT1;MASTL;HAUS5;AKAP9;PRKAR2B;HAUS6;BORA;CEP152;TUBG1;CEP135;CETN2;OFD1;FBXL3;FBXW11;TPD52L1
prerank,GO_Biological_Process_2021::positive regulation of immune response (GO:0050778),0.6187242534165251,1.963516719096664,0.0,0.0010466662222849783,0.1955,38/48,24.79%,SASH3;FPR2;LILRB1;RSAD2;CCL5;CD1D;HLA-DMB;GBP5;HRG;IL2;CCR7;ADAM8;CD177;HLA-DRA;SKAP1;GRN;PLA2G1B;MYB;CD46;XBP1;IL23R;PLSCR1;AKIRIN2;CD226;F2RL1;CYBA;IL12RB1;IFI35;LGALS9;IFNL1;PYCARD;SLC15A4;STX4;SH2D1B;PCK1;SPHK2;FADD;CD81
prerank,GO_Biological_Process_2021::high-density lipoprotein particle remodeling (GO:0034375),0.7619862938413208,1.9631100904675394,0.0,0.0010464171214810707,0.1965,14/16,21.18%,CETP;APOA2;APOC2;LIPC;PLTP;APOM;APOC1;PLA2G3;LCAT;APOA1;ALB;APOE;ABCG1;SCARB1
prerank,GO_Biological_Process_2021::negative regulation of osteoclast differentiation (GO:0045671),0.761914963204159,1.962468043542946,0.0,0.0010631465509120198,0.2,10/16,12.14%,GPR137B;LILRB3;LILRB4;LRRC17;GPR137;LILRB1;FBN1;LTF;TCTA;MAFB
prerank,GO_Biological_Process_2021::ribosomal subunit export from nucleus (GO:0000054),-0.7556167996872929,-1.9624013927266626,0.0,0.004154380087757788,0.541,7/10,10.67%,NOP9;RRS1;LTV1;LSG1;SDAD1;NMD3;ABCE1
prerank,GO_Biological_Process_2021::negative regulation of blood vessel morphogenesis (GO:2000181),0.6074476465860769,1.9620500141534534,0.0,0.001062829150419996,0.2,35/55,24.47%,ECSCR;EMILIN1;DCN;STAB1;SERPINF1;CLDN5;THBS1;HRG;RGCC;HSPG2;PF4;ADAMTS1;CD160;SULF1;THBS2;PTPRM;GHRL;APOH;PRL;NPPB;FOXO4;AMOT;PML;SPARC;TNMD;YJEFN3;SYNJ2BP;ADGRB1;STAT1;ANGPT4;VASH1;KLF4;EFNA3;PGK1;SEMA6A
prerank,GO_Biological_Process_2021::positive regulation of defense response (GO:0031349),0.5976244402704711,1.9605286891857956,0.0,0.0011088022094792357,0.2085,35/57,21.12%,S100A12;FPR2;DDT;LILRA5;S100A8;GPR4;CCL5;LPL;CD1D;GBP5;IL2;ADAM8;NINJ1;HYAL2;CCL1;S100A9;GRN;GPSM3;MAPK13;IL16;OSM;ETS1;PDCD4;NLRP12;PLSCR1;AKIRIN2;MEF2C;CEBPA;CYBA;CCL3;IFI35;ZBP1;MGST2;SLC15A4;TNIP1
prerank,GO_Biological_Process_2021::aortic valve development (GO:0003176),0.6973095511694776,1.960508699677409,0.0,0.00110410389503229,0.2085,17/25,20.81%,EMILIN1;TWIST1;SMAD6;SNAI2;ROBO2;GATA4;SLIT3;NKX2-5;TNFRSF1B;HEYL;BMP4;SLIT2;GATA3;ROBO1;SOX9;BMP2;JAG1
prerank,GO_Biological_Process_2021::regulation of cell cycle phase transition (GO:1901987),-0.4833097623004726,-1.9601651441806143,0.0,0.004246234867417038,0.5495,25/58,16.42%,DBF4;ANAPC7;ANAPC2;CDC23;ANAPC5;CDC16;DBF4B;ANAPC10;ANAPC1;ANAPC11;CDC27;FZR1;BUB3;CDC26;ERCC3;CDKN1B;ANAPC4;TRIM39;GTSE1;XPC;UBE2S;PSMD10;PSME3;SIX3;ATP2B4
prerank,GO_Biological_Process_2021::regulation of interleukin-17 production (GO:0032660),0.7376247353191044,1.959273501270345,0.0015467904098994587,0.0011244800347775996,0.2125,15/18,20.99%,RFTN1;IL2;CARD9;NCKAP1L;FOXP3;SLAMF6;CCL1;PHB;IL36RN;OSM;SPHK1;IL23R;MYD88;SLC7A5;LY9
prerank,GO_Biological_Process_2021::cellular response to oxidative stress (GO:0034599),0.5529912706511109,1.9591750484004415,0.0,0.0011197553287491224,0.2125,50/95,22.34%,GPX1;PLA2R1;NOX5;SOD3;NCF2;CCS;NCF1;GPX3;PXN;GPX7;GPX8;DHRS2;GPX2;MSRA;NCF4;TPM1;GPX5;JUN;AIF1;HIF1A;FOXO1;FOXO3;PPARGC1A;CYBB;TMEM161A;ERO1A;HMOX1;ARNTL;PYCR1;SLC25A24;SLC4A11;ZFAND1;CYCS;CYBA;FOS;CHCHD2;PRDX3;UCP1;ERCC6L2;ZC3H12A;FANCC;PKD2;SOD2;PRDX2;PRDX1;G6PD;ETV5;ARNT;STX4;LRRK2
prerank,GO_Biological_Process_2021::cellular response to cadmium ion (GO:0071276),0.7307618682757184,1.959131670106991,0.0,0.0011150701600095862,0.2125,12/19,17.34%,MT1A;MT1G;MT1M;MT1H;NCF1;JUN;MT2A;MT1F;MT1HL1;MT1E;MT1X;FOS
prerank,GO_Biological_Process_2021::DNA double-strand break processing (GO:0000729),-0.6397575960644313,-1.9589479653842594,0.0028776978417266188,0.00430238242542401,0.555,11/18,17.89%,SMARCAD1;RAD50;SLX4;RBBP8;BLM;NBN;SLX1A;RAD52;SETMAR;KAT5;EXD2
prerank,GO_Biological_Process_2021::negative regulation of MAPK cascade (GO:0043409),0.5726736299799777,1.9580220956515226,0.0,0.0011392662170530842,0.2165,39/76,22.78%,EMILIN1;TIMP3;CD300A;FBLN1;LILRB4;ABCA7;ADIPOQ;CAV3;HYAL2;PTPRR;FOXO1;DUSP6;GBP1;SPRY1;CAV1;PHB;MYC;BMP4;DUSP9;PTEN;SIRPA;DUSP1;IRAK3;PTPN1;SPRY4;BMP7;APOE;SYNJ2BP;CBLC;PAQR3;GBA;DUSP10;SH2B3;SORL1;EZR;TNIP1;PTPN2;LMO3;RGS14
prerank,GO_Biological_Process_2021::negative regulation of tumor necrosis factor production (GO:0032720),0.6866609189134832,1.9575775483374986,0.0,0.0011427454015116062,0.218,22/27,20.93%,LBP;PTPN22;BPI;C5AR2;LILRB1;ADIPOQ;CIDEA;CLEC4A;ORM1;PTPN6;NFKBIL1;CD34;GHRL;TNFAIP3;SIRPA;NLRC3;IRAK3;IL37;ZC3H12A;LGALS9;SLAMF1;ARG2
prerank,"GO_Biological_Process_2021::negative regulation of DNA-templated transcription, elongation (GO:0032785)",-0.6821580247205989,-1.9565866178286875,0.0,0.004405873204771302,0.5685,8/14,16.87%,NELFB;TCERG1;RECQL5;RNF8;NELFCD;NELFA;NELFE;EAPP
prerank,GO_Biological_Process_2021::RNA 3'-end processing (GO:0031123),-0.4679381205907565,-1.9556619870201375,0.0,0.004441393567890457,0.5735,26/62,21.02%,CASC3;PNPT1;DHX38;RPRD1B;CPSF2;U2AF1;RPRD2;CPSF3;MAGOHB;SARNP;CPSF7;CPSF1;CSTF1;NUDT21;CSTF3;RPRD1A;POLDIP3;CSTF2;CHTOP;CSTF2T;CPSF4;SUPV3L1;U2AF2;MTPAP;CLP1;THOC6
prerank,GO_Biological_Process_2021::regulation of synapse assembly (GO:0051963),-0.5148476417554273,-1.9533980558632769,0.0,0.004554207234429519,0.5845,18/40,13.16%,LRRC4B;NLGN3;SLITRK2;PTPRD;SYNDIG1;SLITRK3;LRFN4;IL1RAPL2;GRID2;SLITRK1;NLGN2;LRFN5;WNT7A;LHFPL4;CLSTN1;IL1RAPL1;CLSTN3;MUSK
prerank,GO_Biological_Process_2021::tRNA 5'-leader removal (GO:0001682),-0.723215309505604,-1.9520367485047163,0.0,0.004612419116043522,0.5895,8/12,18.51%,RPP25;RPP38;RPP14;POP7;RPP30;POP1;POP4;POP5
prerank,"GO_Biological_Process_2021::nuclear-transcribed mRNA catabolic process, nonsense-mediated decay (GO:0000184)",0.5717599837448276,1.9514864261583817,0.0,0.001270826751764862,0.239,35/72,17.57%,RPLP2;RPS12;RPL39;RPL7A;RPL28;PABPC1;RPL29;RPL27A;RPL10A;RPL34;RPL27;RPL9;RPL14;RPL41;RPL24;RPL21;RPL35A;RPL26;RPL15;RPL13;RPS20;RPL7;RPS17;RPL18A;RPL31;RPL30;RPL36;RPL18;RPL37A;RPS14;RPS21;EIF4A3;EIF3E;RPL35;HELZ2
prerank,GO_Biological_Process_2021::depurination (GO:0045007),-0.756507308895418,-1.9512992914396199,0.0,0.004616711735044027,0.5905,8/10,20.40%,MUTYH;OGG1;POT1;TERF2;MPG;ACD;NEIL3;TERF2IP
prerank,GO_Biological_Process_2021::protein O-linked mannosylation (GO:0035269),-0.6814817818112138,-1.950404829764618,0.001379310344827586,0.004646510704288204,0.594,9/14,13.33%,POMGNT2;POMT2;B4GAT1;POMT1;DPM3;FKTN;DPM1;FKRP;DPM2
prerank,GO_Biological_Process_2021::negative regulation of interleukin-1 production (GO:0032692),0.7155485226401339,1.949951435815609,0.0,0.0013062914497320207,0.245,17/20,21.45%,CARD17;CARD18;LILRB4;NLRP7;MEFV;CX3CR1;CARD16;APOA1;GHRL;CEACAM1;NLRP12;TNFAIP3;SERPINB1;PYDC1;ZC3H12A;CARD8;FFAR4
prerank,GO_Biological_Process_2021::regulation of chemokine production (GO:0032642),0.7249764624865067,1.949912735820492,0.0,0.0013009377962495126,0.245,17/21,20.16%,CHIA;LILRB4;ACKR1;LPL;C5;IL7;AIF1;TREM2;HIF1A;SNAI2;ALOX15B;HMOX1;EIF2AK2;F2RL1;AIRE;LGALS9;PYCARD
prerank,GO_Biological_Process_2021::regulation of tyrosine phosphorylation of STAT protein (GO:0042509),0.6587737932728166,1.9492676496593093,0.0007122507122507123,0.0013117727413387542,0.246,20/31,21.22%,PIBF1;CCL5;GH1;IL2;HCLS1;EPO;PARP9;LIF;PARP14;STAP2;OSM;IL23R;CNTF;ARL2BP;IL3;IFNL1;SOCS1;SH2B3;IL22RA2;PTPN2
prerank,GO_Biological_Process_2021::negative regulation of actin filament polymerization (GO:0030837),0.7015916505488119,1.9486858719318694,0.0,0.0013265394138491345,0.249,11/23,19.26%,KANK3;VIL1;MYADM;PFN4;TMSB4X;SCIN;TMSB10;SLIT2;TWF2;SSH1;GSN
prerank,GO_Biological_Process_2021::regulation of osteoclast differentiation (GO:0045670),0.7058839940147079,1.9485548022842925,0.0007473841554559044,0.0013251723507800223,0.249,16/21,19.93%,GPR137B;LILRB3;LILRB4;LRRC17;OCSTAMP;GPR137;FBN1;BGLAP;TCTA;MAFB;CEBPB;IL23R;TRAF6;UBASH3B;CCL3;CAMK4
prerank,GO_Biological_Process_2021::positive regulation of transcription by RNA polymerase I (GO:0045943),-0.6129322343424075,-1.9482962856250179,0.001639344262295082,0.00473117566235917,0.603,10/20,13.45%,RASL11A;WDR75;HEATR1;IPPK;PWP1;NOL11;WDR43;UTP15;UBTF;PHF8
prerank,GO_Biological_Process_2021::sno(s)RNA 3'-end processing (GO:0031126),-0.7403282094023409,-1.947942775144116,0.0012437810945273632,0.004730704617390794,0.605,7/11,9.84%,EXOSC10;EXOSC2;EXOSC4;EXOSC5;EXOSC3;PARN;FBLL1
prerank,GO_Biological_Process_2021::glycosphingolipid metabolic process (GO:0006687),0.6278767130431763,1.9478295207807343,0.0,0.0013337848087414921,0.251,28/41,22.11%,GM2A;A4GALT;B3GALNT1;CTSA;ST6GALNAC6;B4GALNT1;ESYT3;GLA;HEXB;HEXA;NEU4;ST8SIA1;SUMF1;GLB1;ENPP7;CLN6;ESYT2;ESYT1;NEU1;SUMF2;PSAP;SMPD3;GBA;ARSA;ST6GALNAC5;ASAH1;NEU3;ST3GAL5
prerank,GO_Biological_Process_2021::regulation of cytoskeleton organization (GO:0051493),0.5563487677346126,1.9476070799422038,0.0,0.0013304139356858605,0.2515,49/91,21.17%,FAM107A;ARHGAP18;SIGLEC15;SYDE1;CORO1A;S100A8;CDK2AP2;DMTN;RAC3;NEXN;HRG;CAPN6;RND3;RHOH;STMN3;BAIAP2;S100A9;RHOD;PAK1;ARHGEF19;SH3BP1;RAC2;CLN3;PAK3;F11R;DIAPH1;SPEF1;RHOF;TWF2;BST2;IQGAP3;DLC1;ARHGEF5;RHOQ;CAMSAP3;TAOK2;RHOA;ARHGAP44;BST1;GRHL3;RHOC;CAPN2;PHLDB2;RND1;EFNA5;TJP1;EZR;RHOG;IQGAP2
prerank,GO_Biological_Process_2021::zymogen activation (GO:0031638),0.6617485135062714,1.944717739652346,0.0,0.0014081577661485066,0.265,20/31,18.89%,C1RL;LGMN;CD5L;C1R;CYFIP2;CTSL;PRSS3;HPR;CTSH;NLRC4;PRSS12;APOH;HGFAC;HP;FURIN;CIDEB;RIPK2;BAK1;GGT2;GGT1
prerank,GO_Biological_Process_2021::cellular protein metabolic process (GO:0044267),0.4952419837476052,1.944260191076056,0.0,0.0014123969267990945,0.267,135/304,19.35%,CHRDL1;SHISA5;QPCT;PRSS23;MXRA8;ADPRH;MSRB3;NUCB1;SPARCL1;LMCD1;EEF1A1;CTSG;IGFBP6;SPP2;IGFBP5;RPLP2;SPPL3;IGFBP4;TGM3;APOA5;IGFBP7;APOA2;RCN1;LGMN;PCMT1;RPS12;PROC;RPL39;FSTL1;KNG1;IGFBP2;C4A;PAPPA;RPL7A;LOX;RPL28;LTBP1;RPL29;VCAN;CST3;RPL27A;FBN1;SPCS3;SDC2;RPL10A;RPL34;APOL1;RPL27;RPL9;PADI4;MAN2B1;FAM20C;RPL14;IGFBP1;MSRA;IGFBP3;MEPE;RPL41;QSOX1;RPL24;RPL21;RPN2;RPL35A;MMP15;RPL26;RPL15;RPL13;ENAM;PLOD2;NAGPA;FUCA2;AHSG;RPS20;RPL7;RPS17;ITIH2;RPL18A;PAPPA2;ERO1A;SPCS2;CTSH;CLN5;RPL31;RPL30;RPL36;CP;MANBA;RPL18;IGFALS;APOA1;RPL37A;TMEM132A;AMTN;SPCS1;MSRB2;MATN3;BMP4;SERP1;GATA6;MRPL41;RPS14;WFS1;RPS21;CDH2;SERPIND1;CALU;RPN1;ALB;FURIN;DENND3;DNAJC3;ST8SIA2;DUSP12;SERPINA1;CKAP4;ABL2;SFTPD;VGF;MRPS18C;RPL35;ASMT;PHEX;TIMP1;FDX1;RSL24D1;CPE;UBA7;SFTPB;RABGGTA;SEC11A;ST8SIA4;APOE;RPS10;PABPC4;MRPL23
prerank,GO_Biological_Process_2021::negative regulation of angiogenesis (GO:0016525),0.5916545502142141,1.944116124952851,0.0,0.001412678336826351,0.268,34/60,22.87%,ECSCR;EMILIN1;DCN;STAB1;SERPINF1;CLDN5;THBS1;HRG;RGCC;HSPG2;PF4;ADAMTS1;CD160;SULF1;THBS2;PTPRM;GHRL;ADAMTS9;APOH;PRL;NPPB;FOXO4;AMOT;PML;SPARC;TNMD;YJEFN3;SYNJ2BP;ADGRB1;STAT1;ANGPT4;VASH1;KLF4;EFNA3
prerank,GO_Biological_Process_2021::regulation of cell-substrate adhesion (GO:0010810),0.6461126098858032,1.9425385914155935,0.0,0.0014637692727234304,0.277,20/33,18.30%,PTPRO;EMP2;VIT;FBLN2;MYADM;THY1;DMTN;PPM1F;PDPN;RSU1;ECM2;ALOX15;NPNT;CORO1C;RAC2;LIMS1;NDNF;PKHD1;RHOA;BST1
prerank,GO_Biological_Process_2021::negative regulation of antigen receptor-mediated signaling pathway (GO:0050858),0.7026204817438705,1.9424187152357935,0.0007535795026375283,0.0014618996095858516,0.278,14/22,21.22%,CD300A;LILRB4;PTPN22;LAPTM5;THY1;CD160;GBP1;SH2D1A;CEACAM1;LPXN;FCRL3;UBASH3A;EZR;PTPN2
prerank,GO_Biological_Process_2021::regulation of macrophage derived foam cell differentiation (GO:0010743),0.8299996108645079,1.9420380964895887,0.0,0.0014716784320702749,0.28,9/12,11.41%,CETP;ADIPOQ;LPL;MSR1;PF4;ALOX15B;CRP;PLA2G3;CD36
prerank,GO_Biological_Process_2021::regulation of cell adhesion (GO:0030155),0.554188179112014,1.9414039372571263,0.0,0.0014891064421585576,0.2845,56/94,23.85%,ADAMDEC1;CD164;FBLN1;ARHGDIB;TGM2;MYADM;KNG1;CYTIP;GPR4;CCL5;TGFBI;PLXNA4;SAA1;HRG;CCR7;IBSP;ADAM8;TPM1;RSU1;HYAL1;CXCR3;PODXL;CHRD;RHOD;STX3;TESC;PRKX;PLXNA2;RAC2;PRSS2;SPN;C1QBP;AZU1;LPXN;PRKD2;PPP1R12A;ABL2;DUSP1;PKHD1;PLXNC1;CYTH1;PLXNB2;PLXNA1;PLXND1;PPP1CB;C2CD4B;RND1;FUT7;EFNA5;PLXNA3;ADGRG1;STX4;ZFHX3;ATXN3;ADAM10;TMEM102
prerank,GO_Biological_Process_2021::negative regulation of viral genome replication (GO:0045071),0.6140596930536653,1.940159618471681,0.000651890482398957,0.0015237137547403285,0.2915,28/48,17.61%,RNASEL;RSAD2;CCL5;OASL;OAS1;LTF;IFITM3;OAS2;SLPI;APOBEC3G;IFITM1;IFIT1;OAS3;ISG20;IFIH1;MX1;HMGA2;IFIT5;APOBEC3D;EIF2AK2;APOBEC3A;BST2;PLSCR1;IFITM2;FAM111A;AICDA;APOBEC3H;APOBEC3C
prerank,GO_Biological_Process_2021::regulation of JUN kinase activity (GO:0043506),0.6677440625340159,1.9401174029507713,0.0,0.0015216407356745852,0.292,14/27,20.10%,AIDA;PTPN22;TLR6;TNFRSF11A;SERPINB3;EDN1;PAK1;PDCD4;TRAF6;ARHGEF5;TRAF2;SASH1;TAOK3;DUSP10
prerank,GO_Biological_Process_2021::positive regulation of stress fiber assembly (GO:0051496),0.651310770364705,1.939738267216865,0.0,0.0015253107988165598,0.2935,22/35,21.04%,GPR65;MYOC;EVL;ARHGEF10L;SERPINF2;PPM1F;PXN;RGCC;LIMCH1;TPM1;ARHGEF15;PAK1;FERMT2;APOA1;ARHGEF10;ARHGEF5;RHOA;S100A10;RHOC;LIMK1;PPM1E;CDC42
prerank,GO_Biological_Process_2021::second-messenger-mediated signaling (GO:0019932),0.5852320232762123,1.9392475174358306,0.0,0.0015308543130800936,0.2945,41/62,20.91%,NUDT4;MCTP1;FPR2;FPR1;SAMD14;CCR7;EDN1;CXCR3;CX3CR1;LAT;DDAH2;CD36;XCR1;CCR3;ACKR4;CCR8;CCR10;SPHK1;CCR6;NDNF;CXCR6;CXCR5;PLCG2;EDN2;EIF2AK3;MCU;CCRL2;LAT2;PLCG1;CCL3;PLA2G4B;EDN3;APOE;KSR2;P2RY11;RYR2;ACKR2;PPP1R9B;ACKR3;PLCE1;DDAH1
prerank,GO_Biological_Process_2021::negative regulation of fat cell differentiation (GO:0045599),0.6633346010825572,1.9389320811078032,0.0,0.0015325665558328784,0.2955,15/30,14.23%,CCDC85B;LRP3;ZADH2;ANKRD26;ADIPOQ;ENPP1;GATA2;RUNX1T1;YAP1;FOXO1;SMAD3;FERMT2;WWTR1;ARNTL;GATA3
prerank,GO_Biological_Process_2021::actin cytoskeleton reorganization (GO:0031532),0.5915972825685148,1.9384945261411235,0.0,0.001534265728030298,0.296,33/55,22.52%,GPR65;SYDE1;ANTXR1;PARVA;DMTN;PARVB;PARVG;PHACTR1;PAK1;NEDD9;MYH9;THSD7A;PLEK2;MICALL2;ANXA1;FGF7;CTTN;FGF10;MCU;DTNBP1;INSRR;RHOA;PDLIM4;PTPN1;PLEK;GSN;CASS4;CAPN10;EZR;RALA;ATP2C1;CDC42BPA;BCAR1
prerank,GO_Biological_Process_2021::positive regulation of hydrolase activity (GO:0051345),0.5363516767004795,1.9378205323531674,0.0,0.0015528718904049355,0.2985,62/123,21.39%,RCN3;PRTN3;TGM2;CCL21;CCL26;CCL16;CCL5;THY1;CCL19;CCL8;MAPK12;CCL17;CCL14;CCL25;CCL7;RSU1;CCL22;CCL13;CCL15;DOCK8;CCL1;NET1;XCL2;MTCL1;CCL20;CTSH;ITGA6;SH3BP1;XCL1;CCL23;FERMT2;APOA1;LIMS1;PLIN5;F11R;TBC1D2;CCL18;ADCYAP1;ASAP3;RGS8;RASGRP2;RGS7;F2RL1;AGRN;CCL3;RHOA;ARHGAP27;RASGRP1;RGS1;CCL24;S100A10;PSAP;RGS6;RHOC;SNX9;RAP1GAP;DOCK11;ARAP1;RGS10;BMP2;NDEL1;CCL4
prerank,GO_Biological_Process_2021::actin filament capping (GO:0051693),0.7353090403270454,1.9375268648096455,0.0,0.0015486153088605846,0.3005,17/18,24.86%,VIL1;CAPG;SVIL;AVIL;ADD2;SCIN;TWF2;CAPZA1;ADD1;FLII;CAPZA2;GSN;EPS8;TWF1;ADD3;CAPZB;TRIOBP
prerank,GO_Biological_Process_2021::barbed-end actin filament capping (GO:0051016),0.7353090403270454,1.9375268648096455,0.0,0.0015486153088605846,0.3005,17/18,24.86%,VIL1;CAPG;SVIL;AVIL;ADD2;SCIN;TWF2;CAPZA1;ADD1;FLII;CAPZA2;GSN;EPS8;TWF1;ADD3;CAPZB;TRIOBP
prerank,GO_Biological_Process_2021::chondroitin sulfate catabolic process (GO:0030207),0.786978858040895,1.9364748169757684,0.00078064012490242,0.0015799691925031556,0.305,12/13,20.35%,DCN;VCAN;BGN;HYAL1;NCAN;IDUA;CSPG4;HEXB;HEXA;BCAN;CSPG5;ARSB
prerank,GO_Biological_Process_2021::positive regulation of transport (GO:0051050),0.5729267269276546,1.936440824239298,0.0,0.0015740517048907841,0.305,36/67,22.00%,SLC11A1;SIRPG;FPR2;SIRPB1;MLC1;APOA2;ABCA7;SCIN;GATA2;CLEC7A;CCL19;FCER1G;TREM2;PON1;AHSG;KCTD7;CD151;APOA1;RAB27A;ANXA1;BID;AZU1;SIRPA;LMAN2;SFTPD;DAB2;CYBA;BAK1;APOE;GPLD1;DOCK2;CAPN10;PYCARD;IL15RA;FLOT1;CHP1
prerank,GO_Biological_Process_2021::rRNA modification (GO:0000154),-0.6174362907709844,-1.9363977310129084,0.0015455950540958269,0.005493382406042826,0.6545,9/19,12.15%,NSUN4;NAT10;DIMT1;FTSJ3;MTERF4;FBLL1;TFB1M;GAR1;ZCCHC4
prerank,GO_Biological_Process_2021::regulation of B cell proliferation (GO:0030888),0.6912908623631541,1.9360876132496148,0.0007189072609633358,0.0015774029563256923,0.306,18/24,25.24%,SASH3;CD300A;MNDA;IL2;IL7;NCKAP1L;TYROBP;TIRAP;MEF2C;VAV3;FCRL3;BST1;TNFRSF13B;GPR183;IRS2;CD320;CD81;TNFRSF21
prerank,GO_Biological_Process_2021::cellular response to radiation (GO:0071478),-0.5287989624887742,-1.9347473847803263,0.0,0.005581929018425115,0.6645,16/34,11.93%,RAD9B;RRH;HUS1;LIG4;RAD1;TRPM1;FIGNL1;RAD9A;INTS7;RHNO1;SPIDR;ECT2;INO80;BLM;SWI5;RAD51AP1
prerank,GO_Biological_Process_2021::telomere maintenance via recombination (GO:0000722),-0.7265548959988076,-1.9342650215033892,0.0012578616352201257,0.00559260202050049,0.6665,7/11,12.42%,RAD51D;RAD50;ERCC4;SMC6;XRCC3;SMC5;NSMCE2
prerank,GO_Biological_Process_2021::actomyosin structure organization (GO:0031032),0.5754842780196223,1.9322381472686498,0.0,0.001676308271802867,0.322,44/67,26.74%,CSRP2;LMOD1;MYH10;ACTC1;EPB41L4A;TMOD4;MYLK3;FHOD3;TNNT3;TPM1;SORBS1;PDLIM1;MYH14;FHDC1;MYOM2;ZYX;PHACTR1;MYPN;MYH9;TTN;CSRP3;F11R;TNNT1;WDR1;TMOD3;MYH3;FLII;FRMD6;RHOA;PGM5;EPB41;TJP1;TCAP;CDC42BPA;ANKRD1;CUL3;TMOD1;KLHL41;CSRP1;MYOZ1;TMOD2;EPB41L2;ARRB1;ACTN2
prerank,GO_Biological_Process_2021::negative regulation of interferon-gamma production (GO:0032689),0.7639233086609774,1.9316996470078147,0.0,0.0016884122196069017,0.325,13/15,19.75%,LGALS7;LILRB4;LAPTM5;LILRB1;LGALS9B;FOXP3;XCL1;IL36RN;C1QBP;LGALS9C;ZC3H12A;LGALS9;INHA
prerank,GO_Biological_Process_2021::positive regulation of chemokine production (GO:0032722),0.6839310800442712,1.9311206116102155,0.0,0.0017059003163336656,0.33,21/27,20.16%,CHIA;ADIPOQ;LPL;CLEC7A;OAS1;TWIST1;C5;IL7;AIF1;OAS3;HIF1A;ALOX15B;TIRAP;HMOX1;ADCYAP1;EIF2AK2;AZU1;F2RL1;AIRE;LGALS9;PYCARD
prerank,GO_Biological_Process_2021::regulation of double-strand break repair via homologous recombination (GO:0010569),-0.5136060763034291,-1.930810579098998,0.0,0.005777639247365041,0.6835,20/35,20.77%,PARPBP;OOEP;FIGNL1;RPA2;RIF1;TP53BP1;SPIDR;SIRT6;MAD2L2;USP51;KLHL15;SETD2;ZNF365;RAD51AP1;MMS19;WDR48;FANCB;PPP4R2;TERF2IP;RMI2
prerank,GO_Biological_Process_2021::response to molecule of bacterial origin (GO:0002237),0.6182342215880655,1.930776454624146,0.0,0.0017068997624925743,0.331,28/43,19.06%,SLC11A1;S100A14;LBP;PTPN22;C4B;S100A8;TNFRSF11A;S100A7;GGT5;SMAD6;SLPI;TIRAP;TRIB1;S100A9;GGT7;GCH1;CD24;IL23R;IRF5;CXCL2;TNFAIP3;MAPKAPK3;IRAK3;PRDX3;GGT2;LGALS9;GGT1;CYP27B1
prerank,GO_Biological_Process_2021::positive regulation of T cell differentiation (GO:0045582),0.6343025516935593,1.9305710683353081,0.0,0.0017042696345558924,0.3315,27/35,26.58%,ZBTB1;LILRB2;ZAP70;LILRB4;VNN1;IL7;RHOH;ADAM8;HLA-DRA;NCKAP1L;IL4I1;CD46;XBP1;GATA3;IL23R;IL12RB1;SOCS1;GLI2;DUSP10;IL36B;TESPA1;PCK1;SOX12;LEF1;MDK;ZMIZ1;GLI3
prerank,GO_Biological_Process_2021::tRNA aminoacylation for protein translation (GO:0006418),-0.579125322534869,-1.9302540124128555,0.0015128593040847202,0.005789505441930212,0.6855,12/24,19.09%,EARS2;VARS2;TARS2;SARS2;AARS2;PARS2;LARS2;NARS2;CARS2;IARS2;AIMP2;YARS2
prerank,GO_Biological_Process_2021::receptor internalization (GO:0031623),0.6462490873775161,1.9269647903627092,0.0,0.0018045161236832949,0.3475,22/30,24.79%,LILRB4;MX2;LILRB1;CAV3;NEDD4;FCER1G;DNM1;MX1;CD36;CAV1;RAB31;CEACAM1;ARRB2;SNX1;SCYL2;SAG;CLTC;ACKR3;CD9;PICALM;RAB5A;CD81
prerank,GO_Biological_Process_2021::establishment of endothelial barrier (GO:0061028),0.6811235835356197,1.9268860352154153,0.001443001443001443,0.0018033481096105107,0.349,19/25,27.45%,ROBO4;MYADM;SOX18;RAP2B;F11R;RAP1B;RAP2C;F2RL1;PECAM1;MARVELD2;TJP1;EZR;RDX;TJP3;RAB1A;RAPGEF1;MSN;RAB1B;RAP1A
prerank,GO_Biological_Process_2021::plasma membrane invagination (GO:0099024),0.6852941696689971,1.925957308103742,0.0,0.0018183115186868157,0.351,17/25,21.04%,ARHGAP25;MARCO;HAVCR1;MSR1;IGLL5;AIF1;SH3BP1;CD36;MYH9;GULP1;SPIRE2;BIN2;RHOA;ARHGAP12;SNX9;GSN;CDC42
prerank,GO_Biological_Process_2021::response to reactive oxygen species (GO:0000302),0.6221709149342192,1.9258667327927326,0.0,0.001815317162430829,0.3515,24/40,24.49%,GPX1;NCF1;S100A7;PXN;TPM1;JUN;HYAL2;HIF1A;HYAL1;HMOX1;HP;APOD;FOS;PRDX3;UCP1;ERCC6L2;PKD2;APOE;SOD2;PLK3;STK24;PRDX5;ROMO1;TXNRD2
prerank,GO_Biological_Process_2021::cardiac muscle cell development (GO:0055013),0.7569588205374898,1.925802934681692,0.0,0.0018087872445803582,0.3515,13/16,21.89%,MYH11;ACTC1;MYLK3;FHOD3;PDLIM5;ALPK3;TTN;NKX2-5;CSRP3;SORBS2;TCAP;OBSL1;SLC8A1
prerank,GO_Biological_Process_2021::immune response-activating cell surface receptor signaling pathway (GO:0002429),0.7400168792547959,1.9257772778308881,0.0007830853563038371,0.0018040763133018954,0.3515,9/17,8.51%,CMKLR1;FPR3;FPR2;LILRA2;C3AR1;FPR1;C5AR2;NCR3;FCER1G
prerank,GO_Biological_Process_2021::pyruvate metabolic process (GO:0006090),0.5947426477014864,1.9254726259593955,0.0,0.001815291662821861,0.3545,36/49,27.23%,LDHB;PFKM;LDHAL6B;PGAM2;LDHC;NR4A3;HKDC1;GCK;SLC16A8;HK3;GPI;SLC16A3;PFKL;HK2;ME2;ENO4;ALDOB;ALDOC;SLC16A1;PGAM1;SDS;ALDOA;GAPDH;PCK1;HK1;PKM;ENO3;PGM1;PGK1;DLD;PFKFB2;GAPDHS;GLO1;PCK2;VDAC1;ENO2
prerank,GO_Biological_Process_2021::positive regulation of chemotaxis (GO:0050921),0.6732346805717934,1.9253914135381403,0.0,0.0018123506776722403,0.355,20/28,18.65%,SMOC2;ZNF580;RARRES2;F7;LGMN;TMSB4X;CCL21;CCL26;THBS1;CCL19;PPM1F;AIF1;TREM2;STX3;XCL1;EDN2;F2RL1;PRKD2;PRSS56;EDN3
prerank,"GO_Biological_Process_2021::DNA-templated transcription, initiation (GO:0006352)",-0.40567803375668543,-1.924759079256089,0.0,0.0061700364330463464,0.7085,49/125,18.26%,MED1;NCOA6;POLR1A;POLR1B;MED27;TAF2;NR2E3;GTF2E1;GTF2A1;POLR3H;MED23;GTF2H3;TAF3;TAF13;GTF2H1;POLR2C;NAT14;TAF9B;POLR1E;POLR2B;GTF2E2;POLR1C;NR2C2;TAF8;GTF2F2;ERCC3;TAF11;HNF4G;MED26;MED17;MNAT1;UBTF;TFB1M;TBL1XR1;POLRMT;GTF2H5;TAF1B;GTF3C1;GTF2F1;BRF2;RRN3;MED7;RSF1;MAML2;TAF15;GTF2H2;CRCP;MAML3;SMARCA5
prerank,GO_Biological_Process_2021::regulation of peptidase activity (GO:0052547),0.7263958886327517,1.9238007753204898,0.0,0.00186203027588069,0.362,12/19,15.19%,RCN3;ECM1;CST7;CSTA;CST3;SERPINB3;SERPINB4;MAPK12;EPPIN;CTSH;CAV1;FURIN
prerank,GO_Biological_Process_2021::cellular response to reactive oxygen species (GO:0034614),0.6227460521399271,1.9237907353112909,0.0,0.0018554506635984262,0.362,27/41,25.62%,OSER1;ZNF580;NCF1;PXN;TPM1;JUN;PPIF;NET1;CYP1B1;AQP1;MAPK13;ANXA1;TNFAIP3;SIRPA;FOS;PRDX3;UCP1;ERCC6L2;PKD2;TRPM2;MAPK7;PLEKHA1;FXN;PRDX5;ROMO1;RIPK3;RHOB
prerank,GO_Biological_Process_2021::cellular response to amino acid starvation (GO:0034198),0.5804879127116176,1.9234384484214693,0.0,0.0018593632475552462,0.3635,43/62,27.13%,ATP6V1G3;ATP6V1C2;ATP6V1B1;ATP6V1E2;ATP6V0D2;TCIRG1;ATP6V1H;ATP6V1B2;ATP6V1D;DEPDC5;ATP6V1G2;DAP;ATP6V1C1;ATP6V1A;LAMTOR3;ATP6V1F;ATP6V1E1;ATP6V0E2;EIF2AK2;CEBPB;FAS;RRAGB;ATP6V0E1;EIF2AK3;ATP6V0D1;SESN1;MIOS;ATP6V0C;CDKN1A;ATP6V0B;ATP6V1G1;TFEB;RRAGA;NPRL3;RNF152;SEC13;RHEB;ITFG2;SH3GLB1;LAMTOR2;SLC38A9;NPRL2;LAMTOR5
prerank,GO_Biological_Process_2021::leukotriene metabolic process (GO:0006691),0.7781237163440287,1.923140755093697,0.0008183306055646482,0.0018701878473143237,0.3655,11/14,19.34%,PTGR1;LTC4S;GGT5;CYP4F3;DPEP2;ALOX15;PLA2G1B;ALOX12;CPA1;GGT1;MGST2
prerank,MSigDB_Hallmark_2020::Spermatogenesis,-0.4242373123082852,-1.92287144436348,0.0,0.006264364856484185,0.7175,35/101,11.09%,NCAPH;YBX2;SCG3;PCSK1N;ACRV1;DBF4;TCP11;ZPBP;GRM8;SCG5;PACRG;TOPBP1;CDKN3;RAD17;ODF1;CNIH2;ART3;TEKT2;KIF2C;SLC12A2;SPATA6;CHFR;GMCL1;MAST2;IFT88;DDX25;CCNB2;ZC3H14;MLF1;RPL39L;PSMG1;RFC4;MAP7;NEK2;NEFH
prerank,GO_Biological_Process_2021::positive regulation of synapse assembly (GO:0051965),-0.5689918653094076,-1.9220724759713954,0.001644736842105263,0.006296630746202147,0.7205,12/24,13.76%,LRRC4B;NLGN3;SLITRK2;PTPRD;SYNDIG1;GRID2;NLGN2;WNT7A;CLSTN1;IL1RAPL1;CLSTN3;VSTM5
prerank,GO_Biological_Process_2021::pattern recognition receptor signaling pathway (GO:0002221),0.6343826431784766,1.9213199919608985,0.0,0.0019310720132246918,0.376,27/38,21.83%,CLEC4E;LBP;LGMN;TLR10;TLR6;S100A8;IRAK2;FCN1;CTSL;TLR1;S100A9;CD36;CNPY3;CTSB;S100A1;PLCG2;MYD88;TRAF6;SFTPD;UNC93B1;MAPKAPK3;BCL10;UBB;NOD1;IRAK4;TRAF3;TIFA
prerank,GO_Biological_Process_2021::positive regulation of NIK/NF-kappaB signaling (GO:1901224),0.6532038727122563,1.9210620597630126,0.0006920415224913495,0.0019364029885278273,0.3775,19/29,22.67%,LAPTM5;CCL19;NFAT5;LIMS1;PHB;SPHK1;EIF2AK2;PDCD4;NLRP12;ILK;ACTN4;TRAF6;RHOA;IFI35;PTP4A3;LGALS9;SASH1;NOD1;PHB2
prerank,GO_Biological_Process_2021::RNA interference (GO:0016246),-0.6442877141537966,-1.9208940717693668,0.0,0.0063449252549083925,0.7245,11/16,24.08%,HENMT1;TARBP2;AGO3;MRPL44;DROSHA;NRDE2;AGO1;AGO4;DHX9;CLP1;PRKRA
prerank,GO_Biological_Process_2021::cellular biogenic amine biosynthetic process (GO:0042401),0.7676163554231108,1.920269108876053,0.001597444089456869,0.0019674488920175324,0.3825,13/14,21.41%,MOXD1;HDC;PAOX;SRM;SMOX;DDC;SAT2;SAT1;AANAT;PNMT;ASMT;PAH;TPH2
prerank,GO_Biological_Process_2021::regulation of toll-like receptor 4 signaling pathway (GO:0034143),0.717154095727848,1.9198842445535436,0.0007288629737609329,0.001979460527674155,0.3855,15/20,22.74%,WDFY1;LILRA2;LBP;PTPN22;LTF;NINJ1;TREM2;TICAM2;TIRAP;TNFAIP3;F2RL1;IFI35;NR1D1;FLOT1;RAB7B
prerank,GO_Biological_Process_2021::antigen processing and presentation of exogenous peptide antigen via MHC class I (GO:0042590),0.6217546443437957,1.9191101962449038,0.0,0.002003324020758058,0.39,27/41,23.04%,IFI30;CD207;NCF2;TAP2;NCF1;CLEC4A;FCER1G;NCF4;CYBB;TAP1;CD36;SNAP23;B2M;PSMF1;CYBA;PSMD5;HLA-C;PSMB2;PSMA2;PSMA8;TAPBP;PSMB4;SEC22B;HLA-A;VAMP3;HLA-B;PSMD9
prerank,GO_Biological_Process_2021::negative regulation of peptidase activity (GO:0010466),0.5969018862658961,1.916029741766183,0.0,0.002123872069970888,0.4085,35/52,21.00%,SERPINB8;SERPINB13;ECM1;CST7;TIMP3;SERPINB10;SERPINF1;KNG1;CSTA;CST3;SERPINB2;SERPINF2;SERPINB3;TIMP4;SPOCK2;HRG;NLRP7;SERPINH1;SERPINB4;EPPIN;AHSG;SERPINB9;SERPINE2;SERPINB5;VTN;SERPIND1;SERPINB1;SERPINA1;SERPINB6;TIMP2;TIMP1;SERPINA6;CSTB;SERPINA5;SERPINA3
prerank,GO_Biological_Process_2021::epoxygenase P450 pathway (GO:0019373),0.7701714815393989,1.914398421563228,0.0023828435266084196,0.0021657036215079317,0.4135,13/15,20.47%,CYP1A1;CYP2B6;CYP2C8;CYP2C9;CYP1A2;CYP1B1;CYP2A6;CYP2A13;CYP2F1;CYP2C18;CYP2A7;CYP2E1;CYP2S1
prerank,"GO_Biological_Process_2021::antigen processing and presentation of exogenous peptide antigen via MHC class I, TAP-dependent (GO:0002479)",0.6351573227935845,1.9139666111102622,0.0,0.002183624637367421,0.416,24/37,23.04%,CD207;NCF2;TAP2;NCF1;NCF4;CYBB;TAP1;CD36;SNAP23;B2M;PSMF1;CYBA;PSMD5;HLA-C;PSMB2;PSMA2;PSMA8;TAPBP;PSMB4;SEC22B;HLA-A;VAMP3;HLA-B;PSMD9
prerank,GO_Biological_Process_2021::positive regulation of endothelial cell proliferation (GO:0001938),0.6139983920018255,1.9128022497159776,0.0,0.002214877820952743,0.421,26/42,22.13%,ZNF580;ECM1;MYDGF;ANG;CCL26;GATA2;HIF1A;VASH2;APELA;EGR3;HMOX1;EGF;BMP4;AGGF1;PRKD2;STAT5A;PLCG1;CCL24;FGFBP1;NRARP;BMP2;VIP;ARNT;NR4A1;APLN;EMC10
prerank,GO_Biological_Process_2021::post-Golgi vesicle-mediated transport (GO:0006892),0.5566604851735268,1.9126750660986245,0.0,0.002214073996717503,0.423,54/82,30.12%,SORCS1;AP1S3;SCAMP2;TXNDC5;SNAP23;EXOC6;AP4M1;FTL;AP1M2;CCDC93;MYO1B;OSBPL5;AP1G2;AP1B1;FTH1;ACBD3;RP2;DTNBP1;COMMD1;CLTC;EPS15;SORL1;KIF16B;AP2A1;CCDC22;BLOC1S4;SH3D19;EXOC2;STX4;BLOC1S6;AP1M1;SCAMP3;CLINT1;SH3GL2;AP4S1;AP1S1;NAPA;ARL3;CHMP2A;VAMP7;RAB10;ARRB1;SORT1;RAB14;EXOC8;AP1S2;AP4B1;STXBP6;EXOC6B;SCFD1;BLOC1S3;RABIF;ARF1;EXOC4
prerank,GO_Biological_Process_2021::negative regulation of NF-kappaB transcription factor activity (GO:0032088),0.5657075044628396,1.9125999192382013,0.0,0.002208264413680921,0.423,36/67,23.07%,TMIGD3;CMKLR1;ANXA4;COMMD6;PTGIS;TMSB4X;AIM2;GFI1;FOXP3;NFKBIL1;IRAK2;FOXJ1;COMMD7;DAP;CYP1B1;NLRP12;ARRB2;TNFAIP3;NLRC3;SPI1;PKHD1;COMMD1;IRAK3;PRMT2;PYDC1;ZC3H12A;BMP7;RWDD3;PYCARD;TRAF3;CCDC22;CARD8;G3BP2;CHP1;KLF4;ADORA3
prerank,GO_Biological_Process_2021::positive regulation of wound healing (GO:0090303),0.6706865642366306,1.912581047315855,0.0,0.0022024939524156284,0.423,14/27,13.92%,SMOC2;DUOX1;CLEC7A;THBS1;DMTN;DUOX2;FERMT1;OCLN;FERMT2;FOXC2;APOH;VTN;ANXA1;XBP1
prerank,GO_Biological_Process_2021::regulation of MAPK cascade (GO:0043408),0.5425791534957285,1.9122360088267754,0.0,0.002210035706806862,0.4255,47/95,21.47%,TMEM106A;LBH;PAGE4;GDF15;MYDGF;MYOC;LILRB4;ABCA7;LAPTM5;LILRA5;CAV3;TGFBR3;ALOX12B;LEP;PTPN6;SHC1;RRAS;PAK1;NEK10;LIF;CAV1;PAK3;EGF;GPR37L1;ATP6AP2;OSM;PAK6;CEACAM1;CD24;FAS;PLCG2;FGF10;IAPP;ARHGEF5;SOX2;DUSP1;PKHD1;IL11;FCRL3;TAOK2;RASGRP1;TRIM5;TAOK3;TRAF7;BMP2;THPO;STK4
prerank,GO_Biological_Process_2021::positive regulation of fat cell differentiation (GO:0045600),0.6097326860785087,1.9120550199412645,0.0,0.002210912467283916,0.4265,28/44,23.13%,METRNL;AAMDC;CCDC71L;ADIRF;WDFY2;MEDAG;CMKLR1;RARRES2;LPL;SYAP1;ZNF385A;CREBL2;FRZB;SFRP2;ZFP36L1;XBP1;CEBPB;CDS1;SULT1E1;LRP5;ZC3H12A;BMP7;BMP2;ID2;HNRNPU;LMO3;ZFP36;NOCT
prerank,GO_Biological_Process_2021::regulation of focal adhesion assembly (GO:0051893),0.6082830688991037,1.9112880992913641,0.0,0.002243097752490774,0.4315,24/43,20.63%,FAM107A;MYOC;VCL;THY1;THBS1;DMTN;PPM1F;HRG;LIMCH1;COL16A1;CORO1C;FERMT2;LIMS1;PTEN;ARHGAP6;DLC1;LDB1;APOD;CAMSAP3;RHOA;S100A10;PHLDB2;EFNA5;DAPK3
prerank,GO_Biological_Process_2021::regulation of glucose import (GO:0046324),0.7008614540360582,1.9111646399987523,0.0007251631617113851,0.002242216197404615,0.433,16/22,22.68%,PID1;ITLN1;ADIPOQ;ENPP1;SORBS1;LEP;OCLN;CREBL2;PLA2G1B;OSBPL8;RHOQ;FGF19;CAPN10;IRS2;CLTCL1;PRKAG2
prerank,GO_Biological_Process_2021::negative regulation of NIK/NF-kappaB signaling (GO:1901223),0.7329927278381915,1.910637913758319,0.0,0.0022642614203337587,0.438,11/18,18.72%,C1QTNF3;TSPAN6;UACA;CPNE1;TMSB4X;NLRP12;NLRC3;SPI1;IFI35;ZC3H12A;BMP7
prerank,GO_Biological_Process_2021::tRNA 5'-end processing (GO:0099116),-0.6667474776472458,-1.9088912521500419,0.0,0.0072504879949571565,0.7685,8/14,18.51%,RPP25;RPP38;RPP14;POP7;RPP30;POP1;POP4;POP5
prerank,GO_Biological_Process_2021::regulation of T cell migration (GO:2000404),0.7643343741854951,1.9086005109723023,0.0,0.0023302199100521787,0.4505,13/15,20.16%,CCL21;CCL5;AIF1;LRCH1;DOCK8;CCL20;CCR6;SPN;AIRE;APOD;CD200R1;RHOA;PYCARD
prerank,GO_Biological_Process_2021::membrane depolarization during action potential (GO:0086010),-0.7032634844530784,-1.908553813228063,0.005412719891745603,0.007256275268597197,0.77,7/12,10.61%,SCN2B;HCN2;SCN3B;HCN4;SCN1B;SCN2A;KCNJ2
prerank,GO_Biological_Process_2021::aortic valve morphogenesis (GO:0003180),0.6891451937970356,1.9083604128094116,0.0007524454477050414,0.002332313346227452,0.452,15/23,20.81%,EMILIN1;TWIST1;SMAD6;SNAI2;ROBO2;GATA4;SLIT3;NKX2-5;HEYL;BMP4;SLIT2;GATA3;ROBO1;SOX9;JAG1
prerank,GO_Biological_Process_2021::histone H3 acetylation (GO:0043966),-0.5110206875604244,-1.9077259091643013,0.0,0.007276098625557407,0.772,20/39,26.08%,YEATS2;TAF5L;BRD1;JADE2;TADA2A;SUPT7L;TAF6L;BRPF3;JADE1;JADE3;KAT7;TADA1;KAT6A;BRPF1;KAT6B;NAA60;ING5;TAF10;SGF29;ING4
prerank,GO_Biological_Process_2021::chromosome organization (GO:0051276),-0.42797165783540053,-1.9071957671566693,0.0,0.007293763331406364,0.7735,30/81,14.46%,CENPH;CENPT;NUF2;LRWD1;MSH6;LIG4;CENPW;HMGN4;PADI2;VCX;MSH3;UBA52;UBC;RFWD3;NUP133;BAHD1;EHMT1;DOT1L;NDC80;MSH2;XPA;CDAN1;PHF19;XPC;SUV39H1;GPS1;L3MBTL1;DDB2;GATAD1;HMG20A
prerank,GO_Biological_Process_2021::response to amino acid starvation (GO:1990928),0.5740458409404765,1.9071898623709886,0.0,0.0023635729681393013,0.457,43/63,27.13%,ATP6V1G3;ATP6V1C2;ATP6V1B1;ATP6V1E2;ATP6V0D2;TCIRG1;ATP6V1H;ATP6V1B2;ATP6V1D;DEPDC5;ATP6V1G2;DAP;ATP6V1C1;ATP6V1A;LAMTOR3;ATP6V1F;ATP6V1E1;ATP6V0E2;EIF2AK2;CEBPB;FAS;RRAGB;ATP6V0E1;EIF2AK3;ATP6V0D1;SESN1;MIOS;ATP6V0C;CDKN1A;ATP6V0B;ATP6V1G1;TFEB;RRAGA;NPRL3;RNF152;SEC13;RHEB;ITFG2;SH3GLB1;LAMTOR2;SLC38A9;NPRL2;LAMTOR5
prerank,GO_Biological_Process_2021::negative regulation of coagulation (GO:0050819),0.7981757254018678,1.9070277406237413,0.0,0.00236069629913776,0.457,11/12,18.84%,ADTRP;PROC;KNG1;EDN1;CD34;APOH;SERPINE2;VTN;THBD;PROCR;APOE
prerank,GO_Biological_Process_2021::supramolecular fiber organization (GO:0097435),0.4929162567829858,1.90683029954411,0.0,0.002372333278667183,0.4575,150/280,23.87%,ARHGAP25;MAP7D3;EMP2;EMILIN1;LUM;DES;MFAP4;DPT;FBLN5;ADAMTS2;LOXL1;LYZ;EFEMP2;TCHH;MYH11;LMOD1;CALB1;COL10A1;TPM2;LTBP2;COL14A1;CORO1A;P3H4;ACTC1;CORO6;AVIL;MYO1G;SAMD14;COL12A1;EVL;P4HA3;SHROOM4;DBN1;TMOD4;LOX;P3H1;P4HA2;ADAMTS3;TNXB;CST3;BMP1;TGFBI;LOXL4;SERPINF2;RAC3;LTF;COL8A1;SAA1;HSPG2;SERPINH1;COL9A1;MYO5C;RND3;RHOH;TPM1;COL16A1;STMN3;MYO1F;COL13A1;PLOD2;ITM2B;MYO1C;COL26A1;CD2AP;RHOD;CRTAP;COLGALT1;CD151;ITGA6;SH3BP1;CD36;COL27A1;CORO1C;CYP1B1;TSPAN14;RAC2;APOA1;TPPP3;PXDN;SNCAIP;SHROOM3;MYO7A;COL17A1;PLA2G1B;LOXL3;HOOK1;PRL;P4HA1;RHOF;DSP;GGA2;COL8A2;MYO1B;TMOD3;COL9A3;FGF13;P3H2;B2M;SHROOM1;FURIN;GGA1;MYO5B;MYO1A;IAPP;TSPAN33;FLII;XIRP1;CEP126;CGNL1;SPTA1;CORO1B;GFAP;MYO15A;PLEC;PLOD1;CAMSAP3;ACTN1;RHOA;ARHGAP12;COL22A1;PGM5;LTBP3;RHOC;GSN;COL21A1;RND1;UBB;PPP1R9B;COL9A2;SORL1;RHOG;PLK3;UBE2L6;CDC42;TUBGCP5;ATP7A;CHP1;ALDOA;PPIB;NEFL;BCAR1;STMN2;TMOD1;KLHL41;ELMO1;ELMO3;ITGB4;TLL2;ADAM10;MYO6
prerank,GO_Biological_Process_2021::regulation of epithelial cell differentiation (GO:0030856),0.7372486042790216,1.9059499669024758,0.0007980845969672786,0.0024111850703558853,0.4625,14/17,19.65%,OSR1;APOLD1;ALOX15B;PRKX;CAV1;CEACAM1;CD24;CEBPB;GATA3;MAFF;KLF7;AJAP1;SOX9;MAFG
prerank,GO_Biological_Process_2021::regulation of cytokine-mediated signaling pathway (GO:0001959),0.5942902479067054,1.905457890372593,0.0,0.0024241834566413353,0.466,35/51,27.15%,ELF1;SPPL2A;RNASEL;USP18;IL7;PTPN6;IRAK2;IL36RN;SPHK1;CD24;TNFAIP3;SPPL2B;TRAF1;IRAK3;LIFR;IL3;RUNX1;PTPN1;SOCS1;ZBP1;TRAF2;PYCARD;STAT1;PTPN2;SPATA2;SIGIRR;CDC37;FADD;CBFB;HIPK1;RNF31;CYLD;IKBKG;SOCS3;TRADD
prerank,GO_Biological_Process_2021::positive regulation of cilium assembly (GO:0045724),-0.6490886337544292,-1.9041149759117117,0.001364256480218281,0.0075188729381369885,0.784,9/15,17.31%,ZMYND10;FUZ;TAPT1;MARK4;KCTD17;CCP110;WRAP73;CEP120;CEP135
prerank,GO_Biological_Process_2021::positive regulation of interferon-gamma production (GO:0032729),0.6199165696000909,1.9011685837523613,0.0,0.0026109485583376054,0.491,28/35,26.49%,SLC11A1;PTPN22;LILRB1;HLA-DPB1;CLEC7A;HLA-DPA1;SLAMF6;CEBPG;IL23R;CD226;F2RL1;IL12RB1;RASGRP1;BTN3A2;HSPD1;EBI3;LGALS9;IL12RB2;IFNL1;TXK;PYCARD;SLC7A5;ISG15;HLA-A;FADD;IL27;CD244;BTN3A1
prerank,GO_Biological_Process_2021::cellular divalent inorganic cation homeostasis (GO:0072503),0.5399384531866672,1.9005548050927297,0.0,0.002632760012940685,0.496,50/91,22.83%,SLC11A1;MT1A;MT1G;TMEM203;MT1M;ATP13A1;STC1;CALCB;CCL5;MT1H;TMEM165;CCL19;CDH5;ATP13A3;CCL8;CCL14;CCL7;CCL13;EDN1;CCL15;CCL1;MT2A;SLC24A1;SLC39A14;CCL23;CAV1;MT1F;MT1HL1;TPT1;CSRP3;MT1E;MT1X;SLC24A4;EDN2;SLC8A3;NPTN;PKHD1;SLC39A5;CCL3;DRD4;DMPK;EDN3;RMDN3;ATP2C2;RYR2;STC2;SLC8A1;ATP2C1;VAPB;ANK2
prerank,GO_Biological_Process_2021::hydrogen peroxide catabolic process (GO:0042744),0.7326222432678373,1.898675691460965,0.0,0.002730498945586958,0.509,15/16,26.74%,GPX1;GPX3;HBZ;PXDNL;HBG2;PXDN;HBE1;PRDX3;HBQ1;PRDX2;PRDX1;PRDX4;PRDX5;HBD;CAT
prerank,GO_Biological_Process_2021::osteoclast differentiation (GO:0030316),0.7568474643562766,1.8980731977626961,0.000782472613458529,0.0027454703907075695,0.5125,9/15,11.19%,DCSTAMP;OSCAR;OCSTAMP;SNX10;TNFRSF11A;SBNO2;TREM2;TYROBP;OSTM1
prerank,GO_Biological_Process_2021::sprouting angiogenesis (GO:0002040),0.6626926920098709,1.8980599891326748,0.0,0.002736726854431431,0.5125,18/28,21.71%,ADTRP;RECK;ESM1;PARVA;THBS1;CCBE1;EGR3;BMP4;SLIT2;ADGRA2;TDGF1;RNF213;BMPER;ROBO1;GPLD1;YJEFN3;NRARP;NR4A1
prerank,GO_Biological_Process_2021::triglyceride homeostasis (GO:0070328),0.6972021475952207,1.8974550526121572,0.0,0.002761001327197279,0.5165,15/21,23.14%,C1QTNF3;APOA5;CETP;APOC2;LPL;LIPC;ANGPTL8;APOA1;ANGPTL4;XBP1;GPIHBP1;APOE;SCARB1;DGAT2;MLXIPL
prerank,GO_Biological_Process_2021::endothelial cell development (GO:0001885),0.7125926140506194,1.8970641720364856,0.0,0.002771040085701942,0.5195,15/19,25.25%,ROBO4;MYADM;STC1;SOX18;GSTM3;RAP1B;F2RL1;PECAM1;COL22A1;TNMD;MARVELD2;EZR;RDX;RAPGEF1;MSN
prerank,GO_Biological_Process_2021::long-chain fatty acid biosynthetic process (GO:0042759),0.678616196638604,1.8969825729444807,0.001422475106685633,0.0027638583738160975,0.52,18/24,20.35%,LTC4S;ASAH2B;CYP1A1;CYP2C8;HPGD;CYP2C9;ALOX12B;GSTM1;GSTM2;ALOX15B;ALOX15;CYP1A2;ALOX12;ACSBG2;CYP2D6;CYP2E1;GSTM4;ASAH2
prerank,GO_Biological_Process_2021::regulation of muscle contraction (GO:0006937),0.6962326293204147,1.8949139955908396,0.0007380073800738007,0.002854676412718909,0.53,17/21,22.06%,CNN1;ANXA6;MYL3;MYLK2;TNNI1;TNNT3;TPM1;TNNC2;MYL9;CAV1;TNNT1;MYBPH;PPP1R12B;KCNB2;DAPK3;PLCE1;MYL5
prerank,GO_Biological_Process_2021::positive regulation of viral transcription (GO:0050434),-0.5596793300292797,-1.8937703724774424,0.001589825119236884,0.008292982190727237,0.817,12/24,16.93%,NELFB;CTDP1;POLR2C;NELFCD;POLR2B;GTF2F2;NELFA;CCNT1;NELFE;GTF2F1;DHX9;RSF1
prerank,GO_Biological_Process_2021::lipoxygenase pathway (GO:0019372),0.7945228239500371,1.8935295880662015,0.0,0.0029061760455871243,0.5365,9/12,17.62%,GPX1;LTC4S;HPGD;ALOX12B;ALOX15B;PON1;ALOX15;ALOX12;PON3
prerank,GO_Biological_Process_2021::pseudouridine synthesis (GO:0001522),-0.6764265568421157,-1.8931735902955316,0.004010695187165776,0.008308496666027326,0.819,7/13,11.79%,TRUB2;PUS10;PUSL1;RPUSD2;TRUB1;PUS1;GAR1
prerank,GO_Biological_Process_2021::negative regulation of T cell proliferation (GO:0042130),0.6628289691762013,1.8930437680785208,0.0,0.002924906350200934,0.5395,14/25,18.61%,LILRB2;LILRB4;VSIG4;LILRB1;FOXP3;BTN2A2;PLA2G2D;ARG1;IL4I1;PLA2G2F;SPN;CEBPB;SFTPD;LGALS9
prerank,GO_Biological_Process_2021::negative regulation of lymphocyte activation (GO:0051250),0.7196754098313491,1.8923257146903814,0.0,0.002962003596887774,0.5435,13/17,19.71%,SAMSN1;LST1;PIBF1;PTPN22;TNFAIP8L2;LAPTM5;FGL1;FOXJ1;IL4I1;TNFAIP3;BANK1;PAG1;MICA
prerank,GO_Biological_Process_2021::postreplication repair (GO:0006301),-0.4978887143733406,-1.8894678639471691,0.0,0.008607997136750896,0.835,20/39,19.34%,RFC2;RPA3;RFC1;RPA1;UBA52;SPRTN;UBC;POLK;RPA2;POLH;MSH2;RFC4;RFC5;RFC3;POLI;POLN;FAAP20;UBE2V1;REV1;PCNA
prerank,GO_Biological_Process_2021::epithelial structure maintenance (GO:0010669),-0.6803076736919658,-1.8894494498147418,0.0013089005235602095,0.008575016304809321,0.835,6/13,9.19%,MUC13;TFF2;MUC6;MUC4;PIWIL4;TFF1
prerank,GO_Biological_Process_2021::lipid translocation (GO:0034204),-0.5984336810100223,-1.8891190484645144,0.002857142857142857,0.008565781951152512,0.8355,12/20,13.40%,ATP10B;ATP10D;ABCB4;ATP8B3;ATP8B2;ATP8A1;ABCA4;ATP11A;ATP8B1;ATP11B;RFT1;ATP8A2
prerank,GO_Biological_Process_2021::telomere maintenance via telomerase (GO:0007004),-0.5652803522820705,-1.8888937778605421,0.0,0.008516434147600158,0.8365,12/24,21.59%,RFC1;RPA1;RAD50;POT1;PINX1;TELO2;TERF2;PIF1;GAR1;ACD;TERF2IP;SHQ1
prerank,GO_Biological_Process_2021::RNA-dependent DNA biosynthetic process (GO:0006278),-0.5652803522820705,-1.8888937778605421,0.0,0.008516434147600158,0.8365,12/24,21.59%,RFC1;RPA1;RAD50;POT1;PINX1;TELO2;TERF2;PIF1;GAR1;ACD;TERF2IP;SHQ1
prerank,GO_Biological_Process_2021::plasma membrane organization (GO:0007009),0.5842593392937974,1.8883444259649662,0.0,0.0031386027396446315,0.5675,29/53,23.66%,PLSCR4;AHNAK2;A4GALT;ANXA6;TRIM72;ABCA7;FER1L5;DYSF;CAV3;ARV1;TLCD2;EHD2;MYOF;MYH9;CLN3;SERP1;PLSCR1;BIN2;FNBP1L;ANO6;SYT7;RAB3A;ARL8B;SNX9;STX4;SYTL4;CHMP4A;ANK2;SPTBN1
prerank,GO_Biological_Process_2021::regulation of DNA-dependent DNA replication (GO:0090329),-0.7063304797873986,-1.8882664439038277,0.0012987012987012987,0.008542368505974547,0.8375,8/12,11.35%,WDR18;TICRR;GMNN;WRNIP1;TIPIN;BLM;NBN;KAT7
prerank,GO_Biological_Process_2021::response to cadmium ion (GO:0046686),0.687567532889335,1.8879123538205151,0.0,0.0031595010232921233,0.5705,12/21,17.34%,MT1A;MT1G;MT1M;MT1H;NCF1;JUN;MT2A;MT1F;MT1HL1;MT1E;MT1X;FOS
prerank,GO_Biological_Process_2021::regulation of B cell activation (GO:0050864),0.7098670323684249,1.8869950805033038,0.0007710100231303007,0.0031879005122548965,0.572,13/18,21.98%,SAMSN1;THEMIS2;SLAMF8;LAPTM5;IGLL5;FOXJ1;ZFP36L1;IL4I1;TNFAIP3;FCRL3;BANK1;TNIP2;SH3KBP1
prerank,GO_Biological_Process_2021::regulation of membrane protein ectodomain proteolysis (GO:0051043),0.7424817057117061,1.8859112417076882,0.0007968127490039841,0.00322525331053893,0.578,12/16,21.63%,TIMP3;TIMP4;ADAM8;PTPN3;TNFRSF1B;FURIN;TIMP2;TIMP1;APOE;GPLD1;SNX9;SH3D19
prerank,GO_Biological_Process_2021::ephrin receptor signaling pathway (GO:0048013),0.5920924002939006,1.8854911220968253,0.0,0.003235076725023657,0.581,36/50,28.60%,VAV2;SDC2;DNM1;PAK1;KALRN;PAK3;AP2A2;NCK2;ITSN1;VAV3;ACTR2;RHOA;EFNB3;ARHGEF28;CDK5R1;EFNA5;WASL;AP2B1;NGEF;SDCBP;AP2S1;CDC42;AP2A1;ARPC1B;EFNB1;ARPC2;EFNA3;CRK;ACTR3;ACTG1;ANKS1A;NCSTN;GIT1;ARPC4;ARPC3;RASA1
prerank,GO_Biological_Process_2021::negative regulation of T cell mediated immunity (GO:0002710),0.8190330573429676,1.885396637477579,0.0008525149190110827,0.0032297196471296023,0.582,8/10,13.83%,LILRB4;LILRB1;KLRD1;FOXP3;XCL1;IL4I1;HFE;CEACAM1
prerank,GO_Biological_Process_2021::toll-like receptor 4 signaling pathway (GO:0034142),0.7857958184627695,1.8852305044790179,0.000784313725490196,0.00322741009664886,0.5835,10/12,18.61%,TRIL;S100A14;LBP;OAS1;SCIMP;TICAM2;TIRAP;TNIP3;PIK3AP1;LGALS9
prerank,GO_Biological_Process_2021::positive regulation of lymphocyte activation (GO:0051251),0.6991125046049064,1.8850573843267848,0.0014716703458425313,0.0032296231338721573,0.585,15/20,21.98%,SIRPG;SIRPB1;HLA-DPB1;THY1;CLEC7A;HLA-DPA1;IGLL5;NCKAP1L;TYROBP;FGF10;SIRPA;HSPD1;PYCARD;TNIP2;SH3KBP1
prerank,GO_Biological_Process_2021::negative regulation of cell migration (GO:0030336),0.5206830751062186,1.8848869151126042,0.0,0.0032288261683371977,0.586,55/122,21.32%,PODN;MCTP1;SRGAP2B;ADTRP;TMIGD3;MAPK15;IGFBP5;ARHGDIB;VCL;STC1;RECK;EVL;TP53INP1;ADIPOQ;CLDN5;THY1;LIMCH1;IGFBP3;TPM1;IFITM1;HYAL2;PTPRR;FOXO3;ALOX15B;SULF1;TRIB1;CHRD;HMOX1;GJA1;ARHGAP4;CORO1C;CYP1B1;DPYSL3;TNN;RAP2B;ATP1B2;SFRP2;SLIT2;BST2;PTPRG;PTEN;RAP2C;DLC1;CDH1;TBX5;TIMP1;ROBO1;PHLDB2;ARPIN;DUSP10;HAS1;JAG1;MITF;PTPRT;ADGRG1
prerank,GO_Biological_Process_2021::positive regulation of transcription initiation from RNA polymerase II promoter (GO:0060261),-0.6301720406751445,-1.8842604827500906,0.002902757619738752,0.00887858848293346,0.849,8/16,11.06%,MED1;PAXIP1;MED14;MED16;MED24;MED13;HNF1B;MED17
prerank,GO_Biological_Process_2021::positive regulation of smooth muscle cell proliferation (GO:0048661),0.6714061054375388,1.8826200311621972,0.0,0.0033579918894712174,0.5965,17/25,20.56%,IGFBP5;CCL5;NR4A3;THBS1;SERPINF2;ADAMTS1;JUN;AIF1;EDN1;HMOX1;GJA1;PHB;BMP4;RBPMS2;FGF9;ID2;STAT1
prerank,GO_Biological_Process_2021::positive regulation of interleukin-10 production (GO:0032733),0.77600332709503,1.8820469941333897,0.0007974481658692185,0.0033731950346960527,0.5995,13/13,22.44%,PIBF1;LILRA5;CLEC7A;IRF4;CD34;XCL1;CD46;PLCG2;F2RL1;HSPD1;LGALS9;PYCARD;ISG15
prerank,GO_Biological_Process_2021::regulation of cell adhesion mediated by integrin (GO:0033628),0.7237605079216436,1.8820138453400428,0.0007541478129713424,0.003366034913978583,0.5995,10/17,12.54%,CCL21;RAC3;HRG;SNAI2;NCKAP1L;TESC;LIF;CYP1B1;FOXC2;SFRP2
prerank,GO_Biological_Process_2021::regulation of mitochondrial translation (GO:0070129),-0.5944365027447789,-1.8813378804209835,0.004573170731707317,0.009083567658463656,0.854,10/20,12.06%,TSFM;MTG2;RPUSD4;NGRN;TRUB2;RPUSD3;MALSU1;MTG1;MRPS27;FASTKD3
prerank,GO_Biological_Process_2021::negative regulation of interleukin-1 beta production (GO:0032691),0.708603959601831,1.8806199859046642,0.0,0.0034492191128200275,0.609,15/18,21.45%,CARD17;CARD18;LILRB4;NLRP7;MEFV;CX3CR1;CARD16;APOA1;GHRL;TNFAIP3;SERPINB1;PYDC1;ZC3H12A;CARD8;FFAR4
prerank,GO_Biological_Process_2021::myeloid dendritic cell activation (GO:0001773),0.7987274919948434,1.8801275588506168,0.0,0.003462537857815273,0.6115,11/11,20.16%,DCSTAMP;BATF;BATF2;BATF3;DHRS2;TGFBR2;UBD;SLAMF1;DOCK2;CAMK4;PYCARD
prerank,GO_Biological_Process_2021::sulfur compound biosynthetic process (GO:0044272),0.5261423600344582,1.8799646368068281,0.0,0.0034551757654877834,0.612,54/107,21.72%,LUM;DCN;PRELP;OGN;OMD;FMOD;KERA;HPGDS;GGT6;VCAN;ACAN;DSE;GGT5;BGN;CHAC2;CHAC1;GSTM1;PAPSS2;GSTM5;GSTM2;GSTA2;NCAN;CHST14;CSPG4;GSTA1;GSTA3;GGT7;GSTM3;CHST13;CTH;BCAN;ST3GAL3;GSTO2;GGTLC3;MGST1;CHST1;CHST11;UGDH;CHST15;CHST12;GSTT2B;CDO1;GGT2;CSGALNACT1;GGT1;GSS;MGST2;CSPG5;GSTM4;ST3GAL1;UST;GSTA4;SLC26A2;GCLM
prerank,GO_Biological_Process_2021::response to lipid (GO:0033993),0.5454873805399512,1.8796478079232883,0.0006112469437652812,0.0034625290985714117,0.612,40/76,19.99%,SLC11A1;S100A14;LBP;PTPN22;S100A8;TNFRSF11A;S100A7;GPX3;BGLAP;GGT5;GH1;SMAD6;SLPI;RBP4;FOXO1;FOXO3;ALPL;TIRAP;TRIB1;TMEM161A;S100A9;CTSH;CD36;GGT7;ANXA1;GCH1;GATA6;IL23R;SOCS2;RARG;MAPKAPK3;IRAK3;PRDX3;MICB;GGT2;LGALS9;SOX9;GGT1;CYP27B1;STAT5B
prerank,GO_Biological_Process_2021::plasma membrane bounded cell projection assembly (GO:0120031),-0.37192871003130945,-1.8793566681988891,0.0,0.009231509410496413,0.859,88/247,13.84%,DNAH5;CFAP70;CFAP43;DNAI2;DNAAF1;CFAP44;CFAP54;CCDC65;MAK;SPAG16;CCDC113;TEKT4;WDPCP;CCDC96;ABLIM2;KIF27;CFAP221;TMEM17;ARL6;INTU;B9D2;KIF3B;LZTFL1;HYLS1;TCTN1;KIAA0586;IFT81;CEP41;BBS7;MKS1;KIF24;TMEM237;CCDC28B;CEP164;TTC8;B9D1;TTBK2;TCTN3;IFT46;FUZ;CC2D2A;ARL13B;CEP83;BBS2;TEKT1;GALNT11;IFT43;RPGR;TMEM231;IFT52;STK36;CEP131;CEP290;TEKT2;WDR19;CENPJ;CEP89;KIF3A;CEP162;BBIP1;TCTN2;AHI1;CLUAP1;CCNO;IFT88;PTPN23;TMEM138;FAM149B1;CDC14A;MINK1;BBS5;POC1B;IFT74;IQCB1;TMEM216;TEKT3;CEP250;IFT20;HSPB11;INPP5E;RAB23;PCM1;SCLT1;TMEM67;RFX2;VSTM5;IFT172;DNM3
prerank,GO_Biological_Process_2021::cation transport (GO:0006812),-0.40078990373261014,-1.878615610294619,0.0,0.009254399855501309,0.8605,34/126,10.76%,CHRNB1;SLC6A17;SLC9B2;SCNN1D;KCND3;SLC17A3;KCNJ16;KCNJ10;PKD2L1;SLC22A16;CATSPER3;KCNK4;CATSPER4;KCNJ15;PIEZO2;ATP10D;SCN3B;HCN4;TRPM1;SLC29A4;PIEZO1;TRPM5;SCN2A;SLC22A1;SLC22A4;CALHM1;SLC12A2;KCNMB4;KCNK7;KCNH1;PKD1L3;KCNIP2;KCNJ2;PANX2
prerank,GO_Biological_Process_2021::natural killer cell mediated immunity (GO:0002228),0.7318769599360828,1.8786126224156992,0.0007849293563579278,0.0035049469031437214,0.6165,13/16,22.21%,ULBP1;KIR3DL1;KLRC2;KLRD1;KLRK1;ULBP2;ULBP3;GZMB;CEBPG;ARL8B;MICA;LYST;CLEC2A
prerank,GO_Biological_Process_2021::sodium ion import across plasma membrane (GO:0098719),-0.6445927505180387,-1.8774360779206307,0.0013458950201884253,0.009345516471062376,0.865,8/15,7.20%,SLC9A6;SLC9A7;HCN2;SLC9A2;SLC9A5;HCN4;SLC6A1;SLC12A2
prerank,"GO_Biological_Process_2021::synaptic transmission, glutamatergic (GO:0035249)",-0.658157064039095,-1.877049213423535,0.001336898395721925,0.009350781455972734,0.8655,6/14,13.46%,GRIK5;GRIK1;GRID2;GRID1;UNC13C;GRIK2
prerank,GO_Biological_Process_2021::presynapse assembly (GO:0099054),-0.6216846607216524,-1.8762997976041211,0.002857142857142857,0.009406927342483502,0.869,7/17,11.24%,NLGN3;PTPRD;NLGN4X;NLGN2;WNT7A;IL1RAPL1;BSN
prerank,GO_Biological_Process_2021::negative regulation of cysteine-type endopeptidase activity (GO:2000117),0.6163218448834149,1.8759816383314394,0.0,0.0036623373342768097,0.636,20/35,22.79%,GPX1;CST7;CARD18;LAMP3;THBS1;LTF;CAST;CARD16;AQP1;NAIP;IFI6;TRIAP1;SFN;ARL6IP1;YWHAE;XIAP;CARD8;KLF4;NGFR;AVP
prerank,GO_Biological_Process_2021::regulation of chemotaxis (GO:0050920),0.6719931744458548,1.8757076418191756,0.001451378809869376,0.0036690164862779686,0.6375,16/23,21.83%,ZSWIM6;RARRES2;ZSWIM4;CCL21;CCL26;THBS1;CCL19;PPM1F;AIF1;TREM2;STX3;F2RL1;ADGRA2;GPR183;PTPN2;STX4
prerank,GO_Biological_Process_2021::positive regulation of glucose transmembrane transport (GO:0010828),0.7288853113351658,1.8748825355961032,0.0007639419404125286,0.0037017558002087557,0.6405,13/17,20.51%,ITLN1;ADIPOQ;NR4A3;GH1;SORBS1;OCLN;CREBL2;OSBPL8;RHOQ;FGF19;CAPN10;IRS2;CLTCL1
prerank,GO_Biological_Process_2021::macrophage activation involved in immune response (GO:0002281),0.8027557965695797,1.8729101488807653,0.0,0.003799361211148765,0.6505,10/11,17.89%,LBP;FER1L5;DYSF;SBNO2;TREM2;TYROBP;CX3CR1;GRN;PLCG2;IFI35
prerank,GO_Biological_Process_2021::regulation of response to biotic stimulus (GO:0002831),0.6870175024407592,1.8728518407927692,0.0,0.003791167373319697,0.6505,14/22,21.92%,PTPN22;HERC5;TREM2;TIRAP;CD36;SAMHD1;GATA6;CD55;RNF135;LRP8;TRIM5;TRAF3;XIAP;DHX58
prerank,GO_Biological_Process_2021::regulation of RNA export from nucleus (GO:0046831),-0.7048726878317805,-1.8717794553658003,0.0012970168612191958,0.009767060479755335,0.881,8/11,15.24%,IWS1;SUPT6H;NSUN2;CPSF6;SETD2;AKAP8L;NRDE2;DHX9
prerank,GO_Biological_Process_2021::dermatan sulfate metabolic process (GO:0030205),0.7701562060801344,1.8712626288132135,0.001594896331738437,0.0038692602585982203,0.659,12/13,21.17%,DCN;VCAN;DSE;BGN;NCAN;CHST14;IDUA;CSPG4;BCAN;CHST12;CSPG5;UST
prerank,GO_Biological_Process_2021::vitamin transport (GO:0051180),0.652022520857337,1.870828723270842,0.00072992700729927,0.0038781091385745995,0.66,20/28,22.82%,SLC2A6;FOLR2;SLC2A14;FOLR3;CUBN;GC;AMN;PDPN;SLC19A2;APOA1;SLC2A10;TCN1;SLC52A1;TCN2;SLC46A1;SLC25A32;SLC23A1;ABCG2;SLC2A8;CD320
prerank,GO_Biological_Process_2021::regulation of integrin-mediated signaling pathway (GO:2001044),0.7832695821264906,1.8707527631879222,0.0008237232289950577,0.0038740457800511075,0.6605,10/12,18.30%,EMP2;LIMS2;PHACTR4;DMTN;CD177;LIMS1;SLC2A10;LOXL3;TIMP1;BST1
prerank,GO_Biological_Process_2021::chondroitin sulfate metabolic process (GO:0030204),0.645554636988054,1.8703695442131645,0.0021008403361344537,0.003898503675345572,0.663,20/30,20.35%,DCN;VCAN;DSE;BGN;HYAL1;NCAN;IDUA;CSPG4;HEXB;HEXA;CHST13;BCAN;NDNF;CHST11;UGDH;CHST15;CHST12;CSGALNACT1;CSPG5;ARSB
prerank,GO_Biological_Process_2021::negative regulation of T cell receptor signaling pathway (GO:0050860),0.7053016859069499,1.8698108880306414,0.0015625,0.003925662602379088,0.6665,11/18,21.22%,LILRB4;PTPN22;LAPTM5;THY1;CD160;GBP1;SH2D1A;CEACAM1;UBASH3A;EZR;PTPN2
prerank,GO_Biological_Process_2021::triglyceride-rich lipoprotein particle remodeling (GO:0034370),0.8119594145043244,1.8695538187484355,0.000847457627118644,0.0039271648205986415,0.669,10/10,18.84%,APOA5;CETP;APOA2;APOC2;LPL;LIPC;LCAT;APOA1;GPIHBP1;APOE
prerank,GO_Biological_Process_2021::Rho protein signal transduction (GO:0007266),0.5843271408311784,1.8692182851499466,0.0,0.003939959881408692,0.67,33/49,26.53%,PHACTR4;ARHGDIB;ARHGAP29;WAS;CTNNAL1;PDPN;EPS8L1;CDC42EP5;RHOJ;RHOD;EPS8L2;ARHGAP4;PLEKHG5;CDC42EP3;ARHGEF1;ARHGAP6;CDC42EP4;GNA13;CNKSR1;RHOA;CFL1;EPS8;LIMK1;RHOG;CDC42;ADGRG1;NGFR;MYO9B;ARHGEF3;RHOB;NTN1;CELSR1;RHOV
prerank,GO_Biological_Process_2021::superoxide anion generation (GO:0042554),0.830172987358616,1.8683134147827187,0.0008503401360544217,0.003987898376194843,0.6745,10/10,17.02%,NOX5;NCF2;DUOX1;NCF1;NCF4;DUOX2;CYBB;NOXA1;ALOX12;CYBA
prerank,MSigDB_Hallmark_2020::TGF-beta Signaling,0.6061080646357657,1.8679653804734995,0.002031144211238998,0.004004662154551632,0.676,29/41,27.66%,ID3;LTBP2;KLF10;THBS1;SMAD6;ID1;SMAD3;RAB31;WWTR1;FURIN;CDH1;RHOA;PPP1CA;TJP1;BMP2;ID2;XIAP;SMAD1;NCOR2;SKIL;PMEPA1;SKI;NOG;SPTBN1;PPP1R15A;SMURF2;TGIF1;JUNB;LEFTY2
prerank,GO_Biological_Process_2021::T cell activation (GO:0042110),0.5739383604748463,1.8679427477273405,0.0006756756756756757,0.003996118847699582,0.6765,32/50,22.33%,TREML2;ZAP70;PTPN22;CD8B;CD8A;CCL21;CD7;CD1C;CLEC7A;CCL19;IL2;CCR7;RHOH;LEP;IRF4;FOXP3;LCP1;LAT;JAML;NCK1;GATA3;NCK2;NLRC3;F2RL1;DDOST;RASGRP1;HSPD1;MICB;MICA;PTPN2;RAB29;JAG2
prerank,GO_Biological_Process_2021::negative regulation of cytokine production involved in immune response (GO:0002719),0.8097886863646684,1.8678933778085074,0.0,0.003987623808117884,0.677,8/10,17.55%,APOA2;LILRB4;LILRB1;FOXP3;XCL1;APOA1;HFE;IRAK3
prerank,GO_Biological_Process_2021::positive regulation of interleukin-17 production (GO:0032740),0.7650594995789919,1.8673472806712081,0.0008123476848090983,0.004013996164385184,0.6805,12/13,20.99%,RFTN1;IL2;CARD9;SLAMF6;CCL1;PHB;OSM;SPHK1;IL23R;MYD88;SLC7A5;LY9
prerank,GO_Biological_Process_2021::negative regulation of catabolic process (GO:0009895),0.6331991444120594,1.867263651512645,0.0007132667617689016,0.00400410976341188,0.6805,20/32,19.97%,ZDHHC7;APOA2;CST3;AGAP2;CIDEA;NUPR1;AZIN2;FBP1;APOC1;CBFA2T3;AZIN1;PHB;ACTN3;FMN2;SNX12;IRAK3;NCOR1;BSCL2;ADGRB1;SNX3
prerank,GO_Biological_Process_2021::long-chain fatty acid metabolic process (GO:0001676),0.562254694619315,1.8671801761646174,0.0,0.0039984336847232104,0.6805,31/67,20.35%,GPX1;ADTRP;AIG1;LTC4S;ASAH2B;CYP1A1;SLC27A3;CYP2C8;HPGD;CYP2C9;CYP4F3;ALOX12B;GSTM2;ALOX15B;ALOX15;CYP1A2;GSTA1;CYP1B1;ALOX12;ACSL4;ACOT2;AWAT1;ACSBG2;CYP2D6;ACADL;ACOT4;PLA2G4B;ACSL6;CYP2E1;GSTM4;ASAH2
prerank,GO_Biological_Process_2021::neutrophil activation (GO:0042119),0.8268428905553524,1.86715960822451,0.0008410428931875525,0.003988645985653842,0.681,8/10,15.69%,DNASE1L3;LILRA2;CCL5;FCER1G;CXCL6;TYROBP;DNASE1;F2RL1
prerank,GO_Biological_Process_2021::response to zinc ion (GO:0010043),0.6526565077543491,1.8666145407959138,0.0007057163020465773,0.004005080811202953,0.683,15/26,18.46%,HVCN1;MT1A;CRIP1;MT1G;MT1M;MT1H;PAM;SLC30A3;MT2A;MT1F;MT1HL1;MT1E;MT1X;SLC30A2;SLC30A4
prerank,GO_Biological_Process_2021::nuclear mRNA surveillance (GO:0071028),-0.7181508387366929,-1.8665585402036722,0.006587615283267457,0.010266847994720784,0.893,8/10,19.62%,EXOSC10;EXOSC9;EXOSC4;EXOSC5;EXOSC7;DXO;EXOSC8;PCID2
prerank,GO_Biological_Process_2021::regulation of macrophage chemotaxis (GO:0010758),0.759956746690301,1.8663395572032966,0.0008156606851549756,0.004014557145806106,0.6845,10/14,15.40%,CMKLR1;RARRES2;SLAMF8;DDT;CCL5;THBS1;C5;IL34;AKIRIN1;STAP1
prerank,GO_Biological_Process_2021::positive regulation of proteolysis involved in cellular protein catabolic process (GO:1903052),0.685737912217609,1.8658362217229665,0.0,0.004033568409096292,0.6875,14/22,21.71%,ECSCR;LAPTM5;CAV3;NUPR1;TREM2;TMTC3;BAG2;PTEN;OSBPL7;PYHIN1;GBA;RNF139;CCDC22;FBXW7
prerank,GO_Biological_Process_2021::negative regulation of interleukin-12 production (GO:0032695),0.8055555555555556,1.8652234062594852,0.0008244023083264633,0.004071596526872301,0.6925,10/10,19.48%,CMKLR1;PIBF1;LILRA5;LILRB1;THBS1;CCR7;MEFV;C1QBP;IRAK3;SLAMF1
prerank,GO_Biological_Process_2021::multivesicular body organization (GO:0036257),0.6399465852371541,1.8634235561654466,0.0007087172218284905,0.004177519450871202,0.703,24/30,30.39%,CHMP4C;RAB27A;CHMP7;VPS37D;CHMP3;VPS36;CHMP2B;CHMP4B;PDCD6IP;VPS37B;CHMP4A;MVB12A;RAB11A;VPS25;CHMP1B;CHMP1A;CHMP6;IST1;CHMP2A;VPS4B;SNF8;VPS28;CHMP5;VPS4A
prerank,GO_Biological_Process_2021::positive regulation of cellular component movement (GO:0051272),0.7153715428317111,1.8630909704607388,0.0,0.0042027180520583934,0.7065,12/17,15.99%,CCDC25;DUOX1;CCL21;CCL19;PDPN;SPOCK2;TWIST1;CCR7;DUOX2;DUOXA2;ETS1;ACTN4
prerank,GO_Biological_Process_2021::female gamete generation (GO:0007292),-0.5512379996200968,-1.862525705600203,0.0031847133757961785,0.010684656492255432,0.906,9/23,9.52%,HORMAD1;GDF9;PIWIL2;MCM8;MCM9;TRIP13;PARN;STRA8;KMT2D
prerank,GO_Biological_Process_2021::regulation of mononuclear cell migration (GO:0071675),0.7510333753142706,1.862445161364966,0.0007763975155279503,0.004227778578718533,0.7095,9/13,15.07%,CMKLR1;RARRES2;STK10;CCL5;THBS1;AIF1;IL34;SLIT2;AKIRIN1
prerank,GO_Biological_Process_2021::lipid oxidation (GO:0034440),0.8215700510422661,1.8606288817405756,0.0016012810248198558,0.00434996853989972,0.7215,6/10,13.22%,ADIPOQ;ALOX12B;ALOX15B;PPARGC1A;ALOX15;ALOX12
prerank,GO_Biological_Process_2021::regulation of insulin-like growth factor receptor signaling pathway (GO:0043567),0.7394222929079899,1.860625404039695,0.0015822784810126582,0.004338115764586641,0.7215,8/15,8.49%,CILP;IGFBP6;IGFBP5;IGFBP4;IGFBP2;GH1;IGFBP1;IGFBP3
prerank,GO_Biological_Process_2021::regulation of T cell mediated cytotoxicity (GO:0001914),0.6741229952841726,1.8603361744296505,0.002297090352220521,0.004349168265509278,0.7225,16/21,24.86%,CD1A;CD1E;LILRB1;CD1C;CD1D;CD1B;KLRD1;HLA-DRA;XCL1;CEACAM1;IL23R;IL12RB1;HLA-A;HLA-B;FADD;RIPK3
prerank,GO_Biological_Process_2021::negative regulation of response to external stimulus (GO:0032102),0.5357451851970572,1.860117605385813,0.0,0.004348101412061051,0.7235,43/85,22.79%,METRNL;C1QTNF3;AOAH;FPR2;LILRA2;TNFAIP8L2;PROC;KLK8;PTGIS;ADIPOQ;LTF;CDH5;SAA1;MEFV;NFKBIL1;TRIB1;CD109;TNFAIP6;VPS35;CARD16;RTN4RL1;APOA1;GHRL;C1QBP;GATA3;PTEN;NLRP12;TNFAIP3;SIRPA;NLRC3;IRAK3;AJAP1;APOE;NR1D1;GBA;PTPN2;CARD8;FFAR4;DHX58;MAPK7;KLF4;CASK;SIGIRR
prerank,GO_Biological_Process_2021::leukocyte cell-cell adhesion (GO:0007159),0.7644855533991785,1.8594805930712701,0.0,0.004384457211066324,0.7295,12/13,21.12%,OLR1;CCL5;CLEC4M;CD209;CD177;CERCAM;VCAM1;F11R;PECAM1;FERMT3;EZR;TNIP1
prerank,GO_Biological_Process_2021::ion transport (GO:0006811),-0.40799527746389574,-1.858842611745582,0.003278688524590164,0.011051114322291382,0.914,28/96,12.28%,CHRNB1;CHRNA2;SLC9A6;SLC9A7;SLC17A3;PKD2L1;SLC9A2;SLC9A5;SLC4A2;SLC9A8;PIEZO2;ATP10D;HCN4;GLRB;SLC25A18;PIEZO1;SLC12A5;LRRC8A;CALHM1;SLC12A2;PKD1L3;SLC12A4;SLC25A22;PANX2;GABRB1;ATP11B;SLC26A6;SLC24A2
prerank,GO_Biological_Process_2021::ribosome assembly (GO:0042255),-0.5133115526438466,-1.858560005301683,0.0019880715705765406,0.011046404131382925,0.915,16/34,10.67%,RRS1;MRPS2;BOP1;VCX;ERAL1;DHX37;BRIX1;MRPS11;DHX29;MDN1;RPF2;NOP2;PPAN;MRPL22;NLE1;MTERF3
prerank,GO_Biological_Process_2021::negative regulation of cellular carbohydrate metabolic process (GO:0010677),0.70662931135507,1.8581304522759368,0.0007446016381236039,0.004472592923008711,0.7365,10/18,18.56%,C1QTNF3;ADIPOQ;GCK;NUPR1;FBP1;CBFA2T3;ACTN3;SOGA1;NCOR1;PLEK
prerank,GO_Biological_Process_2021::ncRNA catabolic process (GO:0034661),-0.5460731819089419,-1.8581280604589536,0.0,0.011039882618212798,0.9155,13/25,13.14%,ZCCHC8;EXOSC10;EXOSC2;EXOSC9;EXOSC4;EXOSC5;DIS3L;EXOSC3;PARN;DIS3L2;EXOSC7;POP1;EXOSC8
prerank,GO_Biological_Process_2021::natural killer cell mediated cytotoxicity (GO:0042267),0.7147853899637244,1.8578091350220882,0.0015408320493066256,0.004477848550722558,0.7375,13/17,22.21%,ULBP1;CORO1A;KIR3DL1;KLRK1;KLRF2;ULBP2;ULBP3;GZMB;CEBPG;ARL8B;MICA;LYST;CLEC2A
prerank,GO_Biological_Process_2021::regulation of cysteine-type endopeptidase activity involved in apoptotic process (GO:0043281),0.5614658816649217,1.857583239256992,0.0,0.004475122581217202,0.739,34/61,22.79%,GPX1;UACA;LAMP3;CLEC7A;THBS1;PPM1F;SOX7;TNFSF10;CARD9;PMAIP1;CARD16;AQP1;MYC;CTSD;NLRP12;NAIP;CYCS;SOX2;ARL6IP5;IFI6;BLID;TRIAP1;SFN;GRAMD4;ARL6IP1;BCL10;PYCARD;YWHAE;NOD1;XIAP;CARD8;KLF4;NGFR;AVP
prerank,GO_Biological_Process_2021::peptidyl-tyrosine phosphorylation (GO:0018108),0.7049694434758101,1.8571638825270107,0.0,0.004488275491267143,0.741,15/18,25.95%,EFEMP1;ZAP70;PIBF1;PKDCC;ABI3;LEP;PTPN6;ABL2;ABI2;TXK;RELN;ABI1;PRLR;DDR1;FES
prerank,GO_Biological_Process_2021::glutathione derivative biosynthetic process (GO:1901687),0.6829099046983601,1.8571167197938137,0.0014716703458425313,0.0044657166785952145,0.741,14/20,21.27%,HPGDS;GSTM1;GSTM5;GSTM2;GSTA2;GSTA1;GSTA3;GSTM3;GSTO2;MGST1;GSTT2B;MGST2;GSTM4;GSTA4
prerank,GO_Biological_Process_2021::glutathione derivative metabolic process (GO:1901685),0.6829099046983601,1.8571167197938137,0.0014716703458425313,0.0044657166785952145,0.741,14/20,21.27%,HPGDS;GSTM1;GSTM5;GSTM2;GSTA2;GSTA1;GSTA3;GSTM3;GSTO2;MGST1;GSTT2B;MGST2;GSTM4;GSTA4
prerank,GO_Biological_Process_2021::regulation of nervous system process (GO:0031644),-0.6731935075413019,-1.8567857721374843,0.007978723404255319,0.011132691977575304,0.919,7/12,12.93%,DLGAP2;DLGAP3;DLGAP4;NPTXR;BEGAIN;AKAP9;NPTX2
prerank,GO_Biological_Process_2021::cellular response to copper ion (GO:0071280),0.7251641340327499,1.8557898592051356,0.0,0.004543053622196997,0.7515,10/16,13.59%,MT1A;MT1G;MT1M;MT1H;MT2A;AQP1;MT1F;MT1HL1;MT1E;MT1X
prerank,GO_Biological_Process_2021::organophosphate biosynthetic process (GO:0090407),-0.49975765334858147,-1.8553591951708284,0.0017605633802816902,0.011248654783004101,0.923,13/36,13.01%,PPIP5K1;IPPK;FADS1;AGPAT3;PPIP5K2;IP6K3;AGPAT4;AGPAT5;GPAT2;IP6K2;GPAM;ITPKB;GNPAT
prerank,GO_Biological_Process_2021::negative regulation of endothelial cell migration (GO:0010596),0.6527319399606542,1.8549158999580242,0.0007032348804500703,0.004593820665679763,0.758,17/26,22.02%,DCN;STC1;THBS1;HRG;RGCC;PTPRM;NR2F2;ADAMTS9;APOH;SLIT2;MEF2C;JUP;APOE;SYNJ2BP;ADGRB1;ANGPT4;VASH1
prerank,GO_Biological_Process_2021::cellular macromolecule biosynthetic process (GO:0034645),-0.365898012957178,-1.8546152449045337,0.0,0.011309026966626237,0.925,84/243,12.90%,DBF4;FUT9;RFC2;RMI1;RAD9B;RPA3;ORC4;TSFM;SCX;ORC6;HUS1;TOP3A;RPA4;GRWD1;TICRR;RAD1;TOPBP1;RAD17;RPA1;RAD9A;MCM2;RHNO1;MCM8;POLR3A;MED20;EEFSEC;POLL;MCM5;RAD50;MRPS5;ZAR1;MRPS17;TOP1MT;RECQL5;MRPL35;MCM9;MRPL3;A4GNT;MRRF;WRN;MRPS12;MRPL24;RPA2;RBBP8;ORC3;KIN;PWP1;MRPS11;MCM10;TOPORS;POLR2C;ORC2;IGHMBP2;MRPL13;POLR2B;MCM4;UPF1;MCM6;MCM7;MRPL36;EEF1G;TIPIN;MRPS18A;DONSON;MLF1;CDC45;HBS1L;MRPL37;RFC4;MRPS14;BLM;NBN;CLSPN;KAT7;RFC5;PIF1;RFC3;ABCF1;FEN1;RPS9;MRPL10;EEF2K;TAF1B;ATRIP
prerank,GO_Biological_Process_2021::phosphatidylserine metabolic process (GO:0006658),0.645369613095084,1.8546018333024206,0.0,0.004613009788011324,0.7595,15/27,20.87%,SERINC1;OSBPL10;PLA2G2D;PLA2G3;PLA2G1B;PLA2G2F;OSBPL8;OSBPL5;PLSCR1;PLA2G15;PLA2G4E;PLA2G4D;PLA2G4B;LPCAT4;ABHD16A
prerank,GO_Biological_Process_2021::positive regulation of neutrophil migration (GO:1902624),0.6917543163950255,1.854438743885606,0.0022624434389140274,0.004624291008363942,0.761,11/19,15.76%,XG;CCL21;CCL19;CCR7;ADAM8;NCKAP1L;TIRAP;XCL1;RAC2;C1QBP;MCU
prerank,GO_Biological_Process_2021::negative regulation of protein transport (GO:0051224),0.6929685678066272,1.8531739323762761,0.0,0.00473154547407902,0.7715,13/19,20.89%,ADTRP;PKDCC;ADIPOQ;RSAD2;PPM1F;RHBDF2;CSK;RHBDF1;SNX12;DRD4;APOE;SNX3;NDFIP1
prerank,GO_Biological_Process_2021::positive regulation of leukocyte activation (GO:0002696),0.7601830936258962,1.8529191586585168,0.0008058017727639,0.004741162988817338,0.772,11/13,20.96%,HAVCR1;CLEC4D;LBP;TLR6;CLEC7A;THBS1;CD226;CEBPA;CRLF2;HSPD1;TNIP2
prerank,GO_Biological_Process_2021::regulation of phosphatidylinositol 3-kinase signaling (GO:0014066),0.5665649134424801,1.8527129601135297,0.0006329113924050633,0.004737820688390203,0.7725,29/58,18.84%,PIK3IP1;DCN;MYDGF;MYOC;IER3;CCL5;NCF1;GH1;TWIST1;NEDD4;CSF3;HCLS1;TREM2;LEP;PTPN6;EPO;LIME1;EGF;PIP5K1B;OSM;HCST;CEACAM1;CBL;PTEN;NLRC3;F2RL1;NTF3;PIK3AP1;SOX9
prerank,GO_Biological_Process_2021::response to copper ion (GO:0046688),0.7152769075643951,1.8525537839691124,0.0,0.004739646185547472,0.7735,11/17,15.29%,MT1A;MT1G;MT1M;MT1H;MT2A;AQP1;MT1F;MT1HL1;MT1E;MT1X;ATP7B
prerank,GO_Biological_Process_2021::negative regulation of ERK1 and ERK2 cascade (GO:0070373),0.5999121442988067,1.8520066456364486,0.0,0.004773568525439587,0.779,23/41,25.91%,EMILIN1;TIMP3;FBLN1;ADIPOQ;PTPRR;DUSP6;GBP1;SPRY1;PHB;DUSP9;PTEN;SIRPA;PTPN1;SYNJ2BP;DUSP10;EZR;TNIP1;PTPN2;LMO3;RGS14;SEMA6A;DUSP4;SMAD4
prerank,GO_Biological_Process_2021::mRNA 3'-end processing (GO:0031124),-0.4318298559249397,-1.8515959781382787,0.0029585798816568047,0.011614540751873964,0.9285,31/74,21.23%,CASC3;LSM11;DHX38;PAF1;RPRD1B;CPSF2;U2AF1;CPSF6;RPRD2;CPSF3;MAGOHB;SARNP;CPSF7;CPSF1;CSTF1;PAPOLG;SSU72;NUDT21;CSTF3;RPRD1A;POLDIP3;CSTF2;CHTOP;CSTF2T;CPSF4;U2AF2;MTPAP;CLP1;SCAF8;THOC6;CDC73
prerank,GO_Biological_Process_2021::cellular response to zinc ion (GO:0071294),0.7397838258956551,1.8502644110001605,0.000779423226812159,0.004886732511003588,0.788,10/15,13.59%,HVCN1;MT1A;MT1G;MT1M;MT1H;MT2A;MT1F;MT1HL1;MT1E;MT1X
prerank,GO_Biological_Process_2021::negative regulation of endopeptidase activity (GO:0010951),0.5785349033524975,1.850239876357351,0.0,0.0048766605273466756,0.788,32/51,21.00%,SERPINB8;SERPINB13;ANXA8;TIMP3;SERPINB10;SERPINF1;KNG1;RECK;SERPINB2;SERPINF2;SERPINB3;LTF;TIMP4;SPOCK2;HRG;SERPINH1;SERPINB4;AHSG;SERPINB9;SERPINE2;SERPINB5;VTN;SERPIND1;SERPINB1;SERPINA1;SERPINB6;TIMP2;TIMP1;SERPINA6;SERPINA5;SORL1;SERPINA3
prerank,GO_Biological_Process_2021::bone development (GO:0060348),0.6179389396535832,1.8494134879754782,0.0,0.00494055120916628,0.792,25/33,24.77%,SULF2;IFITM5;MYOC;LRRC17;TGM2;STC1;P3H1;LTF;BGLAP;GH1;SFRP4;PLS3;RPL13;SULF1;GJA1;FGF8;TFAP2A;LRP5;GNAS;PPIB;SKI;DYM;SH3PXD2B;AKAP13;SBDS
prerank,GO_Biological_Process_2021::positive regulation of cell adhesion mediated by integrin (GO:0033630),0.7616844774553807,1.849186024461047,0.0015760441292356187,0.004959626747053335,0.7935,10/13,12.54%,CCL21;CCL5;CXCL13;RAC3;NCKAP1L;PODXL;SKAP1;LIF;FOXC2;SFRP2
prerank,GO_Biological_Process_2021::maturation of LSU-rRNA (GO:0000470),-0.5389345967229966,-1.8488612152296864,0.0032679738562091504,0.011912457606089263,0.935,15/26,12.52%,BOP1;MAK16;WDR12;FTSJ3;RRP15;LAS1L;RPF2;PES1;MRPL1;RPL7L1;URB1;NOP2;ZNHIT6;RPF1;NIFK
prerank,GO_Biological_Process_2021::protein targeting to peroxisome (GO:0006625),-0.5331032175427673,-1.8487523776967987,0.0016722408026755853,0.011886768360064455,0.935,16/28,26.23%,PXMP4;ACBD5;PEX10;PEX26;SLC25A17;PEX19;PEX2;PEX11B;PEX14;PEX6;PEX12;PEX16;ABCD3;PEX7;PEX1;ATAD1
prerank,GO_Biological_Process_2021::calcium-independent cell-cell adhesion via plasma membrane cell-adhesion molecules (GO:0016338),-0.6051562680224616,-1.8486443295391015,0.004201680672268907,0.01186125938945035,0.9355,10/18,14.89%,CLDN15;CLDN11;CLDN8;CLDN10;CLDN16;CLDN12;CLDN14;CLDN19;CLDN9;CLDN23
prerank,GO_Biological_Process_2021::miRNA metabolic process (GO:0010586),-0.6024216544243064,-1.8476692856558483,0.008683068017366137,0.011922021329773758,0.9365,8/17,12.97%,BCDIN3D;TARBP2;XPO5;PARN;DIS3L2;DGCR8;KHSRP;DROSHA
prerank,GO_Biological_Process_2021::reverse cholesterol transport (GO:0043691),0.7558043284971836,1.8474300489480817,0.0008123476848090983,0.005068617427490033,0.804,11/13,21.18%,CETP;APOA2;APOC2;LIPC;CES1;APOM;LCAT;APOA1;APOE;ABCG1;SCARB1
prerank,GO_Biological_Process_2021::positive regulation of T cell mediated immunity (GO:0002711),0.6425459855725731,1.8471204972706783,0.0022304832713754648,0.00507715149060161,0.8055,18/26,24.37%,ZBTB1;CD1A;CD1E;CD1C;CD1D;CD1B;HLA-DRA;XCL1;IL23R;B2M;CD55;TRAF6;IL12RB1;HSPD1;TRAF2;HLA-A;HLA-B;FADD
prerank,GO_Biological_Process_2021::Fc-epsilon receptor signaling pathway (GO:0038095),0.5747155278243448,1.846320651325973,0.0,0.005143662729980231,0.808,29/54,23.04%,FCER1A;MS4A2;VAV2;NR4A3;LCP2;FCER1G;JUN;SHC1;VAV1;GRAP2;SKP1;LAT;PAK1;PLCG2;TRAF6;VAV3;PSMF1;LAT2;CUL1;PLCG1;FOS;PSMD5;BCL10;PSMB2;PSMA2;PSMA8;SOS1;PSMB4;PSMD9
prerank,GO_Biological_Process_2021::organophosphate ester transport (GO:0015748),0.6678934410602703,1.8448684185387805,0.0007401924500370096,0.005218642263115767,0.811,16/22,25.02%,NPC2;PRELID3A;PLTP;LDLR;TNFAIP8L3;OSBPL8;OSBPL5;PRELID1;PITPNB;PCTP;TRIAP1;PRELID3B;SCARB1;PITPNC1;PRELID2;PITPNM1
prerank,GO_Biological_Process_2021::negative regulation of myeloid leukocyte differentiation (GO:0002762),0.6822371551975476,1.844598255636029,0.001519756838905775,0.0052154363166183,0.8115,15/21,21.22%,GPR137B;LILRB3;LILRB4;LRRC17;GPR137;ADIPOQ;FBN1;C1QC;TCTA;MAFB;MYC;CEACAM1;CCL3;INHA;PTPN2
prerank,GO_Biological_Process_2021::ceramide catabolic process (GO:0046514),0.7483481273813171,1.8440852848321947,0.003110419906687403,0.005254805772908752,0.815,12/14,22.76%,GM2A;ASAH2B;NAGA;GLA;HEXB;HEXA;NEU4;NEU1;ASAH2;ASAH1;NEU3;ACER1
prerank,GO_Biological_Process_2021::membrane depolarization during cardiac muscle cell action potential (GO:0086012),-0.6478650365737751,-1.8439648951712355,0.005479452054794521,0.012336254121282959,0.9425,7/13,10.61%,SCN2B;HCN2;SCN3B;HCN4;SCN1B;CACNA2D1;KCNJ2
prerank,GO_Biological_Process_2021::calcium ion homeostasis (GO:0055074),0.5364365463627312,1.8435258041490887,0.0,0.005308959345618625,0.819,46/77,22.83%,S100A14;FAM20A;ATP6V1B1;TMEM203;ATP13A1;STC1;CALCB;CCL5;TMEM165;CCL19;TRPV6;CDH5;ATP13A3;CCL8;CCL14;CCL7;CCL13;EDN1;CCL15;CCL1;SLC24A1;CCL23;CAV1;TPT1;CSRP3;WFS1;SLC24A4;EDN2;SLC8A3;NPTN;PKHD1;CCL3;DRD4;DMPK;EDN3;CYP27B1;TFAP2B;RMDN3;ATP2C2;RYR2;TRPV5;STC2;SLC8A1;ATP2C1;VAPB;ANK2
prerank,GO_Biological_Process_2021::positive regulation of granulocyte chemotaxis (GO:0071624),0.6975705598682133,1.8431631934202337,0.0031031807602792862,0.005326722509602534,0.822,11/18,15.76%,S100A14;CCL21;S100A7;CCL19;CCR7;NCKAP1L;TIRAP;XCL1;RAC2;C1QBP;MCU
prerank,GO_Biological_Process_2021::negative regulation of signal transduction (GO:0009968),0.4843532485622396,1.8420218426560924,0.0,0.005400300139609174,0.8275,107/213,24.82%,TMBIM1;PID1;MMRN2;MDFI;EMILIN1;GPR108;CILP;HERC4;SULF2;DCN;PHACTR4;LILRA2;IGFBP5;GDF15;LEPROT;LGMN;ADIPOQ;ENPP1;GATA2;CCL5;THBS1;LTF;PTGIR;HRG;NEDD4;SFRP4;ADAMTS12;CHAC1;IGFBP3;KANK2;SNAI2;NFKBIL1;SULF1;TRIB1;AHSG;CX3CR1;CARD16;FRZB;SPRY1;GPC1;GATA4;TNS2;SFRP2;NR4A2;PLIN5;EGF;SLC2A10;SOST;BEND6;IL36RN;NCK1;GLIS2;GATA3;PTEN;DCC;NLRP12;BDNF;TNFAIP3;KIF26A;VCP;HIC1;APOD;PRAME;UBASH3B;PTPRE;IRAK3;CYP26C1;CYP26A1;PTPN1;DLK1;PLEK;TNMD;SPRY4;GRB7;SOCS1;SLAMF1;GBA;DKK3;NRARP;ASAH2;BMP2;RITA1;PTPRT;PTPN2;CARD8;MAPK8IP2;MAGEA1;PALM;FBXW7;NKD2;APLN;PTPN18;LRPAP1;DDIT4;LRRK2;RGS14;SIGIRR;NOG;TMBIM6;HEY1;TSC2;SEMA6A;ARRDC1;SOSTDC1;CNOT1;PTCH1;TSPAN15
prerank,GO_Biological_Process_2021::peptidyl-glutamic acid modification (GO:0018200),-0.5926346067955321,-1.8419290182459447,0.0028368794326241137,0.01254277933571761,0.9455,7/18,9.15%,AGBL4;TTLL6;AGBL5;CEP41;AGTPBP1;TTLL4;TTLL1
prerank,GO_Biological_Process_2021::cellular response to interleukin-12 (GO:0071349),0.612733309124649,1.8415417197662138,0.0021082220660576245,0.005428898064593196,0.8305,22/35,25.25%,SERPINB2;LCP1;GSTA2;STAT4;RAP1B;PDCD4;CAPZA1;HSPA9;SIRPA;TCP1;IL12RB1;CNN2;BOLA2;IL12RB2;CFL1;SOD2;CDC42;RALA;LMNB1;TALDO1;HNRNPF;MSN
prerank,GO_Biological_Process_2021::epidermal growth factor receptor signaling pathway (GO:0007173),0.6382155153852649,1.841498108980454,0.001443001443001443,0.005421506287155329,0.8305,19/30,22.52%,VIL1;EFEMP1;SHC1;FAM83B;EGF;CBL;EPGN;NCK2;AREG;TDGF1;PLCG1;BTC;GRB7;SOX9;SHC3;KIF16B;PLCE1;SOS1;BCAR1
prerank,GO_Biological_Process_2021::regulation of tumor necrosis factor-mediated signaling pathway (GO:0010803),0.6027208396902664,1.8412427885663474,0.0027100271002710027,0.00542894750864401,0.831,25/38,27.15%,SPPL2A;CPNE1;CCDC3;LAPTM5;ADIPOQ;CARD16;APOA1;SPHK1;TNFAIP3;F2RL1;SPPL2B;TRAF1;PYDC1;TRAF2;PYCARD;PTPN2;CARD8;SPATA2;FADD;TRAIP;HIPK1;RNF31;CYLD;IKBKG;TRADD
prerank,GO_Biological_Process_2021::positive regulation of T cell migration (GO:2000406),0.6901051381423186,1.839898931185725,0.0007552870090634441,0.005547046653433819,0.837,16/20,25.58%,CCL21;CCL5;S100A7;CXCL13;AIF1;DOCK8;XCL2;CCL20;CCL27;XCL1;SPN;RHOA;PYCARD;ADAM10;TMEM102;OXSR1
prerank,GO_Biological_Process_2021::estrogen metabolic process (GO:0008210),0.6641928733279633,1.8398445628919442,0.0007122507122507123,0.005535736053390008,0.837,16/25,17.73%,HSD17B11;CYP1A1;CYP2C8;CYP2C9;UGT1A1;UGT2B15;CYP1A2;CYP1B1;UGT1A7;UGT2B4;CYP2D6;UGT2B17;HSD17B1;SULT1E1;CYP3A7;UGT2B7
prerank,GO_Biological_Process_2021::negative regulation of smooth muscle cell migration (GO:0014912),0.7741969158002951,1.8397932562273642,0.0008116883116883117,0.005528153011400048,0.837,10/11,16.67%,IGFBP5;ADIPOQ;PRKG1;IGFBP3;TPM1;AIF1;TRIB1;SLIT2;MEF2C;CORO1B
prerank,GO_Biological_Process_2021::regulation of response to cytokine stimulus (GO:0060759),0.6884670802135751,1.8395471369215635,0.00370919881305638,0.0055413615797510665,0.839,14/20,22.60%,ELF1;DDX58;IRAK2;IFIH1;PARP9;APOA1;LRRC70;CD24;LIFR;IL3;RUNX1;SH2B3;MAPK7;KLF4
prerank,GO_Biological_Process_2021::regulation of endopeptidase activity (GO:0052548),0.5730465074467282,1.8394317036417607,0.0,0.005536237688976372,0.839,28/52,18.43%,SERPINB8;SERPINB13;TIMP3;SERPINB10;SERPINF1;KNG1;SERPINB2;SERPINF2;SERPINB3;TIMP4;SPOCK2;HRG;SERPINH1;SERPINB4;AHSG;SERPINB9;SERPINE2;SERPINB5;VTN;PRELID1;SERPIND1;FURIN;SERPINB1;SERPINA1;SERPINB6;TIMP2;TIMP1;SERPINA6
prerank,GO_Biological_Process_2021::membrane raft organization (GO:0031579),0.7428018987567495,1.8387769367444977,0.0,0.005584591670851983,0.842,12/14,21.36%,RFTN1;EMP2;MYADM;ABCA7;CAV3;PPT1;CLN3;FLOT2;NPC1;S100A10;YJEFN3;FLOT1
prerank,GO_Biological_Process_2021::regulation of lipoprotein lipase activity (GO:0051004),0.7195790257720642,1.8386253242353385,0.0015772870662460567,0.005584234366748869,0.842,11/15,15.19%,APOA5;APOC2;LPL;LIPC;APOC1;ANGPTL8;APOA1;APOH;ANGPTL4;GPIHBP1;FURIN
prerank,GO_Biological_Process_2021::cell-substrate junction assembly (GO:0007044),0.6411537967288885,1.8383395645959562,0.0007189072609633358,0.005602012211488164,0.8445,14/27,17.50%,THSD1;THY1;SORBS1;RHOD;CD151;ITGA6;FERMT2;COL17A1;ACTN3;CTTN;DLC1;PLEC;TAOK2;ACTN1
prerank,GO_Biological_Process_2021::multivesicular body assembly (GO:0036258),0.6350576530550457,1.8382535835401326,0.0007102272727272727,0.005596790381521666,0.845,23/29,30.39%,CHMP4C;CHMP7;VPS37D;CHMP3;VPS36;CHMP2B;CHMP4B;PDCD6IP;VPS37B;CHMP4A;MVB12A;RAB11A;VPS25;CHMP1B;CHMP1A;CHMP6;IST1;CHMP2A;VPS4B;SNF8;VPS28;CHMP5;VPS4A
prerank,GO_Biological_Process_2021::protein processing (GO:0016485),0.5360616868191818,1.8379782071551685,0.0012285012285012285,0.005608436112407681,0.847,37/80,19.73%,AEBP1;CPXM1;CPXM2;C1RL;SRGN;SPPL3;F7;LGMN;CD5L;ADAMTS3;SPCS3;CPM;C1R;MMP16;TMPRSS2;CTSL;PRSS3;HPR;SPCS2;CTSH;CLN5;PRSS12;CLN3;SPCS1;ADAM19;HGFAC;HP;FAM111A;FURIN;PHEX;CPE;TMPRSS4;GGT2;SEC11A;GGT1;PCSK7;MMEL1
prerank,GO_Biological_Process_2021::regulation of cellular ketone metabolic process (GO:0010565),0.6680209521229189,1.8377848848596452,0.002188183807439825,0.005605624220778058,0.848,17/23,23.04%,CES1;CYP7A1;OAZ2;OAZ3;AZIN1;CAV1;OAZ1;PANK2;PSMF1;PSMD5;PSMB2;PSMA2;PSMA8;NCOR2;PSMB4;PRKAG2;PSMD9
prerank,GO_Biological_Process_2021::positive regulation of protein polymerization (GO:0032273),0.5560887025073934,1.8360404634962457,0.0,0.005734516299490017,0.855,28/56,21.32%,LMOD1;EVL;CCL21;CCL26;CAV3;CCR7;CSF3;BAIAP2;CDC42EP5;NCKAP1L;BAIAP2L2;OCLN;ALOX15;NCKAP1;PAK1;TPPP3;NCK1;CDC42EP3;NCK2;CTTN;BAIAP2L1;CDC42EP4;CCL24;SNX9;CDK5R1;PYCARD;VASP;ARF6
prerank,GO_Biological_Process_2021::modulation of chemical synaptic transmission (GO:0050804),-0.4087914810335245,-1.8356675606700614,0.0,0.013266168207504448,0.955,32/85,14.59%,GRIK5;LRRC4C;NLGN3;DLGAP2;LRRC4;NLGN4X;GRIK1;LGI1;GRM8;GRID2;NLGN2;SLC4A8;CNTNAP4;DLGAP3;GRID1;BAIAP3;PXK;SLC12A2;KCNMB4;DLGAP4;NPTXR;GRM7;CLSTN1;BEGAIN;NMU;RIMS1;CLSTN3;AKAP9;NPTX2;GRIK2;STX1B;USP46
prerank,GO_Biological_Process_2021::positive regulation of immune effector process (GO:0002699),0.6917254727449975,1.8355065366067211,0.0,0.0057612707823613786,0.8565,15/20,22.49%,LBP;LILRB1;HLA-DMB;IL2;HLA-DRA;DDX60;PHB;MYB;CD46;XBP1;IL23R;IL12RB1;LGALS9;DHX58;PCK1
prerank,GO_Biological_Process_2021::negative regulation of viral process (GO:0048525),0.5545833595143489,1.8354588318250376,0.0,0.005752153864022091,0.857,34/63,22.63%,PTX3;RNASEL;RSAD2;CCL5;OASL;OAS1;LTF;IFITM3;OAS2;SLPI;APOBEC3G;IFITM1;IFIT1;OAS3;ISG20;IFIH1;MX1;IFIT5;EIF2AK2;APOBEC3A;BST2;PLSCR1;IFITM2;FAM111A;PML;CHMP3;APOBEC3H;APOBEC3C;TRIM5;TRIM62;STAT1;TNIP1;ISG15;ZFP36
prerank,GO_Biological_Process_2021::negative regulation of cell motility (GO:2000146),0.5196032311897769,1.8351777792641413,0.0,0.005759720497815321,0.8575,53/99,26.32%,PODN;MCTP1;SRGAP2B;TMIGD3;MAPK15;FBLN1;IGFBP5;VCL;STC1;RECK;TP53INP1;ADIPOQ;CLDN5;THY1;WAS;LIMCH1;TPM1;IFITM1;FOXO3;ALOX15B;SULF1;CHRD;ARHGAP4;CYP1B1;DPYSL3;RAP2B;SFRP2;SLIT2;BST2;GATA3;PTEN;RAP2C;DLC1;CDH1;TBX5;ROBO1;ARPIN;DUSP10;JAG1;MITF;PTPRT;NGFR;STK24;ADORA3;NOG;PIP5KL1;CRK;NAV3;SRGAP1;RHOB;TCAF1;SPOCK3;CCDC125
prerank,GO_Biological_Process_2021::dermatan sulfate biosynthetic process (GO:0030208),0.7685230336770165,1.8342862660870431,0.0024469820554649264,0.005807564683024971,0.859,11/12,21.17%,DCN;VCAN;DSE;BGN;NCAN;CHST14;CSPG4;BCAN;CHST12;CSPG5;UST
prerank,GO_Biological_Process_2021::positive regulation of glucose import (GO:0046326),0.7563491791341348,1.8341966397969727,0.0024,0.005801951040063727,0.8595,11/13,20.51%,ITLN1;ADIPOQ;SORBS1;OCLN;CREBL2;OSBPL8;RHOQ;FGF19;CAPN10;IRS2;CLTCL1
prerank,GO_Biological_Process_2021::negative regulation of hemostasis (GO:1900047),0.8119594145043249,1.8341444350313187,0.0016992353440951572,0.005791644026253712,0.8595,10/10,18.84%,ADTRP;PROC;KNG1;EDN1;CD34;APOH;SERPINE2;VTN;THBD;APOE
prerank,GO_Biological_Process_2021::protein import into peroxisome matrix (GO:0016558),-0.6651765626780693,-1.833505315799706,0.01032258064516129,0.013478675640243484,0.9575,10/12,28.73%,PEX10;PEX26;PEX2;PEX14;PEX6;PEX12;PEX16;PEX7;PEX1;PEX5L
prerank,GO_Biological_Process_2021::positive regulation of protein processing (GO:0010954),0.736627877012016,1.8332370361757477,0.0016012810248198558,0.005864969561724067,0.863,11/15,22.04%,CLEC3B;ADAM8;CCBE1;PLGRKT;ANGPTL8;NLRC4;MYH9;BAG2;ASTL;GSN;NKD2
prerank,GO_Biological_Process_2021::postsynapse assembly (GO:0099068),-0.7018594122953294,-1.8331154862493384,0.0012547051442910915,0.01347818935706248,0.9585,5/11,7.96%,NLGN3;NLGN4X;NLGN2;NRXN2;WNT7A
prerank,GO_Biological_Process_2021::icosanoid metabolic process (GO:0006690),0.5918576948545373,1.832991499147066,0.0019933554817275745,0.005878050538089217,0.8645,22/41,18.89%,GPX1;PTGR1;LTC4S;PTGIS;CYP2C8;HPGD;GGT5;CYP2C9;CYP4F3;ALOX12B;DPEP2;ALOX15B;PON1;ALOX15;CYP1B1;ALOX12;CPA1;AWAT1;CYP2D6;PON3;PLA2G4B;GGT1
prerank,GO_Biological_Process_2021::cardiac muscle tissue development (GO:0048738),0.5811370478639238,1.8319870675081422,0.0006523157208088715,0.0059625403308963395,0.8695,33/45,26.67%,MYOCD;ACTC1;MYLK2;RBP4;MSC;GJA1;SGCG;GATA4;TTN;NKX2-5;CSRP3;ADAMTS9;SCN5A;BMP4;GATA6;NPPB;MSX2;MSX1;BMP7;BMP2;TCAP;SMAD1;GJA5;ANKRD1;TBX2;HEY1;AKAP13;SGCD;NRG1;SMAD4;GJB6;NPPA;SIK1
prerank,GO_Biological_Process_2021::regulation of microtubule polymerization or depolymerization (GO:0031110),-0.5431159207749401,-1.831778543117341,0.0016051364365971107,0.013614732095354345,0.9595,12/25,19.15%,SKA3;SKA1;SKA2;CLASP1;GAS2L2;STMN4;MAP1S;CAMSAP2;MAP1B;MAPRE2;CLASP2;MAP2
prerank,GO_Biological_Process_2021::regulation of Rho protein signal transduction (GO:0035023),0.5502320029569144,1.8317630068261455,0.0,0.005968315498208916,0.87,35/60,26.65%,GPR65;ARHGDIB;MYOC;RASIP1;GPR4;EPS8L1;KANK2;NET1;HEG1;EPS8L2;APOA1;F11R;F2RL1;DLC1;ABL2;LPAR6;STARD8;F2RL2;GPR35;ITGA3;ROBO1;APOE;OPHN1;ARHGEF28;EPS8;ADGRG1;GPR18;LPAR4;CUL3;LPAR1;AKAP13;MYO9B;ARHGEF3;CCDC125;ARRB1
prerank,GO_Biological_Process_2021::copper ion transport (GO:0006825),0.773895691210908,1.8317356995508536,0.001639344262295082,0.005958903786353605,0.8705,9/11,21.56%,SLC31A1;COX17;STEAP4;SLC11A2;ATP7B;STEAP3;ATOX1;SLC31A2;ATP7A
prerank,GO_Biological_Process_2021::nucleosome organization (GO:0034728),-0.4597686929217506,-1.8315403366679084,0.0,0.013603280311449412,0.9595,28/51,23.66%,NAP1L3;NAP1L2;GRWD1;CTCF;LIN54;PAF1;SRCAP;RNF8;SUPT6H;ATRX;SUPT16H;SART3;SMARCD1;ACTR6;MCM3AP;INO80;DMAP1;SETD2;VPS72;KAT6B;RSF1;SMARCD2;SMARCA5;NAA60;HMGA1;ASF1A;ZNHIT1;ARID2
prerank,"GO_Biological_Process_2021::protein localization to chromosome, telomeric region (GO:0070198)",-0.6717143943349195,-1.8312172689391324,0.0049079754601227,0.01359190643083635,0.9595,8/12,20.40%,POT1;ATRX;XRCC5;PINX1;TERF2;NABP2;ACD;TERF2IP
prerank,GO_Biological_Process_2021::inositol phosphate biosynthetic process (GO:0032958),-0.7112754732940546,-1.8308410248855378,0.008771929824561403,0.013615387150807812,0.96,7/10,16.23%,PPIP5K1;IPPK;PPIP5K2;IP6K3;IP6K2;ITPKB;IPMK
prerank,GO_Biological_Process_2021::myofibril assembly (GO:0030239),0.6065474992811426,1.8296972504775766,0.0,0.006128697217506885,0.879,25/36,24.62%,CSRP2;LMOD1;ACTC1;TMOD4;MYLK3;FHOD3;TNNT3;TPM1;MYOM2;MYPN;TTN;CSRP3;TNNT1;WDR1;TMOD3;MYH3;FLII;PGM5;TCAP;OBSL1;ANKRD1;TMOD1;KLHL41;CSRP1;MYOZ1
prerank,GO_Biological_Process_2021::regulation of pri-miRNA transcription by RNA polymerase II (GO:1902893),0.6242747699135357,1.829244684527302,0.0007189072609633358,0.006168861211458262,0.883,21/29,22.65%,LILRB4;GATA2;NFIB;JUN;HIF1A;KLF5;FOXO3;SMAD3;PRL;POU5F1;BMP4;ETS1;GATA3;SPI1;FOS;FOSL1;SOX9;ATOH8;APLN;KLF4;NGFR
prerank,GO_Biological_Process_2021::regulation of neutrophil chemotaxis (GO:0090022),0.6639699125761507,1.8284820442979677,0.00370919881305638,0.0061960998199654125,0.885,13/21,18.74%,C5AR2;CCL21;CCL19;CCR7;NCKAP1L;TIRAP;XCL1;RAC2;SLIT2;C1QBP;MCU;BST1;MPP1
prerank,GO_Biological_Process_2021::positive regulation of leukocyte migration (GO:0002687),0.6937372459043513,1.8284541677241184,0.0022641509433962265,0.00618855431689852,0.8855,13/19,18.65%,PLVAP;ZNF580;F7;THY1;ADAM8;AIF1;NCKAP1L;XCL1;MADCAM1;EDN2;F2RL1;PRSS56;EDN3
prerank,GO_Biological_Process_2021::regulation of DNA damage checkpoint (GO:2000001),-0.7002876888954199,-1.827457657394821,0.002583979328165375,0.013992241196976535,0.9615,5/10,10.53%,ETAA1;RPA2;RFWD3;FEM1B;CCAR2
prerank,GO_Biological_Process_2021::ncRNA export from nucleus (GO:0097064),-0.49366813110636576,-1.8268136236430799,0.0,0.014041850507260737,0.962,14/35,12.85%,NOL6;XPOT;NUP205;POM121;NUP133;NUP188;NUP35;NUP37;AAAS;NUP160;PHAX;NUP43;POM121C;NDC1
prerank,GO_Biological_Process_2021::muscle tissue morphogenesis (GO:0060415),0.728876037094394,1.8267075674680506,0.0022865853658536584,0.006348161533179112,0.8915,12/15,23.37%,EFEMP2;ACTC1;MYLK2;TGFBR3;TTN;NKX2-5;BMP4;MYLK;BMP2;TCAP;ANKRD1;TBX1
prerank,GO_Biological_Process_2021::regulation of protein processing (GO:0070613),0.6886334557441955,1.8265311072065225,0.002178649237472767,0.006349496329265786,0.8915,16/19,22.34%,NLRP7;CHAC1;ADAM8;CCBE1;ANGPTL8;NLRC4;TMEM59;CLN3;SERPINE2;BAG2;ASTL;SNX12;RUNX1;RNF139;NKD2;LRRK2
prerank,GO_Biological_Process_2021::negative regulation of telomere maintenance via telomerase (GO:0032211),-0.5952236871706704,-1.826494439374712,0.0,0.014049814012464338,0.962,9/17,14.90%,GNL3L;NAT10;EXOSC10;POT1;PINX1;TEN1;TERF2;PIF1;ACD
prerank,GO_Biological_Process_2021::positive regulation of cell cycle process (GO:0090068),-0.42807101062603137,-1.8264747848284961,0.0,0.014006255891824396,0.962,25/72,12.16%,GEN1;KIF20B;DBF4;NUSAP1;ANKRD31;OOEP;DBF4B;RACGAP1;RHNO1;AURKC;SPAG5;WIZ;XRCC3;CEP295;ATRX;NDC80;KIF14;RAD21;CDC14A;NUMA1;ECT2;RCC2;INO80;CDC25B;FEN1
prerank,GO_Biological_Process_2021::meiosis I (GO:0007127),-0.5640487047628986,-1.8261523850202657,0.007385524372230428,0.013997186023359412,0.9625,9/21,9.11%,MOV10L1;TDRD9;HSF2BP;MEI1;ZSCAN21;MEIOB;FOXJ2;MYBL1;PTTG1
prerank,GO_Biological_Process_2021::regulation of transforming growth factor beta production (GO:0071634),0.7888265345008252,1.8257975055566693,0.001635322976287817,0.006431127992313186,0.894,10/11,18.61%,LILRB1;LTBP1;SERPINF2;LRRC32;HIF1A;CD34;SMAD3;XCL1;CD46;LGALS9
prerank,GO_Biological_Process_2021::steroid metabolic process (GO:0008202),0.5309593216545335,1.8255375020341376,0.0,0.006437987212099256,0.8945,48/78,24.32%,CUBN;LGMN;CYP1A1;CYP2B6;GC;CYP2C8;ARV1;CYP2C9;DHRS2;CYP7A1;CYP11A1;STARD3;UGT1A1;UGT2B15;CYP1A2;NR1I2;CYP1B1;UGT1A7;CYP2A6;AMACR;NPC1;UGT2B4;CYP2D6;UGT2B17;SULT2B1;HSD17B1;SULT1E1;CYP3A7;UGT2B7;CYP26C1;FDX1;CYP26A1;STAR;UGT2B28;CYP27B1;CYP2E1;UGT2B11;CYP7B1;BAAT;CYP21A2;AKR1C1;RDH16;PRLR;LRP2;DHRS11;SULT2A1;LIPA;HSD17B14
prerank,GO_Biological_Process_2021::regulation of protein tyrosine kinase activity (GO:0061097),0.6304175031372993,1.8247254824153594,0.0007122507122507123,0.0065121861298435045,0.8965,16/27,20.59%,LILRB4;LILRA5;THY1;HYAL2;SHC1;IL34;NEDD9;CAV1;RAP2B;NCK2;RAP2C;LRP8;DLG4;PTPN1;CASS4;RELN
prerank,GO_Biological_Process_2021::positive regulation of epithelial cell apoptotic process (GO:1904037),0.7354490101236602,1.8241676265563245,0.000794912559618442,0.006538194334714861,0.8975,11/15,19.26%,ECSCR;PLA2R1;THBS1;RGCC;SFRP4;CD160;PLA2G1B;PDCD4;PLCG1;ANO6;GSN
prerank,GO_Biological_Process_2021::cardiac epithelial to mesenchymal transition (GO:0060317),0.7259356253075042,1.8234034744829617,0.0023790642347343376,0.006609548471323748,0.898,12/15,25.51%,TGFBR3;HAS2;SNAI2;SPRY1;FGF8;HEYL;BMP4;PDCD4;TBX3;BMP2;HEY1;SNAI1
prerank,GO_Biological_Process_2021::B cell receptor signaling pathway (GO:0050853),0.6985440604753752,1.8232291587318685,0.003105590062111801,0.006610265387330917,0.9,14/18,23.13%,RFTN1;NFAM1;MNDA;IGLL5;NCKAP1L;LIME1;PLCG2;MEF2C;VAV3;LAT2;BLNK;CD79A;BCAR1;PLEKHA1
prerank,GO_Biological_Process_2021::positive regulation of phosphatidylinositol 3-kinase signaling (GO:0014068),0.6082465805450475,1.8227003674832105,0.0027434842249657062,0.006644922094424269,0.9015,22/35,20.37%,DCN;MYDGF;MYOC;CCL5;NCF1;GH1;NEDD4;CSF3;HCLS1;TREM2;LEP;PTPN6;EPO;EGF;OSM;HCST;CBL;F2RL1;NTF3;PIK3AP1;SOX9;IRS2
prerank,GO_Biological_Process_2021::protein polymerization (GO:0051258),0.5637576170003531,1.8224700635373356,0.0,0.006650070385354821,0.903,25/49,19.86%,FAM107A;MAP7D3;TTC17;VIL1;ANG;WAS;DIAPH3;PSTPIP1;AIF1;PSTPIP2;WASF1;WASF3;TPPP3;DIAPH1;MICALL2;MSRB2;SPIRE2;FGF13;GAS7;ARHGAP6;CHMP3;RNF135;GSN;CHMP4B;WASL
prerank,GO_Biological_Process_2021::peptide cross-linking (GO:0018149),0.6512110747254737,1.8221455464505054,0.000723589001447178,0.006676594563205724,0.904,18/23,22.30%,TGM3;CD247;TGM2;ABCA7;SPRR1A;CSTA;THBS1;SPRR1B;IVL;F13A1;ANXA1;NDNF;DSP;KRT1;PI3;EVPL;EPB42;TGM1
prerank,GO_Biological_Process_2021::potassium ion transmembrane transport (GO:0071805),-0.40182116258130274,-1.8209683048490846,0.0,0.01461021399207547,0.9675,31/97,12.54%,HCN1;HCN3;SLC9A6;KCNK12;KCND3;SLC9A7;HCN2;KCNJ16;KCNJ10;PKD2L1;SLC9A2;SLC9A5;KCNK4;KCNJ15;SLC9A8;HCN4;SLC12A5;KCNK13;KCNC3;SLC12A2;KCNK2;KCNK7;KCNH1;KCNIP2;SLC12A4;KCNE1B;KCNJ2;ABCB8;LRRC55;SLC24A2;KCNE3
prerank,GO_Biological_Process_2021::positive regulation of B cell proliferation (GO:0030890),0.7230025307405957,1.8189798738481864,0.0015625,0.006979433642068098,0.9145,13/15,24.79%,SASH3;IL2;IL7;NCKAP1L;TIRAP;MEF2C;VAV3;FCRL3;BST1;GPR183;IRS2;CD320;CD81
prerank,GO_Biological_Process_2021::regulation of T cell cytokine production (GO:0002724),0.7291460030665596,1.8186979401009624,0.003996802557953637,0.006987151900874459,0.9155,11/14,22.69%,LILRB4;FOXP3;XCL1;TNFRSF1B;HFE;B2M;CLC;CD55;TRAF6;TRAF2;HLA-A
prerank,GO_Biological_Process_2021::establishment of spindle localization (GO:0051293),-0.6315740998534267,-1.8178276093613537,0.0070126227208976155,0.014962698187639015,0.9705,7/14,17.09%,NUSAP1;TLE6;KIF25;OOEP;CLASP1;ZBED3;CLASP2
prerank,"GO_Biological_Process_2021::nucleotide-excision repair, DNA damage recognition (GO:0000715)",-0.5835724830526998,-1.8176887957952252,0.0029069767441860465,0.014935324872225307,0.9705,14/18,34.38%,UBA52;UBC;XPA;XPC;GPS1;DDB2;CETN2;COPS7B;CUL4B;COPS8;COPS7A;COPS3;COPS2;COPS4
prerank,GO_Biological_Process_2021::protein oxidation (GO:0018158),0.7836376542624148,1.8172744590184235,0.0017094017094017094,0.007106698904638535,0.918,9/10,17.90%,TMX3;LOXL1;APOA2;LOX;LOXL4;APOA1;SUMF1;LOXL3;PRDX3
prerank,GO_Biological_Process_2021::regulation of B cell receptor signaling pathway (GO:0050855),0.7182212323834134,1.8171948834261704,0.0,0.007102933922002289,0.918,10/16,18.22%,ELF1;NFAM1;CD300A;PTPN22;ELF2;LPXN;STAP1;PAX5;FCRL3;RUNX1
prerank,GO_Biological_Process_2021::blood vessel endothelial cell migration (GO:0043534),0.7140399723924851,1.8168141422351498,0.0015552099533437014,0.00712368505008414,0.9185,12/15,21.71%,ADTRP;EMP2;CDH5;SOX18;ID1;EGR3;MYH9;SLIT2;TDGF1;ROBO1;GPLD1;NR4A1
prerank,GO_Biological_Process_2021::hexose biosynthetic process (GO:0019319),0.5998871157057895,1.8154825326890645,0.0006858710562414266,0.007231008349714746,0.922,26/40,27.32%,MDH1;PGAM2;FBP2;RBP4;FBP1;PPARGC1A;SLC39A14;GPI;PER2;ALDOB;CHST15;ALDOC;SLC25A11;PGAM1;SLC25A10;ALDOA;GAPDH;PCK1;MDH2;ENO3;PGM1;PGK1;GAPDHS;PCK2;ENO2;CRY1
prerank,GO_Biological_Process_2021::regulation of granulocyte chemotaxis (GO:0071622),0.7285550720117068,1.8154255562334918,0.0015873015873015873,0.007218121138737062,0.922,10/14,18.74%,CMKLR1;RARRES2;S100A14;CCL5;S100A7;THBS1;IL34;AKIRIN1;BST1;MPP1
prerank,GO_Biological_Process_2021::positive regulation of interleukin-2 production (GO:0032743),0.7366470636963628,1.8150784469538692,0.0024,0.007248430423776459,0.924,10/13,25.26%,CLEC7A;IRF4;ANXA1;PLCG2;PRKD2;TRAF6;RUNX1;TRAF2;SPTBN1;CARD11
prerank,GO_Biological_Process_2021::negative regulation of peptidyl-tyrosine phosphorylation (GO:0050732),0.6403686806613208,1.814953262606153,0.0015015015015015015,0.007247702060889567,0.9255,15/25,21.22%,SAMSN1;CD300A;PIBF1;LILRB4;THY1;DMTN;HYAL2;PTPN6;CAV1;PARP14;SFRP2;NTF3;SOCS1;SH2B3;PTPN2
prerank,GO_Biological_Process_2021::cellular response to chemical stress (GO:0062197),0.5254063403983918,1.8145664985466925,0.001224739742804654,0.007272304471582243,0.927,40/81,20.40%,GPX1;NOX5;SOD3;NCF2;CCS;NCF1;GPX3;GPX7;GPX8;DHRS2;GPX2;MSRA;NCF4;GPX5;AIF1;FOXO1;FOXO3;PPARGC1A;CYBB;TMEM161A;ERO1A;CAV1;PYCR1;SLC25A24;FAS;SLC4A11;ZFAND1;CYCS;SERPINB6;CYBA;CHCHD2;PRDX3;ZC3H12A;FANCC;PKD2;SOD2;PRDX2;PRDX1;G6PD;ETV5
prerank,GO_Biological_Process_2021::positive regulation of proteolysis (GO:0045862),0.5779955392141954,1.8143806953090462,0.0006680026720106881,0.007279217541146891,0.9275,25/44,24.37%,RCN3;MAPK12;ADAM8;CYFIP2;CCBE1;CTSH;ANGPTL8;NLRC4;CLN6;TNFRSF1B;BAG2;FURIN;ASTL;ZC3H12A;BAK1;STUB1;APOE;GPLD1;SNX9;GBA;TNIP1;SH3D19;NKD2;TANK;FADD
prerank,GO_Biological_Process_2021::glycolipid metabolic process (GO:0006664),0.5663686733738514,1.814196916070055,0.0013157894736842105,0.007291581521909581,0.929,27/48,22.05%,SCCPDH;GM2A;NAGA;B3GALNT1;GBGT1;CTSA;ST6GALNAC6;B4GALNT1;ESYT3;GLA;HEXB;HEXA;NEU4;SUMF1;GLB1;FUCA1;ENPP7;ESYT2;ESYT1;NEU1;SUMF2;PSAP;SMPD3;GBA;ARSA;ASAH1;NEU3
prerank,GO_Biological_Process_2021::regulation of lipopolysaccharide-mediated signaling pathway (GO:0031664),0.7083557148861844,1.8131444430281385,0.002354788069073783,0.007381556849372733,0.932,15/16,22.79%,LY86;LILRA2;CD180;LTF;SCIMP;NFKBIL1;TRIB1;BMP6;CARD16;CD36;CD55;TRIM5;SASH1;CARD8;SIGIRR
prerank,"GO_Biological_Process_2021::chemical synaptic transmission, postsynaptic (GO:0099565)",-0.6749004134236511,-1.8130262822720977,0.007853403141361256,0.015591526473613603,0.9745,5/11,3.75%,NLGN3;MPP2;GRID2;NPFF;GRIN2C
prerank,GO_Biological_Process_2021::positive regulation of pri-miRNA transcription by RNA polymerase II (GO:1902895),0.6693634578420008,1.8128917555541066,0.0030651340996168583,0.007393640328436193,0.9325,16/20,22.65%,GATA2;JUN;HIF1A;KLF5;FOXO3;SMAD3;PRL;ETS1;GATA3;SPI1;FOS;FOSL1;ATOH8;APLN;KLF4;NGFR
prerank,GO_Biological_Process_2021::Fc receptor signaling pathway (GO:0038093),0.5633418552714781,1.8119832799213762,0.0006493506493506494,0.007474281936065499,0.9355,28/54,23.04%,FCER1A;MS4A2;VAV2;LCP2;FCER1G;JUN;SHC1;VAV1;GRAP2;SKP1;LAT;PAK1;PLCG2;TRAF6;VAV3;PSMF1;LAT2;CUL1;PLCG1;FOS;PSMD5;BCL10;PSMB2;PSMA2;PSMA8;SOS1;PSMB4;PSMD9
prerank,GO_Biological_Process_2021::regulation of hematopoietic progenitor cell differentiation (GO:1901532),0.5892361368794176,1.811889879819797,0.0006793478260869565,0.007465461672305407,0.9355,24/40,23.04%,LMO1;GATA2;TAL1;GATA1;LMO2;YAP1;TP73;OSM;MYB;EIF2AK2;KITLG;GATA3;LDB1;PSMF1;SPI1;PSMD5;RUNX1;PDCD2;TCF12;PSMB2;PSMA2;PSMA8;PSMB4;PSMD9
prerank,GO_Biological_Process_2021::regulation of sister chromatid cohesion (GO:0007063),-0.7028018372829522,-1.8118528261596423,0.006242197253433208,0.01569345617475258,0.976,5/10,12.16%,CDCA5;CTCF;RAD21;WAPL;FEN1
prerank,GO_Biological_Process_2021::cellular response to increased oxygen levels (GO:0036295),0.7678159778450208,1.8107430020910258,0.002421307506053269,0.007573783692886451,0.937,10/11,20.86%,ATP6V0A2;FOXO1;CCDC115;ATP6V1A;CAV1;FAS;ATP6V0D1;ATP6AP1;ATP6V1G1;TMEM199
prerank,GO_Biological_Process_2021::integrin-mediated signaling pathway (GO:0007229),0.5737073547727473,1.8090016506133053,0.0006724949562878278,0.007769267172565666,0.9415,30/44,23.80%,FBLN1;ITGBL1;THY1;ADAMTS1;COL16A1;ZYX;LAT;MADCAM1;NEDD9;FERMT2;MYH9;LAMA5;APOA1;ITGA11;CEACAM1;ILK;PRAM1;ITGB7;DAB2;FERMT3;PLEK;TXK;ITGA10;CDC42;CDH17;ISG15;BCAR1;CUL3;ITGB4;ADAM10
prerank,GO_Biological_Process_2021::interleukin-12-mediated signaling pathway (GO:0035722),0.6066872939950929,1.8088626070233051,0.0028469750889679717,0.007770656187700057,0.942,21/34,25.25%,SERPINB2;LCP1;GSTA2;STAT4;RAP1B;PDCD4;CAPZA1;HSPA9;TCP1;IL12RB1;CNN2;BOLA2;IL12RB2;CFL1;SOD2;CDC42;RALA;LMNB1;TALDO1;HNRNPF;MSN
prerank,GO_Biological_Process_2021::regulation of osteoblast differentiation (GO:0045667),0.5487794781338204,1.808858761240265,0.0006341154090044388,0.007753726653522062,0.942,36/57,23.28%,TMEM119;LRP3;CRIM1;RUNX2;FBN2;TWIST2;SUCO;LTF;TWIST1;SMAD6;SMOC1;IFITM1;SNAI2;YAP1;CHRD;BMP6;ATRAID;NPNT;FERMT2;TNN;BAMBI;WWTR1;BMP4;MEF2C;LRP5;ATP6AP1;RORB;GDF10;BMP7;SOX9;BMP2;FFAR4;BMPR1B;SKI;NOCT;NOG
prerank,GO_Biological_Process_2021::retinoic acid metabolic process (GO:0042573),0.6935651552954994,1.8081060191165623,0.002284843869002285,0.007823934706120984,0.944,14/18,22.36%,SCPEP1;CYP2C8;ADH6;UGT1A1;ADH7;UGT1A7;CYP27C1;ALDH1A3;CYP2C18;CYP3A7;CYP26C1;CYP26A1;CYP2S1;ALDH1A2
prerank,GO_Biological_Process_2021::regulation of dephosphorylation (GO:0035303),-0.612531618802689,-1.8072847716100955,0.005673758865248227,0.01633786222575857,0.9795,8/14,24.66%,MTMR3;MTMR4;SMG5;MTMR2;MTMR1;SMG7;SMG6;INPP5K
prerank,GO_Biological_Process_2021::leukotriene biosynthetic process (GO:0019370),0.7649041486598869,1.8062053692545035,0.0016764459346186086,0.008051500425367453,0.949,9/12,19.34%,LTC4S;GGT6;GGT5;GGT7;PLA2G1B;GGTLC3;GGT2;GGT1;MGST2
prerank,GO_Biological_Process_2021::pulmonary valve morphogenesis (GO:0003184),0.7522324947663271,1.8053757295226607,0.003993610223642172,0.00812932170191891,0.9505,10/12,23.70%,SMAD6;ROBO2;HEYL;BMP4;SLIT2;ROBO1;JAG1;STRA6;GJA5;HEY1
prerank,GO_Biological_Process_2021::peptidyl-threonine dephosphorylation (GO:0035970),0.6750538376873737,1.8053414778963797,0.004511278195488722,0.008116035369239943,0.9505,11/19,20.48%,PPM1F;DUSP6;DUSP18;DUSP5;DUSP9;DUSP1;DUSP2;PPP1CA;PPM1E;DUSP10;DUSP8
prerank,GO_Biological_Process_2021::glucose metabolic process (GO:0006006),0.5639840713473115,1.8050495357219216,0.0,0.008147561416338357,0.951,31/55,24.24%,MDH1;PGAM2;FBP2;TKTL1;ADIPOQ;OAS1;RBP4;FBP1;PPARGC1A;SLC39A14;GPI;GHRL;GALM;PER2;ADPGK;APOD;ALDOB;LRP5;ALDOC;SLC25A11;PGAM1;TFAP2B;SLC25A10;IRS2;ALDOA;GAPDH;PCK1;MDH2;ENO3;PGM1;PGK1
prerank,GO_Biological_Process_2021::regulation of epithelial cell migration (GO:0010632),0.5853196491737364,1.8041673995756347,0.0006697923643670462,0.00822573734363662,0.955,22/40,20.35%,EMP2;VIL1;EVL;PPM1F;PTPRR;HIF1A;HYAL1;GLIPR2;RHOJ;CTSH;CORO1C;CEACAM1;PTPRG;PLCG2;FGF10;PLCG1;BMPER;SOX9;SASH1;DUSP10;GLUL;ARSB
prerank,GO_Biological_Process_2021::endocytic recycling (GO:0032456),0.5718865780714845,1.8037371202576524,0.0013236267372600927,0.008261136771857273,0.9555,32/45,27.66%,ARL4C;CMTM6;EHD2;DENND1C;EHD4;EHD3;VPS26A;VPS35;RAB17;MICALL2;CCDC93;SNX17;SNX12;RAB13;ANKRD50;VPS29;LMTK2;SNX3;EPS15;CCDC22;ARF6;SNX27;RAB35;EHD1;RAB7A;DENND1B;KIAA1109;ACAP2;RAB14;RAB11B;ANKRD27;SNF8
prerank,GO_Biological_Process_2021::positive regulation of syncytium formation by plasma membrane fusion (GO:0060143),0.7521817183076165,1.8030719863940874,0.001644736842105263,0.00833555843906178,0.956,9/12,21.81%,DCSTAMP;EHD2;CD53;TREM2;TYROBP;SCGB3A1;ADGRB1;FLOT1;EHD1
prerank,GO_Biological_Process_2021::positive regulation of macrophage migration (GO:1905523),0.7614862055143434,1.8028216012649523,0.004758128469468675,0.008340990201357722,0.956,8/11,17.53%,CMKLR1;RARRES2;CCL5;THBS1;TREM2;IL34;AKIRIN1;CCL3
prerank,MSigDB_Hallmark_2020::Protein Secretion,0.5161724575807258,1.8028045081915194,0.0,0.008326368286757105,0.956,57/87,29.96%,ATP6V1B1;ATP6V1H;PAM;TMED10;IGF2R;TMX1;PPT1;CLN5;ICA1;SNAP23;GLA;M6PR;SNX2;TOM1L1;TSPAN8;TMED2;LMAN1;CLTC;AP2B1;AP2S1;ATP7A;SEC24D;GNAS;SCAMP3;SEC22B;VAMP3;SH3GL2;RAB5A;ADAM10;COPB1;ARFGEF1;NAPA;SSPN;ARFGAP3;LAMP2;SEC31A;RAB9A;VAMP7;VPS4B;RAB14;SCRN1;STX16;CLCN3;CD63;ARCN1;CAV2;RER1;BNIP3;ERGIC3;BET1;AP3S1;STX12;GALC;ARFIP1;AP3B1;VPS45;ARF1
prerank,"GO_Biological_Process_2021::regulation of DNA-templated transcription, elongation (GO:0032784)",-0.5246142933690172,-1.8025796439643806,0.0066555740432612314,0.01697807019174172,0.982,11/27,11.86%,TSFM;WDR43;CCNT2;HTATSF1;SUPT16H;TCEA2;CCNT1;CCAR2;CCNK;KAT7;EAF1
prerank,GO_Biological_Process_2021::regulation of protein polymerization (GO:0032271),0.6161458517301709,1.8017500067862504,0.001422475106685633,0.008428579983252029,0.957,11/30,17.15%,ARHGAP18;COTL1;PFN3;DBN1;HCLS1;ESAM;TPPP3;PAK3;CTTN;DBNL;CAMSAP3
prerank,GO_Biological_Process_2021::ncRNA 3'-end processing (GO:0043628),-0.6357111335346329,-1.8013958805495873,0.002770083102493075,0.01710614943385181,0.9825,7/14,18.73%,SAGE1;INTS7;INTS12;INTS2;ERI1;TOE1;PTCD1
prerank,GO_Biological_Process_2021::negative regulation of epithelial cell migration (GO:0010633),0.6186461171060026,1.8012491872821248,0.0013879250520471894,0.008469471523418788,0.9595,18/29,22.02%,DCN;STC1;EVL;THBS1;PTPRR;PTPRM;NR2F2;CORO1C;ADAMTS9;APOH;SLIT2;PTPRG;PTEN;APOE;SYNJ2BP;ADGRB1;DUSP10;VASH1
prerank,GO_Biological_Process_2021::tRNA export from nucleus (GO:0006409),-0.4928156606543128,-1.8006151477945787,0.0,0.017149677570607997,0.9825,13/33,12.85%,NOL6;XPOT;NUP205;POM121;NUP133;NUP188;NUP35;NUP37;AAAS;NUP160;NUP43;POM121C;NDC1
prerank,GO_Biological_Process_2021::tRNA-containing ribonucleoprotein complex export from nucleus (GO:0071431),-0.4928156606543128,-1.8006151477945787,0.0,0.017149677570607997,0.9825,13/33,12.85%,NOL6;XPOT;NUP205;POM121;NUP133;NUP188;NUP35;NUP37;AAAS;NUP160;NUP43;POM121C;NDC1
prerank,GO_Biological_Process_2021::regulation of vascular associated smooth muscle cell proliferation (GO:1904705),0.6385385085834465,1.799151220559976,0.001463057790782736,0.008700841510567553,0.963,17/24,22.10%,IGFBP5;EFEMP2;CNN1;ADIPOQ;NR4A3;PRKG1;ADAMTS1;TPM1;JUN;GJA1;PDCD4;PTEN;MEF2C;FGF9;SOD2;CDKN1A;APLN
prerank,GO_Biological_Process_2021::positive regulation of reactive oxygen species biosynthetic process (GO:1903428),0.7797243332395987,1.798025902498207,0.0016420361247947454,0.008818338387554935,0.9645,9/10,20.48%,TLR6;DUOXA2;CD36;RAB27A;PLCG2;CYBA;SLC5A3;ADGRB1;DUOXA1
prerank,GO_Biological_Process_2021::gluconeogenesis (GO:0006094),0.6011657765728149,1.7980038289335551,0.0006939625260235947,0.008801820531960469,0.9645,25/38,27.32%,MDH1;PGAM2;FBP2;RBP4;FBP1;PPARGC1A;SLC39A14;GPI;PER2;ALDOB;ALDOC;SLC25A11;PGAM1;SLC25A10;ALDOA;GAPDH;PCK1;MDH2;ENO3;PGM1;PGK1;GAPDHS;PCK2;ENO2;CRY1
prerank,GO_Biological_Process_2021::transition metal ion homeostasis (GO:0055076),0.641140805911536,1.7977246914465512,0.003589375448671931,0.008821804456023503,0.9645,17/25,23.44%,SLC11A1;SLC40A1;CYBRD1;HEPH;HEPHL1;SLC39A14;HMOX1;CP;FTL;HFE;B2M;TMC8;COMMD1;IREB2;XIAP;PICALM;HMOX2
prerank,GO_Biological_Process_2021::amino acid transport (GO:0006865),0.5728260689015902,1.7975616098764589,0.0,0.008827162137022301,0.9655,17/46,15.21%,SLC38A6;SLC6A6;SLC38A10;SLC7A7;SLC25A47;SLC43A2;SLC7A10;SLC43A1;PDPN;SLC25A45;SLC7A9;SLC3A1;SLC36A1;SLC7A8;SLC7A6;SLC3A2;SLC38A7
prerank,GO_Biological_Process_2021::defense response to protozoan (GO:0042832),0.7627930676217449,1.7973648176682464,0.0024271844660194173,0.008835607023244728,0.9655,11/12,21.45%,SLC11A1;GBP4;BATF;BATF2;CLEC7A;PF4;IRF4;GBP7;MYD88;GBP2;LYST
prerank,GO_Biological_Process_2021::negative regulation of cytoskeleton organization (GO:0051494),0.644515672073378,1.796872661016949,0.0022091310751104565,0.008883323315549469,0.966,12/25,20.14%,KANK3;PLEKHH2;CORO1A;MYADM;CAV3;SLIT2;TWF2;SSH1;LIMA1;TJP1;ARPIN;SHANK3
prerank,GO_Biological_Process_2021::pulmonary valve development (GO:0003177),0.7528415094541256,1.7966075080005668,0.0040650406504065045,0.008896776836716518,0.966,10/12,23.70%,SMAD6;ROBO2;TNFRSF1B;HEYL;BMP4;SLIT2;ROBO1;JAG1;STRA6;HEY1
prerank,GO_Biological_Process_2021::DNA methylation (GO:0006306),-0.568497181052572,-1.7963543295441833,0.011075949367088608,0.01777244335301872,0.984,13/21,23.16%,TEX15;ZFP57;BEND3;ATRX;EHMT1;DMAP1;PICK1;ATF7IP;BAZ2A;GATAD2A;N6AMT1;HELLS;METTL4
prerank,GO_Biological_Process_2021::regulation of mitochondrial membrane potential (GO:0051881),0.6283568964887483,1.7960245974636129,0.0007102272727272727,0.008953437575610675,0.966,18/26,26.46%,PID1;SLC25A36;PMAIP1;PYCR1;PRELID1;SLC4A11;VCP;ARL6IP5;PPA2;PRDX3;BAK1;TUSC2;UBB;LRRK2;PIP5KL1;SLC25A33;BAX;RNF122
prerank,GO_Biological_Process_2021::positive regulation of protein phosphorylation (GO:0001934),0.469968950294879,1.795214916233903,0.0,0.009040700811508763,0.9675,109/234,23.49%,CACUL1;JTB;ADTRP;WDFY2;TMEM119;MARCO;RARRES2;FPR2;CHI3L1;FAM20A;GDF15;MYDGF;CLEC6A;PLAUR;ITLN1;MMD;ADIPOQ;CCL21;KNDC1;CCL19;AGAP2;GH1;LIMCH1;CCR7;LCP2;CSF3;GATA1;HCLS1;TREM2;LEP;IL34;CX3CR1;BMP6;CREBL2;LAT;PAK1;NEK10;CSPG4;LIF;FGF20;CAV1;FGF17;SH2D3C;FGF16;SFRP2;EGF;ADCYAP1;LIMK2;FGF8;OSM;VTN;SPHK1;HFE;BMP4;FGF7;FAS;TOM1L1;INHBE;PLCG2;BDNF;ILK;FGF10;GDF5;AZU1;RPS6KA4;RAP2C;PRKD2;RALB;NPTN;FGF9;TDGF1;PECAM1;DAB2;RIPK2;LRP8;IL11;TAOK2;NTF3;MAP2K3;BANK1;TBK1;RASGRP1;IL3;GDF10;BMP7;SOX9;SNX9;INHBB;INHA;EFNA5;FGF19;CDKN1A;BMP2;RELN;ANGPT4;SDCBP;THPO;FGF18;FLOT1;STK4;AXIN2;LRRK2;NTF4;PRKAG2;AVP;PDGFD;TCL1B;TBX1;FNIP2
prerank,GO_Biological_Process_2021::regulation of vascular associated smooth muscle cell migration (GO:1904752),0.7526850677428158,1.7951488695402245,0.00734094616639478,0.009034253816079639,0.9675,8/11,16.37%,IGFBP5;ADIPOQ;NR4A3;PRKG1;ADAMTS1;TPM1;MEF2C;FGF9
prerank,GO_Biological_Process_2021::regulation of transcription by RNA polymerase I (GO:0006356),-0.6040708040924816,-1.792613204134668,0.001422475106685633,0.0183106547696529,0.9845,9/16,21.87%,RASL11A;WDR75;HEATR1;WDR43;UTP15;UBTF;PHF8;BNC1;MAF1
prerank,GO_Biological_Process_2021::neuron cell-cell adhesion (GO:0007158),-0.6219387419016322,-1.7922358818556654,0.005291005291005291,0.018306237160256228,0.9845,5/15,6.28%,NLGN3;NRXN3;NLGN4X;NLGN2;NRXN2
prerank,MSigDB_Hallmark_2020::UV Response Dn,0.5065086368997045,1.7921882903047852,0.0005797101449275362,0.009359505821451685,0.97,43/99,18.22%,EFEMP1;FBLN5;ANXA4;IGFBP5;CAP2;VAV2;NFIB;LTBP1;TGFBR3;SDC2;MMP16;RND3;HAS2;VLDLR;FHL2;SNAI2;LDLR;ID1;PDLIM5;PTPRM;SMAD3;GJA1;ICA1;CAV1;AMPH;KALRN;ADGRL2;MYC;MT1E;PTGFR;PTEN;RGS4;BDNF;TGFBR2;AGGF1;DLC1;GRK5;DUSP1;DAB2;CELF2;PIAS3;MIOS;RUNX1
prerank,GO_Biological_Process_2021::polyol biosynthetic process (GO:0046173),-0.610692674153628,-1.7921417116885896,0.013831258644536652,0.018274075537226646,0.9845,8/15,16.23%,PPIP5K1;IPPK;CYP2R1;PPIP5K2;IP6K3;IP6K2;ITPKB;IPMK
prerank,GO_Biological_Process_2021::positive regulation of interleukin-12 production (GO:0032735),0.6812531419895905,1.7921406895059968,0.004583651642475172,0.009343232694245522,0.97,13/17,18.61%,LAPTM5;CLEC7A;CCL19;SCIMP;CCR7;TIRAP;IL16;IL23R;IRF5;PLCG2;RIPK2;HSPD1;LGALS9
prerank,GO_Biological_Process_2021::microtubule depolymerization (GO:0007019),-0.599546172356235,-1.7919164850982423,0.004225352112676056,0.018250260463717256,0.9845,9/17,13.12%,KIF18B;KIF24;KIF19;CKAP5;KIF2C;KIF18A;KIF14;STMN4;KIF2A
prerank,GO_Biological_Process_2021::mitotic G2 DNA damage checkpoint signaling (GO:0007095),-0.5393162500599971,-1.7917172716142273,0.0049261083743842365,0.018213609587620957,0.9845,9/24,11.31%,TICRR;TOPBP1;FZR1;UIMC1;DONSON;TRIM39;BLM;NBN;CLSPN
prerank,GO_Biological_Process_2021::regulation of cytosolic calcium ion concentration (GO:0051480),0.5086067258564579,1.79163362343242,0.0,0.009379019060991443,0.97,69/95,25.65%,CMKLR1;FPR3;FPR2;C3AR1;SPPL3;FPR1;CALB1;KNG1;C5AR2;CALCB;CXCL13;CAV3;PTGIR;SAA1;CCR7;EDN1;CCL1;CXCR3;CX3CR1;SMAD3;CD36;XCR1;SCGN;CCR3;CAV1;ACKR4;CCR8;GHRL;CCR10;CLN3;ADCYAP1;CCR6;CXCR6;CD24;CXCR5;PTGFR;EDN2;PLN;IAPP;F2RL1;CD55;TRPC4;SLC35G1;NPTN;ABL2;CCRL2;CALB2;GPR35;WBP2NL;DLG4;HCRTR1;RYR2;ACKR2;YWHAE;PLCZ1;ACKR3;PLCE1;SLC8A1;TRPC6;LPAR2;ATP2B2;LPAR1;TAC1;ADCY8;SLC8B1;LPAR3;ATP2B3;TRPC3;TRPC1
prerank,GO_Biological_Process_2021::innate immune response in mucosa (GO:0002227),0.8018038238953594,1.7908468964640507,0.0008547008547008547,0.009480786619978738,0.972,8/10,16.14%,CAMP;RNASE2;RPL39;DEFA4;RNASE3;LTF;PLA2G1B;DEFB1
prerank,GO_Biological_Process_2021::regulation of protein metabolic process (GO:0051246),0.5869289802757467,1.7903890795153945,0.0006858710562414266,0.009522235199965135,0.972,24/36,26.14%,SERPINB13;LILRB2;PLAUR;ABCA7;SERPINB4;LTBP4;LDLR;MTPN;ANGPTL8;VPS35;WFS1;FURIN;TMEM9;GSAP;SSH1;APOE;GBA;TRAF3;MAPK7;KLF4;NEDD4L;CHMP6;KLF2;PARL
prerank,GO_Biological_Process_2021::negative regulation of toll-like receptor signaling pathway (GO:0034122),0.6397846530682878,1.7898304133880762,0.002861230329041488,0.009579724971603693,0.9735,14/26,19.41%,GPR108;CD300LF;CD300A;LILRA2;TLR6;TREM2;NFKBIL1;TICAM2;TNFAIP3;F2RL1;IRAK3;SARM1;NR1D1;GRAMD4
prerank,GO_Biological_Process_2021::regulation of viral genome replication (GO:0045069),0.5433879113970428,1.788813063997643,0.0012539184952978057,0.009692591181771144,0.974,26/58,15.13%,TMEM39A;RNASEL;RSAD2;CCL5;PABPC1;OASL;OAS1;LTF;IFITM3;OAS2;SLPI;APOBEC3G;IFITM1;IFIT1;OAS3;ISG20;IFIH1;MX1;IFIT5;EIF2AK2;APOBEC3A;BST2;PLSCR1;IFITM2;FAM111A;NR5A2
prerank,GO_Biological_Process_2021::positive regulation of endocytosis (GO:0045807),0.5845547925376369,1.7885928884732891,0.000691085003455425,0.009702073006132402,0.974,24/39,23.39%,APOA5;CCL21;CCL19;TREM2;NCKAP1L;PPT1;CD151;TOR1A;RAB31;CLN3;VTN;HFE;CBL;B2M;STAP1;F2RL1;DAB2;SGIP1;ANO6;APOE;CDC42;FLOT1;RAB21;NEDD4L
prerank,GO_Biological_Process_2021::regulation of telomere maintenance (GO:0032204),-0.5388366623358752,-1.7880023804185714,0.001594896331738437,0.01883094092558968,0.986,11/24,11.74%,RAD50;ERCC4;GNL3;ATRX;XRCC5;UPF1;SIRT6;SMG5;TERF2;NBN;PIF1
prerank,GO_Biological_Process_2021::regulation of sprouting angiogenesis (GO:1903670),0.6538920751239387,1.787986862008856,0.0014492753623188406,0.009764887253099375,0.974,18/23,27.88%,THBS1;RHOJ;FGF16;ADAMTS9;CEACAM1;S100A1;BMPER;SYNJ2BP;TJP1;GLUL;FGF18;SMAD1;KLF4;PKM;JMJD8;SEMA6A;KLF2;EPN1
prerank,GO_Biological_Process_2021::regulation of NLRP3 inflammasome complex assembly (GO:1900225),0.7329303148199782,1.7876682276418583,0.003952569169960474,0.009791267809948575,0.974,10/13,19.30%,TLR6;GBP5;MEFV;TREM2;CD36;EIF2AK2;NLRC3;MYD88;PYDC1;USP50
prerank,GO_Biological_Process_2021::positive regulation of cysteine-type endopeptidase activity (GO:2001056),0.5652588738969944,1.7848597937968431,0.0013063357282821686,0.010175582235099501,0.9765,26/47,21.22%,UACA;LGMN;CLEC7A;PPM1F;AIM2;SOX7;TNFSF10;MEFV;CARD9;CYFIP2;PMAIP1;NLRC4;MYC;CTSD;CIDEB;CYCS;ARL6IP5;RIPK2;BLID;BAK1;USP50;GRAMD4;BCL10;PYCARD;NOD1;CARD8
prerank,GO_Biological_Process_2021::regulation of cholesterol efflux (GO:0010874),0.6339931574859431,1.78462977651188,0.0021141649048625794,0.010178004256104264,0.9765,11/25,12.16%,ABCA8;TTC39B;CETP;ABCA7;ADIPOQ;CES1;PLTP;TREM2;PON1;CAV1;APOA1
prerank,GO_Biological_Process_2021::hyaluronan metabolic process (GO:0030212),0.6968669335962187,1.7846074690104883,0.0007587253414264037,0.010157442631344457,0.9765,15/17,26.90%,LYVE1;HAS2;HYAL2;HYAL1;STAB2;HEXB;HEXA;HAS3;HYAL4;HAS1;CHP1;SLC9A1;HYAL3;ABCC5;CEMIP
prerank,GO_Biological_Process_2021::regulation of T cell chemotaxis (GO:0010819),0.7414557494717965,1.7837482637690487,0.004058441558441558,0.010256840600478647,0.9775,7/12,11.34%,CCL21;CCL5;S100A7;CXCL13;XCL2;CCL27;XCL1
prerank,GO_Biological_Process_2021::positive regulation of T cell chemotaxis (GO:0010820),0.7414557494717965,1.7837482637690487,0.004058441558441558,0.010256840600478647,0.9775,7/12,11.34%,CCL21;CCL5;S100A7;CXCL13;XCL2;CCL27;XCL1
prerank,GO_Biological_Process_2021::protein localization to chromatin (GO:0071168),-0.6270032991308261,-1.7837373363435534,0.008241758241758242,0.01951536637685627,0.9885,9/14,17.02%,LRWD1;MCM8;MCM9;MSH2;RAD21;WAPL;NIPBL;FAM47E;LEMD2
prerank,GO_Biological_Process_2021::dolichol-linked oligosaccharide biosynthetic process (GO:0006488),-0.5901699805922854,-1.783549199249377,0.014285714285714285,0.019497607031490366,0.9885,8/17,13.90%,SRD5A3;DHDDS;DPAGT1;MVD;ALG1;ALG14;ALG2;DOLK
prerank,GO_Biological_Process_2021::DNA geometric change (GO:0032392),-0.5296636589429945,-1.783273303656681,0.007961783439490446,0.019481561706940997,0.9885,12/24,15.24%,RAD50;RECQL5;MCM9;WRN;POT1;ASCC3;BLM;NBN;ZRANB3;PIF1;RECQL;DHX9
prerank,GO_Biological_Process_2021::activation of GTPase activity (GO:0090630),0.509921428951718,1.7825895822352087,0.0005931198102016608,0.01039410708410095,0.9785,38/91,21.47%,GPR65;ARHGAP25;TBC1D9;RABGAP1L;ADPRH;TBC1D9B;SYDE1;TBC1D2B;ABR;TBC1D22A;ARHGAP29;CCL21;CXCL13;CCR7;TBC1D10C;ARHGEF15;FOXJ1;ARHGEF19;CORO1C;RALGAPA2;ARHGEF10;TBC1D2;SGSM1;ARHGEF16;GMIP;TBC1D3B;RAP1GAP2;ARHGEF5;NTF3;RASGRP1;TBC1D5;TBC1D16;RAP1GAP;NGEF;RHOG;ARHGAP24;TBC1D12;ARHGEF26
prerank,GO_Biological_Process_2021::positive regulation of cell migration (GO:0030335),0.47351756503597153,1.782232509020888,0.0,0.01041192061559109,0.9785,80/184,20.68%,FAM107A;CPNE3;VIL1;SYDE1;ZNF703;MYOC;F7;MYADM;TWIST2;CCL26;CCL5;CLEC7A;THBS1;DMTN;SERPINB3;PPM1F;S100A11;CDH5;PDPN;HAS2;AIF1;CCL7;HIF1A;HYAL1;EDN1;SNAI2;GLIPR2;FERMT1;NCKAP1L;PODXL;APELA;SEMA3G;MYO1C;ITGAX;RHOD;PAK1;CTSH;CD151;ITGA6;MADCAM1;NEDD9;FERMT2;CAV1;GRN;SEMA3A;EGF;VTN;CXCL16;SPHK1;SEMA3D;XBP1;SEMA6D;C1QBP;PLCG2;FGF10;FAM83H;F2RL1;ACTN4;HSPA5;TDGF1;PECAM1;DAB2;PLCG1;NTF3;SEMA3F;CCL3;CCL24;FERMT3;RHOC;NUMB;GRB7;SOX9;SOD2;CASS4;SEMA6B;TJP1;SEMA6C;MYLK;BMP2;SDCBP
prerank,GO_Biological_Process_2021::acylglycerol homeostasis (GO:0055090),0.689140099438875,1.7818189676200544,0.001594896331738437,0.010444496015491942,0.9785,13/17,25.19%,APOA5;CETP;APOC2;LPL;LIPC;ANGPTL8;APOA1;ANGPTL4;GPIHBP1;APOE;SCARB1;MLXIPL;RORA
prerank,MSigDB_Hallmark_2020::DNA Repair,-0.38271683833693326,-1.7813569266100961,0.0,0.019770840285899868,0.989,51/127,19.84%,RFC2;RPA3;POLL;ERCC4;NELFB;POLR3C;ERCC5;RPA2;LIG1;TARBP2;POM121;GTF2H3;ERCC8;TAF13;GTF2H1;POLR2C;POLH;CCNO;NELFCD;POLE4;POLR1C;AAAS;ERCC3;SSRP1;RFC4;SNAPC4;GTF3C5;DGCR8;XPC;NUDT9;RFC5;GTF2H5;RFC3;FEN1;RAD52;NELFE;GTF2F1;NUDT21;CSTF3;AGO4;DDB2;MPG;BRF2;USP11;CANT1;CETN2;ZNRD1;ZWINT;DUT;PCNA;NME3
prerank,GO_Biological_Process_2021::peptidyl-lysine trimethylation (GO:0018023),-0.5290214529882354,-1.7811994539440814,0.0031496062992125984,0.019731743116030136,0.989,10/24,16.92%,BEND3;KMT5C;SETD4;SMYD5;KMT2D;SETD1B;SETD2;SUV39H1;SETD1A;KMT5B
prerank,"GO_Biological_Process_2021::phagocytosis, engulfment (GO:0006911)",0.5971050308928683,1.7803564876630176,0.003484320557491289,0.01062596342996659,0.9805,20/33,21.86%,ARHGAP25;MARCO;HAVCR1;MSR1;THBS1;IGLL5;RHOH;AIF1;SH3BP1;CD36;MYH9;RAC2;GULP1;BIN2;ARHGAP12;GSN;ADGRB1;RHOG;CDC42;XKR8
prerank,GO_Biological_Process_2021::regulation of bone mineralization (GO:0030500),0.5732082284296053,1.7789722935627381,0.001984126984126984,0.010828376438793058,0.983,25/41,22.84%,OSR1;TMEM119;ECM1;SRGN;FBN2;PKDCC;ENPP1;STATH;TWIST1;AHSG;BMP6;ATRAID;BMP2K;BMP4;MEF2C;TFAP2A;KL;CCL3;ANO6;BMP7;CYP27B1;BMP2;SLC8A1;ISG15;BMPR1B
prerank,GO_Biological_Process_2021::regulation of lysosomal lumen pH (GO:0035751),0.7446696416695465,1.7781197308006782,0.003281378178835111,0.010935618835025057,0.984,11/12,22.34%,TMEM165;PPT1;CCDC115;CLN5;GRN;CLN3;ATP6AP2;CLN6;TMEM9;TMEM199;LRRK2
prerank,GO_Biological_Process_2021::tRNA transport (GO:0051031),-0.4695201057019236,-1.7777702296591882,0.001851851851851852,0.02025508822454473,0.99,13/36,12.85%,NOL6;XPOT;NUP205;POM121;NUP133;NUP188;NUP35;NUP37;AAAS;NUP160;NUP43;POM121C;NDC1
prerank,GO_Biological_Process_2021::epithelial to mesenchymal transition (GO:0001837),0.5917174685080323,1.7773696351963255,0.0070921985815602835,0.01102575821360511,0.9845,20/33,26.23%,AKNA;S100A4;TGFBR3;HIF1A;SNAI2;NOTCH4;LIMS1;HMGA2;LOXL3;HEYL;TBX3;BMP7;SOX9;BMP2;EOMES;NOG;HEY1;LEF1;SNAI1;FOXF2
prerank,GO_Biological_Process_2021::regulation of sequestering of triglyceride (GO:0010889),0.7407596796947662,1.7758433864559655,0.004016064257028112,0.011197783660196121,0.9865,8/12,14.18%,LPL;OSBPL11;CIDEA;TREM2;ABHD5;PLIN2;PLIN5;OSBPL8
prerank,GO_Biological_Process_2021::regulation of proteolysis (GO:0030162),0.5684320491031096,1.775774925050619,0.0013486176668914363,0.011183470845340228,0.9865,21/43,21.14%,CST4;SERPINB13;PLAUR;KNG1;CSTA;CST3;SERPINB3;SERPINB4;CYFIP2;LTBP4;CLN8;CAV1;CLN3;SERPINE2;CLN6;GSAP;BAK1;STUB1;CSTB;TRAF3;RNF139
prerank,GO_Biological_Process_2021::acylglycerol metabolic process (GO:0006639),0.5995419292397557,1.7753495887581356,0.0014054813773717498,0.011224802129990049,0.988,13/33,14.34%,APOA5;CETP;APOA2;LPL;CAV3;APOBR;GK;APOC1;AWAT2;CAV1;ABHD2;APOH;DGKK
prerank,GO_Biological_Process_2021::lipid transport (GO:0006869),0.507359940170921,1.7749383700770325,0.0011792452830188679,0.011269863901061637,0.9885,44/95,21.74%,ABCA8;APOL2;SLCO2A1;NPC2;PRELID3A;GM2A;APOA5;CETP;LBP;NPC1L1;ABCA7;SLC27A3;ABCA6;PLTP;MFSD2B;ABCA9;CLN8;LDLR;TNFAIP8L3;CD36;ABCA10;SLCO2B1;APOA1;CLN3;FABP2;CEACAM1;OSBPL8;NCOA2;OSBPL5;PRELID1;PITPNB;PCTP;TRIAP1;FABP5;ABCG4;APOE;SLCO1B1;ABCC4;ABCG5;PRELID3B;ABCG1;SCARB1;SLC10A2;PITPNC1
prerank,GO_Biological_Process_2021::regulation of nitric oxide biosynthetic process (GO:0045428),0.6359916262795373,1.7747052614890924,0.007309941520467836,0.011273950239729508,0.9885,18/24,23.53%,PTGIS;TLR6;CLEC7A;EDN1;AGXT2;CX3CR1;CD34;DDAH2;SMAD3;CD36;GLA;CAV1;SIRPA;ZC3H12A;PKD2;DDAH1;KLF4;ASS1
prerank,GO_Biological_Process_2021::negative regulation of defense response (GO:0031348),0.5360635417798616,1.7741617254683903,0.0018726591760299626,0.011342976057458641,0.989,30/61,22.60%,METRNL;C1QTNF3;AOAH;FPR2;TNFAIP8L2;PROC;PTGIS;ADIPOQ;CDH5;SAA1;MEFV;TNFAIP6;VPS35;APOA1;GHRL;C1QBP;GATA3;NLRP12;TNFAIP3;SIRPA;NLRC3;IRAK3;APOE;NR1D1;GBA;PTPN2;FFAR4;DHX58;MAPK7;KLF4
prerank,GO_Biological_Process_2021::proton transmembrane transport (GO:1902600),0.6244759661733787,1.7732105750764275,0.002857142857142857,0.011456240758920544,0.989,21/26,23.24%,HVCN1;ATP6V0A4;ATP6V1B1;NOX5;ATP6V1H;SLC36A1;ATP6V1A;ATP12A;ATP6V1F;ATP6V0E2;ATP1A4;ATP6V0E1;SLC4A11;ATP6V0D1;UCP1;ATP1A3;ATP6V0C;UCP3;SLC46A1;UCP2;SLC9A1
prerank,GO_Biological_Process_2021::negative regulation of DNA-binding transcription factor activity (GO:0043433),0.4908458757219409,1.772392330126924,0.0,0.011559406039324212,0.989,54/114,23.07%,TMIGD3;MDFI;CMKLR1;ANXA4;ID3;COMMD6;PTGIS;TMSB4X;AIM2;SFRP4;GFI1;NUPR1;FOXP3;NFKBIL1;IRAK2;ID1;FOXJ1;TRIB1;COMMD7;DAP;XCL1;CYP1B1;NFKBIE;FOXS1;CEBPG;HEYL;GLIS2;WFS1;NLRP12;ARRB2;TNFAIP3;NLRC3;SPI1;PKHD1;COMMD1;IRAK3;PRMT2;PYDC1;ZC3H12A;BMP7;PKD2;RWDD3;PYCARD;FOXH1;ID2;EOMES;TRAF3;CARD8;CHP1;KLF4;PHB2;SIGIRR;FOXA2;ADORA3
prerank,GO_Biological_Process_2021::positive regulation of blood coagulation (GO:0030194),0.7815530126133969,1.7720305699538739,0.0016090104585679806,0.011597593468734927,0.989,8/10,18.16%,THBS1;DMTN;SERPINF2;HRG;USF1;APOH;THBD;ANO6
prerank,GO_Biological_Process_2021::presynapse organization (GO:0099172),-0.68668067502204,-1.771943252367468,0.010935601458080195,0.021277088136919305,0.9925,4/10,7.96%,NLGN3;NLGN4X;NLGN2;WNT7A
prerank,GO_Biological_Process_2021::chloride transmembrane transport (GO:1902476),-0.49159918439984596,-1.7718037265139297,0.010676156583629894,0.02124160907016155,0.9925,16/33,11.27%,GABRA2;GABRR2;ANO2;ANO7;GLRA3;GABRR1;SLC4A8;ANO4;GLRB;SLC12A5;SLC6A1;GABRE;LRRC8A;SLC12A2;SLC12A4;GABRB1
prerank,GO_Biological_Process_2021::central nervous system development (GO:0007417),-0.3516949732493655,-1.7717048297826223,0.0,0.021187465409804988,0.9925,57/236,10.78%,SLC6A17;ADAM23;ADAM22;SPINK6;PSPN;NKX2-2;CHST8;HAPLN2;GRHL2;GRIK1;MYRF;PBX4;ZIC2;POU3F3;DLX2;HPCAL4;VCX3B;IL1RAPL2;SCTR;NEUROG3;SOX3;SOX8;SOX11;LIG4;MOG;DNER;GRIN2C;NCOA6;ZIC4;NMUR2;CNTNAP2;ZIC5;NHLH1;SPINK5;VCX;VAX1;MAL;ZIC1;DHX37;EMX1;TBX6;MNX1;CHD7;DSCAML1;KLK6;AHI1;PBX3;MEIS3;CDK5RAP2;ELP3;ATXN1;MAP1S;DHX30;ZIC3;NDRG4;EMX2;NIPBL
prerank,GO_Biological_Process_2021::male meiosis I (GO:0007141),-0.6210288305022419,-1.7707834222768057,0.010723860589812333,0.021315623192585204,0.993,6/14,8.44%,MOV10L1;TDRD9;HSF2BP;ZSCAN21;FOXJ2;MYBL1
prerank,GO_Biological_Process_2021::positive regulation of release of cytochrome c from mitochondria (GO:0090200),0.6443816925517691,1.7701150104595196,0.001447178002894356,0.011875155493856917,0.9905,11/23,15.72%,FAM162A;PLAUR;BIK;TNFSF10;PPIF;PMAIP1;BCL2L11;BMF;BID;HRK;CIDEB
prerank,GO_Biological_Process_2021::bicarbonate transport (GO:0015701),-0.5272215017176665,-1.7700576318118553,0.0046875,0.021405465283722093,0.993,7/26,4.99%,CA5B;CA5A;CA14;SLC4A2;SLC4A8;CA13;SLC4A9
prerank,GO_Biological_Process_2021::embryonic eye morphogenesis (GO:0048048),0.7802925806791968,1.7694834050290957,0.0,0.011951944495733854,0.9905,7/10,15.65%,MFAP5;EFEMP1;MFAP2;FBN2;FBN1;ALDH1A3;RARG
prerank,GO_Biological_Process_2021::positive regulation of T cell mediated cytotoxicity (GO:0001916),0.6581228538744515,1.7691725838484074,0.004709576138147566,0.011981483475362096,0.9905,13/19,24.37%,MR1;CD1A;CD1E;CD1C;CD1D;CD1B;HLA-DRA;XCL1;IL23R;IL12RB1;HLA-A;HLA-B;FADD
prerank,GO_Biological_Process_2021::transition metal ion transport (GO:0000041),0.6051278556068482,1.7684179397767077,0.0021037868162692847,0.012098893179335702,0.9915,23/31,26.47%,SLC11A1;HEPH;HEPHL1;SLC31A1;LTF;COX17;CP;SLC11A2;FTH1;ATP7B;TRPC4;SLC39A2;ATOX1;ATP2C2;SLC31A2;IREB2;ATP7A;ATP2C1;TRPC6;SLC30A8;TRPC3;TRPC1;SLC39A8
prerank,GO_Biological_Process_2021::phosphatidylserine acyl-chain remodeling (GO:0036150),0.6908710959933524,1.7663121667508759,0.003137254901960784,0.01241534265344618,0.992,10/16,20.84%,OSBPL10;PLA2G2D;PLA2G1B;PLA2G2F;OSBPL8;OSBPL5;PLA2G4E;PLA2G4D;PLA2G4B;LPCAT4
prerank,GO_Biological_Process_2021::regulation of receptor-mediated endocytosis (GO:0048259),0.5935676743120307,1.7661924766777641,0.0035335689045936395,0.012411427129596907,0.992,19/32,23.33%,APOA5;APOC2;CCL21;CCL19;APOC1;PPT1;BMP2K;VTN;HFE;CBL;SMAP1;B2M;SGIP1;ARF6;FLOT1;LRPAP1;PICALM;AAK1;RAB21
prerank,GO_Biological_Process_2021::regulation of stress fiber assembly (GO:0051492),0.5374264427822019,1.7657761538266992,0.001257071024512885,0.012452216201302428,0.9925,36/60,24.16%,GPR65;MYOC;EVL;ARHGEF10L;WAS;SERPINF2;PPM1F;PXN;RGCC;LIMCH1;TPM1;RHPN2;ARHGEF15;PAK1;FERMT2;APOA1;ARHGEF10;F11R;ASAP3;ARHGAP6;DLC1;ARHGEF5;CGNL1;RHOA;S100A10;RHOC;PHLDB2;LIMK1;TJP1;PPM1E;ARAP1;CDC42;SORBS3;SLC9A1;WASF2;LPAR1
prerank,GO_Biological_Process_2021::ribosomal large subunit assembly (GO:0000027),-0.5713933046503926,-1.7653677649726351,0.0046801872074883,0.022185474933448655,0.995,10/18,10.13%,RRS1;BOP1;DDX28;BRIX1;MDN1;RPF2;NOP2;PPAN;DHX30;NLE1
prerank,GO_Biological_Process_2021::regulation of receptor signaling pathway via JAK-STAT (GO:0046425),0.6182588745208777,1.763820155011356,0.003563791874554526,0.012751930103987497,0.9935,16/27,20.29%,LEPROT;CCL5;OCIAD2;GH1;OCIAD1;LEP;CRLF3;CYP1B1;CAV1;EGF;PRL;BCL3;IFNL1;SOCS1;SH2B3;IL26
prerank,GO_Biological_Process_2021::diterpenoid metabolic process (GO:0016101),0.5487413981133714,1.7610429809620678,0.0013089005235602095,0.013198258584039141,0.9955,28/49,23.54%,RARRES2;APOA2;APOC2;LPL;SDC2;HSPG2;RBP4;APOM;AWAT2;GPC1;ADH7;GPC6;APOA1;SDC3;GPIHBP1;PLB1;BCO1;AKR1B10;LRP8;AGRN;RHO;APOE;ALDH1A1;STRA6;LRAT;AKR1C1;DHRS3;LRP2
prerank,GO_Biological_Process_2021::regulation of T cell differentiation (GO:0045580),0.615764854419016,1.760655232738076,0.0051928783382789315,0.013245817709456788,0.9955,15/27,21.11%,ZBTB1;CLPTM1;ZAP70;IL2;IL7;RHOH;FOXP3;XBP1;GATA3;PRELID1;TBX21;RUNX1;IFNL1;CAMK4;IL36B
prerank,GO_Biological_Process_2021::determination of heart left/right asymmetry (GO:0061371),-0.471075501520247,-1.7604275053791623,0.003669724770642202,0.023088222020407053,0.995,13/38,10.44%,CCDC39;CCDC40;DNAAF1;STIL;DAND5;BBS7;MEGF8;TBX6;AHI1;FOXN4;BBS5;ZIC3;NDRG4
prerank,GO_Biological_Process_2021::protein polyglutamylation (GO:0018095),-0.6851060857812522,-1.7603098978097849,0.00749063670411985,0.023044814870797146,0.995,6/10,17.12%,TTLL6;CEP41;TTLL4;TTLL1;CFAP20;TTLL11
prerank,GO_Biological_Process_2021::regulation of programmed necrotic cell death (GO:0062098),0.7007623217704853,1.7588444036120778,0.0030840400925212026,0.013524373111843952,0.996,13/15,26.68%,NUPR1;MLKL;FLOT2;STUB1;SDCBP;PDCD6IP;FLOT1;ASAH1;SPATA2;CDC37;PELI1;RIPK3;CYLD
prerank,GO_Biological_Process_2021::positive regulation of cellular biosynthetic process (GO:0031328),0.48386209642868555,1.7588181568306809,0.0,0.013502379543386261,0.996,64/129,23.53%,SMOC2;APOA5;PAOX;PCIF1;TLR6;APOC2;CCL21;CCL5;NNMT;CLEC7A;THBS1;CCL19;RGCC;GCK;NPM2;SORBS1;HIF1A;EDN1;RPL26;AGXT2;PPARGC1A;LDLR;SLC6A9;DDAH2;SMAD3;DUOXA2;CD36;APOA1;PLIN5;EGF;EIF3D;CNEP1R1;STARD4;MYC;SLC45A3;BCL3;EIF4A3;PRKD2;EIF3E;LDB1;PLXNB2;OPN3;HNRNPD;GLI1;STAR;PRMT1;PKD2;GPLD1;NR1D1;GLI2;IRS2;DUOXA1;RPS27L;DDAH1;ARNT;SCARB1;PTPN2;ATP7A;CHP1;EIF6;KLF4;MLXIPL;PASK;ASS1
prerank,GO_Biological_Process_2021::small GTPase mediated signal transduction (GO:0007264),0.503489976295279,1.7580172284167603,0.0006060606060606061,0.013622408859411819,0.996,50/90,28.73%,ARHGAP18;RAB42;RERG;NUCB1;ARHGAP30;ABR;RRAD;JUN;SHC1;RRAS;GRAP2;LAT;RAB38;RIN2;PLK2;RRAS2;RASGRP2;GRAP;RGL2;RALB;CNKSR1;ARHGAP31;RASGRP1;SHC3;KSR2;USP50;G3BP1;CDKN1A;PLCE1;RALA;NUCB2;SOS1;G3BP2;CHP1;RGS19;RHEBL1;CDKN2A;RHEB;KRIT1;ARL3;NTN1;ARHGAP32;GNB1;TIAM2;RALBP1;RUNDC3A;PLD2;CCDC88A;SHC2;TRIM28
prerank,GO_Biological_Process_2021::membrane protein ectodomain proteolysis (GO:0006509),0.7295990377858137,1.7571251477180352,0.0032679738562091504,0.013741044444792329,0.996,11/13,26.31%,SPPL2A;SPPL3;PRTN3;MYH9;ADAM19;SPPL2B;BACE2;ADAM10;HM13;NCSTN;RBMX
prerank,"GO_Biological_Process_2021::regulation of DNA-templated transcription, initiation (GO:2000142)",-0.43321799870670996,-1.7565537448626471,0.0,0.023706227627436585,0.9955,28/51,23.24%,MED1;ZNF45;MED27;MED20;MED14;MED8;MED16;MED23;MED24;MED13;MED6;MED25;MED26;MED15;MED17;MED31;AGO3;MED10;AGO1;AGO4;MED7;CDK8;MOV10;TNRC6A;MED4;CCNC;TNRC6C;MED12
prerank,GO_Biological_Process_2021::regulation of lamellipodium assembly (GO:0010591),0.6104600200098391,1.756539767954817,0.003563791874554526,0.013801171713733648,0.996,23/28,24.35%,AVIL;WAS;DMTN;HRG;ABI3;CYFIP1;OCLN;NCKAP1;RAC2;SLIT2;TWF2;AKIRIN1;ABI2;ACTR2;BRK1;PLCE1;CDC42;ARPC2;TWF1;WASF2;CAPZB;ACTR3;FSCN1
prerank,GO_Biological_Process_2021::nucleic acid phosphodiester bond hydrolysis (GO:0090305),-0.4196855961338858,-1.756455112276743,0.0,0.02365968486437812,0.996,30/61,13.03%,HORMAD1;RFC2;RPA3;RFC1;DNASE1L2;RPA1;FAN1;MUS81;RAD50;UBA52;ERCC4;ERCC5;UBC;POLK;CHD1L;RPA2;OGG1;GTF2H3;REXO4;GTF2H1;XPA;EDC3;ERCC3;RFC4;RFC5;DXO;GTF2H5;RFC3;FEN1;SETMAR
prerank,GO_Biological_Process_2021::late endosome to vacuole transport via multivesicular body sorting pathway (GO:0032511),0.6939568243749608,1.7564486195666893,0.003127443315089914,0.013790971835454599,0.996,13/16,28.14%,TMEM50B;LEPROTL1;LEPROT;TMEM50A;CHMP4C;CHMP7;VPS36;CHMP4B;CHMP4A;VPS25;CHMP6;SNF8;VPS28
prerank,GO_Biological_Process_2021::negative regulation of protein metabolic process (GO:0051248),0.5809940673333402,1.7561260375734762,0.003419972640218878,0.013814394875667192,0.996,23/37,23.21%,PTX3;LILRB2;PFDN5;AGAP2;TREM2;EDN1;AZIN2;LDLR;AZIN1;PHB;FLOT2;FMN2;IAPP;SNX12;IRAK3;APOE;INHBB;ADGRB1;SNX3;CD84;RILP;PFDN2;PFDN1
prerank,GO_Biological_Process_2021::negative regulation of B cell activation (GO:0050869),0.6956757025855104,1.7551580058793272,0.005380476556495004,0.013953191538738237,0.996,11/15,20.53%,SAMSN1;CD300A;MNDA;LAPTM5;TYROBP;FOXJ1;TNFAIP3;BANK1;TNFRSF13B;INHA;ID2
prerank,GO_Biological_Process_2021::neutral amino acid transport (GO:0015804),0.6199053659242744,1.7544653094600913,0.00430416068866571,0.014045926121353053,0.996,10/26,11.18%,SLC38A6;SLC6A6;SLC43A2;SLC7A10;SLC6A7;SLC43A1;SLC7A9;SLC36A1;SLC6A9;SLC7A8
prerank,GO_Biological_Process_2021::protein localization to centrosome (GO:0071539),-0.5667073393144536,-1.7543799802548812,0.009859154929577466,0.02400045052679076,0.996,8/18,7.86%,STIL;CEP192;SPAG5;CEP83;C2CD3;CEP131;NEDD1;KIAA0753
prerank,GO_Biological_Process_2021::positive regulation of peptidase activity (GO:0010952),0.6669906155773616,1.7534777177417924,0.005372217958557176,0.014205103527462792,0.996,7/18,15.44%,RCN3;SERPINB3;MAPK12;CTSH;GRN;PRELID1;VCP
prerank,GO_Biological_Process_2021::clathrin-dependent endocytosis (GO:0072583),0.6052697950658619,1.7534362832579917,0.003687315634218289,0.014184057686601132,0.996,18/26,27.92%,SIGLEC1;CANX;AP2A2;ITSN1;FNBP1L;SGIP1;ITSN2;CLTC;AP2B1;AP2S1;AP2A1;FCHO2;PICALM;FCHSD2;GAK;FCHO1;PIP5K1C;CLTB
prerank,GO_Biological_Process_2021::apoptotic process (GO:0006915),0.4721894761426942,1.7534344572224607,0.0,0.014157545429243,0.996,92/160,27.15%,IFI27L2;FAM162A;IFI27L1;TNFRSF25;IER3;NOX5;BIK;BNIPL;ZNF385A;ARHGEF6;PRF1;CDIP1;CSRNP1;CYFIP2;IFI27;FOXO1;ALOX15B;GZMA;NCKAP1;GZMB;PMAIP1;DUX4;DAP;MX1;BCL2L11;MYC;GZMH;BMF;PAK6;IFIT2;BID;CIDEC;PDCD4;FAS;DCC;PLSCR1;TGFBR2;HK2;MYD88;IAPP;CIDEB;DLC1;PAEP;AIFM2;IFI6;TAOK2;PHLDA2;BCL2L14;DMPK;HSPD1;BAK1;GSDMA;APAF1;EFNA5;MAGEH1;TNFRSF19;RFK;PYCARD;TRAF7;BNIP2;DAPK3;PLK3;CDK11B;STK4;NLRP1;DDIT4;GAPDH;NGFR;ELMO1;TBX1;ATCAY;TSC2;PPP1R15A;ERCC2;FADD;SEMA6A;RNF152;TRAIP;TNFRSF21;CDK11A;ZBTB16;RHOB;TP53AIP1;DAPK1;TP63;BAX;DIABLO;MAGI3;IKBKG;VDAC1;PAWR;TRADD
prerank,GO_Biological_Process_2021::positive regulation of antigen receptor-mediated signaling pathway (GO:0050857),0.710734146392613,1.753287258441529,0.004705882352941176,0.014156960918555788,0.996,11/13,26.95%,NFAM1;TRAT1;CD226;STAP1;PRKD2;BCL10;TESPA1;RAB29;CD81;CARD11;IKBKG
prerank,GO_Biological_Process_2021::regulation of tissue remodeling (GO:0034103),0.7755408837847113,1.753243574979906,0.0025929127052722557,0.014140726003617661,0.996,8/10,18.22%,SUCO;CST3;IL2;LEP;CEACAM1;HAND2;SYT7;RUNX1
prerank,GO_Biological_Process_2021::negative regulation of cell population proliferation (GO:0008285),0.45222283422951226,1.7520633042498892,0.0,0.01432030454563173,0.996,136/295,23.28%,ZNF503;PODN;RERG;TMIGD3;SIRPG;OGN;CD300A;CD164;IGFBP6;FBLN1;IGFBP5;IGFBP7;ANG;MYOCD;KLF10;TP53INP1;SCIN;BNIPL;GATA2;TGFB1I1;P3H1;TP53I11;TGFBR3;S100A11;PTGIR;PDPN;HRG;RGCC;CXCL1;DHRS2;SMAD6;SFRP4;SOX7;IGFBP3;ADAMTS1;ADAMTS8;RBP4;IFITM1;KANK2;NUPR1;AIF1;TREM2;P3H3;PTPN6;FOXP3;ALOX15B;TRIB1;ATF5;DUX4;PAK1;CBFA2T3;ATRAID;HMOX1;TBRG1;TESC;BTG4;BTG1;CCL23;FRZB;IFIT3;CYP1B1;TNN;NUPR2;TNS2;SFRP2;PHB;TP73;MYC;ENPP7;OSM;PER2;BMP4;ETS1;EIF2AK2;GATA6;GATA3;FOXO4;PTEN;NCK2;P3H2;B2M;GDF5;TNFAIP3;FTH1;SST;NLRC3;RARG;DLC1;PML;CEBPA;SULT2B1;TFAP2A;SOX2;APOD;TBX5;ITGA1;TBX3;IFI35;IFNL1;PKD2;SOX9;FGFBP1;CELF1;GPLD1;CYP27B1;TFAP2B;SMARCA2;SOD2;ADGRB1;MN1;CDKN1A;DUSP10;SH2B3;IL26;NUP62;RUNX3;BMP2;VIP;DDAH1;TES;IRF6;RNF139;PTPN2;ADGRG1;CHD5;SLC16A2;ABI1;AXIN2;PTPN14;ALDH1A2;KLF4;BMPR1B;SKI;ADORA3;EMD;NOG
prerank,GO_Biological_Process_2021::regulation of programmed cell death (GO:0043067),0.47980148203034995,1.7519297573520582,0.0,0.014308413440141183,0.996,71/133,26.17%,AMIGO2;TM7SF3;TNFRSF25;TGM2;TP53INP1;CIDEA;TNFRSF10D;IGFBP3;KANK2;PTPN6;TNFRSF10C;PMAIP1;NLRC4;BCL2L11;CTSB;TPT1;GLS2;PHB;TP73;BID;ACTN3;CIDEC;WFS1;FAS;BCL3;FBXO10;PRELID1;ALB;VCP;SRA1;RARG;CIDEB;ACTN4;AIFM2;TP53I3;OLFM4;LRP8;TRIAP1;NTF3;ACTN1;BCL2L14;STEAP3;TMEM219;TOX3;RABGGTA;SOX9;APAF1;RSL1D1;TRAF2;PRDX2;NUP62;USP36;STAT1;DAPK3;ASAH1;LRRK2;ANP32A;BCAR1;DCPS;BNIP3L;HTATIP2;MECOM;RIPK3;PPP1R13B;USP42;TP53AIP1;DAPK1;PHLPP1;TP63;TIGAR;BAX
prerank,GO_Biological_Process_2021::regulation of proteasomal protein catabolic process (GO:0061136),0.5628025402556474,1.7509915534293359,0.0020161290322580645,0.014447644475692679,0.9965,16/40,21.71%,ECSCR;GPX1;LAMP3;NUPR1;TREM2;RHBDF1;TMTC3;BAG2;PSMF1;COMMD1;OSBPL7;APOE;OPHN1;UBB;GABARAPL2;FBXW7
prerank,GO_Biological_Process_2021::ERBB2 signaling pathway (GO:0038128),0.6648683064070161,1.7508095052403896,0.006875477463712758,0.014452012733978338,0.9965,15/18,25.39%,CPNE3;MYOC;PTPRR;SHC1;MATK;EGF;BTC;STUB1;GRB7;SOS1;PTPN18;CUL5;NRG4;CDC37;NRG1
prerank,GO_Biological_Process_2021::protein localization to microtubule organizing center (GO:1905508),-0.578898083636075,-1.7507227491981443,0.010752688172043012,0.0246760562554675,0.9965,8/16,7.86%,STIL;CEP192;SPAG5;CEP83;C2CD3;CEP131;NEDD1;KIAA0753
prerank,GO_Biological_Process_2021::copper ion homeostasis (GO:0055070),0.6774127093636618,1.7505722576243699,0.006875477463712758,0.014461838350180535,0.9965,11/16,21.56%,SLC31A1;MT2A;PRND;ATP7B;COMMD1;ATOX1;SLC31A2;XIAP;CCDC22;COX19;ATP7A
prerank,GO_Biological_Process_2021::muscle organ development (GO:0007517),0.5543746694074059,1.7504316683044785,0.0006666666666666666,0.014454327019472416,0.9965,19/44,17.19%,TAGLN;SMTN;TRIM72;TCF21;CAV3;NEB;MAPK12;CHD2;FHL1;EGR3;ITGB1BP2;SGCG;ITGA11;FHL3;SGCA;MYH3;MEF2B;MEF2C;VAMP5
prerank,GO_Biological_Process_2021::positive regulation of epithelial to mesenchymal transition (GO:0010718),0.6032673272616048,1.7499254595435065,0.004975124378109453,0.014518645796622143,0.9965,22/30,25.91%,ZNF703;TGFB1I1;SERPINB3;PDPN;RGCC;TWIST1;GLIPR2;SMAD3;FERMT2;BAMBI;WWTR1;TGFBR2;DAB2;BMP2;SDCBP;JAG1;AXIN2;LEF1;SMAD2;MDK;SNAI1;SMAD4
prerank,GO_Biological_Process_2021::presynaptic membrane organization (GO:0097090),-0.667933331172307,-1.7495282086390762,0.007722007722007722,0.024883526643347424,0.9965,6/11,12.03%,NLGN3;PTPRD;NLGN4X;NLGN2;IL1RAPL1;CNTN2
prerank,GO_Biological_Process_2021::negative regulation of cellular response to growth factor stimulus (GO:0090288),0.526205916411276,1.7489189961144114,0.003109452736318408,0.014680708800520007,0.9965,37/64,25.95%,HTRA3;MMRN2;EMILIN1;SULF2;CRIM1;THBS1;NEDD4;SMAD6;ADAMTS12;SULF1;CHRD;SPRY1;NBL1;GPC1;BAMBI;SOST;SLIT2;UBE2D1;RBPMS2;BMPER;PTPN1;TNMD;SPRY4;BMP2;SORL1;SMAD1;APLN;SKIL;CASK;BMPR1B;SKI;NOG;LRP2;SOSTDC1;SMURF2;SMAD4;FSTL3
prerank,GO_Biological_Process_2021::blood vessel morphogenesis (GO:0048514),0.5859118657714805,1.7486824155028597,0.0027662517289073307,0.014705438148540457,0.997,20/33,23.37%,RASIP1;LOX;TGFBR3;SERPINF2;HAS2;SOX18;ID1;APELA;CCBE1;CYP1B1;CAV1;NKX2-5;CDH2;TGFBR2;AGGF1;LRP5;SLC1A1;STRA6;GJA5;TBX1
prerank,GO_Biological_Process_2021::lamellipodium organization (GO:0097581),0.6213193051483863,1.748350169310112,0.00362844702467344,0.014731884893525693,0.997,12/24,17.29%,PTPRO;VCL;DMTN;ARHGEF6;PARVB;WASF1;CYFIP1;RHOD;SPEF1;SNX2;CTTN;SNX1
prerank,GO_Biological_Process_2021::transforming growth factor beta receptor signaling pathway (GO:0007179),0.5221025369837633,1.747650601800572,0.0012437810945273632,0.014844851891480626,0.997,34/69,20.31%,FMOD;GDF15;DUSP15;LTBP2;CLDN5;HPGD;TGFBR3;NRROS;CDH5;PXN;LRRC32;SMAD6;JUN;ID1;ZYX;SMAD3;FERMT2;APOA1;BAMBI;F11R;CBL;ARRB2;TGFBR2;GDF5;FURIN;LPXN;PARD3;FOS;RHOA;USP15;GDF10;CGN;UBB;FOXH1
prerank,GO_Biological_Process_2021::aorta development (GO:0035904),0.7666333998669328,1.7475376724468632,0.004084967320261438,0.014831321307467615,0.997,10/10,23.37%,EFEMP2;ROBO2;ADAMTS9;ROBO1;PKD2;TFAP2B;JAG1;TBX2;HECTD1;TBX1
prerank,GO_Biological_Process_2021::positive regulation of actin nucleation (GO:0051127),0.7462469330893664,1.747029329259601,0.004105090311986864,0.01489605093531713,0.997,11/11,25.41%,SCIN;WASF1;CYFIP1;NCKAP1;WASF3;ABI2;BRK1;GSN;WASF2;WHAMM;FCHSD2
prerank,GO_Biological_Process_2021::positive regulation of cell migration involved in sprouting angiogenesis (GO:0090050),0.7696653078246722,1.7455915951568746,0.003276003276003276,0.015181292624046954,0.998,8/10,18.85%,SRPX2;GATA2;RHOJ;HMOX1;FOXC2;ANXA1;MAP3K3;FGFBP1
prerank,GO_Biological_Process_2021::neuron fate commitment (GO:0048663),-0.6566961312436369,-1.744999625947219,0.008951406649616368,0.025818880464825847,0.997,6/11,13.45%,MYT1L;POU4F1;ISL1;FOXN4;POU3F2;SHH
prerank,GO_Biological_Process_2021::blood circulation (GO:0008015),0.6126177033707513,1.7446026140512214,0.0021413276231263384,0.015356222993284123,0.9985,23/27,27.76%,SCPEP1;GPX1;C3AR1;OLR1;ACTC1;ACE2;EPO;XCL2;MYOF;SGCG;NPPB;PLN;EDN3;STAT1;HTR7;GCLM;HOXB2;SGCD;TRDN;TBC1D8;GCLC;AVPR1A;ITGB1BP1
prerank,GO_Biological_Process_2021::negative regulation of endothelial cell proliferation (GO:0001937),0.6287079159331282,1.744541496805799,0.003679175864606328,0.015340077357550443,0.9985,18/24,22.65%,THBS1;RGCC;SULF1;PTPRM;NR2F2;CAV1;GHRL;APOH;PRL;MEF2C;SPARC;TNMD;APOE;SYNJ2BP;ATOH8;STAT1;VASH1;NGFR
prerank,GO_Biological_Process_2021::cortical cytoskeleton organization (GO:0030865),0.5766013968123522,1.7445157589827092,0.003526093088857546,0.015314172659857716,0.9985,21/36,21.32%,RAC3;FHOD3;RND3;RHOH;FMNL1;NCKAP1L;LCP1;NCKAP1;RHOD;RAC2;RHOF;FMNL3;RAB13;RHOQ;RHOA;PLEK;RHOC;RND1;EZR;RHOG;ARF6
prerank,GO_Biological_Process_2021::positive regulation of biosynthetic process (GO:0009891),0.6053878946282816,1.7444701268950207,0.0036075036075036075,0.015292815703579097,0.9985,21/28,23.14%,APOA5;TLR6;SUCO;CCL5;SERPINF2;RGCC;SORBS1;MTPN;CREBL2;CD36;APOA1;RAB27A;BMP4;PLCG2;CYBA;SLC5A3;RUNX1;APOE;ADGRB1;SIRT4;MLXIPL
prerank,GO_Biological_Process_2021::regulation of cardiac muscle cell proliferation (GO:0060043),0.718662693090008,1.7442951351521987,0.004074979625101874,0.015297324572896422,0.9985,11/12,27.94%,TGFBR3;RBP4;TP73;MEF2C;TBX5;GLI1;RUNX1;TBX2;NOG;VGLL4;ZFPM2
prerank,GO_Biological_Process_2021::fructose 6-phosphate metabolic process (GO:0006002),0.7764355490002224,1.7439382751071215,0.0033222591362126247,0.015339987465967073,0.9985,9/10,18.07%,PFKM;FBP2;FBP1;HK3;PFKP;GFPT2;PFKL;HK2;GFPT1
prerank,GO_Biological_Process_2021::positive regulation of actin cytoskeleton reorganization (GO:2000251),0.7356900920636049,1.743331958027793,0.004893964110929853,0.015435662759194018,0.9985,9/12,21.04%,CSF3;HCLS1;BAIAP2;BAIAP2L2;CCL27;BAIAP2L1;STAP1;NTF3;CDC42
prerank,GO_Biological_Process_2021::positive regulation of JUN kinase activity (GO:0043507),0.6781687754779675,1.743087364888534,0.005494505494505495,0.015453159441757802,0.9985,9/16,19.91%,TLR6;TNFRSF11A;EDN1;PAK1;TRAF6;ARHGEF5;TRAF2;SASH1;TAOK3
prerank,GO_Biological_Process_2021::positive regulation of cholesterol efflux (GO:0010875),0.6729904171360637,1.7428010140068102,0.005251312828207052,0.015467061940327511,0.9985,9/17,12.16%,ABCA8;ABCA7;ADIPOQ;CES1;PLTP;TREM2;PON1;CAV1;APOA1
prerank,GO_Biological_Process_2021::regulation of dopamine secretion (GO:0014059),-0.5683851238922999,-1.7427792890733627,0.01772525849335303,0.02620082557324132,0.9975,6/18,7.12%,SYT3;SYT6;SYT10;SYT12;SYT13;SYT11
prerank,GO_Biological_Process_2021::regulation of actin filament depolymerization (GO:0030834),0.7580456893701769,1.742698972069556,0.004152823920265781,0.015457999772476076,0.9985,10/11,19.88%,PLEKHH2;VIL1;MTPN;SH3BP1;WDR1;CFL2;PDXP;F2RL1;PLEK;LIMA1
prerank,GO_Biological_Process_2021::dermatan sulfate proteoglycan biosynthetic process (GO:0050651),0.6925791011196347,1.7424696269775777,0.00546875,0.015482401565862176,0.9985,12/15,21.17%,DCN;VCAN;DSE;BGN;NCAN;CHST14;CSPG4;BCAN;CHST12;CSGALNACT1;CSPG5;UST
prerank,GO_Biological_Process_2021::muscle contraction (GO:0006936),0.49388175055623734,1.7422942039474048,0.0011737089201877935,0.015489152290074998,0.9985,46/96,17.01%,DES;ACTG2;ACTA2;MYH11;LMOD1;TPM2;SMTN;ACTC1;PGAM2;MYLPF;TRIM72;VCL;MYL3;DYSF;MYL10;TMOD4;MYLK2;TNNI1;CAV3;NEB;PXN;TNNT3;TPM1;SORBS1;MYL4;MYOM2;MYBPC1;ACTA1;CALD1;TNNC2;MYBPC2;MYL9;MYOF;TTN;SGCA;TNNT1;CLCN1;FXYD1;ACTN3;TMOD3;MYH3;TLN1;GJC1;MYL6B;ITGA1;MYL6
prerank,GO_Biological_Process_2021::protein import into peroxisome membrane (GO:0045046),-0.5398598431366611,-1.7421209286411277,0.010447761194029851,0.026285447246624,0.9975,12/21,26.23%,PXMP4;ACBD5;PEX26;SLC25A17;PEX19;PEX2;PEX11B;PEX14;PEX12;PEX16;ABCD3;ATAD1
prerank,GO_Biological_Process_2021::rRNA pseudouridine synthesis (GO:0031118),-0.6640828904164128,-1.742096895117224,0.017985611510791366,0.02621266329563887,0.9975,5/10,11.79%,RPUSD4;RPUSD1;RPUSD3;RPUSD2;GAR1
prerank,GO_Biological_Process_2021::positive regulation of lymphocyte migration (GO:2000403),0.7545323947713408,1.7415076796211837,0.001635322976287817,0.01559231190527964,0.999,10/11,23.85%,CCL21;CCL5;AIF1;DOCK8;CCL20;JAM2;SPN;RHOA;PYCARD;TMEM102
prerank,GO_Biological_Process_2021::positive regulation of protein secretion (GO:0050714),0.5339975093132496,1.7414775441196115,0.002577319587628866,0.015569965555902747,0.999,37/57,26.55%,C1QTNF3;TM7SF3;ANG;MYH10;GCK;ADAM8;RBP4;TMED10;TREM2;BMP6;CD2AP;FRMD4A;GHRL;TTN;PLA2G1B;ACSL4;IER3IP1;F2RL1;MCU;NNAT;MYRIP;CAPN10;PPID;IRS2;EZR;ABCG1;ARF6;SYTL4;ANKRD1;PSMD9;APBB3;GOLPH3L;WLS;DOC2B;SLC30A8;GLUD1;EXPH5
prerank,GO_Biological_Process_2021::regulation of regulatory T cell differentiation (GO:0045589),0.660610844618491,1.7407480186157032,0.008178438661710037,0.01570756044357971,0.999,12/18,25.41%,LILRB2;LILRB4;IL2;FOXP3;IL4I1;CD46;RUNX1;SOCS1;DUSP10;SOX12;CBFB;MDK
prerank,GO_Biological_Process_2021::positive regulation of macrophage activation (GO:0043032),0.7291878504587559,1.7405187948575096,0.005555555555555556,0.015730434887660828,0.999,9/12,20.96%,LBP;TLR6;THBS1;TREM2;STAP1;CEBPA;CCL3;HSPD1;TNIP2
prerank,GO_Biological_Process_2021::regulation of smoothened signaling pathway (GO:0008589),-0.460877907108522,-1.7399103532542513,0.005836575875486381,0.02662619671237514,0.9975,17/42,13.45%,HHIP;GAS8;KCTD21;INTU;IFT81;MEGF8;FUZ;OTX2;TTC23;STK36;ZIC1;TULP3;EVC;GAS1;SFRP1;KCTD6;SHH
prerank,GO_Biological_Process_2021::response to metal ion (GO:0010038),0.5407886492447196,1.7394678589448747,0.001953125,0.01591426914410347,0.999,22/52,18.82%,HVCN1;MT1A;CRIP1;AQP9;THBS1;ANXA11;TRPV6;NEDD4;PAM;HIF1A;SLC30A3;MT2A;CAV1;TTN;MT1X;HFE;SLC11A2;PLSCR1;ATP7B;SLC30A2;SLC30A4;PPP1CA
prerank,GO_Biological_Process_2021::regulation of cholesterol transport (GO:0032374),0.6596551310847754,1.7393802593680034,0.005339435545385202,0.015900203642420035,0.999,9/18,12.16%,ABCA8;TTC39B;APOA5;CETP;APOA2;APOC2;ARV1;APOC1;APOA1
prerank,GO_Biological_Process_2021::sarcomere organization (GO:0045214),0.6195703216215248,1.7393628083884036,0.003604902667627974,0.015874043416443467,0.999,12/24,14.37%,CSRP2;MYLK3;FHOD3;TNNT3;TPM1;MYOM2;MYPN;TTN;CSRP3;TNNT1;WDR1;MYH3
prerank,GO_Biological_Process_2021::positive regulation of protein tyrosine kinase activity (GO:0061098),0.6125634557964157,1.7387061234043124,0.002145922746781116,0.01598045980235658,0.999,16/25,21.71%,LILRA5;NCF1;IL34;NEDD9;EGF;EPGN;BDNF;STAP1;AREG;LRP8;BTC;DLG4;PTPN1;CASS4;RELN;FBXW7
prerank,GO_Biological_Process_2021::peptidyl-tyrosine modification (GO:0018212),0.6896035800757099,1.7384173560617524,0.004709576138147566,0.016000928396061893,0.9995,11/15,21.78%,EFEMP1;ZAP70;PKDCC;ABI3;TPST2;PTPN6;ABL2;ABI2;RELN;ABI1;TPST1
prerank,GO_Biological_Process_2021::regulation of endothelial cell apoptotic process (GO:2000351),0.6386483472249467,1.7383871793912806,0.004415011037527594,0.01598076959739687,0.9995,15/21,21.93%,ECSCR;GATA2;THBS1;CDH5;RGCC;CD160;NDNF;PDCD4;GATA3;TNFAIP3;PLCG1;IL11;ANO6;TNIP2;MAPK7
prerank,GO_Biological_Process_2021::central nervous system neuron differentiation (GO:0021953),-0.49483406712323463,-1.738381126138106,0.006611570247933884,0.026920319109996822,0.9975,10/29,9.25%,DRAXIN;GRID2;MDGA2;ZC4H2;AGTPBP1;RYK;ISL1;FOXN4;CBLN1;FAIM2
prerank,GO_Biological_Process_2021::negative regulation of natural killer cell mediated cytotoxicity (GO:0045953),0.6858358269577666,1.7373549719797456,0.006901840490797546,0.016176889735121262,0.9995,12/15,22.99%,KIR2DL4;LILRB1;KLRD1;SERPINB4;SERPINB9;CEACAM1;ARRB2;CLEC12B;LGALS9;MICA;HLA-A;HLA-B
prerank,GO_Biological_Process_2021::regulation of Ras protein signal transduction (GO:0046578),0.5163642854847705,1.7370011667230005,0.001838235294117647,0.016212387959797226,0.9995,36/71,24.45%,LRRC59;DENND4B;DENND4C;ARHGDIB;EPS8L1;KANK2;RASAL3;SHC1;DENND4A;FBP1;EPO;VAV1;EPS8L2;SH3BP1;SPRY1;GABARAP;FGF10;DENND3;DLC1;STARD8;RASGEF1A;RASGRP1;ARHGAP44;SPRY4;OPHN1;ARHGEF28;EPS8;NUP62;IRS2;PLCE1;RDX;ARF6;RAPGEF1;SQSTM1;AKAP13;MYO9B
prerank,GO_Biological_Process_2021::B cell activation (GO:0042113),0.5617851221834581,1.7364044858176837,0.00410958904109589,0.01629926682444542,0.9995,29/40,28.30%,NFAM1;ZAP70;VCAM1;CR2;PHB;CEBPG;PLCG2;AICDA;MEF2C;LAT2;IL11;BANK1;FCRL1;RASGRP1;HSPD1;BLNK;CD79A;GPR183;KLF6;PTPN2;DNAJB9;PHB2;AKAP17A;LYL1;IFNE;RABL3;ADGRG3;NHEJ1;TCF3
prerank,GO_Biological_Process_2021::cellular response to growth factor stimulus (GO:0071363),0.4866523651758109,1.7358707261886013,0.0,0.01637898926435807,0.9995,58/109,23.54%,TMEM100;CPNE3;VIL1;CILP;EEF1A1;MT1G;ADAMTS7;LGMN;RUNX2;CCL5;SYAP1;CLEC3B;IBSP;ADAMTS12;HAS2;HYAL2;HYAL1;SNAI2;SHC1;DSTYK;BMP6;EGR3;SMAD3;XCL1;LIMS1;ZFP36L1;ANXA1;SPHK1;BMP4;NDNF;TWF2;TGFBR2;PRKD2;MEF2C;TDGF1;CORO1B;PLCG1;MAP2K3;DLX5;BMP7;SOX9;STAT5B;HAS1;BMP2;NR4A1;RAB35;EHD1;MAPK7;BCAR1;ANKRD1;KLF4;ZFP36;BMPR1B;STMN2;EMD;TBX1;RAPGEF1;LRP2
prerank,GO_Biological_Process_2021::negative regulation of protein catabolic process (GO:0042177),0.5858223939223245,1.7346504760130403,0.001402524544179523,0.01658418377269613,0.9995,17/32,19.97%,TIMP3;CST3;AGAP2;TIMP4;AZIN2;CTSA;ATRAID;AZIN1;PHB;PTPN3;FMN2;SNX12;IRAK3;TIMP2;TIMP1;ADGRB1;SNX3
prerank,GO_Biological_Process_2021::positive regulation of nitric oxide metabolic process (GO:1904407),0.6810689895528932,1.7340347037260198,0.00779423226812159,0.016685341464831648,0.9995,12/15,23.53%,TMEM106A;TLR6;CLEC7A;EDN1;AGXT2;DDAH2;SMAD3;CD36;PKD2;DDAH1;KLF4;ASS1
prerank,GO_Biological_Process_2021::regulation of ruffle assembly (GO:1900027),0.6522009886047268,1.7334868201930433,0.008520526723470178,0.016778478032578766,0.9995,11/19,21.29%,DEF8;EVL;EPS8L1;ABI3;EPS8L2;CAV1;STAP1;EPS8;RDX;ARHGAP24;NDEL1
prerank,GO_Biological_Process_2021::regulation of vascular endothelial growth factor signaling pathway (GO:1900746),0.7032990330589123,1.73320939084288,0.00312256049960968,0.016810021197187296,0.9995,6/14,10.62%,SMOC2;DCN;ADAMTS3;HRG;CCBE1;MYO1C
prerank,GO_Biological_Process_2021::cellular response to sterol (GO:0036315),0.7136920307397826,1.7331592572839154,0.011164274322169059,0.01679388123167381,0.9995,8/13,19.25%,GRAMD1A;MLC1;GRAMD1C;CES1;CYP7A1;OSBPL7;GPLD1;GRAMD1B
prerank,GO_Biological_Process_2021::regulation of biomineral tissue development (GO:0070167),0.6622849957006133,1.73218231694353,0.007621951219512195,0.01697285770877704,0.9995,11/17,24.60%,ECM1;ENPP1;TWIST1;AHSG;BMP2K;AMTN;CEBPB;SOX9;CYP27B1;HEY1;SGMS2
prerank,GO_Biological_Process_2021::mitochondrial gene expression (GO:0140053),-0.46325006729997414,-1.7315208386591419,0.0,0.02837176492566254,0.9975,15/39,18.90%,GFM2;MRPS2;MRPL2;MRPS17;PTCD3;MRPS12;MRPS11;MRPS18A;LARS2;MRPS14;MRPS28;POLRMT;NOA1;IARS2;MRPS7
prerank,GO_Biological_Process_2021::regulation of release of cytochrome c from mitochondria (GO:0090199),0.5906710532241838,1.7315151526726562,0.0034554250172771253,0.017080950181361423,0.9995,14/32,17.10%,FAM162A;GPX1;PLAUR;BIK;TNFSF10;PPIF;PMAIP1;BCL2L11;BMF;BID;HRK;PRELID1;CIDEB;TRIAP1
prerank,GO_Biological_Process_2021::positive regulation of smooth muscle cell migration (GO:0014911),0.7277157271053938,1.731144430858883,0.008143322475570033,0.01712697407881575,0.9995,8/12,16.37%,IGFBP5;CCL5;NR4A3;S100A11;ADAMTS1;AIF1;VTN;FGF9
prerank,GO_Biological_Process_2021::negative regulation of protein phosphorylation (GO:0001933),0.4781741198542167,1.7303734372487083,0.0,0.01725974713368932,0.9995,53/118,23.79%,SAMSN1;PID1;EMILIN1;FBLN1;MYADM;ADIPOQ;ENPP1;THY1;CAV3;DMTN;PPM1F;TWIST1;SMAD6;IGFBP3;PTPN6;TRIB1;OCLN;CORO1C;CAV1;SFRP2;WWTR1;NCK1;CEACAM1;SLIT2;PTEN;NCK2;NLRP12;SIRPA;DNAJC3;KLHL31;PARD3;DTNBP1;PPP1R15B;UBASH3B;NTF3;TRIB3;PYDC1;ZC3H12A;SFN;DVL1;PAQR3;PPM1E;SNX25;CHP1;DDIT4;LRRK2;PRKAG2;PMEPA1;MLXIPL;SH3GL2;NOG;PIP5KL1;TSC2
prerank,GO_Biological_Process_2021::N-glycan processing (GO:0006491),0.6601854154862183,1.728540117250616,0.006264682850430697,0.01762201911356121,0.9995,14/18,25.15%,MAN1A1;MAN1A2;MAN1C1;ST8SIA1;MAN1B1;GNPTAB;ST8SIA2;ST8SIA4;GANAB;PRKCSH;MGAT4A;ST8SIA5;FUT8;MAN2A1
prerank,GO_Biological_Process_2021::embryonic heart tube morphogenesis (GO:0003143),-0.4632017520242527,-1.7277183349535175,0.003745318352059925,0.029145229606406826,0.9975,12/38,10.44%,CCDC39;CCDC40;DNAAF1;STIL;BBS7;MEGF8;TBX6;AHI1;FOXN4;BBS5;ZIC3;NDRG4
prerank,GO_Biological_Process_2021::sterol biosynthetic process (GO:0016126),-0.4827355921914645,-1.7273292520275227,0.009107468123861567,0.029139554455198988,0.9975,17/32,13.13%,NSDHL;MSMO1;LSS;MVD;SQLE;FAXDC2;SC5D;TM7SF2;PMVK;HSD17B7;LBR;CYP51A1;GGPS1;HMGCS1;IDI1;EBP;MVK
prerank,GO_Biological_Process_2021::regulation of hematopoietic stem cell differentiation (GO:1902036),0.5750754424084993,1.7272913737716356,0.0020718232044198894,0.017866176561041357,0.9995,22/36,23.04%,LMO1;GATA2;TAL1;N4BP2L2;GATA1;LMO2;YAP1;TP73;OSM;MYB;EIF2AK2;GATA3;LDB1;PSMF1;PSMD5;RUNX1;TCF12;PSMB2;PSMA2;PSMA8;PSMB4;PSMD9
prerank,GO_Biological_Process_2021::negative regulation of cysteine-type endopeptidase activity involved in apoptotic process (GO:0043154),0.5670613991296433,1.7268794681999735,0.004123711340206186,0.01792146763075894,0.9995,18/37,22.79%,GPX1;LAMP3;PLAUR;THBS1;CARD16;AQP1;NAIP;IFI6;TRIAP1;SFN;ARL6IP1;YWHAE;XIAP;BCL2L12;KLF4;NGFR;NOL3;AVP
prerank,GO_Biological_Process_2021::wound healing (GO:0042060),0.5354236509945364,1.7255435894611777,0.0006455777921239509,0.01819948712593263,0.9995,28/51,21.90%,AHNAK2;SLC11A1;SPRR3;ANXA6;TRIM72;FER1L5;DYSF;TPM1;ALOX15;PAK1;SMAD3;HMOX1;MYOF;PPL;MYH9;JAML;GATA4;PRCP;DSP;FGF10;CORO1B;PLEC;SYT7;RAB3A;ARL8B;EVPL;SCARB1;SYTL4
prerank,GO_Biological_Process_2021::regulation of neutrophil migration (GO:1902622),0.7546606255667643,1.7253746699759063,0.006796941376380629,0.018203830415992554,0.9995,8/10,20.70%,SLAMF8;RHOH;NCKAP1L;RAC2;OLFM4;BST1;MPP1;RHOG
prerank,GO_Biological_Process_2021::T cell migration (GO:0072678),0.700093251220907,1.7240995376894888,0.004803843074459567,0.018449531353332656,0.9995,10/13,19.63%,XG;ZAP70;MYO1G;CCL26;CXCL11;CCL20;CXCL16;CCR6;CCL3;GPR183
prerank,GO_Biological_Process_2021::negative regulation of leukocyte cell-cell adhesion (GO:1903038),0.7056564121824418,1.7234312909759253,0.008143322475570033,0.018551825544747397,0.9995,7/13,17.81%,ADTRP;PTPN22;TNFAIP8L2;LAPTM5;FGL1;IL4I1;PAG1
prerank,GO_Biological_Process_2021::positive regulation of receptor signaling pathway via STAT (GO:1904894),0.686120132403424,1.7234140454274651,0.00631911532385466,0.018526420218788604,0.9995,12/16,20.29%,CCL5;OCIAD2;GH1;OCIAD1;LEP;CRLF3;CYP1B1;PRL;IL7R;CRLF2;IFNL1;IL26
prerank,GO_Biological_Process_2021::positive regulation of small GTPase mediated signal transduction (GO:0051057),0.6681167757845461,1.723230346251749,0.009316770186335404,0.018540987677217374,0.9995,11/17,23.37%,LRRC59;TGM2;SHC1;EPO;VAV1;FGF10;RASGEF1A;RASGRP1;IRS2;RELN;RAPGEF1
prerank,GO_Biological_Process_2021::positive regulation of phosphorylation (GO:0042327),0.4689316747082904,1.7217414668569195,0.0016787912702853946,0.01884337501667082,0.9995,61/135,21.80%,ADTRP;WDFY2;TMEM119;MARCO;RARRES2;FPR2;FAM20A;MYDGF;ANG;PLAUR;ITLN1;ADIPOQ;CCL5;KNDC1;THBS1;LIMCH1;TREM2;LEP;HIF1A;NCKAP1L;IL34;DSTYK;PAK1;ITGA6;KCTD20;FGF20;FGF17;FGF16;EGF;PFKFB3;LIMK2;FGF8;BMP4;FGF7;FAS;ILK;FGF10;RALB;NPTN;FGF9;PTGES3;PECAM1;DAB2;INSRR;PIFO;DRD4;RASGRP1;BTBD10;SOX9;LMTK2;BCL10;EFNA5;FGF19;BMP2;SDCBP;THPO;ARNT;FGF18;FLOT1;STK4;AXIN2
prerank,GO_Biological_Process_2021::response to hydrogen peroxide (GO:0042542),0.5759720430916425,1.7210307289254332,0.004204625087596356,0.01897662404706158,0.9995,21/34,25.62%,GPX1;OSER1;ZNF580;PPIF;NET1;HMOX1;CYP1B1;AQP1;MAPK13;ANXA1;HP;TNFAIP3;SIRPA;PRDX3;TRPM2;MAPK7;STK24;PLEKHA1;FXN;RIPK3;RHOB
prerank,GO_Biological_Process_2021::response to muscle stretch (GO:0035994),0.7343119723874081,1.7207738178560235,0.005809128630705394,0.019022611493942056,0.9995,11/11,26.60%,CAV3;TTN;CSRP3;CDH2;GSN;RYR2;TCAP;SLC8A1;ANKRD1;SLC9A1;NPPA
prerank,GO_Biological_Process_2021::positive regulation of macromolecule metabolic process (GO:0010604),0.44290683765875927,1.7204535219858832,0.0,0.01906761995532729,0.9995,118/269,21.51%,PID1;ADTRP;RBMS3;OSR1;TMEM119;SLC11A1;LRP3;EMILIN1;ZNF580;ACTG2;ACTA2;LAMP3;LGALS7;PTPN22;ACTC1;LAPTM5;TLR6;LILRB1;DDX58;GATA2;CLDN5;MYLK2;CLEC7A;ADM2;PPM1F;CDH5;RGCC;GH1;TWIST1;PF4;SFRP4;ALOX12B;SLC22A2;TREM2;HIF1A;LGALS9B;YAP1;PPARGC1A;TYROBP;MTPN;CRP;ACTA1;OCLN;ITGAX;CD34;BMP6;SMAD3;CTSH;VPS35;SERPINB9;CD36;TESC;GJA1;FGF20;FGF17;TTN;LIMS1;FGF16;RAB27A;IL36G;HMGA2;EGF;SLC2A10;PHB;MYC;FGF8;IL1F10;HFE;ADAM19;BMP4;FGF7;ETS1;CD46;HAND2;WFS1;PLCG2;ARRB2;PLSCR1;FGF10;LGALS9C;AZU1;STAP1;EIF2AK3;MYD88;MEF2C;CNTF;TFAP2A;FGF9;DTNBP1;PAX6;NTF3;CCL3;SCYL2;DNMT3B;IL37;ZC3H12A;PTPN1;SRY;PIP;LGALS9;ROBO1;BMP7;SOX9;CELF1;TBC1D5;GSN;GBA;FGF19;BMP2;ID2;EZR;MITF;RDX;IL36B;FGF18;PKP1;SMAD1;RAB29
prerank,GO_Biological_Process_2021::cellular calcium ion homeostasis (GO:0006874),0.47843567975033496,1.7202657337387526,0.0,0.019071275270350473,0.9995,64/107,26.63%,CALB1;ANXA6;TMEM203;ATP13A1;STC1;CALCB;CCL5;TMEM165;CAV3;CCL19;CDH5;ATP13A3;CCL8;CCL14;CCL7;CCL13;EDN1;CCL15;CCL1;SLC24A1;CCL23;SCGN;CAV1;CLN3;TPT1;CSRP3;WFS1;SLC24A4;EDN2;PLN;SLC8A3;MCU;PML;TRPC4;SLC35G1;NPTN;PKHD1;CALB2;CCL3;DRD4;WBP2NL;DMPK;BAK1;EDN3;HCRTR1;RMDN3;ATP2C2;RYR2;YWHAE;STC2;SLC8A1;ATP2C1;VAPB;ANK2;TRPC6;ATP2B2;ADCY8;SLC8B1;ATP2B3;TRPC3;TRPC1;BAX;TRDN;HCRTR2
prerank,GO_Biological_Process_2021::cytoskeleton organization (GO:0007010),0.47794393841546234,1.7191672839836687,0.0,0.01927565507677952,0.9995,58/112,25.62%,FGD5;FGD2;MAST4;DES;PALLD;THY1;DMTN;RAC3;ANK1;RND3;RHOH;DIAPH3;TPM1;CCL7;ARAP3;CCL13;RHOD;NEDD9;ARHGAP4;WASF3;RAC2;FGD6;FGD1;ARHGAP10;DIAPH1;PAK6;RHOF;TNFAIP3;FMNL3;ABI2;ARC;FGD3;MICAL2;CCL3;RHOA;CCL24;CNN2;RHOC;APOE;CFL1;CNTNAP1;RND1;CSPG5;RHOG;PLCE1;OBSL1;SH3D19;KRT76;SH3KBP1;NCKIPSD;FGD4;CAPZB;SEMA6A;AJUBA;MICAL1;PACSIN1;MDK;RHOB
prerank,GO_Biological_Process_2021::regulation of cellular component movement (GO:0051270),0.5752944541942467,1.7190386589957731,0.008379888268156424,0.019267454130005444,0.9995,22/32,25.95%,ARHGAP18;ZSWIM6;ZSWIM4;TGFBR3;PDPN;EGF;DIAPH1;ETS1;ACTN4;ABL2;PKHD1;ACTN1;RHOA;BTC;ARAP1;DAPK3;CD9;NRG4;MEMO1;NRG1;MYCBP2;FES
prerank,GO_Biological_Process_2021::response to interferon-alpha (GO:0035455),0.7004145802611854,1.7189380668930168,0.006639004149377593,0.01925846042116779,0.9995,9/13,19.66%,LAMP3;MX2;IFITM3;IFITM1;EIF2AK2;BST2;GATA3;IFITM2;PYHIN1
prerank,GO_Biological_Process_2021::positive regulation of response to stimulus (GO:0048584),0.5649936593071397,1.7185020385239045,0.002719238613188307,0.01931989652252243,0.9995,16/37,14.81%,KIR2DL4;ADIPOQ;RSAD2;DDX58;ABI3;YPEL3;IFIH1;IER5;HMGA2;LRRC70;PLA2G1B;MYC;ACOX2;GATA3;ILK;B2M
prerank,GO_Biological_Process_2021::exogenous drug catabolic process (GO:0042738),0.6583010418246644,1.718271118140002,0.006939090208172706,0.019302640977596094,0.9995,14/18,21.84%,CYP2B6;CYP2C8;CYP2C9;CYP1A2;NR1I2;CYP2A6;CYP2A13;CYP2F1;CYP2D6;CYP2C18;CYP2A7;CYP2E1;CYP2S1;CYP2U1
prerank,GO_Biological_Process_2021::drug catabolic process (GO:0042737),0.6583010418246644,1.718271118140002,0.006939090208172706,0.019302640977596094,0.9995,14/18,21.84%,CYP2B6;CYP2C8;CYP2C9;CYP1A2;NR1I2;CYP2A6;CYP2A13;CYP2F1;CYP2D6;CYP2C18;CYP2A7;CYP2E1;CYP2S1;CYP2U1
prerank,GO_Biological_Process_2021::melanosome organization (GO:0032438),0.6115969769799194,1.7181905038579064,0.011730205278592375,0.019291204889407682,0.9995,19/24,32.13%,GPR143;RAB38;DTNBP1;RAB32;BLOC1S5;BLOC1S4;LYST;RAB29;BLOC1S6;AP1M1;BLOC1S2;HPS4;SNAPIN;AP3D1;BLOC1S3;AP3B1;ASIP;HPS1;BLOC1S1
prerank,GO_Biological_Process_2021::positive regulation of lymphocyte chemotaxis (GO:0140131),0.680225914819013,1.71809426129102,0.005546751188589541,0.019275740322743828,0.9995,12/15,25.58%,CCL21;CCL5;S100A7;CXCL13;CCL7;XCL2;CCL27;XCL1;CCL3;CCL4;ADAM10;OXSR1
prerank,GO_Biological_Process_2021::positive regulation of cellular process (GO:0048522),0.43579981735110274,1.7180512810280304,0.0,0.019257079006427712,0.9995,190/436,21.36%,SLFN11;CACUL1;SLC6A6;SLC35F6;RNF10;EMP2;SLC11A1;FOLR2;MAPK15;DNPH1;SIRPG;CST7;FPR2;SIRPB1;MLC1;COLEC12;LILRA2;ZNF703;PRTN3;LBP;APOA2;NOXO1;LGMN;TGM2;ABCA7;LILRA5;ESM1;S100A8;TCIRG1;TNFRSF11A;GATA2;EGR4;CLDN5;CCL5;CLEC11A;TSPAN31;CLEC7A;THBS1;SERPINF2;SERPINB3;PDPN;TAL1;SAA1;IL2;CCR7;COX17;IBSP;IL7;FCER1G;HAS2;CSF3;REG1A;ADAM8;HCLS1;TPM1;CCL14;NUPR1;AIF1;TREM2;CXCL5;RNF187;HYAL1;EDN1;CAPN1;PTPN6;SHC1;IL34;NOXA1;EPO;MTPN;AHSG;S100A9;CHRD;HPR;ITGAX;BMP6;RHOD;PAK1;STX3;CTSH;CD36;MATK;LIF;FGF20;CAV1;FGF17;APOA1;GRN;FGF16;RAB27A;BAMBI;SFRP2;ZFP36L1;NKX2-5;IER5;HMGA2;EGF;PLA2G1B;PRODH;PHB;WWTR1;SSR1;MYC;FGF8;PRL;OSM;TNFRSF1B;CXCL16;S100A13;SPHK1;BMP4;FGF7;ETS1;KITLG;XBP1;ACOX2;PRSS2;EPGN;C1QBP;PTGFR;PTEN;EDN2;TGFBR2;IL7R;FGF10;HP;AZU1;SIRPA;CIDEB;PRKD2;CNTF;SERTAD1;CSNK2A3;ACTN4;PARD3;LMAN2;GRK5;AREG;CRLF2;FGF9;TDGF1;SFTPD;LRP5;PKHD1;SLC30A2;RIPK2;CYBA;PRAME;IL11;VIPR1;NTF3;TIMP1;FOSL1;TBX3;PRDX3;LIFR;IL3;BTC;DERL2;GLI1;BST1;ZC3H12A;IL12RB2;EDN3;PRMT1;SOX9;CELF1;CNOT6L;TFAP2B;S100B;SLAMF1;DOCK2;RYR2;FUT7;FGF19;CAPN10;TJP1;CCPG1;PYCARD;CAPNS1;IRS2;VIP;SDCBP;RHOG;IL15RA;CDC42;THPO;FGF18;ADGRG1;FLOT1
prerank,GO_Biological_Process_2021::T cell activation involved in immune response (GO:0002286),0.7457528046352,1.7171722097791564,0.014178482068390326,0.019406263375579956,1.0,6/10,15.69%,SLC11A1;LILRB1;CD1C;FCER1G;LCP1;F2RL1
prerank,GO_Biological_Process_2021::regulation of interferon-gamma-mediated signaling pathway (GO:0060334),0.7052113192114631,1.7171161806565676,0.004901960784313725,0.019385831068664847,1.0,12/13,29.46%,PARP9;ARG1;PARP14;SOCS1;TXK;STAT1;PTPN2;CDC37;SOCS3;IRGM;PIAS1;NLRC5
prerank,GO_Biological_Process_2021::regulation of cell size (GO:0008361),0.6331460786922415,1.7169786603752204,0.0029651593773165306,0.01938566314093448,1.0,13/21,21.07%,VAV2;CAV3;EDN1;MTPN;VAV1;PTEN;RARG;RAP1GAP2;VAV3;RHOA;PLEK;EZR;RDX
prerank,GO_Biological_Process_2021::semaphorin-plexin signaling pathway involved in neuron projection guidance (GO:1902285),0.7128568864651392,1.7167194227153986,0.009113504556752278,0.01942017897311389,1.0,10/12,24.97%,PLXNA4;PLXNA2;SEMA3A;PLXNC1;PLXNB2;SEMA3F;PLXNA1;PLXND1;PLXNA3;NRP2
prerank,GO_Biological_Process_2021::regulation of catecholamine secretion (GO:0050433),-0.5399710911100891,-1.7166389351046174,0.01809954751131222,0.031753606917525046,0.9995,7/20,7.12%,SYT3;SYT6;SYT10;SYT12;SYT13;FFAR3;SYT11
prerank,GO_Biological_Process_2021::positive regulation of mitotic cell cycle phase transition (GO:1901992),-0.43202442006119307,-1.7165049700156352,0.006493506493506494,0.03168279407795825,0.9995,15/48,12.42%,RAD51C;ANAPC7;CDC23;ANAPC5;CDC16;CDCA5;DBF4B;DLGAP5;ANAPC11;LSM11;CDC27;ANAPC4;RCC2;CDC25B;NSMCE2
prerank,GO_Biological_Process_2021::adenylate cyclase-activating G protein-coupled receptor signaling pathway (GO:0007189),0.5140404184176588,1.7164933492807515,0.00375,0.01944652964919681,1.0,39/64,27.49%,GPR65;ADGRL4;ADGRE3;CALCB;GPR4;CXCL9;PTGIR;PF4;ADGRE2;CXCL11;GNG2;GPHA2;GNAL;ADGRL2;ADCYAP1;GPR78;PTGFR;ADGRE5;IAPP;MC4R;GNA13;ADGRL3;ADGRB1;VIP;ADGRG2;ADGRG1;GNAS;LPAR2;ADGRG6;ADGRG4;CRHR1;LPAR1;ADCY8;LPAR3;GHRH;GNAQ;ADGRD1;ADGRE1;GNB1
prerank,GO_Biological_Process_2021::histone lysine methylation (GO:0034968),-0.48966109393458324,-1.7163132697879226,0.005434782608695652,0.03164481721836692,0.9995,14/30,26.90%,PAXIP1;DOT1L;KMT2D;SETD1B;SETDB1;ASH2L;SUV39H1;KMT2B;SETMAR;DYDC1;N6AMT1;CXXC1;RBBP5;DPY30
prerank,GO_Biological_Process_2021::T cell mediated immunity (GO:0002456),0.6817853447415595,1.7162623186789414,0.007886435331230283,0.019476010485148656,1.0,12/15,22.69%,EMP2;MYO1G;CD8A;CTSH;BTN3A3;CD46;CD55;AIRE;BTN3A2;MICA;JAG1;HLA-A
prerank,GO_Biological_Process_2021::regulation of cell junction assembly (GO:1901888),0.6336955823716026,1.7161476601069896,0.00741839762611276,0.01947248662011777,1.0,16/21,25.51%,CLDN5;SNAI2;OCLN;PDLIM5;MYO1C;RAB17;F11R;RAP1B;MEF2C;RUNX1;TJP1;FLOT1;RAPGEF1;SETD5;CBFB;SNAI1
prerank,GO_Biological_Process_2021::regulation of branching involved in ureteric bud morphogenesis (GO:0090189),-0.6546604735761552,-1.7156571880876132,0.016414141414141416,0.03174963075093475,0.9995,4/11,3.77%,SIX2;SIX4;SOX8;SIX1
prerank,GO_Biological_Process_2021::regulation of cell migration involved in sprouting angiogenesis (GO:0090049),0.6362355514663369,1.715024395342959,0.00437636761487965,0.01969816234867907,1.0,12/20,18.85%,MMRN2;SRPX2;GATA2;THBS1;RHOJ;HMOX1;FOXC2;ANXA1;MAP3K3;RHOA;CARD10;FGFBP1
prerank,GO_Biological_Process_2021::mucosal immune response (GO:0002385),0.6770965796378159,1.7147589861124006,0.006264682850430697,0.019717492174562937,1.0,10/16,16.74%,CAMP;RNASE2;RPL39;DEFA4;RNASE3;LTF;RAB17;PLA2G1B;DEFB1;IFNL2
prerank,GO_Biological_Process_2021::membrane fusion (GO:0061025),0.5685145530381381,1.714577153785263,0.006298110566829951,0.01973196693718493,1.0,10/33,11.66%,DCSTAMP;MX2;FER1L5;DYSF;GCA;STX11;DNM1;MX1;MYOF;SNAP23
prerank,GO_Biological_Process_2021::epithelial cell development (GO:0002064),-0.5378247252338271,-1.714413736969708,0.011816838995568686,0.03196083581146194,0.9995,7/20,7.96%,GRHL2;PDZD7;WNT7B;DACT2;BFSP1;WNT5B;WNT7A
prerank,"GO_Biological_Process_2021::positive regulation of synaptic transmission, glutamatergic (GO:0051968)",-0.6459593099356566,-1.71338288171828,0.01903553299492386,0.03215330005783591,0.9995,5/11,5.06%,NLGN3;CACNG4;NLGN2;CACNG7;CACNG3
prerank,GO_Biological_Process_2021::regulation of centrosome duplication (GO:0010824),-0.49101841982005057,-1.7127251995852166,0.005226480836236934,0.03220622769711901,0.9995,9/28,7.72%,GEN1;ALMS1;STIL;CEP76;NAT10;CEP131;CENPJ;XRCC3;CEP295
prerank,GO_Biological_Process_2021::negative regulation of extrinsic apoptotic signaling pathway via death domain receptors (GO:1902042),0.6376259979061354,1.7124039406164835,0.002243829468960359,0.020231262668438214,1.0,7/20,15.09%,GPX1;TMBIM1;FAIM;TNFSF10;HMOX1;FAS;TNFAIP3
prerank,GO_Biological_Process_2021::negative regulation of ERBB signaling pathway (GO:1901185),0.5736292735013898,1.7118254796023684,0.006118286879673691,0.020327667819854667,1.0,17/32,23.16%,LGMN;SPRY1;EGF;PTPN3;CBL;EPGN;AREG;ITGA1;BTC;CBLC;EPS15;CDC42;PTPN2;RNF115;SH3KBP1;PTPN18;SH3GL2
prerank,GO_Biological_Process_2021::positive regulation of regulatory T cell differentiation (GO:0045591),0.7191483854692495,1.711276415192772,0.008870967741935484,0.020420583325010042,1.0,8/11,20.10%,LILRB2;LILRB4;HLA-DRA;FOXP3;IL4I1;CD46;SOCS1;DUSP10
prerank,GO_Biological_Process_2021::positive regulation of response to biotic stimulus (GO:0002833),0.5743159017744358,1.7111339166339674,0.004056795131845842,0.020425900199381907,1.0,22/34,22.22%,FPR2;LY86;CD180;CCL5;CD1D;OASL;GBP5;SCIMP;ADAM8;BMP6;DDX60;GRN;PLSCR1;AKIRIN2;CYBA;IFI35;USP15;SASH1;SLC15A4;ZCCHC3;DHX58;SH2D1B
prerank,GO_Biological_Process_2021::hexose transmembrane transport (GO:0008645),0.646760292386326,1.7102783956524792,0.006006006006006006,0.020622160637796334,1.0,10/18,18.48%,SLC2A6;SLC50A1;SLC2A14;SLC2A4;SLC2A5;PPBP;SLC2A10;SLC45A3;SLC5A3;SLC2A3
prerank,GO_Biological_Process_2021::positive regulation of natural killer cell mediated cytotoxicity (GO:0045954),0.6709972340090036,1.7102465376151674,0.0078003120124804995,0.020593911779987595,1.0,9/16,18.83%,KLRC2;KLRD1;KLRK1;NCR3;CD160;SLAMF6;CD226;RASGRP1;LAMP1
prerank,GO_Biological_Process_2021::regulation of viral transcription (GO:0046782),-0.45044216848280505,-1.709362600511365,0.0018832391713747645,0.03296800098613279,1.0,15/39,16.93%,NELFB;TARBP2;CTDP1;POLR2C;TRIM11;NELFCD;POLR2B;GTF2F2;NELFA;TRIM32;CCNT1;NELFE;GTF2F1;DHX9;RSF1
prerank,GO_Biological_Process_2021::amyloid fibril formation (GO:1990000),0.5563421375520908,1.7085713607734123,0.004834254143646409,0.02098199681505943,1.0,23/38,21.00%,LYZ;CALB1;CST3;TGFBI;LTF;SAA1;HSPG2;ITM2B;CD36;TSPAN14;APOA1;SNCAIP;PRL;GGA2;B2M;FURIN;GGA1;IAPP;TSPAN33;GSN;UBB;SORL1;UBE2L6
prerank,GO_Biological_Process_2021::antiviral innate immune response (GO:0140374),0.6984495001601653,1.708144531423205,0.012,0.021033698959105646,1.0,10/13,22.67%,DDX58;OAS1;IFIT1;MX1;PHB;ZDHHC11;RNF135;ZDHHC1;NLRP1;PHB2
prerank,GO_Biological_Process_2021::positive regulation of endothelial cell apoptotic process (GO:2000353),0.7623320158126936,1.708048506508118,0.01015228426395939,0.02102067614685408,1.0,7/10,18.16%,ECSCR;THBS1;RGCC;CD160;PDCD4;PLCG1;ANO6
prerank,GO_Biological_Process_2021::negative regulation of vascular associated smooth muscle cell proliferation (GO:1904706),0.7046874362748695,1.7079107713280992,0.012,0.021018699708966502,1.0,11/13,22.10%,EFEMP2;CNN1;ADIPOQ;PRKG1;TPM1;PDCD4;PTEN;MEF2C;SOD2;CDKN1A;APLN
prerank,GO_Biological_Process_2021::negative regulation of amyloid precursor protein catabolic process (GO:1902992),0.6934063457197784,1.7069816269390623,0.007892659826361484,0.021212150048745895,1.0,12/13,30.01%,ABCA7;FLOT2;APOE;HAP1;SORL1;RTN3;PICALM;BIN1;RTN2;PRNP;PIN1;GGA3
prerank,GO_Biological_Process_2021::regulation of reactive oxygen species metabolic process (GO:2000377),0.5523652479213852,1.706963197980461,0.006016042780748663,0.021184801949370884,1.0,22/40,26.81%,PID1;NOXO1;ACE2;THBS1;STK17A;NOXA1;CYP1B1;RAC2;PLIN5;TGFBR2;TFAP2A;UCP1;BST1;ZC3H12A;CDKN1A;EIF6;AKR1C1;SPHK2;ROMO1;SLC25A33;PARL;DHRS4
prerank,GO_Biological_Process_2021::signal peptide processing (GO:0006465),0.7338551313308298,1.706363683054732,0.010517799352750809,0.02127410870990765,1.0,10/11,26.14%,SPPL3;SPCS3;SPCS2;CLN5;SPCS1;FURIN;SEC11A;SEC11C;HM13;PARL
prerank,GO_Biological_Process_2021::cellular response to cholesterol (GO:0071397),0.753821913302674,1.7059006058467734,0.0066945606694560665,0.02134673016349853,1.0,8/10,19.25%,GRAMD1A;MLC1;GRAMD1C;CES1;CYP7A1;OSBPL7;GPLD1;GRAMD1B
prerank,GO_Biological_Process_2021::negative regulation of cell cycle process (GO:0010948),-0.4113198496399996,-1.7056714025004105,0.0,0.03378633107793049,1.0,19/54,14.85%,KIF25;RING1;MGA;RBBP8;EHMT1;RYBP;CCP110;WAPL;CBX5;NEK2;TERF2;CBX3;MAX;SUZ12;NME6;YAF2;RNF2;ZFYVE19;TFDP2
prerank,GO_Biological_Process_2021::regulation of cell killing (GO:0031341),0.7286886093029893,1.7056581086110345,0.010008340283569641,0.02137311021241647,1.0,7/11,17.18%,NOXO1;CR1L;CFH;NOXA1;CD55;CYBA;IL11
prerank,GO_Biological_Process_2021::cell-cell adhesion via plasma-membrane adhesion molecules (GO:0098742),-0.35726374398603683,-1.7049661949596193,0.0045871559633027525,0.03386455593818211,1.0,42/144,12.41%,PCDHA7;PCDHB16;LRRC4C;LRRC4B;NTNG1;LRRC4;SLITRK2;PTPRD;PCDHB5;PCDHB2;PCDHB14;PCDHB6;SLITRK3;CLDN15;LRFN4;DSCAM;CRB1;GRID2;CRB2;CLDN11;SLITRK1;LRFN5;CLDN8;CLDN10;CDH19;CDH20;CLDN16;CELSR2;DSCAML1;CDH23;CBLN1;CDHR3;CLDN12;CADM3;CDH9;IL1RAPL1;CDH18;CLDN14;CDH10;KIRREL3;CNTN2;CLDN19
prerank,GO_Biological_Process_2021::regulation of nitric-oxide synthase activity (GO:0050999),0.6051338829688988,1.7045358771321324,0.011544011544011544,0.021613533615384328,1.0,14/24,21.18%,CYGB;NOSTRIN;CAV3;LEP;HIF1A;DDAH2;GLA;CAV1;GCH1;S100A1;APOE;WASL;DDAH1;SCARB1
prerank,GO_Biological_Process_2021::cholesterol biosynthetic process (GO:0006695),-0.4831883135965848,-1.7043840385436277,0.010619469026548672,0.033932254884067356,1.0,16/29,13.13%,NSDHL;MSMO1;LSS;MVD;SQLE;SC5D;TM7SF2;PMVK;HSD17B7;LBR;CYP51A1;GGPS1;HMGCS1;IDI1;EBP;MVK
prerank,GO_Biological_Process_2021::poly(A)+ mRNA export from nucleus (GO:0016973),-0.5652311579032796,-1.7035672811930014,0.01167883211678832,0.03405273931179845,1.0,9/17,20.28%,IWS1;NUP133;DDX25;MCM3AP;SARNP;POLDIP3;PCID2;DDX19A;DDX19B
prerank,GO_Biological_Process_2021::regulation of vascular endothelial growth factor receptor signaling pathway (GO:0030947),0.6498339423996465,1.7033183204870364,0.0078003120124804995,0.021902178261309864,1.0,10/18,21.09%,MMRN2;EMILIN1;TMEM204;NEDD4;HIF1A;VTN;PRKD2;PTPN1;TNMD;ARNT
prerank,GO_Biological_Process_2021::negative regulation of focal adhesion assembly (GO:0051895),0.6849219887110092,1.7027958745296525,0.00858704137392662,0.0219652660426869,1.0,9/14,19.34%,FAM107A;THBS1;DMTN;CORO1C;PTEN;ARHGAP6;DLC1;APOD;PHLDB2
prerank,GO_Biological_Process_2021::negative regulation of cell-substrate junction organization (GO:0150118),0.6849219887110092,1.7027958745296525,0.00858704137392662,0.0219652660426869,1.0,9/14,19.34%,FAM107A;THBS1;DMTN;CORO1C;PTEN;ARHGAP6;DLC1;APOD;PHLDB2
prerank,GO_Biological_Process_2021::regulation of heterotypic cell-cell adhesion (GO:0034114),0.6575527233445989,1.7018548782813576,0.011673151750972763,0.022191651244229907,1.0,11/16,22.60%,MYADM;ADIPOQ;THY1;IL1RN;SKAP1;APOA1;FLOT2;BMP7;FLOT1;MAPK7;KLF4
prerank,GO_Biological_Process_2021::cell projection organization (GO:0030030),0.590961385487487,1.7004012330738365,0.005826656955571741,0.022522396943319554,1.0,19/28,21.04%,CAPG;SCIN;PARVA;RAC3;RHOH;PARVB;NCKAP1L;CYFIP1;PARVG;NCKAP1;RHOJ;RAC2;ATP1B2;RHOQ;PLEK;GSN;CSPG5;RHOG;CDC42
prerank,GO_Biological_Process_2021::positive regulation of cysteine-type endopeptidase activity involved in apoptotic process (GO:0043280),0.4945882058778131,1.6999877431295527,0.0024009603841536613,0.022575194866402318,1.0,43/82,22.65%,FAM162A;UACA;LAPTM5;S100A8;CLEC7A;PPM1F;SOX7;TNFSF10;CARD9;SLC22A2;S100A9;PMAIP1;DAP;SMAD3;NLRC4;MYC;BID;TNFSF15;FAS;CTSD;NLRP12;VCP;EIF2AK3;DLC1;CYCS;ARL6IP5;BLID;HSPD1;LGALS9;ROBO1;PDCD2;GSN;APAF1;GRAMD4;TRAF2;BCL10;PYCARD;NOD1;RPS27L;CARD8;MTCH1;NLRP1;NGFR
prerank,GO_Biological_Process_2021::histone H4 acetylation (GO:0043967),-0.4346957783925933,-1.6999567147791412,0.004140786749482402,0.034878956255258144,1.0,22/46,27.30%,BEND3;JADE2;KANSL2;KANSL3;MCRS1;BRD8;HCFC1;DMAP1;MSL1;JADE1;JADE3;KAT7;KANSL1;YEATS4;NAA60;ING5;EP400;ZZZ3;ATF2;EPC1;ING4;NAA40
prerank,GO_Biological_Process_2021::negative regulation of lipid storage (GO:0010888),0.7453358456616332,1.6993890168607695,0.004882017900732303,0.022681738931862153,1.0,9/10,24.68%,TTC39B;CES1;TREM2;CRP;ABHD5;OSBPL8;ABCG1;PTPN2;PNPLA2
prerank,GO_Biological_Process_2021::positive regulation of cell population proliferation (GO:0008284),0.43574397010759625,1.6993792469808886,0.0,0.02265030883568421,1.0,140/312,20.70%,CACUL1;PID1;SLC35F6;OSR1;EMP2;TMEM119;FOLR2;MAPK15;SIRPG;ZNF703;PRTN3;LGMN;ESM1;TCIRG1;TNFRSF11A;EGR4;CLDN5;CCL5;NR4A3;CLEC11A;TSPAN31;CLEC7A;THBS1;TGFBR3;SERPINF2;SERPINB3;LTF;IL2;S100A6;COX17;IL7;HAS2;CSF3;REG1A;HCLS1;CCL14;AIF1;CXCL5;RNF187;HYAL1;EDN1;CAPN1;PTPN6;SHC1;YAP1;IL34;EPO;CHRD;ITGAX;BMP6;PAK1;STX3;HMOX1;CTSH;GJA1;MATK;SOX15;LIF;FGF20;FGF17;AQP1;GRN;FGF16;BAMBI;SFRP2;NKX2-5;HMGA2;EGF;PLA2G1B;PHB;WWTR1;SSR1;MYC;FGF8;PRL;OSM;SCN5A;S100A13;SPHK1;BMP4;FGF7;KITLG;XBP1;BST2;EPGN;PTGFR;PTEN;EDN2;TGFBR2;IL7R;FGF10;RBPMS2;MAP3K3;MEF2C;CNTF;SERTAD1;CSNK2A3;NES;GRK5;AREG;CRLF2;FGF9;TDGF1;LRP5;PKHD1;PRAME;IL11;VIPR1;NTF3;TIMP1;FOSL1;TBX3;PRDX3;LIFR;IL3;BTC;DERL2;GLI1;BST1;IL12RB2;EDN3;PRMT1;SOX9;CNOT6L;NANOG;TFAP2B;S100B;SLAMF1;FGF19;TJP1;CDKN1A;CCPG1;CAPNS1;IRS2;BMP2;ID2;STAT1;VIP;SDCBP;RHOG
prerank,GO_Biological_Process_2021::negative regulation of cellular biosynthetic process (GO:0031327),0.5424827506540257,1.699031388417838,0.0032808398950131233,0.02269959114489559,1.0,20/44,19.86%,C1QTNF3;PTGIS;ADIPOQ;FCN3;GCK;GFI1;SNAI2;APOC1;CD34;GLA;CAV1;CEACAM1;SIRPA;ACADL;SOGA1;OPN3;TRIB3;ZC3H12A;PLEK;FGF19
prerank,MSigDB_Hallmark_2020::Apical Junction,0.45699495117493616,1.698889382833744,0.0,0.022706559310537472,1.0,75/163,19.91%,AMIGO2;TSPAN4;ACTG2;MPZL2;MYH10;ACTC1;ADAMTS5;VCL;EVL;VAV2;PARVA;CLDN5;THY1;VCAN;BMP1;TGFBI;FBN1;CD209;NEXN;COL9A1;ARHGEF6;COL16A1;RSU1;CERCAM;BAIAP2;VCAM1;SHC1;RRAS;ALOX15B;SLC30A3;ACTA1;ZYX;CD34;TNFRSF11B;MYL9;MADCAM1;THBS3;MYH9;ICAM2;RAC2;SDC3;MAPK13;COL17A1;RHOF;SLIT2;ACTN3;CTNND1;PTEN;ICAM5;ITGA9;SKAP2;GNAI1;SIRPA;ACTN4;CDH1;TRAF1;PECAM1;CALB2;PLCG1;CDSN;TAOK2;ACTN1;CNN2;JUP;ATP1A3;ITGA3;NEGR1;GRB7;CAP1;YWHAH;MAP4K2;ITGA10;WASL;LIMA1;TJP1
prerank,GO_Biological_Process_2021::positive regulation of nitrogen compound metabolic process (GO:0051173),0.6914262833321526,1.6976813097342045,0.011570247933884297,0.022994401463848173,1.0,8/13,22.60%,TMEM106A;MTPN;EGF;WFS1;GATA3;GBA;MAPK7;KLF4
prerank,"GO_Biological_Process_2021::nuclear-transcribed mRNA catabolic process, exonucleolytic (GO:0000291)",-0.4685768927415558,-1.697380377624557,0.009652509652509652,0.0354805227771211,1.0,12/35,13.14%,EXOSC2;EXOSC9;EXOSC4;EXOSC5;TTC37;EXOSC3;EDC3;DIS3L2;HBS1L;EXOSC7;EXOSC1;EXOSC8
prerank,GO_Biological_Process_2021::negative regulation of epithelial cell apoptotic process (GO:1904036),0.6205882726292212,1.6969041770555109,0.010542168674698794,0.02316901643827737,1.0,17/20,25.69%,SERPINB13;GATA2;CDH5;NUPR1;YAP1;CAST;NDNF;WFS1;GATA3;TNFAIP3;PKHD1;IL11;TNIP2;MAPK7;NEUROD1;MDK;KRIT1
prerank,GO_Biological_Process_2021::regulation of macrophage differentiation (GO:0045649),0.7388190973457264,1.696357766287198,0.010682004930156122,0.02326831644835162,1.0,9/10,24.37%,ADIPOQ;PF4;C1QC;IL34;LIF;INHA;ID2;PTPN2;FADD
prerank,GO_Biological_Process_2021::histone acetylation (GO:0016573),-0.4033912507299383,-1.6963288204150933,0.0025906735751295338,0.03568974655174314,1.0,31/67,26.08%,BEND3;YEATS2;TAF5L;BRD1;JADE2;TADA2A;SUPT7L;TAF6L;BRD8;DMAP1;BRPF3;JADE1;JADE3;KAT7;YEATS4;TADA1;KAT6A;BRPF1;KAT6B;KAT5;NAA60;PHF20L1;MRGBP;ING5;EP400;ZZZ3;ATF2;TAF10;SGF29;EPC1;ING4
prerank,GO_Biological_Process_2021::negative regulation of cellular protein metabolic process (GO:0032269),0.49631105106810286,1.6961298458888638,0.0018259281801582471,0.02329417332724326,1.0,41/76,27.75%,CST4;IGFBP5;KNG1;PCIF1;CSTA;CST3;SERPINB3;EDN1;CLN8;GZMB;ATRAID;CLN3;SERPINE2;EIF2AK2;IGF2BP1;EIF4A3;EIF2AK3;NCL;EIF4E2;GRB7;APOE;CSTB;DAPK3;IGF2BP2;ENC1;PAIP2B;RNF139;DDX6;GAPDH;LIN28A;NANOS1;CNOT7;SYNCRIP;CNOT1;NANOS3;DAPK1;DHX36;TRIM71;RGP1;DNAJC1;RIC1
prerank,GO_Biological_Process_2021::focal adhesion assembly (GO:0048041),0.6406137723586669,1.6959462485831767,0.009266409266409266,0.02329713045798958,1.0,10/19,17.50%,THSD1;THY1;SORBS1;RHOD;FERMT2;ACTN3;CTTN;DLC1;TAOK2;ACTN1
prerank,GO_Biological_Process_2021::cellular response to hormone stimulus (GO:0032870),0.5272457395129908,1.6942827446741209,0.001951854261548471,0.02370945141973559,1.0,34/55,23.43%,ARID5A;ADTRP;OCSTAMP;NR4A3;GCK;GATA1;CYP11A1;LEP;LMO2;CTSL;CTSH;SERPINB9;ROBO2;CAV1;SLIT3;CTSB;ZFP36L1;SOST;SLIT2;XBP1;NCOA2;SOCS2;SRA1;MEF2C;UCP1;ATP1A3;NCOA3;KLF9;STAT5B;RDX;SLC5A5;WBP2;AKR1C1;NCOA4
prerank,GO_Biological_Process_2021::skeletal system development (GO:0001501),0.4639257895698872,1.6941599326539778,0.0005733944954128441,0.023708729191547026,1.0,73/123,24.29%,HAPLN3;CMKLR1;SULF2;PRELP;CHI3L1;SPP2;COMP;MYOC;COL10A1;TGM2;PKDCC;STC1;P3H1;VCAN;ACAN;BMP1;FBN1;BGLAP;MMP16;MEPE;RBP4;PAPSS2;HYAL2;PLS3;HYAL1;COL13A1;RPL13;SULF1;ALPL;AHSG;CHRD;BMP6;TNFRSF11B;NCAN;HAPLN1;GJA1;FRZB;ETS2;GHRL;FGF8;BCAN;ANKRD11;MATN3;HAPLN4;EIF2AK3;KIAA1217;PITX1;XYLT1;PHEX;TBX3;DLX5;ADAMTS4;GDF10;BMP7;SOX9;GLI2;TBX4;INHA;EXT1;PRDX1;COL9A2;BMP2;NKX3-2;ATP7A;GNAS;PPIB;CDH11;BMPR1B;NOG;DYM;SH3PXD2B;HYAL3;AKAP13
prerank,GO_Biological_Process_2021::in utero embryonic development (GO:0001701),-0.5514352186606948,-1.693750857655997,0.014064697609001406,0.03635962446177488,1.0,7/19,8.58%,STIL;WNT7B;ZNF568;SOX8;LIG4;CHD7;HINFP
prerank,GO_Biological_Process_2021::positive regulation of mononuclear cell migration (GO:0071677),0.6468475346294834,1.693320748823091,0.01078582434514638,0.023889731962975298,1.0,13/18,18.61%,FPR2;S100A14;LGMN;CCL5;S100A7;CCR7;AIF1;CCL1;JAM2;CCR6;C1QBP;ANO6;LGALS9
prerank,GO_Biological_Process_2021::chromatin assembly or disassembly (GO:0006333),-0.638317975415903,-1.6929218103565995,0.023282887077997673,0.03650433118676157,1.0,4/10,9.04%,HIRIP3;SUPT16H;NOC2L;CDAN1
prerank,GO_Biological_Process_2021::plasma membrane repair (GO:0001778),0.6939613940637109,1.6928566111470114,0.006405124099279423,0.023977946706077356,1.0,11/13,21.90%,AHNAK2;ANXA6;TRIM72;FER1L5;DYSF;MYOF;MYH9;SYT7;RAB3A;ARL8B;SYTL4
prerank,GO_Biological_Process_2021::positive regulation of T cell cytokine production (GO:0002726),0.751148431542429,1.6925477395532826,0.0033112582781456954,0.024019090381400276,1.0,9/10,24.79%,RSAD2;XCL1;B2M;CD55;TRAF6;TRAF2;HLA-A;DENND1B;CD81
prerank,GO_Biological_Process_2021::organonitrogen compound catabolic process (GO:1901565),0.5411310158870977,1.6924013438681789,0.008795669824086604,0.024023930271038243,1.0,21/42,22.84%,CPQ;NPL;LIPC;CLN8;PPT1;CLN5;TXN2;RENBP;CTH;CLN6;CTRL;IL4I1;ALLC;GADL1;PLA2G15;CYP2D6;GNPDA1;NAGK;PRSS16;PLA2G6;GNPDA2
prerank,GO_Biological_Process_2021::presynaptic membrane assembly (GO:0097105),-0.6693801187904695,-1.6921324543564935,0.018915510718789406,0.03663834868518106,1.0,4/10,3.75%,NLGN3;PTPRD;NLGN4X;NLGN2
prerank,GO_Biological_Process_2021::positive regulation of neutrophil chemotaxis (GO:0090023),0.6584531473420137,1.6920972245354386,0.011773940345368918,0.02407390952946476,1.0,9/16,15.76%,CCL21;CCL19;CCR7;NCKAP1L;TIRAP;XCL1;RAC2;C1QBP;MCU
prerank,GO_Biological_Process_2021::zinc ion homeostasis (GO:0055069),0.5938240283981128,1.690703754864653,0.01047486033519553,0.0244460980489211,1.0,12/26,17.10%,MT1A;MT1G;MT1M;MT1H;MT2A;SLC39A14;MT1F;MT1HL1;MT1E;MT1X;TMC8;SLC39A5
prerank,GO_Biological_Process_2021::negative regulation of phagocytosis (GO:0050765),0.7278865089731579,1.6896659999317991,0.010647010647010647,0.024695610940552,1.0,8/11,15.38%,CD300LF;CD300A;PRTN3;FER1L5;DYSF;ADIPOQ;PLSCR1;SIRPA
prerank,GO_Biological_Process_2021::positive regulation of bone mineralization (GO:0030501),0.5961888694574871,1.6896571844818775,0.008639308855291577,0.02465969164342356,1.0,17/25,22.84%,OSR1;TMEM119;FBN2;PKDCC;LTF;BMP6;ATRAID;BMP4;MEF2C;TFAP2A;KL;ANO6;BMP7;BMP2;SLC8A1;ISG15;BMPR1B
prerank,GO_Biological_Process_2021::positive regulation of osteoblast differentiation (GO:0045669),0.5792315067208557,1.6893156695426903,0.010101010101010102,0.024714390751981726,1.0,21/29,22.84%,TMEM119;LRP3;RUNX2;FBN2;SUCO;LTF;IFITM1;YAP1;BMP6;ATRAID;NPNT;FERMT2;WWTR1;BMP4;MEF2C;LRP5;ATP6AP1;BMP7;BMP2;FFAR4;BMPR1B
prerank,GO_Biological_Process_2021::negative regulation of multicellular organismal process (GO:0051241),0.4542578187045199,1.689059119010134,0.0,0.024755480688728536,1.0,62/159,19.24%,ZNF706;PTPRO;DCANP1;SLC11A1;SLAMF8;SRGN;GDF15;ARHGDIB;APOA2;MYOCD;PROC;ADAMTS5;STC1;EVL;VASN;ADIPOQ;NFIB;RGCC;CIDEA;CLEC4A;SMAD6;PTPRR;FOXP3;APOM;ID1;PON1;BTN2A2;MAP2K6;GJA1;SPRY1;CORO1C;ZNF750;APOA1;FOXC2;GRN;SFRP2;SOST;ARNTL;TNNT1;BMP4;ACTN3;GATA3;PTPRG;PTEN;NLRP12;RPS6KA4;MEF2C;NPTN;KLF7;IL17RD;PCTP;PAEP;SPI1;TBX5;PROCR;RAB11FIP5;TIMP1;USF3;ROBO1;SOX9;ALDH1A1;NR1D1
prerank,GO_Biological_Process_2021::positive regulation of programmed cell death (GO:0043068),0.44121506071323413,1.6887162790032981,0.0,0.024818073649978047,1.0,116/232,26.46%,FAM162A;CALHM2;TNFAIP8;FGD2;PHLDA3;ADAMTSL4;ARHGEF17;ABR;STK17B;MNDA;TGM2;KNG1;LAPTM5;VAV2;LILRB1;SCIN;PHLDA1;CLEC7A;HRG;SFRP4;ARHGEF6;TNFSF10;PRF1;IGFBP3;JUN;STK17A;FOXO1;FOXO3;NET1;VAV1;DUSP6;TNFRSF10C;GZMA;PMAIP1;ITGA6;ARHGEF19;NLRC4;FRZB;CYP1B1;BCL2L11;KALRN;SFRP2;HMGA2;FGD1;BMF;PLEKHG5;IFIT2;BMP4;BID;SLIT2;DUSP9;C1QBP;IRF5;FAS;CTSD;HRK;ARHGEF16;ARHGEF1;ITSN1;RARG;IAPP;UBD;TRAF6;ARHGEF5;GNA13;ARL6IP5;VAV3;AIFM2;FGD3;JMY;ATF6;PRMT2;ANO6;HSPD1;BAK1;ZBP1;GPLD1;PDCD2;APAF1;BCL10;PYCARD;PPID;UBB;BMP2;DAPK3;NGEF;ARHGEF26;STK4;SOS1;PLEKHG2;MCF2;MTCH1;LRRK2;ANKRD1;NGFR;SPHK2;FGD4;SQSTM1;ARHGEF12;PIP5KL1;NEUROD1;TRIO;BNIP3L;AKAP13;FADD;HTATIP2;ARHGEF3;RHOB;DAPK1;LATS2;BIN1;BAX;NCSTN;MTCH2;DIABLO;RNF122
prerank,GO_Biological_Process_2021::positive regulation of myeloid leukocyte mediated immunity (GO:0002888),0.7448434692405059,1.688380606127335,0.005833333333333334,0.024868563923563815,1.0,8/10,21.83%,DDX58;CD177;TYROBP;STAP1;F2RL1;SPI1;CAMK4;STX4
prerank,GO_Biological_Process_2021::positive regulation of nervous system development (GO:0051962),-0.44975014724052387,-1.6878195587467402,0.0057361376673040155,0.03773837715285227,1.0,15/38,12.14%,LRRC4B;NLGN3;SLITRK2;PTPRD;SYNDIG1;GRID2;SOX11;LIG4;NLGN2;WNT7A;CLSTN1;RASSF10;TRIM32;IL1RAPL1;CLSTN3
prerank,GO_Biological_Process_2021::negative regulation of programmed cell death (GO:0043069),0.4367270194422746,1.6868396770594196,0.0,0.025279507080050487,1.0,131/267,25.04%,TNFAIP8;AMIGO2;TM7SF3;OSR1;RNF144B;PAGE4;CLEC5A;ANXA4;COMP;MYDGF;PROC;PLAUR;EVI2B;FSTL1;PRAP1;LAPTM5;TMEM14A;THBS1;LTF;PDPN;IL2;DHRS2;TNFRSF10D;SMAD6;IL7;GATA1;KANK2;NUPR1;TREM2;PPIF;FHL2;SHC1;NCKAP1L;FOXO1;DSTYK;TXNDC5;ATF5;PPT1;EGR3;DDAH2;CTSH;SERPINB9;IFIT3;GCG;AQP1;GHRL;CLN3;TPT1;NKX2-5;HMGA2;PTMA;ARHGAP10;MYC;ANXA1;SPHK1;ANGPTL4;BMP4;BID;GATA6;XBP1;CBL;WFS1;FAS;FMN2;HSPA9;PLK2;BCL3;PRELID1;SOCS2;ALB;NAIP;AZU1;MYD88;DNAJC3;TRAF6;BFAR;GRK5;TFAP2A;HSPA5;TDGF1;AIFM2;PKHD1;DAB2;RIPK2;IFI6;PRAME;TRIAP1;CDSN;OPN3;TBX3;PRDX3;HIGD1A;HSPD1;HIGD2A;SOX9;TFAP2B;CFL1;ARL6IP1;TJP1;UBB;PRDX2;BNIP2;NUP62;VIP;ANGPT4;XIAP;PLK3;FFAR4;FCMR;PA2G4;RPS3A;NGFR;PHB2;NOL3;AVP;DCPS;PRLR;RAB7A;SQSTM1;LRP2;TMBIM6;BAG1;ADAM10;FXN;PRDX5;BNIP3L;HTATIP2;MECOM;RIPK3;LEF1;YME1L1
prerank,GO_Biological_Process_2021::cellular response to virus (GO:0098586),0.6031076806979008,1.6865524632492297,0.008486562942008486,0.02533138008378104,1.0,12/24,18.61%,DDX58;CCL5;CCL19;OAS1;HIF1A;IFIH1;VWCE;LGALS8;IFI6;EIF5A;ZC3H12A;LGALS9
prerank,GO_Biological_Process_2021::negative regulation of cell junction assembly (GO:1901889),0.6611022723718263,1.6862541307616847,0.007616146230007616,0.02539273425756421,1.0,10/16,19.34%,FAM107A;THBS1;DMTN;ROBO2;CORO1C;PTEN;ARHGAP6;DLC1;APOD;PHLDB2
prerank,GO_Biological_Process_2021::tumor necrosis factor-mediated signaling pathway (GO:0033209),0.5227125527818997,1.686029035425827,0.004530744336569579,0.025413935244350996,1.0,31/52,23.04%,PLVAP;TNFRSF25;TMSB4X;TNFRSF11A;AIM2;CDIP1;FOXO3;COMMD7;TNFRSF11B;LIMS1;TNFRSF1B;TNFSF15;ILK;ACTN4;TRAF6;TRAF1;PSMF1;TXNDC17;EIF5A;PSMD5;PYDC1;TNFRSF13B;TRAF2;PYCARD;STAT1;PSMB2;TRAF3;PSMA2;PSMA8;PSMB4;PSMD9
prerank,GO_Biological_Process_2021::regulation of intracellular pH (GO:0051453),-0.48611398256472993,-1.68390841449289,0.0033444816053511705,0.03878881092457083,1.0,10/30,4.99%,SLC9A6;GPR89B;SLC9A7;SLC9A2;SLC9A5;GPR89A;SLC4A2;SLC9A8;SLC4A8;SLC4A9
prerank,GO_Biological_Process_2021::positive regulation of cholesterol transport (GO:0032376),0.597551750969806,1.6827958345430825,0.009226401703335699,0.02631087007003936,1.0,11/25,13.27%,ABCA8;CETP;ABCA7;ADIPOQ;CES1;PLTP;TREM2;PON1;CAV1;APOA1;ENPP7
prerank,MSigDB_Hallmark_2020::Adipogenesis,0.4478789279796778,1.6823417465898391,0.0,0.026390412688263427,1.0,75/165,25.09%,DHRS7;ITIH5;JAGN1;SPARCL1;SNCG;LTC4S;DRAM2;DDT;OMD;CD302;REEP6;UQCR10;UQCRQ;CYC1;UQCR11;ADIPOQ;LPL;RETN;RAB34;UQCRC1;SOWAHC;GPX3;CIDEA;FABP4;SORBS1;LEP;ORM1;STOM;PLIN2;CD151;CD36;PFKFB3;HSPB8;ANGPTL4;PFKL;ESYT1;PDCD4;ITSN1;ACADL;STAT5A;COX6A1;ATL2;PPP1R15B;COX7B;PRDX3;LIFR;SDHB;CMBL;APOE;SLC25A10;RMDN3;DHRS7B;MYLK;NMT1;NKIRAS1;RTN3;SCARB1;APLP2;G3BP2;TALDO1;NABP1;POR;ALDOA;ITGA7;DNAJB9;UCP2;MDH2;SDHC;PGM1;IDH3A;DLD;TANK;SSPN;ARL4A;GHITM
prerank,GO_Biological_Process_2021::regulation of calcium ion-dependent exocytosis (GO:0017158),-0.4967018555432752,-1.6819573036398736,0.013223140495867768,0.03929110406199887,1.0,7/26,7.93%,SYT3;SYT6;SYT10;SYT12;SYT13;SYT11;REST
prerank,GO_Biological_Process_2021::negative regulation of cytokine production involved in inflammatory response (GO:1900016),0.672065596331311,1.6815831328306883,0.008634222919937205,0.02657361639543821,1.0,11/15,20.16%,LILRB4;CHID1;NLRP7;MEFV;TREM2;PDCD4;SIRPA;NLRC3;APOD;ZC3H12A;PYCARD
prerank,GO_Biological_Process_2021::negative regulation of chemokine production (GO:0032682),0.6975097324306019,1.68097047462469,0.009508716323296355,0.026709921345557393,1.0,11/13,22.79%,C1QTNF3;LILRB4;OAS1;MEFV;OAS3;SIRPA;F2RL1;APOD;LGALS9;KLF4;SIGIRR
prerank,GO_Biological_Process_2021::positive regulation of cytokine-mediated signaling pathway (GO:0001961),0.6065190958017851,1.6805973770850535,0.008142116950407105,0.02677235355913992,1.0,10/23,12.34%,CD300LF;CPNE1;LAPTM5;IL7;GFI1;HIF1A;EDN1;TICAM2;PARP9;PARP14
prerank,GO_Biological_Process_2021::regulation of cation channel activity (GO:2001257),-0.3979916508217991,-1.6803532304003428,0.0024330900243309003,0.0396760458101604,1.0,20/65,12.49%,DLG2;SHISA9;NETO1;SHISA7;CACNG4;NLGN2;SHISA6;LRRC7;CACNG7;SHISA8;CACNG3;CNIH2;CNIH3;CACNB1;FGF14;MINK1;PRRT1;JSRP1;CACNB3;JPH1
prerank,GO_Biological_Process_2021::regulation of heart rate by cardiac conduction (GO:0086091),-0.47986939514098664,-1.6798366298849208,0.010380622837370242,0.03971598754676161,1.0,13/31,14.96%,KCND3;SCN2B;SCN3B;HCN4;SCN1B;ISL1;CACNA2D1;KCNE1B;KCNJ2;DSC2;KCNE3;AKAP9;PKP2
prerank,GO_Biological_Process_2021::mononuclear cell differentiation (GO:1903131),0.676717007498824,1.6796620931045132,0.011727912431587178,0.027034136089100352,1.0,10/15,21.14%,MT1G;LILRB1;BATF3;TREM2;MYH9;IRF8;BMP4;RELB;IKZF1;TRPM2
prerank,GO_Biological_Process_2021::primary alcohol metabolic process (GO:0034308),0.6042011022270242,1.6794916449981814,0.00804093567251462,0.027032908010669283,1.0,14/24,23.17%,CYP1A1;ADH6;RBP4;CYP11A1;CYP1A2;CYP1B1;ADH7;NAAA;CYP27C1;CYP2D6;GDPD1;LRAT;GDPD3;DHRS3
prerank,GO_Biological_Process_2021::phosphatidylcholine metabolic process (GO:0046470),0.5091433886140724,1.6782090308210655,0.003865979381443299,0.027393003217140787,1.0,23/57,19.03%,PLBD1;ABHD3;APOA5;CETP;APOA2;LIPC;SLC44A1;PON1;PLA2G2D;PLA2G3;LCAT;APOA1;PLA2G1B;PLA2G2F;PLB1;PLA2G15;PHOSPHO1;CHPT1;PCTP;PLA2G4E;PLA2G4D;PLA2G4B;GPLD1
prerank,GO_Biological_Process_2021::regulation of fibroblast growth factor receptor signaling pathway (GO:0040036),0.632652045374325,1.6779400221950416,0.010355029585798817,0.027424113798730155,1.0,12/19,23.28%,SMOC2;SULF2;THBS1;SULF1;DSTYK;SPRY1;GPC1;PRKD2;NPTN;SPRY4;APLN;NOG
prerank,GO_Biological_Process_2021::mRNA export from nucleus (GO:0006406),-0.374258591077726,-1.6777915044509752,0.0,0.04024921856812097,1.0,34/100,21.02%,CASC3;IWS1;NUP205;DHX38;POM121;NUP133;NUP188;NUP35;CPSF2;NUP37;U2AF1;UPF1;DDX25;AAAS;NUP160;MCM3AP;NUP43;SMG5;CPSF3;MAGOHB;SARNP;CPSF1;POM121C;NDC1;POLDIP3;CHTOP;SMG7;CPSF4;U2AF2;PCID2;DDX19A;DDX19B;SMG6;THOC6
prerank,GO_Biological_Process_2021::cytidine to uridine editing (GO:0016554),0.7288693211200534,1.676794822379627,0.019055509527754765,0.027738084995331088,1.0,9/10,24.30%,APOBEC3G;APOBEC1;APOBEC3D;APOBEC3A;AICDA;APOBEC3H;APOBEC3C;APOBEC3B;APOBEC2
prerank,GO_Biological_Process_2021::RNA biosynthetic process (GO:0032774),-0.5168201844947122,-1.6767858052518017,0.01098901098901099,0.040431580879606306,1.0,13/23,28.34%,NCOA6;TAF13;NAT14;TCEA2;TTF2;TTF1;BRF2;RSF1;SMARCA5;TAF10;TAF7;HELB;BRF1
prerank,GO_Biological_Process_2021::phagolysosome assembly (GO:0001845),0.7388304906570626,1.6762547670456351,0.016156462585034014,0.02787491068748078,1.0,9/10,23.35%,RAB20;CORO1A;RAB34;CLN3;SYT7;ARL8B;RAB39A;RAB7B;RAB7A
prerank,GO_Biological_Process_2021::regulation of G1/S transition of mitotic cell cycle (GO:2000045),0.5068925634400094,1.676089784716686,0.0012706480304955528,0.027889905938201353,1.0,23/58,21.07%,SLFN11;FAM107A;TMEM14B;ZNF655;CDK2AP2;RGCC;ADAMTS1;KANK2;AIF1;HYAL1;PTPN6;FHL1;TM4SF5;ANXA1;PTEN;FGF10;PRMT2;PKD2;GFI1B;UBE2E2;CDKN1A;ID2;RDX
prerank,GO_Biological_Process_2021::negative regulation of G0 to G1 transition (GO:0070317),-0.45407062478900423,-1.6759631467010914,0.013157894736842105,0.04059222016095315,1.0,13/32,16.84%,RING1;MGA;RBBP8;EHMT1;RYBP;CBX5;CBX3;MAX;SUZ12;YAF2;RNF2;TFDP2;PCGF6
prerank,GO_Biological_Process_2021::lysosome localization (GO:0032418),0.5672054142989995,1.6759191428272426,0.01148600143575018,0.02790630924227631,1.0,19/31,27.45%,MILR1;DEF8;NR4A3;RAB34;MYH9;BORCS5;S100A13;MRGPRX2;RAB3A;ARL8B;TMEM106B;NDEL1;SYTL4;TFEB;KXD1;HPS6;BLOC1S2;BORCS6;SNAPIN
prerank,GO_Biological_Process_2021::regulation of vasculogenesis (GO:2001212),0.7132188645042398,1.6755657674271862,0.013366750208855471,0.02795818853882696,1.0,6/12,13.90%,TMEM100;EMP2;RRAS;CD34;CEACAM1;RIN2
prerank,GO_Biological_Process_2021::hyaluronan catabolic process (GO:0030214),0.6898126895035005,1.6752633472987473,0.013417521704814523,0.027995437517733562,1.0,10/13,23.97%,LYVE1;HYAL2;HYAL1;STAB2;HEXB;HEXA;HYAL4;CHP1;SLC9A1;HYAL3
prerank,GO_Biological_Process_2021::cellular response to peptide (GO:1901653),0.5813988003006396,1.6751118591940075,0.007057163020465773,0.028001494527448573,1.0,18/29,23.86%,FPR2;PTPN22;LGMN;TLR6;CYP11A1;TREM2;VCAM1;CD36;GJA1;CAV1;ZFP36L1;XBP1;SNX6;RIPK2;ATP1A3;NOD1;NGFR;RPL23
prerank,GO_Biological_Process_2021::positive regulation of natural killer cell mediated immunity (GO:0002717),0.6250383675571622,1.6750442949259017,0.01282051282051282,0.02798443604608054,1.0,10/20,18.83%,KIR2DL4;KLRC2;KLRD1;KLRK1;NCR3;CD160;SLAMF6;CD226;RASGRP1;LAMP1
prerank,GO_Biological_Process_2021::histone mRNA catabolic process (GO:0071044),-0.6257692823761852,-1.6748541899254314,0.028795811518324606,0.040863690429000815,1.0,5/11,20.84%,EXOSC10;EXOSC4;UPF1;ERI1;MTPAP
prerank,GO_Biological_Process_2021::positive regulation of secretion (GO:0051047),0.7286926435813563,1.6733552448536786,0.015151515151515152,0.028423664740348964,1.0,8/10,20.62%,SCIN;ALOX12B;AQP1;PRL;XBP1;NPPB;GPLD1;SCT
prerank,GO_Biological_Process_2021::manganese ion transport (GO:0006828),0.7088700997841744,1.6733109209323,0.009868421052631578,0.02839596553539925,1.0,11/12,26.47%,SLC11A1;TMEM165;SLC39A14;SLC11A2;TRPC4;ATP2C2;ATP2C1;TRPC6;TRPC3;TRPC1;SLC39A8
prerank,GO_Biological_Process_2021::sensory perception (GO:0007600),-0.4896607988004945,-1.6729596358202903,0.01584507042253521,0.041317988492005596,1.0,11/28,13.37%,PROK2;CLRN1;USH1G;PCDH15;KCNK4;USH1C;TTC8;CDH23;PNOC;UGT2A1;ADGRV1
prerank,GO_Biological_Process_2021::negative regulation of growth (GO:0045926),0.4726481469712667,1.672914402834563,0.002364066193853428,0.02847902034318913,1.0,45/98,22.09%,CCDC85B;RERG;SERTAD2;WFDC1;MT1A;DCSTAMP;MT1G;MT1M;ENPP1;MT1H;HRG;HYAL2;HYAL1;ALOX15B;FBP1;MT2A;CRLF3;PPT1;FHL1;SMAD3;GJA1;BTG1;FRZB;MT1F;SLIT3;SFRP2;PHB;SCGB3A1;MT1E;MT1X;SLIT2;BST2;NPPB;MSX1;PML;TMPRSS4;CYP27B1;SMARCA2;EI24;CDKN1A;PPP1R9B;SERTAD3;OSGIN2;GNG4;ST7L
prerank,GO_Biological_Process_2021::regulation of activated T cell proliferation (GO:0046006),0.6058797918345384,1.6726904635449011,0.013006885998469778,0.028501554319747838,1.0,15/22,25.03%,LILRB4;IGFBP2;IL2;FOXP3;BTN2A2;CD24;IL23R;CLC;IL12RB1;LGALS9;PYCARD;IL27RA;FADD;RIPK3;HHLA2
prerank,GO_Biological_Process_2021::negative regulation of macromolecule metabolic process (GO:0010605),0.45384442231194333,1.6726897990982945,0.0005617977528089888,0.028460247719284435,1.0,65/141,23.16%,ZNF503;RBMS3;LRP3;EMILIN1;CILP;CPNE1;LILRB2;PTPN22;LGMN;CCDC3;MYADM;ANXA7;ANKRD13A;RIN3;GATA2;CLDN5;MSR1;TRAT1;HIF1A;YAP1;LDLR;OCLN;PARP9;CD34;PLA2G3;CNPY2;PARP14;SFRP2;SLC2A10;APOBEC1;FLOT2;BMP4;CD46;HAND2;AICDA;MEF2C;SNX12;SPI1;ANKRD13D;PARP15;CCL3;TIPARP;RUNX1;DLG4;ZC3H12A;LGALS9;ROBO1;APOE;CELF1;ATOH8;FGF19;TCEAL1;BMP2;ID2;SDCBP;SLC7A5;NDFIP1;STC2;FBXW7;APLN;LRPAP1;KLF4;PICALM;NOCT;SH3GL2
prerank,GO_Biological_Process_2021::interleukin-27-mediated signaling pathway (GO:0070106),0.73022907426688,1.6723956495030505,0.01254180602006689,0.028525675979119768,1.0,8/10,22.34%,OASL;OAS1;OAS2;CANX;MX1;EBI3;STAT1;IL27RA
prerank,GO_Biological_Process_2021::rRNA 3'-end processing (GO:0031125),-0.6547450189198583,-1.6714951974930605,0.019455252918287938,0.04170402169214162,1.0,7/10,14.30%,EXOSC10;EXOSC2;EXOSC9;EXOSC3;EXOSC7;EXOSC8;ERI1
prerank,GO_Biological_Process_2021::RNA processing (GO:0006396),-0.34402072120255067,-1.6713436525545686,0.0,0.04164068797821489,1.0,48/163,13.77%,PIWIL2;ZCCHC8;DDX54;NUFIP1;USP39;TCERG1;NOL9;KIN;DHX16;PRPF18;PRPF4;DHX8;NOVA1;MPHOSPH10;PDCD7;SRPK1;ZMAT5;U2AF1;GEMIN2;CPSF6;ATXN1;SNRNP35;USB1;CCAR2;RNPC3;TFIP11;MAGOHB;DDX23;WBP4;SRPK2;SMU1;RBM5;KHSRP;RSRC1;AKAP8L;DHX15;RP9;MRPL44;SF3A1;HNRNPL;DROSHA;SCNM1;SNRNP25;PRPF4B;NUDT21;CSTF3;NRDE2;TSEN34
prerank,GO_Biological_Process_2021::positive regulation of apoptotic process (GO:0043065),0.435954051191792,1.6705620959903589,0.0,0.029072491468922813,1.0,125/252,26.46%,FAM162A;CALHM2;TNFAIP8;FGD2;PHLDA3;ADAMTSL4;ARHGEF17;ABR;STK17B;MNDA;TGM2;PTGIS;KNG1;VAV2;LILRB1;ADIPOQ;SCIN;PHLDA1;HRG;SFRP4;ARHGEF6;TNFSF10;IGFBP3;JUN;NUPR1;STK17A;FOXO1;FOXO3;NET1;VAV1;DUSP6;TNFRSF10C;GZMA;PMAIP1;ITGA6;ARHGEF19;NLRC4;BTG1;FRZB;CYP1B1;BCL2L11;KALRN;GRN;SFRP2;HMGA2;FGD1;BMF;PLEKHG5;IFIT2;BMP4;BID;SLIT2;DUSP9;C1QBP;IRF5;FAS;CTSD;HRK;ARHGEF16;ARHGEF1;ITSN1;RARG;IAPP;DLC1;UBD;TRAF6;ARHGEF5;GNA13;TFAP2A;ARL6IP5;VAV3;AIFM2;FGD3;JMY;ATF6;CCL3;PRMT2;ANO6;HSPD1;ZC3H12A;BAK1;ZBP1;GPLD1;TFAP2B;PDCD2;APAF1;CDK5R1;BCL10;PYCARD;PPID;UBB;TRAF7;BMP2;DAPK3;NGEF;ARHGEF26;STK4;SOS1;PLEKHG2;MCF2;MTCH1;ANKRD1;NGFR;SPHK2;FGD4;SQSTM1;ARHGEF12;PIP5KL1;NEUROD1;TRIO;BNIP3L;AKAP13;FADD;DDIT3;ARHGEF3;RHOB;DAPK1;LATS2;TP63;BIN1;BAX;NCSTN;MTCH2;DIABLO;RNF122
prerank,GO_Biological_Process_2021::negative regulation of apoptotic process (GO:0043066),0.4262765424056583,1.6699546379235286,0.0,0.029236020307138073,1.0,159/343,24.22%,TNFAIP8;GPX1;OSR1;RNF144B;PAGE4;CLEC5A;CTSG;LAMP3;ANXA4;COMP;MYDGF;LGMN;PROC;PLAUR;EVI2B;FSTL1;PRAP1;TMEM14A;THBS1;AGAP2;LTF;PDPN;CIDEA;IL2;DHRS2;TNFRSF10D;SMAD6;IL7;GATA1;ADAM8;HCLS1;NUPR1;TREM2;PPIF;FHL2;SNAI2;SHC1;YAP1;NCKAP1L;FOXO1;PPARGC1A;DSTYK;TXNDC5;ATF5;PPT1;CX3CR1;PLA2G3;PTPRZ1;EGR3;DDAH2;CTSH;SERPINB9;CARD16;IFIT3;FGF20;CAV1;GCG;GATA4;AQP1;GHRL;GRN;CLN3;TPT1;NR4A2;NKX2-5;HMGA2;PTMA;ARHGAP10;MYC;APOH;ALOX12;ANXA1;SPHK1;ANGPTL4;BMP4;NDNF;BID;GATA6;XBP1;CBL;WFS1;FAS;FMN2;HSPA9;PLK2;SNX6;BCL3;BDNF;PRELID1;SOCS2;ALB;NAIP;AZU1;MYD88;DNAJC3;MEF2C;CNTF;TRAF6;BFAR;GRK5;TFAP2A;HSPA5;TDGF1;PKHD1;DAB2;RIPK2;IFI6;PRAME;TRIAP1;RNF213;NTF3;OPN3;TBX3;PRDX3;HIGD1A;HSPD1;HIGD2A;ZC3H12A;TOX3;APOE;SOX9;SFN;TFAP2B;CFL1;SOD2;ARL6IP1;TJP1;UBB;YWHAE;PRDX2;BNIP2;FOXQ1;NUP62;ASAH2;VIP;ANGPT4;XIAP;PLK3;MAPK8IP2;FFAR4;FCMR;PA2G4;NTF4;RPS3A;KLF4;NGFR;PHB2;NOL3;AVP;PRLR;TBX1;SQSTM1;LRP2;TMBIM6;BAG1;ADAM10;FXN;PRDX5;BNIP3L
prerank,GO_Biological_Process_2021::activation of protein kinase A activity (GO:0034199),-0.5972274158520748,-1.6693813037034715,0.013477088948787063,0.042131587411829104,1.0,9/14,25.70%,ADCY5;ADCY7;ADCY2;PRKAR2B;ADCY9;PRKAR2A;PRKAR1A;ADCY3;ADCY6
prerank,GO_Biological_Process_2021::positive regulation of TOR signaling (GO:0032008),0.5639080012804417,1.6693484327112997,0.006202618883528601,0.029391240976371757,1.0,25/33,32.26%,GPR137B;GPR137;TREM2;LEP;NCKAP1L;LAMTOR3;RRAGB;MIOS;LIN28A;RRAGA;SEC13;RHEB;LAMTOR2;SLC38A9;KLHL22;LAMTOR5;RRAGD;FLCN;RRAGC;SMCR8;SIK3;WDR59;FNIP1;LAMTOR4;GOLPH3
prerank,GO_Biological_Process_2021::negative regulation of leukocyte mediated cytotoxicity (GO:0001911),0.7014611550391566,1.6690303064507435,0.012116316639741519,0.029460644478000873,1.0,9/12,19.71%,KIR2DL4;LILRB1;KLRD1;CX3CR1;CEACAM1;ARRB2;CLEC12B;LGALS9;MICA
prerank,GO_Biological_Process_2021::ribonucleoprotein complex assembly (GO:0022618),-0.3642126083384582,-1.6683249353669742,0.0,0.04235319368603462,1.0,40/111,15.49%,RRS1;BOP1;ERAL1;USP39;TARBP2;PRPF18;BRIX1;MRPS11;DHX29;GEMIN6;MDN1;RPF2;SRPK1;WDR77;EIF2D;GEMIN8;GEMIN2;XRCC5;CPSF6;NOP2;SNUPN;SART3;PPAN;GEMIN7;NLE1;LUC7L2;TGS1;DDX23;CPSF7;SRPK2;RBM5;ISY1;GEMIN5;NUDT21;SART1;DHX9;GCFC2;RPL3L;CRNKL1;TXNL4A
prerank,GO_Biological_Process_2021::receptor metabolic process (GO:0043112),0.5399390865900949,1.6674723142696428,0.006232686980609419,0.0299141741808869,1.0,28/38,27.19%,LILRB4;LGMN;MX2;LILRB1;NEDD4;FCER1G;DNM1;EHD3;MX1;CD36;CAV1;RAB31;ARRB2;SNX1;CLTC;LMTK2;SNX25;ACKR3;KIF16B;CD9;MVB12A;PICALM;CD81;BECN1;SH3GLB1;PLEKHJ1;LDLRAP1;RAB11B
prerank,GO_Biological_Process_2021::negative regulation of DNA metabolic process (GO:0051053),-0.5205239595579217,-1.6672606269105286,0.016224188790560472,0.0425342727546987,1.0,9/21,11.73%,MSH6;ZNF93;MSH3;ERCC4;MSH2;XRCC5;TERF2;BLM;ZRANB3
prerank,GO_Biological_Process_2021::positive regulation of apoptotic signaling pathway (GO:2001235),0.5357248636867603,1.6671751690421348,0.005936675461741424,0.029964893786310853,1.0,19/42,20.25%,G0S2;S100A8;TNFSF10;STYXL1;NUPR1;HYAL2;S100A9;PMAIP1;BCL2L11;CAV1;DEDD2;BMF;BID;FAS;PML;TRAF2;BCL10;PYCARD;TRAF7
prerank,GO_Biological_Process_2021::G protein-coupled glutamate receptor signaling pathway (GO:0007216),-0.6225388351810244,-1.6669796016756895,0.013597033374536464,0.04252896984419627,1.0,4/11,9.38%,GRM8;TRPM1;GRM7;HOMER3
prerank,GO_Biological_Process_2021::prostaglandin metabolic process (GO:0006693),0.6095324494046646,1.6665393798229575,0.010486891385767791,0.03012455597503579,1.0,10/22,16.49%,PTGR1;PTGES;PTGIS;HPGDS;HPGD;GSTM1;EDN1;GSTA1;EDN2;PTGES3
prerank,GO_Biological_Process_2021::epithelial cell migration (GO:0010631),0.5647580577415242,1.6660129822652394,0.008904109589041096,0.03024910119973494,1.0,17/31,20.56%,FSTL1;PKN3;PXN;KANK2;FERMT1;PRSS3;PRKX;CYP1B1;PLEKHG5;LPXN;ADGRA2;RHOA;PTP4A3;PLXND1;S100A2;S100P;STAT1
prerank,GO_Biological_Process_2021::regulation of epidermal growth factor receptor signaling pathway (GO:0042058),0.5122879725379884,1.6658392268299975,0.003234152652005175,0.030272990419020287,1.0,26/56,23.16%,PLAUR;RHBDF2;RHBDF1;SPRY1;EGF;PTPN3;CEACAM1;CBL;EPGN;AREG;ITGA1;IFI6;SHKBP1;BTC;CBLC;ARAP1;HAP1;NUP62;EPS15;CDC42;PTPN2;RNF115;SH3KBP1;NEU3;MVB12A;SH3GL2
prerank,GO_Biological_Process_2021::protein localization to lysosome (GO:0061462),0.5786049928394257,1.6653300875384787,0.01422475106685633,0.030400495218892144,1.0,13/27,24.79%,MFSD1;LAPTM5;GLMP;NEDD4;NAGPA;AP4M1;M6PR;RNF128;SORL1;SCARB2;RAB7A;NCOA4;CD81
prerank,GO_Biological_Process_2021::spliceosomal snRNP assembly (GO:0000387),-0.4524659967764717,-1.66505265212692,0.003616636528028933,0.043028563320037544,1.0,12/36,14.03%,GEMIN6;AAR2;WDR77;GEMIN8;GEMIN2;SNUPN;SART3;GEMIN7;TGS1;GEMIN5;SART1;CD2BP2
prerank,GO_Biological_Process_2021::negative regulation of cellular process (GO:0048523),0.4223401996097062,1.6643402443595237,0.0,0.030650189621489042,1.0,191/445,22.36%,ZNF503;PODN;CCDC85B;RERG;TMIGD3;SERTAD2;EMILIN1;ADAMDEC1;WFDC1;SIRPG;CD164;IGFBP6;FBLN1;DCSTAMP;ARHGDIB;PRTN3;IGFBP7;MYOCD;ANXA6;KLF10;KLK8;FER1L5;KNG1;DYSF;TP53INP1;LILRB1;ADIPOQ;SCIN;BNIPL;ENPP1;TGFB1I1;P3H1;HPGD;TGFBI;TP53I11;TGFBR3;S100A11;PLXNA4;PDPN;HRG;RGCC;CXCL1;DHRS2;SMAD6;SFRP4;SOX7;APOBEC3G;IGFBP3;ADAMTS1;ADAMTS8;IFITM1;KANK2;NUPR1;TREM2;P3H3;HYAL2;HYAL1;PTPN6;FOXP3;ALOX15B;FBP1;EPO;PODXL;CRLF3;BTN2A2;NOTCH4;ATF5;PPT1;CD34;FHL1;DUX4;CBFA2T3;SMAD3;BRINP1;TBRG1;VPS35;TESC;GJA1;BTG4;BTG1;CCL23;JAM2;FRZB;FERMT2;IFIT3;MYH9;CYP1B1;PLXNA2;NUPR2;APOA1;TNS2;SLIT3;SFRP2;THAP5;PHB;MYC;SCGB3A1;ENPP7;SPEF1;OSM;APOBEC3D;TNFRSF1B;NCK1;BMP4;ETS1;EIF2AK2;SLIT2;APOBEC3A;PDCD4;SPN;BST2;WFS1;GATA3;NPPB;FOXO4;PTEN;NCK2;PLSCR1;P3H2;FTH1;SST;LPXN;ASTL;AICDA;SIRPA;EIF2AK3;RARG;TXNDC12;MSX1;DLC1;PML;CEBPA;SULT2B1;TFAP2A;DUSP1;TBX5;PKHD1;ITGA1;PLXNC1;PRAME;APOBEC3H;PLXNB2;ACTN1;APOBEC3C;PLXNA1;IFI35;PLXND1;IFNL1;BMP7;PKD2;FGFBP1;CELF1;GPLD1;CYP27B1;TFAP2B;SMARCA2;CHMP4B;SOD2;RND1;INHA;APOBEC3B;ADGRB1;EI24;SNX3;CDKN1A;SH2B3;PPP1R9B;NUP62;RUNX3;BMP2;DDAH1;PLXNA3;TES;IRF6;SERTAD3;RNF139;PTPN2;CD9;ADGRG1;OSGIN2;CHD5;ABI1;NR4A1;GNG4;AXIN2;PARP16;ST7L;TMEM109;LRPAP1;PTPN14;ALDH1A2
prerank,GO_Biological_Process_2021::negative regulation of neuron projection development (GO:0010977),0.5215057941678735,1.6643232678502096,0.005177993527508091,0.03060870046449357,1.0,23/48,24.16%,PTPRO;THY1;PTPN9;GFI1;KIAA0319;RTN4RL1;DPYSL3;SEMA3A;RTN4RL2;PTEN;DCC;MYLIP;RHOA;EFNB3;APOE;PAQR3;NGEF;RAB29;MCF2;NGFR;STMN2;GDI1;LPAR1
prerank,GO_Biological_Process_2021::glucose 6-phosphate metabolic process (GO:0051156),0.6181703003653326,1.664257440160729,0.013878743608473338,0.030583482669608093,1.0,17/21,27.50%,HKDC1;GCK;RPEL1;HK3;GPI;PGD;HK2;H6PD;RPIA;G6PD;PGM2L1;TALDO1;HK1;DERA;TKT;RBKS;PGM2
prerank,GO_Biological_Process_2021::heart looping (GO:0001947),-0.45606506553432347,-1.663951713770529,0.010771992818671455,0.04325625973271932,1.0,11/35,10.44%,CCDC39;CCDC40;DNAAF1;STIL;BBS7;TBX6;AHI1;FOXN4;BBS5;ZIC3;NDRG4
prerank,GO_Biological_Process_2021::positive regulation of cytosolic calcium ion concentration (GO:0007204),0.4733354709663746,1.6635501983898184,0.0,0.030799593821309378,1.0,51/94,20.71%,GPR65;CMKLR1;FPR3;FPR2;C3AR1;SPPL3;FPR1;KNG1;C5AR2;GPR4;CXCL13;CAV3;PTGIR;SAA1;CCR7;EDN1;CCL1;CXCR3;CX3CR1;CD36;XCR1;CCR3;CAV1;ACKR4;CCR8;GHRL;CCR10;PLA2G1B;ADCYAP1;GPR157;CCR6;CXCR6;CD24;CXCR5;PTGFR;EDN2;IAPP;F2RL1;CD55;NPTN;ABL2;CCRL2;LPAR6;F2RL2;GPR35;DLG4;RYR2;ACKR2;PLCZ1;ACKR3;PLCE1
prerank,GO_Biological_Process_2021::chloride transport (GO:0006821),-0.40559512829650507,-1.6635039775227203,0.00936768149882904,0.04328402250019609,1.0,23/58,11.70%,CLCN2;GABRA2;GABRR2;ANO2;CLCNKA;ANO7;GLRA3;GABRR1;BEST1;SLC4A8;ANO4;CLCNKB;GLRB;SLC12A5;SLC6A1;GABRE;LRRC8A;NMUR1;SLC12A2;BSND;SLC12A4;GABRB1;SLC26A6
prerank,GO_Biological_Process_2021::positive regulation of multicellular organismal process (GO:0051240),0.43458542567939296,1.6632564662224554,0.0,0.030854015414345043,1.0,111/236,23.02%,C1QTNF3;TMEM119;SLC11A1;NFAM1;CMKLR1;PLA2R1;MFAP2;G0S2;SYDE1;ZNF703;LILRB2;APOA5;LBP;CLEC6A;NOX5;ABCA7;CLEC9A;APOC2;ADIPOQ;BATF;TGFB1I1;HCRT;PLAC8;BMP1;HMCES;LCN2;SERPINB3;PDPN;SAA1;RGCC;GH1;TWIST1;IL2;KLRF2;ALOX12B;CARD9;FABP4;TREM2;LEP;GLIPR2;IRF4;PPARGC1A;APELA;FOXJ1;ITGAX;DIO2;PLA2G3;FST;SMAD3;CD36;GJA1;FERMT2;UCN;CAV1;GHRL;BAMBI;EGF;ADCYAP1;WWTR1;AMTN;PRL;S100A13;PER2;BMP4;EIF2AK2;XBP1;PRDM16;CEBPB;C1QBP;NPPB;TGFBR2;TRPV2;F2RL1;ACADL;TBX5;DAB2;STAT6;FABP5;CRH;ESRRB;UCP1;BSCL2;NCOA3;APOE;SOX9;KSR2;CYP27B1;INHBB;CFL1;TXK;RFX3;HAP1;IL26;BMP2;SORL1;VIP;SDCBP;ETV4;FLOT1;OXT;FFAR4;AXIN2;GNAS;LRPAP1;PPIB;GAPDH;SMTNL2;BMPR1B;FOXA2;UCP2;PRLR
prerank,GO_Biological_Process_2021::transcription by RNA polymerase III (GO:0006383),-0.48220212545437036,-1.6630925345426784,0.014586709886547812,0.043300925556708274,1.0,10/27,13.04%,POLR3H;ICE1;GTF3C2;POLR3K;SNAPC3;ZC3H8;SNAPC4;GTF3C4;GTF3C5;GTF3C1
prerank,GO_Biological_Process_2021::carbohydrate derivative catabolic process (GO:1901136),0.6400194133966947,1.6621719398019181,0.0109204368174727,0.031143263215619336,1.0,12/17,24.98%,AOAH;NAGA;MANBA;NEU4;ADAMTS9;FUCA1;SAMHD1;FBXO17;NGLY1;FBXO27;BPGM;DERA
prerank,GO_Biological_Process_2021::positive regulation of signal transduction by p53 class mediator (GO:1901798),0.6396503409502304,1.6617106116628109,0.01194921583271098,0.03126129459660052,1.0,10/18,23.86%,PLA2R1;RPS20;PMAIP1;MSX1;HIC1;EIF5A;UBB;CHD5;ANKRD1;RPL23
prerank,GO_Biological_Process_2021::negative regulation of osteoblast differentiation (GO:0045668),0.6008916260868202,1.6615037604881127,0.01514059120403749,0.03128972928893321,1.0,15/23,24.82%,CRIM1;TWIST2;TWIST1;SMAD6;CHRD;TNN;BAMBI;LRP5;RORB;GDF10;SOX9;SKI;NOCT;NOG;PTCH1
prerank,GO_Biological_Process_2021::porphyrin-containing compound catabolic process (GO:0006787),0.68793018793476,1.6608189356401002,0.017446471054718478,0.03144023924077308,1.0,11/13,23.44%,AMBP;UGT1A1;HMOX1;GSTA1;SLCO2B1;BLVRB;ALB;SLCO1B1;BLVRA;ABCG2;HMOX2
prerank,GO_Biological_Process_2021::heme catabolic process (GO:0042167),0.68793018793476,1.6608189356401002,0.017446471054718478,0.03144023924077308,1.0,11/13,23.44%,AMBP;UGT1A1;HMOX1;GSTA1;SLCO2B1;BLVRB;ALB;SLCO1B1;BLVRA;ABCG2;HMOX2
prerank,GO_Biological_Process_2021::anterograde synaptic vesicle transport (GO:0048490),0.6539562044306465,1.6602207418232717,0.018619084561675717,0.03157326176226692,1.0,12/15,29.65%,AP3B2;DTNBP1;BLOC1S5;BLOC1S4;BLOC1S6;BLOC1S2;SNAPIN;AP3D1;BLOC1S3;AP3S1;AP3M2;AP3B1
prerank,GO_Biological_Process_2021::synaptic vesicle transport along microtubule (GO:0099517),0.6539562044306465,1.6602207418232717,0.018619084561675717,0.03157326176226692,1.0,12/15,29.65%,AP3B2;DTNBP1;BLOC1S5;BLOC1S4;BLOC1S6;BLOC1S2;SNAPIN;AP3D1;BLOC1S3;AP3S1;AP3M2;AP3B1
prerank,GO_Biological_Process_2021::regulation of G0 to G1 transition (GO:0070316),-0.4391998793457164,-1.660048585274216,0.009689922480620155,0.04417936646451855,1.0,14/35,16.84%,RHNO1;RING1;MGA;RBBP8;EHMT1;RYBP;CBX5;CBX3;MAX;SUZ12;YAF2;RNF2;TFDP2;PCGF6
prerank,GO_Biological_Process_2021::histone H2A ubiquitination (GO:0033522),-0.5563727675683193,-1.6597107609050887,0.03151862464183381,0.04416987322610233,1.0,7/16,14.10%,RING1;BCOR;RNF8;TRIM37;RYBP;RNF2;DDB2
prerank,GO_Biological_Process_2021::maintenance of gastrointestinal epithelium (GO:0030277),-0.6136314018436335,-1.6594975845264317,0.01649746192893401,0.04413650838925799,1.0,5/12,9.19%,MUC13;TFF2;MUC6;MUC4;TFF1
prerank,GO_Biological_Process_2021::regulation of lipid biosynthetic process (GO:0046890),0.5859511603915817,1.659397622660662,0.009298998569384835,0.03181088468568239,1.0,15/26,23.14%,APOA5;AVIL;ADIPOQ;SORBS1;CREBL2;APOA1;CEACAM1;STAR;APOE;ASAH1;SIRT4;EIF6;PCK1;PRKAG2;MLXIPL
prerank,GO_Biological_Process_2021::glycolytic process through glucose-6-phosphate (GO:0061620),0.6050442757303544,1.6593651689796132,0.011569052783803326,0.031774000667376234,1.0,19/24,25.28%,PFKM;PGAM2;GCK;HK3;GPI;PFKP;ADPGK;PFKL;HK2;ALDOB;ALDOC;PGAM1;ALDOA;GAPDH;HK1;PKM;ENO3;PGK1;GAPDHS
prerank,GO_Biological_Process_2021::positive regulation of myeloid leukocyte differentiation (GO:0002763),0.6158659635341631,1.6592984030020304,0.016200294550810016,0.03174826855790087,1.0,16/21,25.95%,DCSTAMP;OCSTAMP;EVI2B;PF4;HCLS1;IL34;TESC;LIF;ZFP36L1;IL23R;TRAF6;RUNX1;ID2;FADD;LEF1;FES
prerank,GO_Biological_Process_2021::exonucleolytic catabolism of deadenylated mRNA (GO:0043928),-0.46482428782964613,-1.6589781217125146,0.013565891472868217,0.044164288917580244,1.0,11/33,13.14%,EXOSC2;EXOSC9;EXOSC4;EXOSC5;TTC37;EXOSC3;EDC3;HBS1L;EXOSC7;EXOSC1;EXOSC8
prerank,GO_Biological_Process_2021::leukocyte tethering or rolling (GO:0050901),0.7336360378705173,1.658943998672567,0.010551948051948052,0.03181708232076827,1.0,7/10,16.70%,ADD2;VCAM1;CX3CR1;MADCAM1;JAM2;SPN;ITGB7
prerank,GO_Biological_Process_2021::positive regulation of lamellipodium organization (GO:1902745),0.5913634735639668,1.6588053319956337,0.01595358955765047,0.03181959577772607,1.0,19/24,24.35%,VIL1;AVIL;CYFIP1;OCLN;NCKAP1;CORO1C;RAC2;TWF2;AKIRIN1;CORO1B;ABI2;ACTR2;BRK1;PLCE1;CDC42;ARPC2;WASF2;ACTR3;FSCN1
prerank,GO_Biological_Process_2021::positive regulation of fatty acid metabolic process (GO:0045923),0.6896163340357542,1.6581686983930672,0.020984665052461663,0.031960324664561224,1.0,7/12,14.35%,APOA5;APOC2;ADIPOQ;NR4A3;PPARGC1A;APOA1;SLC45A3
prerank,GO_Biological_Process_2021::positive regulation of secretion by cell (GO:1903532),0.5096805783207764,1.6578277298255308,0.007741935483870968,0.032023750150594624,1.0,32/55,23.43%,ANG;MYH10;RAB27B;RGCC;ADAM8;TMED10;TREM2;EDN1;BMP6;UNC13D;CD2AP;FRMD4A;TTN;RAB27A;PLA2G1B;STX1A;IER3IP1;DTNBP1;ATP6AP1;RAB3A;EDN3;PPID;BMP2;EZR;ABCG1;ARF6;NMB;SYTL4;ANKRD1;RAB5A;APBB3;GOLPH3L
prerank,GO_Biological_Process_2021::negative regulation of epithelial cell differentiation (GO:0030857),0.7001076653484831,1.657601424918816,0.008737092930897538,0.032041739131007,1.0,5/12,11.99%,OSR1;NOTCH4;SPRY1;CAV1;ZEB1
prerank,GO_Biological_Process_2021::positive regulation of receptor signaling pathway via JAK-STAT (GO:0046427),0.6702788123036232,1.6567693813944744,0.014251781472684086,0.03229799437660584,1.0,12/15,23.02%,PIBF1;CCL5;OCIAD2;GH1;OCIAD1;LEP;CRLF3;CYP1B1;PRL;IFNL1;IL26;PRLR
prerank,GO_Biological_Process_2021::sensory perception of light stimulus (GO:0050953),-0.37560122013097574,-1.6565446337533585,0.0,0.044823881633714986,1.0,21/78,11.20%,CLRN1;USH1G;EYA3;PCDH15;ZIC2;GRM8;EYA4;BEST1;USH1C;TRPM1;BBS2;CRYGS;KIFC3;RPGR;CRYBA2;IMPG2;RS1;CDH23;CRYGB;KRT12;RD3
prerank,GO_Biological_Process_2021::regulation of wound healing (GO:0061041),0.5655463809292594,1.6557827880522245,0.014925373134328358,0.03257542456948166,1.0,20/31,24.17%,VIL1;DUOX1;CLEC7A;DMTN;HRG;DUOX2;OCLN;CD109;CAV1;VTN;ANXA1;GP1BA;TNFAIP3;F2RL1;AJAP1;MYLK;CASK;FOXA2;CRK;ARFGEF1
prerank,GO_Biological_Process_2021::phosphatidylethanolamine acyl-chain remodeling (GO:0036152),0.6221938742198528,1.655516781459584,0.014559386973180077,0.03260760137010597,1.0,10/18,22.72%,PLBD1;PLA2G2D;PLA2G3;PLA2G1B;PLA2G2F;PLA2G4E;PLA2G4D;PLA2G4B;LPCAT4;PLA2G6
prerank,GO_Biological_Process_2021::positive regulation of gene expression (GO:0010628),0.4223051837240769,1.654871008783151,0.0,0.032798591363512264,1.0,147/340,23.28%,PID1;C1QTNF3;ADTRP;RBMS3;OSR1;TMEM119;SLC11A1;NFAM1;LRP3;EMILIN1;ZNF580;ACTG2;PLA2R1;ACTA2;LAMP3;CLEC6A;LGALS7;PTPN22;ACTC1;NOX5;PCIF1;CLEC9A;TLR6;LILRB1;BATF;DDX58;GATA2;CLDN5;MYLK2;CLEC7A;THBS1;ADM2;PPM1F;CDH5;SAA1;RGCC;TWIST1;KLRF2;PF4;SFRP4;ALOX12B;CARD9;SLC22A2;TREM2;HIF1A;LGALS9B;RPL26;YAP1;PPARGC1A;TYROBP;CRP;ACTA1;OCLN;MYO1C;ITGAX;CD34;BMP6;SMAD3;CTSH;VPS35;SERPINB9;CD36;TESC;GJA1;FGF20;FGF17;TTN;LIMS1;FGF16;RAB27A;IL36G;HMGA2;EGF;EIF3D;SLC2A10;PHB;MYC;FGF8;S100A13;IL1F10;HFE;ADAM19;BMP4;FGF7;ETS1;EIF2AK2;CD46;HAND2;PLCG2;BCL3;PLSCR1;FGF10;EIF4A3;LGALS9C;AZU1;STAP1;SF3B1;EIF2AK3;MYD88;MEF2C;CNTF;EIF3E;TFAP2A;FGF9;DTNBP1;PAX6;PLXNB2;CCL3;HNRNPD;DNMT3B;IL37;ZC3H12A;SRY;PIP;LGALS9;ROBO1;BMP7;SOX9;CELF1;GSN;TXK;ELAVL4;FGF19;IL26;BMP2;ID2;EZR;RPS27L;MITF;RDX;IL36B;FGF18;PKP1;SMAD1;FLOT1;TBP;EIF6;WBP2;GAPDH;KLF4;POLR2E;AVP;ANK2;LIN28A;PASK;SPHK2;NOG
prerank,GO_Biological_Process_2021::regulation of autophagy (GO:0010506),0.4400313658061675,1.6532112070588905,0.0,0.03332140433204684,1.0,97/187,27.27%,GPR137B;MAPK15;DCN;DRAM2;EEF1A1;LAMP3;ATP6V1C2;DRAM1;ATP6V1B1;ATP6V0A2;PTPN22;SNX32;ATP6V1E2;RASIP1;ATP6V0D2;GPR137;TP53INP1;NEDD4;ATP6V1H;MEFV;NUPR1;TREM2;LEP;CAPN1;ATP6V1B2;FOXO1;SNX5;FOXO3;ATP6V1D;DEPDC5;CTSA;ATP6V1G2;EIF4E;DAP;ATP6V1C1;ATP6V1A;VPS26A;VPS35;LAMTOR3;TMEM59;ATP6V1E1;ATP6V0E2;BMF;TRIM65;ATP6V0A1;RRAGB;PLK2;SNX6;ATP6V0E1;RAB8A;ABL2;ATP6V0D1;TRIM38;GFAP;SOGA1;VPS26B;ATF6;TRIM5;TRIB3;PSAP;ZC3H12A;OSBPL7;VPS29;CDK5R1;ATP6V0C;GBA;ATP6V0B;CAPNS1;ATP6V1G1;PRKAG3;USP36;DAPK3;FBXW7;TRIM22;DHRSX;LRRK2;GAPDH;PRKAG2;TFEB;RUBCN;RRAGA;RNF152;RAB39B;RHEB;DDIT3;SH3GLB1;DAPK1;LAMTOR2;SLC38A9;CPTP;EXOC8;KLHL22;VDAC1;NPRL2;LAMTOR5;RB1CC1;TAB2
prerank,GO_Biological_Process_2021::purine ribonucleoside bisphosphate metabolic process (GO:0034035),0.6457545057949469,1.6524304872605706,0.014626635873749037,0.033542171957191995,1.0,10/16,24.08%,ABHD14B;ENPP1;TPST2;SULT1B1;SULT1C4;SULT2B1;SULT1E1;SULT1A3;TPST1;SULT2A1
prerank,GO_Biological_Process_2021::positive regulation of lipid catabolic process (GO:0050996),0.6697802808379696,1.652378393448741,0.01790073230268511,0.033517151885759815,1.0,9/13,20.62%,APOA5;APOA2;APOC2;TWIST1;ABHD5;APOA1;PLIN5;IRS2;SCT
prerank,GO_Biological_Process_2021::negative regulation of interleukin-8 production (GO:0032717),0.6624965228002068,1.6523286328070885,0.017713365539452495,0.03348541805021786,1.0,8/14,14.58%,SSC5D;ANXA4;PTPN22;BPI;TMSB4X;TLR6;ANXA1;BCL3
prerank,GO_Biological_Process_2021::negative regulation of transport (GO:0051051),0.5603797506938711,1.6520134214884916,0.006276150627615063,0.03354994939414351,1.0,16/34,16.45%,MCTP1;PRTN3;ABCA7;FER1L5;DYSF;LILRB1;ADIPOQ;PPM1F;TRAT1;EGF;BST2;PTEN;PLSCR1;SIRPA;SNX12;ARL6IP5
prerank,GO_Biological_Process_2021::cellular zinc ion homeostasis (GO:0006882),0.5845261705196703,1.6519486830165766,0.012605042016806723,0.0335250213648144,1.0,11/25,17.10%,MT1A;MT1G;MT1M;MT1H;MT2A;SLC39A14;MT1F;MT1HL1;MT1E;MT1X;SLC39A5
prerank,GO_Biological_Process_2021::filopodium assembly (GO:0046847),0.6580436641069595,1.6515606469163393,0.014778325123152709,0.033621068955513755,1.0,10/15,23.31%,FGD5;FGD2;RAB17;FGD6;FGD1;SPEF1;FGD3;PPP1R9B;EZR;FGD4
prerank,GO_Biological_Process_2021::sequestering of extracellular ligand from receptor (GO:0035581),0.682564020517661,1.651345695331367,0.020984665052461663,0.033664914941357885,1.0,8/13,13.85%,CHRDL1;FBN2;FSTL1;LTBP1;FBN1;NRROS;NBL1;CD46
prerank,GO_Biological_Process_2021::regulation of lamellipodium organization (GO:1902743),0.7311360192492866,1.6511734621275445,0.013675213675213675,0.03368708560112008,1.0,8/10,23.77%,VIL1;WAS;DMTN;PDPN;TWF2;CDC42;TWF1;CAPZB
prerank,GO_Biological_Process_2021::positive regulation of mitochondrion organization (GO:0010822),0.5194871017291149,1.6510351236642804,0.005034612964128383,0.03368632399757922,1.0,17/49,15.76%,FAM162A;ZDHHC6;DCN;PLAUR;BIK;TNFSF10;TREM2;PPIF;PPARGC1A;PMAIP1;VPS35;BCL2L11;BMF;BID;HRK;CIDEB;MCU
prerank,GO_Biological_Process_2021::membrane repolarization during action potential (GO:0086011),-0.6240190748640897,-1.6506091743841047,0.02857142857142857,0.04668140400472968,1.0,5/11,12.54%,KCND3;KCNIP2;KCNE1B;KCNJ2;KCNE3
prerank,GO_Biological_Process_2021::negative regulation of interleukin-2 production (GO:0032703),0.6249435432123254,1.6504331488926467,0.021722265321955005,0.03384679405640314,1.0,13/18,24.54%,LILRB4;VSIG4;LAPTM5;FOXP3;CD34;GBP1;XCL1;TNFAIP3;TBX21;SFTPD;EZR;ZFP36;NAV3
prerank,GO_Biological_Process_2021::regulation of Arp2/3 complex-mediated actin nucleation (GO:0034315),0.6420527221716799,1.6500268861420104,0.011556240369799691,0.03394846222177523,1.0,9/16,18.87%,GMFB;GMFG;WASF1;CYFIP1;NCKAP1;WASF3;CORO1B;ABI2;BRK1
prerank,GO_Biological_Process_2021::negative regulation of calcium ion transport (GO:0051926),0.6642828632594946,1.649415539768795,0.012618296529968454,0.034109482140347036,1.0,7/14,15.43%,LILRB2;STC1;LILRB1;CAV3;EPPIN;EPO;PLN
prerank,GO_Biological_Process_2021::antigen processing and presentation of peptide antigen via MHC class I (GO:0002474),0.5653871684469689,1.6489678149080684,0.014419610670511895,0.034217210318931844,1.0,19/30,25.78%,IFI30;ABCB9;TAP2;CLEC4A;FCER1G;CANX;TAPBPL;TAP1;HFE;B2M;HLA-C;SEC24D;TAPBP;HLA-A;HLA-B;SEC13;SEC23A;PDIA3;SEC31A
prerank,GO_Biological_Process_2021::ganglioside metabolic process (GO:0001573),0.6336504325187744,1.6481262101008116,0.009923664122137405,0.0344642925028973,1.0,13/18,22.11%,GM2A;ST6GALNAC6;B4GALNT1;HEXB;HEXA;NEU4;CLN6;ST8SIA2;NEU1;ST8SIA4;ST6GALNAC5;NEU3;ST3GAL5
prerank,GO_Biological_Process_2021::lamellipodium assembly (GO:0030032),0.60780991217177,1.647845502764673,0.014264264264264264,0.03452454310257257,1.0,8/21,13.36%,PTPRO;VCL;DMTN;ARHGEF6;PARVB;CYFIP1;RHOD;SPEF1
prerank,GO_Biological_Process_2021::cellular metal ion homeostasis (GO:0006875),0.4759029557175005,1.647553366673507,0.0036275695284159614,0.03457063778988259,1.0,45/80,23.90%,TMEM203;ATP13A1;STC1;CALCB;CCL5;TMEM165;CCL19;CDH5;ATP13A3;CCL8;CCL14;CCL7;CCL13;EDN1;CCL15;CCL1;SLC24A1;CCL23;ATP12A;CAV1;ATP1B2;TPT1;CSRP3;ATP1A4;SLC24A4;EDN2;SLC8A3;NPTN;PKHD1;CCL3;DRD4;DMPK;ATP1A3;EDN3;RMDN3;ATP2C2;RYR2;STC2;SLC8A1;ATP2C1;VAPB;ANK2;SLC9A1;NEDD4L;ATP2B2
prerank,GO_Biological_Process_2021::positive regulation of epithelial cell proliferation (GO:0050679),0.47973865175195624,1.6474469109437855,0.0036923076923076922,0.034558713305280105,1.0,39/78,22.30%,OSR1;ZNF580;ECM1;ZNF703;MYDGF;ANG;CCL26;NR4A3;HIF1A;HYAL1;YAP1;VASH2;BMP6;EGR3;JAML;GRN;EGF;MYC;SCN5A;BMP4;FGF7;XBP1;EPGN;FGF10;AGGF1;PRKD2;AREG;STAT5A;FGF9;PKHD1;CCL24;SOX9;NRARP;BMP2;VIP;ARNT;NR4A1;EMC10;TGM1
prerank,GO_Biological_Process_2021::calcium-mediated signaling using intracellular calcium source (GO:0035584),0.6479755205940313,1.6466128912479279,0.014084507042253521,0.034827267905783076,1.0,9/16,21.14%,DMTN;VCAM1;GPR143;CCL20;PTGFR;AZU1;DEFB1;RYR2;TRPM2
prerank,GO_Biological_Process_2021::response to organic cyclic compound (GO:0014070),0.5387871062647821,1.6464517320211294,0.012153950033760972,0.03482100403274342,1.0,26/39,22.99%,IGFBP5;CYP1A1;CCL5;BGLAP;GGT5;GH1;ALPL;PMAIP1;CYP1B1;GGT7;ANXA1;SOCS2;KYNU;ARL6IP5;CCL3;DRD4;TIPARP;GGT2;GGT1;CYP27B1;SLC1A1;STAT5B;GLDC;TRPM2;LRRK2;AQP3
prerank,GO_Biological_Process_2021::glucose transmembrane transport (GO:1904659),0.6387121697467354,1.64487525300285,0.01808590806330068,0.03534564753165464,1.0,13/16,27.49%,SLC2A6;SLC2A14;SLC2A4;SLC2A5;PPBP;SLC2A10;SLC5A3;SLC2A3;SLC2A8;RAB4B;SLC2A1;SORT1;HNF1A
prerank,GO_Biological_Process_2021::canonical Wnt signaling pathway (GO:0060070),-0.402740704865592,-1.6447311029009426,0.0,0.048518878200086636,1.0,19/55,13.08%,WNT7B;WNT9A;WNT10A;WNT2B;WNT10B;WNT16;WNT6;RYK;WNT5B;WNT7A;FRAT2;APC;AMER1;FZD9;WNT3;SFRP1;FZD3;WNT4;DIXDC1
prerank,GO_Biological_Process_2021::regulation of blood circulation (GO:1903522),0.5896650771769056,1.6442002282590957,0.009643916913946587,0.03555580885431495,1.0,16/24,23.58%,TMIGD3;DES;ACE2;CAV3;TPM1;HSPB7;KCNG2;FXYD1;PER2;S100A1;PLN;CELF2;DMPK;TBX2;ADORA3;KCNMB2
prerank,GO_Biological_Process_2021::aorta morphogenesis (GO:0035909),0.7037662804940438,1.6438118809770355,0.01775625504439064,0.03564444294419579,1.0,8/11,23.70%,EFEMP2;ADAMTS9;TFAP2B;MYLK;JAG1;TBX2;TBX1;HEY1
prerank,GO_Biological_Process_2021::membrane organization (GO:0061024),0.428907809796587,1.6436256506999947,0.0,0.03566484696435386,1.0,117/218,27.92%,MOSPD3;DCSTAMP;A4GALT;TOR1B;MX2;MYADM;FER1L5;DYSF;CAV3;GCA;TLCD2;TOR1AIP1;AZIN2;KIAA0319;STX11;DNM1;LDLR;BAIAP2L2;IGF2R;TRIP10;PPT1;CHMP4C;REPS1;MX1;MYOF;TOR1AIP2;TOR1A;SNAP23;CORO1C;AMPH;CLN3;EGF;RTP4;NPC1;M6PR;SERP1;AP2A2;CBL;CHMP7;EPGN;ARRB2;CTTN;IL7R;ITSN1;CHMP3;AREG;FNBP1L;DAB2;CHMP2B;ACTR2;SGIP1;REEP1;SYNGR2;BTC;DMPK;SYT1;SNX9;VAPA;CHMP4B;CLTC;WASL;SNX3;AP2B1;UBB;EPS15;CLTCL1;PDCD6IP;SYT9;AP2S1;AP2A1;FCHO2;MTCH1;SH3KBP1;MITD1;CHP1;ATP2C1;CHMP4A;REEP3;SUN3;VAPB;ARPC2;SLC2A8;AVP;ANK2;VAMP3;SCARB2;PICALM;AAK1;SH3GL2;EMD;RAB5A;LRP2;SPTBN1;ACTR3;CHMP1B;SYT2;NAPA;SH3GLB1;ACTG1;CHMP1A;CHMP6;BIN1;TRDN;CHMP2A;VAMP7;ARRB1;GAK;VPS4B;FCHO1;CPTP;LDLRAP1;LPCAT2;TTPA;PIP5K1C;EPN1;ARPC4;CLTB
prerank,GO_Biological_Process_2021::3'-phosphoadenosine 5'-phosphosulfate metabolic process (GO:0050427),0.5989259008809801,1.6432775071207946,0.016152716593245228,0.03573859581492354,1.0,12/22,24.08%,ABHD14B;ENPP1;TPST2;PAPSS2;SULT1B1;SULT1C4;SULT2B1;SULT1E1;SULT1A3;SLC26A2;TPST1;SULT2A1
prerank,MSigDB_Hallmark_2020::Oxidative Phosphorylation,0.4409488933602957,1.6432065421197892,0.0,0.03571602594283948,1.0,70/150,27.59%,NQO2;MDH1;LDHB;UQCR10;UQCRFS1;UQCRQ;NDUFA4;MPC1;COX5A;CYC1;UQCR11;TCIRG1;UQCRC2;UQCRC1;UQCRH;ATP6V1H;COX17;UQCRB;ATP6V1D;GPI;ATP6V1C1;ATP6V1F;ATP6V1E1;COX5B;COX7C;HSPA9;COX4I1;ATP6V0E1;SURF1;CYCS;COX6C;COX6B1;COX6A1;SDHD;ATP6AP1;COX7B;PRDX3;FDX1;SDHB;SLC25A11;TOMM22;ATP6V0C;ATP6V0B;ATP6V1G1;TIMM17A;MRPL34;POR;ETFA;PHB2;TIMM8B;MDH2;HCCS;SDHC;FXN;MTRR;IDH3A;DLD;SUCLG1;BAX;TIMM13;SDHA;COX7A2;GLUD1;ACADSB;VDAC3;VDAC2;VDAC1;SLC25A4;GPX4;BCKDHA
prerank,GO_Biological_Process_2021::negative regulation of cell-cell adhesion (GO:0022408),0.5668918791386548,1.643096344370619,0.008595988538681949,0.03571126850430219,1.0,20/30,23.53%,AKNA;ADTRP;FXYD5;ZNF703;MYADM;ADIPOQ;PPM1F;RGCC;PODXL;IL1RN;NOTCH4;BMP6;APOA1;CDH1;BMP2;JAG1;RDX;MAPK7;KLF4;ASS1
prerank,GO_Biological_Process_2021::negative regulation of stress-activated MAPK cascade (GO:0032873),0.5563984285208069,1.6426864771161778,0.013249651324965132,0.03581158344523283,1.0,14/31,20.57%,AIDA;PTPN22;AMBP;TREM2;FOXO1;MYC;SIRPA;F2RL1;KLHL31;DUSP1;NCOR1;TAOK3;DUSP10;EZR
prerank,GO_Biological_Process_2021::NIK/NF-kappaB signaling (GO:0038061),0.561519765038835,1.642654987703469,0.009187279151943463,0.035771301254452395,1.0,18/32,24.40%,CHI3L1;TLR6;TIRAP;SKP1;TNFSF15;RELB;TRAF6;PSMF1;CUL1;PSMD5;CARD10;TRAF2;PSMB2;PSMA2;PSMA8;PSMB4;PSMD9;REL
prerank,GO_Biological_Process_2021::cellular copper ion homeostasis (GO:0006878),0.6688109624195578,1.6422807811512106,0.01593625498007968,0.0358679965268778,1.0,9/13,21.56%,SLC31A1;MT2A;PRND;ATP7B;ATOX1;SLC31A2;CCDC22;COX19;ATP7A
prerank,GO_Biological_Process_2021::regulation of establishment of protein localization (GO:0070201),-0.5524693648483634,-1.6407295736637528,0.024896265560165973,0.04985628853513588,1.0,9/15,17.31%,KIAA0586;OOEP;CEP290;CENPJ;CORO2B;CEP295;SPIDR;CEP120;CEP135
prerank,GO_Biological_Process_2021::negative regulation of inflammatory response (GO:0050728),0.4515070589486276,1.6405533925445916,0.001145475372279496,0.036448409125616914,1.0,61/123,22.79%,METRNL;C1QTNF3;AOAH;SLAMF8;FPR2;CD247;TNFAIP8L2;PROC;PTGIS;CALCB;ADIPOQ;ADM2;PTGIR;CDH5;GGT5;SAA1;GPBAR1;MEFV;TREM2;RHBDF2;GNG2;TNFAIP6;VPS35;CYSLTR2;MYH9;GCG;APOA1;GHRL;GRN;GPHA2;CD163;ADCYAP1;TNFRSF1B;GATA3;PLK2;PLCG2;NLRP12;TNFAIP3;FURIN;SIRPA;NLRC3;IAPP;FCGR2A;MC4R;PLCG1;VIPR1;CD200R1;CRH;APOE;GGT1;NR1D1;P2RY11;GBA;VIP;SCT;HTR7;PTPN2;FFAR4;MAPK7;KLF4;AVP
prerank,GO_Biological_Process_2021::cell projection assembly (GO:0030031),0.5973278200392738,1.6402891792401517,0.02042360060514372,0.03650149946993291,1.0,16/22,21.04%,CAPG;SCIN;PARVA;RAC3;RHOH;PARVB;NCKAP1L;CYFIP1;PARVG;NCKAP1;RHOJ;RAC2;RHOQ;GSN;RHOG;CDC42
prerank,GO_Biological_Process_2021::regulation of lymphocyte activation (GO:0051249),0.6889260731301126,1.6393518801029119,0.01646090534979424,0.03679188406150887,1.0,8/12,21.54%,THEMIS2;CCL5;CLEC7A;LEP;LAT;FCRL3;PAG1;SIT1
prerank,GO_Biological_Process_2021::negative regulation of ATP metabolic process (GO:1903579),0.6702577177252834,1.6391763933459478,0.02073365231259968,0.03680985604117051,1.0,7/14,18.26%,PID1;NUPR1;PPIF;FBP1;CBFA2T3;ACTN3;NCOR1
prerank,GO_Biological_Process_2021::regulation of endocytosis (GO:0030100),0.5092803091072717,1.638967933458466,0.00461133069828722,0.036834286481647396,1.0,24/49,23.83%,MCTP1;ABCA7;LILRB1;CCL19;CD177;CD151;RAB17;SPHK1;SNX17;SNX12;ABL2;DAB2;PTPN1;APOE;OPHN1;AP2S1;FLOT1;LRPAP1;PICALM;RAB5A;NEDD4L;RAB4B;TSC2;RUBCN
prerank,GO_Biological_Process_2021::positive regulation of binding (GO:0051099),0.48723065920481945,1.6387095646920933,0.005025125628140704,0.03688074321821793,1.0,32/70,23.55%,HMBOX1;ZNF618;SPPL3;PLAUR;ADD2;CLDN5;CSF3;CLIC2;PON1;PARP9;CLN5;CAV1;BAMBI;EGF;VTN;CEBPG;HFE;BMP4;B2M;ADD1;RALB;RIPK2;EPB41;TRIB3;APOE;PYHIN1;BMP2;FLOT1;STK4;LRRK2;SKI;DTX3L
prerank,GO_Biological_Process_2021::negative regulation of protein serine/threonine kinase activity (GO:0071901),0.4941485195250549,1.6385681319201488,0.0057361376673040155,0.03688035952491817,1.0,28/65,20.45%,PKIB;CD300A;MYOCD;RASIP1;ADIPOQ;CAV3;HYAL2;PKIG;HEG1;NR2F2;SPRY1;BMP4;PTEN;SLC8A3;CEBPA;DUSP1;LRP5;IRAK3;PTPN1;SPRY4;BMP7;APOE;CBLC;PAQR3;GBA;PYCARD;SH2B3;SORL1
prerank,GO_Biological_Process_2021::regulation of cell-matrix adhesion (GO:0001952),0.5106074569361871,1.637866608963553,0.009061488673139158,0.03707308607790621,1.0,25/49,23.24%,EMP2;MYOC;VCL;CCL21;THY1;THBS1;LIMCH1;CCR7;CCL25;SKAP1;CD36;CORO1C;LDB1;PKHD1;CAMSAP3;RHOA;JUP;BST1;AJAP1;EFNA5;DAPK3;JAG1;PLEKHA2;CASK;SLC9A1
prerank,GO_Biological_Process_2021::mRNA-containing ribonucleoprotein complex export from nucleus (GO:0071427),-0.3664168422597951,-1.6378144855321741,0.003289473684210526,0.05072494245621079,1.0,31/94,21.02%,CASC3;NUP205;DHX38;POM121;NUP133;NUP188;NUP35;CPSF2;NUP37;U2AF1;UPF1;DDX25;AAAS;NUP160;MCM3AP;NUP43;SMG5;CPSF3;MAGOHB;SARNP;CPSF1;POM121C;NDC1;POLDIP3;CHTOP;SMG7;CPSF4;U2AF2;DDX19B;SMG6;THOC6
prerank,GO_Biological_Process_2021::positive regulation of extrinsic apoptotic signaling pathway (GO:2001238),0.6090967903364082,1.6376506958095187,0.01927353595255745,0.037116459150239145,1.0,12/20,20.16%,G0S2;THBS1;TNFSF10;HYAL2;PMAIP1;CAV1;DEDD2;BID;PML;TRAF2;BCL10;PYCARD
prerank,GO_Biological_Process_2021::positive regulation of nitric oxide biosynthetic process (GO:0045429),0.6606461133855444,1.6374955573809777,0.02091713596138375,0.037120939423594276,1.0,11/14,23.53%,TLR6;CLEC7A;EDN1;AGXT2;DDAH2;SMAD3;CD36;PKD2;DDAH1;KLF4;ASS1
prerank,GO_Biological_Process_2021::regulation of calcium ion transmembrane transport via high voltage-gated calcium channel (GO:1902514),-0.6444770109546147,-1.6373706151476555,0.028795811518324606,0.05076163963128704,1.0,7/10,23.06%,CACNB1;NOS1AP;CACNA2D1;CACNB2;CACNG1;CACNG6;CAMK2D
prerank,GO_Biological_Process_2021::phospholipase C-activating G protein-coupled receptor signaling pathway (GO:0007200),0.5230700220669965,1.637324092121609,0.010906612133605999,0.03714089951089541,1.0,21/41,22.62%,GPR65;CMKLR1;FPR3;FPR2;C3AR1;FPR1;TGM2;C5AR2;GPR4;CX3CR1;GPR157;F2RL1;LPAR6;F2RL2;GPR35;P2RY11;GNA14;VIP;PLCE1;GPR18;LPAR4
prerank,GO_Biological_Process_2021::apoptotic cell clearance (GO:0043277),0.5687793787384574,1.636879406623924,0.01529497450837582,0.03726266036984177,1.0,16/26,21.86%,TGM2;FCN2;FCN3;THBS1;RHOH;TREM2;FCN1;TYROBP;TXNDC5;ALOX15;RAC2;ANXA1;ADGRB1;RHOG;SCARB1;XKR8
prerank,GO_Biological_Process_2021::regulation of protein phosphorylation (GO:0001932),0.43451380365661674,1.6368553417153118,0.0,0.03722315446291548,1.0,79/177,23.59%,PID1;ADTRP;WDFY2;TMEM119;MARCO;RARRES2;FPR2;FBLN1;FAM20A;MYDGF;MYADM;PLAUR;ITLN1;ADIPOQ;KNDC1;CDH5;HRG;LIMCH1;IGFBP3;TREM2;LEP;IL34;OCLN;PAK1;CORO1C;ATF3;FGF20;FGF17;TTN;FGF16;PPIL4;WWTR1;LIMK2;FGF8;BMP4;FGF7;SLIT2;CEBPB;FAS;PTEN;ILK;FGF10;SIRPA;EIF2AK3;PML;KLHL31;RALB;NPTN;FGF9;PECAM1;DAB2;PPP1R15B;PLXNB2;RASGRP1;BMPER;BST1;ZC3H12A;BMP7;SOX9;SOCS1;SPTBN4;PAQR3;EFNA5;FGF19;BMP2;PLCE1;THPO;FGF18;FLOT1;STK4;AXIN2;CHP1;LRRK2;SH3GL2;TWF1;TBX1;FNIP2;MOB1B;PIP5KL1
prerank,GO_Biological_Process_2021::fat cell differentiation (GO:0045444),0.5114580328141155,1.6367460548684725,0.004578155657292348,0.03720496903271765,1.0,25/51,19.15%,METRNL;PID1;C1QTNF3;TMEM120A;ADIPOQ;NR4A3;OSBPL11;SMAD6;FOXO1;PPARGC1A;ATF5;STEAP4;MAFB;NR4A2;HMGA2;PER2;PRDM16;OSBPL8;CEBPA;IL11;SDF4;UCP1;BSCL2;INHBB;TFAP2B
prerank,GO_Biological_Process_2021::negative regulation of intracellular signal transduction (GO:1902532),0.44590766045260966,1.6362351431700917,0.0005602240896358543,0.03734094120142089,1.0,54/149,21.22%,ARHGAP25;C1QTNF3;PHLDA3;PIK3IP1;TSPAN6;UACA;CPNE1;TNFAIP8L1;LILRB4;MYADM;PLAUR;ABCA7;TMSB4X;ADIPOQ;CAV3;THBS1;TWIST1;RHOH;TREM2;PPIF;HYAL2;CARD19;DEPDC5;PPM1N;CD2AP;TNIP3;SH3BP1;CAV1;ARNTL;SLIT2;PTEN;NLRP12;ARRB2;TNFAIP3;NLRC3;DUSP1;CGNL1;SPI1;PKHD1;MAP2K3;BANK1;ARHGAP12;IFI35;TRIB3;ZC3H12A;PLEK;BMP7;NR1D1;PYCARD;SH2B3;STAT1;TNIP1;CCDC22;CARD8
prerank,GO_Biological_Process_2021::regulation of monocyte chemotaxis (GO:0090025),0.6268953299845149,1.6357364463303858,0.02815829528158295,0.03748040841574011,1.0,12/17,18.16%,SLAMF8;FPR2;S100A14;LGMN;CCL5;S100A7;AIF1;CCL1;NBL1;SLIT2;DUSP1;ANO6
prerank,GO_Biological_Process_2021::regulation of chromatin organization (GO:1902275),-0.6228841229298212,-1.6352150247432717,0.03109452736318408,0.05141136858246435,1.0,8/11,24.43%,MKI67;TLK2;ALKBH4;SSRP1;SETD1A;MLLT3;METTL4;TLK1
prerank,GO_Biological_Process_2021::negative regulation of transforming growth factor beta receptor signaling pathway (GO:0030512),0.49908279065964184,1.6345946805023897,0.005105296745373325,0.03785008098758716,1.0,28/57,22.89%,HTRA3;EMILIN1;ASPN;FBN2;VASN;TGFB1I1;LTBP1;FBN1;NRROS;CIDEA;SMAD6;ADAMTSL2;SMAD3;CD109;SPRY1;CAV1;BAMBI;SLC2A10;PRDM16;SNX6;TGFBR2;IL17RD;STUB1;SNX25;UBB;SKIL;PMEPA1;SKI
prerank,MSigDB_Hallmark_2020::heme Metabolism,0.43843463103604374,1.6345261183646678,0.0,0.037828620092349975,1.0,91/177,26.74%,TMEM9B;NUDT4;SIDT2;CTSE;SEC14L1;LRP10;IGSF3;VEZF1;BACH1;HEBP1;ADD2;ACKR1;BCAM;P4HA2;DMTN;TAL1;ANK1;HBZ;GATA1;CLIC2;LMO2;FOXO3;MYL4;ACP5;RHCE;SLC6A9;SLC4A1;NARF;CAST;SMOX;BMP2K;CTSB;GYPB;CCDC28A;SLC11A2;FBXO34;BLVRB;ATP6V0A1;MOSPD1;ADD1;SPTB;UBAC1;DAAM1;TNS1;MKRN1;AHSP;SPTA1;KLF3;MAP2K3;EPB41;ARL2BP;NFE2;USP15;ACSL6;MPP1;GYPC;BLVRA;RAP1GAP;HBQ1;PRDX2;SDCBP;ALDH1L1;EPB42;NFE2L1;KDM7A;GCLM;ABCG2;ALAS2;YPEL5;AQP3;UCP2;PICALM;PSMD9;NCOA4;ICAM4;ARHGEF12;RNF123;FBXO7;BNIP3L;BPGM;HTATIP2;TMCC2;SELENBP1;HBD;SLC7A11;LAMP2;ASNS;SLC2A1;MOCOS;RBM38;CAT
prerank,GO_Biological_Process_2021::actin filament depolymerization (GO:0030042),0.6962134685669785,1.6345201545589925,0.01903973509933775,0.03778166233028449,1.0,10/11,25.32%,VIL1;WDR1;TWF2;CFL2;MICAL2;CFL1;GSN;DSTN;TWF1;MICAL1
prerank,GO_Biological_Process_2021::positive regulation of activated T cell proliferation (GO:0042104),0.6930110808342443,1.6344855974780366,0.023215821152192607,0.03774822340860585,1.0,9/11,25.03%,IGFBP2;IL2;CD24;IL23R;IL12RB1;PYCARD;IL27RA;FADD;HHLA2
prerank,GO_Biological_Process_2021::activation of cysteine-type endopeptidase activity involved in apoptotic process (GO:0006919),0.5034652735265535,1.6341703644806738,0.006365372374283896,0.03781490504421068,1.0,29/53,22.65%,FAM162A;LAPTM5;S100A8;TNFSF10;SLC22A2;S100A9;DAP;SMAD3;NLRC4;BID;TNFSF15;FAS;NLRP12;VCP;EIF2AK3;DLC1;CYCS;HSPD1;ROBO1;PDCD2;APAF1;TRAF2;PYCARD;NOD1;RPS27L;CARD8;MTCH1;NLRP1;NGFR
prerank,GO_Biological_Process_2021::positive regulation of epidermal growth factor receptor signaling pathway (GO:0045742),0.5829661689267309,1.6341573814239956,0.013858497447118891,0.03777196428708943,1.0,13/24,22.05%,PLAUR;NCF1;EGF;CBL;EPGN;AREG;SHKBP1;BTC;ARAP1;HAP1;NUP62;FBXW7;NEU3
prerank,GO_Biological_Process_2021::negative regulation of amyloid-beta formation (GO:1902430),0.6914844720038464,1.6335583995610785,0.015409570154095702,0.03796872634238268,1.0,10/11,30.01%,ABCA7;APOE;HAP1;SORL1;RTN3;BIN1;RTN2;PRNP;PIN1;GGA3
prerank,GO_Biological_Process_2021::regulation of extrinsic apoptotic signaling pathway via death domain receptors (GO:1902041),0.5747866628689678,1.6320681649672584,0.008522727272727272,0.03846837358591786,1.0,11/27,19.60%,GPX1;TMBIM1;FAIM;THBS1;TNFSF10;PMAIP1;HMOX1;FAS;TNFAIP3;TMC8;TRAF2
prerank,GO_Biological_Process_2021::regulation of protein secretion (GO:0050708),0.475168894583894,1.6317598202287256,0.00243605359317905,0.03852681715957844,1.0,42/79,24.75%,ADTRP;ANG;MYH10;RSAD2;P3H1;CCL5;SAA1;GCK;ADAM8;TMED10;TREM2;RHBDF2;BMP6;CD2AP;RHBDF1;FRMD4A;GCG;TTN;PLA2G1B;ARNTL;KCNG2;PER2;STX1A;IER3IP1;RAPGEF4;UQCC2;DRD4;SYT7;APOE;TFAP2B;RFX3;PPID;EZR;ABCG1;ARF6;SYTL4;ANKRD1;APBB3;GOLPH3L;NEUROD1;KCNC2;SLC8B1
prerank,GO_Biological_Process_2021::positive regulation of phosphate metabolic process (GO:0045937),0.6499943243591976,1.6317275566649454,0.018518518518518517,0.038487616367679146,1.0,12/15,20.68%,ANG;CCL5;THBS1;NCKAP1L;ITGA6;KCTD20;EGF;ILK;PTGES3;BTBD10;BCL10;SDCBP
prerank,GO_Biological_Process_2021::negative regulation of neuron differentiation (GO:0045665),-0.5198515031195655,-1.6316859482282542,0.027624309392265192,0.05255259459410033,1.0,5/19,7.93%,MED1;DLX2;SOX3;DLX1;REST
prerank,GO_Biological_Process_2021::secondary alcohol biosynthetic process (GO:1902653),-0.4662596482182731,-1.6315084997251297,0.015544041450777202,0.05249890381533793,1.0,15/28,13.13%,NSDHL;MSMO1;LSS;MVD;SQLE;TM7SF2;PMVK;HSD17B7;LBR;CYP51A1;GGPS1;HMGCS1;IDI1;EBP;MVK
prerank,GO_Biological_Process_2021::immune response-regulating cell surface receptor signaling pathway (GO:0002768),0.7169308576892252,1.6306764266288278,0.013900245298446443,0.038839892766645866,1.0,7/10,22.23%,FPR2;LILRB2;LILRB1;NCR3;CD24;MICB;BTLA
prerank,GO_Biological_Process_2021::leukocyte adhesion to vascular endothelial cell (GO:0061756),0.7045396166574939,1.6306553649941171,0.014354066985645933,0.03880165519417506,1.0,7/11,16.70%,ADD2;VCAM1;CX3CR1;MADCAM1;JAM2;SPN;ITGB7
prerank,GO_Biological_Process_2021::response to unfolded protein (GO:0006986),0.5208621169336985,1.6305737974535683,0.013289036544850499,0.03877675902593974,1.0,23/42,26.28%,TM7SF3;TOR1B;SERPINH1;DNAJC4;HSPB3;ERP44;HSPB7;HSPB8;HSPB2;HSPA9;HSPA5;HSPD1;BAK1;PTPN1;DNAJB1;HSPA4;TMBIM6;DERL1;DNAJB4;DDIT3;HSPH1;BAX;HSPE1
prerank,GO_Biological_Process_2021::amino acid transmembrane transport (GO:0003333),0.5280602489379226,1.629956719257456,0.013559322033898305,0.03897426566133673,1.0,15/42,15.21%,SLC38A6;SLC6A6;SFXN3;SLC38A10;MFSD12;SLC7A7;SLC7A10;SLC22A2;SLC7A9;SLC36A1;SLC7A8;SLC7A6;SFXN1;SLC3A2;SLC38A7
prerank,GO_Biological_Process_2021::positive regulation of Ras protein signal transduction (GO:0046579),0.5135714829028821,1.6295720522320492,0.012582781456953643,0.039064330344682874,1.0,28/46,26.67%,GPR65;LRRC59;GPR4;SHC1;EPO;NET1;VAV1;APOA1;F11R;FGF10;F2RL1;LPAR6;F2RL2;GPR35;RASGEF1A;RASGRP1;ROBO1;IRS2;ADGRG1;GPR18;LPAR4;RAPGEF1;LPAR1;AKAP13;ARHGEF3;ALS2;ARRB1;RASGRP4
prerank,GO_Biological_Process_2021::regulation of ion transport (GO:0043269),-0.40015580904554476,-1.6292816032875281,0.004282655246252677,0.05318715509365164,1.0,12/55,7.12%,SYT3;SYT6;SYT10;KCNJ16;KCNJ10;KCNJ15;SYT12;CLDN10;PXK;CALHM1;SYT13;SYT11
prerank,GO_Biological_Process_2021::canonical glycolysis (GO:0061621),0.5974333505483591,1.6291916459723155,0.01658255227108868,0.03911828220924582,1.0,18/23,25.28%,PFKM;PGAM2;GCK;HK3;GPI;PFKP;PFKL;HK2;ALDOB;ALDOC;PGAM1;ALDOA;GAPDH;HK1;PKM;ENO3;PGK1;GAPDHS
prerank,GO_Biological_Process_2021::glucose catabolic process to pyruvate (GO:0061718),0.5974333505483591,1.6291916459723155,0.01658255227108868,0.03911828220924582,1.0,18/23,25.28%,PFKM;PGAM2;GCK;HK3;GPI;PFKP;PFKL;HK2;ALDOB;ALDOC;PGAM1;ALDOA;GAPDH;HK1;PKM;ENO3;PGK1;GAPDHS
prerank,GO_Biological_Process_2021::protein maturation (GO:0051604),0.4740064323746631,1.6291386326368067,0.006134969325153374,0.03908562254900978,1.0,31/76,20.45%,AEBP1;CPXM1;CPXM2;SRGN;F7;CCS;ADAMTS3;TSPAN32;CPM;MMP16;DUOXA2;TESC;TSPAN14;CLN3;LMF2;ADAM19;FURIN;AANAT;TSPAN17;TSPAN33;NNAT;DNAJB11;PHEX;CPE;HSPD1;TMPRSS4;BOLA2;STUB1;PCSK7;MMEL1;SORL1
prerank,GO_Biological_Process_2021::pre-mRNA cleavage required for polyadenylation (GO:0098789),-0.6027539948733475,-1.6288287821634169,0.02857142857142857,0.05323009342750373,1.0,8/11,19.27%,CPSF2;CPSF6;CPSF7;CPSF1;NUDT21;CSTF2;CSTF2T;CPSF4
prerank,GO_Biological_Process_2021::negative regulation of lipid metabolic process (GO:0045833),0.6679960486720006,1.6280166425857832,0.019401778496362168,0.03946737161024606,1.0,10/13,18.41%,APOA2;CCDC3;APOC2;CIDEA;APOC1;UGT1A1;CEACAM1;APOD;NCOR1;BSCL2
prerank,GO_Biological_Process_2021::negative regulation of catalytic activity (GO:0043086),0.6030684343387336,1.6273117804684119,0.00967982129560685,0.03968125937097805,1.0,12/21,20.31%,TMBIM1;SERPINB3;IFIT1;GZMA;PARP9;CLN3;HP;PLN;NES;PPP1R12A;TIMP1;SERPINA5
prerank,GO_Biological_Process_2021::carboxylic acid catabolic process (GO:0046395),0.6865918450054409,1.6266721626518614,0.013877551020408163,0.03987837547970679,1.0,9/12,22.84%,NPL;PON1;RENBP;IL4I1;GNPDA1;ACOT4;PON3;NAGK;GNPDA2
prerank,GO_Biological_Process_2021::establishment of mitotic spindle localization (GO:0040001),-0.47550692066155487,-1.6265590635049016,0.019197207678883072,0.05389506339314417,1.0,12/26,19.11%,NUSAP1;CLASP1;ZW10;NDC80;CDK5RAP2;NDE1;NUMA1;INSC;CENPA;SPDL1;CLASP2;FBXW11
prerank,GO_Biological_Process_2021::Rac protein signal transduction (GO:0016601),0.6169117424985289,1.626438158344936,0.02391629297458894,0.03991974234597414,1.0,12/18,23.36%,RHOH;AIF1;WASF1;CYFIP1;NCKAP1;RAC2;DBNL;ABI2;BRK1;EPS8;RHOG;ELMO1
prerank,GO_Biological_Process_2021::negative regulation of mitotic cell cycle phase transition (GO:1901991),0.5032015808031872,1.6259604626183743,0.010430247718383311,0.040050676283329034,1.0,23/50,23.04%,SLFN11;FAM107A;ZNF655;CDK2AP2;RGCC;KANK2;FHL1;SKP1;ZFP36L1;PTEN;PSMF1;CUL1;PSMD5;PRMT2;PKD2;GFI1B;CDKN1A;PSMB2;PSMA2;PSMA8;PSMB4;KLF4;PSMD9
prerank,GO_Biological_Process_2021::peptide catabolic process (GO:0043171),0.658987208541195,1.625796024222106,0.01910828025477707,0.04005316245218093,1.0,8/13,18.89%,CPQ;GGT5;CHAC2;CHAC1;CTSH;GGT7;GGT2;GGT1
prerank,GO_Biological_Process_2021::regulation of secretion (GO:0051046),0.6885939621707494,1.6257709297550214,0.025060630557801132,0.04001154054438981,1.0,9/11,26.50%,SCIN;CES1;OAS2;EGF;FGF10;GPLD1;MYO6;NRG1;POFUT2
prerank,GO_Biological_Process_2021::C4-dicarboxylate transport (GO:0015740),-0.5626033317171252,-1.6254013247957855,0.022222222222222223,0.054214302388607305,1.0,6/14,10.37%,LRRC8D;SLC25A14;SLC25A18;SLC25A13;LRRC8E;SLC25A22
prerank,GO_Biological_Process_2021::skeletal system morphogenesis (GO:0048705),-0.45150440231570005,-1.6248618123938294,0.016835016835016835,0.054328552892025456,1.0,12/33,9.45%,SPEF2;HHIP;HOXD9;HOXC9;SOX11;SIX1;HOXC4;MEGF8;HOXD4;FUZ;DSCAML1;HOXB4
prerank,MSigDB_Hallmark_2020::PI3K/AKT/mTOR  Signaling,0.4881075913475245,1.6245100053196462,0.008019740900678593,0.04046197900824453,1.0,42/67,29.96%,MAP2K6;EIF4E;FGF17;NCK1;PTEN;MYD88;RALB;VAV3;PLCG1;ACTR2;MAP2K3;SLA;TBK1;UBE2N;TRIB3;PPP1CA;SFN;CFL1;CLTC;TRAF2;GNGT1;CAMK4;CDKN1A;GNA14;NOD1;IRAK4;SQSTM1;ATF1;TSC2;DAPP1;ACTR3;SMAD2;DDIT3;STAT2;SLC2A1;ARPC3;CAB39L;NFKBIB;HSP90B1;PIN1;MAPKAP1;ARF1
prerank,GO_Biological_Process_2021::positive regulation of release of sequestered calcium ion into cytosol (GO:0051281),0.6157198616916877,1.6239389657444108,0.02126044039483675,0.04065043873794001,1.0,14/19,29.68%,THY1;CXCL9;CXCL11;GSTM2;XCL1;PLCG1;PKD2;HAP1;TRPC1;TRDN;CEMIP;CASQ1;CALM3;GPER1
prerank,GO_Biological_Process_2021::response to exogenous dsRNA (GO:0043330),0.6365180264106615,1.6238938928646116,0.020046260601387818,0.04061565142145338,1.0,11/17,21.36%,RFTN1;COLEC12;DDX58;IFIT1;IFIH1;CAV1;SLC3A2;RALB;IRAK3;ZCCHC3;FLOT1
prerank,GO_Biological_Process_2021::response to cholesterol (GO:0070723),0.6412973257639847,1.623744305710106,0.02260738507912585,0.04062421434732327,1.0,10/15,19.25%,GRAMD1A;MLC1;GRAMD1C;CES1;CYP7A1;TGFBR2;CCL3;OSBPL7;GPLD1;GRAMD1B
prerank,GO_Biological_Process_2021::early endosome to Golgi transport (GO:0034498),0.6814498970344015,1.6236895209377626,0.016587677725118485,0.040590163905295414,1.0,9/12,26.36%,EHD3;SNX2;TMED9;SNX1;SNX8;LMAN1;SURF4;STX5;RAB6A
prerank,"GO_Biological_Process_2021::positive regulation of DNA damage response, signal transduction by p53 class mediator (GO:0043517)",0.6549080140769085,1.6226272148011542,0.02321857485988791,0.04099515029920419,1.0,8/14,22.53%,PLA2R1;ZNF385A;RPL26;PMAIP1;MSX1;HIC1;PYHIN1;ANKRD1
prerank,GO_Biological_Process_2021::negative regulation of cell differentiation (GO:0045596),0.43788311237904926,1.6219933989771302,0.0010964912280701754,0.04119100864823828,1.0,74/152,25.38%,CCDC85B;OSR1;LRP3;EFEMP1;CRIM1;CETP;ADAMTS7;MYOCD;ZADH2;VASN;TWIST2;ANKRD26;ADIPOQ;ENPP1;GATA2;TWIST1;SMAD6;ADAMTS12;RUNX1T1;SNAI2;YAP1;FOXO1;CRP;CHRD;NOTCH4;SMAD3;SPRY1;FERMT2;TNN;CAV1;ZNF750;BAMBI;SFRP2;WWTR1;ARNTL;BMP4;MYB;PDCD4;GATA3;PTEN;GDF5;SRA1;SOX2;IL17RD;TBX5;LRP5;PRAME;RORB;TBX3;ESRRB;DTX1;TRIB3;USF3;GDF10;BMP7;SOX9;ID2;JAG1;ABCG1;NKX3-2;BBS12;HNRNPU;SKI;FOXA2;NOCT;NOG;TBX1;HEY1;TRIO;USH2A;SOSTDC1;PTCH1;RORA;ZBTB16
prerank,GO_Biological_Process_2021::monocarboxylic acid metabolic process (GO:0032787),0.44823171395710704,1.621834709678272,0.0023161551823972205,0.04121664753951678,1.0,44/119,19.42%,SCPEP1;PTGR1;AOAH;LDHB;HYI;LDHAL6B;CYP1A1;LDHC;LPL;VNN2;CYP2C8;VNN1;GGT5;CYP2C9;ADH6;SLC16A8;AGXT2;UGT1A1;CYP1A2;CD36;ADH7;UGT1A7;SLC16A3;AMACR;NPC1;ALOX12;PER2;ACSL4;ACOT2;NAAA;CYP27C1;ALDH1A3;KYNU;ACSBG2;ME2;CYP2C18;PANK2;ACOT4;CYP3A7;AGXT;CYP26A1;SLC16A1;GGT1;ACOT12
prerank,GO_Biological_Process_2021::positive regulation of membrane protein ectodomain proteolysis (GO:0051044),0.7020573513363015,1.6217135182832942,0.02531645569620253,0.041220725452647856,1.0,7/11,21.63%,ADAM8;TNFRSF1B;FURIN;APOE;GPLD1;SNX9;SH3D19
prerank,GO_Biological_Process_2021::chondroitin sulfate biosynthetic process (GO:0030206),0.6015154623428255,1.6214779049765742,0.020179372197309416,0.04126834790776884,1.0,13/21,20.03%,DCN;VCAN;BGN;NCAN;CSPG4;CHST13;BCAN;CHST11;UGDH;CHST15;CHST12;CSGALNACT1;CSPG5
prerank,GO_Biological_Process_2021::negative regulation of protein processing (GO:0010955),0.6928953103677714,1.6209352843304472,0.019123505976095617,0.04143655143651304,1.0,8/11,16.11%,CTSZ;THBS1;SERPINF2;NLRP7;CHAC1;TMEM59;SERPINE2;SNX12
prerank,GO_Biological_Process_2021::regulation of protein kinase activity (GO:0045859),0.4670329208273113,1.6205764068886241,0.004866180048661801,0.04151438527777308,1.0,32/82,20.71%,CACUL1;JTB;MMD;CCL21;THY1;CAV3;CCL19;AGAP2;PPM1F;CCR7;LCP2;TRIB1;LAT;TTN;RAP2B;ADCYAP1;WWTR1;CEACAM1;AZU1;RAP2C;DTNBP1;UBASH3B;MAP2K3;TRIB3;PYDC1;SFN;SNX9;DVL1;PPM1E;CDKN1A;RELN;PLCE1
prerank,GO_Biological_Process_2021::regulation of lipase activity (GO:0060191),0.6680020387911212,1.6205205770352513,0.019401778496362168,0.04148079355940598,1.0,9/12,18.68%,APOA2;LPL;LIPC;ANGPTL8;PLIN5;GPIHBP1;FURIN;RHOA;RHOC
prerank,MSigDB_Hallmark_2020::UV Response Up,0.44849717659565047,1.6203358450946854,0.0022396416573348264,0.041502832690995244,1.0,65/125,26.00%,AMD1;GRINA;CREG1;TCHH;C4BPB;CYP1A1;RRAD;IGFBP2;CTSV;GPX3;PPIF;HYAL2;APOM;MGAT1;STARD3;PPT1;ATP6V1C1;TAP1;HMOX1;CCK;PDLIM3;BTG1;ATF3;BCL2L11;RAB27A;ATP6V1F;NKX2-5;CEBPG;GCH1;BID;ARRB2;CXCL2;RPN1;FURIN;EIF5;MSX1;FOS;RASGRP1;CDO1;EIF2S3;DLG4;BAK1;MRPL23;SOD2;DNAJB1;BMP2;HTR7;AP2S1;FGF18;MAPK8IP2;NR4A1;ALDOA;HNRNPU;AQP3;MARK2;PPP1R2;SQSTM1;TMBIM6;FOSB;FMO1;EPHX1;RHOB;CYB5B;LHX2;ASNS
prerank,GO_Biological_Process_2021::cellular response to starvation (GO:0009267),0.4486003469661452,1.6197272112402932,0.0011210762331838565,0.04169430403455741,1.0,70/128,27.13%,ATP6V1G3;ATP6V1C2;ATP6V1B1;ATP6V1E2;KLF10;ATP6V0D2;TCIRG1;ATP6V1H;HNRNPA1;ATP6V1B2;FOXO1;FOXO3;ATP6V1D;DEPDC5;ATP6V1G2;PMAIP1;DAP;ATP6V1C1;ATP6V1A;LAMTOR3;NUPR2;ATP6V1F;ATP6V1E1;XPR1;ATP6V0E2;GABARAPL1;EIF2AK2;XBP1;CEBPB;FAS;RRAGB;MAP1LC3C;GABARAP;ATP6V0E1;ALB;EIF2AK3;RALB;HSPA5;ATP6V0D1;SESN1;MIOS;ZC3H12A;INHBB;ATP6V0C;CDKN1A;ATP6V0B;ATP6V1G1;PRKAG3;GABARAPL2;LRRK2;PRKAG2;STK24;TFEB;RRAGA;NPRL3;MFSD2A;RNF152;SEC13;RHEB;BECN1;ITFG2;SH3GLB1;LAMP2;ASNS;LAMTOR2;SLC38A9;SIK1;WIPI1;NPRL2;LAMTOR5
prerank,GO_Biological_Process_2021::cellular macromolecule catabolic process (GO:0044265),0.5123191728533437,1.619035152278706,0.012582781456953643,0.0418956552961208,1.0,20/45,21.61%,DNASE1L3;SIDT2;DNASE1L1;RNASE6;RNASE2;RNASE3;RNASET2;ISG20;MANBA;NEU4;ADAMTS9;DNASE1;RNASEH2B;DENND3;RNASEH2C;HNRNPD;FBXO17;PABPC4;NGLY1;FBXO27
prerank,GO_Biological_Process_2021::peptidyl-L-cysteine S-palmitoylation (GO:0018230),0.5876935338602942,1.61805045399124,0.02364607170099161,0.0421498787495933,1.0,5/23,2.33%,ZDHHC24;ZDHHC7;ZDHHC12;ZDHHC6;ZDHHC20
prerank,GO_Biological_Process_2021::peptidyl-S-diacylglycerol-L-cysteine biosynthetic process from peptidyl-cysteine (GO:0018231),0.5876935338602942,1.61805045399124,0.02364607170099161,0.0421498787495933,1.0,5/23,2.33%,ZDHHC24;ZDHHC7;ZDHHC12;ZDHHC6;ZDHHC20
prerank,GO_Biological_Process_2021::negative regulation of vascular endothelial growth factor receptor signaling pathway (GO:0030948),0.6913017817051296,1.617271115584976,0.024207011686143573,0.042405136976221953,1.0,5/11,18.61%,MMRN2;EMILIN1;NEDD4;PTPN1;TNMD
prerank,GO_Biological_Process_2021::hemopoiesis (GO:0030097),0.4726326596131616,1.617211487931484,0.0043997485857950975,0.042380436665963125,1.0,42/71,27.19%,MFAP5;CD164;RUNX2;CEBPE;TGFBR3;TAL1;RRAS;TIRAP;NOTCH4;CD34;FST;PRKX;SFRP2;NKX2-5;SNRK;BMP4;KITLG;TGFBR2;PLD4;ETV6;CEBPA;AHSP;PRDX3;IL3;RUNX1;TNFRSF13B;PLEK;YJEFN3;SH2B3;RUNX3;JAG1;ARMC6;TET2;ZNF160;MECOM;SBDS;HIPK1;ZBTB16;FSTL3;LYL1;RASGRP4;ZFP36L2
prerank,GO_Biological_Process_2021::positive regulation of focal adhesion assembly (GO:0051894),0.6608697389124337,1.6167054401832628,0.01929260450160772,0.04253614241586526,1.0,7/13,12.27%,MYOC;THY1;PPM1F;HRG;COL16A1;FERMT2;LIMS1
prerank,GO_Biological_Process_2021::regulation of filopodium assembly (GO:0051489),0.5362218231299821,1.6161447568100171,0.011049723756906077,0.042710205315467584,1.0,20/35,24.35%,CCL21;DMTN;CCR7;RAB17;DPYSL3;FNBP1L;RHOQ;AGRN;ARHGAP44;WASL;DOCK11;ARAP1;CDC42;TRPM2;ARF6;RALA;PALM;RAB5A;CAPZB;FSCN1
prerank,GO_Biological_Process_2021::attachment of mitotic spindle microtubules to kinetochore (GO:0051315),-0.5939678457998976,-1.6158801242192424,0.029232643118148598,0.05776249035661637,1.0,7/12,9.71%,NUF2;CENPC;KIF2C;CHAMP1;NDC80;CENPE;BOD1
prerank,GO_Biological_Process_2021::modulation by host of viral process (GO:0044788),0.6887200038358086,1.6154110917675992,0.018227009113504555,0.0429786254175234,1.0,8/11,22.29%,PTX3;LTF;IFI27;CRP;IGF2R;APOE;CFL1;PPIB
prerank,GO_Biological_Process_2021::mRNA cleavage involved in mRNA processing (GO:0098787),-0.5800625734576472,-1.6144931072518443,0.035667107001321,0.058228865462179244,1.0,8/12,19.27%,CPSF2;CPSF6;CPSF7;CPSF1;NUDT21;CSTF2;CSTF2T;CPSF4
prerank,GO_Biological_Process_2021::positive regulation of establishment of protein localization to telomere (GO:1904851),0.69864541409787,1.6123058233512009,0.019656019656019656,0.04415084952766424,1.0,8/10,27.37%,TCP1;CCT8;CCT6A;CCT4;DKC1;CCT5;CCT2;CCT3
prerank,GO_Biological_Process_2021::lipid catabolic process (GO:0016042),0.5944785387329486,1.6116031840440639,0.020618556701030927,0.04438193119530606,1.0,10/20,17.36%,LPL;LIPC;CES1;CYP4F3;PPT1;CYP1A2;PLA2G1B;ACADL;PNLIPRP3;CEL
prerank,GO_Biological_Process_2021::regulation of cAMP-mediated signaling (GO:0043949),-0.5227835349866042,-1.6115981553633771,0.026836158192090395,0.05927192533102042,1.0,8/19,13.19%,RNF157;TCP11;GPR62;SCTR;GPR61;CDC34;PDE11A;PRKAR2B
prerank,GO_Biological_Process_2021::negative regulation of homotypic cell-cell adhesion (GO:0034111),0.6981253716715209,1.6115448279871065,0.033984706881903144,0.044353803309386264,1.0,8/10,21.26%,ZNF703;PRKG1;SERPINE2;ALOX12;CEACAM1;SH2B3;RDX;CD9
prerank,GO_Biological_Process_2021::stabilization of membrane potential (GO:0030322),-0.5925397913108995,-1.6110967991319969,0.035623409669211195,0.0593307620863285,1.0,5/12,8.96%,KCNK12;KCNK4;KCNK13;KCNK2;KCNK7
prerank,GO_Biological_Process_2021::defense response to tumor cell (GO:0002357),0.7045173842659002,1.6108619652340481,0.024489795918367346,0.04457566597220738,1.0,9/10,27.29%,RBMS3;LAPTM5;ABI3;PRF1;SPI1;PRDX2;KLF4;DAPK1;PLK5
prerank,GO_Biological_Process_2021::response to insulin (GO:0032868),0.49405178571555386,1.6106723165559191,0.005667506297229219,0.04459957519351004,1.0,35/58,27.36%,DENND4C;ADIPOQ;ENPP1;SYAP1;GCK;SLC2A4;SORBS1;LEP;FOXO1;USF1;SLC39A14;RAB31;ZFP36L1;PLA2G1B;CEACAM1;XBP1;RAB8A;RAB13;RHOQ;TRIB3;GPLD1;INHBB;CAPN10;IRS2;RAB8B;EIF6;PCK1;PKM;RAB12;SLC25A33;RAB15;RAB10;SORT1;PCK2;LPIN3
prerank,GO_Biological_Process_2021::negative regulation of phosphorylation (GO:0042326),0.4777045863841997,1.6103615246593448,0.007917174177831911,0.04467856371663475,1.0,39/68,27.73%,PID1;FBLN1;MYADM;IGFBP3;NUPR1;FBP1;OCLN;CBFA2T3;CORO1C;WWTR1;BMP4;SLIT2;ACTN3;PTEN;SIRPA;STAP1;KLHL31;PPP1R15B;PRDX3;NCOR1;ZC3H12A;BMP7;PAQR3;INHA;CDKN1A;IRS2;CHP1;HNRNPU;LRRK2;SH3GL2;PIP5KL1;CDKN2A;TIGAR;GIT1;DYNLL1;NPRL2;PRNP;LRP6;PLPP3
prerank,GO_Biological_Process_2021::negative regulation of receptor signaling pathway via JAK-STAT (GO:0046426),0.6430589784005992,1.6101431953088776,0.025040387722132473,0.04470109328778873,1.0,8/15,21.22%,LEPROT;PIBF1;CAV1;PARP14;BCL3;SOCS1;SH2B3;PTPN2
prerank,GO_Biological_Process_2021::termination of RNA polymerase II transcription (GO:0006369),-0.4461586602369861,-1.609927443467546,0.01680672268907563,0.05968875089954843,1.0,17/32,25.48%,LSM11;CPSF2;CPSF3;TTF2;CPSF7;CPSF1;CSTF1;SSU72;NUDT21;CSTF3;CSTF2;CSTF2T;CPSF4;CLP1;SCAF8;ZNF473;FIP1L1
prerank,GO_Biological_Process_2021::inorganic anion transmembrane transport (GO:0098661),-0.40842353000465187,-1.6096479021967842,0.008602150537634409,0.0596643507576438,1.0,15/48,7.20%,GABRA2;GABRR2;ANO2;ANO7;GLRA3;GABRR1;SLC4A8;ANO4;GLRB;SLC25A14;SLC12A5;SLC6A1;GABRE;LRRC8A;SLC12A2
prerank,GO_Biological_Process_2021::positive regulation of cellular metabolic process (GO:0031325),0.47905985921429506,1.6089446943963897,0.008243500317057704,0.045150446628266276,1.0,35/65,26.86%,PID1;APOA5;APOA2;ACE2;ADIPOQ;CCL5;THBS1;GH1;SFRP4;APOC1;APOA1;EGF;STARD4;GATA3;ARRB2;TGFBR2;PRELID1;NTF3;SCYL2;CHCHD2;ZC3H12A;APOE;TBC1D5;CDKN1A;RAB29;KLF4;AKR1C1;RAB1A;VAMP3;ROMO1;GHITM;FASN;ARRB1;DHRS4;RAB1B
prerank,GO_Biological_Process_2021::phospholipid catabolic process (GO:0009395),0.5972250920415262,1.6089194730790215,0.018575851393188854,0.04510845718279214,1.0,10/20,19.44%,PLBD1;PLBD2;APOA2;PNPLA6;SMPDL3A;GPCPD1;PLA2G4E;PLA2G4D;PLA2G4B;GDPD1
prerank,"GO_Biological_Process_2021::mRNA cis splicing, via spliceosome (GO:0045292)",-0.5479149165129538,-1.6084083781308904,0.034482758620689655,0.06001850983001001,1.0,10/15,28.07%,PRPF39;CACTIN;DDX23;WBP4;SART1;WBP11;SFSWAP;PSIP1;SRSF12;RBM22
prerank,GO_Biological_Process_2021::positive regulation of lymphocyte differentiation (GO:0045621),0.6668003553360267,1.6082815638771284,0.019933554817275746,0.045352853671549336,1.0,7/12,14.23%,ZBTB1;ZAP70;IL7;RHOH;NCKAP1L;XBP1;GATA3
prerank,GO_Biological_Process_2021::membrane protein proteolysis (GO:0033619),0.5756202514659962,1.6074519412027397,0.024626865671641792,0.04566993330418948,1.0,15/24,26.31%,SPPL2A;SPPL3;PRTN3;CTSH;MYH9;ADAM19;TRAF6;SPPL2B;BACE2;NGFR;ADAM10;HM13;PARL;NCSTN;RBMX
prerank,GO_Biological_Process_2021::regulation of chromosome organization (GO:0033044),-0.5189433439435746,-1.6073294391453061,0.02631578947368421,0.060347107265248154,1.0,11/19,20.88%,LIG4;XRCC5;UPF1;WAPL;SMG5;TERF2;PIF1;SETMAR;TERF2IP;RMI2;SMG6
prerank,GO_Biological_Process_2021::N-acetylneuraminate metabolic process (GO:0006054),0.701855427621483,1.6073207519839259,0.026518391787852865,0.045664359745080714,1.0,8/10,27.81%,NPL;RENBP;GNPDA1;NAGK;ST3GAL1;GNPDA2;GNE;ST6GAL1
prerank,GO_Biological_Process_2021::transmembrane receptor protein serine/threonine kinase signaling pathway (GO:0007178),0.45426713922252,1.6071280842148534,0.0029498525073746312,0.04569029619831131,1.0,47/102,20.38%,TMEM100;GDF15;FAM83G;DUSP15;LTBP2;RUNX2;TGFB1I1;CLDN5;HPGD;TGFBR3;NRROS;CDH5;PXN;LRRC32;SMAD6;JUN;ID1;ZYX;BMP6;SMAD3;FERMT2;APOA1;BAMBI;F11R;HFE;BMP4;PDCD4;CBL;ARRB2;TGFBR2;GDF5;FURIN;LPXN;PARD3;SLC39A5;FOS;RHOA;DLX5;USP15;GDF10;BMP7;STUB1;INHBB;CGN;UBB;FOXH1;BMP2
prerank,GO_Biological_Process_2021::positive regulation of receptor-mediated endocytosis (GO:0048260),0.5320902545161532,1.6070034679870135,0.014634146341463415,0.04567996307723493,1.0,18/35,19.86%,APOA5;CCL21;CCL19;GH1;SFRP4;PPT1;EGF;VTN;HFE;CBL;ARRB2;B2M;DAB2;SGIP1;NTF3;SCYL2;TBC1D5;WASL
prerank,GO_Biological_Process_2021::positive regulation of biomineral tissue development (GO:0070169),0.5532578306401155,1.6055671238383722,0.022270114942528736,0.04623879133195689,1.0,18/28,22.84%,OSR1;TMEM119;FBN2;PKDCC;BMP6;ATRAID;AMTN;BMP4;CEBPB;MEF2C;TFAP2A;KL;ANO6;BMP7;BMP2;SLC8A1;ISG15;BMPR1B
prerank,GO_Biological_Process_2021::regulation of mitotic cell cycle spindle assembly checkpoint (GO:0090266),-0.5778786933873509,-1.6052554868488587,0.0340599455040872,0.06102191909303587,1.0,7/13,21.42%,GEN1;XRCC3;NDC80;CDK5RAP2;LCMT1;PCID2;ANAPC15
prerank,GO_Biological_Process_2021::blood vessel diameter maintenance (GO:0097746),0.6029478405677291,1.6051995862783335,0.020029673590504452,0.0463338192514921,1.0,15/20,27.76%,SCPEP1;ACE2;SERPINF2;EDN1;CRP;PER2;NPPB;EDN2;F2RL1;EDN3;GCLM;KCNMB2;KLF2;GCLC;ITGB1BP1
prerank,GO_Biological_Process_2021::secondary alcohol metabolic process (GO:1902652),0.5459205201046559,1.605189954856545,0.016288951841359773,0.046281353184312625,1.0,17/33,21.00%,APOL2;CETP;APOA2;CES1;APOF;CYP11A1;STARD3;CLN8;LCAT;APOA1;CLN6;OSBPL5;SULT2B1;FDX1;APOE;GBA;ABCG1
prerank,GO_Biological_Process_2021::cellular response to hydrogen peroxide (GO:0070301),0.5795220468126766,1.6050777011135824,0.025222551928783383,0.046263865300872474,1.0,16/24,25.62%,OSER1;ZNF580;PPIF;NET1;CYP1B1;AQP1;MAPK13;ANXA1;TNFAIP3;SIRPA;TRPM2;MAPK7;PLEKHA1;FXN;RIPK3;RHOB
prerank,GO_Biological_Process_2021::negative regulation of wound healing (GO:0061045),0.5766840409374202,1.6048639527321946,0.01998519615099926,0.046291850755074755,1.0,17/23,24.62%,ADTRP;PROC;KNG1;EDN1;CD34;CD109;APOH;SERPINE2;VTN;PTEN;THBD;AJAP1;APOE;PHLDB2;CASK;CRK;MYOZ1
prerank,GO_Biological_Process_2021::regulation of necroptotic process (GO:0060544),0.6087032497585086,1.6046466519372733,0.027169811320754716,0.046331555848668424,1.0,14/18,27.22%,MLKL;YBX3;FLOT2;STUB1;ZBP1;SDCBP;PDCD6IP;FLOT1;SPATA2;CDC37;PELI1;RIPK3;CYLD;SLC25A4
prerank,GO_Biological_Process_2021::protein glycosylation (GO:0006486),-0.3435168647747853,-1.6043476049866643,0.0,0.06124912454326862,1.0,31/124,10.83%,GALNT7;FUT9;POMGNT2;B3GALNT2;GALNT10;B3GNT2;GCNT3;GALNT2;GALNT9;GCNT4;ST3GAL6;POMT2;B4GAT1;GALNT6;POMT1;A4GNT;DPAGT1;ALG1;STT3A;FUT5;B4GALT7;DPM3;FKTN;B3GNT4;ENTPD5;TRAK1;DPM1;GALNT1;POMGNT1;C1GALT1C1;POFUT1
prerank,GO_Biological_Process_2021::production of small RNA involved in gene silencing by RNA (GO:0070918),-0.5140896837573814,-1.604248062786724,0.034482758620689655,0.06113407845264207,1.0,9/18,14.34%,HENMT1;TARBP2;SNIP1;AGO3;MRPL44;DROSHA;AGO1;AGO4;PUM2
prerank,GO_Biological_Process_2021::activation of NF-kappaB-inducing kinase activity (GO:0007250),0.6776528246654612,1.6041874000317362,0.024529844644317254,0.04647535143366591,1.0,7/11,19.60%,CHI3L1;TLR6;TIRAP;TNFSF15;TRAF6;CARD10;TRAF2
prerank,GO_Biological_Process_2021::positive regulation of defense response to virus by host (GO:0002230),0.6013573522913371,1.6033391360837126,0.024224072672218017,0.04678988863273684,1.0,13/20,20.65%,PTPN22;LILRB1;DDX58;AIM2;APOBEC3G;PARP9;IL23R;ZDHHC11;IL12RB1;ZC3H12A;ZDHHC1;STAT1;SIN3A
prerank,GO_Biological_Process_2021::regulation of cellular metabolic process (GO:0031323),0.5282571887085333,1.6024198558106477,0.013004791238877482,0.04713480125787665,1.0,18/37,22.28%,PID1;NPC2;STK17A;BTN2A2;ANGPTL8;VPS35;CYP1B1;PANK2;SSH1;STUB1;TBC1D16;GBA;GNB3;KIF16B;ABCG1;FLOT1;NCOR2;EIF6
prerank,GO_Biological_Process_2021::anion transport (GO:0006820),-0.4523088822827044,-1.602371642729381,0.020066889632107024,0.06175736908524594,1.0,14/32,16.73%,SLC17A3;SLC4A2;LRRC8D;LRRC8A;SLC13A3;SLC22A11;LRRC8B;LRRC8E;SLC22A9;LRRC8C;SLC13A2;SLC26A4;SLC26A7;SLC13A5
prerank,GO_Biological_Process_2021::cellular response to lipid (GO:0071396),0.4341819547780901,1.6022287450978538,0.0,0.04715806845853758,1.0,63/146,19.64%,PID1;FAM210B;ADTRP;CARD17;CTSG;ZNF703;LILRB2;LBP;CD180;DEFA4;LILRB1;LPL;CXCL13;CXCL9;PF4V1;NLRP7;SBNO2;GPBAR1;CXCL1;PF4;GFI1;CXCL11;CXCL6;CXCL5;NFKBIL1;TICAM2;CXCL3;CX3CR1;TNIP3;BRINP1;CARD16;TESC;AQP1;IL36G;PPBP;IL36RN;TNFRSF1B;IL1F10;TWF2;XBP1;PDCD4;CXCL2;TNFAIP3;GNAI1;SIRPA;STAP1;MGST1;MYD88;MEF2C;TRAF6;ABL2;CD68;RORB;RHOA;UCP1;ATP1A3;IL37;NCOA3;ZC3H12A;SOX9;GPLD1;NR1D1;BCL10
prerank,GO_Biological_Process_2021::nucleotide catabolic process (GO:0009166),0.6705381482289297,1.601821330447291,0.02903225806451613,0.047294345004283,1.0,6/12,15.44%,GPX1;DNPH1;NUDT3;SAMHD1;NT5C1A;VCP
prerank,GO_Biological_Process_2021::cellular response to interleukin-6 (GO:0071354),0.6214351523069442,1.601788329421027,0.023993808049535603,0.04725651448943126,1.0,11/17,21.03%,PID1;PTGIS;SBNO2;YAP1;PHB;CBL;CEBPA;TDGF1;SPI1;STAT1;PTPRT
prerank,GO_Biological_Process_2021::ESCRT III complex disassembly (GO:1904903),0.6963290240500936,1.6012084770314334,0.024916943521594685,0.04741578949878395,1.0,9/10,30.39%,CHMP7;CHMP2B;CHMP1B;CHMP1A;IST1;CHMP2A;VPS4B;CHMP5;VPS4A
prerank,GO_Biological_Process_2021::ESCRT complex disassembly (GO:1904896),0.6963290240500936,1.6012084770314334,0.024916943521594685,0.04741578949878395,1.0,9/10,30.39%,CHMP7;CHMP2B;CHMP1B;CHMP1A;IST1;CHMP2A;VPS4B;CHMP5;VPS4A
prerank,GO_Biological_Process_2021::regulation of cardiac muscle hypertrophy (GO:0010611),0.6395866610356653,1.6011567688922357,0.020563594821020565,0.04738961086530939,1.0,11/15,25.91%,LMCD1;NR4A3;CAV3;EDN1;MTPN;HAND2;SLC9A1;PDE9A;GLRX3;RGS2;SMAD4
prerank,GO_Biological_Process_2021::glycoprotein catabolic process (GO:0006516),0.6365748065525798,1.600614422135052,0.023558082859463852,0.047576643600756384,1.0,10/15,21.61%,ADAMTS12;CTSL;MANBA;NEU4;ADAMTS9;EDEM2;EDEM1;FBXO17;NGLY1;FBXO27
prerank,GO_Biological_Process_2021::positive regulation of protein kinase activity (GO:0045860),0.45004872628711745,1.5999057817962232,0.002910360884749709,0.04783885609956186,1.0,45/106,23.21%,CACUL1;JTB;EMP2;SLC11A1;LILRA5;MMD;CCL21;CCL5;SYAP1;CCL19;AGAP2;LTF;GH1;CCR7;LCP2;IL34;LAT;PAK1;NEDD9;PAK3;HMGA2;ADCYAP1;PAK6;IL23R;TOM1L1;TGFBR2;AZU1;RALB;TRAF6;LRP8;TAOK2;MAP2K3;RHOA;DLG4;PTPN1;SNX9;CASS4;TAOK3;CDKN1A;RELN;STK4;PARP16;PRKAG2;TCL1B;MARK2
prerank,GO_Biological_Process_2021::macromolecule catabolic process (GO:0009057),0.5630052132120276,1.5994183544424914,0.022123893805309734,0.04798425084445961,1.0,15/25,26.10%,LGMN;NEDD4;CLN8;PPT1;CLN5;CLN6;CTRL;SNX25;KIF16B;PRSS16;MVB12A;TPP1;BECN1;SH3GLB1;USE1
prerank,GO_Biological_Process_2021::cytoplasmic sequestering of protein (GO:0051220),0.6885539582465543,1.5987877659514964,0.019087136929460582,0.04819778270886575,1.0,5/11,18.81%,MDFI;DBN1;GET4;NFKBIE;PKD2
prerank,GO_Biological_Process_2021::outflow tract septum morphogenesis (GO:0003148),0.6196314126675934,1.5987777468983249,0.02361005331302361,0.04814649566789522,1.0,14/17,25.91%,PARVA;SMAD6;ROBO2;NKX2-5;FGF8;BMP4;GATA6;TGFBR2;ROBO1;TBX2;TBX1;LRP2;NRP2;SMAD4
prerank,GO_Biological_Process_2021::cellular response to amyloid-beta (GO:1904646),0.6425778732731041,1.5984215039375744,0.027559055118110236,0.048201576205733926,1.0,9/14,18.25%,FPR2;LGMN;TLR6;TREM2;VCAM1;CD36;GJA1;SNX6;ATP1A3
prerank,GO_Biological_Process_2021::response to amyloid-beta (GO:1904645),0.6425778732731041,1.5984215039375744,0.027559055118110236,0.048201576205733926,1.0,9/14,18.25%,FPR2;LGMN;TLR6;TREM2;VCAM1;CD36;GJA1;SNX6;ATP1A3
prerank,GO_Biological_Process_2021::positive regulation of cell cycle G2/M phase transition (GO:1902751),-0.5311496353472469,-1.5981931561064824,0.03417533432392273,0.06334411004580136,1.0,7/16,24.73%,RAD51C;DBF4B;RCC2;CDC25B;ATAD5;STOX1;CDC25A
prerank,GO_Biological_Process_2021::cellular protein-containing complex assembly (GO:0034622),-0.3321807963077788,-1.5977477392020154,0.0,0.06340902149826602,1.0,34/135,15.73%,DNAAF3;CCDC39;CCDC40;DRC1;DNAAF1;ANKS4B;CCDC65;PTGES3L;CENPT;ARL6;CENPF;CENPW;USH1C;DNAAF2;CENPC;DLGAP5;ANLN;NUP205;BBS10;SRP54;COG4;CENPE;TBCD;PSMG1;LONP1;POGZ;CENPA;NDC1;SPAG1;DNAJC28;HIP1;CALY;DHX9;SRP19
prerank,GO_Biological_Process_2021::negative regulation of viral life cycle (GO:1903901),0.633857916402565,1.5971703480907211,0.018475750577367205,0.04869399906880522,1.0,11/16,19.97%,PTX3;CIITA;FCN3;IFITM3;IFITM1;FCN1;BST2;IFITM2;TRIM5;GSN;SNX3
prerank,GO_Biological_Process_2021::negative regulation of BMP signaling pathway (GO:0030514),0.5143894872731896,1.5963790644562377,0.01694915254237288,0.04899430567627852,1.0,25/42,25.95%,HTRA3;CHRDL1;CRIM1;FSTL1;FBN1;SMAD6;CHRD;NBL1;BAMBI;SOST;UBE2D1;RBPMS2;BMPER;BMP2;SORL1;SMAD1;SKIL;BMPR1B;SKI;NOG;LRP2;SOSTDC1;SMURF2;SMAD4;FSTL3
prerank,GO_Biological_Process_2021::embryonic skeletal system morphogenesis (GO:0048704),-0.47666566871489846,-1.5954968360225659,0.021241830065359478,0.06418141802812677,1.0,12/26,11.95%,HOXD9;HOXC9;IRX5;SOX11;SIX1;HOXC4;MEGF8;HOXD4;FUZ;DSCAML1;HOXB4;OSR2
prerank,GO_Biological_Process_2021::establishment or maintenance of apical/basal cell polarity (GO:0035088),-0.5326862996380769,-1.5953781529359132,0.03278688524590164,0.06409639353969333,1.0,5/16,4.32%,DLG2;CRB1;CRB2;LRRC7;OOEP
prerank,GO_Biological_Process_2021::stress fiber assembly (GO:0043149),0.6665108327089683,1.5950140980652312,0.024469820554649267,0.04947885317715423,1.0,7/12,22.83%,SORBS1;PDLIM1;FHDC1;ZYX;PHACTR1;RHOA;CUL3
prerank,GO_Biological_Process_2021::contractile actin filament bundle assembly (GO:0030038),0.6665108327089683,1.5950140980652312,0.024469820554649267,0.04947885317715423,1.0,7/12,22.83%,SORBS1;PDLIM1;FHDC1;ZYX;PHACTR1;RHOA;CUL3
prerank,GO_Biological_Process_2021::Arp2/3 complex-mediated actin nucleation (GO:0034314),0.6410595931138634,1.5946717531537002,0.02545743834526651,0.049584598960297696,1.0,10/14,28.18%,ACTR2;JMY;IQGAP2;ARPC1B;ARPC2;ACTR3;WHAMM;MAGEL2;ARPC4;ARPC3
prerank,GO_Biological_Process_2021::regulation of transcription by RNA polymerase III (GO:0006359),-0.5103666333657746,-1.5941578558216782,0.02631578947368421,0.06447811038568535,1.0,11/18,27.42%,ZNF76;POLR3C;ICE1;ZC3H8;BRF2;ZNF143;POLR3F;MAF1;CHD8;ICE2;ZNF345
prerank,GO_Biological_Process_2021::myeloid cell differentiation (GO:0030099),0.5123483328527263,1.5930105791500306,0.015415549597855228,0.05028790323409901,1.0,21/41,22.03%,EVI2B;CEBPE;TAL1;GATA1;HCLS1;EPO;TIRAP;PRKX;SNRK;RPS14;HSPA9;CEBPA;SPI1;AHSP;IL11;PRDX3;RUNX1;IKZF1;INHA;PTPN2;ALAS2
prerank,GO_Biological_Process_2021::chromatin assembly (GO:0031497),-0.4449111066075694,-1.5923043450126158,0.021015761821366025,0.06507959756337058,1.0,11/31,9.39%,NAP1L3;NAP1L2;GRWD1;CTCF;LIN54;PAF1;BAHD1;ATRX;NOC2L;CDAN1;SART3
prerank,GO_Biological_Process_2021::prostanoid metabolic process (GO:0006692),0.625558457268941,1.5920748106257712,0.02810304449648712,0.0506666426879244,1.0,6/16,11.47%,PTGR1;PTGES;HPGDS;HPGD;GSTM1;GSTA1
prerank,GO_Biological_Process_2021::positive regulation of protein modification process (GO:0031401),0.4346362250060454,1.5919642043488738,0.0038997214484679664,0.05066637151056261,1.0,54/137,22.35%,ADTRP;WDFY2;TMEM119;MARCO;RARRES2;FPR2;FAM20A;SPPL3;LILRB2;MYDGF;PLAUR;ITLN1;ADIPOQ;NNMT;KNDC1;CDH5;LIMCH1;TREM2;LEP;IL34;PAK1;FGF20;FGF17;FGF16;ARNTL;CNEP1R1;LIMK2;FGF8;BMP4;FGF7;FAS;ILK;FGF10;DLC1;RALB;NPTN;FGF9;PECAM1;DAB2;RASGRP1;UBE2N;SOX9;GBA;EFNA5;FGF19;BMP2;THPO;FGF18;FLOT1;STK4;AXIN2;CHP1;LRRK2;CAMTA1
prerank,MSigDB_Hallmark_2020::Estrogen Response Early,0.42762623938181277,1.5916495849574135,0.0,0.05076739195972989,1.0,92/171,26.57%,ELF1;MAST4;PRSS23;OLFML3;ISG20L2;IGFBP4;PTGES;SVIL;KLF10;TGM2;CLIC3;DHRS2;PAPSS2;PPIF;FHL2;FARP1;PODXL;PMAIP1;EGR3;RHOD;SLC19A2;CBFA2T3;MYOF;RAB17;PDLIM3;GJA1;NBL1;GLA;RAB31;ABHD2;MYC;HSPB8;TMEM164;MYB;XBP1;BLVRB;WFS1;DLC1;TFAP2C;SULT2B1;CHPT1;AREG;KCNK5;DYNLT3;FLNB;CALB2;FOS;OPN3;TGIF2;REEP1;TIPARP;RASGRP1;MICB;SLC16A1;BCL11B;SFN;INHBB;SLC1A1;KCNK15;SLC7A5;SCARB1;SLC26A2;STC2;FCMR;NCOR2;GREB1;ABLIM1;MLPH;KRT8;KLF4;TJP3;MSMB;AQP3;DHRS3;ADD3;BAG1;WWC1;SLC37A1;SLC27A2;ESRP2;MREG;CLDN7;FKBP5;TFF3;UNC119;NXT1;ARL3;FASN;SLC2A1;THSD4;CELSR1;SYBU
prerank,GO_Biological_Process_2021::organic substance transport (GO:0071702),0.4442474727065032,1.5913905239165134,0.005780346820809248,0.05082187891554762,1.0,60/114,24.51%,RCN3;ARRDC4;ABCA8;MFSD12;APOL2;SLC50A1;SLCO2A1;CUBN;GM2A;APOA5;CETP;ABCB9;ABCA7;TAP2;SCAMP4;AQP9;ABCA6;ARRDC2;CMTM6;AMN;HRG;PLTP;SCAMP2;MFSD2B;SLC22A2;ABCA9;CLN8;PPT1;SLC19A2;TAP1;RAB38;ABCA10;MYH9;SLCO2B1;APOA1;TCN1;CHMP3;PCTP;ARL6IP5;CHMP2B;ABCG4;SLCO1B1;TCN2;ABCG5;ABCG1;SLC23A1;ABCG2;SCAMP3;RHCG;CD320;RILP;TOM1;RAB7A;LMAN2L;LRP2;PEX3;CHMP1B;MFSD2A;ARRDC1;SLC22A3
prerank,"GO_Biological_Process_2021::RNA splicing, via transesterification reactions (GO:0000375)",-0.4717702543524817,-1.5906068676955505,0.024115755627009645,0.06569409809644132,1.0,9/25,19.07%,PRPF4;MPHOSPH10;GEMIN2;WDR83;SMNDC1;DDX23;KHSRP;TXNL4A;SF3B3
prerank,GO_Biological_Process_2021::endoderm formation (GO:0001706),0.6190699689648541,1.5901128043833666,0.023255813953488372,0.05134327214610177,1.0,13/17,25.70%,COL12A1;COL8A1;SOX7;MMP15;HMGA2;DUSP5;VTN;DUSP1;DUSP2;EOMES;ITGA7;SOX17;DUSP4
prerank,GO_Biological_Process_2021::positive regulation of response to wounding (GO:1903036),0.5812451717060387,1.5876478877799403,0.025525525525525526,0.05241949086221636,1.0,10/21,15.82%,SCARF1;DUOX1;CLEC7A;DMTN;DUOX2;OCLN;GRN;VTN;ANXA1;CNTF
prerank,GO_Biological_Process_2021::peptide biosynthetic process (GO:0043043),0.4386726958893289,1.5875627716896132,0.0017482517482517483,0.05240068261411002,1.0,53/115,22.75%,EEF1A1;RPLP2;RPS12;RPL39;RPL7A;RPL28;RPL29;GGT6;RPL27A;RPL10A;GGT5;RPL34;RPL27;RPL9;RPL14;RPL41;RPL24;RPL21;RPL35A;RPL26;RPL15;RPL13;RHCE;RPS20;RPL7;RPS17;RPL18A;RPL31;RPL30;RPL36;RPL18;GGT7;RPL37A;MRPL41;RPS14;RPS21;GGTLC3;FURIN;MRPS18C;RPL35;ASMT;RSL24D1;GGT2;GGT1;RPS10;PABPC4;MRPL23;RPS29;TNIP1;MRPL51;MRPL34;RPS3A;MRPS6
prerank,GO_Biological_Process_2021::regulation of reactive oxygen species biosynthetic process (GO:1903426),0.6233290067622748,1.587295002836798,0.01776061776061776,0.052468401528276844,1.0,11/16,24.73%,PAGE4;TLR6;CD36;RAB27A;PLCG2;CYBA;SLC5A3;UCP1;ADGRB1;SPHK2;SLC25A33
prerank,GO_Biological_Process_2021::protein transport (GO:0015031),0.40609873441133765,1.5870012380371878,0.0,0.052543921230974816,1.0,165/331,26.86%,RCN3;ARL5A;TMEM167A;ARRDC4;TBC1D9;RABGAP1L;RAB20;ADPRH;TBC1D9B;ARL4C;ATP6V1G3;TBC1D2B;ATP6V1C2;ATP6V0A4;ATP6V1B1;RAB3D;TBC1D22A;LTBP2;ATP6V0A2;ATP6V1E2;ATP6V0D2;LAPTM5;TCIRG1;TMED5;SCAMP4;RAB34;ARRDC2;CMTM6;AMN;ARL4D;ATP6V1H;SCAMP2;ARL11;TMED10;VLDLR;RAB24;TBC1D10C;ATP6V1B2;TICAM2;STX11;CANX;ATP6V1D;CTSA;ATP6V1G2;PPT1;STXBP2;ATP6V1C1;ATP6V1A;STX3;VPS26A;VPS35;RAB38;CD36;RAB17;MYH9;MIA2;RAB31;AP4M1;ATP6V1F;ATP6V1E1;TBC1D2;ATP6V0E2;STX19;SGSM1;SNX15;HFE;STX1A;GGA2;COPZ2;TMED4;ATP6V0A1;GPIHBP1;SNX6;CTTN;ATP6V0E1;SNX17;RAB26;GGA1;TBC1D3B;TMED9;RAB8A;RAB13;CHMP3;ARL6IP5;ATP6V0D1;UNC93B1;TMED1;ATP6AP1;VPS26B;CHMP2B;VAMP5;SNX1;TMED3;PDIA4;STEAP3;TMED2;RAB3A;APOE;TANGO6;SNX9;VPS29;SNX8;TBC1D5;TBC1D16;ATP6V0C;CLTC;YWHAH;LMTK2;ATP6V0B;ATP6V1G1;RAB32;ABCG1;RAB8B;AP2A1;TBC1D12;ARF6;RAB29;SNX27;EHD1;STX4;STX5;SCAMP3;NGFR;ARF5;WDR11;RILP;RAB1A;TOM1;NEURL1B;RAB21;RAB5A;RAB7A;LMAN2L;GOLPH3L;LRP2;WLS;SPTBN1;RAB12;MYO6;CHMP1B;SYNRG;ARL5B;ARRDC1;STX8;NAPA;SEC13;ARL4A;ARFGAP3;UNC119;LAMP2;SEC31A;TMED7;CHMP1A;TVP23B;TANGO2;RAB6A;RAB15;CHMP2A;RAB10;TBC1D8;TXNIP;RAB28;UNC119B;RAB14;RAB1B
prerank,GO_Biological_Process_2021::protein monoubiquitination (GO:0006513),-0.4297441632122382,-1.585864207619446,0.02727272727272727,0.06763622813731697,1.0,14/35,25.54%,PAF1;TOPORS;RNF20;ATXN7L3;RNF40;RAG1;FANCL;PEX12;UBE2T;KLHL12;HUWE1;CDC73;UHRF1;MGRN1
prerank,GO_Biological_Process_2021::modification-dependent protein catabolic process (GO:0019941),-0.3258151645801839,-1.5858328457017403,0.0,0.06748932391821472,1.0,47/180,13.88%,RNF148;RNF133;ZNRF3;KCTD21;DCST1;ANAPC7;ANAPC2;CDC23;ANAPC5;CDC16;ANAPC10;UBA52;ANAPC1;ANAPC11;UBC;CDC27;FZR1;KLHL8;BUB3;RNF8;TOPORS;FBXO45;CHFR;RNF20;CDC26;UBE3C;KLHL25;UBE4A;PTTG1;KLHL15;TRIM32;ANAPC4;RNF6;FEM1C;LONP1;TRPC4AP;RNF40;CDC34;RNF185;KCTD6;FBXL4;UBE2S;NPLOC4;RCHY1;FBXW4;RC3H1;RLIM
prerank,GO_Biological_Process_2021::oligodendrocyte development (GO:0014003),-0.5312571680411604,-1.5854265560482095,0.029177718832891247,0.06750561477356472,1.0,6/16,19.47%,MYRF;PLP1;EIF2B3;SOX10;EIF2B2;EIF2B4
prerank,GO_Biological_Process_2021::response to axon injury (GO:0048678),0.648932168350695,1.5854103535795614,0.02857142857142857,0.053246538875535265,1.0,8/14,18.80%,NREP;TREM2;TYROBP;RTN4RL1;DPYSL3;RTN4RL2;APOD;SARM1
prerank,GO_Biological_Process_2021::actin crosslink formation (GO:0051764),0.6861353370565728,1.58531948398599,0.03258145363408521,0.05322460039268987,1.0,8/11,19.40%,GAS2L3;AIF1;BAIAP2;LCP1;BAIAP2L2;DPYSL3;BAIAP2L1;EPS8
prerank,GO_Biological_Process_2021::cellular response to transforming growth factor beta stimulus (GO:0071560),0.4536181306370582,1.5851963034454604,0.004196642685851319,0.05321800404873187,1.0,45/91,22.89%,CILP;GDF15;DUSP15;LTBP2;CLDN5;HPGD;TGFBR3;NRROS;CDH5;PXN;CLEC3B;LRRC32;SMAD6;JUN;HYAL2;ID1;ZYX;SMAD3;XCL1;FERMT2;APOA1;LIMS1;BAMBI;ZFP36L1;F11R;CBL;ARRB2;TGFBR2;GDF5;FURIN;LPXN;MEF2C;PARD3;FOS;RHOA;USP15;GDF10;SOX9;CGN;UBB;FOXH1;SMAD1;MAPK7;ANKRD1;SKI
prerank,GO_Biological_Process_2021::natural killer cell activation (GO:0030101),0.5949509261493852,1.5848772403800322,0.03201219512195122,0.05329910906914546,1.0,16/20,29.54%,ULBP1;KLRK1;NCR3;IL2;ULBP2;ULBP3;NCR1;RASGRP1;PRDX1;SNX27;NFIL3;CD244;IFNE;RABL3;PBX1;IL21R
prerank,GO_Biological_Process_2021::histone H2A monoubiquitination (GO:0035518),-0.5331588084618719,-1.584097537071432,0.02463768115942029,0.06796462660890155,1.0,9/16,20.27%,RING1;BCOR;TRIM37;RYBP;PCGF5;RNF2;DDB2;PCGF6;CUL4B
prerank,GO_Biological_Process_2021::regulation of cellular amine metabolic process (GO:0033238),0.6249229717441757,1.5838543399204892,0.02260327357755261,0.05374054421821331,1.0,11/16,23.04%,OAZ2;OAZ3;AZIN1;OAZ1;PSMF1;PSMD5;PSMB2;PSMA2;PSMA8;PSMB4;PSMD9
prerank,GO_Biological_Process_2021::cellular glucuronidation (GO:0052695),0.6870998195880654,1.5836101618025447,0.02225886232481451,0.05380449919829687,1.0,9/11,20.26%,UGT1A1;UGT2B15;UGT1A7;UGT2B4;UGT2B17;UGT1A6;UGT2B7;UGT2B28;UGT2B11
prerank,GO_Biological_Process_2021::negative regulation of cytokine-mediated signaling pathway (GO:0001960),0.4997736532463812,1.5833876218466894,0.0165892501658925,0.05385421376172432,1.0,29/44,25.64%,CCDC3;ADIPOQ;USP18;OAS1;OAS3;TREM2;IL1RN;CARD16;ARG1;APOA1;SLIT3;PARP14;IL36RN;SAMHD1;SLIT2;STAP1;F2RL1;IRAK3;PYDC1;ROBO1;SH2B3;PTPN2;CARD8;ISG15;SIGIRR;CNOT7;TTLL12;TRAIP;STAT2
prerank,GO_Biological_Process_2021::regulation of innate immune response (GO:0045088),0.4988027500598468,1.5831190546585816,0.014294996751137101,0.05392239871884595,1.0,26/49,22.22%,FPR2;PTPN22;RNASEL;CCL5;CD1D;USP18;GBP5;ADAM8;TREM2;PTPN6;TIRAP;PARP9;SAMHD1;PLSCR1;AKIRIN2;TNFAIP3;NLRC3;RNF135;LRP8;IRAK3;IFI35;PTPN1;SLC15A4;XIAP;DHX58;SH2D1B
prerank,GO_Biological_Process_2021::oogenesis (GO:0048477),-0.5779046308545168,-1.582996934125468,0.034993270524899055,0.06832733367865161,1.0,5/12,9.52%,HORMAD1;PIWIL2;TRIP13;STRA8;KMT2D
prerank,GO_Biological_Process_2021::sequestering of actin monomers (GO:0042989),0.7013050873609996,1.582396058437952,0.026360544217687076,0.05420249099864107,1.0,7/10,23.21%,PFN4;TMSB4X;SCIN;TMSB10;TWF2;GSN;TWF1
prerank,GO_Biological_Process_2021::regulation of dendrite extension (GO:1903859),-0.5186213884688684,-1.5822866479803344,0.041968162083936326,0.06849206142131047,1.0,9/18,23.19%,SYT3;RNF157;OSTN;CPNE6;RIMS1;RASAL1;SYT17;CPNE9;PLAA
prerank,GO_Biological_Process_2021::regulation of adaptive immune response (GO:0002819),0.6505903849691322,1.5822040281599428,0.03547297297297297,0.0542296712498091,1.0,9/13,24.86%,SAMSN1;SASH3;SKAP1;ALOX15;IL4I1;IRF7;PYCARD;FADD;RIPK3
prerank,GO_Biological_Process_2021::RNA export from nucleus (GO:0006405),-0.3497999508923419,-1.5795898545803884,0.006493506493506494,0.0695786391543794,1.0,32/98,21.02%,CASC3;NUP205;DHX38;XPO5;POM121;NUP133;NUP188;NUP35;CPSF2;NUP37;U2AF1;UPF1;DDX25;AAAS;NUP160;MCM3AP;NUP43;SMG5;CPSF3;MAGOHB;SARNP;CPSF1;POM121C;NDC1;POLDIP3;CHTOP;SMG7;CPSF4;U2AF2;DDX19B;SMG6;THOC6
prerank,GO_Biological_Process_2021::positive regulation of NF-kappaB transcription factor activity (GO:0051092),0.44607355211609206,1.5795091502850784,0.003486345148169669,0.05545612323937318,1.0,57/105,27.27%,S100A12;TLR6;S100A8;TNFRSF11A;CLEC7A;LTF;AIM2;CARD9;ADAM8;IRAK2;MTPN;TIRAP;S100A9;CX3CR1;NLRC4;CARD16;CD36;CAV1;PLA2G1B;FLOT2;SPHK1;EIF2AK2;RPS6KA4;MYD88;PRKD2;TRAF6;TRAF1;TRIM38;RIPK2;IRAK3;TRIM5;PRDX3;UBE2N;LGALS9;TRAF2;BCL10;TRIM62;PYCARD;UBB;TRIM25;NOD1;FLOT1;TRIM22;IL1RAP;RAB7B;RHEBL1;RIPK3;RNF31;CARD11;RIPK4;CAMK2A;TAB1;IKBKG;DDRGK1;LAMTOR5;TRADD;TAB2
prerank,GO_Biological_Process_2021::regulation of epidermal cell differentiation (GO:0045604),0.5903896610793473,1.5788615499640752,0.02633559066967645,0.055691479909529294,1.0,15/21,25.01%,SERPINB13;CTSV;SFRP4;CTSL;ZFP36L1;BMP4;MAFF;SULT2B1;KLF7;RUNX1;SFN;MAFG;ZFP36;AQP3;CBFB
prerank,GO_Biological_Process_2021::cellular lipid catabolic process (GO:0044242),0.581823347604855,1.5779558838970866,0.025430067314884067,0.056052292645013574,1.0,10/21,21.58%,PLBD1;PLBD2;AOAH;APOA2;CYP1B1;PLA2G15;ACADL;CEL;MGST2;NUDT19
prerank,GO_Biological_Process_2021::negative regulation of protein localization to cell surface (GO:2000009),0.6751369056201254,1.5779352380030174,0.028688524590163935,0.05599951212272271,1.0,10/11,29.14%,LEPROTL1;LEPROT;CAV3;COMMD1;PICALM;NEDD4L;ACTN2;GPM6B;TAX1BP3;SNX33
prerank,GO_Biological_Process_2021::nitrogen compound transport (GO:0071705),0.4388461015916673,1.577806632558191,0.003470213996529786,0.05599042841358432,1.0,58/122,24.51%,RCN3;ARRDC4;SLC6A6;SLC15A3;SLC7A7;SLC11A1;SEC14L1;CUBN;SLC25A47;SLC43A2;SLC7A10;SLC43A1;SCAMP4;AQP9;ARRDC2;CMTM6;AMN;PDPN;HRG;SCAMP2;SLC44A1;SLC22A2;EDN1;SLC25A45;SLC7A9;SLC3A1;SLC36A1;PPT1;SLC19A2;SLC7A8;RAB38;MYH9;SLC7A6;AQP1;TCN1;SLC3A2;TMEM30B;CHMP3;ARL6IP5;CHMP2B;SLC52A1;TCN2;SLC15A4;SLC7A5;SLC23A1;ABCG2;SCAMP3;RHCG;CD320;RILP;TOM1;SCARB2;RAB7A;LMAN2L;LRP2;CHMP1B;ARRDC1;SLC22A3
prerank,GO_Biological_Process_2021::interleukin-7-mediated signaling pathway (GO:0038111),0.6746853522836314,1.5770390212862955,0.03297609233305853,0.056223721849561085,1.0,8/11,20.37%,IL7;IL7R;SOCS2;CRLF2;STAT5A;SOCS1;STAT5B;IRS2
prerank,GO_Biological_Process_2021::cellular response to interleukin-7 (GO:0098761),0.6746853522836314,1.5770390212862955,0.03297609233305853,0.056223721849561085,1.0,8/11,20.37%,IL7;IL7R;SOCS2;CRLF2;STAT5A;SOCS1;STAT5B;IRS2
prerank,GO_Biological_Process_2021::regulation of p38MAPK cascade (GO:1900744),0.5296267959074912,1.5768038425632787,0.015625,0.056259517050613696,1.0,20/33,26.68%,PTPN22;NCF1;TREM2;LEP;SPHK1;HAND2;DUSP1;SPI1;RASGRP1;ZC3H12A;LGALS9;PRMT1;SASH1;DUSP10;BMP2;EZR;EMC10;PJA2;PHLPP1;CYLD
prerank,GO_Biological_Process_2021::cellular response to peptide hormone stimulus (GO:0071375),0.46572811109776974,1.5766414983866253,0.012172854534388313,0.05627354099216149,1.0,37/71,24.73%,DENND4C;ADIPOQ;ENPP1;NR4A3;SYAP1;GCK;SLC2A4;CYP11A1;SORBS1;FOXO1;USF1;SLC39A14;CYSLTR2;CAV1;GCG;RAB31;ZFP36L1;NR4A2;PLA2G1B;CEACAM1;XBP1;RAB8A;RAB13;RHOQ;TRIB3;GPLD1;INHBB;CAPN10;IRS2;RAB8B;NR4A1;PCK1;PKM;RAB12;CRHR1;ADCY8;SLC25A33
prerank,GO_Biological_Process_2021::apoptotic DNA fragmentation (GO:0006309),0.6522791465575462,1.5755160196652742,0.02669902912621359,0.056750304620471786,1.0,3/13,6.39%,DNASE1L3;DNASE2B;DNASE2
prerank,GO_Biological_Process_2021::negative regulation of epidermal growth factor receptor signaling pathway (GO:0042059),0.5166057300970045,1.575477212865875,0.01752021563342318,0.05671047353668813,1.0,22/38,27.88%,SPRY1;EGF;PTPN3;CBL;EPGN;SNX6;AREG;ITGA1;BTC;CBLB;CBLC;EPS15;CDC42;PTPN2;RNF115;SH3KBP1;SH3GL2;RAB7A;VPS25;CHMP6;GPRC5A;EPN1
prerank,GO_Biological_Process_2021::eosinophil chemotaxis (GO:0048245),0.6738863695531655,1.5753306480552414,0.03676470588235294,0.056644921024159946,1.0,10/11,21.39%,CCL21;CCL26;CCL5;CCL8;CCL7;CCL13;CCL1;CCL3;CCL24;CCL4
prerank,GO_Biological_Process_2021::eosinophil migration (GO:0072677),0.6738863695531655,1.5753306480552414,0.03676470588235294,0.056644921024159946,1.0,10/11,21.39%,CCL21;CCL26;CCL5;CCL8;CCL7;CCL13;CCL1;CCL3;CCL24;CCL4
prerank,GO_Biological_Process_2021::tight junction assembly (GO:0120192),-0.39678604962292485,-1.574484646170118,0.012578616352201259,0.07177117051652168,1.0,18/48,14.89%,GRHL2;CLDN15;CLDN11;FRMPD2;CLDN8;CLDN10;MPP7;CLDN34;CLDN16;CLDN12;STRN;TBCD;APC;ECT2;CLDN14;CLDN19;CLDN9;CLDN23
prerank,GO_Biological_Process_2021::negative regulation of viral entry into host cell (GO:0046597),0.6417177618324016,1.5738661627119095,0.030708661417322834,0.05733593636753437,1.0,10/14,19.97%,PTX3;CIITA;FCN3;IFITM3;IFITM1;FCN1;IFITM2;TRIM5;GSN;SNX3
prerank,GO_Biological_Process_2021::granulocyte differentiation (GO:0030851),0.6253990763105336,1.57365361874783,0.0424,0.05736744668812354,1.0,10/15,20.06%,JAGN1;CEBPE;TAL1;CSF3;GATA1;CBFA2T3;PML;CEBPA;SPI1;CDKN1A
prerank,GO_Biological_Process_2021::positive regulation of myeloid leukocyte cytokine production involved in immune response (GO:0061081),0.6540180143717277,1.5735074923283483,0.02456418383518225,0.05737626174668744,1.0,7/13,19.93%,LAPTM5;LILRB1;DDX58;NR4A3;PLCG2;BCL10;CAMK4
prerank,GO_Biological_Process_2021::positive regulation of extracellular matrix organization (GO:1903055),0.6403096971638571,1.5729887501033593,0.026004728132387706,0.05756034265672474,1.0,9/13,20.38%,EMILIN1;EFEMP2;PDPN;RGCC;COLGALT1;SMAD3;IER3IP1;RUNX1;BMP2
prerank,GO_Biological_Process_2021::negative regulation of JUN kinase activity (GO:0043508),0.6813549855302721,1.57273658010221,0.030884808013355594,0.05761847713792149,1.0,4/11,14.01%,AIDA;PTPN22;SERPINB3;PDCD4
prerank,GO_Biological_Process_2021::cellular response to heat (GO:0034605),0.5607805024822251,1.5723941801658408,0.032305433186490456,0.05771993118202243,1.0,10/23,22.98%,HSBP1L1;THBS1;HMOX1;HSBP1;IER5;VCP;ZFAND1;STUB1;YWHAE;ATXN3
prerank,GO_Biological_Process_2021::bicellular tight junction assembly (GO:0070830),-0.40231673101390936,-1.5710512266803818,0.012320328542094456,0.07320495359825575,1.0,17/45,14.89%,GRHL2;CLDN15;CLDN11;FRMPD2;CLDN8;CLDN10;MPP7;CLDN34;CLDN16;STRN;TBCD;APC;ECT2;CLDN14;CLDN19;CLDN9;CLDN23
prerank,GO_Biological_Process_2021::negative regulation of receptor signaling pathway via STAT (GO:1904893),0.6793757830511881,1.5709856765546522,0.026382978723404255,0.058360096558191264,1.0,6/11,21.03%,LEPROT;CAV1;BCL3;SOCS1;SH2B3;PTPRT
prerank,GO_Biological_Process_2021::purine ribonucleotide transport (GO:0015868),-0.5046923832291649,-1.5709446198464718,0.030095759233926128,0.0730776556757951,1.0,8/17,14.57%,CALHM3;LRRC8D;LRRC8A;CALHM1;SLC25A17;LRRC8E;LRRC8C;SLC25A42
prerank,GO_Biological_Process_2021::regulation of supramolecular fiber organization (GO:1902903),0.6156597376903561,1.5708189086217579,0.02872670807453416,0.05837434616043084,1.0,3/16,4.79%,AEBP1;GPX1;EFEMP2
prerank,GO_Biological_Process_2021::regulation of fatty acid biosynthetic process (GO:0042304),0.5745423075896052,1.570599289525451,0.02121433796634967,0.0584269351418808,1.0,12/22,23.14%,APOA5;APOC2;ADIPOQ;APOC1;APOA1;CEACAM1;SLC45A3;ACADL;TRIB3;EIF6;PRKAG2;MLXIPL
prerank,GO_Biological_Process_2021::negative regulation of transmembrane receptor protein serine/threonine kinase signaling pathway (GO:0090101),0.4538361757463852,1.5701072051137628,0.008383233532934131,0.05860370143883237,1.0,45/85,25.95%,HTRA3;EMILIN1;CILP;CRIM1;ASPN;VASN;TGFB1I1;CIDEA;SMAD6;ADAMTSL2;IGSF1;CHRD;FST;SMAD3;CD109;SPRY1;NBL1;CAV1;BAMBI;SLC2A10;SOST;PRDM16;SNX6;UBE2D1;TGFBR2;RBPMS2;IL17RD;BMPER;STUB1;SNX25;UBB;BMP2;SORL1;SMAD1;SKIL;PMEPA1;BMPR1B;SKI;NOG;LRP2;SOSTDC1;SMAD2;SMURF2;SMAD4;FSTL3
prerank,GO_Biological_Process_2021::regulation of gene silencing by RNA (GO:0060966),-0.3919342637118359,-1.569887346861559,0.017391304347826087,0.07329386107139728,1.0,15/49,14.34%,NUP205;POM121;NUP133;NUP188;POLR2C;NUP35;NUP37;POLR2B;AAAS;NUP160;NUP43;POM121C;NDC1;AGO1;PUM2
prerank,GO_Biological_Process_2021::regulation of posttranscriptional gene silencing (GO:0060147),-0.3919342637118359,-1.569887346861559,0.017391304347826087,0.07329386107139728,1.0,15/49,14.34%,NUP205;POM121;NUP133;NUP188;POLR2C;NUP35;NUP37;POLR2B;AAAS;NUP160;NUP43;POM121C;NDC1;AGO1;PUM2
prerank,GO_Biological_Process_2021::protein targeting to lysosome (GO:0006622),0.5893689957193837,1.5697594648266107,0.0340393343419062,0.058714443374345206,1.0,11/18,25.77%,LAPTM5;NEDD4;NAGPA;AP4M1;M6PR;GNPTAB;SORL1;SCARB2;RAB7A;NCOA4;LAMP2
prerank,GO_Biological_Process_2021::regulation of microglial cell activation (GO:1903978),0.683694355100071,1.5697415049255223,0.026380873866446827,0.05865721429199836,1.0,8/10,19.24%,CST7;TREM2;LDLR;GRN;SPHK1;STAP1;CCL3;NR1D1
prerank,GO_Biological_Process_2021::mesenchymal cell differentiation (GO:0048762),0.5126964484724734,1.5695954197649955,0.018271257905832748,0.05866832862620874,1.0,18/36,26.23%,AKNA;S100A4;TGFBR3;HIF1A;SNAI2;NOTCH4;LIMS1;HMGA2;LOXL3;HEYL;MEF2C;BMP7;SOX9;BMP2;NOG;LEF1;SNAI1;FOXF2
prerank,GO_Biological_Process_2021::cytoplasmic pattern recognition receptor signaling pathway in response to virus (GO:0039528),0.6893995429475914,1.5693547461218487,0.023411371237458192,0.058721393845214104,1.0,8/10,22.67%,DDX58;OAS3;IFIH1;PHB;IRF7;RNF135;TRIM25;PHB2
prerank,GO_Biological_Process_2021::positive regulation of lipid metabolic process (GO:0045834),0.6466445293618195,1.5692053376835184,0.027642276422764227,0.0587280567393752,1.0,10/13,23.14%,APOA5;APOA2;ADIPOQ;SORBS1;CREBL2;APOA1;APOE;SCT;SIRT4;MLXIPL
prerank,GO_Biological_Process_2021::positive regulation of protein metabolic process (GO:0051247),0.45494535770004035,1.5673734003256805,0.008620689655172414,0.0596082654721961,1.0,39/80,23.39%,LILRA2;C4BPB;DDX58;C4BPA;ASB11;NEDD4;CARD9;OAZ2;FOXO1;MTPN;SLC6A9;OAZ3;OAZ1;WFS1;IL23R;PLK2;TNFAIP3;VCP;CSNK2A3;HECW2;LDB1;PAEP;TIPARP;RASGRP1;PRMT1;APOE;BCL10;GBA;SORL1;VIP;HECW1;MAPK7;STX5;SEC22B;KLF4;RILP;RAB1A;RAB7A;NEDD4L
prerank,GO_Biological_Process_2021::negative regulation of I-kappaB kinase/NF-kappaB signaling (GO:0043124),0.5215988728136212,1.566951883775728,0.01911262798634812,0.05976444371508249,1.0,17/34,21.22%,LILRB4;ADIPOQ;RHOH;TREM2;CARD19;PPM1N;TNIP3;NLRP12;TNFAIP3;NLRC3;ZC3H12A;NR1D1;PYCARD;STAT1;TNIP1;CCDC22;CARD8
prerank,GO_Biological_Process_2021::negative regulation of ossification (GO:0030279),0.5980347680893118,1.566535396126367,0.028400597907324365,0.05989368475713205,1.0,10/19,18.84%,ECM1;SRGN;ENPP1;STATH;SMAD6;AHSG;SOST;MEF2C;CCL3;SOX9
prerank,GO_Biological_Process_2021::platelet aggregation (GO:0070527),0.5656727139649688,1.5665045920283787,0.03216374269005848,0.05984210766075923,1.0,13/23,18.56%,VCL;GATA1;CLIC1;MYL9;MYH9;RAP2B;GP1BA;ILK;TLN1;UBASH3B;ACTN1;FERMT3;PLEK
prerank,GO_Biological_Process_2021::regulation of vascular endothelial growth factor production (GO:0010574),0.6199729210865749,1.5661298760408908,0.03048780487804878,0.05991780884053184,1.0,11/15,25.19%,SULF2;C5;HIF1A;SULF1;CCBE1;CYP1B1;GATA4;EIF2AK3;ARNT;CXCL17;RORA
prerank,GO_Biological_Process_2021::positive regulation of vascular endothelial growth factor production (GO:0010575),0.6199729210865749,1.5661298760408908,0.03048780487804878,0.05991780884053184,1.0,11/15,25.19%,SULF2;C5;HIF1A;SULF1;CCBE1;CYP1B1;GATA4;EIF2AK3;ARNT;CXCL17;RORA
prerank,GO_Biological_Process_2021::regulation of short-term neuronal synaptic plasticity (GO:0048172),-0.5528335010343147,-1.565874982178539,0.04103967168262654,0.07512789104171211,1.0,7/13,18.48%,SHISA9;SHISA7;SHISA6;SHISA8;GRIK2;PPFIA3;SYNGR1
prerank,GO_Biological_Process_2021::positive regulation by host of viral transcription (GO:0043923),-0.5179354934660361,-1.5657642889728849,0.03840682788051209,0.07500206345595337,1.0,5/16,10.47%,RRP1B;CTDP1;ZNF639;TAF11;CCNT1
prerank,GO_Biological_Process_2021::regulation of calcium-mediated signaling (GO:0050848),0.5674814180241201,1.5648404372045226,0.025754231052244298,0.06054669875653962,1.0,12/22,22.34%,CMKLR1;CLEC7A;TRAT1;TREM2;GPR143;GBP1;PLCG2;CCL3;BST1;PLEK;CCL4;LRRK2
prerank,GO_Biological_Process_2021::detection of chemical stimulus involved in sensory perception of taste (GO:0050912),-0.4514648386833877,-1.564180060263206,0.03968253968253968,0.07564803519874187,1.0,12/26,11.11%,TAS2R5;TAS2R4;TAS1R3;TAS2R19;PKD2L1;TAS2R31;TAS2R14;TAS2R30;RTP1;RTP2;PKD1L3;TAS2R46
prerank,GO_Biological_Process_2021::adenine nucleotide transport (GO:0051503),-0.5002543315435724,-1.5641176744665053,0.031029619181946404,0.07550276729987651,1.0,8/18,14.57%,CALHM3;LRRC8D;LRRC8A;CALHM1;SLC25A17;LRRC8E;LRRC8C;SLC25A42
prerank,GO_Biological_Process_2021::amino sugar biosynthetic process (GO:0046349),0.6521793290773681,1.5633585053622254,0.037783375314861464,0.06125410281885263,1.0,7/12,23.27%,GFPT2;RENBP;GNPDA1;GFPT1;NAGK;GNPDA2;GNPNAT1
prerank,GO_Biological_Process_2021::positive regulation of protein catabolic process (GO:0045732),0.4621588615904266,1.5631840544921638,0.010725552050473186,0.06127788840596989,1.0,45/71,29.45%,C4BPB;PTTG1IP;C4BPA;ASB11;NEDD4;ADAM8;OAZ2;FOXO1;OAZ3;VPS35;TNFRSF1B;OAZ1;PLK2;TNFAIP3;FURIN;VCP;CSNK2A3;HECW2;TIPARP;APOE;GPLD1;SNX9;SORL1;EZR;VIP;PLK3;RDX;HECW1;SH3D19;STX5;SEC22B;RILP;RAB7A;NEDD4L;MSN;VGLL4;SMURF2;ASB9;SNF8;ATG7;DACT1;VPS28;SMURF1;SNX33;AXIN1
prerank,GO_Biological_Process_2021::cellular response to hypoxia (GO:0071456),0.45896986345701307,1.562848276149589,0.009523809523809525,0.06140018649450274,1.0,37/75,24.24%,FAM162A;BACH1;PTGIS;RGCC;TWIST1;ADAM8;HIF1A;EPO;PMAIP1;HMOX1;CARD16;HP1BP3;AQP1;ZFP36L1;MYC;HIF3A;NDNF;GATA6;FMN2;SLC8A3;PSMF1;PSMD5;HIGD1A;BMP7;STUB1;UBB;ANGPT4;PSMB2;PLK3;PSMA2;ARNT;PSMA8;PSMB4;AQP3;PSMD9;BNIP3L;PGK1
prerank,GO_Biological_Process_2021::negative regulation of endocytosis (GO:0045806),0.5952961342154416,1.5621221703393986,0.029545454545454545,0.061720746618970354,1.0,7/19,11.98%,MCTP1;CD300A;ABCA7;APOC2;LILRB1;APOC1;CAV1
prerank,GO_Biological_Process_2021::regulation of ERBB signaling pathway (GO:1901184),0.6311057438528614,1.5615211747953714,0.033112582781456956,0.06197450574055828,1.0,8/14,22.54%,LGMN;RHBDF2;RHBDF1;EGF;CEACAM1;IFI6;PTPN18;MVB12A
prerank,GO_Biological_Process_2021::7-methylguanosine mRNA capping (GO:0006370),-0.4522695883451673,-1.5607937982425557,0.020168067226890758,0.07680582757380071,1.0,11/27,17.77%,GTF2H3;GTF2H1;POLR2C;POLR2B;GTF2F2;ERCC3;MNAT1;GTF2H5;GTF2F1;CMTR1;GTF2H2
prerank,GO_Biological_Process_2021::7-methylguanosine RNA capping (GO:0009452),-0.4522695883451673,-1.5607937982425557,0.020168067226890758,0.07680582757380071,1.0,11/27,17.77%,GTF2H3;GTF2H1;POLR2C;POLR2B;GTF2F2;ERCC3;MNAT1;GTF2H5;GTF2F1;CMTR1;GTF2H2
prerank,GO_Biological_Process_2021::covalent chromatin modification (GO:0016569),-0.6068952520811053,-1.5598390529406667,0.04798962386511025,0.07709593104694253,1.0,3/10,8.31%,AURKC;HLCS;MT3
prerank,GO_Biological_Process_2021::positive regulation of lipid storage (GO:0010884),0.6122675534574523,1.559722378956968,0.031981279251170044,0.0628885742467048,1.0,11/16,25.90%,LPL;MSR1;OSBPL11;CIDEA;PLIN2;PLIN5;ZC3H12A;SCARB1;EHD1;PLIN3;IKBKE
prerank,GO_Biological_Process_2021::cardiac left ventricle morphogenesis (GO:0003214),0.6852290939986454,1.5596378937883042,0.038623005877413935,0.06287291946655993,1.0,7/10,26.38%,SFRP2;TGFBR2;TBX5;CPE;RYR2;SMAD4;FOXF1
prerank,GO_Biological_Process_2021::negative regulation of insulin receptor signaling pathway (GO:0046627),0.5891512750515268,1.5592541990938602,0.031013615733736764,0.06301104025358137,1.0,11/19,23.79%,PID1;ENPP1;AHSG;TNS2;NCK1;PTPRE;PTPN1;GRB7;SOCS1;PTPN2;TSC2
prerank,GO_Biological_Process_2021::regulation of transmembrane receptor protein serine/threonine kinase signaling pathway (GO:0090092),0.5522394183162217,1.5591541279276346,0.028118240807498196,0.06299956766271847,1.0,17/25,25.95%,NREP;ZNF703;FSTL1;TGFBR3;SFRP4;LTBP4;FST;SMAD3;ITGA3;TFAP2B;DKK3;XIAP;SMAD2;SMURF2;LATS2;SMAD4;FSTL3
prerank,GO_Biological_Process_2021::heterotypic cell-cell adhesion (GO:0034113),0.5734088982040239,1.558933558729472,0.03160270880361174,0.06306241912187538,1.0,13/21,19.57%,LILRB2;PARVA;CD1D;NINJ1;VCAM1;ITGAX;MADCAM1;ITGAD;DSP;ITGB7;CD200R1;JUP;DSG2
prerank,GO_Biological_Process_2021::positive regulation of catabolic process (GO:0009896),0.4785709097881219,1.5585238145509304,0.010396361273554255,0.0631993538403933,1.0,26/54,23.39%,APOA5;APOA2;C4BPB;C4BPA;ASB11;NEDD4;OAZ2;FOXO1;OAZ3;OAZ1;ACTN3;PLK2;TNFAIP3;VCP;CSNK2A3;HECW2;TIPARP;SORL1;VIP;SCT;HECW1;STX5;SEC22B;RILP;RAB7A;NEDD4L
prerank,GO_Biological_Process_2021::positive regulation of neuron apoptotic process (GO:0043525),0.6129673548503981,1.5581838150756342,0.03415409054805401,0.06330185720596412,1.0,12/15,27.15%,NUPR1;FOXO3;TYROBP;GRN;TFAP2A;CCL3;TFAP2B;CDK5R1;FBXW7;DDIT3;BAX;PRNP
prerank,GO_Biological_Process_2021::regulation of immunoglobulin production (GO:0002637),0.6188348262586257,1.5575806070473486,0.03651903651903652,0.06355172496595755,1.0,11/15,22.92%,SASH3;IL2;RBP4;GPI;PHB;XBP1;FCRL3;STX4;DNAJB9;PHB2;VAMP3
prerank,GO_Biological_Process_2021::diol metabolic process (GO:0034311),0.6287947371370297,1.5574853441080658,0.030604437643458302,0.06353174873351616,1.0,11/15,28.07%,GCHFR;PRKG2;SPHK1;GCH1;NAAA;SGPP2;ASAH2;SPHK2;DEGS2;PLPP3;PLPP1
prerank,GO_Biological_Process_2021::positive regulation of oxidoreductase activity (GO:0051353),0.6412062594096124,1.5566233032522574,0.03467297084318361,0.06393128978621403,1.0,9/13,25.49%,EDN1;EDN2;ABL2;EDN3;RFK;ATP7A;POR;FXN;SIRT3
prerank,GO_Biological_Process_2021::regulation of ATP biosynthetic process (GO:2001169),0.6682679044575194,1.5565105567785409,0.03766025641025641,0.06391572851016968,1.0,5/11,15.44%,PID1;TMSB4X;TREM2;PPARGC1A;VCP
prerank,GO_Biological_Process_2021::negative regulation of supramolecular fiber organization (GO:1902904),0.4678051922598576,1.5554622658614312,0.011845386533665835,0.06441957212110562,1.0,27/61,24.54%,KANK3;PLEKHH2;EMILIN1;CORO1A;MYADM;PFDN5;CAV3;CDH5;TREM2;LDLR;SPEF1;SLIT2;TWF2;FGF13;IAPP;SSH1;CAMSAP3;APOE;LIMA1;ARPIN;SHANK3;STMN2;PFDN2;TWF1;PFDN1;ARFGEF1;NAV3
prerank,GO_Biological_Process_2021::keratinocyte differentiation (GO:0030216),0.5207205443791225,1.555091618953663,0.027045300878972278,0.06456939321592571,1.0,23/34,27.16%,SPRR3;TGM3;SPRR1A;CSTA;S100A7;SPRR1B;IVL;ANXA1;DSP;CERS3;CDSN;OPN3;SCEL;SPRR2A;EVPL;JAG1;ASAH1;TGM1;ACER1;SPRR2B;EXPH5;TXNIP;CLIC4
prerank,MSigDB_Hallmark_2020::Mitotic Spindle,-0.31658717730279934,-1.553807852523268,0.0,0.07994955572073593,1.0,48/181,12.54%,KIF15;ALMS1;KIF20B;PRC1;NUSAP1;KNTC1;SMC4;RFC1;KIF4A;CEP192;KIF3B;CENPF;CNTROB;TPX2;SMC3;RACGAP1;DLGAP5;KIF22;SASS6;SMC1A;ANLN;MARK4;CEP131;CLASP1;CDC27;CKAP5;KIF2C;CENPJ;NDC80;TUBGCP6;CDK5RAP2;NUMA1;CCNB2;MAP1S;CENPE;TBCD;APC;ECT2;NEK2;DOCK4;CEP250;KLC1;RAPGEF5;PIF1;RANBP9;PCM1;KIF1B;PCGF5
prerank,GO_Biological_Process_2021::ERK1 and ERK2 cascade (GO:0070371),0.6406740610264816,1.5525423178904736,0.03631961259079903,0.06590628442438165,1.0,10/13,22.79%,CTSH;APOA1;ZFP36L1;EGF;MYC;FGF10;LGALS9;SOX9;SULT1A3;AVP
prerank,GO_Biological_Process_2021::regulation of gluconeogenesis (GO:0006111),0.5746705507197483,1.5525094917353093,0.032,0.06585218953190057,1.0,6/21,9.82%,C1QTNF3;ADIPOQ;NNMT;GCK;FBP1;PPARGC1A
prerank,GO_Biological_Process_2021::NAD biosynthetic process (GO:0009435),0.6126554894517148,1.5524322387360845,0.03260869565217391,0.0658246224820257,1.0,9/16,27.60%,PTGIS;NNMT;PARP9;NMNAT2;KYNU;QPRT;PARP16;NAPRT;NUDT12
prerank,GO_Biological_Process_2021::histone H2B ubiquitination (GO:0033523),-0.6026372780645333,-1.5520557951846108,0.04119850187265917,0.08062670040679688,1.0,4/10,11.71%,PAF1;RNF8;RNF20;RNF40
prerank,GO_Biological_Process_2021::regulation of smooth muscle cell migration (GO:0014910),0.6753822878796883,1.5515994683128362,0.03661513425549227,0.0662155655778135,1.0,7/10,13.85%,IGFBP5;CCL5;S100A11;IGFBP3;TRIB1;VTN;SLIT2
prerank,GO_Biological_Process_2021::positive regulation of production of molecular mediator of immune response (GO:0002702),0.5449334657740339,1.5508368731685325,0.03413217138707335,0.06655085475286347,1.0,17/26,23.25%,SASH3;PTPN22;LAPTM5;SCIMP;IL2;RBP4;GPI;XCL1;PHB;XBP1;F2RL1;SLC7A5;STX4;DNAJB9;PHB2;VAMP3;SPHK2
prerank,GO_Biological_Process_2021::phosphate-containing compound metabolic process (GO:0006796),0.4168050943610845,1.5502680449530637,0.002188183807439825,0.06678380420480087,1.0,75/168,24.96%,ACP2;PLBD1;NUDT4;DUSP23;DUSP15;PFKM;NUDT3;FBP2;ENPP1;LPL;HKDC1;GCK;NUDT10;HDHD2;ALOX15B;FBP1;CLN8;ALPL;GK;PLA2G2D;HK3;PLA2G3;PAK1;GPI;TNFAIP8L3;PFKP;LCAT;PLPPR2;DUSP18;GFPT2;PFKFB3;LIMK2;DUSP5;SPHK1;PFKL;PLA2G2F;PLCG2;PTEN;PLB1;PLA2G15;PLD4;PDXP;HK2;DUSP12;PANK2;ALDOB;PLCG1;MIOX;PPA2;PLA2G4E;PLA2G4D;GFPT1;ALDOC;PLA2G4B;PPP1CA;DUSP10;PLCZ1;G6PD;DUSP8;PGM2L1;PLCE1;LPCAT4;XYLB;ALDOA;LRRK2;HK1;SPHK2;PPA1;ISYNA1;PGK1;DUSP28;PFKFB2;LHPP;ITPKA;CERK
prerank,GO_Biological_Process_2021::fatty acid derivative biosynthetic process (GO:1901570),0.5186344949015065,1.550197611196566,0.02206405693950178,0.06675115540405738,1.0,17/34,22.18%,LTC4S;GGT6;HPGD;GGT5;PPT2;PAM;PPT1;AWAT2;GGT7;ALOX12;AWAT1;GGTLC3;GGT2;GGT1;ACSS3;HMGCS2;HMGCLL1
prerank,GO_Biological_Process_2021::intracellular sterol transport (GO:0032366),0.6625863125526013,1.549932981821623,0.04296545914069082,0.06683574873061544,1.0,6/11,21.00%,NPC2;ARV1;STARD4;NPC1;STAR;ABCG1
prerank,GO_Biological_Process_2021::DNA alkylation (GO:0006305),-0.5151652520743514,-1.5498675465093261,0.046898638426626324,0.08139168995641954,1.0,9/17,22.77%,TEX15;BEND3;ATRX;EHMT1;DMAP1;ATF7IP;BAZ2A;GATAD2A;HELLS
prerank,GO_Biological_Process_2021::DNA methylation or demethylation (GO:0044728),-0.5151652520743514,-1.5498675465093261,0.046898638426626324,0.08139168995641954,1.0,9/17,22.77%,TEX15;BEND3;ATRX;EHMT1;DMAP1;ATF7IP;BAZ2A;GATAD2A;HELLS
prerank,GO_Biological_Process_2021::ruffle organization (GO:0031529),0.6098502322402033,1.5495913912860524,0.043644716692189896,0.06695585432656138,1.0,10/15,23.13%,CCL21;CCR7;TPM1;AIF1;CYFIP1;CORO1B;PLEK;LIMA1;ARF6;PLEKHA1
prerank,GO_Biological_Process_2021::polarized epithelial cell differentiation (GO:0030859),0.6237578020700224,1.5493574410350515,0.031446540880503145,0.06701645659333087,1.0,11/14,29.78%,ZDHHC7;SH3BP1;CAMSAP3;RHOA;OPHN1;EZR;CDC42;MSN;RAB10;MYO9A;RAP2A
prerank,GO_Biological_Process_2021::positive regulation of signal transduction (GO:0009967),0.4145478847962985,1.549228713425297,0.001081081081081081,0.06702507738880314,1.0,74/180,21.09%,SMOC2;TXNDC15;TM2D3;EMP2;LIMS2;SULF2;LY86;ATP6V1C2;CD180;CLEC6A;F7;PTGIS;ESM1;ADIPOQ;ADAMTS3;RAB34;DMTN;SCIMP;GH1;IL7;SLC2A4;SORBS1;TREM2;HIF1A;YAP1;SNX5;SULF1;DSTYK;CCBE1;NOTCH4;MYO1C;SLC39A14;BMP6;VPS35;TSPAN14;BMP2K;GHRL;LIMS1;PHB;ATP6AP2;LOXL3;VTN;XBP1;GATA3;FAS;PTEN;BDNF;ILK;IL7R;TNFAIP3;CD226;DCDC2;PRKD2;NPTN;CRLF2;NTF3;GLI1;DLG4;BAK1;ROBO1;PKD2;RWDD3;CYP27B1;ATP6V0C;SASH1;MN1;SHANK3;HAP1;TRAF7;BMP2;SORL1;RELN;JAG1;ARNT
prerank,GO_Biological_Process_2021::microtubule nucleation (GO:0007020),-0.47995633092793505,-1.5484381757685346,0.03458646616541353,0.08193739063089528,1.0,10/20,17.09%,TPX2;CLASP1;CENPJ;TUBGCP6;NDE1;TUBG2;RANBP9;AKAP9;TUBG1;CLASP2
prerank,GO_Biological_Process_2021::IRE1-mediated unfolded protein response (GO:0036498),0.4767083736928308,1.5477216390986288,0.017105263157894738,0.06778292267192243,1.0,24/52,22.55%,MYDGF;KDELR3;FKBP14;PDIA5;SHC1;SSR1;SERP1;XBP1;WFS1;ADD1;DNAJC3;TLN1;HSPA5;ATP6V0D1;DNAJB11;GFPT1;PLA2G4B;EDEM1;SULT1A3;PDIA6;PARP16;ERN2;VAPB;DNAJB9
prerank,GO_Biological_Process_2021::acylglycerol catabolic process (GO:0046464),0.5394659507706288,1.5474837748284764,0.03427719821162444,0.06785813830802703,1.0,9/26,17.19%,PNPLA5;APOA5;APOA2;LPL;LIPC;FABP4;ABHD2;FABP2;FABP5
prerank,GO_Biological_Process_2021::peptide hormone secretion (GO:0030072),0.5539400165651904,1.547275685318859,0.032577903682719546,0.06788933792050449,1.0,18/24,28.19%,EDN1;LTBP4;EXOC3L1;GHRL;ADCYAP1;ANXA1;EDN3;FAM3B;VIP;SNX19;FFAR4;RAB1A;NEUROD1;CRHR1;SLC30A8;GHRH;CYB5R4;RIMS2
prerank,GO_Biological_Process_2021::cardiac muscle cell contraction (GO:0086003),-0.5490832958335073,-1.5471482634293876,0.05807365439093484,0.08243452923757018,1.0,6/13,14.96%,SCN2B;SCN3B;SCN1B;CACNA2D1;KCNJ2;PKP2
prerank,GO_Biological_Process_2021::cardiac myofibril assembly (GO:0055003),0.6591701941771982,1.5470947732284979,0.03236514522821577,0.0679152561264378,1.0,9/12,22.46%,ACTC1;NEB;MYLK3;FHOD3;TTN;CSRP3;TCAP;OBSL1;NEBL
prerank,GO_Biological_Process_2021::positive regulation of protein binding (GO:0032092),0.4946572849776233,1.5467387484008464,0.022457067371202115,0.06805834670604152,1.0,23/44,24.40%,SPPL3;ADD2;CLDN5;CSF3;CAV1;BAMBI;VTN;HFE;BMP4;BDNF;B2M;ADD1;RALB;RIPK2;EPB41;TRIB3;APOE;BMP2;FLOT1;STK4;LRRK2;DTX3L;DERL1
prerank,GO_Biological_Process_2021::regulation of leukocyte chemotaxis (GO:0002688),0.6264214067871928,1.546372609595909,0.036334913112164295,0.0681902063730822,1.0,8/14,18.65%,ZNF580;F7;XCL1;SLIT2;EDN2;F2RL1;PRSS56;EDN3
prerank,GO_Biological_Process_2021::positive regulation of cytosolic calcium ion concentration involved in phospholipase C-activating G protein-coupled signaling pathway (GO:0051482),0.5744690688067893,1.5448501378595787,0.03172205438066465,0.06899455636547995,1.0,13/20,26.32%,GPR65;C3AR1;GPR4;GPR157;F2RL1;LPAR6;F2RL2;GPR35;GPR18;LPAR4;LPAR1;GRM1;GNA15
prerank,GO_Biological_Process_2021::regulation of lymphocyte migration (GO:2000401),0.6772570421253965,1.544715385668712,0.04050632911392405,0.06899739131214848,1.0,8/10,25.25%,ADTRP;STK10;JAM2;CCR6;SPN;WASL;SLC8B1;MSN
prerank,GO_Biological_Process_2021::regulation of establishment of protein localization to telomere (GO:0070203),0.6546819826821014,1.543542430563978,0.03805668016194332,0.06957611278973383,1.0,8/11,27.37%,TCP1;CCT8;CCT6A;CCT4;DKC1;CCT5;CCT2;CCT3
prerank,GO_Biological_Process_2021::positive regulation of triglyceride metabolic process (GO:0090208),0.5963414165692332,1.5422457023344376,0.032507739938080496,0.07028733679442634,1.0,11/16,24.68%,APOA5;APOC2;LDLR;ABHD5;APOA1;PLIN5;CNEP1R1;GPLD1;SCARB1;MFSD2A;PNPLA2
prerank,GO_Biological_Process_2021::regulation of protein catabolic process (GO:0042176),0.4522993127760406,1.5421529799803795,0.008089607965152458,0.07027172386668724,1.0,37/80,23.39%,EEF1A1;C4BPB;C4BPA;AGAP2;ASB11;NEDD4;OAZ2;AZIN2;FOXO1;CTSA;OAZ3;AZIN1;PHB;OAZ1;FMN2;PLK2;TNFAIP3;FURIN;RAB26;VCP;TMEM9;CSNK2A3;HECW2;SNX12;GFAP;IRAK3;TIPARP;ADGRB1;SNX3;SORL1;VIP;HECW1;STX5;SEC22B;RILP;RAB7A;NEDD4L
prerank,GO_Biological_Process_2021::positive regulation of G2/M transition of mitotic cell cycle (GO:0010971),-0.5310999159866827,-1.5420476282206803,0.05763688760806916,0.0849755596433789,1.0,4/14,11.23%,RAD51C;DBF4B;RCC2;CDC25B
prerank,GO_Biological_Process_2021::negative regulation of JNK cascade (GO:0046329),0.5267317990997723,1.5409879815809475,0.03656821378340366,0.07085039945255715,1.0,11/29,20.10%,AIDA;PTPN22;AMBP;SERPINB3;PDCD4;SIRPA;F2RL1;KLHL31;NCOR1;TAOK3;DUSP10
prerank,"GO_Biological_Process_2021::Wnt signaling pathway, calcium modulating pathway (GO:0007223)",-0.4311111824727878,-1.54097478875427,0.020134228187919462,0.08533973854748922,1.0,16/31,25.66%,PDE6B;PLCB2;FZD3;AGO3;NLK;AGO1;AGO4;PLCB3;PPP3CB;MOV10;TNRC6A;FZD6;TNRC6C;WNT11;PLCB1;PPP3R1
prerank,GO_Biological_Process_2021::regulation of cell development (GO:0060284),0.5183308984132576,1.5404808713169147,0.043072505384063174,0.07107034144976343,1.0,11/31,15.74%,SLAMF8;SIGLEC15;HELT;YAP1;FOXO1;CX3CR1;GRN;ARNTL;PER2;HEYL;ADGRA2
prerank,GO_Biological_Process_2021::cellular response to nitrogen compound (GO:1901699),-0.5298486026874982,-1.5404653550083514,0.0481283422459893,0.08538283168911164,1.0,8/14,32.14%,ATRX;SPIDR;BLM;ATP2B4;DDI2;NSMCE3;FMR1;RIOK3
prerank,GO_Biological_Process_2021::negative regulation of cellular component movement (GO:0051271),0.6170242761735492,1.5401685487829337,0.04257028112449799,0.07118453697803044,1.0,12/14,29.58%,FBLN1;WAS;TGFBR3;GATA3;PKHD1;ACTN1;CD9;CRK;SPOCK3;CCDC125;PIN1;SP100
prerank,GO_Biological_Process_2021::phosphatidylcholine acyl-chain remodeling (GO:0036151),0.5553233474616043,1.5398242797066013,0.03406510219530658,0.07130261895915103,1.0,12/22,22.72%,PLBD1;PLA2G2D;PLA2G3;PLA2G1B;PLA2G2F;PLB1;PLA2G4E;PLA2G4D;PLA2G4B;LPCAT4;DBI;PLA2G6
prerank,GO_Biological_Process_2021::negative regulation of natural killer cell mediated immunity (GO:0002716),0.6773472563735071,1.5394798172236166,0.044962531223980015,0.07142148501409823,1.0,7/10,19.71%,KIR2DL4;LILRB1;KLRD1;ARRB2;CLEC12B;LGALS9;MICA
prerank,GO_Biological_Process_2021::negative regulation of cell cycle G1/S phase transition (GO:1902807),0.5286885583610578,1.5392741555350353,0.03672316384180791,0.07146035571849108,1.0,11/28,20.06%,SLFN11;FAM107A;ZNF655;CDK2AP2;KANK2;FHL1;PTEN;PRMT2;PKD2;GFI1B;CDKN1A
prerank,GO_Biological_Process_2021::circulatory system development (GO:0072359),0.43736903807436184,1.539216145996219,0.0077937649880095924,0.071414854824191,1.0,44/94,24.29%,OSR1;CRIP1;ADAP2;TCF21;FBN1;CDH5;HSPG2;PDLIM7;RBP4;PDLIM1;SOX18;APELA;PDLIM5;NOTCH4;ALPK3;HEG1;PDLIM3;FOXC2;PDLIM2;HAND2;PTEN;TGFBR2;MEF2C;TCF25;CACYBP;TDGF1;TBX5;MICAL2;PDLIM4;PKD2;SOX9;GLI2;CDKN1A;BMP2;ID2;PLCE1;STRA6;FBXW7;WDR11;TBX1;HEY1;TSC2;SH3PXD2B;AKAP13
prerank,GO_Biological_Process_2021::regulation of steroid metabolic process (GO:0019218),0.5952519452502232,1.539116711367145,0.037576687116564415,0.07140590227720006,1.0,11/18,21.70%,TTC39B;ARV1;UGT1A1;ACADL;PANK2;STAR;STUB1;APOE;GNB3;ABCG1;ASAH1
prerank,GO_Biological_Process_2021::mRNA transport (GO:0051028),-0.3436026232359457,-1.5387127711457869,0.007142857142857143,0.08614548749258225,1.0,32/99,21.02%,CASC3;NUP205;DHX38;POM121;NUP133;NUP188;KIF5C;NUP35;CPSF2;NUP37;U2AF1;UPF1;DDX25;AAAS;NUP160;MCM3AP;NUP43;SMG5;CPSF3;MAGOHB;SARNP;CPSF1;POM121C;NDC1;POLDIP3;CHTOP;SMG7;CPSF4;U2AF2;DDX19B;SMG6;THOC6
prerank,GO_Biological_Process_2021::regulation of signal transduction (GO:0009966),0.4122741738194087,1.5383840875473216,0.002738225629791895,0.07176677056360345,1.0,85/165,25.48%,ELF1;ZDHHC7;PIGBOS1;TMEM204;IGFBP6;IGFBP5;IGFBP4;IGFBP7;IGFBP2;ADIPOQ;CAV3;PXN;IGFBP1;IGFBP3;CD177;TREM2;FOXP3;IRAK2;SULF1;KAZALD1;ALOX15;CSK;CD36;RGS5;ADCYAP1;WWTR1;NCK1;CD46;CDC42SE2;CD24;RGS8;GATA3;NCK2;RGS4;NLRP12;PLSCR1;ILK;SOCS2;GDF5;KIF26A;DCDC2;SLC8A3;CD55;MDFIC;GRK5;TDGF1;DTNBP1;UBASH3B;TIMP1;DYNLT1;TRIM5;LIFR;DTX1;IL3;GLI1;RUNX1;BST1;ITGA3;PTPN1;RGS6;YJEFN3;SYNJ2BP;FUT7;SNX3;NUP62;PLCE1;PTPN2;MAPK8IP2;GNG4;MTCH1;LRRK2;RGS14;WDR11;ZDHHC3;DHRS3;TSPAN12;TSC2;CRK;RGS20;PTCH1;TSPAN15;CBFB;RORA;GRK6;RGS2
prerank,GO_Biological_Process_2021::positive regulation of ATP metabolic process (GO:1903580),0.5667741016747773,1.5382492320510217,0.0363232023721275,0.07177233063264708,1.0,9/21,15.44%,PID1;TMSB4X;NUPR1;TREM2;HIF1A;PPARGC1A;PFKFB3;ACTN3;VCP
prerank,GO_Biological_Process_2021::oligosaccharide-lipid intermediate biosynthetic process (GO:0006490),-0.5520350170840327,-1.5376799344374228,0.05929919137466307,0.08651375812825468,1.0,6/13,13.43%,SRD5A3;DPAGT1;ALG1;ALG14;ALG2;ALG11
prerank,GO_Biological_Process_2021::regulation of mitotic spindle assembly (GO:1901673),0.6086462817395742,1.537165444455925,0.03918495297805643,0.07230097964676806,1.0,12/16,26.84%,EML3;CHMP4C;CHMP3;CHMP2B;CHMP4B;PDCD6IP;HNRNPU;CHMP1B;CHMP1A;CCSAP;CHMP2A;VPS4B
prerank,GO_Biological_Process_2021::iron ion transmembrane transport (GO:0034755),0.669817324364292,1.53701302389033,0.035803497085761866,0.07232131509669631,1.0,4/10,14.08%,SCARA5;SLC40A1;SLC39A14;SLC11A2
prerank,GO_Biological_Process_2021::mRNA modification (GO:0016556),-0.47098307735662276,-1.5364473128084533,0.035398230088495575,0.08695546411821901,1.0,11/21,20.50%,TRUB2;TRMT61B;TRMT61A;RPUSD2;TRUB1;NSUN2;PUS1;TRMT6;CMTR1;METTL3;PUS3
prerank,GO_Biological_Process_2021::actin nucleation (GO:0045010),0.5751663539731606,1.5363323305194925,0.042081101759755164,0.07262509279458808,1.0,13/19,28.18%,LMOD1;SCIN;SPIRE2;ACTR2;JMY;IQGAP2;ARPC1B;ARPC2;ACTR3;WHAMM;MAGEL2;ARPC4;ARPC3
prerank,GO_Biological_Process_2021::proteoglycan biosynthetic process (GO:0030166),-0.4370465839247724,-1.535844066912957,0.034782608695652174,0.08705701995949543,1.0,12/29,11.75%,CHST8;CHST9;HS3ST3B1;NDST3;GAL3ST3;CHST10;B3GALT6;B4GALT7;B3GAT3;FAM20B;GLCE;EXTL3
prerank,GO_Biological_Process_2021::protein localization to cell surface (GO:0034394),0.5604558584859112,1.5356852049819605,0.02952029520295203,0.0729328357983263,1.0,10/24,15.33%,EMP2;FBLN5;VCL;CD177;FCN1;FGF7;GGA2;GPIHBP1;FGF10;GGA1
prerank,GO_Biological_Process_2021::positive regulation of mitotic nuclear division (GO:0045840),-0.47258436641284907,-1.5355908789491373,0.030944625407166124,0.08698827048671749,1.0,10/23,12.42%,NUSAP1;ANAPC7;CDC23;ANAPC5;CDC16;DLGAP5;ANAPC11;CDC27;ANAPC4;NSMCE2
prerank,GO_Biological_Process_2021::detection of bacterium (GO:0016045),0.6742718946642721,1.5351858211100764,0.04514480408858603,0.07315838759292043,1.0,7/10,22.99%,SSC5D;CD1D;NLRC4;NAIP;NOD1;HLA-A;HLA-B
prerank,GO_Biological_Process_2021::UDP-N-acetylglucosamine biosynthetic process (GO:0006048),0.6524175486062569,1.5349452665904686,0.04384485666104553,0.07322256623855249,1.0,7/11,23.27%,GFPT2;RENBP;GNPDA1;GFPT1;NAGK;GNPDA2;GNPNAT1
prerank,GO_Biological_Process_2021::regulation of long-term synaptic potentiation (GO:1900271),0.5611466993339117,1.5346777238583496,0.031781226903178125,0.07331204685291211,1.0,11/22,20.59%,FAM107A;LILRB2;CALB1;LGMN;TYROBP;SCGN;CALB2;ARC;APOE;SHANK3;RELN
prerank,GO_Biological_Process_2021::positive regulation of alpha-beta T cell proliferation (GO:0046641),0.6754240127040675,1.5346655981713306,0.043910521955260975,0.07324635544909605,1.0,9/10,24.79%,PTPN22;RASAL3;XCL1;TGFBR2;CD55;EBI3;LGALS9;HLA-A;CD81
prerank,GO_Biological_Process_2021::membrane repolarization (GO:0086009),-0.5764903917823392,-1.5344322410585645,0.05289052890528905,0.08746103898055631,1.0,5/11,12.54%,KCND3;KCNIP2;KCNE1B;KCNJ2;KCNE3
prerank,GO_Biological_Process_2021::stem cell development (GO:0048864),-0.5220428779649955,-1.5341196804073958,0.038028169014084505,0.08742665321549677,1.0,8/16,13.45%,SOX8;SOX11;TAPT1;NOLC1;WNT7A;FAM172A;PEF1;SHH
prerank,GO_Biological_Process_2021::regulation of transforming growth factor beta receptor signaling pathway (GO:0017015),0.4484553312384482,1.5335518903519576,0.014732965009208104,0.07379148498627423,1.0,33/82,22.89%,HTRA3;NREP;EMILIN1;ZNF703;ASPN;VASN;TGFB1I1;THBS1;TGFBR3;CIDEA;SMAD6;LTBP4;ADAMTSL2;SMAD3;CD109;SPRY1;CAV1;BAMBI;SLC2A10;PRDM16;SNX6;TGFBR2;IL17RD;DAB2;ITGA3;STUB1;DKK3;SNX25;UBB;SDCBP;SKIL;PMEPA1;SKI
prerank,GO_Biological_Process_2021::positive regulation of monocyte chemotaxis (GO:0090026),0.6359871862568999,1.5329917242307904,0.05739692805173808,0.07404035520418481,1.0,7/12,9.85%,FPR2;S100A14;LGMN;CCL5;S100A7;AIF1;CCL1
prerank,GO_Biological_Process_2021::morphogenesis of an epithelium (GO:0002009),-0.443237098619362,-1.5329633960949294,0.04159733777038269,0.08785588932631666,1.0,10/28,12.30%,LIN7C;SOX8;WNT10A;KRT6A;ACTB;AHI1;TBX18;KRT12;SOX10;FLG2
prerank,GO_Biological_Process_2021::negative regulation of leukocyte chemotaxis (GO:0002689),0.6778956076299084,1.5329570811052875,0.044763513513513514,0.07398678439597063,1.0,8/10,16.51%,SLAMF8;DDT;RIN3;C5;NBL1;SLIT2;STAP1;DUSP1
prerank,GO_Biological_Process_2021::histone ubiquitination (GO:0016574),-0.4648542050097463,-1.5325765280133736,0.04393939393939394,0.08787579098301164,1.0,10/21,22.50%,PAF1;RNF8;RNF20;ATXN7L3;USP22;RNF40;RAG1;HUWE1;CDC73;UHRF1
prerank,GO_Biological_Process_2021::rRNA catabolic process (GO:0016075),-0.5192591206658534,-1.5323627027262612,0.05491329479768786,0.08780264428846228,1.0,10/16,15.60%,EXOSC10;EXOSC2;EXOSC9;EXOSC4;EXOSC5;DIS3L;EXOSC3;EXOSC7;EXOSC8;PELO
prerank,GO_Biological_Process_2021::homotypic cell-cell adhesion (GO:0034109),0.5212833068204964,1.531614292068235,0.03036723163841808,0.07471926113289296,1.0,14/30,18.56%,XG;VCL;GATA1;CLIC1;MYL9;MYH9;RAP2B;GP1BA;ILK;TLN1;UBASH3B;ACTN1;FERMT3;PLEK
prerank,GO_Biological_Process_2021::regulation of epithelial cell proliferation (GO:0050678),0.4574808917436792,1.5314760487464079,0.013447432762836185,0.07472728954562773,1.0,34/70,21.71%,GPX1;OSR1;NR4A3;TGFBR3;NUPR1;LEP;HYAL1;YAP1;BMP6;LIMS1;GRN;FGF16;SFRP2;ZFP36L1;MYC;SCN5A;BMP4;FGF7;EPGN;B2M;FGF10;SGPP2;GDF5;NLRC3;FGF9;SOX2;PKHD1;SOX9;NR1D1;DUSP10;IL26;RUNX3;FGF18;NR4A1
prerank,GO_Biological_Process_2021::positive regulation of cell-substrate junction organization (GO:0150117),0.5866308870626764,1.5309386506790845,0.042868277474668745,0.07498277278771923,1.0,7/17,12.27%,MYOC;THY1;PPM1F;HRG;COL16A1;FERMT2;LIMS1
prerank,GO_Biological_Process_2021::triglyceride catabolic process (GO:0019433),0.5896659284831479,1.5307175359554706,0.03904382470119522,0.07502431930098287,1.0,7/17,17.19%,PNPLA5;APOA5;LPL;LIPC;FABP4;FABP2;FABP5
prerank,GO_Biological_Process_2021::cortical actin cytoskeleton organization (GO:0030866),0.6024161541735078,1.5302195566340695,0.0432,0.07525327420000416,1.0,10/16,21.32%,FHOD3;FMNL1;NCKAP1L;LCP1;NCKAP1;FMNL3;RAB13;RHOQ;PLEK;ARF6
prerank,GO_Biological_Process_2021::negative regulation of small molecule metabolic process (GO:0062014),0.6155545122624397,1.5294774251021388,0.038580246913580245,0.07560159589704947,1.0,5/14,18.26%,C1QTNF3;ADIPOQ;GCK;SOGA1;NCOR1
prerank,GO_Biological_Process_2021::prostaglandin biosynthetic process (GO:0001516),0.6547726599621615,1.5293979273735279,0.04709840201850295,0.0755805185394591,1.0,6/11,16.49%,PTGES;PTGIS;HPGDS;EDN1;EDN2;PTGES3
prerank,GO_Biological_Process_2021::regulation of cellular amino acid metabolic process (GO:0006521),0.5848109829083278,1.5290491819633842,0.041353383458646614,0.07568058099124522,1.0,11/18,23.04%,OAZ2;OAZ3;AZIN1;OAZ1;PSMF1;PSMD5;PSMB2;PSMA2;PSMA8;PSMB4;PSMD9
prerank,GO_Biological_Process_2021::negative regulation of cation transmembrane transport (GO:1904063),0.6134701556469911,1.5286641031892363,0.049639711769415534,0.07582913106194676,1.0,7/14,17.13%,SLC43A2;SLC43A1;CAV3;PPIF;EPO;CAV1;COMMD1
prerank,GO_Biological_Process_2021::negative regulation of cell-matrix adhesion (GO:0001953),0.540368392992089,1.5286430329686764,0.035025017869907075,0.0757637587795426,1.0,13/26,22.69%,FAM107A;MYOC;THBS1;DMTN;CORO1C;PTEN;ARHGAP6;DLC1;APOD;AJAP1;PHLDB2;JAG1;CASK
prerank,GO_Biological_Process_2021::cytosolic transport (GO:0016482),0.4281801521784128,1.5282845995617969,0.006940427993059572,0.07592244350864939,1.0,54/106,27.75%,EMP2;SNX32;LAPTM5;TMEM87A;TBC1D10C;SNX5;EHD3;VPS26A;CLN5;VPS35;AP4M1;CLN3;HOOK1;SNX2;SNX6;GGA1;VPS26B;SNX1;DENND2A;LAMP1;VPS29;TBC1D5;CLTC;LMTK2;CCDC91;EPS15;CLTCL1;KIF16B;AP2A1;RAB29;STX5;RILP;VAMP3;RAB9B;RAB5A;RAB7A;EEA1;VTI1A;STX8;BECN1;HEATR5A;PLEKHJ1;RAB9A;RAB6A;GAK;SORT1;RAB14;RGP1;MAGEL2;STX16;ANKRD27;GOSR1;SNF8;RIC1
prerank,GO_Biological_Process_2021::anterior/posterior pattern specification (GO:0009952),-0.380204220999245,-1.5281635330644585,0.008130081300813009,0.0899079744305391,1.0,15/52,9.45%,SIX2;HOXD9;HOXC6;HOXC9;HOXA6;HES6;HOXC4;HOXD4;HOXC5;HOXA7;HOXB7;CDX2;HOXB6;CELSR2;HOXB4
prerank,GO_Biological_Process_2021::branched-chain amino acid metabolic process (GO:0009081),-0.4755097622889703,-1.5280116964375776,0.04682779456193353,0.08958802005588451,1.0,8/20,18.22%,MCCC1;IVD;HIBCH;MCCC2;ALDH6A1;HIBADH;AUH;ECHS1
prerank,GO_Biological_Process_2021::branched-chain amino acid catabolic process (GO:0009083),-0.4755097622889703,-1.5280116964375776,0.04682779456193353,0.08958802005588451,1.0,8/20,18.22%,MCCC1;IVD;HIBCH;MCCC2;ALDH6A1;HIBADH;AUH;ECHS1
prerank,"GO_Biological_Process_2021::positive regulation of DNA-templated transcription, elongation (GO:0032786)",-0.4797509232011515,-1.5276760706249608,0.05511811023622047,0.08958952296229739,1.0,10/22,21.23%,TCERG1;SUPT6H;CCNT2;SUPT16H;CCNT1;CCNK;KAT7;EAPP;SCAF8;CDC73
prerank,GO_Biological_Process_2021::triglyceride metabolic process (GO:0006641),0.4850779440630108,1.5275668808125282,0.02455661664392906,0.07628648897590826,1.0,14/43,13.56%,PNPLA5;APOA5;CETP;APOA2;LPL;LIPC;CAV3;FABP4;APOBR;GK;APOC1;CAV1;APOH;FABP2
prerank,GO_Biological_Process_2021::regulation of ossification (GO:0030278),0.5320852285600828,1.527053978601653,0.023487544483985764,0.07652931350419258,1.0,18/28,28.75%,ECM1;ENPP1;TWIST1;SMAD6;AHSG;BMP2K;SOST;BMP4;MEF2C;SOX9;CYP27B1;BMP2;SGMS2;ZBTB16;MDK;LRP6;CHSY1;PTN
prerank,GO_Biological_Process_2021::negative regulation of epithelial cell proliferation (GO:0050680),0.46659978903560934,1.5265182152056516,0.01390644753476612,0.07679711849637162,1.0,35/60,22.69%,NFIB;THBS1;TGFBR3;RGCC;NUPR1;SNAI2;SULF1;PTPRM;NR2F2;CAV1;GHRL;SFRP2;APOH;PRL;CEACAM1;GATA3;B2M;GDF5;NLRC3;SOX2;SPARC;TNMD;ROBO1;APOE;SOX9;KLF9;SYNJ2BP;ATOH8;DUSP10;IL26;RUNX3;STAT1;FBXW7;VASH1;CASK
prerank,GO_Biological_Process_2021::DNA replication-independent nucleosome organization (GO:0034724),-0.5730366222396172,-1.52641180753163,0.061068702290076333,0.09006299422647684,1.0,5/11,13.94%,IPO4;ATRX;SUPT16H;UBN1;ASF1B
prerank,GO_Biological_Process_2021::negative regulation of G1/S transition of mitotic cell cycle (GO:2000134),0.52031409109207,1.525340793193747,0.03472714386959603,0.077432591706934,1.0,15/30,25.08%,SLFN11;FAM107A;ZNF655;CDK2AP2;KANK2;FHL1;PTEN;PRMT2;PKD2;GFI1B;CDKN1A;PLK3;KLF4;NACC2;CDKN2A
prerank,GO_Biological_Process_2021::fatty acid metabolic process (GO:0006631),0.43154406243737714,1.5244336955726099,0.00650887573964497,0.07792473264882749,1.0,33/103,19.42%,GPX1;AOAH;LTC4S;CYP1A1;SLC27A3;ADIPOQ;LPL;LIPC;HPGD;CES1;GGT5;ALOX12B;ALOX15B;PPARGC1A;PON1;ALOX15;CD36;PLA2G1B;ALOX12;PER2;XBP1;ACOX2;ACSL4;ACOT2;NAAA;PLA2G15;ACSBG2;ACOT4;CEL;PON3;ACSL6;GGT1;ACOT12
prerank,GO_Biological_Process_2021::carbohydrate derivative transport (GO:1901264),0.598740767917031,1.5244094699497799,0.05,0.07786119628416269,1.0,13/16,27.68%,SLC15A3;NPC2;LBP;PLTP;VLDLR;CLN3;SLC15A4;ABCG1;SCARB1;MFSD2A;SLC29A2;CPTP;SLC25A19
prerank,GO_Biological_Process_2021::cardiac muscle tissue morphogenesis (GO:0055008),0.5919686663362635,1.5243131582543854,0.047619047619047616,0.07783807893718235,1.0,11/17,23.28%,ACTC1;MYL3;MYLK2;TGFBR3;TPM1;TTN;NKX2-5;BMP2;TCAP;ANKRD1;NOG
prerank,GO_Biological_Process_2021::regulation of macrophage activation (GO:0043030),0.5921821231513835,1.5237002348263027,0.04471858134155744,0.078134528921254,1.0,10/17,20.96%,GPR137B;LBP;BPI;TLR6;THBS1;SPHK1;CEBPA;HSPD1;ZC3H12A;TNIP2
prerank,GO_Biological_Process_2021::toll-like receptor 9 signaling pathway (GO:0034162),0.6733303375132688,1.523674729530426,0.05935696619950536,0.07808139817767076,1.0,7/10,20.96%,IRAK2;MYD88;TRAF6;UNC93B1;PIK3AP1;IRAK4;TNIP2
prerank,GO_Biological_Process_2021::carboxylic acid transport (GO:0046942),0.47783950228001937,1.5231331127491772,0.024214659685863876,0.07833138430852832,1.0,25/51,21.58%,SLC38A6;SLC6A6;SLC6A7;SLC16A6;AQP9;SLC16A8;SLC16A4;SLC36A1;SLC6A9;SLC7A8;SLC7A6;CLN3;SLC16A3;SLC3A2;SLC16A7;SLC17A5;SLC6A11;PSAP;SLC16A1;SLC25A10;SLC1A1;SLC15A4;SLC7A5;SLC23A1;SLC16A2
prerank,GO_Biological_Process_2021::establishment of endothelial intestinal barrier (GO:0090557),0.6634174073387555,1.5228636727372853,0.05117790414297319,0.07839310214916373,1.0,7/10,26.86%,RAP2B;F11R;RAP2C;TJP1;TJP3;RAB1A;RAB1B
prerank,GO_Biological_Process_2021::carbohydrate homeostasis (GO:0033500),0.48756038005479485,1.5228147058648223,0.022222222222222223,0.07834482144880543,1.0,28/44,27.63%,ADIPOQ;CAV3;OAS1;GCK;RBP4;SLC2A4;USF1;GCG;WFS1;MCU;CEBPA;KLF7;VGF;PAX6;BACE2;TFAP2B;PTPN2;PCK1;NGFR;MLXIPL;NEUROD1;ADCY8;SLC8B1;SLC30A8;CRY2;CRY1;HNF1A;CYB5R4
prerank,GO_Biological_Process_2021::phosphatidic acid biosynthetic process (GO:0006654),-0.3979253065496652,-1.5227709484151613,0.03314917127071823,0.09190749841502639,1.0,15/41,15.83%,ACP6;PLD6;AGPAT3;DGKQ;AGPAT1;AGPAT4;AGPAT5;GPAT2;GPAT4;GPAM;GPD1L;GNPAT;GPD1;DGKG;SLC27A1
prerank,GO_Biological_Process_2021::modulation of excitatory postsynaptic potential (GO:0098815),-0.47208373744845783,-1.5224430553498818,0.03761755485893417,0.09190400349976535,1.0,8/21,14.41%,NLGN3;NLGN4X;NLGN2;WNT7A;CBLN1;RIMS1;MTMR2;STX1B
prerank,GO_Biological_Process_2021::RNA polyadenylation (GO:0043631),-0.46270865255679355,-1.5222377893436438,0.045171339563862926,0.09161805672056919,1.0,12/23,21.23%,PNPT1;PAF1;CPSF2;CPSF3;CPSF1;PAPOLG;SSU72;CSTF3;MTPAP;CLP1;SCAF8;CDC73
prerank,GO_Biological_Process_2021::mRNA polyadenylation (GO:0006378),-0.46270865255679355,-1.5222377893436438,0.045171339563862926,0.09161805672056919,1.0,12/23,21.23%,PNPT1;PAF1;CPSF2;CPSF3;CPSF1;PAPOLG;SSU72;CSTF3;MTPAP;CLP1;SCAF8;CDC73
prerank,GO_Biological_Process_2021::negative regulation of cell projection organization (GO:0031345),0.5022336634657371,1.521980932502347,0.029490616621983913,0.07877871379228987,1.0,23/39,29.68%,PTPRO;PTPN9;GFI1;RTN4RL1;DPYSL3;SEMA3A;RTN4RL2;PTEN;DCC;MYLIP;APOE;YWHAH;PAQR3;RAB29;STMN2;LPAR1;ITM2C;GAK;PRNP;CBFA2T2;KANK1;WNT3A;RTN4R
prerank,GO_Biological_Process_2021::positive regulation of epithelial cell differentiation (GO:0030858),0.5892663062453842,1.5209601158161603,0.04586466165413534,0.07936683746897136,1.0,11/17,19.87%,TMEM100;VEZF1;SFRP4;FOXJ1;BTG1;BMP4;SULT2B1;SOX9;SFN;ATOH8;RFX3
prerank,GO_Biological_Process_2021::regulation of protein localization to cell surface (GO:2000008),0.5173604671480463,1.520619487006576,0.031490552834149754,0.07949586516645667,1.0,15/29,23.39%,LEPROTL1;LEPROT;ABCA7;CAV3;TYROBP;STX3;TOR1A;EGF;HFE;BDNF;RAB11FIP5;COMMD1;STX4;PICALM;NEDD4L
prerank,GO_Biological_Process_2021::midbody abscission (GO:0061952),0.5943420799680678,1.518816674576396,0.03898170246618934,0.0805474539715129,1.0,15/17,30.39%,CHMP4C;CHMP7;CHMP3;CHMP2B;CHMP4B;PDCD6IP;MITD1;CHMP4A;CHMP1B;CHMP1A;CHMP6;CHMP2A;VPS4B;CHMP5;VPS4A
prerank,GO_Biological_Process_2021::positive regulation of cold-induced thermogenesis (GO:0120162),0.4488336547405349,1.5185114660914871,0.021551724137931036,0.0806602747024303,1.0,32/69,23.02%,CMKLR1;MFAP2;G0S2;ADIPOQ;HCRT;PLAC8;LCN2;FABP4;LEP;IRF4;PPARGC1A;DIO2;CD36;GJA1;CAV1;GHRL;ADCYAP1;PER2;PRDM16;CEBPB;TRPV2;ACADL;STAT6;FABP5;UCP1;BSCL2;KSR2;OXT;FFAR4;GNAS;UCP2;PRLR
prerank,GO_Biological_Process_2021::muscle cell development (GO:0055001),0.5582972754245733,1.5179403692966662,0.051646706586826345,0.0809332555893378,1.0,10/22,12.57%,EFEMP2;MYH11;FER1L5;DYSF;CAV3;NEB;ALPK3;MYOF;TTN;NKX2-5
prerank,GO_Biological_Process_2021::hexose metabolic process (GO:0019318),0.5053355830754718,1.5176305337778742,0.03333333333333333,0.08103072386934432,1.0,20/37,22.52%,FUOM;FBP2;ADIPOQ;OAS1;FBP1;FUCA2;GHRL;FUCA1;GALM;ADPGK;CHST1;APOD;ALDOB;CHST15;ALDOC;TFAP2B;IRS2;ALDOA;PCK1;HK1
prerank,GO_Biological_Process_2021::negative regulation of endoplasmic reticulum unfolded protein response (GO:1900102),0.6274594854699194,1.5170391489715238,0.04979253112033195,0.08131654272721524,1.0,10/12,26.99%,ABCA7;NCK1;WFS1;BFAR;HSPA5;PPP1R15B;PTPN1;DNAJB9;PPP1R15A;DDRGK1
prerank,GO_Biological_Process_2021::vesicle transport along actin filament (GO:0030050),0.5703196669911618,1.51700340648382,0.03920118343195266,0.08125892567951046,1.0,12/19,19.86%,MYO1G;MYO5C;MYO1F;MYO1C;MYO7A;MYO1B;MYO5B;MYO1A;ACTN4;FNBP1L;MYO15A;WASL
prerank,GO_Biological_Process_2021::regulation of viral entry into host cell (GO:0046596),0.5224428606336308,1.5169195421690205,0.034818941504178275,0.08123229454996468,1.0,17/29,21.93%,PTX3;CIITA;FCN3;IFITM3;IFITM1;TMPRSS2;FCN1;IFITM2;TRIM38;TRIM5;TMPRSS4;LGALS9;GSN;TRIM62;SNX3;TRIM25;TRIM22
prerank,GO_Biological_Process_2021::regulation of monooxygenase activity (GO:0032768),0.6028570263652677,1.516173602026156,0.059782608695652176,0.08161742097557129,1.0,8/15,22.01%,CYGB;NOSTRIN;LEP;DDAH2;CAV1;WASL;DDAH1;POR
prerank,GO_Biological_Process_2021::vesicle organization (GO:0016050),0.48142449670210846,1.5153708811730517,0.03445990722332671,0.08205998340501333,1.0,22/42,26.93%,LAPTM4B;ANXA8;SRGN;CORO1A;SNX10;DNM1;CD34;ALS2CL;CAV1;HOOK1;FNBP1L;CHMP2B;USP50;WASL;EPS15;DNAJC13;SNX11;SQSTM1;ALS2;PLEKHJ1;SORT1;EXOC8
prerank,GO_Biological_Process_2021::regulation of mast cell degranulation (GO:0043304),0.6658477215332285,1.5150862508728684,0.054817275747508304,0.08217188340171415,1.0,8/10,25.95%,CD300A;ADGRE2;UNC13D;STXBP2;LGALS9;CD84;SPHK2;FES
prerank,GO_Biological_Process_2021::keratan sulfate metabolic process (GO:0042339),0.5114907759539014,1.5150216540349002,0.03904109589041096,0.0821283491448294,1.0,14/32,17.70%,LUM;PRELP;OGN;OMD;FMOD;KERA;ACAN;GNS;HEXB;HEXA;GLB1;ST3GAL3;CHST1;GALNS
prerank,MSigDB_Hallmark_2020::Estrogen Response Late,0.40728464188088404,1.5149929769759456,0.0010899182561307902,0.08206978481749024,1.0,81/170,24.28%,PRSS23;EMP2;TPSAB1;IGFBP4;PTGES;TSPAN13;SNX10;BATF;CLIC3;LTF;DHRS2;PAPSS2;PPIF;PTPN6;ISG20;FARP1;IGSF1;CXCL14;S100A9;EGR3;MYOF;PDLIM3;NBL1;GLA;CAV1;RAB31;ABHD2;MAPK13;TRIM29;HSPB8;MYB;XBP1;ACOX2;PDCD4;BLVRB;WFS1;TFPI2;SCUBE2;COX6C;CDH1;TFAP2C;LSR;SULT2B1;CHPT1;AREG;SERPINA1;UGDH;DUSP2;KCNK5;DYNLT3;FLNB;FABP5;FOS;OPN3;CPE;MICB;SLC16A1;SFN;SERPINA5;ID2;GALE;SLC7A5;SERPINA3;SCARB1;CD9;HMGCS2;SLC26A2;NCOR2;MEST;PLAC1;KLF4;ZFP36;SLC2A8;TJP3;PRLR;ST6GALNAC2;ADD3;ASS1;BAG1;SLC27A2;HPRT1
prerank,GO_Biological_Process_2021::negative regulation of immune system process (GO:0002683),0.6019204779074471,1.5145466052394672,0.05003909304143862,0.08229387155520565,1.0,6/14,11.16%,ADTRP;LILRB2;LILRB4;AMBP;FOXP3;HMOX1
prerank,GO_Biological_Process_2021::negative regulation of DNA biosynthetic process (GO:2000279),-0.4581454114313501,-1.5144880822254068,0.050156739811912224,0.09576936636698408,1.0,10/23,14.90%,GNL3L;NAT10;ERCC4;EXOSC10;POT1;PINX1;TEN1;TERF2;PIF1;ACD
prerank,GO_Biological_Process_2021::negative regulation of intrinsic apoptotic signaling pathway (GO:2001243),0.4926369093321408,1.5143937520199153,0.02601734489659773,0.0823082572464961,1.0,19/42,23.58%,ARMC10;PLAUR;PTTG1IP;VNN1;PPIF;SNAI2;EPO;TMEM161A;TPT1;SFRP2;YBX3;XBP1;TXNDC12;SOD2;ACKR3;MAPK7;LRRK2;NOL3;TMBIM6
prerank,GO_Biological_Process_2021::endoplasmic reticulum organization (GO:0007029),0.4534692625160957,1.5138681540198906,0.021766169154228857,0.08254819868067544,1.0,38/66,28.17%,LMAN1L;MOSPD3;MAPK15;REEP6;TOR1B;GET4;HMOX1;TOR1AIP2;SEC61G;SEC61B;STX1A;SERP1;REEP2;EIF2AK3;LMAN2;ATL2;REEP1;VAPA;LMAN1;TRAM1;RTN3;STX5;REEP3;LRRK2;VAPB;TRAM1L1;EMD;LMAN2L;WDR83OS;ATL3;SEC31A;TRDN;RAB10;GAK;PRNP;CAV2;REEP5;BNIP1
prerank,GO_Biological_Process_2021::regulation of DNA recombination at telomere (GO:0072695),-0.4859216328085225,-1.5135963897433438,0.047267355982274745,0.09585188527346848,1.0,7/19,20.40%,POT1;ATRX;POLR2C;POLR2B;TERF2;ACD;TERF2IP
prerank,GO_Biological_Process_2021::negative regulation of DNA recombination at telomere (GO:0048239),-0.4859216328085225,-1.5135963897433438,0.047267355982274745,0.09585188527346848,1.0,7/19,20.40%,POT1;ATRX;POLR2C;POLR2B;TERF2;ACD;TERF2IP
prerank,GO_Biological_Process_2021::nonribosomal peptide biosynthetic process (GO:0019184),0.637541053281828,1.513505665138691,0.05806451612903226,0.08268810126069402,1.0,9/12,29.95%,CHAC2;CHAC1;GGT1;GSS;MGST2;GCLM;GCLC;HAGH;GGCT
prerank,GO_Biological_Process_2021::regulation of epidermal growth factor-activated receptor activity (GO:0007176),0.5630617795079349,1.5129428229683688,0.04157218442932729,0.08294612251078615,1.0,15/20,26.69%,NCF1;SHC1;EGF;CBL;EPGN;SNX6;NCK2;AREG;BTC;CBLB;CBLC;FBXW7;VPS25;CHMP6;GPRC5A
prerank,GO_Biological_Process_2021::regulation of insulin receptor signaling pathway (GO:0046626),0.5148035281590565,1.512888192355702,0.03991596638655462,0.08290358218815905,1.0,14/31,21.22%,PID1;ENPP1;SORBS1;SNX5;AHSG;TNS2;NCK1;PTPRE;PTPN1;GRB7;SOCS1;FUT7;SORL1;PTPN2
prerank,GO_Biological_Process_2021::chondroitin sulfate proteoglycan biosynthetic process (GO:0050650),0.5328702326561475,1.512885709401028,0.04104741684359519,0.08282335230828404,1.0,14/27,20.03%,DCN;VCAN;BGN;NCAN;CSPG4;CHST13;BCAN;CHST11;UGDH;CHST15;XYLT1;CHST12;CSGALNACT1;CSPG5
prerank,GO_Biological_Process_2021::unsaturated fatty acid metabolic process (GO:0033559),0.490559859893319,1.5124848961721487,0.024732620320855617,0.08299581987645005,1.0,12/42,15.66%,GPX1;PTGR1;CYP4F3;ALOX12B;GSTM2;ALOX15B;ALOX15;GSTA1;CYP1B1;ALOX12;AWAT1;CYP2D6
prerank,GO_Biological_Process_2021::cellular response to oxygen-containing compound (GO:1901701),0.3981366851779231,1.5120966174987962,0.0010706638115631692,0.08316070044910809,1.0,87/216,19.64%,PID1;FAM210B;CARD17;CTSG;ZNF703;IGFBP5;LILRB2;LBP;CD180;TGM2;DEFA4;LILRB1;LPL;NCF1;NR4A3;AQP9;CXCL13;CXCL9;DMTN;PF4V1;PXN;NLRP7;SBNO2;GPBAR1;CXCL1;PF4;GFI1;CXCL11;TPM1;JUN;CXCL6;CXCL5;FOXO1;NFKBIL1;TICAM2;TIRAP;CXCL3;CX3CR1;GNG2;TNIP3;BRINP1;CARD16;TESC;LAMTOR3;AQP1;IL36G;ZFP36L1;PPBP;IL36RN;TNFRSF1B;IL1F10;SLIT2;TWF2;XBP1;RAP1B;PDCD4;RRAGB;CXCL2;TNFAIP3;PDXP;SIRPA;STAP1;VCP;AANAT;MYD88;MEF2C;ZFAND1;TRAF6;ABL2;CD68;SSH1;RORB;FOS;RHOA;PRDX3;UCP1;ERCC6L2;IL37;NCOA3;ZC3H12A;PKD2;SOX9;GPLD1;CAPN2;NR1D1;P2RY11;BCL10
prerank,GO_Biological_Process_2021::negative regulation of hydrolase activity (GO:0051346),0.4751905076426382,1.5120297102350801,0.027599486521181,0.08312922227878922,1.0,26/51,22.34%,ECM1;CST7;PTX3;GCHFR;APOA2;CSTA;CST3;SERPINB3;KLRK1;SERPINB4;LRCH1;EPPIN;SLC39A14;SH2D4A;PLIN5;F11R;GMIP;GNAT1;TMED2;CSTB;ZCCHC9;SERPINA5;RDX;MAPK7;CHP1;LRRK2
prerank,GO_Biological_Process_2021::endoplasmic reticulum tubular network organization (GO:0071786),0.6262221440646294,1.5116465078151382,0.04914004914004914,0.08327532062176195,1.0,9/13,29.28%,REEP2;ATL2;REEP1;ARL6IP1;RTN3;REEP3;RAB10;RAB18;TMEM33
prerank,GO_Biological_Process_2021::C-terminal protein amino acid modification (GO:0018410),-0.5826690869363478,-1.5111773119656444,0.05966277561608301,0.09707401518470024,1.0,4/10,12.43%,AGBL4;AGTPBP1;TTL;LCMT1
prerank,GO_Biological_Process_2021::regulation of cation transmembrane transport (GO:1904062),-0.43624310891279505,-1.510766005004825,0.04159733777038269,0.0971291810697634,1.0,8/28,16.87%,DPP6;DPP10;KCNIP4;KCNIP2;WNK3;RANGRF;ATP2B4;WNK1
prerank,GO_Biological_Process_2021::positive regulation of filopodium assembly (GO:0051491),0.5517089238025483,1.5100578994178562,0.050333086602516654,0.08420471627935641,1.0,14/22,25.98%,CCL21;CCR7;DPYSL3;FNBP1L;RHOQ;AGRN;WASL;DOCK11;ARAP1;CDC42;RALA;PALM;FSCN1;TENM1
prerank,GO_Biological_Process_2021::Wnt signaling pathway (GO:0016055),-0.3446585261019395,-1.5097724475922527,0.011627906976744186,0.09748018188969519,1.0,24/78,13.08%,WNT7B;ARL6;WNT9A;WNT10A;WNT2B;WNT10B;WNT16;UBA52;UBC;WNT6;RYK;WNT5B;CELSR2;WNT7A;ZRANB1;STRN;APC;AMER1;FZD9;WNT3;SFRP1;FZD3;WNT4;DIXDC1
prerank,GO_Biological_Process_2021::regulation of protein binding (GO:0043393),0.4367588559642128,1.5094310916800886,0.010179640718562874,0.08453339242461459,1.0,45/88,24.40%,CARD18;CFHR1;SPPL3;ADD2;CLDN5;CTSZ;SLPI;CSF3;IFIT1;CARD16;CAV1;BAMBI;VTN;HFE;IFIT2;BMP4;BAG2;B2M;ADD1;PRMT8;RALB;NES;XIRP1;DAB2;RIPK2;TMC8;EPB41;TRIB3;PPP1CA;DVL1;CDKN1A;BMP2;SORL1;FLOT1;STK4;MITD1;LRPAP1;LRRK2;MARK2;DTX3L;TMBIM6;PRMT7;CRK;DISC1;DERL1
prerank,GO_Biological_Process_2021::establishment of spindle orientation (GO:0051294),-0.4438344316045667,-1.5092003140079404,0.029616724738675958,0.09759377971548769,1.0,10/26,13.61%,KIF25;CLASP1;ZW10;NDC80;CDK5RAP2;NDE1;NUMA1;INSC;CENPA;SPDL1
prerank,GO_Biological_Process_2021::positive regulation of protein transport (GO:0051222),0.46265497791023574,1.5089552071380745,0.026683608640406607,0.08478014514972317,1.0,29/54,23.43%,ANG;MYH10;ADAM8;TMED10;TREM2;OAZ2;BMP6;CD2AP;FRMD4A;TTN;CLN3;PLA2G1B;CNST;OAZ1;IER3IP1;ZFAND1;ARHGEF5;PPID;EZR;PLK3;ABCG1;ARF6;RAB29;SYTL4;CHP1;ATP2C1;ANKRD1;APBB3;GOLPH3L
prerank,GO_Biological_Process_2021::regulation of cellular response to heat (GO:1900034),-0.3625076550866233,-1.5088427043034698,0.012195121951219513,0.09760646550567237,1.0,17/61,12.85%,RPA3;RPA1;NUP205;RPA2;POM121;NUP133;NUP188;NUP35;NUP37;CRYAB;AAAS;NUP160;NUP43;CCAR2;AKT1S1;POM121C;NDC1
prerank,GO_Biological_Process_2021::phosphatidylinositol acyl-chain remodeling (GO:0036149),0.6249618694332791,1.5078983049605945,0.05587510271158587,0.08537814635339801,1.0,6/12,18.02%,PLBD1;PLA2G2D;PLA2G1B;PLA2G2F;PLA2G4E;PLA2G4D
prerank,GO_Biological_Process_2021::positive regulation of telomerase RNA localization to Cajal body (GO:1904874),0.5944023730276848,1.5077791281737076,0.04813664596273292,0.08537206076165905,1.0,13/15,32.07%,RUVBL1;TCP1;CCT8;CCT6A;CCT4;DKC1;NOP10;CCT5;CCT2;CCT3;NHP2;CCT7;NAF1
prerank,GO_Biological_Process_2021::regulation of stress-activated MAPK cascade (GO:0032872),0.5019112112781221,1.5071306939374085,0.03468979319546364,0.08570792090235319,1.0,16/35,21.33%,PAGE4;TGFBR3;SCIMP;CARD9;FOXO1;MYC;EIF2AK2;FAS;F2RL1;ARL6IP5;TAOK2;RASGRP1;LGALS9;TAOK3;IL26;MAPK8IP2
prerank,GO_Biological_Process_2021::cell migration involved in sprouting angiogenesis (GO:0002042),0.6569441583546697,1.506935145873882,0.049125728559533725,0.08575375011214954,1.0,7/10,21.71%,ADTRP;EGR3;SLIT2;TDGF1;ROBO1;GPLD1;NR4A1
prerank,GO_Biological_Process_2021::calcium-ion regulated exocytosis (GO:0017156),-0.4474908288382819,-1.5066769081717188,0.043333333333333335,0.09869029581509384,1.0,6/25,7.12%,SYT3;SYT6;SYT10;SYT12;SYT13;SYT11
prerank,"GO_Biological_Process_2021::regulation of synaptic transmission, glutamatergic (GO:0051966)",-0.4229795542216042,-1.506294225028175,0.0288135593220339,0.0987081574713455,1.0,8/30,8.54%,NLGN3;GRIK1;GRM8;CACNG4;NLGN2;CACNG7;CACNG3;GRM7
prerank,GO_Biological_Process_2021::negative regulation of biomineral tissue development (GO:0070168),0.6288310272574057,1.5056836634903223,0.0498793242156074,0.08649447910157375,1.0,8/13,18.84%,ECM1;SRGN;ASPN;ENPP1;STATH;AHSG;CCL3;SOX9
prerank,MSigDB_Hallmark_2020::Glycolysis,0.40694615997750655,1.5052674645835225,0.0054466230936819175,0.08666187287845022,1.0,80/170,25.28%,FAM162A;MDH1;DCN;KDELR3;ANG;IER3;PGAM2;STC1;FBP2;TKTL1;LDHC;BIK;GLRX;P4HA2;VCAN;TGFBI;SDC2;PAM;IGFBP3;QSOX1;CAPN5;VLDLR;ISG20;PLOD2;ERO1A;PFKP;IDUA;GPC1;SDC3;CHST4;CTH;SLC16A3;CLN6;LCT;ANGPTL4;P4HA1;HK2;ME2;CHST1;HSPA5;ALDOB;MPI;GNPDA1;PLOD1;AGRN;MIOX;CHST12;GFPT1;SOX9;PGAM1;SLC25A10;PPFIA4;EXT1;GYS1;EXT2;IRS2;G6PD;GALE;DPYSL4;STC2;TPST1;TALDO1;ALDOA;DDIT4;ALDH9A1;NOL3;EFNA3;PKM;MDH2;LHX9;SDHC;PGK1;B4GALT2;DLD;GNE;GPC4;LHPP;FUT8;TFF3;GAPDHS
prerank,GO_Biological_Process_2021::negative regulation of blood vessel endothelial cell migration (GO:0043537),0.5601651404729753,1.5051622725797853,0.0465288035450517,0.08665218778366217,1.0,12/21,22.60%,MMRN2;THBS1;HRG;RGCC;MEF2C;RHOA;CARD10;JUP;APOE;ANGPT4;VASH1;KLF4
prerank,GO_Biological_Process_2021::lymphocyte mediated immunity (GO:0002449),0.6324405734640397,1.5051460847421807,0.061174551386623165,0.08658000082443985,1.0,9/12,20.81%,KLRC2;MYO1G;CD8A;KLRD1;BTN3A3;CD46;CD55;BTN3A2;JAG1
prerank,GO_Biological_Process_2021::nucleobase-containing compound catabolic process (GO:0034655),0.4891917892252356,1.5050782456259448,0.03163686382393398,0.08654085200962719,1.0,16/39,19.28%,DNASE1L3;SIDT2;DNASE1L1;RNASE6;RNASE2;RNASE3;RNASET2;ISG20;DNASE1;RNASEH2B;ENTPD3;RNASEH2C;ENTPD2;ENTPD8;HNRNPD;PABPC4
prerank,GO_Biological_Process_2021::regulation of cyclin-dependent protein kinase activity (GO:1904029),-0.38351901949530826,-1.5048367458921335,0.028199566160520606,0.09933442313595546,1.0,24/50,24.73%,CDKN3;CCNB3;GTPBP4;BCCIP;ACTB;GTF2H1;CCNT2;CCNO;CCNB2;CDKN1B;CCNT1;BLM;CCNK;MNAT1;CDKN1C;CCNF;DIRAS3;CCNE2;CCNA1;CCNJ;CCNE1;CCNI2;STOX1;CDC25A
prerank,GO_Biological_Process_2021::tRNA wobble base modification (GO:0002097),-0.5349128051272851,-1.504406446578192,0.07368421052631578,0.09936585828062983,1.0,7/13,21.09%,ELP4;ELP3;CTU1;MTO1;CTU2;ALKBH8;KTI12
prerank,GO_Biological_Process_2021::retinol metabolic process (GO:0042572),0.587762788145423,1.5043219529010319,0.05401234567901234,0.08694953505458858,1.0,8/16,15.66%,CYP1A1;ADH6;RBP4;CYP1A2;CYP1B1;ADH7;CYP27C1;CYP2D6
prerank,GO_Biological_Process_2021::regulation of interferon-alpha production (GO:0032647),0.585459492758986,1.504245145185959,0.05779467680608365,0.08691153356956721,1.0,9/17,20.56%,DDX58;IFIH1;IRF5;IRF7;NLRC3;RIPK2;TBK1;HSPD1;STAT1
prerank,GO_Biological_Process_2021::regulation of phosphatidylinositol 3-kinase activity (GO:0043551),0.6319489478996015,1.503784196367532,0.05742411812961444,0.08712700434099292,1.0,5/12,11.12%,PIK3IP1;CCL21;CCL19;CCR7;TNFAIP8L3
prerank,GO_Biological_Process_2021::regulation of DNA replication (GO:0006275),-0.3834946019916148,-1.5037024856275487,0.025048169556840076,0.09957456386868688,1.0,18/45,15.56%,PDS5A;RAD17;ESCO1;SMC3;GMNN;GTPBP4;ORC3;DSCC1;GMNC;CDAN1;WAPL;BRPF3;BLM;KAT7;USP37;FAF1;DHX9;ATAD5
prerank,GO_Biological_Process_2021::positive regulation of stress-activated MAPK cascade (GO:0032874),0.4416910105322708,1.5032490981433666,0.016646115906288533,0.08738623278611783,1.0,35/76,20.77%,DUSP15;CCL21;NCF1;CCL19;SERPINF2;SCIMP;CCR7;CARD9;LEP;TIRAP;SEMA3A;SPHK1;EIF2AK2;HAND2;F2RL1;TRAF6;TRAF1;ARL6IP5;SPI1;TAOK2;RASGRP1;ZC3H12A;PRMT1;SLAMF1;TRAF2;MAP4K2;FGF19;SASH1;TAOK3;TNFRSF19;PYCARD;IL26;BMP2;SDCBP;TRAF3
prerank,GO_Biological_Process_2021::positive regulation of mitochondrial translation (GO:0070131),-0.5327411945977257,-1.5028055383993024,0.0653061224489796,0.09987944965247135,1.0,6/13,12.06%,RPUSD4;NGRN;TRUB2;RPUSD3;MRPS27;FASTKD3
prerank,GO_Biological_Process_2021::negative regulation of tumor necrosis factor-mediated signaling pathway (GO:0010804),0.6134510956404439,1.50259807087675,0.0499603489294211,0.08772942610983585,1.0,8/13,21.22%,CCDC3;ADIPOQ;CARD16;APOA1;F2RL1;PYDC1;PTPN2;CARD8
prerank,GO_Biological_Process_2021::regulation of epithelial to mesenchymal transition (GO:0010717),0.45861683846355217,1.5025222683004245,0.02443609022556391,0.08769034857252965,1.0,33/61,25.91%,ZNF703;VASN;TGFB1I1;SERPINB3;PDPN;RGCC;TWIST1;GLIPR2;SMAD3;SPRY1;FERMT2;ZNF750;BAMBI;SFRP2;WWTR1;GATA3;PTEN;TGFBR2;IL17RD;TBX5;DAB2;USF3;PHLDB2;BMP2;SDCBP;AXIN2;ELL3;FOXA2;LEF1;SMAD2;MDK;SNAI1;SMAD4
prerank,GO_Biological_Process_2021::vasculogenesis (GO:0001570),0.5631755150960226,1.5024543383687075,0.044095665171898356,0.08765560828793957,1.0,9/19,15.18%,RASIP1;TGFBR3;HAS2;SOX18;APELA;CAV1;NKX2-5;TGFBR2;AGGF1
prerank,GO_Biological_Process_2021::regulation of axon regeneration (GO:0048679),0.640402703694508,1.5024476100373108,0.05723630417007359,0.0875759856357607,1.0,5/11,15.82%,SCARF1;KLK8;RTN4RL1;GRN;CNTF
prerank,"GO_Biological_Process_2021::retrograde transport, endosome to Golgi (GO:0042147)",0.4367294301090354,1.5020726925279893,0.018573996405032954,0.08774373393469119,1.0,40/79,27.75%,SNX32;TMEM87A;TBC1D10C;SNX5;EHD3;VPS26A;CLN5;VPS35;SNX2;SNX6;GGA1;TMED9;SNX12;VPS26B;SNX1;DENND2A;VPS29;SNX8;TBC1D5;LMAN1;CLTC;SNX3;CLTCL1;RAB29;SURF4;STX5;RAB7B;VAMP3;RAB9B;RAB7A;VTI1A;HEATR5A;PLEKHJ1;RAB9A;RAB6A;RGP1;MAGEL2;STX16;GOSR1;RIC1
prerank,GO_Biological_Process_2021::negative regulation of sequestering of calcium ion (GO:0051283),0.587228344257272,1.5015591650586941,0.06006240249609984,0.08800797141611398,1.0,10/16,21.14%,ANXA6;CCL21;CCL19;CCR7;ERO1A;XCL1;PLCG2;PKD2;RYR2;TRPM2
prerank,GO_Biological_Process_2021::histone H3-K4 trimethylation (GO:0080182),-0.5397457492726199,-1.501408526616916,0.05725190839694656,0.10056939270128874,1.0,8/12,32.44%,BEND3;KMT2D;SETD1B;SETD1A;ZNF335;WDR61;TET3;CTR9
prerank,GO_Biological_Process_2021::adaptive immune response based on somatic recombination of immune receptors built from immunoglobulin superfamily domains (GO:0002460),0.6087008515569766,1.5014055710982808,0.06767515923566879,0.08803061920717015,1.0,11/14,23.03%,MYO1G;CD8A;BTN3A3;PHB;CD46;IL18BP;CD55;BTN3A2;EBI3;JAG1;BACH2
prerank,GO_Biological_Process_2021::negative regulation of protein localization to plasma membrane (GO:1903077),0.579261341073995,1.5011603193829983,0.05420267085624509,0.08811685494468284,1.0,11/18,19.56%,TMBIM1;PID1;PKDCC;ABI3;CSK;GBP1;TMEM59;RHOQ;DAB2;NUMB;CLTC
prerank,GO_Biological_Process_2021::regulation of mRNA metabolic process (GO:1903311),-0.5499007200663598,-1.5002556622629686,0.07392996108949416,0.10103875951809263,1.0,7/12,19.44%,IWS1;SUPT6H;SRPK1;SRPK2;PTCD2;DHX9;SAFB
prerank,GO_Biological_Process_2021::nucleocytoplasmic transport (GO:0006913),-0.4130549471487403,-1.500025669725424,0.027972027972027972,0.10096248314784875,1.0,15/34,17.78%,NUP205;LSG1;GEMIN6;GEMIN8;GEMIN2;SNUPN;AAAS;ATXN1;GEMIN7;PHAX;RSRC1;GEMIN5;NXT2;GEMIN4;NUTF2
prerank,GO_Biological_Process_2021::cell cycle checkpoint signaling (GO:0000075),-0.5637580156925248,-1.499993985528717,0.07142857142857142,0.10078181239338838,1.0,6/11,19.12%,ZWILCH;CHFR;ZW10;PRCC;NABP2;ZWINT
prerank,GO_Biological_Process_2021::regulation of T cell differentiation in thymus (GO:0033081),0.6355990575634547,1.4989453045993208,0.058091286307053944,0.0895317858458226,1.0,8/12,21.38%,CLPTM1;VNN1;ADAM8;FOXJ1;BMP4;GLI2;CAMK4;TESPA1
prerank,GO_Biological_Process_2021::cell morphogenesis involved in neuron differentiation (GO:0048667),-0.3502849009546073,-1.4988938159404992,0.01694915254237288,0.10123728991009327,1.0,21/71,12.81%,NTNG2;NTNG1;SLITRK2;SLITRK3;SLITRK1;SLITRK5;POU4F1;CDHR1;RYK;ISL1;ACTB;CELSR2;DSCAML1;WNT7A;AFG3L2;MINK1;MAP1S;TBCD;NEFH;BRSK2;MAP1B
prerank,GO_Biological_Process_2021::establishment of epithelial cell apical/basal polarity (GO:0045198),0.6438675274594113,1.4987818129440422,0.05245628642797669,0.08955950534577271,1.0,9/11,29.78%,SH3BP1;CAMSAP3;RHOA;OPHN1;EZR;CDC42;MSN;MYO9A;RAP2A
prerank,GO_Biological_Process_2021::MyD88-dependent toll-like receptor signaling pathway (GO:0002755),0.5618036290667653,1.4983162537500339,0.04241071428571429,0.0897817511308999,1.0,13/20,21.12%,TLR10;TLR6;IRAK2;TIRAP;TLR1;CD36;MYD88;TRAF6;IRAK3;HSPD1;UBB;IRAK4;TNIP1
prerank,GO_Biological_Process_2021::positive regulation of DNA repair (GO:0045739),-0.3963982503329224,-1.4982653454543626,0.02895752895752896,0.10143177959149778,1.0,13/37,15.24%,EYA2;EYA3;EYA4;XRCC1;OOEP;RNF8;ERCC8;SPIDR;UIMC1;EYA1;SLF2;SLF1;DHX9
prerank,GO_Biological_Process_2021::protein palmitoylation (GO:0018345),0.5177705468565224,1.4977948832464083,0.054252199413489736,0.09005992094126584,1.0,5/29,2.33%,ZDHHC24;ZDHHC7;ZDHHC12;ZDHHC6;ZDHHC20
prerank,GO_Biological_Process_2021::negative regulation of gene expression (GO:0010629),0.38980951257817154,1.497489945173558,0.003169572107765452,0.09017712876250578,1.0,101/243,25.48%,ZNF503;RBMS3;SLC11A1;LRP3;EMILIN1;CILP;CPNE1;SRGN;IGFBP5;PTPN22;LGMN;CCDC3;MYADM;ANXA7;PCIF1;GATA2;CLDN5;MSR1;RGCC;CIDEA;CLEC4A;HIF1A;YAP1;FOXP3;BTN2A2;OCLN;PARP9;CD34;GZMB;PLA2G3;CNPY2;PARP14;SFRP2;SLC2A10;FLOT2;BMP4;EIF2AK2;CD46;HAND2;IGF2BP1;NLRP12;PTBP3;EIF4A3;RPS6KA4;EIF2AK3;MEF2C;NCL;EIF4E2;NPTN;SNX12;SPI1;PARP15;CCL3;TIPARP;DNMT3B;RUNX1;NCOR1;ZC3H12A;LGALS9;ROBO1;GRB7;APOE;CELF1;ATOH8;FGF19;TCEAL1;BMP2;RNH1;ID2;DAPK3;SLC7A5;IGF2BP2;NDFIP1;ENC1;PAIP2B;RNF139;STC2;FFAR4;NCOR2;FBXW7;DDX6;APLN;GAPDH;KLF4;ZFP36;LIN28A;PICALM;NOCT;SH3GL2;TMBIM6;NANOS1;ADAM10;CNOT7;REL;SYNCRIP;PPHLN1;CNOT1;NANOS3;LSM6;RPS13;ZNF148
prerank,GO_Biological_Process_2021::base conversion or substitution editing (GO:0016553),0.5832721541775664,1.4973581199251356,0.06764027671022291,0.09018069841239813,1.0,10/16,24.59%,APOBEC3G;APOBEC1;APOBEC3D;APOBEC3A;AICDA;APOBEC3H;APOBEC3C;APOBEC3B;APOBEC2;ADAR
prerank,GO_Biological_Process_2021::regulation of protein modification process (GO:0031399),-0.40455162119198673,-1.4971513199588595,0.029906542056074768,0.1018840584970725,1.0,13/39,20.09%,ROPN1;ROPN1B;ROPN1L;MT3;FKTN;CCAR2;ATG10;PUM3;CADM4;SPRED3;ABCA2;CCDC88C;ATG14
prerank,GO_Biological_Process_2021::B cell differentiation (GO:0030183),0.5112795668961828,1.4966216792194842,0.038629737609329445,0.09057334983782664,1.0,20/30,29.35%,NFAM1;VCAM1;CR2;CEBPG;PLCG2;AICDA;IL11;BLNK;CD79A;KLF6;PTPN2;DNAJB9;LYL1;IFNE;IRF2BP2;RABL3;ADGRG3;NHEJ1;TCF3;PTPRJ
prerank,GO_Biological_Process_2021::endoplasmic reticulum to Golgi vesicle-mediated transport (GO:0006888),0.40529576328595623,1.496530074103,0.004920721705850191,0.09054613255059704,1.0,88/166,29.06%,LMAN1L;KDELR3;F7;PROC;TMED5;TEX261;CTSZ;MCFD2;BGLAP;ANK1;PROZ;TMED10;TICAM2;MIA2;TRAPPC3L;COPZ2;TMED4;CAPZA1;SPTB;IER3IP1;TMED9;CD55;BCAP29;LMAN2;AREG;SERPINA1;SPTA1;ATL2;TMED1;KDELR1;SPTBN2;SPTAN1;TMED3;TMED2;CAPZA2;SPTBN4;VAPA;LMAN1;ERGIC1;DCTN3;TRAPPC5;RAB29;SEC24D;STX5;DCTN6;VAPB;SEC22B;ANK2;CUL3;RAB1A;DYNLL2;LMAN2L;SPTBN1;CAPZB;TFG;COPB1;VTI1A;NAPA;SEC13;SEC23A;ARFGAP3;WHAMM;CD59;TMEM115;ATL3;SEC31A;TMED7;USE1;DYNC1H1;DYNC1I2;VAMP7;RAB1B;DYNLL1;DYNC1LI1;STX17;GOSR1;ARCN1;YIF1B;COPZ1;DCTN2;SPTBN5;SCFD1;ERGIC3;DYNC1LI2;ANK3;ACTR1A;YIF1A;BET1
prerank,GO_Biological_Process_2021::intrinsic apoptotic signaling pathway in response to DNA damage by p53 class mediator (GO:0042771),0.5672745227877483,1.4959985419533144,0.05003849114703618,0.09081572263098005,1.0,11/19,25.11%,PHLDA3;CDIP1;TP73;BCL3;PML;PYCARD;RPS27L;TMEM109;DDIT4;AEN;HIPK1
prerank,GO_Biological_Process_2021::establishment of apical/basal cell polarity (GO:0035089),0.6031452283909566,1.4958016462712174,0.04592240696753761,0.09085369259614498,1.0,11/14,29.78%,FOXJ1;SH3BP1;CAMSAP3;RHOA;OPHN1;EZR;CDC42;FSCN1;MSN;MYO9A;RAP2A
prerank,GO_Biological_Process_2021::response to alcohol (GO:0097305),0.5754478136942791,1.494869702518093,0.043671354552183565,0.09141028375825566,1.0,11/17,17.53%,CCL21;TGFBR3;CCL19;CCR7;ADH6;ADH7;SLIT3;SLIT2;TGFBR2;SDF4;CCL3
prerank,GO_Biological_Process_2021::dendrite morphogenesis (GO:0048813),0.5207143694222436,1.494767190139656,0.05295315682281059,0.0913996226630057,1.0,17/30,21.33%,SDC2;FARP1;PHACTR1;PAK3;PTEN;DCDC2;KLF7;ARC;TAOK2;BTBD3;DLG4;DVL1;WASL;SHANK3;TMEM106B;CDC42;MAPK8IP2
prerank,GO_Biological_Process_2021::heart contraction (GO:0060047),0.5360812129402586,1.4942101381283417,0.057815845824411134,0.09170184599997049,1.0,11/24,13.44%,GPX1;ACTC1;MYL3;MYLK2;TNNI1;TPM1;MYL4;SGCG;TTN;CSRP3;SCN5A
prerank,GO_Biological_Process_2021::positive regulation of dendrite extension (GO:1903861),-0.49616641504447356,-1.4941530768095816,0.0625,0.10346847200053003,1.0,8/17,23.19%,SYT3;RNF157;CPNE6;RIMS1;RASAL1;SYT17;CPNE9;PLAA
prerank,GO_Biological_Process_2021::negative regulation of small GTPase mediated signal transduction (GO:0051058),0.5726291992366411,1.4936855958593742,0.0575801749271137,0.09196768539728203,1.0,10/18,18.63%,ARHGAP25;RASAL3;FBP1;CD2AP;SH3BP1;SPRY1;SLIT2;CGNL1;ARHGAP12;SPRY4
prerank,GO_Biological_Process_2021::negative regulation of response to stimulus (GO:0048585),0.4822069331431083,1.4934574042061597,0.03497942386831276,0.09203320546330881,1.0,24/41,22.90%,MCTP1;AMBP;THY1;TWIST1;IGFBP3;FOXP3;CD34;GGT7;APOA1;HMGA2;SLIT2;WFS1;NLRP12;MAP3K3;KIF26A;KLF7;UBASH3B;PTPN1;SH2B3;DDAH1;MAPK7;KLF4;CASK;FOXA2
prerank,GO_Biological_Process_2021::positive regulation of lamellipodium assembly (GO:0010592),0.5594638636936786,1.4934445125157334,0.056179775280898875,0.09195514599669725,1.0,16/19,24.35%,AVIL;CYFIP1;OCLN;NCKAP1;RAC2;TWF2;AKIRIN1;ABI2;ACTR2;BRK1;PLCE1;CDC42;ARPC2;WASF2;ACTR3;FSCN1
prerank,GO_Biological_Process_2021::positive regulation of lipid biosynthetic process (GO:0046889),0.52395993673999,1.4926659940279443,0.04741064916119621,0.09240367432392951,1.0,16/27,24.46%,APOA5;APOC2;SORBS1;LDLR;CREBL2;APOA1;PLIN5;CNEP1R1;SLC45A3;APOE;GPLD1;SCARB1;SIRT4;CHP1;MLXIPL;MFSD2A
prerank,GO_Biological_Process_2021::regulation of extrinsic apoptotic signaling pathway (GO:2001236),0.48291714292713533,1.4923269057287136,0.03614457831325301,0.09252976907602625,1.0,20/41,22.70%,G0S2;THBS1;TNFSF10;HYAL2;ITGA6;CAV1;DEDD2;BMP4;BID;FAS;PML;TRAF1;TMC8;BCL2L14;TRAF2;BCL10;PYCARD;STX4;BCL2L12;NOL3
prerank,GO_Biological_Process_2021::negative regulation of protein binding (GO:0032091),0.4609040000490619,1.4922442633910238,0.02542911633820725,0.09249359296130144,1.0,28/53,24.15%,CARD18;CFHR1;ADIPOQ;CTSZ;SLPI;IFIT1;CARD16;CCL23;CAV1;HFE;IFIT2;BAG2;ARRB2;B2M;RALB;NES;XIRP1;DAB2;TMC8;PPP1CA;DVL1;CDKN1A;SORL1;MITD1;LRPAP1;LRRK2;TMBIM6;DISC1
prerank,GO_Biological_Process_2021::negative regulation of cellular response to insulin stimulus (GO:1900077),0.5554989615375223,1.4920431597379284,0.05251479289940828,0.09255785208690537,1.0,11/20,23.79%,PID1;ENPP1;AHSG;TNS2;NCK1;PTPRE;PTPN1;GRB7;SOCS1;PTPN2;TSC2
prerank,GO_Biological_Process_2021::positive regulation of proteasomal protein catabolic process (GO:1901800),0.44689574838788626,1.491853863250136,0.021491782553729456,0.09259287936617447,1.0,26/63,23.00%,ECSCR;RNFT1;RNF144B;RNF217;NUPR1;TREM2;PRICKLE1;TRIB1;CBFA2T3;TMTC3;BAG2;GABARAP;VCP;CEBPA;DAB2;RNF19B;RNF14;TRIB3;OSBPL7;STUB1;DVL1;FBXW7;NKD2;LRRK2;ATXN3;HECTD1
prerank,GO_Biological_Process_2021::negative regulation of ion transmembrane transporter activity (GO:0032413),0.5684231037465892,1.4913548384723823,0.07230769230769231,0.09284251294307194,1.0,10/17,23.85%,OSR1;CAV3;NEDD4;EPO;PLN;HECW2;YWHAE;HECW1;NEDD4L;CASQ2
prerank,GO_Biological_Process_2021::cardiocyte differentiation (GO:0035051),0.6491781995384001,1.4904855194825042,0.06982543640897755,0.09337533658046202,1.0,7/10,26.67%,MYOCD;NKX2-5;GATA6;BMP2;AKAP13;NRG1;SIK1
prerank,GO_Biological_Process_2021::negative regulation of protein polymerization (GO:0032272),0.5384305102015885,1.490328525544129,0.050698016164584865,0.09339798408174547,1.0,9/22,24.17%,KANK3;MYADM;CDH5;SLIT2;TWF2;SSH1;STMN2;TWF1;ARFGEF1
prerank,GO_Biological_Process_2021::regulation of cell projection organization (GO:0031344),-0.5352012517166489,-1.4900096255929731,0.05750350631136045,0.1057760892763829,1.0,3/13,0.89%,NTNG2;NTNG1;ERMN
prerank,GO_Biological_Process_2021::nucleotide-sugar biosynthetic process (GO:0009226),0.5556888818838429,1.4894153480584182,0.04996096799375488,0.09393988680870538,1.0,11/19,23.27%,GFPT2;RENBP;SLC35D1;UGDH;MPI;GNPDA1;GFPT1;NANS;NAGK;GNPDA2;GNPNAT1
prerank,GO_Biological_Process_2021::striated muscle cell development (GO:0055002),0.6385720667593969,1.4892494122288995,0.06742485783915515,0.09396702637172466,1.0,9/11,26.00%,LMOD1;TMOD4;TMOD3;FLII;PGM5;TMOD1;KLHL41;MYOZ1;TMOD2
prerank,GO_Biological_Process_2021::regulation of toll-like receptor signaling pathway (GO:0034121),0.5653933571549671,1.488232735756527,0.053811659192825115,0.09460297197524316,1.0,9/19,17.55%,GPR108;GFI1;TREM2;NFKBIL1;CD36;FLOT2;IRF7;FCRL3;IRAK3
prerank,GO_Biological_Process_2021::positive regulation of ossification (GO:0045778),0.5151987793117841,1.487799573398139,0.04535790219702339,0.09481950775619516,1.0,16/27,22.84%,OSR1;TMEM119;FBN2;PKDCC;BMP6;ATRAID;BMP4;MEF2C;TFAP2A;KL;ANO6;BMP7;BMP2;SLC8A1;ISG15;BMPR1B
prerank,GO_Biological_Process_2021::positive regulation of macromolecule biosynthetic process (GO:0010557),0.43039056964974287,1.487769756124428,0.016206482593037214,0.0947535647954368,1.0,33/83,20.63%,SMOC2;TMEM106A;CIITA;PCIF1;CCL21;THBS1;CCL19;RGCC;GCK;NPM2;SORBS1;RPL26;MTPN;SLC6A9;EGF;EIF3D;MYC;XBP1;BCL3;NLRP12;EIF4A3;AZU1;PRKD2;EIF3E;LDB1;PLXNB2;HNRNPD;GLI1;IFNL1;PRMT1;GLI2;IRS2;RPS27L
prerank,GO_Biological_Process_2021::negative regulation of transposition (GO:0010529),-0.4441333153202408,-1.4872123488559224,0.04066265060240964,0.10735761436821098,1.0,7/23,9.46%,TDRD9;TEX15;PIWIL2;ZNF93;MYBL1;PIWIL4;SMYD5
prerank,GO_Biological_Process_2021::oxoacid metabolic process (GO:0043436),0.514809575386264,1.4871489900175763,0.049894588896697116,0.09508320235141608,1.0,14/29,24.08%,ABHD14B;ENPP1;TPST2;SULT1B1;SULT1C4;SULT2B1;SULT1E1;PPA2;HAO1;AGXT;SULT1A3;TPST1;PPA1;SULT2A1
prerank,GO_Biological_Process_2021::NLS-bearing protein import into nucleus (GO:0006607),-0.48513500595698655,-1.4869160484699575,0.06312769010043041,0.10733333475064194,1.0,8/18,13.89%,KPNA1;NUP35;KPNA5;IPO5;RGPD4;KPNA2;KPNA3;KPNA6
prerank,GO_Biological_Process_2021::negative regulation of cell adhesion (GO:0007162),0.4555202957717602,1.4866467214041619,0.027777777777777776,0.09533211229328187,1.0,26/55,21.02%,PTPRO;ADAMDEC1;CD164;FBLN1;ARHGDIB;KNG1;TGFBI;DMTN;PLXNA4;HRG;SNAI2;PODXL;CYP1B1;PLXNA2;SPN;LPXN;CDH1;DUSP1;PLXNC1;PLXNB2;RHOA;PLXNA1;PLXND1;RND1;JAG1;PLXNA3
prerank,GO_Biological_Process_2021::positive regulation of phospholipase C activity (GO:0010863),0.5538132345248366,1.486389095105159,0.050445103857566766,0.09542230515237855,1.0,16/20,27.67%,ANG;PHB;BDNF;ARHGAP6;ABL2;PLCG1;NTF3;TXK;NTF4;PHB2;LPAR2;LPAR1;GNAQ;GNA15;RASGRP4;AVPR1A
prerank,GO_Biological_Process_2021::MAPK cascade (GO:0000165),0.3968807863811657,1.4861467154859318,0.006458557588805167,0.09550593376972974,1.0,85/176,23.68%,PLVAP;CCL5;IL2;MAPK12;PRKG2;RASAL3;SHC1;DUSP6;PTPN7;SKP1;LAT;PAK1;CTSH;LAMTOR3;FGF20;FGF17;APOA1;FGF16;ZFP36L1;MAPK13;EGF;MYC;DUSP5;FGF8;PTPN3;FGF7;KITLG;EPGN;DUSP9;FGF13;FGF10;SPTB;MAP3K3;RGL2;MEF2C;AREG;FGF9;IL17RD;PSMF1;SPTA1;KL;SPTBN2;CUL1;SPTAN1;TAOK2;RASGEF1A;CCL3;PSMD5;RASGRP1;IL3;BTC;PPP1CC;DLG4;LGALS9;PPP1CB;SOX9;SHC3;SULT1A3;SPTBN4;PAQR3;FGF19;RGL3;TAOK3;SHANK3;UBB;YWHAE;IRS2;PSMB2;TNIP2;PSMA2;FGF18;PSMA8;SOS1;NRG4;LRRK2;NEFL;PSMB4;ZFP36;AVP;CUL3;RASAL2;ABHD17B;PSMD9;SPTBN1;ABHD17C
prerank,GO_Biological_Process_2021::actin filament-based transport (GO:0099515),0.5445674275393844,1.4854321401905273,0.05366207396664249,0.09590122766795221,1.0,12/21,19.86%,MYO1G;MYO5C;MYO1F;MYO1C;MYO7A;MYO1B;MYO5B;MYO1A;ACTN4;FNBP1L;MYO15A;WASL
prerank,GO_Biological_Process_2021::cellular response to metal ion (GO:0071248),0.41306326463588716,1.4849260421527326,0.017311021350259664,0.09616306042558227,1.0,40/105,19.03%,HVCN1;CPNE8;CPNE3;MT1A;CPNE1;MT1G;CPNE2;LGMN;MT1M;MT1H;NCF1;DMTN;JUN;PPIF;FBP1;MT2A;ALOX15;BMP6;AQP1;MT1F;MT1HL1;SCN5A;MT1E;MT1X;HFE;SLC25A24;PLCG2;RASGRP2;B2M;ADD1;MEF2C;HPCA;CDH1;TFAP2A;FOS;SYT7;DLG4;PKD2;SYT1;GPLD1
prerank,GO_Biological_Process_2021::positive regulation of kinase activity (GO:0033674),0.46133629319061037,1.4839156824003725,0.031105228325612178,0.09681084642270982,1.0,21/51,20.59%,CACUL1;JTB;MMD;CCL21;CCL19;AGAP2;CCR7;LCP2;TREM2;DSTYK;LAT;ADCYAP1;AZU1;INSRR;MAP2K3;PIFO;DRD4;SNX9;LMTK2;CDKN1A;RELN
prerank,GO_Biological_Process_2021::negative regulation of DNA-dependent DNA replication (GO:2000104),-0.5454176979691849,-1.4829867575647264,0.08441558441558442,0.10956912610932529,1.0,9/12,11.73%,LIG3;SMARCAL1;MSH3;GMNN;TIPIN;DONSON;ZNF830;BLM;ZRANB3
prerank,GO_Biological_Process_2021::negative regulation of protein kinase activity (GO:0006469),0.4354855880764819,1.4817043779473025,0.022881880024737167,0.09829561558221289,1.0,29/71,22.68%,PTPRO;LILRB4;THY1;CAV3;PPM1F;HYAL2;TRIB1;CORO1C;CAV1;WWTR1;CEACAM1;SLC8A3;DTNBP1;LRP5;UBASH3B;TRIB3;PYDC1;PTPN1;SFN;DVL1;PPM1E;CDKN1A;DUSP10;PYCARD;SORL1;PTPRT;SLC8A1;CHP1;PRKAG2
prerank,GO_Biological_Process_2021::eye morphogenesis (GO:0048592),0.5913193065389794,1.4814472715706897,0.05995203836930456,0.09839623020956455,1.0,7/15,15.65%,MFAP5;EFEMP1;MFAP2;FBN2;FBN1;ALDH1A3;RARG
prerank,GO_Biological_Process_2021::synaptic vesicle fusion to presynaptic active zone membrane (GO:0031629),0.633862334641497,1.481054552800927,0.06078268109908409,0.09858345909938143,1.0,5/11,13.65%,STX11;STX3;SNAP23;STX19;STX1A
prerank,GO_Biological_Process_2021::positive regulation of calcium ion transport into cytosol (GO:0010524),0.5660133974588599,1.479972739347041,0.06732976281560826,0.09926160335042558,1.0,7/17,17.14%,THY1;CXCL9;CXCL11;XCL1;CAV1;PLA2G1B;PLCG1
prerank,GO_Biological_Process_2021::regulation of DNA repair (GO:0006282),-0.3996276545799648,-1.4793588132610138,0.03512014787430684,0.1116774884571559,1.0,15/37,19.34%,EYA2;EYA3;EYA4;WRNIP1;RNF8;ERCC8;POLH;UIMC1;KAT7;EYA1;RAD52;DHX9;UBE2V1;USP1;PCNA
prerank,GO_Biological_Process_2021::transcription initiation from RNA polymerase II promoter (GO:0006367),-0.3241146321563033,-1.479225432169292,0.009708737864077669,0.11153685388165853,1.0,26/103,11.98%,MED1;MED27;TAF2;NR2E3;GTF2E1;GTF2A1;MED23;GTF2H3;TAF3;TAF13;GTF2H1;POLR2C;TAF9B;POLR2B;GTF2E2;NR2C2;TAF8;GTF2F2;ERCC3;TAF11;HNF4G;MED26;MED17;MNAT1;TBL1XR1;GTF2H5
prerank,GO_Biological_Process_2021::mesonephros development (GO:0001823),0.6455098091621715,1.479185717150397,0.06970954356846473,0.09974027472062598,1.0,6/10,18.72%,OSR1;FGF8;BMP4;GATA3;FGF10;BMP7
prerank,GO_Biological_Process_2021::oligodendrocyte differentiation (GO:0048709),-0.47543317724236006,-1.4785207970457974,0.057803468208092484,0.11171015189533617,1.0,7/19,13.53%,MYRF;SOX8;SOX13;EIF2B3;SOX10;SHH;EIF2B2
prerank,GO_Biological_Process_2021::positive regulation of potassium ion transmembrane transport (GO:1901381),-0.4047754758069946,-1.4782785602689437,0.0427807486631016,0.11167116614645398,1.0,12/34,19.14%,KCNJ16;KCNJ10;KCNJ15;KCNMB4;NOS1AP;KCNIP2;KCNJ2;WNK3;AKAP9;WNK1;AMIGO1;KCNMB1
prerank,GO_Biological_Process_2021::positive regulation of protein serine/threonine kinase activity (GO:0071902),0.44164429037458647,1.4770879501985539,0.02610316967060286,0.10114304272434746,1.0,28/65,23.20%,S100A12;ADIPOQ;SYAP1;LTF;RGCC;GH1;ADAM8;EDN1;IL34;NEK10;FERMT2;HMGA2;EGF;CD24;EPGN;RALB;RHOA;RASGRP1;DIRAS1;ROBO1;EDN3;PKD2;PIK3R6;FGF18;PARP16;LRRK2;PDGFD;TCL1B
prerank,GO_Biological_Process_2021::ureteric bud development (GO:0001657),0.5868867595787819,1.4766252266555455,0.05813040062843677,0.10137642358346458,1.0,10/15,20.38%,OSR1;TCF21;FOXJ1;NPNT;ROBO2;BMP4;SLIT2;BMP7;PKD2;BMP2
prerank,GO_Biological_Process_2021::glutathione biosynthetic process (GO:0006750),0.6377435696517946,1.476601489936348,0.07395234182415776,0.1012931726797063,1.0,9/11,29.95%,CHAC2;CHAC1;GGT1;GSS;MGST2;GCLM;GCLC;HAGH;GGCT
prerank,GO_Biological_Process_2021::vitamin D metabolic process (GO:0042359),0.6413387482904913,1.4760845648306389,0.06970954356846473,0.10158790731814447,1.0,5/10,8.90%,CUBN;LGMN;CYP1A1;GC;CYP11A1
prerank,GO_Biological_Process_2021::intracellular cholesterol transport (GO:0032367),0.602795005887284,1.4759537614059663,0.07113985448666128,0.10159040812897231,1.0,6/13,21.00%,NPC2;LDLR;STARD4;NPC1;STAR;ABCG1
prerank,GO_Biological_Process_2021::regulation of clathrin-dependent endocytosis (GO:2000369),0.6013276544709366,1.47592321664431,0.06587301587301587,0.10152388163454586,1.0,8/14,25.61%,BMP2K;SMAP1;DAB2;SCYL2;WASL;NEU3;AAK1;UNC119
prerank,GO_Biological_Process_2021::lipid homeostasis (GO:0055088),0.46886376417846265,1.4758314837259878,0.03963011889035667,0.10150119605399734,1.0,20/48,21.77%,RCN3;PNPLA5;APOA5;CETP;TLCD2;TREM2;CLN8;ABHD5;USF1;APOA1;ENPP7;XBP1;ACOX2;ACOXL;CEBPA;APOE;IRS2;ABCG1;FBXW7;DGAT2
prerank,GO_Biological_Process_2021::positive regulation of Rho protein signal transduction (GO:0035025),0.5099493466780187,1.4754407297833794,0.06117989803350328,0.10170730790464083,1.0,17/27,26.65%,GPR65;GPR4;NET1;APOA1;F11R;F2RL1;LPAR6;F2RL2;GPR35;ROBO1;ADGRG1;GPR18;LPAR4;LPAR1;AKAP13;ARHGEF3;ARRB1
prerank,GO_Biological_Process_2021::negative regulation of protein modification process (GO:0031400),0.446175397099688,1.4749601015062468,0.03005635566687539,0.1019701816555306,1.0,25/61,24.03%,PID1;BEX4;FBLN1;MYADM;P3H1;IGFBP3;OCLN;CRTAP;CORO1C;WWTR1;FXYD1;SLIT2;PTEN;SIRPA;KLHL31;PPP1R15B;ZC3H12A;PAQR3;G6PD;CHP1;DBI;LRRK2;SH3GL2;PIP5KL1;PPP1R15A
prerank,GO_Biological_Process_2021::proteolysis involved in cellular protein catabolic process (GO:0051603),0.4445779533465468,1.4740651022209992,0.034612964128382634,0.10253283581337329,1.0,31/59,25.04%,RSPRY1;ADAMTS7;LGMN;CTSV;CTSZ;ADAMTS12;CTSW;CTSF;CTSL;CTSO;GZMA;CHMP4C;GZMB;PMAIP1;CTSH;CTSB;TNFAIP3;VCP;STUB1;CAPN2;NR1D1;CHMP4B;UBB;NGLY1;PDCD6IP;PSMA8;ISG15;ATXN3;RNF123;HM13;YME1L1
prerank,GO_Biological_Process_2021::embryonic skeletal system development (GO:0048706),-0.4097638910774526,-1.473723222534258,0.05555555555555555,0.11440421810896921,1.0,11/31,9.45%,HOXD9;HOXC9;WNT9A;SOX11;SIX1;HOXC4;MEGF8;HOXD4;FUZ;DSCAML1;HOXB4
prerank,GO_Biological_Process_2021::post-transcriptional gene silencing by RNA (GO:0035194),-0.4584862523198935,-1.473414765427101,0.05943536404160475,0.11439082944305483,1.0,9/20,22.16%,MOV10L1;AGO3;NRDE2;AGO1;AGO4;MOV10;TNRC6A;CNOT6;TNRC6C
prerank,GO_Biological_Process_2021::regulation of sequestering of calcium ion (GO:0051282),0.6455753305086684,1.4732478889187859,0.07477403451109285,0.10302261504371556,1.0,9/10,28.13%,ANXA6;LIME1;DIAPH1;UBASH3B;RYR2;ANK2;CASQ2;TRDN;CASQ1
prerank,GO_Biological_Process_2021::mitotic cytokinetic process (GO:1902410),0.5524550691805581,1.4729714828370306,0.05913978494623656,0.1031278901445152,1.0,15/20,26.84%,KLHDC8B;CHMP4C;CHMP7;CHMP3;CHMP2B;RHOA;CHMP4B;PDCD6IP;MITD1;CHMP4A;CHMP1B;CHMP1A;CHMP6;CHMP2A;VPS4B
prerank,GO_Biological_Process_2021::negative regulation of apoptotic signaling pathway (GO:2001234),0.46295812224188354,1.472569226289364,0.03823720025923526,0.10333024808255906,1.0,22/49,25.81%,GPX1;SLC35F6;PLAUR;TMEM14A;THBS1;PPIF;CX3CR1;ITGA6;GATA4;NR4A2;BMP4;BDNF;PRELID1;TRIAP1;ASAH2;MAPK8IP2;NOL3;AVP;TMBIM6;FXN;GHITM;MPV17L
prerank,GO_Biological_Process_2021::lipid biosynthetic process (GO:0008610),-0.3558396185719245,-1.4724451802286096,0.014388489208633094,0.11483916550530851,1.0,23/63,15.67%,LSS;FADS1;MVD;AGPAT3;AGPAT4;AGPAT5;ACSF3;GPAT2;CYP51A1;GGPS1;SRD5A2;GPAT4;GPAM;CBR4;PDSS2;PDSS1;MCAT;GNPAT;MVK;SCD5;HSD17B8;AGPS;MLYCD
prerank,GO_Biological_Process_2021::intrinsic apoptotic signaling pathway in response to DNA damage (GO:0008630),0.48435504499812343,1.471292541126966,0.048005409060175794,0.10418074068113507,1.0,21/36,26.17%,PHLDA3;CRIP1;CDIP1;BCL2L11;TP73;TNFRSF1B;BCL3;CIDEB;PML;HIC1;BAK1;SFN;PYCARD;RPS27L;TMEM109;DDIT4;AEN;FNIP2;HIPK1;IKBKE;BAX
prerank,GO_Biological_Process_2021::regulation of B cell differentiation (GO:0045577),0.6168137144643547,1.4706269110116192,0.06904955320877336,0.10456657833607987,1.0,8/12,20.53%,SLAMF8;NCKAP1L;ZFP36L1;IL4I1;XBP1;FCRL3;INHA;ID2
prerank,GO_Biological_Process_2021::glycoprotein metabolic process (GO:0009100),0.4602377398335382,1.47029002565568,0.039525691699604744,0.10473400487183665,1.0,25/48,25.15%,GAL3ST4;MAN1A1;MAN2B1;HIF1A;ERP44;ST6GALNAC6;MAN1A2;MANBA;NEU4;MAN1C1;ST8SIA1;ADAMTS9;MAN1B1;ST8SIA2;ST8SIA4;FBXO17;GANAB;NGLY1;TNIP1;FBXO27;PRKCSH;MGAT4A;ST8SIA5;FUT8;MAN2A1
prerank,GO_Biological_Process_2021::positive regulation of protein depolymerization (GO:1901881),0.6288801198172653,1.469953647997089,0.06356968215158924,0.10487924325353014,1.0,8/11,22.91%,VIL1;WDR1;CFL2;PDXP;F2RL1;NES;PLEK;STMN2
prerank,GO_Biological_Process_2021::Golgi to lysosome transport (GO:0090160),0.6310840803557555,1.4698939434205511,0.072,0.10482742623986933,1.0,8/11,26.77%,LAPTM5;EHD3;AP4M1;CLN3;LAMP1;CCDC91;GAK;SORT1
prerank,GO_Biological_Process_2021::cell-cell junction organization (GO:0045216),0.4381808016313358,1.469754973272628,0.03238095238095238,0.10485194144666514,1.0,35/67,24.35%,LIMS2;PRTN3;ANG;LIM2;MYADM;CLDN5;CDH5;CD177;OCLN;CSK;TLN2;SMAD3;LIMS1;DSP;CTNND1;GJA4;CDH2;F2RL1;TLN1;CDH1;GJC1;PKHD1;JUP;MARVELD2;DSG2;TJP1;PKP1;CDH17;DCHS1;CDH11;TJP3;ARVCF;CDH24;CDH12;FSCN1
prerank,GO_Biological_Process_2021::regulation of erythrocyte differentiation (GO:0045646),0.514255284352185,1.468964620915063,0.05873821609862219,0.10532541511005442,1.0,17/26,22.63%,FAM210B;TAL1;GATA1;HIF1A;NCKAP1L;FOXO3;MAFB;ZFP36L1;ETS1;HSPA9;LDB1;SPI1;PRMT1;STAT5B;STAT1;ARNT;ZFP36
prerank,GO_Biological_Process_2021::positive regulation of cytokine production involved in immune response (GO:0002720),0.5185877248425336,1.4677658731762373,0.05236363636363636,0.10610288758885983,1.0,16/26,23.25%,KIR2DL4;LAPTM5;CLEC7A;SCIMP;CD160;XCL1;PLCG2;B2M;CD226;F2RL1;CD55;TRAF6;TRAF2;SLC7A5;HLA-A;SPHK2
prerank,GO_Biological_Process_2021::brain development (GO:0007420),-0.31136701849751386,-1.4673929638908842,0.01762114537444934,0.11796522713010149,1.0,27/132,10.78%,SLC6A17;SPEF2;NKX2-2;GRHL2;PBX4;ZIC2;DLX2;VCX3B;SCTR;CENPF;GRIN2C;NCOA6;CNTNAP2;VCX;BBS2;ZIC1;DHX37;EMX1;DSCAML1;PBX3;MEIS3;CDK5RAP2;ATXN1;MAP1S;NDRG4;EMX2;NIPBL
prerank,GO_Biological_Process_2021::protein import into nucleus (GO:0006606),-0.34477159336808394,-1.46735272802839,0.017857142857142856,0.11776191394276538,1.0,23/66,17.78%,IPO4;KPNA1;TNPO2;POM121;NUP133;NUP188;NUP35;CSE1L;KPNA5;IPO5;RGPD4;KPNA2;KPNA3;IPO13;POM121C;RANBP6;TNPO3;APPL2;KPNA6;IPO7;NXT2;IPO9;NUTF2
prerank,GO_Biological_Process_2021::positive regulation of phosphatase activity (GO:0010922),0.5987315716107328,1.4667822158757704,0.0696,0.10676068803698527,1.0,9/14,24.86%,CD300A;MEF2C;ITGA1;PPP1R15B;PLEK;GPLD1;BMP2;PPP1R15A;RIPK3
prerank,GO_Biological_Process_2021::tRNA wobble uridine modification (GO:0002098),-0.5390025275018365,-1.4667359830809674,0.08176100628930817,0.11794999908365854,1.0,7/12,21.09%,ELP4;ELP3;CTU1;MTO1;CTU2;ALKBH8;KTI12
prerank,GO_Biological_Process_2021::regulation of glucose transmembrane transport (GO:0010827),0.6081135431167728,1.4666983296810996,0.07063492063492063,0.1067269598702894,1.0,9/13,26.92%,NR4A3;GH1;OCLN;PLA2G1B;TRIB3;FFAR4;PRKAG2;SLC2A1;RTN2
prerank,GO_Biological_Process_2021::negative regulation of mitochondrion organization (GO:0010823),0.5208452604799653,1.4658117687159826,0.05316091954022988,0.1073115609490631,1.0,8/25,17.10%,GPX1;VAT1;SLC35F6;TMEM14A;PPIF;PRELID1;IAPP;TRIAP1
prerank,GO_Biological_Process_2021::negative regulation of peptidyl-serine phosphorylation (GO:0033137),0.580771714086774,1.4654790315123178,0.06135458167330677,0.10746852256759734,1.0,9/15,23.14%,DMTN;PPM1F;CAV1;NCK1;PTEN;NCK2;PAQR3;DDIT4;MLXIPL
prerank,"GO_Biological_Process_2021::nuclear-transcribed mRNA catabolic process, deadenylation-dependent decay (GO:0000288)",-0.3682235585873554,-1.4647775973123502,0.038288288288288286,0.11905233429449626,1.0,14/53,13.64%,EXOSC2;EXOSC9;EXOSC4;EXOSC5;TTC37;EXOSC3;PARN;EDC3;HBS1L;EXOSC7;CNOT3;EXOSC1;EXOSC8;RC3H1
prerank,GO_Biological_Process_2021::regulation of peptidyl-serine phosphorylation (GO:0033135),0.44002671295097834,1.4642117621739725,0.031269543464665414,0.10832166850305344,1.0,29/64,23.49%,DMTN;PPM1F;CSF3;HCLS1;CREBL2;PAK1;LIF;CAV1;SH2D3C;SFRP2;OSM;NCK1;PTEN;NCK2;BDNF;PRKD2;RIPK2;IL11;NTF3;TBK1;SPTBN4;PAQR3;STK4;DDIT4;NTF4;AVP;MLXIPL;TCL1B;FNIP2
prerank,GO_Biological_Process_2021::epithelial tube morphogenesis (GO:0060562),0.5064892816260367,1.4637216912284579,0.05218012866333095,0.10860138611641126,1.0,14/27,19.53%,RASIP1;PODXL;PAK1;PRKX;BMP4;SLIT2;GATA3;FGF10;PRKD2;MEF2C;PKHD1;PKD2;GLI2;RYR2
prerank,GO_Biological_Process_2021::negative regulation of signaling receptor activity (GO:2000272),0.5492154920225173,1.4631870429812903,0.06479313036690086,0.1089155412260003,1.0,10/19,19.62%,CNRIP1;LILRB4;ACE2;SLC6A9;HFE;CBL;SNX6;CLEC12B;CBLB;CBLC
prerank,GO_Biological_Process_2021::regulation of response to DNA damage stimulus (GO:2001020),-0.40116725280661825,-1.4625058694814062,0.04900181488203267,0.12037682235090487,1.0,14/34,18.51%,ETAA1;WRNIP1;RPA2;RFWD3;KMT5A;POLH;NEK4;USP51;FEM1B;FXR2;NKX3-1;NSMCE4A;UBE2V1;USP1
prerank,GO_Biological_Process_2021::response to growth factor (GO:0070848),0.511286426971822,1.462486411156928,0.06493506493506493,0.10935285466158562,1.0,15/25,23.54%,CPNE3;IBSP;SHC1;MYC;SPHK1;TWF2;GATA6;TGFBR2;SOX2;STAT5B;MAPK7;KLF4;BMPR1B;EMD;LRP2
prerank,GO_Biological_Process_2021::positive regulation of endopeptidase activity (GO:0010950),0.5665623831351995,1.4623858073217735,0.06847253574115876,0.10932761794897156,1.0,9/16,26.24%,SERPINB3;AIM2;MEFV;PRELID1;USP50;PYCARD;EFNA3;PICALM;NCSTN
prerank,GO_Biological_Process_2021::regulation of JNK cascade (GO:0046328),0.42650868716226387,1.4622989705124705,0.020506634499396863,0.10927860858056732,1.0,31/80,21.33%,AIDA;DUSP15;AMBP;CCL21;NCF1;TGFBR3;CCL19;SERPINF2;CCR7;CARD9;TIRAP;SEMA3A;SIRPA;F2RL1;KLHL31;TRAF6;TRAF1;TAOK2;RASGRP1;NCOR1;SLAMF1;TRAF2;MAP4K2;FGF19;TAOK3;TNFRSF19;DUSP10;PYCARD;SDCBP;TRAF3;MAPK8IP2
prerank,GO_Biological_Process_2021::bone morphogenesis (GO:0060349),0.6336040041528713,1.4612976108208373,0.06400665004156277,0.10996517324887779,1.0,7/10,22.89%,IFITM5;LTF;SFRP4;TFAP2A;LRP5;BMPR1B;SKI
prerank,GO_Biological_Process_2021::regulation of cell-cell adhesion mediated by cadherin (GO:2000047),0.6111307130679033,1.4604829886399144,0.07504078303425775,0.11049861766918434,1.0,9/13,22.90%,SERPINF2;PPM1F;RGCC;NOTCH4;BMP6;ADAM19;TJP1;FLOT1;FOXA2
prerank,GO_Biological_Process_2021::mitotic metaphase plate congression (GO:0007080),-0.3648529753533968,-1.4600417780900186,0.023809523809523808,0.12184915465126964,1.0,15/50,9.71%,NUF2;CDC23;CENPC;CDCA5;RRS1;KIF22;KIF2C;CHAMP1;ZW10;NDC80;KIF18A;KIF14;PINX1;CENPE;BOD1
prerank,GO_Biological_Process_2021::mRNA metabolic process (GO:0016071),-0.33859881820922744,-1.4600014417830145,0.012422360248447204,0.12164524477412744,1.0,20/83,14.01%,ZC3H12D;USP39;TCERG1;LSM11;PNPT1;KIN;PRPF18;U2AF1;GEMIN2;CPSF6;DIS3L2;CPSF3;DXO;AKAP8L;DHX15;AGO3;SF3A1;NUDT21;CSTF3;AGO4
prerank,MSigDB_Hallmark_2020::Fatty Acid Metabolism,0.39657709211462777,1.459769282763307,0.010508849557522125,0.11099240249730687,1.0,58/135,26.41%,HSD17B11;SERINC1;MDH1;XIST;LTC4S;G0S2;REEP6;CYP1A1;CD1D;INMT;HPGD;VNN1;CIDEA;ALDH3A1;OSTC;SMS;CD36;ADH7;GABARAPL1;FABP2;IL4I1;TDO2;ACSL4;ACOT2;PTPRG;CRYZ;ACADL;SDHD;UGDH;CEL;CBR3;S100A10;ALDH1A1;BLVRA;YWHAH;GLUL;UBE2L6;HMGCS2;BPHL;BCKDHB;ALDOA;ALDH9A1;BMPR1B;RDH16;MDH2;HCCS;ENO3;SDHC;DLD;FMO1;ACSM3;AQP7;GAPDHS;EPHX1;HSPH1;SUCLG1;FASN;SDHA
prerank,GO_Biological_Process_2021::cellular response to exogenous dsRNA (GO:0071360),0.612341482646819,1.4594180401360204,0.07235772357723577,0.11116491403894273,1.0,8/12,21.36%,COLEC12;DDX58;IFIT1;IFIH1;CAV1;RALB;ZCCHC3;FLOT1
prerank,GO_Biological_Process_2021::positive regulation of DNA-binding transcription factor activity (GO:0051091),0.39327193516546216,1.4591676966781637,0.004896626768226333,0.11127344827269475,1.0,91/175,28.30%,ANXA3;NFAM1;S100A12;MYOCD;TLR6;S100A8;TNFRSF11A;DDX58;CLEC7A;LTF;RGCC;AIM2;CSF3;CARD9;ADAM8;HCLS1;EDN1;IRAK2;PPARGC1A;MTPN;TIRAP;S100A9;CX3CR1;SMAD3;NLRC4;CARD16;CD36;CAV1;PLA2G1B;FLOT2;CEBPG;SPHK1;EIF2AK2;PLCG2;PTEN;RPS6KA4;MYD88;PRKD2;TRAF6;ARHGEF5;TRAF1;TRIM38;RIPK2;LRP8;JMY;IRAK3;TRIM5;PRDX3;LPAR5;JUP;UBE2N;LGALS9;TRAF2;BCL10;TRIM62;PYCARD;UBB;TRIM25;NOD1;RELN;FLOT1;TRIM22;IL1RAP;PHB2;RAB7B;NEUROD1;TRIM31;RHEBL1;PPARGC1B;ADCY8;RIPK3;RNF31;CARD11;DDIT3;BUD31;RIPK4;IKBKE;CAMK2A;SMARCA4;TAB1;IKBKG;DDRGK1;LAMTOR5;TRADD;TAB2;LRP6;SRF;PLPP3;RPS6KA5;FOXA1;TCF3
prerank,GO_Biological_Process_2021::adenylate cyclase-modulating G protein-coupled receptor signaling pathway (GO:0007188),0.40972942617509533,1.4591509614592872,0.018724400234055003,0.11118612078786105,1.0,55/106,26.32%,GPR65;ADGRL4;PSAPL1;MARCO;FPR2;FPR1;ADGRE3;CALCB;GPR4;CXCL9;PTGIR;PF4;ADGRE2;CXCL11;CCR3;GCG;AKAP12;GPHA2;GNAL;ADGRL2;GPR37L1;ADCYAP1;GPR78;GNAT2;PTGFR;ADGRE5;GNAI1;IAPP;MC4R;GNA13;ADGRL3;GRK5;GNAI3;GNAT1;VIPR1;RGS1;PSAP;ADGRB1;GNA14;VIP;ADGRG2;ADGRG1;GNAS;LPAR2;WASF2;ADGRG6;ADGRG4;CRHR1;LPAR1;ADCY8;GPR37;LPAR3;GHRH;GNAQ;GNA15
prerank,GO_Biological_Process_2021::negative regulation of secretion by cell (GO:1903531),0.5143083578090878,1.4588181499757609,0.057203389830508475,0.11135537179986676,1.0,12/27,18.84%,ADTRP;LILRB1;RSAD2;RHBDF2;RHBDF1;LIF;OSM;TNFRSF1B;ANXA1;IL11;DRD4;APOE
prerank,GO_Biological_Process_2021::apical protein localization (GO:0045176),-0.5606292505422431,-1.4583998371894111,0.07352941176470588,0.12251553326796957,1.0,5/10,15.43%,MAL;ACTB;ATP8B1;INSC;VANGL2
prerank,GO_Biological_Process_2021::regulation of catabolic process (GO:0009894),0.6100481612211457,1.4582191554361934,0.06639004149377593,0.11171220044716963,1.0,5/12,15.60%,ZDHHC7;RARRES2;HPGD;FURIN;TMEM9
prerank,GO_Biological_Process_2021::calcium ion transport into cytosol (GO:0060402),-0.5174771022648975,-1.4580213017412105,0.06925207756232687,0.12252174470120993,1.0,6/13,16.42%,GRIN2C;TRPM1;CACNA2D1;CACNB3;JPH1;ATP2B4
prerank,GO_Biological_Process_2021::striated muscle tissue development (GO:0014706),0.5014050852639425,1.45799796481211,0.05266955266955267,0.11179361285046449,1.0,19/28,24.84%,SVIL;MYLPF;RBP4;MYH14;MSC;CAV1;SGCG;CSRP3;MYF6;MEF2C;MYL6B;MYL6;PGM5;ZBTB18;BMP7;TBX2;IGSF8;MYOZ1;SGCD
prerank,GO_Biological_Process_2021::negative regulation of metabolic process (GO:0009892),0.4661957103758389,1.4574655075675784,0.04976141785957737,0.11211401238265307,1.0,16/41,19.24%,ZDHHC7;CCDC3;ADAMTS5;APOC2;ADIPOQ;CIDEA;ID1;APOC1;BTN2A2;MAP2K6;FOXC2;ARNTL;ACTN3;PCTP;ALDH1A1;NR1D1
prerank,GO_Biological_Process_2021::regulation of transferase activity (GO:0051338),0.5614524737617725,1.4568286028432502,0.0782122905027933,0.1124910643023674,1.0,4/17,7.91%,HMBOX1;EMP2;SLAMF8;LDB2
prerank,GO_Biological_Process_2021::regulation of alcohol biosynthetic process (GO:1902930),-0.5300178559179627,-1.4566667501880879,0.08213820078226858,0.12320786579176868,1.0,4/12,15.70%,CLCN2;DGKQ;MBTPS2;ABCA2
prerank,GO_Biological_Process_2021::regulation of fibroblast migration (GO:0010762),0.5885763299880634,1.4560757105806712,0.07513988808952837,0.1129761134093853,1.0,5/14,12.42%,THBS1;DMTN;HYAL2;CORO1C;CLN3
prerank,GO_Biological_Process_2021::pyrimidine deoxyribonucleotide catabolic process (GO:0009223),-0.5185100841276264,-1.4559435361791513,0.08571428571428572,0.12345563004983358,1.0,8/13,19.76%,OGG1;SMUG1;NTHL1;TDG;NT5M;MBD4;DUT;UNG
prerank,GO_Biological_Process_2021::antigen processing and presentation of exogenous peptide antigen via MHC class II (GO:0019886),0.4223679817920544,1.4555659628361757,0.018685955394816153,0.11316953709810727,1.0,44/86,24.94%,CTSE;IFI30;HLA-DQB2;LGMN;AP1S3;CTSV;HLA-DPB1;HLA-DMA;HLA-DOB;HLA-DMB;HLA-DOA;HLA-DPA1;HLA-DQA2;HLA-DQB1;FCER1G;CTSF;HLA-DQA1;HLA-DRA;CANX;CTSL;AP1M2;AP2A2;CAPZA1;CTSD;AP1B1;KIF26A;SPTBN2;CAPZA2;CLTC;AP2B1;DCTN3;AP2S1;AP2A1;SEC24D;AP1M1;DCTN6;RILP;DYNLL2;SH3GL2;RAB7A;CAPZB;AP1S1;SEC13;SEC23A
prerank,GO_Biological_Process_2021::antigen processing and presentation of peptide antigen via MHC class II (GO:0002495),0.4223679817920544,1.4555659628361757,0.018685955394816153,0.11316953709810727,1.0,44/86,24.94%,CTSE;IFI30;HLA-DQB2;LGMN;AP1S3;CTSV;HLA-DPB1;HLA-DMA;HLA-DOB;HLA-DMB;HLA-DOA;HLA-DPA1;HLA-DQA2;HLA-DQB1;FCER1G;CTSF;HLA-DQA1;HLA-DRA;CANX;CTSL;AP1M2;AP2A2;CAPZA1;CTSD;AP1B1;KIF26A;SPTBN2;CAPZA2;CLTC;AP2B1;DCTN3;AP2S1;AP2A1;SEC24D;AP1M1;DCTN6;RILP;DYNLL2;SH3GL2;RAB7A;CAPZB;AP1S1;SEC13;SEC23A
prerank,GO_Biological_Process_2021::regulation of oxidative phosphorylation (GO:0002082),0.5828207593889433,1.455292264452166,0.06712962962962964,0.1132866676412505,1.0,10/15,26.45%,COX7A1;NUPR1;PPIF;ACTN3;VCP;UQCC2;ATP7A;MLXIPL;SLC25A33;COX7A2
prerank,GO_Biological_Process_2021::ventricular septum morphogenesis (GO:0060412),0.5424619247876726,1.45498595772233,0.07163958641063516,0.11342533522028485,1.0,14/20,29.04%,TGFBR3;ROBO2;SLIT3;NKX2-5;HEYL;BMP4;SLIT2;TGFBR2;ROBO1;NOG;HEY1;SMAD4;ZFPM2;SOX4
prerank,GO_Biological_Process_2021::positive regulation of G protein-coupled receptor signaling pathway (GO:0045745),-0.5140026556986207,-1.4547358850424135,0.06586021505376344,0.12404607494341822,1.0,5/13,14.14%,NECAB2;MRAP2;MRAP;KLK6;CHGA
prerank,GO_Biological_Process_2021::positive regulation of immune system process (GO:0002684),0.5984485944187695,1.4540154290268992,0.07349491790461297,0.11409990652385103,1.0,8/13,18.68%,LILRB2;RSAD2;NCKAP1L;MADCAM1;PLA2G1B;ANXA1;LGALS9;IFNL1
prerank,GO_Biological_Process_2021::plasma membrane tubulation (GO:0097320),0.6052325529532094,1.452922760589318,0.08019246190858059,0.11487964729605261,1.0,7/12,25.35%,EHD2;BIN2;FNBP1L;SNX9;CHMP4A;WHAMM;PACSIN1
prerank,GO_Biological_Process_2021::mitochondrial fusion (GO:0008053),-0.48871933523280353,-1.4529061669658174,0.076163610719323,0.12516518475431365,1.0,5/16,19.20%,PLD6;USP30;AFG3L2;MIEF1;OPA1
prerank,GO_Biological_Process_2021::regulation of neuron migration (GO:2001222),-0.4276389524297331,-1.4528265591889058,0.04723127035830619,0.12498654221215823,1.0,4/25,2.32%,NTNG2;NTNG1;KIF20B;NSMF
prerank,GO_Biological_Process_2021::glycosphingolipid biosynthetic process (GO:0006688),0.5885919788549706,1.452791168501114,0.07940251572327044,0.11488210032952768,1.0,9/14,24.63%,A4GALT;ST6GALNAC6;B4GALNT1;ST8SIA1;ST8SIA2;ST8SIA4;ST6GALNAC5;ST3GAL5;ST8SIA5
prerank,GO_Biological_Process_2021::cellular biogenic amine metabolic process (GO:0006576),0.6202137469539146,1.4515090083057673,0.07654723127035831,0.11577375640896395,1.0,9/11,24.51%,AMD1;OAZ2;SRM;SMS;SULT1B1;DDC;HNMT;ATP7A;SLC22A3
prerank,GO_Biological_Process_2021::regulation of cell differentiation (GO:0045595),0.4012864410768405,1.4514630433397049,0.021034678794769755,0.11570917972254681,1.0,53/119,23.70%,NREP;PLEKHB2;SLC6A6;EMP2;RUNX2;SCIN;SERPINF2;SPOCK2;OCIAD1;SMOC1;LTBP4;SNAI2;ALOX15B;BCL6B;NOTCH4;LIF;MAFB;ZFP36L1;FLOT2;FGF8;EIF2AK2;CD24;CEBPB;GATA3;BDNF;ST7;TFAP2A;CEBPD;UQCC2;PRAME;NTF3;RUNX1;EDN3;NANOG;TFAP2B;PDCD2;NR1D1;PHLDB2;CDK5R1;YWHAH;GNB3;RUNX3;ID2;ELL3;PA2G4;NTF4;ZFHX3;KLF4;BMPR1B;KLHL41;TBX1;NEUROD1;HEY1
prerank,GO_Biological_Process_2021::purinergic nucleotide receptor signaling pathway (GO:0035590),0.6263170246219619,1.4513663605653866,0.08757297748123437,0.11567499653798888,1.0,7/11,23.64%,CTSG;C3AR1;MEFV;PSTPIP1;ANO6;PYCARD;ENTPD1
prerank,GO_Biological_Process_2021::positive regulation of calcium ion transmembrane transport (GO:1904427),0.5902522025602566,1.4512103286233822,0.08265139116202946,0.11569619478337756,1.0,10/13,29.68%,THY1;CXCL9;CXCL11;XCL1;PLCG1;ANK2;TRPC1;CEMIP;CASQ1;GPER1
prerank,GO_Biological_Process_2021::protein localization to vacuole (GO:0072665),0.6108354127989296,1.4509458379215947,0.06917164816396243,0.1158136525464069,1.0,8/13,28.86%,MFSD1;GLMP;GBP1;RNF128;CD81;SH3GLB1;LAMTOR5;SZT2
prerank,GO_Biological_Process_2021::positive regulation of cellular component biogenesis (GO:0044089),0.4256385200704214,1.45074072983361,0.027194066749072928,0.11587050284518617,1.0,37/72,26.84%,EMILIN1;VIL1;PFN3;BIK;CLEC7A;CDH5;TAL1;RGCC;HYAL1;SYNPO2;TIRAP;SMAD3;BCL2L11;SYNPO;BMF;BID;HAS3;HRK;VCP;BAK1;PLEK;RHOC;BMP7;BRK1;SMPD3;LIMK1;SDCBP;PDCD6IP;FLOT1;RAB7A;FNIP2;AJUBA;NRG1;SH3GLB1;BAX;CHMP2A;VPS4B
prerank,GO_Biological_Process_2021::regulation of protein localization to plasma membrane (GO:1903076),0.44623208407861176,1.4506490794193054,0.039440203562340966,0.11584836818487976,1.0,27/56,23.66%,TMBIM1;PID1;ZDHHC7;CNPY4;STAC;PTPN9;ABI3;SORBS1;TREM2;GBP1;STX3;TMEM59;CLN3;ARHGEF16;PLS1;RHOQ;DAB2;ITGA3;NUMB;CLTC;RHOG;ARF6;STX4;NKD2;PICALM;SQSTM1;SPTBN1
prerank,GO_Biological_Process_2021::regulation of heart contraction (GO:0008016),0.431966731511507,1.4497804065412285,0.0327970297029703,0.1164481951105948,1.0,42/68,29.22%,TMIGD3;DES;FXYD6;ACE2;CAV3;TPM1;APELA;HSPB7;ATP1B2;NKX2-5;ATP1A4;KCNG2;FXYD1;S100A1;PLN;SLC8A3;TMEM65;CELF2;DMPK;ATP1A3;RYR2;NPR2;FXYD3;GJA5;SLC8A1;APLN;TBX2;ANK2;ADORA3;CASQ2;ATP2B2;FXYD4;ATP2B3;TRPC1;TRDN;NPPA;ITPR3;CASQ1;ATP2B1;CYP2J2;FXYD2;ATP2A1
prerank,GO_Biological_Process_2021::gland development (GO:0048732),0.4392232749474991,1.449522335856336,0.03858520900321544,0.11655254053325838,1.0,35/61,25.82%,ZBTB1;IGSF3;TCF21;TGFBR3;ALOX15B;NOTCH4;CAV1;NKX2-5;PRL;CEBPG;ANXA1;XBP1;HAND2;FGF10;CEBPA;LSR;SOX2;TDGF1;TBX3;PKD2;SOX9;GLI2;DKK3;EZR;STRA6;TBX1;PRKCSH;NKX2-8;FADD;RIPK3;TG;MSN;NRG1;MDK;GFER
prerank,GO_Biological_Process_2021::positive regulation of plasma membrane bounded cell projection assembly (GO:0120034),0.43184661364602867,1.4493248536464738,0.03007518796992481,0.1166210190024175,1.0,38/68,24.35%,DEF8;AVIL;CCL21;CCL19;EPS8L1;CCR7;CDC42EP5;CYFIP1;OCLN;NCKAP1;EPS8L2;DPYSL3;RAC2;TWF2;CDC42EP3;AKIRIN1;CDC42EP4;F2RL1;FNBP1L;RHOQ;ABI2;ACTR2;AGRN;BRK1;EPS8;WASL;DOCK11;ARAP1;PLCE1;CDC42;NDEL1;RALA;PALM;CROCC;ARPC2;WASF2;ACTR3;FSCN1
prerank,GO_Biological_Process_2021::regulation of triglyceride catabolic process (GO:0010896),0.6315910746111394,1.4492302598800686,0.07216494845360824,0.11660045706980306,1.0,7/10,20.45%,APOA5;APOC2;ABHD5;APOA1;PLIN5;GPLD1;SORL1
prerank,GO_Biological_Process_2021::cyclic-nucleotide-mediated signaling (GO:0019935),0.5017734545702427,1.4490349299654608,0.06583760058522312,0.11665675748238596,1.0,13/27,23.69%,NUDT4;CAP2;CD36;AQP1;ADCYAP1;NPPB;DEFB1;APOE;SOX9;CAP1;MAPK7;PDE9A;ADGRG6
prerank,GO_Biological_Process_2021::regulation of pseudopodium assembly (GO:0031272),0.6403200030351269,1.447560013412458,0.06879194630872483,0.11763668756990037,1.0,7/10,21.04%,CCL21;CCR7;CDC42EP5;CDC42EP3;CDC42EP4;F2RL1;CDC42
prerank,GO_Biological_Process_2021::positive regulation of pseudopodium assembly (GO:0031274),0.6403200030351269,1.447560013412458,0.06879194630872483,0.11763668756990037,1.0,7/10,21.04%,CCL21;CCR7;CDC42EP5;CDC42EP3;CDC42EP4;F2RL1;CDC42
prerank,GO_Biological_Process_2021::regulation of cell death (GO:0010941),0.4237537288462785,1.4474035199282982,0.02904820766378245,0.11766155058992227,1.0,37/79,22.34%,SLFN11;SNCG;CCL5;CTSZ;HPR;VPS35;CD36;FERMT2;PRODH;PHB;SPEF1;TNFRSF1B;NCK1;BMP4;ACOX2;SLC25A24;RRAS2;DCC;HP;TXNDC12;CIDEB;OLFM4;RIPK2;TBK1;ZC3H12A;BMP7;SARM1;CELF1;CHMP4B;UBB;RAB29;AXIN2;PARP16;CHP1;TMEM109;LRPAP1;LRRK2
prerank,GO_Biological_Process_2021::regulation of lipid storage (GO:0010883),0.6126587099706859,1.4467600083990395,0.07477403451109285,0.1180666083664005,1.0,8/12,25.90%,LPL;CRP;PLIN5;ZC3H12A;PTPN2;FBXW7;MEST;IKBKE
prerank,GO_Biological_Process_2021::N-acetylglucosamine metabolic process (GO:0006044),0.5935066554244323,1.4466477175951216,0.08134757600657354,0.118052595833746,1.0,10/13,30.72%,CHST4;RENBP;CHST1;GNPDA1;NAGK;GNPDA2;EXTL2;CHST6;CHST2;AMDHD2
prerank,GO_Biological_Process_2021::cellular response to arsenic-containing substance (GO:0071243),0.5824983998448843,1.4465855210537104,0.08776167471819646,0.11799633694590525,1.0,8/14,18.44%,HNRNPA1;PPIF;ATF3;MAPK13;GSTO2;VCP;ZFAND1;ZC3H12A
prerank,GO_Biological_Process_2021::positive regulation of myeloid cell differentiation (GO:0045639),0.4977430659805829,1.446569757004578,0.05848375451263538,0.11790519337256729,1.0,16/28,21.09%,FAM210B;PITHD1;SCIN;TAL1;CSF3;GATA1;HIF1A;NCKAP1L;FOXO3;TESC;ETS1;PRMT1;STAT5B;STAT1;THPO;ARNT
prerank,GO_Biological_Process_2021::positive regulation of intrinsic apoptotic signaling pathway (GO:2001244),0.5002925250656995,1.446506915035945,0.0529287226534933,0.11785214222796972,1.0,17/29,26.17%,S100A8;STYXL1;NUPR1;S100A9;PMAIP1;BCL2L11;CAV1;BMF;NCK1;BID;MSX1;EIF5A;UBB;NACC2;DDIT3;BECN1;BAX
prerank,GO_Biological_Process_2021::skeletal muscle contraction (GO:0003009),0.594183434678958,1.446347666480625,0.08413461538461539,0.1178779687962048,1.0,8/13,14.37%,RCSD1;TNNI1;STAC;TNNT3;MYH14;TNNC2;TNNT1;MYH3
prerank,GO_Biological_Process_2021::glucose homeostasis (GO:0042593),0.4427576786060018,1.446074988868336,0.035021888680425266,0.11799353257789781,1.0,36/57,27.63%,ADIPOQ;CAV3;HKDC1;OAS1;GCK;RBP4;SLC2A4;HIF1A;FOXO1;PPARGC1A;USF1;HK3;GCG;WFS1;HK2;MCU;CEBPA;KLF7;PAX6;BACE2;TFAP2B;NR1D1;FOXA3;PTPN2;PCK1;HK1;NGFR;MLXIPL;NEUROD1;ADCY8;SLC8B1;SLC30A8;CRY2;CRY1;HNF1A;CYB5R4
prerank,"GO_Biological_Process_2021::positive regulation of DNA-templated transcription, initiation (GO:2000144)",-0.4353293730548282,-1.44498768524768,0.0730593607305936,0.13040243444233637,1.0,8/22,11.06%,MED1;PAXIP1;MED14;MED16;MED24;MED13;HNF1B;MED17
prerank,GO_Biological_Process_2021::atrioventricular valve morphogenesis (GO:0003181),0.5891776080698673,1.4449283702889746,0.08426073131955485,0.11879889928450127,1.0,11/14,30.84%,SMAD6;GATA4;SLIT3;HEYL;TGFBR2;BMP2;HEY1;SMAD4;SOX4;OLFM1;ZFPM1
prerank,GO_Biological_Process_2021::somite development (GO:0061053),-0.5591879473921403,-1.4445527322880456,0.09383033419023136,0.13046087734997802,1.0,5/10,13.45%,MEOX1;SOX11;MEOX2;PPP2R3A;SHH
prerank,GO_Biological_Process_2021::positive regulation of mitotic cell cycle (GO:0045931),0.5237156031315098,1.4443328160439795,0.0746705710102489,0.11916239113220065,1.0,6/23,13.63%,SMOC2;CCDC57;LGMN;TAL1;EIF4E;SPHK1
prerank,GO_Biological_Process_2021::striated muscle contraction (GO:0006941),0.47619096778136794,1.4443071610869411,0.050870147255689425,0.11908090189816149,1.0,23/37,23.85%,RCSD1;PGAM2;MYL3;MYLK2;TNNI1;STAC;TNNT3;TPM1;MYH14;MYL4;TNNC2;TTN;CSRP3;TNNT1;SCN5A;MYH3;RYR2;TCAP;SMPX;SLC8A1;ALDOA;KLHL41;CASQ2
prerank,GO_Biological_Process_2021::regulation of cell-substrate junction assembly (GO:0090109),0.5578775872112879,1.4432832650632381,0.07242990654205607,0.1197747081858801,1.0,12/17,27.89%,VCL;LIMCH1;CORO1C;LDB1;CAMSAP3;RHOA;EFNA5;DAPK3;SLC9A1;ACTG1;GPM6B;PEAK1
prerank,GO_Biological_Process_2021::negative regulation of Rho protein signal transduction (GO:0035024),0.5632900982552334,1.442926107568777,0.07859922178988327,0.11996653277649462,1.0,12/16,30.92%,MYOC;RASIP1;HEG1;DLC1;ABL2;ITGA3;CUL3;CCDC125;KANK1;FLCN;STMN1;ARHGAP35
prerank,GO_Biological_Process_2021::regulation of cellular pH (GO:0030641),-0.41791559622737795,-1.4428291098149728,0.06016260162601626,0.13140413755728045,1.0,8/28,4.99%,SLC9A6;SLC9A7;SLC9A2;SLC9A5;SLC4A2;SLC9A8;SLC4A8;SLC4A9
prerank,GO_Biological_Process_2021::negative regulation of fibroblast growth factor receptor signaling pathway (GO:0040037),0.591614738313059,1.4424706357693355,0.09444444444444444,0.12021644701992376,1.0,8/13,22.10%,SULF2;THBS1;SULF1;SPRY1;GPC1;GATA3;SPRY4;APLN
prerank,GO_Biological_Process_2021::positive regulation of mRNA metabolic process (GO:1903313),-0.51334305712313,-1.442454959680018,0.09218950064020487,0.13144556674197105,1.0,7/13,17.17%,PNPT1;UPF1;KHSRP;NUDT21;RC3H1;PRR5L;MOV10
prerank,GO_Biological_Process_2021::electron transport chain (GO:0022900),0.5943862473786289,1.4393395858838496,0.0894695170229612,0.12265769990408436,1.0,8/13,23.09%,UQCRFS1;PDIA5;DHRS2;PPARGC1A;SDHB;POR;ETFA;CYB561
prerank,GO_Biological_Process_2021::response to interleukin-6 (GO:0070741),0.6369925660116503,1.4389400021198129,0.09866220735785954,0.12286812094155554,1.0,8/10,22.90%,PID1;CHI3L1;PTGIS;SBNO2;PHB;TDGF1;PTPRT;FOXA2
prerank,GO_Biological_Process_2021::antigen processing and presentation of endogenous peptide antigen (GO:0002483),0.6173360120773899,1.4383718087165398,0.09098567818028644,0.1232251204413243,1.0,5/11,14.81%,ABCB9;TAP2;HLA-DRA;TAP1;B2M
prerank,GO_Biological_Process_2021::antigen processing and presentation of exogenous peptide antigen (GO:0002478),0.41211367532579035,1.4379747975216186,0.02372479240806643,0.12343891700061009,1.0,46/91,24.94%,CTSE;IFI30;HLA-DQB2;LGMN;AP1S3;CTSV;HLA-DPB1;HLA-DMA;HLA-DOB;HLA-DMB;HLA-DOA;HLA-DPA1;HLA-DQA2;CLEC4A;HLA-DQB1;FCER1G;CTSF;HLA-DQA1;HLA-DRA;CANX;CTSL;AP1M2;AP2A2;CAPZA1;CTSD;AP1B1;KIF26A;SPTBN2;CAPZA2;CLTC;AP2B1;DCTN3;AP2S1;AP2A1;SEC24D;AP1M1;DCTN6;HLA-A;RILP;DYNLL2;SH3GL2;RAB7A;CAPZB;AP1S1;SEC13;SEC23A
prerank,GO_Biological_Process_2021::glomerular visceral epithelial cell differentiation (GO:0072112),0.6175140199172031,1.4379259621212763,0.09380234505862646,0.12336951228067829,1.0,8/11,24.87%,PTPRO;PROM1;PODXL;CD24;NPHS1;JAG1;BASP1;IQGAP1
prerank,GO_Biological_Process_2021::synaptic vesicle membrane organization (GO:0048499),0.561426186994237,1.4378705688440483,0.06523407521105141,0.1233120181715989,1.0,8/16,21.83%,STX11;STX3;TOR1A;SNAP23;STX19;STX1A;SYNGR2;STX4
prerank,GO_Biological_Process_2021::ATP-dependent chromatin remodeling (GO:0043044),-0.38188386027374727,-1.437688114721177,0.045275590551181105,0.1345606905896166,1.0,15/40,18.26%,SMARCAD1;SRCAP;RNF8;ACTB;MBD3;ACTR8;ACTR6;INO80;DMAP1;INO80B;GATAD2B;VPS72;ACTR5;SMARCD2;SMARCA5
prerank,GO_Biological_Process_2021::regulation of calcium ion import (GO:0090279),0.5654663933018897,1.4370279703425455,0.08492063492063492,0.12391317048568103,1.0,8/16,18.81%,STC1;CAV3;EPPIN;EGF;PLN;FCRL3;CCL3;PKD2
prerank,GO_Biological_Process_2021::pre-miRNA processing (GO:0031054),-0.5236771456234386,-1.4370098799245257,0.10927573062261753,0.13479515846402162,1.0,6/12,14.01%,TARBP2;AGO3;MRPL44;DROSHA;AGO1;AGO4
prerank,GO_Biological_Process_2021::artery morphogenesis (GO:0048844),0.5572102894996055,1.436788380921812,0.08225437928408226,0.12399153441521496,1.0,13/17,26.38%,HPGD;ADAMTS9;BMP4;PKD2;TFAP2B;JAG1;STRA6;GJA5;TBX2;NOG;TBX1;LRP2;FOXF1
prerank,GO_Biological_Process_2021::negative regulation of release of cytochrome c from mitochondria (GO:0090201),0.6314937333431866,1.4365321816352363,0.09390444810543658,0.12410127139358716,1.0,8/10,25.09%,GPX1;PPIF;PRELID1;TRIAP1;NOL3;AVP;FXN;GHITM
prerank,GO_Biological_Process_2021::MyD88-independent toll-like receptor signaling pathway (GO:0002756),0.5350369593548213,1.4364012440312692,0.07051762940735183,0.1241180625796756,1.0,14/20,26.95%,CD300LF;TLR6;TICAM2;TNIP3;UBE2D1;IRF7;TBK1;UBB;TRAF3;UBE2D2;TANK;FADD;IKBKE;IKBKG
prerank,GO_Biological_Process_2021::negative regulation of cell death (GO:0060548),0.42744006030367215,1.436396602089344,0.05009511731135067,0.12401572415672865,1.0,38/71,26.95%,AMIGO2;TM7SF3;PAGE4;KANK2;PPARGC1A;CD34;VPS35;FERMT2;GATA4;SPEF1;TNFRSF1B;NCK1;BMP4;WFS1;ALB;TXNDC12;CD200R1;BTBD10;BMP7;SULT1A3;CHMP4B;TRAF2;GBA;NUP62;SORL1;PARP16;CHMP4A;TMEM109;LRPAP1;LRRK2;DCPS;BNIP3L;MECOM;BECN1;TIGAR;CHMP2A;VPS4B;IKBKG
prerank,GO_Biological_Process_2021::glycosaminoglycan biosynthetic process (GO:0006024),0.4123232092880023,1.436383055104436,0.030624263839811542,0.12391733032158418,1.0,41/91,21.17%,LUM;DCN;PRELP;OGN;OMD;FMOD;KERA;VCAN;ACAN;SDC2;DSE;HSPG2;BGN;HAS2;HYAL1;NDST2;NCAN;CHST14;CSPG4;GPC1;GPC6;HEXA;SDC3;CHST13;BCAN;ST3GAL3;HAS3;CHST1;CHST11;UGDH;CHST15;XYLT1;AGRN;CHST12;CSGALNACT1;EXT1;CSPG5;EXT2;HAS1;ST3GAL1;UST
prerank,GO_Biological_Process_2021::establishment or maintenance of epithelial cell apical/basal polarity (GO:0045197),-0.407890475513627,-1.4359533757525178,0.05709342560553633,0.13533985463583217,1.0,7/30,5.49%,DLG2;CRB1;LIN7C;CRB2;LRRC7;LIN7A;LIN7B
prerank,GO_Biological_Process_2021::positive regulation of cell aging (GO:0090343),0.6084702436888618,1.4353997953909645,0.09539748953974896,0.12461330106680049,1.0,7/11,25.08%,KIR2DL4;ABI3;YPEL3;HMGA2;B2M;ARG2;CDKN2A
prerank,GO_Biological_Process_2021::potassium ion export across plasma membrane (GO:0097623),-0.5647003910816976,-1.4348989268052814,0.08637469586374696,0.1359139101615016,1.0,5/10,17.72%,KCND3;KCNIP2;KCNE1B;KCNE3;KCNT2
prerank,GO_Biological_Process_2021::positive regulation of ion transmembrane transporter activity (GO:0032414),0.5397309299529328,1.4345585689294247,0.07350689127105667,0.1251901319699397,1.0,6/19,12.40%,NDUFA4;GLRX;STAC;COX17;SLC6A9;ATP1B2
prerank,GO_Biological_Process_2021::protein import (GO:0017038),-0.3342302224732473,-1.4344217170742264,0.017857142857142856,0.13601497766246665,1.0,25/77,17.78%,PXMP4;IPO4;ACBD5;PEX26;TNPO2;POM121;NUP133;NUP188;CSE1L;SLC25A17;IPO5;PEX19;IPO13;PEX2;POM121C;PEX11B;RANBP6;PEX14;TNPO3;APPL2;IPO7;NXT2;PEX12;IPO9;NUTF2
prerank,GO_Biological_Process_2021::primary alcohol catabolic process (GO:0034310),0.6278936292570979,1.4342905785010747,0.07711651299245599,0.1253095839025452,1.0,7/10,24.08%,SULT1B1;SULT1C4;AKR1B10;SULT1E1;HAO1;SULT1A3;SULT2A1
prerank,GO_Biological_Process_2021::positive regulation of cellular component organization (GO:0051130),0.4068905161280239,1.434034959172702,0.03106332138590203,0.12542215247150937,1.0,40/88,26.17%,GPX1;APOA5;APOC2;BIK;CLEC7A;CCL19;CDH5;TAL1;TREM2;HYAL1;TIRAP;CD151;BCL2L11;BMF;BID;HAS3;HRK;ADD1;VCP;TMED9;DAB2;RUNX1;BAK1;RHOC;BMP7;APOE;BRK1;LMAN1;GBA;SHANK3;RELN;FLOT1;SURF4;NEDD4L;FNIP2;PPP1R15A;AJUBA;NRG1;SH3GLB1;BAX
prerank,GO_Biological_Process_2021::positive regulation of interferon-alpha production (GO:0032727),0.5749383313260189,1.4336302732060682,0.08352490421455938,0.12565678435380984,1.0,8/15,20.56%,DDX58;IFIH1;IRF5;IRF7;RIPK2;TBK1;HSPD1;STAT1
prerank,GO_Biological_Process_2021::regulation of actin nucleation (GO:0051125),0.6063729548145437,1.4331462765006118,0.09183673469387756,0.1259498027556363,1.0,6/11,19.99%,VIL1;CORO1A;SCIN;CORO1B;GSN;ARPIN
prerank,GO_Biological_Process_2021::protein transmembrane import into intracellular organelle (GO:0044743),-0.40014540270636445,-1.4327294490062243,0.05545286506469501,0.13703097439524872,1.0,15/31,27.38%,PEX10;PEX26;PEX2;PEX14;TIMM23B;PEX6;TIMM44;PEX12;TIMM50;PEX16;CHCHD4;AIFM1;PEX7;PEX1;TIMM21
prerank,GO_Biological_Process_2021::negative regulation of cell morphogenesis involved in differentiation (GO:0010771),0.6178756210146679,1.4324848917945747,0.09267059814658804,0.12627881709717226,1.0,7/11,19.81%,FBLN1;DMTN;GBP1;CORO1C;ACTN4;SPRY4;EFNA5
prerank,GO_Biological_Process_2021::negative regulation of substrate adhesion-dependent cell spreading (GO:1900025),0.6178756210146679,1.4324848917945747,0.09267059814658804,0.12627881709717226,1.0,7/11,19.81%,FBLN1;DMTN;GBP1;CORO1C;ACTN4;SPRY4;EFNA5
prerank,GO_Biological_Process_2021::cellular protein localization (GO:0034613),0.3697673601173899,1.4317223473853367,0.0015544041450777201,0.1268246531393532,1.0,143/291,28.31%,ARL5A;TBC1D9;TM9SF3;RABGAP1L;RAB20;ADPRH;EMP2;TBC1D9B;CEP68;ARL4C;FBLN5;TBC1D2B;TBC1D22A;LAPTM5;VCL;TMED5;TM9SF2;ARL4D;ARL11;CD177;TMED10;RAB24;TBC1D10C;TICAM2;STX11;FCN1;ID1;CTSA;FOXJ1;OCLN;STXBP2;STX3;VPS26A;VPS35;RAB38;DUOXA2;RAB17;GJA1;LAMTOR3;FERMT2;RAB31;ESAM;AP4M1;MYO7A;CSRP3;RTP4;TBC1D2;STX19;SGSM1;SNX15;STX1A;FGF7;GGA2;COPZ2;TMED4;RRAGB;GPIHBP1;SNX6;CTTN;FGF10;SNX17;GGA1;TBC1D3B;TMED9;AMOT;ITSN1;CORO1B;UNC93B1;TMED1;VPS26B;SNX1;REEP1;ARMCX3;TMED3;CPE;TMED2;SNX9;VPS29;SNX8;TBC1D5;TBC1D16;CNTNAP1;CLTC;YWHAH;DUOXA1;RAB32;AP2A1;TM9SF1;TBC1D12;ARF6;RAB29;SNX27;AXIN2;EHD1;STX4;STX5;CROCC;LRRK2;ATG9B;NGFR;ARF5;WDR11;ANK2;RAB1A;RAB21;RAB5A;WLS;MYO6;SH3PXD2B;RRAGA;SYNRG;ARL5B;STX8;NAPA;SEC13;ARL4A;ARFGAP3;PACSIN1;HPS6;SEC31A;TMED7;BICD1;LAMTOR2;RAB6A;CELSR1;TBC1D8;RAB28;WIPI1;RAB14;RAB1B;STX16;RAB5B;STX17;CD63;PTPRU;RIC1;RABL3;RRAGD;ARCN1;SNX13;USP6NL;RUNDC1;COPZ1
prerank,GO_Biological_Process_2021::interleukin-1-mediated signaling pathway (GO:0070498),0.45021676844854364,1.4306200660680937,0.052941176470588235,0.12761471305083685,1.0,26/49,23.77%,IRAK2;IL1RN;SKP1;IL1R2;MAP3K3;RPS6KA4;MYD88;TRAF6;PSMF1;RIPK2;CUL1;IRAK3;PSMD5;UBE2N;UBB;NOD1;IRAK4;PSMB2;TNIP2;PSMA2;PSMA8;IL1RAP;PSMB4;PSMD9;SQSTM1;PELI1
prerank,GO_Biological_Process_2021::regulation of platelet-derived growth factor receptor signaling pathway (GO:0010640),0.6044110905839184,1.4296000992579811,0.09539207760711399,0.12833909880648867,1.0,6/11,19.27%,F7;ADIPOQ;PTGIR;CBL;APOD;CBLB
prerank,GO_Biological_Process_2021::heart development (GO:0007507),0.39184527333782726,1.4287649480456583,0.02390438247011952,0.12892497151110638,1.0,60/119,26.38%,OSR1;CRIP1;MYOCD;ADAP2;FBN1;TGFBR3;MMP21;PDLIM7;RBP4;PDLIM1;SOX18;APELA;PDLIM5;ALPK3;HEG1;PDLIM3;SGCG;GATA4;FOXC2;NKX2-5;CSRP3;PDLIM2;FGF8;BMP4;HAND2;PTEN;TGFBR2;CRELD1;MEF2C;DLC1;TCF25;CACYBP;TDGF1;TBX5;MICAL2;PDLIM4;BMP7;PKD2;SOX9;GLI2;MESP2;CDKN1A;BMP2;ID2;PLCE1;TCAP;STRA6;APLN;TBX2;WDR11;TBX1;TSC2;SH3PXD2B;AKAP13;SGCD;SOX17;FLRT2;RBM20;MEF2D;FOXF1
prerank,GO_Biological_Process_2021::retina homeostasis (GO:0001895),0.4915605761350424,1.4284826854685864,0.06976744186046512,0.12906515846986957,1.0,12/29,20.27%,CST4;ARMS2;LCN1;LYZ;LTF;ATP1B2;B2M;ALB;POTEF;KRT1;PIP;PRDX1
prerank,GO_Biological_Process_2021::peptidyl-lysine methylation (GO:0018022),-0.45247468508141236,-1.4284683816428796,0.07954545454545454,0.140047095535943,1.0,7/19,23.10%,KMT5A;EHMT1;SETD4;SETD2;SUV39H1;N6AMT1;SETD7
prerank,GO_Biological_Process_2021::positive regulation of vascular associated smooth muscle cell proliferation (GO:1904707),0.6106300581133228,1.4279829326819862,0.08639863130881095,0.12934549108252474,1.0,6/11,16.37%,IGFBP5;NR4A3;ADAMTS1;JUN;GJA1;FGF9
prerank,GO_Biological_Process_2021::regulation of lymphocyte proliferation (GO:0050670),0.5721249707433224,1.4276335499803388,0.09807073954983923,0.12953929344568507,1.0,6/14,14.83%,LST1;PTPN22;CD209;LEP;TNFRSF1B;FGF10
prerank,GO_Biological_Process_2021::maintenance of blood-brain barrier (GO:0035633),0.505020107188409,1.427523953380041,0.07613469985358712,0.12952772075533422,1.0,16/25,26.44%,VCL;CLDN5;CDH5;OCLN;GJA1;JAM2;ESAM;F11R;LSR;PECAM1;SLC1A1;TJP1;TJP3;MFSD2A;ACTG1;GJB6
prerank,GO_Biological_Process_2021::positive regulation of metabolic process (GO:0009893),0.4149067849808162,1.4274589511524105,0.04398289554062309,0.1294670128040409,1.0,33/77,23.02%,CMKLR1;MFAP2;G0S2;ADIPOQ;HCRT;PLAC8;CLEC7A;LCN2;FABP4;LEP;IRF4;PPARGC1A;DIO2;CD36;GJA1;CAV1;GHRL;ADCYAP1;PER2;PRDM16;CEBPB;TRPV2;ACADL;STAT6;FABP5;UCP1;BSCL2;KSR2;OXT;FFAR4;GNAS;UCP2;PRLR
prerank,GO_Biological_Process_2021::skin development (GO:0043588),0.4328877684971146,1.4273368489394778,0.04631979695431472,0.12945386889194616,1.0,32/62,24.25%,SPRR3;TGM3;SPRR1A;CSTA;S100A7;ALOX12B;TMEM79;SPRR1B;IVL;ITGA6;SLC2A10;ALOX12;ANXA1;DSP;GATA6;CERS3;LSR;CDSN;OPN3;SCEL;ITGA3;SPRR2A;ASCL4;SFN;EVPL;JAG1;ATP7A;ASAH1;TGM1;ACER1;ITGB4;SPRR2B
prerank,GO_Biological_Process_2021::response to glucocorticoid (GO:0051384),0.5481320135802905,1.4269602769827836,0.08895705521472393,0.12966013031274656,1.0,7/17,13.85%,FAM107A;IL1RN;BCL2L11;SLIT3;ZFP36L1;ANXA1;SLIT2
prerank,GO_Biological_Process_2021::cellular response to dsRNA (GO:0071359),0.5775106382443623,1.4260048805365375,0.08807045636509207,0.13037985084793544,1.0,8/14,21.36%,COLEC12;DDX58;IFIT1;IFIH1;CAV1;RALB;ZCCHC3;FLOT1
prerank,GO_Biological_Process_2021::microtubule anchoring (GO:0034453),-0.516528562362693,-1.4257291521898077,0.08886107634543179,0.14184929699986462,1.0,6/12,17.09%,CLASP1;BCCIP;PEX14;PCM1;BICD2;CLASP2
prerank,GO_Biological_Process_2021::positive regulation of cell-cell adhesion (GO:0022409),0.48764277573637194,1.425611937457728,0.07315340909090909,0.13063028346871103,1.0,20/30,28.82%,SIRPG;PLAUR;CCL5;THY1;CXCL13;SERPINF2;PODXL;SKAP1;ADAM19;BMP7;FUT7;TJP1;FLOT1;FOXA2;MDK;FSTL3;PTPRU;PLPP3;FOXA1;ANK3
prerank,GO_Biological_Process_2021::positive regulation of synaptic transmission (GO:0050806),-0.35052702765903365,-1.4255134365278443,0.03953488372093023,0.14174073991854128,1.0,17/54,14.41%,NLGN3;LGI1;MPP2;SHISA7;CACNG4;NLGN2;GRIN2C;CACNG7;CACNG3;BAIAP3;CLSTN1;NMU;RIMS1;CLSTN3;SLC24A2;GRIK2;STX1B
prerank,GO_Biological_Process_2021::cellular response to glucocorticoid stimulus (GO:0071385),0.5705219229375376,1.4254375454575279,0.09211553473848556,0.13066310891653565,1.0,9/14,22.63%,FAM107A;BCL2L11;AQP1;ZFP36L1;ANXA1;KLF9;HNRNPU;PCK1;ZFP36
prerank,GO_Biological_Process_2021::carbohydrate transport (GO:0008643),0.5980353575929322,1.4249731499770173,0.09565217391304348,0.13093302891068315,1.0,10/12,27.44%,SLC50A1;AQP9;AQP1;SLC2A5;SLC23A1;AQP3;AQP10;AQP2;AQP7;AQP11
prerank,GO_Biological_Process_2021::cellular response to fibroblast growth factor stimulus (GO:0044344),0.42363484699750703,1.4230478384458944,0.049240121580547115,0.1324628231535962,1.0,39/69,27.76%,CCL5;HNRNPA1;HYAL2;HYAL1;DSTYK;EGR3;FGF20;FGF17;FGF16;ZFP36L1;FGF8;NDNF;FGF7;CBL;FGF10;HNRNPH1;FGF9;TDGF1;KL;HNRNPM;RBFOX2;FGFBP1;FGF19;KIF16B;FGF18;NR4A1;POLR2G;ZFP36;POLR2E;TBX1;HNRNPF;ESRP2;FLRT2;FGFRL1;POLR2H;RAB14;TRIM71;ZFP36L2;ITGB1BP1
prerank,GO_Biological_Process_2021::negative regulation of platelet activation (GO:0010544),0.6057019968930479,1.422645797148721,0.08470394736842106,0.13270618231845016,1.0,8/11,21.26%,PRKG1;SERPINE2;ALOX12;CEACAM1;THBD;APOE;SH2B3;CD9
prerank,GO_Biological_Process_2021::energy derivation by oxidation of organic compounds (GO:0015980),0.5320812827306637,1.4223469174792622,0.08868060562364816,0.13283639305192002,1.0,9/20,18.07%,PID1;NR4A3;COX4I2;LEP;PPARGC1A;GFPT2;MYC;CYCS;GFPT1
prerank,GO_Biological_Process_2021::muscle tissue development (GO:0060537),0.6082222802998892,1.4218160505888546,0.09144295302013423,0.13318882341790592,1.0,8/11,25.53%,CSRP2;CSRP3;BMP4;PGM5;STRA6;CSRP1;PTCH1;POGLUT1
prerank,GO_Biological_Process_2021::Golgi ribbon formation (GO:0090161),0.602859532646367,1.4217117661705918,0.096045197740113,0.13316738641150203,1.0,8/12,32.26%,TMED5;FHDC1;VTI1A;STX16;GCC2;MYO18A;OPTN;GOLPH3
prerank,GO_Biological_Process_2021::cellular modified amino acid catabolic process (GO:0042219),0.5605629867296377,1.4203319770484184,0.07439310884886452,0.13424814271793864,1.0,8/16,20.87%,GGT5;CHAC2;CHAC1;GGT7;PRODH;GGT2;GGT1;ABHD16A
prerank,GO_Biological_Process_2021::regulation of gene silencing by miRNA (GO:0060964),-0.343534241089663,-1.420252971101953,0.028708133971291867,0.14554591787430154,1.0,16/58,15.24%,NUP205;POM121;NUP133;NUP188;POLR2C;NUP35;NUP37;POLR2B;AAAS;NUP160;NUP43;POM121C;NDC1;AGO1;PUM2;DHX9
prerank,GO_Biological_Process_2021::cellular response to decreased oxygen levels (GO:0036294),0.44497514302463087,1.419996913360439,0.05333333333333334,0.13444039430583607,1.0,19/51,18.79%,FAM162A;PTGIS;RGCC;TWIST1;ADAM8;HIF1A;PMAIP1;HMOX1;CARD16;HP1BP3;AQP1;ZFP36L1;MYC;NDNF;GATA6;FMN2;SLC8A3;BMP7;STUB1
prerank,GO_Biological_Process_2021::camera-type eye development (GO:0043010),0.519140085279419,1.4199155652649218,0.08908685968819599,0.13441062770951412,1.0,9/22,22.89%,EFEMP1;FBN2;FBN1;CYP1B1;ALDH1A3;NES;PRSS56;STRA6;SKI
prerank,GO_Biological_Process_2021::epiboly involved in wound healing (GO:0090505),0.6057571794997954,1.4198086433082906,0.07972858354537744,0.13440212371956417,1.0,7/11,18.68%,PDPN;LCP1;CD151;TOR1A;CEACAM1;RHOA;RHOC
prerank,GO_Biological_Process_2021::post-translational protein modification (GO:0043687),0.3654495846109696,1.419529428410302,0.005194805194805195,0.13452610873933718,1.0,108/267,24.76%,CHRDL1;SHISA5;PRSS23;MXRA8;NUCB1;SPARCL1;SPP2;IGFBP5;IGFBP4;APOA5;IGFBP7;APOA2;RCN1;PROC;FSTL1;KNG1;C4A;LTBP1;VCAN;CST3;FBN1;SDC2;ASB11;APOL1;FN3KRP;FAM20C;IGFBP1;ASB12;IGFBP3;MEPE;QSOX1;HIF1A;ENAM;FUCA2;AHSG;KCTD7;ITIH2;SKP1;RAB38;CP;ASB10;APOA1;LMO7;SUMF1;TMEM132A;AMTN;HIF3A;MATN3;CCDC8;BMP4;WFS1;CDH2;FBXO10;SOCS2;SERPIND1;CALU;ALB;RAB8A;DNAJC3;UBD;RAB13;SERPINA1;CKAP4;PSMF1;VGF;CUL1;FBXL14;COMMD1;SUMF2;FBXW10;TIMP1;PSMD5;RAB3A;RABGGTA;APOE;FBXO17;FBXL16;PDIA6;PSMB2;PSMA2;CCDC22;OBSL1;STC2;PSMA8;APLP2;FBXO27;FBXW7;CUL5;PSMB4;FBXL18;PENK;ASB2;CUL3;RAB1A;PSMD9;RAB11A;FBXL12;KLHL41;RAB5A;CHML;ADAM10;PRKCSH;FBXO40;FBXO7;MGAT4A;PNPLA2;CUL9;KLHL5
prerank,GO_Biological_Process_2021::limb development (GO:0060173),-0.42194145199139677,-1.4186983224813656,0.07462686567164178,0.14649065849640122,1.0,7/26,8.19%,ZNRF3;INTU;IQCE;MEGF8;RSPO2;CHD7;ZNF141
prerank,GO_Biological_Process_2021::regulation of intrinsic apoptotic signaling pathway (GO:2001242),0.46692226089016575,1.418048884915335,0.07204803202134756,0.13569211796202527,1.0,12/37,15.53%,PLAUR;S100A8;STYXL1;NUPR1;PPIF;S100A9;PMAIP1;BCL2L11;CAV1;BMF;BID;EIF2AK3
prerank,GO_Biological_Process_2021::regulation of neuron projection arborization (GO:0150011),-0.49733840197004786,-1.4178658751124158,0.09659863945578231,0.14693241618632472,1.0,2/14,0.66%,NTNG2;NTNG1
prerank,GO_Biological_Process_2021::sensory perception of bitter taste (GO:0050913),-0.4187186289773135,-1.4178449502230153,0.0861244019138756,0.14667599417351013,1.0,9/24,6.55%,TAS2R5;TAS2R4;TAS2R19;TAS2R31;TAS2R14;TAS2R30;RTP1;CALHM1;RTP2
prerank,GO_Biological_Process_2021::regulation of stem cell differentiation (GO:2000736),0.4438971528861537,1.4170022023804283,0.06344015696533682,0.13649891066508202,1.0,26/50,23.04%,LMO1;GATA2;TAL1;GATA1;OCIAD1;LMO2;YAP1;TP73;OSM;MYB;EIF2AK2;GATA3;SLC4A11;LDB1;PSMF1;PSMD5;ESRRB;RUNX1;TCF12;PSMB2;JAG1;PSMA2;PSMA8;HNRNPU;PSMB4;PSMD9
prerank,GO_Biological_Process_2021::regulation of cellular catabolic process (GO:0031329),0.4459538847033539,1.4168277220248218,0.05738233397807866,0.13654889554918787,1.0,23/51,25.84%,GPR137B;MAPK15;DRAM2;LAMP3;DRAM1;GPR137;NUPR1;DEPDC5;RRAGB;RAB8A;ABL2;SOGA1;TRIB3;PSAP;OSBPL7;VPS29;DAPK3;LRRK2;SCARB2;RRAGA;RAB39B;DDIT3;DAPK1
prerank,GO_Biological_Process_2021::rRNA transcription (GO:0009303),-0.48530023665848926,-1.4167456004794297,0.08951048951048951,0.14727483995381993,1.0,7/15,13.04%,GTF3C2;POLR1E;GTF3C4;GTF3C5;NIFK;TAF1B;GTF3C1
prerank,GO_Biological_Process_2021::Golgi to plasma membrane transport (GO:0006893),0.4503805230530298,1.4159947762113105,0.06543291473892927,0.13715498959954037,1.0,27/45,31.21%,RAB34;AMN;EXOC6;RAB31;CCDC93;GGA2;OSBPL5;RAB26;GGA1;COMMD1;VAMP5;CCDC22;EXOC2;GOLPH3L;SPTBN1;ARL3;RAB10;EXOC8;STXBP6;EXOC6B;GCC2;ANK3;GGA3;EXOC4;MACF1;OPTN;SYS1
prerank,MSigDB_Hallmark_2020::mTORC1 Signaling,0.3826272688278062,1.4141131303425793,0.01820187534473249,0.13870390368970542,1.0,72/159,24.28%,SLC6A6;IFI30;IGFBP5;CFP;CORO1A;LGMN;STC1;FGL2;GLRX;SERPINH1;NUPR1;VLDLR;FKBP2;CANX;ATP6V1D;PLOD2;LDLR;ERO1A;GPI;GLA;CTH;SSR1;STARD4;M6PR;P4HA1;PFKL;SERP1;GGA2;XBP1;HSPA9;SKAP2;RPN1;PITPNB;HK2;TMEM97;CACYBP;HSPA5;EIF2S2;ACTR2;MAP2K3;SLA;TBK1;HSPD1;TRIB3;SLC2A3;EDEM1;SEC11A;SDF2L1;CDKN1A;PRDX1;G6PD;NMT1;SLC7A5;HSPA4;TES;CD9;CCT6A;ALDOA;DDIT4;GAPDH;RAB1A;NFIL3;ADD3;SQSTM1;PPA1;DAPP1;ETF1;PPP1R15A;ACTR3;PGM1;PGK1;HPRT1
prerank,GO_Biological_Process_2021::negative regulation of chemotaxis (GO:0050922),0.4950630537278096,1.4137479496358873,0.07997118155619597,0.13890081522244818,1.0,15/28,21.22%,THBS1;HRG;AIF1;SEMA3G;ROBO2;SEMA3A;SEMA3D;SLIT2;SEMA6D;CORO1B;SEMA3F;ROBO1;SEMA6B;SEMA6C;PTPN2
prerank,GO_Biological_Process_2021::protein sumoylation (GO:0016925),-0.34797439926168433,-1.413682739675749,0.02708803611738149,0.14936222174695807,1.0,19/53,20.35%,NUP205;POM121;NUP133;NUP188;RNF212;TOPORS;NUP35;NUP37;AAAS;NUP160;NUP43;POM121C;EYA1;NSMCE2;NDC1;PIAS4;ZNF451;RANGAP1;PIAS2
prerank,GO_Biological_Process_2021::alpha-linolenic acid metabolic process (GO:0036109),-0.5081513367503325,-1.4133668537260453,0.10492227979274611,0.14933804058295455,1.0,3/12,16.01%,FADS1;ELOVL1;FADS2
prerank,GO_Biological_Process_2021::extrinsic apoptotic signaling pathway (GO:0097191),0.4742790142062899,1.4132741583935329,0.07644197359277276,0.13921371832557516,1.0,18/35,27.15%,G0S2;IFI27;SMAD3;DEDD2;TNFRSF1B;BID;FAS;DCC;GABARAP;BAK1;TRAF2;FADD;HIPK1;BLOC1S2;BAX;DIABLO;SORT1;TRADD
prerank,GO_Biological_Process_2021::respiratory system development (GO:0060541),-0.39889859418714857,-1.4124847392622695,0.06622516556291391,0.1497693886681926,1.0,6/29,2.62%,CCDC39;CCDC40;DNAAF1;DISP1;SPEF2;WNT7B
prerank,GO_Biological_Process_2021::neural tube development (GO:0021915),-0.48085925809260466,-1.4120624680209453,0.08481532147742818,0.14982588562527938,1.0,4/15,5.26%,GRHL2;STIL;SOX11;ARL13B
prerank,GO_Biological_Process_2021::sulfation (GO:0051923),0.5657245884102519,1.411889822915075,0.08867775138558986,0.14032465974309302,1.0,10/14,28.86%,SULT1B1;SULT1C4;CHST4;SULT2B1;SULT1E1;SULT1A3;UST;SULT2A1;SULT1A4;HS3ST5
prerank,GO_Biological_Process_2021::negative regulation of cell growth (GO:0030308),0.3981568760058941,1.4117215524778302,0.03195266272189349,0.1403619623694296,1.0,39/99,22.09%,CCDC85B;RERG;SERTAD2;WFDC1;DCSTAMP;ENPP1;HRG;HYAL2;HYAL1;FBP1;KIAA0319;CRLF3;SEMA3G;PPT1;FHL1;SMAD3;GJA1;BTG1;FRZB;SLIT3;SFRP2;PHB;SCGB3A1;SLIT2;BST2;NPPB;FGF13;DCC;MSX1;PML;CYP27B1;SMARCA2;EI24;CDKN1A;PPP1R9B;SERTAD3;OSGIN2;GNG4;ST7L
prerank,GO_Biological_Process_2021::positive regulation of protein localization to Cajal body (GO:1904871),0.599606952866819,1.411263595621532,0.1037344398340249,0.14057413244542147,1.0,8/11,27.37%,TCP1;CCT8;CCT6A;CCT4;DKC1;CCT5;CCT2;CCT3
prerank,GO_Biological_Process_2021::regulation of protein localization to Cajal body (GO:1904869),0.599606952866819,1.411263595621532,0.1037344398340249,0.14057413244542147,1.0,8/11,27.37%,TCP1;CCT8;CCT6A;CCT4;DKC1;CCT5;CCT2;CCT3
prerank,"GO_Biological_Process_2021::regulation of DNA damage response, signal transduction by p53 class mediator (GO:0043516)",0.5421533906953574,1.4111417359136518,0.08447488584474885,0.1405643198708956,1.0,7/18,16.25%,PLA2R1;PTTG1IP;TWIST1;SNAI2;PMAIP1;MSX1;HIC1
prerank,GO_Biological_Process_2021::regulation of platelet aggregation (GO:0090330),0.587295332168366,1.411063566458863,0.10982658959537572,0.14051096764222368,1.0,9/12,21.26%,DMTN;PRKG1;PDPN;F11R;SERPINE2;ALOX12;CEACAM1;SH2B3;CD9
prerank,GO_Biological_Process_2021::positive regulation of phosphoprotein phosphatase activity (GO:0032516),0.6153571148419343,1.4107085326917004,0.1001628664495114,0.14071036110668456,1.0,7/10,24.03%,CD300A;PPP1R12A;ITGA1;PPP1R15B;FCRL3;PPP1R14D;PPP1R15A
prerank,GO_Biological_Process_2021::regulation of cAMP-dependent protein kinase activity (GO:2000479),0.606170754997926,1.4106196711852117,0.10237510237510238,0.14068073238849882,1.0,3/11,10.39%,PKIB;ADIPOQ;PKIG
prerank,GO_Biological_Process_2021::negative regulation of receptor-mediated endocytosis (GO:0048261),0.5331842621968536,1.4105912510367589,0.08472012102874432,0.14059241481305074,1.0,12/20,23.04%,APOC2;ANKRD13A;RIN3;ADIPOQ;APOC1;ANKRD13D;DLG4;SDCBP;ARF6;NEU3;LRPAP1;PICALM
prerank,GO_Biological_Process_2021::protein K11-linked deubiquitination (GO:0035871),-0.5461292134883046,-1.410256926743069,0.09457755359394704,0.15092816830648073,1.0,7/10,19.85%,OTUD3;USP30;USP37;VCPIP1;OTUD7B;OTUD6A;OTUD7A
prerank,GO_Biological_Process_2021::negative regulation of protein secretion (GO:0050709),0.5131209399345746,1.4102159228570226,0.08121827411167512,0.14079808942266603,1.0,11/22,23.04%,MIDN;ADTRP;RSAD2;RHBDF2;RHBDF1;RAB11FIP5;DRD4;APOE;INHBB;SIRT4;PSMD9
prerank,GO_Biological_Process_2021::histone mRNA metabolic process (GO:0008334),-0.43251389463336043,-1.4101105623047099,0.08484848484848485,0.15076967710188083,1.0,7/22,14.30%,EXOSC10;LSM11;EXOSC4;CPSF2;UPF1;CPSF3;ERI1
prerank,GO_Biological_Process_2021::positive regulation of phospholipid transport (GO:2001140),0.5945904789187256,1.4100774287854039,0.11715481171548117,0.14080621722366807,1.0,8/11,22.06%,CETP;ABCA7;PRAP1;APOA1;PRELID1;TRIAP1;APOE;DBI
prerank,GO_Biological_Process_2021::sphingolipid metabolic process (GO:0006665),0.395684180094394,1.4089335284872484,0.037399309551208286,0.14173859268521957,1.0,47/108,24.96%,SERINC1;GM2A;B3GALNT1;SAMD8;ARV1;ALOX12B;CLN8;CTSA;PPT1;ST6GALNAC6;B4GALNT1;ESYT3;GLA;HEXB;HEXA;NEU4;SUMF1;GLB1;ENPP7;SPHK1;ESYT2;ESYT1;CERS3;ALDH3B2;PLA2G15;SGPP2;PRKD2;NEU1;SUMF2;PSAP;VAPA;SMPD3;GBA;FUT7;ASAH2;ARSA;ASAH1;PRKD3;NEU3;VAPB;ACER1;SPHK2;DEGS2;NSMAF;SGMS2;TEX2;CERK
prerank,GO_Biological_Process_2021::axon development (GO:0061564),-0.3319839017825543,-1.4086450143034834,0.02891566265060241,0.151644371853621,1.0,20/69,12.81%,NTNG2;NTNG1;SLITRK2;SLITRK3;PLP1;SLITRK1;SLITRK5;POU4F1;RYK;ISL1;ACTB;DSCAML1;WNT7A;GRM7;AFG3L2;MAP1S;NEFH;CAMSAP2;BRSK2;MAP1B
prerank,GO_Biological_Process_2021::positive regulation of cellular senescence (GO:2000774),0.6143777369588082,1.408515354816233,0.11349957007738606,0.1419877496866455,1.0,7/10,25.08%,KIR2DL4;ABI3;YPEL3;HMGA2;B2M;ARG2;CDKN2A
prerank,GO_Biological_Process_2021::3'-UTR-mediated mRNA destabilization (GO:0061158),-0.46048538570550535,-1.4084679332914265,0.08827586206896551,0.15151553945257665,1.0,7/16,17.17%,ZC3H12D;CPEB3;RBM24;UPF1;KHSRP;RC3H1;MOV10
prerank,GO_Biological_Process_2021::positive regulation of viral process (GO:0048524),-0.3414118328012348,-1.4080256265409261,0.036036036036036036,0.15158440576258342,1.0,21/55,15.24%,NELFB;TARBP2;CTDP1;SRPK1;POLR2C;HACD3;PPIH;NELFCD;POLR2B;GTF2F2;NELFA;CCNT1;KPNA2;SRPK2;FKBP6;PPIE;NELFE;GTF2F1;KPNA6;TBC1D20;DHX9
prerank,GO_Biological_Process_2021::regulation of defense response to virus by host (GO:0050691),0.49244989414453655,1.407938427893628,0.08121827411167512,0.14239276753002766,1.0,15/27,20.65%,PTPN22;LILRB1;DDX58;AIM2;APOBEC3G;PARP9;IL23R;TNFAIP3;ZDHHC11;IL12RB1;MICB;ZC3H12A;ZDHHC1;STAT1;SIN3A
prerank,GO_Biological_Process_2021::monosaccharide transmembrane transport (GO:0015749),0.5833403220718216,1.4069607980609027,0.0959349593495935,0.14313943230183773,1.0,7/13,22.66%,SLC2A6;SLC50A1;SLC2A10;SLC45A3;SLC5A3;SLC23A1;SLC2A8
prerank,GO_Biological_Process_2021::negative regulation of Notch signaling pathway (GO:0045746),0.506114481989877,1.406604518307359,0.08044280442804429,0.1433660496136592,1.0,13/22,26.65%,GATA2;CHAC1;EGF;BEND6;DLK1;NRARP;RITA1;MAGEA1;FBXW7;HEY1;ARRDC1;TSPAN15;ARRB1
prerank,GO_Biological_Process_2021::regulation of leukocyte migration (GO:0002685),0.5550704407823736,1.4065876929399188,0.10678098207326578,0.14326574000143935,1.0,9/15,20.70%,ADTRP;RHOH;NCKAP1L;HMOX1;MADCAM1;RAC2;ANXA1;BST1;RHOG
prerank,GO_Biological_Process_2021::cellular respiration (GO:0045333),0.4678248675100667,1.4055949407976687,0.08057851239669421,0.14407618800796895,1.0,17/34,23.60%,UQCR10;UQCRFS1;UQCRC2;NR4A3;UQCRC1;COX4I2;UQCRH;UQCRHL;UQCRB;PPARGC1A;SURF1;CYCS;SDHB;MTFR1L;ETFA;MDH2;SDHC
prerank,GO_Biological_Process_2021::negative regulation of biosynthetic process (GO:0009890),0.5951818517767153,1.4052837931653115,0.10387469084913438,0.14424643004028254,1.0,4/11,13.83%,EMILIN1;PAGE4;CIITA;CEACAM1
prerank,GO_Biological_Process_2021::response to interferon-beta (GO:0035456),0.5136101541300108,1.4050008024379956,0.08978102189781022,0.14438928317865968,1.0,11/21,20.56%,MNDA;OAS1;IFITM3;AIM2;XAF1;IFITM1;BST2;PLSCR1;IFITM2;PYHIN1;STAT1
prerank,GO_Biological_Process_2021::regulation of integrin activation (GO:0033623),0.5882610105738448,1.4047840207508142,0.09773828756058159,0.14446258126708564,1.0,8/12,18.56%,RASIP1;CXCL13;FERMT1;SKAP1;FBLIM1;FERMT2;RAP1B;PLEK
prerank,GO_Biological_Process_2021::lymphocyte differentiation (GO:0030098),0.4367686010942382,1.403391412710898,0.06871247498332221,0.14561301386165607,1.0,32/47,29.35%,NFAM1;ZAP70;PTPN22;IL2;RHOH;LEP;VCAM1;CR2;CEBPG;RELB;GATA3;PLCG2;AICDA;IL11;IKZF1;BLNK;CD79A;KLF6;PTPN2;JAG2;DNAJB9;NFIL3;LMBR1L;LYL1;IFNE;RABL3;ADGRG3;NHEJ1;TCF3;PBX1;SOX4;PTPRJ
prerank,GO_Biological_Process_2021::response to amino acid (GO:0043200),-0.4241230085339447,-1.4028529200991036,0.08426073131955485,0.15556084959625086,1.0,6/23,10.35%,NSMF;GLRA3;GLRB;CPEB3;IPO5;CPEB1
prerank,GO_Biological_Process_2021::positive regulation of cell junction assembly (GO:1901890),-0.3547763764173078,-1.4023933159132231,0.05714285714285714,0.1556711363329712,1.0,16/46,12.41%,LRRC4B;NLGN3;SLITRK2;PTPRD;SYNDIG1;GRID2;NLGN2;NPHP4;CNTNAP2;IRX3;WNT7A;CLSTN1;IL1RAPL1;CLSTN3;SFRP1;CLDN19
prerank,GO_Biological_Process_2021::monovalent inorganic cation homeostasis (GO:0055067),0.5483068444573629,1.4022594275750557,0.11297709923664122,0.14652292890520255,1.0,5/16,4.88%,SLC12A7;SLC12A8;SLC12A9;ATP6V0A4;ATP6V1B1
prerank,GO_Biological_Process_2021::regulation of cellular component size (GO:0032535),0.4843296072739864,1.401977335484335,0.09116809116809117,0.14667144188034772,1.0,17/28,25.25%,VAV2;RIN3;NEB;MTPN;VAV1;HP1BP3;PTEN;RARG;RAP1GAP2;VAV3;PPP1CA;EPS8;EZR;RDX;PICALM;PPP1R15A;MSN
prerank,GO_Biological_Process_2021::ethanol metabolic process (GO:0006067),0.5795727662199106,1.4017537304297747,0.0919446704637917,0.14675657126079833,1.0,9/13,24.08%,ADH6;SULT1B1;ADH7;SULT1C4;SULT1E1;ALDH1A1;SULT1A3;ALDH1B1;SULT2A1
prerank,GO_Biological_Process_2021::purine nucleotide metabolic process (GO:0006163),0.5382872893361805,1.401614624449277,0.09384384384384384,0.14676418414425918,1.0,7/17,25.15%,GPX1;DNPH1;NT5C1A;PRPSAP1;PRPS2;HPRT1;ITPA
prerank,GO_Biological_Process_2021::regulation of cytokine production involved in immune response (GO:0002718),0.5413867573473087,1.4012337813973306,0.09419152276295134,0.14699580818677413,1.0,9/17,15.69%,TRIL;APOA2;LAPTM5;LILRB1;SCIMP;APOA1;TNFRSF1B;CLC;F2RL1
prerank,GO_Biological_Process_2021::extrinsic apoptotic signaling pathway via death domain receptors (GO:0008625),0.5105071036348404,1.400705029185725,0.09391049156272928,0.14734433145013057,1.0,15/21,31.11%,TNFRSF10C;DEDD2;BID;GABARAP;SPI1;ZDHHC3;FADD;BLOC1S2;BAX;DIABLO;SORT1;TRADD;DDX3X;CASP8AP2;BAG3
prerank,GO_Biological_Process_2021::C21-steroid hormone metabolic process (GO:0008207),0.5532437641615643,1.4006034748228868,0.10199386503067484,0.14731345226717263,1.0,7/15,22.75%,DHRS2;CYP11A1;STARD3;STARD3NL;FDX1;STAR;AKR1C1
prerank,GO_Biological_Process_2021::regulation of dendritic spine morphogenesis (GO:0061001),0.4795038648541344,1.400356698605137,0.0916138125440451,0.1474020785710694,1.0,16/29,22.34%,TANC2;DBN1;ABI3;PDLIM5;PTEN;DBNL;ABI2;ARC;LRP8;ARHGAP44;CFL1;CDK5R1;SHANK3;RELN;NGEF;LRRK2
prerank,GO_Biological_Process_2021::axonogenesis (GO:0007409),-0.28085920249886426,-1.4002047425713822,0.0,0.15731237786880314,1.0,45/183,13.45%,PSPN;NLGN3;NTNG2;NTNG1;SLC9A6;NRXN3;SLITRK2;LGR6;LGI1;SLITRK3;DSCAM;NTN4;GFRA2;DRAXIN;SLITRK1;NRTN;SCN1B;ARTN;GFRA3;SLITRK5;OTX2;POU4F1;SEMA4C;KIF5C;RYK;ISL1;ACTB;DSCAML1;WNT7A;FEZ1;AFG3L2;SEMA5B;MAP1S;NEFH;AUTS2;RANBP9;GAB1;SEMA4B;CNTN2;SEMA3B;BRSK2;FRS2;MAP1B;ANOS1;SHH
prerank,GO_Biological_Process_2021::neuromuscular process controlling balance (GO:0050885),-0.5256697045313137,-1.4000899324813012,0.08753315649867374,0.15710185303153287,1.0,5/12,7.99%,CLRN1;USH1G;PCDH15;USH1C;CDH23
prerank,GO_Biological_Process_2021::mesonephric tubule development (GO:0072164),0.55979137877927,1.3994468954254544,0.10873015873015873,0.1481253085844165,1.0,8/14,18.81%,OSR1;TCF21;NPNT;ROBO2;BMP4;SLIT2;BMP7;PKD2
prerank,GO_Biological_Process_2021::negative regulation of single stranded viral RNA replication via double stranded DNA intermediate (GO:0045869),0.5796041566009639,1.3991582545593284,0.09682539682539683,0.14815838930209368,1.0,8/13,19.85%,APOBEC3G;HMGA2;APOBEC3D;APOBEC3A;AICDA;APOBEC3H;APOBEC3C;APOBEC3B
prerank,GO_Biological_Process_2021::regulation of single stranded viral RNA replication via double stranded DNA intermediate (GO:0045091),0.5796041566009639,1.3991582545593284,0.09682539682539683,0.14815838930209368,1.0,8/13,19.85%,APOBEC3G;HMGA2;APOBEC3D;APOBEC3A;AICDA;APOBEC3H;APOBEC3C;APOBEC3B
prerank,GO_Biological_Process_2021::regulation of collagen biosynthetic process (GO:0032965),0.5962990557517681,1.3990757649067649,0.10945273631840796,0.14811200112087655,1.0,7/11,18.22%,EMILIN1;CIITA;SUCO;SERPINF2;RGCC;BMP4;RUNX1
prerank,GO_Biological_Process_2021::regulation of transposition (GO:0010528),-0.4407895774711824,-1.3989811622105572,0.07994186046511628,0.1577235584206739,1.0,6/20,9.46%,TDRD9;TEX15;PIWIL2;MYBL1;PIWIL4;SMYD5
prerank,GO_Biological_Process_2021::organic anion transport (GO:0015711),-0.31899047220524296,-1.3983955031596236,0.04632152588555858,0.15789754315753973,1.0,22/82,12.43%,CA5B;CA5A;SLC17A3;CA14;CALHM3;SLC4A2;SLC4A8;LRRC8D;CA13;SLC4A9;LRRC8A;SLC52A3;SLC35B4;CALHM1;SLC22A11;SLCO4A1;SLC25A17;LRRC8E;SLC22A9;SLC26A6;SLCO4C1;LRRC8C
prerank,GO_Biological_Process_2021::branching morphogenesis of an epithelial tube (GO:0048754),0.4743186038494851,1.3983607790149772,0.08484408992023205,0.14867122496169782,1.0,17/31,20.38%,RASIP1;TCF21;NOTCH4;PAK1;NPNT;SFRP2;MYC;BMP4;SLIT2;TGFBR2;FGF10;LRP5;PKHD1;PKD2;GLI2;NRARP;BMP2
prerank,GO_Biological_Process_2021::positive regulation of cardiac muscle hypertrophy (GO:0010613),0.6187358657589209,1.3978848189431454,0.1052195526097763,0.14899257477923014,1.0,7/10,25.56%,NR4A3;EDN1;MTPN;HAND2;SLC9A1;PDE9A;TRPC3
prerank,GO_Biological_Process_2021::ventricular septum development (GO:0003281),0.483814961738738,1.3978663282169688,0.07939914163090128,0.148891745112584,1.0,16/29,23.70%,TGFBR3;ROBO2;GATA4;SLIT3;NKX2-5;HEYL;SLIT2;GATA3;TGFBR2;TBX5;ROBO1;STRA6;GJA5;HECTD1;NOG;HEY1
prerank,GO_Biological_Process_2021::positive regulation of signaling receptor activity (GO:2000273),0.5365025293395544,1.39765556074664,0.10262172284644194,0.1489699064510832,1.0,13/18,21.71%,NCF1;HIF1A;EDN1;EGF;HFE;EPGN;AREG;ARC;BTC;NCOA3;SHANK3;RELN;FBXW7
prerank,GO_Biological_Process_2021::regulation of mesenchymal cell proliferation (GO:0010464),0.6074613762400874,1.3968974996712353,0.11825396825396825,0.14952981392863968,1.0,7/10,23.37%,CHRD;MYC;TGFBR2;LRP5;SOX9;STAT1;TBX1
prerank,GO_Biological_Process_2021::negative regulation of mononuclear cell migration (GO:0071676),0.5990888994554069,1.3961874265865017,0.10114192495921696,0.15006685766781766,1.0,6/11,19.86%,ADTRP;SLAMF8;NBL1;SLIT2;DUSP1;WASL
prerank,GO_Biological_Process_2021::regulation of amyloid-beta formation (GO:1902003),0.5183214886456672,1.3958632674018536,0.09955423476968796,0.15025525741243095,1.0,14/20,30.01%,ABCA7;TMED10;GSAP;APOE;HAP1;SORL1;ABCG1;RTN3;PICALM;BIN1;RTN2;PRNP;PIN1;GGA3
prerank,GO_Biological_Process_2021::establishment of epithelial cell polarity (GO:0090162),0.523269886477089,1.3957984132492984,0.08877086494688922,0.15019809881862276,1.0,10/20,21.04%,FERMT1;CYTH3;SH3BP1;PARD3;CYTH1;CAMSAP3;RHOA;OPHN1;EZR;CDC42
prerank,GO_Biological_Process_2021::regulation of ion transmembrane transport (GO:0034765),-0.4074704345922661,-1.3956125293001238,0.07455429497568881,0.16003571001253086,1.0,9/25,16.87%,KCNJ16;KCNJ10;KCNJ15;CALHM1;KCNJ2;WNK3;AKAP9;KCNJ13;WNK1
prerank,GO_Biological_Process_2021::cardiac muscle cell differentiation (GO:0055007),0.5244933752643535,1.395558731793619,0.0951310861423221,0.15030271138140672,1.0,12/19,26.67%,MYH11;MYOCD;ALPK3;TTN;NKX2-5;MEF2C;BMP2;TCAP;SLC8A1;AKAP13;NRG1;SIK1
prerank,GO_Biological_Process_2021::lytic vacuole organization (GO:0080171),0.4894370090000531,1.3955286370971396,0.09785714285714285,0.15021352984056663,1.0,14/27,23.15%,ACP2;NAGPA;CLN5;GRN;CLN3;MYO7A;HOOK1;CLN6;GNPTAB;GBA;ARSB;TMEM106B;LRRK2;TFEB
prerank,"GO_Biological_Process_2021::tRNA splicing, via endonucleolytic cleavage and ligation (GO:0006388)",-0.4998308438886456,-1.3951125810410838,0.10846560846560846,0.16016467153664685,1.0,6/13,20.95%,TSEN15;CPSF1;TSEN34;CSTF2;CPSF4;CLP1
prerank,GO_Biological_Process_2021::activation of phospholipase C activity (GO:0007202),0.5301518760218789,1.3950492169788633,0.08636363636363636,0.15054427252889238,1.0,14/18,27.67%,ANG;PHB;BDNF;ARHGAP6;PLCG1;TXK;NTF4;PHB2;LPAR2;LPAR1;GNAQ;GNA15;RASGRP4;AVPR1A
prerank,GO_Biological_Process_2021::protein K48-linked deubiquitination (GO:0071108),-0.4291404107518229,-1.3932619881768713,0.0849194729136164,0.16139371357387755,1.0,11/21,23.11%,BAP1;OTUD3;USP5;USP27X;OTUD5;USP37;VCPIP1;OTUD7B;OTUD7A;USP34;USP20
prerank,GO_Biological_Process_2021::regulation of BMP signaling pathway (GO:0030510),0.42433395177300726,1.3931318357961902,0.05346912794398472,0.15221681610182203,1.0,35/61,25.95%,HTRA3;CRIM1;FSTL1;CDH5;SMAD6;SFRP4;SULF1;CHRD;FST;RNF165;NBL1;BAMBI;SOST;BMP4;UBE2D1;GDF5;RBPMS2;BMPER;ITGA3;TFAP2B;BMP2;SORL1;XIAP;SMAD1;SKIL;BMPR1B;SKI;ZNF423;NOG;LRP2;SOSTDC1;SMAD2;SMURF2;SMAD4;FSTL3
prerank,GO_Biological_Process_2021::negative regulation of cellular amide metabolic process (GO:0034249),0.40931627623683037,1.391911424448166,0.04957160342717258,0.15322955091479015,1.0,35/70,27.15%,IGFBP5;ABCA7;PCIF1;GZMB;SPHK1;EIF2AK2;IGF2BP1;EIF4A3;EIF2AK3;NCL;EIF4E2;GRB7;APOE;HAP1;SORL1;DAPK3;IGF2BP2;ENC1;PAIP2B;RTN3;RNF139;DDX6;GAPDH;LIN28A;NANOS1;CNOT7;SYNCRIP;CNOT1;NANOS3;DAPK1;BIN1;DHX36;RTN2;TRIM71;PRNP
prerank,GO_Biological_Process_2021::chromatin organization (GO:0006325),-0.2989230881258041,-1.3909576441592606,0.01953125,0.16302978602655882,1.0,43/120,19.73%,LRWD1;HMGN4;PADI2;SMARCAD1;VCX;TADA2B;CHD1L;HIRIP3;TADA2A;SUPT6H;ATRX;EHMT1;MPND;HCFC2;TAF6L;CDAN1;SMARCD1;MYSM1;KDM5C;HCFC1;MCM3AP;INO80;PHF19;CBX3;SETD2;SETDB1;SUV39H1;SATB2;L3MBTL1;GATAD1;HMG20A;KDM4A;BAZ2A;FAM47E;RSF1;SOX1;SMARCD2;SMARCA5;KDM5A;PHF1;SUPV3L1;SAFB;CHRAC1
prerank,GO_Biological_Process_2021::cellular nitrogen compound biosynthetic process (GO:0044271),0.5148338844061419,1.3909559302375085,0.09785025945144551,0.1540094569750499,1.0,12/23,23.25%,ASAH2B;GCHFR;DDAH2;CYP1B1;SPHK1;GCH1;GBA;ASAH2;ARG2;ASAH1;ACER1;SPHK2
prerank,GO_Biological_Process_2021::positive regulation of transmembrane transport (GO:0034764),0.6119830234839151,1.3908017808029784,0.11139028475711893,0.15403147707970563,1.0,5/10,18.16%,NR4A3;GH1;AZIN2;AZIN1;ANO6
prerank,GO_Biological_Process_2021::stress-activated MAPK cascade (GO:0051403),0.45728508886344266,1.3907722253662878,0.0739247311827957,0.15393900219139392,1.0,21/41,22.63%,ARHGEF6;IRAK2;TRIB1;SKP1;SH2D3C;ZFP36L1;MAPK13;DUSP9;TRAF6;RIPK2;CUL1;TAOK2;MAP2K3;UBE2N;LGALS9;MAP4K2;TNFRSF19;UBB;NOD1;TNIP2;ZFP36
prerank,GO_Biological_Process_2021::Rap protein signal transduction (GO:0032486),0.6131318320619352,1.390606481988073,0.11585866885784717,0.1539680453393985,1.0,7/10,29.78%,RAP2B;RAP1B;PLK2;RAP2C;RAPGEF1;RAP1A;RAP2A
prerank,GO_Biological_Process_2021::skeletal muscle tissue development (GO:0007519),0.472339919487122,1.3905743885938309,0.08279800142755175,0.153881207640841,1.0,19/30,24.62%,SVIL;MYLPF;TCF21;MYLK2;MYH14;ACTA1;MSC;CAV1;CSRP3;MYF6;MEF2C;MYL6B;MYL6;ZBTB18;SKI;EGR2;KLHL41;IGSF8;MYOZ1
prerank,GO_Biological_Process_2021::phosphatidic acid metabolic process (GO:0046473),-0.36338503463175353,-1.3904721547091219,0.06037735849056604,0.1631414711444554,1.0,15/43,15.83%,ACP6;PLD6;AGPAT3;DGKQ;AGPAT1;AGPAT4;AGPAT5;GPAT2;GPAT4;GPAM;GPD1L;GNPAT;GPD1;DGKG;SLC27A1
prerank,GO_Biological_Process_2021::regulation of release of sequestered calcium ion into cytosol (GO:0051279),0.47165959356881454,1.3903042847474527,0.09805285118219749,0.15401045861450935,1.0,18/31,29.68%,THY1;CXCL9;CXCL11;CLIC2;GSTM2;XCL1;LIME1;DIAPH1;UBASH3B;PLCG1;ANK2;CASQ2;TRPC1;TRDN;CEMIP;CASQ1;CALM3;GPER1
prerank,GO_Biological_Process_2021::glucose import (GO:0046323),0.6054020743062694,1.3895269882131378,0.11146496815286625,0.15460522481543024,1.0,8/10,27.49%,ZDHHC7;SLC2A4;SLC2A10;SLC2A3;RAB4B;SLC2A1;SORT1;HNF1A
prerank,GO_Biological_Process_2021::extracellular matrix assembly (GO:0085029),0.5331820447675049,1.3889399363528638,0.10725308641975309,0.1550439404284629,1.0,11/18,14.53%,EMILIN1;MFAP4;FBLN5;EFEMP2;MYH11;TNXB;HAS2;QSOX1;LAMB4;PXDN;HAS3
prerank,GO_Biological_Process_2021::interleukin-6-mediated signaling pathway (GO:0070102),0.610250255194673,1.3888447106859827,0.11416309012875536,0.15501543027161724,1.0,7/10,26.96%,YAP1;CBL;CEBPA;SPI1;STAT1;SMAD4;SOCS3
prerank,GO_Biological_Process_2021::regulation of trophoblast cell migration (GO:1901163),0.5661940233914587,1.3879522682061807,0.10626486915146709,0.15573655822076002,1.0,6/13,17.59%,SYDE1;ARHGDIB;APELA;GJA1;C1QBP;TIMP1
prerank,GO_Biological_Process_2021::endocardial cushion development (GO:0003197),0.5792347279703222,1.3877134660422175,0.11165048543689321,0.1558375436624528,1.0,10/12,26.38%,GATA4;HEYL;BMP4;CRELD1;SOX9;BMP2;TBX2;NOG;HEY1;FOXF1
prerank,GO_Biological_Process_2021::quinone biosynthetic process (GO:1901663),-0.5126929372116481,-1.3869285913184155,0.12717536813922356,0.16562569091341064,1.0,6/12,25.09%,COQ9;PDSS2;PDSS1;COQ5;COQ10A;UBIAD1
prerank,GO_Biological_Process_2021::ubiquinone biosynthetic process (GO:0006744),-0.5126929372116481,-1.3869285913184155,0.12717536813922356,0.16562569091341064,1.0,6/12,25.09%,COQ9;PDSS2;PDSS1;COQ5;COQ10A;UBIAD1
prerank,GO_Biological_Process_2021::positive regulation of JNK cascade (GO:0046330),0.43055863938765027,1.3865188598794915,0.0718954248366013,0.156856501658175,1.0,23/54,20.77%,DUSP15;CCL21;NCF1;CCL19;SERPINF2;CCR7;CARD9;TIRAP;SEMA3A;F2RL1;TRAF6;TRAF1;TAOK2;RASGRP1;SLAMF1;TRAF2;MAP4K2;FGF19;TAOK3;TNFRSF19;PYCARD;SDCBP;TRAF3
prerank,GO_Biological_Process_2021::regulation of exosomal secretion (GO:1903541),0.5544086273080779,1.3859574065792757,0.11686274509803922,0.15729444868293993,1.0,10/14,30.39%,CHMP3;SMPD3;SDCBP;PDCD6IP;RAB7A;CHMP6;CHMP2A;VPS4B;SNF8;VPS4A
prerank,GO_Biological_Process_2021::regulation of cellular biosynthetic process (GO:0031326),0.5078661522672866,1.3853813723215131,0.0999275887038378,0.15773557172654115,1.0,13/22,22.68%,MFSD12;AVIL;ADIPOQ;CCL5;CES1;CYP7A1;CX3CR1;TNFRSF1B;SIRPA;MITF;STC2;EIF6;PRKAG2
prerank,GO_Biological_Process_2021::metal ion homeostasis (GO:0055065),0.4702664802715645,1.385330059501622,0.1006896551724138,0.15766267101874012,1.0,14/30,21.89%,SLC12A7;SLC12A8;SLC12A9;S100A14;FAM20A;ATP6V1B1;TRPV6;SLC7A8;CAV1;WFS1;CYP27B1;TFAP2B;TRPV5;SLC8A1
prerank,GO_Biological_Process_2021::lysosome organization (GO:0007040),0.47053583286844447,1.3851632006415828,0.0968421052631579,0.1576931647220146,1.0,16/31,23.15%,ACP2;CORO1A;TMEM165;NAGPA;CLN5;GRN;CLN3;MYO7A;HOOK1;CLN6;GNPTAB;GBA;ARSB;TMEM106B;LRRK2;TFEB
prerank,GO_Biological_Process_2021::eye photoreceptor cell development (GO:0042462),-0.4917639343362794,-1.3847782162878242,0.09809264305177112,0.16718411787186566,1.0,5/13,7.75%,RPGRIP1;CRB2;USH1C;CEP290;TOPORS
prerank,GO_Biological_Process_2021::nuclear-transcribed mRNA catabolic process (GO:0000956),0.38065024287653726,1.3846623656054173,0.03577512776831346,0.1580605523141104,1.0,52/124,24.22%,RPLP2;RPS12;RPL39;RPL7A;RPL28;PABPC1;RPL29;RPL27A;RPL10A;RPL34;RPL27;RPL9;RPL14;RPL41;RPL24;RPL21;RPL35A;RPL26;RPL15;RPL13;RPS20;RPL7;RPS17;RPL18A;RPL31;RPL30;RPL36;RPL18;RPL37A;ZFP36L1;RPS14;RPS21;EIF4A3;EIF3E;RPL35;HELZ2;ZC3H12A;RPS10;CNOT6L;PNLDC1;RPS29;DCP1B;RPS3A;CNOT11;POLR2G;ZFP36;DCPS;RPL23A;ETF1;RPL23;CNOT7;PAN3
prerank,GO_Biological_Process_2021::gonad development (GO:0008406),-0.3668759382595024,-1.3844589856416314,0.057692307692307696,0.16716666652130846,1.0,8/40,4.23%,ADAM20;ADAM21;SIX4;IRX5;SOX8;WNT2B;LHB;MAMLD1
prerank,GO_Biological_Process_2021::negative regulation of binding (GO:0051100),0.4129390811221477,1.3843590580452652,0.06038200862600123,0.15822382148655822,1.0,33/68,26.17%,MDFI;CPNE1;CARD18;CFHR1;CTSZ;SLPI;JUN;IFIT1;GZMA;CARD16;CAV1;HMGA2;IFIT2;BAG2;PLN;CYP2D6;RALB;NES;XIRP1;DAB2;TMC8;PPP1CA;DVL1;CDKN1A;SORL1;MITD1;LRPAP1;LRRK2;TMBIM6;DISC1;LEF1;SUMO4;BAX
prerank,GO_Biological_Process_2021::nucleosome assembly (GO:0006334),-0.4021727404876525,-1.383262325703207,0.06217616580310881,0.16791090173153148,1.0,12/28,19.17%,NAP1L3;NAP1L2;GRWD1;IPO4;ATRX;SART3;UBN1;ASF1B;KAT6B;RSF1;SMARCA5;NAA60
prerank,GO_Biological_Process_2021::TRIF-dependent toll-like receptor signaling pathway (GO:0035666),0.5183573145674806,1.3831309527874576,0.1018867924528302,0.15927997680473838,1.0,13/19,26.95%,CD300LF;TLR6;TICAM2;UBE2D1;IRF7;TBK1;UBB;TRAF3;UBE2D2;TANK;FADD;IKBKE;IKBKG
prerank,MSigDB_Hallmark_2020::Apical Surface,0.4656101704757787,1.3829412831890333,0.089198606271777,0.15935137869400257,1.0,17/34,22.48%,SRPX;SULF2;ATP6V0A4;PLAUR;THY1;SLC2A4;CD160;RTN4RL1;GHRL;GSTM3;FLOT2;GATA3;PKHD1;LYPD3;EFNA5;CROCC;RHCG
prerank,GO_Biological_Process_2021::positive regulation of neuron projection development (GO:0010976),0.4096579502629296,1.3829145864603867,0.0592958616429895,0.1592545302782869,1.0,41/69,28.75%,SCARF1;AVIL;DBN1;P3H1;STYXL1;VLDLR;S100A9;PLA2G3;ITGA6;DPYSL3;ATP1B2;NDNF;TWF2;BDNF;DBNL;NPTN;ABL2;LRP8;PLXNB2;BMP7;APOE;SNX3;ARSB;RELN;STMN2;SCARB2;TWF1;MARK2;RAPGEF1;SERPINI1;PACSIN1;MDK;ZNF804A;FES;DHX36;PLK5;RAP1A;PTK7;CBFA2T2;CAMK1;PTN
prerank,GO_Biological_Process_2021::digestive tract development (GO:0048565),-0.4042655372780991,-1.3816487606048868,0.08186195826645265,0.16900639894577843,1.0,8/28,10.78%,CCDC39;CCDC40;DNAAF1;BBS7;MEGF8;CDX2;ZIC3;NIPBL
prerank,GO_Biological_Process_2021::regulation of lymphocyte differentiation (GO:0045619),0.5466937552807094,1.381249939464102,0.09579439252336448,0.1607489309752446,1.0,7/15,17.27%,SLAMF8;NCKAP1L;ZFP36L1;IL4I1;PRELID1;TBX21;FCRL3
prerank,GO_Biological_Process_2021::negative regulation of plasma membrane bounded cell projection assembly (GO:0120033),0.4925526781183171,1.3805336588391164,0.10413589364844904,0.1613100159439489,1.0,12/24,21.27%,ODF2L;EVL;CCL21;HRG;ABI3;YAP1;LIMK2;SLIT2;STAP1;ARHGAP44;RAP1GAP;ARHGAP24
prerank,GO_Biological_Process_2021::phosphatidylinositol dephosphorylation (GO:0046856),-0.42100444675911247,-1.3802598309379803,0.09235668789808917,0.1699181167026759,1.0,13/23,16.39%,MTMR10;MTMR6;MTMR3;MTMR7;MTMR4;MTMR12;MTMR2;MTM1;MTMR1;INPP5F;INPP5B;TPTE;MTMR8
prerank,GO_Biological_Process_2021::glucosamine-containing compound metabolic process (GO:1901071),0.580772614187027,1.3798551281252636,0.11522633744855967,0.1618349967977166,1.0,5/12,19.62%,CHIA;CHST4;RENBP;CHST1;NAGK
prerank,GO_Biological_Process_2021::negative regulation of cell-substrate adhesion (GO:0010812),0.4682896220255483,1.379606788972151,0.09394572025052192,0.16194968508271565,1.0,14/31,22.69%,PTPRO;FBLN1;MYOC;THBS1;DMTN;GBP1;CORO1C;ACTN4;RHOA;AJAP1;SPRY4;EFNA5;JAG1;CASK
prerank,GO_Biological_Process_2021::keratan sulfate biosynthetic process (GO:0018146),0.48294530296321253,1.378979688591158,0.09593837535014006,0.16243511963127436,1.0,7/27,6.95%,LUM;PRELP;OGN;OMD;FMOD;KERA;ACAN
prerank,GO_Biological_Process_2021::regulation of cell division (GO:0051302),-0.33023923290690044,-1.3787855544330019,0.03588516746411483,0.17095024024620173,1.0,17/64,13.45%,PRC1;KIF18B;TLE6;ORC6;PRDM15;OOEP;AURKC;CCP110;KLHL21;SMYD5;INSC;BLM;SETD2;EFHC1;KLHL9;NKX3-1;SHH
prerank,GO_Biological_Process_2021::microvillus assembly (GO:0030033),0.5481590776755423,1.378590127365481,0.10623556581986143,0.16267525988574788,1.0,6/15,20.57%,FXYD5;RAP2B;ESPN;RAP1B;RAP2C;EZR
prerank,GO_Biological_Process_2021::positive regulation of catalytic activity (GO:0043085),-0.40535275873137455,-1.3784506113045292,0.08925619834710743,0.17091891615164087,1.0,9/26,8.82%,MSH6;XRCC4;MSH3;WRN;POT1;MT3;B3GAT3;MSH2;XRCC5
prerank,GO_Biological_Process_2021::regulation of neurotransmitter transport (GO:0051588),0.5505666023188508,1.3783829913184125,0.11727416798732171,0.16275581660063157,1.0,8/14,21.36%,MCTP1;HCRT;SNCAIP;MEF2C;CPLX1;CPLX4;CPLX3;FLOT1
prerank,GO_Biological_Process_2021::response to light stimulus (GO:0009416),-0.3523652919912031,-1.378011122772531,0.056179775280898875,0.17097624070713963,1.0,17/45,19.90%,RRH;MSH6;TRPM1;ERCC4;SPRTN;ERCC5;ERCC8;UVSSA;ERCC3;TRIM32;CCAR2;ZRANB3;DDB2;GTF2H2;REV1;USP1;UBE4B
prerank,GO_Biological_Process_2021::regulation of cyclin-dependent protein serine/threonine kinase activity (GO:0000079),-0.32727613847824366,-1.3773830821965838,0.03333333333333333,0.17126296717999226,1.0,26/73,17.25%,CDKN3;CCNB3;INCA1;GTPBP4;BCCIP;ACTB;GTF2H1;CCNT2;CCNO;CCNB2;IPO5;HEXIM2;APC;CDKN1B;CCNT1;BLM;CCNK;MNAT1;CDKN1C;SPDYA;PSMD10;CCNF;IPO7;DIRAS3;CCNE2;CDK5RAP1
prerank,GO_Biological_Process_2021::amino acid import across plasma membrane (GO:0089718),0.5014339058471864,1.3768931249569807,0.1123429416112343,0.16408111728244648,1.0,10/23,21.58%,SLC6A6;SLC22A2;SLC36A1;SLC6A9;SLC7A8;SLC3A2;SLC1A1;SLC7A5;SLC1A2;SLC16A2
prerank,GO_Biological_Process_2021::positive regulation of DNA recombination (GO:0045911),-0.4184815983984075,-1.376531424991529,0.09428129829984544,0.1717160281451098,1.0,11/22,16.92%,OOEP;PAXIP1;KMT5C;RIF1;TP53BP1;MAD2L2;RAD51AP1;MMS19;WDR48;FANCB;KMT5B
prerank,GO_Biological_Process_2021::histone modification (GO:0016570),-0.2982556793088205,-1.3760479293830699,0.040268456375838924,0.17183428315071247,1.0,33/96,22.50%,EYA2;EYA3;EYA4;PADI2;AURKC;HLCS;EHMT1;RCOR3;MIER3;MT3;TAF6L;USP51;BRD8;ATXN7L3;PADI6;PRMT6;USP22;TBL1XR1;EYA1;SIN3B;KAT6A;RCOR1;KDM4A;BAZ2A;KAT6B;KAT5;RBM14;PHF20L1;MRGBP;BAZ1B;HUWE1;NSD1;UHRF1
prerank,GO_Biological_Process_2021::cellular response to nitrogen levels (GO:0043562),0.5858727745875286,1.3758793292105198,0.1282258064516129,0.16482326543418896,1.0,9/11,29.30%,GABARAPL1;MAP1LC3C;GABARAP;GABARAPL2;BECN1;NPRL2;ATG7;MAP1LC3B;ATG5
prerank,GO_Biological_Process_2021::cellular response to nitrogen starvation (GO:0006995),0.5858727745875286,1.3758793292105198,0.1282258064516129,0.16482326543418896,1.0,9/11,29.30%,GABARAPL1;MAP1LC3C;GABARAP;GABARAPL2;BECN1;NPRL2;ATG7;MAP1LC3B;ATG5
prerank,GO_Biological_Process_2021::glutamine family amino acid biosynthetic process (GO:0009084),0.5998617800211312,1.3757853158572355,0.12080536912751678,0.16478925424445132,1.0,8/10,26.75%,GLS2;PYCR1;LGSN;ALDH18A1;GLUL;ASS1;GLUD1;GLUD2
prerank,GO_Biological_Process_2021::cellular response to drug (GO:0035690),0.5242675556934143,1.3755668458474124,0.10450038138825324,0.16488803280950043,1.0,9/18,20.00%,SLAMF8;ADIPOQ;PPM1F;AIM2;FBP1;MYC;MEF2C;GPLD1;PPM1E
prerank,GO_Biological_Process_2021::protein heterotetramerization (GO:0051290),-0.5259263902932638,-1.3748347782590482,0.11325611325611326,0.172599221232232,1.0,6/11,14.86%,CPSF6;CPSF7;CBR4;KRT10;NUDT21;HSD17B8
prerank,GO_Biological_Process_2021::cardiac ventricle morphogenesis (GO:0003208),0.4887955561588241,1.3745963953314804,0.0967741935483871,0.16567491945038912,1.0,12/24,20.81%,MYL3;TGFBR3;TPM1;GATA4;SFRP2;HEYL;BMP4;GATA3;TGFBR2;MEF2C;CPE;JAG1
prerank,GO_Biological_Process_2021::response to X-ray (GO:0010165),-0.4813460654640402,-1.374380656284599,0.12616201859229748,0.17270554969325885,1.0,6/14,10.96%,LIG4;XRCC4;MSH2;XRCC5;NIPBL;BLM
prerank,GO_Biological_Process_2021::cardiac conduction system development (GO:0003161),0.5015978183446973,1.3736073955764916,0.1149090909090909,0.1665562949207911,1.0,16/22,26.60%,MSC;GJA1;GATA4;NKX2-5;SCN5A;BMP4;GATA6;NPPB;MSX2;MSX1;SMAD1;GJA5;HEY1;SMAD4;GJB6;NPPA
prerank,GO_Biological_Process_2021::organonitrogen compound biosynthetic process (GO:1901566),0.3716849160955144,1.3734056737261227,0.03370165745856354,0.1666185795343304,1.0,51/143,23.53%,GAL3ST4;ABHD3;APOA2;HPGDS;SAMD8;SLC44A1;PAM;GSTM1;GSTM5;GSTM2;GSTA2;RHCE;SLC25A15;GSTA1;LCAT;GSTA3;ARG1;APOA1;GSTM3;SPHK1;GCH1;GSTO2;CERS3;ALDH3B2;SGPP2;FURIN;MGST1;PRKD2;PHOSPHO1;CHPT1;PCTP;GSTT2B;CDO1;APOE;VAPA;MGST2;INHA;GSTM4;MOCS3;OTC;PAH;ARG2;TNIP1;GSTA4;PRKD3;ALAS2;VAPB;ACER1;SPHK2;DEGS2;ASS1
prerank,GO_Biological_Process_2021::import into nucleus (GO:0051170),-0.3269923358206695,-1.373171172435487,0.03836317135549872,0.1734491012709998,1.0,23/67,17.78%,IPO4;TNPO2;POM121;NUP133;NUP188;GEMIN6;GEMIN8;GEMIN2;CSE1L;SNUPN;IPO5;GEMIN7;IPO13;POM121C;RANBP6;GEMIN5;TNPO3;APPL2;IPO7;NXT2;IPO9;GEMIN4;NUTF2
prerank,GO_Biological_Process_2021::purine ribonucleotide metabolic process (GO:0009150),0.41567573717537426,1.3726434640788716,0.06439393939393939,0.16724914414801453,1.0,27/63,24.84%,ABHD14B;ENPP1;TPST2;GIMAP7;ACOT9;SULT1B1;SULT1C4;ACOT2;SULT2B1;SULT1E1;RHOQ;GNAI3;ACOT4;ACSL6;AMPD1;SULT1A3;ACOT12;TPST1;DBI;BAAT;LRRK2;PDE9A;GTPBP1;ACSM6;SULT2A1;HPRT1;ACSM3
prerank,GO_Biological_Process_2021::erythrocyte differentiation (GO:0030218),0.4536841078964649,1.3725131288692523,0.09619377162629758,0.1672592748096096,1.0,17/35,22.03%,DMTN;TGFBR3;TAL1;GATA1;HCLS1;NCKAP1L;EPO;CEBPG;RPS14;HSPA9;AHSP;IKZF1;INHA;SH2B3;ID2;PTPN2;ALAS2
prerank,GO_Biological_Process_2021::negative regulation of double-strand break repair via homologous recombination (GO:2000042),-0.49370403037985905,-1.372149714774177,0.1151685393258427,0.17409808371666227,1.0,6/12,15.20%,PARPBP;RIF1;TP53BP1;MAD2L2;KLHL15;FANCB
prerank,GO_Biological_Process_2021::UDP-N-acetylglucosamine metabolic process (GO:0006047),0.5599482404897032,1.3721188222929948,0.12661290322580646,0.16752342327065373,1.0,8/13,25.27%,GFPT2;RENBP;GNPDA1;GFPT1;NAGK;GNPDA2;GNPNAT1;B4GALNT2
prerank,GO_Biological_Process_2021::sterol metabolic process (GO:0016125),0.4277735119110481,1.371636537208502,0.06718346253229975,0.16789082158294463,1.0,27/54,24.23%,APOL2;CETP;APOA2;ARV1;CES1;APOF;CYP7A1;CYP11A1;STARD3;CLN8;LCAT;CYP1B1;APOA1;CLN6;OSBPL5;SULT2B1;CYP26C1;FDX1;CYP26A1;APOE;GBA;CYP7B1;ABCG1;CYP21A2;PRKAG2;SULT2A1;LIPA
prerank,GO_Biological_Process_2021::sphingolipid catabolic process (GO:0030149),0.5474788767224619,1.3713168245981913,0.12679425837320574,0.16809964983613596,1.0,8/15,22.76%,ASAH2B;PPT1;GLA;SMPDL3A;SPHK1;ASAH2;ASAH1;ACER1
prerank,GO_Biological_Process_2021::cell communication by electrical coupling involved in cardiac conduction (GO:0086064),0.5827878210369971,1.3711767173010248,0.11529026982829109,0.16810985524677705,1.0,8/12,21.89%,GJA1;ATP1B2;GJC1;TBX5;ATP1A3;RYR2;GJA5;SLC8A1
prerank,GO_Biological_Process_2021::negative regulation of locomotion (GO:0040013),0.5849990740780985,1.3711561191205617,0.12721145745577084,0.16800153106960253,1.0,7/11,26.32%,FBLN1;WAS;GATA3;PTPN2;CRK;SPOCK3;CCDC125
prerank,GO_Biological_Process_2021::regulation of cell growth (GO:0001558),0.3685486693201527,1.3703448780134295,0.03695532266960838,0.1686593541419225,1.0,73/162,25.34%,CCDC85B;FAM107A;RERG;SERTAD2;WFDC1;DNPH1;DCSTAMP;S100A8;ENPP1;HRG;IL2;HYAL2;HYAL1;LTBP4;FBP1;MTPN;NET1;CRLF3;S100A9;PPT1;FHL1;PAPPA2;SMAD3;GJA1;BTG1;FRZB;SLIT3;SFRP2;PHB;OGFR;SCGB3A1;CXCL16;SPHK1;CEACAM1;SLIT2;PRSS2;BST2;NPPB;RASGRP2;SOCS2;KIF26A;MSX1;PML;TMEM97;CSNK2A3;CHPT1;TMC8;TAOK2;DERL2;CYP27B1;SMARCA2;EI24;CDKN1A;PPP1R9B;SDCBP;PLCE1;CDC42;SERTAD3;CDK11B;OSGIN2;GNG4;ST7L;BCAR1;SPHK2;ADAM10;FXN;MFSD2A;SLC25A33;KIAA1109;SOX17;CDKN2A;CDK11A;VGLL4
prerank,GO_Biological_Process_2021::cartilage development (GO:0051216),0.4482432823242833,1.369354599772696,0.0965948575399583,0.16950271904024142,1.0,21/38,21.56%,OSR1;SULF2;CHI3L1;RUNX2;NFIB;HYAL2;HYAL1;SULF1;SLC39A14;GHRL;HMGA2;BMP4;GDF5;MEF2C;RUNX1;SOX9;GPLD1;RUNX3;BMP2;SNX19;ATP7A
prerank,GO_Biological_Process_2021::negative regulation of protein exit from endoplasmic reticulum (GO:0070862),0.6078797480768409,1.3689429543523695,0.11554800339847068,0.1697852151397941,1.0,7/10,28.24%,OS9;YOD1;DERL2;UBE2J1;ERLEC1;UBAC2;DERL3
prerank,GO_Biological_Process_2021::positive regulation of cell morphogenesis involved in differentiation (GO:0010770),0.43915560784807667,1.368826079796287,0.08236895847515316,0.1697771661545738,1.0,18/41,21.35%,LIMS2;MYOC;MYADM;DMTN;RAC3;NEDD9;FERMT2;APOA1;LIMS1;C1QBP;ILK;OLFM4;S100A10;SS18L2;CASS4;CSPG5;CDC42;OBSL1
prerank,GO_Biological_Process_2021::negative regulation of Ras protein signal transduction (GO:0046580),0.46490710698958665,1.368668118693953,0.09053213545266067,0.16980372123050658,1.0,14/31,22.83%,MYOC;RASIP1;STMN3;RASAL3;FBP1;HEG1;SPRY1;DLC1;ABL2;ARHGAP44;ITGA3;SPRY4;ARHGAP24;CUL3
prerank,GO_Biological_Process_2021::organic hydroxy compound transport (GO:0015850),0.4538757004598958,1.368448541167864,0.0979706088173548,0.16991477122199647,1.0,16/35,22.75%,NPC2;AQP9;SLC16A8;RBP4;SLCO2B1;GHRL;CEACAM1;NCOA2;SLC5A3;SLC16A1;SLCO1B1;ABCC4;ABCG5;SLC10A2;STRA6;AKR1C1
prerank,GO_Biological_Process_2021::receptor catabolic process (GO:0032801),0.49579283190749823,1.3681231788380885,0.10219530658591976,0.1701086219495308,1.0,14/22,25.63%,LGMN;NEDD4;VLDLR;AP2A2;MYLIP;CLTC;AP2B1;SNX25;KIF16B;AP2S1;AP2A1;MVB12A;BECN1;SH3GLB1
prerank,GO_Biological_Process_2021::protein hydroxylation (GO:0018126),0.5468301252182153,1.3680278971463025,0.13327882256745707,0.17008459604289916,1.0,6/14,17.07%,P3H4;P3H1;P3H3;PLOD2;P3H2;PLOD1
prerank,GO_Biological_Process_2021::regulation of triglyceride biosynthetic process (GO:0010866),0.5721218296769639,1.3678128370376834,0.13189448441247004,0.17017418847548937,1.0,8/12,26.67%,LDLR;PLIN5;CNEP1R1;GPLD1;SCARB1;FBXW7;MFSD2A;SIK1
prerank,GO_Biological_Process_2021::regulation of calcium ion transport (GO:0051924),0.4285560313493735,1.3677889845606335,0.07953063885267275,0.17007111422803398,1.0,22/47,23.18%,LILRA2;LILRB2;STC1;LILRA5;LILRB1;CCL5;CAV3;SARAF;EGF;IL16;WFS1;PLN;FCRL3;CCL3;EPB41;PKD2;MYLK;CD84;CCL4;CRACR2A;ANK2;TRPC6
prerank,GO_Biological_Process_2021::negative regulation of innate immune response (GO:0045824),0.46173997473633727,1.3666418022106623,0.10426871938418475,0.1711082841315138,1.0,17/32,25.64%,SLAMF8;VSIG4;USP18;OAS1;OAS3;GRN;SAMHD1;TNFAIP3;NLRC3;IRAK3;USP15;PTPN2;DHX58;ISG15;CNOT7;TTLL12;STAT2
prerank,GO_Biological_Process_2021::divalent inorganic cation homeostasis (GO:0072507),0.5105187021565906,1.3663163022560019,0.1100371747211896,0.1713087270350288,1.0,11/20,21.89%,S100A14;FAM20A;ATP6V1B1;TRPV6;CAV1;WFS1;TMC8;CYP27B1;TFAP2B;TRPV5;SLC8A1
prerank,GO_Biological_Process_2021::regulation of DNA binding (GO:0051101),0.46025621385048954,1.3660210122747312,0.11183261183261184,0.17147523172734414,1.0,9/32,14.58%,MDFI;CPNE1;PLAUR;JUN;GZMA;HMGA2;EGF;CEBPG;BCL3
prerank,GO_Biological_Process_2021::regulation of cysteine-type endopeptidase activity (GO:2000116),0.5765839564070723,1.3657070283114374,0.12631578947368421,0.17166986650604546,1.0,8/12,22.65%,LTF;AIM2;MEFV;NLRP12;SOX2;USP50;PYCARD;NGFR
prerank,GO_Biological_Process_2021::regulation of oxidative stress-induced intrinsic apoptotic signaling pathway (GO:1902175),0.5885704528751678,1.3657047954876302,0.12839506172839507,0.17154105066327544,1.0,5/10,22.70%,VNN1;TREM2;SOD2;MAPK7;NOL3
prerank,GO_Biological_Process_2021::ventricular cardiac muscle tissue morphogenesis (GO:0055010),0.5277600911607665,1.3655300330137452,0.12015209125475285,0.17158171613227557,1.0,12/17,27.94%,MYL3;TGFBR3;TPM1;NKX2-5;DSP;RYR2;NOG;LRP2;NRG1;SMAD4;MYBPC3;ZFPM2
prerank,GO_Biological_Process_2021::protein modification by small protein conjugation (GO:0032446),-0.2556050918673998,-1.3650937935118768,0.0,0.179915866151709,1.0,103/355,20.35%,RNF157;ZNRF3;TRIM6;RNF220;ANAPC7;CDC23;LZTR1;CDC16;TRIM58;TRIM73;UBA52;KLHL2;ANAPC11;PEX10;UBC;NUP205;DCUN1D2;RFWD3;CDC27;POM121;KLHL8;PAF1;NUP133;NUP188;RNF8;RNF212;DCAF15;ZSWIM8;TOPORS;FBXO45;NUP35;CHFR;RNF20;UVSSA;NUP37;TRIM11;KLHL24;TRIM34;BRAP;KLHL25;KLHL21;CUL7;AAAS;KLHL7;TRIM10;NUP160;TRIM32;NUP43;USP5;TRIM41;DCUN1D1;TRIM74;RNF6;TRIM39;ATG10;TRPC4AP;PEX2;POM121C;DCUN1D3;MUL1;TRIM60;RNF40;FBXO4;UBE2M;CAND2;CDC34;PEX14;UBA5;EYA1;NSMCE2;DCUN1D5;UBE2S;NDC1;RCHY1;KLHL9;RTF1;VCPIP1;RLIM;CCNF;TRIM26;PIAS4;FBXO32;RNF111;AMFR;RNF151;ITCH;PEX12;VPS11;KLHL20;ANKRD9;ASB5;VPS18;ZNF451;FBXL3;RANGAP1;UBE2T;BIRC6;FBXW11;PCNA;RNF26;FBXW5;CUL4B;PIAS2
prerank,GO_Biological_Process_2021::positive regulation of mitochondrial outer membrane permeabilization involved in apoptotic signaling pathway (GO:1901030),0.47373135399571226,1.364001859619011,0.10503597122302158,0.17297298771198444,1.0,17/27,29.89%,GZMB;PMAIP1;TP73;BID;BAK1;YWHAQ;SFN;YWHAH;YWHAE;NMT1;PPP1R13B;TP63;BAX;CHCHD10;YWHAG;BBC3;YWHAZ
prerank,GO_Biological_Process_2021::antibacterial humoral response (GO:0019731),0.46429138634126754,1.3636322310839852,0.10743801652892562,0.17321989442629904,1.0,16/31,16.57%,RNASE6;CTSG;CAMP;RNASE2;ANG;RPL39;DEFA4;WFDC2;RNASE3;LTF;SLPI;RNASE7;PLA2G1B;DEFB1;PI3;SFTPD
prerank,GO_Biological_Process_2021::membrane protein intracellular domain proteolysis (GO:0031293),0.5728927326369565,1.3636038818245508,0.13640098603122433,0.17311857480565876,1.0,7/12,26.24%,SPPL2A;TRAF6;SPPL2B;NGFR;ADAM10;HM13;NCSTN
prerank,GO_Biological_Process_2021::chromatin remodeling (GO:0006338),-0.30074760606697154,-1.3635465160563787,0.018292682926829267,0.18104535236976413,1.0,30/91,18.62%,SMARCAD1;TADA2B;CHD1L;BAHD1;SRCAP;TADA2A;ACTB;MBD3;ATRX;MPND;HCFC2;TAF6L;SMARCD1;MYSM1;KDM5C;ACTR8;HCFC1;INO80;CBX3;INO80B;GATAD2B;SATB2;ACTR5;GATAD1;KDM4A;BAZ2A;RSF1;SMARCD2;SMARCA5;KDM5A
prerank,GO_Biological_Process_2021::positive regulation of cell death (GO:0010942),0.4363704599854404,1.3634689678308545,0.08994708994708994,0.17313451114432402,1.0,22/42,23.04%,SLFN11;SLC6A6;TYROBP;HPR;CD36;PRODH;PHB;BMP4;ACOX2;C1QA;HP;RARG;CIDEB;RIPK2;FOS;ZC3H12A;SARM1;CELF1;AXIN2;DDIT4;LRRK2;PICALM
prerank,GO_Biological_Process_2021::regulation of potassium ion transmembrane transport (GO:1901379),-0.3558014206267785,-1.3629865264051066,0.08300395256916997,0.181224768340656,1.0,10/44,10.61%,DPP6;KCNJ16;KCNJ10;KCNJ15;DPP10;KCNMB4;NOS1AP;KCNIP4;KCNIP2;KCNJ2
prerank,GO_Biological_Process_2021::regulation of macromolecule metabolic process (GO:0060255),-0.27871658584941894,-1.3629321665890624,0.01092896174863388,0.1809586277438161,1.0,40/161,14.46%,YBX2;DPPA5;ZNF513;TRIM6;ZNF462;ZNF407;MEGF8;DHH;TRIM58;CACTIN;CTCF;NKAPL;NOVA1;MTMR3;REST;TRIM11;TRIM34;ZNF445;HINFP;RSPO1;MTMR4;ZNF711;SART3;TRIM10;TRIM39;ADNP2;POGZ;TRIM60;KHSRP;MTMR2;NKAP;ADNP;MTMR1;PEG3;NPAT;SHH;MKLN1;TRIM26;STX1B;HMG20A
prerank,GO_Biological_Process_2021::positive regulation of heterochromatin assembly (GO:0031453),-0.5309989204137464,-1.3624083644606908,0.1213653603034134,0.181145612711954,1.0,4/10,12.74%,SIRT6;ZNF304;SETDB1;ATF7IP
prerank,GO_Biological_Process_2021::epithelial cell differentiation (GO:0030855),0.39255901336109295,1.362061711501549,0.05514705882352941,0.17443202315469514,1.0,25/83,14.23%,ZDHHC7;CNN3;VIL1;DNPH1;ZNF703;ANXA4;TAGLN;ANXA7;FSTL1;TCF21;CES1;UPK1A;ACTL8;MAF;GSTA2;TAGLN2;SULT1B1;GSTA1;UPK1B;CTSB;ANXA1;BMP4;GATA6;PTER;GATA3
prerank,GO_Biological_Process_2021::negative regulation of cellular component organization (GO:0051129),0.41581114778983425,1.3620256049551516,0.07857142857142857,0.17434524089461567,1.0,20/53,21.07%,AIDA;MCTP1;APOA2;ABCA7;LILRB1;APOM;PON1;BMP6;APOA1;SOST;IAPP;HSPA5;TMC8;IRAK3;GBA;DNAJB1;WASL;SORL1;CDC42;RDX
prerank,GO_Biological_Process_2021::positive regulation of telomere capping (GO:1904355),0.5824774033457065,1.3616575111213285,0.14039621016365203,0.17457943532695502,1.0,2/11,2.83%,PKIB;MAPK15
prerank,GO_Biological_Process_2021::apical junction assembly (GO:0043297),-0.3347256676874197,-1.361646611663661,0.04288939051918736,0.18154605566791493,1.0,16/52,13.25%,GRHL2;CLDN15;CLDN11;FRMPD2;CLDN8;CLDN10;MPP7;CLDN34;CLDN16;STRN;TBCD;APC;ECT2;CLDN14;CLDN19;CLDN9
prerank,GO_Biological_Process_2021::coenzyme A metabolic process (GO:0015936),0.5517656680702104,1.3609541122966984,0.13942307692307693,0.1751390736134623,1.0,7/13,28.78%,PANK1;NUDT7;PANK2;DCAKD;PPCS;PANK4;ACOT7
prerank,"GO_Biological_Process_2021::RNA splicing, via endonucleolytic cleavage and ligation (GO:0000394)",-0.4730422029961814,-1.3605755197891996,0.13448735019973368,0.18215439200437894,1.0,6/14,20.95%,TSEN15;CPSF1;TSEN34;CSTF2;CPSF4;CLP1
prerank,GO_Biological_Process_2021::receptor signaling pathway via JAK-STAT (GO:0007259),0.5233967229863875,1.360031495347913,0.13580246913580246,0.17595083285865515,1.0,12/17,29.24%,LEP;STAT4;SOCS2;STAT5A;STAT6;PKD2;STAT5B;STAT1;STAT2;NMI;PKD1;PIAS1
prerank,GO_Biological_Process_2021::pyrimidine-containing compound catabolic process (GO:0072529),0.5482336449379798,1.359977787743475,0.12006196746707978,0.17586946508618082,1.0,9/14,23.98%,UPP2;DPYSL3;NT5C1A;UPB1;DPYS;DPYSL4;UPP1;TET2;NT5C3A
prerank,GO_Biological_Process_2021::regulation of interferon-beta production (GO:0032648),0.44454742505223216,1.3597855928951073,0.09488559892328398,0.17593799251923387,1.0,20/39,22.44%,LILRB1;DDX58;OAS1;OAS2;OAS3;TIRAP;IFIH1;RELB;IRF5;IRF7;SIRPA;NLRC3;RNF135;RIPK2;TBK1;PYCARD;TRAF3;FLOT1;DHX58;ISG15
prerank,GO_Biological_Process_2021::positive regulation of ruffle assembly (GO:1900029),0.5909268156714825,1.3588256197701853,0.1514644351464435,0.17676174643008916,1.0,5/10,21.29%,DEF8;EPS8L1;EPS8L2;EPS8;NDEL1
prerank,GO_Biological_Process_2021::regulation of cellular response to growth factor stimulus (GO:0090287),0.5286129445205502,1.3582610398117871,0.12212529738302934,0.17722904305652987,1.0,10/17,22.69%,TMEM204;FSTL1;SFRP4;SULF1;FST;SLIT2;ITGA3;TFAP2B;XIAP;CASK
prerank,GO_Biological_Process_2021::positive regulation of cellular catabolic process (GO:0031331),0.37524540835785736,1.3568078867310083,0.056329849012775844,0.17859633008880246,1.0,54/111,25.84%,DCN;APOA5;LAPTM5;APOC2;TP53INP1;PTTG1IP;TWIST1;MEFV;ADAM8;HIF1A;FOXO1;FOXO3;ABHD5;VPS35;TMEM59;APOA1;PLIN5;PFKFB3;TNFRSF1B;TRIM65;PLK2;FURIN;TRIM38;ATF6;TRIM5;ZC3H12A;PTPN1;APOE;GPLD1;SNX9;LIN28B;IRS2;EZR;RDX;ARNT;SH3D19;TRIM22;DHRSX;LRRK2;MLXIPL;TFEB;DTX3L;GTPBP1;CNOT7;PFKFB2;PNPLA2;RNF152;CNOT1;MSN;GAPDHS;VGLL4;GRSF1;SH3GLB1;DAPK1
prerank,GO_Biological_Process_2021::porphyrin-containing compound biosynthetic process (GO:0006779),-0.40838934927326975,-1.356638751465198,0.0967238689547582,0.18544370002624763,1.0,6/22,10.84%,RSAD1;FLVCR1;ALAD;HMBS;CPOX;UROS
prerank,GO_Biological_Process_2021::regulation of microtubule depolymerization (GO:0031114),-0.41535927485147994,-1.356550676315977,0.12232415902140673,0.18519652466557335,1.0,8/23,17.09%,TPX2;TTBK2;CLASP1;MAP1S;APC;CAMSAP2;MAP1B;CLASP2
prerank,GO_Biological_Process_2021::nucleic acid-templated transcription (GO:0097659),-0.36769719443899795,-1.3563894448637588,0.09601449275362318,0.1850157637790663,1.0,11/37,15.54%,SCX;POLR3A;MED20;PWP1;TOPORS;POLR2C;POLR2B;MLF1;TAF1B;MMS19;BAZ2A
prerank,GO_Biological_Process_2021::male gonad development (GO:0008584),-0.3754051838979649,-1.3559754529036465,0.07118055555555555,0.18504877324200422,1.0,7/34,4.23%,ADAM20;ADAM21;SIX4;SOX8;WNT2B;LHB;MAMLD1
prerank,GO_Biological_Process_2021::myelination (GO:0042552),-0.35412992943145305,-1.3559179520761384,0.06790123456790123,0.18477883256238084,1.0,12/45,13.53%,LGI4;MYRF;BCAS1;PLP1;SCN2A;MAL;KLK6;ZNF24;NFASC;MAL2;SOX10;EIF2B2
prerank,GO_Biological_Process_2021::artery development (GO:0060840),0.5665664734538248,1.3558938571751689,0.13528932355338225,0.179400773059424,1.0,9/12,23.37%,EFEMP2;ROBO2;SLC2A10;ROBO1;PKD2;STRA6;GJA5;HECTD1;TBX1
prerank,GO_Biological_Process_2021::mitochondrial transport (GO:0006839),0.4225566355113765,1.3555965005013777,0.09499358151476252,0.1795872599022603,1.0,24/49,29.80%,TMEM14B;TMEM14A;PPIF;STARD3;PMAIP1;SLC25A24;SLC25A31;BAK1;TOMM22;TMEM14C;TOMM34;TIMM17A;GDAP1;TIMM8B;FBXO7;TOMM20;TIMM13;DNAJC19;SLC25A4;TIMM9;TOMM40;BNIP3;OXA1L;FIS1
prerank,GO_Biological_Process_2021::pentose-phosphate shunt (GO:0006098),0.5644048544836509,1.3555318709823843,0.13481363996827914,0.17952091201512066,1.0,10/13,27.50%,RPEL1;PGD;H6PD;RPIA;G6PD;TALDO1;DERA;TKT;RBKS;PGM2
prerank,GO_Biological_Process_2021::steroid biosynthetic process (GO:0006694),-0.33386724036849114,-1.3550676841231297,0.0673469387755102,0.18522903233866223,1.0,13/50,11.47%,MSMO1;LSS;SQLE;FAXDC2;SC5D;TM7SF2;PMVK;LBR;CYP51A1;SRD5A2;EBP;AKR1D1;HSD3B7
prerank,GO_Biological_Process_2021::isotype switching (GO:0045190),-0.529524788079473,-1.3549579303311492,0.13248407643312102,0.18499226393549395,1.0,5/10,8.80%,MSH6;LIG4;RNF8;MSH2;EXOSC3
prerank,GO_Biological_Process_2021::regulation of intracellular signal transduction (GO:1902531),0.34543121811828364,1.3547324390356612,0.006666666666666667,0.1802198636257369,1.0,126/367,21.80%,RCN3;ARHGAP25;ARHGAP18;FGD2;MOB3B;LBH;CMKLR1;CHN2;CPNE1;SYDE1;ARHGDIB;ARHGAP30;ARHGEF17;ARHGAP15;ABR;FAM13B;MYOC;CLEC6A;IER3;PTPN22;TMSB4X;ARHGAP29;VAV2;TP53INP1;CLEC7A;ZNF385A;RAC3;RASD2;TAGAP;ARHGEF6;RHOH;STYXL1;TREM2;ARAP3;RRAS;ARHGAP9;NET1;VAV1;TRIP10;GPR143;MAP2K6;RHOJ;RHOD;PAK1;GBP1;ARHGEF19;ARHGAP4;ARHGAP19;LIME1;RAC2;GATA4;KALRN;AKAP12;PAK3;DEPDC7;FGD1;PIP5K1B;ARHGAP10;TP73;ATP6AP2;PAK6;PLEKHG5;RHOF;CEACAM1;CD24;RRAGB;PLCG2;PTEN;BCL3;NLRP12;ARHGEF16;ARHGEF1;GMIP;GNAI1;ARHGAP6;ITSN1;F2RL1;PRKD2;DLC1;PML;TRAF6;ARHGEF5;GNA13;TRAF1;VAV3;RHOQ;PKHD1;STARD8;FGD3;JMY;TAOK2;RHOA;ARHGAP31;ARHGAP12;ARHGAP44;BST1;ARHGAP26;RHOC;FAM13A;OPHN1;CDK5R1;TRAF2;GBA;ARHGAP20;TAOK3;ARAP1;PYCARD;ARAP2;PRKAG3;SLC15A4;EZR;PTPMT1;NGEF;RHOG;TRAF3;XIAP;PLK3;CDC42;CARD8;ARHGAP24;ARHGEF26;STK4;SOS1;TBP;PLEKHG2;MCF2
prerank,GO_Biological_Process_2021::regulation of dendrite development (GO:0050773),0.4603931924064145,1.3538175466427531,0.10669456066945607,0.18102695650764813,1.0,18/32,25.35%,DBN1;KNDC1;SDC2;NEDD4;RTN4IP1;VLDLR;LZTS1;KIAA0319;RAB17;DCC;HECW2;LRP8;BMP7;SARM1;HECW1;NEDD4L;MFSD2A;PACSIN1
prerank,GO_Biological_Process_2021::potassium ion homeostasis (GO:0055075),0.5540149102034995,1.3537270346031987,0.12559618441971382,0.18098980863189257,1.0,8/14,19.15%,SLC12A7;SLC12A8;SLC12A9;ATP12A;ATP1B2;ATP1A4;ATP1A3;TFAP2B
prerank,GO_Biological_Process_2021::negative regulation of execution phase of apoptosis (GO:1900118),-0.4911587188875794,-1.3536525143051579,0.13383838383838384,0.1858621739770893,1.0,4/12,12.31%,MTRNR2L10;MTRNR2L6;MTRNR2L4;FZD3
prerank,GO_Biological_Process_2021::nuclear migration (GO:0007097),-0.4684112883500898,-1.3530819291900469,0.12191780821917808,0.18607058185462635,1.0,6/14,31.30%,TMEM201;PCM1;CEP120;FBXW11;HOOK3;SUN2
prerank,GO_Biological_Process_2021::vesicle cytoskeletal trafficking (GO:0099518),0.44957640814150773,1.3527303969284794,0.104736490993996,0.1818700129484582,1.0,19/35,23.87%,TANC2;CCDC186;MYO1G;MYO5C;MYO1F;MYO1C;CLN3;MYO7A;MYO1B;MYO5B;MYO1A;ACTN4;FNBP1L;MYO15A;WASL;HAP1;NDEL1;RAB1A;MYO6
prerank,GO_Biological_Process_2021::protein catabolic process (GO:0030163),0.41806637524060014,1.3520155532656375,0.0912672357189757,0.18249032202151866,1.0,25/51,26.10%,CLN8;PPT1;PMAIP1;CLN5;MANBA;NEU4;ADAMTS9;CLN6;CTRL;CEACAM1;CTSD;VCP;DENND3;APOE;FBXO17;NR1D1;NGLY1;PSMA8;PRSS16;FBXO27;RAB12;RNF5;TPP1;LAMP2;USE1
prerank,GO_Biological_Process_2021::purine ribonucleotide catabolic process (GO:0009154),0.5166287910633997,1.3518542977552312,0.13112164296998421,0.18251154845251727,1.0,5/18,14.55%,NUDT4;NUDT3;NUDT10;NUDT7;NT5C1A
prerank,GO_Biological_Process_2021::positive regulation of glial cell differentiation (GO:0045687),0.53994098467526,1.3515127536848746,0.13771517996870108,0.18272648965477623,1.0,9/15,26.07%,IL34;PTPRZ1;SERPINE2;TNFRSF1B;BMP2;ID2;EGR2;MDK;BIN1
prerank,GO_Biological_Process_2021::response to nutrient levels (GO:0031667),0.5633556134777695,1.351428410904827,0.1283147989734816,0.18268163366111517,1.0,6/12,20.62%,FAM107A;GH1;PRL;CD68;UCP1;SCT
prerank,GO_Biological_Process_2021::regulation of striated muscle contraction (GO:0006942),0.5047862188624078,1.3507152435565408,0.13427299703264095,0.18332254680246116,1.0,10/19,22.83%,MYL3;TNNI1;CAV3;TNNT3;NKX2-5;MYBPH;SLC8A3;RYR2;GJA5;ANK2
prerank,GO_Biological_Process_2021::phosphatidylglycerol acyl-chain remodeling (GO:0036148),0.5553862424776702,1.3491846409277999,0.13644067796610168,0.18474930025011377,1.0,7/13,20.84%,PLA2G2D;PLA2G3;PLA2G1B;PLA2G2F;PLA2G4D;PLA2G4B;LPCAT4
prerank,GO_Biological_Process_2021::linoleic acid metabolic process (GO:0043651),0.5291815799068424,1.3491043049426166,0.12653374233128833,0.18469684183494714,1.0,6/16,13.22%,ALOX12B;GSTM2;ALOX15B;ALOX15;GSTA1;ALOX12
prerank,GO_Biological_Process_2021::regulation of apoptotic signaling pathway (GO:2001233),0.47371041115121293,1.348820594582729,0.10711768851303735,0.18484369541018486,1.0,15/29,23.58%,STYXL1;CX3CR1;GATA4;NR4A2;FAS;BDNF;TRAF1;BCL2L14;PYCARD;TRAF7;ASAH2;PTPMT1;MAPK8IP2;BCL2L12;TMBIM6
prerank,GO_Biological_Process_2021::positive regulation of ubiquitin-dependent protein catabolic process (GO:2000060),0.4091619754591812,1.3479241970466769,0.08498402555910543,0.18563317395635784,1.0,25/59,23.00%,RNF144B;RNF217;LAPTM5;CAV3;PRICKLE1;TRIB1;CBFA2T3;BAG2;PTEN;GABARAP;VCP;CEBPA;DAB2;RNF19B;RNF14;TRIB3;STUB1;DVL1;PYHIN1;RNF139;CCDC22;FBXW7;NKD2;LRRK2;HECTD1
prerank,GO_Biological_Process_2021::positive regulation of exocytosis (GO:0045921),0.4654459323251455,1.3477423719047081,0.11997126436781609,0.18568037935214093,1.0,18/28,27.66%,RAB3D;RAB27B;UNC13D;RAB27A;ATP6AP1;RAB3A;SMPD3;SDCBP;PDCD6IP;SYTL4;RAB5A;RAB7A;RAB9A;RAB15;CHMP2A;EXPH5;VPS4B;SNF8
prerank,GO_Biological_Process_2021::positive regulation of neuron migration (GO:2001224),-0.47847337620479935,-1.3470324175384314,0.13446475195822455,0.19130729037229086,1.0,3/13,10.78%,KIF20B;NSMF;NIPBL
prerank,GO_Biological_Process_2021::regulation of SMAD protein signal transduction (GO:0060390),0.5134848098210669,1.3470224308708654,0.13611755607115236,0.1862904020065877,1.0,8/17,16.86%,CILP;KIAA0319;BMP6;SLC2A10;WWTR1;BMP4;GDF5;DAB2
prerank,GO_Biological_Process_2021::negative regulation of amyloid fibril formation (GO:1905907),0.5778310849916645,1.3460897943873067,0.15163934426229508,0.18699441366107947,1.0,7/11,23.21%,PFDN5;TREM2;LDLR;IAPP;APOE;PFDN2;PFDN1
prerank,GO_Biological_Process_2021::regulation of amyloid fibril formation (GO:1905906),0.5778310849916645,1.3460897943873067,0.15163934426229508,0.18699441366107947,1.0,7/11,23.21%,PFDN5;TREM2;LDLR;IAPP;APOE;PFDN2;PFDN1
prerank,GO_Biological_Process_2021::enzyme linked receptor protein signaling pathway (GO:0007167),0.4004797574936134,1.345914263144308,0.07939508506616257,0.1870481092291534,1.0,44/66,28.75%,ZAP70;CD8B;ANGPTL1;CD8A;CD7;GP6;LCP2;SHC1;NEDD9;LIF;PILRB;PTPRG;NPPB;BDNF;STAP1;INSRR;NTF3;SLA;CNKSR1;LIFR;SHC3;BLNK;CASS4;LMTK2;NPR2;PTPRT;ABI1;NTF4;BCAR1;CLNK;RAPGEF1;TRIO;DDR1;FES;GUCY2D;GUCA1B;NPPA;RASGRP4;GUCY2F;FRK;PTPRU;SHC2;TYRO3;PTN
prerank,GO_Biological_Process_2021::I-kappaB kinase/NF-kappaB signaling (GO:0007249),0.43098275815780224,1.345579524458063,0.10830564784053157,0.18729376515179952,1.0,27/43,28.70%,FAIM;NFKBIL1;IRAK2;TICAM2;RELB;BCL3;NLRC3;TRAF6;RIPK2;TBK1;TRAF2;BCL10;UBB;PRDX4;NKIRAS1;TIFA;TANK;REL;RNF31;CARD11;TAB1;IKBKG;TRADD;TAB2;MAP3K14;TIAF1;TBKBP1
prerank,GO_Biological_Process_2021::carboxylic acid transmembrane transport (GO:1905039),0.4498259979606165,1.3449482219697402,0.10855949895615867,0.1878372466398599,1.0,15/36,21.09%,SLC38A6;SLC38A10;SLC7A7;SLC7A10;SLC7A9;SLC36A1;SLC7A8;SLC7A6;SLC38A7;SLC16A7;SLC16A1;SLC25A11;SLC25A10;SLC7A5;SLC23A1
prerank,GO_Biological_Process_2021::cardiac muscle cell action potential involved in contraction (GO:0086002),-0.40902871709059674,-1.344491618896612,0.10182370820668693,0.19340203311178006,1.0,9/23,14.96%,SCN2B;SCN3B;SCN1B;CACNA2D1;KCNE1B;KCNJ2;GPD1L;KCNE3;PKP2
prerank,GO_Biological_Process_2021::cellular response to fluid shear stress (GO:0071498),0.5887415517786884,1.3444176072969491,0.15182357930449533,0.18826574663993548,1.0,7/10,26.10%,HAS2;MEF2C;PKD2;MAPK7;KLF4;ASS1;KLF2
prerank,GO_Biological_Process_2021::epidermal cell differentiation (GO:0009913),0.43100180686515405,1.343298139486955,0.09507978723404255,0.18933222185447154,1.0,24/43,24.25%,SPRR3;TGM3;SPRR1A;CSTA;S100A7;SPRR1B;IVL;ANXA1;DSP;GATA6;CERS3;CDSN;OPN3;GLI1;SCEL;SPRR2A;EVPL;JAG1;ASAH1;TGM1;ACER1;ERCC2;USH2A;SPRR2B
prerank,GO_Biological_Process_2021::cytoskeleton-dependent cytokinesis (GO:0061640),-0.3344388100549678,-1.3432114725776236,0.07829977628635347,0.19429010842780053,1.0,14/54,12.92%,CKAP2;TRIM36;NUSAP1;KIF4B;ROPN1B;KIF4A;RACGAP1;ANLN;CUL7;APC;ALKBH4;ECT2;CENPA;EFHC1
prerank,GO_Biological_Process_2021::dephosphorylation (GO:0016311),0.365754729326147,1.3431782766337117,0.039731393396754335,0.1893279056466988,1.0,45/140,21.03%,ACP2;PPM1M;PTPRO;DUSP23;DUSP11;DUSP15;PTPN22;PPM1H;PPM1F;PTPN9;HDHD2;PTPRR;PTPN6;FBP1;ALPL;DUSP6;PTPN5;PTPN7;PTPRZ1;PTPRM;PLPPR2;DUSP18;DUSP5;PTPN3;DUSP9;PTPRG;PTEN;PLPP6;SGPP2;PDXP;DUSP12;PPP1R12A;DUSP1;DUSP2;SSH1;PTPRE;PPP1CC;PTPN1;FAM220A;PPP1CB;PPP1CA;PPM1E;DUSP10;DUSP8;PTPRT
prerank,GO_Biological_Process_2021::aerobic respiration (GO:0009060),0.5056249437910868,1.3418189924105957,0.14330218068535824,0.19067633601926345,1.0,12/18,25.49%,UQCR10;UQCRC2;UQCRC1;UQCRH;UQCRHL;UQCRB;SURF1;SDHB;MTFR1L;MDH2;SDHC;SIRT3
prerank,"GO_Biological_Process_2021::retrograde vesicle-mediated transport, Golgi to endoplasmic reticulum (GO:0006890)",-0.3079543296455362,-1.3410529278299468,0.041791044776119404,0.19607046714467688,1.0,19/80,14.72%,KIF15;KIF4B;KIF4A;KIF3B;RACGAP1;KIF22;KIF2C;KIF3A;ZW10;KIF18A;KLC2;COG4;CENPE;NBAS;KLC1;PICK1;KIF2A;DNAJC28;KIF3C
prerank,GO_Biological_Process_2021::organic acid transport (GO:0015849),0.388498694477181,1.3408375974152393,0.06321493076459964,0.19158835510743635,1.0,32/90,21.97%,SLC6A6;SLC7A7;FOLR2;FOLR3;SLC25A47;SLC43A2;SLC7A10;SLC43A1;SLC27A3;PDPN;SLC16A8;SLC25A45;SLC7A9;SLC3A1;SLC36A1;SLC7A8;SLC7A6;SLCO2B1;CEACAM1;NCOA2;SLC3A2;SFXN5;SLC16A1;SLCO1B1;ABCC4;SLC25A11;SLC25A10;SLC46A1;SLC25A32;SLC23A1;SLC10A2;ABCG2
prerank,GO_Biological_Process_2021::nuclear export (GO:0051168),-0.3122565085002417,-1.3399082766769188,0.052941176470588235,0.19679885774965836,1.0,16/74,11.73%,CASC3;LSG1;DHX38;XPO5;POM121;NUP188;U2AF1;CSE1L;XPO7;ATXN1;PHAX;RANBP3;MAGOHB;SARNP;POM121C;STRADB
prerank,GO_Biological_Process_2021::myoblast fusion (GO:0007520),0.5930855582215783,1.3390775922429712,0.14380165289256197,0.19333586540019135,1.0,5/10,11.63%,PTGFRN;ADAMTS5;ERVFRD-1;ADAM12;JAM2
prerank,GO_Biological_Process_2021::chaperone cofactor-dependent protein refolding (GO:0051085),0.4840833559766656,1.3380239977956496,0.123991195891416,0.19432076239173457,1.0,12/23,27.82%,ERO1A;DNAJB13;HSPA9;HSPA5;PTGES3;SDF2L1;DNAJB1;BAG1;DNAJB4;HSPE1;GAK;DNAJC7
prerank,GO_Biological_Process_2021::aminoglycan metabolic process (GO:0006022),-0.5065055925974216,-1.3375977371756373,0.14172185430463577,0.1986019293533802,1.0,5/11,8.32%,CHST9;GAL3ST3;B3GALT6;B4GALT7;B3GAT3
prerank,GO_Biological_Process_2021::regulation of nucleocytoplasmic transport (GO:0046822),0.5586813229062528,1.3367103302603327,0.1510204081632653,0.19560391445277656,1.0,7/12,22.32%,MX2;NEDD4;IFI27;NUP214;BMP4;KHDRBS1;PTPN14
prerank,GO_Biological_Process_2021::regulation of oxidoreductase activity (GO:0051341),0.5869524942627311,1.336362263754873,0.15390879478827363,0.1958455080191156,1.0,6/10,21.93%,SLAMF8;GZMA;HP;ABL2;ATP7A;SIRT4
prerank,GO_Biological_Process_2021::central nervous system myelination (GO:0022010),-0.521105967160977,-1.3359755873213481,0.14880201765447668,0.19985734703006194,1.0,4/10,15.70%,MYRF;PLP1;SOX10;ABCA2
prerank,GO_Biological_Process_2021::carbohydrate derivative biosynthetic process (GO:1901137),0.4834712868978817,1.3359246231992226,0.13194959229058562,0.19618830199675255,1.0,4/23,10.13%,GAL3ST4;SCCPDH;GBGT1;GK
prerank,GO_Biological_Process_2021::positive regulation of calcium-mediated signaling (GO:0050850),0.5703190455212949,1.3356373570174147,0.15729421352893236,0.19634779190143245,1.0,6/11,21.39%,CLEC7A;TRAT1;TREM2;PLCG2;CCL3;CCL4
prerank,GO_Biological_Process_2021::inorganic cation transmembrane transport (GO:0098662),-0.2697730843461591,-1.335415323255015,0.013888888888888888,0.20005145324742124,1.0,42/187,12.28%,SLC6A17;HCN1;HCN3;SLC9A6;KCNK12;SCNN1D;KCND3;SLC9A7;SCN2B;HCN2;KCNJ16;OTOP2;KCNJ10;PKD2L1;SLC9A2;SLC9A5;KCNK4;SLC9A8;SLC4A8;SLC6A8;SCN3B;HCN4;TRPM1;SCN1B;SLC25A14;TRPM5;KCNK13;SLC6A1;SCN2A;KCNC3;SLC6A13;SLC12A2;KCNK2;KCNK7;KCNH1;CACNA2D4;KCNJ2;ABCB8;TRPC4AP;LRRC55;SLC30A6;SLC24A2
prerank,GO_Biological_Process_2021::positive regulation of peptidyl-serine phosphorylation (GO:0033138),0.4207598815058951,1.3352027923626202,0.09533073929961089,0.19666742733961728,1.0,31/49,30.01%,CSF3;HCLS1;CREBL2;PAK1;LIF;CAV1;SH2D3C;SFRP2;OSM;BDNF;PRKD2;RIPK2;IL11;NTF3;TBK1;STK4;NTF4;AVP;TCL1B;FNIP2;TENM1;IFNE;TNKS1BP1;IRGM;CAMK1;PDCD10;SH2D3A;WNT3A;AXIN1;HAX1;PFN2
prerank,GO_Biological_Process_2021::regulation of interleukin-4 production (GO:0032673),0.5516245731619424,1.3349312271145135,0.16338259441707717,0.19681483868141586,1.0,9/12,25.27%,FCER1G;IRF4;FOXP3;CEBPB;GATA3;LGALS9;SLC7A5;LEF1;DDIT3
prerank,GO_Biological_Process_2021::cardiac ventricle development (GO:0003231),0.5190991038352784,1.3341058637197392,0.13270142180094788,0.19755808974072536,1.0,10/16,23.70%,GATA4;SCN5A;HEYL;GATA3;TBX5;TMEM65;STRA6;GJA5;HECTD1;HEY1
prerank,GO_Biological_Process_2021::regulation of protein transport (GO:0051223),0.47337907049377287,1.3328104088445338,0.12848751835535976,0.198832015510625,1.0,12/25,22.00%,P3H1;PPM1F;SAA1;RHBDF2;LCP1;RHBDF1;SNX12;PTPN1;SNX3;NDFIP1;NDEL1;CHP1
prerank,GO_Biological_Process_2021::positive regulation of calcium ion transport (GO:0051928),0.47132810718519147,1.3324494378953926,0.1251778093883357,0.19908796920377494,1.0,14/26,23.25%,LILRA2;STC1;LILRA5;CCL5;CAV1;PLA2G1B;WFS1;CCL3;MYLK;CCL4;CRACR2A;ANK2;TRPC6;SPHK2
prerank,GO_Biological_Process_2021::regulation of neuron projection development (GO:0010975),0.36879049328355457,1.331952491276592,0.06017997750281215,0.19949152488692626,1.0,62/132,25.95%,PTPRO;TANC2;SCARF1;AVIL;DBN1;P3H1;KNDC1;PTPN9;ABI3;GFI1;RTN4IP1;STYXL1;S100A9;PDLIM5;PLA2G3;PAK1;ITGA6;RAB17;RTN4RL1;DPYSL3;ATP1B2;PAK3;SEMA3A;RTN4RL2;NDNF;TWF2;PTEN;CDH2;DCC;BDNF;NPTN;ABL2;ABI2;ARC;MYLIP;PLXNB2;ARHGAP44;APOE;CFL1;CDK5R1;PAQR3;SNX3;SHANK3;ARSB;RELN;NDEL1;RAB29;LRRK2;STMN2;SCARB2;TWF1;MARK2;RAPGEF1;DISC1;LPAR1;FBXO7;MFSD2A;SERPINI1;MDK;ITM2C;ZNF804A;FES
prerank,GO_Biological_Process_2021::negative regulation of androgen receptor signaling pathway (GO:0060766),0.5419308874571381,1.3309819397352285,0.16184519155590305,0.2004028966613422,1.0,7/13,21.61%,TCF21;PHB;HEYL;DAB2;NCOR1;FOXH1;NCOR2
prerank,GO_Biological_Process_2021::detection of chemical stimulus involved in sensory perception of bitter taste (GO:0001580),-0.3962067945152556,-1.3305271256972588,0.1372854914196568,0.2044280992576426,1.0,8/23,6.55%,TAS2R5;TAS2R4;TAS2R19;TAS2R31;TAS2R14;TAS2R30;RTP1;RTP2
prerank,GO_Biological_Process_2021::regulation of double-strand break repair (GO:2000779),-0.35564935186385604,-1.3302564312511467,0.08379888268156424,0.20435178324355202,1.0,13/37,13.39%,OOEP;FIGNL1;RPA2;POT1;RNF169;SPIDR;SIRT6;USP51;SETD2;ZNF365;RAD51AP1;SLF2;SLF1
prerank,GO_Biological_Process_2021::positive regulation of B cell activation (GO:0050871),0.4630662487068632,1.3299774031782239,0.1287339971550498,0.20137448586870177,1.0,17/28,22.82%,SASH3;HMCES;IL2;IGLL5;IL7;NCKAP1L;TIRAP;XBP1;MEF2C;VAV3;FCRL3;BST1;GPR183;IRS2;TNIP2;SH3KBP1;CD320
prerank,GO_Biological_Process_2021::positive regulation of histone methylation (GO:0031062),-0.40831968151325293,-1.3294480850820578,0.11580594679186229,0.20478180581791397,1.0,10/21,26.75%,PAXIP1;RIF1;PAF1;PHF19;AUTS2;CHTOP;FAM47E;PHF1;WDR61;TET1
prerank,GO_Biological_Process_2021::regulation of neuronal synaptic plasticity (GO:0048168),-0.3882681331425681,-1.329378996689412,0.12845528455284552,0.20451526032974304,1.0,7/25,6.60%,SHISA9;NSMF;NETO1;SHISA7;SHISA6;SHISA8;NCDN
prerank,GO_Biological_Process_2021::response to estradiol (GO:0032355),0.4831213170468079,1.3292723603906893,0.12109955423476969,0.20198036653864712,1.0,11/23,19.99%,FAM210B;ZNF703;GGT5;GH1;GGT7;ANXA1;SOCS2;NCOA3;GGT2;GGT1;STAT5B
prerank,GO_Biological_Process_2021::myeloid cell development (GO:0061515),0.5227151664946385,1.3288978744118936,0.13891081294396213,0.2022788490395977,1.0,6/15,9.51%,EVI2B;DMTN;ZNF385A;NRROS;GATA1;NCKAP1L
prerank,GO_Biological_Process_2021::receptor signaling pathway via STAT (GO:0097696),0.5154858875923658,1.3287769903366957,0.1564945226917058,0.20226488730355394,1.0,12/16,29.24%,STAT4;SOCS2;STAT5A;STAT6;PKD2;STAT5B;STAT1;THPO;STAT2;NMI;PKD1;PIAS1
prerank,GO_Biological_Process_2021::mRNA stabilization (GO:0048255),0.44705358157950287,1.3282765384156754,0.13094417643004824,0.20269615343258798,1.0,15/32,25.61%,SLC11A1;PABPC1;TIRAP;YBX3;DAZL;IGF2BP1;MYD88;ELAVL4;VIP;AXIN2;HNRNPU;ZFP36;NOCT;SYNCRIP;HNRNPC
prerank,GO_Biological_Process_2021::cytoplasmic sequestering of transcription factor (GO:0042994),0.5520108353137039,1.328114647690885,0.15077424612876936,0.20273253108545514,1.0,6/12,21.81%,MDFI;TMSB4X;NFKBIE;PKD2;CCDC22;G3BP2
prerank,GO_Biological_Process_2021::regulation of vesicle-mediated transport (GO:0060627),0.38987533037252897,1.328087471123977,0.08475609756097562,0.2026085560053569,1.0,43/74,27.52%,RAB3D;CD177;PLA2G3;RAB17;SPHK1;SNX17;RAB26;RAB8A;SNX12;RAB13;CHMP3;ABL2;OLFM4;CPLX1;SYT7;RAB3A;PTPN1;SYT1;OPHN1;HAP1;AP2S1;RAB8B;RNF139;SCARB1;RALA;DNAJC13;STX4;LRRK2;PICALM;RAB11A;RAB21;RAB5A;RAB4B;RAB12;TSC2;SLC30A8;PACSIN1;FES;RAB15;RAB4A;RAB10;RAB11B;RAB5B
prerank,GO_Biological_Process_2021::negative regulation of oxidative stress-induced cell death (GO:1903202),0.5020310256924191,1.3280593415388762,0.13967310549777118,0.20249437052960945,1.0,11/19,25.33%,PAGE4;VNN1;GATA4;GPR37L1;PYCR1;SOD2;MAPK7;LRRK2;NOL3;FBXO7;GPR37
prerank,GO_Biological_Process_2021::cholesterol metabolic process (GO:0008203),0.4061235293056892,1.3280398441321208,0.08957133717210493,0.20236825519684273,1.0,26/60,21.00%,APOL2;SCARF1;APOA5;CETP;APOA2;NPC1L1;ARV1;CES1;APOF;CYP7A1;CYP11A1;STARD3;CLN8;LCAT;APOA1;CLN6;OSBPL5;PLPP6;SNX17;SULT2B1;CEL;FDX1;APOE;GBA;G6PD;ABCG1
prerank,GO_Biological_Process_2021::mitochondrial protein processing (GO:0034982),-0.5255322711329882,-1.3275692911990136,0.1553398058252427,0.20599524144870734,1.0,5/10,26.90%,IMMP1L;AFG3L2;MIPEP;PMPCA;IMMP2L
prerank,GO_Biological_Process_2021::positive regulation of response to cytokine stimulus (GO:0060760),0.5818021590831041,1.327239861984187,0.1447811447811448,0.20311851690632082,1.0,4/11,12.83%,DDX58;IL7;IFIH1;LRRC70
prerank,GO_Biological_Process_2021::ubiquitin-dependent protein catabolic process (GO:0006511),-0.25344216146727644,-1.326804659404458,0.0,0.20638354257288177,1.0,75/296,16.74%,RNF148;RNF133;ZNRF3;KCTD21;DCST1;ANAPC7;ANAPC2;CDC23;ANAPC5;CDC16;ANAPC10;TRIM2;ANAPC1;ANAPC11;KCTD17;CDC27;FZR1;KLHL8;KLHL42;KCTD2;BUB3;RNF8;ERCC8;ZSWIM8;TOPORS;FBXO45;CHFR;RNF20;CDC26;UBE3C;TRIM3;ZRANB1;KLHL25;KIF14;UBE4A;PTPN23;PTTG1;KLHL15;TRIM32;GID4;FEM1B;ANAPC4;KCTD5;RNF6;FEM1C;RNF4;TRPC4AP;DCAF11;RNF40;TBL1XR1;CDC34;RNF185;FBXL19;KBTBD7;KCTD6;FBXL4;APPBP2;UBE2S;NPLOC4;RCHY1;FBXW4;FAF1;RC3H1;PSMD10;RLIM;PSME3;SPOPL;RNF186;ZFAND2B;RNF111;RMND5A;AMFR;KAT5;ITCH;OTUD7B
prerank,GO_Biological_Process_2021::regulation of endocytic recycling (GO:2001135),0.5681111987962288,1.3267709389722098,0.16129032258064516,0.20349367579650554,1.0,7/10,27.19%,EHD2;PLA2G3;PLA2G4E;SORL1;EHD1;ACTN2;RAB11B
prerank,GO_Biological_Process_2021::negative regulation of developmental process (GO:0051093),0.4085907049063619,1.326730669878341,0.1108263933376041,0.2033940904597841,1.0,22/54,23.97%,ZNF706;VAT1;NFIB;THY1;CST3;ARHGEF15;KIAA0319;FOXJ1;NOTCH4;BMP4;DCC;KLF7;SPI1;PRAME;SOX9;ARPIN;BMP2;VASH1;TBX2;TBX1;HEY1;HYAL3
prerank,GO_Biological_Process_2021::positive regulation of axonogenesis (GO:0050772),0.4312949241377036,1.324346064144366,0.11336032388663968,0.2059310564127642,1.0,18/37,22.65%,DBN1;PLXNA4;ROBO2;PLXNA2;SLIT2;TWF2;BDNF;DBNL;PLXNC1;PLXNB2;RHOA;PLXNA1;PLXND1;ROBO1;LIMK1;PLXNA3;L1CAM;NGFR
prerank,GO_Biological_Process_2021::mitochondrion morphogenesis (GO:0070584),0.5719719763411198,1.3223495209398861,0.1502843216896832,0.20805288561013477,1.0,3/11,9.29%,PID1;MYH14;WASF1
prerank,GO_Biological_Process_2021::anterior/posterior axis specification (GO:0009948),-0.45319387431106345,-1.322279287445788,0.13445378151260504,0.2105297496375661,1.0,6/15,13.45%,SIX2;HOXD8;RIPPLY2;CDX2;CDX1;SHH
prerank,GO_Biological_Process_2021::negative regulation of response to biotic stimulus (GO:0002832),0.4611037139277144,1.3218103791737505,0.1235632183908046,0.20852225154568235,1.0,12/27,22.79%,LILRA2;LTF;NFKBIL1;TRIB1;CARD16;C1QBP;TNFAIP3;NLRC3;IRAK3;CARD8;DHX58;SIGIRR
prerank,GO_Biological_Process_2021::negative regulation of neuron death (GO:1901215),0.3872543179116132,1.3214099101136574,0.0906307409675444,0.20881858258188626,1.0,35/75,22.39%,LGMN;AGAP2;ADAM8;PPARGC1A;PPT1;CD34;PLA2G3;PTPRZ1;VPS35;FGF20;GRN;CLN3;TNFRSF1B;NDNF;WFS1;SNX6;BDNF;NAIP;MEF2C;CNTF;NTF3;CD200R1;BTBD10;TOX3;APOE;SULT1A3;CHMP4B;SOD2;TRAF2;GBA;FOXQ1;SORL1;CHMP4A;LRRK2;NTF4
prerank,GO_Biological_Process_2021::fatty acid biosynthetic process (GO:0006633),0.40479887556652805,1.3200620861802117,0.09581993569131833,0.2101935516008567,1.0,17/59,15.66%,ABHD3;LTC4S;ASAH2B;CYP1A1;LPL;LIPC;CYP2C8;HPGD;CYP2C9;ALOX15;CYP1A2;ABHD2;PLA2G1B;ALOX12;XBP1;ACSBG2;CYP2D6
prerank,GO_Biological_Process_2021::negative regulation of cellular protein localization (GO:1903828),0.454429368232311,1.3199744676480072,0.13950276243093923,0.21013413549277712,1.0,17/29,29.14%,LEPROTL1;LEPROT;LILRB4;ANKRD13A;ADIPOQ;CAV3;SPI1;COMMD1;SIN3A;PICALM;NEDD4L;LATS2;ACTN2;GPM6B;TAX1BP3;FLCN;SNX33
prerank,MSigDB_Hallmark_2020::Hedgehog Signaling,0.44780842698914036,1.3199272293195106,0.13210227272727273,0.21003489610183662,1.0,17/31,26.47%,THY1;VLDLR;MYH9;ETS2;CNTFR;AMOT;PML;LDB1;GLI1;OPHN1;CDK5R1;ADGRG1;L1CAM;HEY1;PTCH1;NRP2;CELSR1
prerank,GO_Biological_Process_2021::cell surface receptor signaling pathway involved in heart development (GO:0061311),0.5613030623033031,1.3196776199270375,0.1669421487603306,0.2101711943529475,1.0,8/11,25.51%,SNAI2;HEYL;BMP4;BMP2;JAG1;NOG;HEY1;SNAI1
prerank,GO_Biological_Process_2021::release of sequestered calcium ion into cytosol (GO:0051209),0.5131290151114416,1.3191675241572405,0.14140625,0.21058625679881451,1.0,9/17,21.14%,CCL21;CCL19;CCR7;ERO1A;XCL1;PLCG2;PKD2;RYR2;TRPM2
prerank,GO_Biological_Process_2021::mitotic cell cycle checkpoint signaling (GO:0007093),-0.42164941524029315,-1.3190915602923021,0.13662790697674418,0.21336992355489953,1.0,8/19,19.12%,ZWILCH;CHFR;ZW10;PRCC;NABP2;SETMAR;ZFYVE19;ZWINT
prerank,GO_Biological_Process_2021::establishment of mitotic spindle orientation (GO:0000132),-0.40491840147188296,-1.3188922323588559,0.1182108626198083,0.21322169818167813,1.0,8/21,13.61%,ZW10;NDC80;CDK5RAP2;NDE1;NUMA1;INSC;CENPA;SPDL1
prerank,GO_Biological_Process_2021::positive regulation of neuron death (GO:1901216),0.4643686418108721,1.3188572704752972,0.1390922401171303,0.21077729682997484,1.0,17/25,27.15%,TLR6;NUPR1;FOXO3;TYROBP;GRN;C1QA;TFAP2A;FOS;CCL3;SARM1;TFAP2B;CDK5R1;DDIT4;PICALM;DDIT3;BAX;PRNP
prerank,GO_Biological_Process_2021::positive regulation of endoplasmic reticulum unfolded protein response (GO:1900103),0.5640253649896833,1.3185887409668204,0.15238879736408567,0.21093320054743622,1.0,8/11,29.28%,BCL2L11;XBP1;ATF6;BAK1;PTPN1;BAX;ERN1;TMEM33
prerank,GO_Biological_Process_2021::endocardial cushion morphogenesis (GO:0003203),0.5623974063691418,1.3183137265783338,0.16472545757071547,0.2110860670358741,1.0,8/11,23.70%,HEYL;BMP4;TGFBR2;SOX9;BMP2;TBX2;NOG;HEY1
prerank,GO_Biological_Process_2021::calcium ion transmembrane import into cytosol (GO:0097553),0.46590259575833953,1.3177615828242921,0.1414213926776741,0.21155099233946753,1.0,15/26,21.89%,CCL21;CCL19;TRPV6;CCR7;SLC24A1;ERO1A;XCL1;PLCG2;TRPV2;SLC8A3;PKD2;RYR2;TRPV5;TRPM2;SLC8A1
prerank,GO_Biological_Process_2021::response to steroid hormone (GO:0048545),-0.3861493832603044,-1.3175178372035448,0.1203125,0.21426068138172086,1.0,11/25,16.95%,MED1;CATSPERG;CATSPER3;CATSPER4;CATSPER2;PAQR8;CATSPERD;NKX3-1;CATSPERB;ABCA2;URI1
prerank,GO_Biological_Process_2021::mitochondrial RNA metabolic process (GO:0000959),-0.4546066330870148,-1.3171106085719226,0.15164520743919885,0.21430680754185796,1.0,4/14,11.84%,EARS2;PNPT1;TFB1M;POLRMT
prerank,GO_Biological_Process_2021::negative regulation of actin filament bundle assembly (GO:0032232),0.48126095793399637,1.3166731163666727,0.1336206896551724,0.2126608015706056,1.0,11/22,20.14%,MYOC;WAS;RHPN2;F11R;ARHGAP6;DLC1;CGNL1;PHLDB2;TJP1;ARAP1;SHANK3
prerank,GO_Biological_Process_2021::regulation of protein-containing complex assembly (GO:0043254),0.3757114577993298,1.3164657763130136,0.08368200836820083,0.21274398974969758,1.0,32/87,21.04%,AIDA;MAPK15;BIK;CLEC7A;CDH5;TAL1;HRG;TIRAP;FBLIM1;KIF9;CD36;BCL2L11;SOST;BMF;BID;EIF2AK2;HRK;VCP;IAPP;RALB;HSPA5;GFAP;TMC8;BAK1;RHOC;APOE;BRK1;GSN;TRAF2;GBA;SORL1;CDC42
prerank,GO_Biological_Process_2021::dendrite self-avoidance (GO:0070593),0.527147250341952,1.316303500127083,0.15480844409695074,0.21277547553220483,1.0,8/15,16.07%,ROBO4;PALLD;EMB;NEXN;CNTN6;MYPN;TNN;NPTN
prerank,GO_Biological_Process_2021::homophilic cell adhesion via plasma membrane adhesion molecules (GO:0007156),0.4055389663013094,1.3162036109836104,0.10618892508143322,0.21272766640123125,1.0,24/53,21.54%,AMIGO2;HMCN1;MPZL2;ROBO4;PALLD;EMB;NEXN;PTPRM;CNTN6;MYPN;ROBO2;CEACAM1;CDH2;CDH1;NPTN;PECAM1;PLXNB2;ROBO1;DSG2;PTPRT;CD84;OBSL1;L1CAM;CDH17
prerank,GO_Biological_Process_2021::cellular response to alcohol (GO:0097306),0.43177525059632926,1.3161934493553897,0.1229012760241773,0.21259056887670705,1.0,19/37,24.82%,GRAMD1A;MLC1;GRAMD1C;CES1;CYP7A1;GNG2;PTGFR;GNAI1;CDH1;JUP;OSBPL7;GPLD1;GRAMD1B;KLF9;RAD51;SPHK2;MAP4K1;ADCY8;PTCH1
prerank,"GO_Biological_Process_2021::DNA catabolic process, endonucleolytic (GO:0000737)",0.494315185819171,1.3156288214135958,0.16589861751152074,0.21306505911895607,1.0,4/19,6.39%,DNASE1L3;DNASE1L1;DNASE2B;DNASE2
prerank,GO_Biological_Process_2021::regulation of mitochondrial outer membrane permeabilization involved in apoptotic signaling pathway (GO:1901028),0.5224927085245032,1.3150375042056024,0.15664556962025317,0.21358891636069102,1.0,8/15,27.51%,SLC35F6;TMEM14A;BID;BAK1;TMEM102;MPV17L;BAX;CHCHD10
prerank,GO_Biological_Process_2021::response to estrogen (GO:0043627),0.45071773402376675,1.3150057368428199,0.12430167597765363,0.21347527837437802,1.0,14/30,23.43%,ARID5A;OCSTAMP;SERPINB9;CAV1;GHRL;GSTM3;CD24;GATA3;SRA1;ZNF366;CYP27B1;TRIM25;WBP2;NCOA4
prerank,GO_Biological_Process_2021::mesenchymal cell development (GO:0014031),-0.4388691719805228,-1.3143666932190192,0.1331521739130435,0.216767546144699,1.0,6/17,11.46%,SOX8;SOX11;TAPT1;NOLC1;FAM172A;PEF1
prerank,GO_Biological_Process_2021::regulation of organelle organization (GO:0033043),0.3928827572605175,1.3136927725462517,0.1024713682941531,0.21484231785489846,1.0,32/71,27.16%,MAPK15;SYDE1;S100A8;NEXN;CAPN6;STMN3;S100A9;EHD3;VPS35;CLN3;F11R;DIAPH1;SPEF1;TMED9;ARHGEF5;CAMSAP3;CAPN2;LMAN1;ARL6IP1;TJP1;EZR;RDX;SURF4;STX5;SCARB2;MARK2;SQSTM1;MSN;ZEB2;PARL;CENPV;CLIC4
prerank,GO_Biological_Process_2021::negative regulation of cell cycle G2/M phase transition (GO:1902750),0.4831314523635334,1.3132135910734646,0.13774733637747336,0.21525032693895318,1.0,11/21,23.04%,ATF5;FHL1;SKP1;PSMF1;CUL1;PSMD5;PSMB2;PSMA2;PSMA8;PSMB4;PSMD9
prerank,GO_Biological_Process_2021::nuclear pore organization (GO:0006999),-0.4655400405713461,-1.3126083597829565,0.15344603381014305,0.218264485546272,1.0,4/13,12.85%,NUP205;NUP133;NUP35;NDC1
prerank,GO_Biological_Process_2021::regulation of actin filament bundle assembly (GO:0032231),0.4902878279979512,1.3119378155993722,0.16730038022813687,0.21651299381628838,1.0,12/20,23.24%,VIL1;PFN3;WAS;SYNPO2;SYNPO;ASAP3;PLEK;LIMK1;SHANK3;CDC42;RDX;SLC9A1
prerank,GO_Biological_Process_2021::apoptotic nuclear changes (GO:0030262),0.48475128330378725,1.311376709509398,0.14823175319789314,0.21701130246606473,1.0,5/20,17.23%,DNASE1L3;DNASE2B;DNASE2;DEDD2;BLCAP
prerank,GO_Biological_Process_2021::axon guidance (GO:0007411),0.35465461602373893,1.3106149360944244,0.06959910913140312,0.21772877488848985,1.0,69/148,21.98%,PTPRO;ROBO4;PALLD;EVL;NFIB;EMB;PLXNA4;NEXN;PDLIM7;RHOH;VLDLR;SHC1;CYFIP1;DAB1;SEMA3G;PTPRM;RNF165;CNTN6;MYPN;ROBO2;PLXNA2;GPC1;LAMA5;RAC2;SLIT3;SEMA3A;SEMA3D;SLIT2;SEMA6D;DCC;BDNF;UNC5A;SPTB;ENAH;NPTN;KLF7;SPTA1;PLXNC1;SPTBN2;PLCG1;SPTAN1;PLXNB2;SEMA3F;PLXNA1;EFNB3;PLXND1;ROBO1;GRB7;SHC3;OPHN1;SPTBN4;GLI2;CDK5R1;FEZ2;RAP1GAP;SEMA6B;EFNA5;SEMA6C;SHANK3;IRS2;EZR;RELN;RHOG;PLXNA3;VASP;L1CAM;SOS1;MAPK7;SH3KBP1
prerank,GO_Biological_Process_2021::endoderm development (GO:0007492),0.5451442883157898,1.310605506248749,0.1525974025974026,0.21758519423554085,1.0,10/13,25.70%,SOX7;APELA;GATA4;DUSP5;DUSP1;DUSP2;EOMES;KIF16B;SOX17;DUSP4
prerank,GO_Biological_Process_2021::negative regulation of double-strand break repair (GO:2000780),-0.3875600413709129,-1.3105671348840862,0.11794871794871795,0.22012072530453103,1.0,8/25,10.70%,PARPBP;OGG1;RIF1;TP53BP1;RNF169;MAD2L2;KLHL15;TFIP11
prerank,GO_Biological_Process_2021::endosome organization (GO:0007032),0.425856090926292,1.309767904277007,0.13942307692307693,0.2183854569595246,1.0,20/37,27.58%,LAPTM4B;ANXA8;SNX10;DNM1;CORO1C;ALS2CL;RAB27A;HOOK1;TMEM9;CHMP2B;USP50;SNX3;DNAJC13;RILP;EEA1;SQSTM1;ALS2;PLEKHJ1;EXOC8;CLCN3
prerank,GO_Biological_Process_2021::nitric oxide mediated signal transduction (GO:0007263),0.5754923763490982,1.3096404880049215,0.16552315608919382,0.2183848711697298,1.0,8/10,24.72%,FPR1;DDAH2;CD36;NDNF;APOE;DDAH1;NEUROD1;KCNC2
prerank,GO_Biological_Process_2021::amino sugar metabolic process (GO:0006040),0.5743136798415098,1.3094313881268775,0.16020236087689713,0.2184749736003486,1.0,8/10,27.81%,GFPT2;GFPT1;CSGALNACT1;ST3GAL1;GNE;B4GALNT2;EXTL2;ST6GAL1
prerank,GO_Biological_Process_2021::regulation of aerobic respiration (GO:1903715),0.5462530510680298,1.3092594730184441,0.14956245027844073,0.21851807514875093,1.0,8/13,26.45%,COX7A1;CBFA2T3;ACTN3;VCP;UQCC2;ATP7A;SLC25A33;COX7A2
prerank,GO_Biological_Process_2021::carbohydrate biosynthetic process (GO:0016051),-0.391522387318029,-1.3086124163858897,0.12398042414355628,0.2218670842405936,1.0,5/24,7.14%,FUT9;ABO;ST3GAL6;FUT3;FUT5
prerank,GO_Biological_Process_2021::regulation of ERAD pathway (GO:1904292),0.5627184035388108,1.3085793194283173,0.17622259696458684,0.21917595347006766,1.0,1/11,1.06%,RNFT1
prerank,GO_Biological_Process_2021::neuron projection development (GO:0031175),0.3558705796216516,1.307520928041791,0.056856187290969896,0.22026597525442848,1.0,63/148,23.61%,FRY;GPRIN3;MYOC;KLK8;SAMD14;DBN1;NEDD4;STMN3;NCKAP1L;VASH2;NCKAP1;PTPRM;PAK1;STX3;TOR1A;NBL1;PAK3;ADCYAP1;MICALL2;PTEN;BDNF;CTTN;UNC5A;GAS7;DBNL;RAB13;DTNBP1;NPY;ARC;TAOK2;NTF3;DLG4;BMP7;PRMT1;APOE;OPHN1;VAPA;CNTNAP1;CDK5R1;GBA;WASL;TAOK3;SHANK3;UBB;PPP1R9B;GPRIN1;MANF;BLOC1S5;CDC42;LRP12;L1CAM;BLOC1S4;ATP7A;RAB35;EHD1;BLOC1S6;LRRK2;NTF4;STMN2;SH3GL2;MARK2;RAB11A;ATCAY
prerank,GO_Biological_Process_2021::carboxylic acid metabolic process (GO:0019752),0.43436593814948493,1.3065249820932243,0.1260957518543493,0.2212778956281921,1.0,20/35,26.49%,PTGIS;CYP2C9;CYP4F3;PON1;CYP1A2;GSTO2;ACOT4;PON3;HAO1;AGXT;SLC2A3;CSGALNACT1;CYP2S1;ST3GAL1;SLC23A1;SIRT4;GNE;SLC2A1;CYP4F8;GLUD1
prerank,GO_Biological_Process_2021::negative regulation of protein tyrosine kinase activity (GO:0061099),0.47189564417263574,1.3059917283980802,0.14630467571644043,0.2217309447949885,1.0,11/21,26.69%,LILRB4;THY1;HYAL2;CAV1;CBL;SNX6;CBLB;CBLC;VPS25;CHMP6;GPRC5A
prerank,GO_Biological_Process_2021::positive regulation of translation (GO:0045727),-0.2964734829743115,-1.3055106981660674,0.05813953488372093,0.22480968714400856,1.0,23/79,15.24%,EIF5AL1;PIWIL2;HABP4;LARP4B;RPUSD4;NAT10;NGRN;TRUB2;EIF5A2;RPUSD3;CPEB3;MRPS27;FXR2;FASTKD3;ZCCHC4;RPS9;LARP4;YTHDF1;EIF3C;POLDIP3;JMJD4;UHMK1;DHX9
prerank,GO_Biological_Process_2021::regulation of DNA biosynthetic process (GO:2000278),0.4874856063491906,1.3054793912307472,0.14817572598659717,0.22217609383294712,1.0,7/19,15.74%,SMOC2;HMBOX1;ADIPOQ;RGCC;MYC;TOM1L1;PRKD2
prerank,GO_Biological_Process_2021::positive regulation of excitatory postsynaptic potential (GO:2000463),-0.46792974928810116,-1.3051565938433054,0.16643741403026135,0.2248077926325665,1.0,7/13,21.68%,NLGN3;NLGN2;WNT7A;RIMS1;STX1B;NLGN1;NRXN1
prerank,GO_Biological_Process_2021::anterograde axonal transport (GO:0008089),-0.35661636923140305,-1.305124591670797,0.10476190476190476,0.22448015706784366,1.0,8/34,12.37%,DLG2;KIF4A;KIF3B;KIF5C;KIF3A;TRAK1;KIF1A;KIF1B
prerank,GO_Biological_Process_2021::primary miRNA processing (GO:0031053),-0.5053691982312135,-1.3046993949128056,0.15508684863523572,0.22457100732087987,1.0,6/10,17.66%,PUS10;SRRT;DGCR8;MRPL44;DROSHA;METTL3
prerank,GO_Biological_Process_2021::regulation of transcription from RNA polymerase II promoter in response to hypoxia (GO:0061418),0.44701667749853496,1.304662044277711,0.13966480446927373,0.2229795196133484,1.0,14/30,23.04%,BACH1;HIF1A;EPO;HIF3A;PSMF1;PSMD5;HIGD1A;UBB;PSMB2;PSMA2;ARNT;PSMA8;PSMB4;PSMD9
prerank,GO_Biological_Process_2021::negative regulation of cellular metabolic process (GO:0031324),0.4470840152145,1.304641973751684,0.14454482279360667,0.22284823068047405,1.0,14/29,22.26%,PTX3;ANKRD13A;RIN3;TRAT1;EDN1;BTN2A2;PLIN5;TFAP2A;ANKRD13D;NCOR1;DLG4;APOE;SDCBP;LRPAP1
prerank,GO_Biological_Process_2021::amino acid import (GO:0043090),0.4748855571423197,1.304178114749932,0.14212454212454212,0.22322882640624328,1.0,9/22,21.58%,SLC6A6;SFXN3;SLC22A2;SLC36A1;SLC7A8;SFXN1;SLC1A1;SLC7A5;SLC16A2
prerank,GO_Biological_Process_2021::regulation of protein insertion into mitochondrial membrane involved in apoptotic signaling pathway (GO:1900739),0.4748614515907265,1.30384032539661,0.14549483013293943,0.22331124612619935,1.0,14/21,29.89%,GZMB;PMAIP1;TP73;BID;YWHAQ;SFN;YWHAH;YWHAE;NMT1;PPP1R13B;TP63;YWHAG;BBC3;YWHAZ
prerank,GO_Biological_Process_2021::positive regulation of protein insertion into mitochondrial membrane involved in apoptotic signaling pathway (GO:1900740),0.4748614515907265,1.30384032539661,0.14549483013293943,0.22331124612619935,1.0,14/21,29.89%,GZMB;PMAIP1;TP73;BID;YWHAQ;SFN;YWHAH;YWHAE;NMT1;PPP1R13B;TP63;YWHAG;BBC3;YWHAZ
prerank,GO_Biological_Process_2021::response to chemokine (GO:1990868),0.5475055875703448,1.3036685989550563,0.1654259718775848,0.22334857972054897,1.0,7/12,20.20%,CCL21;LRCH1;DOCK8;DUSP1;RHOA;ZC3H12A;SH2B3
prerank,GO_Biological_Process_2021::fat-soluble vitamin metabolic process (GO:0006775),0.479556159580116,1.3036407080044434,0.16023738872403562,0.2232260988099618,1.0,5/21,8.90%,CUBN;LGMN;CYP1A1;GC;CYP11A1
prerank,GO_Biological_Process_2021::protein insertion into ER membrane (GO:0045048),0.4398056873639019,1.30303665563513,0.1350210970464135,0.2237971017955945,1.0,19/33,28.27%,GET4;HMOX1;SEC61G;EMC7;SEC61B;STX1A;SERP1;VAPA;TRAM1;EMC3;STX5;EMC10;TRAM1L1;EMD;WDR83OS;CAMLG;EMC4;PRNP;EMC6
prerank,GO_Biological_Process_2021::signal transduction by p53 class mediator (GO:0072331),-0.37103788805757354,-1.3025784104051001,0.13408723747980614,0.22638958540213996,1.0,9/28,15.67%,RRP8;POU4F1;PAXIP1;ZNF385B;MYBBP1A;ATRX;NBN;GREM1;STK11
prerank,GO_Biological_Process_2021::positive regulation of potassium ion transport (GO:0043268),-0.3828938961466151,-1.301978571036334,0.13385826771653545,0.2266223986812953,1.0,6/26,10.61%,KCNJ16;KCNJ10;KCNJ15;KCNMB4;NOS1AP;KCNJ2
prerank,GO_Biological_Process_2021::neural crest cell differentiation (GO:0014033),-0.4189028227329618,-1.3019661880258449,0.14540466392318244,0.22626391610725538,1.0,6/18,11.46%,SOX8;SOX11;TAPT1;NOLC1;FAM172A;PEF1
prerank,GO_Biological_Process_2021::negative regulation of protein-containing complex assembly (GO:0031333),0.428204111975561,1.3002929857510734,0.13896457765667575,0.22684052921857484,1.0,19/36,28.06%,AIDA;SMAD6;MEFV;TREM2;SOST;NLRC3;IAPP;HSPA5;TMC8;PYDC1;GBA;SORL1;CDC42;PMEPA1;CPTP;LDLRAD4;ANKRD27;PRRT2;DACT1
prerank,GO_Biological_Process_2021::negative regulation of protein localization to membrane (GO:1905476),0.47456966958402225,1.3002647195038874,0.1544172234595397,0.22671622060169974,1.0,10/22,19.56%,TMBIM1;PID1;DMTN;ABI3;GBP1;TMEM59;RHOQ;DAB2;NUMB;CLTC
prerank,GO_Biological_Process_2021::energy reserve metabolic process (GO:0006112),0.5125186059330078,1.3000606248792825,0.1597222222222222,0.22679810022646849,1.0,8/16,18.56%,PID1;PYGM;LEP;GFPT2;MYC;PPP1R3C;GFPT1;PHKA1
prerank,GO_Biological_Process_2021::mitotic nuclear membrane reassembly (GO:0007084),-0.32833428988448754,-1.2999819267870676,0.09030837004405286,0.22765468650039544,1.0,15/49,19.47%,NUP205;POM121;NUP133;NUP188;NUP35;NUP37;LBR;CCNB2;NUP160;NUP43;NDC1;LEMD2;RCC1;RANGAP1;SPAST
prerank,GO_Biological_Process_2021::mitotic nuclear membrane organization (GO:0101024),-0.32833428988448754,-1.2999819267870676,0.09030837004405286,0.22765468650039544,1.0,15/49,19.47%,NUP205;POM121;NUP133;NUP188;NUP35;NUP37;LBR;CCNB2;NUP160;NUP43;NDC1;LEMD2;RCC1;RANGAP1;SPAST
prerank,GO_Biological_Process_2021::oligosaccharide biosynthetic process (GO:0009312),-0.3928889792640719,-1.29983553466459,0.1277602523659306,0.22743489132277395,1.0,5/23,7.14%,FUT9;ABO;ST3GAL6;FUT3;FUT5
prerank,GO_Biological_Process_2021::production of miRNAs involved in gene silencing by miRNA (GO:0035196),-0.3779979377110855,-1.2995230863264373,0.1373534338358459,0.22743624165488485,1.0,11/26,14.34%,PUS10;TARBP2;SNIP1;SRRT;DGCR8;AGO3;MRPL44;DROSHA;AGO1;AGO4;PUM2
prerank,GO_Biological_Process_2021::activation of cysteine-type endopeptidase activity (GO:0097202),0.5473862741342526,1.2993347688976329,0.18254603682946358,0.22754003108841242,1.0,6/12,18.45%,LGMN;CYFIP2;NLRC4;CIDEB;RIPK2;BAK1
prerank,GO_Biological_Process_2021::long-chain fatty-acyl-CoA biosynthetic process (GO:0035338),-0.4186898568573634,-1.2990832677239195,0.13839285714285715,0.22755424647600345,1.0,6/18,12.01%,HACD2;HACD1;ACSF3;ELOVL1;ELOVL6;ELOVL7
prerank,MSigDB_Hallmark_2020::Androgen Response,0.3732276793718116,1.2990408659229908,0.09472422062350119,0.22771894753312727,1.0,36/85,24.83%,TNFAIP8;ZBTB10;TMEM50A;HPGD;SPCS3;ADAMTS1;TMPRSS2;MAF;PDLIM5;SMS;STEAP4;ABHD2;AKAP12;SAT1;ALDH1A3;B2M;GNAI3;ACTN1;LIFR;ABCC4;VAPA;LMAN1;NGLY1;IQGAP2;SLC26A2;SEC24D;DBI;PA2G4;KRT8;DNAJB9;PMEPA1;BMPR1B;NCOA4;UBE2J1;HSD17B14;FKBP5
prerank,GO_Biological_Process_2021::negative regulation of DNA binding (GO:0043392),0.4621677515783695,1.2988689614437277,0.157856093979442,0.2277818018294457,1.0,8/25,14.47%,MDFI;CPNE1;GATA1;JUN;GZMA;HMGA2;PER2;MSX2
prerank,GO_Biological_Process_2021::negative regulation of signaling (GO:0023057),0.5189842022498242,1.2988502123489587,0.16521048451151707,0.22764357546586558,1.0,10/15,18.49%,ADIPOQ;TRAT1;IGFBP3;LIF;OSM;NLRP12;KIF26A;UBASH3B;IL11;PTPN1
prerank,GO_Biological_Process_2021::regulation of bicellular tight junction assembly (GO:2000810),0.5411869735111369,1.2988383802167511,0.1908580593424218,0.2274983548233591,1.0,9/12,25.51%,CLDN5;SNAI2;OCLN;MYO1C;F11R;RUNX1;TJP1;CBFB;SNAI1
prerank,GO_Biological_Process_2021::phosphatidylinositol 3-kinase signaling (GO:0014065),0.4907717662171808,1.2979213362109183,0.16187594553706505,0.22842803545727786,1.0,7/20,15.28%,EDN1;CD160;ZFP36L1;C1QBP;GATA3;PTEN;PIK3C2G
prerank,GO_Biological_Process_2021::regulation of cardiac conduction (GO:1903779),0.4164980245177592,1.2978863810939811,0.12318840579710146,0.22830844247548535,1.0,29/42,29.22%,FXYD6;ACE2;ATP1B2;NKX2-5;ATP1A4;FXYD1;SLC8A3;TBX5;TMEM65;DMPK;ATP1A3;RYR2;NPR2;FXYD3;GJA5;SLC8A1;ANK2;CASQ2;ATP2B2;FXYD4;ATP2B3;TRPC1;TRDN;NPPA;ITPR3;CASQ1;ATP2B1;FXYD2;ATP2A1
prerank,GO_Biological_Process_2021::positive regulation of potassium ion transmembrane transporter activity (GO:1901018),-0.4574182547344968,-1.296916994172165,0.15816326530612246,0.22950319168535113,1.0,6/13,15.33%,GALR2;KCNIP2;LRRC55;GAL;AKAP9;LRRC38
prerank,GO_Biological_Process_2021::cell junction assembly (GO:0034329),-0.2927858561122768,-1.2968967262123439,0.04950495049504951,0.2291564825913315,1.0,22/92,11.97%,PCDHB16;NLGN3;PCDHB5;GRHL2;PCDHB2;PCDHB14;PCDHB6;DSCAM;SLITRK1;DNER;NLGN2;POU4F1;CDH19;NRXN2;CDH20;RYK;ACTB;CDHR3;CDH9;CDH18;CDH10;KIRREL3
prerank,GO_Biological_Process_2021::positive regulation of p38MAPK cascade (GO:1900745),0.4848291767160508,1.296035760042914,0.1659021406727829,0.23035866616443307,1.0,10/20,22.13%,NCF1;LEP;SPHK1;HAND2;SPI1;ZC3H12A;PRMT1;SASH1;BMP2;EMC10
prerank,GO_Biological_Process_2021::neurogenesis (GO:0022008),-0.3504311617766437,-1.2950891990298476,0.11858407079646018,0.23073266380465715,1.0,16/35,26.20%,SIX4;SIX1;RYK;BTBD1;CDK5RAP2;TRAK1;BTBD2;NTN5;GCM1;METTL3;WNT2;MESP1;DAGLB;METTL14;DAGLA;BTBD6
prerank,GO_Biological_Process_2021::regulation of Notch signaling pathway (GO:0008593),0.3884885275179698,1.294928334079398,0.12677878395860284,0.23149942079422986,1.0,28/59,26.65%,TM2D3;GATA2;CHAC1;YAP1;NOTCH4;TSPAN14;BMP2K;EGF;BEND6;CD46;DTX1;DLK1;YJEFN3;SYNJ2BP;NRARP;JAG1;RITA1;MAGEA1;FBXW7;JAG2;AAK1;HEY1;ARRDC1;TSPAN15;POGLUT1;ZMIZ1;TP63;ARRB1
prerank,GO_Biological_Process_2021::regulation of potassium ion transport (GO:0043266),-0.40025391330714155,-1.2949248036728565,0.13690476190476192,0.23054375401253963,1.0,4/21,10.25%,DPP6;DPP10;KCNIP4;KCNIP2
prerank,GO_Biological_Process_2021::regulation of muscle cell differentiation (GO:0051147),0.462265493260286,1.2946557272197752,0.16126656848306334,0.23166166182988038,1.0,8/24,21.04%,MYOCD;MAPK12;MYF6;CDH2;MEF2C;BNIP2;ID2;CDC42
prerank,GO_Biological_Process_2021::cellular response to nerve growth factor stimulus (GO:1990090),0.516518688944069,1.294358690064116,0.15591397849462366,0.23183253890329367,1.0,11/16,27.45%,WASF1;BDNF;NTF3;RAB35;EHD1;NTF4;STMN2;SH3GL2;RAPGEF1;ACAP2;RAP1A
prerank,GO_Biological_Process_2021::hippo signaling (GO:0035329),0.4547680506269762,1.293580702925569,0.15988372093023256,0.23260658495077913,1.0,15/25,29.36%,YAP1;WWTR1;AMOT;TJP1;YWHAE;TEAD3;AMOTL1;STK4;DCHS1;MOB1B;WWC1;TEAD2;LATS2;DVL2;TEAD1
prerank,GO_Biological_Process_2021::glutamine family amino acid catabolic process (GO:0009065),0.5506433747123736,1.2929699194647466,0.1860655737704918,0.2331890046760947,1.0,8/11,26.75%,ARG1;GAD1;GLS2;PRODH;GLUL;DDAH1;GLUD1;GLUD2
prerank,GO_Biological_Process_2021::positive regulation of viral life cycle (GO:1903902),0.5010199724065776,1.2927394768546727,0.17950693374422189,0.23329828931688565,1.0,9/16,21.37%,CLEC4G;CD209;TMPRSS2;CHMP3;TRIM38;CHMP2B;TMPRSS4;LGALS9;VPS37B
prerank,GO_Biological_Process_2021::transcription preinitiation complex assembly (GO:0070897),-0.4584212044070681,-1.292132408879088,0.17716535433070865,0.23315584347664045,1.0,7/13,28.93%,POLR1E;TAF11;TAF1B;BDP1;TAF1;TAF7;GTF2A2
prerank,GO_Biological_Process_2021::positive regulation of peptide hormone secretion (GO:0090277),0.4264110233922123,1.2920835264056767,0.14128187456926258,0.23390525935144027,1.0,21/34,26.49%,TM7SF3;GCK;RBP4;UCN;GHRL;ADCYAP1;HFE;ACSL4;MCU;NNAT;CRH;MYRIP;CAPN10;IRS2;SCT;FFAR4;PSMD9;DOC2B;SLC30A8;GHRH;GLUD1
prerank,GO_Biological_Process_2021::glycerophospholipid metabolic process (GO:0006650),0.38524166790053516,1.2911989777115211,0.10857142857142857,0.2348098918518297,1.0,24/70,19.44%,SERINC1;CPNE3;ABHD3;CPNE1;APOA5;CETP;PON1;PLA2G2D;PLA2G3;LCAT;APOA1;PNPLA6;CLN3;PLA2G1B;GPCPD1;PLA2G15;PDXP;PLCG1;PLA2G4E;PLA2G4D;PLA2G4B;PLEK;GPLD1;GDPD1
prerank,GO_Biological_Process_2021::negative regulation of immune response (GO:0050777),0.36070059621340045,1.2906026868684153,0.0873388042203986,0.23537460821765901,1.0,41/107,20.70%,SAMSN1;CD300A;CD247;AMBP;CALCB;LILRB1;ADM2;PTGIR;GGT5;GPBAR1;TREM2;RHBDF2;FOXP3;ALOX15;GNG2;CYSLTR2;MYH9;GCG;GPHA2;CD163;ADCYAP1;C1QBP;PLK2;PLCG2;TNFAIP3;FURIN;NLRC3;IAPP;FCGR2A;MC4R;SPI1;PLCG1;VIPR1;CRH;IRAK3;IFNL1;GGT1;P2RY11;VIP;SCT;HTR7
prerank,GO_Biological_Process_2021::regulation of nuclear division (GO:0051783),-0.4190963948872128,-1.2905343605769601,0.15029761904761904,0.23449191755833676,1.0,7/18,18.52%,KIF20B;MKI67;CUL7;NEK2;L3MBTL1;BORA;RCC1
prerank,GO_Biological_Process_2021::regulation of axonogenesis (GO:0050770),0.4127320361305743,1.2903237746927643,0.1402805611222445,0.2355431356520819,1.0,21/44,23.85%,THY1;PLXNA4;PAK1;ROBO2;PLXNA2;PAK3;SLIT2;PTEN;CDH2;PLXNC1;PLXNB2;RHOA;PLXNA1;EFNB3;PLXND1;ROBO1;PLXNA3;MCF2;NGFR;MARK2;GDI1
prerank,GO_Biological_Process_2021::autophagosome maturation (GO:0097352),0.43635755507774665,1.2897350968106067,0.15867418899858957,0.23610047535577683,1.0,8/30,16.77%,LIX1L;CLN3;GABARAPL1;MAP1LC3C;GABARAP;VCP;CHMP3;SNX14
prerank,GO_Biological_Process_2021::regulation of proteolysis involved in cellular protein catabolic process (GO:1903050),0.48796922161341616,1.2890499667935729,0.18111455108359134,0.23676745336003654,1.0,5/18,20.21%,GPX1;RHBDF1;APOE;GBA;UBB
prerank,GO_Biological_Process_2021::positive regulation of G1/S transition of mitotic cell cycle (GO:1900087),0.4771133473104509,1.288820050799883,0.16184112843355605,0.2368622586624444,1.0,8/20,21.07%,RGCC;ADAMTS1;AIF1;HYAL1;ANXA1;FGF10;UBE2E2;RDX
prerank,GO_Biological_Process_2021::positive regulation of myelination (GO:0031643),0.5507497179981755,1.288592769080701,0.1828761429758936,0.23698128413139347,1.0,5/11,16.15%,RNF10;CST7;ITGAX;TNFRSF1B;PARD3
prerank,GO_Biological_Process_2021::positive regulation of exosomal secretion (GO:1903543),0.5477533906354024,1.2884935352707185,0.1933115823817292,0.23693319399174703,1.0,8/11,30.39%,SMPD3;SDCBP;PDCD6IP;RAB7A;CHMP2A;VPS4B;SNF8;VPS4A
prerank,GO_Biological_Process_2021::regulation of cellular response to transforming growth factor beta stimulus (GO:1903844),0.49549219668182826,1.2876496163441657,0.17391304347826086,0.23782507346566956,1.0,11/18,25.91%,NREP;ZNF703;TGFBR3;LTBP4;SMAD3;ITGA3;DKK3;SMAD2;SMURF2;LATS2;SMAD4
prerank,GO_Biological_Process_2021::3'-UTR-mediated mRNA stabilization (GO:0070935),0.5566514309492213,1.2874440062780217,0.18421052631578946,0.2379067479910404,1.0,7/11,25.61%,TIRAP;YBX3;DAZL;MYD88;ELAVL4;ZFP36;HNRNPC
prerank,GO_Biological_Process_2021::neurotrophin TRK receptor signaling pathway (GO:0048011),0.563471653597491,1.286375329589963,0.19322873658133774,0.23905408342465076,1.0,8/10,26.77%,BDNF;HAP1;SOS1;DDIT4;NTF4;BCAR1;NGFR;SORT1
prerank,GO_Biological_Process_2021::brain morphogenesis (GO:0048854),-0.48806023847642377,-1.2858012641799192,0.17070063694267515,0.23920997295101598,1.0,2/11,5.54%,SPEF2;BBS2
prerank,GO_Biological_Process_2021::ganglioside biosynthetic process (GO:0001574),0.5143980514695741,1.2857976017648836,0.19029275808936827,0.23957026427919892,1.0,7/14,22.11%,ST6GALNAC6;B4GALNT1;ST8SIA2;ST8SIA4;ST3GAL1;ST6GALNAC5;ST3GAL5
prerank,GO_Biological_Process_2021::polyol transport (GO:0015791),0.5495923865788945,1.2843272517287774,0.19168026101141925,0.24118980582457253,1.0,8/11,27.44%,AQP9;AQP1;SLC5A3;AQP3;AQP10;AQP2;AQP7;AQP11
prerank,GO_Biological_Process_2021::phospholipid metabolic process (GO:0006644),0.38551497433431253,1.2840850627616167,0.1403174603174603,0.24131373272987447,1.0,20/63,19.39%,PLBD1;PLBD2;APOA2;LPL;ALOX15B;CLN8;PLA2G2D;PLA2G3;TNFAIP8L3;LCAT;PLPPR2;ENPP7;PLA2G2F;PLB1;PLA2G15;PDXP;PLA2G4E;PLA2G4D;PLA2G4B;SMPD3
prerank,GO_Biological_Process_2021::mitotic cytokinesis (GO:0000281),-0.3326094903165043,-1.2837373696205425,0.11836734693877551,0.24114068853021192,1.0,13/45,12.92%,CKAP2;TRIM36;NUSAP1;KIF4B;KIF4A;CNTROB;RACGAP1;ANLN;CUL7;APC;ECT2;CENPA;EFHC1
prerank,GO_Biological_Process_2021::nuclear membrane reassembly (GO:0031468),-0.31907686949343034,-1.2836737997472025,0.09907834101382489,0.2408290835904331,1.0,15/52,19.47%,NUP205;POM121;NUP133;NUP188;NUP35;NUP37;LBR;CCNB2;NUP160;NUP43;NDC1;LEMD2;RCC1;RANGAP1;SPAST
prerank,GO_Biological_Process_2021::microvillus organization (GO:0032528),0.5169265320068236,1.2833768740391605,0.1744186046511628,0.24202173442501523,1.0,5/14,20.57%,FXYD5;RAP2B;RAP1B;RAP2C;EZR
prerank,GO_Biological_Process_2021::positive regulation of monooxygenase activity (GO:0032770),0.5161369220771452,1.2818124911041962,0.18814229249011857,0.2437852091324167,1.0,8/14,22.01%,HIF1A;GCH1;S100A1;APOE;CYP27B1;SCARB1;ATP7A;POR
prerank,GO_Biological_Process_2021::positive regulation of DNA metabolic process (GO:0051054),-0.3210276914719245,-1.2815496088162266,0.10505050505050505,0.24283170914945074,1.0,14/47,12.37%,EYA2;EYA3;EYA4;RAD50;WRN;POT1;RNF8;ERCC8;GNL3;ATRX;SIRT6;UIMC1;NBN;EYA1
prerank,GO_Biological_Process_2021::regulation of androgen receptor signaling pathway (GO:0060765),0.45156441234217215,1.2810822703698888,0.17621464829586658,0.24456614624823153,1.0,10/26,21.61%,TCF21;PHB;HEYL;NCOA2;DAB2;RNF14;PRMT2;NCOR1;FOXH1;NCOR2
prerank,GO_Biological_Process_2021::negative regulation of neuron apoptotic process (GO:0043524),0.3928492043172282,1.2801419205641404,0.1364221364221364,0.24553533918852552,1.0,24/55,20.33%,LGMN;AGAP2;ADAM8;HIF1A;PPARGC1A;PPT1;CX3CR1;PLA2G3;PTPRZ1;FGF20;GRN;CLN3;NDNF;WFS1;SNX6;BDNF;NAIP;MEF2C;CNTF;NTF3;TOX3;APOE;SOD2;FOXQ1
prerank,GO_Biological_Process_2021::lipoprotein catabolic process (GO:0042159),0.5417517961307222,1.27937436837829,0.19594594594594594,0.24629088404781252,1.0,8/11,28.90%,PPT1;CTSD;APOE;ABHD17B;ABHD17C;ABHD10;LYPLA2;ABHD17A
prerank,GO_Biological_Process_2021::regulation of plasma membrane bounded cell projection organization (GO:0120035),-0.38868949482094617,-1.2793568340440442,0.13665594855305466,0.24490196519056498,1.0,5/22,12.25%,NTNG2;NTNG1;NCS1;IL1RAPL1;BRSK2
prerank,GO_Biological_Process_2021::positive regulation of embryonic development (GO:0040019),-0.438594679475416,-1.2791896562465956,0.16783216783216784,0.2446978968300525,1.0,7/15,16.31%,TLE6;SCX;OTX2;RBM19;NR2C2;WNT4;ZBED3
prerank,GO_Biological_Process_2021::negative regulation of type I interferon production (GO:0032480),0.4191131352916669,1.2790999947152155,0.15135135135135136,0.24648157817719551,1.0,19/37,26.68%,LILRB1;DDX58;HERC5;IFIH1;RELB;TNFAIP3;SIRPA;NLRC3;RNF135;TBK1;UBA7;PYCARD;TRIM25;UBE2L6;DHX58;ISG15;REL;IKBKE;CYLD
prerank,GO_Biological_Process_2021::organelle fusion (GO:0048284),-0.40730520662007985,-1.2789830941441795,0.15844544095665172,0.24455200992709264,1.0,7/20,19.20%,PLD6;USP30;AFG3L2;MIEF1;VPS11;VPS18;OPA1
prerank,GO_Biological_Process_2021::RNA destabilization (GO:0050779),-0.4433456148088391,-1.278805255875168,0.17142857142857143,0.2443402372200633,1.0,8/14,27.49%,RBM24;ZC3H18;DXO;YTHDF1;METTL3;METTL14;GIGYF2;YTHDF3
prerank,GO_Biological_Process_2021::homologous chromosome segregation (GO:0045143),-0.45587465384172987,-1.278766256443494,0.17986577181208055,0.24399584062369783,1.0,5/14,9.11%,ANKRD31;CENPC;MEIOB;RNF212;PTTG1
prerank,GO_Biological_Process_2021::epithelium development (GO:0060429),0.35745756171824544,1.2782310033151634,0.0892128279883382,0.24736811212101964,1.0,32/110,14.83%,RCN3;OSR1;CNN3;VIL1;DNPH1;ZNF358;ANXA4;TAGLN;ANXA7;VCL;TCF21;CES1;UPK1A;ACTL8;KANK2;SNAI2;SOX18;APELA;FOXJ1;GSTA2;TAGLN2;CD34;SULT1B1;GSTA1;UPK1B;CTSB;NKX2-5;LOXL3;FGF8;GATA6;PTER;FGF10
prerank,GO_Biological_Process_2021::regulation of neuron death (GO:1901214),0.3885495912369818,1.2778698967732345,0.136741214057508,0.247634478256066,1.0,29/57,23.04%,SNCG;CCL5;CTSZ;PPARGC1A;TYROBP;CD34;VPS35;TNFRSF1B;C1QA;RRAS2;DCC;MEF2C;FOS;CD200R1;TBK1;BTBD10;SARM1;SULT1A3;CHMP4B;TRAF2;GBA;UBB;SORL1;RAB29;CHP1;CHMP4A;DDIT4;LRRK2;PICALM
prerank,GO_Biological_Process_2021::peripheral nervous system development (GO:0007422),-0.3912295237221302,-1.277147751475844,0.16463414634146342,0.24549308192357722,1.0,6/22,11.55%,NEUROG3;SOX8;ARTN;GFRA3;NFASC;SOX10
prerank,GO_Biological_Process_2021::cellular amide metabolic process (GO:0043603),0.3593224473225558,1.276774190414209,0.10942071386775892,0.24884252438874827,1.0,39/101,24.96%,AEBP1;CPXM1;CPXM2;FOLR2;ABCB9;VNN2;NNMT;VNN1;CPM;CYP2C9;CLN8;ACOT9;DNPEP;ENPP7;ACOT2;NAAA;PLA2G15;PANK2;ACOT4;PLA2G4E;CPE;ACSL6;SMPD3;ACOT12;FUT7;ASAH2;SLC46A1;ST3GAL1;SLC25A32;ALDH1L1;DBI;BAAT;CPD;ACSM6;MTRR;NSMAF;GNE;ACSM3;CERK
prerank,GO_Biological_Process_2021::protein kinase B signaling (GO:0043491),0.5178209526587056,1.2764854833664667,0.19324430479183033,0.24904200960530634,1.0,7/14,23.79%,ADTRP;CCL5;ZFP36L1;PTEN;CCL3;PLK3;TSC2
prerank,GO_Biological_Process_2021::cell part morphogenesis (GO:0032990),0.5285420118102341,1.2764286699265592,0.1943127962085308,0.2489388834477949,1.0,3/13,9.29%,PID1;MYH14;WASF1
prerank,GO_Biological_Process_2021::positive regulation of ERAD pathway (GO:1904294),0.5297020974265136,1.2759036454222836,0.194238683127572,0.24942581614897713,1.0,2/12,11.98%,RNFT1;CAV1
prerank,GO_Biological_Process_2021::positive regulation of histone modification (GO:0031058),-0.37387215903953575,-1.275691566381032,0.15873015873015872,0.24674967314814422,1.0,10/27,16.11%,PAXIP1;TADA2B;PAF1;TADA2A;SART3;NIPBL;BRD7;AKAP8L;CHTOP;FAM47E
prerank,GO_Biological_Process_2021::negative regulation of response to DNA damage stimulus (GO:2001021),0.4916470999053398,1.2753447860057145,0.1820964039785769,0.2499621359940737,1.0,6/18,12.54%,PTTG1IP;TWIST1;SNAI2;TMEM161A;TPT1;SFRP2
prerank,GO_Biological_Process_2021::retrograde axonal transport (GO:0008090),-0.4420200954264225,-1.275109741975174,0.16596931659693165,0.2470157865007256,1.0,4/14,22.85%,DLG2;KIF1A;FBXW11;KIF5A
prerank,GO_Biological_Process_2021::cellular response to corticosteroid stimulus (GO:0071384),0.5351164287225048,1.2738943502750224,0.19526143790849673,0.25162830387987967,1.0,4/12,13.60%,FAM107A;BCL2L11;ZFP36L1;ANXA1
prerank,GO_Biological_Process_2021::negative regulation of fatty acid biosynthetic process (GO:0045717),0.5609056486665247,1.2738012768664309,0.205685618729097,0.25159701225221404,1.0,5/10,18.27%,PIBF1;APOC1;CEACAM1;ACADL;TRIB3
prerank,GO_Biological_Process_2021::heparan sulfate proteoglycan biosynthetic process (GO:0015012),-0.403155310182679,-1.2731010037319193,0.1988388969521045,0.2489066696712722,1.0,8/19,16.08%,HS3ST3B1;NDST3;B3GAT3;GLCE;NDST1;EXTL3;HS6ST1;HS6ST3
prerank,GO_Biological_Process_2021::negative regulation of cation channel activity (GO:2001258),0.47035148607919286,1.2730482832616579,0.1875,0.25236185695412977,1.0,11/21,28.02%,CLIC2;GSTM2;EPO;SLC6A9;GPR35;DRD4;PKD2;CASQ2;CRHR1;TRDN;GNB5
prerank,GO_Biological_Process_2021::establishment of protein localization to membrane (GO:0090150),0.3813562631585906,1.2727940752939635,0.1333762886597938,0.252508790039511,1.0,18/63,17.57%,ZDHHC24;ZDHHC7;ZDHHC12;RFTN1;ZDHHC6;ZDHHC20;NACA;NCF1;MYO1C;RTP4;NPC1;BID;VPS37D;PARD3;ZDHHC11;SEC63;TAOK2;REEP1
prerank,GO_Biological_Process_2021::mycotoxin metabolic process (GO:0043385),0.5351837388002922,1.272291801786688,0.19769357495881384,0.2526419137189343,1.0,6/12,19.34%,AKR7A3;CYP1A2;CYP2A13;MGST1;GGT1;MGST2
prerank,GO_Biological_Process_2021::aflatoxin metabolic process (GO:0046222),0.5351837388002922,1.272291801786688,0.19769357495881384,0.2526419137189343,1.0,6/12,19.34%,AKR7A3;CYP1A2;CYP2A13;MGST1;GGT1;MGST2
prerank,GO_Biological_Process_2021::organic heteropentacyclic compound metabolic process (GO:1901376),0.5351837388002922,1.272291801786688,0.19769357495881384,0.2526419137189343,1.0,6/12,19.34%,AKR7A3;CYP1A2;CYP2A13;MGST1;GGT1;MGST2
prerank,GO_Biological_Process_2021::visual perception (GO:0007601),-0.2913379720863575,-1.2718641812162534,0.06944444444444445,0.2499636814669281,1.0,21/77,14.17%,EYA3;ZIC2;GRM8;EYA4;BEST1;TRPM1;BBS2;CRYGS;KIFC3;RPGR;CRYBA2;IMPG2;RS1;CACNA2D4;CRYGB;CEP250;KRT12;RD3;ADGRV1;EYS;CRYBB2
prerank,"GO_Biological_Process_2021::wound healing, spreading of cells (GO:0044319)",0.5167231145001951,1.2699041437611869,0.180999180999181,0.2554870962879307,1.0,8/13,21.27%,PDPN;LCP1;CD151;TOR1A;CEACAM1;RHOA;RHOC;ARHGAP24
prerank,GO_Biological_Process_2021::regulation of vasculature development (GO:1901342),0.4745223295782112,1.2691819909638469,0.18796992481203006,0.25624426441254633,1.0,14/19,24.64%,EMP2;CXCL13;LEP;VASH2;HMOX1;ETS1;ADGRA2;KRT1;BMPER;PLXND1;RNH1;VASH1;TSPAN12;HTATIP2
prerank,GO_Biological_Process_2021::protein localization to Golgi apparatus (GO:0034067),0.44571359639395647,1.2690569921692634,0.16880341880341881,0.25622661637964145,1.0,10/26,26.66%,ARL5A;GBP5;TMED10;PAQR3;SORL1;OBSL1;ARL5B;RAB6A;VPS13D;GAK
prerank,GO_Biological_Process_2021::protein modification process (GO:0036211),0.3774754330072587,1.2690057550396967,0.1320049813200498,0.25612653055638923,1.0,27/66,22.30%,QPCT;ADPRH;TGM3;LOX;PADI4;MAN2B1;MSRA;RPN2;MMP15;PLOD2;NAGPA;ERO1A;MANBA;SERP1;RPN1;ST8SIA2;DUSP12;ABL2;PHEX;CPE;UBA7;RABGGTA;ST8SIA4;ST3GAL1;UBE2L6;UBE2D2;TGM1
prerank,GO_Biological_Process_2021::regulation of TORC1 signaling (GO:1903432),0.43923826859426907,1.268953742430057,0.1793400286944046,0.25602360017817416,1.0,17/28,30.86%,GPR137B;GPR137;DEPDC5;RRAGB;SESN1;RRAGA;RNF152;ITFG2;KLHL22;LAMTOR5;RRAGD;SZT2;FLCN;DYRK3;RRAGC;SMCR8;SIK3
prerank,GO_Biological_Process_2021::negative regulation of stress fiber assembly (GO:0051497),0.46856760860905433,1.2688151684543933,0.17569546120058566,0.2560309397136136,1.0,10/21,20.13%,MYOC;WAS;RHPN2;F11R;ARHGAP6;DLC1;CGNL1;PHLDB2;TJP1;ARAP1
prerank,GO_Biological_Process_2021::axon extension (GO:0048675),-0.4156532612338955,-1.2682859924152812,0.16544655929721816,0.25378070009371334,1.0,8/18,16.00%,NLGN3;SLC9A6;SEMA5B;AUTS2;MAP1B;SEMA5A;SLIT1;PPP3CB
prerank,GO_Biological_Process_2021::inorganic cation import across plasma membrane (GO:0098659),-0.3132320120696384,-1.267520340389725,0.1079136690647482,0.25425792801234,1.0,15/55,10.61%,SLC9A6;SLC9A7;HCN2;KCNJ16;KCNJ10;SLC9A2;SLC9A5;KCNJ15;HCN4;SLC12A5;SLC6A1;SLC12A2;SLC12A4;CACNA2D1;KCNJ2
prerank,GO_Biological_Process_2021::regulation of anatomical structure morphogenesis (GO:0022603),0.3610354929192648,1.2675003744600781,0.12170860152135751,0.2575463696626612,1.0,46/101,23.77%,PID1;EMP2;TANC2;CXCL13;KNDC1;SDC2;ABI3;NEDD4;LZTS1;LEP;VASH2;PDLIM5;PAK1;HMOX1;FERMT2;PAK3;ETS1;CEACAM1;CDH2;TNFAIP3;ADGRA2;MEF2C;HECW2;KRT1;ABI2;ARC;BMPER;ARHGAP44;SPARC;PLXND1;SARM1;CFL1;PHLDB2;CDK5R1;EFNA5;SHANK3;RNH1;HECW1;SH3D19;VASH1;LRRK2;MARK2;TBX1;NEDD4L;TSPAN12;CAPZB
prerank,GO_Biological_Process_2021::regulation of monocyte differentiation (GO:0045655),0.5599816444574881,1.2673430369672853,0.2098865478119935,0.2575748113079491,1.0,5/10,15.37%,DCSTAMP;IL34;ZFP36L1;MYC;IRF7
prerank,GO_Biological_Process_2021::response to purine-containing compound (GO:0014074),0.54937331484005,1.265913747307309,0.21179401993355482,0.2592314257831149,1.0,7/10,25.56%,DUOX1;DUOX2;VGF;RYR2;STAT1;TRPM2;TRPC3
prerank,GO_Biological_Process_2021::phospholipid transport (GO:0015914),0.3925904694672542,1.2657840196746635,0.14667535853976532,0.25922605072141014,1.0,28/50,25.02%,NPC2;PRELID3A;APOA5;APOA2;ABCA7;APOC2;PLTP;ATP9B;LDLR;APOC1;TNFAIP8L3;APOA1;OSBPL8;OSBPL5;PRELID1;PITPNB;TMEM30B;PCTP;TRIAP1;APOE;PRELID3B;ABCG1;SCARB1;PITPNC1;SCARB2;PRELID2;MFSD2A;PITPNM1
prerank,GO_Biological_Process_2021::renal absorption (GO:0070293),0.529651387920897,1.2657592863037876,0.19055374592833876,0.25908256997439066,1.0,5/12,27.49%,HAS2;HYAL2;GSN;MAGED2;HNF1A
prerank,GO_Biological_Process_2021::mitochondrion localization (GO:0051646),-0.4112276457229698,-1.2656564385106082,0.17872968980797638,0.2560404235514032,1.0,6/18,16.31%,TLE6;TRAK1;BRAT1;MUL1;MTM1;ZBED3
prerank,GO_Biological_Process_2021::regulation of cellular response to stress (GO:0080135),-0.2842246936091377,-1.26527145623607,0.07142857142857142,0.25608890435879833,1.0,22/91,12.85%,RPA3;RPA1;NUP205;PNPT1;RPA2;POM121;NUP133;NUP188;CORO2B;NUP35;NEK4;NUP37;USP51;CRYAB;AAAS;NUP160;NUP43;CCAR2;AKT1S1;POM121C;MBTPS2;NDC1
prerank,GO_Biological_Process_2021::positive regulation of TORC1 signaling (GO:1904263),0.5026011505802304,1.2650725064501758,0.1931637519872814,0.2598191220752567,1.0,3/14,14.39%,GPR137B;GPR137;RRAGB
prerank,GO_Biological_Process_2021::phospholipid translocation (GO:0045332),-0.38284221257666406,-1.2639425375086926,0.16932907348242812,0.25724508659468326,1.0,11/24,13.40%,ATP10B;ATP10D;ABCB4;ATP8B3;ATP8B2;ATP8A1;ABCA4;ATP11A;ATP8B1;ATP11B;ATP8A2
prerank,GO_Biological_Process_2021::protein N-linked glycosylation via asparagine (GO:0018279),0.4314037276925753,1.2630566796556684,0.1724381625441696,0.26220589054358645,1.0,19/30,29.23%,MCFD2;DAD1;RPN2;MGAT1;OSTC;TUSC3;RPN1;ASGR2;DDOST;ASGR1;LMAN1;OST4;UBE2J1;FUT8;B4GALNT2;ST6GAL1;DERL3;MAGT1;MGAT2
prerank,GO_Biological_Process_2021::protein-containing complex subunit organization (GO:0043933),0.3611308472837851,1.2629315131466283,0.12447384245339747,0.26219328729612,1.0,40/94,23.04%,TSPAN4;VIL1;CD247;CAPG;ADD2;WAS;DMTN;WASF1;YAP1;NCKAP1L;PPARGC1A;SLC7A9;OCLN;WIPF1;CD2AP;WASF3;HFE;CAPZA1;FAS;SKAP2;LPXN;SLC9A3R2;PML;PARD3;TRAF1;CARD10;DLG4;FANCC;SOX9;CAPZA2;SNX9;TRAF2;WASL;PPID;TCAP;MITF;TAPBP;IL1RAP;VAMP3;PICALM
prerank,GO_Biological_Process_2021::negative regulation of potassium ion transport (GO:0043267),0.5503196559790265,1.2611358034251594,0.2171280276816609,0.2644040254473768,1.0,7/10,26.74%,CAV3;CAV1;VIP;NEDD4L;CASQ2;BIN1;ACTN2
prerank,GO_Biological_Process_2021::sphingoid metabolic process (GO:0046519),0.5301014711845087,1.2610904669278187,0.1928,0.2642904338503892,1.0,8/12,28.07%,SPHK1;NAAA;SGPP2;ASAH2;SPHK2;DEGS2;PLPP3;PLPP1
prerank,GO_Biological_Process_2021::regulation of IRE1-mediated unfolded protein response (GO:1903894),0.5044902888334849,1.2610495839842863,0.20031923383878691,0.2641717401182806,1.0,12/14,32.57%,BCL2L11;BFAR;HSPA5;BAK1;PTPN1;DNAJB9;BAX;DDRGK1;TMEM33;UFL1;COPS5;DAB2IP
prerank,GO_Biological_Process_2021::phosphatidylcholine biosynthetic process (GO:0006656),0.4331055577723709,1.2606333480209826,0.175,0.26452139382000883,1.0,8/28,16.43%,ABHD3;APOA2;SLC44A1;LCAT;APOA1;PHOSPHO1;CHPT1;PCTP
prerank,GO_Biological_Process_2021::negative regulation of endothelial cell apoptotic process (GO:2000352),0.5367141479575059,1.2599451220611375,0.19306930693069307,0.26523616583310516,1.0,8/11,21.93%,GATA2;CDH5;NDNF;GATA3;TNFAIP3;IL11;TNIP2;MAPK7
prerank,GO_Biological_Process_2021::regulation of transcription involved in G1/S transition of mitotic cell cycle (GO:0000083),-0.3863144539471478,-1.259644763747893,0.15805022156573117,0.2618217108190896,1.0,12/21,22.84%,CDK18;HINFP;CDC45;NPAT;CDK17;TFDP2;ORC1;KLF11;CCNA1;PCNA;CCNE1;TFDP1
prerank,GO_Biological_Process_2021::negative regulation of protein localization to cell periphery (GO:1904376),0.4833153069190838,1.2591138453638302,0.19177018633540371,0.2661446199417614,1.0,9/18,19.56%,TMBIM1;PID1;ABI3;GBP1;TMEM59;RHOQ;DAB2;NUMB;CLTC
prerank,GO_Biological_Process_2021::positive regulation of Notch signaling pathway (GO:0045747),0.43053312866784255,1.2585230827513914,0.1879914224446033,0.2667470222992441,1.0,13/29,25.98%,TM2D3;YAP1;NOTCH4;ROBO2;TSPAN14;BMP2K;ROBO1;JAG1;JAG2;AAK1;POGLUT1;ZMIZ1;TP63
prerank,GO_Biological_Process_2021::mRNA destabilization (GO:0061157),-0.34303287948480005,-1.2582948407813503,0.13604240282685512,0.2629416732558263,1.0,15/32,29.32%,ZC3H12D;CPEB3;RBM24;UPF1;DIS3L2;KHSRP;YTHDF1;RC3H1;MOV10;METTL3;METTL14;GIGYF2;YTHDF3;RC3H2;POLR2D
prerank,GO_Biological_Process_2021::intracellular protein transmembrane transport (GO:0065002),-0.33002553750112185,-1.2580627422223367,0.1413934426229508,0.2628161315711389,1.0,18/42,24.49%,SEC61A2;PEX10;PEX26;SRP54;PEX2;PEX14;TIMM23B;PEX6;TIMM44;ZFAND2B;PEX12;TIMM50;PEX16;CHCHD4;AIFM1;SEC61A1;PEX7;PEX1
prerank,GO_Biological_Process_2021::acidic amino acid transport (GO:0015800),-0.409483421446551,-1.2558701859912351,0.1856115107913669,0.2650345053195503,1.0,7/18,10.37%,LRRC8D;SLC25A18;SLC6A1;SLC6A13;SLC25A13;LRRC8E;SLC25A22
prerank,GO_Biological_Process_2021::female gonad development (GO:0008585),0.5089716043040784,1.2557950572362782,0.21243941841680128,0.2701709454539336,1.0,7/14,20.63%,ANG;NR2F2;CEBPB;COL9A3;INHBB;INHA;ZFP42
prerank,GO_Biological_Process_2021::detection of mechanical stimulus (GO:0050982),-0.42356221922642806,-1.2527304012877842,0.1856763925729443,0.26839036646767833,1.0,5/16,4.83%,PKD2L1;PKD2L2;PKDREJ;PIEZO2;PIEZO1
prerank,GO_Biological_Process_2021::liver development (GO:0001889),-0.3689998360830398,-1.2526793271570342,0.15132605304212168,0.26803955407940805,1.0,3/26,0.27%,CCDC39;CCDC40;DNAAF1
prerank,"GO_Biological_Process_2021::regulation of retrograde protein transport, ER to cytosol (GO:1904152)",0.5113198078451858,1.252332130583281,0.20780254777070065,0.27453245217649974,1.0,9/13,28.24%,OS9;EDEM2;YOD1;DERL2;EDEM1;UBE2J1;ERLEC1;UBAC2;DERL3
prerank,GO_Biological_Process_2021::dendritic spine organization (GO:0097061),0.47758922909124607,1.251433912714948,0.2056005895357406,0.27550425468512807,1.0,10/19,21.04%,LGMN;TREM2;PAK3;PTEN;ARC;ITGA3;DLG4;WASL;SHANK3;CDC42
prerank,GO_Biological_Process_2021::long-chain fatty-acyl-CoA metabolic process (GO:0035336),-0.38371110811773457,-1.2505429817817826,0.17546583850931677,0.27013349650913976,1.0,8/22,18.77%,HACD2;HACD1;ACSF3;ELOVL1;ELOVL6;ELOVL7;FAR1;HSD17B12
prerank,GO_Biological_Process_2021::negative regulation of extrinsic apoptotic signaling pathway (GO:2001237),0.40192588557671083,1.2500641188790802,0.16274377942165433,0.27714588895646775,1.0,14/45,16.98%,GPX1;TMBIM1;FAIM;THBS1;PF4;TNFSF10;GATA1;SNAI2;HMOX1;ITGA6;BMP4;FAS;TNFAIP3;IFI6
prerank,GO_Biological_Process_2021::regulation of retinoic acid receptor signaling pathway (GO:0048385),0.510319107187453,1.2495900119500374,0.21078037007240547,0.277591852662947,1.0,9/13,30.47%,PRAME;CYP26C1;CYP26A1;DHRS3;CNOT1;KLF2;CTBP2;CYP26B1;TRIM16
prerank,GO_Biological_Process_2021::cytoplasmic pattern recognition receptor signaling pathway (GO:0002753),0.4491601502338591,1.2482981196072154,0.1976487876561352,0.2790945935339275,1.0,15/23,27.27%,DDX58;IRAK2;IFIH1;MAP2K6;TNFAIP3;TRAF6;RIPK2;UBE2N;UBB;NOD1;TIFA;CYLD;TAB1;IKBKG;TAB2
prerank,GO_Biological_Process_2021::regulation of stem cell proliferation (GO:0072091),0.5174284394621098,1.2473314172726815,0.21789560894780446,0.28023748090023803,1.0,8/12,22.19%,FBLN1;YAP1;GJA1;ZFP36L1;HMGA2;EIF2AK2;NANOG;HNRNPU
prerank,GO_Biological_Process_2021::negative regulation of cell communication (GO:0010648),0.5221191505359056,1.2465339937463866,0.21091205211726385,0.28107496913240937,1.0,9/12,18.49%,ADIPOQ;IGFBP3;LIF;OSM;NLRP12;KIF26A;UBASH3B;IL11;PTPN1
prerank,"GO_Biological_Process_2021::regulation of gene expression, epigenetic (GO:0040029)",-0.2962520942202341,-1.2460262990223443,0.09814323607427056,0.27521635009796414,1.0,15/65,12.86%,ZFP57;POLR1A;POLR1B;KDM1B;CTCF;MYBBP1A;ACTB;POLR1E;POLR1C;SMYD5;PHF19;TDG;SUZ12;PHF2;TAF1B
prerank,GO_Biological_Process_2021::protein localization to nucleus (GO:0034504),-0.28019090476653985,-1.2458969003285063,0.0581039755351682,0.2749625975408256,1.0,25/90,14.22%,SIX4;SIX1;RRS1;IPO4;WRN;TNPO2;POM121;PAF1;NUP133;TAF3;NUP188;TOPORS;RPF2;SUPT7L;CSE1L;XPA;PINX1;TAF8;IPO5;IPO13;POM121C;RANBP6;TNPO3;APPL2;IPO7
prerank,GO_Biological_Process_2021::phosphatidylethanolamine metabolic process (GO:0046337),0.4530821259372407,1.2456909392335296,0.19040697674418605,0.2820090052572091,1.0,10/22,23.12%,PLA2G2D;ALOX15;PLA2G3;NAAA;PLA2G15;PHOSPHO1;PLA2G4E;ETNK2;PLA2G6;ETNPPL
prerank,GO_Biological_Process_2021::endoplasmic reticulum membrane organization (GO:0090158),0.5481139872169658,1.2454008224367452,0.21983471074380165,0.28221804708789494,1.0,6/10,28.17%,MOSPD3;ATL2;ARL6IP1;VAPB;TRDN;BNIP1
prerank,GO_Biological_Process_2021::positive regulation of cellular protein localization (GO:1903829),-0.30840118893857466,-1.24539050916496,0.11180124223602485,0.27519282779735127,1.0,17/52,13.33%,NECAB2;CENPQ;GAS8;GNL3L;MARK4;SYT11;GNL3;ORMDL3;NDC80;NUMA1;APC;CEP250;KAT7;GTSE1;GPD1L;RIC3;RANGRF
prerank,GO_Biological_Process_2021::chondrocyte differentiation (GO:0002062),0.43707721670195926,1.2453139985412327,0.21124729632299927,0.2821540770334588,1.0,16/27,20.72%,OSR1;SULF2;RUNX2;NFIB;SULF1;SLC39A14;HMGA2;BMP4;EIF2AK3;MEF2C;RUNX1;SOX9;GPLD1;RUNX3;BMP2;SNX19
prerank,GO_Biological_Process_2021::protein mono-ADP-ribosylation (GO:0140289),0.5308855517706842,1.2452189168643306,0.2310204081632653,0.28210286059229905,1.0,7/11,22.25%,PARP9;PARP12;PARP14;PARP15;TIPARP;PARP16;PARP11
prerank,GO_Biological_Process_2021::positive regulation of telomere maintenance (GO:0032206),-0.3682401845872789,-1.2450706238872733,0.17488789237668162,0.27515257876979715,1.0,10/25,12.22%,RAD50;SLX4;GNL3;ATRX;PNKP;SIRT6;NEK2;NBN;SLX1A;NABP2
prerank,GO_Biological_Process_2021::positive regulation of erythrocyte differentiation (GO:0045648),0.47420766391907965,1.2436926416606973,0.21060842433697347,0.28394765002990174,1.0,11/18,21.09%,FAM210B;TAL1;GATA1;HIF1A;NCKAP1L;FOXO3;ETS1;PRMT1;STAT5B;STAT1;ARNT
prerank,GO_Biological_Process_2021::activation of protein kinase activity (GO:0032147),0.364381334657767,1.2424327560351776,0.1519456454601606,0.285441251932658,1.0,30/72,25.39%,EMP2;SLC11A1;CHI3L1;ANG;PIBF1;TLR6;LEP;TIRAP;PAK1;PAK3;PHB;PILRB;PAK6;TNFSF15;OSBPL8;TOM1L1;TGFBR2;TRAF6;TAOK2;NTF3;CARD10;TRAF2;TAOK3;STK4;PHB2;PRLR;MARK2;ADCY8;RIPK3;NRG1
prerank,GO_Biological_Process_2021::phosphatidylinositol biosynthetic process (GO:0006661),-0.2724006845539591,-1.2420742938503055,0.07575757575757576,0.27833158003246494,1.0,48/111,27.59%,PIGG;MTMR6;MTMR3;MTMR7;DPM3;PIGH;IP6K3;PGAP2;MTMR4;PIGF;MTMR12;DPM1;PIGM;PI4K2B;PIGN;IP6K2;PIP4K2C;SOCS7;PIGB;INPP5E;MTMR2;ITPKB;PIGW;MTM1;PIGQ;MTMR1;INPP5F;DPM2;VAC14;SLC27A1;MTMR8;SBF1;SOCS6;MBOAT7;TTC7B;SYNJ2;PIGZ;PIGV;PIGO;PLEKHA8;SOCS5;SOCS4;INPP5K;INPP5J;IP6K1;PI4K2A;SMG1;OCRL
prerank,GO_Biological_Process_2021::cellular response to vascular endothelial growth factor stimulus (GO:0035924),0.48811958359681146,1.2420312404621856,0.21706016755521707,0.28579196040763866,1.0,10/16,28.56%,MT1G;EGR3;ANXA1;SPHK1;PRKD2;MAP2K3;NR4A1;SEMA6A;ITGB1BP1;ERN1
prerank,GO_Biological_Process_2021::magnesium ion transport (GO:0015693),0.5189194839914473,1.2418121757966387,0.2354368932038835,0.28591313502193944,1.0,7/12,29.43%,TUSC3;NIPAL1;NIPAL2;NIPA2;SLC41A1;MAGT1;NIPA1
prerank,GO_Biological_Process_2021::cellular response to glucagon stimulus (GO:0071377),-0.4205981683235521,-1.2392897983527231,0.20713305898491083,0.28133876466838215,1.0,10/16,25.70%,ADCY5;ADCY7;ADCY2;PRKAR2B;ADCY9;PRKAR2A;PRKAR1A;ADCY3;GCGR;ADCY6
prerank,GO_Biological_Process_2021::cellular response to nutrient levels (GO:0031669),0.38438016368877453,1.238525865076075,0.18410852713178294,0.290166443217035,1.0,23/50,29.13%,FAM107A;KLF10;LPL;FOXO1;NUPR2;XBP1;RRAGB;MAP1LC3C;ALB;RALB;CD68;INHBB;LRRK2;STK24;TFEB;RRAGA;MFSD2A;LAMP2;WIPI1;ATG7;RRAGD;MAP1LC3B;FLCN
prerank,GO_Biological_Process_2021::poly-N-acetyllactosamine metabolic process (GO:0030309),-0.44076684807107486,-1.2377223493901754,0.22086720867208673,0.2828033677090399,1.0,4/13,8.55%,B3GNT2;B4GAT1;GAL3ST3;B3GNT4
prerank,GO_Biological_Process_2021::negative regulation of synaptic transmission (GO:0050805),-0.3943424460647057,-1.2372071464845786,0.18787878787878787,0.28298810765004473,1.0,7/19,12.28%,NLGN4X;SYT11;CBLN1;PRRT1;PICK1;MTMR2;SLC24A2
prerank,GO_Biological_Process_2021::negative regulation of ion transport (GO:0043271),0.4653893077431555,1.2371868573952027,0.2094240837696335,0.2918015614066149,1.0,5/18,8.18%,LILRB2;STC1;LILRB1;CAV3;NEDD4
prerank,GO_Biological_Process_2021::ERAD pathway (GO:0036503),0.3583566957898556,1.2366572815029142,0.14826113483831604,0.2923402463335943,1.0,28/81,24.94%,RCN3;RHBDD2;MAN1A1;RNF103-CHMP3;GET4;TOR1A;SEL1L2;SEC61B;WFS1;MAN1B1;VCP;OS9;HSPA5;YOD1;DERL2;EDEM1;STUB1;FBXO17;TRIM25;RNF139;FBXO27;FOXRED2;DNAJB9;ATXN3;UBE2J1;ERLEC1;DERL1;RNF5
prerank,GO_Biological_Process_2021::chordate embryonic development (GO:0043009),-0.3164362199866104,-1.2362600880339498,0.142570281124498,0.28369689731603714,1.0,10/47,8.58%,GRHL2;STIL;WNT7B;ZNF568;SIX4;SOX8;LIG4;ISL1;CHD7;HINFP
prerank,GO_Biological_Process_2021::negative regulation of axonogenesis (GO:0050771),0.434522204322931,1.2360083322635826,0.19549418604651161,0.29305952081716313,1.0,11/26,23.85%,THY1;KIAA0319;SEMA3G;FGF13;PTEN;DCC;RHOA;EFNB3;MCF2;NGFR;GDI1
prerank,GO_Biological_Process_2021::DNA conformation change (GO:0071103),-0.4650302365408661,-1.2338838750038916,0.22323759791122716,0.286231478316199,1.0,4/11,13.28%,TOP3A;TOP1MT;ERCC3;KAT6A
prerank,GO_Biological_Process_2021::positive regulation of cytokinesis (GO:0032467),-0.36441318582752474,-1.2334100921321192,0.16833333333333333,0.2864156276770586,1.0,7/25,11.23%,KIF20B;RACGAP1;AURKC;KIF14;CDC14A;ECT2;CDC25B
prerank,GO_Biological_Process_2021::regulation of osteoblast proliferation (GO:0033688),0.5137658831509881,1.2333953120640178,0.23547637490317583,0.29640538203030714,1.0,8/13,20.38%,TMEM119;LTF;ATRAID;TNN;EIF2AK2;RHOA;MN1;BMP2
prerank,"GO_Biological_Process_2021::positive regulation of gene expression, epigenetic (GO:0045815)",-0.31831189229638895,-1.2316455509272135,0.1683366733466934,0.2882393293011382,1.0,16/43,21.83%,POLR1A;PADI2;POLR1B;MYBBP1A;ACTB;POLR1E;POLR1C;ATAD2;SMARCD1;PHF2;TAF1B;ELOF1;SMARCA5;HMGA1;BAZ1B;ASF1A
prerank,GO_Biological_Process_2021::ubiquitin-dependent protein catabolic process via the multivesicular body sorting pathway (GO:0043162),0.45046187141853944,1.2314713088280427,0.2315711094564408,0.2988144799127017,1.0,13/21,30.39%,NEDD4;TOM1L1;VPS37D;VPS36;VPS37B;RNF115;MVB12A;VPS25;VPS4B;SNF8;VPS28;UBAP1;VPS4A
prerank,GO_Biological_Process_2021::response to progesterone (GO:0032570),-0.4187602717263946,-1.2302228160203625,0.21722365038560412,0.28961863065680127,1.0,6/15,14.04%,CATSPERG;CATSPER3;CATSPER4;CATSPER2;CATSPERD;CATSPERB
prerank,GO_Biological_Process_2021::RNA phosphodiester bond hydrolysis (GO:0090501),0.4353308762321369,1.2302028382225796,0.20461095100864554,0.3003744404546603,1.0,6/26,9.41%,RNASE6;RNASE4;RNASE2;LACTB2;RNASE1;NYNRIN
prerank,GO_Biological_Process_2021::cellular response to catecholamine stimulus (GO:0071870),0.4871371044449161,1.2291361976792368,0.23248652809853734,0.3016338997123625,1.0,7/15,23.24%,TGM2;NR4A3;GNG2;SULT1A3;RYR2;LRRK2;SLC9A1
prerank,GO_Biological_Process_2021::negative regulation of chondrocyte differentiation (GO:0032331),0.547892613362448,1.228920874558445,0.24198988195615515,0.30174275493871205,1.0,7/10,21.28%,EFEMP1;ADAMTS7;ADAMTS12;SNAI2;GDF5;SOX9;NKX3-2
prerank,GO_Biological_Process_2021::protein polyubiquitination (GO:0000209),-0.23879652378681215,-1.228898348264551,0.02631578947368421,0.29082357086500904,1.0,73/262,19.90%,TRIM36;NHLRC4;TRIM6;RNF183;ANAPC7;ANAPC2;CDC23;ANAPC5;CDC16;ANAPC10;UBA52;TRIM2;ANAPC1;ANAPC11;UBC;ANAPC13;PPIL2;CDC27;FZR1;KLHL42;RNF8;ERCC8;DCAF15;TOPORS;CHFR;RNF20;CDC26;TRIM34;UBE3C;TRIM3;UBE4A;TRIM32;FBXO30;ANAPC4;RNF6;RNF4;MUL1;FBXO4;ANKRD39;CDC34;FBXL19;KBTBD7;FBXL4;UBE2S;FBXO31;FBXW4;RC3H1;PSMD10;RLIM;CCNF;DDB2;PSME3;FBXW9;RNF186;FBXO32;FBXO15;RMND5A;AMFR;ITCH;UBE2V1;KLHL20;PELI3;RNF146;FBXL3;ZNRF2;UBE2T;FBXW11;TAF1;PELI2;ZNF738;RNF26;FBXW5;UBE4B
prerank,GO_Biological_Process_2021::positive regulation of alpha-beta T cell differentiation (GO:0046638),0.5118306089855769,1.2282860275828007,0.2387459807073955,0.3024453727468019,1.0,8/12,26.58%,LILRB4;NCKAP1L;TGFBR2;RUNX1;SOCS1;RUNX3;CBFB;GLI3
prerank,GO_Biological_Process_2021::negative regulation of macroautophagy (GO:0016242),0.4460746519913087,1.2280151196503408,0.2182741116751269,0.30262175663229607,1.0,12/23,23.83%,TMEM39A;QSOX1;NUPR1;LZTS1;FEZ2;CHMP4B;USP36;CHMP4A;LRRK2;SEC22B;TSC2;RUBCN
prerank,GO_Biological_Process_2021::protein targeting (GO:0006605),0.3396810953991236,1.2275599272242286,0.13588850174216027,0.3030595964933371,1.0,55/119,28.27%,ZDHHC24;ZDHHC7;ZDHHC12;ZDHHC6;ZDHHC20;ZFAND2A;LTBP2;NACA;AP1S3;NCF1;SPCS3;MAN1A1;MYO1C;SPCS2;SEC61G;RASSF9;AP4M1;AP1M2;RTP4;SPCS1;GABARAP;VPS37D;PARD3;ZDHHC11;SEC63;TAOK2;EDEM1;TOMM22;ZDHHC1;HAP1;TOMM34;SORL1;SDCBP;TIMM17A;VPS37B;GDAP1;ZDHHC4;TIMM8B;ZDHHC3;AP4S1;CDC37;FBXO7;RABGEF1;TOMM20;LAMP2;TIMM13;GIPC1;HPS4;DNAJC19;ZDHHC14;AQP11;TIMM9;TOMM40;AP4B1;YIF1B
prerank,GO_Biological_Process_2021::response to fatty acid (GO:0070542),0.505118153828731,1.2274890254878539,0.23214285714285715,0.3029664474936522,1.0,8/13,20.80%,PID1;LPL;FOXO1;FOXO3;CD36;UCP1;SOX9;GLDC
prerank,GO_Biological_Process_2021::negative regulation of cell development (GO:0010721),0.4884068411502586,1.226597042341274,0.22545168892380205,0.3040472267392934,1.0,9/15,21.71%,LILRB1;CAV3;FBN1;LTF;B2M;PAX6;DYNLT1;SORL1;FBXW7
prerank,GO_Biological_Process_2021::neurotransmitter transport (GO:0006836),-0.2992333087846616,-1.2259031496373685,0.1345707656612529,0.2941459860093327,1.0,11/57,11.56%,GABRA2;LIN7C;SLC29A4;LIN7A;LIN7B;PPFIA2;SLC22A1;NRXN2;APBA1;PPFIA1;RIMS1
prerank,GO_Biological_Process_2021::regulation of cellular component organization (GO:0051128),0.33928686836839933,1.2255762723058718,0.13908045977011493,0.3052613623489984,1.0,51/117,25.35%,FAM107A;WFDC1;KLK8;HRG;NEDD4;STK38L;CD177;LTBP4;NET1;ATF5;PAPPA2;CD36;RAB17;SNCAIP;SLC2A10;OGFR;SPHK1;CEACAM1;RAP1B;RASGRP2;SOCS2;SNX17;TMEM97;SNX12;CHPT1;ABL2;GFAP;TMC8;CAMSAP3;TAOK2;PIFO;IRAK3;PTPN1;APOE;OPHN1;TRAF2;TJP1;PLCE1;AP2S1;CDK11B;HNRNPU;BCAR1;PICALM;RAB5A;RAPGEF1;RAB4B;TSC2;KIAA1109;SETD5;CDK11A;PACSIN1
prerank,GO_Biological_Process_2021::innate immune response activating cell surface receptor signaling pathway (GO:0002220),0.3718885077839145,1.2255454017849672,0.18511569731081925,0.3051005928147093,1.0,26/60,17.63%,CLEC4D;CLEC4E;LILRA2;CLEC6A;CLEC4C;KLRC2;CLEC10A;CD209;CLEC7A;KLRD1;CLEC4A;FCER1G;CARD9;ICAM3;FCN1;TYROBP;SKP1;PAK1;ICAM2;PAK3;RELB;PLCG2;TRAF6;PSMF1;CUL1;PSMD5
prerank,GO_Biological_Process_2021::positive regulation of innate immune response (GO:0045089),0.42837177707994695,1.2253035565248245,0.21223021582733814,0.3052325924972714,1.0,14/29,22.22%,FPR2;LBP;CCL5;CD1D;GBP5;ADAM8;PLSCR1;AKIRIN2;SPI1;IFI35;ZBP1;TRIM62;SLC15A4;SH2D1B
prerank,GO_Biological_Process_2021::negative regulation of transferase activity (GO:0051348),-0.37701881498297496,-1.2246158808323662,0.19760479041916168,0.2953459165469193,1.0,6/21,12.52%,ERCC4;POT1;PINX1;CDKN1B;PIF1;CDKN1C
prerank,GO_Biological_Process_2021::purine nucleoside bisphosphate biosynthetic process (GO:0034033),0.5225259792645982,1.2246131139690066,0.23480432972522897,0.305599103235525,1.0,10/11,39.97%,PANK1;PANK2;DCAKD;PPCS;PANK4;ACOT7;PPCDC;COASY;ACAT1;PANK3
prerank,GO_Biological_Process_2021::coenzyme A biosynthetic process (GO:0015937),0.5225259792645982,1.2246131139690066,0.23480432972522897,0.305599103235525,1.0,10/11,39.97%,PANK1;PANK2;DCAKD;PPCS;PANK4;ACOT7;PPCDC;COASY;ACAT1;PANK3
prerank,GO_Biological_Process_2021::ribonucleoside bisphosphate biosynthetic process (GO:0034030),0.5225259792645982,1.2246131139690066,0.23480432972522897,0.305599103235525,1.0,10/11,39.97%,PANK1;PANK2;DCAKD;PPCS;PANK4;ACOT7;PPCDC;COASY;ACAT1;PANK3
prerank,GO_Biological_Process_2021::protein exit from endoplasmic reticulum (GO:0032527),0.44704759076994666,1.222464252480208,0.21882001493651979,0.30843338522832503,1.0,13/22,29.15%,SEC61B;MAP1LC3C;VCP;TMED9;OS9;DERL2;LMAN1;SURF4;DERL1;SEC13;SEL1L;AUP1;HSP90B1
prerank,GO_Biological_Process_2021::aggrephagy (GO:0035973),-0.37068592235011805,-1.2224148293649493,0.2016,0.29767094273710637,1.0,5/23,8.96%,ARL13B;UBA52;ACBD5;UBC;IFT88
prerank,GO_Biological_Process_2021::regulation of secretion by cell (GO:1903530),0.38124344441152735,1.2213937517417026,0.19473684210526315,0.3097203257452567,1.0,33/48,28.46%,MCTP1;RAB3D;P3H1;HCRT;SAA1;RHBDF2;RHBDF1;SNCAIP;ANXA1;RAB26;RAB8A;MEF2C;RAB13;CPLX1;CPLX4;RAB3A;SYT1;HAP1;CPLX3;RAB8B;RALA;STX4;VAMP3;RAB21;RAB12;SYN1;RAB15;RAB10;CAMK2A;DNAJC1;RIC1;RIMS2;MCTP2
prerank,GO_Biological_Process_2021::modified amino acid transport (GO:0072337),0.4784036659565691,1.2207150627728414,0.2357910906298003,0.3104821202025549,1.0,7/16,20.72%,FOLR2;FOLR3;PDPN;SLC7A9;MGST1;SLC46A1;SLC25A32
prerank,GO_Biological_Process_2021::positive regulation of sodium ion transmembrane transporter activity (GO:2000651),0.49616127741226185,1.2201071327645943,0.2411290322580645,0.3111469151426279,1.0,6/13,23.24%,GLRX;TESC;ACTN4;DRD4;CHP1;SLC9A1
prerank,GO_Biological_Process_2021::regulation of multicellular organism growth (GO:0040014),0.5082087511675606,1.2199646192264582,0.23728813559322035,0.31115957260067123,1.0,10/13,26.05%,GDF15;GH1;GHRL;PRL;STAT5A;STAT5B;PPIB;MFSD2A;PTCH1;GHRH
prerank,GO_Biological_Process_2021::peptidyl-serine dephosphorylation (GO:0070262),0.5314560073693914,1.219008737404756,0.25656223539373413,0.312323883377499,1.0,7/10,24.27%,PPM1F;NCK1;DUSP1;PPP1R15B;PPP1CA;PPTC7;PPP2R2C
prerank,GO_Biological_Process_2021::autophagy of peroxisome (GO:0030242),-0.46339846531920237,-1.2186745314379537,0.23415265200517466,0.3020539160380713,1.0,3/11,15.43%,ACBD5;USP30;TRAPPC8
prerank,GO_Biological_Process_2021::negative regulation of calcium ion transmembrane transporter activity (GO:1901020),0.4487730321671333,1.2185408875629227,0.22532188841201717,0.31279772976677633,1.0,12/21,29.60%,CLIC2;GSTM2;PLN;GPR35;DRD4;PKD2;YWHAE;CASQ2;CRHR1;TRDN;GNB5;CALM3
prerank,GO_Biological_Process_2021::glutamine family amino acid metabolic process (GO:0009064),0.41744733382353727,1.218207057220051,0.22465753424657534,0.3130794274955981,1.0,18/31,27.60%,GLYATL1;DDAH2;GLS2;PRODH;PYCR1;GGT1;ALDH18A1;GLUL;DDAH1;ART4;GCLM;SIRT4;ALDH5A1;RIMKLB;SLC39A8;GLUD1;GLUD2;GCLC
prerank,GO_Biological_Process_2021::regulation of plasma membrane bounded cell projection assembly (GO:0120032),0.3684338770480731,1.2173570035257626,0.18836915297092288,0.31404502614264496,1.0,25/63,24.35%,TBC1D9B;MAPK15;TBC1D2B;TBC1D22A;WAS;DMTN;CCR7;TBC1D10C;PODXL;RAB17;CAV1;TBC1D2;TWF2;DCDC2;TBC1D5;TBC1D16;DYNC2LI1;CDC42;RDX;TRPM2;ARF6;TWF1;RAB5A;CAPZB;FSCN1
prerank,GO_Biological_Process_2021::cellular response to retinoic acid (GO:0071300),-0.3339048255883664,-1.2162450850878348,0.17271157167530224,0.3048589290076813,1.0,9/33,13.59%,WNT7B;WNT9A;WNT10B;WNT6;WNT5B;STRA8;WNT3;ADNP2;BRINP2
prerank,GO_Biological_Process_2021::positive regulation of sodium ion transport (GO:0010765),-0.4414200653224025,-1.216243298335777,0.2313937753721245,0.304407559922717,1.0,5/12,14.96%,SCN3B;SCN1B;GPD1L;WNK3;PKP2
prerank,GO_Biological_Process_2021::intracellular protein transport (GO:0006886),0.31230240887385813,1.2148536653266064,0.08578811369509044,0.31738401786590775,1.0,136/304,28.31%,ARL5A;TBC1D9;RABGAP1L;RAB20;ADPRH;TBC1D9B;ARL4C;TBC1D2B;TBC1D22A;LTBP2;LAPTM5;AP1S3;TMED5;PTTG1IP;ARL4D;ARL11;TMED10;RAB24;TBC1D10C;PRICKLE1;TICAM2;STX11;CTSA;MYO1C;STXBP2;STX3;VPS26A;VPS35;RAB38;RAB17;RAB31;RASSF9;AP4M1;AP1M2;TBC1D2;STX19;SGSM1;SNX15;NUP214;STX1A;GGA2;COPZ2;TMED4;SPRN;GPIHBP1;SNX6;CTTN;MAP1LC3C;GABARAP;SNX17;GGA1;TBC1D3B;TMED9;VPS36;UNC93B1;TMED1;VPS26B;CAMSAP3;SNX1;TMED3;TMED2;SNX9;VPS29;SNX8;TBC1D5;TBC1D16;LMAN1;CLTC;YWHAH;HAP1;NUP62;SORL1;RAB32;AP2A1;TBC1D12;ARF6;RAB29;SNX27;EHD1;STX4;SURF4;CHP1;STX5;CCHCR1;NGFR;PHB2;ARF5;WDR11;RAB1A;EGR2;RAB21;RAB5A;RAB7A;AP4S1;CDC37;WLS;TSC2;VPS25;NUP62CL;MYO6;SYNRG;ARL5B;NUP88;STX8;NAPA;DESI1;SEC13;ARL4A;ARFGAP3;LAMP2;NXT1;SEC31A;TMED7;RAB6A;GIPC1;TBC1D8;HPS4;RAB28;IPO11;RAB14;RAB1B;RTN2;STX16;RAB5B;STX17;SNF8;RIC1;RABL3;ARCN1;SNX13;VPS28;USP6NL;RUNDC1;AP4B1;PKD1;COPZ1
prerank,GO_Biological_Process_2021::peptidyl-asparagine modification (GO:0018196),0.4136186232775182,1.2137603031410196,0.2153954802259887,0.31875589612518873,1.0,19/31,29.23%,MCFD2;DAD1;RPN2;MGAT1;OSTC;TUSC3;RPN1;ASGR2;DDOST;ASGR1;LMAN1;OST4;UBE2J1;FUT8;B4GALNT2;ST6GAL1;DERL3;MAGT1;MGAT2
prerank,GO_Biological_Process_2021::peptidyl-threonine modification (GO:0018210),-0.3205604239803518,-1.2136787246190675,0.18,0.3072777231080815,1.0,13/43,16.87%,GALNT2;GALNT16;GALNTL6;GALNT11;GALNT4;ACVR1B;GALNT1;CAD;WNK3;NLK;GALNT13;DYRK1B;WNK1
prerank,GO_Biological_Process_2021::regulation of mitotic cell cycle (GO:0007346),-0.2632781709318605,-1.213368384323561,0.07142857142857142,0.3072008393191067,1.0,36/128,14.34%,KIF20B;ANAPC7;ANAPC2;CDC23;ANAPC5;CDC16;MKI67;ANAPC10;DLGAP5;ANAPC1;ANAPC11;CDC27;FZR1;BUB3;GAS1;CKS2;RNF20;CDC26;CUL7;ERCC3;CDKN1B;ANAPC4;NEK2;CDC25B;XPC;USP22;RNF40;TTL;CDKN1C;UBE2S;L3MBTL1;RPRM;NKX3-1;BRINP2;PSMD10;PSME3
prerank,GO_Biological_Process_2021::embryonic organ development (GO:0048568),0.37438476491083106,1.2126908952553372,0.20179372197309417,0.3201009423481848,1.0,26/52,25.36%,RARRES2;PKDCC;TAL1;RBP4;COL13A1;SOX18;APELA;NKX2-5;FGF8;KITLG;GATA3;ALDH1A3;TGFBR2;NES;IL3;GLI2;TBX4;SH2B3;TEAD3;STRA6;TBX2;NEUROD1;HEY1;MFSD2A;SOX17;TEAD2
prerank,GO_Biological_Process_2021::regulation of cellular component biogenesis (GO:0044087),0.41425284022461273,1.2125550133635692,0.20882971268395234,0.3200912995928862,1.0,12/31,21.07%,SPTY2D1;CCL19;HRG;CD36;SNCAIP;RAP1B;GFAP;APOE;TRAF2;TJP1;EZR;RDX
prerank,GO_Biological_Process_2021::intrinsic apoptotic signaling pathway (GO:0097193),0.3516020861790769,1.2117064519537872,0.18567961165048544,0.32113805376023846,1.0,38/78,26.32%,CRIP1;PPM1F;CHAC1;PMAIP1;ERO1A;CYP1B1;BCL2L11;PRODH;TP73;TNFRSF1B;CD24;CEBPB;C1QBP;CIDEB;PML;HIC1;ARL6IP5;IFI6;CUL1;JMY;TRIB3;BAK1;SFN;APAF1;TRAF2;CDKN1A;PYCARD;CUL5;ERN2;CUL3;STK24;FNIP2;PPP1R15A;PPP1R13B;DDIT3;IKBKE;BAX;DIABLO
prerank,GO_Biological_Process_2021::regulation of gastrulation (GO:0010470),-0.43292953530408246,-1.2115364999708418,0.21976592977893367,0.30914413720913586,1.0,4/13,6.85%,SCX;CRB2;OTX2;CLASP1
prerank,GO_Biological_Process_2021::neuromuscular junction development (GO:0007528),-0.3693266008135865,-1.2115340591247414,0.21270310192023634,0.30869137636684923,1.0,8/22,18.54%,ZC4H2;PPFIBP2;CACNB1;UNC13C;CACNB3;MUSK;CACNB2;CACNB4
prerank,GO_Biological_Process_2021::negative regulation of phosphatase activity (GO:0010923),-0.37043128316428914,-1.2111902853388044,0.21587301587301588,0.30866123843935755,1.0,9/21,19.68%,PPP1R26;GPATCH2;BOD1;PPP1R35;MASTL;PPP1R36;BOD1L1;URI1;FKBP1B
prerank,GO_Biological_Process_2021::positive regulation of transferase activity (GO:0051347),-0.27681995663951087,-1.2110657914984575,0.11818181818181818,0.30839437676713066,1.0,29/81,14.90%,GRHL2;RFC2;CHTF8;ROR2;RAD50;NVL;CHTF18;DCUN1D2;POT1;DSCC1;RYK;TOPORS;PNKP;XRCC5;PARN;ZNF622;MAGEC2;RFC4;DCUN1D1;NEK2;NBN;DCUN1D3;RFC5;RFC3;DCUN1D5;MUSK;VAC14;GREM1;ACD
prerank,GO_Biological_Process_2021::regulation of fatty acid oxidation (GO:0046320),0.5061109909800571,1.2106467522626088,0.2588996763754045,0.32243939596431065,1.0,6/12,22.68%,NR4A3;PPARGC1A;ACADL;SOX9;SIRT4;PRKAG2
prerank,GO_Biological_Process_2021::positive regulation of ERBB signaling pathway (GO:1901186),0.451172822521608,1.210334495601027,0.23453996983408748,0.3226786587609968,1.0,7/19,22.05%,PLAUR;CBL;SHKBP1;ARAP1;HAP1;NUP62;NEU3
prerank,GO_Biological_Process_2021::negative regulation of extrinsic apoptotic signaling pathway in absence of ligand (GO:2001240),-0.4487892716615813,-1.2101933958477082,0.2480106100795756,0.3086241620290429,1.0,3/12,2.70%,EYA2;EYA3;EYA4
prerank,GO_Biological_Process_2021::negative regulation of signal transduction in absence of ligand (GO:1901099),-0.4487892716615813,-1.2101933958477082,0.2480106100795756,0.3086241620290429,1.0,3/12,2.70%,EYA2;EYA3;EYA4
prerank,GO_Biological_Process_2021::response to peptide hormone (GO:0043434),0.389710806151863,1.2096744261636452,0.20748522652659226,0.3234484317698548,1.0,17/40,22.49%,IGFBP5;TGFBR3;REG1A;CYP11A1;LEP;STAT4;CAV1;ZFP36L1;ANXA1;XBP1;GNAI1;STAT5A;STAT6;STAT5B;STAT1;EIF6;PCK1
prerank,GO_Biological_Process_2021::phospholipid biosynthetic process (GO:0008654),-0.3325035604570524,-1.2094311055518805,0.18088737201365188,0.30917129463238396,1.0,15/35,13.90%,SRD5A3;DHDDS;FADS1;DPAGT1;MVD;AGPAT3;AGPAT4;AGPAT5;GPAT2;IDI1;CPNE6;GPAM;AGK;GNPAT;DOLK
prerank,GO_Biological_Process_2021::glycosaminoglycan metabolic process (GO:0030203),0.3780888238501311,1.2083434901198002,0.21391417425227569,0.32517068796690735,1.0,24/50,20.67%,SDC2;HSPG2;GNS;HPSE2;HYAL2;NDST2;IDUA;GPC1;GPC6;HEXA;SDC3;GLB1;FUCA1;CLN6;HYAL4;UGDH;XYLT1;AGRN;HGSNAT;NAGLU;EXT1;EXT2;HAS1;SGSH
prerank,GO_Biological_Process_2021::positive regulation of double-strand break repair (GO:2000781),-0.33132048011067816,-1.2080672727327773,0.17486338797814208,0.3105186172524563,1.0,14/32,16.92%,OOEP;KMT5C;RIF1;SPIDR;PNKP;MAD2L2;RAD51AP1;SLF2;SETMAR;SLF1;MMS19;WDR48;FANCB;KMT5B
prerank,GO_Biological_Process_2021::organelle disassembly (GO:1903008),-0.34106333448446485,-1.2080242157822056,0.1951219512195122,0.31012331103345453,1.0,8/30,15.60%,MTIF2;GFM2;MRRF;EIF2D;ATG2B;KLC1;UBA5;PELO
prerank,GO_Biological_Process_2021::regulation of mRNA catabolic process (GO:0061013),-0.2817065137056511,-1.207489643940942,0.1544943820224719,0.3104018686770708,1.0,22/78,14.34%,UBA52;EXOSC2;UBC;EXOSC9;PNPT1;EXOSC4;EXOSC5;RBM24;EXOSC3;PARN;UPF1;ZC3H14;EXOSC7;FXR2;KHSRP;EXOSC1;YTHDF1;EXOSC8;RC3H1;PSMD10;PUM2;PSME3
prerank,GO_Biological_Process_2021::limb morphogenesis (GO:0035108),-0.3766455214332438,-1.206898262930373,0.21674140508221226,0.31072304679806706,1.0,7/21,13.45%,IQCE;MEGF8;HOXA11;ZNF141;NIPBL;FBXW4;SHH
prerank,GO_Biological_Process_2021::response to endoplasmic reticulum stress (GO:0034976),0.3414272467692794,1.2067875507443981,0.16923076923076924,0.32722121063470627,1.0,39/92,27.23%,RCN3;ERP27;THBS1;CHAC1;JUN;ERP44;TMX1;ALOX15;ERO1A;ATF3;BCL2L11;TMTC3;NCK1;CEBPB;WFS1;VCP;EIF2AK3;OS9;HSPA5;PPP1R15B;ATF6;PDIA4;TRIB3;BAK1;TRAF2;RNF139;FLOT1;ERN2;DNAJB9;ERLEC1;PPP1R15A;DERL1;RNF5;DDIT3;PDIA3;BAX;DDRGK1;UFM1;SEL1L
prerank,GO_Biological_Process_2021::protein-containing complex disassembly (GO:0032984),0.3802776348811228,1.2053188896089149,0.21641297154202516,0.32920123196777856,1.0,26/45,30.39%,LIX1L;CAV1;CLN3;MYC;GABARAPL1;MAP1LC3C;GABARAP;VCP;CHMP3;SNX14;PPP1CA;DVL1;GABARAPL2;RPL23;LAMP2;VAMP7;LRP6;STX17;EPG5;DVL2;MAP1LC3B;WNT3A;AXIN1;CSNK1A1;VPS33B;VPS4A
prerank,GO_Biological_Process_2021::T cell proliferation (GO:0042098),0.5032397234475019,1.2052725738902046,0.2590460526315789,0.32905204574549707,1.0,7/12,26.49%,SLC11A1;LILRB1;DOCK8;RASGRP1;LMBR1L;MSN;BTN3A1
prerank,GO_Biological_Process_2021::positive regulation of stem cell proliferation (GO:2000648),0.491415697748386,1.205173777427698,0.26525630593978844,0.32897778301842234,1.0,9/13,22.19%,N4BP2L2;GJA1;FERMT2;HMGA2;LTBP3;NANOG;PDCD2;THPO;HNRNPU
prerank,GO_Biological_Process_2021::regulation of protein localization to cell periphery (GO:1904375),0.4829936812216705,1.2049331108726133,0.245136186770428,0.3291024613596346,1.0,7/15,27.09%,ZDHHC7;GBP1;CLN3;MISP;SPTBN1;STX8;LDLRAP1
prerank,GO_Biological_Process_2021::positive regulation of response to endoplasmic reticulum stress (GO:1905898),0.4745563042016775,1.2034803307564224,0.23713826366559485,0.3309839658140454,1.0,9/16,26.17%,RNFT1;PMAIP1;BCL2L11;NCK1;XBP1;BAK1;ATXN3;DDIT3;BAX
prerank,GO_Biological_Process_2021::DNA catabolic process (GO:0006308),0.5188581934835836,1.2030959651961133,0.2585616438356164,0.3313224822547854,1.0,4/11,12.73%,DNASE1L3;DNASE1L1;ISG20;DNASE1
prerank,GO_Biological_Process_2021::potassium ion import across plasma membrane (GO:1990573),-0.3462518637718449,-1.2025882610660616,0.21335504885993486,0.31592919629428196,1.0,9/27,10.61%,HCN2;KCNJ16;KCNJ10;KCNJ15;HCN4;SLC12A5;SLC12A2;SLC12A4;KCNJ2
prerank,GO_Biological_Process_2021::organic hydroxy compound biosynthetic process (GO:1901617),-0.3027001629496175,-1.202393352818501,0.17670682730923695,0.3157306658625525,1.0,12/47,11.48%,MSMO1;SQLE;FAXDC2;SC5D;TM7SF2;PMVK;LBR;SRD5A2;EBP;AKR1D1;HSD3B7;PSAT1
prerank,GO_Biological_Process_2021::positive regulation of protein localization to plasma membrane (GO:1903078),0.4066385245550991,1.202000606757126,0.23044692737430167,0.3327013399060305,1.0,18/34,23.66%,CNPY4;STAC;PTPN9;SORBS1;TREM2;STX3;CLN3;CNST;ARHGEF16;PLS1;ITGA3;RHOG;ARF6;STX4;ATP2C1;NKD2;SQSTM1;SPTBN1
prerank,GO_Biological_Process_2021::heart morphogenesis (GO:0003007),0.3931178924498763,1.2019490350117243,0.22123893805309736,0.3325699859337837,1.0,21/37,25.31%,ACTC1;MYLK2;TGFBR3;TTN;NKX2-5;FGF8;HEYL;DLC1;TBX3;SOX9;MESP2;RYR2;BMP2;TCAP;ANKRD1;TBX2;NOG;TBX1;HEY1;SOX17;FLRT2
prerank,GO_Biological_Process_2021::microtubule polymerization or depolymerization (GO:0031109),-0.36220390552720805,-1.2019160265457485,0.21216617210682492,0.3159010354865212,1.0,8/23,9.56%,KIF18B;KIF24;CKAP5;KIF2C;CENPJ;KIF18A;KIF14;STMN4
prerank,GO_Biological_Process_2021::amide transport (GO:0042886),0.4194200285372799,1.2018615743221672,0.2528169014084507,0.332476180094112,1.0,7/26,11.08%,FOLR2;FOLR3;ABCB9;TAP2;PDPN;PLTP;TAP1
prerank,GO_Biological_Process_2021::nucleobase-containing small molecule interconversion (GO:0015949),-0.36612055089419027,-1.2013587869006115,0.21316614420062696,0.3161944993686395,1.0,11/21,31.25%,NME2;CTPS2;AK5;AK4;CTPS1;DUT;NME3;AK7;AK1;DTYMK;AK2
prerank,GO_Biological_Process_2021::protein localization to membrane (GO:0072657),0.31861283105592914,1.2011519594831714,0.1528835690968444,0.3333082685763671,1.0,85/173,26.77%,ARL5A;TM9SF3;RFTN1;EMP2;DENND4C;TMEM88;RAB3D;MYADM;ADIPOQ;THY1;FAM126B;TM9SF2;RAB34;CAV3;TSPAN32;ANK1;EHD2;EHD4;EHD3;RAB38;TESC;MADCAM1;FERMT2;TSPAN14;CAV1;AP4M1;F11R;FLOT2;NPC1;BID;FGF13;SLC9A3R2;TMEM150A;RAB8A;TSPAN17;TSPAN33;CDH1;RAB13;PRAM1;ITGB7;AGRN;S100A10;JUP;CPE;TMED2;RAB3A;DLG4;KCNB2;DVL1;SPTBN4;EFR3A;TTC7A;SYNJ2BP;SHANK3;EZR;RAB32;RAB8B;RDX;TM9SF1;FLOT1;RAB29;FCHO2;EHD1;NKD2;ANK2;ZDHHC3;RAB11A;SPTBN1;RAB12;SH3PXD2B;ARL5B;CD81;PTCH1;TSPAN15;PACSIN1;SH3GLB1;HPS6;ARL3;PDZD11;RAB15;RAB10;FAM126A;GAK;ACTN2;PACS1
prerank,GO_Biological_Process_2021::endoplasmic reticulum to cytosol transport (GO:1903513),0.4936992821457842,1.2005992971480124,0.2364066193853428,0.33390965124208705,1.0,8/13,29.15%,SEC61B;VCP;OS9;DERL2;DERL1;SEL1L;AUP1;HSP90B1
prerank,GO_Biological_Process_2021::microtubule anchoring at microtubule organizing center (GO:0072393),-0.43429233829875113,-1.2001311615759493,0.23735408560311283,0.3174015337957218,1.0,6/12,26.76%,KIF3A;PCM1;NIN;BICD2;HOOK3;CEP19
prerank,GO_Biological_Process_2021::regulation of telomere maintenance via telomerase (GO:0032210),-0.31394081482452013,-1.2000551545073384,0.17810760667903525,0.31703276470543623,1.0,14/41,11.81%,GNL3L;NAT10;EXOSC10;POT1;PNKP;XRCC5;PARN;PINX1;TEN1;SMG5;NEK2;TERF2;PIF1;FBXO4
prerank,GO_Biological_Process_2021::L-glutamate transmembrane transport (GO:0015813),-0.46869761088612344,-1.2000533617759142,0.2531486146095718,0.31657759000482466,1.0,3/10,10.37%,SLC25A18;SLC25A13;SLC25A22
prerank,GO_Biological_Process_2021::cellular response to organonitrogen compound (GO:0071417),-0.279258858801388,-1.1994284332937928,0.16010498687664043,0.31701568623340004,1.0,16/71,12.83%,HCN1;HCN3;CIB2;HCN2;NSMF;DEFB124;HCN4;CPEB3;ACTB;IPO5;CPEB1;GABRB1;SLC26A6;IMPACT;SFRP1;AKAP9
prerank,GO_Biological_Process_2021::regulation of chondrocyte differentiation (GO:0032330),0.4437937795251514,1.1993687911093727,0.25,0.3355289314381752,1.0,13/21,25.41%,EFEMP1;ADAMTS7;PKDCC;SCIN;ADAMTS12;SNAI2;GDF5;SOX9;NKX3-2;BMPR1B;SOX5;ZBTB16;MDK
prerank,GO_Biological_Process_2021::glycerophospholipid catabolic process (GO:0046475),0.4396137438126686,1.1986133064387203,0.2511520737327189,0.33643332970391465,1.0,11/21,22.72%,LIPC;PNPLA6;GPCPD1;PLA2G15;PLA2G4E;PLA2G4D;PLA2G4B;GDPD1;ABHD16A;GDPD3;PLA2G6
prerank,GO_Biological_Process_2021::anion transmembrane transport (GO:0098656),-0.2862959403189443,-1.1966137914608155,0.14908256880733944,0.32034480188034126,1.0,22/63,18.50%,SLC25A21;LRRC8D;SLC6A8;SLC25A14;SLC25A18;LRRC8A;SLC35B4;SLC13A3;SLC6A13;LRRC8B;SLC25A13;LRRC8E;SLC25A22;LRRC8C;SLC13A2;SLC25A42;SLC35A3;SLC27A1;SLC13A5;SLC35C2;SLC35B1;SLC35A2
prerank,GO_Biological_Process_2021::regulation of phospholipid metabolic process (GO:1903725),-0.4613416510171554,-1.1966121201111415,0.24010554089709762,0.31988830260831685,1.0,4/10,12.73%,MTMR3;MTMR4;MTMR2;MTMR1
prerank,GO_Biological_Process_2021::positive regulation of nuclear division (GO:0051785),0.4802842940006127,1.196293817588468,0.25727773406766324,0.33962903103478115,1.0,9/14,20.34%,RGCC;NPM2;EDN1;EGF;EPGN;LRP5;BTC;EDN3;NUP62
prerank,GO_Biological_Process_2021::neuron development (GO:0048666),0.3303459692855043,1.1960900603172955,0.17215482380127095,0.3397232558055658,1.0,49/120,23.61%,FRY;GPRIN3;MYOC;SAMD14;NEDD4;STMN3;UNK;RP1L1;PPT1;PTPRM;STX3;CLN5;TOR1A;ADCYAP1;MICALL2;XBP1;UNC5A;MEF2C;RAB13;ETV1;DTNBP1;UGDH;NPY;ACTL6B;RUNX1;PRMT1;APOE;OPHN1;VAPA;GLI2;CDK5R1;GBA;PPP1R9B;DCX;RUNX3;GPRIN1;MANF;BLOC1S5;LRP12;L1CAM;BLOC1S4;ATP7A;RAB35;EHD1;BLOC1S6;STMN2;SH3GL2;RAB11A;ATCAY
prerank,"GO_Biological_Process_2021::retrograde protein transport, ER to cytosol (GO:0030970)",0.47501831840578124,1.1958304934450628,0.23996852871754523,0.33989273103060075,1.0,9/15,29.15%,SEC61B;VCP;OS9;DERL2;DERL1;HM13;SEL1L;AUP1;HSP90B1
prerank,GO_Biological_Process_2021::response to gamma radiation (GO:0010332),-0.4117242359413973,-1.1950770556429342,0.24161073825503357,0.3214813018833205,1.0,6/16,11.30%,LIG4;WRN;XRCC5;CRYAB;TLK2;DCUN1D3
prerank,MSigDB_Hallmark_2020::KRAS Signaling Dn,0.3231003332081301,1.194585734473222,0.15459989112683722,0.3415493672678258,1.0,61/156,22.31%,SNN;SPRR3;ATP6V1B1;CAPN9;CD207;LGALS7;CALML5;CPA2;KLK8;ACTC1;GP2;IGFBP2;CALCB;RSAD2;IFI44L;SERPINB2;SCGB1A1;NGB;C5;ALOX12B;MEFV;EDN1;ITIH3;SLC30A3;MX1;IDUA;ITGB1BP2;SYNPO;CCR8;FGF16;NR4A2;EGF;PRODH;TLX1;COPZ2;NPHS1;GP1BA;PTGFR;DCC;EDN2;CNTFR;AKR1B10;SLC16A7;PNMT;UGT2B17;KRT1;MYO15A;SPTBN2;NTF3;MAGIX;ABCG4;TFAP2B;RYR2;LYPD3;SLC29A3;PKP1;OXT;SLC5A5;SMPX;TGM1;SKIL
prerank,GO_Biological_Process_2021::cristae formation (GO:0042407),-0.44938896348235235,-1.1940808011993025,0.23766233766233766,0.3223565795485349,1.0,5/11,28.86%,AFG3L2;DNAJC11;APOOL;APOO;LETM1
prerank,GO_Biological_Process_2021::water transport (GO:0006833),0.466261482699166,1.1937443807826684,0.2527047913446677,0.34259734226814925,1.0,10/16,27.44%,AQP9;PDPN;AQP1;AVP;AQP3;AQP8;AQP10;AQP2;AQP7;AQP11
prerank,GO_Biological_Process_2021::mitochondrial cytochrome c oxidase assembly (GO:0033617),0.4483180400030257,1.1929245253034466,0.265625,0.3436349418675134,1.0,8/19,24.56%,SCO2;COX17;SURF1;PET100;COA3;COX14;COX19;COX20
prerank,GO_Biological_Process_2021::sphingomyelin metabolic process (GO:0006684),0.5094337565277496,1.1920739127982958,0.26535626535626533,0.3446812145256623,1.0,4/11,13.27%,ABCA8;SAMD8;SMPDL3A;ENPP7
prerank,GO_Biological_Process_2021::negative regulation of cartilage development (GO:0061037),0.517650188904297,1.1920150712244684,0.26485148514851486,0.344548683480984,1.0,7/11,21.28%,EFEMP1;ADAMTS7;ADAMTS12;SNAI2;GDF5;SOX9;NKX3-2
prerank,GO_Biological_Process_2021::positive regulation of stress-activated protein kinase signaling cascade (GO:0070304),0.4871992211865208,1.191990828629486,0.26374501992031874,0.3443664706941677,1.0,7/14,20.29%,SCIMP;CARD9;EIF2AK2;ARL6IP5;TAOK2;TAOK3;IL26
prerank,GO_Biological_Process_2021::semaphorin-plexin signaling pathway (GO:0071526),0.40470464508107085,1.1917097444946008,0.2431674842326559,0.34454348383203653,1.0,13/31,21.02%,PLXNA4;SEMA3G;SH3BP1;PLXNA2;SEMA3A;SEMA3D;SEMA6D;PLXNB2;SEMA3F;PLXND1;SEMA6B;SEMA6C;PLXNA3
prerank,GO_Biological_Process_2021::response to glucagon (GO:0033762),-0.3910133275965779,-1.190793528430489,0.2453900709219858,0.32643650143752495,1.0,10/18,25.70%,ADCY5;ADCY7;ADCY2;PRKAR2B;ADCY9;PRKAR2A;PRKAR1A;ADCY3;GCGR;ADCY6
prerank,GO_Biological_Process_2021::platelet-derived growth factor receptor signaling pathway (GO:0048008),0.5210209868574567,1.1907107654455267,0.2688356164383562,0.3458258349934955,1.0,5/10,23.12%,NR4A3;PTPN1;BCAR1;RGS14;PDGFD
prerank,GO_Biological_Process_2021::regulation of cardiac muscle contraction by calcium ion signaling (GO:0010882),0.48489966091931663,1.1906089930575665,0.2594887683965918,0.3457535560244142,1.0,7/14,23.85%,CLIC2;GSTM2;RYR2;SLC8A1;ANK2;SLC9A1;CASQ2
prerank,GO_Biological_Process_2021::regulation of ventricular cardiac muscle cell membrane repolarization (GO:0060307),-0.4056457279603466,-1.1906007785482502,0.24820659971305595,0.326261572611839,1.0,6/16,12.83%,SCN1B;NOS1AP;CACNA2D1;KCNE1B;KCNE3;AKAP9
prerank,GO_Biological_Process_2021::cellular response to BMP stimulus (GO:0071773),0.37223193055780857,1.18996886679929,0.22853535353535354,0.346493103009742,1.0,19/51,18.84%,TMEM100;GDF15;FAM83G;ADAMTS7;RUNX2;TGFBR3;SMAD6;ADAMTS12;BMP6;SMAD3;HFE;BMP4;PDCD4;GDF5;SLC39A5;DLX5;USP15;BMP7;SOX9
prerank,GO_Biological_Process_2021::protein lipidation (GO:0006497),-0.297632314692173,-1.188686194277053,0.1752808988764045,0.32846071966371976,1.0,18/56,13.33%,ZDHHC22;ZDHHC23;ZDHHC5;PIGG;DPM3;PIGH;PGAP2;ZDHHC9;PIGF;DPM1;PIGM;PIGN;ATG10;PIGB;ZDHHC13;PIGW;PIGQ;DPM2
prerank,GO_Biological_Process_2021::autophagy of mitochondrion (GO:0000422),0.3891612170813614,1.188470974470509,0.23169912693082606,0.3485348989344495,1.0,22/38,30.55%,FUNDC2;SPATA18;GABARAPL1;MAP1LC3C;GABARAP;GABARAPL2;ATG9B;PHB2;MARK2;SQSTM1;FBXO7;ATG12;BECN1;WIPI1;RB1CC1;ATG7;MAP1LC3B;BNIP3;ATG5;FIS1;CISD2;ATG2A
prerank,GO_Biological_Process_2021::regulation of phosphorylation (GO:0042325),0.3328633884889221,1.188070501580476,0.19941002949852507,0.34890831493846597,1.0,35/102,20.68%,SLC2A6;EMP2;SLAMF8;SRPX2;ANG;CCL5;THBS1;CDH5;GCK;LDB2;HIF1A;NCKAP1L;ITGA6;CORO1C;KCTD20;EGF;NUP214;BMP4;CD24;RANBP2;ILK;STAP1;PML;LDB1;PTGES3;PLXNB2;BTBD10;BMP7;SOCS1;PGAM1;BCL10;INHA;CDKN1A;NUP62;SDCBP
prerank,GO_Biological_Process_2021::macroautophagy (GO:0016236),0.33177902123065717,1.1878680664904866,0.19589442815249267,0.34897200638938103,1.0,48/106,28.21%,LIX1L;TCIRG1;CHMP4C;CLN3;GABARAPL1;MAP1LC3C;GABARAP;VCP;VPS37D;CHMP3;VPS36;SNX14;CHMP2B;YOD1;ARL8B;TBC1D5;TOMM22;CHMP4B;EI24;PRKAG3;VPS37B;GABARAPL2;CHMP4A;MVB12A;PRKAG2;DYNLL2;SQSTM1;VPS25;ATG12;TOMM20;BECN1;LAMP2;CHMP6;MTMR14;CHMP2A;VAMP7;WIPI1;VPS4B;ATG16L1;DYNLL1;VDAC1;RB1CC1;STX17;SNF8;ATG7;EPG5;VPS28;TOMM40
prerank,GO_Biological_Process_2021::cardiac muscle contraction (GO:0060048),0.442054165098455,1.1877163422274482,0.2449438202247191,0.34897981939633255,1.0,13/21,23.85%,MYL3;MYLK2;TNNI1;TPM1;MYL4;TTN;CSRP3;SCN5A;GSN;RYR2;TCAP;SLC8A1;CASQ2
prerank,GO_Biological_Process_2021::Golgi to plasma membrane protein transport (GO:0043001),0.40453823538975187,1.1871023696054714,0.24769339957416608,0.3496883854191058,1.0,17/29,31.52%,RAB34;AMN;RAB31;GGA2;RAB26;GGA1;VAMP5;GOLPH3L;SPTBN1;RAB10;GCC2;ANK3;GGA3;MACF1;OPTN;SYS1;KRT18
prerank,GO_Biological_Process_2021::exit from mitosis (GO:0010458),-0.4387501673742897,-1.18619139743993,0.2481012658227848,0.3314117019843549,1.0,6/12,19.47%,CLASP1;CTDP1;PPP2R2D;UBE2S;CLASP2;SPAST
prerank,GO_Biological_Process_2021::TOR signaling (GO:0031929),0.4518934294255556,1.1860908331072884,0.26697530864197533,0.35102455997429577,1.0,11/18,29.80%,SYAP1;GATA3;EIF4EBP1;NPRL3;EIF4EBP2;RHEBL1;CARD11;PRR5;CCDC88A;FLCN;MAPKAP1
prerank,GO_Biological_Process_2021::fatty acid transport (GO:0015908),0.4545283856321948,1.186042297508736,0.2620689655172414,0.35088348522096013,1.0,6/17,18.84%,LCN1;SLC27A3;FABP4;CD36;FABP5;APOE
prerank,GO_Biological_Process_2021::negative regulation of interferon-beta production (GO:0032688),0.517074654670834,1.1859341094589333,0.28142741281427414,0.35082205559952195,1.0,6/10,24.40%,LILRB1;RELB;SIRPA;NLRC3;PYCARD;REL
prerank,GO_Biological_Process_2021::regulation of centrosome cycle (GO:0046605),-0.3812050433875176,-1.1852502201708583,0.23407407407407407,0.3321745284348717,1.0,5/19,7.56%,GEN1;NAT10;MARK4;CEP131;XRCC3
prerank,GO_Biological_Process_2021::regulation of extrinsic apoptotic signaling pathway in absence of ligand (GO:2001239),-0.4161719019791861,-1.1851560210572556,0.273972602739726,0.3318340912716236,1.0,3/14,2.70%,EYA2;EYA3;EYA4
prerank,GO_Biological_Process_2021::embryonic organ morphogenesis (GO:0048562),-0.32172548382480354,-1.184758419521044,0.1937984496124031,0.33193618175679324,1.0,13/39,11.95%,SIX2;HOXD9;HOXC9;SOX11;SIX1;HOXC4;MEGF8;HOXD4;FUZ;DSCAML1;HOXB4;NIPBL;OSR2
prerank,GO_Biological_Process_2021::regulation of cardiac muscle contraction (GO:0055117),0.42625772933337813,1.1843772258501803,0.26527570789865873,0.35293622740382324,1.0,13/23,26.60%,STC1;CAV3;NKX2-5;SCN5A;PLN;ZC3H12A;RYR2;GJA5;SLC8A1;ANK2;SLC9A1;RGS2;NPPA
prerank,GO_Biological_Process_2021::phospholipid dephosphorylation (GO:0046839),-0.3260483257251641,-1.1837955498903532,0.18984962406015038,0.3328041603157641,1.0,21/36,25.76%,MTMR10;MTMR6;MTMR3;MTMR7;MTMR4;MTMR12;MTMR2;MTM1;MTMR1;INPP5F;INPP5B;TPTE;MTMR8;PLPPR1;PLPPR5;PLPP5;SYNJ2;PLPP2;INPP5K;INPP5J;PLPPR3
prerank,GO_Biological_Process_2021::sensory organ development (GO:0007423),-0.2971927640970662,-1.1836193843257747,0.16198704103671707,0.3325914300568459,1.0,11/52,8.30%,MYO7B;PBX4;SIX4;SOX3;WNT10A;SALL2;MAB21L1;CHD7;AHI1;PBX3;MEIS3
prerank,GO_Biological_Process_2021::nucleotide-sugar metabolic process (GO:0009225),0.5114591874671829,1.183242533863495,0.2746071133167907,0.3544467742494605,1.0,7/11,26.39%,GFPT2;GMDS;GFPT1;CSGALNACT1;FUT8;B4GALNT2;EXTL2
prerank,GO_Biological_Process_2021::embryonic cranial skeleton morphogenesis (GO:0048701),-0.42807488766695634,-1.1829778861799602,0.27367055771725035,0.3330243207121371,1.0,5/12,10.78%,IRX5;SIX1;HOXA1;MTHFD1L;NIPBL
prerank,GO_Biological_Process_2021::regulation of protein modification by small protein conjugation or removal (GO:1903320),-0.43895915440358385,-1.1828548544404407,0.2623376623376623,0.3327234876392544,1.0,5/11,16.65%,DCUN1D2;DCUN1D1;DCUN1D3;DCUN1D5;ITCH
prerank,GO_Biological_Process_2021::regulation of cardiac muscle cell contraction (GO:0086004),0.4294794065179031,1.1824683423818825,0.2481371087928465,0.35542241815228504,1.0,12/23,22.83%,STC1;CAV3;CAV1;SCN5A;DSP;FGF13;PLN;JUP;RYR2;DSG2;GJA5;ANK2
prerank,GO_Biological_Process_2021::establishment of protein localization to endoplasmic reticulum (GO:0072599),0.45534830464349935,1.1819443100978237,0.2645705521472393,0.35599093109456825,1.0,8/17,19.53%,ZFAND2A;SPCS3;MAN1A1;SPCS2;SEC61G;SPCS1;EDEM1;RYR2
prerank,GO_Biological_Process_2021::establishment of vesicle localization (GO:0051650),0.467422769754991,1.1818604385106215,0.26410658307210033,0.35591294564759796,1.0,5/16,13.04%,CCDC186;TMEM230;TOR1A;RAB27A;LIMK2
prerank,GO_Biological_Process_2021::sodium ion homeostasis (GO:0055078),0.4981529365040171,1.1811301359422635,0.27347611202635913,0.3567931261448828,1.0,8/12,23.39%,ATP12A;ATP1B2;ATP1A4;ATP1A3;TFAP2B;SLC8A1;SLC9A1;NEDD4L
prerank,GO_Biological_Process_2021::cardiac right ventricle morphogenesis (GO:0003215),0.5197613295892335,1.1811159527198272,0.28559463986599665,0.3565940537166118,1.0,5/10,20.81%,GATA4;NKX2-5;BMP4;GATA3;JAG1
prerank,GO_Biological_Process_2021::BMP signaling pathway (GO:0030509),0.3759047441547365,1.1810828995806495,0.22868217054263565,0.35642691980663527,1.0,21/47,23.28%,TMEM100;GDF15;FAM83G;RUNX2;TGFBR3;SMAD6;CHRD;BMP6;SMAD3;HFE;BMP4;PDCD4;GDF5;SLC39A5;DLX5;USP15;BMP7;BMP2;SMAD1;BMPR1B;NOG
prerank,GO_Biological_Process_2021::regulation of glycogen biosynthetic process (GO:0005979),0.4747780354590576,1.1806081986142332,0.2761605035405193,0.3569112490303088,1.0,8/14,27.77%,ENPP1;GCK;SORBS1;PPP1R3C;IRS2;PASK;PPP1R3F;PPP1R3E
prerank,GO_Biological_Process_2021::negative regulation of response to wounding (GO:1903035),0.4652757477958726,1.1805454721472564,0.26593233674272226,0.35678622512577474,1.0,8/15,27.00%,KLK8;CD109;RTN4RL1;AJAP1;CASK;CRK;MDK;GIT1
prerank,GO_Biological_Process_2021::development of primary male sexual characteristics (GO:0046546),-0.3260125313619857,-1.1796184535350063,0.21392190152801357,0.3368101390115814,1.0,7/34,4.23%,ADAM20;ADAM21;SIX4;SOX8;WNT2B;LHB;MAMLD1
prerank,GO_Biological_Process_2021::regulation of regulated secretory pathway (GO:1903305),-0.32845014287159147,-1.1790441579580873,0.2342007434944238,0.337105210489941,1.0,6/33,7.12%,SYT3;SYT6;SYT10;SYT12;SYT13;SYT11
prerank,GO_Biological_Process_2021::negative regulation of dephosphorylation (GO:0035305),-0.38066787021035087,-1.1788424722069055,0.24316109422492402,0.33690019198435606,1.0,6/18,16.95%,PPP1R26;GPATCH2;PPP1R8;PPP1R35;PPP1R36;URI1
prerank,GO_Biological_Process_2021::respiratory chain complex IV assembly (GO:0008535),0.43128406130742364,1.1787984753933496,0.27126099706744866,0.35924594367885865,1.0,9/22,25.55%,SCO2;COX17;SURF1;PET100;COA3;COX14;COX19;COX20;COA6
prerank,GO_Biological_Process_2021::plasma membrane bounded cell projection morphogenesis (GO:0120039),0.37054945243277476,1.1778562580965872,0.23269611074489124,0.36045316430187846,1.0,26/51,25.43%,KLK8;DBN1;WASF1;NCKAP1L;NCKAP1;PAK1;NBL1;SNX2;BDNF;CTTN;GAS7;DBNL;DTNBP1;SNX1;TAOK2;NTF3;BMP7;CNTNAP1;TAOK3;UBB;ATP7A;LRRK2;NTF4;TRIO;PACSIN1;ALS2
prerank,GO_Biological_Process_2021::protein-containing complex assembly (GO:0065003),0.31097385655587856,1.1775665288953685,0.1601063829787234,0.3606884156746207,1.0,87/221,25.36%,TSPAN4;VIL1;CD247;CAPG;ADD2;WAS;CTSZ;DMTN;MCFD2;AIM2;MEFV;TMED10;COL16A1;WASF1;YAP1;NCKAP1L;PPARGC1A;SLC7A9;OCLN;WIPF1;SKP1;CD2AP;FERMT2;WASF3;RUVBL1;MYC;HFE;CAPZA1;FAS;SKAP2;DBNL;LPXN;SLC9A3R2;BIN2;MCU;GSDMD;PML;TSPAN33;PARD3;AREG;SERPINA1;TRAF1;CUL1;CARD10;FERMT3;ANO6;TMED2;DLG4;ZC3H12A;FANCC;SOX9;CAPZA2;SNX9;HGSNAT;LMAN1;TRAF2;WASL;PPID;TCAP;MITF;TRAPPC5;SEC24D;AXIN2;TAPBP;STX5;IL1RAP;LRRK2;SEC22B;NOL3;CUL3;RAB1A;VAMP3;PICALM;SLC9A1;TRRAP;ADAM10;SH3PXD2B;TFG;FADD;NAPA;ADCY8;MATN1;SEC13;SEC23A;LEF1;CD59;TEAD2
prerank,GO_Biological_Process_2021::ubiquitin-dependent ERAD pathway (GO:0030433),0.3489400557513163,1.1775282159597675,0.2220125786163522,0.3605135409900389,1.0,23/68,24.94%,RHBDD2;MAN1A1;RNF103-CHMP3;SEL1L2;SEC61B;WFS1;MAN1B1;VCP;OS9;HSPA5;EDEM2;YOD1;DERL2;EDEM1;STUB1;FBXO17;TRIM25;FBXO27;FOXRED2;DNAJB9;UBE2J1;DERL1;RNF5
prerank,GO_Biological_Process_2021::negative regulation of canonical Wnt signaling pathway (GO:0090090),0.3249228674552357,1.1773166702025268,0.19503945885005636,0.36059804908420784,1.0,45/123,23.28%,PTPRO;RBMS3;IGFBP6;TMEM170B;IGFBP4;TMEM88;IGFBP2;FRMD8;PFDN5;BICC1;SFRP4;IGFBP1;SNAI2;PRICKLE1;FRZB;TNN;CAV1;SFRP2;NKX2-5;SOST;WWTR1;CTNND1;SOX2;PSMF1;DAB2;SCYL2;PSMD5;GLI1;APOE;SOX9;DVL1;DKK3;BMP2;PSMB2;PSMA2;PSMA8;STK4;HECW1;AXIN2;NKD2;PSMB4;CUL3;PSMD9;EMD;NOG
prerank,GO_Biological_Process_2021::cellular response to osmotic stress (GO:0071470),0.4324315966344129,1.1770217697880678,0.2776923076923077,0.36081930300475956,1.0,10/21,20.05%,RCSD1;EPO;AQP1;ZFP36L1;YBX3;SLC4A11;ZFAND1;SERPINB6;PKD2;MYLK
prerank,GO_Biological_Process_2021::regulation of ubiquitin-dependent protein catabolic process (GO:2000058),0.39335002944267616,1.1767520989648355,0.24771287825475016,0.3610158059963061,1.0,21/33,31.88%,LAPTM5;CAV3;HFE;PTEN;PML;COMMD1;PYHIN1;RNF139;CCDC22;FBXW7;RPL23;DESI1;FOXF2;NUB1;UBE3A;SMURF1;AXIN1;HIPK2;UFL1;GNA12;PDCL3
prerank,GO_Biological_Process_2021::cell differentiation in hindbrain (GO:0021533),-0.4402946741724205,-1.176258890242244,0.27854454203262236,0.34004156855221757,1.0,4/11,9.25%,GRID2;AGTPBP1;CBLN1;FAIM2
prerank,GO_Biological_Process_2021::synaptic vesicle exocytosis (GO:0016079),0.39107102768304286,1.1762206242569142,0.2569832402234637,0.36159336678261134,1.0,20/35,28.19%,STX11;STX3;SNAP23;STX19;STX1A;CPLX1;SYT7;CPLX4;RAB3A;SYT1;CPLX3;DNAJC5;STX4;BLOC1S6;SYT2;DOC2B;SNAPIN;PIP5K1C;PRRT2;RIMS2
prerank,GO_Biological_Process_2021::positive regulation of cell division (GO:0051781),-0.3362087989923767,-1.176190750039443,0.22401433691756273,0.3396675332804615,1.0,9/30,13.45%,KIF20B;RACGAP1;AURKC;KIF14;CDC14A;ECT2;CDC25B;NKX3-1;SHH
prerank,GO_Biological_Process_2021::positive regulation of carbohydrate metabolic process (GO:0045913),0.4923801117492041,1.1760288519768973,0.29214402618657936,0.361651329387737,1.0,7/12,25.28%,HIF1A;EGF;PFKFB3;ARNT;MLXIPL;PFKFB2;GAPDHS
prerank,GO_Biological_Process_2021::neuron projection extension (GO:1990138),-0.34806385328421735,-1.1755137312412445,0.2300163132137031,0.3401351234934383,1.0,9/26,16.00%,NLGN3;SLC9A6;SEMA5B;AUTS2;IMPACT;LLPH;MAP1B;SEMA5A;PPP3CB
prerank,GO_Biological_Process_2021::glutamate metabolic process (GO:0006536),0.4513841843857115,1.1754066566396784,0.29455630126771065,0.3623652127145525,1.0,11/19,27.60%,GAD1;GLS2;PRODH;GGT1;ALDH18A1;GLUL;GCLM;ALDH5A1;GLUD1;GLUD2;GCLC
prerank,GO_Biological_Process_2021::protein homooligomerization (GO:0051260),0.33012806372734127,1.174885633917897,0.20751445086705203,0.3629112657733192,1.0,57/109,26.50%,ZBTB1;TMEM120A;SCARA5;ITLN1;TRIM72;GBP5;PRF1;CARD9;NINJ1;MLKL;EHD4;EHD3;NLRC4;STEAP4;C9;CTH;SAMHD1;TDO2;ALDH1A3;CRYZ;B2M;PRMT8;GSDMD;ATL2;RNF135;ARC;RNF213;UPB1;PRMT1;PKD2;SOD2;BCL10;PYCARD;PDCD6IP;TRPV5;TRPM2;SLC1A2;G3BP2;EHD1;TIFA;ALDOA;ALDH1A2;ALDH9A1;AQP10;AQP2;NACC2;HPRT1;MAT1A;ADCY8;KCNC2;ASIC1;CARD11;ATL3;ALS2;USP16;RBMX;CHMP2A
prerank,GO_Biological_Process_2021::purine ribonucleoside monophosphate metabolic process (GO:0009167),-0.4154252113642052,-1.1744580197479033,0.24931880108991825,0.3411129388568817,1.0,4/13,14.53%,PFAS;NT5C2;AK4;AMPD3
prerank,GO_Biological_Process_2021::peptidyl-proline modification (GO:0018208),0.42005979590260745,1.1743088162129172,0.2677106636838181,0.36354784608799673,1.0,4/24,9.08%,FKBP7;PPIC;FKBP10;PPIF
prerank,GO_Biological_Process_2021::regulation of cardiac muscle cell membrane repolarization (GO:0099623),-0.3903199660654543,-1.17421751168045,0.2785714285714286,0.3409925926872052,1.0,6/17,12.83%,SCN1B;NOS1AP;CACNA2D1;KCNE1B;KCNE3;AKAP9
prerank,GO_Biological_Process_2021::positive regulation of interferon-beta production (GO:0032728),0.4191735129567123,1.1741154020727766,0.2643427741466957,0.3636114719057522,1.0,13/26,22.44%,DDX58;OAS1;OAS2;OAS3;IFIH1;IRF5;IRF7;RNF135;RIPK2;TBK1;FLOT1;DHX58;ISG15
prerank,GO_Biological_Process_2021::negative regulation of DNA replication (GO:0008156),-0.4156078159952622,-1.174044108449335,0.2699055330634278,0.3407824372121574,1.0,7/14,10.03%,PDS5A;RAD17;GMNN;GTPBP4;GMNC;CDAN1;WAPL
prerank,GO_Biological_Process_2021::response to hexose (GO:0009746),0.43391055883127067,1.1732787642140006,0.2931937172774869,0.36464348299758925,1.0,10/21,25.24%,APOA2;ADIPOQ;LPL;THBS1;SLC2A5;PFKL;GPLD1;IRS2;NEUROD1;SLC30A8
prerank,GO_Biological_Process_2021::water-soluble vitamin metabolic process (GO:0006767),0.3472224089955328,1.1728651116481077,0.23376623376623376,0.3650549585412919,1.0,26/70,21.09%,FOLR2;CUBN;ENPP1;AOX1;VNN2;NNMT;VNN1;AMN;PRSS1;ACP5;PRSS3;SLC19A2;GSTO2;TCN1;PANK2;SLC19A3;MMAA;SLC52A1;SLC2A3;CTRB2;TCN2;RFK;SLC46A1;SLC25A32;ALDH1L1;SLC23A1
prerank,GO_Biological_Process_2021::establishment of protein localization to plasma membrane (GO:0061951),0.3929361689587671,1.1726518647115578,0.2521067415730337,0.36515070478282785,1.0,18/32,31.21%,RAB34;AMN;RAB31;GGA2;RAB26;GGA1;VAMP5;RILPL2;RAB7A;GOLPH3L;SPTBN1;RAB10;GCC2;ANK3;GGA3;MACF1;OPTN;SYS1
prerank,GO_Biological_Process_2021::protein deubiquitination (GO:0016579),-0.23299302466152225,-1.1726309416680694,0.0851063829787234,0.34228537997719805,1.0,57/188,20.12%,UBA52;TADA2B;UBC;FOXK1;KDM1B;FOXK2;BAP1;OTUD3;USP6;MBD5;ACTB;USP30;TAF9B;ASXL2;ZRANB1;CCP110;MCRS1;UIMC1;USP51;MYSM1;ACTR8;HCFC1;INO80D;APC;USP5;ATXN7L3;INO80;INO80B;CLSPN;USP22;USP27X;USP49;OTUD5;WDR20;USP37;PSMD10;VCPIP1;ACTR5;DDB2;PSME3;USP46;USP45;WDR48;USP11;USP28;OTUD7B;OTUD6A;USP13;USP1;ASXL1;CCNA1;USP48;USP24;USP19;OTUD7A;RHOT1;STAMBP
prerank,GO_Biological_Process_2021::positive regulation of hormone secretion (GO:0046887),0.48762496961156443,1.172432911267777,0.29278183292781834,0.36526518634258415,1.0,6/12,21.53%,C1QTNF3;EDN1;PLA2G3;HFE;EDN3;NMB
prerank,GO_Biological_Process_2021::regulation of keratinocyte differentiation (GO:0045616),-0.34464130406299087,-1.1723329457603946,0.24290220820189273,0.3422766298252368,1.0,6/24,9.29%,MED1;GRHL2;HOXA7;NME2;ABCA12;NUMA1
prerank,GO_Biological_Process_2021::regulation of transcription from RNA polymerase II promoter in response to stress (GO:0043618),0.38165792637679086,1.1717142151515096,0.25691166554281863,0.3661401767492102,1.0,18/39,23.04%,BACH1;HIF1A;EPO;HMOX1;ATF3;HIF3A;PSMF1;PSMD5;HIGD1A;DNAJB1;UBB;PSMB2;PSMA2;ARNT;PSMA8;MAPK7;PSMB4;PSMD9
prerank,GO_Biological_Process_2021::motor neuron axon guidance (GO:0008045),0.4912065821071009,1.1714775351039743,0.28823058446757405,0.3662760806040647,1.0,5/12,13.85%,RHOH;RNF165;RAC2;SEMA3A;SLIT2
prerank,GO_Biological_Process_2021::negative regulation of microtubule depolymerization (GO:0007026),-0.3720826798396495,-1.1712319728180764,0.2533136966126657,0.3433729224825023,1.0,6/20,17.09%,TPX2;TTBK2;CLASP1;APC;CAMSAP2;CLASP2
prerank,GO_Biological_Process_2021::positive regulation of telomere maintenance via telomerase (GO:0032212),0.41339433130688286,1.1708209333026471,0.2809558291093411,0.3670492139063457,1.0,4/25,9.03%,PKIB;HMBOX1;MAPK15;HNRNPA1
prerank,MSigDB_Hallmark_2020::Bile Acid Metabolism,0.3375133153194596,1.170739122857317,0.21530249110320285,0.366938691286748,1.0,24/92,18.94%,HSD17B11;ABCA8;PFKM;PAOX;GC;AQP9;ABCA6;NEDD4;CYP7A1;ABCA9;DIO2;BMP6;SULT1B1;NR1I2;APOA1;BBOX1;AMACR;NPC1;SULT2B1;HAO1;AGXT;ABCG4;SERPINA6;ALDH1A1
prerank,GO_Biological_Process_2021::bile acid biosynthetic process (GO:0006699),0.4182748637904227,1.1699287617484073,0.26847110460863205,0.3679839114520878,1.0,13/25,29.26%,CYP7A1;AMACR;ACOX2;OSBPL6;OSBPL7;CYP7B1;BAAT;OSBPL9;SLC27A2;CH25H;OSBPL3;AKR1C4;CYP27A1
prerank,GO_Biological_Process_2021::membrane lipid metabolic process (GO:0006643),0.4253579487354183,1.1690883039229834,0.27421758569299554,0.36901845882313505,1.0,11/22,26.02%,SERINC1;ARV1;ALOX12B;CYP1B1;SPHK1;MGST2;ACER1;SPHK2;TEX2;CERK;B4GALT4
prerank,GO_Biological_Process_2021::negative regulation of Wnt signaling pathway (GO:0030178),0.3169019645372473,1.168149488741859,0.19166666666666668,0.37023280073255077,1.0,56/146,25.89%,PTPRO;RBMS3;MDFI;IGFBP6;TMEM170B;IGFBP4;TMEM88;IGFBP2;FRMD8;PFDN5;BICC1;SFRP4;IGFBP1;SNAI2;PRICKLE1;FRZB;CAV1;SFRP2;NKX2-5;SOST;WWTR1;CTNND1;HIC1;SOX2;PSMF1;DAB2;RNF213;SCYL2;PSMD5;GLI1;APOE;SOX9;DVL1;DKK3;BMP2;PSMB2;PSMA2;PSMA8;STK4;HECW1;AXIN2;NKD2;PSMB4;CUL3;PSMD9;EMD;NOG;TSC2;LMBR1L;SOSTDC1;SOX17;DDIT3;VGLL4;MDK;UBAC2;LATS2
prerank,GO_Biological_Process_2021::selective autophagy (GO:0061912),-0.2936733528832731,-1.1667845619604587,0.14838709677419354,0.3491554555123743,1.0,9/50,12.30%,ARL13B;UBA52;ACBD5;UBC;AMBRA1;USP30;IFT88;ATG2B;UBA5
prerank,GO_Biological_Process_2021::oligosaccharide metabolic process (GO:0009311),0.3702739964185231,1.1667071230692807,0.2802090137165251,0.372185194273241,1.0,24/46,25.27%,GAL3ST4;NAGA;MAN2B1;B3GALT5;ST6GALNAC6;AMY1B;IDUA;MANBA;GLA;NEU4;ST8SIA1;ST3GAL3;MAN1B1;ST8SIA2;NEU1;MAN2B2;ST8SIA4;FUT7;ST6GALNAC5;NEU3;MAN2C1;ST8SIA5;FUT8;B4GALNT2
prerank,GO_Biological_Process_2021::positive regulation of insulin secretion (GO:0032024),0.3910010855630404,1.1666210028800035,0.2682926829268293,0.3720903152715163,1.0,19/32,26.49%,TM7SF3;GCK;RBP4;GCG;GHRL;ACSL4;MCU;NNAT;MYRIP;GPLD1;CAPN10;IRS2;STX4;PLA2G6;PSMD9;ADCY8;DOC2B;SLC30A8;GLUD1
prerank,GO_Biological_Process_2021::dendritic spine morphogenesis (GO:0060997),0.4971688553878022,1.1665691858290623,0.29652996845425866,0.37194417428749466,1.0,7/12,21.04%,PAK3;PTEN;ARC;DLG4;WASL;SHANK3;CDC42
prerank,GO_Biological_Process_2021::nuclear transport (GO:0051169),-0.40868683386543536,-1.1665337639961375,0.2660300136425648,0.34904344276042243,1.0,7/14,24.57%,NUP205;AAAS;RSRC1;NXT2;NUTF2;HMGA1;PSIP1
prerank,GO_Biological_Process_2021::regulation of potassium ion transmembrane transporter activity (GO:1901016),0.42327415776042376,1.1660664665678426,0.2825923134890731,0.3724886724111473,1.0,11/22,23.85%,CAV3;NEDD4;FHL1;KCNS2;ATP1B2;KCNG1;KCNS1;YWHAE;ANK2;NEDD4L;CASQ2
prerank,GO_Biological_Process_2021::vesicle transport along microtubule (GO:0047496),-0.374899333648,-1.1648787157962823,0.2621951219512195,0.3509999302293386,1.0,8/19,22.85%,KIF3B;KIF3A;NDE1;TRAK1;KIF1A;FBXW11;KIFAP3;KIF5A
prerank,GO_Biological_Process_2021::negative regulation of release of sequestered calcium ion into cytosol (GO:0051280),0.5160253819963375,1.1648349336208843,0.3032984714400644,0.3739138476436339,1.0,6/10,29.60%,CLIC2;GSTM2;PKD2;CASQ2;TRDN;CALM3
prerank,GO_Biological_Process_2021::negative regulation of ryanodine-sensitive calcium-release channel activity (GO:0060315),0.5160253819963375,1.1648349336208843,0.3032984714400644,0.3739138476436339,1.0,6/10,29.60%,CLIC2;GSTM2;PKD2;CASQ2;TRDN;CALM3
prerank,GO_Biological_Process_2021::regulation of transmembrane transport (GO:0034762),-0.3590254806925017,-1.1645404054471,0.2724505327245053,0.35100754460683886,1.0,6/22,10.61%,KCNJ16;KCNJ10;KCNJ15;CALHM1;ACTB;KCNJ2
prerank,GO_Biological_Process_2021::aminoglycan biosynthetic process (GO:0006023),-0.29461369520734126,-1.1639927069314537,0.23157894736842105,0.3513328243498931,1.0,13/46,12.70%,GALNT5;B3GNT2;HS3ST3B1;B4GAT1;HS3ST3A1;GPC5;B3GALT6;B4GALT7;B3GAT3;B3GNT4;NDST1;HS3ST1;HS6ST1
prerank,GO_Biological_Process_2021::ion homeostasis (GO:0050801),-0.34390778272492994,-1.1636312495354404,0.23500810372771475,0.3514014305876732,1.0,8/28,13.33%,SLC4A2;SLC4A8;HCN4;SLC4A9;SLC12A5;UNC80;WNK3;RANGRF
prerank,GO_Biological_Process_2021::regulation of cell communication (GO:0010646),0.39708092161955355,1.1632317852982779,0.25455820476858343,0.3761489938976042,1.0,18/32,26.47%,IGFBP7;KAZALD1;ANXA1;CDC42SE2;SOCS2;GRK5;TDGF1;PTPN1;RYR2;NUP62;GJA5;SLC8A1;MTCH1;ANK2;CASQ2;CRK;GRK6;TRDN
prerank,GO_Biological_Process_2021::cell-cell junction assembly (GO:0007043),0.3558031280965937,1.1631647070174658,0.2487012987012987,0.3760258330061962,1.0,30/57,26.44%,ZNF703;LIM2;VCL;CLDN5;CDH5;TLN2;GJA1;WDR1;CTNND1;GJA4;CDH2;TLN1;GJC1;RHOA;JUP;RHOC;CNTNAP1;TJP1;CD9;PKP1;DCHS1;GJA5;CDH11;ARVCF;CDH24;CDH12;FSCN1;GJB2;ACTG1;GJB6
prerank,GO_Biological_Process_2021::endomembrane system organization (GO:0010256),0.3094599582965425,1.1631277580317565,0.19214208826695373,0.3758519330150071,1.0,61/181,25.83%,LMAN1L;MAPK15;LAPTM4B;ANXA8;SRGN;REEP6;A4GALT;TOR1B;SNX10;FER1L5;DYSF;TMED5;CAV3;TLCD2;TMED10;TICAM2;DNM1;MYOF;TOR1AIP2;TOR1A;ALS2CL;HOOK1;SERP1;TMED4;LYSMD3;TMED9;EIF2AK3;LMAN2;ATL2;TMED1;CHMP2B;SYNGR2;TMED3;DMPK;TMED2;VAPA;USP50;LMAN1;DYNC2H1;CDC42;OBSL1;RAB29;DNAJC13;SURF4;REEP3;SUN3;LRRK2;VAPB;RAB1A;LMAN2L;GOLPH3L;DYM;SQSTM1;SPTBN1;ARFGEF1;ZNF501;ATL3;ALS2;SEC31A;PLEKHJ1;TMED7
prerank,GO_Biological_Process_2021::negative regulation of cell cycle (GO:0045786),0.3471615253936685,1.1625985494936308,0.2324425108763207,0.3764278756336442,1.0,31/71,25.90%,MYOCD;LILRB1;HPGD;NUPR1;ALOX15B;NR2F2;SMAD3;BRINP1;BTG4;BTG1;NUPR2;THAP5;PTPN3;BMP4;PDCD4;GATA3;PTEN;CEBPA;HECA;DUSP1;BMP7;INHA;RUNX3;BMP2;NR4A1;PPP1R13B;CDKN2A;TAF6;RHOB;LATS2;CHMP1A
prerank,GO_Biological_Process_2021::positive regulation of cell projection organization (GO:0031346),0.3304751432441868,1.1624546643826634,0.2408500590318772,0.3764127400670296,1.0,40/95,23.37%,SCARF1;AVIL;P3H1;PLXNA4;STYXL1;S100A9;PLA2G3;ITGA6;ROBO2;PLXNA2;DPYSL3;ATP1B2;GRIP1;NDNF;SLIT2;TWF2;BDNF;NPTN;ABL2;PLXNC1;PLXNB2;RHOA;PLXNA1;DLG4;PLXND1;ROBO1;SS18L2;APOE;DVL1;SNX3;ARSB;RELN;PLXNA3;OBSL1;NGFR;STMN2;SCARB2;TWF1;MARK2;RAPGEF1
prerank,GO_Biological_Process_2021::bile acid metabolic process (GO:0008206),0.3983372095976029,1.161582511046156,0.28551034975017847,0.37754399634416136,1.0,15/30,29.26%,CYP7A1;AMACR;NPC1;ACOX2;OSBPL6;OSBPL7;CYP7B1;BAAT;AKR1C1;OSBPL9;SLC27A2;CH25H;OSBPL3;AKR1C4;CYP27A1
prerank,GO_Biological_Process_2021::skeletal muscle organ development (GO:0060538),0.40814797310267065,1.1613978373507758,0.2837243401759531,0.3775975905430116,1.0,16/26,24.62%,SVIL;MYLPF;TCF21;MYH14;MSC;CAV1;CSRP3;MYF6;MEF2C;MYL6B;MYL6;ZBTB18;STRA6;BASP1;IGSF8;MYOZ1
prerank,GO_Biological_Process_2021::positive regulation of transporter activity (GO:0032411),0.508958241549887,1.1610260686690304,0.31155778894472363,0.37794622104628645,1.0,3/10,10.48%,ADIPOQ;PON1;KCTD7
prerank,GO_Biological_Process_2021::regulation of cellular senescence (GO:2000772),0.4043059192912122,1.1608985496359554,0.27239884393063585,0.37791219952808236,1.0,12/26,22.02%,KIR2DL4;TWIST1;ABI3;YPEL3;HMGA2;ARNTL;B2M;MAP3K3;NEK6;RSL1D1;ARG2;VASH1
prerank,GO_Biological_Process_2021::microtubule anchoring at centrosome (GO:0034454),-0.4440342017068576,-1.1606287134352427,0.2830655129789864,0.3552483122998352,1.0,5/10,26.76%,KIF3A;PCM1;NIN;HOOK3;CEP19
prerank,GO_Biological_Process_2021::respiratory tube development (GO:0030323),-0.3357660062882455,-1.1604579733564102,0.2583732057416268,0.35499708829682486,1.0,4/26,2.62%,CCDC39;CCDC40;DNAAF1;WNT7B
prerank,GO_Biological_Process_2021::positive regulation of telomere maintenance via telomere lengthening (GO:1904358),0.4009534403339309,1.1601075206163936,0.2939068100358423,0.3789105710194774,1.0,3/28,2.83%,PKIB;HMBOX1;MAPK15
prerank,GO_Biological_Process_2021::apoptotic mitochondrial changes (GO:0008637),0.404268847992779,1.15952813090653,0.29175329175329173,0.3795739121917746,1.0,11/28,19.54%,BIK;VPS35;IFIT2;BID;HK2;AIFM2;IFI6;HSPD1;BAK1;SFN;SOD2
prerank,GO_Biological_Process_2021::positive regulation of dendrite morphogenesis (GO:0050775),-0.36510139614349535,-1.1592941911775272,0.273015873015873,0.35622283171527114,1.0,6/20,12.65%,PTPRD;CDKL5;SS18L1;CUL7;IL1RAPL1;CAPRIN2
prerank,GO_Biological_Process_2021::activation of protein kinase B activity (GO:0032148),0.48099059376742626,1.159077709456664,0.3056,0.3800474794736825,1.0,8/13,29.80%,ANG;OSBPL8;NTF3;NRG1;PRR5;ITGB1BP1;CCDC88A;MAPKAP1
prerank,GO_Biological_Process_2021::regulation of insulin secretion (GO:0050796),0.34381881635317874,1.158836570394417,0.24751243781094528,0.38019184613851653,1.0,40/68,27.87%,MIDN;TM7SF3;CCL5;GCK;RBP4;GCG;GHRL;ARNTL;KCNG2;PER2;STX1A;ACSL4;MCU;NNAT;RAPGEF4;UQCC2;LRP5;SYT7;MYRIP;INHBB;TFAP2B;NR1D1;EFNA5;CAPN10;RFX3;IRS2;SIRT4;FOXA2;PSMD9;NEUROD1;KCNC2;SLC8B1;DOC2B;SLC30A8;SLC2A1;GLUD1;STXBP4;GIP;RAP1A;ITPR3
prerank,GO_Biological_Process_2021::intracellular estrogen receptor signaling pathway (GO:0030520),-0.43084911090986167,-1.158710398106196,0.28061224489795916,0.3565914414747204,1.0,3/12,10.59%,PADI2;DDX54;TRIP4
prerank,GO_Biological_Process_2021::protein insertion into mitochondrial membrane (GO:0051204),0.4349738847326692,1.1584683382075074,0.28909229595728453,0.38055259753246257,1.0,11/19,28.21%,PMAIP1;BCL2L11;BMF;TOMM22;HSPA4;TIMM8B;ROMO1;BAX;TIMM13;TIMM9;TIMM8A
prerank,GO_Biological_Process_2021::negative regulation of hippo signaling (GO:0035331),0.48577074894982203,1.15822880096038,0.3073170731707317,0.3807090394815546,1.0,11/12,38.29%,MAP2K3;WWC1;AJUBA;VGLL4;WWC2;WTIP;LIMD1;SHANK2;DLG5;WWC3;CIT
prerank,GO_Biological_Process_2021::regulation of RIG-I signaling pathway (GO:0039535),0.4692052475709642,1.1580020428850644,0.28213166144200624,0.3808204793179086,1.0,7/14,21.92%,SEC14L1;OASL;DDX60;C1QBP;USP15;ZCCHC3;DHX58
prerank,GO_Biological_Process_2021::cellular glucose homeostasis (GO:0001678),0.39544850283853267,1.157597625173727,0.28187456926257753,0.3812061734461511,1.0,16/31,22.86%,HKDC1;GCK;CYP7A1;HIF1A;FOXO1;PPARGC1A;SLC39A14;HK3;XBP1;HK2;NR1D1;FOXA3;PCK1;HK1;NGFR;LIN28A
prerank,GO_Biological_Process_2021::odontogenesis of dentin-containing tooth (GO:0042475),-0.41291958708463694,-1.1571827475046073,0.2766233766233766,0.3582804089209636,1.0,3/13,6.48%,ODAM;EDA;WNT6
prerank,GO_Biological_Process_2021::negative regulation of ubiquitin-dependent protein catabolic process (GO:2000059),-0.32550177513098383,-1.1567302743001369,0.23448275862068965,0.358460195810259,1.0,5/31,10.70%,QRICH2;RYBP;TLK2;CCAR2;TRIM39
prerank,GO_Biological_Process_2021::positive regulation of establishment of protein localization to mitochondrion (GO:1903749),0.3606990184415581,1.1562569957025994,0.2651861528412802,0.38307352072249223,1.0,21/48,27.13%,LEPROT;GZMB;PMAIP1;RAC2;TP73;MICALL2;BID;YWHAQ;SFN;YWHAH;YWHAE;NMT1;USP36;FBXW7;UBL4B;PPP1R13B;RNF31;SH3GLB1;TP63;HPS4;ABLIM3
prerank,GO_Biological_Process_2021::endodermal cell differentiation (GO:0035987),0.4636427954895415,1.1558720063911931,0.29314420803782504,0.38343830506520643,1.0,5/14,13.42%,COL12A1;COL8A1;MMP15;HMGA2;VTN
prerank,GO_Biological_Process_2021::regulation of cellular macromolecule biosynthetic process (GO:2000112),-0.21347363407974473,-1.1547081508762593,0.05405405405405406,0.36098318892005693,1.0,85/417,13.35%,NKX6-2;ZNF212;ZSCAN21;ZNF253;ZNF737;SOX3;ZKSCAN5;SOX11;SIX1;HES6;MAFA;SOX13;ESCO1;ZIM2;SMC3;HOXB7;UTP4;GMNN;ZNF282;TAF5L;SCRT1;ZNF74;FADS1;FOXK2;LIN54;ORC3;NOLC1;OGG1;HOXD13;MYBBP1A;MED23;DSCC1;REXO4;CHD7;CELSR2;METAP1;ATRX;TULP3;FOXN4;REST;NUP35;RYBP;ZNF141;ZNF431;PRRX2;RNF20;MYBL1;ZNF219;HCFC2;HINFP;TAF6L;SAP30L;DDX25;NR2C2;KMT2D;ATXN1;ACTR8;HCFC1;ACVR1B;MLF1;MYCBP;ASCC1;SRRT;ZNF273;CCAR2;TRIP4;ZNF350;RNF6;PHF19;PDGFA;POFUT1;ZNF460;PUM3;PHF12;KAT7;SOX21;YAF2;GEMIN5;PPIE;ZNF217;NLK;NKX3-1;ZNF516;USP37;GCM1
prerank,GO_Biological_Process_2021::mitochondrion disassembly (GO:0061726),0.38656143069120497,1.154579702530432,0.2751540041067762,0.38522873948381847,1.0,20/34,30.55%,FUNDC2;GABARAPL1;MAP1LC3C;GABARAP;GABARAPL2;ATG9B;MARK2;SQSTM1;FBXO7;ATG12;BECN1;WIPI1;RB1CC1;ATG7;MAP1LC3B;BNIP3;ATG5;FIS1;CISD2;ATG2A
prerank,GO_Biological_Process_2021::eye development (GO:0001654),0.3596226893783279,1.1544881421151592,0.2575452716297787,0.3851435159341411,1.0,21/51,26.12%,CHRDL1;EFEMP1;FBN2;SCO2;FBN1;RBP4;SMOC1;SOX2;PAX6;SLC39A5;PRSS56;ATF6;FREM2;STRA6;ABCB5;BMPR1B;SKI;SH3PXD2B;HIPK1;CPAMD8;CRYBA4
prerank,GO_Biological_Process_2021::positive regulation of cell cycle G1/S phase transition (GO:1902808),0.402462940928085,1.1544108856725657,0.2857142857142857,0.385021781032687,1.0,11/27,22.67%,RGCC;ADAMTS1;AIF1;HYAL1;ANXA1;PLCG2;FGF10;GLI1;UBE2E2;RDX;PHB2
prerank,GO_Biological_Process_2021::regulation of cardiac muscle contraction by regulation of the release of sequestered calcium ion (GO:0010881),0.48870736744625487,1.1543898128293408,0.2905779889152811,0.38481778638697767,1.0,6/12,23.85%,CLIC2;GSTM2;RYR2;SLC8A1;ANK2;CASQ2
prerank,GO_Biological_Process_2021::cAMP biosynthetic process (GO:0006171),-0.44765122808558366,-1.1542892215089118,0.2782608695652174,0.36058647293292784,1.0,6/10,25.70%,ADCY5;ADCY7;ADCY2;ADCY9;ADCY3;ADCY6
prerank,GO_Biological_Process_2021::cAMP metabolic process (GO:0046058),-0.44765122808558366,-1.1542892215089118,0.2782608695652174,0.36058647293292784,1.0,6/10,25.70%,ADCY5;ADCY7;ADCY2;ADCY9;ADCY3;ADCY6
prerank,GO_Biological_Process_2021::cellular response to epidermal growth factor stimulus (GO:0071364),0.4192524577822123,1.1542546939677658,0.28475836431226764,0.3847921296863116,1.0,9/23,19.99%,VIL1;EEF1A1;SYAP1;SNAI2;ZFP36L1;TDGF1;PLCG1;SOX9;STAT5B
prerank,GO_Biological_Process_2021::regulation of systemic arterial blood pressure (GO:0003073),0.5034843259128889,1.1535225695716742,0.31844029244516653,0.38571051084023417,1.0,5/10,20.91%,SLC2A5;GPR37L1;PRCP;NPPB;DDAH1
prerank,GO_Biological_Process_2021::negative regulation of RNA metabolic process (GO:0051253),0.46408187174615845,1.1530238704124092,0.3146517213771017,0.3862562926115218,1.0,7/14,25.46%,FCN3;PTBP3;NCOR1;ZC3H12A;NCOR2;TMBIM6;RPS13
prerank,GO_Biological_Process_2021::histone lysine demethylation (GO:0070076),-0.3492974667722182,-1.152711026679266,0.26785714285714285,0.36240768939684836,1.0,8/22,21.74%,KDM1B;KDM5C;PHF2;PHF8;KDM4A;KDM3B;KDM5A;UTY
prerank,GO_Biological_Process_2021::positive regulation of peptidyl-lysine acetylation (GO:2000758),-0.3920241700624224,-1.151813451130299,0.2783216783216783,0.36323978897705067,1.0,5/15,11.90%,PAXIP1;TADA2B;TADA2A;DIP2B;BRD7
prerank,GO_Biological_Process_2021::fluid transport (GO:0042044),0.4372053493034278,1.1514311102398593,0.29277566539923955,0.3885049430593648,1.0,11/18,27.44%,AQP9;PDPN;AQP1;SLC4A11;AVP;AQP3;AQP8;AQP10;AQP2;AQP7;AQP11
prerank,GO_Biological_Process_2021::regulation of adenylate cyclase activity (GO:0045761),0.4808009376007931,1.1510724587837062,0.2976,0.38882238211427966,1.0,6/12,27.28%,CAP2;GNAI3;CAP1;PALM;CRHR1;GNAI2
prerank,GO_Biological_Process_2021::regulation of amyloid precursor protein biosynthetic process (GO:0042984),-0.4405643394788994,-1.1509388683530994,0.29706601466992666,0.36403557469584674,1.0,3/10,1.56%,NECAB1;NECAB3;NECAB2
prerank,GO_Biological_Process_2021::import into cell (GO:0098657),0.3815799274640092,1.1504533854550116,0.2802721088435374,0.3895574002346105,1.0,15/37,23.54%,SLC6A6;SLC12A7;SLC22A2;TREM2;SLC36A1;SLC39A14;SLC7A8;SLC11A2;SLC5A3;GLUL;SLC46A1;SLC7A5;SLC16A2;NEURL1B;LRP2
prerank,GO_Biological_Process_2021::tetrapyrrole metabolic process (GO:0033013),0.43779429996771346,1.1503657445660729,0.289204097714736,0.3894587852705033,1.0,10/18,24.29%,CUBN;AMN;PRSS1;PRSS3;TCN1;MMAA;CTRB2;TCN2;CD320;MTRR
prerank,GO_Biological_Process_2021::positive regulation of organelle organization (GO:0010638),0.4111674408814592,1.1500941996822482,0.2843567251461988,0.3896427394839975,1.0,15/25,30.60%,TREM2;PPARGC1A;ANXA1;TMED9;LMAN1;FYCO1;SURF4;PFDN2;SORBS3;DOC2B;ATL3;IRGM;SYNJ1;ANXA2;SMCR8
prerank,GO_Biological_Process_2021::placenta development (GO:0001890),0.505261832596355,1.1496390917666361,0.31791421362489486,0.3901436709587427,1.0,5/10,22.30%,ANG;LEP;ADAM19;PHLDA2;PLAC1
prerank,GO_Biological_Process_2021::positive regulation of lipid transport (GO:0032370),0.5086613799642311,1.1492799790464976,0.3141630901287554,0.3904920051274206,1.0,7/10,22.06%,CETP;PRAP1;ADIPOQ;PRELID1;TRIAP1;APOE;DBI
prerank,GO_Biological_Process_2021::negative regulation of oxidative stress-induced intrinsic apoptotic signaling pathway (GO:1902176),0.48364970287190356,1.1481321504941018,0.3152,0.3920141009176982,1.0,5/12,22.70%,VNN1;HIF1A;SOD2;MAPK7;NOL3
prerank,GO_Biological_Process_2021::negative regulation of cellular catabolic process (GO:0031330),0.35221530425614117,1.1475161146198627,0.27741935483870966,0.3927304005054222,1.0,19/53,19.03%,TIMP3;PTPN22;RASIP1;CST3;TIMP4;NUPR1;TREM2;LEP;APOC1;EIF4E;DAP;ATRAID;PLIN5;BMF;PTPN3;HP;TIMP2;TIMP1;GPLD1
prerank,GO_Biological_Process_2021::amide biosynthetic process (GO:0043604),0.3610932654197911,1.1473152444976646,0.2707365627073656,0.3927979104027327,1.0,20/48,24.60%,ABCA8;SAMD8;ALOX12B;PAM;CLN8;RHCE;SLC25A15;ARG1;CERS3;FURIN;AANAT;ASMT;GBA;ASAH2;OTC;ARG2;ASAH1;DEGS2;ASS1;SGMS2
prerank,GO_Biological_Process_2021::positive regulation of glycoprotein biosynthetic process (GO:0010560),0.5059500017693763,1.1472745655516154,0.32568027210884354,0.39262166115507247,1.0,4/10,12.89%,CCL21;CCL19;CCR7;SLC2A10
prerank,GO_Biological_Process_2021::response to glucose (GO:0009749),0.3768934905207471,1.14722457977247,0.2676902536715621,0.39246272250295966,1.0,16/37,25.24%,APOA2;ADIPOQ;LPL;THBS1;GCK;CYP7A1;SLC39A14;PFKL;XBP1;GPLD1;IRS2;PCK1;LIN28A;NEUROD1;ADCY8;SLC30A8
prerank,GO_Biological_Process_2021::positive regulation of cellular protein catabolic process (GO:1903364),0.452258665719499,1.1464836074012,0.3088923556942278,0.39341925673762557,1.0,10/15,25.34%,PTTG1IP;VPS35;RNF128;APOE;GBA;EZR;RDX;CD81;MSN;VGLL4
prerank,GO_Biological_Process_2021::very long-chain fatty acid metabolic process (GO:0000038),-0.32568055297470816,-1.1462440475951727,0.28061224489795916,0.37048087820201153,1.0,7/30,12.01%,HACD2;HACD3;HACD1;ELOVL1;PEX2;ELOVL6;ELOVL7
prerank,GO_Biological_Process_2021::cellular response to UV (GO:0034644),0.35487629310882524,1.1458306873029822,0.2655844155844156,0.3941855933006095,1.0,19/55,20.18%,ZBTB1;MFAP4;CRIP1;NEDD4;HYAL2;HYAL1;RPL26;TMEM161A;CARD16;AQP1;MAPK13;MYC;BMF;TRIAP1;OPN3;TIMP1;BAK1;CDKN1A;PPID
prerank,GO_Biological_Process_2021::glycogen biosynthetic process (GO:0005978),0.47347433628456026,1.1456007605717757,0.3174858984689766,0.3940730929816806,1.0,9/13,28.68%,PER2;PPP1R3C;NR1D1;GYS1;PGM2L1;PGM1;GYG2;PGM2;NHLRC1
prerank,GO_Biological_Process_2021::glucan biosynthetic process (GO:0009250),0.47347433628456026,1.1456007605717757,0.3174858984689766,0.3940730929816806,1.0,9/13,28.68%,PER2;PPP1R3C;NR1D1;GYS1;PGM2L1;PGM1;GYG2;PGM2;NHLRC1
prerank,GO_Biological_Process_2021::membrane assembly (GO:0071709),-0.31563044090917464,-1.1454616782255587,0.2391304347826087,0.37115936149893225,1.0,6/35,6.28%,NLGN3;PTPRD;NLGN4X;DMKN;NLGN2;NRXN2
prerank,GO_Biological_Process_2021::regulation of cholesterol metabolic process (GO:0090181),0.432140100722172,1.145170907321563,0.30507191521574567,0.3945116745254182,1.0,6/19,20.21%,TTC39B;ARV1;CES1;ACADL;APOE;GNB3
prerank,GO_Biological_Process_2021::positive regulation of ATPase activity (GO:0032781),0.36883396337758756,1.144946993620768,0.2854251012145749,0.3946233415508182,1.0,16/40,22.95%,MYL3;TNNT3;TPM1;TOR1AIP1;MYL4;TOR1AIP2;ATP1B2;PLSCR1;FGF10;ALDOB;DNAJB11;RYR2;DNAJB1;GABARAPL2;HNRNPU;DYNLL2
prerank,GO_Biological_Process_2021::regulation of cytokinesis (GO:0032465),-0.27311037398916127,-1.1443775819947501,0.23096446700507614,0.3722700633531371,1.0,19/64,22.13%,KIF20B;PRC1;RACGAP1;AURKC;KIF14;CCP110;CDC14A;KLHL21;ECT2;SETD2;CDC25B;KLHL9;ZFYVE19;CETN2;BIRC6;KIF23;SPAST;PKP4;KIF20A
prerank,GO_Biological_Process_2021::proteasome-mediated ubiquitin-dependent protein catabolic process (GO:0043161),-0.22527747565046496,-1.144116701744443,0.09411764705882353,0.3721762372605192,1.0,77/265,21.42%,ANAPC7;LTN1;ANAPC2;CDC23;ANAPC5;CDC16;ANAPC10;UBA52;TRIM2;ANAPC1;ANAPC11;UBC;KCTD17;CDC27;FZR1;KLHL42;KCTD2;BUB3;ERCC8;ZSWIM8;TOPORS;FBXO45;CDC26;TRIM3;KIF14;UBE4A;PTTG1;KLHL15;GID4;FEM1B;CDC20B;ANAPC4;KCTD5;FEM1C;RNF4;UBXN8;DCAF11;FBXO4;TBL1XR1;DCAF12;CDC34;RNF185;FBXL19;KBTBD7;FBXL4;APPBP2;UBE2S;NPLOC4;TMEM67;FBXO31;FBXW4;FAF1;ERLIN2;PSMD10;CCNF;PSME3;SPOPL;RNF186;ZFAND2B;RMND5A;AMFR;KAT5;ITCH;KLHL20;ANKRD9;FBXL3;FBXW11;TAF1;USP19;TRIM9;FBXW5;UBE4B;CUL4B;RNF216;HUWE1;FBXL6;ANAPC15
prerank,GO_Biological_Process_2021::regulation of RNA metabolic process (GO:0051252),0.34688516879045395,1.1437048998566959,0.27033792240300375,0.3963141983248971,1.0,24/61,26.68%,AHNAK2;RBM12;OASL;OAS1;OAS2;OAS3;PRX;AHNAK;TNFRSF1B;IGF2BP1;PTBP3;HNRNPH1;CELF1;USP36;IGF2BP2;MITF;HNRNPF;HNRNPH3;ESRP2;CLK1;GRSF1;RBM20;AKAP17A;RBM38
prerank,GO_Biological_Process_2021::positive regulation of growth (GO:0045927),0.35753615730402066,1.1436119539044682,0.2691051600261267,0.3962230734429141,1.0,16/50,15.92%,RFTN1;DNPH1;S100A8;PPM1F;GH1;IL2;LEP;HYAL1;MTPN;S100A9;SFRP2;CXCL16;SPHK1;PRSS2;WFS1;CSNK2A3
prerank,GO_Biological_Process_2021::pyroptosis (GO:0070269),0.4698631016475861,1.1429745158472848,0.3304484657749803,0.3970191700549281,1.0,10/14,22.28%,AIM2;TREM2;GZMA;GZMB;NLRC4;NAIP;GSDMD;GSDMA;ZBP1;NLRP1
prerank,GO_Biological_Process_2021::positive regulation of cation transmembrane transport (GO:1904064),-0.3296386151874523,-1.1423981924078832,0.26644736842105265,0.3741766500735475,1.0,6/28,10.61%,KCNJ16;KCNJ10;KCNJ15;KCNMB4;NOS1AP;KCNJ2
prerank,GO_Biological_Process_2021::T cell differentiation (GO:0030217),0.38238062514731036,1.1423640053884399,0.29390420899854863,0.39770646692597744,1.0,12/31,16.60%,ZAP70;PTPN22;MR1;CD8A;IL2;FCER1G;RHOH;LEP;ZFP36L1;ANXA1;GATA3;SPI1
prerank,GO_Biological_Process_2021::lipid modification (GO:0030258),0.3787243408639315,1.141730192597989,0.29315068493150687,0.3984412801360136,1.0,13/36,21.86%,CYP1A1;CYP2C8;ALOX12B;ALOX15B;ALOX15;PLPPR2;ALOX12;DGKK;PLPP6;SGPP2;CYP3A7;CYP2E1;DGKB
prerank,GO_Biological_Process_2021::positive regulation of nervous system process (GO:0031646),0.4473832643582538,1.140489989697012,0.30340557275541796,0.4001313112148515,1.0,6/16,16.15%,RNF10;CST7;HCRT;ITGAX;TNFRSF1B;PARD3
prerank,GO_Biological_Process_2021::protein acylation (GO:0043543),0.38158278728912465,1.1404605284142786,0.28833922261484096,0.39994720909887826,1.0,4/34,2.33%,ZDHHC7;ZDHHC12;ZDHHC6;ZDHHC20
prerank,GO_Biological_Process_2021::heme biosynthetic process (GO:0006783),-0.35147639926737506,-1.1403035060392501,0.288135593220339,0.3767901427843804,1.0,7/20,20.67%,FLVCR1;ALAD;HMBS;CPOX;UROS;UROD;PPOX
prerank,GO_Biological_Process_2021::cobalamin metabolic process (GO:0009235),0.43787283456564735,1.1397188005052783,0.3014240506329114,0.40085336771508895,1.0,10/17,24.29%,CUBN;AMN;PRSS1;PRSS3;TCN1;MMAA;CTRB2;TCN2;CD320;MTRR
prerank,GO_Biological_Process_2021::histone deubiquitination (GO:0016578),-0.3670337670705391,-1.138225241957275,0.3047895500725689,0.3793484210745946,1.0,5/18,12.82%,UIMC1;USP51;ATXN7L3;USP22;USP49
prerank,GO_Biological_Process_2021::protein localization to plasma membrane (GO:0072659),0.31528853820197505,1.1381717449174962,0.2515979081929111,0.4030871827272274,1.0,57/116,26.77%,EMP2;DENND4C;TMEM88;RAB3D;MYADM;ADIPOQ;FAM126B;RAB34;CAV3;TSPAN32;ANK1;EHD2;EHD4;EHD3;TESC;TSPAN14;F11R;FLOT2;FGF13;SLC9A3R2;TMEM150A;RAB8A;TSPAN17;TSPAN33;CDH1;RAB13;PRAM1;S100A10;JUP;TMED2;RAB3A;KCNB2;SPTBN4;EFR3A;TTC7A;EZR;RAB8B;RDX;FLOT1;FCHO2;EHD1;NKD2;ANK2;ZDHHC3;RAB11A;SPTBN1;RAB12;CD81;PTCH1;TSPAN15;PACSIN1;RAB15;RAB10;FAM126A;GAK;ACTN2;PACS1
prerank,GO_Biological_Process_2021::stimulatory C-type lectin receptor signaling pathway (GO:0002223),0.3475162388864391,1.137450359892766,0.29337539432176657,0.4037344205185988,1.0,24/58,17.63%,CLEC4D;CLEC4E;CLEC6A;CLEC4C;KLRC2;CLEC10A;CD209;CLEC7A;KLRD1;CLEC4A;FCER1G;CARD9;ICAM3;TYROBP;SKP1;PAK1;ICAM2;PAK3;RELB;PLCG2;TRAF6;PSMF1;CUL1;PSMD5
prerank,GO_Biological_Process_2021::cellular response to lectin (GO:1990858),0.3475162388864391,1.137450359892766,0.29337539432176657,0.4037344205185988,1.0,24/58,17.63%,CLEC4D;CLEC4E;CLEC6A;CLEC4C;KLRC2;CLEC10A;CD209;CLEC7A;KLRD1;CLEC4A;FCER1G;CARD9;ICAM3;TYROBP;SKP1;PAK1;ICAM2;PAK3;RELB;PLCG2;TRAF6;PSMF1;CUL1;PSMD5
prerank,GO_Biological_Process_2021::regulation of TOR signaling (GO:0032006),0.34892937349061415,1.1374103424654394,0.2734877734877735,0.40355894537070947,1.0,26/55,28.26%,TNFAIP8L1;TREM2;LEP;DEPDC5;LAMTOR3;ARNTL;RRAGB;PKHD1;MIOS;GBA;DDIT4;LIN28A;GPAT3;TSC2;RRAGA;NPRL3;SEC13;RHEB;ITFG2;LAMTOR2;SLC38A9;NPRL2;LAMTOR5;TMEM127;RRAGD;RFFL
prerank,GO_Biological_Process_2021::positive regulation of double-strand break repair via nonhomologous end joining (GO:2001034),-0.42764718562760734,-1.136463020297725,0.304635761589404,0.38154021303078267,1.0,6/11,16.92%,KMT5C;RIF1;PNKP;MAD2L2;SETMAR;KMT5B
prerank,GO_Biological_Process_2021::protein secretion (GO:0009306),0.3452447711019289,1.1363782212570979,0.2833981841763943,0.40493112633393563,1.0,31/57,27.63%,RCN3;TMEM167A;RAB3D;LTBP2;ARL4D;CANX;NAGPA;MIA2;ADCYAP1;ANXA1;RAB8A;RAB13;PDIA4;STEAP3;RAB3A;TANGO6;FAM3B;VIP;SNX19;RAB8B;NEUROD1;WLS;RAB12;ARFGAP3;SLC30A8;TVP23B;TANGO2;RAB15;RAB10;SEL1L;CYB5R4
prerank,GO_Biological_Process_2021::regulation of protein localization to nucleus (GO:1900180),0.3740799197905143,1.1359119873691468,0.29775662814411963,0.4054249887630691,1.0,17/37,25.89%,LILRB4;YAP1;PARP9;FERMT2;LIF;WWTR1;LIMK2;BMP4;EIF2AK3;CARD10;PYHIN1;GLUL;SIN3A;NGFR;DTX3L;SUMO4;LATS2
prerank,GO_Biological_Process_2021::ventricular cardiac muscle tissue development (GO:0003229),0.4576259920414557,1.1357965286825258,0.32117920868890615,0.4053588971258756,1.0,7/14,20.53%,MYL3;TGFBR3;TPM1;ADAMTS9;TBX5;DSG2;ID2
prerank,GO_Biological_Process_2021::gastrulation (GO:0007369),0.4443610710307893,1.1349048718689896,0.3131067961165049,0.40657830416913576,1.0,7/15,20.61%,NR4A3;APELA;FGF8;GSC;UGDH;LRP5;EOMES
prerank,GO_Biological_Process_2021::sphingosine metabolic process (GO:0006670),0.4289356322010992,1.134800289205462,0.3114874815905744,0.4064982329711453,1.0,12/19,28.47%,ASAH2B;SPHK1;NAAA;SGPP2;GBA;ASAH2;ASAH1;ACER1;SPHK2;PLPP3;PLPP1;ACER2
prerank,GO_Biological_Process_2021::endothelial cell proliferation (GO:0001935),0.4671034062579125,1.1346601774964609,0.32704918032786884,0.4064775535283843,1.0,8/14,20.66%,NOX5;CD34;HMOX1;PRKX;BMP4;BMPER;NRARP;ANGPT4
prerank,GO_Biological_Process_2021::cochlea morphogenesis (GO:0090103),0.4849136081570387,1.1346480847994154,0.34434351775392236,0.40625993682919376,1.0,3/11,9.00%,DCANP1;MYO3B;MYO3A
prerank,GO_Biological_Process_2021::regulation of ion transmembrane transporter activity (GO:0032412),0.3748425496158181,1.1337511761757852,0.2854152128401954,0.407491918969405,1.0,18/35,25.87%,FXYD5;FXYD6;CAV3;NEDD4;PPIF;FHL1;PTPN3;FXYD1;YWHAH;YWHAE;FXYD3;PHB2;ANK2;TRPC6;SPHK2;NEDD4L;FXYD4;TCAF1
prerank,GO_Biological_Process_2021::neurotrophin signaling pathway (GO:0038179),0.44546262613235243,1.1336575956132848,0.3090356871678056,0.40738973736275846,1.0,11/16,27.45%,BDNF;NTF3;HAP1;SOS1;DDIT4;NTF4;BCAR1;NGFR;RAPGEF1;SORT1;RAP1A
prerank,GO_Biological_Process_2021::plasma membrane bounded cell projection organization (GO:0120036),0.3134030180349231,1.1331969582766857,0.25372279495990835,0.40785316122713666,1.0,48/111,23.61%,FRY;GPRIN3;TTC17;MYOC;SAMD14;CCL21;CCR7;NEDD4;TPM1;STMN3;CYFIP1;PTPRM;STX3;TOR1A;ATP1B2;ADCYAP1;MICALL2;CTTN;UNC5A;RAB13;DTNBP1;CORO1B;NPY;PLEK;PRMT1;PKD2;APOE;OPHN1;VAPA;CDK5R1;TSGA10IP;GBA;LIMA1;PPP1R9B;GPRIN1;MANF;BLOC1S5;LRP12;L1CAM;BLOC1S4;RAB35;EHD1;BLOC1S6;STMN2;PLEKHA1;SH3GL2;RAB11A;ATCAY
prerank,GO_Biological_Process_2021::protein localization to mitochondrion (GO:0070585),0.5039517350652508,1.1330780783445422,0.3279088689991863,0.4078114605942852,1.0,6/10,26.29%,HK2;RALA;LRRK2;ISG15;HK1;MTCH2
prerank,GO_Biological_Process_2021::protein autoprocessing (GO:0016540),-0.4157240722516876,-1.1324201059214287,0.31016731016731014,0.38720772657576463,1.0,4/12,9.41%,MYRF;SPRTN;KLK6;AFG3L2
prerank,GO_Biological_Process_2021::negative regulation of cell migration involved in sprouting angiogenesis (GO:0090051),0.4950017086690643,1.1322090669876488,0.33116883116883117,0.4089431925221455,1.0,5/10,22.60%,MMRN2;THBS1;RHOA;CARD10;KLF4
prerank,GO_Biological_Process_2021::regulation of intrinsic apoptotic signaling pathway in response to DNA damage (GO:1902229),0.4817779490371807,1.1319122252648348,0.3308702791461412,0.40917156938092,1.0,7/11,25.51%,SNAI2;TMEM161A;TPT1;SFRP2;ACKR3;NACC2;SNAI1
prerank,GO_Biological_Process_2021::regulation of cellular amide metabolic process (GO:0034248),0.39853591007591993,1.1317869997990908,0.3146148308135349,0.40911817657244837,1.0,7/26,10.78%,PCIF1;SAMD8;TMED10;FOXO3;CYFIP1;MTPN;EIF4E
prerank,GO_Biological_Process_2021::cellular sodium ion homeostasis (GO:0006883),0.4924710047779628,1.1317547114886395,0.3569078947368421,0.40893328537829093,1.0,7/10,23.39%,ATP12A;ATP1B2;ATP1A4;ATP1A3;SLC8A1;SLC9A1;NEDD4L
prerank,GO_Biological_Process_2021::protein modification by small protein removal (GO:0070646),-0.22629080594807402,-1.1313487638144348,0.11904761904761904,0.3883455567286486,1.0,60/199,20.12%,UBA52;TADA2B;UBC;FOXK1;KDM1B;FOXK2;BAP1;OTUD3;USP6;MBD5;ACTB;USP30;TAF9B;ASXL2;SENP1;ZRANB1;CCP110;MCRS1;UIMC1;USP51;MYSM1;ACTR8;HCFC1;INO80D;APC;USP5;INO80;INO80B;CLSPN;USP22;GPS1;USP27X;USP49;OTUD5;WDR20;USP37;PSMD10;VCPIP1;ACTR5;DDB2;PSME3;USP46;USP45;WDR48;USP11;USP28;OTUD7B;SENP7;OTUD6A;COPS7B;USP13;USP1;ASXL1;CCNA1;USP48;USP24;USP19;OTUD7A;RHOT1;STAMBP
prerank,GO_Biological_Process_2021::regulation of nervous system development (GO:0051960),-0.31087149930303143,-1.1306943661371753,0.2759226713532513,0.38880780583026925,1.0,6/34,10.91%,LGI4;NKX6-2;GBX2;HES6;KIF14;WNT3
prerank,GO_Biological_Process_2021::regulation of dendrite morphogenesis (GO:0048814),-0.3239808217688468,-1.130615798285355,0.2849740932642487,0.3884172954364887,1.0,8/28,12.65%,PTPRD;NSMF;CDKL5;ADGRB3;SS18L1;CUL7;IL1RAPL1;CAPRIN2
prerank,GO_Biological_Process_2021::positive regulation of immunoglobulin production (GO:0002639),0.4193448798151282,1.1288632091802628,0.3137546468401487,0.413271079965755,1.0,12/21,22.92%,SASH3;HMCES;IL2;RBP4;GPI;XCL1;PHB;XBP1;STX4;DNAJB9;PHB2;VAMP3
prerank,GO_Biological_Process_2021::response to calcium ion (GO:0051592),0.32042751359527133,1.1286535968938416,0.26350148367952525,0.41337422994214296,1.0,38/92,25.78%,CPNE8;CPNE3;CPNE1;CPNE2;LGMN;THBS1;DMTN;ANXA11;TRPV6;NEDD4;PPIF;ALOX15;CAV1;TTN;SCN5A;SLC25A24;PLCG2;RASGRP2;ADD1;MEF2C;HPCA;SYT7;PKD2;SYT1;GPLD1;RYR2;SYT9;TRPM2;ACER1;AQP3;KCNMB2;CASQ2;SYT2;ADCY8;IQGAP1;TRPC3;TRPC1;SEC31A
prerank,GO_Biological_Process_2021::regulation of cellular protein localization (GO:1903827),0.37163342045607695,1.1284705041704726,0.3020322354590049,0.413428768251188,1.0,19/36,27.24%,PPM1F;LCP1;TOR1A;GPC1;GPC6;EGF;HFE;BDNF;VCP;RALB;RAB11FIP5;PTPN1;DVL1;NDEL1;GPC4;SUMO4;CCDC66;RAB11B;TRIM46
prerank,GO_Biological_Process_2021::negative regulation of intrinsic apoptotic signaling pathway in response to DNA damage (GO:1902230),0.45020193293820926,1.128130559693868,0.3275316455696203,0.4137180574246111,1.0,7/15,20.48%,ZNF385A;SNAI2;TMEM161A;TPT1;SFRP2;TRIAP1;ACKR3
prerank,GO_Biological_Process_2021::inositol phosphate dephosphorylation (GO:0046855),-0.42073789179406884,-1.127982927887254,0.3213367609254499,0.39148937875558415,1.0,7/11,28.90%,INPP1;INPP5B;SYNJ2;INPP5K;INPP5J;OCRL;IMPA1
prerank,GO_Biological_Process_2021::phosphorylated carbohydrate dephosphorylation (GO:0046838),-0.42073789179406884,-1.127982927887254,0.3213367609254499,0.39148937875558415,1.0,7/11,28.90%,INPP1;INPP5B;SYNJ2;INPP5K;INPP5J;OCRL;IMPA1
prerank,GO_Biological_Process_2021::protein ubiquitination (GO:0016567),-0.2089797457909531,-1.1279813630793392,0.03225806451612903,0.39097424116864965,1.0,116/429,19.90%,RNF157;TRIM36;ZNRF3;TRIM6;RNF220;RNF183;ANAPC7;CDC23;LZTR1;CDC16;TRIM58;TRIM73;UBA52;KLHL2;TRIM2;ANAPC11;PEX10;UBC;PPIL2;RFWD3;CDC27;KLHL8;PAF1;KLHL42;RNF8;ERCC8;DCAF15;ZSWIM8;TRIM37;TOPORS;FBXO45;CHFR;RNF20;UVSSA;TRIM11;KLHL24;TRIM34;UBE3C;TRIM3;BRAP;KLHL25;UBE4A;KLHL21;CUL7;KLHL7;TRIM10;TRIM32;FBXO30;USP5;TRIM41;TRIM74;RNF6;TRIM39;RNF4;TRPC4AP;PEX2;USP22;MUL1;TRIM60;RNF40;FBXO4;CAND2;CDC34;PEX14;RNF185;FBXL19;ASB4;FBXL4;UBE2S;FBXO31;RCHY1;KLHL9;RAG1;FBXW4;RTF1;RC3H1;PSMD10;VCPIP1;RLIM;CCNF;DDB2;TRIM26;PSME3;FBXW9;RNF186;FBXO32;FBXO15;RNF111;RMND5A;AMFR;RNF151;ITCH;FANCL;PEX12;VPS11;UBE2V1;KLHL20;PELI3;ANKRD9;ASB5;RNF146;VPS18;FBXL3;ZNRF2;UBE2T;BIRC6;FBXW11;KLHL12;PCNA;TAF1;RNF112;PELI2;ZNF738;RNF26;FBXW5;UBE4B
prerank,GO_Biological_Process_2021::negative regulation of G protein-coupled receptor signaling pathway (GO:0045744),-0.37984305349662206,-1.1263360765432446,0.3020408163265306,0.3931001460232913,1.0,3/16,6.64%,RNF157;MRAP2;MRAP
prerank,GO_Biological_Process_2021::embryo development ending in birth or egg hatching (GO:0009792),0.4589885470039715,1.1260810744625405,0.3384615384615385,0.4167749938696421,1.0,7/14,18.88%,RAI2;CELF4;NR5A2;TDGF1;CAMSAP3;SCEL;CELF1
prerank,GO_Biological_Process_2021::embryonic axis specification (GO:0000578),-0.39695840346563993,-1.12592959222771,0.3052486187845304,0.3931733034540814,1.0,4/14,7.96%,STIL;HOXD8;RIPPLY2;WNT7A
prerank,GO_Biological_Process_2021::synaptic vesicle cycle (GO:0099504),-0.33601891283134555,-1.125744931104093,0.28081123244929795,0.39294975014678096,1.0,4/23,11.56%,SYT10;SYNDIG1;WNT7A;RIMS1
prerank,GO_Biological_Process_2021::G1/S transition of mitotic cell cycle (GO:0000082),-0.2746972073977786,-1.125227123179052,0.2607655502392344,0.3932329791124306,1.0,24/59,20.27%,DBF4;CDKN3;CDK18;HINFP;ZNF324;ACVR1B;CDC45;CDKN1B;MAX;MNAT1;CDC34;SPDYA;NPAT;USP37;PHF8;CDK17;TFDP2;ORC1;CCNE2;KLF11;RCC1;CCNA1;PCNA;CUL4B
prerank,GO_Biological_Process_2021::regulation of postsynapse organization (GO:0099175),0.4072367597133866,1.12513811519774,0.3178519593613933,0.41800361677132664,1.0,13/24,23.68%,TANC2;ABI3;PDLIM5;VPS35;ABI2;ARC;ARHGAP44;CFL1;CDK5R1;SHANK3;LRRK2;ABHD17B;ABHD17C
prerank,GO_Biological_Process_2021::response to UV (GO:0009411),-0.26070391131297577,-1.1247227225217318,0.2048780487804878,0.3934904214384469,1.0,31/77,19.90%,MSH6;RHNO1;ERCC4;SPRTN;ERCC5;POLK;WRN;ERCC8;POLH;UVSSA;MSH2;XPA;NOC2L;ERCC3;EIF2S1;TRIM32;CCAR2;INO80;DCUN1D3;PTPRK;ZRANB3;FEN1;DDB2;USP28;METTL3;GTF2H2;REV1;USP1;PCNA;TAF1;UBE4B
prerank,MSigDB_Hallmark_2020::Unfolded Protein Response,0.31578798385196477,1.1245981501787654,0.27647058823529413,0.4186016030953225,1.0,39/103,22.55%,KDELR3;FKBP14;SPCS3;PDIA5;IGFBP1;CHAC1;IFIT1;SHC1;EIF4E;ERO1A;ATF3;EIF4A1;SSR1;SPCS1;CEBPG;SERP1;XBP1;EDC4;RPS14;CEBPB;WFS1;HSPA9;EIF4A3;EIF2AK3;DNAJC3;HSPA5;ATP6V0D1;ATF6;EIF4EBP1;EDEM1;SEC11A;ALDH18A1;PDIA6;SLC7A5;STC2;EXOC2;NABP1;DDIT4;DNAJB9
prerank,GO_Biological_Process_2021::regulation of mitochondrion organization (GO:0010821),0.3705672860121634,1.1244100631949832,0.3193166885676741,0.41866848107600185,1.0,18/38,29.83%,PID1;TREM2;PPARGC1A;VPS35;IAPP;USP36;FBXW7;LRRK2;SQSTM1;TMEM102;STAT2;PARL;VDAC1;OMA1;FLCN;HAX1;FIS1;SIRT7
prerank,GO_Biological_Process_2021::negative regulation of fatty acid metabolic process (GO:0045922),0.46837986589180214,1.1235086093257598,0.32806324110671936,0.4198328805405114,1.0,7/13,21.93%,APOC1;CEACAM1;ACADL;NCOR1;TRIB3;SOX9;SIRT4
prerank,GO_Biological_Process_2021::ubiquinone metabolic process (GO:0006743),-0.40962412502678247,-1.1224999072124109,0.31724137931034485,0.3964411120464158,1.0,6/13,25.09%,COQ9;PDSS2;PDSS1;COQ5;COQ10A;UBIAD1
prerank,GO_Biological_Process_2021::negative regulation of intracellular steroid hormone receptor signaling pathway (GO:0033144),0.383938491102206,1.1222591559570885,0.33473684210526317,0.4215461314113643,1.0,16/29,29.26%,TCF21;KANK2;PHB;ARNTL;HEYL;ZNF366;DAB2;NCOR1;FOXH1;NCOR2;CNOT1;SMARCA4;CRY2;CRY1;CLOCK;NR0B1
prerank,GO_Biological_Process_2021::diol biosynthetic process (GO:0034312),0.4455381462290511,1.1217887761477865,0.339258114374034,0.42205390590494857,1.0,8/16,23.25%,ASAH2B;SPHK1;GCH1;GBA;ASAH2;ASAH1;ACER1;SPHK2
prerank,GO_Biological_Process_2021::negative regulation of smoothened signaling pathway (GO:0045879),-0.3556952215849048,-1.121710172258908,0.31441717791411045,0.39720257388850655,1.0,4/20,7.84%,HHIP;KCTD21;MEGF8;TULP3
prerank,GO_Biological_Process_2021::positive regulation of morphogenesis of an epithelium (GO:1905332),-0.3609546468214571,-1.12127739462907,0.30472103004291845,0.39734323741172917,1.0,5/18,9.03%,SIX4;SOX8;SIX1;WNT5B;SIRT6
prerank,GO_Biological_Process_2021::negative regulation of autophagosome assembly (GO:1902902),0.462510935811174,1.1212113776898662,0.3429237947122862,0.42274571507374503,1.0,7/13,22.57%,TMEM39A;NUPR1;FEZ2;CHMP4B;CHMP4A;LRRK2;SEC22B
prerank,GO_Biological_Process_2021::membrane depolarization (GO:0051899),-0.4135802504074391,-1.1209130422966735,0.3202702702702703,0.39735629952618223,1.0,5/12,11.30%,CACNG4;SCN3B;SCN1B;SCN2A;CACNB3
prerank,GO_Biological_Process_2021::nucleus localization (GO:0051647),-0.43132942450229933,-1.1206515792300011,0.32639791937581275,0.39723553890096247,1.0,2/10,19.11%,KIF25;FBXW11
prerank,GO_Biological_Process_2021::negative regulation of TORC1 signaling (GO:1904262),0.4983185866411603,1.1204629728132998,0.3394039735099338,0.42371966682855505,1.0,7/10,32.37%,DEPDC5;SESN1;RNF152;ITFG2;SZT2;SESN2;ATM
prerank,GO_Biological_Process_2021::positive regulation of protein-containing complex assembly (GO:0031334),0.3226576351948732,1.120456881622049,0.2917897223862965,0.42348478803218104,1.0,29/82,19.30%,CAPG;RASIP1;TLR6;BIK;CXCL13;CLEC7A;GBP5;CDH5;TAL1;FERMT1;LCP1;TIRAP;SKAP1;CD36;FERMT2;BCL2L11;TPPP3;BMF;BID;RAP1B;HRK;VCP;MYD88;BAK1;PLEK;RHOC;STUB1;BRK1;USP50
prerank,GO_Biological_Process_2021::histone deacetylation (GO:0016575),-0.3010162769721211,-1.1196056604813533,0.2698961937716263,0.39832634338063994,1.0,9/35,15.54%,SMARCAD1;REST;RCOR3;MIER3;SIRT6;TBL1XR1;SIN3B;RCOR1;BAZ2A
prerank,GO_Biological_Process_2021::regulation of kinase activity (GO:0043549),0.35574392631496127,1.1188638977504533,0.312626603646185,0.42579574602761394,1.0,16/42,22.19%,EMP2;SLAMF8;EEF1A1;LDB2;TREM2;DSTYK;TTN;LDB1;INSRR;PIFO;DRD4;PRDX3;LMTK2;IRS2;PLCE1;HNRNPU
prerank,GO_Biological_Process_2021::androgen metabolic process (GO:0008209),-0.3833928089740735,-1.1185456446667903,0.3129346314325452,0.3994612343295721,1.0,6/14,13.45%,MED1;SRD5A3;HSD17B7;SRD5A2;AKR1D1;SHH
prerank,GO_Biological_Process_2021::substantia nigra development (GO:0021762),-0.3001795072780673,-1.1183517104856209,0.2813688212927757,0.39923573904061405,1.0,7/36,7.81%,PLP1;RAD1;PADI2;SYPL2;CKB;ACTB;CNP
prerank,GO_Biological_Process_2021::cytoplasmic translational initiation (GO:0002183),0.42287247798000516,1.1180982408914226,0.328472755180353,0.4267699618613429,1.0,10/18,22.24%,EIF4A1;EIF3D;EIF5;EIF2S2;EIF3M;EIF2S3;EIF4B;EIF3A;EIF3I;EIF4H
prerank,GO_Biological_Process_2021::inorganic anion transport (GO:0015698),-0.2851014675053824,-1.1180041538288434,0.25153374233128833,0.3992422358095333,1.0,10/47,6.34%,CLCN2;SLC17A3;CLCNKA;ANO7;BEST1;ANO4;RACGAP1;CLCNKB;SLC25A14;NMUR1
prerank,GO_Biological_Process_2021::digestive tract morphogenesis (GO:0048546),-0.4076450546176184,-1.1175600945965198,0.327455919395466,0.3994217087644385,1.0,4/12,10.78%,SIX2;SOX11;BBS7;NIPBL
prerank,"GO_Biological_Process_2021::DNA damage response, signal transduction by p53 class mediator resulting in cell cycle arrest (GO:0006977)",0.35697421734430873,1.1172866378260085,0.3113207547169811,0.4278051762405349,1.0,17/44,26.17%,PRAP1;ZNF385A;RGCC;RPL26;PLK2;PML;TRIAP1;PRMT1;CNOT6L;SFN;CDKN1A;PLK3;CNOT11;CNOT7;CNOT1;ARID3A;BAX
prerank,GO_Biological_Process_2021::calcium ion import across plasma membrane (GO:0098703),0.481575325491472,1.1167131517691895,0.3438003220611916,0.4282525799070843,1.0,7/11,21.89%,TRPV6;SLC24A1;TRPV2;SLC8A3;TRPV5;TRPM2;SLC8A1
prerank,GO_Biological_Process_2021::calcium ion import into cytosol (GO:1902656),0.481575325491472,1.1167131517691895,0.3438003220611916,0.4282525799070843,1.0,7/11,21.89%,TRPV6;SLC24A1;TRPV2;SLC8A3;TRPV5;TRPM2;SLC8A1
prerank,GO_Biological_Process_2021::regulation of exocytosis (GO:0017157),0.3585449289351945,1.1165890952441997,0.3191489361702128,0.42821252729753545,1.0,26/40,26.56%,RAB3D;RAB27B;UNC13D;RAB27A;ANXA1;RAB26;RAB8A;RAB13;CHMP3;CPLX1;ATP6AP1;RAB3A;SYT1;HAP1;RAB8B;RALA;STX4;SYTL4;RAB21;RAB5A;RAB12;RAB9A;CHMP6;RAB15;EXPH5;RAB10
prerank,GO_Biological_Process_2021::positive regulation of response to DNA damage stimulus (GO:2001022),-0.28543333910860136,-1.116478538410841,0.2700892857142857,0.40063465559250233,1.0,13/46,15.24%,EYA2;EYA3;EYA4;RNF8;ERCC8;UIMC1;CCAR2;FXR2;EYA1;NKX3-1;NSMCE4A;SPRED3;DHX9
prerank,GO_Biological_Process_2021::regulation of multicellular organismal development (GO:2000026),-0.33903122539744524,-1.1160593561676089,0.2991202346041056,0.4007852063597255,1.0,7/23,11.15%,SCX;GBX2;RACGAP1;EHMT1;MYSM1;NIPBL;TDG
prerank,GO_Biological_Process_2021::early endosome to late endosome transport (GO:0045022),0.419289257615701,1.1150161350589058,0.32784313725490194,0.4304550451741633,1.0,12/20,27.66%,EMP2;HOOK1;LMTK2;KIF16B;RILP;RAB5A;RAB7A;EEA1;STX8;BECN1;ANKRD27;SNF8
prerank,GO_Biological_Process_2021::Notch signaling pathway (GO:0007219),0.3504298974059132,1.1148006081013462,0.30995323981295925,0.43054822447210744,1.0,22/48,26.24%,SNAI2;NOTCH4;MYC;HEYL;SORBS2;GMDS;DTX1;PLXND1;NRARP;TRAF7;BMP2;STAT1;JAG1;JAG2;ZNF423;DTX3L;HEY1;ADAM10;WWC1;MDK;SNAI1;NCSTN
prerank,GO_Biological_Process_2021::protein stabilization (GO:0050821),0.2999359459448737,1.1147287663768226,0.2686733556298774,0.4304156182212078,1.0,70/147,29.31%,MFSD1;TMEM88;APOA2;PARVA;P3H1;GLMP;PPARGC1A;TYROBP;CREBL2;CRTAP;TBRG1;TESC;TSPAN1;APOA1;GRN;ATP1B2;PHB;FLOT2;BAG2;WFS1;CTNND1;GPIHBP1;PTEN;MSX1;PTGES3;AHSP;TCP1;HSPD1;LAMP1;CCT8;DVL1;PYHIN1;CDKN1A;USP36;TNIP2;FLOT1;CCT6A;STK4;FBXW7;CHP1;PPIB;GAPDH;PHB2;ANK2;AAK1;RAB21;CCT4;CDC37;BAG1;RPL23;CCT5;CCT2;SOX17;LAMP2;CAMLG;GNAQ;HPS4;STXBP4;SEL1L;CCT3;PLPP3;RABL3;AFM;DNLZ;IRGM;PDCD10;CREB1;SOX4;STX12;PIN1
prerank,GO_Biological_Process_2021::regulation of inflammatory response to antigenic stimulus (GO:0002861),0.3239399099486046,1.1145532218612038,0.3059472716125077,0.43045139910355873,1.0,30/75,20.70%,CD247;CALCB;ADM2;PTGIR;GGT5;GPBAR1;TREM2;RHBDF2;PLA2G2D;GNG2;CYSLTR2;MYH9;GCG;GPHA2;CD163;ADCYAP1;PLK2;PLCG2;FURIN;IAPP;FCGR2A;MC4R;PLCG1;VIPR1;CRH;GGT1;P2RY11;VIP;SCT;HTR7
prerank,GO_Biological_Process_2021::sulfur amino acid metabolic process (GO:0000096),0.41245930937192177,1.1145316978013102,0.3433410315627406,0.43023835265012744,1.0,12/20,27.82%,MSRA;SMS;TXN2;CTH;GADL1;CDO1;BHMT2;MTRR;MAT1A;ADI1;GCLC;CBS
prerank,GO_Biological_Process_2021::cellular component assembly (GO:0022607),0.29247723123971436,1.1143052454717868,0.25594923320994184,0.43034938536550205,1.0,97/232,21.48%,FAM107A;TSPAN4;VIL1;LIMS2;CD247;CAPG;P3H4;ADD2;SCIN;PARVA;WAS;DMTN;RAC3;TLCD2;HAS2;RHOH;QSOX1;PARVB;AIF1;ESPNL;PLS3;WASF1;BAIAP2;YAP1;NCKAP1L;LCP1;RP1L1;CYFIP1;PPARGC1A;SLC7A9;FOXJ1;FBLIM1;BAIAP2L2;OCLN;PARVG;CALD1;WIPF1;NCKAP1;CD2AP;RHOJ;RHOD;SH3BP1;NEDD9;FERMT2;WASF3;DPYSL3;RAC2;LIMS1;FSCN2;ESPN;DNAJB13;SPEF1;HFE;MYO1B;CAPZA1;FAS;HAS3;ILK;ADD1;SHROOM1;SKAP2;BAIAP2L1;PLS1;LPXN;SLC9A3R2;PML;PARD3;TRAF1;CORO1B;RHOQ;RHOA;CARD10;DLG4;FANCC;SOX9;CAPZA2;SNX9;OPHN1;DVL1;GSN;EPS8;ARL6IP1;TRAF2;WASL;LIMA1;PPID;DCX;HAS1;EZR;RHOG;TCAP;MITF;CDC42;RTN3;VASP;PKP1;M1AP
prerank,GO_Biological_Process_2021::glycoprotein biosynthetic process (GO:0009101),-0.2599195775441777,-1.1138860993019326,0.2622478386167147,0.40362262681768696,1.0,14/77,8.55%,CHST8;FUT9;B3GALNT2;CHST9;B3GNT2;ST3GAL6;GAL3ST3;CHST10;A4GNT;B3GALT6;ALG1;FUT5;B4GALT7;B3GNT4
prerank,GO_Biological_Process_2021::negative regulation of intracellular protein transport (GO:0090317),0.40677082758338245,1.1138597777955768,0.32847778587035686,0.4308269197094377,1.0,10/22,27.76%,ADIPOQ;DMTN;MDFIC;APOD;LMAN1;CHP1;LRRK2;GDI1;UFM1;ITGB1BP1
prerank,GO_Biological_Process_2021::regulation of megakaryocyte differentiation (GO:0045652),0.3509997221891021,1.1132185266449381,0.31702544031311153,0.43159265825962756,1.0,17/46,22.74%,PITHD1;SCIN;NR4A3;THBS1;PF4;GATA1;MYL9;TESC;GP1BA;MEF2C;NFE2;RUNX1;PRMT1;SIN3A;THPO;EIF6;RAB7B
prerank,GO_Biological_Process_2021::cellular response to organic cyclic compound (GO:0071407),0.3161363755174344,1.1117849251234835,0.2912280701754386,0.43366483256045224,1.0,41/98,23.46%,FAM210B;ADTRP;ZNF703;IGFBP5;TGM2;CYP1A1;CCL5;NR4A3;AQP9;DMTN;GPBAR1;GNG2;CYP1B1;AQP1;ZFP36L1;DIAPH1;RAP1B;PDXP;GNAI1;AANAT;MEF2C;CDH1;ARL6IP5;SSH1;CCL3;TIPARP;JUP;ATP1A3;NCOA3;ZC3H12A;PKD2;P2RY11;SLC1A1;EZR;TRPM2;SLC5A5;LRRK2;RAD51;RAPGEF1;NCOA4;AQP8
prerank,GO_Biological_Process_2021::protein N-linked glycosylation (GO:0006487),0.32860383833842954,1.1112528380671862,0.301686445971268,0.4342675098858957,1.0,29/67,25.27%,TMEM165;MCFD2;DAD1;RPN2;MGAT1;TMEM258;OSTC;ALG10;GFPT2;MAN1C1;TUSC3;MGAT4D;RPN1;ASGR2;DDOST;MGAT4C;ASGR1;GFPT1;KRTCAP2;ALG6;LMAN1;ST3GAL1;MOGS;OST4;MGAT5B;UBE2J1;MGAT4A;FUT8;B4GALNT2
prerank,GO_Biological_Process_2021::regulation of pathway-restricted SMAD protein phosphorylation (GO:0060393),0.3639773909238904,1.1111153688046558,0.319650067294751,0.43423135537179397,1.0,19/38,23.28%,EMILIN1;GDF15;SMAD6;BMP6;HFE;BMP4;INHBE;GDF5;DAB2;BMPER;GDF10;BMP7;INHBB;INHA;SNX25;BMP2;SDCBP;PMEPA1;NOG
prerank,GO_Biological_Process_2021::regulation of vacuole organization (GO:0044088),0.4218300825910321,1.1106568751971644,0.3580060422960725,0.4347033037779275,1.0,11/19,27.23%,ADPRH;LAPTM4B;ENO4;TBC1D12;SCARB2;RAB5A;ENO3;NPRL3;RAB1B;NPRL2;ENO2
prerank,GO_Biological_Process_2021::negative regulation of cyclin-dependent protein serine/threonine kinase activity (GO:0045736),-0.3692992532172366,-1.1106227284929948,0.30453879941434847,0.4083218400998332,1.0,8/18,17.25%,INCA1;IPO5;HEXIM2;APC;CDKN1B;CDKN1C;IPO7;CDK5RAP1
prerank,GO_Biological_Process_2021::fatty-acyl-CoA biosynthetic process (GO:0046949),-0.317824075518438,-1.1092920624262865,0.3121951219512195,0.4098069927293035,1.0,9/27,14.86%,HACD2;HACD1;ACSF3;ELOVL1;ELOVL6;CBR4;ELOVL7;SCD5;HSD17B8
prerank,GO_Biological_Process_2021::positive regulation of protein dephosphorylation (GO:0035307),0.3925747587394981,1.1087541963993655,0.3407142857142857,0.4374985381453556,1.0,11/25,24.03%,CD300A;SPPL3;LILRB2;CDH5;CNEP1R1;DLC1;ITGA1;PPP1R15B;GBA;CAMTA1;PPP1R15A
prerank,GO_Biological_Process_2021::regulation of release of sequestered calcium ion into cytosol by sarcoplasmic reticulum (GO:0010880),0.4319617346479346,1.1086265163860214,0.33756534727408516,0.43745038689285864,1.0,9/16,29.60%,CLIC2;GSTM2;RYR2;SLC8A1;ANK2;CASQ2;TRDN;CASQ1;CALM3
prerank,GO_Biological_Process_2021::positive regulation of protein acetylation (GO:1901985),-0.41809458005697314,-1.1086065404697991,0.327930174563591,0.41037437644835806,1.0,4/11,20.40%,CEP295;DIP2B;KAT5;TERF2IP
prerank,GO_Biological_Process_2021::positive regulation of protein ubiquitination (GO:0031398),0.33415993559408297,1.1081381273973656,0.32870662460567823,0.43799334896770964,1.0,22/63,22.83%,FAM107A;ARRDC4;LAPTM5;PTTG1IP;PRICKLE1;CAV1;SPHK1;WFS1;UBE2D1;TRAF6;RIPK2;COMMD1;UBE2N;TRIB3;STUB1;BCL10;UBB;XIAP;NDFIP1;FBXW7;LRRK2;CUL3
prerank,GO_Biological_Process_2021::organelle fission (GO:0048285),-0.3292109618231346,-1.1080959042400778,0.3140625,0.4106834810190054,1.0,9/24,15.42%,TMCC1;PEX11G;MTFR2;MTFR1;PEX19;PEX11B;MUL1;DNM3;MIEF1
prerank,GO_Biological_Process_2021::regulation of double-strand break repair via nonhomologous end joining (GO:2001032),-0.3362461739569921,-1.1070641050060452,0.325508607198748,0.4118346164573375,1.0,8/22,13.03%,KMT5C;RIF1;POT1;PNKP;MAD2L2;USP51;TFIP11;SETMAR
prerank,GO_Biological_Process_2021::regulation of neuron apoptotic process (GO:0043523),0.3252420387352249,1.1069243617132727,0.31164807930607186,0.4397188274273208,1.0,29/71,20.33%,LGMN;AGAP2;ADAM8;NUPR1;TREM2;FOXO3;PPARGC1A;PPT1;PLA2G3;PTPRZ1;FGF20;GRN;CLN3;NDNF;WFS1;SNX6;BDNF;NAIP;MEF2C;CNTF;TFAP2A;NTF3;CCL3;TOX3;APOE;TFAP2B;CDK5R1;SOD2;FOXQ1
prerank,GO_Biological_Process_2021::regulation of small molecule metabolic process (GO:0062012),0.4265508510194665,1.10662014409292,0.3482889733840304,0.4399434521250199,1.0,8/17,21.61%,TTC39B;ADIPOQ;ARV1;ACADL;PANK2;APOE;GNB3;NCOR2
prerank,GO_Biological_Process_2021::response to acidic pH (GO:0010447),0.46818114126113536,1.1062837025214967,0.3696013289036545,0.44019780286213595,1.0,3/12,6.44%,GPR65;LGMN;GPR4
prerank,GO_Biological_Process_2021::positive regulation of cell cycle (GO:0045787),0.34556087109194256,1.1061318168648278,0.32270657124268054,0.4401770810597079,1.0,12/49,20.09%,SMOC2;CCDC57;LGMN;TAL1;RGCC;NUPR1;EIF4E;SPHK1;TBX3;EIF4EBP1;PKD2;CCPG1
prerank,GO_Biological_Process_2021::positive regulation of DNA binding (GO:0043388),0.4013495460865191,1.1061247495899222,0.34603658536585363,0.43993544004746016,1.0,11/22,25.80%,PLAUR;TWIST1;EGF;CEBPG;HAND2;GATA3;TRAF6;PYHIN1;SKI;NEUROD1;SUMO4
prerank,GO_Biological_Process_2021::regulation of microtubule cytoskeleton organization (GO:0070507),-0.31221845463680864,-1.1058960749062834,0.30313588850174217,0.41311086581511874,1.0,7/31,9.56%,TRIM36;SKA3;SKA1;SKA2;CLASP1;GAS2L2;STMN4
prerank,GO_Biological_Process_2021::positive regulation of heart contraction (GO:0045823),0.4582093117442662,1.1049279267795409,0.3618421052631579,0.44163765741862526,1.0,9/13,26.60%,EDN1;APELA;NKX2-5;EDN2;EDN3;RYR2;APLN;RGS2;NPPA
prerank,GO_Biological_Process_2021::positive regulation of receptor internalization (GO:0002092),0.42088387943963046,1.1048768426342512,0.3552833078101072,0.4414643185956644,1.0,9/18,22.10%,GH1;SFRP4;APELA;EGF;ARRB2;NTF3;SCYL2;TBC1D5;APLN
prerank,GO_Biological_Process_2021::response to ketone (GO:1901654),0.4008776567970102,1.1047664453429453,0.3513719512195122,0.4413859470573907,1.0,10/22,13.85%,CCL21;THBS1;TGFBR3;CCL19;CCR7;YAP1;CAV1;ABHD2;SLIT3;SLIT2
prerank,GO_Biological_Process_2021::acetyl-CoA metabolic process (GO:0006084),-0.40405334070160903,-1.104710532311962,0.33773087071240104,0.4144748235035192,1.0,6/12,17.04%,MVD;PMVK;HMGCS1;MVK;MLYCD;ACSS1
prerank,GO_Biological_Process_2021::transepithelial transport (GO:0070633),-0.3768024909048565,-1.1025750263553042,0.3283173734610123,0.41726289755237966,1.0,4/14,11.92%,BEST1;SLC12A2;SLC26A6;ABCC2
prerank,GO_Biological_Process_2021::positive regulation of cell development (GO:0010720),0.3797585140212935,1.1024647547561237,0.3493635077793494,0.4448479382753012,1.0,13/29,19.87%,TGM2;SERPINF1;ADIPOQ;FAIM;CLEC7A;TYROBP;CX3CR1;MYF6;BMP4;NUMBL;ATP6AP1;NUMB;RFX3
prerank,GO_Biological_Process_2021::translation (GO:0006412),0.2967380007648416,1.1022865625161817,0.2837157246782317,0.4448838011185474,1.0,61/154,24.74%,EEF1A1;RPLP2;RPS12;RPL39;EEF1B2;RPL7A;RPL28;RPL29;RPL27A;RPL10A;RPL34;RPL27;RPL9;RPL14;RPL41;RPL24;RPL21;RPL35A;RPL26;RPL15;RPL13;RPS20;RPL7;RPS17;RPL18A;RPL31;RPL30;RPL36;RPL18;RPL37A;TMA7;MRPL41;RPS14;EEF1D;RPS21;MRPS18C;RPL35;ASMT;PPA2;TUFM;RSL24D1;RPS10;PABPC4;MRPL23;RPL22L1;RPS29;TNIP1;MRPL51;MRPL34;ZC3H15;RPS3A;DARS2;MRPS6;RPL23A;PPA1;ETF1;RPL23;GTPBP1;EIF4EBP2;MRPL52;RWDD1
prerank,GO_Biological_Process_2021::protein localization to cell periphery (GO:1990778),0.3041774263572904,1.1020154936166409,0.30098209127671866,0.4450646318117516,1.0,62/122,26.77%,EMP2;DENND4C;TMEM88;RAB3D;MYADM;ADIPOQ;FAM126B;RAB34;CAV3;TSPAN32;ANK1;EHD2;EHD4;EHD3;TESC;TSPAN14;CAV1;AP4M1;F11R;FLOT2;FGF13;SLC9A3R2;TMEM150A;RAB8A;TSPAN17;TSPAN33;CDH1;RAB13;PRAM1;S100A10;JUP;TMED2;RAB3A;KCNB2;SPTBN4;EFR3A;TTC7A;EZR;RAB8B;RDX;FLOT1;RAB29;FCHO2;EHD1;NKD2;ANK2;ZDHHC3;RAB11A;SPTBN1;RAB12;CD81;PTCH1;TSPAN15;PACSIN1;ARL3;PDZD11;RAB15;RAB10;FAM126A;GAK;ACTN2;PACS1
prerank,GO_Biological_Process_2021::amyloid precursor protein metabolic process (GO:0042982),0.47155261980349444,1.1015285033951812,0.3640202702702703,0.44560264739928307,1.0,8/11,27.09%,CLN3;ADAM19;APOE;ABCG1;ADAM10;TMCC2;NCSTN;LDLRAP1
prerank,GO_Biological_Process_2021::glycerolipid catabolic process (GO:0046503),0.42247828334468884,1.1011498266568474,0.3610023492560689,0.44597383218752684,1.0,8/17,22.58%,ABHD2;PNPLA6;GPCPD1;PLA2G4E;PLA2G4D;PLA2G4B;GDPD1;GDPD3
prerank,GO_Biological_Process_2021::fibroblast growth factor receptor signaling pathway (GO:0008543),0.3391927458692021,1.1003283019674335,0.320659062103929,0.447053222979706,1.0,27/56,26.97%,HNRNPA1;FGF20;FGF17;FGF16;FGF8;FGF7;CBL;FGF10;HNRNPH1;FGF9;KL;HNRNPM;RBFOX2;FGFBP1;FGF19;KIF16B;FGF18;POLR2G;POLR2E;NOG;HNRNPF;ESRP2;FLRT2;FGFRL1;POLR2H;RAB14;TRIM71
prerank,GO_Biological_Process_2021::positive regulation of developmental process (GO:0051094),0.2969975871537358,1.1000333765615262,0.29483620210993894,0.44730179986471974,1.0,48/139,22.90%,SLC6A6;ZDHHC6;TMEM119;VIL1;DCN;SYDE1;ZNF703;BMP1;HMCES;SERPINF2;VLDLR;LEP;TMEM79;APELA;FST;VPS35;GJA1;CORO1C;GRIP1;FGF8;AMTN;PRL;BMP4;XBP1;CEBPB;C1QBP;MCU;CORO1B;LRP8;ESRRB;DLG4;NCOA3;EDN3;BMP7;APOE;SOX9;DVL1;CFL1;PHLDB2;SHANK3;BMP2;SORL1;RELN;RALA;BASP1;PA2G4;BMPR1B;FOXA2
prerank,GO_Biological_Process_2021::protein autophosphorylation (GO:0046777),0.31723093718261247,1.0997967874146142,0.30987581312832646,0.44743497839930496,1.0,38/86,26.92%,MAPK15;STK10;STK17B;STK16;MYLK2;MYO3A;PAK1;PRKX;EIF2AK2;MAP3K3;EIF2AK3;PRKD2;GRK5;INSRR;TAOK2;MAPKAPK3;NEK6;TXK;LMTK2;TAOK3;CAMK4;DAPK3;STK4;LRRK2;STK24;AAK1;MARK2;PASK;MAP4K1;HTATIP2;RIPK3;OXSR1;DDR1;DAPK1;FES;CAMK2A;SIK1;MEX3B
prerank,GO_Biological_Process_2021::cellular response to glucose stimulus (GO:0071333),0.40765576352160093,1.0989598722098137,0.3610698365527489,0.44855014592682035,1.0,14/21,29.68%,CYP7A1;SLC39A14;XBP1;RAB11FIP5;PCK1;LIN28A;MLXIPL;ADCY8;PCK2;RAB11B;ERN1;ZBTB20;SOX4;GPER1
prerank,GO_Biological_Process_2021::fatty acid beta-oxidation using acyl-CoA dehydrogenase (GO:0033539),-0.4297996688573531,-1.09853954070365,0.3431013431013431,0.42333142126371953,1.0,3/10,11.21%,IVD;ACADM;ETFDH
prerank,GO_Biological_Process_2021::protein phosphorylation (GO:0006468),0.281606971417587,1.0982738053979517,0.26351003602676276,0.44941051948903415,1.0,97/307,23.27%,MAST4;GMFB;MAPK15;STK10;EFEMP1;CTSG;FAM20A;STK17B;ZAP70;GMFG;STK16;RNASEL;PKDCC;STK32C;MYLK2;TGFBR3;ADM2;MYLK3;PRKG1;PKN3;ABI3;FAM20C;IGFBP3;MAPK12;STK38L;MYO3A;PRKG2;STK17A;PTPN6;TRIB1;CSK;MAP2K6;PAK1;NEK10;MATK;PRKX;BMP2K;TSSK6;PAK3;MAPK13;LIMK2;SNRK;HCST;PAK6;BMP4;EIF2AK2;ERG;HIPK4;PLK2;ILK;TGFBR2;MAP3K3;RPS6KA4;EIF2AK3;PRKD2;CSNK2A3;GRK5;ABL2;TDGF1;ABI2;INSRR;TAOK2;MAPKAPK3;IRAK3;TBK1;DMPK;USP15;NEK6;NEK1;CDK5R1;TXK;LMTK2;LIMK1;MAP4K2;TAOK3;CAMK4;RUNX3;BMP2;PRKAG3;PRDX4;RELN;DAPK3;GTF2H4;CDK11B;STK4;ABI1;ERN2;LRRK2;CDC42BPA;PCK1;PRKAG2;BMPR1B;STK24;AAK1;MARK2;PASK;MAP4K1
prerank,GO_Biological_Process_2021::phosphate ion transmembrane transport (GO:0035435),0.45922128707796345,1.0981022342577134,0.3523274478330658,0.44944333256798275,1.0,6/12,23.95%,SLC37A2;SLC37A3;XPR1;SLC25A11;SLC25A10;SLC37A1
prerank,GO_Biological_Process_2021::signal release from synapse (GO:0099643),-0.3004675847859347,-1.0980533562507364,0.2980769230769231,0.4236084246414726,1.0,5/34,6.28%,SYT10;LIN7C;LIN7A;LIN7B;NRXN2
prerank,GO_Biological_Process_2021::chromatin disassembly (GO:0031498),-0.38128678530347443,-1.0976677526396672,0.33725490196078434,0.42315337163833516,1.0,8/15,29.95%,GRWD1;SUPT16H;SMARCD1;SMARCD2;HMGA1;ARID2;SMARCC2;ARID1A
prerank,GO_Biological_Process_2021::nucleosome disassembly (GO:0006337),-0.38128678530347443,-1.0976677526396672,0.33725490196078434,0.42315337163833516,1.0,8/15,29.95%,GRWD1;SUPT16H;SMARCD1;SMARCD2;HMGA1;ARID2;SMARCC2;ARID1A
prerank,GO_Biological_Process_2021::zinc ion transmembrane transport (GO:0071577),0.4070178434864987,1.0975551958858798,0.35880640465793306,0.4501192973099997,1.0,12/21,30.76%,SLC30A3;SLC39A14;SLC30A2;SLC39A5;SLC30A4;SLC39A2;TRPM2;SLC30A8;SLC39A8;SLC39A4;SLC39A10;SLC39A1
prerank,GO_Biological_Process_2021::adipose tissue development (GO:0060612),-0.4268506141691317,-1.0970497921282194,0.3333333333333333,0.42359246183262106,1.0,5/10,16.28%,SOX8;SPTLC2;ZNF516;PGRMC2;DYRK1B
prerank,GO_Biological_Process_2021::gliogenesis (GO:0042063),0.45905368000401586,1.0963599945781406,0.36502820306204675,0.4517704924649713,1.0,7/12,21.26%,NFIB;MMP24;ANXA1;CDH2;AZU1;RELN;CD9
prerank,GO_Biological_Process_2021::regulation of membrane depolarization (GO:0003254),-0.3733615089127691,-1.096182649470853,0.34419263456090654,0.42442577806741705,1.0,6/15,13.33%,SCN2B;SCN3B;HCN4;SCN1B;GPD1L;RANGRF
prerank,GO_Biological_Process_2021::regulation of translation (GO:0006417),-0.22856224534294461,-1.0959985373042478,0.24271844660194175,0.42416120644592736,1.0,30/146,13.53%,YBX2;TSFM;MTG2;PIWIL2;MTIF2;LTN1;LARP4B;NAT10;NOLC1;CPEB3;METAP1;MALSU1;MRPL13;MTG1;KLHL25;UPF1;DDX25;TRAP1;EIF3B;MTRF1;FXR2;PUM3;IMPACT;ZCCHC4;GEMIN5;LARP4;YTHDF1;CTIF;EIF3C;EIF2B2
prerank,GO_Biological_Process_2021::neurotransmitter secretion (GO:0007269),-0.2965734391822773,-1.0959449232547986,0.29904761904761906,0.42370502566551466,1.0,5/35,6.28%,SYT10;LIN7C;LIN7A;LIN7B;NRXN2
prerank,GO_Biological_Process_2021::protein acetylation (GO:0006473),-0.32855385364704953,-1.0957899553649038,0.34022257551669316,0.4234088405023325,1.0,8/25,20.44%,ESCO1;NAT10;DSCC1;NAT9;KAT6A;KAT5;NAA60;ING5
prerank,GO_Biological_Process_2021::positive regulation of autophagy (GO:0010508),0.3230624093673219,1.0956093964247102,0.31464737793851716,0.4527577706301094,1.0,29/71,27.12%,DCN;TP53INP1;MEFV;FOXO1;FOXO3;TMEM59;TRIM65;PLK2;TRIM38;GNAI3;SESN1;ATF6;TBK1;TRIM5;ZC3H12A;PLK3;TRIM22;DHRSX;LRRK2;PHB2;TFEB;TSC2;FBXO7;BNIP3L;RNF152;SH3GLB1;DAPK1;IKBKG;NPRL2
prerank,GO_Biological_Process_2021::regulation of early endosome to late endosome transport (GO:2000641),0.45958696096762863,1.095555237972896,0.3587406793703397,0.4525914565127521,1.0,9/12,25.25%,SNX12;CHMP3;DAB2;SNX3;EZR;RDX;DNAJC13;RAB21;MSN
prerank,GO_Biological_Process_2021::long-term memory (GO:0007616),0.4218588526192174,1.095268382745329,0.34942528735632183,0.4528157934417634,1.0,10/17,27.15%,CALB1;SLC2A4;LDLR;ARC;APOE;CAMK4;NTF4;RGS14;PJA2;PRNP
prerank,GO_Biological_Process_2021::regulation of protein autophosphorylation (GO:0031952),-0.3144557944949677,-1.0947812808850306,0.32450331125827814,0.42449822460102615,1.0,8/29,12.02%,PPP2R5D;RAD50;PPP2R5E;PPP2R5A;PPP2R5B;PDGFA;NBN;IMPACT
prerank,GO_Biological_Process_2021::diacylglycerol metabolic process (GO:0046339),0.3984697647027849,1.0947707905727646,0.3432613551749814,0.45337201591654425,1.0,11/22,27.44%,ANG;APOA2;DGKK;PLA2G15;PLCE1;DGAT2;DGKB;MOGAT2;PNPLA2;MOGAT1;LIPE
prerank,GO_Biological_Process_2021::ATP transport (GO:0015867),-0.4242179832830018,-1.094685254929629,0.3440993788819876,0.4241147754673829,1.0,4/10,14.57%,CALHM3;CALHM1;SLC25A17;SLC25A42
prerank,GO_Biological_Process_2021::'de novo' posttranslational protein folding (GO:0051084),0.38254656048197483,1.093599602000919,0.36331192005710206,0.4549988447874242,1.0,13/27,27.82%,ERO1A;DNAJB13;HSPA9;HSPA5;PTGES3;SDF2L1;DNAJB1;BAG1;DNAJB4;CCT2;HSPE1;GAK;DNAJC7
prerank,GO_Biological_Process_2021::positive regulation of intracellular transport (GO:0032388),-0.29963442315966465,-1.0927278725705445,0.32234432234432236,0.42669466968113207,1.0,12/35,16.88%,KIF20B;SPAG5;CEP131;ABCA12;CEP290;ICE1;B3GAT3;NUMA1;PCM1;TBC1D20;STK11;PRR5L
prerank,GO_Biological_Process_2021::heterophilic cell-cell adhesion via plasma membrane cell adhesion molecules (GO:0007157),0.37607652663598223,1.092656111102822,0.3507516105941303,0.45629570071181463,1.0,7/30,11.90%,AMIGO2;HMCN1;CD164;CD209;CEACAM8;VCAM1;JAML
prerank,GO_Biological_Process_2021::cellular response to estrogen stimulus (GO:0071391),0.4577119771097487,1.091930428902806,0.38060897435897434,0.4572135030684268,1.0,4/12,15.51%,ARID5A;OCSTAMP;SERPINB9;SRA1
prerank,GO_Biological_Process_2021::hepaticobiliary system development (GO:0061008),0.4073793777292454,1.0918120398745148,0.35329795299469297,0.4571561676684234,1.0,9/18,25.82%,TGFBR3;CEBPG;XBP1;CEBPA;LSR;PKD2;PRKCSH;NKX2-8;GFER
prerank,GO_Biological_Process_2021::cyclic purine nucleotide metabolic process (GO:0052652),-0.3586912680198051,-1.0917827889713387,0.35353535353535354,0.427659194921018,1.0,5/17,15.28%,NPPC;ADCY5;ADCY7;ADCY2;ADCY9
prerank,GO_Biological_Process_2021::regulation of calcineurin-NFAT signaling cascade (GO:0070884),0.3922578956934962,1.0909670165172756,0.3604135893648449,0.45825824815802835,1.0,10/23,24.62%,LMCD1;SPPL3;CLEC7A;FHL2;ACTN3;PLCG2;CHP1;CAMTA1;SLC9A1;MYOZ1
prerank,GO_Biological_Process_2021::intrinsic apoptotic signaling pathway in response to endoplasmic reticulum stress (GO:0070059),0.38942976869648593,1.0908651559657903,0.3545586107091172,0.4581619699438592,1.0,14/23,29.50%,CHAC1;ERO1A;CEBPB;TRIB3;BAK1;TRAF2;ERN2;PPP1R15A;DDIT3;BAX;ERN1;ATP2A1;DNAJC10;BBC3
prerank,GO_Biological_Process_2021::regulation of telomerase activity (GO:0051972),-0.29789168901960383,-1.0907916703727172,0.2996389891696751,0.4287493678376898,1.0,13/34,14.90%,GRHL2;ERCC4;NVL;POT1;PNKP;XRCC5;PARN;PINX1;NEK2;PIF1;NABP2;GREM1;ACD
prerank,GO_Biological_Process_2021::cranial nerve development (GO:0021545),-0.43153513730342985,-1.0902673239961915,0.33775633293124246,0.42908737048775775,1.0,4/10,7.61%,ATOH7;POU4F1;ISL1;CHD7
prerank,GO_Biological_Process_2021::regulation of dendritic spine development (GO:0060998),-0.3475336474974966,-1.089718655737857,0.3564213564213564,0.42944452534133165,1.0,5/19,12.66%,GRIN3A;PPFIA2;CPEB3;KIF1A;LLPH
prerank,GO_Biological_Process_2021::cellular response to topologically incorrect protein (GO:0035967),0.3850853170312488,1.0895209510388082,0.35985663082437275,0.4600613572994874,1.0,9/27,23.58%,TM7SF3;HSPB8;HSPA9;HSPA5;BAK1;PTPN1;STUB1;ATXN3;TMBIM6
prerank,GO_Biological_Process_2021::regulation of endoplasmic reticulum stress-induced intrinsic apoptotic signaling pathway (GO:1902235),0.42409147289943055,1.0892871124204822,0.36941710825132473,0.46019943426125814,1.0,9/17,25.27%,PMAIP1;BCL2L11;NCK1;XBP1;EIF2AK3;TXNDC12;LRRK2;TMBIM6;DDIT3
prerank,GO_Biological_Process_2021::mRNA methylation (GO:0080009),-0.37991819429562035,-1.0892096133666092,0.363265306122449,0.42970734016294776,1.0,6/14,17.66%,TRMT61B;TRMT61A;NSUN2;TRMT6;CMTR1;METTL3
prerank,GO_Biological_Process_2021::heterocycle biosynthetic process (GO:0018130),0.45553098030399625,1.0890123020270692,0.3824013157894737,0.4604018357463717,1.0,4/12,20.46%,HDC;PYCR1;GCH1;MOCS3
prerank,GO_Biological_Process_2021::response to thyroid hormone (GO:0097066),0.46258102317455485,1.0885745131801448,0.3687763713080169,0.4608848391564941,1.0,7/11,21.07%,GATA1;LMO2;CTSL;CTSH;CTSB;KLF9;RDX
prerank,GO_Biological_Process_2021::regulation of telomere capping (GO:1904353),0.42654321493901803,1.0884252133595507,0.3683794466403162,0.46087202989938764,1.0,2/17,2.83%,PKIB;MAPK15
prerank,GO_Biological_Process_2021::regulation of receptor internalization (GO:0002090),0.37202816039070563,1.0882560789000242,0.3702664796633941,0.4609036289505732,1.0,14/30,22.26%,ANKRD13A;RIN3;GH1;SFRP4;EGF;ARRB2;ANKRD13D;NTF3;SCYL2;DLG4;TBC1D5;SDCBP;FLOT1;LRPAP1
prerank,GO_Biological_Process_2021::regulation of canonical Wnt signaling pathway (GO:0060828),0.28842255074293466,1.088029199196957,0.3,0.46100756954296285,1.0,84/195,27.65%,PTPRO;RBMS3;IGFBP6;TMEM170B;ZNF703;IGFBP4;TMEM88;IGFBP2;FRMD8;PFDN5;BICC1;SFRP4;IGFBP1;SOX7;PLEKHA4;SNAI2;PRICKLE1;PPM1N;FRZB;CAV1;BAMBI;SFRP2;NKX2-5;EGF;RUVBL1;SOST;WWTR1;ARNTL;ATP6AP2;CTNND1;ILK;FGF10;VCP;TMEM9;ADGRA2;SOX2;PSMF1;DAB2;SCYL2;PSMD5;JUP;GLI1;SCEL;PPP1CA;APOE;SOX9;DVL1;DKK3;NRARP;BMP2;DAPK3;PSMB2;XIAP;PSMA2;PSMA8;STK4;HECW1;AXIN2;NKD2;LRRK2;PSMB4;CUL3;PSMD9;EMD;NOG;WLS;LMBR1L;SOX17;CCNY;ZEB2;DDIT3;MDK;SMURF2;UBAC2;LATS2;GNAQ;GLI3;CYLD;GID8;LRP6;PTK7;CSNK1G1;TMEM64;PTPRU
prerank,GO_Biological_Process_2021::protein dephosphorylation (GO:0006470),0.298266260101045,1.087996274063652,0.3190287972896669,0.46079765865652084,1.0,43/129,22.32%,PPM1M;PTPRO;DUSP11;PTPN22;PPM1H;PPM1F;PTPN9;PTPRR;PTPN6;DUSP6;PTPN5;PTPN7;PTPRZ1;PTPRM;DUSP18;TNS2;DUSP5;PTPN3;NCK1;DUSP9;PTPRG;PTEN;PDXP;DUSP12;PPP1R12A;DUSP1;DUSP2;SSH1;PPP1R15B;UBASH3B;PTPRE;PPP1CC;PTPN1;FAM220A;PPP1CB;PPP1CA;PPM1E;DUSP10;DUSP8;PTPRT;PTPN2;PTPN18;PTPN14
prerank,GO_Biological_Process_2021::thymus development (GO:0048538),0.4663733957007696,1.0878549217252818,0.37438423645320196,0.46076470625432897,1.0,7/11,24.86%,ZBTB1;HAND2;FGF10;AIRE;TBX1;FADD;RIPK3
prerank,GO_Biological_Process_2021::spinal cord development (GO:0021510),0.45019482107361875,1.0877133838609683,0.3780487804878049,0.4607542148463439,1.0,8/12,29.04%,VIT;LOXL3;PKD2;GLI2;RELN;SOX12;PKD1;SOX4
prerank,GO_Biological_Process_2021::positive regulation of double-strand break repair via homologous recombination (GO:1905168),-0.3966633061616021,-1.0877130017375485,0.349862258953168,0.4316532146851196,1.0,5/12,15.20%,OOEP;RAD51AP1;MMS19;WDR48;FANCB
prerank,GO_Biological_Process_2021::regulation of protein ubiquitination (GO:0031396),0.31284833720507477,1.0872367382564587,0.33552238805970147,0.46125920071443244,1.0,36/84,26.79%,FAM107A;LAPTM5;PTTG1IP;PRICKLE1;CAV1;PER2;SPHK1;BAG2;WFS1;UBE2D1;ARRB2;TNFAIP3;TRAF6;IVNS1ABP;RIPK2;COMMD1;UBE2N;STUB1;BCL10;SASH1;ADGRB1;UBB;XIAP;NDFIP1;FBXW7;CHP1;LRRK2;ISG15;CUL3;SQSTM1;DERL1;MYCBP2;CAMLG;FOXF2;ARRB1;BIRC7
prerank,GO_Biological_Process_2021::JNK cascade (GO:0007254),0.3815818205475191,1.0868257536349415,0.3634408602150538,0.4616773440511353,1.0,12/28,20.43%,ARHGEF6;IRAK2;TRIB1;SH2D3C;DUSP9;TRAF6;RIPK2;UBE2N;MAP4K2;TNFRSF19;UBB;NOD1
prerank,GO_Biological_Process_2021::negative regulation of inflammatory response to antigenic stimulus (GO:0002862),0.31748891295835513,1.0861659883767532,0.34177997527812115,0.46246315332073645,1.0,29/73,20.70%,CD247;CALCB;ADM2;PTGIR;GGT5;GPBAR1;TREM2;RHBDF2;GNG2;CYSLTR2;MYH9;GCG;GPHA2;CD163;ADCYAP1;PLK2;PLCG2;FURIN;IAPP;FCGR2A;MC4R;PLCG1;VIPR1;CRH;GGT1;P2RY11;VIP;SCT;HTR7
prerank,GO_Biological_Process_2021::acetylcholine receptor signaling pathway (GO:0095500),-0.43191175073334354,-1.0855793273720278,0.3751568381430364,0.4345892930536363,1.0,2/10,2.39%,LYPD1;LY6H
prerank,GO_Biological_Process_2021::neuromuscular process (GO:0050905),-0.371676436663477,-1.0845840716167863,0.3609625668449198,0.43567544622535015,1.0,3/15,4.59%,CHRND;AGTPBP1;HOXA1
prerank,GO_Biological_Process_2021::negative regulation of reproductive process (GO:2000242),0.4089349444345577,1.0839992538227765,0.3765941485371343,0.46576943920036756,1.0,8/18,17.59%,ARHGDIB;EPPIN;SULF1;GJA1;ASTL;DUSP1;PAEP;TIMP1
prerank,GO_Biological_Process_2021::regulation of translational initiation (GO:0006446),0.32832337795145516,1.0832166275248396,0.35128205128205126,0.46676493441944067,1.0,21/56,22.59%,CCL5;ATF3;EIF1;DAZL;NCK1;CEBPB;NCK2;EIF2AK3;EIF5;DNAJC3;EIF3E;EIF3H;PPP1R15B;EIF4EBP1;EIF4B;MIF4GD;EIF1B;PAIP2B;KHDRBS1;EIF4H;POLR2G
prerank,GO_Biological_Process_2021::positive chemotaxis (GO:0050918),0.4786540602844939,1.0828967909319167,0.4066945606694561,0.4670223530014488,1.0,4/10,14.83%,FPR2;CORO1A;FGF7;FGF10
prerank,GO_Biological_Process_2021::positive regulation of cell growth (GO:0030307),-0.25120911839391963,-1.0824326942035392,0.25824175824175827,0.43866584244469314,1.0,19/75,13.73%,SYT3;RNF157;LGI1;CDKL5;DDX49;EXOSC2;EXOSC9;EXOSC4;TAF9B;ZNF639;TRIM32;INO80;ADNP2;BRAT1;CPNE6;RIMS1;SFRP1;RASAL1;PSMD10
prerank,"GO_Biological_Process_2021::protein alpha-1,2-demannosylation (GO:0036508)",0.39585573024227605,1.0815155853812697,0.37378277153558054,0.4690228382419799,1.0,10/22,21.14%,MAN1A1;MAN1A2;MAN1C1;MAN1B1;OS9;EDEM2;DERL2;EDEM1;UBB;RNF139
prerank,GO_Biological_Process_2021::intracellular lipid transport (GO:0032365),0.44510380023305174,1.0809739520405799,0.3860062893081761,0.46964223576111697,1.0,2/13,7.24%,NPC2;ARV1
prerank,GO_Biological_Process_2021::regulation of sodium ion transmembrane transporter activity (GO:2000649),0.3545814198584949,1.080873393142923,0.35881542699724517,0.4695356764466382,1.0,10/36,16.02%,OSR1;FXYD5;FXYD6;GLRX;CAV3;NEDD4;PTPN3;FXYD1;FGF13;HECW2
prerank,GO_Biological_Process_2021::synaptic vesicle endocytosis (GO:0048488),0.3549598283263058,1.080516634983857,0.3724381625441696,0.46985732609844366,1.0,17/35,25.35%,SNCG;MX2;DNM1;CANX;MX1;AMPH;STX1A;ITSN1;CEL;SYT1;OPHN1;ITSN2;FCHO2;PICALM;SYT2;KIAA1109;PACSIN1
prerank,GO_Biological_Process_2021::mitochondrial respiratory chain complex assembly (GO:0033108),0.34226471683331683,1.079787194962851,0.3597640891218873,0.4707987969192079,1.0,16/45,24.73%,UQCRFS1;SCO2;COX17;SURF1;NDUFAF6;TMEM126B;PET100;UQCC2;COA3;COX14;TIMMDC1;TMEM126A;COX19;COX20;TTC19;SLC25A33
prerank,GO_Biological_Process_2021::regulation of chromatin binding (GO:0035561),0.4512040751769178,1.0794672054777033,0.39857369255150554,0.47106466266337377,1.0,3/12,10.63%,HMBOX1;ZNF618;PARP9
prerank,GO_Biological_Process_2021::glycolipid biosynthetic process (GO:0009247),-0.29419161464050575,-1.0789915312008869,0.3326959847036329,0.443740349275037,1.0,12/36,13.33%,PIGG;DPM3;PIGH;PGAP2;PIGF;DPM1;PIGM;PIGN;PIGB;PIGW;PIGQ;DPM2
prerank,GO_Biological_Process_2021::modulation by host of viral genome replication (GO:0044827),0.43678962714547975,1.078810858079745,0.39158576051779936,0.4718543529903225,1.0,6/14,22.29%,CCL8;IFI27;PHB;ZC3H12A;VAPA;PPIB
prerank,GO_Biological_Process_2021::positive regulation of axon extension (GO:0045773),-0.34959345217706184,-1.078576704465185,0.36637931034482757,0.4438586485516124,1.0,3/17,4.08%,DSCAM;CDKL5;MEGF8
prerank,GO_Biological_Process_2021::organic cation transport (GO:0015695),-0.3392758805017938,-1.0783907967897073,0.35276532137518685,0.44362594407427636,1.0,4/19,6.38%,SLC22A16;SLC29A4;SLC22A1;SLC22A4
prerank,GO_Biological_Process_2021::sphingosine biosynthetic process (GO:0046512),0.44706652113789713,1.0781085153944774,0.4,0.4724724268117764,1.0,7/13,23.25%,ASAH2B;SPHK1;GBA;ASAH2;ASAH1;ACER1;SPHK2
prerank,GO_Biological_Process_2021::sphingoid biosynthetic process (GO:0046520),0.44706652113789713,1.0781085153944774,0.4,0.4724724268117764,1.0,7/13,23.25%,ASAH2B;SPHK1;GBA;ASAH2;ASAH1;ACER1;SPHK2
prerank,GO_Biological_Process_2021::cellular response to unfolded protein (GO:0034620),0.39137882709326716,1.077611387768137,0.373134328358209,0.47301938769887053,1.0,7/23,18.49%,TM7SF3;HSPB8;HSPA9;HSPA5;HSPD1;BAK1;PTPN1
prerank,"GO_Biological_Process_2021::positive regulation of nuclear-transcribed mRNA catabolic process, deadenylation-dependent decay (GO:1900153)",0.4316070745457625,1.0740929264392312,0.3849802371541502,0.47828543013365316,1.0,9/14,27.19%,PABPC1;ZFP36L1;ZFP36;NANOS1;CNOT7;CNOT1;NANOS3;DHX36;ZFP36L2
prerank,"GO_Biological_Process_2021::regulation of nuclear-transcribed mRNA catabolic process, deadenylation-dependent decay (GO:1900151)",0.4316070745457625,1.0740929264392312,0.3849802371541502,0.47828543013365316,1.0,9/14,27.19%,PABPC1;ZFP36L1;ZFP36;NANOS1;CNOT7;CNOT1;NANOS3;DHX36;ZFP36L2
prerank,GO_Biological_Process_2021::regulation of histone modification (GO:0031056),0.4734185007963559,1.0739342455714667,0.38831615120274915,0.478282051908695,1.0,3/10,18.09%,MYOCD;NNMT;UBE2N
prerank,GO_Biological_Process_2021::regulation of myelination (GO:0031641),0.38017802141646545,1.073622948571067,0.38641344046749454,0.47852480103430844,1.0,9/25,16.15%,RNF10;CST7;KLK8;ITGAX;PTPRZ1;JAM2;TNFRSF1B;EIF2AK3;PARD3
prerank,GO_Biological_Process_2021::positive regulation of reproductive process (GO:2000243),-0.3307668489907785,-1.0731871471564147,0.35823170731707316,0.4516772303565684,1.0,6/22,10.03%,CFAP69;TACR2;TAC4;ANKRD31;ZP3;ACVR1B
prerank,GO_Biological_Process_2021::cellular response to fatty acid (GO:0071398),0.4532590558941166,1.0721668723187798,0.3859948761742101,0.4806492629778471,1.0,6/12,22.75%,PID1;LPL;UCP1;ZC3H12A;DGAT2;AKR1C1
prerank,GO_Biological_Process_2021::regulation of purine nucleotide metabolic process (GO:1900542),-0.27730498895778954,-1.0711633339319435,0.3333333333333333,0.45453805119079577,1.0,12/41,12.85%,NUP205;POM121;NUP133;NUP188;NUP35;NUP37;LACC1;AAAS;NUP160;NUP43;POM121C;NDC1
prerank,GO_Biological_Process_2021::sensory perception of smell (GO:0007608),-0.3686910731119295,-1.0707788970260215,0.37032258064516127,0.45459399753339513,1.0,5/14,10.72%,SYT10;OR7A5;OR8G1;OR5B21;OR2A7
prerank,GO_Biological_Process_2021::lung epithelium development (GO:0060428),0.4725074417626678,1.0707681232622852,0.4037674037674038,0.48269097407805256,1.0,4/10,14.83%,RCN3;FOXJ1;BMP4;FGF10
prerank,GO_Biological_Process_2021::neural crest cell development (GO:0014032),-0.27804435304656483,-1.0707192478725407,0.34476190476190477,0.4541215816997604,1.0,14/43,14.87%,SOX8;SOX11;NRTN;TAPT1;SEMA4C;NOLC1;SEMA5B;FAM172A;PEF1;SOX10;SEMA4B;SEMA3B;SHH;SEMA5A
prerank,GO_Biological_Process_2021::regulation of intracellular transport (GO:0032386),0.35556718895634803,1.0705824513038356,0.3801369863013699,0.4827297192738083,1.0,21/35,28.71%,MLC1;REEP6;MX2;MYLK2;LCP1;PLA2G3;NUP214;PTPN1;LAMP1;CAPN10;HAP1;RNF139;NDEL1;LRRK2;WWC1;DNAJC30;DYNC1H1;RAB11B;MYBPC3;REEP5;SCFD1
prerank,GO_Biological_Process_2021::negative regulation of protein kinase B signaling (GO:0051898),0.37119667187901373,1.0704293746059133,0.3837876614060258,0.4827241681424428,1.0,12/29,25.97%,PHLDA3;HYAL2;PTEN;ARRB2;PKHD1;BANK1;TRIB3;SH2B3;PLEKHA1;TSC2;DDIT3;PHLPP1
prerank,GO_Biological_Process_2021::phosphatidylglycerol metabolic process (GO:0046471),0.3959700678936298,1.0699709926358933,0.3819286256643888,0.48323244490877465,1.0,8/20,20.84%,PLA2G2D;PLA2G3;PLA2G1B;PLA2G2F;PLA2G15;PLA2G4D;PLA2G4B;LPCAT4
prerank,GO_Biological_Process_2021::non-canonical Wnt signaling pathway (GO:0035567),-0.24184349329862537,-1.067584942211083,0.30517711171662126,0.4588714349522103,1.0,25/83,19.14%,PRICKLE2;CELSR3;ROR2;RYK;CELSR2;PDE6B;WNT7A;PLCB2;FZD9;SFRP1;FZD3;AGO3;WNT4;NLK;PSMD10;AGO1;AGO4;PSME3;PLCB3;VANGL2;PPP3CB;MOV10;TNRC6A;CCDC88C;FZD6
prerank,GO_Biological_Process_2021::spliceosomal tri-snRNP complex assembly (GO:0000244),-0.3826766293243071,-1.0669336643407052,0.3668789808917197,0.459363768751783,1.0,3/13,14.03%,AAR2;SART3;CD2BP2
prerank,GO_Biological_Process_2021::regulation of vasoconstriction (GO:0019229),0.46381230762709524,1.0666387774471884,0.40946843853820597,0.4884755176996745,1.0,7/10,28.63%,ACE2;CAV1;PER2;SMTNL2;KCNMB2;AVPR1A;ATP2B1
prerank,GO_Biological_Process_2021::neuron apoptotic process (GO:0051402),0.42929845754717794,1.0657818873440024,0.38808373590982287,0.48964358395008506,1.0,8/14,26.32%,FAM162A;BID;FAS;NLRP1;GAPDH;NGFR;TNFRSF21;DIABLO
prerank,GO_Biological_Process_2021::metal ion export (GO:0070839),0.38072561182392,1.0652917676119031,0.39288307915758897,0.4902009014690177,1.0,10/23,23.24%,SLC11A1;SLC40A1;ATP12A;ATP1B2;ATP1A4;ATP7B;KCNK5;ATP1A3;ATP7A;SLC9A1
prerank,GO_Biological_Process_2021::regulation of ceramide biosynthetic process (GO:2000303),0.4498715884765643,1.0652128865652337,0.40306946688206785,0.4900574923769237,1.0,8/12,25.49%,SAMD8;ENPP7;SPHK1;SMPD3;PLA2G6;SPHK2;NSMAF;SIRT3
prerank,GO_Biological_Process_2021::positive regulation of CREB transcription factor activity (GO:0032793),0.44231718389888325,1.0652030820299079,0.4066193853427896,0.4898020670965113,1.0,7/13,28.05%,RPS6KA4;PRKD2;LRP8;LPAR5;RELN;ADCY8;RPS6KA5
prerank,GO_Biological_Process_2021::cellular response to thyroid hormone stimulus (GO:0097067),0.46500534221601597,1.0634895467921008,0.4070872947277442,0.4923853801521273,1.0,7/10,21.07%,GATA1;LMO2;CTSL;CTSH;CTSB;KLF9;RDX
prerank,GO_Biological_Process_2021::positive regulation of protein modification by small protein conjugation or removal (GO:1903322),0.31982316661401894,1.0630826104143785,0.3722257450856056,0.492786029549606,1.0,26/63,24.40%,FAM107A;LAPTM5;PTTG1IP;RASD2;PRICKLE1;CAV1;SPHK1;WFS1;UBE2D1;TRAF6;RIPK2;COMMD1;PIAS3;ZC3H12A;STUB1;RWDD3;BCL10;UBB;XIAP;NDFIP1;TNIP1;FBXW7;LRRK2;CUL3;TANK;DERL1
prerank,GO_Biological_Process_2021::protein localization to cell-cell junction (GO:0150105),0.4291837542245963,1.0630382507034817,0.4089481946624804,0.49258280189018044,1.0,8/14,25.83%,CDH5;F11R;DSP;LSR;CGNL1;TJP1;TJP3;ACTG1
prerank,GO_Biological_Process_2021::regulation of cellular protein catabolic process (GO:1903362),0.4138805991936844,1.0621346966524488,0.3979907264296754,0.493816654427752,1.0,11/17,29.62%,PTTG1IP;ATRAID;VPS35;EZR;RDX;MSN;VGLL4;RGP1;RIC1;DACT1;WDR91
prerank,GO_Biological_Process_2021::positive regulation of protein localization to membrane (GO:1905477),0.31339257605989074,1.0620792454509547,0.3624161073825503,0.4936293751898058,1.0,42/71,30.00%,CNPY4;STAC;PTPN9;SORBS1;TREM2;MTCL1;MYO1C;GZMB;PMAIP1;STX3;TP73;BID;ARHGEF16;PLS1;SLC5A3;ITGA3;YWHAQ;SFN;YWHAH;YWHAE;NMT1;RHOG;ARF6;STX4;CHP1;NKD2;SQSTM1;SPTBN1;CD81;PPP1R13B;TCAF1;TP63;CEMIP;PRNP;ITGB1BP1;YWHAG;ANK3;BBC3;GPER1;FIS1;YWHAZ;PDZK1
prerank,GO_Biological_Process_2021::positive regulation of protein localization to nucleus (GO:1900182),0.3243295592445261,1.059504027400628,0.3869314541960282,0.497614354690117,1.0,24/53,24.86%,HCLS1;HYAL2;YAP1;PARP9;SMAD3;FERMT2;LIF;WWTR1;LIMK2;EIF2AK3;CDH1;TCP1;CARD10;JUP;ZC3H12A;CCT8;PYHIN1;CCT6A;NGFR;CCT4;DKC1;DTX3L;CCT5;CCT2
prerank,GO_Biological_Process_2021::positive regulation of transcription from RNA polymerase II promoter in response to endoplasmic reticulum stress (GO:1990440),0.4614456536661493,1.0594517785997721,0.4143835616438356,0.4974338767991735,1.0,4/10,17.37%,ATF3;CEBPB;HSPA5;ATF6
prerank,GO_Biological_Process_2021::cellular response to mechanical stimulus (GO:0071260),-0.3111202447759044,-1.0583295046924455,0.36666666666666664,0.4734770363527829,1.0,4/25,4.83%,KCNK4;HABP4;PIEZO2;PIEZO1
prerank,GO_Biological_Process_2021::positive regulation of smoothened signaling pathway (GO:0045880),-0.3467268542143475,-1.0582919355688494,0.3903133903133903,0.4729722816794996,1.0,7/18,15.34%,GAS8;TTC23;STK36;EVC;SFRP1;SHH;TUBD1
prerank,GO_Biological_Process_2021::regulation of nucleic acid-templated transcription (GO:1903506),-0.1996755756698856,-1.0582756589955793,0.25,0.4724112824545237,1.0,77/383,14.11%,NKX6-2;ZNF212;ZSCAN21;ZNF253;ZNF737;SOX3;ZKSCAN5;SOX11;SIX1;HES6;MAFA;SOX13;ZIM2;HOXB7;UTP4;ZNF282;TAF5L;SCRT1;ZNF74;FADS1;FOXK2;LIN54;OGG1;HOXD13;MYBBP1A;MED23;REXO4;CHD7;CELSR2;ATRX;TULP3;FOXN4;REST;NUP35;RYBP;ZNF141;ZNF431;PRRX2;RNF20;MYBL1;ZNF219;HCFC2;HINFP;TAF6L;SAP30L;NR2C2;KMT2D;ATXN1;ACTR8;HCFC1;ACVR1B;MLF1;MYCBP;ASCC1;SRRT;ZNF273;CCAR2;TRIP4;ZNF350;RNF6;ZNF653;PHF19;POFUT1;ZNF460;PHF12;KAT7;SOX21;YAF2;PPIE;ZNF217;NLK;NKX3-1;ZNF516;GCM1;ACTR5;NIF3L1;PSPC1
prerank,GO_Biological_Process_2021::negative regulation of neurogenesis (GO:0050768),0.3670497068440468,1.057356324751953,0.39019189765458423,0.5006742688271588,1.0,12/28,23.85%,THY1;PTEN;B2M;PAX6;RHOA;DYNLT1;EFNB3;YWHAH;SORL1;MCF2;NGFR;GDI1
prerank,GO_Biological_Process_2021::RNA catabolic process (GO:0006401),0.3384541906845052,1.0570865176581394,0.3847722637661455,0.5008407211066539,1.0,11/42,20.49%,SIDT2;RNASE6;RNASE2;RNASE3;RNASET2;ISG20;RNASEH2B;RNASEH2C;HNRNPD;PABPC4;RNH1
prerank,GO_Biological_Process_2021::negative regulation of translation (GO:0017148),0.30779742428662693,1.056857950283744,0.3914354644149578,0.5009346938159763,1.0,31/76,26.97%,IGFBP5;PCIF1;UNK;GZMB;EIF2AK2;IGF2BP1;EIF4A3;EIF2AK3;NCL;EIF4E2;EIF3E;EIF4EBP1;GRB7;CELF1;DAPK3;IGF2BP2;ENC1;PAIP2B;RNF139;DDX6;GAPDH;LIN28A;NANOS1;CNOT7;EIF4EBP2;SYNCRIP;CNOT1;NANOS3;DAPK1;DHX36;TRIM71
prerank,GO_Biological_Process_2021::epidermis development (GO:0008544),0.3173089849307084,1.0564106244204021,0.3958076448828607,0.501378756330077,1.0,25/66,19.59%,EMP1;SVEP1;SPRR3;CALML5;SPRR1A;S100A7;WAS;SPRR1B;ZNF750;DCT;COL17A1;FLOT2;DSP;FGF7;GATA6;CERS3;PLOD1;FABP5;CDSN;CRABP2;GLI1;SCEL;GRHL3;SPRR2A;EVPL
prerank,GO_Biological_Process_2021::ear morphogenesis (GO:0042471),-0.3316178972059416,-1.055680818189306,0.3719599427753934,0.4762923380576589,1.0,8/20,11.95%,TMIE;SIX1;USH1C;HOXA1;ZIC1;CHD7;NIPBL;OSR2
prerank,GO_Biological_Process_2021::positive regulation of transcription from RNA polymerase II promoter involved in cellular response to chemical stimulus (GO:1901522),0.4105832708702196,1.0553426685138425,0.40092879256965946,0.5028901879912229,1.0,6/17,21.31%,RUNX2;HIF1A;XBP1;DLX5;BMP2;SMAD1
prerank,GO_Biological_Process_2021::negative regulation of ATPase activity (GO:0032780),0.45185782645001604,1.0550205081526773,0.41646090534979424,0.5031659008574061,1.0,4/11,15.43%,LTF;IFIT1;PPIF;PLN
prerank,GO_Biological_Process_2021::positive regulation of purine nucleotide metabolic process (GO:1900544),0.4535794118358548,1.0549338499985694,0.4267990074441687,0.5027594126158804,1.0,8/11,30.47%,HIF1A;PFKFB3;ARNT;MLXIPL;PFKFB2;GAPDHS;ZBTB20;PFKFB4
prerank,GO_Biological_Process_2021::positive regulation of glycolytic process (GO:0045821),0.4535794118358548,1.0549338499985694,0.4267990074441687,0.5027594126158804,1.0,8/11,30.47%,HIF1A;PFKFB3;ARNT;MLXIPL;PFKFB2;GAPDHS;ZBTB20;PFKFB4
prerank,GO_Biological_Process_2021::mesoderm formation (GO:0001707),-0.3760062062445988,-1.0523473121208842,0.38722294654498046,0.4815326127281787,1.0,3/13,7.28%,SCX;CRB2;TBX19
prerank,GO_Biological_Process_2021::retinal metabolic process (GO:0042574),0.431756820114941,1.0522085513696193,0.41089108910891087,0.5070131853149685,1.0,5/14,14.69%,RDH13;CYP1B1;CYP27C1;ALDH1A3;BCO1
prerank,GO_Biological_Process_2021::kidney development (GO:0001822),0.31698442224735657,1.0521034477592917,0.4088575096277279,0.5069086778885084,1.0,20/58,19.37%,OSR1;SULF2;TCF21;HAS2;KANK2;HYAL2;SULF1;CTSH;PRKX;ROBO2;FGF8;BMP4;WFS1;GATA3;FGF10;ITGA8;TFAP2A;BMP7;TFAP2B;GLI2
prerank,GO_Biological_Process_2021::cellular response to calcium ion (GO:0071277),0.3156123172122506,1.051389106310393,0.3903061224489796,0.507817422823706,1.0,21/62,21.14%,CPNE8;CPNE3;CPNE1;CPNE2;LGMN;DMTN;PPIF;ALOX15;SCN5A;SLC25A24;PLCG2;RASGRP2;ADD1;MEF2C;HPCA;SYT7;PKD2;SYT1;GPLD1;SYT9;TRPM2
prerank,GO_Biological_Process_2021::negative regulation of kinase activity (GO:0033673),0.3283827581845189,1.0512644508153364,0.3940983606557377,0.5077608222501865,1.0,26/49,28.67%,THY1;CAV3;PPM1F;TRIB1;WWTR1;CEACAM1;DTNBP1;UBASH3B;PRDX3;TRIB3;PYDC1;SFN;DVL1;PPM1E;IRS2;CHP1;HNRNPU;PRKAG2;TSC2;GNAQ;TAB1;NPRL2;LRP6;ITGB1BP1;TRIB2;YWHAG
prerank,MSigDB_Hallmark_2020::Cholesterol Homeostasis,0.3175327009452864,1.0504988202489263,0.3930564166150031,0.5087752951037328,1.0,25/61,22.05%,LGMN;PLAUR;TP53INP1;LPL;S100A11;GPX8;GSTM2;LDLR;PNRC1;ATF5;ATF3;ANTXR2;STARD4;CXCL16;PLSCR1;GNAI1;ETHE1;TMEM97;FABP5;ALDOC;TRIB3;GLDC;JAG1;CD9;STX5
prerank,GO_Biological_Process_2021::urogenital system development (GO:0001655),0.46579065352920856,1.050418500193302,0.4222972972972973,0.5086259146143346,1.0,4/10,18.84%,OSR1;ALOX15B;ANXA1;SOX9
prerank,GO_Biological_Process_2021::establishment of protein localization to extracellular region (GO:0035592),0.3386775185495875,1.0502492731413633,0.39557399723374825,0.5086286864111641,1.0,13/40,18.93%,RCN3;TMEM167A;RAB3D;LTBP2;ARL4D;CANX;MIA2;RAB8A;RAB13;PDIA4;STEAP3;RAB3A;TANGO6
prerank,"GO_Biological_Process_2021::RNA phosphodiester bond hydrolysis, endonucleolytic (GO:0090502)",-0.3610285327070119,-1.0500485295199222,0.38337801608579086,0.4849196372204657,1.0,5/14,13.92%,ZC3H12D;POP7;RPP30;POP1;RNASEH1
prerank,GO_Biological_Process_2021::regulation of type I interferon-mediated signaling pathway (GO:0060338),0.3654885585311807,1.0497045060892674,0.4113424264178033,0.509253333250943,1.0,15/27,25.64%,RNASEL;USP18;OAS1;OAS3;PTPN6;SAMHD1;PTPN1;ZBP1;PTPN2;ISG15;CDC37;CNOT7;FADD;TTLL12;STAT2
prerank,GO_Biological_Process_2021::photoreceptor cell development (GO:0042461),-0.3751221890194752,-1.0495757294930872,0.3877284595300261,0.48515894591132686,1.0,4/12,7.89%,CEP290;CDHR1;TOPORS;AHI1
prerank,GO_Biological_Process_2021::negative regulation of cyclin-dependent protein kinase activity (GO:1904030),-0.337541792630053,-1.0490468829917299,0.3851963746223565,0.4854573162176366,1.0,8/20,17.25%,INCA1;IPO5;HEXIM2;APC;CDKN1B;CDKN1C;IPO7;CDK5RAP1
prerank,GO_Biological_Process_2021::mitochondrion organization (GO:0007005),0.28331411986940913,1.0477217980005558,0.3951701427003293,0.5122863399590357,1.0,67/155,29.80%,PID1;SLC25A36;HIGD1B;MX2;COX7A1;BIK;MYH14;WASF1;PPARGC1A;DNM1;TMEM70;SPATA18;MX1;RAB38;PHB;IFIT2;BID;HK2;CYCS;MTFP1;AIFM2;CHCHD2;PRDX3;HIGD1A;HSPD1;HIGD2A;TOMM22;GBA;HAP1;TOMM34;RAB32;TIMM17A;RAB29;ATP7A;ATPAF1;MTFR1L;GDAP1;SIRT4;LRRK2;PHB2;TIMM8B;ATCAY;FBXO7;BNIP3L;SLC25A33;TOMM20;YME1L1;SIRT3;BAX;TIMM13;COX7A2;VPS13D;DNAJC19;SLC25A4;CHCHD10;TIMM9;CAV2;TOMM40;OMA1;GABPB1;BNIP3;MTX3;ATP2A1;SLIRP;HAX1;OXA1L;FIS1
prerank,GO_Biological_Process_2021::cellular response to gamma radiation (GO:0071480),-0.4042649028064425,-1.0477091266585625,0.42493946731234866,0.4871866267882213,1.0,5/11,16.78%,WRN;XRCC5;CRYAB;TLK2;XRCC6
prerank,GO_Biological_Process_2021::substrate adhesion-dependent cell spreading (GO:0034446),0.350119399914167,1.0471123958126525,0.40381895332390383,0.5129864753058101,1.0,16/34,17.92%,ANTXR1;PARVA;PXN;PARVB;PARVG;LAMB4;FERMT2;LAMA5;MICALL2;MEGF9;ILK;LPXN;ITGA8;ITGB7;RHOA;FERMT3
prerank,GO_Biological_Process_2021::dicarboxylic acid metabolic process (GO:0043648),0.32597417775229515,1.0465999704308215,0.400262467191601,0.5135817018638577,1.0,22/51,27.60%,MDH1;FOLR2;ME2;ACOT4;ADHFE1;GGT1;ALDH18A1;SLC46A1;SLC25A32;ALDH1L1;MDH1B;GCLM;PCK1;MDH2;ASS1;MTRR;ALDH5A1;ALDH1L2;SDHA;GLUD2;GPT2;GCLC
prerank,GO_Biological_Process_2021::connective tissue development (GO:0061448),0.3587142030577019,1.0461347597102022,0.3931133428981349,0.5140625323729083,1.0,16/29,27.10%,SULF2;CHI3L1;HYAL2;HYAL1;SULF1;GHRL;XBP1;LRP5;SOX9;ATP7A;SH3PXD2B;HYAL3;SOX5;ZBTB16;DDRGK1;SOX6
prerank,GO_Biological_Process_2021::regulation of lipid metabolic process (GO:0019216),0.3085900736356552,1.0456531046332984,0.40699815837937386,0.5145940547939974,1.0,27/72,22.68%,PSAPL1;NPC2;RARRES2;CCDC3;C1QTNF2;ABCA7;APOC2;APOC1;TNFAIP8L3;ANGPTL8;CAV1;NCOA2;SMARCD3;LACTB;PANK2;HELZ2;NCOR1;PSAP;NR1D1;GNB3;IRS2;ID2;SIN3A;SERPINA3;NCOR2;PCK1;PRKAG2
prerank,GO_Biological_Process_2021::cellular response to estradiol stimulus (GO:0071392),0.4377189834999351,1.0447817120156624,0.4257188498402556,0.5157577201412623,1.0,2/12,4.30%,FAM210B;ZNF703
prerank,GO_Biological_Process_2021::protein export from nucleus (GO:0006611),-0.3105774177508176,-1.0445127128704912,0.4,0.49223629800177743,1.0,5/24,11.73%,XPO5;CSE1L;XPO7;RANBP3;STRADB
prerank,GO_Biological_Process_2021::protein quality control for misfolded or incompletely synthesized proteins (GO:0006515),-0.31421187015416396,-1.0444925611360123,0.38556067588325654,0.4916710417924477,1.0,6/23,12.26%,POMT2;ZER1;KLHL15;LONP1;ZYG11B;RNF185
prerank,GO_Biological_Process_2021::DNA packaging (GO:0006323),-0.39256731881715806,-1.043213866159099,0.4106217616580311,0.4933339809052813,1.0,4/11,20.53%,NOC2L;CDAN1;KAT6A;AIFM1
prerank,GO_Biological_Process_2021::nuclear membrane organization (GO:0071763),0.40538721116175075,1.042537530683442,0.43507972665148065,0.5191718773853311,1.0,6/18,23.19%,TOR1B;TOR1AIP1;TOR1A;CHMP7;CHMP4B;EMD
prerank,GO_Biological_Process_2021::regulation of axon extension involved in axon guidance (GO:0048841),-0.32512323626072137,-1.0420763067242453,0.4042232277526395,0.4947557354596737,1.0,7/21,14.87%,DSCAM;MEGF8;SEMA4C;SEMA5B;SEMA4B;SEMA3B;SEMA5A
prerank,GO_Biological_Process_2021::negative regulation of G2/M transition of mitotic cell cycle (GO:0010972),0.3589037831303867,1.0409218715297182,0.40577617328519855,0.5216689535333924,1.0,12/28,23.04%,CHMP4C;FHL1;SKP1;PSMF1;CUL1;PSMD5;PSMB2;PSMA2;PSMA8;NABP1;PSMB4;PSMD9
prerank,GO_Biological_Process_2021::protein tetramerization (GO:0051262),-0.25936251479339323,-1.0406216826172658,0.39400921658986177,0.4967169208685611,1.0,13/58,14.86%,HCN1;PKD2L1;KIF25;KCNC3;CPSF6;GNMT;KCNJ2;CPSF7;CBR4;KRT10;APPL2;NUDT21;HSD17B8
prerank,GO_Biological_Process_2021::gene silencing by miRNA (GO:0035195),-0.2945108497802227,-1.0385617145926387,0.4074074074074074,0.4997142228744865,1.0,14/31,25.12%,TARBP2;XPO5;SNIP1;AGO3;AGO1;AGO4;PUM2;MOV10;TNRC6A;CNOT6;ZC3H7B;TNRC6C;PRKRA;RAN
prerank,GO_Biological_Process_2021::transport across blood-brain barrier (GO:0150104),0.3088193168250241,1.0382282968025316,0.4211822660098522,0.5258566683532744,1.0,29/71,25.48%,SLC6A6;LRP3;SLC44A1;SLC22A2;SLC2A4;SLC6A9;SLC7A8;CD36;SLCO2B1;ATP1B2;SLC2A10;ATP1A4;SLC16A7;FABP5;SLC5A3;SLC2A3;SLC16A1;ABCC4;SLC1A1;SLC7A5;SLC1A2;SLC5A5;SLC16A2;ABCG2;LRP2;MFSD2A;SLC22A3;ABCC5;SLC29A2
prerank,GO_Biological_Process_2021::endochondral bone morphogenesis (GO:0060350),0.4483478867661883,1.037908469441216,0.42333333333333334,0.5261033400912811,1.0,5/10,17.94%,TMEM119;COL13A1;BMP4;MEF2C;DLX5
prerank,GO_Biological_Process_2021::positive regulation of type I interferon production (GO:0032481),0.3194945835987679,1.0377324050529504,0.4207825529185375,0.5261244420526628,1.0,23/57,22.76%,PTPN22;DDX58;OAS1;OAS2;OAS3;IFIH1;IRF5;IRF7;MYD88;LRRFIP1;RNF135;RIPK2;STAT6;TBK1;HSPD1;ZBP1;G3BP1;STAT1;FLOT1;DHX58;ISG15;GAPDH;POLR2E
prerank,GO_Biological_Process_2021::DNA deamination (GO:0045006),0.4272028446898832,1.0374471879942568,0.43709677419354837,0.5263111350433091,1.0,7/13,19.85%,APOBEC3G;APOBEC3D;APOBEC3A;AICDA;APOBEC3H;APOBEC3C;APOBEC3B
prerank,GO_Biological_Process_2021::central nervous system neuron development (GO:0021954),-0.39672803657158906,-1.0373520806876713,0.41935483870967744,0.5012816275220432,1.0,1/11,0.43%,LHX8
prerank,GO_Biological_Process_2021::visual system development (GO:0150063),0.34198552243281194,1.0366799595327543,0.42071881606765327,0.5273313888709351,1.0,15/37,25.33%,CHRDL1;SCO2;RBP4;SMOC1;C1QA;SOX2;PAX6;SLC39A5;ATF6;FREM2;ABCB5;BMPR1B;SH3PXD2B;HIPK1;CPAMD8
prerank,GO_Biological_Process_2021::cellular response to cAMP (GO:0071320),-0.306981413188418,-1.036428543462671,0.40809968847352024,0.5023515208549623,1.0,4/25,4.25%,HCN1;HCN3;HCN2;HCN4
prerank,GO_Biological_Process_2021::maintenance of protein localization in endoplasmic reticulum (GO:0035437),0.4387225962632114,1.0352369488721138,0.44534412955465585,0.5294584228666241,1.0,5/12,22.71%,KDELR3;OS9;HSPA5;KDELR1;ANKRD13C
prerank,GO_Biological_Process_2021::positive regulation of dendritic spine morphogenesis (GO:0061003),0.4505378978706873,1.035128142043477,0.4429530201342282,0.5293525935229298,1.0,4/10,20.59%,DBN1;DBNL;LRP8;RELN
prerank,GO_Biological_Process_2021::metal ion transport (GO:0030001),0.3121069252141807,1.0344843502055527,0.4184748915065096,0.5301307351422587,1.0,31/63,26.65%,SLC11A1;CCL5;TRPV6;CCL8;SLC24A1;CAV1;TPT1;TUSC3;NIPAL1;SLC3A2;SLC8A3;TRPC4;CCL3;NIPAL2;SLC39A2;PKD2;CYP27B1;RYR2;NDFIP1;TRPV5;TRPM2;SLC8A1;ATP2C1;LRP2;ATP2B2;NIPA2;SLC30A8;TRPC3;TRPC1;SLC39A8;CAMK2A
prerank,GO_Biological_Process_2021::positive regulation of brown fat cell differentiation (GO:0090336),0.44290351164791325,1.0343937085674866,0.4361792054099746,0.5300012144481535,1.0,1/11,0.33%,METRNL
prerank,GO_Biological_Process_2021::regulation of axon extension (GO:0030516),0.3478898399143685,1.0343226779526997,0.4386825508058865,0.5298337586386095,1.0,11/31,21.38%,DBN1;KIAA0319;SEMA3G;SEMA3A;TWF2;CTTN;DBNL;APOE;LIMK1;SIN3A;L1CAM
prerank,GO_Biological_Process_2021::pyrimidine nucleoside metabolic process (GO:0006213),0.4614122952932463,1.0342760630785324,0.45500420521446594,0.5296345495575221,1.0,6/10,23.98%,UPP2;NT5C1A;UPB1;DPYS;UPP1;NT5C3A
prerank,GO_Biological_Process_2021::regulation of cilium assembly (GO:1902017),-0.2559533147647684,-1.0339012575980726,0.38256658595641646,0.5062417013068109,1.0,14/57,12.18%,CDKL1;EVI5L;CDKL5;FUZ;TBC1D19;TAPT1;MARK4;KCTD17;TCHP;TBC1D10B;CCP110;IFT88;IFT20;SDCCAG8
prerank,GO_Biological_Process_2021::insulin secretion (GO:0030073),0.38953888330235603,1.033579283168148,0.4318181818181818,0.5305353389385833,1.0,10/18,28.19%,ADCYAP1;ANXA1;RAB11FIP5;FAM3B;SNX19;NEUROD1;SLC30A8;RAB11B;CYB5R4;RIMS2
prerank,GO_Biological_Process_2021::lung development (GO:0030324),0.34769350651222264,1.0329088796585044,0.42485955056179775,0.5313998047952674,1.0,14/31,19.37%,RCN3;CHI3L1;TCF21;PDPN;RBP4;FOXJ1;LOXL3;BMP4;FGF7;FGF10;CEBPA;FGF9;ITGA3;GLI2
prerank,GO_Biological_Process_2021::long-chain fatty acid transport (GO:0015909),0.37082779684754824,1.0325588754717165,0.43776824034334766,0.5317064685242731,1.0,8/23,24.46%,LCN1;FABP4;CD36;FABP5;APOE;PRKAG2;SLC27A2;MFSD2A
prerank,GO_Biological_Process_2021::negative regulation of cellular macromolecule biosynthetic process (GO:2000113),0.261268800828266,1.0322808224524769,0.4048582995951417,0.5318882641134035,1.0,170/469,25.98%,ZNF503;ZNF706;SLFN11;CCDC85B;ARID5A;SCML1;HMBOX1;LBH;SAMD11;PBXIP1;ZMYND15;ELK3;ZNF703;IGFBP5;ID3;CIITA;RUNX2;KLF10;PCIF1;TWIST2;PFDN5;ADIPOQ;ENPP1;PPM1F;S100A11;TWIST1;SBNO2;SOX7;GFI1;ID4;JUN;RUNX1T1;SHC1;FOXP3;PRICKLE1;FOXO1;SOX18;ID1;ATF5;COMMD7;GZMB;DAP;CBFA2T3;NR2F2;XCL1;NR1I2;ZEB1;ZBTB21;LIMS1;SFRP2;NKX2-5;HMGA2;PHB;ARNTL;DEDD2;LOXL3;ENPP7;FOXS1;PER2;HEYL;BMP4;GLIS2;MYB;EIF2AK2;GATA6;IGF2BP1;PDCD4;PRDM16;GATA3;MSX2;SNX6;BCL3;TSHZ3;EIF4A3;ZNF541;TBX21;EIF2AK3;PML;CEBPA;MDFIC;NCL;EIF4E2;TRAF6;TFAP2A;LDB1;SPI1;PRAME;RORB;RIPPLY1;TBX3;NPAS1;PRMT2;NCOR1;TRIB3;GZF1;ZBTB18;YWHAQ;IFNL1;BMP7;RBFOX2;IKZF1;GRB7;SOX9;TFAP2B;SMARCA2;NAB1;NR1D1;CDK5R1;ATOH8;DKK3;RFX3;CDKN1A;KDM8;BMP2;ID2;DAPK3;SIN3A;IGF2BP2;ENC1;PAIP2B;RNF139;RCOR2;KCTD1;DNMT3L;FOXG1;KHDRBS1;NCOR2;BASP1;ZSCAN10;DDX6;DBI;ERN2;PA2G4;GAPDH;ANKRD1;TBX2;KLF4;PHB2;ZNF91;LIN28A;ZNF423;NFIL3;MLXIPL;PASK;LHX9;HEY1;ZBTB4;NANOS1;CNOT7;NACC2;SP3;SYNCRIP;ZBTB38;MECOM;CNOT1;NANOS3;LEF1;CDKN2A;SMAD2;DDIT3;VGLL4;ZBTB16;NRG1;ZNF148;SMURF2;SUMO4;DAPK1;CHMP1A;SMAD4;TP63
prerank,GO_Biological_Process_2021::nucleotide biosynthetic process (GO:0009165),0.43900815102607604,1.0322681023981208,0.4407894736842105,0.5316263836335745,1.0,4/11,24.28%,NMNAT2;PRPSAP1;PRPS2;HPRT1
prerank,GO_Biological_Process_2021::purine-containing compound salvage (GO:0043101),0.43872561888770034,1.0317015911437364,0.4428923582580115,0.5323212977298551,1.0,5/11,24.28%,DCK;GMPR;AMPD1;DGUOK;HPRT1
prerank,GO_Biological_Process_2021::regulation of mRNA stability (GO:0043488),-0.23177125526787604,-1.0315730985499032,0.40372670807453415,0.509601463372011,1.0,22/92,14.34%,UBA52;EXOSC2;UBC;EXOSC9;EXOSC4;EXOSC5;RBM24;EXOSC3;PARN;ZC3H14;EXOSC7;FXR2;KHSRP;EXOSC1;FASTKD3;THRAP3;YTHDF1;EXOSC8;RC3H1;PSMD10;PUM2;PSME3
prerank,GO_Biological_Process_2021::adenylate cyclase-inhibiting G protein-coupled receptor signaling pathway (GO:0007193),-0.28142954187574826,-1.0315236249648376,0.4,0.5090659488205752,1.0,9/37,10.77%,MCHR1;GRM8;INSL3;NPY1R;ADCY5;FFAR3;ADCY7;GRM7;ADCY2
prerank,GO_Biological_Process_2021::muscle cell differentiation (GO:0042692),-0.3043787204653532,-1.031147177004936,0.41379310344827586,0.5091231829160421,1.0,6/25,8.53%,CHRNB1;POPDC2;SEMA4C;WNT5B;TBX18;NRAP
prerank,GO_Biological_Process_2021::response to organophosphorus (GO:0046683),0.4365991892453149,1.0306473645004313,0.44660194174757284,0.5338248593374619,1.0,6/11,25.56%,DUOX1;DUOX2;VGF;STAT1;AKR1C1;TRPC3
prerank,GO_Biological_Process_2021::dopaminergic neuron differentiation (GO:0071542),-0.3528868686141944,-1.0305265187126935,0.42126514131897713,0.5096068266378222,1.0,5/15,13.45%,OTX2;RYK;EN1;CDNF;SHH
prerank,GO_Biological_Process_2021::regulation of cellular protein metabolic process (GO:0032268),0.34377772837362564,1.0299466974346556,0.430622009569378,0.5346895521812752,1.0,11/34,19.78%,PCIF1;EDN1;FOXO3;CYFIP1;MTPN;EIF4E;VPS35;SSH1;APOE;EIF2A;GBA
prerank,GO_Biological_Process_2021::odontogenesis (GO:0042476),0.3540924915253274,1.0294371632874721,0.435565154787617,0.5352620058470672,1.0,15/29,23.37%,ZNF22;OSR1;TUFT1;AQP1;FGF8;AMTN;SCN5A;ANKRD11;BMP4;MSX1;GLI2;BMP2;AXIN2;AQP3;TBX1
prerank,GO_Biological_Process_2021::columnar/cuboidal epithelial cell differentiation (GO:0002065),0.44381208958386414,1.0279297931749007,0.45004198152812763,0.5375273212325183,1.0,5/10,16.70%,ENAM;GATA4;FGF8;GATA6;NPY
prerank,MSigDB_Hallmark_2020::Wnt-beta Catenin Signaling,0.3528557542512542,1.026864506522482,0.4397981254506128,0.5390079485091043,1.0,17/29,30.62%,NOTCH4;MYC;GNAI1;CUL1;NUMB;JAG1;NCOR2;AXIN2;JAG2;HEY1;PTCH1;LEF1;NCSTN;DVL2;AXIN1;MAML1;KAT2A
prerank,GO_Biological_Process_2021::positive regulation of muscle cell differentiation (GO:0051149),0.3822220227082389,1.0265212546535174,0.43290371493555724,0.5393151491062045,1.0,7/20,21.04%,MYOCD;MAPK12;MYF6;CDH2;MEF2C;BNIP2;CDC42
prerank,GO_Biological_Process_2021::positive regulation of peptidyl-threonine phosphorylation (GO:0010800),0.39309080204308716,1.0256193609867383,0.4269319051262433,0.5405342596794455,1.0,12/18,29.60%,CHI3L1;EGF;SPHK1;AZU1;RIPK2;BMP7;PRKAG2;CEMIP;TNKS1BP1;IRGM;AXIN1;CALM3
prerank,GO_Biological_Process_2021::negative regulation of cold-induced thermogenesis (GO:0120163),0.337126070035207,1.025420739666547,0.4309859154929577,0.5405867590834162,1.0,11/35,19.24%,ADAMTS5;ADIPOQ;CIDEA;ID1;MAP2K6;FOXC2;ARNTL;ACTN3;PCTP;ALDH1A1;NR1D1
prerank,GO_Biological_Process_2021::regulation of spindle organization (GO:0090224),-0.3387984833918702,-1.0247338971016269,0.4148148148148148,0.5192727908332254,1.0,8/17,29.12%,TPX2;NUMA1;RNF4;TACC3;BORA;GPSM2;PSRC1;SENP6
prerank,GO_Biological_Process_2021::positive regulation of transforming growth factor beta receptor signaling pathway (GO:0030511),0.38436680489644254,1.0223320360766168,0.45034116755117515,0.5451956139022242,1.0,8/19,26.42%,TGFB1I1;THBS1;SLC2A10;DAB2;SDCBP;ZEB2;SMAD4;GIPC1
prerank,GO_Biological_Process_2021::positive regulation of cellular response to transforming growth factor beta stimulus (GO:1903846),0.38436680489644254,1.0223320360766168,0.45034116755117515,0.5451956139022242,1.0,8/19,26.42%,TGFB1I1;THBS1;SLC2A10;DAB2;SDCBP;ZEB2;SMAD4;GIPC1
prerank,GO_Biological_Process_2021::cellular response to pH (GO:0071467),0.39767053896008114,1.0222577725468558,0.4368,0.5450327373869036,1.0,9/16,24.72%,HVCN1;HYAL1;RAB11FIP5;INSRR;GPLD1;CHP1;SLC9A1;AQP10;ASIC1
prerank,GO_Biological_Process_2021::protein insertion into membrane (GO:0051205),0.3584296847074774,1.0222110688393258,0.4458004307250538,0.5448257565362021,1.0,14/28,23.78%,GET4;HMOX1;SEC61G;RTP4;SEC61B;STX1A;SERP1;REEP1;VAPA;TRAM1;STX5;TRAM1L1;EMD;WDR83OS
prerank,GO_Biological_Process_2021::positive regulation of organelle assembly (GO:1902117),-0.27296083351304007,-1.0210319303191226,0.4205607476635514,0.5253783469238386,1.0,8/37,11.66%,FUZ;SPAG5;TAPT1;MARK4;KCTD17;CCP110;NUMA1;PIP4K2C
prerank,GO_Biological_Process_2021::intrinsic apoptotic signaling pathway by p53 class mediator (GO:0072332),0.3447002452469648,1.0208249201022128,0.4373259052924791,0.5469049461032651,1.0,14/32,25.11%,PHLDA3;CDIP1;PMAIP1;TP73;BCL3;PML;JMY;PYCARD;RPS27L;TMEM109;DDIT4;AEN;PPP1R13B;HIPK1
prerank,GO_Biological_Process_2021::fatty acid beta-oxidation using acyl-CoA oxidase (GO:0033540),0.417586632584,1.020436350302702,0.4694508894044857,0.547271662909017,1.0,3/14,15.05%,AMACR;ACOX2;ACOXL
prerank,GO_Biological_Process_2021::positive regulation of telomerase activity (GO:0051973),0.3606780757278267,1.0200469243838863,0.4430835734870317,0.5476543039757042,1.0,3/25,2.83%,PKIB;HMBOX1;MAPK15
prerank,GO_Biological_Process_2021::glial cell development (GO:0021782),-0.3074280069414501,-1.0196197579318134,0.4189189189189189,0.5272652612986701,1.0,7/23,13.53%,MYRF;SOX11;MT3;PICK1;EIF2B3;SOX10;EIF2B2
prerank,GO_Biological_Process_2021::regulation of sodium ion transport (GO:0002028),-0.28304160587421096,-1.0178747317078702,0.4438405797101449,0.5297570743537966,1.0,9/32,17.59%,SCN3B;SCN1B;GPD1L;WNK3;RANGRF;PKP2;ATP2B4;WNK1;NKAIN4
prerank,GO_Biological_Process_2021::fatty acid beta-oxidation (GO:0006635),-0.2581781707714425,-1.0176627573407675,0.42032332563510394,0.5294983020519529,1.0,13/48,20.38%,IVD;SLC25A17;ACADM;ECI1;PEX2;ETFDH;CRAT;MCAT;AUH;MECR;ABCD4;ECHS1;HADHA
prerank,GO_Biological_Process_2021::positive regulation of proteasomal ubiquitin-dependent protein catabolic process (GO:0032436),0.3081360483309734,1.0171440148827564,0.4525316455696203,0.5522860697850088,1.0,20/59,23.00%,RNF144B;RNF217;PRICKLE1;TRIB1;CBFA2T3;CAV1;BAG2;GABARAP;VCP;CEBPA;DAB2;RNF19B;RNF14;TRIB3;STUB1;DVL1;PLK3;NKD2;LRRK2;HECTD1
prerank,GO_Biological_Process_2021::microtubule polymerization (GO:0046785),-0.2914991152544054,-1.0159636482056777,0.42549668874172186,0.5319410439566368,1.0,11/27,17.09%,TPX2;CLASP1;CKAP5;CENPJ;TUBGCP6;NDE1;TUBG2;RANBP9;AKAP9;TUBG1;CLASP2
prerank,GO_Biological_Process_2021::positive regulation of posttranscriptional gene silencing (GO:0060148),-0.3954898241900824,-1.01583896715452,0.4483695652173913,0.5315547956894421,1.0,3/10,15.24%,XPO5;PUM2;DHX9
prerank,GO_Biological_Process_2021::calcium ion transmembrane transport (GO:0070588),0.3056216712064598,1.0158067758187241,0.446875,0.5542630311597787,1.0,29/63,26.14%,TMEM165;TRPV6;MCOLN3;SLC24A1;PHB;MCOLN2;SLC24A4;TRPV2;SLC8A3;MCU;TRPC4;SLC35G1;ANO6;PKD2;ATP2C2;TRPV5;TRPM2;SLC8A1;ATP2C1;PHB2;TRPC6;PMPCB;SLC8B1;YME1L1;ATP2B3;TRPC3;TRPC1;SLC25A23;PARL
prerank,GO_Biological_Process_2021::cell morphogenesis involved in differentiation (GO:0000904),0.3094792202252728,1.0149255160050246,0.4487516425755585,0.5554744298038707,1.0,25/57,20.59%,ANTXR1;PARVA;PXN;PARVB;UNK;PARVG;LAMB4;FERMT2;LAMA5;MICALL2;MEGF9;ILK;LPXN;ITGA8;MEF2C;SPI1;ITGB7;PKHD1;ABI2;ACTN1;RHOA;FERMT3;OPHN1;RILPL2;RELN
prerank,GO_Biological_Process_2021::activation of adenylate cyclase activity (GO:0007190),-0.32301043822224546,-1.0148891757210556,0.41515151515151516,0.5326423404348989,1.0,6/20,10.77%,ACR;GIPR;ADCY5;LGR5;ADCY7;ADCY2
prerank,GO_Biological_Process_2021::carboxylic acid biosynthetic process (GO:0046394),0.4391525786973318,1.0142675878653071,0.4649050371593724,0.556285945921333,1.0,5/11,20.65%,CYP2C8;CYP2C9;SLC35D1;UGDH;PAH
prerank,GO_Biological_Process_2021::small nucleolar ribonucleoprotein complex assembly (GO:0000491),-0.3911639997928792,-1.0133332053203514,0.44627054361567636,0.5348710922272233,1.0,4/10,26.40%,NUFIP1;ZNHIT6;SHQ1;PIH1D1
prerank,GO_Biological_Process_2021::regulation of generation of precursor metabolites and energy (GO:0043467),-0.25572785243037954,-1.0120635045491175,0.43434343434343436,0.5365327798049568,1.0,13/46,14.29%,NUP205;PNPT1;POM121;NUP133;NUP188;NUP35;NUP37;AAAS;NUP160;NUP43;POM121C;NDC1;NOA1
prerank,GO_Biological_Process_2021::cellular monovalent inorganic cation homeostasis (GO:0030004),0.4108465662941728,1.0112508494175465,0.46693227091633466,0.5611321441739584,1.0,9/14,23.39%,ATP12A;ATP1B2;ATP1A4;ATP6AP1;ATP1A3;TFAP2B;SLC8A1;SLC9A1;NEDD4L
prerank,GO_Biological_Process_2021::negative regulation of steroid biosynthetic process (GO:0010894),0.4427607663818335,1.0111978714261494,0.4704904405652535,0.5609281028020817,1.0,5/10,25.51%,GFI1;SNAI2;FGF19;BMP2;SNAI1
prerank,GO_Biological_Process_2021::poly-N-acetyllactosamine biosynthetic process (GO:0030311),-0.3698281921343983,-1.0110540014180978,0.43031123139377536,0.5378280311384638,1.0,5/12,20.32%,B3GNT2;B4GAT1;B3GNT4;B3GNT3;B3GNT6
prerank,GO_Biological_Process_2021::positive regulation of cell communication (GO:0010647),-0.2923535686759814,-1.0102458801511343,0.45396825396825397,0.5386382751939743,1.0,8/25,13.46%,LGI1;SOX11;PTPN23;CLSTN1;NMU;RIMS1;CLSTN3;GRIK2
prerank,GO_Biological_Process_2021::protein localization to endoplasmic reticulum (GO:0070972),0.39267141084428575,1.0101483141623344,0.45891472868217054,0.5624183682579591,1.0,10/16,26.99%,BCAP29;HSPA5;VAPA;RYR2;GABARAPL2;LRRK2;ANK2;PPP1R15A;UBAC2;DDRGK1
prerank,GO_Biological_Process_2021::negative regulation of microtubule polymerization or depolymerization (GO:0031111),-0.2893527284132034,-1.0090608158365535,0.4181523500810373,0.5401102971354339,1.0,8/28,19.15%,TPX2;TTBK2;CLASP1;TBCD;APC;CAMSAP2;CLASP2;MAP2
prerank,GO_Biological_Process_2021::regulation of mitotic spindle organization (GO:0060236),0.34670679404376276,1.007819296611177,0.45850914205344584,0.566063241546851,1.0,16/31,26.84%,EML3;CHMP4C;GNAI1;CHMP3;CHMP2B;CHMP4B;CLTC;NUP62;PDCD6IP;HNRNPU;CHMP1B;CHMP1A;CCSAP;DYNC1H1;CHMP2A;VPS4B
prerank,GO_Biological_Process_2021::sensory perception of chemical stimulus (GO:0007606),0.37916613569564717,1.0075149050009442,0.4532208588957055,0.5662793318390623,1.0,7/18,14.74%,BEST2;GFY;CD36;OBP2A;GNAL;OBP2B;SLC24A4
prerank,GO_Biological_Process_2021::genitalia development (GO:0048806),0.43585301211407657,1.0074117600555352,0.4633943427620632,0.566156494550896,1.0,6/10,28.25%,DCANP1;TBX3;STRA6;FOXF2;DNAJC19;PKD1
prerank,GO_Biological_Process_2021::embryonic appendage morphogenesis (GO:0035113),-0.37155556638338866,-1.0069880157717561,0.45569620253164556,0.5432962153429676,1.0,4/12,13.45%,MEGF8;HOXA11;FBXW4;SHH
prerank,GO_Biological_Process_2021::protein localization to organelle (GO:0033365),0.27640556630044544,1.0066826445574186,0.4630459126539754,0.5670721058268455,1.0,62/130,27.37%,CEP68;LAMP3;TOR1B;SNX10;ABCA7;GBP5;TOR1AIP1;GET4;ATP6V1D;GBP1;HMOX1;VPS35;TOR1A;SEC61G;CSRP3;CNEP1R1;SEC61B;STX1A;BMP4;SERP1;FAM83H;MSX1;TSPAN17;CD68;LAMP5;GBP2;BMP7;LAMP1;DVL1;VAPA;PAQR3;YWHAE;SORL1;TRAM1;ARF6;OBSL1;GABARAPL2;RAB35;EHD1;STX5;TSPAN10;CROCC;LRRK2;ISG15;ANK2;TRAM1L1;ZNF423;EMD;RAB11A;WDR83OS;PPP1R15A;UBAC2;LAMP2;DCP1A;ARL3;MTCH2;BICD1;RAB6A;GAK;DDRGK1;PRNP;AUP1
prerank,GO_Biological_Process_2021::posttranslational protein targeting to endoplasmic reticulum membrane (GO:0006620),0.4297153403574182,1.0066369197310674,0.46810207336523124,0.5668480522812934,1.0,6/11,22.07%,SEC61G;SEC61B;HSPA5;SEC63;CHMP4B;CHMP4A
prerank,GO_Biological_Process_2021::ceramide transport (GO:0035627),-0.36706981261341276,-1.005057224307189,0.4393139841688654,0.5461162518637207,1.0,5/12,15.74%,ABCB4;ABCA12;ABCA13;ABCA2;GLTPD2
prerank,GO_Biological_Process_2021::stem cell differentiation (GO:0048863),-0.28673394216705655,-1.0050349771924616,0.4577922077922078,0.5455150918188761,1.0,8/29,13.45%,MEOX1;NELFB;WNT7A;HOXB4;SETD2;SOX21;SFRP1;SHH
prerank,GO_Biological_Process_2021::negative regulation of potassium ion transmembrane transport (GO:1901380),0.43501551106927316,1.0050179216279722,0.4691462383770076,0.5692895459514619,1.0,6/10,26.74%,CAV3;CAV1;NEDD4L;CASQ2;BIN1;ACTN2
prerank,GO_Biological_Process_2021::cellular polysaccharide biosynthetic process (GO:0033692),-0.2982668221276592,-1.0048819454772608,0.4645799011532125,0.5451627598637119,1.0,6/25,11.40%,FUT9;B3GNT2;NDST3;B4GAT1;B3GNT4;NDST1
prerank,GO_Biological_Process_2021::negative regulation by host of viral transcription (GO:0043922),0.4305783050729727,1.0046208500022122,0.4784345047923323,0.5696634721556122,1.0,5/11,21.39%,CCL5;JUN;HMGA2;CCL3;CCL4
prerank,GO_Biological_Process_2021::chemical homeostasis (GO:0048878),0.3116690570220651,1.0031435905168768,0.46563904945407836,0.5719048491900629,1.0,14/54,16.78%,PNPLA5;CETP;AQP9;TLCD2;TREM2;CLN8;ABHD5;USF1;SLC4A1;ACOX2;SLC4A11;ACOXL;CEBPA;VGF
prerank,GO_Biological_Process_2021::aromatic amino acid family catabolic process (GO:0009074),0.41302198352419994,1.0021082413118851,0.44835868694955966,0.5733511952854021,1.0,5/13,19.89%,IDO2;IL4I1;TDO2;KYNU;KMO
prerank,GO_Biological_Process_2021::regulation of protein localization to membrane (GO:1905475),0.36329899477855665,1.0017619721132256,0.46357615894039733,0.573640502936196,1.0,10/23,24.66%,ZDHHC7;GBP1;GPC1;GPC6;CLN3;SLC5A3;GSN;SPTBN1;STX8;GPC4
prerank,GO_Biological_Process_2021::regulation of cell cycle G1/S phase transition (GO:1902806),0.34221803312973786,1.001686024490859,0.46708683473389356,0.5734593078367665,1.0,16/31,28.25%,TMEM14B;PTPN6;TM4SF5;PLCG2;PTEN;GLI1;MN1;CDKN1A;ID2;FBXW7;PHB2;SUSD2;DDRGK1;STXBP4;PLK5;PKD1
prerank,GO_Biological_Process_2021::regulation of viral life cycle (GO:1903900),0.3675336418613796,1.0016251358473858,0.4525765496639283,0.5732548582708401,1.0,9/21,24.43%,LAMP3;CLEC4G;CD209;TRIM38;TRIM5;TRIM62;TRIM25;TRIM22;TRIM31
prerank,GO_Biological_Process_2021::sulfur amino acid catabolic process (GO:0000098),0.43818423494018294,1.0004715249048552,0.47893379191745483,0.5748776210590266,1.0,7/10,27.82%,TXN2;CTH;GADL1;MTRR;MAT1A;BLMH;CBS
prerank,GO_Biological_Process_2021::mitochondrial calcium ion transmembrane transport (GO:0006851),0.37806880848266927,0.9997626453674292,0.48244274809160304,0.5757609230023226,1.0,10/19,27.62%,PHB;SLC8A3;MCU;PHB2;PMPCB;SLC8B1;YME1L1;SLC25A23;PARL;MICU3
prerank,GO_Biological_Process_2021::regulation of hippo signaling (GO:0035330),0.37724446937587175,0.9994684614311352,0.4762633996937213,0.5759353216024405,1.0,13/19,32.56%,MOB3B;MAP2K3;WWC1;AJUBA;VGLL4;SCHIP1;WWC2;IQCJ-SCHIP1;WTIP;LIMD1;NEK8;FRMD1;SHANK2
prerank,GO_Biological_Process_2021::L-amino acid transport (GO:0015807),0.35757319299586077,0.9992065946927619,0.4784514243973703,0.5760910799008392,1.0,9/26,21.16%,SLC7A9;SLC36A1;SLC7A8;SFXN1;SLC3A2;ARL6IP5;SLC1A1;SLC7A5;SLC1A2
prerank,GO_Biological_Process_2021::regulation of hormone secretion (GO:0046883),0.4157442764465308,0.9990415745564989,0.4809917355371901,0.5760577853776916,1.0,9/12,22.92%,EDN1;LIF;OSM;ANXA1;SNX6;IL11;EDN3;NMB;VAMP3
prerank,GO_Biological_Process_2021::positive regulation of voltage-gated potassium channel activity (GO:1903818),-0.3760257413812794,-0.9990217511117566,0.4714104193138501,0.5552996100815383,1.0,5/11,15.33%,NOS1AP;KCNIP2;LRRC55;RNF207;LRRC38
prerank,GO_Biological_Process_2021::protein homotrimerization (GO:0070207),0.4211282186168541,0.9989593921060101,0.4712460063897764,0.5755910794121073,1.0,4/12,12.07%,SCARA5;ITLN1;MLKL;STEAP4
prerank,GO_Biological_Process_2021::protein trimerization (GO:0070206),0.4211282186168541,0.9989593921060101,0.4712460063897764,0.5755910794121073,1.0,4/12,12.07%,SCARA5;ITLN1;MLKL;STEAP4
prerank,GO_Biological_Process_2021::dicarboxylic acid transport (GO:0006835),0.35130698610697114,0.9988411997890483,0.4738351254480287,0.5754776822050733,1.0,10/27,21.16%,FOLR2;FOLR3;PDPN;GJA1;ARL6IP5;SLC25A10;SLC1A1;SLC46A1;SLC25A32;SLC1A2
prerank,GO_Biological_Process_2021::alcohol catabolic process (GO:0046164),0.44495820455945545,0.9986886265794247,0.49324324324324326,0.5754315561494014,1.0,5/10,18.84%,SCARF1;CYP7A1;SNX17;CEL;APOE
prerank,GO_Biological_Process_2021::positive regulation of fibroblast proliferation (GO:0048146),0.41285956476884395,0.9986210522713144,0.47346938775510206,0.5752608325329888,1.0,5/13,13.63%,S100A6;AQP1;PLA2G1B;MYC;SPHK1
prerank,GO_Biological_Process_2021::modulation by symbiont of entry into host (GO:0052372),0.38359702681696073,0.9984145437525602,0.4769585253456221,0.5753161387099927,1.0,8/17,21.93%,FUCA2;CAV1;TRIM38;TRIM5;TRIM62;TRIM25;EXOC2;TRIM22
prerank,GO_Biological_Process_2021::positive regulation of protein import into nucleus (GO:0042307),-0.31266372075124227,-0.9983456292991532,0.4725925925925926,0.5558846814527248,1.0,5/20,10.75%,EFCAB7;ZIC1;IPO5;ECT2;DMAP1
prerank,GO_Biological_Process_2021::regulation of myoblast differentiation (GO:0045661),0.34885173471870035,0.9980170755873217,0.46761565836298935,0.5756641664091321,1.0,14/25,24.60%,IGFBP3;BTG1;ZFP36L1;FLOT2;MYF6;BMP4;AKIRIN1;SRA1;MEF2C;TBX3;SOX9;XKR8;KLHL41;SOSTDC1
prerank,GO_Biological_Process_2021::nucleoside phosphate catabolic process (GO:1901292),0.4089209863835985,0.9977639941569182,0.4765045342126958,0.5757781946086628,1.0,7/13,25.15%,ENPP1;SMPDL3A;ENTPD3;ENTPD2;ENTPD8;ENTPD1;ITPA
prerank,GO_Biological_Process_2021::ceramide metabolic process (GO:0006672),-0.24504407344689116,-0.9975899827215082,0.48130841121495327,0.5566329374457921,1.0,14/53,15.70%,CYP4F22;PNPLA1;FUT3;ABCA12;FUT5;ORMDL3;SPTLC1;SMPD4;ST6GALNAC3;SPTLC2;AGK;FA2H;SMPD2;ABCA2
prerank,GO_Biological_Process_2021::sulfate transport (GO:0008272),-0.35156533371635634,-0.996099173563259,0.4533678756476684,0.5587828739874396,1.0,5/13,16.60%,RACGAP1;SLC25A14;SLC26A6;SLC26A4;SLC26A7
prerank,GO_Biological_Process_2021::regulation of smooth muscle contraction (GO:0006940),0.3973444987878234,0.9960331647450708,0.4768,0.5783658422031355,1.0,8/15,20.71%,MYOCD;CNN1;CAV1;SPHK1;CTTN;KCNB2;DAPK3;PLCE1
prerank,GO_Biological_Process_2021::regulation of brown fat cell differentiation (GO:0090335),0.4099244532440126,0.9954031791484107,0.47283049472830496,0.5791361241906091,1.0,2/13,9.12%,METRNL;LEP
prerank,GO_Biological_Process_2021::embryonic heart tube development (GO:0035050),0.39300949110356126,0.9949320710804329,0.48489542989930284,0.5796483078331546,1.0,7/15,24.99%,SOX18;APELA;NKX2-5;FGF8;RYR2;TBX2;SOX17
prerank,GO_Biological_Process_2021::negative regulation of stem cell differentiation (GO:2000737),-0.3753618167537307,-0.9949225828128643,0.45153061224489793,0.560296933302591,1.0,3/11,7.93%,NELFB;TCF15;REST
prerank,GO_Biological_Process_2021::monocarboxylic acid biosynthetic process (GO:0072330),0.3053534974652285,0.9942666980682107,0.4798701298701299,0.5804721105205788,1.0,26/55,29.26%,LPL;LIPC;CYP7A1;PLA2G1B;AMACR;PER2;XBP1;ACOX2;ALDH1A3;OSBPL6;OSBPL7;SDS;CYP7B1;BAAT;ALDH1A2;OSBPL9;SLC27A2;ACSM6;ACSM3;LIPG;OXSM;CH25H;OSBPL3;ACMSD;AKR1C4;CYP27A1
prerank,GO_Biological_Process_2021::receptor clustering (GO:0043113),-0.30415500503437787,-0.9942621039815305,0.4799357945425361,0.5607989301573193,1.0,6/24,13.16%,DLG2;LRRC7;NRXN2;MAGI2;PICK1;MUSK
prerank,GO_Biological_Process_2021::positive regulation of cation channel activity (GO:2001259),-0.2839158918872028,-0.9933894199507973,0.46774193548387094,0.5616873285503781,1.0,7/28,12.20%,NLGN3;GALR2;STAC2;STAC3;KCNIP2;LRRC55;GAL
prerank,GO_Biological_Process_2021::cellular response to alkaloid (GO:0071312),0.4359490759994804,0.9927172621131369,0.4967266775777414,0.5827445600612959,1.0,6/10,23.85%,TGM2;GSTM2;RYR2;SLC8A1;RAD51;CASQ2
prerank,GO_Biological_Process_2021::positive regulation of nucleocytoplasmic transport (GO:0046824),-0.27244485657267103,-0.9924505593048744,0.4652777777777778,0.5627666134968649,1.0,9/33,15.24%,EFCAB7;ZIC1;CPSF6;IPO5;ECT2;DMAP1;GTSE1;NRDE2;DHX9
prerank,GO_Biological_Process_2021::regulation of neuron differentiation (GO:0045664),0.29618247360784883,0.9908293551254393,0.4830188679245283,0.5856504177063507,1.0,26/65,23.70%,NREP;CPNE1;MMD;BRINP1;NBL1;ZEB1;NKX2-5;BEND6;HEYL;BDNF;MEF2C;SOX2;NTF3;RHOA;DTX1;BMP7;CDK5R1;YWHAH;BMP2;ID2;SIN3A;LRRK2;NTF4;ZFHX3;NEUROD1;HEY1
prerank,GO_Biological_Process_2021::negative regulation of response to endoplasmic reticulum stress (GO:1903573),0.398041431083021,0.9906206222058538,0.49296875,0.5857101012131416,1.0,6/15,27.44%,XBP1;WFS1;TXNDC12;LRRK2;TMBIM6;AQP11
prerank,GO_Biological_Process_2021::negative regulation of alcohol biosynthetic process (GO:1902931),0.42318285966314595,0.9905854545971942,0.505,0.5854613110585322,1.0,6/11,20.38%,GFI1;PLEK;APOE;CYP27B1;DKK3;BMP2
prerank,GO_Biological_Process_2021::regulation of spindle assembly (GO:0090169),0.3634109121973875,0.989998535741088,0.4803779069767442,0.5861599367389779,1.0,13/22,26.84%,EML3;CHMP4C;CHMP3;CHMP2B;CHMP4B;PDCD6IP;HNRNPU;CHMP1B;CHMP1A;CCSAP;DYNC1H1;CHMP2A;VPS4B
prerank,GO_Biological_Process_2021::protein deneddylation (GO:0000338),-0.39119250582957,-0.9893029684363808,0.46770025839793283,0.5678411779129902,1.0,7/10,34.38%,GPS1;COPS7B;COPS8;COPS7A;COPS3;COPS2;COPS4
prerank,"GO_Biological_Process_2021::G protein-coupled receptor signaling pathway, coupled to cyclic nucleotide second messenger (GO:0007187)",0.38562757964618993,0.9888899815036897,0.48850118953211735,0.5877100382337236,1.0,10/16,27.90%,PTGIR;XCR1;ANXA1;NPY;VIPR1;DRD4;HTR7;LPAR3;HRH2;HTR1D
prerank,GO_Biological_Process_2021::regulation of autophagosome assembly (GO:2000785),0.33788783941000455,0.9888043187051896,0.4775707384403037,0.5875496048845423,1.0,15/32,27.12%,ADPRH;TMEM39A;NUPR1;RALB;FEZ2;CHMP4B;TBC1D12;CHMP4A;LRRK2;SEC22B;RAB5A;NPRL3;SH3GLB1;RAB1B;NPRL2
prerank,GO_Biological_Process_2021::heterochromatin organization (GO:0070828),0.4255597515656673,0.988026232271129,0.4937655860349127,0.58852682728338,1.0,4/11,14.04%,SMCHD1;HP1BP3;HMGA2;PRDM16
prerank,GO_Biological_Process_2021::regulation of cellular respiration (GO:0043457),0.419320083603407,0.9878870614137156,0.4962901896125309,0.5884470861713526,1.0,5/11,15.44%,CBFA2T3;ACTN3;PRDM16;PRELID1;VCP
prerank,GO_Biological_Process_2021::peptidyl-arginine modification (GO:0018195),0.39969140159502586,0.9878493650009377,0.4871382636655949,0.5881989339092413,1.0,7/13,23.94%,PADI3;PADI4;PRMT8;KRTCAP2;PRMT1;ART4;PRMT7
prerank,GO_Biological_Process_2021::androgen receptor signaling pathway (GO:0030521),0.4056962595385855,0.9866883162918794,0.493431855500821,0.5898569081761715,1.0,7/13,28.07%,SCGB2A1;SCGB2A2;RNF14;PMEPA1;KDM3A;ZMIZ1;PLPP1
prerank,GO_Biological_Process_2021::positive regulation of ion transport (GO:0043270),0.3185509707044315,0.9864013795882329,0.49933333333333335,0.5900544814730788,1.0,16/40,23.18%,LILRA2;LILRA5;CCL5;FHL1;PLA2G3;NKX2-5;SCN5A;WFS1;CCL3;DRD4;ANO6;MYLK;CCL4;CRACR2A;ANK2;TRPC6
prerank,GO_Biological_Process_2021::peptidyl-serine phosphorylation (GO:0018105),0.2795548675095104,0.9863564682541122,0.48939929328621906,0.5898199864306088,1.0,45/97,30.30%,MAST4;STK32C;PKN3;MAPK12;STK38L;PRKX;MAPK13;HIPK4;PLK2;TGFBR2;RPS6KA4;EIF2AK3;PRKD2;CSNK2A3;TDGF1;MAPKAPK3;TBK1;DMPK;NEK6;CDK5R1;LMTK2;CAMK4;STK4;LRRK2;PCK1;MARK2;MAP4K1;HIPK1;LATS2;IKBKE;CAMK2A;CSNK1G1;RPS6KA5;PKD1;VRK3;ERN1;CAMK1;STK38;HIPK3;CAMK1G;PKN2;CSNK1A1;PAK2;HIPK2;DYRK3
prerank,GO_Biological_Process_2021::cellular response to steroid hormone stimulus (GO:0071383),0.39763900062853597,0.9861597179832894,0.5023961661341853,0.58983410665409,1.0,5/14,18.72%,ADTRP;ABHD2;BMP4;ATP1A3;BMP7
prerank,GO_Biological_Process_2021::nucleic acid metabolic process (GO:0090304),-0.23670845979773172,-0.9858483315399079,0.4855072463768116,0.5735286821897255,1.0,23/66,20.32%,DNASE1L2;TOPBP1;DDX54;RAD50;RECQL5;WRN;WDR74;POLR2C;POLR2B;GTF2F2;KPNA2;DXO;FEN1;HNRNPL;SETMAR;POLG;GTF2F1;MMS19;METTL3;EXD2;TREX2;ATXN2;DDX24
prerank,GO_Biological_Process_2021::regulation of sodium ion transmembrane transport (GO:1902305),0.34505883144431887,0.9858192913528615,0.5050143266475645,0.5901041412506408,1.0,12/26,25.10%,FXYD5;FXYD6;CAV3;PTPN3;SCN5A;FXYD1;COMMD1;YWHAH;FXYD3;BPIFA1;NEDD4L;FXYD4
prerank,GO_Biological_Process_2021::presynaptic endocytosis (GO:0140238),-0.2981801907309737,-0.9857711690671642,0.48043818466353677,0.5729959721538198,1.0,3/24,3.75%,NLGN3;NLGN4X;NLGN2
prerank,GO_Biological_Process_2021::positive regulation of dephosphorylation (GO:0035306),0.35567904164928554,0.9855834285040024,0.46960926193921854,0.5902010607118895,1.0,15/23,30.75%,SPPL3;LILRB2;CDH5;CNEP1R1;DLC1;GBA;BMP2;CAMTA1;RIPK3;PPP1R7;PIN1;CALM3;PTBP1;CHP2;MTMR9
prerank,GO_Biological_Process_2021::action potential (GO:0001508),-0.2906555791247154,-0.9852604913616451,0.5015822784810127,0.5732816708850531,1.0,6/26,12.54%,SCN3B;SCN2A;KCNMB4;KCNE1B;KCNJ2;KCNE3
prerank,GO_Biological_Process_2021::mitochondrial outer membrane permeabilization (GO:0097345),0.4132083265797206,0.9847840163689053,0.4950900163666121,0.591236338440466,1.0,8/12,28.75%,PMAIP1;BCL2L11;BMF;BNIP3L;BLOC1S2;BAX;VDAC2;BNIP3
prerank,GO_Biological_Process_2021::protein targeting to membrane (GO:0006612),0.28664561166110264,0.9846623482014356,0.4996949359365467,0.5911289649784078,1.0,28/82,23.57%,ZDHHC24;ZDHHC7;ZDHHC12;ZDHHC6;ZDHHC20;NACA;NCF1;MYO1C;RTP4;SSR1;VPS37D;PARD3;ZDHHC11;SEC63;TAOK2;CHMP4B;ARL6IP1;SSR2;ZDHHC1;SDCBP;TRAM1;RAB8B;VPS37B;GDAP1;CHMP4A;ZDHHC4;ZDHHC3;PEX3
prerank,"GO_Biological_Process_2021::nucleotide-binding domain, leucine rich repeat containing receptor signaling pathway (GO:0035872)",0.36453908030087084,0.9841320390676445,0.49888641425389757,0.5917104380265449,1.0,12/20,27.27%,IRAK2;MAP2K6;TNFAIP3;TRAF6;RIPK2;UBE2N;UBB;NOD1;CYLD;TAB1;IKBKG;TAB2
prerank,GO_Biological_Process_2021::posttranscriptional regulation of gene expression (GO:0010608),0.31618689969506497,0.9839949744621186,0.4882943143812709,0.591630271515935,1.0,8/42,10.78%,ZC3H7A;PCIF1;ZNF385A;FOXO3;CYFIP1;MTPN;PARP9;EIF4E
prerank,GO_Biological_Process_2021::positive regulation of alpha-beta T cell activation (GO:0046635),0.4231088948885376,0.9837759704222304,0.4991735537190083,0.591697037778211,1.0,7/11,26.58%,HLA-DRA;IL23R;CD55;EBI3;HLA-A;HSPH1;GLI3
prerank,GO_Biological_Process_2021::negative chemotaxis (GO:0050919),0.3426758364616734,0.9836832326053112,0.48583569405099153,0.5915511040396475,1.0,12/28,19.99%,SEMA3G;APOA1;SLIT3;SEMA3A;SEMA3D;SLIT2;SEMA6D;SEMA3F;RHOA;ROBO1;SEMA6B;SEMA6C
prerank,GO_Biological_Process_2021::triglyceride biosynthetic process (GO:0019432),-0.3241231384101962,-0.9832251297033824,0.47375886524822697,0.5764139463106487,1.0,6/17,18.27%,AGMO;GPAT2;GPAT4;GPAM;LPGAT1;LPIN2
prerank,GO_Biological_Process_2021::regulation of ATP metabolic process (GO:1903578),-0.23952354835454484,-0.9832025409351354,0.4786516853932584,0.5757821482455259,1.0,13/52,12.85%,BEND3;NUP205;POM121;NUP133;NUP188;NUP35;NUP37;AAAS;NUP160;NUP43;POM121C;AK4;NDC1
prerank,GO_Biological_Process_2021::regulation of keratinocyte migration (GO:0051547),0.43500428649379475,0.9827086169822373,0.4983388704318937,0.5928779177951675,1.0,4/10,21.32%,FGF7;PTEN;FGF10;ARF6
prerank,GO_Biological_Process_2021::cellular response to interferon-beta (GO:0035458),0.3881526389073082,0.9823166201702523,0.4915254237288136,0.5932134681758773,1.0,6/15,20.56%,MNDA;OAS1;AIM2;IFITM2;PYHIN1;STAT1
prerank,GO_Biological_Process_2021::inositol phosphate-mediated signaling (GO:0048016),-0.3260128420200159,-0.9820926787097003,0.47895500725689405,0.5772072526581878,1.0,5/17,16.00%,GPR62;NMUR2;NMUR1;NFATC3;PPP3CB
prerank,GO_Biological_Process_2021::alpha-amino acid catabolic process (GO:1901606),0.34873507034147627,0.9815252178898701,0.49013878743608474,0.5942439433891852,1.0,14/27,29.97%,IDO2;PRODH;IL4I1;TDO2;KYNU;KMO;OTC;MTRR;BLMH;ACADSB;HGD;CBS;ACMSD;HAAO
prerank,GO_Biological_Process_2021::adherens junction organization (GO:0034332),0.3244266697124031,0.9807014711537897,0.5052410901467506,0.5952840556046182,1.0,16/38,24.27%,ZNF703;ANG;VCL;CDH5;CSK;FERMT2;CTNND1;CDH2;CDH1;JUP;TJP1;CDH17;DCHS1;CDH11;CDH24;CDH12
prerank,GO_Biological_Process_2021::cellular modified amino acid biosynthetic process (GO:0042398),0.36920628699377767,0.9804309202374725,0.4959349593495935,0.5954386086984351,1.0,8/20,21.72%,CHAC2;CHAC1;PLOD2;PLSCR1;GGT1;GSS;MGST2;GCLM
prerank,GO_Biological_Process_2021::inner ear morphogenesis (GO:0042472),0.3591910417027475,0.9802665539057493,0.5015128593040847,0.5954110558427009,1.0,5/21,9.00%,DCANP1;TTC39C;ATP6V1B1;MYO3B;MYO3A
prerank,GO_Biological_Process_2021::metanephros development (GO:0001656),-0.29114695033461374,-0.9793827485489184,0.5070422535211268,0.5815180653300185,1.0,8/25,13.45%,WNT7B;SIX4;SIX1;GDF6;NIPBL;OSR2;FOXD1;SHH
prerank,GO_Biological_Process_2021::regulation of proteasomal ubiquitin-dependent protein catabolic process (GO:0032434),0.28377325753728116,0.9790504892751535,0.5103911980440098,0.5971644216627751,1.0,32/79,29.52%,RNF144B;RNF217;PRICKLE1;TRIB1;CBFA2T3;HFE;BAG2;GABARAP;VCP;CEBPA;EIF3H;DAB2;COMMD1;RNF19B;RNF14;TRIB3;STUB1;DVL1;SDCBP;NKD2;LRRK2;HECTD1;DESI1;CAMLG;FOXF2;GIPC1;DDRGK1;TRIB2;NUB1;PIAS1;RNF19A;CSNK1A1
prerank,GO_Biological_Process_2021::positive regulation of chromatin organization (GO:1905269),-0.3597430750972418,-0.9789008435340927,0.4647137150466045,0.5817282136246589,1.0,5/12,20.40%,POT1;ATRX;TERF2;ACD;TERF2IP
prerank,GO_Biological_Process_2021::regulation of protein targeting to membrane (GO:0090313),0.35894936333218747,0.9775318560730364,0.5018532246108228,0.5994015246224524,1.0,12/21,30.00%,DMTN;MTCL1;MYO1C;CHP1;GDI1;TCAF1;CEMIP;PRNP;ITGB1BP1;ANK3;FIS1;PDZK1
prerank,GO_Biological_Process_2021::regulation of histone acetylation (GO:0035065),-0.28621724256676206,-0.9774220940163222,0.5046875,0.5837942756873675,1.0,6/26,11.90%,PAXIP1;TADA2B;IWS1;TADA2A;NOC2L;BRD7
prerank,GO_Biological_Process_2021::response to organonitrogen compound (GO:0010243),0.3435949295217956,0.9766472196919953,0.4978134110787172,0.60056513202214,1.0,12/25,24.94%,RCN3;IRF5;GPIHBP1;KYNU;VCP;IRAK3;DRD4;TRPM2;RNF139;ERLEC1;DERL1;RNF5
prerank,GO_Biological_Process_2021::serine family amino acid biosynthetic process (GO:0009070),0.4102272776405525,0.9764850520714959,0.5040453074433657,0.6005289079748648,1.0,4/12,18.89%,SERINC3;CTH;SEPHS2;GGT1
prerank,GO_Biological_Process_2021::regulation of neurotransmitter secretion (GO:0046928),0.3357801092645696,0.9760573864838353,0.4950284090909091,0.6009282727659839,1.0,15/28,28.46%,MCTP1;HCRT;SNCAIP;MEF2C;DTNBP1;CPLX1;CPLX4;CPLX3;LRRK2;RAB5A;SYN1;CAMK2A;SNAPIN;RIMS2;MCTP2
prerank,GO_Biological_Process_2021::myelination in peripheral nervous system (GO:0022011),0.4081158068143495,0.9759272053352508,0.5130505709624796,0.6008436988972371,1.0,7/12,23.69%,MYOC;PRX;ARHGEF10;PARD3;CNTNAP1;SKI;ADGRG6
prerank,GO_Biological_Process_2021::negative regulation of epithelial to mesenchymal transition (GO:0010719),0.3419431997053385,0.9755351289639211,0.5049226441631505,0.6011971058328145,1.0,9/27,18.28%,VASN;SPRY1;ZNF750;SFRP2;GATA3;PTEN;IL17RD;TBX5;USF3
prerank,GO_Biological_Process_2021::relaxation of muscle (GO:0090075),0.42732641377986413,0.9753462318611869,0.5180921052631579,0.601207262824632,1.0,5/10,25.48%,GSTM2;PLN;GSN;SLC8A1;RGS2
prerank,GO_Biological_Process_2021::vascular transport (GO:0010232),0.29100535347740464,0.9746974478753851,0.5260223048327137,0.6019712238336907,1.0,27/69,25.48%,SLC6A6;LRP3;SLC44A1;SLC22A2;SLC2A4;SLC6A9;SLC7A8;SLCO2B1;ATP1B2;SLC2A10;ATP1A4;SLC16A7;SLC5A3;SLC2A3;SLC16A1;ABCC4;SLC1A1;SLC7A5;SLC1A2;SLC5A5;SLC16A2;ABCG2;LRP2;MFSD2A;SLC22A3;ABCC5;SLC29A2
prerank,GO_Biological_Process_2021::cellular response to acid chemical (GO:0071229),-0.29955932013559117,-0.9743904487317058,0.484472049689441,0.5886002758023305,1.0,4/21,10.35%,NSMF;CPEB3;IPO5;CPEB1
prerank,GO_Biological_Process_2021::L-alpha-amino acid transmembrane transport (GO:1902475),0.3457397598126899,0.9736690885389526,0.5211678832116788,0.6033794749701245,1.0,8/26,21.16%,SLC22A2;SLC6A9;SLC7A8;SLC3A2;ARL6IP5;SLC1A1;SLC7A5;SLC1A2
prerank,GO_Biological_Process_2021::nuclear body organization (GO:0030575),0.4097459325529196,0.9736457909957915,0.5149253731343284,0.603103831073898,1.0,5/12,19.30%,ETS1;USPL1;SERBP1;PML;USP50
prerank,GO_Biological_Process_2021::regulation of transcription regulatory region DNA binding (GO:2000677),-0.30183370198810056,-0.973151621246245,0.509375,0.590229929776105,1.0,5/22,9.21%,TRIM6;SOX11;POU4F1;DOT1L;MAD2L2
prerank,GO_Biological_Process_2021::negative regulation of myeloid cell differentiation (GO:0045638),0.3631883714363925,0.9729992175539968,0.49583017437452614,0.6038651438343059,1.0,8/19,25.38%,PF4;MAFB;ZFP36L1;HSPA9;LDB1;PRMT1;ZFP36;ZBTB16
prerank,GO_Biological_Process_2021::regulation of telomerase RNA localization to Cajal body (GO:1904872),0.36678468481794874,0.9729003365445732,0.5072243346007604,0.6037209790159068,1.0,10/18,27.37%,RUVBL1;TCP1;CCT8;CCT6A;CCT4;DKC1;NOP10;CCT5;CCT2;CCT3
prerank,GO_Biological_Process_2021::regulation of cellular localization (GO:0060341),0.3236879130370624,0.9724090176472994,0.5277963831212324,0.604260381670695,1.0,21/37,28.07%,REEP6;PPM1F;ADGRE2;UNC13D;STXBP2;LRP5;DVL1;NR1D1;GSN;EFNA5;LRRK2;FOXA2;WWC1;FES;DYNC1H1;PARD6G;STXBP4;TRIM46;GOSR1;PARD6B;REEP5
prerank,GO_Biological_Process_2021::maintenance of protein localization in organelle (GO:0072595),-0.31672679584464075,-0.9720333415862741,0.4822485207100592,0.5916220755516177,1.0,5/18,9.46%,TAPT1;TAF3;TOPORS;SUPT7L;TAF8
prerank,GO_Biological_Process_2021::lymphocyte proliferation (GO:0046651),0.4066060396341991,0.972007297272051,0.5144927536231884,0.6046323165325646,1.0,8/12,26.43%,CR2;MEF2C;RASGRP1;HSPD1;CD79A;LMBR1L;MSN;IFNE
prerank,GO_Biological_Process_2021::heparan sulfate proteoglycan metabolic process (GO:0030201),-0.3034882507827893,-0.9714795491048704,0.48142414860681115,0.5919821369591085,1.0,8/20,16.08%,HS3ST3B1;NDST3;B3GAT3;GLCE;EXTL3;HS6ST1;HS3ST4;HS6ST3
prerank,GO_Biological_Process_2021::positive regulation of mitochondrial fission (GO:0090141),0.387426049168514,0.9709581448285951,0.5217729393468118,0.6061159141782506,1.0,8/15,29.80%,DCN;VPS35;MCU;RALA;DDHD1;RALBP1;BNIP3;FIS1
prerank,GO_Biological_Process_2021::positive regulation of protein localization to cell surface (GO:2000010),0.4222845939255758,0.970690535438268,0.513355592654424,0.6062539354168931,1.0,3/10,11.14%,ABCA7;TYROBP;STX3
prerank,GO_Biological_Process_2021::regulation of mitochondrial fission (GO:0090140),0.3700568761068831,0.9705994878138519,0.5003756574004508,0.6060948004491354,1.0,10/19,29.80%,DCN;VPS35;MCU;RALA;LRRK2;DDHD1;STAT2;RALBP1;BNIP3;FIS1
prerank,GO_Biological_Process_2021::cell junction organization (GO:0034330),0.29126986467588556,0.9705485662513831,0.513767209011264,0.6058740860229438,1.0,26/62,21.38%,LIMS2;SNCG;FBLIM1;OCLN;SMAD3;SH3BP1;FERMT2;LIMS1;PAK3;CAPZA1;C1QA;ILK;SLC8A3;PKHD1;AGRN;RHOA;MARVELD2;OPHN1;DVL1;PPFIA4;PPFIBP1;TJP1;RAB8B;CDC42;VASP;L1CAM
prerank,GO_Biological_Process_2021::megakaryocyte differentiation (GO:0030219),0.42312065301010393,0.9704158647426802,0.5188600167644594,0.6057868401769436,1.0,6/10,21.08%,ZNF385A;TAL1;GATA1;IL11;SH2B3;THPO
prerank,GO_Biological_Process_2021::negative regulation of proteasomal ubiquitin-dependent protein catabolic process (GO:0032435),-0.2815995427744203,-0.9703798720415054,0.5008156606851549,0.5933461056398038,1.0,4/27,10.70%,RYBP;TLK2;CCAR2;TRIM39
prerank,GO_Biological_Process_2021::regulation of Wnt signaling pathway (GO:0030111),0.27906831548104827,0.9702388946869306,0.5343601895734598,0.6057651382313219,1.0,33/91,25.34%,MDFI;SULF2;ZNF703;ATP6V1C2;SFRP4;SOX7;FOXP3;SULF1;FRZB;SFRP2;SOST;ATP6AP2;TNFAIP3;DCDC2;MDFIC;HIC1;RUNX1;ITGA3;PPP1CA;ATP6V0C;SNX3;BMP2;NKD2;LRRK2;SKI;EMD;WLS;TSC2;DISC1;SOSTDC1;CBFB;CCNY;VGLL4
prerank,GO_Biological_Process_2021::proteoglycan metabolic process (GO:0006029),0.3575596107047103,0.9700255712572036,0.497787610619469,0.6057940344154137,1.0,10/22,18.54%,GAL3ST4;SULF2;ADAMTS12;SULF1;CHST14;CHST13;CHST11;XYLT1;CHST12;CSGALNACT1
prerank,GO_Biological_Process_2021::ether lipid metabolic process (GO:0046485),-0.37237394841743715,-0.9698119751830533,0.5153846153846153,0.5937063054497599,1.0,5/11,16.25%,TMEM86B;AGMO;GNPAT;AGPS;FAR1
prerank,GO_Biological_Process_2021::protein depolymerization (GO:0051261),-0.2833052874948536,-0.9690989002531248,0.5335463258785943,0.5943112935896978,1.0,7/27,9.56%,KIF18B;KIF24;CKAP5;KIF2C;KIF18A;KIF14;STMN4
prerank,GO_Biological_Process_2021::regulation of organelle assembly (GO:1902115),-0.23192137873555838,-0.9688782362863891,0.5261780104712042,0.5940263006269948,1.0,14/67,12.18%,ALMS1;CDKL1;STIL;CEP76;CDKL5;TBC1D19;CENPJ;MTMR3;CEP295;TBC1D10B;IFT88;RNF4;IFT20;SDCCAG8
prerank,GO_Biological_Process_2021::clathrin coat assembly (GO:0048268),0.38683047586987257,0.9687412907394232,0.5060435132957293,0.6075675158362955,1.0,8/14,27.92%,SGIP1;CLTC;EPS15;AP2S1;FCHO2;PICALM;FCHO1;CLTB
prerank,GO_Biological_Process_2021::regulation of carbohydrate catabolic process (GO:0043470),-0.2507041901905381,-0.9681136617386992,0.5333333333333333,0.5947907587331581,1.0,11/41,12.85%,NUP205;POM121;NUP133;NUP188;NUP35;NUP37;AAAS;NUP160;NUP43;POM121C;NDC1
prerank,GO_Biological_Process_2021::sensory perception of sound (GO:0007605),0.28337253650728844,0.9673504612671262,0.5282555282555282,0.6095865384144531,1.0,21/69,16.62%,CCDC50;ATP6V0A4;ATP6V1B1;USP53;MYO3B;MYO3A;ESPNL;MYH14;SNAI2;CRYM;EPS8L2;MYO7A;WDR1;WFS1;GRAP;DCDC2;MYO1A;CLIC5;TFAP2A;SLC26A5;SERPINB6
prerank,GO_Biological_Process_2021::negative regulation of myoblast differentiation (GO:0045662),-0.36685865130136297,-0.9673016376278396,0.4920440636474908,0.5955780658559322,1.0,2/10,3.20%,EID2B;SOX8
prerank,GO_Biological_Process_2021::regulation of primary metabolic process (GO:0080090),0.2834824156703126,0.9661754375807917,0.5318761384335154,0.6111932366285,1.0,30/76,23.04%,PSAPL1;C1QTNF2;ABCA7;OAZ2;LDLR;TNFAIP8L3;OAZ3;ANGPTL8;AZIN1;OAZ1;NCOA2;SMARCD3;LACTB;PSMF1;HELZ2;PSMD5;NCOR1;PSAP;APOE;NR1D1;IRS2;ID2;SIN3A;PSMB2;SERPINA3;PSMA2;PSMA8;NCOR2;PSMB4;PSMD9
prerank,GO_Biological_Process_2021::neuron projection morphogenesis (GO:0048812),0.26758435980203416,0.9658534928765969,0.5433295324971493,0.6114099105256666,1.0,49/127,22.39%,CPNE1;KLK8;DBN1;SDC2;S100A6;BAIAP2;NCKAP1L;FARP1;NCKAP1;PAK1;CCK;NBL1;TNN;PAK3;PTEN;DCC;BDNF;CTTN;GAS7;ACTBL2;DBNL;DCDC2;RAB8A;PARD3;KLF7;DTNBP1;ARC;TAOK2;NTF3;BTBD3;RAB3A;DLG4;BMP7;DVL1;SPTBN4;CNTNAP1;S100B;LMTK2;WASL;ADGRB1;TAOK3;SHANK3;UBB;TMEM106B;CDC42;MAPK8IP2;ATP7A;LRRK2;NTF4
prerank,GO_Biological_Process_2021::regulation of ventricular cardiac muscle cell action potential (GO:0098911),0.41449031075438203,0.9657890781770526,0.5375103050288541,0.6112059671523972,1.0,5/11,19.57%,CAV1;DSP;JUP;RYR2;DSG2
prerank,GO_Biological_Process_2021::tRNA metabolic process (GO:0006399),0.3840081402257127,0.9654625542161392,0.514866979655712,0.611425174146103,1.0,2/15,3.61%,SLFN13;DTD1
prerank,GO_Biological_Process_2021::regulation of glycolytic process (GO:0006110),0.29474468839098716,0.9648892975757758,0.5280254777070064,0.6120769169254522,1.0,23/57,26.07%,SLC2A6;GCK;NUPR1;HIF1A;FBP1;CBFA2T3;PFKFB3;NUP214;ACTN3;RANBP2;NCOR1;PGAM1;NUP62;ARNT;EIF6;PRKAG2;MLXIPL;JMJD8;PFKFB2;NUP88;SEC13;GAPDHS;TIGAR
prerank,GO_Biological_Process_2021::positive regulation of calcium ion transmembrane transporter activity (GO:1901021),0.3630650116440415,0.9641416353316296,0.5133928571428571,0.613051776612229,1.0,11/19,29.60%,STAC;GSTM2;PKD2;RYR2;HAP1;ANK2;SLC9A1;TRDN;CASQ1;ATP2A1;CALM3
prerank,GO_Biological_Process_2021::phosphorylation (GO:0016310),0.24975393346882208,0.9639278134707471,0.5850447604002106,0.6131001439086946,1.0,78/257,23.49%,GMFB;STK10;CTSG;FAM20A;STK17B;ZAP70;GMFG;RNASEL;ADM2;MYLK3;PRKG1;PKN3;FAM20C;IGFBP3;STK38L;PRKG2;STK17A;GK;TRIB1;CSK;PAK1;NEK10;MATK;BMP2K;TSSK6;PAK3;LIMK2;SNRK;HCST;PAK6;SPHK1;EIF2AK2;DGKK;ERG;PLK2;ILK;TGFBR2;GNPTAB;RPS6KA4;EIF2AK3;PRKD2;CSNK2A3;GRK5;PANK2;TAOK2;IRAK3;TBK1;DMPK;NEK6;NEK1;TXK;LMTK2;LIMK1;MAP4K2;TAOK3;CAMK4;RUNX3;BMP2;PRKAG3;DAPK3;CDK11B;XYLB;STK4;GNPTG;DGKB;ERN2;LRRK2;CDC42BPA;HK1;PRKAG2;BMPR1B;STK24;AAK1;MARK2;PASK;SPHK2;MAP4K1;FNIP2
prerank,"GO_Biological_Process_2021::DNA damage response, signal transduction by p53 class mediator (GO:0030330)",0.2913518718086315,0.9618447532809775,0.5400630914826499,0.6162317489287705,1.0,21/61,26.17%,PRAP1;BATF;ZNF385A;RGCC;RPL26;PLK2;BCL3;PML;TRIAP1;PRMT1;CNOT6L;SFN;CDKN1A;RPS27L;PLK3;CNOT11;MYO6;CNOT7;CNOT1;ARID3A;BAX
prerank,GO_Biological_Process_2021::cell junction maintenance (GO:0034331),0.3982598329270294,0.9614367828921958,0.5104953820319059,0.6165914849007776,1.0,4/12,15.69%,PRTN3;MYADM;CD177;F2RL1
prerank,GO_Biological_Process_2021::nucleoside salvage (GO:0043174),0.42017408660911626,0.9611378949470841,0.5299917830731307,0.6167885454270821,1.0,5/10,25.50%,UPP2;DCK;UPP1;HPRT1;PUDP
prerank,GO_Biological_Process_2021::cytosolic calcium ion transport (GO:0060401),-0.290962526780404,-0.9606768710967182,0.5207667731629393,0.6071323954322331,1.0,5/22,12.49%,TRPM1;AFG3L2;CACNA2D1;CACNB3;JPH1
prerank,GO_Biological_Process_2021::organelle organization (GO:0006996),0.24524533693035167,0.9606001600321582,0.6024340770791075,0.617368608198367,1.0,141/386,26.85%,FGD5;FGD2;MAST4;TTC17;LMAN1L;GEM;MAPK15;SLC25A36;DES;REEP6;TOR1B;PALLD;TMED5;THY1;RAB34;DMTN;CIDEA;ANK1;DIAPH3;TPM1;TMED10;CCL7;ARAP3;CCL13;TICAM2;PPARGC1A;CHMP4C;KIF9;RAB38;TOR1AIP2;NEDD9;TOR1A;ARHGAP4;WASF3;CAV1;RAB31;PLIN5;FGD6;FGD1;ARHGAP10;PHB;DIAPH1;MYC;PAK6;CIDEC;TMED4;CHMP7;TNFAIP3;PITPNB;LYSMD3;FMNL3;TMED9;EIF2AK3;CYCS;LMAN2;CHMP3;FNBP1L;ATL2;ABI2;TMED1;ARC;CHMP2B;FGD3;MICAL2;CCL3;HPS3;TMED3;CYP26C1;CHCHD2;CCL24;PRDX3;CNN2;TMED2;BSCL2;PKD2;APOE;CFL1;VAPA;CNTNAP1;CHMP4B;LMAN1;TSGA10IP;DYNC2H1;GBA;WASL;CSPG5;PPID;EPS15;PLCE1;PDCD6IP;RAB32;CDC42;OBSL1;RAB29;ATP7A;SH3D19;KRT76;STX4;SURF4;SIRT4;SH3KBP1;CHMP4A;LRRK2;VAPB;PHB2;RAB1A;NCKIPSD;FGD4;RAB7A;SNX11;LMAN2L;GOLPH3L;DYM;PEX3;CAPZB;CHMP1B;ARFGEF1;SEMA6A;MREG;SLC25A33;AJUBA;YME1L1;ZNF501;MICAL1;PACSIN1;MDK;ATL3;SIRT3;HPS6;SEC31A;TMED7;CHMP1A;CHMP6;BIN1;TANGO2;CHMP2A;VPS13D;GAK;SORT1;VPS4B;RAB14
prerank,GO_Biological_Process_2021::negative regulation of organelle assembly (GO:1902116),0.32057731218173535,0.9598507670176528,0.5328671328671328,0.6182896188345899,1.0,12/33,22.57%,TMEM39A;ODF2L;CAV3;STYXL1;NUPR1;YAP1;LIMK2;FEZ2;CHMP4B;CHMP4A;LRRK2;SEC22B
prerank,GO_Biological_Process_2021::embryonic limb morphogenesis (GO:0030326),-0.2776080528619487,-0.9598061838871534,0.5248796147672552,0.6080341394644496,1.0,9/28,13.45%,WDPCP;INTU;MEGF8;HOXA11;WNT7A;NIPBL;OSR2;FBXW4;SHH
prerank,GO_Biological_Process_2021::regulation of stem cell population maintenance (GO:2000036),0.3681876185257264,0.9594304300594295,0.5272030651340996,0.6186605739641405,1.0,5/17,18.44%,ZNF706;HMGA2;MYC;ESRRB;NCOA3
prerank,GO_Biological_Process_2021::regulation of synapse organization (GO:0050807),0.35306785595899387,0.9571911948937675,0.5185735512630015,0.6220736543909202,1.0,15/22,30.08%,KLK8;NEDD4;PDLIM5;RAB17;CLN3;MEF2C;ABHD17B;ABHD17C;SETD5;MDGA1;ARHGAP22;ABHD17A;WNT3A;YWHAZ;CAMK2B
prerank,GO_Biological_Process_2021::regulation of neurogenesis (GO:0050767),0.29848496231972904,0.9569202204436701,0.542989417989418,0.6222185568919834,1.0,18/49,23.70%,TGM2;SERPINF1;HELT;FAIM;YAP1;CX3CR1;ARNTL;PER2;HEYL;B2M;NUMBL;PAX6;DYNLT1;NUMB;SORL1;RGS14;LRP2;HEY1
prerank,GO_Biological_Process_2021::regulation of protein sumoylation (GO:0033233),-0.344085010506037,-0.9556884963417378,0.5139813581890812,0.6150491802832856,1.0,4/13,15.05%,GNL3L;GNL3;MUL1;PIAS4
prerank,GO_Biological_Process_2021::regulation of establishment of planar polarity (GO:0090175),0.2963881039854089,0.9556195351182517,0.5296052631578947,0.6240490880250925,1.0,21/51,23.04%,PRICKLE1;ARHGEF19;SPEF1;AP2A2;ARRB2;DAAM1;PSMF1;PKHD1;RHOA;PSMD5;DVL1;CLTC;AP2B1;PSMB2;AP2S1;PSMA2;CDC42;AP2A1;PSMA8;PSMB4;PSMD9
prerank,GO_Biological_Process_2021::protein complex oligomerization (GO:0051259),0.277158687224792,0.9555882027990549,0.5520334928229665,0.6237866325474279,1.0,38/83,25.43%,ZBTB1;TMEM120A;TRIM72;PRF1;CARD9;NINJ1;EHD4;EHD3;NLRC4;C9;PRMT8;MCU;GSDMD;UGDH;ATL2;RNF135;ARC;RNF213;UPB1;ZC3H12A;PRMT1;PKD2;HGSNAT;BCL10;PYCARD;PDCD6IP;G3BP2;EHD1;TIFA;NOL3;SLC9A1;NACC2;ADCY8;KCNC2;YME1L1;CARD11;ATL3;ALS2
prerank,GO_Biological_Process_2021::negative regulation of nucleic acid-templated transcription (GO:1903507),0.24297063570232524,0.955536454823493,0.6260825267447784,0.6235548301055005,1.0,118/403,23.14%,ZNF503;ZNF706;CCDC85B;ARID5A;SCML1;HMBOX1;LBH;SAMD11;PBXIP1;ZMYND15;ELK3;ZNF703;ID3;CIITA;RUNX2;KLF10;TWIST2;PFDN5;ADIPOQ;PPM1F;TWIST1;SBNO2;SOX7;GFI1;ID4;JUN;RUNX1T1;SHC1;FOXP3;PRICKLE1;FOXO1;SOX18;ID1;ATF5;COMMD7;DAP;CBFA2T3;NR2F2;XCL1;NR1I2;ZEB1;ZBTB21;LIMS1;SFRP2;NKX2-5;HMGA2;PHB;ARNTL;DEDD2;LOXL3;FOXS1;PER2;HEYL;BMP4;GLIS2;MYB;GATA6;PDCD4;PRDM16;GATA3;MSX2;SNX6;BCL3;TSHZ3;ZNF541;TBX21;PML;CEBPA;MDFIC;TRAF6;TFAP2A;LDB1;SPI1;PRAME;RORB;RIPPLY1;TBX3;NPAS1;PRMT2;NCOR1;TRIB3;GZF1;ZBTB18;YWHAQ;IFNL1;BMP7;RBFOX2;IKZF1;SOX9;TFAP2B;SMARCA2;NAB1;NR1D1;CDK5R1;ATOH8;DKK3;RFX3;KDM8;BMP2;ID2;SIN3A;RCOR2;KCTD1;DNMT3L;FOXG1;KHDRBS1;NCOR2;BASP1;ZSCAN10;ERN2;PA2G4;TBX2;KLF4;PHB2;ZNF91;ZNF423;NFIL3;MLXIPL
prerank,MSigDB_Hallmark_2020::Pperoxisome,0.278049131056504,0.9543150970675468,0.5468187274909964,0.6252678989002379,1.0,33/83,28.09%,HSD17B11;ABCB9;PABPC1;SCGB1A1;CLN8;NR1I2;CLN6;ACSL4;ALB;UGT2B17;SULT2B1;CEL;CRABP2;DLG4;SERPINA6;ALDH1A1;SOD2;YWHAH;BCL10;PRDX1;NUDT19;ALDH9A1;DHRS3;SLC27A2;PRDX5;ABCC5;GSTK1;CAT;VPS4B;SLC25A4;SLC25A19;ITGB1BP1;FABP6
prerank,GO_Biological_Process_2021::positive regulation of protein localization to cell periphery (GO:1904377),0.3188118179064802,0.9524619729624667,0.5321597833446174,0.6280564550852386,1.0,17/35,23.66%,CNPY4;STAC;PTPN9;SORBS1;TREM2;STX3;ARHGEF16;PLS1;GNAI1;EPB41;ITGA3;RHOG;ARF6;STX4;NKD2;SQSTM1;SPTBN1
prerank,GO_Biological_Process_2021::regulation of keratinocyte proliferation (GO:0010837),0.3682705953362076,0.9522378700303846,0.5431164901664145,0.62810762871387,1.0,12/17,28.33%,SNAI2;ZFP36L1;FGF7;FGF10;AREG;KLF9;TGM1;ZFP36;CASK;MDK;STXBP4;EPB41L4B
prerank,GO_Biological_Process_2021::primary neural tube formation (GO:0014020),-0.274492910316696,-0.9521394943620882,0.507537688442211,0.6203261695568687,1.0,5/28,9.58%,GRHL2;STIL;FUZ;SEMA4C;MTHFD1L
prerank,GO_Biological_Process_2021::tube closure (GO:0060606),-0.274492910316696,-0.9521394943620882,0.507537688442211,0.6203261695568687,1.0,5/28,9.58%,GRHL2;STIL;FUZ;SEMA4C;MTHFD1L
prerank,GO_Biological_Process_2021::sensory perception of mechanical stimulus (GO:0050954),0.28022986166860087,0.9507757808720938,0.5571428571428572,0.6301680709707274,1.0,21/68,16.62%,CCDC50;ATP6V0A4;ATP6V1B1;USP53;MYO3B;MYO3A;ESPNL;MYH14;SNAI2;CRYM;EPS8L2;MYO7A;WDR1;WFS1;GRAP;DCDC2;MYO1A;CLIC5;TFAP2A;SLC26A5;SERPINB6
prerank,GO_Biological_Process_2021::ameboidal-type cell migration (GO:0001667),0.3048163945168104,0.9501488059771226,0.5575515635395875,0.6308956852402839,1.0,18/45,24.47%,PHACTR4;ANXA6;PKN3;PDLIM1;SEMA3G;CORO1C;SEMA3A;SEMA3D;SEMA6D;AMOT;ITGB7;SEMA3F;SEMA6B;SEMA6C;AMOTL1;TBX1;NANOS1;SEMA6A
prerank,GO_Biological_Process_2021::regulation of cell morphogenesis (GO:0022604),-0.2694006262579316,-0.9479130361042641,0.5376344086021505,0.627456372987619,1.0,5/31,9.11%,NTNG2;NTNG1;ZRANB1;ZMYM3;STRIP1
prerank,GO_Biological_Process_2021::L-serine metabolic process (GO:0006563),0.41463577745913893,0.9476801055342955,0.5404255319148936,0.6347069044830425,1.0,1/10,0.99%,SERINC3
prerank,GO_Biological_Process_2021::positive regulation by host of viral process (GO:0044794),0.4021987452035142,0.9471473432360353,0.5462662337662337,0.6352453510189303,1.0,5/11,22.29%,IGF2R;APOE;CFL1;VAPA;PPIB
prerank,GO_Biological_Process_2021::regulation of autophagosome maturation (GO:1901096),0.39890291800209177,0.9459797686146916,0.5579119086460033,0.6368309286750762,1.0,4/12,23.83%,TMEM39A;CLN3;FYCO1;RUBCN
prerank,GO_Biological_Process_2021::positive regulation of behavior (GO:0048520),0.4183455034630573,0.9458260941301009,0.5345268542199488,0.6367510869584291,1.0,6/10,21.62%,NR4A3;MEF2C;SGIP1;CRH;AGRP;STRA6
prerank,GO_Biological_Process_2021::RNA metabolic process (GO:0016070),0.26049699324755377,0.944544020263336,0.5824742268041238,0.6385372998797376,1.0,42/125,26.61%,SIDT2;RNASE6;RNASE4;RBM6;RNASE2;DUSP11;RBMS1;RNASEL;RNASE3;RNASE1;RNASET2;HNRNPA1;RBMS2;ISG20;DEDD2;APOBEC1;RNASEH2B;HNRNPH1;RNASEH2C;CELF2;HNRNPD;HNRNPM;ZC3H12A;RBFOX2;PABPC4;ELAVL4;RNGTT;M1AP;HNRNPU;POLR2G;POLR2E;DKC1;HNRNPF;HNRNPH3;ADAR;SYNCRIP;RBPMS;HNRNPC;BICD1;RBMX;DHX36;POLR2H
prerank,GO_Biological_Process_2021::positive regulation of myoblast differentiation (GO:0045663),0.3974183994343333,0.9444739776672578,0.5506172839506173,0.6383283673463382,1.0,5/12,15.75%,IGFBP3;BTG1;MYF6;AKIRIN1;MEF2C
prerank,GO_Biological_Process_2021::protein autoubiquitination (GO:0051865),-0.23071260754034764,-0.9444404668953078,0.5584725536992841,0.6331726904115405,1.0,18/60,19.50%,RNF157;RNF220;RNF183;RNF8;ERCC8;TRIM37;KLHL24;RNF4;RNF185;ASB4;RAG1;DDB2;RNF186;AMFR;ITCH;RNF146;UBE2T;RNF112
prerank,GO_Biological_Process_2021::mesenchyme development (GO:0060485),0.3916578712389419,0.9441914785823702,0.5456790123456791,0.6384793924660483,1.0,8/13,20.38%,GATA4;SFRP2;HMGA2;BMP4;CRELD1;BMP7;PKD2;BMP2
prerank,GO_Biological_Process_2021::epithelial cell morphogenesis (GO:0003382),-0.34086262311879345,-0.9436726152429501,0.5234375,0.6338624513869436,1.0,2/13,3.94%,GRHL2;DACT2
prerank,GO_Biological_Process_2021::negative regulation of insulin secretion (GO:0046676),0.4176508042626093,0.9428647286349191,0.5493877551020409,0.6403355558222124,1.0,5/10,23.04%,MIDN;KLF7;INHBB;SIRT4;PSMD9
prerank,GO_Biological_Process_2021::dorsal/ventral pattern formation (GO:0009953),0.36036911866161764,0.9410866080542934,0.5429005315110099,0.6429462350849263,1.0,9/18,24.82%,AIDA;MDFI;NBL1;FGF8;GLI2;LMX1B;BMPR1B;NOG;PTCH1
prerank,GO_Biological_Process_2021::response to cAMP (GO:0051591),0.31674946111400526,0.9405090650340323,0.5564120532585844,0.6435978148057898,1.0,16/31,23.46%,IGFBP5;DUOX1;AQP9;DMTN;DUOX2;AQP1;ZFP36L1;RAP1B;AANAT;VGF;PKD2;STAT1;EZR;SLC5A5;RAPGEF1;AQP8
prerank,GO_Biological_Process_2021::negative regulation of peptide hormone secretion (GO:0090278),0.39808675222261375,0.940066055796253,0.5511363636363636,0.6440028835870025,1.0,6/12,23.04%,MIDN;CRH;INHBB;FFAR4;SIRT4;PSMD9
prerank,GO_Biological_Process_2021::regulation of G protein-coupled receptor signaling pathway (GO:0008277),0.2764025639942367,0.9384260851809488,0.5700305810397553,0.6463964111038293,1.0,33/72,27.32%,ZDHHC7;CCL5;EDN1;SLC39A14;RGS5;ADCYAP1;PHB;RGS4;GRK5;GNAT1;DYNLT1;RHO;RGS6;PLEK;SAG;NMT2;PPP1R9B;NMT1;PLCE1;GNG4;RGS14;ZDHHC3;RGS20;GRK6;RGS2;GUCY2D;GUCA1B;CAMK2A;RASGRP4;RGS12;GUCY2F;GIT1;CRY1
prerank,GO_Biological_Process_2021::response to peptide (GO:1901652),0.35021732318645854,0.9383148620648938,0.5540540540540541,0.6462477251170634,1.0,10/20,22.28%,REG1A;STAT4;ANXA1;IRF5;GNAI1;STAT5A;STAT6;STAT5B;STAT1;NLRP1
prerank,GO_Biological_Process_2021::negative regulation of autophagy (GO:0010507),0.2955181577209318,0.9381423085262587,0.5547540983606557,0.6462057728311467,1.0,11/45,13.23%,PTPN22;RASIP1;QSOX1;NUPR1;TREM2;LZTS1;LEP;CTSA;EIF4E;DAP;BMF
prerank,GO_Biological_Process_2021::cellular response to hexose stimulus (GO:0071331),0.3637403215556008,0.9380860404156312,0.5482423335826477,0.6459803903535405,1.0,12/17,29.68%,CYP7A1;SLC39A14;SLC2A5;XBP1;PCK1;LIN28A;ADCY8;PCK2;ERN1;ZBTB20;SOX4;GPER1
prerank,GO_Biological_Process_2021::cation transmembrane transport (GO:0098655),0.3170644407739861,0.9370199152135853,0.5521343596920923,0.6474702353528177,1.0,9/32,21.14%,SFXN3;MFSD12;SLC6A9;SLC7A8;SFXN1;SLC3A2;PKD2;SLC7A5;TRPM2
prerank,GO_Biological_Process_2021::medium-chain fatty acid metabolic process (GO:0051791),0.3863098391313587,0.9368968908998606,0.5381558028616852,0.647341265534735,1.0,3/13,12.21%,ABHD3;CES1;ABHD2
prerank,GO_Biological_Process_2021::steroid hormone biosynthetic process (GO:0120178),0.35183930335927377,0.9368877730625754,0.5455218356772761,0.647033412219058,1.0,7/20,18.15%,HSD17B11;CYP11A1;STARD3;STARD3NL;HSD17B1;FDX1;STAR
prerank,GO_Biological_Process_2021::programmed necrotic cell death (GO:0097300),0.3954957761085317,0.9362365888248988,0.5664739884393064,0.6477703613464638,1.0,3/12,10.03%,PPIF;TICAM2;MLKL
prerank,GO_Biological_Process_2021::gene expression (GO:0010467),0.24025649537453223,0.9341078699985639,0.6537859007832898,0.6509263686736315,1.0,98/299,24.87%,RBM6;EEF1A1;DUSP11;RPLP2;RBMS1;RPS12;RPL39;RNASEL;RPL7A;RPL28;RPL29;RPL27A;TSPAN32;RPL10A;RPL34;RPL27;RPL9;RPL14;RPL41;RPL24;RPL21;RPL35A;RBMS2;RPL26;RPL15;RPL13;RPS20;RPL7;EIF4E;RPS17;RPL18A;CREBL2;DUOXA2;TESC;RPL31;RPL30;RPL36;TSPAN14;RPL18;RPL37A;NR4A2;PTMA;DEDD2;APOBEC1;LMF2;NUP214;MRPL41;RPS14;RANBP2;RPS21;BCL3;EIF4A3;HNRNPH1;TSPAN17;TSPAN33;DNAJB11;MRPS18C;SRSF3;CELF2;RPL35;ASMT;HNRNPD;DTX1;RSL24D1;HSPD1;STUB1;RPS10;PABPC4;MRPL23;ELAVL4;NXF3;NUP62;SORL1;RPS29;RNGTT;TNIP1;M1AP;MRPL51;MRPL34;HNRNPU;RPS3A;POLR2G;MRPS6;POLR2E;DKC1;RPL23A;RPL23;HNRNPF;HNRNPH3;NKX2-8;EIF4EBP2;NUP88;SRSF1;ADAR;SYNCRIP;MRPL52;TSPAN15;SEC13
prerank,GO_Biological_Process_2021::inositol phosphate metabolic process (GO:0043647),-0.24221819319170718,-0.9335104225341126,0.5748502994011976,0.6519614240886111,1.0,14/44,16.23%,PPIP5K1;IPPK;ITPK1;PPIP5K2;IP6K3;PLCB2;PLCH2;IP6K2;INPP1;ITPKB;INPP5B;PLCB3;PLCH1;IPMK
prerank,GO_Biological_Process_2021::positive regulation of nucleic acid-templated transcription (GO:1903508),0.23564749428370582,0.9313805881120834,0.6781550937658388,0.6550545894379511,1.0,162/420,26.23%,ELF1;LBH;RNF10;PITHD1;ACTA2;MYOCD;CIITA;RUNX2;TP53INP1;TGFB1I1;NFIB;NCF1;TAL1;GATA1;JUN;RNF187;HIF1A;IRF4;SHC1;YAP1;FOXP3;FOXO1;SNX5;FOXO3;SOX18;PPARGC1A;EPO;CRLF3;SKAP1;ELF2;NOTCH4;ATF5;PARP9;CREBL2;NR2F2;SMAD3;TESC;NR1I2;ETS2;GATA4;MAFB;FOXC2;BAMBI;NKX2-5;HMGA2;EGF;SOST;PHB;ARNTL;TP73;MYC;BMP4;GLIS2;FGF7;MYB;ETS1;GATA6;HAND2;PRDM16;CEBPB;GATA3;HAS3;BCL3;SMARCD3;ILK;NR5A2;RAI1;IRF7;TBX21;MEF2C;PML;MDFIC;CDH1;TFAP2A;SOX2;AIRE;TBX5;LRP5;PAX6;RORB;FLI1;FOS;MAP2K3;RNF14;PRMT2;WBP2NL;HNRNPD;ESRRB;DLX5;NFE2;GLI1;RUNX1;SRY;IFNL1;BMP7;APOE;SOX9;TFAP2B;SMARCA2;NR1D1;GLI2;YWHAH;ATOH8;BCL10;PYHIN1;RFX3;RLF;CAMK4;KDM8;KLF6;FOXH1;NUP62;RUNX3;BMP2;ID2;STAT1;EOMES;RHOG;MITF;RBM23;IRF6;SERTAD3;WBP2;ZFHX3;KLF4;FOXA2;ZNF423;PICALM;PSMD9;NFIL3;MLXIPL;TFEB;EGR2;TBX1;DTX3L;NEUROD1;HEY1;TAF1L;LHX3;SP3;MECOM;KDM3A;SOX17;LEF1;TRIM56;CTCFL;RORA;SMAD2;DDIT3;TEAD2;ZBTB16;SNAI1;TRIM45;LHX2;SMAD4;ZMIZ1;TP63;KLF2;USP16;LYL1;SMARCA1;FOXF2
prerank,GO_Biological_Process_2021::sphingolipid biosynthetic process (GO:0030148),0.2770636211026132,0.930675815882169,0.5748613678373382,0.6558704975973236,1.0,24/69,24.63%,ABCA8;A4GALT;SAMD8;ALOX12B;CLN8;ST8SIA1;SPHK1;CERS3;ALDH3B2;SGPP2;PRKD2;VAPA;GBA;ASAH2;ST6GALNAC5;ASAH1;PRKD3;ST3GAL5;VAPB;ACER1;SPHK2;DEGS2;SGMS2;ST8SIA5
prerank,GO_Biological_Process_2021::regulation of cytoplasmic translation (GO:2000765),-0.3198196898991984,-0.9302875241336622,0.5416666666666666,0.657212711176057,1.0,6/14,17.47%,CPEB2;CPEB3;RBM24;CPEB1;DHX9;CPEB4
prerank,GO_Biological_Process_2021::xenobiotic transport (GO:0042908),0.35892425392586474,0.9296770784362312,0.5678160919540229,0.6571495753871353,1.0,4/18,11.74%,ABCA8;SLC22A2;GJA1;NR1I2
prerank,GO_Biological_Process_2021::cellular polysaccharide catabolic process (GO:0044247),0.3798813951369743,0.9296347995523365,0.5467741935483871,0.6568930066936365,1.0,4/13,20.69%,AOAH;PYGM;PHKA1;PGM2L1
prerank,GO_Biological_Process_2021::embryonic digestive tract development (GO:0048566),0.3777344375932402,0.9291029382986806,0.5623973727422004,0.6574349085002769,1.0,7/14,21.62%,RARRES2;PKDCC;TCF21;RBPMS2;GLI2;ID2;STRA6
prerank,MSigDB_Hallmark_2020::Myc Targets V1,0.25201300240850333,0.9288503116204143,0.6292442497261774,0.6575075872368779,1.0,64/157,27.42%,COX5A;EEF1B2;CYC1;PABPC1;RPL34;RPL14;HNRNPA1;SRM;CANX;EIF4E;RPL18;EIF4A1;EIF3D;PHB;MYC;C1QBP;SERBP1;PTGES3;EIF2S2;CUL1;SRSF3;TCP1;HNRNPD;PRDX3;TUFM;HSPD1;YWHAQ;RPS10;EIF1AX;PABPC4;MRPL23;RSL1D1;G3BP1;SNRPD1;YWHAE;SNRPD3;PRDX4;PSMB2;PSMA2;FBL;SNRPG;HNRNPU;EIF4H;PA2G4;PHB2;FAM120A;PRPS2;CCT4;SNRPB2;ETF1;PGK1;CCT5;HPRT1;SRSF1;SYNCRIP;CCT2;HNRNPC;GLO1;LSM2;HSPE1;VDAC3;VDAC1;CCT3;SET
prerank,GO_Biological_Process_2021::regulation of cell cycle (GO:0051726),0.24038471288261856,0.9284457404525913,0.6461211477151966,0.657843714097801,1.0,90/239,26.79%,TTC28;PHACTR4;ZNF703;MX2;EVI2B;TP53INP1;LILRB1;HPGD;THBS1;RGCC;MAPK12;JUN;NUPR1;LEP;ALOX15B;CRLF3;MAP2K6;SMAD3;BRINP1;TBRG1;BTG4;NUPR2;HMGA2;THAP5;ARNTL;TP73;MYC;PER2;BMP4;GATA6;PDCD4;GATA3;FOXO4;FGF10;SRA1;PML;CSNK2A3;GRK5;SOX2;DUSP1;DYNLT3;JMY;TBX3;ANKK1;NEK6;BMP7;PKD2;SOX9;INHA;CDKN1A;CCPG1;PPP1R9B;ASAH2;RUNX3;BMP2;ID2;DAPK3;SDCBP;XIAP;IRF6;CDK11B;NR4A1;HNRNPU;TGM1;MLXIPL;UHRF2;FBXL12;TSC2;ADAM10;RPL23;PPP1R15A;JUND;TTLL12;MECOM;IQGAP1;NANOS3;PPP1R13B;CDKN2A;WHAMM;CDK11A;TAF6;RHOB;GADD45GIP1;CHMP1A;BIN1;HBP1;SIK1;CYLD;FBXL8;BIRC7
prerank,GO_Biological_Process_2021::regulation of cartilage development (GO:0061035),0.3599052943364556,0.9283767939663506,0.5499231950844854,0.6576319024638261,1.0,10/16,27.10%,SCIN;BMP1;BMP4;SOX9;BMP2;BMPR1B;SOX5;ZBTB16;MDK;SOX6
prerank,GO_Biological_Process_2021::chaperone-mediated protein complex assembly (GO:0051131),-0.32177758992580235,-0.9277310484291876,0.569583931133429,0.6612764374311191,1.0,4/15,10.85%,PTGES3L;BBS10;PSMG1;LONP1
prerank,GO_Biological_Process_2021::establishment of skin barrier (GO:0061436),0.37178702216596693,0.9274068296081793,0.56484375,0.65854021780266,1.0,5/15,19.03%,ALOX12B;TMEM79;ALOX12;LSR;SFN
prerank,GO_Biological_Process_2021::regulation of water loss via skin (GO:0033561),0.37178702216596693,0.9274068296081793,0.56484375,0.65854021780266,1.0,5/15,19.03%,ALOX12B;TMEM79;ALOX12;LSR;SFN
prerank,GO_Biological_Process_2021::regulation of execution phase of apoptosis (GO:1900117),-0.3207981209049286,-0.9269495009387549,0.5612813370473537,0.6619713020090533,1.0,3/15,5.30%,MTRNR2L10;MTRNR2L6;MTRNR2L4
prerank,GO_Biological_Process_2021::monocarboxylic acid catabolic process (GO:0072329),0.33868837560800025,0.9264041424099557,0.5817378497790869,0.6598500982371998,1.0,9/23,21.58%,CYP4F3;AGXT2;PLA2G15;CEL;CYP26C1;HAO1;AGXT;CYP26A1;NUDT19
prerank,GO_Biological_Process_2021::P-body assembly (GO:0033962),-0.334876015172875,-0.9254962147377372,0.5516304347826086,0.6638826858858594,1.0,3/12,20.24%,EDC3;RC3H1;ATXN2
prerank,GO_Biological_Process_2021::SCF-dependent proteasomal ubiquitin-dependent protein catabolic process (GO:0031146),0.2853963213792396,0.9239068479009579,0.5874757908327953,0.663609107061353,1.0,18/54,23.29%,FBXO39;SKP1;PSMF1;CUL1;FBXL14;PSMD5;FBXO17;FBXL16;PSMB2;PSMA2;PSMA8;FBXO27;FBXW7;CUL5;PSMB4;FBXL18;PSMD9;FBXL12
prerank,GO_Biological_Process_2021::erythrocyte development (GO:0048821),0.3955783422920701,0.9237595962445325,0.5780730897009967,0.6635132624938461,1.0,6/11,22.03%,DMTN;GATA1;NCKAP1L;SH2B3;G6PD;ALAS2
prerank,GO_Biological_Process_2021::axonal transport (GO:0098930),-0.25453850833103536,-0.9233907463020044,0.5846456692913385,0.6669857391684625,1.0,8/34,19.47%,KIF4A;KIF3B;KIF3A;KIF1A;KIF1B;FBXW11;OPA1;SPAST
prerank,GO_Biological_Process_2021::positive regulation of signaling (GO:0023056),-0.2602342662358562,-0.922588564603603,0.5911504424778761,0.6678013937552687,1.0,9/32,13.46%,LGI1;SOX11;PTPN23;CLSTN1;NMU;RIMS1;CLSTN3;INPP5F;GRIK2
prerank,GO_Biological_Process_2021::purine nucleoside bisphosphate metabolic process (GO:0034032),0.3225524472170223,0.9215462774037666,0.5782957028404953,0.6664488993234308,1.0,12/26,29.72%,ACOT9;ACOT2;ACOT4;ACSL6;ACOT12;DBI;BAAT;ACSM6;ACSM3;OXSM;ACOT7;ACBD6
prerank,GO_Biological_Process_2021::ribonucleoside bisphosphate metabolic process (GO:0033875),0.3225524472170223,0.9215462774037666,0.5782957028404953,0.6664488993234308,1.0,12/26,29.72%,ACOT9;ACOT2;ACOT4;ACSL6;ACOT12;DBI;BAAT;ACSM6;ACSM3;OXSM;ACOT7;ACBD6
prerank,GO_Biological_Process_2021::regulation of cell-cell adhesion (GO:0022407),0.3126299677466939,0.9208449042598398,0.5701451278507257,0.6672369502426587,1.0,13/31,20.81%,SIRPG;ADAM8;PTPRR;PODXL;FLOT2;CEACAM1;PTPRG;CDH1;PKHD1;FERMT3;FUT7;EFNA5;JAG1
prerank,GO_Biological_Process_2021::positive regulation of pattern recognition receptor signaling pathway (GO:0062208),0.40556229413311373,0.920147194110881,0.583739837398374,0.6680466647734342,1.0,5/10,21.92%,OASL;DDX60;USP15;ZCCHC3;DHX58
prerank,GO_Biological_Process_2021::positive regulation of neurogenesis (GO:0050769),0.27544943340028577,0.9193928539963463,0.5969773299748111,0.6689540781640549,1.0,27/61,24.15%,TGM2;SERPINF1;FAIM;PLXNA4;CX3CR1;ROBO2;PLXNA2;DCT;SLIT2;SMARCD3;NUMBL;NPTN;PLXNC1;PLXNB2;RHOA;PLXNA1;PLXND1;ROBO1;SS18L2;NUMB;SHANK3;PLXNA3;OBSL1;NGFR;RGS14;LRP2;DISC1
prerank,GO_Biological_Process_2021::cell cycle G1/S phase transition (GO:0044843),-0.2392723246958231,-0.9193402411735337,0.6229508196721312,0.6730082266133054,1.0,12/45,13.45%,DBF4;CDKN3;HINFP;ZNF324;ACVR1B;CDKN1B;MAX;MNAT1;CDC34;SPDYA;USP37;PHF8
prerank,GO_Biological_Process_2021::regulation of myotube differentiation (GO:0010830),0.38484837774663316,0.9187827036163864,0.5629510825982358,0.6696239787111309,1.0,5/12,18.16%,TMEM119;NKX2-5;XBP1;BDNF;DMPK
prerank,GO_Biological_Process_2021::negative regulation of translational initiation (GO:0045947),0.37774063211735825,0.9167641983498497,0.5771428571428572,0.6725968592076171,1.0,11/13,44.02%,EIF3E;EIF4EBP1;PAIP2B;EIF4EBP2;PAIP2;EIF2AK4;EIF2AK1;AGO2;EIF4EBP3;TPR;RBM4
prerank,GO_Biological_Process_2021::regulation of receptor recycling (GO:0001919),0.3741561330729097,0.9163420596854611,0.580852775543041,0.6729570785121951,1.0,5/13,22.92%,TRAT1;TBC1D16;KIF16B;RAB29;VAMP3
prerank,GO_Biological_Process_2021::B cell activation involved in immune response (GO:0002312),0.3918422614235515,0.9160004245604224,0.5854456255110384,0.6731811676406946,1.0,3/11,6.58%,GAPT;CD180;BATF
prerank,GO_Biological_Process_2021::neural tube closure (GO:0001843),-0.2545461231087841,-0.9159989835832182,0.5729349736379613,0.6784607436651775,1.0,5/31,9.58%,GRHL2;STIL;FUZ;SEMA4C;MTHFD1L
prerank,GO_Biological_Process_2021::branching involved in ureteric bud morphogenesis (GO:0001658),-0.3056956535495009,-0.9158457493920017,0.5774834437086093,0.6779778318644777,1.0,5/16,13.45%,HOXD11;SIX1;HOXA11;FOXD1;SHH
prerank,GO_Biological_Process_2021::monocarboxylic acid transport (GO:0015718),0.28528076172158395,0.9155505203809063,0.5835509138381201,0.6735983849388767,1.0,18/51,22.75%,SLCO2A1;SLC16A6;SLC16A8;SLC16A4;CD36;SLCO2B1;SLC16A3;CEACAM1;NCOA2;SLC16A7;SLC6A11;SLC16A1;SLCO1B1;ABCC4;SLC10A2;SLC16A2;ABCG2;AKR1C1
prerank,GO_Biological_Process_2021::positive regulation of DNA biosynthetic process (GO:2000573),0.288786136784126,0.9153879630046694,0.605718085106383,0.6735268317320758,1.0,6/46,9.03%,SMOC2;PKIB;HMBOX1;MAPK15;RGCC;HNRNPA1
prerank,GO_Biological_Process_2021::regulation of cysteine-type endopeptidase activity involved in apoptotic signaling pathway (GO:2001267),0.40242565699151467,0.9151575521998755,0.5820280296784831,0.6735675995048711,1.0,4/10,19.26%,PLAUR;FAS;LGALS9;GSN
prerank,GO_Biological_Process_2021::ventricular cardiac muscle cell action potential (GO:0086005),-0.313705896127641,-0.9145767111649963,0.5941845764854614,0.6795994544498766,1.0,5/15,14.96%,SCN3B;KCNE1B;GPD1L;KCNE3;PKP2
prerank,GO_Biological_Process_2021::cellular response to ketone (GO:1901655),0.3205800033923251,0.9130905847902393,0.589541547277937,0.6765921939073614,1.0,14/27,27.49%,GNG2;AQP1;PTGFR;GNAI1;KLF9;PCK1;DCPS;SPHK2;MAP4K1;NCOA4;ADCY8;MSN;PCK2;GNB1
prerank,GO_Biological_Process_2021::cytoplasmic microtubule organization (GO:0031122),-0.22562823888315486,-0.9103559415754676,0.6394557823129252,0.686483394164789,1.0,16/51,24.90%,FIGNL1;CRIPT;KATNAL2;CLASP1;TUBGCP6;NUMA1;CAMSAP2;PCM1;CLIP2;CCDC88C;SPAST;KATNA1;TUBGCP4;HOOK3;SLK;TUBGCP3
prerank,GO_Biological_Process_2021::protein ADP-ribosylation (GO:0006471),0.33340672613968736,0.9102808837927132,0.5804248861911988,0.6808029442850283,1.0,9/22,22.25%,PARP9;PARP12;PARP14;PARP15;TIPARP;ART4;PARP16;SIRT4;PARP11
prerank,GO_Biological_Process_2021::nuclear envelope organization (GO:0006998),0.34098448196916037,0.9094162117804528,0.5895131086142322,0.6818876680708631,1.0,7/20,23.19%,TOR1B;TOR1AIP1;TOR1A;DMPK;REEP3;SUN3;EMD
prerank,GO_Biological_Process_2021::regulation of myeloid cell differentiation (GO:0045637),0.2820702320607345,0.9090080470665577,0.6177806619078521,0.6821902671040774,1.0,14/53,18.75%,NR4A3;THBS1;PF4;CSF3;GATA1;MYL9;MAFB;GP1BA;HSPA9;MEF2C;SPI1;NFE2;RUNX1;PRMT1
prerank,GO_Biological_Process_2021::positive regulation of mRNA catabolic process (GO:0061014),-0.24381457783125024,-0.9059931181956479,0.6365248226950354,0.6937574413620844,1.0,15/39,27.49%,PNPT1;CPEB3;RBM24;UPF1;KHSRP;YTHDF1;RC3H1;PRR5L;MOV10;METTL3;TNRC6A;TNRC6C;METTL14;GIGYF2;YTHDF3
prerank,GO_Biological_Process_2021::positive regulation of pathway-restricted SMAD protein phosphorylation (GO:0010862),0.3094288608925899,0.9048909566292296,0.6085734364019677,0.6884803520249814,1.0,13/29,20.68%,GDF15;BMP6;HFE;BMP4;INHBE;GDF5;DAB2;GDF10;BMP7;INHBB;INHA;BMP2;SDCBP
prerank,GO_Biological_Process_2021::calcium ion transport (GO:0006816),0.2644104384436213,0.9031554111486558,0.6305810397553517,0.6909659957675772,1.0,29/76,23.90%,CRACR2B;CCL5;TMEM165;TRPV6;CCL8;MCOLN3;SLC24A1;CAV1;TPT1;MCOLN2;SLC24A4;SLC3A2;TRPV2;SLC8A3;TRPC4;CCL3;ANO6;PKD2;CYP27B1;ATP2C2;RYR2;TRPV5;TRPM2;SLC8A1;ATP2C1;CRACR2A;ANK2;TRPC6;ATP2B2
prerank,GO_Biological_Process_2021::regulation of protein serine/threonine kinase activity (GO:0071900),-0.20505552437678168,-0.9029441017419765,0.697594501718213,0.6985481291392849,1.0,17/90,11.54%,CDKN3;CCNB3;ETAA1;GTPBP4;BCCIP;ACTB;GTF2H1;CCNT2;CCNO;CCNB2;CDKN1B;CCNT1;TELO2;MTCP1;BLM;CCNK;MNAT1
prerank,GO_Biological_Process_2021::regulation of protein acetylation (GO:1901983),-0.3488044523367833,-0.9027417983631626,0.5876543209876544,0.6981362841693399,1.0,3/10,20.40%,CEP295;KAT5;TERF2IP
prerank,GO_Biological_Process_2021::mitotic G1 DNA damage checkpoint signaling (GO:0031571),0.28243355837627193,0.9022251350749055,0.6282894736842105,0.6921281224487192,1.0,18/50,26.17%,PRAP1;ZNF385A;RGCC;RPL26;PLK2;PML;TRIAP1;PRMT1;CNOT6L;SFN;CDKN1A;RPS27L;PLK3;CNOT11;CNOT7;CNOT1;ARID3A;BAX
prerank,GO_Biological_Process_2021::protein K63-linked ubiquitination (GO:0070534),0.291201396722714,0.902026336383403,0.6134163208852006,0.6921177570319924,1.0,17/41,25.07%,NEDD4;TRAF6;BFAR;TRAF1;RNF135;TRIM5;UBE2N;STUB1;TRAF2;UBE2E2;TRAF3;RNF115;HECTD1;PELI1;RNF152;RNF5;TRIM56
prerank,GO_Biological_Process_2021::protein destabilization (GO:0031648),0.3157308861121112,0.9013959846086553,0.5932809149392423,0.6927951148588528,1.0,14/27,30.73%,SERF2;CTSH;NR1D1;GSN;PYHIN1;KDM8;RNF139;CUL3;DERL1;SOX17;PRNP;IRGM;GGA3;ISOC2
prerank,GO_Biological_Process_2021::positive regulation of epidermal cell differentiation (GO:0045606),-0.31355616991900326,-0.9012846560259147,0.5861601085481682,0.6999921028759046,1.0,3/14,9.29%,MED1;NME2;NUMA1
prerank,GO_Biological_Process_2021::serine family amino acid metabolic process (GO:0009069),-0.3141424600284817,-0.898834700349046,0.6150740242261103,0.7035870961534382,1.0,7/14,27.45%,SRR;SEPSECS;PSPH;DAO;SHMT1;SHMT2;MTHFD1
prerank,GO_Biological_Process_2021::polyol metabolic process (GO:0019751),-0.23310416343763443,-0.8985968504441435,0.6369294605809128,0.703243259498523,1.0,14/45,16.23%,PPIP5K1;IPPK;ITPK1;PPIP5K2;IP6K3;PLCB2;PLCH2;IP6K2;INPP1;ITPKB;INPP5B;PLCB3;PLCH1;IPMK
prerank,GO_Biological_Process_2021::positive regulation of ubiquitin-protein transferase activity (GO:0051443),-0.25808683061761106,-0.897727609989977,0.6030664395229983,0.7040113309540463,1.0,8/28,12.75%,DCUN1D2;FZR1;TOPORS;MAGEC2;DCUN1D1;DCUN1D3;DCUN1D5;UBE2S
prerank,GO_Biological_Process_2021::positive regulation of protein import (GO:1904591),-0.2779455499589499,-0.897533459587284,0.6236559139784946,0.7035775623646068,1.0,5/22,10.75%,EFCAB7;ZIC1;IPO5;ECT2;DMAP1
prerank,GO_Biological_Process_2021::positive regulation of transcription regulatory region DNA binding (GO:2000679),0.3570307582459707,0.8969079720260469,0.5827395091053048,0.6996555419689803,1.0,9/15,28.94%,TWIST1;HAND2;GATA3;TRAF6;PAX6;NEUROD1;DDRGK1;LAMTOR5;GTF2B
prerank,GO_Biological_Process_2021::respiratory electron transport chain (GO:0022904),-0.3380631025117248,-0.8948281109641419,0.5992268041237113,0.7077030821248094,1.0,4/11,11.21%,SLC25A18;SLC25A13;SLC25A22;ETFDH
prerank,GO_Biological_Process_2021::regulation of neuroblast proliferation (GO:1902692),0.3927245030814092,0.8937510723686715,0.6122278056951423,0.7043737089050571,1.0,5/10,24.15%,CX3CR1;DCT;SMARCD3;LRRK2;DISC1
prerank,GO_Biological_Process_2021::nucleoside diphosphate metabolic process (GO:0009132),-0.30330179624435194,-0.8934104563216191,0.6032831737346102,0.7094431961322937,1.0,5/16,12.63%,NME2;ENTPD5;AK5;ENTPD4;AK4
prerank,GO_Biological_Process_2021::regulation of membrane repolarization (GO:0060306),-0.3355801671469093,-0.8933558698220135,0.6020278833967047,0.7087475411194639,1.0,4/11,12.83%,CACNA2D1;KCNJ2;CACNB3;AKAP9
prerank,GO_Biological_Process_2021::protein heterooligomerization (GO:0051291),-0.3156996593404006,-0.8924852968736006,0.6241426611796982,0.7094911975549845,1.0,7/15,14.86%,CPSF6;CPSF7;CBR4;KRT10;TMEM120B;NUDT21;HSD17B8
prerank,GO_Biological_Process_2021::regulation of Rac protein signal transduction (GO:0035020),0.3610969727018998,0.8919830325458883,0.6191235059760957,0.7068790848258848,1.0,6/14,21.32%,STMN3;SH3BP1;GABARAP;ARHGAP44;ARHGAP24;ARF6
prerank,GO_Biological_Process_2021::regulation of histone deacetylation (GO:0031063),-0.32852503297086033,-0.8919260117471679,0.6047120418848168,0.709672282510188,1.0,7/12,32.38%,NIPBL;PRMT6;AKAP8L;CAMK2D;ING2;AKAP8;ZBTB7B
prerank,GO_Biological_Process_2021::regulation of type I interferon production (GO:0032479),0.26219036492079073,0.8910188511173287,0.6585669781931465,0.7080575591713306,1.0,25/73,22.76%,PTPN22;DDX58;HERC5;NLRP4;TIRAP;IFIH1;IRF8;IRF5;TNFAIP3;IRF7;MYD88;LRRFIP1;RNF135;STAT6;TBK1;UBA7;ZBP1;G3BP1;TRIM25;TRAF3;UBE2L6;DHX58;ISG15;GAPDH;POLR2E
prerank,GO_Biological_Process_2021::negative regulation of type I interferon-mediated signaling pathway (GO:0060339),0.3485515082459747,0.8908758716216059,0.6071146245059289,0.7079318270720265,1.0,9/16,25.64%,USP18;OAS1;OAS3;SAMHD1;PTPN2;ISG15;CNOT7;TTLL12;STAT2
prerank,GO_Biological_Process_2021::glycogen metabolic process (GO:0005977),0.31745737418573466,0.8905822356962756,0.6059506531204645,0.7080589836937694,1.0,13/24,28.68%,PYGM;PER2;PPP1R3C;PHKA1;NR1D1;GYS1;PGM2L1;PRKAG2;PGM1;GYG2;STBD1;PGM2;NHLRC1
prerank,GO_Biological_Process_2021::chondroitin sulfate proteoglycan metabolic process (GO:0050654),0.3929592186000625,0.8903635477239921,0.5805152979066023,0.7080596949131635,1.0,5/10,27.35%,DSE;XYLT1;CSGALNACT1;PXYLP1;DSEL
prerank,"GO_Biological_Process_2021::positive regulation of mRNA splicing, via spliceosome (GO:0048026)",0.352622393523402,0.8898124392325693,0.6262705238467553,0.7085560476267873,1.0,3/15,16.03%,RBMXL1;CELF4;NCL
prerank,GO_Biological_Process_2021::regulation of cholesterol biosynthetic process (GO:0045540),-0.3037360196608884,-0.8892833058774581,0.5986666666666667,0.7135271730282515,1.0,5/14,25.12%,MBTPS2;ERLIN2;ABCA2;SCAP;RAN
prerank,GO_Biological_Process_2021::regulation of developmental growth (GO:0048638),-0.26731933390114876,-0.8891419071522678,0.6333333333333333,0.7130001403757562,1.0,5/22,13.16%,SIX4;SIX1;MBD5;NIPBL;MUSK
prerank,GO_Biological_Process_2021::negative regulation of TOR signaling (GO:0032007),0.30850569053784155,0.8880506086319504,0.6058446186742694,0.711025813088386,1.0,13/28,29.13%,TNFAIP8L1;DEPDC5;ARNTL;SESN1;DDIT4;TSC2;NPRL3;RNF152;ITFG2;NPRL2;TMEM127;SZT2;FLCN
prerank,MSigDB_Hallmark_2020::Pancreas Beta Cells,0.30118671045536244,0.8876336011374646,0.6311418685121107,0.7113502906118286,1.0,14/31,20.30%,GCK;LMO2;FOXO1;SCGN;GCG;MAFB;PAK3;SPCS1;SST;IAPP;PAX6;SRP9;SEC11A;DCX
prerank,GO_Biological_Process_2021::regulation of histone H3-K4 methylation (GO:0051569),-0.3058076317135143,-0.8865451928537599,0.6101449275362318,0.7167506839792654,1.0,6/14,26.54%,PAXIP1;BCOR;AUTS2;ZNF335;PIH1D1;WDR61
prerank,GO_Biological_Process_2021::fatty acid catabolic process (GO:0009062),0.2663249548478669,0.8857216506486245,0.6503807106598984,0.7140593008511208,1.0,11/63,17.87%,ADTRP;ABHD3;AIG1;ADIPOQ;NUDT7;ABHD2;PLA2G15;ACADL;CEL;MMAA;HAO1
prerank,GO_Biological_Process_2021::regulation of RNA splicing (GO:0043484),0.2659910642067969,0.8855969538615807,0.6594292803970223,0.7139091935465577,1.0,28/66,30.02%,AHNAK2;RBM12;KHDRBS2;PRX;AHNAK;PTBP3;HNRNPH1;SRSF3;CELF1;RBM23;KHDRBS1;TMBIM6;HNRNPF;HNRNPH3;ESRP2;CLK1;GRSF1;RPS13;RBM20;AKAP17A;RBM38;SF1;ERN1;HNRNPH2;MBNL1;AFF2;PTBP1;HNRNPK
prerank,GO_Biological_Process_2021::regulation of peptidyl-threonine phosphorylation (GO:0010799),0.301986047292582,0.8853181055297095,0.6254319281271596,0.714011859183565,1.0,10/31,22.68%,CHI3L1;DMTN;EGF;SPHK1;AZU1;PARD3;RIPK2;BMP7;DDIT4;PRKAG2
prerank,GO_Biological_Process_2021::regulation of protein localization (GO:0032880),0.27185077644973654,0.8846409302547092,0.6401045068582626,0.7147167353528242,1.0,18/52,24.07%,ZDHHC7;RABGAP1L;MMD;PPM1F;ADCYAP1;CTSD;TRIM38;TRIM5;DVL1;RSL1D1;TRIM25;VIP;FBXW7;TRIM22;PICALM;AAK1;ATCAY;TRIM17
prerank,GO_Biological_Process_2021::protein deacylation (GO:0035601),0.34842782797291466,0.8837716159257049,0.6229249011857707,0.7157635991097423,1.0,9/15,29.83%,PPT1;SIN3A;ABHD17B;ABHD17C;SIRT3;ABHD10;LYPLA2;ABHD17A;SIRT7
prerank,GO_Biological_Process_2021::positive regulation of histone acetylation (GO:0035066),-0.2818420258265697,-0.8836497269647187,0.620384047267356,0.7210222733013516,1.0,5/19,11.90%,PAXIP1;TADA2B;TADA2A;KAT7;BRD7
prerank,GO_Biological_Process_2021::regulation of peptide hormone secretion (GO:0090276),0.28868291872011836,0.8820116869895915,0.64375,0.7181710695385881,1.0,21/38,27.87%,CCL5;GCK;GCG;ARNTL;KCNG2;PER2;HFE;STX1A;RAPGEF4;UQCC2;SYT7;TFAP2B;RFX3;PASK;NEUROD1;KCNC2;SLC8B1;SLC2A1;GIP;RAP1A;ITPR3
prerank,GO_Biological_Process_2021::sodium-independent organic anion transport (GO:0043252),0.35630496175124055,0.8820109217625041,0.6349079263410728,0.7178238114685013,1.0,4/14,21.58%,SLCO2A1;SLCO2B1;SLCO1B1;SLC16A2
prerank,GO_Biological_Process_2021::regulation of non-canonical Wnt signaling pathway (GO:2000050),-0.32500428556508776,-0.8819043879508837,0.6297297297297297,0.7233196350046455,1.0,5/12,21.35%,ZNRF3;WNT5B;SFRP1;NPHP3;DAAM2
prerank,GO_Biological_Process_2021::positive regulation of transmembrane receptor protein serine/threonine kinase signaling pathway (GO:0090100),0.26529286037682637,0.881214290323552,0.6637223974763407,0.7187228149597591,1.0,27/63,26.42%,GDF15;TGFB1I1;THBS1;CDH5;KIAA0319;SULF1;BMP6;RNF165;SLC2A10;HFE;BMP4;INHBE;GDF5;DAB2;GDF10;BMP7;INHBB;INHA;BMP2;SDCBP;BMPR1B;ZNF423;SMAD2;ZEB2;RBPMS;SMAD4;GIPC1
prerank,GO_Biological_Process_2021::regulation of histone methylation (GO:0031060),-0.3065340373100405,-0.880618931971477,0.6169088507265522,0.7248063631591939,1.0,9/14,33.98%,PAF1;CHTOP;FAM47E;NSD1;ZNF335;PIH1D1;TET1;CTR9;MTHFR
prerank,GO_Biological_Process_2021::regulation of fibroblast proliferation (GO:0048145),0.30566053206471305,0.8791382279599834,0.6324167872648335,0.7216495064287345,1.0,8/28,15.52%,CD300A;S100A6;AQP1;PLA2G1B;MYC;SPHK1;FTH1;NLRC3
prerank,GO_Biological_Process_2021::peptidyl-lysine modification (GO:0018205),-0.19597312904300562,-0.8788068694825381,0.7452830188679245,0.7271830590612696,1.0,25/92,18.88%,ESCO1;NUP205;POM121;NUP133;NUP188;RNF212;TOPORS;NUP35;NUP37;SENP1;AAAS;NUP160;NUP43;POM121C;GCSH;LIPT1;EYA1;NSMCE2;NDC1;PIAS4;VIPAS39;KAT5;SENP7;ZNF451;RANGAP1
prerank,GO_Biological_Process_2021::intermediate filament organization (GO:0045109),0.35624020454125666,0.8781685062696282,0.6430241621200312,0.7228181570334599,1.0,6/15,22.42%,DES;TCHH;DSP;GFAP;PKP1;NEFL
prerank,GO_Biological_Process_2021::acylglycerol biosynthetic process (GO:0046463),0.3264533217493945,0.8772573630022731,0.6332312404287902,0.7239193517224637,1.0,11/20,27.36%,ANG;GK;AWAT2;PLA2G15;PLCE1;DGAT2;GPAT3;MOGAT2;PNPLA2;MOGAT1;LPIN3
prerank,GO_Biological_Process_2021::negative regulation of endoplasmic reticulum stress-induced intrinsic apoptotic signaling pathway (GO:1902236),0.38613257496434994,0.8769212805120706,0.619821283509342,0.7241014446087567,1.0,4/10,23.58%,XBP1;TXNDC12;LRRK2;TMBIM6
prerank,GO_Biological_Process_2021::regulation of neural precursor cell proliferation (GO:2000177),-0.2797380571759452,-0.8759730478710114,0.6555232558139535,0.7312842299613482,1.0,5/18,16.17%,SHCBP1;RASSF10;FZD9;APPL2;SIX3
prerank,"GO_Biological_Process_2021::positive regulation of protein localization to chromosome, telomeric region (GO:1904816)",-0.3191280384868659,-0.8756511785360481,0.606951871657754,0.7310587060353694,1.0,2/12,7.54%,GNL3L;GNL3
prerank,GO_Biological_Process_2021::glial cell differentiation (GO:0010001),0.3101953769296137,0.8747689026039264,0.6452576549663929,0.7271576525543548,1.0,13/25,23.69%,NFIB;PTPRZ1;GPC1;GPR157;MMP24;CDH2;FGF10;SLC8A3;SOX2;SOX9;RELN;EGR2;ADGRG6
prerank,GO_Biological_Process_2021::organic cyclic compound biosynthetic process (GO:1901362),0.3163277667225403,0.8724370039370934,0.6382505559673832,0.7304695997989208,1.0,9/23,23.98%,HDC;PYCR1;GCH1;HSD17B1;STAR;MOCS3;CYP21A2;PRLR;DHRS11
prerank,GO_Biological_Process_2021::embryonic digit morphogenesis (GO:0042733),-0.3132419268443829,-0.8723309594581715,0.6276595744680851,0.736004099801614,1.0,5/13,13.45%,WDPCP;INTU;WNT7A;OSR2;SHH
prerank,GO_Biological_Process_2021::maintenance of protein location in nucleus (GO:0051457),-0.27235397921724047,-0.8714319535402193,0.6341107871720116,0.7367329629271305,1.0,4/20,9.46%,TAF3;TOPORS;SUPT7L;TAF8
prerank,GO_Biological_Process_2021::cellular response to amino acid stimulus (GO:0071230),-0.25706258206692084,-0.8714033807015691,0.6534810126582279,0.735987061657008,1.0,4/25,10.35%,NSMF;CPEB3;IPO5;CPEB1
prerank,GO_Biological_Process_2021::alpha-amino acid metabolic process (GO:1901605),0.2874732212950324,0.8701640744927802,0.6519674355495251,0.7336818000104677,1.0,18/36,27.82%,DDAH2;IYD;GLS2;PYCR1;GADL1;GPT;KMO;ALDH18A1;GLUL;DDAH1;ATP7A;ASS1;MTRR;RIMKLB;ASNS;GLUD1;GPT2;CBS
prerank,GO_Biological_Process_2021::T cell differentiation in thymus (GO:0033077),0.3720012342280221,0.8701635855429972,0.6366639141205616,0.7333283197929126,1.0,8/11,27.76%,MR1;ZFP36L1;CCR6;FADD;RIPK3;GLI3;ZFP36L2;RABL3
prerank,GO_Biological_Process_2021::negative regulation of epidermal growth factor-activated receptor activity (GO:0007175),0.36216587437129133,0.8700074850108653,0.6358428805237316,0.7332206090712655,1.0,7/12,26.69%,CBL;SNX6;CBLB;CBLC;VPS25;CHMP6;GPRC5A
prerank,GO_Biological_Process_2021::renal system development (GO:0072001),0.2767990871408045,0.869638175157976,0.6610284167794317,0.7334480361662977,1.0,16/45,21.62%,SULF2;MYOCD;TCF21;HAS2;RBP4;HYAL2;SULF1;BMP4;WFS1;GATA3;ITGA8;TFAP2A;TFAP2B;GLI2;STAT1;STRA6
prerank,GO_Biological_Process_2021::bile acid and bile salt transport (GO:0015721),-0.2579696807400176,-0.8695930567951772,0.6619718309859155,0.7383389462423184,1.0,5/24,11.92%,SLC10A5;SLC51A;ATP8B1;SLC51B;ABCC2
prerank,GO_Biological_Process_2021::lipid droplet formation (GO:0140042),-0.33252146405982425,-0.8690913057720464,0.6248477466504263,0.7383837700440624,1.0,3/10,15.80%,ZFYVE1;SQLE;CDS2
prerank,GO_Biological_Process_2021::regulation of mRNA processing (GO:0050684),-0.24108502163968681,-0.8684939539932933,0.6869244935543278,0.7386350163971535,1.0,10/34,19.44%,IWS1;SUPT6H;SRPK1;SRPK2;PTCD2;DHX9;TIA1;CWC22;CPSF4;SAFB
prerank,GO_Biological_Process_2021::protein-DNA complex disassembly (GO:0032986),-0.28795592181987806,-0.86757638239679,0.6525885558583107,0.7393731777269111,1.0,7/17,25.36%,GRWD1;SUPT16H;SMARCD1;SMARCD2;HMGA1;ARID2;SMARCC2
prerank,GO_Biological_Process_2021::secondary palate development (GO:0062009),0.3747729592202964,0.8673054229624,0.6373268133659332,0.7367604093038805,1.0,6/11,25.91%,TGFBR3;LRRC32;TGFBR2;LEF1;SMAD2;SMAD4
prerank,GO_Biological_Process_2021::positive regulation of neural precursor cell proliferation (GO:2000179),0.3449676559292762,0.8672524619403004,0.6428003182179793,0.7364898041322541,1.0,7/15,25.41%,CX3CR1;DCT;SMARCD3;NES;LRP2;DISC1;MDK
prerank,GO_Biological_Process_2021::regulation of voltage-gated calcium channel activity (GO:1901385),-0.28788234475747826,-0.8671073738974555,0.6500777604976672,0.7394161854694107,1.0,7/18,18.54%,STAC2;STAC3;CACNB1;NOS1AP;CACNB3;CACNB2;CACNB4
prerank,GO_Biological_Process_2021::negative regulation of mRNA catabolic process (GO:1902373),0.30981415693907055,0.8664781896246873,0.6332357247437774,0.7373517810426289,1.0,7/24,23.13%,SLC11A1;PABPC1;VIP;PKP1;AXIN2;HNRNPU;NOCT
prerank,GO_Biological_Process_2021::establishment of protein localization to mitochondrion (GO:0072655),0.27671337257592327,0.8658805717131095,0.666015625,0.7379561820906217,1.0,21/45,29.98%,HK2;HSPD1;TOMM22;TOMM34;TIMM17A;RALA;GDAP1;GRPEL2;HK1;TIMM8B;FBXO7;ROMO1;TOMM20;TIMM13;DNAJC19;TOMM20L;TIMM9;TOMM40;DNLZ;FIS1;TOMM40L
prerank,GO_Biological_Process_2021::long-term synaptic potentiation (GO:0060291),0.34779045522540314,0.8655786633323297,0.6483946750195771,0.7380669920483187,1.0,8/15,22.78%,SLC24A1;PLK2;TSHZ3;SLC8A3;NPTN;ARC;STX4;RGS14
prerank,GO_Biological_Process_2021::positive regulation of cartilage development (GO:0061036),0.3465882021637083,0.8641492552050529,0.6568471337579618,0.7399522450487019,1.0,11/15,27.10%,PKDCC;BMP1;BMP4;GDF5;SOX9;BMP2;BMPR1B;SOX5;ZBTB16;MDK;SOX6
prerank,GO_Biological_Process_2021::regulation of transport (GO:0051049),0.297749013736452,0.8637760590843714,0.6627423822714681,0.7401685337367215,1.0,16/29,28.71%,REEP6;TRAT1;ICA1;ARL6IP5;EPB41;LRRK2;RAB11A;TMEM102;MYO6;WWC1;SLC30A8;ACTG1;FES;POFUT2;REEP5;SCFD1
prerank,GO_Biological_Process_2021::melanosome localization (GO:0032400),-0.2686821079546751,-0.8631730051535659,0.7095310136157338,0.7452904450547158,1.0,4/21,9.66%,ARL6;BBS7;BBS2;BBS5
prerank,GO_Biological_Process_2021::positive regulation of neuron differentiation (GO:0045666),0.2851215051213527,0.8626187261450154,0.6615916955017301,0.741571264257783,1.0,13/36,20.65%,CPNE1;MMD;BRINP1;NBL1;FGF20;ZEB1;NKX2-5;BEND6;HEYL;MEF2C;RHOA;BMP2;SIN3A
prerank,GO_Biological_Process_2021::purine-containing compound biosynthetic process (GO:0072522),0.32133444696907176,0.8623779772415743,0.6571428571428571,0.7415986285853339,1.0,7/20,24.28%,DCK;GMPR;AMPD1;PRPSAP1;PRPS2;DGUOK;HPRT1
prerank,GO_Biological_Process_2021::aspartate family amino acid catabolic process (GO:0009068),-0.27486018373300225,-0.8612557384083425,0.6728571428571428,0.7477127270193338,1.0,3/19,10.25%,SLC25A21;ASPA;PIPOX
prerank,GO_Biological_Process_2021::regulation of mitotic nuclear division (GO:0007088),0.2772190608434524,0.8608986914759179,0.6760942760942761,0.7434920997818177,1.0,16/41,21.35%,RGCC;EDN1;EGF;CCDC8;BMP4;EPGN;TOM1L1;PDXP;DUSP1;LRP5;BTC;EDN3;BMP7;NUP62;DAPK3;OBSL1
prerank,GO_Biological_Process_2021::peptidyl-threonine phosphorylation (GO:0018107),0.28701795311784417,0.8603456425848175,0.6884906960716747,0.7439830447443326,1.0,14/36,26.65%,MYLK2;HIPK4;TGFBR2;PRKD2;CSNK2A3;TBK1;CDK5R1;LMTK2;LRRK2;CDC42BPA;MARK2;HIPK1;OXSR1;CAMK2A
prerank,GO_Biological_Process_2021::modulation by host of symbiont process (GO:0051851),0.29303352676437316,0.8603016682625071,0.65406162464986,0.743697460587922,1.0,6/31,12.64%,CCL5;CARD9;JUN;CX3CR1;AQP1;HMGA2
prerank,GO_Biological_Process_2021::relaxation of cardiac muscle (GO:0055119),0.3760944464263574,0.8602027777489764,0.6382450331125827,0.7434875609721356,1.0,5/10,25.48%,GSTM2;PLN;GSN;SLC8A1;RGS2
prerank,GO_Biological_Process_2021::membrane lipid biosynthetic process (GO:0046467),0.26353701232101184,0.8549707305020235,0.6889312977099237,0.7511947869527776,1.0,15/56,24.60%,SCCPDH;SAMD8;GBGT1;SPHK1;CERS3;ALDH3B2;SGPP2;PRKD2;VAPA;PRKD3;VAPB;ACER1;SPHK2;DEGS2;SGMS2
prerank,GO_Biological_Process_2021::cognition (GO:0050890),0.2850086724902108,0.8543138895405972,0.6841379310344827,0.7518403056947849,1.0,14/35,25.79%,FAM107A;SHROOM4;HLA-DRA;CYFIP1;TUSC3;CHMP2B;CBR3;TMPRSS11E;STRA6;MFSD2A;SETD5;GTF2A1L;LINS1;GPR155
prerank,GO_Biological_Process_2021::nucleotide-binding oligomerization domain containing signaling pathway (GO:0070423),0.3110996932754045,0.8537543624822301,0.6695970695970695,0.752329628832847,1.0,13/22,28.56%,IRAK2;MAP2K6;TNFAIP3;TRAF6;RIPK2;UBE2N;UBB;NOD1;CYLD;TAB1;IKBKG;TAB2;IRGM
prerank,GO_Biological_Process_2021::NADH dehydrogenase complex assembly (GO:0010257),0.33989166588455294,0.8531566004062046,0.6485849056603774,0.7525254699749444,1.0,4/14,19.84%,NDUFAF6;TMEM126B;TIMMDC1;TMEM126A
prerank,GO_Biological_Process_2021::mitochondrial respiratory chain complex I assembly (GO:0032981),0.33989166588455294,0.8531566004062046,0.6485849056603774,0.7525254699749444,1.0,4/14,19.84%,NDUFAF6;TMEM126B;TIMMDC1;TMEM126A
prerank,GO_Biological_Process_2021::establishment of protein localization to organelle (GO:0072594),-0.2005280490946573,-0.8528662625280464,0.7715877437325905,0.760917030199172,1.0,17/66,17.78%,IPO4;TNPO2;POM121;NUP133;NUP188;CSE1L;IPO5;PEX19;IPO13;POM121C;RANBP6;TNPO3;APPL2;IPO7;NXT2;IPO9;NUTF2
prerank,GO_Biological_Process_2021::negative regulation of mitotic cell cycle (GO:0045930),0.2734848514506115,0.8522501416235638,0.6848118279569892,0.7535682616023686,1.0,12/42,18.72%,RGCC;SMAD3;BRINP1;BTG4;BTG1;ZFP36L1;PTPN3;BMP4;TOM1L1;PLK2;HECA;BMP7
prerank,GO_Biological_Process_2021::cAMP-mediated signaling (GO:0019933),0.3190523059017954,0.8518469693214695,0.6616654163540885,0.7538216035121381,1.0,7/19,23.69%,CAP2;ADCYAP1;DEFB1;SOX9;CAP1;MAPK7;ADGRG6
prerank,GO_Biological_Process_2021::regulation of intracellular protein transport (GO:0033157),0.2940956408521471,0.8505645615776182,0.6792857142857143,0.7553862735921426,1.0,12/29,22.32%,ADIPOQ;OAZ2;IFI27;LCP1;BMP4;OAZ1;ZFAND1;PTPN1;PLK3;NDEL1;RAB29;PTPN14
prerank,GO_Biological_Process_2021::regulation of metal ion transport (GO:0010959),-0.29745424239905704,-0.8489525941375436,0.6573033707865169,0.7665688552147365,1.0,2/14,10.37%,GRIN3B;CACNA2D1
prerank,GO_Biological_Process_2021::regulation of protein targeting to mitochondrion (GO:1903214),0.28574580298484176,0.8486669061818846,0.7033426183844012,0.7578493064512377,1.0,13/34,27.13%,LEPROT;RAC2;MICALL2;LMAN1;USP36;FBXW7;LRRK2;UBL4B;RNF31;SH3GLB1;PARL;HPS4;ABLIM3
prerank,GO_Biological_Process_2021::ncRNA transcription (GO:0098781),-0.31714995106376864,-0.847868867504133,0.6708074534161491,0.76753287158561,1.0,4/11,13.04%,RPAP2;SNAPC3;NIFK;GTF3C1
prerank,GO_Biological_Process_2021::mitochondrial calcium ion homeostasis (GO:0051560),0.3220400848404264,0.8477481482116976,0.6746806912096168,0.7588880378742943,1.0,4/19,15.76%,ANXA6;TGM2;SLC8A3;MCU
prerank,GO_Biological_Process_2021::positive regulation of striated muscle cell differentiation (GO:0051155),0.3299873312266175,0.8459172458112589,0.671307037896365,0.7613041168020648,1.0,5/16,15.75%,MYOCD;MYLK3;EDN1;MYF6;MEF2C
prerank,GO_Biological_Process_2021::positive regulation of establishment of protein localization (GO:1904951),0.3194091417660736,0.8451030926782864,0.6739130434782609,0.7621841215470863,1.0,10/18,24.86%,TREM2;TCP1;PTP4A3;CCT8;CCT6A;CHP1;CCT4;DKC1;CCT5;CCT2
prerank,GO_Biological_Process_2021::positive regulation of protein targeting to membrane (GO:0090314),0.3284896010287403,0.8438970806025642,0.6805011746280345,0.7636352605169537,1.0,10/17,30.00%,MTCL1;MYO1C;CHP1;TCAF1;CEMIP;PRNP;ITGB1BP1;ANK3;FIS1;PDZK1
prerank,GO_Biological_Process_2021::positive regulation of viral genome replication (GO:0045070),0.30336229972777234,0.8423870451473937,0.6862170087976539,0.7655676762811591,1.0,9/23,24.59%,TMEM39A;CCL5;PABPC1;IFIT1;NR5A2;PPID;VAPB;CNOT7;ADAR
prerank,GO_Biological_Process_2021::protein kinase C signaling (GO:0070528),0.36587292657074993,0.8420854894900582,0.652029826014913,0.7656629470434718,1.0,6/10,22.79%,PLVAP;AZU1;PLEK;ADGRG1;FLOT1;AVP
prerank,GO_Biological_Process_2021::regulation of nucleobase-containing compound metabolic process (GO:0019219),-0.3097871303246176,-0.8413576674171658,0.6697736351531292,0.7774222232029951,1.0,2/12,8.49%,NOVA1;ZNF445
prerank,GO_Biological_Process_2021::negative regulation of lipid biosynthetic process (GO:0051055),-0.2628358207977177,-0.8410247030503343,0.6961077844311377,0.7771382283255964,1.0,7/21,16.66%,ASXL3;WDTC1;WNT4;ERLIN2;ABCA2;SLC27A1;PRMT3
prerank,GO_Biological_Process_2021::cellular response to light stimulus (GO:0071482),0.2607989512199398,0.8393228902092797,0.7076719576719577,0.7694691140938237,1.0,15/52,19.78%,ZBTB1;NEDD4;RPL26;TMEM161A;AQP1;MAPK13;MYC;BMF;GNAT1;TRIAP1;OPN3;RHO;BAK1;SAG;GNGT1
prerank,GO_Biological_Process_2021::negative regulation of developmental growth (GO:0048640),0.29260566519795234,0.8392055066620187,0.683083511777302,0.7692799360843845,1.0,11/27,24.82%,GDF15;KIAA0319;SEMA3G;FGF13;PTEN;DCC;CDKN1A;DUSP10;WWC1;MYOZ1;PTCH1
prerank,GO_Biological_Process_2021::cellular senescence (GO:0090398),-0.26780328092162986,-0.8385434709961173,0.6691285081240768,0.7802489979533563,1.0,7/19,20.06%,SMC6;SMC5;TERF2;NSMCE2;KAT6A;OPA1;HMGA1
prerank,GO_Biological_Process_2021::regulation of steroid biosynthetic process (GO:0050810),0.35260554657657156,0.8376133186969983,0.6672038678485093,0.7712922777609728,1.0,5/12,21.70%,CES1;CYP7A1;STAR;BMP2;ASAH1
prerank,GO_Biological_Process_2021::striated muscle cell differentiation (GO:0051146),0.3219810121318661,0.8367792352224891,0.6758620689655173,0.7721747124559919,1.0,9/17,26.77%,MYOCD;NKX2-5;MEF2C;BMP2;SKI;AKAP13;NRG1;SIK1;SORT1
prerank,GO_Biological_Process_2021::protein homotetramerization (GO:0051289),0.265827457371808,0.8364124343327592,0.73,0.7723525868786184,1.0,19/44,24.69%,GBP5;CTH;SAMHD1;TDO2;ALDH1A3;CRYZ;B2M;UPB1;PKD2;SOD2;TRPV5;TRPM2;ALDOA;ALDH1A2;ALDH9A1;AQP10;AQP2;HPRT1;MAT1A
prerank,GO_Biological_Process_2021::cellular amino acid catabolic process (GO:0009063),0.24290217882363196,0.835291782492541,0.7452887537993921,0.7736729452347787,1.0,40/82,28.85%,HDC;IDO2;HAL;CRYM;ARG1;GAD1;GLS2;PRODH;IL4I1;TDO2;KYNU;HNMT;PHYKPL;KMO;SDS;GLUL;OTC;GLDC;DDAH1;BCKDHB;HYKK;HMGCLL1;AMT;AMDHD1;MTRR;DLD;MAT1A;ALDH5A1;BLMH;GLUD1;ACADSB;AASS;GLUD2;HGD;SLC25A44;BCKDHA;CBS;GCDH;ALDH7A1;ACMSD
prerank,GO_Biological_Process_2021::endocrine system development (GO:0035270),-0.2556108649129316,-0.8349701828047337,0.6947368421052632,0.7850670300418386,1.0,7/21,23.86%,SOX3;SIX1;WNT4;SIX3;FOXE1;SALL1;WNT11
prerank,GO_Biological_Process_2021::regulation of microtubule-based process (GO:0032886),0.2915784327187848,0.8341006919547825,0.6868758915834522,0.7750938945366682,1.0,7/27,19.81%,FAM107A;CDK2AP2;ATF5;DIAPH1;CAMSAP3;PHLDB2;EFNA5
prerank,GO_Biological_Process_2021::protein insertion into ER membrane by stop-transfer membrane-anchor sequence (GO:0045050),0.35748567446570967,0.8335820688496084,0.6602023608768971,0.7755049184137344,1.0,5/10,28.27%,EMC7;EMC3;EMC10;EMC4;EMC6
prerank,GO_Biological_Process_2021::sulfur compound transport (GO:0072348),0.2937446811601188,0.8335416573762232,0.7006414825374199,0.7751897211938167,1.0,9/26,21.97%,SLC6A6;SLC36A1;SLC19A2;SLC13A4;MGST1;SLC25A11;SLC25A10;SLC26A11;ABCG2
prerank,GO_Biological_Process_2021::neural crest cell migration (GO:0001755),0.28582822098340105,0.8319306221397207,0.7117437722419929,0.7772312505467586,1.0,10/31,19.99%,PHACTR4;ANXA6;SEMA3G;CORO1C;SEMA3A;SEMA3D;SEMA6D;SEMA3F;SEMA6B;SEMA6C
prerank,GO_Biological_Process_2021::myotube differentiation (GO:0014902),0.3406675871062633,0.8307674806760336,0.6859635210150674,0.7786152652661722,1.0,5/13,15.75%,ADAMTS5;ERVFRD-1;ADAM12;JAM2;MEF2C
prerank,GO_Biological_Process_2021::regulation of protein kinase A signaling (GO:0010738),0.34600554142560125,0.8303507137985449,0.6865552903739062,0.778858796791984,1.0,7/13,28.19%,ADIPOQ;AKAP12;IAPP;LRRK2;PJA2;PRKAR1B;AKAP7
prerank,GO_Biological_Process_2021::Golgi to endosome transport (GO:0006895),0.32799867863622817,0.8299459585013295,0.6891271056661562,0.7790854839639282,1.0,10/15,31.62%,AP4M1;EPS15;KIF16B;AP2A1;SORT1;WIPI1;RAB14;SYS1;VPS13C;VPS13A
prerank,GO_Biological_Process_2021::mitochondrial membrane organization (GO:0007006),0.2878890868629465,0.8286104859827536,0.7018413597733711,0.7806364595574253,1.0,13/26,31.38%,PPIF;PMAIP1;HSPA9;SLC25A31;BAK1;CHCHD6;GHITM;SLC25A4;BNIP3;MTX3;IMMT;CHCHD3;SAMM50
prerank,GO_Biological_Process_2021::phosphatidylinositol-mediated signaling (GO:0048015),0.26096584579725335,0.8274079949825051,0.7207748830995324,0.782040091935816,1.0,14/47,20.71%,EDN1;CD160;PITPNM2;GPR143;ZFP36L1;C1QBP;GATA3;PTEN;PIK3C2G;RHOA;PLCZ1;IRS2;EZR;PLCE1
prerank,GO_Biological_Process_2021::positive regulation of intracellular protein transport (GO:0090316),0.22686657189293113,0.8245690499016162,0.7864464692482915,0.7858250906116832,1.0,55/120,30.11%,LEPROT;HCLS1;HYAL2;OAZ2;MTCL1;MYO1C;GZMB;PMAIP1;SMAD3;RAC2;TP73;MICALL2;BID;OAZ1;ZFAND1;TMEM30B;CDH1;JUP;ZC3H12A;YWHAQ;SFN;YWHAH;YWHAE;SORL1;NMT1;USP36;PLK3;RAB29;FBXW7;CHP1;UBL4B;EMD;CD81;PPP1R13B;RNF31;SH3GLB1;TCAF1;TENM1;TP63;HPS4;CEMIP;ABLIM3;PRNP;ITGB1BP1;CAMK1;YWHAG;TRIM28;ANK3;PDCD10;BBC3;FIS1;YWHAZ;PDZK1;SAR1A;CHP2
prerank,GO_Biological_Process_2021::negative regulation of protein localization to nucleus (GO:1900181),0.31990896599146823,0.8244327201374387,0.7010785824345146,0.7856615241373759,1.0,8/16,29.13%,LILRB4;MDFIC;APOD;SIN3A;CHP1;LATS2;UFM1;FLCN
prerank,"GO_Biological_Process_2021::negative regulation of gene expression, epigenetic (GO:0045814)",-0.25732272524137184,-0.8237285712559018,0.7115097159940209,0.8019092369180987,1.0,7/20,28.99%,SMYD5;PHF19;SUZ12;PHF1;CREBZF;EPC1;MPHOSPH8
prerank,GO_Biological_Process_2021::tRNA aminoacylation (GO:0043039),-0.2643232638911364,-0.8232817938209623,0.7332339791356185,0.8017158345781413,1.0,8/20,33.59%,SARS2;LARS2;IARS2;AIMP2;YARS2;GATC;GATB;WARS2
prerank,GO_Biological_Process_2021::protein deacetylation (GO:0006476),-0.22364125016184347,-0.8229973043439199,0.756993006993007,0.8013194074190279,1.0,7/32,15.54%,RCOR3;MIER3;SIRT6;TBL1XR1;SIN3B;RCOR1;BAZ2A
prerank,GO_Biological_Process_2021::negative regulation of nervous system development (GO:0051961),-0.29710308367000493,-0.8211965031740089,0.7024128686327078,0.8032548515961226,1.0,5/12,15.77%,REST;WNT7A;PCM1;APPL2;SLIT1
prerank,GO_Biological_Process_2021::zinc ion transport (GO:0006829),0.3059572783530248,0.8196619310437516,0.7188638018936635,0.7922127029811503,1.0,8/20,26.47%,SLC30A3;SLC39A14;SLC30A2;SLC30A4;SLC39A2;TRPM2;SLC30A8;SLC39A8
prerank,GO_Biological_Process_2021::dicarboxylic acid catabolic process (GO:0043649),-0.2845651160074839,-0.8193746537063927,0.706777316735823,0.8051736264629228,1.0,3/14,10.54%,ASPA;ACSF3;MTHFS
prerank,GO_Biological_Process_2021::regulation of mitochondrial membrane permeability (GO:0046902),0.32071940419260436,0.8193459094770776,0.7194928684627575,0.7923111119621916,1.0,9/17,28.75%,PPIF;PMAIP1;SLC25A31;BAK1;TMEM102;CAMK2A;SLC25A4;HEBP2;BNIP3
prerank,GO_Biological_Process_2021::negative regulation of transcription regulatory region DNA binding (GO:2000678),0.32680732270044804,0.8192441284727738,0.7068021892103206,0.7920756828474963,1.0,7/15,25.27%,TMSB4X;GATA1;PER2;MSX2;SIN3A;HEY1;DDIT3
prerank,GO_Biological_Process_2021::detection of calcium ion (GO:0005513),-0.3062753649180323,-0.8190722947133235,0.7016348773841962,0.8047687921219988,1.0,3/11,19.14%,KCNMB4;KCNIP2;KCNMB1
prerank,GO_Biological_Process_2021::engulfment of apoptotic cell (GO:0043652),0.3250376255029953,0.8183919111362616,0.7158999192897498,0.7929515029510423,1.0,6/15,21.86%,THBS1;RHOH;RAC2;ADGRB1;RHOG;XKR8
prerank,GO_Biological_Process_2021::purine ribonucleotide biosynthetic process (GO:0009152),-0.21644994600356696,-0.8180905603658956,0.7996146435452793,0.8053858522752179,1.0,8/39,15.28%,NPPC;ADCY5;ADCY7;AK5;ADCY2;SLC35B3;AMPD3;ADCY9
prerank,GO_Biological_Process_2021::regulation of phosphoprotein phosphatase activity (GO:0043666),0.2856291707293463,0.8178495280073345,0.7245042492917847,0.7933462734982842,1.0,13/26,30.74%,CD300A;STYXL1;PPP1R12A;ITGA1;PPP1R15B;PPP4R4;PPP1R2;PPP1R15A;CRY2;HSP90B1;CALM3;PPP1R11;PPP1R1B
prerank,GO_Biological_Process_2021::regulation of protein import into nucleus (GO:0042306),0.2839130228165132,0.8177950072573545,0.7105449398443029,0.7930559590009248,1.0,9/28,18.44%,HCLS1;HYAL2;SMAD3;BMP4;MDFIC;CDH1;APOD;JUP;ZC3H12A
prerank,GO_Biological_Process_2021::protein localization to cell junction (GO:1902414),0.30981912811392237,0.8163585884506208,0.7052551408987052,0.7947776542937696,1.0,8/19,22.89%,HEG1;FERMT2;DSP;NPHS1;CGNL1;DLG4;TJP1;TJP3
prerank,GO_Biological_Process_2021::acyl-CoA metabolic process (GO:0006637),0.2734001249496304,0.8158659433663432,0.7211404728789986,0.795114235103153,1.0,14/31,29.72%,ACOT9;ACOT2;ACOT4;ACSL6;ACOT12;HMGCS2;DBI;BAAT;ACSM6;ACSM3;OXSM;ACOT7;SUCLG2;ACBD6
prerank,GO_Biological_Process_2021::positive regulation of Wnt signaling pathway (GO:0030177),0.23060841797725856,0.8155221288549721,0.7975638051044084,0.7952377004849791,1.0,38/107,24.15%,SULF2;ATP6V1C2;SFRP4;PLEKHA4;SULF1;PPM1N;CAV1;BAMBI;SFRP2;EGF;RUVBL1;ARNTL;ATP6AP2;ILK;FGF10;TNFAIP3;VCP;TMEM9;ADGRA2;PSMF1;PSMD5;JUP;SCEL;ATP6V0C;NRARP;BMP2;DAPK3;PSMB2;XIAP;PSMA2;PSMA8;AXIN2;LRRK2;PSMB4;SKI;PSMD9;WLS;DISC1
prerank,GO_Biological_Process_2021::pharyngeal system development (GO:0060037),0.34937341047464393,0.8130664009054123,0.7063166529942576,0.7984201924247074,1.0,7/11,24.82%,NKX2-5;BMP4;GATA3;BMP7;NOG;TBX1;PTCH1
prerank,GO_Biological_Process_2021::cellular response to inorganic substance (GO:0071241),-0.2738698020483962,-0.8126732172898895,0.720164609053498,0.8127001059270318,1.0,4/15,10.96%,ATRX;MT3;SPIDR;BLM
prerank,GO_Biological_Process_2021::mesoderm development (GO:0007498),-0.29935403061149,-0.8124073756961904,0.7243589743589743,0.8122635888497867,1.0,3/12,10.38%,TBX6;TCF15;GDF11
prerank,GO_Biological_Process_2021::neuron migration (GO:0001764),0.26500267440835856,0.8119603691498146,0.7582644628099173,0.799643784379628,1.0,17/41,24.15%,KIAA0319;CCK;NR4A2;SEMA3A;NDNF;FGF13;DCDC2;MEF2C;ADGRL3;CEP85L;CDK5R1;DCX;RELN;LRP12;DDIT4;MARK2;DISC1
prerank,GO_Biological_Process_2021::release of cytochrome c from mitochondria (GO:0001836),0.32659933103628497,0.8112567157389986,0.7044566067240031,0.8002853964538295,1.0,9/15,29.95%,BID;IFI6;BAK1;SFN;SOD2;BAX;BBC3;FIS1;GGCT
prerank,GO_Biological_Process_2021::regulation of viral release from host cell (GO:1902186),0.30323011975486575,0.8106603079136712,0.7193378480060195,0.8007532369139965,1.0,9/20,26.50%,PML;CHMP3;CHMP2B;TRIM5;TRIM62;TRIM25;VPS37B;TRIM31;CHMP2A
prerank,GO_Biological_Process_2021::regulation of phosphatase activity (GO:0010921),-0.24491736406018555,-0.8105965499339483,0.7652582159624414,0.8140465142379756,1.0,5/23,16.95%,PPP1R26;GPATCH2;PPP1R35;PPP1R36;URI1
prerank,GO_Biological_Process_2021::mammary gland development (GO:0030879),0.307816292189057,0.8097087739999591,0.7143968871595331,0.8016925696440209,1.0,9/17,25.39%,NOTCH4;CAV1;PRL;TDGF1;TBX3;GLI2;APLN;PRLR;NRG1
prerank,GO_Biological_Process_2021::positive regulation of canonical Wnt signaling pathway (GO:0090263),0.23187347196575148,0.8088960744859865,0.7912992357436802,0.8024795823462115,1.0,44/88,29.61%,SFRP4;PLEKHA4;PPM1N;CAV1;BAMBI;SFRP2;EGF;RUVBL1;ARNTL;ATP6AP2;ILK;FGF10;VCP;TMEM9;ADGRA2;PSMF1;PSMD5;JUP;SCEL;NRARP;DAPK3;PSMB2;XIAP;PSMA2;PSMA8;AXIN2;LRRK2;PSMB4;PSMD9;WLS;ZEB2;SMURF2;GID8;PTK7;CSNK1G1;DACT1;KANK1;JRK;SOX4;WNT3A;PIN1;AXIN1;FAM53B;DDX3X
prerank,GO_Biological_Process_2021::atrial septum development (GO:0003283),-0.3156643543220147,-0.8083305565834389,0.7172236503856041,0.8165468619835312,1.0,2/10,7.46%,DAND5;ISL1
prerank,GO_Biological_Process_2021::phosphatidylinositol metabolic process (GO:0046488),0.23128338924285421,0.807411415572148,0.7914919113241462,0.8042257564745977,1.0,19/90,18.56%,PLBD1;MTMR11;SACM1L;PLEKHA4;PITPNM2;PLA2G2D;PLA2G3;PLA2G1B;PIP5K1B;PLA2G2F;PLCG2;PTEN;PIK3C2G;PITPNM3;CDS1;PLCG1;PLA2G4E;PLA2G4D;PLEK
prerank,GO_Biological_Process_2021::toxin transport (GO:1901998),0.3518263335439355,0.8073335806869631,0.711892797319933,0.8039603387808442,1.0,6/10,24.51%,ANTXR1;SLC22A2;ANTXR2;RAB29;ADAM10;SLC22A3
prerank,GO_Biological_Process_2021::negative regulation of axon extension (GO:0030517),-0.23594366133788813,-0.8071515402754645,0.7744610281923715,0.817432065585479,1.0,8/28,14.87%,SEMA4C;MT3;SEMA5B;DIP2B;RNF6;SEMA4B;SEMA3B;SEMA5A
prerank,GO_Biological_Process_2021::negative regulation of axon extension involved in axon guidance (GO:0048843),0.3052894457423026,0.806792405588071,0.7221385542168675,0.8043378225718825,1.0,7/19,19.99%,SEMA3G;SEMA3A;SEMA3D;SEMA6D;SEMA3F;SEMA6B;SEMA6C
prerank,GO_Biological_Process_2021::negative regulation of reactive oxygen species metabolic process (GO:2000378),0.31992491572675763,0.8035941568264734,0.7259953161592506,0.8084725384027209,1.0,3/15,16.28%,PAGE4;PLIN5;TFAP2A
prerank,GO_Biological_Process_2021::peptidyl-methionine modification (GO:0018206),0.3368271945163379,0.8035636573188054,0.7188552188552189,0.808137251936331,1.0,2/11,12.16%,APOA2;APOA1
prerank,GO_Biological_Process_2021::beta-catenin destruction complex disassembly (GO:1904886),-0.28488607555710754,-0.8030320944446894,0.7390710382513661,0.8226713005754095,1.0,3/13,9.93%,FRAT2;APC;AMER1
prerank,GO_Biological_Process_2021::positive regulation of long-term synaptic potentiation (GO:1900273),0.34967693212724804,0.8028557303034752,0.7128794093519278,0.8087347261069205,1.0,5/10,24.70%,LGMN;SHANK3;RELN;SQSTM1;ADCY8
prerank,"GO_Biological_Process_2021::Wnt signaling pathway, planar cell polarity pathway (GO:0060071)",0.25140946694439503,0.8027224258720524,0.7665110073382255,0.8085434080646333,1.0,19/48,23.04%,PRICKLE1;ARHGEF19;AP2A2;ARRB2;DAAM1;PSMF1;RHOA;PSMD5;DVL1;CLTC;AP2B1;PSMB2;AP2S1;PSMA2;CDC42;AP2A1;PSMA8;PSMB4;PSMD9
prerank,GO_Biological_Process_2021::protein alkylation (GO:0008213),0.3028279218446774,0.8020537446350201,0.7317806160781367,0.8090909213592977,1.0,7/18,26.35%,PCMT1;PRMT8;PRMT2;PRMT1;SNRPD3;ETF1;SNRPB
prerank,GO_Biological_Process_2021::peptidyl-serine modification (GO:0018209),0.22484761643975598,0.8015962247651143,0.8291690877396862,0.809358488693086,1.0,45/107,29.52%,MAST4;STK32C;PKN3;MAPK12;STK38L;PRKX;MAPK13;NDNF;HIPK4;PLK2;TGFBR2;RPS6KA4;EIF2AK3;PRKD2;CSNK2A3;TDGF1;MAPKAPK3;TBK1;DMPK;NEK6;CDK5R1;LMTK2;CAMK4;STK4;LRRK2;PCK1;MGAT5B;MARK2;MAP4K1;HIPK1;POGLUT1;LATS2;IKBKE;CAMK2A;CSNK1G1;NAA10;RPS6KA5;PKD1;VRK3;CAMK1;STK38;HIPK3;CAMK1G;PKN2;CSNK1A1
prerank,GO_Biological_Process_2021::regulation of establishment or maintenance of cell polarity (GO:0032878),-0.3001362778266851,-0.801321515333315,0.7313054499366286,0.8243173667445981,1.0,1/11,1.16%,KIF20B
prerank,GO_Biological_Process_2021::RNA polymerase II preinitiation complex assembly (GO:0051123),-0.3074640999639434,-0.8010206574768504,0.7156862745098039,0.8238870369439765,1.0,4/10,28.93%,TAF11;TAF1;TAF7;GTF2A2
prerank,GO_Biological_Process_2021::positive regulation of BMP signaling pathway (GO:0030513),0.3128214500527926,0.8008647702868683,0.7294388931591084,0.8099812840795738,1.0,9/17,25.91%,CDH5;SULF1;RNF165;BMP4;GDF5;BMPR1B;ZNF423;SMAD2;SMAD4
prerank,GO_Biological_Process_2021::negative regulation of receptor internalization (GO:0002091),0.3416176993623153,0.7996287228827548,0.731244847485573,0.8113251968960122,1.0,6/12,22.26%,ANKRD13A;RIN3;ANKRD13D;DLG4;SDCBP;LRPAP1
prerank,GO_Biological_Process_2021::cell proliferation in forebrain (GO:0021846),0.3411324764960116,0.7994412634095116,0.726461038961039,0.8112080664844322,1.0,1/11,1.50%,AKNA
prerank,GO_Biological_Process_2021::body fluid secretion (GO:0007589),0.34476308068500144,0.7987082138982956,0.7188552188552189,0.8118325861587137,1.0,6/10,26.54%,SLC22A2;NPPB;VIP;APLN;PRLR;GUCA1B
prerank,GO_Biological_Process_2021::negative regulation of defense response to virus (GO:0050687),0.34777946495647116,0.7985402040750363,0.7212020033388982,0.811680307743425,1.0,3/10,18.24%,TSPAN6;C1QBP;MICB
prerank,GO_Biological_Process_2021::protein localization to synapse (GO:0035418),-0.30315810346258454,-0.7982159192122064,0.7445721583652618,0.8270160240323016,1.0,4/11,11.24%,NLGN2;NRXN2;MPP4;BSN
prerank,GO_Biological_Process_2021::nucleus organization (GO:0006997),0.25062000275543184,0.7972551358109652,0.7571989528795812,0.8131135028919837,1.0,19/44,26.84%,CHMP4C;TOR1A;CHMP7;PITPNB;CHMP3;CHMP2B;DMPK;CHMP4B;USP36;PDCD6IP;CHMP4A;REEP3;SUN3;CHMP1B;CHMP1A;CHMP6;BIN1;CHMP2A;VPS4B
prerank,GO_Biological_Process_2021::autonomic nervous system development (GO:0048483),0.3200553155807915,0.7965720346537934,0.7421686746987952,0.8136764151528193,1.0,5/14,19.15%,PHACTR4;SEMA3A;GATA3;KIF26A;TFAP2B
prerank,GO_Biological_Process_2021::detection of light stimulus involved in sensory perception (GO:0050962),0.35106169721543606,0.7961830104509258,0.715702479338843,0.8134392410756678,1.0,3/10,16.88%,REEP6;GNAT2;GNAT1
prerank,GO_Biological_Process_2021::detection of light stimulus involved in visual perception (GO:0050908),0.35106169721543606,0.7961830104509258,0.715702479338843,0.8134392410756678,1.0,3/10,16.88%,REEP6;GNAT2;GNAT1
prerank,GO_Biological_Process_2021::integrated stress response signaling (GO:0140467),0.3373684773011855,0.7961063823663589,0.7164906580016247,0.8131640521970711,1.0,3/12,16.35%,IGFBP1;EIF2AK3;HSPA5
prerank,GO_Biological_Process_2021::intracellular steroid hormone receptor signaling pathway (GO:0030518),-0.22031269203867315,-0.7959289333413351,0.7958860759493671,0.8294465774563661,1.0,3/33,4.52%,MED1;PADI2;DDX54
prerank,GO_Biological_Process_2021::hematopoietic stem cell proliferation (GO:0071425),0.3382462447470908,0.7958219520029468,0.7293046357615894,0.8131668954820365,1.0,5/11,19.09%,CD34;SFRP2;ETV6;RUNX1;YJEFN3
prerank,GO_Biological_Process_2021::internal peptidyl-lysine acetylation (GO:0018393),-0.23347894166461935,-0.7955689904604758,0.7832512315270936,0.8290918835826415,1.0,11/25,29.86%,TAF6L;BRD8;KAT7;KAT6A;KAT6B;KAT5;PHF20L1;MRGBP;SGF29;MSL3;ATAT1
prerank,GO_Biological_Process_2021::synaptic vesicle recycling (GO:0036465),0.27139634539390634,0.7954715647138494,0.7539454806312769,0.8132730788280701,1.0,14/31,25.35%,SNCG;CANX;AMPH;STX1A;CEL;SYT7;RAB3A;SYT1;OPHN1;FCHO2;RAB5A;SYT2;KIAA1109;PACSIN1
prerank,GO_Biological_Process_2021::reticulophagy (GO:0061709),-0.29770186148506395,-0.7951776449247812,0.72625,0.8287787986748605,1.0,2/11,12.30%,ATG2B;UBA5
prerank,GO_Biological_Process_2021::positive regulation of transcription from RNA polymerase II promoter in response to stress (GO:0036003),0.2962728767671187,0.7942935672008506,0.7595129375951294,0.8145321622592318,1.0,8/19,26.10%,HIF1A;ATF3;CEBPB;HSPA5;ATF6;MAPK7;DDIT3;KLF2
prerank,GO_Biological_Process_2021::histone H2A acetylation (GO:0043968),-0.2676032823386786,-0.7937016297229537,0.7352517985611511,0.8299343709747834,1.0,9/16,37.51%,BRD8;DMAP1;YEATS4;EP400;EPC1;NAA40;MSL3;MORF4L1;MORF4L2
prerank,GO_Biological_Process_2021::ceramide biosynthetic process (GO:0046513),0.25791925366246976,0.7931642755496973,0.7721433400946586,0.8157269819053438,1.0,15/40,24.60%,SAMD8;ALOX12B;CLN8;ST6GALNAC6;B4GALNT1;CERS3;ST8SIA2;ST8SIA4;GBA;ASAH2;ST6GALNAC5;ASAH1;ST3GAL5;DEGS2;SGMS2
prerank,GO_Biological_Process_2021::positive regulation of microtubule polymerization (GO:0031116),-0.24760414092709773,-0.7931132733206424,0.7583697234352256,0.8298866655940429,1.0,5/22,12.83%,CLASP1;CKAP5;CDK5RAP2;NUMA1;AKAP9
prerank,GO_Biological_Process_2021::regulation of ubiquitin-protein transferase activity (GO:0051438),0.2812146810357081,0.7896879303775107,0.75,0.8200872942355569,1.0,1/24,0.59%,ARRDC4
prerank,GO_Biological_Process_2021::organelle transport along microtubule (GO:0072384),-0.23239722974899704,-0.7876614306005236,0.7924836601307189,0.8365607091804806,1.0,8/26,19.94%,NDE1;TRAK1;MAP1S;TMEM201;PEX14;BICD2;FBXW11;RHOT1
prerank,"GO_Biological_Process_2021::regulation of synaptic transmission, GABAergic (GO:0032228)",-0.29780793225830454,-0.7872157747647626,0.7461340206185567,0.8362914682218289,1.0,3/11,6.29%,NLGN2;CNTNAP4;BAIAP3
prerank,GO_Biological_Process_2021::cellular response to glucose starvation (GO:0042149),0.26034711830915835,0.786674241135247,0.7731262660364618,0.8237689556869995,1.0,15/37,26.67%,HNRNPA1;FOXO3;PMAIP1;XBP1;EIF2AK3;HSPA5;SESN1;ZC3H12A;PRKAG3;PRKAG2;BECN1;ITFG2;SH3GLB1;ASNS;SIK1
prerank,GO_Biological_Process_2021::regulation of glucose metabolic process (GO:0010906),0.28886231245050253,0.7856589058013299,0.7681263460157932,0.8247371930876094,1.0,7/22,20.37%,ADIPOQ;FBP1;PMAIP1;SLC45A3;GPLD1;GNB3;IRS2
prerank,GO_Biological_Process_2021::mitochondrial fission (GO:0000266),0.29804806406191153,0.785034652588914,0.7460197119029568,0.8251862788664109,1.0,6/17,21.86%,MX2;DNM1;MX1;MTFP1;MTFR1L;GDAP1
prerank,GO_Biological_Process_2021::purine ribonucleoside triphosphate metabolic process (GO:0009205),0.3296194326228258,0.7835144715591035,0.7357142857142858,0.8264440215916855,1.0,5/12,23.88%,GIMAP7;RHOQ;GNAI3;LRRK2;GTPBP1
prerank,GO_Biological_Process_2021::GTP metabolic process (GO:0046039),0.3296194326228258,0.7835144715591035,0.7357142857142858,0.8264440215916855,1.0,5/12,23.88%,GIMAP7;RHOQ;GNAI3;LRRK2;GTPBP1
prerank,GO_Biological_Process_2021::positive regulation of cellular amide metabolic process (GO:0034250),0.24057826441245753,0.7821966013621005,0.812221514958625,0.827820422943201,1.0,20/56,24.33%,PCIF1;THBS1;RPL26;EIF3D;ENPP7;BCL3;EIF4A3;GSAP;EIF3E;PLXNB2;HNRNPD;SMPD3;RPS27L;ABCG1;EIF6;PLA2G6;PICALM;PASK;SPHK2;NSMAF
prerank,GO_Biological_Process_2021::negative regulation of proteasomal protein catabolic process (GO:1901799),0.2662766013906249,0.781301132055478,0.7791842475386779,0.8286480816139269,1.0,11/31,27.44%,LAMP3;HFE;PSMF1;EIF3H;OPHN1;SDCBP;GABARAPL2;CAMLG;GIPC1;DDRGK1;AQP11
prerank,GO_Biological_Process_2021::ureteric bud morphogenesis (GO:0060675),0.300502813230246,0.7808270318392293,0.7597402597402597,0.8288848035158223,1.0,7/17,20.38%,TCF21;NPNT;MYC;BMP4;GATA3;PKD2;BMP2
prerank,GO_Biological_Process_2021::positive regulation of dendritic spine development (GO:0060999),0.2861319486989342,0.7808050398745108,0.7564491654021245,0.8285286669681905,1.0,6/20,20.59%,DBN1;DBNL;LRP8;APOE;SHANK3;RELN
prerank,"GO_Biological_Process_2021::negative regulation of translation, ncRNA-mediated (GO:0040033)",-0.2960920075497251,-0.7805531406288412,0.7629533678756477,0.843552316554672,1.0,5/11,22.16%,AGO3;AGO1;AGO4;TNRC6A;TNRC6C
prerank,GO_Biological_Process_2021::miRNA mediated inhibition of translation (GO:0035278),-0.2960920075497251,-0.7805531406288412,0.7629533678756477,0.843552316554672,1.0,5/11,22.16%,AGO3;AGO1;AGO4;TNRC6A;TNRC6C
prerank,GO_Biological_Process_2021::RNA stabilization (GO:0043489),-0.2315968505361391,-0.7805008601244999,0.805993690851735,0.8427540646411017,1.0,6/27,12.20%,RBM24;PARN;NSUN2;PHAX;TRDMT1;THRAP3
prerank,GO_Biological_Process_2021::protein K48-linked ubiquitination (GO:0070936),-0.19493698755211827,-0.7800854358408724,0.8699186991869918,0.8424395128826391,1.0,16/54,24.89%,NHLRC4;RNF8;TOPORS;TRIM32;RNF6;RNF4;CDC34;KBTBD7;AMFR;ITCH;RNF146;UBE2T;RNF216;UBR5;UBE2D4;ARIH2
prerank,GO_Biological_Process_2021::negative regulation of cell aging (GO:0090344),0.34019091808901103,0.7800245792266334,0.7407407407407407,0.8291701801674902,1.0,3/10,15.18%,TWIST1;HMGA2;MAP3K3
prerank,GO_Biological_Process_2021::methylguanosine-cap decapping (GO:0110156),0.3392224033307913,0.7792925559270495,0.7337278106508875,0.8297636426010677,1.0,4/10,25.87%,EDC4;DCP1B;DCPS;DCP1A
prerank,GO_Biological_Process_2021::tail-anchored membrane protein insertion into ER membrane (GO:0071816),0.3074487714010269,0.7784325215211133,0.7509912767644726,0.8305111832839357,1.0,7/15,28.27%,GET4;EMC7;EMC3;EMC10;CAMLG;EMC4;EMC6
prerank,GO_Biological_Process_2021::positive regulation of regulated secretory pathway (GO:1903307),0.31871829307242694,0.7783249173504079,0.7503961965134707,0.8302655125334911,1.0,5/13,18.38%,RAB3D;UNC13D;RAB27A;STX1A;RAB3A
prerank,GO_Biological_Process_2021::heterochromatin assembly (GO:0031507),0.3007105567921414,0.7776909773300297,0.7692889561270801,0.8307286858895607,1.0,2/17,5.57%,ZNFX1;SMCHD1
prerank,GO_Biological_Process_2021::negative regulation of GTPase activity (GO:0034260),0.28661520423947695,0.7768138477549439,0.7622890682318415,0.8315043560975272,1.0,8/21,24.17%,KLRK1;LRCH1;F11R;GMIP;TMED2;RDX;LRRK2;ARFGEF1
prerank,GO_Biological_Process_2021::negative regulation of histone modification (GO:0031057),0.31410397998246975,0.7749312812552495,0.7446975648075412,0.8335716330646745,1.0,2/13,9.54%,TWIST1;FOXP3
prerank,GO_Biological_Process_2021::metanephric mesenchyme development (GO:0072075),0.337675114010523,0.7747638365871445,0.7427385892116183,0.8334053266224378,1.0,5/10,21.64%,OSR1;TCF21;PKD2;STAT1;BASP1
prerank,GO_Biological_Process_2021::regulation of calcium ion transmembrane transport (GO:1903169),0.29457607366014066,0.771092161938023,0.7688821752265861,0.8378085117973568,1.0,10/18,28.13%,CAV3;LIME1;DIAPH1;UBASH3B;ANK2;CASQ2;TRDN;NPPA;PRNP;CASQ1
prerank,GO_Biological_Process_2021::nucleoside phosphate biosynthetic process (GO:1901293),-0.27461875106388933,-0.7708552855416297,0.756393001345895,0.8536990880191753,1.0,6/13,29.22%,NME2;AK5;AK4;AK7;AK1;ME1
prerank,GO_Biological_Process_2021::spliceosomal complex assembly (GO:0000245),-0.20115916178094911,-0.7704994731992371,0.862475442043222,0.8532807133201431,1.0,11/42,17.42%,USP39;SRPK1;LUC7L2;DDX23;SRPK2;RBM5;SF3A1;GCFC2;CRNKL1;TXNL4A;LUC7L
prerank,GO_Biological_Process_2021::positive regulation of transcription of Notch receptor target (GO:0007221),0.31023684420148057,0.7680712578401256,0.7585365853658537,0.8412746958075095,1.0,5/14,23.91%,NOTCH4;HEYL;PLXND1;STAT1;WWC1
prerank,GO_Biological_Process_2021::establishment of melanosome localization (GO:0032401),0.287419332063233,0.7658363451858323,0.7877179681576952,0.843706101212314,1.0,9/19,24.57%,RAB27B;GPR143;RAB17;RAB27A;BLOC1S5;BLOC1S6;MLPH;RAB11A;MREG
prerank,GO_Biological_Process_2021::positive regulation of stem cell differentiation (GO:2000738),0.31067179052218685,0.7656873935571995,0.7561538461538462,0.8435004688147563,1.0,9/14,28.75%,GATA4;NKX2-5;TBX5;LTBP3;SOX9;SOX5;DHX36;SOX6;PTN
prerank,GO_Biological_Process_2021::glycerophospholipid biosynthetic process (GO:0046474),0.20687795150613447,0.7610792739052948,0.8974647887323943,0.848989001054615,1.0,30/151,18.47%,CPNE3;ABHD3;CPNE1;APOA2;SACM1L;SLC44A1;PLEKHA4;PITPNM2;ABHD5;PLA2G2D;ALOX15;LCAT;APOA1;CLN3;PLA2G1B;PIP5K1B;PLA2G2F;PLCG2;PTEN;TAMM41;PLSCR1;PIK3C2G;PITPNM3;CDS1;PHOSPHO1;CHPT1;PCTP;PLA2G4D;PLA2G4B;ETNK2
prerank,GO_Biological_Process_2021::pigment granule transport (GO:0051904),0.28820354070061127,0.76050926737275,0.7895944912012242,0.8489043657032614,1.0,9/18,24.57%,RAB27B;GPR143;RAB17;RAB27A;BLOC1S5;BLOC1S6;MLPH;RAB11A;MREG
prerank,GO_Biological_Process_2021::melanosome transport (GO:0032402),0.28820354070061127,0.76050926737275,0.7895944912012242,0.8489043657032614,1.0,9/18,24.57%,RAB27B;GPR143;RAB17;RAB27A;BLOC1S5;BLOC1S6;MLPH;RAB11A;MREG
prerank,GO_Biological_Process_2021::positive regulation of macroautophagy (GO:0016239),0.24207581219125346,0.760180641060975,0.809775429326288,0.8489202553410721,1.0,16/43,28.75%,DCN;HSPB8;RALB;GNAI3;SESN1;TBK1;FYCO1;TSC2;BNIP3L;SH3GLB1;VPS13D;IKBKG;VDAC1;SLC25A4;IRGM;BNIP3
prerank,GO_Biological_Process_2021::detection of visible light (GO:0009584),-0.2558337846139839,-0.7563327732050078,0.8027586206896552,0.8703067745831202,1.0,5/16,13.63%,ABCA4;PDE6B;CACNA2D4;CEP250;EYS
prerank,GO_Biological_Process_2021::myelin assembly (GO:0032288),0.3350260932087343,0.7562777678211133,0.7579034941763727,0.8533729244761307,1.0,4/10,25.78%,GPC1;CNTNAP1;CD9;PMP22
prerank,GO_Biological_Process_2021::COPII vesicle coating (GO:0048208),0.231987832518082,0.7549714737004092,0.8293625241468127,0.8538040372713165,1.0,23/56,29.06%,CTSZ;MCFD2;TMED10;AREG;SERPINA1;TMED2;LMAN1;TRAPPC5;SEC24D;STX5;SEC22B;CUL3;RAB1A;TFG;NAPA;SEC13;SEC23A;CD59;SEC31A;RAB1B;ANKRD28;SCFD1;BET1
prerank,"GO_Biological_Process_2021::vesicle targeting, rough ER to cis-Golgi (GO:0048207)",0.231987832518082,0.7549714737004092,0.8293625241468127,0.8538040372713165,1.0,23/56,29.06%,CTSZ;MCFD2;TMED10;AREG;SERPINA1;TMED2;LMAN1;TRAPPC5;SEC24D;STX5;SEC22B;CUL3;RAB1A;TFG;NAPA;SEC13;SEC23A;CD59;SEC31A;RAB1B;ANKRD28;SCFD1;BET1
prerank,GO_Biological_Process_2021::vesicle coating (GO:0006901),0.231987832518082,0.7549714737004092,0.8293625241468127,0.8538040372713165,1.0,23/56,29.06%,CTSZ;MCFD2;TMED10;AREG;SERPINA1;TMED2;LMAN1;TRAPPC5;SEC24D;STX5;SEC22B;CUL3;RAB1A;TFG;NAPA;SEC13;SEC23A;CD59;SEC31A;RAB1B;ANKRD28;SCFD1;BET1
prerank,GO_Biological_Process_2021::response to retinoic acid (GO:0032526),0.2343904727573404,0.7545520323124032,0.8244924688932548,0.8539359432173608,1.0,13/48,18.84%,RBP4;TMEM161A;BRINP1;CTSH;TESC;AQP1;TWF2;GATA6;RARG;ABL2;RORB;MICB;SOX9
prerank,GO_Biological_Process_2021::regulation of NMDA receptor activity (GO:2000310),0.28492968505321925,0.7519669594662691,0.7803557617942769,0.8566970413710683,1.0,11/19,26.74%,CAPN1;SLC6A9;MEF2C;CRH;DLG4;RELN;MAPK8IP2;NEFL;DAPK1;CAMK2A;ACTN2
prerank,GO_Biological_Process_2021::negative regulation of ubiquitin-protein transferase activity (GO:0051444),0.33154909868515614,0.75025534136253,0.7637407711238721,0.8583899086933897,1.0,4/10,23.86%,BAG2;LIMK1;DTX3L;RPL23
prerank,GO_Biological_Process_2021::neuron maturation (GO:0042551),0.30095829213814146,0.7496437717151201,0.7713147410358566,0.8587388622152723,1.0,6/14,21.98%,SCARF1;CLN5;C1QA;ACTL6B;RND1;MTCH1
prerank,GO_Biological_Process_2021::negative regulation of cilium assembly (GO:1902018),0.3150863748016496,0.7485017379687662,0.769041769041769,0.8597289110783329,1.0,3/11,13.04%,ODF2L;YAP1;LIMK2
prerank,GO_Biological_Process_2021::histone methylation (GO:0016571),-0.2304423227811363,-0.7470018509822718,0.8210180623973727,0.8807059998822332,1.0,4/21,11.60%,EHMT1;FBLL1;PRMT6;SUV39H1
prerank,GO_Biological_Process_2021::hematopoietic progenitor cell differentiation (GO:0002244),0.27850079826354013,0.7463429607802636,0.8077519379844961,0.8619659972865332,1.0,10/20,25.95%,BATF;FST;BMP4;PLD4;TNFRSF13B;PLEK;ARMC6;LMBR1L;SBDS;FSTL3
prerank,GO_Biological_Process_2021::pyrimidine-containing compound metabolic process (GO:0072527),0.32728153803587995,0.745586562839719,0.7839195979899497,0.8624978047014407,1.0,6/10,29.53%,SLC19A2;DCK;SLC19A3;NT5C3A;SLC25A19;TPK1
prerank,GO_Biological_Process_2021::cell differentiation involved in metanephros development (GO:0072202),0.32844048566130324,0.7454274735819165,0.7606112054329371,0.8622821726360487,1.0,3/10,13.73%,OSR1;TCF21;BMP4
prerank,GO_Biological_Process_2021::regulation of delayed rectifier potassium channel activity (GO:1902259),0.28388436496872005,0.7448370701048713,0.7992217898832685,0.8625927247992273,1.0,4/17,14.85%,KCNS2;KCNRG;KCNG1;KCNS1
prerank,GO_Biological_Process_2021::regulation of insulin secretion involved in cellular response to glucose stimulus (GO:0061178),0.2867718406319567,0.7434665754159538,0.8052147239263804,0.8638506469454282,1.0,11/18,27.01%,GCG;KLF7;LRP5;GPLD1;NR1D1;EFNA5;STX4;PLA2G6;FOXA2;ADCY8;STXBP4
prerank,GO_Biological_Process_2021::regulation of defense response to virus (GO:0050688),0.3011986759690373,0.7426215422022857,0.7968627450980392,0.8644501999353854,1.0,4/14,20.77%,HERC5;C1QBP;TNFAIP3;TRAF3
prerank,GO_Biological_Process_2021::renal water homeostasis (GO:0003091),-0.22430207650155526,-0.7425268239783349,0.8161993769470405,0.884998123827812,1.0,9/24,25.70%,ADCY5;ADCY7;ADCY2;PRKAR2B;ADCY9;PRKAR2A;PRKAR1A;ADCY3;ADCY6
prerank,GO_Biological_Process_2021::positive regulation of protein targeting to mitochondrion (GO:1903955),0.25603044019919946,0.7420070472279957,0.8214032600992204,0.8647701436835754,1.0,10/28,27.13%,LEPROT;RAC2;MICALL2;USP36;FBXW7;UBL4B;RNF31;SH3GLB1;HPS4;ABLIM3
prerank,GO_Biological_Process_2021::phosphate ion transport (GO:0006817),0.2931576733843983,0.7411560925037451,0.8020030816640986,0.8653655835131284,1.0,5/15,19.16%,SLC37A2;SLC37A3;XPR1;SLC25A11;SLC25A10
prerank,GO_Biological_Process_2021::regulation of synaptic vesicle exocytosis (GO:2000300),-0.24218952773722519,-0.7388222271845118,0.8227665706051873,0.8883587792975262,1.0,6/17,24.34%,SLC4A8;RIMS1;VPS18;PREPL;NLGN1;RIMS4
prerank,GO_Biological_Process_2021::negative regulation of phosphoprotein phosphatase activity (GO:0032515),0.2931206579108988,0.738553309391665,0.7973499610288387,0.8680234482765034,1.0,8/14,30.74%,STYXL1;NCKAP1L;PPP4R4;PPP1R14D;PPP1R15A;CRY2;PPP1R11;PPP1R1B
prerank,GO_Biological_Process_2021::inositol lipid-mediated signaling (GO:0048017),0.2497969456179255,0.7384068820993797,0.8322534197264219,0.8677848646945663,1.0,10/32,20.71%,ADAP2;PITPNM2;GPR143;TNFAIP8L3;PIK3C2G;RHOA;PLCZ1;IRS2;EZR;PLCE1
prerank,GO_Biological_Process_2021::transport along microtubule (GO:0010970),0.31113994972385106,0.7378854509889308,0.7811745776347546,0.8679919633329102,1.0,5/12,26.51%,BORCS5;CAMSAP3;CDC42;SPG11;DYNC1I2
prerank,GO_Biological_Process_2021::negative regulation of delayed rectifier potassium channel activity (GO:1902260),-0.28556051790036757,-0.7373927472976014,0.7923832923832924,0.8891010732505076,1.0,2/10,12.54%,KCNE1B;KCNE3
prerank,GO_Biological_Process_2021::regulation of actomyosin structure organization (GO:0110020),0.32587841923694594,0.7371328836466046,0.7873417721518987,0.8684660766533665,1.0,6/10,25.83%,WAS;ASAP3;CDC42;SLC9A1;AKAP13;ACTG1
prerank,GO_Biological_Process_2021::sympathetic nervous system development (GO:0048485),0.30630694261300406,0.7350771016806208,0.7877237851662404,0.8704493310750856,1.0,4/12,19.15%,SEMA3A;GATA3;SEMA3F;TFAP2B
prerank,GO_Biological_Process_2021::regulation of cardiac muscle cell action potential (GO:0098901),0.26601630219028616,0.7343600888901357,0.8189209164818921,0.870866039444799,1.0,9/22,22.83%,CAV3;CAV1;DSP;FGF13;JUP;RYR2;DSG2;GJA5;ANK2
prerank,GO_Biological_Process_2021::COPII-coated vesicle budding (GO:0090114),0.22073439619841706,0.7330689684567933,0.863204559848005,0.8719662855504862,1.0,21/63,25.78%,CTSZ;MCFD2;TMED10;AREG;SERPINA1;TMED2;VAPA;LMAN1;TRAPPC5;SEC24D;STX5;VAPB;SEC22B;CUL3;RAB1A;TFG;NAPA;SEC13;SEC23A;CD59;SEC31A
prerank,GO_Biological_Process_2021::negative regulation of phosphate metabolic process (GO:0045936),0.28479267169512335,0.7322595763872372,0.8076628352490421,0.8724926501818597,1.0,6/17,20.06%,BMP4;STAP1;PLEK;BMP7;INHA;CDKN1A
prerank,GO_Biological_Process_2021::negative regulation of protein depolymerization (GO:1901880),0.26746059430072766,0.730788799344764,0.8144560357675111,0.8737883098918943,1.0,7/22,24.54%,PLEKHH2;SPEF1;FGF13;CAMSAP3;LIMA1;STMN2;NAV3
prerank,GO_Biological_Process_2021::nucleotide metabolic process (GO:0009117),-0.22887331352405035,-0.730092225393617,0.8676923076923077,0.8962296100163689,1.0,4/21,12.63%,NME2;CTPS2;AK5;AK4
prerank,GO_Biological_Process_2021::autophagosome organization (GO:1905037),0.2262787550424869,0.7295824535028747,0.8583280153158902,0.8747636957613887,1.0,20/52,29.30%,TP53INP1;GABARAPL1;MAP1LC3C;GABARAP;GABARAPL2;ATG9B;RAB1A;RAB7A;ATG12;BECN1;WIPI1;RAB1B;ATG16L1;RB1CC1;ATG7;EMC6;IRGM;MAP1LC3B;STX12;ATG5
prerank,GO_Biological_Process_2021::nucleoside triphosphate metabolic process (GO:0009141),0.30075546182605684,0.7295136141371771,0.8001579778830964,0.8744467074013857,1.0,3/13,12.79%,ENPP1;CMPK2;SMPDL3A
prerank,GO_Biological_Process_2021::morphogenesis of a polarized epithelium (GO:0001738),0.31569244109508976,0.7294724923034304,0.801673640167364,0.8740948807165463,1.0,2/11,12.06%,ZDHHC7;LAMA5
prerank,GO_Biological_Process_2021::positive regulation of DNA replication (GO:0045740),-0.2564212883539917,-0.7286740596762519,0.8210947930574098,0.8968354799409678,1.0,6/14,19.34%,BRPF3;KAT7;FAF1;DHX9;ATAD5;PCNA
prerank,GO_Biological_Process_2021::negative regulation of protein dephosphorylation (GO:0035308),-0.23691981325740513,-0.7277152061833079,0.8287769784172662,0.8969413843593642,1.0,5/18,19.68%,PPP1R8;BOD1;MASTL;BOD1L1;FKBP1B
prerank,GO_Biological_Process_2021::protein targeting to mitochondrion (GO:0006626),-0.1823558813728757,-0.7245222858017698,0.920814479638009,0.8995048888496169,1.0,50/50,81.81%,IMMP1L;AGK;TIMM23B;TIMM44;TIMM50;CHCHD4;AIFM1;MIPEP;PITRM1;PMPCA;IMMP2L;TIMM21;MFN2;TIMM23;PAM16;DNAJC15;BCAP31;TIMM10B;TOMM7;TIMM17B;TOMM5;SLC25A6;GRPEL1;MGARP;MFF;AIP;TIMM22;SAMM50;TIMM10;TOMM40L;FIS1;DNLZ;TOMM40;TIMM8A;TIMM9;TOMM20L;DNAJC19;TIMM13;TOMM20;ROMO1;FBXO7;PMPCB;TIMM8B;GRPEL2;GDAP1;TIMM17A;HSPA4;TOMM34;TOMM22;HSPD1
prerank,GO_Biological_Process_2021::protein peptidyl-prolyl isomerization (GO:0000413),0.27187316894427793,0.7238478263128935,0.8201383551114527,0.8799000238215205,1.0,2/19,9.08%,PPIC;PPIF
prerank,GO_Biological_Process_2021::stress-activated protein kinase signaling cascade (GO:0031098),0.28160365455923797,0.7224038779602796,0.8246013667425968,0.8810944079552472,1.0,6/17,20.96%,SKP1;MAPK13;CUL1;TAOK2;UBB;TNIP2
prerank,GO_Biological_Process_2021::synaptic vesicle localization (GO:0097479),0.3107433097174764,0.7210153632532109,0.8102310231023102,0.8821617015006517,1.0,3/11,12.38%,TMEM230;TOR1A;RAB27A
prerank,GO_Biological_Process_2021::endodermal cell fate commitment (GO:0001711),0.31391371602549395,0.7188987300785723,0.8107653490328006,0.8840704057746865,1.0,5/10,24.99%,POU5F1;SOX2;NANOG;EOMES;SOX17
prerank,GO_Biological_Process_2021::negative regulation of fibroblast proliferation (GO:0048147),0.28010717359969556,0.7180997438038186,0.8095238095238095,0.8845420671568134,1.0,6/16,23.19%,CD300A;MYC;FTH1;NLRC3;SKI;EMD
prerank,GO_Biological_Process_2021::autophagosome assembly (GO:0000045),0.22163868085204744,0.717160239570052,0.8797709923664122,0.8851594474856701,1.0,22/54,29.30%,TP53INP1;GABARAPL1;MAP1LC3C;GABARAP;GABARAPL2;ATG9B;RAB1A;RAB7A;ATG12;BECN1;WIPI1;RAB1B;ATG16L1;RB1CC1;STX17;ATG7;EMC6;IRGM;MAP1LC3B;SMURF1;STX12;ATG5
prerank,GO_Biological_Process_2021::regulation of protein dephosphorylation (GO:0035304),0.24198456108673508,0.7163351669363156,0.8548611111111111,0.8856393360079224,1.0,9/33,24.03%,SPPL3;LILRB2;CDH5;CNEP1R1;DLC1;GBA;CAMTA1;PPP1R2;PPP1R15A
prerank,GO_Biological_Process_2021::positive regulation of cellular protein metabolic process (GO:0032270),0.21079336137123908,0.7152810403752148,0.9093152375077113,0.8863885254763434,1.0,24/75,25.34%,PCIF1;PTTG1IP;THBS1;CYFIP2;RPL26;VPS35;EIF3D;CLN6;BCL3;EIF4A3;EIF3E;PLXNB2;HNRNPD;BAK1;STUB1;EZR;RPS27L;RDX;EIF6;KLF4;PASK;FADD;MSN;VGLL4
prerank,GO_Biological_Process_2021::regulation of establishment of cell polarity (GO:2000114),0.31197048056427845,0.7150687156237754,0.7962510187449062,0.8862190215961204,1.0,5/10,25.69%,CDH5;RAP1B;GSN;ARFGEF1;KRIT1
prerank,GO_Biological_Process_2021::rhodopsin mediated signaling pathway (GO:0016056),0.3111068069184524,0.7149479418860055,0.8101694915254237,0.8859454376691355,1.0,4/11,19.78%,GNAT1;RHO;SAG;GNGT1
prerank,GO_Biological_Process_2021::regulation of cell aging (GO:0090342),-0.28377405076165785,-0.7146824423204537,0.8082191780821918,0.9087827992201571,1.0,2/10,8.28%,PNPT1;NEK4
prerank,GO_Biological_Process_2021::negative regulation of intracellular estrogen receptor signaling pathway (GO:0033147),-0.27972128584208134,-0.7131540409961576,0.8411910669975186,0.90948800283571,1.0,4/10,18.54%,ISL1;STRN3;VPS11;VPS18
prerank,GO_Biological_Process_2021::positive regulation of protein autophosphorylation (GO:0031954),0.2831497526742229,0.7126281576777039,0.8277474668745128,0.8879572869985606,1.0,9/16,29.78%,NEK10;TOM1L1;RAP2C;TAOK2;PDGFD;TNKS1BP1;CALM3;DDX3X;RAP2A
prerank,GO_Biological_Process_2021::regulation of phosphate metabolic process (GO:0019220),-0.248772732009147,-0.7079677576798485,0.8287581699346406,0.9137625650422019,1.0,5/13,20.88%,RAD17;MCM7;SMG5;SMG7;SMG6
prerank,GO_Biological_Process_2021::positive regulation of developmental growth (GO:0048639),0.22516511888171659,0.7075186796839056,0.8787079762689519,0.8928480576211159,1.0,18/44,26.05%,DBN1;GH1;LEP;GHRL;TWF2;ACTN3;BDNF;DBNL;AGRN;SYT1;ITSN2;LIMK1;L1CAM;PPIB;NEDD4L;SYT2;NTN1;GHRH
prerank,GO_Biological_Process_2021::photoperiodism (GO:0009648),0.2463285711476435,0.7066680595357533,0.863536316947909,0.8933038417814135,1.0,15/26,29.12%,PER2;PML;PPP1CC;PPP1CB;PPP1CA;ID2;FBXL12;RBM4B;SIK1;FBXL8;CRY2;CRY1;BHLHE40;CLOCK;FBXL22
prerank,GO_Biological_Process_2021::regulation of intracellular estrogen receptor signaling pathway (GO:0033146),0.24574718700599574,0.7057133032573686,0.8554829339143064,0.893880602228513,1.0,12/28,28.18%,KANK2;YAP1;PAK1;ZNF366;RUNX1;FOXH1;WBP2;CNOT1;CBFB;DDRGK1;UFM1;FOXA1
prerank,GO_Biological_Process_2021::regulation of oligodendrocyte differentiation (GO:0048713),0.2737827444576489,0.7047720987080268,0.8288084464555053,0.8944010672541362,1.0,4/16,14.35%,IL34;PTPRZ1;TNFRSF1B;SLC45A3
prerank,GO_Biological_Process_2021::cardiac atrium morphogenesis (GO:0003209),0.31049203629604644,0.7032041637098313,0.8162771958098308,0.8955814251428923,1.0,4/10,23.28%,GATA4;NKX2-5;BMP2;NOG
prerank,GO_Biological_Process_2021::pyrimidine nucleoside biosynthetic process (GO:0046134),0.3072480307118703,0.7030539880426814,0.8085808580858086,0.8953306954140451,1.0,4/10,25.50%,UPP2;DCK;UPP1;PUDP
prerank,GO_Biological_Process_2021::regulation of nuclear-transcribed mRNA poly(A) tail shortening (GO:0060211),0.2861504606924602,0.7029906643684174,0.822866344605475,0.8945874612953462,1.0,5/13,24.79%,PABPC1;POLR2G;ZFP36;CNOT7;CNOT1
prerank,GO_Biological_Process_2021::positive regulation of nuclear-transcribed mRNA poly(A) tail shortening (GO:0060213),0.2861504606924602,0.7029906643684174,0.822866344605475,0.8945874612953462,1.0,5/13,24.79%,PABPC1;POLR2G;ZFP36;CNOT7;CNOT1
prerank,GO_Biological_Process_2021::negative regulation of calcineurin-NFAT signaling cascade (GO:0070885),0.29639687118241065,0.700253286476816,0.8245033112582781,0.8964846277632448,1.0,5/11,27.15%,FHL2;ACTN3;CHP1;MYOZ1;PRNP
prerank,GO_Biological_Process_2021::negative regulation of calcineurin-mediated signaling (GO:0106057),0.29639687118241065,0.700253286476816,0.8245033112582781,0.8964846277632448,1.0,5/11,27.15%,FHL2;ACTN3;CHP1;MYOZ1;PRNP
prerank,GO_Biological_Process_2021::acyl-CoA biosynthetic process (GO:0071616),-0.24636823904149646,-0.6964916001973279,0.8619791666666666,0.923862140551134,1.0,6/14,22.20%,CBR4;SCD5;HSD17B8;MLYCD;ACSS1;SCD
prerank,GO_Biological_Process_2021::lysine metabolic process (GO:0006553),-0.25475283267183335,-0.6927007128123214,0.8263707571801566,0.9254240852590985,1.0,2/12,10.25%,SLC25A21;PIPOX
prerank,GO_Biological_Process_2021::lysine catabolic process (GO:0006554),-0.25475283267183335,-0.6927007128123214,0.8263707571801566,0.9254240852590985,1.0,2/12,10.25%,SLC25A21;PIPOX
prerank,GO_Biological_Process_2021::protein K63-linked deubiquitination (GO:0070536),-0.1993471091292724,-0.6919697797012586,0.897822445561139,0.9251220318046276,1.0,13/27,32.50%,ZRANB1;UIMC1;USP27X;OTUD5;OTUD7B;USP13;OTUD7A;STAMBP;USP20;SHMT2;USP33;BRCC3;BABAM1
prerank,GO_Biological_Process_2021::regulation of activin receptor signaling pathway (GO:0032925),-0.2748392908767523,-0.6908488193471062,0.8407407407407408,0.9252300273082177,1.0,3/10,10.51%,ACVR1B;MAGI2;LEMD3
prerank,GO_Biological_Process_2021::negative regulation of proteolysis involved in cellular protein catabolic process (GO:1903051),0.2674849957165906,0.6905627677501709,0.866822429906542,0.9054396291203424,1.0,7/17,23.86%,LAMP3;HFE;PML;PSMF1;OPHN1;GABARAPL2;RPL23
prerank,GO_Biological_Process_2021::negative regulation of protein ubiquitination (GO:0031397),0.22397923173893475,0.690224432137864,0.8984937786509496,0.9053658394306325,1.0,19/40,30.09%,CAV1;PER2;BAG2;ARRB2;TNFAIP3;IVNS1ABP;LIMK1;ADGRB1;CHP1;ISG15;SQSTM1;DTX3L;CAMLG;ARRB1;CRY1;VPS28;SOX4;SIRT7;SVBP
prerank,GO_Biological_Process_2021::endoplasmic reticulum calcium ion homeostasis (GO:0032469),0.268657621731245,0.6900787090497685,0.8357524828113063,0.9051000067242043,1.0,4/16,18.45%,TGM2;WFS1;PML;BAK1
prerank,GO_Biological_Process_2021::fatty-acyl-CoA metabolic process (GO:0035337),0.26276073155918966,0.6898576714182244,0.8685446009389671,0.904906973632309,1.0,3/17,14.02%,PPT2;PPT1;ACSL4
prerank,GO_Biological_Process_2021::chromatin organization involved in regulation of transcription (GO:0034401),0.28507563366307553,0.6896917607771298,0.8302788844621514,0.9046517557078281,1.0,3/12,16.60%,SERTAD2;SERTAD1;SPI1
prerank,GO_Biological_Process_2021::necroptotic process (GO:0070266),0.30243796811791535,0.6895935114557968,0.8164451827242525,0.9043390779128867,1.0,2/10,10.03%,TICAM2;MLKL
prerank,GO_Biological_Process_2021::nucleobase-containing compound biosynthetic process (GO:0034654),0.2868260513087569,0.6873555009031942,0.8299595141700404,0.9059712899784687,1.0,5/12,24.28%,DCK;GMPR;AMPD1;DGUOK;HPRT1
prerank,GO_Biological_Process_2021::intra-Golgi vesicle-mediated transport (GO:0006891),-0.19377761078905056,-0.68557979529331,0.9209558823529411,0.9289546971877276,1.0,5/30,13.65%,GOLGA5;COG1;COG2;COG5;COG6
prerank,GO_Biological_Process_2021::regulation of synapse maturation (GO:0090128),-0.25832927995567284,-0.6850894314569177,0.8602287166454892,0.9284511531449061,1.0,1/11,3.96%,ANAPC2
prerank,GO_Biological_Process_2021::entrainment of circadian clock by photoperiod (GO:0043153),0.2388015139464695,0.6838316557004698,0.8788546255506607,0.908775532421242,1.0,14/25,29.12%,PER2;PML;PPP1CC;PPP1CB;PPP1CA;ID2;FBXL12;RBM4B;SIK1;FBXL8;CRY2;CRY1;BHLHE40;FBXL22
prerank,GO_Biological_Process_2021::fatty acid transmembrane transport (GO:1902001),-0.24593210776396063,-0.6818123438107454,0.8708388814913449,0.9303112045600781,1.0,5/12,30.54%,SLC25A20;SLC27A1;ABCD4;ABCD3;SLC27A5
prerank,GO_Biological_Process_2021::autophagy of nucleus (GO:0044804),0.26616774475758403,0.6813985552637197,0.8572519083969465,0.9106082620294533,1.0,14/16,46.72%,ATG9B;ATG12;WIPI1;RB1CC1;ATG7;ATG5;ATG2A;ULK1;ATG3;WDR45B;ATG13;ULK2;ATG9A;WDR45
prerank,GO_Biological_Process_2021::chromatin-mediated maintenance of transcription (GO:0048096),0.2944644903336922,0.6810909161086386,0.8207623682076237,0.9104761680751503,1.0,1/10,2.66%,SERTAD2
prerank,GO_Biological_Process_2021::regulation of anoikis (GO:2000209),0.29854445103610805,0.6800071339530679,0.8336079077429983,0.9110236574716167,1.0,2/10,11.98%,SNAI2;CAV1
prerank,GO_Biological_Process_2021::beta-catenin-TCF complex assembly (GO:1904837),-0.2003383160445302,-0.680000689259619,0.9083601286173634,0.9309181288034685,1.0,6/24,23.92%,KMT2D;ASH2L;PYGO2;KAT5;CDC73;RBBP5
prerank,GO_Biological_Process_2021::positive regulation of cell cycle phase transition (GO:1901989),-0.23514809756735744,-0.67959282769117,0.8763297872340425,0.9303470130895621,1.0,4/14,21.23%,PAF1;FAM83D;ATAD5;CDC73
prerank,GO_Biological_Process_2021::glycine metabolic process (GO:0006544),0.2943773742962532,0.6794178872724234,0.845771144278607,0.911137722852244,1.0,5/10,24.34%,SDS;GLDC;BAAT;AMT;DLD
prerank,GO_Biological_Process_2021::cellular response to misfolded protein (GO:0071218),0.2552768043267702,0.6778866047915075,0.8656156156156156,0.9121173927266883,1.0,8/19,27.37%,TOR1A;VCP;STUB1;CUL3;ATXN3;DERL1;RNF5;AUP1
prerank,GO_Biological_Process_2021::phosphatidylinositol phosphate biosynthetic process (GO:0046854),-0.18523156851749203,-0.677770626119963,0.9279437609841827,0.9309594276334601,1.0,13/34,27.16%,IP6K3;PI4K2B;IP6K2;PIP4K2C;SOCS7;ITPKB;SOCS6;TTC7B;SOCS5;SOCS4;IP6K1;PI4K2A;SMG1
prerank,GO_Biological_Process_2021::Golgi organization (GO:0007030),0.18802570402732893,0.6775079763145306,0.9562251279135873,0.9120537968378283,1.0,45/118,29.57%,LMAN1L;TMED5;TMED10;FHDC1;TICAM2;TMED4;LYSMD3;TMED9;LMAN2;ATL2;TMED1;TMED3;TMED2;LMAN1;DYNC2H1;PLK3;CDC42;OBSL1;RAB29;SURF4;STX5;LRRK2;SEC22B;RAB1A;LMAN2L;GOLPH3L;DYM;ARFGEF1;VTI1A;ZNF501;ATL3;TMED7;TANGO2;GAK;PLK5;STX16;STX17;GOLGA8A;USP6NL;GCC2;SPTBN5;PDCD10;BET1;CSNK1A1;MYO18A
prerank,GO_Biological_Process_2021::phosphatidylethanolamine biosynthetic process (GO:0006646),0.27775579115698845,0.6762659944932223,0.8527131782945736,0.9127226677704707,1.0,5/13,27.36%,ALOX15;PHOSPHO1;ETNK2;ETNPPL;LPIN3
prerank,"GO_Biological_Process_2021::phototransduction, visible light (GO:0007603)",-0.23619515025707644,-0.675285275034611,0.8851351351351351,0.9321110879549548,1.0,5/15,23.55%,ABCA4;PDE6B;RP1;CNGB1;CNGA1
prerank,GO_Biological_Process_2021::protein maturation by iron-sulfur cluster transfer (GO:0097428),0.30063020473339613,0.6751488237530319,0.8476430976430976,0.9132855425905035,1.0,3/10,24.66%,CISD3;BOLA2;GLRX3
prerank,GO_Biological_Process_2021::cardiolipin metabolic process (GO:0032048),0.29770493539439524,0.6749105043624691,0.8415841584158416,0.913093283722628,1.0,5/10,27.60%,TAMM41;PTPMT1;PLA2G6;LCLAT1;PNPLA8
prerank,GO_Biological_Process_2021::RNA transport (GO:0050658),0.19998060830778966,0.6722569566392286,0.9478527607361963,0.9149583105092323,1.0,10/68,17.13%,SIDT2;RFTN1;HNRNPA1;EIF4E;ZFP36L1;NUP214;TGFBR2;EIF4A3;ARC;SRSF3
prerank,"GO_Biological_Process_2021::negative regulation of mRNA splicing, via spliceosome (GO:0048025)",-0.2361862438625645,-0.6719330776646574,0.8702702702702703,0.9339658151311707,1.0,5/14,27.24%,U2AF2;SAP18;SFSWAP;PCBP4;SRSF12
prerank,GO_Biological_Process_2021::inositol phosphate catabolic process (GO:0071545),-0.24186279305395864,-0.6707955854442607,0.8630490956072352,0.9339556025047547,1.0,7/12,28.90%,INPP1;INPP5B;SYNJ2;INPP5K;INPP5J;OCRL;IMPA1
prerank,GO_Biological_Process_2021::proteasomal protein catabolic process (GO:0010498),0.1796798352477423,0.6699947448622245,0.9733777038269551,0.9164553563050835,1.0,47/159,27.38%,RCN3;NHLRC3;ZFAND2A;TRIM72;NEDD4;RNF187;IFI27;PMAIP1;UBE2U;ARNTL;ARRB2;VCP;TBX21;PCNP;PML;HECW2;BFAR;PSMF1;PRAME;PSMD5;STUB1;NR1D1;PSMB2;ENC1;PSMA2;RNF139;UBXN11;PSMA8;HECW1;FBXW7;PSMB4;CUL3;ATXN3;PSMD9;NEDD4L;PELI1;ERLEC1;DERL1;RNF5;DDIT3;SMURF2;RNF122;ARRB1;TRIM71;KLHL22;SEL1L;GID8
prerank,GO_Biological_Process_2021::negative regulation of protein modification by small protein conjugation or removal (GO:1903321),0.21583556890787897,0.6652009593329756,0.9140779907468606,0.9200823586421107,1.0,18/40,30.09%,CAV1;PER2;BAG2;ARRB2;TNFAIP3;IVNS1ABP;PIAS3;ADGRB1;CHP1;ISG15;SQSTM1;CAMLG;ARRB1;CRY1;VPS28;SOX4;SIRT7;SVBP
prerank,GO_Biological_Process_2021::regulation of DNA methylation-dependent heterochromatin assembly (GO:0090308),-0.2485125469917698,-0.6646650719825852,0.8680465717981889,0.9378151870258289,1.0,3/11,12.74%,ZNF304;SETDB1;ATF7IP
prerank,GO_Biological_Process_2021::positive regulation of vacuole organization (GO:0044090),0.2892651864795475,0.6635663932121763,0.8473154362416108,0.920980806062205,1.0,2/10,16.04%,GRN;RALB
prerank,GO_Biological_Process_2021::positive regulation of protein exit from endoplasmic reticulum (GO:0070863),0.27274012645047824,0.6626832069633574,0.8809716599190284,0.9212859210707853,1.0,5/13,24.79%,TMEM30B;EDEM2;EDEM1;SORL1;CD81
prerank,GO_Biological_Process_2021::stress granule assembly (GO:0034063),-0.20689011084043424,-0.6590206653191696,0.900459418070444,0.9411674668809722,1.0,4/19,20.24%,EIF2S1;UBAP2L;YTHDF1;ATXN2
prerank,GO_Biological_Process_2021::cytoskeleton-dependent intracellular transport (GO:0030705),-0.21166491623443545,-0.6582684952121596,0.884272997032641,0.9407868740962736,1.0,6/18,24.37%,KIF5C;KIF1A;KIF1B;CCDC88C;KIF5A;HOOK3
prerank,GO_Biological_Process_2021::regulation of cell communication by electrical coupling (GO:0010649),0.2809154218395491,0.6568343333423193,0.8698412698412699,0.9255570133299592,1.0,6/11,29.60%,CAV1;SLC8A1;CASQ2;TRDN;ANK3;CALM3
prerank,GO_Biological_Process_2021::protein import into mitochondrial matrix (GO:0030150),-0.2120216306156406,-0.6562135800365034,0.9108469539375929,0.9413514448645883,1.0,18/18,78.82%,TIMM23B;TIMM44;TIMM50;TIMM21;TIMM23;PAM16;DNAJC15;TIMM17B;GRPEL1;TOMM40L;DNLZ;TOMM40;TOMM20L;DNAJC19;TOMM20;ROMO1;GRPEL2;TIMM17A
prerank,MSigDB_Hallmark_2020::Notch Signaling,0.24415178912142,0.6558019458762075,0.8693693693693694,0.925946217875286,1.0,5/19,20.81%,SKP1;HEYL;CUL1;DTX1;JAG1
prerank,GO_Biological_Process_2021::myoblast differentiation (GO:0045445),0.2712101084940447,0.655583382246964,0.8480392156862745,0.9257122089672744,1.0,4/12,25.39%,MAPK12;SOX15;JAG1;NRG1
prerank,GO_Biological_Process_2021::ER-associated misfolded protein catabolic process (GO:0071712),-0.2529837345441913,-0.6545697600822756,0.879081015719468,0.9416380327768953,1.0,2/10,12.26%,POMT2;RNF185
prerank,"GO_Biological_Process_2021::regulation of alternative mRNA splicing, via spliceosome (GO:0000381)",0.20153587136433848,0.6543086410539141,0.931454196028187,0.9263163441182978,1.0,11/52,22.19%,CELF5;KHDRBS2;CELF6;HNRNPA1;CELF4;RBFOX3;CELF2;RBFOX2;CELF1;KHDRBS1;HNRNPU
prerank,GO_Biological_Process_2021::regulation of intracellular steroid hormone receptor signaling pathway (GO:0033143),0.22700324098449978,0.6514403964941053,0.912472647702407,0.9281096157711325,1.0,13/27,31.14%,NCOA2;RNF14;PRMT2;RUNX1;CBFB;DDRGK1;UFM1;SAFB2;NR0B1;AXIN1;UFL1;CARM1;PKN1
prerank,GO_Biological_Process_2021::lipid phosphorylation (GO:0046834),-0.24995019690487327,-0.6507310800072779,0.8909774436090225,0.9434711895724742,1.0,3/10,24.59%,DGKQ;DGKG;DGKH
prerank,GO_Biological_Process_2021::lipid droplet organization (GO:0034389),0.2397816102237486,0.6503439218952393,0.8845867460908414,0.9285278624834802,1.0,6/21,20.18%,CIDEA;PLIN5;CIDEC;CDS1;BSCL2;PPID
prerank,GO_Biological_Process_2021::nuclear membrane disassembly (GO:0051081),-0.2530249416180623,-0.6489585924854753,0.8905289052890529,0.9437602215762287,1.0,2/10,12.12%,CCNB2;AKAP8L
prerank,GO_Biological_Process_2021::negative regulation of voltage-gated potassium channel activity (GO:1903817),0.2730070341080316,0.6452828731491347,0.8692372170997485,0.931961369759881,1.0,2/11,14.71%,CAV1;KCNRG
prerank,GO_Biological_Process_2021::positive regulation of mRNA processing (GO:0050685),0.24079073134985463,0.6439951581575672,0.8940646130728775,0.9324903822662212,1.0,3/19,16.03%,RBMXL1;CELF4;NCL
prerank,GO_Biological_Process_2021::negative regulation of viral release from host cell (GO:1902187),-0.2357716609119194,-0.643777717062413,0.9118457300275482,0.946453661466,1.0,3/13,14.27%,TRIM11;TRIM32;TRIM26
prerank,GO_Biological_Process_2021::regulation of autophagy of mitochondrion (GO:1903146),0.25956579604059227,0.6391407737241516,0.890015600624025,0.9355993132929724,1.0,14/14,74.06%,USP36;FBXW7;FBXO7;VDAC1;HAX1;PARK7;CAMKK2;SREBF1;PINK1;CSNK2A2;SREBF2;ATP13A2;HTRA2;DNM1L
prerank,GO_Biological_Process_2021::positive regulation of gene silencing by miRNA (GO:2000637),0.24255439261306252,0.6361940598885665,0.9062968515742129,0.9372667559154577,1.0,6/19,24.85%,BMP4;EIF4E2;DDX6;ZFP36;LIN28A;AJUBA
prerank,GO_Biological_Process_2021::mitochondrion distribution (GO:0048311),-0.24260938486360376,-0.6350185892045558,0.89501312335958,0.9514539160621318,1.0,5/11,36.08%,TRAK1;MTM1;DNM1L;TRAK2;CLUH
prerank,GO_Biological_Process_2021::positive regulation of microtubule polymerization or depolymerization (GO:0031112),0.23406674885190032,0.6347530105655371,0.9146810146041506,0.9378473218364612,1.0,8/21,26.80%,CAV3;OCLN;PAK1;CDK5R1;STMN2;NAV3;FES;SLAIN2
prerank,GO_Biological_Process_2021::N-terminal protein amino acid modification (GO:0031365),-0.23288489983939342,-0.6329365614624836,0.9049479166666666,0.9518797811470244,1.0,4/12,27.30%,METAP1;NAA60;PDF;NAA40
prerank,GO_Biological_Process_2021::protein modification by small protein conjugation or removal (GO:0070647),0.26365283895005875,0.6322627939540334,0.901453957996769,0.9391804917132598,1.0,5/12,27.75%,DESI2;UBD;UBA7;DESI1;ATG7
prerank,GO_Biological_Process_2021::histone H3-K9 demethylation (GO:0033169),-0.2443038555873459,-0.6233725213329917,0.9077490774907749,0.9569271440983361,1.0,3/10,15.63%,PHF8;KDM4A;KDM3B
prerank,GO_Biological_Process_2021::regulation of microtubule polymerization (GO:0031113),0.21081675621862206,0.6232530778081589,0.9374560787069571,0.944781098865616,1.0,10/31,26.80%,CAV3;CDH5;OCLN;PAK1;CAMSAP3;CDK5R1;STMN2;NAV3;FES;SLAIN2
prerank,GO_Biological_Process_2021::COPII-coated vesicle cargo loading (GO:0090110),-0.21676925636333388,-0.6174250278437664,0.9170013386880856,0.9595219472557891,1.0,14/14,78.34%,SEC23B;TBC1D20;SCAP;SEC24C;MIA3;SEC24A;SEC24B;SEC31B;SAR1A;SEC31A;SEC23A;SEC13;RAB1A;SEC24D
prerank,GO_Biological_Process_2021::negative regulation of mRNA processing (GO:0050686),-0.21207774765998114,-0.6154393528715411,0.9388888888888889,0.9597175553220073,1.0,5/15,27.24%,U2AF2;SAP18;SFSWAP;PCBP4;SRSF12
prerank,"GO_Biological_Process_2021::regulation of mRNA splicing, via spliceosome (GO:0048024)",0.17677626756236414,0.6140156151977574,0.9813925570228091,0.9501276924557602,1.0,16/85,22.19%,CELF5;RBMXL1;KHDRBS2;CELF6;HNRNPA1;C1QBP;CELF4;RBFOX3;NCL;SRSF3;CELF2;RBFOX2;CELF1;RBM23;KHDRBS1;HNRNPU
prerank,GO_Biological_Process_2021::nuclear-transcribed mRNA poly(A) tail shortening (GO:0000289),0.22967108897936456,0.6094305636956896,0.9212121212121213,0.9524194504635111,1.0,8/18,27.61%,CNOT6L;PNLDC1;CNOT11;ZFP36;CNOT7;PAN3;CNOT1;TNKS1BP1
prerank,GO_Biological_Process_2021::positive regulation of histone H3-K4 methylation (GO:0051571),-0.21950756803259083,-0.6059238724141571,0.938337801608579,0.9641074620158838,1.0,2/12,11.54%,PAXIP1;AUTS2
prerank,GO_Biological_Process_2021::axonal transport of mitochondrion (GO:0019896),0.2664929919022273,0.6042244377574966,0.9046434494195689,0.9549769995997635,1.0,4/10,26.57%,HIF1A;HAP1;NEFL;SYBU
prerank,GO_Biological_Process_2021::regulation of protein-containing complex disassembly (GO:0043244),-0.2135194376994633,-0.6028050922805267,0.926261319534282,0.9648508985211313,1.0,3/13,13.85%,UPF1;MTRF1;TBC1D25
prerank,GO_Biological_Process_2021::regulation of calcium ion transmembrane transporter activity (GO:1901019),0.22479481607779012,0.6005192773761375,0.9247787610619469,0.9566050618698368,1.0,6/20,22.83%,CAV3;AHNAK;PLN;HPCA;YWHAE;ANK2
prerank,GO_Biological_Process_2021::endoplasmic reticulum mannose trimming (GO:1904380),0.23233310378480015,0.5999066491251877,0.9416730621642364,0.9565152021992765,1.0,8/17,27.23%,MAN1B1;OS9;EDEM2;DERL2;UBB;RNF139;RNF5;SEL1L
prerank,GO_Biological_Process_2021::protein localization to phagophore assembly site (GO:0034497),-0.22505925895122053,-0.5987328727175989,0.9375812743823146,0.9659783478620977,1.0,11/11,77.51%,TRAPPC8;PACS2;MFN2;WIPI2;WDR45;ATG9A;ATG13;WDR45B;STX17;WIPI1;ATG9B
prerank,GO_Biological_Process_2021::pore complex assembly (GO:0046931),-0.19809243751558886,-0.5968724976895373,0.9610951008645533,0.9659370270429198,1.0,3/16,12.85%,NUP205;BAD;NDC1
prerank,GO_Biological_Process_2021::ketone body metabolic process (GO:1902224),-0.22529299398321856,-0.5964591754020717,0.9214659685863874,0.9651879127659926,1.0,5/11,30.54%,AACS;OXCT1;HMGCL;BDH1;SLC27A5
prerank,GO_Biological_Process_2021::nucleobase-containing small molecule catabolic process (GO:0034656),-0.20312966919341208,-0.5893138041057427,0.9243243243243243,0.9677656782948035,1.0,3/15,11.48%,ENTPD5;ENTPD4;NUDT9
prerank,GO_Biological_Process_2021::inner mitochondrial membrane organization (GO:0007007),-0.17068628180590484,-0.5879518730388631,0.9595278246205734,0.9674255954649791,1.0,5/27,19.20%,AFG3L2;AGK;DNAJC11;APOOL;OPA1
prerank,GO_Biological_Process_2021::negative regulation of peptidyl-threonine phosphorylation (GO:0010801),-0.2001585190342047,-0.5848731005544939,0.9364161849710982,0.9679325064438137,1.0,3/15,14.56%,DGKQ;CADM4;SPRED3
prerank,GO_Biological_Process_2021::folic acid metabolic process (GO:0046655),0.2268988389461301,0.582489203008948,0.9467501957713391,0.9650454331281587,1.0,6/17,26.19%,FOLR2;SLC46A1;SLC25A32;ALDH1L1;MTRR;ALDH1L2
prerank,GO_Biological_Process_2021::regulation of ryanodine-sensitive calcium-release channel activity (GO:0060314),0.22250062603907886,0.5815914244183598,0.9327917282127031,0.9650548291754797,1.0,2/18,9.20%,CLIC2;GSTM2
prerank,GO_Biological_Process_2021::negative regulation of viral transcription (GO:0032897),0.23085784372857687,0.5780908173914824,0.9289575289575289,0.9663203141282763,1.0,4/14,24.43%,IFITM3;TRIM62;ZFP36;TRIM31
prerank,GO_Biological_Process_2021::Golgi localization (GO:0051645),0.2428993221607686,0.5633238432755943,0.9402859545836838,0.9724601655099097,1.0,11/11,75.72%,CDC42;ARCN1;PDCD10;YWHAZ;TBCCD1;SLC9A3R1;ARHGAP21;STK25;COPG1;HOOK3;UVRAG
prerank,GO_Biological_Process_2021::aspartate family amino acid metabolic process (GO:0009066),0.21457510885787573,0.5589222258320259,0.9580152671755725,0.9738824765865349,1.0,3/17,14.69%,MSRA;SMS;GADL1
prerank,GO_Biological_Process_2021::fatty acid oxidation (GO:0019395),0.1725878304973575,0.5549721947354544,0.9864951768488746,0.9750260280486603,1.0,7/52,17.87%,ADIPOQ;PPARGC1A;ALOX15;ADH7;ALOX12;ACADL;HAO1
prerank,GO_Biological_Process_2021::serine family amino acid catabolic process (GO:0009071),-0.22019560360298163,-0.5517514624801061,0.9606598984771574,0.9807359610113929,1.0,4/10,26.18%,GCSH;DAO;SHMT1;SHMT2
prerank,GO_Biological_Process_2021::regulation of ubiquitin protein ligase activity (GO:1904666),0.21937832849375982,0.5513090826098096,0.9499609069585614,0.9759955875331819,1.0,5/17,23.86%,SKP1;BAG2;PTEN;RAB1A;RPL23
prerank,GO_Biological_Process_2021::mRNA splice site selection (GO:0006376),0.19198809513631723,0.5500025206714519,0.9757316202712348,0.9760578637132233,1.0,7/28,24.47%,CELF5;CELF6;CELF4;CELF2;CELF1;NOL3;SRSF1
prerank,GO_Biological_Process_2021::carnitine metabolic process (GO:0009437),0.23570461409052265,0.5497229420086218,0.9406919275123559,0.9757388479928221,1.0,5/10,29.65%,BBOX1;ACADL;ALDH9A1;CPT1C;CPT1A
prerank,GO_Biological_Process_2021::positive regulation of amyloid precursor protein catabolic process (GO:1902993),0.2416938564988808,0.5476405084212281,0.9376538146021329,0.9760851422371402,1.0,4/10,23.04%,GSAP;ABCG1;EFNA3;PICALM
prerank,GO_Biological_Process_2021::folic acid-containing compound metabolic process (GO:0006760),0.20843549620798596,0.5463128961305365,0.9608595548733692,0.9761264971308706,1.0,6/18,26.19%,FOLR2;SLC46A1;SLC25A32;ALDH1L1;MTRR;ALDH1L2
prerank,GO_Biological_Process_2021::mitochondrion transport along microtubule (GO:0047497),-0.19956317758600717,-0.5444892456413586,0.9505851755526658,0.9822896081312149,1.0,4/12,19.94%,MAP1S;OPA1;SPAST;RHOT1
prerank,"GO_Biological_Process_2021::alternative mRNA splicing, via spliceosome (GO:0000380)",-0.18173904255946283,-0.5420243797332024,0.9639389736477115,0.9822178158271443,1.0,4/15,22.08%,RSRC1;SCNM1;DHX9;PQBP1
prerank,GO_Biological_Process_2021::calcineurin-mediated signaling (GO:0097720),0.23630533636652595,0.540715184248254,0.9504541701073493,0.977650911476164,1.0,2/10,19.08%,NFAT5;SULT1A3
prerank,GO_Biological_Process_2021::positive regulation of translational initiation (GO:0045948),0.21475817141154246,0.5377109889845754,0.9545454545454546,0.9782392358043224,1.0,4/14,22.59%,CCL5;DAZL;KHDRBS1;POLR2G
prerank,GO_Biological_Process_2021::negative regulation of nucleocytoplasmic transport (GO:0046823),0.22055586087013457,0.5375907486740437,0.9535628502802241,0.9778485567835304,1.0,5/13,29.58%,MDFIC;APOD;CHP1;UFM1;SP100
prerank,GO_Biological_Process_2021::glycogen catabolic process (GO:0005980),0.2205081781481973,0.5370274490263178,0.9481361426256077,0.9776100546767368,1.0,6/13,27.50%,PYGM;PHKA1;PGM2L1;STBD1;RB1CC1;PGM2
prerank,GO_Biological_Process_2021::calcium ion import (GO:0070509),0.21147204514421075,0.536996326479074,0.9589353612167301,0.9771905899324365,1.0,7/15,31.01%,MCU;TRPC4;SLC8A1;SLC25A23;MICU3;ATP2A1;CACNA1S
prerank,GO_Biological_Process_2021::positive regulation of protein export from nucleus (GO:0046827),-0.20227055349939702,-0.5357420770631248,0.9630541871921182,0.9833641480488461,1.0,11/11,79.79%,GTSE1;RBM22;XPO4;TPR;TCF7L2;RAPGEF3;ANP32B;BAG3;CAMK1;EMD;YWHAE
prerank,GO_Biological_Process_2021::positive regulation of ubiquitin protein ligase activity (GO:1904668),0.2335028454679103,0.5354861835851161,0.947840260798696,0.977283217292616,1.0,3/11,22.90%,SKP1;PTEN;RAB1A
prerank,GO_Biological_Process_2021::positive regulation of cyclin-dependent protein serine/threonine kinase activity (GO:0045737),0.22407321653831375,0.535395323465134,0.9475,0.9768891025133354,1.0,6/12,31.17%,RGCC;PKD2;CCNY;PKD1;CCND3;MAPRE3
prerank,GO_Biological_Process_2021::Golgi inheritance (GO:0048313),-0.20953925482368596,-0.5346852026422321,0.9560047562425684,0.9827385851905696,1.0,10/10,79.06%,VCPIP1;GBF1;STK25;GOLGA2;VRK1;YWHAZ;PDCD10;PLK5;STX5;PLK3
prerank,GO_Biological_Process_2021::negative regulation of histone acetylation (GO:0035067),-0.20233109848136238,-0.534174143592132,0.966789667896679,0.9819316621753351,1.0,3/10,24.98%,NOC2L;ZNF451;TAF7
prerank,GO_Biological_Process_2021::positive regulation of protein deacetylation (GO:0090312),0.22779902730837973,0.5320798142530374,0.9621848739495799,0.9775582644317959,1.0,1/11,7.12%,NNMT
prerank,GO_Biological_Process_2021::calcium ion-regulated exocytosis of neurotransmitter (GO:0048791),-0.19616671886579967,-0.5315831428384823,0.9616368286445013,0.981783911112568,1.0,2/12,11.56%,UNC13C;RIMS1
prerank,GO_Biological_Process_2021::mitochondrial transcription (GO:0006390),-0.20448788157159364,-0.5294227242071695,0.9617346938775511,0.9814678099339893,1.0,2/10,11.84%,TFB1M;POLRMT
prerank,GO_Biological_Process_2021::dosage compensation by inactivation of X chromosome (GO:0009048),0.21723306645228418,0.5240755478266771,0.956140350877193,0.9796113101180095,1.0,1/12,5.57%,SMCHD1
prerank,GO_Biological_Process_2021::glycerolipid metabolic process (GO:0046486),0.22312368663627152,0.5223997550813401,0.9498327759197325,0.9797018567716893,1.0,3/11,21.86%,PLA2G15;PDXP;DGKB
prerank,GO_Biological_Process_2021::regulation of protein export from nucleus (GO:0046825),0.1969651796195937,0.5210106011835507,0.970335675253708,0.9796976632946405,1.0,8/19,31.11%,IFI27;YWHAE;PTPN14;EMD;CAMK1;SP100;SIRT7;BAG3
prerank,GO_Biological_Process_2021::protein methylation (GO:0006479),0.17496283220312786,0.5141495008613435,0.9861399861399861,0.9811847605243612,1.0,10/31,26.36%,PCMT1;PRMT8;PRMT2;PRMT1;SNRPD3;ETF1;PRMT7;CTCFL;SNRPB;RAB6A
prerank,GO_Biological_Process_2021::regulation of protein exit from endoplasmic reticulum (GO:0070861),-0.18093900531727142,-0.5061963092298213,0.9817470664928292,0.9869549015462766,1.0,4/13,27.65%,SLC51B;BRSK2;TM9SF4;SAR1B
prerank,GO_Biological_Process_2021::negative regulation of RNA splicing (GO:0033119),0.19413477537437585,0.5035981782001424,0.9730354391371341,0.9835299565190062,1.0,18/18,80.60%,C1QBP;PTBP3;TMBIM6;RPS13;RBMX;PTBP1;SRSF9;RNPS1;SRSF10;SRSF4;SRSF6;SRSF7;PTBP2;SRSF12;PCBP4;SFSWAP;SAP18;U2AF2
prerank,GO_Biological_Process_2021::positive regulation of protein-containing complex disassembly (GO:0043243),-0.19785429141716568,-0.4989479038635024,0.9619631901840491,0.9877863975943565,1.0,10/10,80.23%,JMJD4;UVRAG;SLN;SETX;CALCOCO2;SMCR8;BNIP3;IRGM;FYCO1;GBA
prerank,GO_Biological_Process_2021::regulation of rhodopsin mediated signaling pathway (GO:0022400),0.17762545477160227,0.49022593476646475,0.9823659074210139,0.9862450144599513,1.0,8/22,26.87%,GNAT1;RHO;SAG;NMT2;NMT1;GUCY2D;GUCA1B;GUCY2F
prerank,GO_Biological_Process_2021::regulation of Golgi organization (GO:1903358),0.20589153459474532,0.49007270797500413,0.9701853344077357,0.985849877557463,1.0,5/12,28.88%,EHD3;CAMSAP3;STX5;USP6NL;PDCD10
prerank,GO_Biological_Process_2021::positive regulation of RNA splicing (GO:0033120),0.17534809811134816,0.48665635078411246,0.9868517165814463,0.9861526329015377,1.0,3/24,16.03%,RBMXL1;CELF4;NCL
prerank,GO_Biological_Process_2021::glucan catabolic process (GO:0009251),0.2001077905086412,0.47868522402724806,0.9736625514403292,0.9873689415635434,1.0,5/12,27.50%,PYGM;PHKA1;PGM2L1;STBD1;PGM2
prerank,GO_Biological_Process_2021::2-oxoglutarate metabolic process (GO:0006103),-0.17558013806870165,-0.47745654613202027,0.9856020942408377,0.9914280537001502,1.0,12/12,82.45%,L2HGDH;PHYH;OGDH;MRPS36;GOT1;AADAT;D2HGDH;DLST;TAT;GOT2;GPT2;ADHFE1
prerank,GO_Biological_Process_2021::iron-sulfur cluster assembly (GO:0016226),-0.14419436701751467,-0.46991088313654517,0.9911894273127754,0.9918173031415463,1.0,21/21,85.60%,CIAPIN1;MMS19;HSCB;CIAO1;NDOR1;ABCB7;NUBP2;NFS1;ISCA2;NUBPL;GLRX5;ISCA1;ISCU;NUBP1;NFU1;LYRM4;IBA57;GLRX3;FXN;BOLA2;HSPA9
prerank,GO_Biological_Process_2021::N-terminal protein amino acid acetylation (GO:0006474),0.19172385111249762,0.46935202963826994,0.9701612903225807,0.988655993477832,1.0,13/13,80.84%,AANAT;NAA50;NAA10;NAA15;NAA20;EP300;KAT2B;NAA35;NAA16;NAA30;NAA40;NAA25;NAA60
prerank,GO_Biological_Process_2021::metallo-sulfur cluster assembly (GO:0031163),-0.14832556394470556,-0.466208185067233,0.9942363112391931,0.9914779188328375,1.0,6/19,33.64%,CIAPIN1;MMS19;HSCB;CIAO1;NDOR1;ABCB7
prerank,GO_Biological_Process_2021::positive regulation of cyclin-dependent protein kinase activity (GO:1904031),0.16608315881400698,0.41327455516962774,0.9927710843373494,0.9956592219562016,1.0,6/14,31.17%,RGCC;PKD2;CCNY;PKD1;CCND3;MAPRE3
