Bootstrap_Replicate,ctMV_GCN_AUPRC,Degree_Logistic_AUPRC,ctMV_GCN_minus_Degree
1,0.6607869931947571,0.6189973804822215,0.04178961271253556
2,0.6515273167107746,0.6146835293591295,0.03684378735164506
3,0.6547768687216277,0.6224382211126268,0.03233864760900085
4,0.635054061570108,0.6044262627161084,0.030627798853999577
5,0.6468251901033025,0.6191356591837635,0.027689530919539074
6,0.6445028392969957,0.6317067843819767,0.012796054915019006
7,0.6552476789905767,0.6345755717634849,0.020672107227091785
8,0.6213772372651852,0.6116360160181843,0.009741221247000942
9,0.6364203193059241,0.6187378237461517,0.017682495559772415
10,0.6443422351233085,0.6319777152204546,0.01236451990285381
11,0.6475471386084525,0.6128455688444812,0.03470156976397132
12,0.6513664143337144,0.6146128394203271,0.03675357491338738
13,0.6719762326250532,0.6397822913920598,0.03219394123299346
14,0.6180213545753918,0.6122171641268356,0.005804190448556179
15,0.6391530790409005,0.6161999367668943,0.022953142274006133
16,0.6541247163160674,0.6168649507512988,0.03725976556476862
17,0.6350571188194608,0.6282116054020205,0.00684551341744033
18,0.6422694791682727,0.6342135846082863,0.008055894559986454
19,0.6517636441051016,0.6318131770225385,0.019950467082563095
20,0.6198583971196724,0.6274241017498018,-0.0075657046301293995
21,0.6598790378737517,0.6488827331456598,0.010996304728091877
22,0.6385150667352472,0.6255822080123891,0.012932858722858098
23,0.6457729078409158,0.6194509742586575,0.026321933582258317
24,0.6427713839511955,0.6214530876473104,0.021318296303885043
25,0.6487887899795751,0.6304506330097298,0.01833815696984531
26,0.64716828348251,0.6334906808247446,0.013677602657765409
27,0.6629340257211548,0.6431361780295028,0.019797847691651937
28,0.6436926746379849,0.6338325198300317,0.009860154807953103
29,0.6546940307898684,0.6137961279462516,0.04089790284361683
30,0.6679150212128727,0.6395346385520853,0.028380382660787462
31,0.640193240893438,0.635323450298169,0.004869790595269041
32,0.6456250077552207,0.6069921709432398,0.03863283681198093
33,0.6387383262882294,0.6400051200311337,-0.001266793742904393
34,0.6337526135363992,0.6262844912784545,0.007468122257944687
35,0.6608773570996671,0.6151493003189259,0.04572805678074121
36,0.6518062829701504,0.612995694583463,0.038810588386687384
37,0.6589929013839537,0.6237574565668745,0.03523544481707919
38,0.6361508954141334,0.6270296392296769,0.009121256184456472
39,0.6538266269937157,0.6272954854423123,0.02653114155140346
40,0.6565875636362616,0.6388507337982864,0.0177368298379752
41,0.6384396165919938,0.6255049229149914,0.012934693677002396
42,0.6485062625247341,0.6062826696648972,0.0422235928598369
43,0.6525045226406575,0.6482111055055041,0.00429341713515341
44,0.6470640005535172,0.6217918550338535,0.025272145519663725
45,0.6558663286832418,0.6285701201665007,0.027296208516741083
46,0.6448515828085833,0.6317052659710516,0.013146316837531757
47,0.6445753000242717,0.6312430457493532,0.013332254274918465
48,0.6474989006325312,0.62344656031526,0.024052340317271215
49,0.6543451682844029,0.6248196127536166,0.029525555530786285
50,0.6358736451893882,0.616314833845507,0.019558811343881155
51,0.6480555028898464,0.635790364715578,0.01226513817426833
52,0.6645082966157777,0.6276146010873324,0.03689369552844535
53,0.6656418957811957,0.6165267869252228,0.04911510885597292
54,0.6448914788839227,0.6314519366388267,0.013439542245096026
55,0.6602164802794722,0.6267353015317392,0.03348117874773304
56,0.6233575957569798,0.6109713763309378,0.012386219426042011
57,0.6439651680217514,0.6382939063506471,0.005671261671104322
58,0.6641264454858183,0.6320987055696413,0.03202773991617702
59,0.6552978740387534,0.6342574712449219,0.02104040279383146
60,0.6444973462337654,0.6362623690887493,0.008234977145016087
61,0.6423148540986751,0.6273878836735088,0.01492697042516622
62,0.6201427786093648,0.6218651471872517,-0.0017223685778868791
63,0.6407883224324765,0.6281506832074037,0.012637639225072772
64,0.6599774822711362,0.63904803909679,0.020929443174346196
65,0.6447440523789645,0.6143392748714215,0.030404777507543
66,0.652631941156769,0.6214371040764833,0.031194837080285698
67,0.6367005345385243,0.6288739129664285,0.007826621572095793
68,0.645874751356994,0.6193328548979441,0.02654189645904992
69,0.64725840284668,0.6394445824024957,0.007813820444184327
70,0.6780969448102704,0.6110043838530975,0.06709256095717286
71,0.6446920895629243,0.6153320775773424,0.029360011985581913
72,0.6421898576796828,0.6254105014301224,0.016779356249560395
73,0.6531823032306093,0.637458087676417,0.015724215554192345
74,0.6532284339184774,0.6258923280073575,0.0273361059111199
75,0.6525116151730312,0.6214742422325559,0.031037372940475372
76,0.6403062154588047,0.629368427319095,0.010937788139709692
77,0.6441346168729135,0.6189677950261104,0.025166821846803078
78,0.6629835140978737,0.6274943034350153,0.03548921066285837
79,0.6467268095156481,0.6210061840091861,0.025720625506462036
80,0.6487741240430144,0.6271696076506355,0.021604516392378925
81,0.6453274315592826,0.6108680143798131,0.03445941717946954
82,0.6496052514609939,0.631560920373156,0.018044331087837873
83,0.6640477099878291,0.6415451746562744,0.022502535331554774
84,0.6387770828820194,0.6055192004487896,0.0332578824332298
85,0.6465832053220724,0.6324452480734398,0.014137957248632538
86,0.6379885853909354,0.6258171877333968,0.012171397657538607
87,0.6295945180146377,0.6239848603912619,0.005609657623375841
88,0.6375341233095329,0.6406421245452028,-0.0031080012356698994
89,0.6414232137888792,0.6320337562149672,0.009389457573912074
90,0.6526975362449933,0.6211544298005776,0.031543106444415714
91,0.6481013448386753,0.6119417865987494,0.03615955823992589
92,0.6483696516825126,0.6282178074176418,0.020151844264870822
93,0.6510056129446001,0.6282762323580954,0.022729380586504755
94,0.6551138987819957,0.6186816381142356,0.036432260667760064
95,0.6353821522435059,0.6276498608358477,0.007732291407658187
96,0.6603652626357152,0.6293624905629396,0.031002772072775575
97,0.6471420335968633,0.6310397067536404,0.01610232684322288
98,0.6479800692740821,0.6267873457336425,0.021192723540439662
99,0.6619851737405487,0.6247569663550397,0.037228207385508916
100,0.6511916284506304,0.6295369759802126,0.021654652470417757
101,0.6689445031130977,0.6268895253810292,0.042054977732068566
102,0.6468961096724437,0.6259050645069183,0.020991045165525413
103,0.6496548234165447,0.6289558573697724,0.020698966046772238
104,0.6477925420297237,0.63146666072051,0.01632588130921364
105,0.6334937289432255,0.615777839772934,0.017715889170291543
106,0.6540629137371777,0.6281518173643627,0.02591109637281508
107,0.6506248878727705,0.6198086091622815,0.030816278710488976
108,0.6561517139897967,0.6350560105473623,0.021095703442434388
109,0.6504836793266809,0.6323245449739588,0.018159134352722095
110,0.6367202689828009,0.6426792933628612,-0.0059590243800603515
111,0.6432147806343402,0.6225780409044605,0.020636739729879783
112,0.6280232527966919,0.5999284066964768,0.028094846100215065
113,0.6481620800089781,0.6178357727602131,0.03032630724876506
114,0.6469259346290898,0.624267918171929,0.022658016457160812
115,0.6524464676643542,0.6393339548886562,0.013112512775698026
116,0.6529196409003485,0.6373237076877655,0.015595933212583013
117,0.6480045522306016,0.6188782269343998,0.02912632529620185
118,0.6542539282947734,0.6256654688208245,0.028588459473948835
119,0.653813422727387,0.6212820350543676,0.03253138767301933
120,0.6434029746281447,0.6312643143701027,0.012138660258042
121,0.639112334868548,0.6195506718886294,0.01956166297991857
122,0.6458901743451865,0.6338636686402151,0.012026505704971324
123,0.639983359539163,0.6218451917881965,0.01813816775096644
124,0.6446010778691341,0.64990255248157,-0.005301474612435908
125,0.6368375622270962,0.6241196745964084,0.012717887630687819
126,0.641409079648125,0.6223406376806369,0.019068441967488137
127,0.651166675502454,0.6223479087828019,0.02881876671965211
128,0.6486096031363561,0.6086492785548553,0.039960324581500783
129,0.6495218793877268,0.6284610596142547,0.021060819773472073
130,0.638861654232392,0.6265690166553204,0.012292637577071663
131,0.6299535281041962,0.6351258267486987,-0.0051722986445024155
132,0.6233409135459158,0.6257919554386138,-0.0024510418926979582
133,0.6414729092402248,0.6240526676027359,0.017420241637488898
134,0.6536306012211973,0.6265800154494575,0.0270505857717398
135,0.6411477948000165,0.634111223722717,0.007036571077299492
136,0.6335113783914003,0.6042162649427234,0.029295113448676857
137,0.6544913748012088,0.6277501278200445,0.026741246981164313
138,0.6320680905786417,0.6245995648275778,0.007468525751063826
139,0.6720895576914714,0.6454508969277304,0.026638660763740996
140,0.6640100121445164,0.6325239225801114,0.03148608956440502
141,0.6439390786994692,0.6175355847283807,0.026403493971088543
142,0.6559716585480029,0.6380007754187731,0.017970883129229787
143,0.6265989858948536,0.6198479342519191,0.006751051642934547
144,0.6501777745914655,0.6194953224852254,0.0306824521062401
145,0.6463708920123542,0.6333452780925158,0.013025613919838364
146,0.6468664062954003,0.6428828272683346,0.003983579027065698
147,0.6486705282769022,0.6285949711220394,0.020075557154862755
148,0.6497493070628785,0.6300288995008243,0.019720407562054176
149,0.6549771293979215,0.6192928779461117,0.03568425145180987
150,0.658774788259847,0.6460830211835612,0.012691767076285831
151,0.6550973478909362,0.6235984456061909,0.03149890228474528
152,0.6579013799247275,0.6226288029098865,0.03527257701484099
153,0.6599836609793482,0.6147246821749022,0.04525897880444607
154,0.6639663048719159,0.6383273678015525,0.025638937070363355
155,0.661292143114168,0.635028248519394,0.026263894594773962
156,0.6464785354724017,0.6226390094763786,0.023839525996023125
157,0.6551244915182561,0.6312749628145967,0.023849528703659417
158,0.6376795546935312,0.6278017910390166,0.009877763654514649
159,0.6457077993436863,0.6149912735676654,0.03071652577602091
160,0.6339660950714315,0.6231023472801276,0.010863747791303946
161,0.6528746712317585,0.6209023713139425,0.031972299917815916
162,0.6482949316685996,0.6346697960878603,0.0136251355807393
163,0.6573704920120508,0.6295378564391739,0.02783263557287685
164,0.6507211974438305,0.6322137584039763,0.01850743903985419
165,0.6411303590578472,0.626896659628246,0.014233699429601177
166,0.6516357264026903,0.6245151580946442,0.0271205683080461
167,0.6580893565505599,0.6291829977758382,0.028906358774721697
168,0.6358693936657885,0.6320716175465345,0.003797776119254026
169,0.6446088122690887,0.6077702882000916,0.036838524068997125
170,0.6379615475342125,0.6321783328278437,0.005783214706368778
171,0.6521188450824372,0.6372436428772722,0.014875202205165028
172,0.6483088273261791,0.629491251096383,0.018817576229796074
173,0.6430408148055512,0.6391369597466493,0.003903855058901895
174,0.653263754697953,0.6290903787890082,0.02417337590894475
175,0.6392445368085229,0.6100850229860653,0.029159513822457628
176,0.640676639680155,0.6053941493789231,0.03528249030123187
177,0.646353967344403,0.6381523821765328,0.008201585167870173
178,0.6454346679383506,0.6300490812908336,0.015385586647516991
179,0.6444249606103262,0.6169122779958309,0.027512682614495243
180,0.646562325895692,0.6312326280710179,0.015329697824674082
181,0.65596290332907,0.6301542390265076,0.025808664302562456
182,0.6564758558112976,0.6046747766473154,0.051801079163982244
183,0.6481565219887877,0.6449636738513215,0.003192848137466231
184,0.627672541838705,0.6138493919531703,0.01382314988553468
185,0.6354232888566901,0.6381211752876204,-0.002697886430930274
186,0.6470327772165235,0.6234319935938478,0.023600783622675703
187,0.6415884677180717,0.6148988151082772,0.0266896526097945
188,0.6297701060100729,0.6160575438654943,0.01371256214457861
189,0.6614267388569529,0.6341267656089428,0.027299973248010145
190,0.6429190141060981,0.6115255265068706,0.03139348759922744
191,0.6610626324059274,0.6370179314889053,0.024044700917022155
192,0.639416409393384,0.6304820202413874,0.008934389151996514
193,0.6517021751954789,0.6230281272678369,0.028674047927642055
194,0.6465764621439823,0.6153262429474674,0.03125021919651494
195,0.6565668608115512,0.6292083048127929,0.02735855599875836
196,0.6493466545144114,0.6338307783154972,0.015515876198914258
197,0.6451869417349844,0.6221380366083973,0.023048905126587083
198,0.6471605325717129,0.6338181180411216,0.013342414530591262
199,0.6373849774498944,0.6264575372559257,0.01092744019396874
200,0.6431598509885217,0.6216745818989818,0.02148526908953985
201,0.664218302507078,0.6265747067873172,0.037643595719760836
202,0.6448568120543163,0.612737407762421,0.032119404291895304
203,0.6524452233935153,0.6292031134594823,0.023242109934032973
204,0.6526112003849455,0.6370264929318242,0.015584707453121238
205,0.6443085712757618,0.6227824892188006,0.02152608205696116
206,0.6457992173104569,0.634530710455085,0.01126850685537184
207,0.6362858820661065,0.6186539420955928,0.01763193997051371
208,0.6278203518080653,0.60747555564763,0.020344796160435275
209,0.6533662246387651,0.6255522844972848,0.02781394014148031
210,0.6556018496966994,0.638314623822621,0.017287225874078382
211,0.6428838713365176,0.6356381520057014,0.007245719330816192
212,0.6609178864162403,0.6365630781303293,0.024354808285910967
213,0.6486909148402666,0.6327549614801709,0.01593595336009579
214,0.6485472194091519,0.6222711794133797,0.026276039995772216
215,0.6470434917912008,0.6272528143581648,0.019790677433035975
216,0.6463659632382469,0.6395821621165547,0.00678380112169219
217,0.6377219486820511,0.6197392286504049,0.01798272003164625
218,0.6299984377740436,0.6228929306510355,0.00710550712300817
219,0.6287566709606937,0.6200506823005115,0.008705988660182129
220,0.647000857139303,0.6246170161613978,0.022383840977905245
221,0.6368371040357848,0.6238274033453087,0.013009700690476023
222,0.6415506273761226,0.6279850478273522,0.013565579548770357
223,0.634661887095874,0.6221524651695711,0.012509421926302888
224,0.6558231376353821,0.6263842438771561,0.02943889375822606
225,0.6561931724614721,0.6214880717609145,0.034705100700557656
226,0.6538704112202439,0.6218855200190212,0.03198489120122272
227,0.651057365245323,0.6212771028860994,0.029780262359223597
228,0.6267381476968542,0.6058733243831123,0.020864823313741954
229,0.6363904903330799,0.6079763237799337,0.028414166553146214
230,0.6584993796063593,0.6248927300679699,0.03360664953838943
231,0.6515016620431208,0.6349632815156706,0.01653838052745016
232,0.6434204206852528,0.6453985840986594,-0.0019781634134065085
233,0.6372781680067349,0.6178003047622214,0.019477863244513505
234,0.6452719974604807,0.6365819390454269,0.00869005841505377
235,0.6488347094259482,0.6188419959988464,0.029992713427101858
236,0.6419800355568124,0.6263383863080798,0.01564164924873257
237,0.6504788281987128,0.6141659991409049,0.03631282905780797
238,0.6521389224365359,0.6311307059420155,0.02100821649452045
239,0.67641978164948,0.6183788887329515,0.058040892916528475
240,0.6566852343960456,0.6274702797192203,0.029214954676825333
241,0.6455019793324263,0.6401164983050083,0.005385481027417982
242,0.6455933497285232,0.6165903604544284,0.029002989274094837
243,0.6444170523025575,0.6248440832706711,0.019572969031886434
244,0.6491586490197641,0.6302003585638752,0.018958290455888815
245,0.6537919204428011,0.6275328194500401,0.026259100992760964
246,0.639710855045638,0.6245242844650538,0.015186570580584147
247,0.6470373358280358,0.6369023022124933,0.010135033615542466
248,0.6540821082498458,0.6340595459595263,0.020022562290319512
249,0.6456325939738704,0.6306277664173068,0.015004827556563627
250,0.6525319679812261,0.6231522784640823,0.02937968951714387
251,0.6343517461564362,0.6301253348609067,0.004226411295529475
252,0.6462893685288879,0.6228785469014437,0.023410821627444123
253,0.6541885579398784,0.6397040668170733,0.014484491122805143
254,0.6330464353275495,0.6285853403954959,0.0044610949320536
255,0.6414666821620106,0.6287219454790525,0.012744736682958169
256,0.6477281238911624,0.6192663929514638,0.028461730939698615
257,0.6569548435179361,0.6286444201284197,0.028310423389516393
258,0.6486868713192564,0.6093034688266806,0.03938340249257577
259,0.6525180857992826,0.6301426655959534,0.022375420203329166
260,0.6333644212696391,0.621022608507482,0.012341812762157067
261,0.6748571257866387,0.6439727797024398,0.030884346084198877
262,0.6476898024960208,0.6352122789946516,0.012477523501369214
263,0.6604300704005692,0.628081841206635,0.03234822919393421
264,0.6293581198843354,0.633400291931888,-0.004042172047552528
265,0.6283419354807197,0.62845702644669,-0.00011509096597028812
266,0.6636724027248833,0.6234323185102111,0.04024008421467218
267,0.641452564040227,0.6479810446195154,-0.006528480579288454
268,0.6333344215914382,0.6237552810675845,0.009579140523853669
269,0.6521641061015294,0.6263332085770094,0.025830897524520058
270,0.6510536202909893,0.6313126481358209,0.019740972155168457
271,0.6474792797088339,0.6184063094314401,0.02907297027739375
272,0.6408859228283734,0.6272033704881722,0.013682552340201215
273,0.6551121640309828,0.6313312713501839,0.02378089268079897
274,0.6534370608369308,0.6290254404959862,0.024411620340944573
275,0.6497314900921233,0.6221047407754584,0.027626749316664867
276,0.6474275760153398,0.6226272770527705,0.0248002989625693
277,0.6798557382329333,0.6386834641679399,0.041172274064993464
278,0.6432703859043035,0.6176074471559309,0.025662938748372666
279,0.6701403293270177,0.6308493273290506,0.03929100199796709
280,0.6317846992708794,0.6222688559901256,0.009515843280753833
281,0.6454592738969622,0.6194514521106556,0.026007821786306673
282,0.6441654321773682,0.6272385296627759,0.01692690251459228
283,0.648255066698478,0.6321853411225856,0.01606972557589237
284,0.662750208893177,0.6187754854120414,0.043974723481135625
285,0.6496394833185154,0.6384841834662397,0.011155299852275702
286,0.6397796146039898,0.6412741693973514,-0.00149455479336158
287,0.6367118424028532,0.6334002226617189,0.003311619741134253
288,0.6428358677941679,0.6184150188282774,0.024420848965890474
289,0.6407940778090538,0.6226929653918253,0.01810111241722856
290,0.6587239507577843,0.6326346900482663,0.026089260709518003
291,0.6494239830399697,0.6348112511695806,0.01461273187038914
292,0.6437222009593938,0.6359909957927705,0.0077312051666232895
293,0.6415430762841067,0.6249508405926535,0.016592235691453183
294,0.6602742706589467,0.6303523975237866,0.02992187313516015
295,0.6501671753367124,0.6321925200935326,0.01797465524317987
296,0.6391112873696806,0.6321384026441501,0.0069728847255304816
297,0.6459132536447862,0.653637768327439,-0.007724514682652783
298,0.6423011140186088,0.618626607728023,0.02367450629058576
299,0.6468218282514705,0.6277445310586728,0.019077297192797715
300,0.653734039818175,0.6402116339998422,0.013522405818332861
301,0.6391400382176636,0.6271003553632769,0.012039682854386724
302,0.6632503725599527,0.6380113437739399,0.025239028786012807
303,0.6486434372738382,0.6234653388622236,0.02517809841161467
304,0.6658020731810524,0.6335898122886586,0.03221226089239382
305,0.6614484040962593,0.6248814132505621,0.036566990845697145
306,0.6236686367465962,0.6169821986327219,0.006686438113874371
307,0.6558929624012398,0.6403455442500761,0.015547418151163783
308,0.6504188064289246,0.6148586512773174,0.03556015515160715
309,0.6539405577147187,0.6390621668471717,0.014878390867547053
310,0.642566896779787,0.6228879816896554,0.019678915090131532
311,0.6621059302106785,0.6316482517141787,0.03045767849649983
312,0.6571389805717687,0.6374897223514712,0.019649258220297505
313,0.6448994844675296,0.630118597378078,0.014780887089451689
314,0.6549438299236668,0.625473796924421,0.029470032999245888
315,0.6498645241523793,0.6521973700652107,-0.0023328459128314494
316,0.6310984711221002,0.6267955219610158,0.004302949161084313
317,0.6464664122964549,0.640118147141785,0.006348265154669797
318,0.6522051906705665,0.6398860784289663,0.012319112241600205
319,0.6416654989108582,0.623527356789556,0.01813814212130227
320,0.6618082367076689,0.6509547001953622,0.010853536512306694
321,0.6532743420255221,0.6144098307979462,0.03886451122757595
322,0.6535676014553836,0.6340211028947315,0.01954649856065216
323,0.64028868333968,0.6153503063466118,0.024938376993068223
324,0.652082618270035,0.63379167282502,0.018290945445014972
325,0.6611834708570973,0.639015733055677,0.02216773780142023
326,0.652120286652298,0.6337544384511277,0.018365848201170376
327,0.6509918022140885,0.6228179284389264,0.028173873775162117
328,0.654377251851275,0.6279884846475264,0.02638876720374861
329,0.6542507789011547,0.6271848289995124,0.02706594990164224
330,0.6610164930662359,0.6303534551346425,0.030663037931593418
331,0.6469323116683573,0.6168667067184509,0.0300656049499064
332,0.6459744852399552,0.6320392810847042,0.013935204155250958
333,0.6494488048299246,0.6271200928320211,0.02232871199790354
334,0.6476393003502442,0.6099251718287272,0.03771412852151701
335,0.6374244739886835,0.6198768364691198,0.017547637519563675
336,0.6318676615478991,0.6251625392215265,0.006705122326372548
337,0.6563756387837428,0.6165635758858254,0.03981206289791739
338,0.6510213518197051,0.6374952785922346,0.013526073227470459
339,0.6487463714601001,0.6217859730298213,0.026960398430278754
340,0.6600517002183791,0.6314734038165976,0.028578296401781556
341,0.649761243511194,0.6078511543801108,0.041910089131083184
342,0.661010080103277,0.6396155169001988,0.0213945632030782
343,0.6555548844125442,0.633675099496791,0.021879784915753153
344,0.656825187734689,0.638603470365054,0.01822171736963496
345,0.628270783802846,0.6214033854960176,0.006867398306828365
346,0.6512165269334017,0.615134264312128,0.036082262621273675
347,0.6369084238858195,0.6248681939034462,0.012040229982373307
348,0.6412973666777331,0.6232498734627271,0.018047493215005983
349,0.6529945828687822,0.6179392779383832,0.03505530493039899
350,0.6451792995563338,0.6519405170748123,-0.006761217518478468
351,0.6579773069569698,0.6238716228816701,0.03410568407529968
352,0.6464577940543944,0.6433111736293372,0.0031466204250572005
353,0.6439643717658519,0.6228459628902449,0.02111840887560701
354,0.6452791553580522,0.6327210241320486,0.012558131226003688
355,0.6591838001929747,0.6288791486528452,0.030304651540129512
356,0.6577467228032051,0.6267473487244682,0.030999374078736874
357,0.657980383705198,0.6304115595695697,0.027568824135628223
358,0.643411398514914,0.6304868674403048,0.012924531074609225
359,0.6457989331632286,0.6317762151549019,0.014022718008326662
360,0.6363978854068256,0.6256432405050081,0.010754644901817545
361,0.648887400637966,0.6215451260787306,0.027342274559235435
362,0.6525123238151113,0.6449745457591985,0.007537778055912714
363,0.6668967226289132,0.6327333459056744,0.03416337672323877
364,0.6430381361242034,0.6203929027960262,0.02264523332817714
365,0.6447251405507478,0.6308290615430431,0.013896079007704731
366,0.6484625796555092,0.6074648199747137,0.040997759680795554
367,0.6628199984817257,0.646043195547111,0.0167768029346147
368,0.6450648635498222,0.6310496252434613,0.014015238306360867
369,0.6543904989027948,0.6252670729615735,0.029123425941221304
370,0.6785987467273996,0.6458949774347084,0.032703769292691254
371,0.6291514534031181,0.621678421938369,0.007473031464749091
372,0.66467320786367,0.6379817288770844,0.026691478986585637
373,0.6549985749447531,0.6308837380201419,0.02411483692461125
374,0.6316504020418682,0.6208746770804389,0.010775724961429312
375,0.6516193733875296,0.6324837983048944,0.019135575082635192
376,0.662291813416489,0.6353661623503265,0.026925651066162515
377,0.6364843413475916,0.6168004686877787,0.019683872659812862
378,0.6210797795272952,0.622844727545861,-0.0017649480185657485
379,0.6633809832224812,0.6327028257831553,0.030678157439325893
380,0.649200051570095,0.6236574144585432,0.025542637111551802
381,0.6401405459494028,0.6218647617221816,0.018275784227221203
382,0.6305247521815888,0.6138126863841628,0.016712065797426012
383,0.6649807437155758,0.6214482329630532,0.043532510752522624
384,0.6559994372172876,0.6368701806836861,0.019129256533601535
385,0.6495765308930471,0.6134471549052919,0.03612937598775523
386,0.6337445423341911,0.6122617734977601,0.021482768836430965
387,0.6458000155271385,0.619931632901273,0.02586838262586555
388,0.6304356785016118,0.625291783483594,0.005143895018017708
389,0.6360672200058867,0.6295291457380814,0.006538074267805283
390,0.6335300115719997,0.6230698877866744,0.010460123785325348
391,0.6482964904339972,0.623499900330417,0.02479659010358015
392,0.658684983869985,0.6172438901625764,0.04144109370740856
393,0.6371468440319511,0.6248114054612767,0.012335438570674429
394,0.633953841590727,0.625238985384756,0.008714856205971011
395,0.6567249898184462,0.6287585531921164,0.027966436626329805
396,0.674384702888851,0.6418817738276968,0.03250292906115415
397,0.6575782415789813,0.6308457607933772,0.026732480785604085
398,0.641455069523179,0.6240644902361513,0.017390579287027697
399,0.6416723793229361,0.6338026167509024,0.007869762572033645
400,0.6538509944604051,0.6296727394502938,0.024178255010111283
401,0.6360957331304579,0.619657684946841,0.016438048183616827
402,0.6468951378771274,0.6339599695302908,0.012935168346836612
403,0.6654868363968789,0.6375117632553694,0.027975073141509488
404,0.6327674493724605,0.612543055491183,0.020224393881277503
405,0.640569246709772,0.6252815595694419,0.01528768714033013
406,0.6331120629397425,0.6353438671339734,-0.0022318041942308575
407,0.6437908305007193,0.6282183083478887,0.015572522152830559
408,0.6479770446330497,0.6110880521324866,0.0368889925005631
409,0.6523303527185703,0.6439429607710516,0.008387391947518696
410,0.6410129100448632,0.6281828127007784,0.012830097344084801
411,0.6539820624045666,0.6335818087069702,0.02040025369759635
412,0.6500661401637088,0.6377386819034815,0.012327458260227298
413,0.6435925208499048,0.6459634244371598,-0.002370903587255002
414,0.6511180496489647,0.6319745531884601,0.019143496460504617
415,0.6707804083942563,0.6304631223844427,0.04031728600981366
416,0.667728132107625,0.633033945036906,0.03469418707071903
417,0.6490280179125137,0.6210106768783259,0.028017341034187848
418,0.6354559458955761,0.6193577368650676,0.016098209030508515
419,0.6617774801791768,0.6294237679259226,0.03235371225325423
420,0.6533836988729612,0.6251737526390353,0.02820994623392592
421,0.6476755178233088,0.619021190417468,0.02865432740584084
422,0.6347532968458595,0.6235746787452962,0.011178618100563309
423,0.6579992518225148,0.6168627775737209,0.041136474248793964
424,0.6455664503512383,0.6330460224947303,0.012520427856507976
425,0.649912831241386,0.6331001059105595,0.01681272533082645
426,0.6428044190578738,0.6272324833977054,0.015571935660168346
427,0.6435310243403803,0.6241703627080321,0.019360661632348286
428,0.6483713339705762,0.6299736821359536,0.018397651834622608
429,0.6466103068323545,0.6242819420492421,0.022328364783112398
430,0.6734224560060471,0.6423615601104086,0.03106089589563854
431,0.639030175545184,0.6267251529092551,0.01230502263592892
432,0.6543742367799407,0.632027042401678,0.022347194378262714
433,0.649445725249153,0.6276604232232269,0.0217853020259261
434,0.656493008768251,0.6294273110925421,0.027065697675708877
435,0.6363918714886435,0.6272328910609231,0.009158980427720453
436,0.6507211190860525,0.6209228244899676,0.02979829459608485
437,0.6486324925427861,0.6121402015228699,0.036492291019916245
438,0.6644959791159258,0.6318246505500764,0.03267132856584942
439,0.6517353396414,0.6285031788631905,0.023232160778209443
440,0.6569235502129255,0.6285043356524812,0.028419214560444273
441,0.643811195525971,0.6312999377334659,0.01251125779250506
442,0.6344432950195836,0.6070856678344528,0.027357627185130795
443,0.6376581377338141,0.6435709597739503,-0.005912822040136212
444,0.6477799123221716,0.6366022841742235,0.011177628147948093
445,0.6462103473822959,0.6186651949288288,0.027545152453467114
446,0.6413385867658151,0.6289824343060925,0.012356152459722658
447,0.6361489446934449,0.6147550524302369,0.02139389226320798
448,0.6266790863828519,0.6096643895667183,0.017014696816133545
449,0.6562714674959964,0.6357018253722172,0.020569642123779208
450,0.6553998851262725,0.6337975409825881,0.021602344143684338
451,0.6359474201874863,0.632122227078784,0.0038251931087023294
452,0.6418051212463088,0.6336998140555598,0.00810530719074909
453,0.6562626772801293,0.6223582766629133,0.033904400617216
454,0.6485702260006171,0.6203471309959808,0.028223095004636267
455,0.6407841151686783,0.6175124642090476,0.023271650959630685
456,0.6485301590882427,0.6042386966172967,0.044291462470946064
457,0.6534576812061291,0.6380142609717383,0.015443420234390826
458,0.64016922939139,0.6318941233097942,0.008275106081595762
459,0.6551072198662632,0.6329737968690087,0.022133422997254515
460,0.6492202581330215,0.618983732838671,0.030236525294350503
461,0.6577052714374778,0.6303295287126746,0.027375742724803254
462,0.6358212012429727,0.6238659541221687,0.01195524712080398
463,0.6473763659246193,0.6439616363507138,0.0034147295739055394
464,0.6545546407594284,0.6276246772478435,0.02692996351158483
465,0.6547393338564472,0.6157793506584132,0.038959983198034065
466,0.6617362663453471,0.6518957502195751,0.00984051612577197
467,0.6325035179256625,0.6245248295556908,0.007978688369971731
468,0.6359686973377054,0.6216887652680684,0.014279932069637069
469,0.6554935986205758,0.6424046198119294,0.013088978808646345
470,0.6410940115747813,0.6352838152398902,0.0058101963348911045
471,0.6413260045724859,0.6204416697071398,0.020884334865346132
472,0.6583886055143324,0.6378679716297465,0.020520633884585915
473,0.6370413872248948,0.6152808010876111,0.02176058613728371
474,0.6490576006175512,0.6370443276573785,0.012013272960172738
475,0.6411134009458295,0.6308294041563879,0.010283996789441585
476,0.6548685390513579,0.619824271213688,0.035044267837669896
477,0.6320509956645318,0.6314787686930907,0.0005722269714411032
478,0.649177029185766,0.6312121453839504,0.0179648838018156
479,0.6755981801802857,0.6236805169160639,0.05191766326422187
480,0.6501964397445671,0.6383819682028383,0.011814471541728766
481,0.6360715019306359,0.6350699031397115,0.0010015987909244295
482,0.654962077810188,0.6180644294977345,0.03689764831245346
483,0.658966682495199,0.642241029799478,0.016725652695721016
484,0.6547384538444048,0.6296733011716941,0.0250651526727107
485,0.6439862689424504,0.6318749432120921,0.012111325730358224
486,0.6293402570539451,0.6216497620333478,0.0076904950205973766
487,0.643952452721467,0.6355109947207335,0.008441458000733482
488,0.6340318188447912,0.6283770366371757,0.005654782207615505
489,0.6515429716229381,0.5984236823718367,0.05311928925110132
490,0.6588442392391108,0.6260851519586289,0.032759087280481936
491,0.6503178041686005,0.6207467551873925,0.029571048981207992
492,0.6476279549560845,0.6248283884554561,0.02279956650062842
493,0.660465294199955,0.635259636135645,0.025205658064310077
494,0.6600726572581636,0.6196220960401296,0.04045056121803392
495,0.6420570864375418,0.6392908538270131,0.0027662326105286628
496,0.658139819813192,0.630270441932354,0.027869377880837987
497,0.6567971351318146,0.6351087561075291,0.021688379024285442
498,0.6559901454100462,0.6287933400399869,0.027196805370059307
499,0.652950145887489,0.630806392750344,0.022143753137145006
500,0.6531448824626424,0.6469749628799711,0.006169919582671213
501,0.6430081811979493,0.6302960399473666,0.012712141250582731
502,0.6418795353126429,0.6209162247279183,0.02096331058472456
503,0.6548676523020837,0.6279639782760705,0.026903674026013125
504,0.6400699072408595,0.6206740339528096,0.019395873288049925
505,0.6501015240041038,0.6408319902854624,0.009269533718641365
506,0.6408582783478808,0.6426472690665911,-0.0017889907187103038
507,0.6653083480857185,0.6199711158588892,0.04533723222682928
508,0.6449682906365609,0.6217740524207916,0.02319423821576927
509,0.6699171370264829,0.6323876322837805,0.037529504742702446
510,0.6299593623198493,0.6178815902757248,0.012077772044124524
511,0.6498916479015135,0.6289292395154881,0.020962408386025477
512,0.6516642577042363,0.6226694551103286,0.028994802593907743
513,0.6662729411722218,0.6234188994978819,0.04285404167433993
514,0.6673404458385089,0.638546283677068,0.028794162161440928
515,0.663350899451756,0.6408458120099063,0.022505087441849647
516,0.6534716098860439,0.640005931392461,0.013465678493582933
517,0.6514255235794381,0.6176371724025437,0.03378835117689438
518,0.6414619321962117,0.628322192352183,0.01313973984402872
519,0.6682372222132523,0.6184953401156209,0.04974188209763142
520,0.6745621632615734,0.6406621107920452,0.03390005246952821
521,0.6487909401064337,0.6282410349432959,0.020549905163137816
522,0.6495674684229837,0.6323821480697233,0.01718532035326048
523,0.6520359873064864,0.6269675640930438,0.025068423213442603
524,0.6514827142343343,0.6139324457839422,0.03755026845039211
525,0.6461369762451754,0.622454042932525,0.023682933312650367
526,0.6583784872245734,0.6282702658725121,0.03010822135206126
527,0.6372004891692645,0.6311748972163456,0.006025591952918963
528,0.6310628996831124,0.6393164549828375,-0.008253555299725157
529,0.6530854976603492,0.6218777716448988,0.03120772601545041
530,0.6469679231803761,0.6275241563230085,0.019443766857367595
531,0.64544069235874,0.6156400931137042,0.029800599245035864
532,0.6439760861577738,0.6316710717854656,0.012305014372308243
533,0.6532740072687199,0.6246469032489913,0.028627104019728566
534,0.6518388387154919,0.6256552718056931,0.026183566909798728
535,0.6422333074636435,0.6292380283448481,0.012995279118795389
536,0.6488788671622014,0.6285614114140342,0.020317455748167235
537,0.6556766786766252,0.6434591365082524,0.012217542168372786
538,0.6700145273393844,0.6210934070481429,0.048921120291241516
539,0.6443245275514343,0.6305842641877925,0.01374026336364187
540,0.655676395501889,0.628104544970402,0.02757185053148703
541,0.6499534036000892,0.6187930812429169,0.031160322357172365
542,0.6382065033228481,0.6353962053042922,0.0028102980185559234
543,0.6440549758735751,0.6341774071171256,0.009877568756449517
544,0.6479020715497351,0.6263288205469418,0.02157325100279328
545,0.6420529617676124,0.6290822441783759,0.012970717589236513
546,0.6472901426777825,0.6163700611289342,0.03092008154884829
547,0.6349991113889103,0.6200464424027241,0.01495266898618619
548,0.6437475082657236,0.6330002193479779,0.010747288917745679
549,0.62819365732249,0.6113278661206294,0.016865791201860603
550,0.6409975957026538,0.623073462979575,0.0179241327230788
551,0.6478243647627034,0.6360632912418624,0.011761073520840992
552,0.6533785993313924,0.6201510194914142,0.03322757983997826
553,0.6354220397097948,0.6299572425972078,0.005464797112587072
554,0.6414057137901371,0.6390631358626679,0.0023425779274691694
555,0.6503123729621604,0.619352763658786,0.03095960930337438
556,0.6376998157059098,0.626021487769399,0.011678327936510802
557,0.6385209982930388,0.6148282981291414,0.02369270016389735
558,0.6420775042318131,0.6134096532886791,0.028667850943133955
559,0.6359891988204858,0.6283337285767806,0.007655470243705165
560,0.6303414881540212,0.6157028302379278,0.014638657916093423
561,0.6291024169477867,0.6090869936321378,0.020015423315648873
562,0.6538381092732114,0.6219780568471517,0.031860052426059715
563,0.6572794097236229,0.6257209260803366,0.031558483643286284
564,0.6382413603996778,0.6208267232874324,0.017414637112245446
565,0.6704127772739655,0.6255077245569977,0.044905052716967875
566,0.661173451793093,0.6324389269917399,0.02873452480135308
567,0.6531253045230335,0.6289030988091356,0.024222205713897882
568,0.6314701739190333,0.6274971802180672,0.003972993700966043
569,0.6375668122774808,0.6214975412132541,0.01606927106422673
570,0.6572631470850493,0.6338551808197761,0.023407966265273195
571,0.6613559891662966,0.6093791894163526,0.05197679974994396
572,0.6330264296098779,0.6301315568490723,0.002894872760805578
573,0.6591494290115055,0.6302671918271119,0.028882237184393644
574,0.6613676012670863,0.632541037935051,0.02882656333203526
575,0.6584062260482766,0.6279302366188187,0.03047598942945784
576,0.6630909476355393,0.6291479720310365,0.03394297560450288
577,0.6507732686474814,0.6210824771107041,0.02969079153677734
578,0.6452908531894131,0.6374652132647087,0.00782563992470442
579,0.6360237691256113,0.6273496842154268,0.00867408491018451
580,0.665017337379033,0.6203820003928023,0.04463533698623068
581,0.6399821196867972,0.6117970249021124,0.028185094784684783
582,0.6393197976731919,0.619183486664462,0.020136311008729924
583,0.6433717351213984,0.6172037466734351,0.02616798844796331
584,0.6468769568589591,0.6295662288857543,0.017310727973204765
585,0.6283412512066965,0.6183299084921419,0.010011342714554616
586,0.6567937022303484,0.6254201656131337,0.03137353661721465
587,0.6431355206098345,0.620652544367153,0.022482976242681474
588,0.6344886151864425,0.6033999643242021,0.03108865086224044
589,0.6514525348087555,0.6178740501330164,0.033578484675739095
590,0.651231670698603,0.6161491401882048,0.035082530510398224
591,0.6513151662144591,0.6182340787548858,0.03308108745957328
592,0.6436689727933348,0.6316006365742097,0.012068336219125064
593,0.6590012251979053,0.6339804711002974,0.025020754097607845
594,0.6488486026146993,0.6312936108084108,0.0175549918062885
595,0.6396119275929756,0.6159541294516746,0.02365779814130098
596,0.652735315502348,0.6191361215042418,0.03359919399810618
597,0.6458249370753943,0.6371327448295245,0.008692192245869812
598,0.6534294296540055,0.6267460723618714,0.026683357292134113
599,0.642507878994195,0.6329466734930916,0.009561205501103398
600,0.6628761293777786,0.6365896975265336,0.026286431851245018
601,0.6434793890298955,0.6255229665297258,0.01795642250016971
602,0.6591604380745971,0.6297943832225212,0.029366054852075885
603,0.6411976611327999,0.6263275290237791,0.014870132109020773
604,0.652614083157553,0.6180640043261639,0.03455007883138905
605,0.6427571924946108,0.6314258775488153,0.011331314945795534
606,0.6493084338831133,0.6310441668749035,0.018264267008209822
607,0.6441781962041766,0.6261702681777801,0.018007928026396502
608,0.6633694423827806,0.6349766709826096,0.028392771400171046
609,0.6537490850157394,0.6273888612418789,0.02636022377386049
610,0.6602751265556899,0.6326668422907825,0.027608284264907357
611,0.6539437109938481,0.6393508147465874,0.014592896247260678
612,0.6361922134659898,0.6113952375732312,0.024796975892758533
613,0.6439220285194488,0.6113132237666705,0.032608804752778275
614,0.6397005093629158,0.6337823219462843,0.005918187416631526
615,0.662011756807828,0.6267225584060991,0.03528919840172884
616,0.6463787276663688,0.6200368532564953,0.026341874409873567
617,0.6223965196444724,0.6371745138632396,-0.014777994218767243
618,0.6436033208213053,0.6269030447857653,0.01670027603554003
619,0.6320629471507638,0.6152998309871377,0.016763116163626135
620,0.6621780503938296,0.6296644844101226,0.03251356598370703
621,0.6559071648050613,0.6274770824852569,0.028430082319804373
622,0.6460241436077264,0.6381808514106769,0.00784329219704949
623,0.6516203645455322,0.6369538099154531,0.014666554630079043
624,0.6410947114830924,0.6250993593058961,0.015995352177196276
625,0.6571489214738965,0.6295116145529361,0.027637306920960336
626,0.637144863276209,0.6285458895400717,0.008598973736137272
627,0.6436668781187566,0.6268326794462874,0.01683419867246916
628,0.6436963562914914,0.6172715141526167,0.026424842138874638
629,0.6558602521050002,0.6288300948607571,0.02703015724424307
630,0.6338795214077658,0.6269968842085739,0.00688263719919191
631,0.6500458503827391,0.6278196488434662,0.022226201539272905
632,0.6419705824205232,0.6328462888087515,0.009124293611771694
633,0.6432265614007397,0.6266022479692555,0.016624313431484294
634,0.6334129272821073,0.6300366046856869,0.0033763225964204002
635,0.6401296817092276,0.6384176123410384,0.0017120693681891286
636,0.6570914671811127,0.639243870324869,0.017847596856243708
637,0.6393463830469825,0.6307494642132736,0.008596918833708944
638,0.6582145846581109,0.6358499969993736,0.02236458765873728
639,0.6524566703532423,0.6298624882220781,0.022594182131164153
640,0.6519046760118902,0.6305070965049059,0.021397579506984288
641,0.6589187990579174,0.6463349435826441,0.012583855475273298
642,0.636606619245943,0.6259283938487816,0.010678225397161345
643,0.672903232761327,0.6496392977615401,0.02326393499978696
644,0.6378228057963263,0.6153619177600458,0.022460888036280546
645,0.625236188667335,0.6179368708109418,0.0072993178563931504
646,0.6538728653423425,0.637870810009984,0.016002055332358434
647,0.6616930811413453,0.6256795070337948,0.03601357410755046
648,0.6458834700162585,0.627898201713957,0.017985268302301405
649,0.636711088744392,0.6165654511392599,0.020145637605132105
650,0.6575220002267889,0.6498386902232495,0.00768331000353939
651,0.6501488332100173,0.6402168261589906,0.009932007051026703
652,0.6459731953997329,0.6384670922135111,0.007506103186221802
653,0.6445516491036115,0.638637262639648,0.0059143864639634725
654,0.6565664733131782,0.6271346145111675,0.029431858802010713
655,0.6499866458783247,0.6298255021418846,0.020161143736440068
656,0.6438519447476541,0.6148455991366911,0.029006345610962936
657,0.6408381239744498,0.6253591842161986,0.015478939758251209
658,0.6248291863756218,0.6194104568545087,0.005418729521113108
659,0.65410999187621,0.6365081576945647,0.017601834181645293
660,0.6430728845619123,0.613961024588539,0.02911185997337329
661,0.6466284398493306,0.6268700027416135,0.019758437107717075
662,0.657954648681878,0.6322676027300255,0.02568704595185256
663,0.6501681742870908,0.6323166402465388,0.017851534040552064
664,0.6251610491418413,0.613703893644026,0.011457155497815341
665,0.6291047662883652,0.6252514097264973,0.0038533565618679155
666,0.6490487680796723,0.6361077017094923,0.012941066370179999
667,0.6505144303034962,0.6302821316957632,0.020232298607733012
668,0.6499446865164072,0.6240197771011841,0.025924909415223185
669,0.6479559943304071,0.6167672530848958,0.031188741245511298
670,0.6498455187540803,0.6211040843154233,0.028741434438656954
671,0.6306049494650686,0.6206228442426092,0.009982105222459459
672,0.6453493523621052,0.6159390043198285,0.029410348042276713
673,0.65265201238669,0.6388309583476667,0.01382105403902334
674,0.6253212703909596,0.6306371994586705,-0.005315929067710834
675,0.6605247300437215,0.6447688350798825,0.015755894963839
676,0.6378974845515707,0.6331019807005172,0.00479550385105354
677,0.6438312229898316,0.6132364150094145,0.030594807980417138
678,0.6367638281501704,0.6179998776959295,0.018763950454240952
679,0.6537292329886485,0.6275700559424605,0.026159177046187976
680,0.6467701679143568,0.6176949206067864,0.029075247307570384
681,0.6576913069783178,0.6341018541326261,0.023589452845691694
682,0.647593785024487,0.6368395192078934,0.010754265816593556
683,0.6415211720087278,0.6262030434435045,0.015318128565223299
684,0.6535516896211457,0.6359904759766818,0.017561213644463947
685,0.6599324619818575,0.617271860649388,0.04266060133246952
686,0.6542395746406218,0.625305959492443,0.028933615148178715
687,0.6642441452563222,0.6470790117579233,0.017165133498398988
688,0.6431954279663946,0.6073751110001124,0.035820316966282184
689,0.6403995045639544,0.6096918742440052,0.030707630319949275
690,0.660723418103625,0.625885193023338,0.034838225080287
691,0.657011386430875,0.627007218217615,0.03000416821326002
692,0.6460259199841433,0.6191316750824561,0.026894244901687125
693,0.6463091403752291,0.6178941161810675,0.028415024194161642
694,0.6473798741498998,0.6256842648491004,0.02169560930079939
695,0.6341623771910232,0.6415468229413376,-0.0073844457503143834
696,0.6522275816607334,0.6285922597150189,0.023635321945714494
697,0.6581136565280644,0.641509666145797,0.016603990382267453
698,0.6544019548348358,0.6333752360058075,0.02102671882902829
699,0.6563061102420406,0.6338979150261305,0.022408195215910087
700,0.6525978120204677,0.6400355132040597,0.012562298816408024
701,0.6379775412941203,0.616570693100025,0.02140684819409533
702,0.6585331496617106,0.6280057340272358,0.030527415634474808
703,0.6496200681525729,0.6194338296975318,0.030186238455041092
704,0.6422778138476161,0.6228637955921266,0.019414018255489496
705,0.6412512014173862,0.636640875893797,0.004610325523589198
706,0.6556925510127547,0.6220177674116326,0.03367478360112208
707,0.65660656950155,0.6319539037680144,0.02465266573353564
708,0.6447152051753181,0.6131474615316974,0.031567743643620694
709,0.641348931126403,0.6254111667101622,0.01593776441624084
710,0.6558269265607318,0.6367124119662645,0.019114514594467336
711,0.6387910575485395,0.6260738561353499,0.01271720141318955
712,0.6503806593007725,0.6293755422008757,0.02100511709989683
713,0.6458280311171501,0.6242077367826808,0.021620294334469325
714,0.6442897805148701,0.6219934432231767,0.022296337291693336
715,0.6485552127589645,0.6368829425271858,0.011672270231778747
716,0.6500637667670776,0.6406420242834907,0.009421742483586848
717,0.6471750001923738,0.6441009337737454,0.003074066418628396
718,0.6424374677462265,0.6456170856733304,-0.0031796179271039726
719,0.6573959095542983,0.6164879815319106,0.04090792802238763
720,0.6249622199268113,0.6272589855210685,-0.0022967655942571774
721,0.6574358935899959,0.6256949733846889,0.031740920205306944
722,0.6345275921063778,0.6073735344944607,0.027154057611917026
723,0.6552833071374783,0.62656694488252,0.028716362254958328
724,0.6580796616893206,0.6299373117839061,0.028142349905414532
725,0.636556698253371,0.6191152377382442,0.01744146051512685
726,0.6540622237081035,0.6319771513356449,0.022085072372458603
727,0.6234615936383553,0.625274892266166,-0.0018132986278106555
728,0.6553958649271739,0.6256949164398603,0.02970094848731364
729,0.6376701578803748,0.6422439736662883,-0.0045738157859134265
730,0.6570411300957035,0.6386102450415942,0.01843088505410928
731,0.6587967525273184,0.6347737054398124,0.024023047087506022
732,0.64366083694855,0.617794905955526,0.025865930993024033
733,0.6378222352102637,0.627657711574071,0.01016452363619269
734,0.6381170948682163,0.6199804273320937,0.01813666753612264
735,0.6487953185783245,0.62195819011204,0.0268371284662845
736,0.6609943561199386,0.6365897152338583,0.024404640886080298
737,0.6529151312024367,0.6276780430883596,0.0252370881140771
738,0.665713762013132,0.6237508633116935,0.041962898701438545
739,0.6463986210772135,0.6250811349036294,0.021317486173584088
740,0.6292564696846235,0.6020603394264086,0.02719613025821488
741,0.6570329799922258,0.6353674876660899,0.021665492326135904
742,0.6319730735504855,0.6142061284106354,0.01776694513985011
743,0.6764333456249066,0.6307237064494908,0.04570963917541582
744,0.6430681097476539,0.6218575681820573,0.021210541565596652
745,0.6516203253115764,0.6290105151035841,0.022609810207992354
746,0.6275617087633619,0.6135135576793186,0.014048151084043337
747,0.6584187162843473,0.6328276212536283,0.02559109503071899
748,0.6662445836479953,0.6321191097928863,0.034125473855109
749,0.6495718369601788,0.6379977316810282,0.011574105279150593
750,0.6459422164326857,0.6275353103116635,0.018406906121022137
751,0.6575038025082552,0.623269864381396,0.034233938126859265
752,0.6490522843669968,0.6318570674128168,0.017195216954180026
753,0.6481796217849775,0.6424685377660319,0.0057110840189456
754,0.6774844125399045,0.6420987592497699,0.035385653290134655
755,0.6589826143819828,0.6226632043071936,0.03631941007478923
756,0.6314967560035605,0.6154428659955817,0.016053890007978744
757,0.624694482853612,0.6095473337783915,0.015147149075220412
758,0.6500129344671026,0.6246058302205341,0.025407104246568557
759,0.6451884723437328,0.6280091740174302,0.017179298326302606
760,0.6372027039498389,0.6333217105259656,0.003880993423873269
761,0.645321724989589,0.6145710163162275,0.030750708673361493
762,0.6556540690300712,0.6303818428302247,0.02527222619984648
763,0.6641183558830487,0.6252502709067814,0.03886808497626726
764,0.6596117322687104,0.6103671772645002,0.04924455500421021
765,0.662456123484188,0.6359062179076093,0.02654990557657877
766,0.6450713154227375,0.6222727942169375,0.02279852120580006
767,0.6401727307046441,0.6304845655037826,0.009688165200861465
768,0.6365575674016788,0.6268776483597135,0.009679919041965301
769,0.6604737747539308,0.6309532723963535,0.029520502357577305
770,0.6437612660128815,0.6199867873966113,0.023774478616270245
771,0.6493951772204677,0.630590944208895,0.018804233011572635
772,0.6593855687540746,0.630797763604752,0.028587805149322576
773,0.6490398320992444,0.6364915673915607,0.012548264707683776
774,0.6603400951271386,0.6152704870473179,0.045069608079820744
775,0.6488206748351317,0.6336686001842621,0.015152074650869651
776,0.6300311587267013,0.6177711247216547,0.012260034005046605
777,0.6534969976676835,0.6248505330047988,0.028646464662884785
778,0.6524453133005291,0.6233141022310699,0.029131211069459262
779,0.6546915106028109,0.6220966756336654,0.0325948349691455
780,0.6508099330554913,0.6170414358183651,0.03376849723712616
781,0.6560995204119457,0.6309898103703747,0.02510971004157103
782,0.6477079420152133,0.627457441391939,0.02025050062327427
783,0.6648426457062895,0.6251898399418435,0.039652805764445964
784,0.6409844520738787,0.615573390370302,0.025411061703576654
785,0.6460935466183794,0.6075237801166972,0.0385697665016822
786,0.6502207922456339,0.634232713335891,0.015988078909742853
787,0.6385766888939787,0.6350131884057462,0.003563500488232507
788,0.6444260301762169,0.6259199042617642,0.018506125914452665
789,0.6503014909406833,0.6306979471398441,0.019603543800839285
790,0.6450595545990395,0.6297129209877947,0.015346633611244775
791,0.631217887168054,0.6219700030763998,0.009247884091654224
792,0.639477545198309,0.6055443058083563,0.03393323938995274
793,0.6459848397866342,0.6366359182407071,0.009348921545927147
794,0.6626273596632017,0.6266029364310725,0.03602442323212929
795,0.6666624828964083,0.63553595491608,0.031126527980328333
796,0.6535271496351774,0.6266896087998114,0.026837540835366047
797,0.6606134480538334,0.6199707277446898,0.04064272030914362
798,0.6625578401233793,0.6321998034881777,0.030358036635201535
799,0.6471424240456721,0.6347678700565024,0.012374553989169756
800,0.6339756746893924,0.6285178636342983,0.0054578110550941306
801,0.6457392584756985,0.6278674919394637,0.01787176653623479
802,0.6464641680446803,0.6455278588080627,0.0009363092366175829
803,0.6737409125243116,0.633652230953572,0.040088681570739526
804,0.6505324140765141,0.6361628779913957,0.014369536085118373
805,0.6633379385200139,0.6272649843496588,0.036072954170355054
806,0.6393866623183585,0.6315973512120251,0.0077893111063334075
807,0.6485505679614111,0.614321718807952,0.03422884915345903
808,0.6686116071131325,0.632858874598179,0.03575273251495348
809,0.6610081678799843,0.638367268144477,0.022640899735507314
810,0.6571946101758769,0.6358962363011599,0.021298373874717003
811,0.6470513346187458,0.6179717265053507,0.02907960811339505
812,0.6398126747935119,0.6315560767189229,0.008256598074589006
813,0.6494104143423739,0.6239503758386858,0.025460038503688054
814,0.6437045253839669,0.6287636504095786,0.01494087497438834
815,0.6557437056368575,0.6357927817449047,0.019950923891952743
816,0.6413975433050251,0.6268399254063444,0.014557617898680708
817,0.6508890645192299,0.6162412145970416,0.03464784992218828
818,0.636175808873074,0.6235234203227784,0.012652388550295601
819,0.6608526879082061,0.6256307041822241,0.035221983725981953
820,0.6484804707547492,0.6044894259988389,0.043991044755910313
821,0.6597934687879955,0.624614147377656,0.035179321410339526
822,0.6471003985674012,0.6245696969630935,0.0225307016043077
823,0.6597486830854571,0.638260836426046,0.02148784665941106
824,0.6558412632687002,0.6312787052189232,0.024562558049777028
825,0.6533929904140755,0.6292289826178905,0.024164007796184994
826,0.6523824436913483,0.6254358550014456,0.02694658868990274
827,0.6560971689704561,0.618730626166193,0.0373665428042631
828,0.6494291573436822,0.6373609170469879,0.012068240296694288
829,0.6323593149871826,0.6072822318149583,0.025077083172224235
830,0.6306553179187695,0.6193279658844344,0.011327352034335103
831,0.6497605623330868,0.6257659289061381,0.02399463342694863
832,0.6311483531662461,0.6226301681931399,0.008518184973106191
833,0.6405283063985202,0.6125021837008552,0.028026122697665024
834,0.6446541894055645,0.6307811456910112,0.013873043714553335
835,0.6393689711791452,0.6208751088458129,0.018493862333332278
836,0.6218436481426156,0.6337433473202062,-0.011899699177590595
837,0.6480299351451525,0.6450888074244154,0.002941127720737069
838,0.6683139068714136,0.6371408673605723,0.03117303951084127
839,0.6412972077239735,0.6527099511483853,-0.011412743424411786
840,0.6706641001296237,0.6392333930327793,0.03143070709684448
841,0.6694717098798417,0.6265217856909998,0.042949924188841915
842,0.6438753201149374,0.6300492216047692,0.01382609851016825
843,0.6696860317228897,0.6320662561508961,0.037619775571993586
844,0.6445167601164651,0.6313323111496617,0.013184448966803375
845,0.6343464850097585,0.624745647447282,0.009600837562476539
846,0.6434687444983794,0.6251255553196621,0.018343189178717356
847,0.6669622047013174,0.6226444708833873,0.04431773381793014
848,0.6412975702959692,0.6198942028833838,0.021403367412585417
849,0.6411762744368749,0.6331728837899356,0.008003390646939224
850,0.644834388182196,0.620071507956785,0.024762880225410955
851,0.6480315619707541,0.6298342110873344,0.018197350883419672
852,0.6400265347302099,0.6253611044063985,0.014665430323811401
853,0.6328108896715955,0.6165669370870668,0.01624395258452871
854,0.6407691807010477,0.6279559389731704,0.012813241727877345
855,0.6421542785379555,0.6241045501406721,0.01804972839728336
856,0.6404842492030243,0.6306096143788499,0.009874634824174389
857,0.6722986084408348,0.6427086999586603,0.029589908482174465
858,0.6539949373280614,0.6371154147703679,0.016879522557693427
859,0.640428506722849,0.6244985209553525,0.01592998576749649
860,0.668202911664737,0.6276584122671593,0.04054449939757765
861,0.6360563480025938,0.608219933816088,0.027836414186505842
862,0.6540476602474922,0.6182454374601704,0.035802222787321814
863,0.6585571114095402,0.6261986506608411,0.03235846074869908
864,0.6624179602279483,0.6341708863466758,0.028247073881272455
865,0.6605099184617133,0.6303423675355163,0.03016755092619694
866,0.6545113159198116,0.6287726041565732,0.025738711763238387
867,0.6301522667989946,0.6319702547827517,-0.0018179879837570967
868,0.6505149494221376,0.6149518381646794,0.03556311125745826
869,0.6341476764239341,0.6275950595003708,0.006552616923563348
870,0.6498172579345992,0.6191985564161918,0.0306187015184074
871,0.6510829378205227,0.6280283267880876,0.023054611032435113
872,0.6611161961795201,0.6343186846317953,0.026797511547724806
873,0.6469423981164389,0.6309576347224587,0.01598476339398025
874,0.6497350989182555,0.6379125470604151,0.011822551857840424
875,0.6412699928463106,0.6301203100295566,0.011149682816753992
876,0.6416589802688821,0.6292213537613978,0.012437626507484367
877,0.640779847988612,0.6278563259276787,0.012923522060933279
878,0.6639028271333719,0.6060129480611072,0.05788987907226473
879,0.682822458848395,0.6337080199104167,0.04911443893797829
880,0.6767698849176859,0.62090928232667,0.055860602591015884
881,0.6461721793154102,0.6007768242705781,0.04539535504483205
882,0.6608513660586451,0.6293268322083039,0.03152453385034126
883,0.6445916884486643,0.6242828003411366,0.020308888107527734
884,0.6584724468447923,0.6241272905836645,0.034345156261127885
885,0.6431252765482142,0.6335920129300242,0.009533263618189958
886,0.6533524163999077,0.6265207401888724,0.026831676211035327
887,0.6616780343499175,0.6393363305038653,0.022341703846052163
888,0.6554602992309471,0.6211320803547498,0.0343282188761973
889,0.644854064042682,0.6311440260370088,0.013710038005673164
890,0.6558419040944651,0.6306432792729391,0.025198624821526017
891,0.6468871812044447,0.6295060981901562,0.017381083014288423
892,0.6524960249553957,0.6137330406247922,0.038762984330603545
893,0.6608017376515386,0.6376451674609702,0.023156570190568382
894,0.6405774202403772,0.6192802477155067,0.02129717252487051
895,0.6389702134482584,0.6450440905146942,-0.006073877066435807
896,0.6363494231616434,0.6214052618968123,0.014944161264831113
897,0.6544043297512948,0.6325027355858284,0.021901594165466443
898,0.624938130020425,0.6187577844197967,0.006180345600628301
899,0.6506538224274556,0.6154348883250035,0.03521893410245214
900,0.637164312908736,0.6325613340809234,0.004602978827812576
901,0.6555328685813783,0.6287154597812914,0.026817408800086873
902,0.656420809666381,0.6085941635243987,0.0478266461419824
903,0.6566092344704817,0.635265067354747,0.021344167115734725
904,0.6320694042306028,0.6326591637384208,-0.0005897595078180329
905,0.6563494389003298,0.6323790833656173,0.023970355534712495
906,0.6343294036120248,0.6413384527888489,-0.0070090491768241
907,0.6559606598774991,0.6413364694185609,0.014624190458938147
908,0.6353771529621183,0.6245110302844127,0.010866122677705592
909,0.6558864274556494,0.6397941539570168,0.016092273498632625
910,0.642909338267364,0.6183943529630179,0.024514985304346038
911,0.6489792359741537,0.6308430129073355,0.01813622306681828
912,0.6390016420351969,0.6274927795006445,0.011508862534552411
913,0.658789764902682,0.62777756527958,0.031012199623102088
914,0.6509774909313331,0.6342809439575944,0.01669654697373868
915,0.6458598870544073,0.6284279777409366,0.017431909313470717
916,0.6539512197041965,0.6119692500621636,0.041981969642032824
917,0.6419133167161124,0.6167979671779963,0.025115349538116116
918,0.6452583708844176,0.6348569697295924,0.01040140115482524
919,0.6494265066308708,0.6146807854996749,0.034745721131195895
920,0.6718670115417978,0.6202961917093008,0.051570819832497006
921,0.6366567785309182,0.6239055025983972,0.012751275932521011
922,0.6385359212454829,0.6275678596201318,0.010968061625351022
923,0.6479932449211159,0.6091003663046491,0.03889287861646673
924,0.6512997913004167,0.6364385855957811,0.01486120570463556
925,0.6462243883693195,0.6342213650502702,0.012003023319049344
926,0.662502232004867,0.6253732663938832,0.03712896561098378
927,0.6355903450921577,0.6174170790642979,0.018173266027859847
928,0.6536546997673502,0.6242499259037415,0.029404773863608735
929,0.6504288581097551,0.6150748645785925,0.03535399353116264
930,0.647538224785536,0.6234127893788157,0.024125435406720297
931,0.6590652526947524,0.6100507289776266,0.04901452371712578
932,0.645238651917515,0.6255322976910701,0.019706354226444844
933,0.6438828129667479,0.6256665182784381,0.018216294688309764
934,0.6567197896385478,0.6184533339502086,0.038266455688339196
935,0.6479253030043616,0.6272228077555515,0.02070249524881007
936,0.6363782225607315,0.6275181605463495,0.008860062014382053
937,0.6523609100801026,0.6298564464150399,0.022504463665062646
938,0.632649616920565,0.6053859654260171,0.027263651494547902
939,0.6365449890557588,0.6150011617773846,0.021543827278374228
940,0.6554236550687246,0.6346983790352876,0.02072527603343699
941,0.6338203043474938,0.626236184094923,0.007584120252570825
942,0.6262518554368056,0.6260793630718083,0.0001724923649972787
943,0.6677389408682523,0.6214265921875529,0.04631234868069933
944,0.6300589037934257,0.6283896866493323,0.0016692171440934045
945,0.6465672263707966,0.627617467065908,0.018949759304888514
946,0.6523406740086785,0.6280154166747117,0.024325257333966732
947,0.6579347948330164,0.6312722678805023,0.026662526952514143
948,0.6418071350266826,0.6218266782250355,0.019980456801647173
949,0.6398969821252193,0.6292018684217506,0.01069511370346865
950,0.6355777998836705,0.6146367143777608,0.020941085505909673
951,0.6291206456064896,0.6299979987613048,-0.0008773531548151858
952,0.6396197083520496,0.6288222132468863,0.010797495105163368
953,0.6388384041232564,0.6171366889780108,0.02170171514524566
954,0.6419903906390757,0.6182148781866047,0.023775512452471004
955,0.653019723350049,0.6362577840591799,0.01676193929086911
956,0.660892339460785,0.6384878344125632,0.02240450504822178
957,0.6503230160074565,0.6181668210825532,0.03215619492490329
958,0.6596070368111163,0.6208155148106678,0.03879152200044855
959,0.6515910549614102,0.6373813137295902,0.014209741231820061
960,0.6581395434700398,0.6396163720672033,0.018523171402836436
961,0.6532419209789914,0.6145502731566138,0.03869164782237755
962,0.6460408356968247,0.638487919400839,0.0075529162959856455
963,0.6487098552589919,0.6274570467594424,0.02125280849954958
964,0.6381040653229628,0.6235557962349462,0.014548269088016652
965,0.6459239803397302,0.6288173704333148,0.017106609906415438
966,0.6595595553948035,0.6084345589955243,0.05112499639927914
967,0.6486120548107634,0.6258896627045819,0.022722392106181544
968,0.6464816920002593,0.6058288461375286,0.04065284586273066
969,0.6621697570099007,0.6330069603032646,0.02916279670663602
970,0.6429844130074677,0.6310993787050632,0.011885034302404507
971,0.6486950174973601,0.6203878183206171,0.02830719917674307
972,0.6637811106224653,0.6499956052106112,0.013785505411854082
973,0.6291243774597509,0.6125667402522718,0.01655763720747916
974,0.6448308601104261,0.6278094647589764,0.017021395351449753
975,0.6638530273945161,0.6399448336914212,0.023908193703094938
976,0.650593519877054,0.6242771183838887,0.026316401493165387
977,0.6400847085262534,0.6185330259102401,0.021551682616013368
978,0.649475549419561,0.6278854270218999,0.021590122397661116
979,0.6562944487755397,0.6163044518761592,0.03998999689938043
980,0.6503205827330125,0.6247634407336835,0.025557141999329014
981,0.6548713203354164,0.6371358366950107,0.01773548364040567
982,0.64663389922073,0.6237592724188833,0.02287462680184671
983,0.6561267303665808,0.6224141716521555,0.033712558714425245
984,0.6531146788318456,0.6357247023152877,0.017389976516557937
985,0.6283426187677712,0.6119859053975375,0.0163567133702337
986,0.6349117825407649,0.6308285117282412,0.004083270812523687
987,0.6673735785460129,0.6322481959772435,0.0351253825687694
988,0.6470323228944653,0.6403533218179687,0.00667900107649666
989,0.656602061694811,0.6197631809531248,0.036838880741686175
990,0.6597139906185805,0.6146386685802508,0.045075322038329646
991,0.6466322940430591,0.619131149283231,0.027501144759828122
992,0.6449521871681566,0.6279074474836706,0.017044739684486054
993,0.6480092110964191,0.6222877551710339,0.025721455925385217
994,0.6384345961769148,0.6145239419923682,0.02391065418454663
995,0.6454317002138604,0.6343489344813565,0.011082765732503885
996,0.6634987014011308,0.6342784793107082,0.02922022209042252
997,0.6384222123295124,0.616105793859815,0.02231641846969734
998,0.6387228653863303,0.6122050816007287,0.026517783785601545
999,0.642055668426072,0.6265347316547548,0.015520936771317162
1000,0.6682909505244968,0.6351615155156222,0.033129435008874664
1001,0.6643124966643286,0.6364035759632457,0.027908920701082862
1002,0.6517487534317473,0.6204690401303999,0.03127971330134738
1003,0.6568811638728423,0.634274648818843,0.022606515053999354
1004,0.6404501183598649,0.6271214731662478,0.013328645193617095
1005,0.6515600383180057,0.6455207861750069,0.00603925214299883
1006,0.6422423267730557,0.6150314746867416,0.02721085208631413
1007,0.6602795886800844,0.6261047205515209,0.03417486812856352
1008,0.6433064267634121,0.6285466534872232,0.014759773276188937
1009,0.658534653198547,0.6209487800013914,0.03758587319715556
1010,0.6261841372579127,0.6114978370847266,0.014686300173186062
1011,0.64413699924138,0.6284594959242016,0.01567750331717843
1012,0.6555615371360498,0.6358246607246795,0.01973687641137034
1013,0.6251467362706076,0.614357482690257,0.010789253580350544
1014,0.6492490400107265,0.618996398229478,0.030252641781248424
1015,0.6458792959567886,0.6316486620377133,0.014230633919075308
1016,0.6387944193638615,0.6375818489200197,0.0012125704438418206
1017,0.6476185603679154,0.6436157097486568,0.004002850619258647
1018,0.6634868197891112,0.6348486571064401,0.028638162682671053
1019,0.646505848290308,0.6228713650746308,0.023634483215677182
1020,0.6502539244582051,0.6387466062118565,0.011507318246348541
1021,0.6529978948318822,0.6176314214081816,0.035366473423700584
1022,0.6358198299434531,0.6299573823351383,0.00586244760831478
1023,0.6596655322491424,0.6179238663532169,0.04174166589592543
1024,0.6596058233511682,0.6253394404924394,0.03426638285872885
1025,0.6431695465669441,0.6328338032066504,0.010335743360293748
1026,0.6336655099035572,0.633934823234256,-0.00026931333069879493
1027,0.6335340712729131,0.6331930955794075,0.0003409756935055519
1028,0.6341321551562759,0.6340074474531314,0.00012470770314443325
1029,0.6447895797847787,0.6115940312430648,0.033195548541713915
1030,0.6386632483243754,0.6202408657748808,0.018422382549494576
1031,0.6587997540965091,0.6367422676488466,0.02205748644766259
1032,0.641482561155429,0.6295983409338799,0.011884220221549113
1033,0.6452288296944101,0.6400164831624711,0.005212346531939027
1034,0.6349540388068488,0.6171674195395244,0.01778661926732439
1035,0.6501092964339326,0.6194744072320684,0.03063488920186419
1036,0.6553232107216344,0.6274186163888097,0.02790459433282466
1037,0.6664337021313984,0.6355214701487623,0.03091223198263615
1038,0.6549454479221514,0.6282024583683543,0.02674298955379706
1039,0.6572986639469688,0.6247664199982036,0.032532243948765194
1040,0.6527607933480205,0.628580989218808,0.0241798041292125
1041,0.6500047006127775,0.6274560171859072,0.02254868342687033
1042,0.664914808444639,0.6207946712252195,0.04412013721941954
1043,0.6629604433158899,0.6286739006829589,0.03428654263293096
1044,0.6448218042450822,0.6105598672113628,0.03426193703371938
1045,0.6630485106980325,0.6307057628830645,0.03234274781496804
1046,0.6518708109337713,0.6166409375600425,0.03522987337372885
1047,0.6468321077832974,0.6136785971982509,0.03315351058504645
1048,0.6492617021750582,0.6185806485891766,0.03068105358588158
1049,0.6456697219480888,0.6273297246511138,0.018339997296974997
1050,0.6526482887033449,0.6482371881515415,0.004411100551803382
1051,0.6608741380902443,0.6223909031690136,0.038483234921230736
1052,0.6531704830550568,0.622417808146206,0.030752674908850808
1053,0.64995242679974,0.6221074063312301,0.027845020468509896
1054,0.6560945084876244,0.6340360305683124,0.022058477919312036
1055,0.6469753100301009,0.6232839155800242,0.02369139445007673
1056,0.6404982862096485,0.6271479378160677,0.013350348393580846
1057,0.6514503606837024,0.632599751039796,0.01885060964390639
1058,0.6705747377435558,0.6287342965775033,0.041840441166052456
1059,0.6557126896835382,0.6188571057624798,0.03685558392105848
1060,0.6303631340181317,0.6178801041584523,0.012483029859679418
1061,0.6443870545717477,0.6186596485105925,0.0257274060611552
1062,0.652168086254769,0.6212702663669458,0.03089781988782314
1063,0.6367255775219695,0.6270535022232808,0.009672075298688632
1064,0.6178658320880696,0.6230590358542709,-0.00519320376620136
1065,0.6376202742890709,0.6144172778638142,0.023202996425256694
1066,0.6476241066025149,0.6301135670185306,0.017510539583984297
1067,0.642960293930507,0.6320691225871963,0.010891171343310746
1068,0.6345286405536764,0.6342151035355467,0.0003135370181297503
1069,0.6217175876897638,0.6295154294683443,-0.00779784177858045
1070,0.654110308636096,0.6442943315247408,0.009815977111355179
1071,0.6380963706633923,0.6347169358345073,0.0033794348288850307
1072,0.6535983394438308,0.6223608225851891,0.031237516858641734
1073,0.6476497331033828,0.6360853644400629,0.01156436866331989
1074,0.6436319830777494,0.6262833226496544,0.01734866042809502
1075,0.6466146974718886,0.6278304763369288,0.01878422113495981
1076,0.6374049167820308,0.6065368317458723,0.030868085036158566
1077,0.6596843887425231,0.6433846937867499,0.016299694955773214
1078,0.6506190843378278,0.6211663124351349,0.02945277190269291
1079,0.6493474642194815,0.6263719011473853,0.02297556307209625
1080,0.6388999472809157,0.624202024074836,0.014697923206079655
1081,0.6538173877215281,0.6382912651746392,0.015526122546888899
1082,0.6581479182687984,0.6278939258469388,0.030253992421859555
1083,0.6620045176222269,0.6286822406165907,0.03332227700563617
1084,0.6583115455280323,0.6107987158100577,0.04751282971797455
1085,0.646324260510147,0.6317631564777566,0.014561104032390415
1086,0.6416094913813021,0.6202613828541605,0.02134810852714153
1087,0.6633480052906663,0.6293292358423316,0.03401876944833471
1088,0.6259268061250715,0.6208737449058876,0.005053061219183808
1089,0.6472461226916946,0.6270710357695474,0.0201750869221472
1090,0.6558306284536991,0.6333837979419392,0.022446830511759885
1091,0.6507859797071949,0.6245630983214326,0.02622288138576223
1092,0.6346169482007932,0.6191407086236068,0.015476239577186357
1093,0.6636231712044004,0.6246089017833408,0.039014269421059566
1094,0.6595245782430675,0.6476803972868183,0.011844180956249284
1095,0.6566171653045826,0.6171332382068061,0.03948392709777648
1096,0.6512384924392471,0.62526758998898,0.02597090245026712
1097,0.6537659623596309,0.6308912631623377,0.022874699197293236
1098,0.6381326963903287,0.6120599820258412,0.026072714364487437
1099,0.6604388606174153,0.6209434187040991,0.03949544191331622
1100,0.6468803763418656,0.6293006765590312,0.017579699782834357
1101,0.6457543821959245,0.635358052528863,0.010396329667061499
1102,0.6544223223214266,0.6401382838574422,0.014284038463984405
1103,0.6389667606618529,0.602513440677691,0.0364533199841619
1104,0.6445269187799386,0.615286347892416,0.029240570887522632
1105,0.6565282853927578,0.6466178580234121,0.009910427369345665
1106,0.6597143890931385,0.6382273229810546,0.021487066112083952
1107,0.6450389820694689,0.6361743391704235,0.008864642899045316
1108,0.6302282312487618,0.6291413662535813,0.0010868649951805143
1109,0.644733249883438,0.6257595670532256,0.0189736828302125
1110,0.6524200613391772,0.6282356672456845,0.02418439409349271
1111,0.6545713353634803,0.6262999227832645,0.028271412580215816
1112,0.6462608122437682,0.6283178858184252,0.01794292642534301
1113,0.6529130290661131,0.6266431891897949,0.026269839876318257
1114,0.6398945517574464,0.6189698792882877,0.020924672469158634
1115,0.650489325971242,0.6396608788945584,0.010828447076683623
1116,0.652128472890266,0.6207894024496027,0.03133907044066331
1117,0.655588644943415,0.6252194457041297,0.03036919923928527
1118,0.6422864608679536,0.6265794370678514,0.01570702380010225
1119,0.6567866020642518,0.61507208676501,0.04171451529924175
1120,0.6331620851308185,0.6044496297451178,0.028712455385700664
1121,0.6547605146363066,0.6228858257356901,0.03187468890061651
1122,0.6470691530784353,0.6230647227740017,0.024004430304433555
1123,0.6584953543624659,0.6175366285085424,0.04095872585392346
1124,0.6391399293497467,0.626430000968635,0.012709928381111735
1125,0.6517727334161068,0.6265643485079483,0.025208384908158465
1126,0.6497831594351494,0.6302866172614724,0.019496542173677023
1127,0.6700535253437554,0.6256668914955378,0.044386633848217616
1128,0.6317140050390854,0.6242616622495759,0.0074523427895094585
1129,0.6299279894012668,0.618885785099755,0.011042204301511815
1130,0.6477085892593265,0.6133812574882599,0.034327331771066616
1131,0.630377927601968,0.6198902419342432,0.010487685667724733
1132,0.6621821381538269,0.6312197862649722,0.030962351888854656
1133,0.6661624153079894,0.6466075482146334,0.019554867093355965
1134,0.6425920355491364,0.6095324888392645,0.03305954670987188
1135,0.6596947719079638,0.63919220287648,0.02050256903148373
1136,0.6615518523631562,0.6199754240598471,0.0415764283033091
1137,0.642760017596741,0.6265519094548861,0.016208108141854805
1138,0.6499740146617884,0.6174828485382023,0.032491166123586046
1139,0.648568704367403,0.6197334699747606,0.02883523439264235
1140,0.6318411735153072,0.6344233729694196,-0.0025821994541124216
1141,0.6433283586305704,0.6232772587929952,0.020051099837575137
1142,0.6434292339180646,0.6213094323201488,0.022119801597915822
1143,0.6456780037149742,0.6378922316362622,0.0077857720787120055
1144,0.6565072006708675,0.6235062435003795,0.03300095717048801
1145,0.654372546434425,0.6183076132328161,0.03606493320160886
1146,0.6382922143661188,0.6369690624445155,0.0013231519216033716
1147,0.651824665700235,0.6278228755425671,0.0240017901576679
1148,0.6494030244314142,0.6270908134632148,0.022312210968199353
1149,0.653026949973009,0.6211661284712751,0.03186082150173397
1150,0.6515737237911898,0.6266418188494215,0.024931904941768335
1151,0.6365099489209981,0.6237554919556912,0.01275445696530686
1152,0.6693367958358353,0.6217618720672671,0.0475749237685682
1153,0.6359784484000902,0.6297179314418435,0.006260516958246698
1154,0.639549129835777,0.6373323325844421,0.0022167972513349454
1155,0.6386164664372019,0.619895283186225,0.018721183250976936
1156,0.6426845458968861,0.6181405990118023,0.024543946885083767
1157,0.6363399539672723,0.6177485064380349,0.01859144752923736
1158,0.6492381935226367,0.6372274963261116,0.012010697196525033
1159,0.6507495505677308,0.6185378750130425,0.03221167555468829
1160,0.650587648639675,0.6299501674525682,0.020637481187106843
1161,0.6448424795182278,0.6293891674317663,0.015453312086461501
1162,0.6501616463268365,0.6174331882428491,0.03272845808398739
1163,0.6334031329947362,0.6059312493087241,0.027471883686012055
1164,0.6558530770493747,0.6386817573367424,0.017171319712632305
1165,0.6591211318748673,0.6335186103449141,0.025602521529953237
1166,0.6455935809386627,0.638388944338011,0.007204636600651737
1167,0.6364461213673825,0.611644188171616,0.024801933195766512
1168,0.6512743393475565,0.6318279173424409,0.019446422005115593
1169,0.635704169270467,0.6412734391739517,-0.005569269903484719
1170,0.6404258448570197,0.6222114729353561,0.01821437192166364
1171,0.6725594574420399,0.6164053192554514,0.05615413818658854
1172,0.654968238466087,0.6297770616245145,0.02519117684157246
1173,0.6531603591623363,0.624463047001044,0.028697312161292232
1174,0.6587033663941343,0.6209119845300346,0.03779138186409969
1175,0.6329386504809711,0.6068877049793754,0.0260509455015957
1176,0.6391952934075928,0.6188126499254621,0.020382643482130702
1177,0.6207412815128336,0.6194121313551884,0.0013291501576452314
1178,0.6352692324424395,0.6195477993251713,0.015721433117268147
1179,0.6593464806886041,0.6284862190955318,0.030860261593072313
1180,0.6545248931065704,0.6308715810620924,0.02365331204447796
1181,0.6356772723193735,0.6184436731310553,0.017233599188318238
1182,0.6510981562443764,0.6331748497163655,0.017923306528010885
1183,0.6463454927234801,0.6243790921972527,0.021966400526227337
1184,0.6386354959625472,0.6163184441049273,0.022317051857619896
1185,0.6362987170949062,0.6302547956655474,0.006043921429358723
1186,0.6470886459804266,0.6263947746190166,0.020693871361409988
1187,0.6668856428494152,0.6373420858703195,0.02954355697909572
1188,0.6625783064198044,0.6226422840209825,0.03993602239882188
1189,0.6443738197944103,0.6275487523502805,0.016825067444129815
1190,0.6625162779022735,0.6112889247204665,0.051227353181807045
1191,0.6490592602926686,0.6020973891738154,0.04696187111885319
1192,0.6522085974207689,0.6235292014547404,0.02867939596602842
1193,0.6456041463798005,0.616257971161605,0.02934617521819549
1194,0.6411221746492589,0.6170121141886528,0.024110060460606153
1195,0.6470499497878489,0.6199294584867626,0.02712049130108629
1196,0.6652715108890956,0.6313947569173118,0.0338767539717838
1197,0.6439797609821921,0.6241814106288954,0.01979835035329669
1198,0.6646168680695986,0.6234384421693465,0.041178425900252114
1199,0.6375220931256348,0.6153336960864014,0.022188397039233365
1200,0.6370434560879529,0.6323223552688022,0.00472110081915067
1201,0.6480786546907892,0.6335043906112725,0.014574264079516674
1202,0.6445760512617178,0.6469270821595475,-0.002351030897829731
1203,0.6569338411627911,0.6271467757551,0.02978706540769105
1204,0.652105689116056,0.6285568522257834,0.02354883689027265
1205,0.6361808547988019,0.626622147112765,0.009558707686036949
1206,0.6684403671942244,0.6257747336057646,0.04266563358845976
1207,0.6444313850357574,0.6290474037096315,0.01538398132612584
1208,0.6434870517332119,0.6056217921158707,0.03786525961734111
1209,0.643046177951554,0.630606950690131,0.012439227261423103
1210,0.6535450581582452,0.6061656310033999,0.04737942715484522
1211,0.6419457374956853,0.6253945322978622,0.01655120519782305
1212,0.6755395837602985,0.6216984237172963,0.05384116004300221
1213,0.6535699132452861,0.6336170681507683,0.01995284509451778
1214,0.658292544861025,0.6250494503997948,0.033243094461230194
1215,0.6505800763087072,0.6253356343863308,0.025244441922376404
1216,0.6583575418158788,0.6506524080104775,0.007705133805401276
1217,0.6343335844880742,0.6487034390750556,-0.014369854586981368
1218,0.6472153652637828,0.6311263244599769,0.01608904080380591
1219,0.6345500173605058,0.6233023482756177,0.011247669084888057
1220,0.6464353451110464,0.618033794833713,0.028401550277333376
1221,0.6316975395667338,0.6320810527111197,-0.0003835131443858941
1222,0.6624091952725065,0.622694423571435,0.039714771701071516
1223,0.6381198310024033,0.6360652667474634,0.0020545642549398835
1224,0.6342312534979198,0.6188546155413993,0.015376637956520445
1225,0.6484517328350172,0.6334884071447164,0.014963325690300788
1226,0.6512015121518221,0.6352446300514072,0.015956882100414904
1227,0.6593483928148857,0.6234607125564597,0.035887680258425925
1228,0.6334644218377506,0.6192093707605801,0.01425505107717051
1229,0.6613218154954176,0.6354418963397449,0.02587991915567267
1230,0.6591644954378374,0.6320620129611675,0.02710248247666991
1231,0.6527895962661535,0.6416921916360261,0.011097404630127428
1232,0.6440785047973208,0.6229577732577108,0.021120731539609916
1233,0.6356949679068792,0.6321694639970248,0.0035255039098543994
1234,0.6439897459804528,0.6398454028765673,0.004144343103885451
1235,0.6659816035329874,0.6229434388247412,0.043038164708246174
1236,0.6626826396937885,0.6289721986830689,0.03371044101071963
1237,0.6401383796526342,0.6306470230798523,0.009491356572781884
1238,0.6436842374136686,0.6169641546542987,0.02672008275936999
1239,0.663374844563957,0.640233749122348,0.023141095441609028
1240,0.6562092377560134,0.6257222879844001,0.03048694977161326
1241,0.6612304601825763,0.6336030603710845,0.02762739981149176
1242,0.6532849441507452,0.622700194712077,0.03058474943866818
1243,0.6452946236999025,0.6355352125702027,0.009759411129699802
1244,0.6327351061826064,0.6118274045995394,0.020907701583066984
1245,0.66804864280032,0.6381401940749382,0.029908448725381787
1246,0.6366895750570355,0.633757144010109,0.0029324310469265313
1247,0.6394453085916286,0.6071393507119853,0.0323059578796433
1248,0.6455297089767017,0.6101871686013222,0.03534254037537954
1249,0.6437276784140027,0.6219011695675639,0.021826508846438775
1250,0.6392221713890008,0.6351109281528468,0.004111243236154083
1251,0.6433691968452816,0.6348774141571666,0.008491782688115013
1252,0.6416382090812184,0.6208093148473562,0.02082889423386214
1253,0.6599493801021963,0.6339045411482841,0.026044838953912186
1254,0.6476499652202364,0.6436183299602168,0.004031635260019595
1255,0.6447103587666151,0.6424283781837588,0.0022819805828563355
1256,0.6478199449900031,0.6246413613047581,0.023178583685244947
1257,0.6298940057733824,0.6124011275400045,0.017492878233377862
1258,0.667398188838007,0.6298425091705848,0.037555679667422126
1259,0.664929274712691,0.6360352629212548,0.028894011791436247
1260,0.6483904806089259,0.641418642027526,0.006971838581399936
1261,0.6607820867650482,0.6398851141020127,0.020896972663035585
1262,0.6589726167269597,0.6314944152413924,0.027478201485567344
1263,0.6601735278348599,0.6297797965760398,0.030393731258820167
1264,0.6384765777112978,0.6210186119672665,0.017457965744031356
1265,0.6346341310753957,0.6085744959179157,0.02605963515748
1266,0.6228795602017899,0.6136354856412007,0.009244074560589177
1267,0.6531106135454215,0.627065243344498,0.026045370200923568
1268,0.6443211449857246,0.628217408013186,0.01610373697253853
1269,0.6571117503421934,0.6354022754535218,0.021709474888671587
1270,0.6695191505444821,0.6332168570483238,0.03630229349615832
1271,0.6521021029585267,0.6138633781362784,0.038238724822248216
1272,0.6476035460214407,0.6310550058838303,0.016548540137610313
1273,0.6537288774179815,0.6293705795726777,0.024358297845303745
1274,0.6255789549124022,0.6212016853482184,0.004377269564183828
1275,0.6541240368412305,0.6090968073623618,0.045027229478868724
1276,0.6665008198046263,0.6496178472081194,0.01688297259650684
1277,0.6382267033876313,0.6323854508469835,0.005841252540647823
1278,0.6652088277579583,0.6230524496334459,0.04215637812451245
1279,0.6446365353479453,0.6296925963731183,0.014943938974827042
1280,0.6461929005556111,0.6222223041666385,0.023970596388972587
1281,0.6431221282972396,0.6430215160278744,0.00010061226936519674
1282,0.6292525904468341,0.6298132526399095,-0.0005606621930753786
1283,0.6482419853581083,0.6211604987710314,0.027081486587076875
1284,0.6494272837127189,0.6349810234327518,0.014446260279967094
1285,0.648192577458048,0.6333144904274924,0.014878087030555598
1286,0.6617613388089457,0.641208584769774,0.020552754039171672
1287,0.6441949096366565,0.6191926533158202,0.025002256320836302
1288,0.6414891720038977,0.6493547036982688,-0.007865531694371097
1289,0.6506053471417913,0.6242502333963562,0.026355113745435088
1290,0.6399506621203367,0.6256182206043378,0.014332441515998884
1291,0.6676270569014431,0.6254866240693179,0.04214043283212521
1292,0.6584494634626938,0.6298127348061296,0.028636728656564192
1293,0.6469098511779852,0.6311887095763241,0.01572114160166105
1294,0.6396637194795675,0.6279883407751911,0.011675378704376405
1295,0.6542735341990281,0.6139903331280633,0.040283201070964836
1296,0.6298042137904224,0.6270346477966263,0.002769565993796075
1297,0.6416051989029691,0.600108518968226,0.04149667993474304
1298,0.654149744512641,0.6376302914199147,0.01651945309272629
1299,0.6533174067230908,0.6223991498385648,0.030918256884525985
1300,0.6804411700587107,0.6354045277647848,0.0450366422939259
1301,0.6337009314337393,0.621153730097124,0.012547201336615244
1302,0.6499093471115499,0.623762030778441,0.02614731633310896
1303,0.6414207555855427,0.6261462649721002,0.015274490613442437
1304,0.6444554527065877,0.6266394117500519,0.017816040956535772
1305,0.6598332102626233,0.632791792426627,0.02704141783599634
1306,0.6388725167429087,0.6394523775444302,-0.0005798608015215034
1307,0.6650267587210006,0.6333354613582297,0.031691297362770876
1308,0.6517446872549809,0.619860739055875,0.031883948199105894
1309,0.6327088994968553,0.6281563643451124,0.00455253515174292
1310,0.6431725385959915,0.6358097006625814,0.0073628379334101934
1311,0.6374937015612714,0.6173212652510766,0.02017243631019483
1312,0.6594939994149517,0.6262221445402342,0.03327185487471751
1313,0.6377574436666893,0.6354470772224029,0.0023103664442863936
1314,0.6394877302376553,0.6182878381956102,0.021199892042045088
1315,0.639424108061385,0.6293954187917915,0.01002868926959355
1316,0.6430819908746771,0.6147224616211694,0.02835952925350771
1317,0.6313138651367777,0.6088984494064844,0.022415415730293264
1318,0.6437138201171678,0.6397697155313323,0.003944104585835495
1319,0.6617778592044145,0.6242189788886966,0.03755888031571786
1320,0.6390230339922772,0.6179031156330587,0.02111991835921856
1321,0.6447311184193661,0.6200278045754682,0.0247033138438979
1322,0.6480994263758858,0.6172477926188582,0.030851633757027597
1323,0.6360223694289885,0.634165676877593,0.0018566925513955335
1324,0.6353369829979165,0.6193918600277732,0.015945122970143277
1325,0.6382158392395875,0.6309032669458826,0.007312572293704855
1326,0.6422192524743121,0.6225411224868013,0.01967812998751084
1327,0.6320908329132123,0.6151237744159538,0.016967058497258547
1328,0.6481992537569667,0.6377419761616717,0.010457277595295023
1329,0.6482524473655067,0.6437186584936145,0.004533788871892153
1330,0.6481083990541322,0.6279468578044177,0.020161541249714476
1331,0.6307513282775578,0.6236555508064915,0.007095777471066267
1332,0.6583439905870988,0.6133402049171147,0.04500378566998409
1333,0.6430845338352781,0.6171213764092996,0.025963157425978434
1334,0.6413876310865737,0.6370096941180398,0.004377936968533946
1335,0.6605561996702007,0.6228129158610284,0.03774328380917236
1336,0.6560761082493609,0.6309385654827235,0.025137542766637377
1337,0.6507479005951308,0.6270418560299319,0.02370604456519887
1338,0.6433369257486893,0.6170034981651403,0.026333427583548952
1339,0.6349951423594137,0.6142821112148711,0.020713031144542593
1340,0.647515954942271,0.6324167924137819,0.015099162528489085
1341,0.642606755173609,0.6199855430522155,0.022621212121393452
1342,0.6291187865005577,0.6115305569728033,0.017588229527754407
1343,0.6719418511683223,0.6440113588012365,0.02793049236708578
1344,0.6439623296350386,0.6179780018809682,0.025984327754070446
1345,0.6490943674081598,0.6404618507333442,0.008632516674815682
1346,0.6365756353481382,0.616523618274832,0.020052017073306172
1347,0.6431311901211622,0.6233270285244941,0.01980416159666809
1348,0.669524871064954,0.6317963394331022,0.03772853163185175
1349,0.641378983539015,0.6318219179470467,0.009557065591968339
1350,0.6434200105915405,0.623188991048239,0.02023101954330153
1351,0.6529892683048785,0.6326452032213494,0.02034406508352904
1352,0.6461492331153617,0.6480502996285925,-0.0019010665132308535
1353,0.6323757400429187,0.6178272595703959,0.014548480472522884
1354,0.640054721718828,0.61864515638137,0.02140956533745808
1355,0.6456904213111669,0.60913582933293,0.03655459197823696
1356,0.6350955786153277,0.6166196307742897,0.01847594784103801
1357,0.64870713744118,0.611360777734053,0.037346359707127075
1358,0.6468131018889981,0.6210325968353231,0.025780505053675018
1359,0.6364024973237806,0.6404596617182342,-0.004057164394453583
1360,0.6437911484085215,0.6172573837262073,0.026533764682314165
1361,0.65236414623577,0.6413920390781958,0.01097210715757424
1362,0.6489467146540293,0.6313373445620066,0.01760937009202268
1363,0.6405477769774003,0.6312823609704633,0.009265416006936977
1364,0.6524842430462579,0.6437883501248093,0.008695892921448567
1365,0.6411693596616107,0.6376657497691248,0.0035036098924858816
1366,0.659882743756932,0.6290667949503665,0.030815948806565463
1367,0.6509915036379704,0.6182182872130808,0.03277321642488962
1368,0.6611031170174816,0.6379678813034734,0.023135235714008218
1369,0.6588867297685671,0.6468489562079144,0.01203777356065272
1370,0.6544499431665385,0.6195917295582661,0.03485821360827235
1371,0.649418901926243,0.6370377688015866,0.012381133124656385
1372,0.6513085025915349,0.6269503791309826,0.024358123460552328
1373,0.6373114731837368,0.6261873877821356,0.011124085401601258
1374,0.6484240651483819,0.6404213502555539,0.008002714892828
1375,0.6427863046111958,0.6083479358609571,0.034438368750238646
1376,0.6419968091762461,0.6279311331454399,0.014065676030806218
1377,0.6580957065825569,0.6327886853924514,0.025307021190105528
1378,0.6549302622012539,0.62971823971819,0.02521202248306398
1379,0.6488159546574838,0.6245558313427445,0.024260123314739257
1380,0.6570139173360607,0.629117571317018,0.027896346019042784
1381,0.6539187970071132,0.6255707349674412,0.028348062039671995
1382,0.6488807993533859,0.6220737846599743,0.026807014693411624
1383,0.6596616225354515,0.6186462001835951,0.0410154223518564
1384,0.646906704509083,0.6298202063852837,0.017086498123799365
1385,0.63944265932595,0.6204437154502683,0.018998943875681684
1386,0.6239869935716461,0.6216221141528228,0.0023648794188233513
1387,0.6534363628171475,0.6310202487886946,0.022416114028452894
1388,0.6394224629236972,0.6205094988815701,0.018912964042127056
1389,0.6450555061762693,0.6184672756978588,0.026588230478410524
1390,0.6519779711797528,0.6304879419513274,0.021490029228425356
1391,0.6586896713454814,0.6281019426173405,0.03058772872814086
1392,0.6462408238534151,0.6445577129453773,0.0016831109080377438
1393,0.6519424207176516,0.6129690396829682,0.038973381034683396
1394,0.6500457190041228,0.6355073724351993,0.0145383465689235
1395,0.6362631563092891,0.6361066556399263,0.00015650066936279128
1396,0.6257528201599842,0.613725940805869,0.012026879354115283
1397,0.6600950157006182,0.626246534066541,0.033848481634077277
1398,0.6463359119034456,0.6262625993044098,0.020073312599035886
1399,0.653268379078436,0.6277700003652179,0.02549837871321814
1400,0.6543631225956874,0.6313225508831036,0.02304057171258378
1401,0.6439159419073255,0.6216672647191652,0.02224867718816026
1402,0.6547886129569435,0.6226645002997132,0.03212411265723025
1403,0.6447006703221483,0.607603968649108,0.037096701673040244
1404,0.6533052729369841,0.6367805636218457,0.016524709315138497
1405,0.6620592276214162,0.631264346322039,0.03079488129937724
1406,0.6485999920315885,0.6369826743972565,0.011617317634331936
1407,0.6645909365547813,0.6340827698258806,0.030508166728900665
1408,0.6554142997150335,0.6227617383906169,0.03265256132441663
1409,0.6505845948376868,0.6102944168163488,0.04029017802133805
1410,0.6398875900588316,0.6122193064341969,0.027668283624634693
1411,0.6569325775814107,0.6375902553626087,0.019342322218801944
1412,0.6407495627136046,0.6294418685836902,0.011307694129914392
1413,0.6535398634629855,0.6281585825720161,0.02538128089096947
1414,0.6271886116465824,0.6307918687602428,-0.0036032571136604963
1415,0.6516596274063903,0.6242067020745987,0.027452925331791556
1416,0.6456261687260701,0.6190388861663503,0.02658728255971987
1417,0.6640658193897039,0.6265112355236478,0.037554583866056035
1418,0.6427278187353699,0.6277298325245017,0.01499798621086823
1419,0.6488660576197945,0.6322651114071408,0.016600946212653733
1420,0.6593010981404888,0.6269314644612822,0.03236963367920653
1421,0.6602865288801988,0.6334972710825707,0.026789257797628085
1422,0.6459909904389927,0.6066727580083207,0.03931823243067201
1423,0.6611457969677467,0.6362556221037627,0.024890174863983927
1424,0.6550820274020878,0.6242525464146126,0.030829480987475177
1425,0.6512622982009558,0.6022934520516151,0.04896884614934072
1426,0.655125602102463,0.631842140846589,0.023283461255873994
1427,0.6666913859025625,0.6353508314647855,0.031340554437776946
1428,0.6281108727592103,0.6157827735205431,0.012328099238667178
1429,0.6276262687310479,0.612878570578414,0.014747698152633881
1430,0.6364105489149456,0.6206585795320817,0.01575196938286394
1431,0.6362707516455011,0.6196773783664155,0.01659337327908561
1432,0.6450204386284346,0.6219648345610427,0.023055604067391933
1433,0.6405911526091762,0.6264495347850327,0.014141617824143471
1434,0.6433255417849096,0.6224241002311771,0.020901441553732525
1435,0.657281489258611,0.6234107110347091,0.03387077822390183
1436,0.6451251694197138,0.6518270161798827,-0.006701846760168939
1437,0.6427931255085814,0.6358594113698928,0.006933714138688596
1438,0.6491606320207403,0.6365063349478307,0.012654297072909548
1439,0.6305014428040453,0.6097086719251553,0.020792770878889977
1440,0.6428304962227002,0.6311517034710299,0.011678792751670275
1441,0.6455881167207098,0.6223164438952401,0.023271672825469714
1442,0.6399388019851205,0.615497304070434,0.024441497914686527
1443,0.6414410820625116,0.6153272118792178,0.026113870183293808
1444,0.647506755623419,0.6353691567687755,0.012137598854643494
1445,0.6483114941371981,0.6288651999101303,0.019446294227067784
1446,0.64444392038782,0.6289051749688065,0.015538745419013456
1447,0.6484170780525721,0.6367832945419495,0.011633783510622608
1448,0.6516226238942521,0.6198480554261122,0.03177456846813986
1449,0.6421283099911986,0.6395716515983946,0.0025566583928040565
1450,0.6333938719335482,0.6102854293528538,0.023108442580694444
1451,0.6550737685100428,0.6254851761753317,0.029588592334711117
1452,0.6466530093476638,0.6231383619238301,0.02351464742383369
1453,0.6720901884753371,0.6357715595556885,0.03631862891964854
1454,0.6384264122720941,0.6306523292192837,0.007774083052810354
1455,0.626478950097933,0.6050045009206877,0.02147444917724528
1456,0.6351470176176905,0.631794059664295,0.003352957953395519
1457,0.6416640782006856,0.6231851735066168,0.018478904694068765
1458,0.6391433490752676,0.6357862455919822,0.0033571034832854396
1459,0.6512412463260132,0.6333326190588614,0.01790862726715181
1460,0.6584570060396279,0.631375868719468,0.02708113732015982
1461,0.6514105873684262,0.6185134644895863,0.032897122878839835
1462,0.6594688321811245,0.6362871808546905,0.023181651326434016
1463,0.6410664002557434,0.6169896256235033,0.024076774632240006
1464,0.657680033736169,0.6221911685501424,0.035488865186026564
1465,0.6345932378839948,0.6228382677268657,0.011754970157129119
1466,0.6500121599489223,0.6226131535779983,0.027399006370923962
1467,0.6659809954999218,0.6320839639766384,0.033897031523283494
1468,0.6609473561819311,0.632594866901863,0.02835248928006817
1469,0.655664850820017,0.6103626146450728,0.04530223617494422
1470,0.6624865623845116,0.6412005846030331,0.02128597778147856
1471,0.6670726321659334,0.6253025818363279,0.04177005032960546
1472,0.6647745583487636,0.6173484275204858,0.047426130828277846
1473,0.6540073134357517,0.6315449236602293,0.022462389775522396
1474,0.6439398683601545,0.61958105278523,0.024358815574924475
1475,0.6372505263046763,0.6266689987512596,0.01058152755341668
1476,0.6555056178360577,0.613281206238009,0.04222441159804868
1477,0.6547454668750748,0.6102427016501513,0.04450276522492358
1478,0.6491652029262959,0.6249242877329082,0.02424091519338767
1479,0.6503653159409757,0.6248858499902795,0.025479465950696167
1480,0.6354958540023128,0.6150379347525646,0.020457919249748158
1481,0.6543870675103948,0.6196009403500499,0.034786127160344904
1482,0.6470091825644461,0.6332372094667366,0.0137719730977095
1483,0.6458941652141937,0.6227462034662015,0.023147961747992274
1484,0.6464474386222855,0.6263448076950962,0.020102630927189336
1485,0.6383473465029669,0.6325736001615082,0.005773746341458663
1486,0.6581780804504618,0.6441892625153601,0.01398881793510165
1487,0.6456556353137921,0.6301198830722495,0.015535752241542578
1488,0.6450958883818197,0.624169189274855,0.020926699106964763
1489,0.6442018693962704,0.611821842470251,0.03238002692601949
1490,0.6489300087360556,0.6355133870557371,0.01341662168031843
1491,0.6727143466768979,0.6267756258887286,0.045938720788169296
1492,0.6514443148852029,0.6338485405024638,0.017595774382739182
1493,0.653406296531704,0.6298062666153063,0.023600029916397758
1494,0.6567904456357212,0.6155882612086351,0.04120218442708612
1495,0.6504788981954664,0.6196874270164128,0.030791471179053675
1496,0.6516482416146719,0.6237694795952025,0.027878762019469483
1497,0.6620511649730343,0.6339660639291226,0.02808510104391171
1498,0.6389040269031626,0.622796651459763,0.016107375443399574
1499,0.6464327815825858,0.6139348625141138,0.03249791906847199
1500,0.6524719277895846,0.6131278682817753,0.03934405950780928
1501,0.6475230942820812,0.6346733528823271,0.012849741399754144
1502,0.6540788368074587,0.634587522746716,0.01949131406074267
1503,0.6352699068830946,0.6105488272861698,0.024721079596924822
1504,0.648516231840798,0.6227350541853568,0.02578117765544119
1505,0.6486192059531455,0.639237920560447,0.009381285392698446
1506,0.6473306129618345,0.6343937134281035,0.012936899533731006
1507,0.6514029418192914,0.6366603862985313,0.014742555520760092
1508,0.6447429180956515,0.6490575671264396,-0.0043146490307880425
1509,0.6375640946925191,0.6285125400103441,0.009051554682175
1510,0.6466489107301111,0.6253211877924975,0.021327722937613647
1511,0.6435744873348069,0.6379302341444735,0.005644253190333459
1512,0.6406533904827413,0.6228372710023453,0.017816119480395964
1513,0.6443902955750541,0.6114566027150867,0.03293369285996739
1514,0.6510699923348279,0.6354221856648935,0.015647806669934372
1515,0.6434169436917313,0.6271669868454143,0.016249956846317026
1516,0.6665526263598657,0.6399175873254683,0.026635039034397345
1517,0.6649573208024399,0.635557584207363,0.029399736595076886
1518,0.6520509938636067,0.6433742842182482,0.008676709645358494
1519,0.6608301990184756,0.626766793794431,0.03406340522404461
1520,0.6596228572423491,0.6179398738521115,0.04168298339023768
1521,0.6382639706182737,0.6203129601487937,0.01795101046948
1522,0.6451923208897362,0.6330966655859562,0.012095655303779984
1523,0.6617504853834068,0.6387203018500385,0.023030183533368276
1524,0.659291349968671,0.6204121670334165,0.0388791829352545
1525,0.6422050775933469,0.6204692273551705,0.02173585023817637
1526,0.658566838420407,0.623693106312169,0.034873732108237965
1527,0.6471659976931091,0.6328814306029011,0.014284567090207978
1528,0.6601127723584727,0.6221024326312451,0.03801033972722756
1529,0.6522301847715316,0.6276542504574191,0.024575934314112535
1530,0.6777780493377289,0.6458509489496294,0.03192710038809954
1531,0.6311070050022763,0.6073735805048793,0.023733424497397015
1532,0.6326621414509399,0.6258475729974884,0.006814568453451519
1533,0.6326903067672588,0.6305851273221647,0.002105179445094141
1534,0.643557791909101,0.6163770892333686,0.02718070267573236
1535,0.6376369187638432,0.6205184628776284,0.017118455886214856
1536,0.6330982295214079,0.6080079431442218,0.025090286377186133
1537,0.6509173520669027,0.6234894826631798,0.027427869403722882
1538,0.6549560746635484,0.6308484652939238,0.02410760936962464
1539,0.6384498936555354,0.6206608515318092,0.01778904212372623
1540,0.6414590649247733,0.6267649900033767,0.014694074921396627
1541,0.6433096038813909,0.6113425861230808,0.03196701775831012
1542,0.644545619682869,0.6267394486126129,0.01780617107025617
1543,0.6386926415421368,0.6239257653681418,0.01476687617399497
1544,0.6430974900201284,0.6159294614556355,0.027168028564492852
1545,0.6420319085231377,0.6219860709547181,0.0200458375684196
1546,0.6567057248909172,0.6284036409231332,0.028302083967783997
1547,0.648062638291353,0.6292950000624317,0.018767638228921357
1548,0.6603755664692114,0.6258555720416328,0.03451999442757858
1549,0.6384002540300848,0.6228911426957209,0.015509111334363945
1550,0.6397811132605921,0.6203957330138891,0.019385380246703
1551,0.6526494450091026,0.6171968956005328,0.03545254940856979
1552,0.626144090237609,0.6188742062832485,0.0072698839543604565
1553,0.6290216006139061,0.6122459760104637,0.016775624603442396
1554,0.6402739496003232,0.6380466670369702,0.002227282563353028
1555,0.6581264844644991,0.6259385360225062,0.03218794844199291
1556,0.6398913368353315,0.6196525906649644,0.02023874617036714
1557,0.6230080835474174,0.625381449854922,-0.0023733663075045097
1558,0.6551858169994995,0.6477883555254403,0.007397461474059175
1559,0.6416140855894067,0.6299900920637513,0.011623993525655352
1560,0.622994600068128,0.616516897603245,0.006477702464882995
1561,0.6456500907974376,0.6328790060429571,0.012771084754480522
1562,0.6340503391197729,0.6226137626800542,0.011436576439718737
1563,0.6530503064237683,0.6251517409902267,0.027898565433541522
1564,0.645187624567227,0.6326341773498243,0.012553447217402702
1565,0.6335054965035899,0.623814130514586,0.009691365989003886
1566,0.6627473300716485,0.6307710678870696,0.03197626218457894
1567,0.6698114563391635,0.621595715221825,0.048215741117338506
1568,0.6642180262526541,0.6225837214974691,0.041634304755185036
1569,0.6584083397882509,0.6231357733867674,0.03527256640148346
1570,0.6439786442150345,0.62690002614073,0.01707861807430444
1571,0.6557544111778683,0.6197685746657612,0.03598583651210707
1572,0.6239575985773328,0.6075391655587972,0.016418433018535628
1573,0.6308543735451022,0.630869883321162,-1.5509776059796643e-05
1574,0.6577099625447105,0.6245768289045196,0.03313313364019088
1575,0.6572491681074069,0.6186635424814705,0.03858562562593637
1576,0.639815365244421,0.6348323160720255,0.004983049172395448
1577,0.6473872622016078,0.6126635695843646,0.034723692617243174
1578,0.6547692130494908,0.6210661014323987,0.03370311161709205
1579,0.6411171506892156,0.6345139920771846,0.006603158612030979
1580,0.6622772830253016,0.6468459851805635,0.015431297844738179
1581,0.6539212420490248,0.631544050471382,0.02237719157764284
1582,0.6458096558012888,0.6291590986682799,0.016650557133008892
1583,0.6488717464547201,0.624489081647337,0.02438266480738316
1584,0.651105020516545,0.6151369307935357,0.035968089723009244
1585,0.6624514548144015,0.6282098547861422,0.03424160002825927
1586,0.6636386394963912,0.6365458003918619,0.02709283910452931
1587,0.6465186304459927,0.6270842770288846,0.019434353417108086
1588,0.6475377827660201,0.6223659209455267,0.02517186182049347
1589,0.6687275716305541,0.641776369860194,0.026951201770360034
1590,0.6501731231483824,0.6296612691278171,0.020511854020565323
1591,0.6465933385097596,0.6265059139269359,0.020087424582823754
1592,0.6460899921956126,0.6185579625811122,0.02753202961450041
1593,0.6346057281913976,0.6176470725025506,0.016958655688847024
1594,0.6595243143817539,0.642602922609008,0.016921391772745875
1595,0.6421727914060776,0.630734615754822,0.0114381756512556
1596,0.641719271295299,0.6197735641031318,0.021945707192167263
1597,0.6350276320959972,0.6256958775739455,0.009331754522051705
1598,0.6424313792120777,0.6353978518243176,0.007033527387760086
1599,0.63411177945222,0.6147307047994705,0.01938107465274952
1600,0.6509993126770585,0.611883911311007,0.039115401366051517
1601,0.6382682756387198,0.6226064452817227,0.015661830356997086
1602,0.6523332121457421,0.623749688315262,0.02858352383048013
1603,0.642676234940465,0.6116999885542002,0.03097624638626484
1604,0.656877868967288,0.616865808488722,0.04001206047856598
1605,0.644280292078743,0.6172541630190586,0.02702612905968449
1606,0.6494494605502455,0.6268887716289083,0.022560688921337224
1607,0.6604509952940066,0.6313863708411486,0.029064624452858068
1608,0.6264001971153021,0.6146590610882398,0.011741136027062393
1609,0.6528609702947142,0.6273782708117731,0.02548269948294113
1610,0.6635948786600773,0.6290639885472754,0.03453089011280186
1611,0.6394572078202695,0.633389872711209,0.006067335109060545
1612,0.6480826894967222,0.6290505365649471,0.01903215293177507
1613,0.649364999450798,0.6138728146710434,0.035492184779754576
1614,0.6559945503007685,0.6360323457355164,0.019962204565252106
1615,0.6497734000200519,0.6272000901546275,0.022573309865424385
1616,0.6197869561340353,0.6331325127297618,-0.013345556595726449
1617,0.6403454433816992,0.6247052725323964,0.015640170849302804
1618,0.6454160415939155,0.6100772471047655,0.035338794489150005
1619,0.6428249538903734,0.6196091519298891,0.02321580196048434
1620,0.6350219015455085,0.6172213986443013,0.01780050290120727
1621,0.6576538840502565,0.6227053456008482,0.03494853844940826
1622,0.6557673428321541,0.6289502752936854,0.026817067538468686
1623,0.6549747379930703,0.6228792139364401,0.03209552405663019
1624,0.6480417172757309,0.6525827739950538,-0.004541056719322922
1625,0.6560000444651751,0.6260735871819343,0.029926457283240837
1626,0.6459630190114705,0.6278297156838811,0.018133303327589334
1627,0.6535919582391654,0.6364793447349587,0.017112613504206675
1628,0.6516109135463254,0.6213063414323244,0.03030457211400095
1629,0.6366131785079409,0.608893248098117,0.0277199304098239
1630,0.6389787801980328,0.62058677979023,0.018392000407802755
1631,0.6623820702023758,0.6343106194067367,0.028071450795639108
1632,0.6479496266103325,0.629485348570625,0.018464278039707516
1633,0.6479678527859414,0.6389945296490539,0.008973323136887479
1634,0.6316018316529417,0.6018281969777913,0.029773634675150373
1635,0.6463805489141802,0.6453022807229006,0.001078268191279541
1636,0.6412478091558427,0.6236600443626955,0.017587764793147165
1637,0.6527304210483095,0.6293203353573652,0.02341008569094427
1638,0.6592012351818657,0.6311503069194804,0.02805092826238531
1639,0.6489639061044663,0.6256794778873349,0.023284428217131392
1640,0.6556250233877222,0.6295940310947944,0.026030992292927824
1641,0.659600417160897,0.6336896295034622,0.02591078765743482
1642,0.6460498860138802,0.6269979510372331,0.019051934976647145
1643,0.6510696595779252,0.6294810323933807,0.021588627184544462
1644,0.629282888395622,0.6301449620480083,-0.0008620736523863304
1645,0.6585519172874262,0.6340412002739995,0.024510717013426775
1646,0.6537193278492325,0.6270978990103778,0.026621428838854655
1647,0.6496004578301875,0.6321112683770046,0.017489189453182896
1648,0.6541067942077542,0.6230544912962898,0.031052302911464436
1649,0.6606330521595372,0.6358722321429489,0.024760820016588303
1650,0.632866800050778,0.6247029505064479,0.008163849544330137
1651,0.6556505341598197,0.6120410260942738,0.043609508065545866
1652,0.6655931386275635,0.6266348040928372,0.0389583345347263
1653,0.6592063150262497,0.6215879334154738,0.03761838161077591
1654,0.6553637887195983,0.6383290293032299,0.01703475941636845
1655,0.6643068201384508,0.6201001255546469,0.044206694583803885
1656,0.659078120149885,0.6256764377050877,0.03340168244479724
1657,0.6446237634795106,0.6213273407690426,0.023296422710467946
1658,0.6432362227688699,0.6225888036889923,0.02064741907987766
1659,0.6629676263890087,0.6358963613772828,0.027071265011725965
1660,0.6462182520565751,0.6370622370949329,0.0091560149616422
1661,0.6588661727534929,0.6392764169292698,0.019589755824223065
1662,0.65028756671345,0.6239445901205796,0.026342976592870437
1663,0.6367589948435356,0.6235815011768985,0.013177493666637119
1664,0.6353495717469143,0.616504961750682,0.018844609996232276
1665,0.6557587264958826,0.6200038514972007,0.03575487499868191
1666,0.6394425759122838,0.6166815142316362,0.02276106168064762
1667,0.6512539527987791,0.6301351846602576,0.021118768138521427
1668,0.6567838447441549,0.6304263141765443,0.026357530567610588
1669,0.6422506745973007,0.6289893253174159,0.01326134927988476
1670,0.6358028792019903,0.6254147313634898,0.010388147838500505
1671,0.6525459614008543,0.6199523601202469,0.0325936012806074
1672,0.6625509586528108,0.6363960776265706,0.026154881026240195
1673,0.6466179147939896,0.6275987952806971,0.019019119513292493
1674,0.6528674747685921,0.6100869989132419,0.042780475855350164
1675,0.6582863824363189,0.6394138330994609,0.018872549336858002
1676,0.6544332942834387,0.6255805497133786,0.02885274457006004
1677,0.6396424115499584,0.6390272103615668,0.0006152011883915343
1678,0.6528744246923776,0.634180404720386,0.018694019971991604
1679,0.6509317321194255,0.6187594729300815,0.032172259189343966
1680,0.6371498953138482,0.630879073215066,0.006270822098782269
1681,0.654889846400189,0.6245578384212525,0.030332007978936537
1682,0.6366078321361416,0.6174663024773083,0.01914152965883331
1683,0.6486119751309944,0.6147280525201785,0.033883922610815964
1684,0.6455328692616117,0.6178000990664496,0.02773277019516207
1685,0.6638286000186876,0.6245270993767916,0.03930150064189597
1686,0.6407689354037037,0.6185154154832588,0.022253519920444886
1687,0.635579062502518,0.6295854200415124,0.005993642461005644
1688,0.6481810641286625,0.6156223629501878,0.0325587011784747
1689,0.6480173462027035,0.6216932906059641,0.026324055596739337
1690,0.6602473518284532,0.634637661913958,0.025609689914495193
1691,0.6407396746248072,0.6253357097236795,0.01540396490112772
1692,0.6569393464421921,0.6249757949933604,0.03196355144883167
1693,0.6355234182817293,0.6187207504405056,0.01680266784122375
1694,0.6556034460641816,0.6403457088510354,0.015257737213146272
1695,0.654707058691048,0.6302763075568967,0.024430751134151274
1696,0.6511157141174246,0.6143558454562278,0.03675986866119685
1697,0.6291947610644298,0.5991655927285697,0.030029168335860112
1698,0.6492920001201118,0.6233162031064791,0.02597579701363273
1699,0.6583642512828237,0.6325613964372687,0.025802854845555
1700,0.6428368666372645,0.6261162952460978,0.016720571391166672
1701,0.6402086990619019,0.6284377679999884,0.011770931061913514
1702,0.6523566244585416,0.6304886564641684,0.021867967994373183
1703,0.6703492267467546,0.6343893662234467,0.03595986052330791
1704,0.6538835196969216,0.6374268804993162,0.016456639197605427
1705,0.6410355374814309,0.6013692795157622,0.039666257965668694
1706,0.6534648041162899,0.6254370941426276,0.02802770997366233
1707,0.6573599239799349,0.6373349625242395,0.020024961455695434
1708,0.6425367550242069,0.6226863273443475,0.01985042767985945
1709,0.6492078255108077,0.6297405207371402,0.019467304773667538
1710,0.6402814328173615,0.6217304787361314,0.018550954081230087
1711,0.6344707347926425,0.6237794807657459,0.010691254026896635
1712,0.6371069644928865,0.6255888179724071,0.011518146520479444
1713,0.6558218545406382,0.6219703039628377,0.03385155057780054
1714,0.649166260880195,0.6355954687501612,0.01357079213003387
1715,0.6558921333394401,0.6292220961159957,0.02667003722344441
1716,0.6388641766793134,0.6105195675131652,0.028344609166148227
1717,0.638920563059538,0.6297124121872398,0.009208150872298204
1718,0.6516372193479875,0.6220399234594381,0.029597295888549313
1719,0.6510409850760187,0.6447122472848937,0.006328737791124972
1720,0.6366336432455194,0.6181462280688862,0.018487415176633215
1721,0.6508475728044711,0.6261952914617276,0.024652281342743554
1722,0.6400016378366985,0.620083489167358,0.019918148669340496
1723,0.6254504826300068,0.6165597905097518,0.00889069212025495
1724,0.6489488156074373,0.6047274973518807,0.04422131825555664
1725,0.6386649764854693,0.6207175216946127,0.017947454790856576
1726,0.6450599895954942,0.6270510776260774,0.018008911969416785
1727,0.6617252942622024,0.6247541065464787,0.03697118771572372
1728,0.6567456537133444,0.6358518134066238,0.02089384030672059
1729,0.6222794922893881,0.6156971693875762,0.006582322901811821
1730,0.6394173150673773,0.6272298614771857,0.012187453590191577
1731,0.6411186016906921,0.6259912572717568,0.015127344418935373
1732,0.6426080054923536,0.6108100929958638,0.03179791249648989
1733,0.648781177375135,0.617810496295601,0.030970681079533935
1734,0.651765976124439,0.6189639801276757,0.032801995996763256
1735,0.6520605863563218,0.6194850569791126,0.0325755293772092
1736,0.6432621570440017,0.6264608678744686,0.01680128916953305
1737,0.6677299508976774,0.631164463775447,0.0365654871222304
1738,0.6299682375067853,0.6301194319170568,-0.0001511944102714491
1739,0.6470654308523222,0.6196916899420206,0.027373740910301536
1740,0.6438144281610038,0.6124084222680938,0.03140600589290998
1741,0.6545265511658183,0.6208329003613652,0.03369365080445308
1742,0.6368612554931538,0.6199035355111311,0.016957719982022668
1743,0.6496528037310924,0.6203608517215465,0.02929195200954582
1744,0.6445488751826463,0.6243637807648365,0.0201850944178098
1745,0.6429576464110359,0.6269647634966646,0.015992882914371287
1746,0.672673483132856,0.6439091930230648,0.028764290109791202
1747,0.6455245491588976,0.6340105462508049,0.01151400290809268
1748,0.6640962206998449,0.6423844641943738,0.02171175650547108
1749,0.6444361710060679,0.6290634037185981,0.015372767287469724
1750,0.6512217158513334,0.617828797207505,0.03339291864382832
1751,0.6700767668880112,0.6240338528654227,0.04604291402258853
1752,0.6577023472834269,0.6317794931762588,0.025922854107168103
1753,0.6590389324322655,0.6121322134487012,0.046906718983564355
1754,0.6492814620477109,0.6152178521741851,0.034063609873525746
1755,0.6374951981897784,0.6321910595220723,0.005304138667706071
1756,0.6427301561660878,0.6248413302526699,0.017888825913417894
1757,0.6435445689411612,0.6369763890101667,0.0065681799309944555
1758,0.6586803873333079,0.6217681180361438,0.03691226929716407
1759,0.6569619548419704,0.63444066634775,0.022521288494220415
1760,0.6474146174592064,0.6195369300833545,0.027877687375851834
1761,0.6523704487992192,0.6210574883999557,0.03131296039926357
1762,0.6468149098929591,0.642042960918467,0.0047719489744920685
1763,0.6307160082686258,0.625336474655361,0.00537953361326482
1764,0.6317683893039902,0.6211017345475851,0.010666654756405047
1765,0.6504983607148634,0.6191004681109085,0.03139789260395498
1766,0.631575493526494,0.6356390795164311,-0.0040635859899370574
1767,0.6528457143754359,0.6181077869377283,0.03473792743770765
1768,0.6459899708065139,0.6360840229481557,0.009905947858358188
1769,0.6400001902028215,0.6111643811063111,0.0288358090965104
1770,0.6434247180602808,0.6250509110521002,0.018373807008180587
1771,0.6271104341016726,0.6089998487801787,0.0181105853214939
1772,0.6407334747799563,0.620177087376062,0.020556387403894316
1773,0.6494669745230279,0.611417428154647,0.03804954636838098
1774,0.6588698211098714,0.6279324581976203,0.03093736291225102
1775,0.6378338470030721,0.6366306990238877,0.0012031479791844157
1776,0.6526177653464837,0.6277692702008238,0.0248484951456599
1777,0.6437468490278246,0.6314077162194566,0.01233913280836807
1778,0.6591234009407311,0.6233411463171001,0.03578225462363094
1779,0.6522573492114555,0.619185257226384,0.03307209198507155
1780,0.6472096900906039,0.6153221459922116,0.03188754409839234
1781,0.6307828516959718,0.6328179078662753,-0.0020350561703035286
1782,0.631024525960275,0.6001623039948311,0.03086222196544397
1783,0.6535551625606391,0.6221501935705845,0.031404968990054516
1784,0.6451110365653058,0.611960416344366,0.03315062022093973
1785,0.6479145642644074,0.621910220260719,0.02600434400368845
1786,0.6395130007775495,0.6140448660397757,0.025468134737773762
1787,0.6443581840935513,0.6302923630394434,0.014065821054107919
1788,0.6238843482599467,0.6239929236833467,-0.0001085754234000369
1789,0.6444065853524625,0.6347425053631978,0.009664079989264773
1790,0.6685807234153162,0.6268474406710062,0.041733282744309985
1791,0.6489788691246586,0.6178019057739896,0.031176963350668996
1792,0.6498069670547457,0.6159623126791397,0.03384465437560602
1793,0.6369558384637702,0.6187325864919477,0.018223251971822507
1794,0.6564476926428391,0.6376067385287759,0.01884095411406317
1795,0.6525114387426192,0.6238646599257006,0.028646778816918572
1796,0.6626201892073236,0.6238519329498667,0.038768256257456835
1797,0.645693448151782,0.6229999046378624,0.022693543513919612
1798,0.6467737454432806,0.6280756185761888,0.018698126867091824
1799,0.6622932107200025,0.6311773493571975,0.031115861362804975
1800,0.6620893459165827,0.6386394037669073,0.02344994214967544
1801,0.6320356656113516,0.6330540839152434,-0.0010184183038918215
1802,0.6365329684072486,0.6275964306795823,0.008936537727666338
1803,0.641090369116915,0.6318554847653618,0.009234884351553174
1804,0.6416196461347439,0.6086562356522353,0.032963410482508615
1805,0.6693464434050509,0.6300920914739,0.0392543519311509
1806,0.6586900384731451,0.6348496514373468,0.02384038703579827
1807,0.6510958792496441,0.6249265706112215,0.026169308638422595
1808,0.645062825227717,0.6286900972897294,0.016372727937987608
1809,0.6706189264946291,0.63820562299605,0.03241330349857907
1810,0.6582379522544478,0.6295659530378891,0.02867199921655872
1811,0.6795732043261967,0.6429881504924833,0.036585053833713466
1812,0.6435955730937774,0.6265322910493923,0.01706328204438501
1813,0.6409248203747654,0.6293874852567122,0.011537335118053216
1814,0.6315493729262245,0.6251481068696348,0.006401266056589638
1815,0.6459379057696045,0.6128474629921298,0.03309044277747475
1816,0.6495394102016807,0.6280839272689525,0.021455482932728254
1817,0.6493974421712397,0.6161205400272932,0.03327690214394652
1818,0.6296277507529456,0.6125370072651573,0.017090743487788385
1819,0.6347223686988567,0.6350100897864532,-0.0002877210875965597
1820,0.6401456250393954,0.6219128252939571,0.018232799745438344
1821,0.6596859486298796,0.6425801814180985,0.017105767211781142
1822,0.6565749986608126,0.6319513120079706,0.02462368665284198
1823,0.6473964856716314,0.6124577582023987,0.034938727469232767
1824,0.663260870688224,0.6144854469825402,0.048775423705683885
1825,0.6628260197263225,0.6391879967371312,0.023638022989191265
1826,0.6582929091025452,0.623326514136893,0.03496639496565224
1827,0.6371204704562333,0.6246156803241377,0.0125047901320956
1828,0.6313549946460841,0.6229735434902328,0.008381451155851316
1829,0.6401966019936332,0.6244126011990959,0.015784000794537234
1830,0.6514049254552838,0.6290364509541155,0.0223684745011683
1831,0.661730773281715,0.6319481035556339,0.029782669726081124
1832,0.6446742051560596,0.6191183822262271,0.025555822929832495
1833,0.6459648261492067,0.6192226748572964,0.026742151291910266
1834,0.6469591960686562,0.6372959189944488,0.009663277074207333
1835,0.6675586022791915,0.6340056290272638,0.03355297325192774
1836,0.6355710523396376,0.6378002952289322,-0.0022292428892946026
1837,0.6463588656167362,0.6228329229647992,0.02352594265193697
1838,0.6590461517769707,0.6440828992225713,0.014963252554399342
1839,0.6589187596818077,0.6244848366541413,0.03443392302766635
1840,0.6436622015940766,0.63824381648895,0.0054183851051266
1841,0.6303762588511935,0.6310308944920969,-0.0006546356409034004
1842,0.6460196155252694,0.6134938019403532,0.03252581358491624
1843,0.6472314470710608,0.6263003087217996,0.02093113834926119
1844,0.6411061866193583,0.6295318148368986,0.01157437178245968
1845,0.6459756764439553,0.6182902744250475,0.02768540201890779
1846,0.659137793777195,0.6357876167366792,0.023350177040515785
1847,0.6501743292116833,0.6338938946955129,0.01628043451617034
1848,0.6582348496065871,0.6209985733894046,0.03723627621718251
1849,0.6512490245248039,0.6353147365502053,0.015934287974598615
1850,0.6459857674096486,0.6396065071658558,0.0063792602437928725
1851,0.6683550799086394,0.6172816273111241,0.05107345259751528
1852,0.6662492019591926,0.6297260551799692,0.036523146779223414
1853,0.6403497305299891,0.6315633896052418,0.008786340924747282
1854,0.6547747596749344,0.6295160509415816,0.025258708733352786
1855,0.6476935630503234,0.6212914017985499,0.026402161251773526
1856,0.6702969991803401,0.6457554294239732,0.0245415697563669
1857,0.6431144835763524,0.6269415632618598,0.016172920314492578
1858,0.6336642262919351,0.6192454745777926,0.01441875171414253
1859,0.6636707754706977,0.6276146314682225,0.036056144002475254
1860,0.6423294760358437,0.62535133993817,0.016978136097673624
1861,0.6292982419591241,0.6223566099716261,0.006941631987497976
1862,0.6464991041968731,0.6126277422433853,0.03387136195348772
1863,0.6526719922151685,0.6322779033085532,0.020394088906615315
1864,0.6528378238409798,0.648288204398997,0.004549619441982733
1865,0.6403252119389137,0.6218469235960816,0.01847828834283205
1866,0.6534759279820458,0.6324946964713917,0.02098123151065412
1867,0.6473210154247449,0.6292835406528196,0.0180374747719253
1868,0.6461995218863003,0.6448050318835722,0.001394490002728066
1869,0.6493690655021392,0.6192707573454905,0.030098308156648712
1870,0.6356987891046985,0.6212457186034245,0.014453070501273979
1871,0.6342163416673603,0.6354301458966621,-0.0012138042293018403
1872,0.6380107683393417,0.6191034618317642,0.018907306507577437
1873,0.6561046749427876,0.6297842556465022,0.02632041929628537
1874,0.6352453105322494,0.6286057318414273,0.006639578690822101
1875,0.6453223282863307,0.6323519228744664,0.012970405411864339
1876,0.6288598166830005,0.6198387702883891,0.009021046394611432
1877,0.6713890522311426,0.6366615734724405,0.03472747875870219
1878,0.6449939390848084,0.6222321040894702,0.022761834995338237
1879,0.6346949316124255,0.6241764940029665,0.01051843760945903
1880,0.6529809357063404,0.619591352776781,0.0333895829295594
1881,0.6397638321766218,0.6191058454452721,0.020657986731349665
1882,0.6398802029910313,0.6254284895071897,0.014451713483841666
1883,0.6377734347577833,0.6219926233505894,0.015780811407193895
1884,0.643507182480954,0.6297700557401079,0.01373712674084604
1885,0.6564348096470998,0.6272415829793706,0.029193226667729166
1886,0.6437537991075845,0.6212593071723133,0.0224944919352712
1887,0.6353293962174474,0.6181471779924433,0.017182218225004098
1888,0.6387802927413935,0.6186719039666931,0.020108388774700336
1889,0.6465087109096898,0.6155426559648717,0.030966054944818078
1890,0.6350296486640415,0.6237019747814092,0.011327673882632339
1891,0.6470174924771382,0.6221892943396719,0.024828198137466395
1892,0.6618973122320458,0.6178890652727335,0.04400824695931238
1893,0.6462411476120962,0.6154842524800875,0.030756895132008633
1894,0.6328822491798957,0.6206891185592299,0.012193130620665737
1895,0.6271749614399168,0.6129963746917411,0.014178586748175737
1896,0.6544718693793391,0.6200146002831942,0.03445726909614488
1897,0.6502021267188426,0.636400794710644,0.013801332008198552
1898,0.6616139557886572,0.6300233041497502,0.031590651638907064
1899,0.6512610453596244,0.6211014644956107,0.030159580864013713
1900,0.6443135274695276,0.6135560532486121,0.03075747422091557
1901,0.6402465186889583,0.6241780251729915,0.016068493515966842
1902,0.6540458810905102,0.6352885908288496,0.01875729026166062
1903,0.6250802547251344,0.6155447712797928,0.009535483445341608
1904,0.6543815391833477,0.6256708726949297,0.028710666488418024
1905,0.643463867983655,0.6240370947212907,0.019426773262364305
1906,0.6528458736780146,0.6207638762124649,0.03208199746554974
1907,0.6297566786163137,0.6331791105309238,-0.0034224319146101134
1908,0.64178694322253,0.6198528216018345,0.021934121620695524
1909,0.6454723422999712,0.6210612631644062,0.02441107913556495
1910,0.6644550575513667,0.6367901090398378,0.027664948511528897
1911,0.6507914283994288,0.6322019841181413,0.018589444281287504
1912,0.6394053188415249,0.6259419726447245,0.013463346196800341
1913,0.6563051204061139,0.6336473751707971,0.02265774523531683
1914,0.6455017313044158,0.6270804980736352,0.018421233230780598
1915,0.6452278082317499,0.6299129627517033,0.01531484548004658
1916,0.6294816356193386,0.6132107056817288,0.016270929937609813
1917,0.6396601982671611,0.6272740980536023,0.012386100213558793
1918,0.6662987883364858,0.6184935803738755,0.04780520796261034
1919,0.6530215251104573,0.6131806788157087,0.0398408462947486
1920,0.6335111797238977,0.6110338982494844,0.022477281474413302
1921,0.6571367600215555,0.6253172086721971,0.03181955134935843
1922,0.6521202477156424,0.6340189721517934,0.018101275563848995
1923,0.6497689860703325,0.6361386410949575,0.013630344975374964
1924,0.651516463583412,0.6399260804162415,0.011590383167170426
1925,0.6438351509052787,0.6245752806213359,0.019259870283942715
1926,0.6630711247926473,0.646585826022744,0.016485298769903345
1927,0.6556488053708209,0.6377598423908325,0.017888962979988432
1928,0.6387100353895029,0.6240293113919355,0.014680723997567369
1929,0.6479507212201111,0.6367264917614784,0.011224229458632662
1930,0.6623525491062578,0.6258506246903979,0.036501924415859976
1931,0.6453355083836468,0.6346845695401284,0.01065093884351842
1932,0.657382068650723,0.6394129094277293,0.01796915922299369
1933,0.6496993139917016,0.6393324515151124,0.010366862476589134
1934,0.6551237213904595,0.6280820749323656,0.027041646458093926
1935,0.6531407116545412,0.6173821227567645,0.03575858889777672
1936,0.6485903201124552,0.6217428754252676,0.026847444687187583
1937,0.6609717599109753,0.6376219810574792,0.023349778853496095
1938,0.6356567064941795,0.6307798816428377,0.004876824851341777
1939,0.6616765898094764,0.6358369075708986,0.0258396822385778
1940,0.6600377152907285,0.6309815665848157,0.029056148705912777
1941,0.6541868731858711,0.6233009335727658,0.030885939613105262
1942,0.6737792364234577,0.6471945597668408,0.0265846766566169
1943,0.659159310292561,0.6323519887670815,0.02680732152547949
1944,0.6403919794809357,0.6278938092345934,0.012498170246342366
1945,0.6482263947784582,0.631612364637571,0.016614030140887248
1946,0.6302539074612358,0.6124359617814189,0.01781794567981687
1947,0.6501664904766132,0.6344535224588291,0.0157129680177841
1948,0.6411430158995767,0.6076860790652715,0.03345693683430517
1949,0.6529235607810402,0.6368160465243701,0.01610751425667012
1950,0.648419468473912,0.6271922640996107,0.021227204374301256
1951,0.6680252058392865,0.6330460767676523,0.03497912907163414
1952,0.6433354091275512,0.6264450342981884,0.01689037482936273
1953,0.6666017115283979,0.6328803153542232,0.03372139617417469
1954,0.6428847907706289,0.6256479655880014,0.01723682518262748
1955,0.6424847374644619,0.6299582848562802,0.012526452608181637
1956,0.6464829792377468,0.6333412343556786,0.013141744882068207
1957,0.6691684204526204,0.6249305036447803,0.04423791680784006
1958,0.6613338711044678,0.6273736047931525,0.033960266311315324
1959,0.655524661236325,0.6201447059757101,0.03537995526061488
1960,0.6507297520035915,0.620380593446475,0.030349158557116507
1961,0.6545290597196706,0.6451160796210341,0.009412980098636448
1962,0.6522327580243942,0.6235274440909351,0.028705313933459098
1963,0.6697361325131634,0.6277249653780514,0.04201116713511199
1964,0.6557138964516699,0.6295764762164479,0.02613742023522203
1965,0.65494056250788,0.6284761202758932,0.02646444223198685
1966,0.6600759176088499,0.6398774970861674,0.020198420522682503
1967,0.6426737566781601,0.6323940377413005,0.010279718936859528
1968,0.6422810786129838,0.615360015070169,0.02692106354281476
1969,0.6582046127027451,0.6194874384950201,0.038717174207725025
1970,0.652275154697925,0.5997494063021912,0.05252574839573376
1971,0.6506431451866924,0.6258449430966012,0.024798202090091204
1972,0.6705135477067329,0.6465281597518003,0.023985387954932547
1973,0.6333872442391902,0.6141556073636888,0.019231636875501446
1974,0.6447831657444,0.6277167495348012,0.01706641620959881
1975,0.6415394300604297,0.6398794570614255,0.0016599729990042222
1976,0.6422191452158479,0.6283408536834836,0.013878291532364306
1977,0.6692363673397059,0.6372681794088736,0.03196818793083234
1978,0.6468021981273934,0.6262615848947298,0.02054061323266354
1979,0.6426052877265013,0.6161993579990107,0.026405929727490562
1980,0.6375371630110284,0.6419012952654998,-0.004364132254471409
1981,0.6444691136228489,0.6460720633956122,-0.001602949772763318
1982,0.6571598473977315,0.6257065927607602,0.03145325463697124
1983,0.6496922083847725,0.6208762771375479,0.02881593124722459
1984,0.6522987163476123,0.6344591045904532,0.01783961175715909
1985,0.6500518148070151,0.6137951159848739,0.03625669882214122
1986,0.6543133524810586,0.6495091382646263,0.00480421421643229
1987,0.6543803065759223,0.6251096442658964,0.02927066231002584
1988,0.6375068147953876,0.6223180014488532,0.015188813346534435
1989,0.6526224677170844,0.6190770079296825,0.03354545978740198
1990,0.6580260987533585,0.6315338706555232,0.026492228097835246
1991,0.6342319705512165,0.6095302653749636,0.02470170517625292
1992,0.6568440048661341,0.6216801284904223,0.03516387637571183
1993,0.6375588637590814,0.6254326419908803,0.012126221768201106
1994,0.6849848119000703,0.6287188534824089,0.056265958417661466
1995,0.6365781552676008,0.612264754255418,0.02431340101218271
1996,0.6312266928987117,0.6372064316570943,-0.005979738758382647
1997,0.6385418240452035,0.6331103882663633,0.005431435778840199
1998,0.641299169333319,0.6192517767243972,0.022047392608921745
1999,0.6544960218947395,0.6362294025056685,0.018266619389071037
2000,0.6360342040291213,0.6330942933810638,0.002939910648057431
