symbol,maxClinicalTrialPhase,chembl,globalScore,label_definition
EGFR,1.0,0.6415169547180812,0.8292698311059319,Open Targets LUAD association with maxClinicalTrialPhase > 0
BRAF,1.0,,0.8019671478753251,Open Targets LUAD association with maxClinicalTrialPhase > 0
KRAS,1.0,,0.8003886728265591,Open Targets LUAD association with maxClinicalTrialPhase > 0
ALK,1.0,0.469457671488974,0.769868694635861,Open Targets LUAD association with maxClinicalTrialPhase > 0
ERBB2,1.0,0.1519826994029052,0.7567662076802342,Open Targets LUAD association with maxClinicalTrialPhase > 0
ROS1,1.0,,0.754504598894159,Open Targets LUAD association with maxClinicalTrialPhase > 0
MET,1.0,0.4770568064591193,0.7151953563766649,Open Targets LUAD association with maxClinicalTrialPhase > 0
RET,1.0,,0.6862722871306738,Open Targets LUAD association with maxClinicalTrialPhase > 0
KEAP1,1.0,,0.6353488343837773,Open Targets LUAD association with maxClinicalTrialPhase > 0
EML4,1.0,0.469457671488974,0.6176371143739875,Open Targets LUAD association with maxClinicalTrialPhase > 0
ERBB4,1.0,0.1519826994029052,0.5828932272872733,Open Targets LUAD association with maxClinicalTrialPhase > 0
PIK3CA,1.0,,0.5688147613265605,Open Targets LUAD association with maxClinicalTrialPhase > 0
NTRK1,1.0,,0.551348162477766,Open Targets LUAD association with maxClinicalTrialPhase > 0
KIF5B,1.0,,0.5344506612823122,Open Targets LUAD association with maxClinicalTrialPhase > 0
TERT,1.0,,0.5204061388951156,Open Targets LUAD association with maxClinicalTrialPhase > 0
CD74,1.0,,0.4903318817735577,Open Targets LUAD association with maxClinicalTrialPhase > 0
SDC4,1.0,,0.4866751840735412,Open Targets LUAD association with maxClinicalTrialPhase > 0
CCDC6,1.0,,0.4626404601047864,Open Targets LUAD association with maxClinicalTrialPhase > 0
FGFR2,1.0,0.0759913497014526,0.4570347073798985,Open Targets LUAD association with maxClinicalTrialPhase > 0
FGFR3,1.0,0.0759913497014526,0.4518303101472256,Open Targets LUAD association with maxClinicalTrialPhase > 0
KDR,1.0,0.1818341176626687,0.4483623859411038,Open Targets LUAD association with maxClinicalTrialPhase > 0
ARAF,1.0,,0.4352171420788734,Open Targets LUAD association with maxClinicalTrialPhase > 0
TUBB,1.0,0.6525092942184839,0.4117047062897978,Open Targets LUAD association with maxClinicalTrialPhase > 0
TUBB6,1.0,0.6525092942184839,0.4013455924809566,Open Targets LUAD association with maxClinicalTrialPhase > 0
IGF1R,1.0,0.1519826994029052,0.4005082433039439,Open Targets LUAD association with maxClinicalTrialPhase > 0
TUBB3,1.0,0.6525092942184839,0.3997421054655539,Open Targets LUAD association with maxClinicalTrialPhase > 0
TUBB4A,1.0,0.6525092942184839,0.3978354327291285,Open Targets LUAD association with maxClinicalTrialPhase > 0
TUBB4B,1.0,0.6525092942184839,0.3976044453199506,Open Targets LUAD association with maxClinicalTrialPhase > 0
TUBB1,1.0,0.6525092942184839,0.3974196553926082,Open Targets LUAD association with maxClinicalTrialPhase > 0
TUBB2B,1.0,0.6525092942184839,0.3973202590955392,Open Targets LUAD association with maxClinicalTrialPhase > 0
TUBB2A,1.0,0.6525092942184839,0.3966804956832389,Open Targets LUAD association with maxClinicalTrialPhase > 0
TUBB8,1.0,0.6525092942184839,0.3966804956832389,Open Targets LUAD association with maxClinicalTrialPhase > 0
NTRK2,1.0,,0.3875868269876682,Open Targets LUAD association with maxClinicalTrialPhase > 0
MAP2K1,1.0,0.0607930797611621,0.3868745335649459,Open Targets LUAD association with maxClinicalTrialPhase > 0
DDR2,1.0,,0.3855216449362449,Open Targets LUAD association with maxClinicalTrialPhase > 0
FGFR1,1.0,0.0759913497014526,0.3800217467825879,Open Targets LUAD association with maxClinicalTrialPhase > 0
FLT3,1.0,,0.3771625963024043,Open Targets LUAD association with maxClinicalTrialPhase > 0
NTRK3,1.0,,0.3754433152990378,Open Targets LUAD association with maxClinicalTrialPhase > 0
TYMS,1.0,0.5744064863863053,0.3748820829267258,Open Targets LUAD association with maxClinicalTrialPhase > 0
PDCD1,1.0,0.5722557162347304,0.3736505512934944,Open Targets LUAD association with maxClinicalTrialPhase > 0
VEGFA,1.0,0.5698140735500097,0.3714494111107757,Open Targets LUAD association with maxClinicalTrialPhase > 0
PDGFRB,1.0,0.1435392161027438,0.3695340656935992,Open Targets LUAD association with maxClinicalTrialPhase > 0
NPM1,1.0,0.469457671488974,0.3655458488064116,Open Targets LUAD association with maxClinicalTrialPhase > 0
MTOR,1.0,,0.3589423233830623,Open Targets LUAD association with maxClinicalTrialPhase > 0
MAP2K2,1.0,0.0607930797611621,0.3570390823340226,Open Targets LUAD association with maxClinicalTrialPhase > 0
GART,1.0,0.5744064863863053,0.3567549306661405,Open Targets LUAD association with maxClinicalTrialPhase > 0
DHFR,1.0,0.5744064863863053,0.354343582542893,Open Targets LUAD association with maxClinicalTrialPhase > 0
POLE,1.0,0.1654922726831635,0.3533144271252527,Open Targets LUAD association with maxClinicalTrialPhase > 0
EZH2,1.0,,0.3529681833293918,Open Targets LUAD association with maxClinicalTrialPhase > 0
AKT2,1.0,0.1215861595223242,0.3515622530986454,Open Targets LUAD association with maxClinicalTrialPhase > 0
KMT2A,1.0,,0.3481181440583338,Open Targets LUAD association with maxClinicalTrialPhase > 0
DNMT3A,1.0,,0.3438695295097791,Open Targets LUAD association with maxClinicalTrialPhase > 0
AR,1.0,,0.3436786752813183,Open Targets LUAD association with maxClinicalTrialPhase > 0
JAK2,1.0,,0.3375019928842583,Open Targets LUAD association with maxClinicalTrialPhase > 0
PDGFRA,1.0,0.0759913497014526,0.3371065550127561,Open Targets LUAD association with maxClinicalTrialPhase > 0
SMO,1.0,,0.3310440367085938,Open Targets LUAD association with maxClinicalTrialPhase > 0
MALT1,1.0,,0.3274484185476056,Open Targets LUAD association with maxClinicalTrialPhase > 0
JAK3,1.0,,0.3261490887057121,Open Targets LUAD association with maxClinicalTrialPhase > 0
ACVR1,1.0,,0.3254612595317155,Open Targets LUAD association with maxClinicalTrialPhase > 0
CACNA1D,1.0,,0.3250464323319738,Open Targets LUAD association with maxClinicalTrialPhase > 0
KCNJ5,1.0,,0.3233823728491141,Open Targets LUAD association with maxClinicalTrialPhase > 0
AKT1,1.0,0.1215861595223242,0.3229100782806999,Open Targets LUAD association with maxClinicalTrialPhase > 0
FLT4,1.0,0.162537053528107,0.3198987280080881,Open Targets LUAD association with maxClinicalTrialPhase > 0
CD274,1.0,0.1654922726831635,0.3180519253384298,Open Targets LUAD association with maxClinicalTrialPhase > 0
CHRNA3,1.0,,0.3163164035002424,Open Targets LUAD association with maxClinicalTrialPhase > 0
POLD1,1.0,0.1654922726831635,0.3102324720399029,Open Targets LUAD association with maxClinicalTrialPhase > 0
RPL5,1.0,,0.3087609178951918,Open Targets LUAD association with maxClinicalTrialPhase > 0
ERBB3,1.0,0.1519826994029052,0.3063476445701059,Open Targets LUAD association with maxClinicalTrialPhase > 0
KIT,1.0,0.1215861595223242,0.3031125015881544,Open Targets LUAD association with maxClinicalTrialPhase > 0
CHRNA4,1.0,,0.3028321831075618,Open Targets LUAD association with maxClinicalTrialPhase > 0
FGFR4,1.0,0.0759913497014526,0.3026482527861522,Open Targets LUAD association with maxClinicalTrialPhase > 0
BTK,1.0,,0.3026076134760105,Open Targets LUAD association with maxClinicalTrialPhase > 0
SRC,1.0,,0.3025321682013127,Open Targets LUAD association with maxClinicalTrialPhase > 0
TOP2A,1.0,0.4475046149085543,0.3021336405963102,Open Targets LUAD association with maxClinicalTrialPhase > 0
NFE2L2,1.0,,0.3016375003402114,Open Targets LUAD association with maxClinicalTrialPhase > 0
MEN1,1.0,,0.3014832809221197,Open Targets LUAD association with maxClinicalTrialPhase > 0
CXCR4,1.0,,0.3008080687110526,Open Targets LUAD association with maxClinicalTrialPhase > 0
ABL1,1.0,0.1215861595223242,0.3001684086967959,Open Targets LUAD association with maxClinicalTrialPhase > 0
JAK1,1.0,,0.2992059486792029,Open Targets LUAD association with maxClinicalTrialPhase > 0
EPHA7,1.0,,0.2965108496871604,Open Targets LUAD association with maxClinicalTrialPhase > 0
CCND1,1.0,,0.2963012160668182,Open Targets LUAD association with maxClinicalTrialPhase > 0
CSF3R,1.0,0.1215861595223242,0.2962955939843419,Open Targets LUAD association with maxClinicalTrialPhase > 0
CDK4,1.0,,0.2945645103168395,Open Targets LUAD association with maxClinicalTrialPhase > 0
PTK6,1.0,,0.2942639836508492,Open Targets LUAD association with maxClinicalTrialPhase > 0
PPARG,1.0,,0.2929538812762661,Open Targets LUAD association with maxClinicalTrialPhase > 0
RARA,1.0,,0.2918759180819665,Open Targets LUAD association with maxClinicalTrialPhase > 0
BCL2,1.0,,0.2909531152015103,Open Targets LUAD association with maxClinicalTrialPhase > 0
XPO1,1.0,,0.2905105898864241,Open Targets LUAD association with maxClinicalTrialPhase > 0
EPAS1,1.0,,0.2899953269175079,Open Targets LUAD association with maxClinicalTrialPhase > 0
RAF1,1.0,,0.2893749568407169,Open Targets LUAD association with maxClinicalTrialPhase > 0
ESR1,1.0,,0.288589079027257,Open Targets LUAD association with maxClinicalTrialPhase > 0
IDH1,1.0,,0.287530201074242,Open Targets LUAD association with maxClinicalTrialPhase > 0
CDK6,1.0,,0.2846914325638771,Open Targets LUAD association with maxClinicalTrialPhase > 0
ACVR2A,1.0,,0.2828671812793036,Open Targets LUAD association with maxClinicalTrialPhase > 0
SYK,1.0,,0.2825211787351696,Open Targets LUAD association with maxClinicalTrialPhase > 0
BCL11A,1.0,,0.282446270889246,Open Targets LUAD association with maxClinicalTrialPhase > 0
IDH2,1.0,,0.2812392174757233,Open Targets LUAD association with maxClinicalTrialPhase > 0
CD79B,1.0,,0.280927468497287,Open Targets LUAD association with maxClinicalTrialPhase > 0
IL6ST,1.0,,0.2806966657015493,Open Targets LUAD association with maxClinicalTrialPhase > 0
LCK,1.0,,0.2806075566389684,Open Targets LUAD association with maxClinicalTrialPhase > 0
MUC16,1.0,,0.2803644781036598,Open Targets LUAD association with maxClinicalTrialPhase > 0
RPL22,1.0,,0.2800370784353521,Open Targets LUAD association with maxClinicalTrialPhase > 0
GRIN2A,1.0,,0.2798146570017494,Open Targets LUAD association with maxClinicalTrialPhase > 0
RXRA,1.0,,0.279535829533604,Open Targets LUAD association with maxClinicalTrialPhase > 0
ATP1A1,1.0,,0.2789235622293896,Open Targets LUAD association with maxClinicalTrialPhase > 0
BMPR1A,1.0,,0.277554470868211,Open Targets LUAD association with maxClinicalTrialPhase > 0
RPL10,1.0,,0.2771848910135263,Open Targets LUAD association with maxClinicalTrialPhase > 0
MPL,1.0,,0.2771848910135263,Open Targets LUAD association with maxClinicalTrialPhase > 0
TOP2B,1.0,0.4475046149085543,0.2729757871129505,Open Targets LUAD association with maxClinicalTrialPhase > 0
PRKCB,1.0,,0.2512775661199428,Open Targets LUAD association with maxClinicalTrialPhase > 0
COL3A1,1.0,,0.2399380942880851,Open Targets LUAD association with maxClinicalTrialPhase > 0
LYN,1.0,,0.2344014712353129,Open Targets LUAD association with maxClinicalTrialPhase > 0
COL2A1,1.0,,0.2321423462238283,Open Targets LUAD association with maxClinicalTrialPhase > 0
COL1A1,1.0,,0.2234678617656863,Open Targets LUAD association with maxClinicalTrialPhase > 0
ITGAV,1.0,,0.2212622741002944,Open Targets LUAD association with maxClinicalTrialPhase > 0
EPHA3,1.0,,0.2200339830920349,Open Targets LUAD association with maxClinicalTrialPhase > 0
ROCK1,1.0,,0.2145253639892989,Open Targets LUAD association with maxClinicalTrialPhase > 0
ALDH2,1.0,,0.2121199171136537,Open Targets LUAD association with maxClinicalTrialPhase > 0
PRKD1,1.0,,0.2108387367890946,Open Targets LUAD association with maxClinicalTrialPhase > 0
BCR,1.0,0.1215861595223242,0.2089667411977034,Open Targets LUAD association with maxClinicalTrialPhase > 0
AKT3,1.0,0.1215861595223242,0.2052410395404319,Open Targets LUAD association with maxClinicalTrialPhase > 0
CSF1R,1.0,,0.2021673936329943,Open Targets LUAD association with maxClinicalTrialPhase > 0
FLT1,1.0,0.1435392161027438,0.2008895103577536,Open Targets LUAD association with maxClinicalTrialPhase > 0
CCR4,1.0,,0.1964242637792356,Open Targets LUAD association with maxClinicalTrialPhase > 0
GSK3B,1.0,,0.1937746548152718,Open Targets LUAD association with maxClinicalTrialPhase > 0
ITK,1.0,,0.1888886705918749,Open Targets LUAD association with maxClinicalTrialPhase > 0
TSHR,1.0,,0.1876708536401535,Open Targets LUAD association with maxClinicalTrialPhase > 0
TOP1,1.0,,0.1859397313347033,Open Targets LUAD association with maxClinicalTrialPhase > 0
TEC,1.0,,0.1851595071970355,Open Targets LUAD association with maxClinicalTrialPhase > 0
PSMA4,1.0,,0.1650415372509576,Open Targets LUAD association with maxClinicalTrialPhase > 0
TGFB2,1.0,,0.1311712281580958,Open Targets LUAD association with maxClinicalTrialPhase > 0
NDUFAF2,1.0,0.1730914076533087,0.1237065902486293,Open Targets LUAD association with maxClinicalTrialPhase > 0
GPD2,1.0,0.1730914076533087,0.1237065902486293,Open Targets LUAD association with maxClinicalTrialPhase > 0
RRM1,1.0,0.1654922726831635,0.1204483596944377,Open Targets LUAD association with maxClinicalTrialPhase > 0
HTR4,1.0,,0.120113452772528,Open Targets LUAD association with maxClinicalTrialPhase > 0
CHRNB4,1.0,,0.1187275283174604,Open Targets LUAD association with maxClinicalTrialPhase > 0
NDUFS1,1.0,0.1730914076533087,0.1174922558410263,Open Targets LUAD association with maxClinicalTrialPhase > 0
RPL17,1.0,,0.1170665847371991,Open Targets LUAD association with maxClinicalTrialPhase > 0
RRM2,1.0,,0.1160287820478185,Open Targets LUAD association with maxClinicalTrialPhase > 0
NDUFS8,1.0,0.1730914076533087,0.1146005532734812,Open Targets LUAD association with maxClinicalTrialPhase > 0
IL6,1.0,,0.1144603513548351,Open Targets LUAD association with maxClinicalTrialPhase > 0
TGFB1,1.0,,0.1144340092310246,Open Targets LUAD association with maxClinicalTrialPhase > 0
COL11A1,1.0,,0.1119523653597627,Open Targets LUAD association with maxClinicalTrialPhase > 0
NDUFA13,1.0,0.1730914076533087,0.1113410642773037,Open Targets LUAD association with maxClinicalTrialPhase > 0
MT-ND6,1.0,0.1730914076533087,0.1111736240709173,Open Targets LUAD association with maxClinicalTrialPhase > 0
CD4,1.0,,0.1096441003926301,Open Targets LUAD association with maxClinicalTrialPhase > 0
PRIM2,1.0,0.1654922726831635,0.1092570445411649,Open Targets LUAD association with maxClinicalTrialPhase > 0
NDUFB10,1.0,0.1730914076533087,0.1087103743394438,Open Targets LUAD association with maxClinicalTrialPhase > 0
NDUFS3,1.0,0.1730914076533087,0.1085948806348548,Open Targets LUAD association with maxClinicalTrialPhase > 0
NDUFB8,1.0,0.1730914076533087,0.1085024856711836,Open Targets LUAD association with maxClinicalTrialPhase > 0
TNF,1.0,,0.1078072712737402,Open Targets LUAD association with maxClinicalTrialPhase > 0
CEACAM5,1.0,,0.1075155363074032,Open Targets LUAD association with maxClinicalTrialPhase > 0
POLE2,1.0,0.1654922726831635,0.1075010733665744,Open Targets LUAD association with maxClinicalTrialPhase > 0
MT-ND5,1.0,0.1730914076533087,0.1072551536616228,Open Targets LUAD association with maxClinicalTrialPhase > 0
ADRB2,1.0,,0.1071203120389662,Open Targets LUAD association with maxClinicalTrialPhase > 0
LDHA,1.0,,0.1070714201724588,Open Targets LUAD association with maxClinicalTrialPhase > 0
POLD2,1.0,0.1654922726831635,0.1070267327792135,Open Targets LUAD association with maxClinicalTrialPhase > 0
PTGS2,1.0,0.030396539880581,0.1063597406422888,Open Targets LUAD association with maxClinicalTrialPhase > 0
NDUFA11,1.0,0.1730914076533087,0.106151547151106,Open Targets LUAD association with maxClinicalTrialPhase > 0
NDUFB5,1.0,0.1730914076533087,0.106151547151106,Open Targets LUAD association with maxClinicalTrialPhase > 0
NDUFS6,1.0,0.1730914076533087,0.106151547151106,Open Targets LUAD association with maxClinicalTrialPhase > 0
MT-ND1,1.0,0.1730914076533087,0.106151547151106,Open Targets LUAD association with maxClinicalTrialPhase > 0
NDUFB6,1.0,0.1730914076533087,0.106151547151106,Open Targets LUAD association with maxClinicalTrialPhase > 0
NDUFC2,1.0,0.1730914076533087,0.106151547151106,Open Targets LUAD association with maxClinicalTrialPhase > 0
POLA2,1.0,0.1654922726831635,0.1058281647782568,Open Targets LUAD association with maxClinicalTrialPhase > 0
NDUFV1,1.0,0.1730914076533087,0.1055971773690789,Open Targets LUAD association with maxClinicalTrialPhase > 0
NDUFA7,1.0,0.1730914076533087,0.1055971773690789,Open Targets LUAD association with maxClinicalTrialPhase > 0
MT-ND4,1.0,0.1730914076533087,0.1055971773690789,Open Targets LUAD association with maxClinicalTrialPhase > 0
NDUFAB1,1.0,0.1730914076533087,0.1055971773690789,Open Targets LUAD association with maxClinicalTrialPhase > 0
NDUFV2,1.0,0.1730914076533087,0.1055971773690789,Open Targets LUAD association with maxClinicalTrialPhase > 0
NDUFA1,1.0,0.1730914076533087,0.1055971773690789,Open Targets LUAD association with maxClinicalTrialPhase > 0
NDUFC1,1.0,0.1730914076533087,0.1055971773690789,Open Targets LUAD association with maxClinicalTrialPhase > 0
NDUFV3,1.0,0.1730914076533087,0.1055971773690789,Open Targets LUAD association with maxClinicalTrialPhase > 0
NDUFS7,1.0,0.1730914076533087,0.1055971773690789,Open Targets LUAD association with maxClinicalTrialPhase > 0
NDUFB1,1.0,0.1730914076533087,0.1055971773690789,Open Targets LUAD association with maxClinicalTrialPhase > 0
NDUFS5,1.0,0.1730914076533087,0.1055971773690789,Open Targets LUAD association with maxClinicalTrialPhase > 0
IL1B,1.0,,0.1055660336725174,Open Targets LUAD association with maxClinicalTrialPhase > 0
VWF,1.0,,0.1053035083835228,Open Targets LUAD association with maxClinicalTrialPhase > 0
MT-ND4L,1.0,0.1730914076533087,0.1052275975143942,Open Targets LUAD association with maxClinicalTrialPhase > 0
NDUFB2,1.0,0.1730914076533087,0.1052275975143942,Open Targets LUAD association with maxClinicalTrialPhase > 0
NDUFA2,1.0,0.1730914076533087,0.1052275975143942,Open Targets LUAD association with maxClinicalTrialPhase > 0
NDUFA10,1.0,0.1730914076533087,0.1052275975143942,Open Targets LUAD association with maxClinicalTrialPhase > 0
NDUFAF1,1.0,0.1730914076533087,0.1052275975143942,Open Targets LUAD association with maxClinicalTrialPhase > 0
NDUFAF4,1.0,0.1730914076533087,0.1052275975143942,Open Targets LUAD association with maxClinicalTrialPhase > 0
NDUFB3,1.0,0.1730914076533087,0.1052275975143942,Open Targets LUAD association with maxClinicalTrialPhase > 0
NDUFAF3,1.0,0.1730914076533087,0.1052275975143942,Open Targets LUAD association with maxClinicalTrialPhase > 0
MT-ND2,1.0,0.1730914076533087,0.1052275975143942,Open Targets LUAD association with maxClinicalTrialPhase > 0
NDUFA8,1.0,0.1730914076533087,0.1052275975143942,Open Targets LUAD association with maxClinicalTrialPhase > 0
MT-ND3,1.0,0.1730914076533087,0.1052275975143942,Open Targets LUAD association with maxClinicalTrialPhase > 0
NDUFB11,1.0,0.1730914076533087,0.1052275975143942,Open Targets LUAD association with maxClinicalTrialPhase > 0
NDUFA12,1.0,0.1730914076533087,0.1052275975143942,Open Targets LUAD association with maxClinicalTrialPhase > 0
NDUFA3,1.0,0.1730914076533087,0.1052275975143942,Open Targets LUAD association with maxClinicalTrialPhase > 0
NDUFA5,1.0,0.1730914076533087,0.1052275975143942,Open Targets LUAD association with maxClinicalTrialPhase > 0
NDUFS2,1.0,0.1730914076533087,0.1052275975143942,Open Targets LUAD association with maxClinicalTrialPhase > 0
NDUFB4,1.0,0.1730914076533087,0.1052275975143942,Open Targets LUAD association with maxClinicalTrialPhase > 0
NDUFB7,1.0,0.1730914076533087,0.1052275975143942,Open Targets LUAD association with maxClinicalTrialPhase > 0
COXFA4L2,1.0,0.1730914076533087,0.1052275975143942,Open Targets LUAD association with maxClinicalTrialPhase > 0
COXFA4,1.0,0.1730914076533087,0.1052275975143942,Open Targets LUAD association with maxClinicalTrialPhase > 0
NDUFA9,1.0,0.1730914076533087,0.1052275975143942,Open Targets LUAD association with maxClinicalTrialPhase > 0
NDUFS4,1.0,0.1730914076533087,0.1052275975143942,Open Targets LUAD association with maxClinicalTrialPhase > 0
NDUFA6,1.0,0.1730914076533087,0.1052275975143942,Open Targets LUAD association with maxClinicalTrialPhase > 0
NDUFB9,1.0,0.1730914076533087,0.1052275975143942,Open Targets LUAD association with maxClinicalTrialPhase > 0
IL17A,1.0,,0.1047386932763579,Open Targets LUAD association with maxClinicalTrialPhase > 0
CASR,1.0,,0.1043377231706504,Open Targets LUAD association with maxClinicalTrialPhase > 0
POLD4,1.0,0.1654922726831635,0.1037030806138198,Open Targets LUAD association with maxClinicalTrialPhase > 0
ADH1B,1.0,,0.1031795003678973,Open Targets LUAD association with maxClinicalTrialPhase > 0
POLE3,1.0,0.1654922726831635,0.1024557486042589,Open Targets LUAD association with maxClinicalTrialPhase > 0
TNFSF11,1.0,,0.1023962277291905,Open Targets LUAD association with maxClinicalTrialPhase > 0
PRIM1,1.0,0.1654922726831635,0.1021734306597081,Open Targets LUAD association with maxClinicalTrialPhase > 0
PTGER2,1.0,,0.1016920267527777,Open Targets LUAD association with maxClinicalTrialPhase > 0
ITGB1,1.0,,0.1016869706404052,Open Targets LUAD association with maxClinicalTrialPhase > 0
AGTR1,1.0,,0.1011858441980012,Open Targets LUAD association with maxClinicalTrialPhase > 0
POLD3,1.0,0.1654922726831635,0.1009774291855201,Open Targets LUAD association with maxClinicalTrialPhase > 0
POLA1,1.0,0.1654922726831635,0.1006078493308354,Open Targets LUAD association with maxClinicalTrialPhase > 0
IL11RA,1.0,,0.0980396199455357,Open Targets LUAD association with maxClinicalTrialPhase > 0
AHR,1.0,,0.0976645112496148,Open Targets LUAD association with maxClinicalTrialPhase > 0
FOLR1,1.0,0.1519826994029052,0.0972235249670063,Open Targets LUAD association with maxClinicalTrialPhase > 0
PSMD14,1.0,,0.0967798121244425,Open Targets LUAD association with maxClinicalTrialPhase > 0
COL5A2,1.0,,0.0966666525145363,Open Targets LUAD association with maxClinicalTrialPhase > 0
ABCA1,1.0,,0.0961071692094331,Open Targets LUAD association with maxClinicalTrialPhase > 0
ITGAL,1.0,,0.0947171384369058,Open Targets LUAD association with maxClinicalTrialPhase > 0
IL6R,1.0,,0.0941541905072694,Open Targets LUAD association with maxClinicalTrialPhase > 0
ESR2,1.0,,0.0937676580897889,Open Targets LUAD association with maxClinicalTrialPhase > 0
CLDN18,1.0,,0.093642617015641,Open Targets LUAD association with maxClinicalTrialPhase > 0
EPHB2,1.0,,0.0936154483931675,Open Targets LUAD association with maxClinicalTrialPhase > 0
S1PR1,1.0,,0.0930806393769416,Open Targets LUAD association with maxClinicalTrialPhase > 0
CPS1,1.0,,0.0925762020658422,Open Targets LUAD association with maxClinicalTrialPhase > 0
MS4A1,1.0,,0.090973908159301,Open Targets LUAD association with maxClinicalTrialPhase > 0
P2RY6,1.0,,0.0905983039305721,Open Targets LUAD association with maxClinicalTrialPhase > 0
PIK3CD,1.0,,0.0902666950447403,Open Targets LUAD association with maxClinicalTrialPhase > 0
CD80,1.0,,0.088454431238156,Open Targets LUAD association with maxClinicalTrialPhase > 0
HDAC9,1.0,,0.0881689429111933,Open Targets LUAD association with maxClinicalTrialPhase > 0
PLAU,1.0,,0.0877357529489392,Open Targets LUAD association with maxClinicalTrialPhase > 0
EDNRB,1.0,,0.0857642255269779,Open Targets LUAD association with maxClinicalTrialPhase > 0
LAMA3,1.0,,0.085656893575077,Open Targets LUAD association with maxClinicalTrialPhase > 0
HDAC6,1.0,,0.0853676875415143,Open Targets LUAD association with maxClinicalTrialPhase > 0
RPS27A,1.0,,0.0853610641453612,Open Targets LUAD association with maxClinicalTrialPhase > 0
XDH,1.0,,0.0850655671639256,Open Targets LUAD association with maxClinicalTrialPhase > 0
HDAC2,1.0,,0.0848394938764518,Open Targets LUAD association with maxClinicalTrialPhase > 0
AXL,1.0,0.1215861595223242,0.0846141039699734,Open Targets LUAD association with maxClinicalTrialPhase > 0
FGR,1.0,,0.0836213528756121,Open Targets LUAD association with maxClinicalTrialPhase > 0
EEF1A2,1.0,,0.0833611135383602,Open Targets LUAD association with maxClinicalTrialPhase > 0
PSMB5,1.0,0.1367844294626147,0.0831554673040579,Open Targets LUAD association with maxClinicalTrialPhase > 0
GABRA3,1.0,,0.0829573188667752,Open Targets LUAD association with maxClinicalTrialPhase > 0
CTLA4,1.0,0.1215861595223242,0.0828185636797722,Open Targets LUAD association with maxClinicalTrialPhase > 0
RPL36A,1.0,,0.0825467418605483,Open Targets LUAD association with maxClinicalTrialPhase > 0
MAOA,1.0,,0.0824478022360816,Open Targets LUAD association with maxClinicalTrialPhase > 0
COL6A6,1.0,,0.0817088798170285,Open Targets LUAD association with maxClinicalTrialPhase > 0
COL7A1,1.0,,0.0816434624833711,Open Targets LUAD association with maxClinicalTrialPhase > 0
TUBA1C,1.0,,0.0816356635684124,Open Targets LUAD association with maxClinicalTrialPhase > 0
NECTIN4,1.0,,0.0815236968852103,Open Targets LUAD association with maxClinicalTrialPhase > 0
RRM2B,1.0,,0.0812237840261625,Open Targets LUAD association with maxClinicalTrialPhase > 0
HDAC1,1.0,,0.0807727648587451,Open Targets LUAD association with maxClinicalTrialPhase > 0
SERPING1,1.0,,0.0807269514770592,Open Targets LUAD association with maxClinicalTrialPhase > 0
TUBA1B,1.0,,0.0805916097232535,Open Targets LUAD association with maxClinicalTrialPhase > 0
TLR7,1.0,,0.0801553207802907,Open Targets LUAD association with maxClinicalTrialPhase > 0
PRKCA,1.0,,0.0800402722575641,Open Targets LUAD association with maxClinicalTrialPhase > 0
PSMC6,1.0,,0.0796292620552929,Open Targets LUAD association with maxClinicalTrialPhase > 0
MMP1,1.0,,0.0792809479256001,Open Targets LUAD association with maxClinicalTrialPhase > 0
PSMB6,1.0,,0.0787615734761397,Open Targets LUAD association with maxClinicalTrialPhase > 0
ADRA1D,1.0,,0.0786805385070067,Open Targets LUAD association with maxClinicalTrialPhase > 0
KCNK3,1.0,,0.0786482610806323,Open Targets LUAD association with maxClinicalTrialPhase > 0
PSMB7,1.0,,0.0783457961396194,Open Targets LUAD association with maxClinicalTrialPhase > 0
PRKCQ,1.0,,0.0779488031601468,Open Targets LUAD association with maxClinicalTrialPhase > 0
PSMD2,1.0,,0.0778309706269915,Open Targets LUAD association with maxClinicalTrialPhase > 0
EEF2,1.0,0.1215861595223242,0.0774500437860164,Open Targets LUAD association with maxClinicalTrialPhase > 0
IL12B,1.0,,0.076834214533959,Open Targets LUAD association with maxClinicalTrialPhase > 0
HDAC7,1.0,,0.0767012495912282,Open Targets LUAD association with maxClinicalTrialPhase > 0
ADORA2B,1.0,,0.0766847278598948,Open Targets LUAD association with maxClinicalTrialPhase > 0
LAMA2,1.0,,0.0766733313613929,Open Targets LUAD association with maxClinicalTrialPhase > 0
SCN7A,1.0,,0.0748939256455472,Open Targets LUAD association with maxClinicalTrialPhase > 0
KCNQ1,1.0,,0.074855319734264,Open Targets LUAD association with maxClinicalTrialPhase > 0
RPLP0,1.0,,0.0746345984321606,Open Targets LUAD association with maxClinicalTrialPhase > 0
PSMC1,1.0,,0.0745277287812952,Open Targets LUAD association with maxClinicalTrialPhase > 0
CYP3A43,1.0,,0.0739159709369403,Open Targets LUAD association with maxClinicalTrialPhase > 0
SLC5A2,1.0,,0.0738464774382862,Open Targets LUAD association with maxClinicalTrialPhase > 0
EPCAM,1.0,,0.0736654767459125,Open Targets LUAD association with maxClinicalTrialPhase > 0
IFNG,1.0,,0.0734292679218097,Open Targets LUAD association with maxClinicalTrialPhase > 0
EGLN3,1.0,,0.0729404490441847,Open Targets LUAD association with maxClinicalTrialPhase > 0
EPOR,1.0,,0.0718687939544559,Open Targets LUAD association with maxClinicalTrialPhase > 0
RPLP1,1.0,,0.0713905085965948,Open Targets LUAD association with maxClinicalTrialPhase > 0
PSMC4,1.0,,0.0666194379947568,Open Targets LUAD association with maxClinicalTrialPhase > 0
EPHA5,1.0,,0.0664012796055636,Open Targets LUAD association with maxClinicalTrialPhase > 0
TRPV1,1.0,,0.0645827528051591,Open Targets LUAD association with maxClinicalTrialPhase > 0
F3,1.0,,0.0635502826237419,Open Targets LUAD association with maxClinicalTrialPhase > 0
BMX,1.0,,0.0607863932094561,Open Targets LUAD association with maxClinicalTrialPhase > 0
SOD1,1.0,,0.0596092442437442,Open Targets LUAD association with maxClinicalTrialPhase > 0
P4HB,1.0,,0.0593715260051845,Open Targets LUAD association with maxClinicalTrialPhase > 0
RPL11,1.0,,0.0593204160453888,Open Targets LUAD association with maxClinicalTrialPhase > 0
HDAC11,1.0,,0.0591747525567439,Open Targets LUAD association with maxClinicalTrialPhase > 0
MAGEA4,1.0,,0.0588325957786917,Open Targets LUAD association with maxClinicalTrialPhase > 0
PARP1,1.0,0.0607930797611621,0.056123345121574,Open Targets LUAD association with maxClinicalTrialPhase > 0
CYP19A1,1.0,,0.0556025191323294,Open Targets LUAD association with maxClinicalTrialPhase > 0
CSF2RB,1.0,,0.0553478971844346,Open Targets LUAD association with maxClinicalTrialPhase > 0
PSMD7,1.0,,0.055232281315678,Open Targets LUAD association with maxClinicalTrialPhase > 0
CA9,1.0,,0.0546317679615496,Open Targets LUAD association with maxClinicalTrialPhase > 0
CA4,1.0,,0.0542099497960727,Open Targets LUAD association with maxClinicalTrialPhase > 0
HDAC3,1.0,,0.0529786494460832,Open Targets LUAD association with maxClinicalTrialPhase > 0
PSMD12,1.0,,0.0526651292925699,Open Targets LUAD association with maxClinicalTrialPhase > 0
CACNA1C,1.0,,0.0523351672970279,Open Targets LUAD association with maxClinicalTrialPhase > 0
TBXAS1,1.0,,0.0523053413951978,Open Targets LUAD association with maxClinicalTrialPhase > 0
CFTR,1.0,,0.0521377717669756,Open Targets LUAD association with maxClinicalTrialPhase > 0
IL2RA,1.0,0.0607930797611621,0.0506632883159164,Open Targets LUAD association with maxClinicalTrialPhase > 0
CRBN,1.0,,0.050464897224347,Open Targets LUAD association with maxClinicalTrialPhase > 0
HRH1,1.0,,0.0503244568795668,Open Targets LUAD association with maxClinicalTrialPhase > 0
LAMB1,1.0,,0.0488488066486674,Open Targets LUAD association with maxClinicalTrialPhase > 0
PSMD1,1.0,,0.0472762317962407,Open Targets LUAD association with maxClinicalTrialPhase > 0
PSMD11,1.0,,0.0468072885958174,Open Targets LUAD association with maxClinicalTrialPhase > 0
COL5A1,1.0,,0.0466659369325296,Open Targets LUAD association with maxClinicalTrialPhase > 0
RAMP2,1.0,,0.0465192802224416,Open Targets LUAD association with maxClinicalTrialPhase > 0
SLC6A4,1.0,,0.0462826119104385,Open Targets LUAD association with maxClinicalTrialPhase > 0
PIK3CG,1.0,,0.0460195916875777,Open Targets LUAD association with maxClinicalTrialPhase > 0
NOD2,1.0,,0.0459671040605092,Open Targets LUAD association with maxClinicalTrialPhase > 0
CD86,1.0,,0.0453545490008536,Open Targets LUAD association with maxClinicalTrialPhase > 0
TACSTD2,1.0,,0.0451998341701592,Open Targets LUAD association with maxClinicalTrialPhase > 0
HTR3A,1.0,,0.0444177495131393,Open Targets LUAD association with maxClinicalTrialPhase > 0
APP,1.0,,0.0444017681671042,Open Targets LUAD association with maxClinicalTrialPhase > 0
TXNRD1,1.0,,0.0443405381901342,Open Targets LUAD association with maxClinicalTrialPhase > 0
COL6A3,1.0,,0.0443205023690827,Open Targets LUAD association with maxClinicalTrialPhase > 0
BLK,1.0,,0.0442417884378811,Open Targets LUAD association with maxClinicalTrialPhase > 0
PGF,1.0,,0.0441339943135981,Open Targets LUAD association with maxClinicalTrialPhase > 0
PPARA,1.0,,0.0438245922840098,Open Targets LUAD association with maxClinicalTrialPhase > 0
DPP4,1.0,,0.0435493135572135,Open Targets LUAD association with maxClinicalTrialPhase > 0
ADA,1.0,,0.0431002520372011,Open Targets LUAD association with maxClinicalTrialPhase > 0
FN1,1.0,,0.0414450271932924,Open Targets LUAD association with maxClinicalTrialPhase > 0
TEK,1.0,,0.0414397172700673,Open Targets LUAD association with maxClinicalTrialPhase > 0
LAMC2,1.0,,0.0413176533865094,Open Targets LUAD association with maxClinicalTrialPhase > 0
TRPA1,1.0,,0.0408293437625603,Open Targets LUAD association with maxClinicalTrialPhase > 0
ANO1,1.0,,0.0405188319063938,Open Targets LUAD association with maxClinicalTrialPhase > 0
TGFB3,1.0,,0.039606846415852,Open Targets LUAD association with maxClinicalTrialPhase > 0
PGR,1.0,,0.0394856037803755,Open Targets LUAD association with maxClinicalTrialPhase > 0
FKBP1A,1.0,0.0607930797611621,0.0394815485790068,Open Targets LUAD association with maxClinicalTrialPhase > 0
EPHB4,1.0,,0.0389450742977099,Open Targets LUAD association with maxClinicalTrialPhase > 0
EGLN1,1.0,,0.0385318634879582,Open Targets LUAD association with maxClinicalTrialPhase > 0
IL2RB,1.0,0.0607930797611621,0.0380153944971514,Open Targets LUAD association with maxClinicalTrialPhase > 0
IL17RA,1.0,,0.0379999953365395,Open Targets LUAD association with maxClinicalTrialPhase > 0
CCR5,1.0,,0.0377710457705607,Open Targets LUAD association with maxClinicalTrialPhase > 0
MMP7,1.0,,0.037538543979161,Open Targets LUAD association with maxClinicalTrialPhase > 0
PDE4A,1.0,,0.0373573370336711,Open Targets LUAD association with maxClinicalTrialPhase > 0
PARP2,1.0,0.0607930797611621,0.0373275653231548,Open Targets LUAD association with maxClinicalTrialPhase > 0
PARP3,1.0,0.0607930797611621,0.0369579854684701,Open Targets LUAD association with maxClinicalTrialPhase > 0
EPHA1,1.0,,0.036927995865069,Open Targets LUAD association with maxClinicalTrialPhase > 0
EPHA10,1.0,,0.0367539151635046,Open Targets LUAD association with maxClinicalTrialPhase > 0
SOAT1,1.0,,0.0362782298584156,Open Targets LUAD association with maxClinicalTrialPhase > 0
ADH1A,1.0,,0.0362520879460224,Open Targets LUAD association with maxClinicalTrialPhase > 0
ADRB1,1.0,,0.036192273555633,Open Targets LUAD association with maxClinicalTrialPhase > 0
MAOB,1.0,,0.0355202052179851,Open Targets LUAD association with maxClinicalTrialPhase > 0
PDE4B,1.0,,0.0353467994529489,Open Targets LUAD association with maxClinicalTrialPhase > 0
ADH1C,1.0,,0.035236947222681,Open Targets LUAD association with maxClinicalTrialPhase > 0
PSMC5,1.0,,0.0351100861950466,Open Targets LUAD association with maxClinicalTrialPhase > 0
CD19,1.0,,0.0350093126337838,Open Targets LUAD association with maxClinicalTrialPhase > 0
RPS15A,1.0,,0.0349971590172263,Open Targets LUAD association with maxClinicalTrialPhase > 0
A2M,1.0,,0.0348543285393857,Open Targets LUAD association with maxClinicalTrialPhase > 0
CALM1,1.0,,0.0346508910185281,Open Targets LUAD association with maxClinicalTrialPhase > 0
PPAT,1.0,,0.0343464586149637,Open Targets LUAD association with maxClinicalTrialPhase > 0
CYP3A5,1.0,,0.0334790700547209,Open Targets LUAD association with maxClinicalTrialPhase > 0
CALCA,1.0,,0.0330908242640059,Open Targets LUAD association with maxClinicalTrialPhase > 0
HBB,1.0,,0.0328405326749957,Open Targets LUAD association with maxClinicalTrialPhase > 0
CPT1B,1.0,,0.0325024949981046,Open Targets LUAD association with maxClinicalTrialPhase > 0
FGB,1.0,,0.0324042993959818,Open Targets LUAD association with maxClinicalTrialPhase > 0
PDE4D,1.0,,0.032301639442064,Open Targets LUAD association with maxClinicalTrialPhase > 0
KCNA3,1.0,,0.0322835957498237,Open Targets LUAD association with maxClinicalTrialPhase > 0
GRIA1,1.0,,0.0322098201094347,Open Targets LUAD association with maxClinicalTrialPhase > 0
LAG3,1.0,,0.0321506511510432,Open Targets LUAD association with maxClinicalTrialPhase > 0
PPIA,1.0,,0.0321497810126476,Open Targets LUAD association with maxClinicalTrialPhase > 0
SMN1,1.0,,0.0321075240034432,Open Targets LUAD association with maxClinicalTrialPhase > 0
C3,1.0,,0.0321002954720301,Open Targets LUAD association with maxClinicalTrialPhase > 0
TYMP,1.0,,0.0318199315632357,Open Targets LUAD association with maxClinicalTrialPhase > 0
GHR,1.0,,0.0318008453393494,Open Targets LUAD association with maxClinicalTrialPhase > 0
MME,1.0,,0.0316854108103765,Open Targets LUAD association with maxClinicalTrialPhase > 0
S1PR3,1.0,,0.031157968439632,Open Targets LUAD association with maxClinicalTrialPhase > 0
GRIN2D,1.0,,0.0310447077935149,Open Targets LUAD association with maxClinicalTrialPhase > 0
TYK2,1.0,,0.0307469906883522,Open Targets LUAD association with maxClinicalTrialPhase > 0
MTTP,1.0,,0.0305861411541642,Open Targets LUAD association with maxClinicalTrialPhase > 0
BCHE,1.0,,0.030533365469535,Open Targets LUAD association with maxClinicalTrialPhase > 0
CFB,1.0,,0.0304963541934141,Open Targets LUAD association with maxClinicalTrialPhase > 0
PSMA5,1.0,,0.0302408590388323,Open Targets LUAD association with maxClinicalTrialPhase > 0
CD38,1.0,,0.0299219962872434,Open Targets LUAD association with maxClinicalTrialPhase > 0
SELP,1.0,,0.0297983544396035,Open Targets LUAD association with maxClinicalTrialPhase > 0
CACNA2D2,1.0,,0.0297237091709148,Open Targets LUAD association with maxClinicalTrialPhase > 0
SEM1,1.0,,0.0295663883747761,Open Targets LUAD association with maxClinicalTrialPhase > 0
CDA,1.0,,0.0294301658248711,Open Targets LUAD association with maxClinicalTrialPhase > 0
DNMT1,1.0,,0.0293899553416391,Open Targets LUAD association with maxClinicalTrialPhase > 0
CYP3A4,1.0,,0.0292686712696134,Open Targets LUAD association with maxClinicalTrialPhase > 0
PSEN1,1.0,,0.029267644658906,Open Targets LUAD association with maxClinicalTrialPhase > 0
KCNN4,1.0,,0.0283477008265459,Open Targets LUAD association with maxClinicalTrialPhase > 0
GSR,1.0,,0.0280287754351127,Open Targets LUAD association with maxClinicalTrialPhase > 0
COL4A4,1.0,,0.0279656173008768,Open Targets LUAD association with maxClinicalTrialPhase > 0
NR3C1,1.0,,0.0278812187975962,Open Targets LUAD association with maxClinicalTrialPhase > 0
CFD,1.0,,0.0278510789761452,Open Targets LUAD association with maxClinicalTrialPhase > 0
DMD,1.0,,0.027816838407127,Open Targets LUAD association with maxClinicalTrialPhase > 0
KCNA2,1.0,,0.0277797651898444,Open Targets LUAD association with maxClinicalTrialPhase > 0
PRKCD,1.0,,0.0277448389374859,Open Targets LUAD association with maxClinicalTrialPhase > 0
PSMC2,1.0,,0.0275100871277387,Open Targets LUAD association with maxClinicalTrialPhase > 0
ACE,1.0,,0.0275029454267776,Open Targets LUAD association with maxClinicalTrialPhase > 0
PMEL,1.0,,0.0272359820688476,Open Targets LUAD association with maxClinicalTrialPhase > 0
SCNN1G,1.0,,0.0265095590742277,Open Targets LUAD association with maxClinicalTrialPhase > 0
ALOX5,1.0,,0.0263119621798986,Open Targets LUAD association with maxClinicalTrialPhase > 0
RPS7,1.0,,0.0262196374684646,Open Targets LUAD association with maxClinicalTrialPhase > 0
RPE65,1.0,,0.0258933763422569,Open Targets LUAD association with maxClinicalTrialPhase > 0
HDAC10,1.0,,0.0258805071305437,Open Targets LUAD association with maxClinicalTrialPhase > 0
PTGER3,1.0,,0.0251283377156939,Open Targets LUAD association with maxClinicalTrialPhase > 0
LIPF,1.0,,0.0251043939751409,Open Targets LUAD association with maxClinicalTrialPhase > 0
CUL4A,1.0,,0.0250185029407393,Open Targets LUAD association with maxClinicalTrialPhase > 0
HBA2,1.0,,0.0248104844754917,Open Targets LUAD association with maxClinicalTrialPhase > 0
RPSA,1.0,,0.0246877095939122,Open Targets LUAD association with maxClinicalTrialPhase > 0
ITGB3,1.0,,0.0244334750141354,Open Targets LUAD association with maxClinicalTrialPhase > 0
RAMP3,1.0,,0.0243894550646527,Open Targets LUAD association with maxClinicalTrialPhase > 0
ADAMTS13,1.0,,0.0240380897151174,Open Targets LUAD association with maxClinicalTrialPhase > 0
PRKCZ,1.0,,0.0237738401190179,Open Targets LUAD association with maxClinicalTrialPhase > 0
PTGDR,1.0,,0.0236386066661444,Open Targets LUAD association with maxClinicalTrialPhase > 0
ADORA2A,1.0,,0.023465975889232,Open Targets LUAD association with maxClinicalTrialPhase > 0
CALCRL,1.0,,0.0234069317565761,Open Targets LUAD association with maxClinicalTrialPhase > 0
MMP13,1.0,,0.0233278460138949,Open Targets LUAD association with maxClinicalTrialPhase > 0
FYN,1.0,,0.0231905680559367,Open Targets LUAD association with maxClinicalTrialPhase > 0
COL18A1,1.0,,0.0228623746195129,Open Targets LUAD association with maxClinicalTrialPhase > 0
HBA1,1.0,,0.0222674945482437,Open Targets LUAD association with maxClinicalTrialPhase > 0
EPHA2,1.0,,0.0222600848917611,Open Targets LUAD association with maxClinicalTrialPhase > 0
TFPI,1.0,,0.022199265437782,Open Targets LUAD association with maxClinicalTrialPhase > 0
PSMC3,1.0,,0.0221747912810821,Open Targets LUAD association with maxClinicalTrialPhase > 0
SCNN1B,1.0,,0.0221581903411902,Open Targets LUAD association with maxClinicalTrialPhase > 0
FGA,1.0,,0.0215465602341308,Open Targets LUAD association with maxClinicalTrialPhase > 0
PLG,1.0,,0.0213338818798603,Open Targets LUAD association with maxClinicalTrialPhase > 0
HDAC4,1.0,,0.0212376593576285,Open Targets LUAD association with maxClinicalTrialPhase > 0
CALCR,1.0,,0.0211875898540476,Open Targets LUAD association with maxClinicalTrialPhase > 0
CD2,1.0,,0.0211138383840044,Open Targets LUAD association with maxClinicalTrialPhase > 0
IL23A,1.0,,0.0211117233227665,Open Targets LUAD association with maxClinicalTrialPhase > 0
LEPR,1.0,,0.0209960232596492,Open Targets LUAD association with maxClinicalTrialPhase > 0
PDE10A,1.0,,0.0208890640310623,Open Targets LUAD association with maxClinicalTrialPhase > 0
ODC1,1.0,,0.0208812617896856,Open Targets LUAD association with maxClinicalTrialPhase > 0
ITGB2,1.0,,0.0201594100846326,Open Targets LUAD association with maxClinicalTrialPhase > 0
IMPDH2,1.0,,0.0201577065630696,Open Targets LUAD association with maxClinicalTrialPhase > 0
PTGDS,1.0,,0.0200263488131561,Open Targets LUAD association with maxClinicalTrialPhase > 0
DRD3,1.0,,0.0199573121529739,Open Targets LUAD association with maxClinicalTrialPhase > 0
YES1,1.0,,0.0198638905785952,Open Targets LUAD association with maxClinicalTrialPhase > 0
ATP1A2,1.0,,0.0197263247437959,Open Targets LUAD association with maxClinicalTrialPhase > 0
HMGCR,1.0,,0.0195035098253553,Open Targets LUAD association with maxClinicalTrialPhase > 0
CD33,1.0,,0.019297495134611,Open Targets LUAD association with maxClinicalTrialPhase > 0
PTGS1,1.0,0.030396539880581,0.0192130193900672,Open Targets LUAD association with maxClinicalTrialPhase > 0
NPR1,1.0,,0.0191982361958798,Open Targets LUAD association with maxClinicalTrialPhase > 0
DDB1,1.0,,0.0191746241496083,Open Targets LUAD association with maxClinicalTrialPhase > 0
VDR,1.0,,0.0189351714260098,Open Targets LUAD association with maxClinicalTrialPhase > 0
MYH7,1.0,,0.0188485725889197,Open Targets LUAD association with maxClinicalTrialPhase > 0
F10,1.0,,0.0185958210327437,Open Targets LUAD association with maxClinicalTrialPhase > 0
PLAT,1.0,,0.0184067121036405,Open Targets LUAD association with maxClinicalTrialPhase > 0
F8,1.0,,0.0182712585651953,Open Targets LUAD association with maxClinicalTrialPhase > 0
COL1A2,1.0,,0.0181377894020655,Open Targets LUAD association with maxClinicalTrialPhase > 0
DHCR24,1.0,,0.017544503000499,Open Targets LUAD association with maxClinicalTrialPhase > 0
ANGPT2,1.0,,0.0173640935059362,Open Targets LUAD association with maxClinicalTrialPhase > 0
ADRA2C,1.0,,0.0173358275532321,Open Targets LUAD association with maxClinicalTrialPhase > 0
F2R,1.0,,0.0172864400667661,Open Targets LUAD association with maxClinicalTrialPhase > 0
INHBA,1.0,,0.0172594415539465,Open Targets LUAD association with maxClinicalTrialPhase > 0
NR3C2,1.0,,0.0171490454424515,Open Targets LUAD association with maxClinicalTrialPhase > 0
LAMC1,1.0,,0.0170201399256847,Open Targets LUAD association with maxClinicalTrialPhase > 0
PSMB8,1.0,,0.0169468789144255,Open Targets LUAD association with maxClinicalTrialPhase > 0
CYP17A1,1.0,,0.0168350843838607,Open Targets LUAD association with maxClinicalTrialPhase > 0
EDNRA,1.0,,0.0166793543419596,Open Targets LUAD association with maxClinicalTrialPhase > 0
ABAT,1.0,,0.0165003032566814,Open Targets LUAD association with maxClinicalTrialPhase > 0
RPS24,1.0,,0.01642577131932,Open Targets LUAD association with maxClinicalTrialPhase > 0
IFNGR1,1.0,,0.0163696998711283,Open Targets LUAD association with maxClinicalTrialPhase > 0
CD52,1.0,,0.0163172733988805,Open Targets LUAD association with maxClinicalTrialPhase > 0
MAPK11,1.0,,0.0163025780344251,Open Targets LUAD association with maxClinicalTrialPhase > 0
TSLP,1.0,,0.0162302920698768,Open Targets LUAD association with maxClinicalTrialPhase > 0
P2RY1,1.0,,0.0161180447597596,Open Targets LUAD association with maxClinicalTrialPhase > 0
SLC6A3,1.0,,0.0160921228393963,Open Targets LUAD association with maxClinicalTrialPhase > 0
PDE5A,1.0,,0.0160471572904097,Open Targets LUAD association with maxClinicalTrialPhase > 0
PNLIP,1.0,,0.0157071438240998,Open Targets LUAD association with maxClinicalTrialPhase > 0
ACLY,1.0,,0.0157069996041489,Open Targets LUAD association with maxClinicalTrialPhase > 0
ADRM1,1.0,,0.0155172208432201,Open Targets LUAD association with maxClinicalTrialPhase > 0
PRKCI,1.0,,0.0154969858024089,Open Targets LUAD association with maxClinicalTrialPhase > 0
SSTR4,1.0,,0.0154924134649804,Open Targets LUAD association with maxClinicalTrialPhase > 0
ADRA1A,1.0,,0.0154924134649804,Open Targets LUAD association with maxClinicalTrialPhase > 0
ADRA2B,1.0,,0.0154924134649804,Open Targets LUAD association with maxClinicalTrialPhase > 0
CA3,1.0,,0.0154706127171016,Open Targets LUAD association with maxClinicalTrialPhase > 0
ELANE,1.0,,0.0153799049045534,Open Targets LUAD association with maxClinicalTrialPhase > 0
UGCG,1.0,,0.0152862334340422,Open Targets LUAD association with maxClinicalTrialPhase > 0
INSR,1.0,,0.0151924684921367,Open Targets LUAD association with maxClinicalTrialPhase > 0
PRKCG,1.0,,0.0151908419872602,Open Targets LUAD association with maxClinicalTrialPhase > 0
PDE2A,1.0,,0.0150603790784015,Open Targets LUAD association with maxClinicalTrialPhase > 0
ABCC9,1.0,,0.0150408826535719,Open Targets LUAD association with maxClinicalTrialPhase > 0
ADRA1B,1.0,,0.0147873000241431,Open Targets LUAD association with maxClinicalTrialPhase > 0
DRD1,1.0,,0.014783194187388,Open Targets LUAD association with maxClinicalTrialPhase > 0
ADH5,1.0,,0.014783194187388,Open Targets LUAD association with maxClinicalTrialPhase > 0
F11,1.0,,0.0146898258477843,Open Targets LUAD association with maxClinicalTrialPhase > 0
CYSLTR1,1.0,,0.0145984042600457,Open Targets LUAD association with maxClinicalTrialPhase > 0
RPS4X,1.0,,0.0145778720458965,Open Targets LUAD association with maxClinicalTrialPhase > 0
COL15A1,1.0,,0.0145394768054376,Open Targets LUAD association with maxClinicalTrialPhase > 0
CA2,1.0,,0.0144760786122651,Open Targets LUAD association with maxClinicalTrialPhase > 0
RPS6,1.0,,0.0144455065413906,Open Targets LUAD association with maxClinicalTrialPhase > 0
AOC1,1.0,,0.0144248733657601,Open Targets LUAD association with maxClinicalTrialPhase > 0
GABBR2,1.0,,0.0144136143327033,Open Targets LUAD association with maxClinicalTrialPhase > 0
EPHB6,1.0,,0.01438425326647,Open Targets LUAD association with maxClinicalTrialPhase > 0
RBX1,1.0,,0.0142314935932004,Open Targets LUAD association with maxClinicalTrialPhase > 0
PRKCH,1.0,,0.0142009142872519,Open Targets LUAD association with maxClinicalTrialPhase > 0
LAMB2,1.0,,0.0140727435717734,Open Targets LUAD association with maxClinicalTrialPhase > 0
MST1R,1.0,,0.0140012122407743,Open Targets LUAD association with maxClinicalTrialPhase > 0
PCSK9,1.0,,0.013845398284423,Open Targets LUAD association with maxClinicalTrialPhase > 0
PROS1,1.0,,0.0136176618356148,Open Targets LUAD association with maxClinicalTrialPhase > 0
HDAC8,1.0,,0.0135769266061255,Open Targets LUAD association with maxClinicalTrialPhase > 0
PDE1C,1.0,,0.0135543411705614,Open Targets LUAD association with maxClinicalTrialPhase > 0
GUCY1A2,1.0,,0.0134678932357145,Open Targets LUAD association with maxClinicalTrialPhase > 0
COL6A5,1.0,,0.0132950731780836,Open Targets LUAD association with maxClinicalTrialPhase > 0
COL4A3,1.0,,0.0132467560318638,Open Targets LUAD association with maxClinicalTrialPhase > 0
BMPR2,1.0,,0.0131289069143282,Open Targets LUAD association with maxClinicalTrialPhase > 0
F12,1.0,,0.0131204954855898,Open Targets LUAD association with maxClinicalTrialPhase > 0
CHRM2,1.0,,0.0131200848413069,Open Targets LUAD association with maxClinicalTrialPhase > 0
IL5RA,1.0,,0.0129520801231369,Open Targets LUAD association with maxClinicalTrialPhase > 0
HCK,1.0,,0.0128572194056525,Open Targets LUAD association with maxClinicalTrialPhase > 0
KCNJ8,1.0,,0.0128501255744286,Open Targets LUAD association with maxClinicalTrialPhase > 0
TLR9,1.0,,0.0126880849941531,Open Targets LUAD association with maxClinicalTrialPhase > 0
RAMP1,1.0,,0.0126053692841428,Open Targets LUAD association with maxClinicalTrialPhase > 0
AVPR2,1.0,,0.0125657150592798,Open Targets LUAD association with maxClinicalTrialPhase > 0
COL4A6,1.0,,0.0125657150592798,Open Targets LUAD association with maxClinicalTrialPhase > 0
TUBA4A,1.0,,0.0124965214975972,Open Targets LUAD association with maxClinicalTrialPhase > 0
APOC3,1.0,,0.0124234268152262,Open Targets LUAD association with maxClinicalTrialPhase > 0
TNFRSF17,1.0,,0.0123932399485723,Open Targets LUAD association with maxClinicalTrialPhase > 0
IL5,1.0,,0.0123048637878025,Open Targets LUAD association with maxClinicalTrialPhase > 0
CHRNA1,1.0,,0.0119267525549583,Open Targets LUAD association with maxClinicalTrialPhase > 0
PSMA3,1.0,,0.0118676197782087,Open Targets LUAD association with maxClinicalTrialPhase > 0
IRAK1,1.0,,0.0117453378722072,Open Targets LUAD association with maxClinicalTrialPhase > 0
PPARD,1.0,,0.0116654447455957,Open Targets LUAD association with maxClinicalTrialPhase > 0
PSMB3,1.0,,0.0115701079951875,Open Targets LUAD association with maxClinicalTrialPhase > 0
S1PR4,1.0,,0.0115151104888807,Open Targets LUAD association with maxClinicalTrialPhase > 0
F2,1.0,,0.011510975218438,Open Targets LUAD association with maxClinicalTrialPhase > 0
EPHA4,1.0,,0.0115081679852132,Open Targets LUAD association with maxClinicalTrialPhase > 0
RYR1,1.0,,0.0114569754952257,Open Targets LUAD association with maxClinicalTrialPhase > 0
COL11A2,1.0,,0.0112387812474069,Open Targets LUAD association with maxClinicalTrialPhase > 0
KCND2,1.0,,0.011159258390063,Open Targets LUAD association with maxClinicalTrialPhase > 0
DRD2,1.0,,0.0111387261759139,Open Targets LUAD association with maxClinicalTrialPhase > 0
TSPO,1.0,,0.0110592665071567,Open Targets LUAD association with maxClinicalTrialPhase > 0
HDAC5,1.0,,0.0109226174391244,Open Targets LUAD association with maxClinicalTrialPhase > 0
PTGER4,1.0,,0.0107003030411022,Open Targets LUAD association with maxClinicalTrialPhase > 0
SCN1A,1.0,,0.010523475197991,Open Targets LUAD association with maxClinicalTrialPhase > 0
KCNA5,1.0,,0.0104714292160665,Open Targets LUAD association with maxClinicalTrialPhase > 0
THRA,1.0,,0.0104685065300793,Open Targets LUAD association with maxClinicalTrialPhase > 0
CACNA1A,1.0,,0.0104638322968313,Open Targets LUAD association with maxClinicalTrialPhase > 0
PSMA6,1.0,,0.0104396042841353,Open Targets LUAD association with maxClinicalTrialPhase > 0
CD3E,1.0,,0.0104152715489129,Open Targets LUAD association with maxClinicalTrialPhase > 0
KCNC4,1.0,,0.0103482359311716,Open Targets LUAD association with maxClinicalTrialPhase > 0
IL3RA,1.0,,0.0103300314510271,Open Targets LUAD association with maxClinicalTrialPhase > 0
LAMB3,1.0,,0.0101757527615754,Open Targets LUAD association with maxClinicalTrialPhase > 0
ACHE,1.0,,0.0101634460038293,Open Targets LUAD association with maxClinicalTrialPhase > 0
PSMA7,1.0,,0.0100505188260089,Open Targets LUAD association with maxClinicalTrialPhase > 0
CD22,1.0,,0.0099786560764869,Open Targets LUAD association with maxClinicalTrialPhase > 0
ACVR2B,1.0,,0.0097938661491445,Open Targets LUAD association with maxClinicalTrialPhase > 0
CHRM3,1.0,,0.0097938661491445,Open Targets LUAD association with maxClinicalTrialPhase > 0
MMP8,1.0,,0.0097938661491445,Open Targets LUAD association with maxClinicalTrialPhase > 0
P2RY12,1.0,,0.009774142652818,Open Targets LUAD association with maxClinicalTrialPhase > 0
RPS3,1.0,,0.0096090762218022,Open Targets LUAD association with maxClinicalTrialPhase > 0
FOLH1,1.0,,0.0095781398551931,Open Targets LUAD association with maxClinicalTrialPhase > 0
IL13,1.0,,0.0095743415063817,Open Targets LUAD association with maxClinicalTrialPhase > 0
RPL4,1.0,,0.0095115482045937,Open Targets LUAD association with maxClinicalTrialPhase > 0
CACNA2D3,1.0,,0.0094390694886472,Open Targets LUAD association with maxClinicalTrialPhase > 0
RPS16,1.0,,0.0094242862944598,Open Targets LUAD association with maxClinicalTrialPhase > 0
P2RY2,1.0,,0.0093704918933891,Open Targets LUAD association with maxClinicalTrialPhase > 0
P2RX3,1.0,,0.0093704918933891,Open Targets LUAD association with maxClinicalTrialPhase > 0
CSNK1E,1.0,,0.0093267582772514,Open Targets LUAD association with maxClinicalTrialPhase > 0
LAMA4,1.0,,0.0093086670217419,Open Targets LUAD association with maxClinicalTrialPhase > 0
TNFRSF8,1.0,,0.0093061946362438,Open Targets LUAD association with maxClinicalTrialPhase > 0
TNFSF13B,1.0,,0.0092378412192422,Open Targets LUAD association with maxClinicalTrialPhase > 0
EPHA8,1.0,,0.0091165084043641,Open Targets LUAD association with maxClinicalTrialPhase > 0
NR1H4,1.0,,0.0091163030822226,Open Targets LUAD association with maxClinicalTrialPhase > 0
TUBA1A,1.0,,0.0091063098021286,Open Targets LUAD association with maxClinicalTrialPhase > 0
OPRD1,1.0,,0.0090547064397751,Open Targets LUAD association with maxClinicalTrialPhase > 0
TACR3,1.0,,0.0090547064397751,Open Targets LUAD association with maxClinicalTrialPhase > 0
GSK3A,1.0,,0.0090547064397751,Open Targets LUAD association with maxClinicalTrialPhase > 0
F9,1.0,,0.0089855128780925,Open Targets LUAD association with maxClinicalTrialPhase > 0
EPHB1,1.0,,0.0089534826240198,Open Targets LUAD association with maxClinicalTrialPhase > 0
MTNR1B,1.0,,0.0088699165124328,Open Targets LUAD association with maxClinicalTrialPhase > 0
OXTR,1.0,,0.0088699165124328,Open Targets LUAD association with maxClinicalTrialPhase > 0
PSENEN,1.0,,0.0088699165124328,Open Targets LUAD association with maxClinicalTrialPhase > 0
RPL38,1.0,,0.0088699165124328,Open Targets LUAD association with maxClinicalTrialPhase > 0
SCN9A,1.0,,0.0088699165124328,Open Targets LUAD association with maxClinicalTrialPhase > 0
RARB,1.0,,0.0088366543255112,Open Targets LUAD association with maxClinicalTrialPhase > 0
PSMD3,1.0,,0.0088185859770599,Open Targets LUAD association with maxClinicalTrialPhase > 0
VAMP2,1.0,,0.0087569893346125,Open Targets LUAD association with maxClinicalTrialPhase > 0
LAMC3,1.0,,0.0087299719077237,Open Targets LUAD association with maxClinicalTrialPhase > 0
TH,1.0,,0.0087261910133887,Open Targets LUAD association with maxClinicalTrialPhase > 0
GABRP,1.0,,0.0087215119655006,Open Targets LUAD association with maxClinicalTrialPhase > 0
MTNR1A,1.0,,0.0086851265850904,Open Targets LUAD association with maxClinicalTrialPhase > 0
DHODH,1.0,,0.0086851265850904,Open Targets LUAD association with maxClinicalTrialPhase > 0
TBXA2R,1.0,,0.0086543282638667,Open Targets LUAD association with maxClinicalTrialPhase > 0
PRKCE,1.0,,0.0086454994117826,Open Targets LUAD association with maxClinicalTrialPhase > 0
MC1R,1.0,,0.0086075869219168,Open Targets LUAD association with maxClinicalTrialPhase > 0
ABCC8,1.0,,0.0085999053256281,Open Targets LUAD association with maxClinicalTrialPhase > 0
GABRQ,1.0,,0.0085619333001955,Open Targets LUAD association with maxClinicalTrialPhase > 0
NISCH,1.0,,0.0083155467304057,Open Targets LUAD association with maxClinicalTrialPhase > 0
PTGER1,1.0,,0.0083155467304057,Open Targets LUAD association with maxClinicalTrialPhase > 0
APOB,1.0,,0.0083042540126237,Open Targets LUAD association with maxClinicalTrialPhase > 0
PSMB1,1.0,,0.0082436839808837,Open Targets LUAD association with maxClinicalTrialPhase > 0
ATP4B,1.0,,0.0081307568030634,Open Targets LUAD association with maxClinicalTrialPhase > 0
SLC5A1,1.0,,0.0081091469966496,Open Targets LUAD association with maxClinicalTrialPhase > 0
COL6A2,1.0,,0.0080744972377898,Open Targets LUAD association with maxClinicalTrialPhase > 0
CHRM1,1.0,,0.0079870313040193,Open Targets LUAD association with maxClinicalTrialPhase > 0
SCNN1A,1.0,,0.007945966875721,Open Targets LUAD association with maxClinicalTrialPhase > 0
TYR,1.0,,0.0079254346615719,Open Targets LUAD association with maxClinicalTrialPhase > 0
APH1A,1.0,,0.0079254346615719,Open Targets LUAD association with maxClinicalTrialPhase > 0
RPL19,1.0,,0.0079254346615719,Open Targets LUAD association with maxClinicalTrialPhase > 0
DIO1,1.0,,0.0077611769483787,Open Targets LUAD association with maxClinicalTrialPhase > 0
OPRM1,1.0,,0.0076482497705584,Open Targets LUAD association with maxClinicalTrialPhase > 0
MGAM,1.0,,0.0076432957985545,Open Targets LUAD association with maxClinicalTrialPhase > 0
RPS15,1.0,,0.0076266909457018,Open Targets LUAD association with maxClinicalTrialPhase > 0
KCNJ11,1.0,,0.0075763870210363,Open Targets LUAD association with maxClinicalTrialPhase > 0
PDE3B,1.0,,0.0075763870210363,Open Targets LUAD association with maxClinicalTrialPhase > 0
SCN3A,1.0,,0.0075586758395102,Open Targets LUAD association with maxClinicalTrialPhase > 0
LHCGR,1.0,,0.007391597093694,Open Targets LUAD association with maxClinicalTrialPhase > 0
SLC12A1,1.0,,0.007391597093694,Open Targets LUAD association with maxClinicalTrialPhase > 0
FGF23,1.0,,0.007391597093694,Open Targets LUAD association with maxClinicalTrialPhase > 0
ADRB3,1.0,,0.007391597093694,Open Targets LUAD association with maxClinicalTrialPhase > 0
BHMT,1.0,,0.007391597093694,Open Targets LUAD association with maxClinicalTrialPhase > 0
IMPDH1,1.0,,0.007391597093694,Open Targets LUAD association with maxClinicalTrialPhase > 0
KCNV1,1.0,,0.007391597093694,Open Targets LUAD association with maxClinicalTrialPhase > 0
RPS4Y1,1.0,,0.007391597093694,Open Targets LUAD association with maxClinicalTrialPhase > 0
ABCD1,1.0,,0.007391597093694,Open Targets LUAD association with maxClinicalTrialPhase > 0
SSTR2,1.0,,0.007391597093694,Open Targets LUAD association with maxClinicalTrialPhase > 0
ROCK2,1.0,,0.0072068071663516,Open Targets LUAD association with maxClinicalTrialPhase > 0
RPL6,1.0,,0.0072068071663516,Open Targets LUAD association with maxClinicalTrialPhase > 0
HTR1A,1.0,,0.0072068071663516,Open Targets LUAD association with maxClinicalTrialPhase > 0
SLAMF7,1.0,,0.0071951341597212,Open Targets LUAD association with maxClinicalTrialPhase > 0
CD3D,1.0,,0.0071766854296973,Open Targets LUAD association with maxClinicalTrialPhase > 0
EPHB3,1.0,,0.0070686424527982,Open Targets LUAD association with maxClinicalTrialPhase > 0
KCNA1,1.0,,0.0070220172390093,Open Targets LUAD association with maxClinicalTrialPhase > 0
GRIN2B,1.0,,0.0070220172390093,Open Targets LUAD association with maxClinicalTrialPhase > 0
PTH1R,1.0,,0.0070014850248601,Open Targets LUAD association with maxClinicalTrialPhase > 0
C5AR1,1.0,,0.0069049651823624,Open Targets LUAD association with maxClinicalTrialPhase > 0
RPS11,1.0,,0.0068372273116669,Open Targets LUAD association with maxClinicalTrialPhase > 0
IL12A,1.0,,0.0067858967762941,Open Targets LUAD association with maxClinicalTrialPhase > 0
TRPM8,1.0,,0.0067822009777472,Open Targets LUAD association with maxClinicalTrialPhase > 0
COL6A1,1.0,,0.0067396992944585,Open Targets LUAD association with maxClinicalTrialPhase > 0
CACNA1E,1.0,,0.0065597922899125,Open Targets LUAD association with maxClinicalTrialPhase > 0
RPS25,1.0,,0.0064368491357585,Open Targets LUAD association with maxClinicalTrialPhase > 0
S1PR5,1.0,,0.0062828575296399,Open Targets LUAD association with maxClinicalTrialPhase > 0
ITGA2B,1.0,,0.0062528679262388,Open Targets LUAD association with maxClinicalTrialPhase > 0
IL1R1,1.0,,0.0062196057393171,Open Targets LUAD association with maxClinicalTrialPhase > 0
GABBR1,1.0,,0.0060980676022975,Open Targets LUAD association with maxClinicalTrialPhase > 0
CHRM5,1.0,,0.0060980676022975,Open Targets LUAD association with maxClinicalTrialPhase > 0
SCN8A,1.0,,0.0060980676022975,Open Targets LUAD association with maxClinicalTrialPhase > 0
ATP1B3,1.0,,0.0060936287899827,Open Targets LUAD association with maxClinicalTrialPhase > 0
CD3G,1.0,,0.0060596723618386,Open Targets LUAD association with maxClinicalTrialPhase > 0
KCNV2,1.0,,0.0059543421032535,Open Targets LUAD association with maxClinicalTrialPhase > 0
RPL13A,1.0,,0.0059132776749552,Open Targets LUAD association with maxClinicalTrialPhase > 0
FAAH,1.0,,0.0059132776749552,Open Targets LUAD association with maxClinicalTrialPhase > 0
RPL3,1.0,,0.0059132776749552,Open Targets LUAD association with maxClinicalTrialPhase > 0
KCNS3,1.0,,0.0059081446214179,Open Targets LUAD association with maxClinicalTrialPhase > 0
SLC12A3,1.0,,0.0058851485415708,Open Targets LUAD association with maxClinicalTrialPhase > 0
BDKRB2,1.0,,0.005838866050634,Open Targets LUAD association with maxClinicalTrialPhase > 0
SERPINC1,1.0,,0.0057079555334637,Open Targets LUAD association with maxClinicalTrialPhase > 0
KCNH2,1.0,,0.0057079555334637,Open Targets LUAD association with maxClinicalTrialPhase > 0
GAA,1.0,,0.0056778369149126,Open Targets LUAD association with maxClinicalTrialPhase > 0
CPT2,1.0,,0.0055436978202705,Open Targets LUAD association with maxClinicalTrialPhase > 0
PDE3A,1.0,,0.0054307706424502,Open Targets LUAD association with maxClinicalTrialPhase > 0
IL4R,1.0,,0.0054205045353756,Open Targets LUAD association with maxClinicalTrialPhase > 0
HPD,1.0,,0.0053589078929281,Open Targets LUAD association with maxClinicalTrialPhase > 0
KCNQ4,1.0,,0.0051741179655858,Open Targets LUAD association with maxClinicalTrialPhase > 0
SI,1.0,,0.0051741179655858,Open Targets LUAD association with maxClinicalTrialPhase > 0
GRIA3,1.0,,0.0051741179655858,Open Targets LUAD association with maxClinicalTrialPhase > 0
CHRNB2,1.0,,0.0051741179655858,Open Targets LUAD association with maxClinicalTrialPhase > 0
KCNA4,1.0,,0.0051741179655858,Open Targets LUAD association with maxClinicalTrialPhase > 0
RPS19,1.0,,0.0051459888322014,Open Targets LUAD association with maxClinicalTrialPhase > 0
AMY2A,1.0,,0.0051227874302129,Open Targets LUAD association with maxClinicalTrialPhase > 0
PSEN2,1.0,,0.0050303924665417,Open Targets LUAD association with maxClinicalTrialPhase > 0
IFNAR2,1.0,,0.0050303924665417,Open Targets LUAD association with maxClinicalTrialPhase > 0
EGLN2,1.0,,0.0049687958240943,Open Targets LUAD association with maxClinicalTrialPhase > 0
ITGA4,1.0,,0.0048661347533485,Open Targets LUAD association with maxClinicalTrialPhase > 0
GABRD,1.0,,0.0047840058967519,Open Targets LUAD association with maxClinicalTrialPhase > 0
PNP,1.0,,0.0047840058967519,Open Targets LUAD association with maxClinicalTrialPhase > 0
GABRA5,1.0,,0.0047840058967519,Open Targets LUAD association with maxClinicalTrialPhase > 0
CNR1,1.0,,0.0047840058967519,Open Targets LUAD association with maxClinicalTrialPhase > 0
RYR3,1.0,,0.0046197481835587,Open Targets LUAD association with maxClinicalTrialPhase > 0
RPL8,1.0,,0.0046197481835587,Open Targets LUAD association with maxClinicalTrialPhase > 0
RXRG,1.0,,0.0046197481835587,Open Targets LUAD association with maxClinicalTrialPhase > 0
PSMA1,1.0,,0.0046197481835587,Open Targets LUAD association with maxClinicalTrialPhase > 0
IL2RG,1.0,,0.0046197481835587,Open Targets LUAD association with maxClinicalTrialPhase > 0
GRIN1,1.0,,0.0046197481835587,Open Targets LUAD association with maxClinicalTrialPhase > 0
PSMB10,1.0,,0.0046197481835587,Open Targets LUAD association with maxClinicalTrialPhase > 0
COL5A3,1.0,,0.0046197481835587,Open Targets LUAD association with maxClinicalTrialPhase > 0
C1S,1.0,,0.0046197481835587,Open Targets LUAD association with maxClinicalTrialPhase > 0
RPS27,1.0,,0.0045992159694096,Open Targets LUAD association with maxClinicalTrialPhase > 0
IGHE,1.0,,0.004565953782488,Open Targets LUAD association with maxClinicalTrialPhase > 0
SCN11A,1.0,,0.0044349582562164,Open Targets LUAD association with maxClinicalTrialPhase > 0
SNAP25,1.0,,0.0044349582562164,Open Targets LUAD association with maxClinicalTrialPhase > 0
CACNA1H,1.0,,0.0044349582562164,Open Targets LUAD association with maxClinicalTrialPhase > 0
IL31RA,1.0,,0.0044349582562164,Open Targets LUAD association with maxClinicalTrialPhase > 0
KCNF1,1.0,,0.0044349582562164,Open Targets LUAD association with maxClinicalTrialPhase > 0
FGG,1.0,,0.0044222282834439,Open Targets LUAD association with maxClinicalTrialPhase > 0
MYL2,1.0,,0.0044144260420672,Open Targets LUAD association with maxClinicalTrialPhase > 0
TPO,1.0,,0.0044144260420672,Open Targets LUAD association with maxClinicalTrialPhase > 0
HTR2A,1.0,,0.004250168328874,Open Targets LUAD association with maxClinicalTrialPhase > 0
PSMD4,1.0,,0.004250168328874,Open Targets LUAD association with maxClinicalTrialPhase > 0
GUCY1B1,1.0,,0.004250168328874,Open Targets LUAD association with maxClinicalTrialPhase > 0
IFNAR1,1.0,,0.004250168328874,Open Targets LUAD association with maxClinicalTrialPhase > 0
GLP1R,1.0,,0.0042296361147249,Open Targets LUAD association with maxClinicalTrialPhase > 0
RPS8,1.0,,0.0042296361147249,Open Targets LUAD association with maxClinicalTrialPhase > 0
DLL3,1.0,,0.0042296361147249,Open Targets LUAD association with maxClinicalTrialPhase > 0
PSMB9,1.0,,0.0042296361147249,Open Targets LUAD association with maxClinicalTrialPhase > 0
AKR1B1,1.0,,0.0042296361147249,Open Targets LUAD association with maxClinicalTrialPhase > 0
KCNQ3,1.0,,0.0041108047905017,Open Targets LUAD association with maxClinicalTrialPhase > 0
CA12,1.0,,0.0040735911510025,Open Targets LUAD association with maxClinicalTrialPhase > 0
TTR,1.0,,0.0040653784015317,Open Targets LUAD association with maxClinicalTrialPhase > 0
REN,1.0,,0.0040653784015317,Open Targets LUAD association with maxClinicalTrialPhase > 0
SSTR5,1.0,,0.0040653784015317,Open Targets LUAD association with maxClinicalTrialPhase > 0
SLC18A2,1.0,,0.0040653784015317,Open Targets LUAD association with maxClinicalTrialPhase > 0
KCNJ3,1.0,,0.0040653784015317,Open Targets LUAD association with maxClinicalTrialPhase > 0
COL24A1,1.0,,0.0040653784015317,Open Targets LUAD association with maxClinicalTrialPhase > 0
COL4A1,1.0,,0.0040653784015317,Open Targets LUAD association with maxClinicalTrialPhase > 0
PSMD8,1.0,,0.0040653784015317,Open Targets LUAD association with maxClinicalTrialPhase > 0
SRD5A1,1.0,,0.003695798546847,Open Targets LUAD association with maxClinicalTrialPhase > 0
FNTB,1.0,,0.003695798546847,Open Targets LUAD association with maxClinicalTrialPhase > 0
KLKB1,1.0,,0.003695798546847,Open Targets LUAD association with maxClinicalTrialPhase > 0
SSTR3,1.0,,0.003695798546847,Open Targets LUAD association with maxClinicalTrialPhase > 0
SRMS,1.0,,0.003695798546847,Open Targets LUAD association with maxClinicalTrialPhase > 0
RPL12,1.0,,0.003695798546847,Open Targets LUAD association with maxClinicalTrialPhase > 0
SLC6A2,1.0,,0.003695798546847,Open Targets LUAD association with maxClinicalTrialPhase > 0
KCNH7,1.0,,0.003695798546847,Open Targets LUAD association with maxClinicalTrialPhase > 0
RPL37,1.0,,0.003695798546847,Open Targets LUAD association with maxClinicalTrialPhase > 0
ADRA2A,1.0,,0.003695798546847,Open Targets LUAD association with maxClinicalTrialPhase > 0
TRPV4,1.0,,0.003695798546847,Open Targets LUAD association with maxClinicalTrialPhase > 0
GABRG2,1.0,,0.003695798546847,Open Targets LUAD association with maxClinicalTrialPhase > 0
GLP2R,1.0,,0.003695798546847,Open Targets LUAD association with maxClinicalTrialPhase > 0
SCN4A,1.0,,0.003695798546847,Open Targets LUAD association with maxClinicalTrialPhase > 0
S1PR2,1.0,,0.003695798546847,Open Targets LUAD association with maxClinicalTrialPhase > 0
PGA5,1.0,,0.003695798546847,Open Targets LUAD association with maxClinicalTrialPhase > 0
CCKBR,1.0,,0.003695798546847,Open Targets LUAD association with maxClinicalTrialPhase > 0
RPS28,1.0,,0.003695798546847,Open Targets LUAD association with maxClinicalTrialPhase > 0
SLC29A1,1.0,,0.003695798546847,Open Targets LUAD association with maxClinicalTrialPhase > 0
TACR1,1.0,,0.003695798546847,Open Targets LUAD association with maxClinicalTrialPhase > 0
KCNQ2,1.0,,0.003695798546847,Open Targets LUAD association with maxClinicalTrialPhase > 0
FDPS,1.0,,0.003695798546847,Open Targets LUAD association with maxClinicalTrialPhase > 0
RPS5,1.0,,0.003695798546847,Open Targets LUAD association with maxClinicalTrialPhase > 0
PTAFR,1.0,,0.003695798546847,Open Targets LUAD association with maxClinicalTrialPhase > 0
IL17F,1.0,,0.003695798546847,Open Targets LUAD association with maxClinicalTrialPhase > 0
FAU,1.0,,0.003695798546847,Open Targets LUAD association with maxClinicalTrialPhase > 0
SLC9A3,1.0,,0.003695798546847,Open Targets LUAD association with maxClinicalTrialPhase > 0
IFNGR2,1.0,,0.003695798546847,Open Targets LUAD association with maxClinicalTrialPhase > 0
MYH6,1.0,,0.003695798546847,Open Targets LUAD association with maxClinicalTrialPhase > 0
GGCX,1.0,,0.0036661264992725,Open Targets LUAD association with maxClinicalTrialPhase > 0
PSMD6,1.0,,0.0035828713690266,Open Targets LUAD association with maxClinicalTrialPhase > 0
PSMD13,1.0,,0.0034186136558334,Open Targets LUAD association with maxClinicalTrialPhase > 0
CSF2RA,1.0,,0.0029566388374776,Open Targets LUAD association with maxClinicalTrialPhase > 0
UMPS,1.0,,0.0029566388374776,Open Targets LUAD association with maxClinicalTrialPhase > 0
KCNK9,1.0,,0.0029566388374776,Open Targets LUAD association with maxClinicalTrialPhase > 0
CACNA1B,1.0,,0.0029566388374776,Open Targets LUAD association with maxClinicalTrialPhase > 0
THRB,1.0,,0.0029361066233284,Open Targets LUAD association with maxClinicalTrialPhase > 0
PPP3CA,1.0,,0.0028437116596572,Open Targets LUAD association with maxClinicalTrialPhase > 0
FCGRT,1.0,,0.0025684107003816,Open Targets LUAD association with maxClinicalTrialPhase > 0
HTR5A,1.0,,0.0022174791281082,Open Targets LUAD association with maxClinicalTrialPhase > 0
RPS26,1.0,,0.0022174791281082,Open Targets LUAD association with maxClinicalTrialPhase > 0
LAMA1,1.0,,0.0022174791281082,Open Targets LUAD association with maxClinicalTrialPhase > 0
F5,1.0,,0.0022174791281082,Open Targets LUAD association with maxClinicalTrialPhase > 0
COMT,1.0,,0.0022174791281082,Open Targets LUAD association with maxClinicalTrialPhase > 0
GRIA2,1.0,,0.0022174791281082,Open Targets LUAD association with maxClinicalTrialPhase > 0
RPS2,1.0,,0.0022174791281082,Open Targets LUAD association with maxClinicalTrialPhase > 0
GRIK3,1.0,,0.0020121569866167,Open Targets LUAD association with maxClinicalTrialPhase > 0
CACNA1G,1.0,,0.0018478992734235,Open Targets LUAD association with maxClinicalTrialPhase > 0
RPL32,1.0,,0.0018478992734235,Open Targets LUAD association with maxClinicalTrialPhase > 0
COL4A2,1.0,,0.0015848780943763,Open Targets LUAD association with maxClinicalTrialPhase > 0
COL28A1,1.0,,0.0015050038917282,Open Targets LUAD association with maxClinicalTrialPhase > 0
GUCY2C,1.0,,0.0014783194187388,Open Targets LUAD association with maxClinicalTrialPhase > 0
KCNB1,1.0,,0.0014783194187388,Open Targets LUAD association with maxClinicalTrialPhase > 0
GRIK4,1.0,,0.0014783194187388,Open Targets LUAD association with maxClinicalTrialPhase > 0
ADH4,1.0,,0.0014783194187388,Open Targets LUAD association with maxClinicalTrialPhase > 0
HTR2C,1.0,,0.0014783194187388,Open Targets LUAD association with maxClinicalTrialPhase > 0
KCND1,1.0,,0.0014783194187388,Open Targets LUAD association with maxClinicalTrialPhase > 0
SSTR1,1.0,,0.0014783194187388,Open Targets LUAD association with maxClinicalTrialPhase > 0
GABRG1,1.0,,0.0014783194187388,Open Targets LUAD association with maxClinicalTrialPhase > 0
OPRK1,1.0,,0.0014783194187388,Open Targets LUAD association with maxClinicalTrialPhase > 0
TP53,0.75,,0.7422964934179282,Open Targets LUAD association with maxClinicalTrialPhase > 0
HGF,0.75,,0.4299227443729835,Open Targets LUAD association with maxClinicalTrialPhase > 0
ATR,0.75,,0.3618925132219032,Open Targets LUAD association with maxClinicalTrialPhase > 0
PIK3CB,0.75,,0.3511044791888763,Open Targets LUAD association with maxClinicalTrialPhase > 0
MAP3K13,0.75,,0.3481904205948246,Open Targets LUAD association with maxClinicalTrialPhase > 0
MDM2,0.75,,0.3471403707172563,Open Targets LUAD association with maxClinicalTrialPhase > 0
PIK3R1,0.75,,0.3393385084167206,Open Targets LUAD association with maxClinicalTrialPhase > 0
BRD4,0.75,,0.3306257764389502,Open Targets LUAD association with maxClinicalTrialPhase > 0
WT1,0.75,,0.2986816140289446,Open Targets LUAD association with maxClinicalTrialPhase > 0
NFKB2,0.75,,0.2952269582306674,Open Targets LUAD association with maxClinicalTrialPhase > 0
IKBKB,0.75,,0.2885401429303662,Open Targets LUAD association with maxClinicalTrialPhase > 0
RSPO3,0.75,,0.2833263220338119,Open Targets LUAD association with maxClinicalTrialPhase > 0
PDGFB,0.75,,0.2813404704334288,Open Targets LUAD association with maxClinicalTrialPhase > 0
FCGR2B,0.75,,0.278339828059416,Open Targets LUAD association with maxClinicalTrialPhase > 0
BRD3,0.75,,0.2771848910135263,Open Targets LUAD association with maxClinicalTrialPhase > 0
MUC1,0.75,,0.234032715420094,Open Targets LUAD association with maxClinicalTrialPhase > 0
HSP90AA1,0.75,0.2279740491043579,0.2310105549854176,Open Targets LUAD association with maxClinicalTrialPhase > 0
HSP90AB1,0.75,0.2279740491043579,0.228881388067608,Open Targets LUAD association with maxClinicalTrialPhase > 0
FLNA,0.75,,0.2116277926213827,Open Targets LUAD association with maxClinicalTrialPhase > 0
ELN,0.75,,0.2090609550269904,Open Targets LUAD association with maxClinicalTrialPhase > 0
GRM3,0.75,,0.2082582481148294,Open Targets LUAD association with maxClinicalTrialPhase > 0
MUC5AC,0.75,,0.2056755367095763,Open Targets LUAD association with maxClinicalTrialPhase > 0
PIK3R2,0.75,,0.1979132460073862,Open Targets LUAD association with maxClinicalTrialPhase > 0
GMPS,0.75,,0.1918684081702704,Open Targets LUAD association with maxClinicalTrialPhase > 0
TFRC,0.75,,0.191698590965343,Open Targets LUAD association with maxClinicalTrialPhase > 0
PIK3R3,0.75,,0.188304169785584,Open Targets LUAD association with maxClinicalTrialPhase > 0
TLR4,0.75,,0.1817428177300371,Open Targets LUAD association with maxClinicalTrialPhase > 0
PLK1,0.75,,0.1256264871788134,Open Targets LUAD association with maxClinicalTrialPhase > 0
NT5E,0.75,,0.1111736419224687,Open Targets LUAD association with maxClinicalTrialPhase > 0
AGER,0.75,,0.1106258767926396,Open Targets LUAD association with maxClinicalTrialPhase > 0
E2F7,0.75,,0.1089522216933104,Open Targets LUAD association with maxClinicalTrialPhase > 0
AURKB,0.75,,0.1084033418902954,Open Targets LUAD association with maxClinicalTrialPhase > 0
CD40LG,0.75,,0.1066649296969949,Open Targets LUAD association with maxClinicalTrialPhase > 0
BSG,0.75,,0.1053169896361015,Open Targets LUAD association with maxClinicalTrialPhase > 0
CDK1,0.75,,0.1041554842569765,Open Targets LUAD association with maxClinicalTrialPhase > 0
GAS6,0.75,,0.1020033426271233,Open Targets LUAD association with maxClinicalTrialPhase > 0
FTO,0.75,,0.0998602622647895,Open Targets LUAD association with maxClinicalTrialPhase > 0
CD47,0.75,,0.0998422765182727,Open Targets LUAD association with maxClinicalTrialPhase > 0
ROR1,0.75,,0.0980792226546073,Open Targets LUAD association with maxClinicalTrialPhase > 0
FAP,0.75,,0.0971654267938093,Open Targets LUAD association with maxClinicalTrialPhase > 0
TNNC1,0.75,,0.0960589380872736,Open Targets LUAD association with maxClinicalTrialPhase > 0
TLR3,0.75,,0.0942975947407014,Open Targets LUAD association with maxClinicalTrialPhase > 0
MMP12,0.75,,0.0938257438946943,Open Targets LUAD association with maxClinicalTrialPhase > 0
VEGFC,0.75,,0.0927762709141306,Open Targets LUAD association with maxClinicalTrialPhase > 0
AURKA,0.75,,0.0926976437676491,Open Targets LUAD association with maxClinicalTrialPhase > 0
E2F2,0.75,,0.0920584502136865,Open Targets LUAD association with maxClinicalTrialPhase > 0
CCR2,0.75,,0.0894227972791913,Open Targets LUAD association with maxClinicalTrialPhase > 0
ICOS,0.75,,0.0867792569761156,Open Targets LUAD association with maxClinicalTrialPhase > 0
CSF2,0.75,,0.0862277120900182,Open Targets LUAD association with maxClinicalTrialPhase > 0
TIGIT,0.75,,0.0854764305806217,Open Targets LUAD association with maxClinicalTrialPhase > 0
NTSR1,0.75,,0.0850579898656399,Open Targets LUAD association with maxClinicalTrialPhase > 0
MAGEA3,0.75,,0.0837207003034689,Open Targets LUAD association with maxClinicalTrialPhase > 0
CCR9,0.75,,0.0798275643650773,Open Targets LUAD association with maxClinicalTrialPhase > 0
CDK2,0.75,,0.0767752231673564,Open Targets LUAD association with maxClinicalTrialPhase > 0
IDO1,0.75,,0.0765038119485138,Open Targets LUAD association with maxClinicalTrialPhase > 0
BACE1,0.75,,0.0744703407189674,Open Targets LUAD association with maxClinicalTrialPhase > 0
CDK9,0.75,,0.0737085955740339,Open Targets LUAD association with maxClinicalTrialPhase > 0
RELA,0.75,,0.0730225032042592,Open Targets LUAD association with maxClinicalTrialPhase > 0
CDK5,0.75,,0.0716773967196629,Open Targets LUAD association with maxClinicalTrialPhase > 0
MIF,0.75,,0.070743512502441,Open Targets LUAD association with maxClinicalTrialPhase > 0
HAVCR2,0.75,,0.0645176976501835,Open Targets LUAD association with maxClinicalTrialPhase > 0
MCL1,0.75,,0.0642152564488881,Open Targets LUAD association with maxClinicalTrialPhase > 0
E2F1,0.75,,0.0635719720367789,Open Targets LUAD association with maxClinicalTrialPhase > 0
CLU,0.75,,0.0608417310539879,Open Targets LUAD association with maxClinicalTrialPhase > 0
NOS3,0.75,,0.058498947298768,Open Targets LUAD association with maxClinicalTrialPhase > 0
SMAD7,0.75,,0.0582240209105958,Open Targets LUAD association with maxClinicalTrialPhase > 0
HMGB1,0.75,,0.0555099682601687,Open Targets LUAD association with maxClinicalTrialPhase > 0
MMP9,0.75,,0.0511650310409044,Open Targets LUAD association with maxClinicalTrialPhase > 0
UBA3,0.75,,0.0509506894111159,Open Targets LUAD association with maxClinicalTrialPhase > 0
IL1A,0.75,,0.0501820149728934,Open Targets LUAD association with maxClinicalTrialPhase > 0
NFKB1,0.75,,0.049381406680755,Open Targets LUAD association with maxClinicalTrialPhase > 0
HSPA1A,0.75,,0.0477863721958404,Open Targets LUAD association with maxClinicalTrialPhase > 0
CXCR2,0.75,,0.0473510582422874,Open Targets LUAD association with maxClinicalTrialPhase > 0
FGF2,0.75,,0.0463199230546603,Open Targets LUAD association with maxClinicalTrialPhase > 0
PRKAA2,0.75,,0.0461793599773114,Open Targets LUAD association with maxClinicalTrialPhase > 0
CDK7,0.75,,0.0437191283559712,Open Targets LUAD association with maxClinicalTrialPhase > 0
BRD2,0.75,,0.0433728077212245,Open Targets LUAD association with maxClinicalTrialPhase > 0
NQO1,0.75,,0.0429078812069207,Open Targets LUAD association with maxClinicalTrialPhase > 0
ENG,0.75,,0.041995910117346,Open Targets LUAD association with maxClinicalTrialPhase > 0
CXCR1,0.75,,0.041673713669325,Open Targets LUAD association with maxClinicalTrialPhase > 0
IL33,0.75,,0.0416370196348743,Open Targets LUAD association with maxClinicalTrialPhase > 0
BCL2L1,0.75,,0.0405575817661514,Open Targets LUAD association with maxClinicalTrialPhase > 0
CCN2,0.75,,0.0404276443756845,Open Targets LUAD association with maxClinicalTrialPhase > 0
IFNA2,0.75,,0.0401097508706128,Open Targets LUAD association with maxClinicalTrialPhase > 0
ABCB1,0.75,,0.0397590420145028,Open Targets LUAD association with maxClinicalTrialPhase > 0
ICAM1,0.75,,0.0394614710361706,Open Targets LUAD association with maxClinicalTrialPhase > 0
E2F8,0.75,,0.0392636594055383,Open Targets LUAD association with maxClinicalTrialPhase > 0
PDK4,0.75,,0.0389044946535556,Open Targets LUAD association with maxClinicalTrialPhase > 0
PRKAA1,0.75,,0.0383692265161373,Open Targets LUAD association with maxClinicalTrialPhase > 0
PTK2,0.75,,0.0382444817775536,Open Targets LUAD association with maxClinicalTrialPhase > 0
PDK1,0.75,,0.037833537984669,Open Targets LUAD association with maxClinicalTrialPhase > 0
PRKAB1,0.75,,0.0372721058313898,Open Targets LUAD association with maxClinicalTrialPhase > 0
MPO,0.75,,0.0368335274769322,Open Targets LUAD association with maxClinicalTrialPhase > 0
ALOX5AP,0.75,,0.0363040097595498,Open Targets LUAD association with maxClinicalTrialPhase > 0
IL18,0.75,,0.0354911999131213,Open Targets LUAD association with maxClinicalTrialPhase > 0
E2F4,0.75,,0.0334029836702566,Open Targets LUAD association with maxClinicalTrialPhase > 0
MAPK14,0.75,,0.0323287422066491,Open Targets LUAD association with maxClinicalTrialPhase > 0
MMP2,0.75,,0.0308533746509701,Open Targets LUAD association with maxClinicalTrialPhase > 0
HLA-DRB1,0.75,,0.030278902479632,Open Targets LUAD association with maxClinicalTrialPhase > 0
IL1RL1,0.75,,0.0300922172392173,Open Targets LUAD association with maxClinicalTrialPhase > 0
KDM1A,0.75,,0.0292514180809686,Open Targets LUAD association with maxClinicalTrialPhase > 0
ANGPT1,0.75,,0.0286052539011322,Open Targets LUAD association with maxClinicalTrialPhase > 0
ITGA5,0.75,,0.0269282768420128,Open Targets LUAD association with maxClinicalTrialPhase > 0
TNFRSF4,0.75,,0.0262880761208394,Open Targets LUAD association with maxClinicalTrialPhase > 0
TNFSF4,0.75,,0.0261784149166791,Open Targets LUAD association with maxClinicalTrialPhase > 0
IFNB1,0.75,,0.0252227049361818,Open Targets LUAD association with maxClinicalTrialPhase > 0
MAP3K5,0.75,,0.0252110796023894,Open Targets LUAD association with maxClinicalTrialPhase > 0
TRBV7-9,0.75,,0.0249877046195156,Open Targets LUAD association with maxClinicalTrialPhase > 0
TNFRSF9,0.75,,0.0243222935746979,Open Targets LUAD association with maxClinicalTrialPhase > 0
BCL2A1,0.75,,0.0239773051176694,Open Targets LUAD association with maxClinicalTrialPhase > 0
NPR3,0.75,,0.023783387416469,Open Targets LUAD association with maxClinicalTrialPhase > 0
RXFP1,0.75,,0.0234751445909973,Open Targets LUAD association with maxClinicalTrialPhase > 0
KLRC1,0.75,,0.0230175234400906,Open Targets LUAD association with maxClinicalTrialPhase > 0
PDK2,0.75,,0.0226753666620383,Open Targets LUAD association with maxClinicalTrialPhase > 0
PLA2G10,0.75,,0.021959203032516,Open Targets LUAD association with maxClinicalTrialPhase > 0
E2F5,0.75,,0.0211481805736246,Open Targets LUAD association with maxClinicalTrialPhase > 0
ACACB,0.75,,0.0211394160155724,Open Targets LUAD association with maxClinicalTrialPhase > 0
NCBP1,0.75,,0.0209400511989083,Open Targets LUAD association with maxClinicalTrialPhase > 0
E2F3,0.75,,0.0208921579417465,Open Targets LUAD association with maxClinicalTrialPhase > 0
NPY5R,0.75,,0.0206325732049013,Open Targets LUAD association with maxClinicalTrialPhase > 0
ITGB6,0.75,,0.0204184572035313,Open Targets LUAD association with maxClinicalTrialPhase > 0
NCBP2,0.75,,0.0203101228688124,Open Targets LUAD association with maxClinicalTrialPhase > 0
TNNI3,0.75,,0.0201215698661671,Open Targets LUAD association with maxClinicalTrialPhase > 0
FASLG,0.75,,0.0198192055445226,Open Targets LUAD association with maxClinicalTrialPhase > 0
LGR4,0.75,,0.019476479746342,Open Targets LUAD association with maxClinicalTrialPhase > 0
FCGR3A,0.75,,0.0177929591076378,Open Targets LUAD association with maxClinicalTrialPhase > 0
BRDT,0.75,,0.0174523820267775,Open Targets LUAD association with maxClinicalTrialPhase > 0
SELL,0.75,,0.0171470680023797,Open Targets LUAD association with maxClinicalTrialPhase > 0
MMP3,0.75,,0.0171066246149665,Open Targets LUAD association with maxClinicalTrialPhase > 0
ACACA,0.75,,0.0170116631245267,Open Targets LUAD association with maxClinicalTrialPhase > 0
ENPP2,0.75,,0.0159933405103901,Open Targets LUAD association with maxClinicalTrialPhase > 0
PLA2G7,0.75,,0.0155456078818824,Open Targets LUAD association with maxClinicalTrialPhase > 0
DPYD,0.75,,0.0151176513851343,Open Targets LUAD association with maxClinicalTrialPhase > 0
MAPK10,0.75,,0.0150002196909445,Open Targets LUAD association with maxClinicalTrialPhase > 0
SIGLEC10,0.75,,0.0147626619732389,Open Targets LUAD association with maxClinicalTrialPhase > 0
TNFRSF10B,0.75,,0.0144677777083708,Open Targets LUAD association with maxClinicalTrialPhase > 0
NOS2,0.75,,0.0144375162412784,Open Targets LUAD association with maxClinicalTrialPhase > 0
DGAT1,0.75,,0.0144246891576005,Open Targets LUAD association with maxClinicalTrialPhase > 0
MAP3K9,0.75,,0.0144136143327033,Open Targets LUAD association with maxClinicalTrialPhase > 0
LRP1,0.75,,0.0131214402119088,Open Targets LUAD association with maxClinicalTrialPhase > 0
SELE,0.75,,0.0127065434989651,Open Targets LUAD association with maxClinicalTrialPhase > 0
PTK2B,0.75,,0.0122284636066061,Open Targets LUAD association with maxClinicalTrialPhase > 0
E2F6,0.75,,0.0118998553544229,Open Targets LUAD association with maxClinicalTrialPhase > 0
GDF2,0.75,,0.0118265553499104,Open Targets LUAD association with maxClinicalTrialPhase > 0
BCL2L10,0.75,,0.0117752248145375,Open Targets LUAD association with maxClinicalTrialPhase > 0
MASP2,0.75,,0.0117316965205413,Open Targets LUAD association with maxClinicalTrialPhase > 0
VEGFB,0.75,,0.0115856981612609,Open Targets LUAD association with maxClinicalTrialPhase > 0
HSPA1B,0.75,,0.0111748630201718,Open Targets LUAD association with maxClinicalTrialPhase > 0
INPP5D,0.75,,0.011087395640541,Open Targets LUAD association with maxClinicalTrialPhase > 0
MSTN,0.75,,0.0107794124283038,Open Targets LUAD association with maxClinicalTrialPhase > 0
NOS1,0.75,,0.0107331200783246,Open Targets LUAD association with maxClinicalTrialPhase > 0
TNFSF13,0.75,,0.0106798762601279,Open Targets LUAD association with maxClinicalTrialPhase > 0
LTB4R,0.75,,0.010533025858514,Open Targets LUAD association with maxClinicalTrialPhase > 0
CTSK,0.75,,0.0102687762624144,Open Targets LUAD association with maxClinicalTrialPhase > 0
PIK3R5,0.75,,0.0099581238623378,Open Targets LUAD association with maxClinicalTrialPhase > 0
TNFRSF13C,0.75,,0.0098146036854352,Open Targets LUAD association with maxClinicalTrialPhase > 0
PLA2G2A,0.75,,0.0093432513253268,Open Targets LUAD association with maxClinicalTrialPhase > 0
PDK3,0.75,,0.0090547064397751,Open Targets LUAD association with maxClinicalTrialPhase > 0
LY96,0.75,,0.0089907046295461,Open Targets LUAD association with maxClinicalTrialPhase > 0
HPSE,0.75,,0.0089239162356451,Open Targets LUAD association with maxClinicalTrialPhase > 0
FGF1,0.75,,0.0087364571204633,Open Targets LUAD association with maxClinicalTrialPhase > 0
CD6,0.75,,0.0086851265850904,Open Targets LUAD association with maxClinicalTrialPhase > 0
NAE1,0.75,,0.0082026195525854,Open Targets LUAD association with maxClinicalTrialPhase > 0
CHRNA7,0.75,,0.0081923534455108,Open Targets LUAD association with maxClinicalTrialPhase > 0
FDFT1,0.75,,0.0080178296252431,Open Targets LUAD association with maxClinicalTrialPhase > 0
IL13RA2,0.75,,0.0078227735908261,Open Targets LUAD association with maxClinicalTrialPhase > 0
PLA2G5,0.75,,0.0078055265309409,Open Targets LUAD association with maxClinicalTrialPhase > 0
CTSC,0.75,,0.007791210423466,Open Targets LUAD association with maxClinicalTrialPhase > 0
TAAR1,0.75,,0.0077611769483787,Open Targets LUAD association with maxClinicalTrialPhase > 0
TNNI2,0.75,,0.0077611769483787,Open Targets LUAD association with maxClinicalTrialPhase > 0
SIGLEC8,0.75,,0.0075763870210363,Open Targets LUAD association with maxClinicalTrialPhase > 0
PRKAG1,0.75,,0.007391597093694,Open Targets LUAD association with maxClinicalTrialPhase > 0
PRKAB2,0.75,,0.007391597093694,Open Targets LUAD association with maxClinicalTrialPhase > 0
IL10RB,0.75,,0.0070656167672178,Open Targets LUAD association with maxClinicalTrialPhase > 0
LTB4R2,0.75,,0.0066524373843246,Open Targets LUAD association with maxClinicalTrialPhase > 0
BCL2L2,0.75,,0.0055649601844968,Open Targets LUAD association with maxClinicalTrialPhase > 0
LPA,0.75,,0.0055436978202705,Open Targets LUAD association with maxClinicalTrialPhase > 0
HSPA8,0.75,,0.0048790700482625,Open Targets LUAD association with maxClinicalTrialPhase > 0
ITGB5,0.75,,0.0046197481835587,Open Targets LUAD association with maxClinicalTrialPhase > 0
IL10RA,0.75,,0.004588949862335,Open Targets LUAD association with maxClinicalTrialPhase > 0
NGF,0.75,,0.0045068210057384,Open Targets LUAD association with maxClinicalTrialPhase > 0
TRAV29DV5,0.75,,0.004250168328874,Open Targets LUAD association with maxClinicalTrialPhase > 0
TRAC,0.75,,0.004250168328874,Open Targets LUAD association with maxClinicalTrialPhase > 0
MAP3K12,0.75,,0.0040653784015317,Open Targets LUAD association with maxClinicalTrialPhase > 0
TFR2,0.75,,0.0040653784015317,Open Targets LUAD association with maxClinicalTrialPhase > 0
CLK2,0.75,,0.0040653784015317,Open Targets LUAD association with maxClinicalTrialPhase > 0
IL13RA1,0.75,,0.0040653784015317,Open Targets LUAD association with maxClinicalTrialPhase > 0
HTT,0.75,,0.003695798546847,Open Targets LUAD association with maxClinicalTrialPhase > 0
MAP3K11,0.75,,0.003695798546847,Open Targets LUAD association with maxClinicalTrialPhase > 0
DYRK1A,0.75,,0.003695798546847,Open Targets LUAD association with maxClinicalTrialPhase > 0
KCNMA1,0.75,,0.003695798546847,Open Targets LUAD association with maxClinicalTrialPhase > 0
TNNT2,0.75,,0.003695798546847,Open Targets LUAD association with maxClinicalTrialPhase > 0
GRM2,0.75,,0.0029566388374776,Open Targets LUAD association with maxClinicalTrialPhase > 0
SV2B,0.75,,0.0029566388374776,Open Targets LUAD association with maxClinicalTrialPhase > 0
BCL2L2-PABPN1,0.75,,0.0029566388374776,Open Targets LUAD association with maxClinicalTrialPhase > 0
MAP3K10,0.75,,0.0022174791281082,Open Targets LUAD association with maxClinicalTrialPhase > 0
ENPEP,0.75,,0.0014783194187388,Open Targets LUAD association with maxClinicalTrialPhase > 0
TRAF3IP2,0.75,,0.0014783194187388,Open Targets LUAD association with maxClinicalTrialPhase > 0
CTNNB1,0.5,,0.5563779102836472,Open Targets LUAD association with maxClinicalTrialPhase > 0
SLC34A2,0.5,,0.5126457977826889,Open Targets LUAD association with maxClinicalTrialPhase > 0
CHRNA5,0.5,,0.4620831419558656,Open Targets LUAD association with maxClinicalTrialPhase > 0
NRAS,0.5,,0.4516298635482483,Open Targets LUAD association with maxClinicalTrialPhase > 0
CHEK2,0.5,,0.4200768742343116,Open Targets LUAD association with maxClinicalTrialPhase > 0
MAP3K1,0.5,,0.4181079319154771,Open Targets LUAD association with maxClinicalTrialPhase > 0
PTPRB,0.5,,0.3967821755544986,Open Targets LUAD association with maxClinicalTrialPhase > 0
CDK12,0.5,,0.3904679479999612,Open Targets LUAD association with maxClinicalTrialPhase > 0
PTPN11,0.5,,0.370939119158919,Open Targets LUAD association with maxClinicalTrialPhase > 0
NOTCH1,0.5,,0.3637463807447192,Open Targets LUAD association with maxClinicalTrialPhase > 0
PTPRC,0.5,,0.3581341006841065,Open Targets LUAD association with maxClinicalTrialPhase > 0
NOTCH2,0.5,,0.3528675955554575,Open Targets LUAD association with maxClinicalTrialPhase > 0
GPC3,0.5,,0.3488455457252061,Open Targets LUAD association with maxClinicalTrialPhase > 0
CREBBP,0.5,,0.336337098570108,Open Targets LUAD association with maxClinicalTrialPhase > 0
CASP8,0.5,,0.3012865215412125,Open Targets LUAD association with maxClinicalTrialPhase > 0
MAPK1,0.5,,0.3004009088870111,Open Targets LUAD association with maxClinicalTrialPhase > 0
STAT3,0.5,,0.2954782943957362,Open Targets LUAD association with maxClinicalTrialPhase > 0
BIRC3,0.5,,0.2838589380347097,Open Targets LUAD association with maxClinicalTrialPhase > 0
HRAS,0.5,,0.2799361410514961,Open Targets LUAD association with maxClinicalTrialPhase > 0
TNC,0.5,,0.2473489122718571,Open Targets LUAD association with maxClinicalTrialPhase > 0
CASP9,0.5,,0.211649189027911,Open Targets LUAD association with maxClinicalTrialPhase > 0
CD28,0.5,,0.2006607009402896,Open Targets LUAD association with maxClinicalTrialPhase > 0
NLRP3,0.5,,0.191535600173756,Open Targets LUAD association with maxClinicalTrialPhase > 0
CASP3,0.5,,0.1913442257112157,Open Targets LUAD association with maxClinicalTrialPhase > 0
POLR2A,0.5,,0.1899152812993325,Open Targets LUAD association with maxClinicalTrialPhase > 0
SPP1,0.5,,0.1266269265432134,Open Targets LUAD association with maxClinicalTrialPhase > 0
BIRC5,0.5,,0.1214324105063879,Open Targets LUAD association with maxClinicalTrialPhase > 0
VIM,0.5,,0.1098742571544821,Open Targets LUAD association with maxClinicalTrialPhase > 0
CD44,0.5,,0.1065501897412454,Open Targets LUAD association with maxClinicalTrialPhase > 0
APEX1,0.5,,0.1065232462944788,Open Targets LUAD association with maxClinicalTrialPhase > 0
KIF11,0.5,,0.1063792160721761,Open Targets LUAD association with maxClinicalTrialPhase > 0
STEAP1,0.5,,0.1046262281690467,Open Targets LUAD association with maxClinicalTrialPhase > 0
SNCA,0.5,,0.102831278113721,Open Targets LUAD association with maxClinicalTrialPhase > 0
CXCL8,0.5,,0.1025840956450409,Open Targets LUAD association with maxClinicalTrialPhase > 0
STING1,0.5,,0.0999277358569342,Open Targets LUAD association with maxClinicalTrialPhase > 0
PRMT5,0.5,,0.0996362691268489,Open Targets LUAD association with maxClinicalTrialPhase > 0
CD276,0.5,,0.0988090194104667,Open Targets LUAD association with maxClinicalTrialPhase > 0
CCL2,0.5,,0.0956392555251516,Open Targets LUAD association with maxClinicalTrialPhase > 0
SIRT1,0.5,,0.0928272138185436,Open Targets LUAD association with maxClinicalTrialPhase > 0
NOTCH3,0.5,,0.091217795857784,Open Targets LUAD association with maxClinicalTrialPhase > 0
DKK1,0.5,,0.090705288605272,Open Targets LUAD association with maxClinicalTrialPhase > 0
UTRN,0.5,,0.0906388082252408,Open Targets LUAD association with maxClinicalTrialPhase > 0
AOPEP,0.5,,0.0889190863873638,Open Targets LUAD association with maxClinicalTrialPhase > 0
GSTP1,0.5,,0.0888795853702057,Open Targets LUAD association with maxClinicalTrialPhase > 0
LGALS1,0.5,,0.0872720206692774,Open Targets LUAD association with maxClinicalTrialPhase > 0
MSLN,0.5,0.1215861595223242,0.0870825910485293,Open Targets LUAD association with maxClinicalTrialPhase > 0
LGALS3,0.5,,0.0862565396934216,Open Targets LUAD association with maxClinicalTrialPhase > 0
ATP2A2,0.5,,0.0818461716186457,Open Targets LUAD association with maxClinicalTrialPhase > 0
ITGB8,0.5,,0.0799280265309852,Open Targets LUAD association with maxClinicalTrialPhase > 0
HNF4A,0.5,,0.0793585531591292,Open Targets LUAD association with maxClinicalTrialPhase > 0
TGFBR1,0.5,,0.0792198777610681,Open Targets LUAD association with maxClinicalTrialPhase > 0
LOXL2,0.5,,0.076615515595106,Open Targets LUAD association with maxClinicalTrialPhase > 0
TLR2,0.5,,0.0763076908700074,Open Targets LUAD association with maxClinicalTrialPhase > 0
TTK,0.5,,0.0738623918910409,Open Targets LUAD association with maxClinicalTrialPhase > 0
CX3CL1,0.5,,0.0734932711812879,Open Targets LUAD association with maxClinicalTrialPhase > 0
IFNA1,0.5,,0.0715272103252189,Open Targets LUAD association with maxClinicalTrialPhase > 0
MGLL,0.5,,0.0711389544373917,Open Targets LUAD association with maxClinicalTrialPhase > 0
CSNK2A1,0.5,,0.0692312248273581,Open Targets LUAD association with maxClinicalTrialPhase > 0
NAMPT,0.5,,0.066184708403635,Open Targets LUAD association with maxClinicalTrialPhase > 0
IL22,0.5,,0.0653002432356739,Open Targets LUAD association with maxClinicalTrialPhase > 0
ADM,0.5,,0.063785566777247,Open Targets LUAD association with maxClinicalTrialPhase > 0
IL15,0.5,,0.062596698152352,Open Targets LUAD association with maxClinicalTrialPhase > 0
PRKDC,0.5,,0.0607237320307693,Open Targets LUAD association with maxClinicalTrialPhase > 0
NRP1,0.5,,0.0601905287576119,Open Targets LUAD association with maxClinicalTrialPhase > 0
TNKS,0.5,,0.0577074797123979,Open Targets LUAD association with maxClinicalTrialPhase > 0
PLK4,0.5,,0.0566566464291775,Open Targets LUAD association with maxClinicalTrialPhase > 0
ACVRL1,0.5,,0.0561910910440889,Open Targets LUAD association with maxClinicalTrialPhase > 0
CASP1,0.5,,0.053849305184605,Open Targets LUAD association with maxClinicalTrialPhase > 0
P2RX7,0.5,,0.0537958575254765,Open Targets LUAD association with maxClinicalTrialPhase > 0
CXCL10,0.5,,0.0508972522811529,Open Targets LUAD association with maxClinicalTrialPhase > 0
TXN,0.5,,0.0507378808043871,Open Targets LUAD association with maxClinicalTrialPhase > 0
ADAM17,0.5,,0.0501495463758798,Open Targets LUAD association with maxClinicalTrialPhase > 0
ITGAM,0.5,,0.0493964716017988,Open Targets LUAD association with maxClinicalTrialPhase > 0
TYRP1,0.5,,0.0489972886609269,Open Targets LUAD association with maxClinicalTrialPhase > 0
TNFSF12,0.5,,0.0480531833503879,Open Targets LUAD association with maxClinicalTrialPhase > 0
IGF2,0.5,,0.0466223775462825,Open Targets LUAD association with maxClinicalTrialPhase > 0
CXCL12,0.5,,0.0456777509602984,Open Targets LUAD association with maxClinicalTrialPhase > 0
CSF1,0.5,,0.0454147678151411,Open Targets LUAD association with maxClinicalTrialPhase > 0
CCR1,0.5,,0.0432736819700054,Open Targets LUAD association with maxClinicalTrialPhase > 0
CD27,0.5,,0.0430193743075655,Open Targets LUAD association with maxClinicalTrialPhase > 0
TLR8,0.5,,0.0429099406436309,Open Targets LUAD association with maxClinicalTrialPhase > 0
AGTR2,0.5,,0.0424714555285719,Open Targets LUAD association with maxClinicalTrialPhase > 0
RPS6KB1,0.5,,0.0410564374369964,Open Targets LUAD association with maxClinicalTrialPhase > 0
DBH,0.5,,0.040900170585107,Open Targets LUAD association with maxClinicalTrialPhase > 0
EPHX2,0.5,,0.0400944862373544,Open Targets LUAD association with maxClinicalTrialPhase > 0
IFNA17,0.5,,0.0400525536784106,Open Targets LUAD association with maxClinicalTrialPhase > 0
IGF1,0.5,,0.039595342818469,Open Targets LUAD association with maxClinicalTrialPhase > 0
LAP3,0.5,,0.039463521415418,Open Targets LUAD association with maxClinicalTrialPhase > 0
WEE1,0.5,,0.0388462421558426,Open Targets LUAD association with maxClinicalTrialPhase > 0
EREG,0.5,,0.0374570039974236,Open Targets LUAD association with maxClinicalTrialPhase > 0
CHEK1,0.5,,0.0364500676313427,Open Targets LUAD association with maxClinicalTrialPhase > 0
ITGA2,0.5,,0.0353991181802381,Open Targets LUAD association with maxClinicalTrialPhase > 0
MAPK8,0.5,,0.0344514394806164,Open Targets LUAD association with maxClinicalTrialPhase > 0
CD14,0.5,,0.0344107328514868,Open Targets LUAD association with maxClinicalTrialPhase > 0
AOC3,0.5,,0.034338220804318,Open Targets LUAD association with maxClinicalTrialPhase > 0
IL4,0.5,,0.0337998090012918,Open Targets LUAD association with maxClinicalTrialPhase > 0
SERPINE1,0.5,,0.0337392362165141,Open Targets LUAD association with maxClinicalTrialPhase > 0
MAPK3,0.5,,0.0335296790047395,Open Targets LUAD association with maxClinicalTrialPhase > 0
SDC1,0.5,,0.0333281926432502,Open Targets LUAD association with maxClinicalTrialPhase > 0
IL18R1,0.5,,0.0327453155743446,Open Targets LUAD association with maxClinicalTrialPhase > 0
CDC7,0.5,,0.032527811461331,Open Targets LUAD association with maxClinicalTrialPhase > 0
MMP14,0.5,,0.0313741546649056,Open Targets LUAD association with maxClinicalTrialPhase > 0
IL22RA1,0.5,,0.0307245917188146,Open Targets LUAD association with maxClinicalTrialPhase > 0
IRS1,0.5,,0.0300524640939496,Open Targets LUAD association with maxClinicalTrialPhase > 0
RIPK1,0.5,,0.029801924641523,Open Targets LUAD association with maxClinicalTrialPhase > 0
TREM1,0.5,,0.02756584486335,Open Targets LUAD association with maxClinicalTrialPhase > 0
IL10,0.5,,0.0268833022438793,Open Targets LUAD association with maxClinicalTrialPhase > 0
CMA1,0.5,,0.0261534995342388,Open Targets LUAD association with maxClinicalTrialPhase > 0
HLA-DRB5,0.5,,0.025973727922216,Open Targets LUAD association with maxClinicalTrialPhase > 0
GLS,0.5,,0.0258708128948732,Open Targets LUAD association with maxClinicalTrialPhase > 0
TGFA,0.5,,0.0258204347761562,Open Targets LUAD association with maxClinicalTrialPhase > 0
ABCC1,0.5,,0.0254066076286323,Open Targets LUAD association with maxClinicalTrialPhase > 0
TNFSF14,0.5,,0.0254008840024089,Open Targets LUAD association with maxClinicalTrialPhase > 0
FCGR1A,0.5,,0.0251636656947738,Open Targets LUAD association with maxClinicalTrialPhase > 0
F2RL3,0.5,,0.0251162362800893,Open Targets LUAD association with maxClinicalTrialPhase > 0
PORCN,0.5,,0.0251108979044105,Open Targets LUAD association with maxClinicalTrialPhase > 0
FZD1,0.5,,0.0249261079770682,Open Targets LUAD association with maxClinicalTrialPhase > 0
ALCAM,0.5,,0.0247155162569455,Open Targets LUAD association with maxClinicalTrialPhase > 0
LNPEP,0.5,,0.0246053947920584,Open Targets LUAD association with maxClinicalTrialPhase > 0
IL9,0.5,,0.0245892528815835,Open Targets LUAD association with maxClinicalTrialPhase > 0
PTHLH,0.5,,0.0245347262051263,Open Targets LUAD association with maxClinicalTrialPhase > 0
NOX4,0.5,,0.0244429378715193,Open Targets LUAD association with maxClinicalTrialPhase > 0
BIRC2,0.5,,0.0243384760081195,Open Targets LUAD association with maxClinicalTrialPhase > 0
LILRA4,0.5,,0.0227291610631091,Open Targets LUAD association with maxClinicalTrialPhase > 0
CASP4,0.5,,0.0206742845003188,Open Targets LUAD association with maxClinicalTrialPhase > 0
APLNR,0.5,,0.0205704713442236,Open Targets LUAD association with maxClinicalTrialPhase > 0
EGR1,0.5,,0.0203192907996261,Open Targets LUAD association with maxClinicalTrialPhase > 0
CASP6,0.5,,0.0202437807958779,Open Targets LUAD association with maxClinicalTrialPhase > 0
CASP2,0.5,,0.0201369690267789,Open Targets LUAD association with maxClinicalTrialPhase > 0
NCAM1,0.5,,0.0201249619518144,Open Targets LUAD association with maxClinicalTrialPhase > 0
GRB2,0.5,,0.0200386501697434,Open Targets LUAD association with maxClinicalTrialPhase > 0
CDK10,0.5,,0.0197519900114824,Open Targets LUAD association with maxClinicalTrialPhase > 0
EFNB2,0.5,,0.0196594880893739,Open Targets LUAD association with maxClinicalTrialPhase > 0
FFAR2,0.5,,0.0193824101567976,Open Targets LUAD association with maxClinicalTrialPhase > 0
NR1H3,0.5,,0.0192694829789773,Open Targets LUAD association with maxClinicalTrialPhase > 0
CASP14,0.5,,0.0188999031242926,Open Targets LUAD association with maxClinicalTrialPhase > 0
HSPB1,0.5,,0.0181713128741073,Open Targets LUAD association with maxClinicalTrialPhase > 0
TNFRSF10A,0.5,,0.0180837476118639,Open Targets LUAD association with maxClinicalTrialPhase > 0
AFP,0.5,,0.0179577275458027,Open Targets LUAD association with maxClinicalTrialPhase > 0
RPTOR,0.5,,0.0179272921400474,Open Targets LUAD association with maxClinicalTrialPhase > 0
CDK16,0.5,,0.0177244156988178,Open Targets LUAD association with maxClinicalTrialPhase > 0
HSD11B1,0.5,,0.0174600663719388,Open Targets LUAD association with maxClinicalTrialPhase > 0
IL18RAP,0.5,,0.017321144375184,Open Targets LUAD association with maxClinicalTrialPhase > 0
CD70,0.5,,0.0172057732441742,Open Targets LUAD association with maxClinicalTrialPhase > 0
XPNPEP1,0.5,,0.0170006733154962,Open Targets LUAD association with maxClinicalTrialPhase > 0
CD40,0.5,,0.0168927436434896,Open Targets LUAD association with maxClinicalTrialPhase > 0
CTAG1A,0.5,,0.0165391764181795,Open Targets LUAD association with maxClinicalTrialPhase > 0
CTAG1B,0.5,,0.0165391764181795,Open Targets LUAD association with maxClinicalTrialPhase > 0
AGT,0.5,,0.0162447538663353,Open Targets LUAD association with maxClinicalTrialPhase > 0
CDK15,0.5,,0.0161730630623711,Open Targets LUAD association with maxClinicalTrialPhase > 0
FZD2,0.5,,0.0160767236787845,Open Targets LUAD association with maxClinicalTrialPhase > 0
PPP2CB,0.5,,0.015779628708473,Open Targets LUAD association with maxClinicalTrialPhase > 0
ANPEP,0.5,,0.0156137222497211,Open Targets LUAD association with maxClinicalTrialPhase > 0
MAPK9,0.5,,0.0155839505392049,Open Targets LUAD association with maxClinicalTrialPhase > 0
GPA33,0.5,,0.0155537681844056,Open Targets LUAD association with maxClinicalTrialPhase > 0
CHRNA6,0.5,,0.0153786283977134,Open Targets LUAD association with maxClinicalTrialPhase > 0
RTN4,0.5,,0.0151038465066114,Open Targets LUAD association with maxClinicalTrialPhase > 0
GPNMB,0.5,,0.0148622306411189,Open Targets LUAD association with maxClinicalTrialPhase > 0
PIKFYVE,0.5,,0.014783194187388,Open Targets LUAD association with maxClinicalTrialPhase > 0
SEMA4D,0.5,,0.0134383341606187,Open Targets LUAD association with maxClinicalTrialPhase > 0
ECE1,0.5,,0.0133048747686492,Open Targets LUAD association with maxClinicalTrialPhase > 0
TMPRSS6,0.5,,0.0133048747686492,Open Targets LUAD association with maxClinicalTrialPhase > 0
HCAR2,0.5,,0.0133048747686492,Open Targets LUAD association with maxClinicalTrialPhase > 0
CD200,0.5,,0.0133017823657835,Open Targets LUAD association with maxClinicalTrialPhase > 0
MAG,0.5,,0.0132305481534293,Open Targets LUAD association with maxClinicalTrialPhase > 0
PLA2G4A,0.5,,0.0132222826519179,Open Targets LUAD association with maxClinicalTrialPhase > 0
FZD5,0.5,,0.0131119193655223,Open Targets LUAD association with maxClinicalTrialPhase > 0
CD248,0.5,,0.0129352949139645,Open Targets LUAD association with maxClinicalTrialPhase > 0
CDK14,0.5,,0.012175602990446,Open Targets LUAD association with maxClinicalTrialPhase > 0
TNFRSF12A,0.5,,0.0113103661811461,Open Targets LUAD association with maxClinicalTrialPhase > 0
LTA4H,0.5,,0.0111489922829885,Open Targets LUAD association with maxClinicalTrialPhase > 0
CDK13,0.5,,0.0106972835717072,Open Targets LUAD association with maxClinicalTrialPhase > 0
TNFRSF18,0.5,,0.0105955338798548,Open Targets LUAD association with maxClinicalTrialPhase > 0
IL20,0.5,,0.0101634460038293,Open Targets LUAD association with maxClinicalTrialPhase > 0
MERTK,0.5,,0.0100710510401581,Open Targets LUAD association with maxClinicalTrialPhase > 0
PDPK1,0.5,,0.009588544007653,Open Targets LUAD association with maxClinicalTrialPhase > 0
LTA,0.5,,0.009577251289871,Open Targets LUAD association with maxClinicalTrialPhase > 0
CD5,0.5,,0.0094242862944598,Open Targets LUAD association with maxClinicalTrialPhase > 0
CTSS,0.5,,0.0093224339415367,Open Targets LUAD association with maxClinicalTrialPhase > 0
IL21,0.5,,0.0091957282151038,Open Targets LUAD association with maxClinicalTrialPhase > 0
CASP10,0.5,,0.0090957708680734,Open Targets LUAD association with maxClinicalTrialPhase > 0
GBA1,0.5,,0.0088699165124328,Open Targets LUAD association with maxClinicalTrialPhase > 0
ERAP2,0.5,,0.0088699165124328,Open Targets LUAD association with maxClinicalTrialPhase > 0
TPBG,0.5,,0.008786838163655,Open Targets LUAD association with maxClinicalTrialPhase > 0
KLB,0.5,,0.0087261910133887,Open Targets LUAD association with maxClinicalTrialPhase > 0
OSMR,0.5,,0.0086852361012053,Open Targets LUAD association with maxClinicalTrialPhase > 0
ERVW-1,0.5,,0.008612920461756,Open Targets LUAD association with maxClinicalTrialPhase > 0
DLL4,0.5,,0.0085721994072701,Open Targets LUAD association with maxClinicalTrialPhase > 0
CASP7,0.5,,0.0085619333001955,Open Targets LUAD association with maxClinicalTrialPhase > 0
KIR2DL3,0.5,,0.0083067178783216,Open Targets LUAD association with maxClinicalTrialPhase > 0
MAPKAPK5,0.5,,0.0080564301878435,Open Targets LUAD association with maxClinicalTrialPhase > 0
SELPLG,0.5,,0.0077161107411786,Open Targets LUAD association with maxClinicalTrialPhase > 0
ICOSLG,0.5,,0.0076979251580559,Open Targets LUAD association with maxClinicalTrialPhase > 0
MLST8,0.5,,0.007391597093694,Open Targets LUAD association with maxClinicalTrialPhase > 0
HRH4,0.5,,0.007391597093694,Open Targets LUAD association with maxClinicalTrialPhase > 0
CASP12,0.5,,0.007391597093694,Open Targets LUAD association with maxClinicalTrialPhase > 0
FCER2,0.5,,0.0066011068489517,Open Targets LUAD association with maxClinicalTrialPhase > 0
CASP5,0.5,,0.0065087118852805,Open Targets LUAD association with maxClinicalTrialPhase > 0
MAP3K8,0.5,,0.0064929117412347,Open Targets LUAD association with maxClinicalTrialPhase > 0
TLR5,0.5,,0.0064830466175941,Open Targets LUAD association with maxClinicalTrialPhase > 0
STS,0.5,,0.0063547202791619,Open Targets LUAD association with maxClinicalTrialPhase > 0
BDKRB1,0.5,,0.0058619471395823,Open Targets LUAD association with maxClinicalTrialPhase > 0
RPS6KB2,0.5,,0.0058440841132725,Open Targets LUAD association with maxClinicalTrialPhase > 0
PPP2CA,0.5,,0.0057261148927589,Open Targets LUAD association with maxClinicalTrialPhase > 0
GRM4,0.5,,0.0055231656061213,Open Targets LUAD association with maxClinicalTrialPhase > 0
UTS2R,0.5,,0.0053589078929281,Open Targets LUAD association with maxClinicalTrialPhase > 0
LTB,0.5,,0.0052576840771728,Open Targets LUAD association with maxClinicalTrialPhase > 0
RGMA,0.5,,0.0051741179655858,Open Targets LUAD association with maxClinicalTrialPhase > 0
MKNK1,0.5,,0.0051689849120485,Open Targets LUAD association with maxClinicalTrialPhase > 0
CD37,0.5,,0.0050303924665417,Open Targets LUAD association with maxClinicalTrialPhase > 0
MAPT,0.5,,0.004976598065471,Open Targets LUAD association with maxClinicalTrialPhase > 0
KIR2DL1,0.5,,0.0046197481835587,Open Targets LUAD association with maxClinicalTrialPhase > 0
NOX1,0.5,,0.0046197481835587,Open Targets LUAD association with maxClinicalTrialPhase > 0
MARCKS,0.5,,0.0046197481835587,Open Targets LUAD association with maxClinicalTrialPhase > 0
ENPP3,0.5,,0.0046077202916011,Open Targets LUAD association with maxClinicalTrialPhase > 0
MKNK2,0.5,,0.0044349582562164,Open Targets LUAD association with maxClinicalTrialPhase > 0
GFRA1,0.5,,0.0040653784015317,Open Targets LUAD association with maxClinicalTrialPhase > 0
KIR3DL2,0.5,,0.0040653784015317,Open Targets LUAD association with maxClinicalTrialPhase > 0
CDK20,0.5,,0.0040653784015317,Open Targets LUAD association with maxClinicalTrialPhase > 0
TRPV3,0.5,,0.003695798546847,Open Targets LUAD association with maxClinicalTrialPhase > 0
PPP5C,0.5,,0.003695798546847,Open Targets LUAD association with maxClinicalTrialPhase > 0
METAP1D,0.5,,0.003695798546847,Open Targets LUAD association with maxClinicalTrialPhase > 0
KLK3,0.5,,0.00321500136823,Open Targets LUAD association with maxClinicalTrialPhase > 0
NPEPPS,0.5,,0.0030876343637491,Open Targets LUAD association with maxClinicalTrialPhase > 0
SLC39A6,0.5,,0.0029566388374776,Open Targets LUAD association with maxClinicalTrialPhase > 0
IFNA7,0.5,,0.0029566388374776,Open Targets LUAD association with maxClinicalTrialPhase > 0
CNR2,0.5,,0.0029361066233284,Open Targets LUAD association with maxClinicalTrialPhase > 0
EGFL7,0.5,,0.0029037441379941,Open Targets LUAD association with maxClinicalTrialPhase > 0
ATP2A3,0.5,,0.0025870589827929,Open Targets LUAD association with maxClinicalTrialPhase > 0
ERAP1,0.5,,0.0025870589827929,Open Targets LUAD association with maxClinicalTrialPhase > 0
HSD11B2,0.5,,0.0022174791281082,Open Targets LUAD association with maxClinicalTrialPhase > 0
SOAT2,0.5,,0.0022174791281082,Open Targets LUAD association with maxClinicalTrialPhase > 0
CCL11,0.5,,0.0018478992734235,Open Targets LUAD association with maxClinicalTrialPhase > 0
FZD7,0.5,,0.0018478992734235,Open Targets LUAD association with maxClinicalTrialPhase > 0
RHD,0.5,,0.0014783194187388,Open Targets LUAD association with maxClinicalTrialPhase > 0
PSCA,0.5,,0.0014783194187388,Open Targets LUAD association with maxClinicalTrialPhase > 0
HLA-DRB4,0.5,,0.0014783194187388,Open Targets LUAD association with maxClinicalTrialPhase > 0
NR1H2,0.5,,0.0014783194187388,Open Targets LUAD association with maxClinicalTrialPhase > 0
CR1,0.5,,0.0014783194187388,Open Targets LUAD association with maxClinicalTrialPhase > 0
LVRN,0.5,,0.0014783194187388,Open Targets LUAD association with maxClinicalTrialPhase > 0
NPY4R,0.5,,0.0014783194187388,Open Targets LUAD association with maxClinicalTrialPhase > 0
PDCD1LG2,0.25,,0.3410658132339022,Open Targets LUAD association with maxClinicalTrialPhase > 0
PIM1,0.25,,0.2797408091805369,Open Targets LUAD association with maxClinicalTrialPhase > 0
PRKACA,0.25,,0.2796638992193593,Open Targets LUAD association with maxClinicalTrialPhase > 0
HBEGF,0.25,,0.0811807644893319,Open Targets LUAD association with maxClinicalTrialPhase > 0
LTBR,0.25,,0.0765358688916285,Open Targets LUAD association with maxClinicalTrialPhase > 0
CHKA,0.25,,0.0724381370592909,Open Targets LUAD association with maxClinicalTrialPhase > 0
HAMP,0.25,,0.0589052672460363,Open Targets LUAD association with maxClinicalTrialPhase > 0
CDH3,0.25,,0.045348227616525,Open Targets LUAD association with maxClinicalTrialPhase > 0
TNFRSF1A,0.25,,0.0405553575335565,Open Targets LUAD association with maxClinicalTrialPhase > 0
MCAM,0.25,,0.0384429033559383,Open Targets LUAD association with maxClinicalTrialPhase > 0
MAPKAPK2,0.25,,0.0349967358022,Open Targets LUAD association with maxClinicalTrialPhase > 0
CRIPTO,0.25,,0.0305758475005494,Open Targets LUAD association with maxClinicalTrialPhase > 0
FCRL5,0.25,,0.0254330483444107,Open Targets LUAD association with maxClinicalTrialPhase > 0
TIE1,0.25,,0.0233197522889922,Open Targets LUAD association with maxClinicalTrialPhase > 0
RPS6KA6,0.25,,0.0209531245392076,Open Targets LUAD association with maxClinicalTrialPhase > 0
TSG101,0.25,,0.0144752109751508,Open Targets LUAD association with maxClinicalTrialPhase > 0
PAK4,0.25,,0.014154497790141,Open Targets LUAD association with maxClinicalTrialPhase > 0
RPS6KA2,0.25,,0.0133817282409799,Open Targets LUAD association with maxClinicalTrialPhase > 0
RPS6KA1,0.25,,0.0125314755307304,Open Targets LUAD association with maxClinicalTrialPhase > 0
RPS6KA3,0.25,,0.0117453378722072,Open Targets LUAD association with maxClinicalTrialPhase > 0
MFGE8,0.25,,0.0112721855678834,Open Targets LUAD association with maxClinicalTrialPhase > 0
RORC,0.25,,0.0112171592339636,Open Targets LUAD association with maxClinicalTrialPhase > 0
PIM2,0.25,,0.0106635362035212,Open Targets LUAD association with maxClinicalTrialPhase > 0
PIM3,0.25,,0.0092394963671175,Open Targets LUAD association with maxClinicalTrialPhase > 0
LY6E,0.25,,0.0045713042616289,Open Targets LUAD association with maxClinicalTrialPhase > 0
PRKACB,0.25,,0.003695798546847,Open Targets LUAD association with maxClinicalTrialPhase > 0
SLC44A4,0.25,,0.0026296886395781,Open Targets LUAD association with maxClinicalTrialPhase > 0
