node_id,gene_symbol,clinical_target_label
0,A1BG,0
1,A1BG-AS1,0
2,A2M,1
3,A2M-AS1,0
4,A2ML1,0
5,A4GALT,0
6,A4GNT,0
7,AAAS,0
8,AACS,0
9,AADAC,0
10,AADACL2,0
11,AADACL4,0
12,AADAT,0
13,AAED1,0
14,AAGAB,0
15,AAK1,0
16,AAMDC,0
17,AAMP,0
18,AANAT,0
19,AAR2,0
20,AARD,0
21,AARS,0
22,AARS2,0
23,AARSD1,0
24,AASDH,0
25,AASDHPPT,0
26,AASS,0
27,AATBC,0
28,AATF,0
29,AATK,0
30,AB015752.3,0
31,AB019440.50,0
32,ABALON,0
33,ABAT,1
34,ABC12-49244600F4.4,0
35,ABC7-42404400C24.1,0
36,ABCA1,1
37,ABCA10,0
38,ABCA12,0
39,ABCA13,0
40,ABCA2,0
41,ABCA3,0
42,ABCA4,0
43,ABCA5,0
44,ABCA6,0
45,ABCA7,0
46,ABCA8,0
47,ABCA9,0
48,ABCA9-AS1,0
49,ABCB1,1
50,ABCB10,0
51,ABCB4,0
52,ABCB5,0
53,ABCB6,0
54,ABCB7,0
55,ABCB8,0
56,ABCB9,0
57,ABCC1,1
58,ABCC10,0
59,ABCC11,0
60,ABCC12,0
61,ABCC2,0
62,ABCC3,0
63,ABCC4,0
64,ABCC5,0
65,ABCC5-AS1,0
66,ABCC6,0
67,ABCC8,1
68,ABCC9,1
69,ABCD1,1
70,ABCD2,0
71,ABCD3,0
72,ABCD4,0
73,ABCE1,0
74,ABCF1,0
75,ABCF2,0
76,ABCF3,0
77,ABCG1,0
78,ABCG2,0
79,ABCG4,0
80,ABCG5,0
81,ABHD1,0
82,ABHD10,0
83,ABHD11,0
84,ABHD11-AS1,0
85,ABHD12,0
86,ABHD12B,0
87,ABHD13,0
88,ABHD14A,0
89,ABHD14B,0
90,ABHD15,0
91,ABHD15-AS1,0
92,ABHD16A,0
93,ABHD17A,0
94,ABHD17B,0
95,ABHD17C,0
96,ABHD18,0
97,ABHD2,0
98,ABHD3,0
99,ABHD4,0
100,ABHD5,0
101,ABHD6,0
102,ABHD8,0
103,ABI1,0
104,ABI2,0
105,ABI3,0
106,ABI3BP,0
107,ABL1,1
108,ABL2,0
109,ABLIM1,0
110,ABLIM2,0
111,ABLIM3,0
112,ABO,0
113,ABR,0
114,ABRA,0
115,ABRACL,0
116,ABT1,0
117,ABTB1,0
118,ABTB2,0
119,AC000032.2,0
120,AC000067.1,0
121,AC000068.10,0
122,AC000068.5,0
123,AC000068.9,0
124,AC000124.1,0
125,AC000403.4,0
126,AC001226.7,0
127,AC002064.5,0
128,AC002066.1,0
129,AC002076.10,0
130,AC002115.9,0
131,AC002116.7,0
132,AC002117.1,0
133,AC002128.5,0
134,AC002306.1,0
135,AC002310.12,0
136,AC002310.7,0
137,AC002331.1,0
138,AC002398.11,0
139,AC002398.12,0
140,AC002429.5,0
141,AC002451.3,0
142,AC002454.1,0
143,AC002456.2,0
144,AC002467.7,0
145,AC002480.2,0
146,AC002480.3,0
147,AC002480.4,0
148,AC002511.2,0
149,AC002550.5,0
150,AC002550.6,0
151,AC003075.4,0
152,AC003084.2,0
153,AC003090.1,0
154,AC003092.1,0
155,AC003956.1,0
156,AC003991.3,0
157,AC004012.1,0
158,AC004019.13,0
159,AC004053.1,0
160,AC004067.5,0
161,AC004069.2,0
162,AC004076.5,0
163,AC004156.3,0
164,AC004158.3,0
165,AC004160.4,0
166,AC004221.2,0
167,AC004231.2,0
168,AC004237.1,0
169,AC004257.1,0
170,AC004381.6,0
171,AC004448.2,0
172,AC004448.5,0
173,AC004449.6,0
174,AC004490.1,0
175,AC004510.3,0
176,AC004540.4,0
177,AC004540.5,0
178,AC004549.6,0
179,AC004556.1,0
180,AC004623.2,0
181,AC004754.3,0
182,AC004775.5,0
183,AC004791.2,0
184,AC004854.4,0
185,AC004878.2,0
186,AC004878.8,0
187,AC004893.11,0
188,AC004895.4,0
189,AC004901.1,0
190,AC004941.3,0
191,AC004947.2,0
192,AC004951.6,0
193,AC004988.1,0
194,AC005009.1,0
195,AC005009.2,0
196,AC005013.5,0
197,AC005019.3,0
198,AC005037.3,0
199,AC005042.4,0
200,AC005076.5,0
201,AC005082.12,0
202,AC005152.3,0
203,AC005197.2,0
204,AC005220.3,0
205,AC005224.2,0
206,AC005237.4,0
207,AC005253.2,0
208,AC005253.4,0
209,AC005256.1,0
210,AC005262.2,0
211,AC005264.2,0
212,AC005281.1,0
213,AC005307.1,0
214,AC005307.3,0
215,AC005329.7,0
216,AC005330.2,0
217,AC005339.2,0
218,AC005355.2,0
219,AC005358.3,0
220,AC005363.11,0
221,AC005477.1,0
222,AC005480.1,0
223,AC005481.5,0
224,AC005487.2,0
225,AC005498.3,0
226,AC005523.2,0
227,AC005523.3,0
228,AC005534.8,0
229,AC005537.2,0
230,AC005540.3,0
231,AC005546.2,0
232,AC005550.3,0
233,AC005592.1,0
234,AC005592.2,0
235,AC005592.3,0
236,AC005606.15,0
237,AC005609.17,0
238,AC005609.18,0
239,AC005609.20,0
240,AC005614.3,0
241,AC005616.1,0
242,AC005616.2,0
243,AC005618.6,0
244,AC005624.2,0
245,AC005625.1,0
246,AC005740.6,0
247,AC005754.7,0
248,AC005754.8,0
249,AC005757.6,0
250,AC005775.2,0
251,AC005786.5,0
252,AC005786.7,0
253,AC005808.3,0
254,AC005863.1,0
255,AC005932.1,0
256,AC005944.2,0
257,AC005954.4,0
258,AC006004.1,0
259,AC006042.6,0
260,AC006116.12,0
261,AC006116.17,0
262,AC006126.3,0
263,AC006129.1,0
264,AC006129.2,0
265,AC006145.4,0
266,AC006159.4,0
267,AC006160.5,0
268,AC006262.10,0
269,AC006262.4,0
270,AC006262.5,0
271,AC006273.4,0
272,AC006273.5,0
273,AC006277.2,0
274,AC006369.2,0
275,AC006372.4,0
276,AC006372.5,0
277,AC006449.2,0
278,AC006460.2,0
279,AC006482.1,0
280,AC006547.13,0
281,AC006547.15,0
282,AC006547.8,0
283,AC006942.4,0
284,AC006946.15,0
285,AC006946.16,0
286,AC006946.17,0
287,AC006994.2,0
288,AC006994.3,0
289,AC007009.1,0
290,AC007036.6,0
291,AC007038.7,0
292,AC007040.11,0
293,AC007050.17,0
294,AC007064.24,0
295,AC007099.1,0
296,AC007126.1,0
297,AC007128.1,0
298,AC007131.1,0
299,AC007161.5,0
300,AC007163.3,0
301,AC007163.6,0
302,AC007182.6,0
303,AC007192.6,0
304,AC007193.9,0
305,AC007228.11,0
306,AC007228.5,0
307,AC007228.9,0
308,AC007246.3,0
309,AC007255.8,0
310,AC007285.6,0
311,AC007292.3,0
312,AC007292.4,0
313,AC007292.6,0
314,AC007319.1,0
315,AC007325.2,0
316,AC007325.4,0
317,AC007349.5,0
318,AC007349.7,0
319,AC007364.1,0
320,AC007365.3,0
321,AC007381.3,0
322,AC007383.3,0
323,AC007383.4,0
324,AC007386.2,0
325,AC007386.4,0
326,AC007391.2,0
327,AC007392.3,0
328,AC007403.2,0
329,AC007405.4,0
330,AC007405.6,0
331,AC007563.5,0
332,AC007566.10,0
333,AC007620.3,0
334,AC007731.1,0
335,AC007743.1,0
336,AC007750.5,0
337,AC007773.2,0
338,AC007879.2,0
339,AC007879.4,0
340,AC007879.5,0
341,AC007879.6,0
342,AC007879.7,0
343,AC007880.1,0
344,AC007906.1,0
345,AC007950.1,0
346,AC007950.2,0
347,AC007966.1,0
348,AC008060.7,0
349,AC008063.3,0
350,AC008073.9,0
351,AC008074.1,0
352,AC008074.3,0
353,AC008079.10,0
354,AC008079.9,0
355,AC008088.4,0
356,AC008268.1,0
357,AC008269.2,0
358,AC008271.1,0
359,AC008440.10,0
360,AC008440.5,0
361,AC008522.1,0
362,AC008592.4,0
363,AC008592.8,0
364,AC008697.1,0
365,AC008746.12,0
366,AC008753.4,0
367,AC008753.6,0
368,AC008781.7,0
369,AC009005.2,0
370,AC009014.3,0
371,AC009060.3,0
372,AC009065.4,0
373,AC009095.4,0
374,AC009120.10,0
375,AC009120.11,0
376,AC009120.4,0
377,AC009120.5,0
378,AC009133.12,0
379,AC009133.15,0
380,AC009133.17,0
381,AC009133.21,0
382,AC009228.1,0
383,AC009236.2,0
384,AC009262.2,0
385,AC009276.4,0
386,AC009299.2,0
387,AC009299.3,0
388,AC009303.1,0
389,AC009403.2,0
390,AC009404.2,0
391,AC009410.1,0
392,AC009473.1,0
393,AC009480.3,0
394,AC009487.4,0
395,AC009495.2,0
396,AC009495.4,0
397,AC009501.4,0
398,AC009502.4,0
399,AC009505.2,0
400,AC009505.4,0
401,AC009506.1,0
402,AC009542.2,0
403,AC009784.3,0
404,AC009948.5,0
405,AC009950.2,0
406,AC009961.3,0
407,AC010082.2,0
408,AC010084.1,0
409,AC010091.1,0
410,AC010096.1,0
411,AC010127.3,0
412,AC010136.2,0
413,AC010226.4,0
414,AC010287.1,0
415,AC010504.2,0
416,AC010524.2,0
417,AC010524.4,0
418,AC010547.9,0
419,AC010642.1,0
420,AC010746.3,0
421,AC010761.10,0
422,AC010761.13,0
423,AC010761.6,0
424,AC010761.8,0
425,AC010883.5,0
426,AC010884.1,0
427,AC010890.1,0
428,AC010894.3,0
429,AC010894.5,0
430,AC010967.2,0
431,AC010969.1,0
432,AC010974.3,0
433,AC010976.2,0
434,AC010987.6,0
435,AC011043.1,0
436,AC011286.1,0
437,AC011288.2,0
438,AC011294.3,0
439,AC011298.2,0
440,AC011513.4,0
441,AC011718.2,0
442,AC011747.3,0
443,AC011747.4,0
444,AC011893.3,0
445,AC011899.9,0
446,AC011997.1,0
447,AC012074.2,0
448,AC012123.1,0
449,AC012314.8,0
450,AC012354.6,0
451,AC012358.7,0
452,AC012358.8,0
453,AC012360.4,0
454,AC012360.6,0
455,AC012363.4,0
456,AC012368.1,0
457,AC012442.6,0
458,AC012445.1,0
459,AC012593.1,0
460,AC012594.1,0
461,AC012668.2,0
462,AC013264.2,0
463,AC013275.2,0
464,AC013461.1,0
465,AC013463.2,0
466,AC015691.13,0
467,AC015849.16,0
468,AC015849.19,0
469,AC015849.2,0
470,AC015922.6,0
471,AC015933.2,0
472,AC015969.3,0
473,AC015971.2,0
474,AC015987.1,0
475,AC016549.1,0
476,AC016582.2,0
477,AC016683.5,0
478,AC016700.2,0
479,AC016700.5,0
480,AC016722.3,0
481,AC016722.4,0
482,AC016723.4,0
483,AC016735.2,0
484,AC016738.3,0
485,AC016738.4,0
486,AC016745.3,0
487,AC016768.1,0
488,AC016831.7,0
489,AC016907.3,0
490,AC016910.1,0
491,AC016995.3,0
492,AC017002.1,0
493,AC017002.2,0
494,AC017060.1,0
495,AC017104.2,0
496,AC018359.1,0
497,AC018462.2,0
498,AC018647.3,0
499,AC018737.3,0
500,AC018755.17,0
501,AC018766.4,0
502,AC018816.3,0
503,AC018890.6,0
504,AC019117.1,0
505,AC019117.2,0
506,AC019172.2,0
507,AC019181.2,0
508,AC019186.1,0
509,AC019349.5,0
510,AC020571.3,0
511,AC020594.5,0
512,AC020743.2,0
513,AC021106.1,0
514,AC021188.4,0
515,AC021218.2,0
516,AC021224.1,0
517,AC022007.5,0
518,AC022154.7,0
519,AC022182.1,0
520,AC022182.3,0
521,AC022201.5,0
522,AC022816.2,0
523,AC023115.2,0
524,AC023128.1,0
525,AC023347.1,0
526,AC023481.1,0
527,AC023590.1,0
528,AC024560.2,0
529,AC024592.12,0
530,AC024592.9,0
531,AC024704.2,0
532,AC025016.1,0
533,AC025171.1,0
534,AC025335.1,0
535,AC025811.3,0
536,AC026150.8,0
537,AC026188.1,0
538,AC026202.3,0
539,AC026471.6,0
540,AC027119.1,0
541,AC027601.1,0
542,AC034187.2,0
543,AC034228.3,0
544,AC034243.1,0
545,AC046143.3,0
546,AC053503.4,0
547,AC058791.1,0
548,AC060834.3,0
549,AC061992.2,0
550,AC062017.1,0
551,AC062028.1,0
552,AC062029.1,0
553,AC064834.1,0
554,AC064834.2,0
555,AC064834.3,0
556,AC067956.1,0
557,AC067959.1,0
558,AC068196.1,0
559,AC068282.3,0
560,AC068492.1,0
561,AC068499.10,0
562,AC068580.6,0
563,AC068831.10,0
564,AC068831.15,0
565,AC068831.16,0
566,AC068831.6,0
567,AC069277.2,0
568,AC069363.1,0
569,AC069513.4,0
570,AC072062.1,0
571,AC072062.3,0
572,AC073046.25,0
573,AC073072.5,0
574,AC073115.7,0
575,AC073130.3,0
576,AC073133.1,0
577,AC073133.2,0
578,AC073254.1,0
579,AC073257.2,0
580,AC073283.4,0
581,AC073283.7,0
582,AC073284.4,0
583,AC073316.2,0
584,AC073321.4,0
585,AC073333.8,0
586,AC073342.12,0
587,AC073343.13,0
588,AC073641.2,0
589,AC073657.1,0
590,AC073842.19,0
591,AC073934.6,0
592,AC073957.15,0
593,AC074011.2,0
594,AC074117.10,0
595,AC074183.4,0
596,AC074212.6,0
597,AC074289.1,0
598,AC074363.1,0
599,AC074366.3,0
600,AC074391.1,0
601,AC078883.3,0
602,AC078883.4,0
603,AC078941.1,0
604,AC079135.1,0
605,AC079145.4,0
606,AC079305.10,0
607,AC079305.11,0
608,AC079305.8,0
609,AC079354.3,0
610,AC079354.5,0
611,AC079466.1,0
612,AC079610.2,0
613,AC079630.2,0
614,AC079630.4,0
615,AC079742.4,0
616,AC079767.4,0
617,AC079776.3,0
618,AC079790.2,0
619,AC079807.2,0
620,AC079807.4,0
621,AC079922.3,0
622,AC083843.1,0
623,AC083843.2,0
624,AC083949.1,0
625,AC084082.3,0
626,AC084149.1,0
627,AC084219.4,0
628,AC084809.2,0
629,AC084809.3,0
630,AC087294.2,0
631,AC087491.2,0
632,AC090154.1,0
633,AC090498.1,0
634,AC090505.4,0
635,AC090505.6,0
636,AC090587.5,0
637,AC090616.2,0
638,AC090617.1,0
639,AC091133.1,0
640,AC091493.2,0
641,AC091633.3,0
642,AC091729.7,0
643,AC091729.9,0
644,AC091814.2,0
645,AC091814.3,0
646,AC091878.1,0
647,AC092155.4,0
648,AC092159.2,0
649,AC092171.2,0
650,AC092171.4,0
651,AC092192.1,0
652,AC092198.1,0
653,AC092301.3,0
654,AC092415.1,0
655,AC092484.1,0
656,AC092535.3,0
657,AC092580.3,0
658,AC092580.4,0
659,AC092614.2,0
660,AC092620.3,0
661,AC092652.1,0
662,AC092667.2,0
663,AC092669.3,0
664,AC092835.2,0
665,AC092839.3,0
666,AC092881.1,0
667,AC093110.3,0
668,AC093159.1,0
669,AC093323.3,0
670,AC093375.1,0
671,AC093382.1,0
672,AC093388.3,0
673,AC093390.1,0
674,AC093495.4,0
675,AC093585.6,0
676,AC093590.1,0
677,AC093609.1,0
678,AC093620.5,0
679,AC093627.10,0
680,AC093627.7,0
681,AC093627.9,0
682,AC093642.3,0
683,AC093673.5,0
684,AC093702.1,0
685,AC093732.1,0
686,AC093802.1,0
687,AC093818.1,0
688,AC093901.1,0
689,AC093911.1,0
690,AC096558.1,0
691,AC096579.13,0
692,AC096649.2,0
693,AC096670.3,0
694,AC096772.6,0
695,AC097467.2,0
696,AC097468.4,0
697,AC097495.2,0
698,AC097662.2,0
699,AC097713.4,0
700,AC097721.2,0
701,AC097724.3,0
702,AC098617.1,0
703,AC098820.2,0
704,AC098820.4,0
705,AC098823.3,0
706,AC098828.2,0
707,AC098973.2,0
708,AC099342.1,0
709,AC099552.4,0
710,AC099850.1,0
711,AC100830.3,0
712,AC100830.4,0
713,AC100830.5,0
714,AC102953.4,0
715,AC103563.8,0
716,AC103563.9,0
717,AC104024.1,0
718,AC104024.2,0
719,AC104076.3,0
720,AC104135.2,0
721,AC104532.4,0
722,AC104534.2,0
723,AC104653.1,0
724,AC104654.1,0
725,AC104654.2,0
726,AC104655.3,0
727,AC104667.3,0
728,AC104699.1,0
729,AC104820.2,0
730,AC105052.2,0
731,AC105053.3,0
732,AC105339.1,0
733,AC105402.4,0
734,AC105760.2,0
735,AC105760.3,0
736,AC106053.1,0
737,AC106786.1,0
738,AC106801.1,0
739,AC106900.6,0
740,AC107081.5,0
741,AC107218.3,0
742,AC108004.2,0
743,AC108004.3,0
744,AC108142.1,0
745,AC108488.4,0
746,AC108868.5,0
747,AC108868.6,0
748,AC108938.5,0
749,AC109333.10,0
750,AC109642.1,0
751,AC109826.1,0
752,AC110615.1,0
753,AC110769.3,0
754,AC110781.3,0
755,AC112715.2,0
756,AC112721.1,0
757,AC112721.2,0
758,AC113189.5,0
759,AC113404.1,0
760,AC113617.1,0
761,AC114271.2,0
762,AC114730.2,0
763,AC114730.3,0
764,AC114730.5,0
765,AC114730.7,0
766,AC114730.8,0
767,AC114765.2,0
768,AC114776.3,0
769,AC114803.3,0
770,AC115522.3,0
771,AC116035.1,0
772,AC116366.5,0
773,AC116366.6,0
774,AC116609.1,0
775,AC116614.1,0
776,AC118754.4,0
777,AC122136.2,0
778,AC123023.1,0
779,AC124944.3,0
780,AC124944.5,0
781,AC128709.4,0
782,AC129492.1,0
783,AC129492.6,0
784,AC129778.2,0
785,AC130469.2,0
786,AC131056.3,0
787,AC131097.4,0
788,AC133528.2,0
789,AC133644.2,0
790,AC133785.1,0
791,AC135050.5,0
792,AC136616.1,0
793,AC137932.4,0
794,AC137932.5,0
795,AC137932.6,0
796,AC137934.1,0
797,AC138035.2,0
798,AC138969.4,0
799,AC139099.4,0
800,AC139099.5,0
801,AC139100.3,0
802,AC139887.4,0
803,AC140542.2,0
804,AC140725.4,0
805,AC140912.1,0
806,AC141272.1,0
807,AC141928.1,0
808,AC142293.3,0
809,AC142472.6,0
810,AC142528.1,0
811,AC144449.1,0
812,AC144450.2,0
813,AC144652.1,0
814,AC144831.1,0
815,AC144831.3,0
816,AC144836.1,0
817,AC145110.1,0
818,AC145124.2,0
819,AC145212.2,0
820,AC145212.4,0
821,AC145343.2,0
822,AC147651.4,0
823,AC159540.1,0
824,AC159540.2,0
825,AC195454.1,0
826,AC226118.1,0
827,AC233755.1,0
828,AC233755.2,0
829,AC240274.1,0
830,AC241377.2,0
831,AC241585.2,0
832,AC245100.1,0
833,AC253572.1,0
834,ACAA1,0
835,ACAA2,0
836,ACACA,1
837,ACACB,1
838,ACAD10,0
839,ACAD11,0
840,ACAD8,0
841,ACAD9,0
842,ACADL,0
843,ACADM,0
844,ACADS,0
845,ACADSB,0
846,ACADVL,0
847,ACAN,0
848,ACAP1,0
849,ACAP2,0
850,ACAP3,0
851,ACAT1,0
852,ACAT2,0
853,ACBD3,0
854,ACBD4,0
855,ACBD5,0
856,ACBD6,0
857,ACBD7,0
858,ACCS,0
859,ACD,0
860,ACE,1
861,ACE2,0
862,ACER1,0
863,ACER2,0
864,ACER3,0
865,ACHE,1
866,ACIN1,0
867,ACKR1,0
868,ACKR2,0
869,ACKR3,0
870,ACKR4,0
871,ACLY,1
872,ACMSD,0
873,ACO1,0
874,ACO2,0
875,ACOT1,0
876,ACOT11,0
877,ACOT12,0
878,ACOT13,0
879,ACOT2,0
880,ACOT4,0
881,ACOT7,0
882,ACOT8,0
883,ACOT9,0
884,ACOX1,0
885,ACOX2,0
886,ACOX3,0
887,ACOXL,0
888,ACP1,0
889,ACP2,0
890,ACP5,0
891,ACP6,0
892,ACP7,0
893,ACPP,0
894,ACR,0
895,ACRBP,0
896,ACRC,0
897,ACRV1,0
898,ACSBG1,0
899,ACSBG2,0
900,ACSF2,0
901,ACSF3,0
902,ACSL1,0
903,ACSL3,0
904,ACSL4,0
905,ACSL5,0
906,ACSL6,0
907,ACSM1,0
908,ACSM2A,0
909,ACSM2B,0
910,ACSM3,0
911,ACSM5,0
912,ACSM6,0
913,ACSS1,0
914,ACSS2,0
915,ACSS3,0
916,ACTA1,0
917,ACTA2,0
918,ACTA2-AS1,0
919,ACTB,0
920,ACTBL2,0
921,ACTC1,0
922,ACTG1,0
923,ACTG2,0
924,ACTL10,0
925,ACTL6A,0
926,ACTL6B,0
927,ACTL7B,0
928,ACTL8,0
929,ACTN1,0
930,ACTN1-AS1,0
931,ACTN2,0
932,ACTN3,0
933,ACTN4,0
934,ACTR10,0
935,ACTR1A,0
936,ACTR1B,0
937,ACTR2,0
938,ACTR3,0
939,ACTR3B,0
940,ACTR3C,0
941,ACTR5,0
942,ACTR6,0
943,ACTR8,0
944,ACTRT3,0
945,ACVR1,1
946,ACVR1B,0
947,ACVR1C,0
948,ACVR2A,1
949,ACVR2B,1
950,ACVR2B-AS1,0
951,ACVRL1,1
952,ACY1,0
953,ACY3,0
954,ACYP1,0
955,ACYP2,0
956,AD000671.6,0
957,ADA,1
958,ADAD2,0
959,ADAL,0
960,ADAM10,0
961,ADAM11,0
962,ADAM12,0
963,ADAM15,0
964,ADAM17,1
965,ADAM19,0
966,ADAM2,0
967,ADAM20,0
968,ADAM20P1,0
969,ADAM21,0
970,ADAM22,0
971,ADAM23,0
972,ADAM28,0
973,ADAM29,0
974,ADAM30,0
975,ADAM32,0
976,ADAM33,0
977,ADAM8,0
978,ADAM9,0
979,ADAMDEC1,0
980,ADAMTS1,0
981,ADAMTS10,0
982,ADAMTS12,0
983,ADAMTS13,1
984,ADAMTS14,0
985,ADAMTS15,0
986,ADAMTS16,0
987,ADAMTS17,0
988,ADAMTS18,0
989,ADAMTS19,0
990,ADAMTS2,0
991,ADAMTS3,0
992,ADAMTS4,0
993,ADAMTS5,0
994,ADAMTS6,0
995,ADAMTS7,0
996,ADAMTS8,0
997,ADAMTS9,0
998,ADAMTS9-AS1,0
999,ADAMTS9-AS2,0
1000,ADAMTSL1,0
1001,ADAMTSL2,0
1002,ADAMTSL3,0
1003,ADAMTSL4,0
1004,ADAMTSL5,0
1005,ADAP1,0
1006,ADAP2,0
1007,ADAR,0
1008,ADARB1,0
1009,ADARB2,0
1010,ADARB2-AS1,0
1011,ADAT1,0
1012,ADAT2,0
1013,ADAT3,0
1014,ADCK1,0
1015,ADCK2,0
1016,ADCK3,0
1017,ADCK4,0
1018,ADCK5,0
1019,ADCY1,0
1020,ADCY10,0
1021,ADCY2,0
1022,ADCY3,0
1023,ADCY4,0
1024,ADCY5,0
1025,ADCY6,0
1026,ADCY7,0
1027,ADCY8,0
1028,ADCY9,0
1029,ADCYAP1,0
1030,ADCYAP1R1,0
1031,ADD1,0
1032,ADD2,0
1033,ADD3,0
1034,ADGB,0
1035,ADGRA1,0
1036,ADGRA2,0
1037,ADGRA3,0
1038,ADGRB1,0
1039,ADGRB2,0
1040,ADGRB3,0
1041,ADGRD1,0
1042,ADGRD2,0
1043,ADGRE1,0
1044,ADGRE2,0
1045,ADGRE3,0
1046,ADGRE5,0
1047,ADGRF1,0
1048,ADGRF2,0
1049,ADGRF3,0
1050,ADGRF4,0
1051,ADGRF5,0
1052,ADGRG1,0
1053,ADGRG2,0
1054,ADGRG3,0
1055,ADGRG4,0
1056,ADGRG5,0
1057,ADGRG6,0
1058,ADGRL1,0
1059,ADGRL2,0
1060,ADGRL3,0
1061,ADGRL4,0
1062,ADGRV1,0
1063,ADH1B,1
1064,ADH1C,1
1065,ADH4,1
1066,ADH5,1
1067,ADH6,0
1068,ADH7,0
1069,ADHFE1,0
1070,ADI1,0
1071,ADIPOQ,0
1072,ADIPOR1,0
1073,ADIPOR2,0
1074,ADIRF,0
1075,ADK,0
1076,ADM,1
1077,ADM2,0
1078,ADM5,0
1079,ADNP,0
1080,ADNP-AS1,0
1081,ADNP2,0
1082,ADO,0
1083,ADORA1,0
1084,ADORA2A,1
1085,ADORA2A-AS1,0
1086,ADORA2B,1
1087,ADORA3,0
1088,ADPGK,0
1089,ADPGK-AS1,0
1090,ADPRH,0
1091,ADPRHL1,0
1092,ADPRHL2,0
1093,ADPRM,0
1094,ADRA1A,1
1095,ADRA1B,1
1096,ADRA1D,1
1097,ADRA2A,1
1098,ADRA2B,1
1099,ADRA2C,1
1100,ADRB1,1
1101,ADRB2,1
1102,ADRB3,1
1103,ADRBK1,0
1104,ADRBK2,0
1105,ADRM1,1
1106,ADSL,0
1107,ADSS,0
1108,ADSSL1,0
1109,ADTRP,0
1110,AE000662.92,0
1111,AE000662.93,0
1112,AEBP1,0
1113,AEBP2,0
1114,AEN,0
1115,AES,0
1116,AF001548.5,0
1117,AF003625.3,0
1118,AF011889.2,0
1119,AF011889.5,0
1120,AF038458.5,0
1121,AF064858.11,0
1122,AF064858.6,0
1123,AF064858.8,0
1124,AF121898.3,0
1125,AF124730.4,0
1126,AF127577.10,0
1127,AF127577.12,0
1128,AF127577.8,0
1129,AF127936.3,0
1130,AF127936.5,0
1131,AF127936.7,0
1132,AF127936.9,0
1133,AF129408.17,0
1134,AF131215.8,0
1135,AF131216.1,0
1136,AF131216.5,0
1137,AF131216.6,0
1138,AF131217.1,0
1139,AF146191.4,0
1140,AF165138.7,0
1141,AF178030.2,0
1142,AF186192.1,0
1143,AF186192.6,0
1144,AF196970.3,0
1145,AF196972.9,0
1146,AF213884.2,0
1147,AFAP1,0
1148,AFAP1-AS1,0
1149,AFAP1L1,0
1150,AFAP1L2,0
1151,AFF1,0
1152,AFF2,0
1153,AFF3,0
1154,AFF4,0
1155,AFG3L2,0
1156,AFM,0
1157,AFMID,0
1158,AFP,1
1159,AFTPH,0
1160,AGA,0
1161,AGAP1,0
1162,AGAP2,0
1163,AGAP2-AS1,0
1164,AGAP3,0
1165,AGAP4,0
1166,AGAP5,0
1167,AGAP6,0
1168,AGAP9,0
1169,AGBL1,0
1170,AGBL2,0
1171,AGBL3,0
1172,AGBL4,0
1173,AGBL5,0
1174,AGBL5-AS1,0
1175,AGER,1
1176,AGFG1,0
1177,AGFG2,0
1178,AGGF1,0
1179,AGK,0
1180,AGL,0
1181,AGMAT,0
1182,AGMO,0
1183,AGO1,0
1184,AGO2,0
1185,AGO3,0
1186,AGO4,0
1187,AGPAT1,0
1188,AGPAT2,0
1189,AGPAT3,0
1190,AGPAT4,0
1191,AGPAT5,0
1192,AGPS,0
1193,AGR2,0
1194,AGR3,0
1195,AGRN,0
1196,AGRP,0
1197,AGT,1
1198,AGTPBP1,0
1199,AGTR1,1
1200,AGTR2,1
1201,AGTRAP,0
1202,AGXT,0
1203,AGXT2,0
1204,AHCTF1,0
1205,AHCY,0
1206,AHCYL1,0
1207,AHCYL2,0
1208,AHDC1,0
1209,AHI1,0
1210,AHNAK,0
1211,AHNAK2,0
1212,AHR,1
1213,AHRR,0
1214,AHSA1,0
1215,AHSA2,0
1216,AHSG,0
1217,AHSP,0
1218,AICDA,0
1219,AIDA,0
1220,AIF1,0
1221,AIF1L,0
1222,AIFM1,0
1223,AIFM2,0
1224,AIFM3,0
1225,AIG1,0
1226,AIM1,0
1227,AIM1L,0
1228,AIM2,0
1229,AIMP1,0
1230,AIMP2,0
1231,AIP,0
1232,AIPL1,0
1233,AIRE,0
1234,AIRN,0
1235,AJ003147.8,0
1236,AJ003147.9,0
1237,AJ006998.2,0
1238,AJ011932.1,0
1239,AJ239322.1,0
1240,AJAP1,0
1241,AJUBA,0
1242,AK1,0
1243,AK2,0
1244,AK3,0
1245,AK4,0
1246,AK5,0
1247,AK6,0
1248,AK7,0
1249,AK8,0
1250,AK9,0
1251,AKAP1,0
1252,AKAP10,0
1253,AKAP11,0
1254,AKAP12,0
1255,AKAP13,0
1256,AKAP14,0
1257,AKAP17A,0
1258,AKAP2,0
1259,AKAP3,0
1260,AKAP5,0
1261,AKAP6,0
1262,AKAP7,0
1263,AKAP8,0
1264,AKAP8L,0
1265,AKAP9,0
1266,AKIP1,0
1267,AKIRIN1,0
1268,AKIRIN2,0
1269,AKNA,0
1270,AKNAD1,0
1271,AKR1A1,0
1272,AKR1B1,1
1273,AKR1B10,0
1274,AKR1B15,0
1275,AKR1C1,0
1276,AKR1C2,0
1277,AKR1C3,0
1278,AKR1C4,0
1279,AKR1D1,0
1280,AKR1E2,0
1281,AKR7A2,0
1282,AKR7A3,0
1283,AKT1,1
1284,AKT1S1,0
1285,AKT2,1
1286,AKT3,1
1287,AKTIP,0
1288,AL008723.1,0
1289,AL022341.3,0
1290,AL022344.7,0
1291,AL022476.2,0
1292,AL022578.1,0
1293,AL023806.1,0
1294,AL049794.1,0
1295,AL109761.5,0
1296,AL109767.1,0
1297,AL121578.2,0
1298,AL122127.25,0
1299,AL132709.8,0
1300,AL133245.2,0
1301,AL133493.2,0
1302,AL157902.3,0
1303,AL161668.5,0
1304,AL163953.2,0
1305,AL354822.1,0
1306,AL354828.2,0
1307,AL356585.2,0
1308,AL358852.1,0
1309,AL360294.1,0
1310,AL365181.2,0
1311,AL450992.2,0
1312,AL513523.2,0
1313,AL589743.1,0
1314,AL591893.1,0
1315,AL592183.1,0
1316,AL773572.7,0
1317,AL928654.7,0
1318,AL928742.12,0
1319,AL928768.3,0
1320,ALAD,0
1321,ALAS1,0
1322,ALAS2,0
1323,ALB,0
1324,ALCAM,1
1325,ALDH16A1,0
1326,ALDH18A1,0
1327,ALDH1A1,0
1328,ALDH1A2,0
1329,ALDH1A3,0
1330,ALDH1B1,0
1331,ALDH1L1,0
1332,ALDH1L1-AS2,0
1333,ALDH1L2,0
1334,ALDH2,1
1335,ALDH3A1,0
1336,ALDH3A2,0
1337,ALDH3B1,0
1338,ALDH3B2,0
1339,ALDH4A1,0
1340,ALDH5A1,0
1341,ALDH6A1,0
1342,ALDH7A1,0
1343,ALDH8A1,0
1344,ALDH9A1,0
1345,ALDOA,0
1346,ALDOB,0
1347,ALDOC,0
1348,ALG1,0
1349,ALG10,0
1350,ALG10B,0
1351,ALG11,0
1352,ALG12,0
1353,ALG13,0
1354,ALG13-AS1,0
1355,ALG14,0
1356,ALG1L,0
1357,ALG1L2,0
1358,ALG2,0
1359,ALG3,0
1360,ALG5,0
1361,ALG6,0
1362,ALG8,0
1363,ALG9,0
1364,ALK,1
1365,ALKBH1,0
1366,ALKBH2,0
1367,ALKBH3,0
1368,ALKBH3-AS1,0
1369,ALKBH4,0
1370,ALKBH5,0
1371,ALKBH6,0
1372,ALKBH7,0
1373,ALKBH8,0
1374,ALLC,0
1375,ALMS1,0
1376,ALOX12,0
1377,ALOX12-AS1,0
1378,ALOX12B,0
1379,ALOX15,0
1380,ALOX15B,0
1381,ALOX5,1
1382,ALOX5AP,1
1383,ALOXE3,0
1384,ALPK1,0
1385,ALPK2,0
1386,ALPK3,0
1387,ALPL,0
1388,ALPP,0
1389,ALPPL2,0
1390,ALS2,0
1391,ALS2CL,0
1392,ALS2CR11,0
1393,ALS2CR12,0
1394,ALX1,0
1395,ALX3,0
1396,ALX4,0
1397,ALYREF,0
1398,AMACR,0
1399,AMBP,0
1400,AMBRA1,0
1401,AMD1,0
1402,AMDHD1,0
1403,AMDHD2,0
1404,AMER1,0
1405,AMER2,0
1406,AMFR,0
1407,AMH,0
1408,AMHR2,0
1409,AMIGO1,0
1410,AMIGO2,0
1411,AMIGO3,0
1412,AMMECR1,0
1413,AMMECR1L,0
1414,AMN,0
1415,AMN1,0
1416,AMOT,0
1417,AMOTL1,0
1418,AMOTL2,0
1419,AMPD1,0
1420,AMPD2,0
1421,AMPD3,0
1422,AMPH,0
1423,AMT,0
1424,AMTN,0
1425,AMY1A,0
1426,AMY1B,0
1427,AMY2A,1
1428,AMY2B,0
1429,AMZ1,0
1430,AMZ2,0
1431,ANAPC1,0
1432,ANAPC10,0
1433,ANAPC11,0
1434,ANAPC13,0
1435,ANAPC15,0
1436,ANAPC16,0
1437,ANAPC2,0
1438,ANAPC4,0
1439,ANAPC5,0
1440,ANAPC7,0
1441,ANG,0
1442,ANGEL1,0
1443,ANGEL2,0
1444,ANGPT1,1
1445,ANGPT2,1
1446,ANGPT4,0
1447,ANGPTL1,0
1448,ANGPTL2,0
1449,ANGPTL4,0
1450,ANGPTL5,0
1451,ANGPTL6,0
1452,ANGPTL7,0
1453,ANGPTL8,0
1454,ANK1,0
1455,ANK2,0
1456,ANK3,0
1457,ANKAR,0
1458,ANKDD1A,0
1459,ANKDD1B,0
1460,ANKEF1,0
1461,ANKFN1,0
1462,ANKFY1,0
1463,ANKH,0
1464,ANKHD1,0
1465,ANKHD1-EIF4EBP3,0
1466,ANKIB1,0
1467,ANKK1,0
1468,ANKLE1,0
1469,ANKLE2,0
1470,ANKMY1,0
1471,ANKMY2,0
1472,ANKRA2,0
1473,ANKRD1,0
1474,ANKRD10,0
1475,ANKRD11,0
1476,ANKRD12,0
1477,ANKRD13A,0
1478,ANKRD13B,0
1479,ANKRD13C,0
1480,ANKRD13D,0
1481,ANKRD16,0
1482,ANKRD17,0
1483,ANKRD18A,0
1484,ANKRD18B,0
1485,ANKRD2,0
1486,ANKRD20A1,0
1487,ANKRD20A2,0
1488,ANKRD20A3,0
1489,ANKRD20A4,0
1490,ANKRD22,0
1491,ANKRD23,0
1492,ANKRD24,0
1493,ANKRD26,0
1494,ANKRD27,0
1495,ANKRD28,0
1496,ANKRD29,0
1497,ANKRD30A,0
1498,ANKRD30B,0
1499,ANKRD30BL,0
1500,ANKRD31,0
1501,ANKRD33,0
1502,ANKRD33B,0
1503,ANKRD34A,0
1504,ANKRD34B,0
1505,ANKRD35,0
1506,ANKRD36,0
1507,ANKRD36B,0
1508,ANKRD36C,0
1509,ANKRD37,0
1510,ANKRD39,0
1511,ANKRD40,0
1512,ANKRD42,0
1513,ANKRD44,0
1514,ANKRD45,0
1515,ANKRD46,0
1516,ANKRD49,0
1517,ANKRD50,0
1518,ANKRD52,0
1519,ANKRD53,0
1520,ANKRD54,0
1521,ANKRD55,0
1522,ANKRD6,0
1523,ANKRD61,0
1524,ANKRD62,0
1525,ANKRD65,0
1526,ANKRD66,0
1527,ANKRD7,0
1528,ANKRD9,0
1529,ANKS1A,0
1530,ANKS1B,0
1531,ANKS3,0
1532,ANKS4B,0
1533,ANKS6,0
1534,ANKUB1,0
1535,ANKZF1,0
1536,ANLN,0
1537,ANO1,1
1538,ANO10,0
1539,ANO2,0
1540,ANO3,0
1541,ANO4,0
1542,ANO5,0
1543,ANO6,0
1544,ANO7,0
1545,ANO8,0
1546,ANO9,0
1547,ANOS1,0
1548,ANP32A,0
1549,ANP32B,0
1550,ANP32D,0
1551,ANP32E,0
1552,ANPEP,1
1553,ANTXR1,0
1554,ANTXR2,0
1555,ANTXRL,0
1556,ANXA1,0
1557,ANXA10,0
1558,ANXA11,0
1559,ANXA13,0
1560,ANXA2,0
1561,ANXA2R,0
1562,ANXA3,0
1563,ANXA4,0
1564,ANXA5,0
1565,ANXA6,0
1566,ANXA7,0
1567,ANXA8,0
1568,ANXA8L1,0
1569,ANXA9,0
1570,AOAH,0
1571,AOC1,1
1572,AOC2,0
1573,AOC3,1
1574,AOX1,0
1575,AP000223.42,0
1576,AP000230.1,0
1577,AP000233.4,0
1578,AP000251.3,0
1579,AP000253.1,0
1580,AP000254.8,0
1581,AP000255.6,0
1582,AP000265.1,0
1583,AP000275.65,0
1584,AP000282.2,0
1585,AP000295.10,0
1586,AP000304.12,0
1587,AP000318.2,0
1588,AP000320.6,0
1589,AP000343.2,0
1590,AP000344.3,0
1591,AP000350.10,0
1592,AP000350.5,0
1593,AP000355.2,0
1594,AP000432.2,0
1595,AP000438.2,0
1596,AP000439.1,0
1597,AP000439.2,0
1598,AP000439.3,0
1599,AP000442.1,0
1600,AP000442.4,0
1601,AP000473.5,0
1602,AP000473.8,0
1603,AP000476.1,0
1604,AP000487.4,0
1605,AP000487.5,0
1606,AP000487.6,0
1607,AP000569.9,0
1608,AP000593.7,0
1609,AP000640.10,0
1610,AP000654.4,0
1611,AP000679.2,0
1612,AP000688.29,0
1613,AP000692.10,0
1614,AP000695.4,0
1615,AP000695.6,0
1616,AP000696.2,0
1617,AP000704.5,0
1618,AP000708.1,0
1619,AP000721.4,0
1620,AP000769.1,0
1621,AP000769.7,0
1622,AP000866.1,0
1623,AP000936.4,0
1624,AP000962.2,0
1625,AP000997.1,0
1626,AP001046.5,0
1627,AP001046.6,0
1628,AP001055.6,0
1629,AP001056.1,0
1630,AP001058.3,0
1631,AP001059.5,0
1632,AP001059.6,0
1633,AP001059.7,0
1634,AP001062.7,0
1635,AP001063.1,0
1636,AP001065.15,0
1637,AP001189.4,0
1638,AP001257.1,0
1639,AP001258.4,0
1640,AP001347.6,0
1641,AP001372.2,0
1642,AP001412.1,0
1643,AP001432.14,0
1644,AP001434.2,0
1645,AP001437.1,0
1646,AP001439.2,0
1647,AP001462.6,0
1648,AP001468.58,0
1649,AP001469.9,0
1650,AP001505.10,0
1651,AP001596.6,0
1652,AP001610.9,0
1653,AP001626.1,0
1654,AP001626.2,0
1655,AP001627.1,0
1656,AP002856.5,0
1657,AP002954.3,0
1658,AP002954.4,0
1659,AP003025.2,0
1660,AP003068.23,0
1661,AP003068.9,0
1662,AP003419.16,0
1663,AP003774.1,0
1664,AP003774.4,0
1665,AP003774.6,0
1666,AP003900.6,0
1667,AP004372.1,0
1668,AP004550.1,0
1669,AP005530.2,0
1670,AP006216.10,0
1671,AP006222.2,0
1672,AP006285.2,0
1673,AP006621.5,0
1674,AP006621.8,0
1675,AP006748.1,0
1676,AP1AR,0
1677,AP1B1,0
1678,AP1G1,0
1679,AP1G2,0
1680,AP1M1,0
1681,AP1M2,0
1682,AP1S1,0
1683,AP1S2,0
1684,AP1S3,0
1685,AP2A1,0
1686,AP2A2,0
1687,AP2B1,0
1688,AP2M1,0
1689,AP2S1,0
1690,AP3B1,0
1691,AP3B2,0
1692,AP3D1,0
1693,AP3M1,0
1694,AP3M2,0
1695,AP3S1,0
1696,AP3S2,0
1697,AP4B1,0
1698,AP4B1-AS1,0
1699,AP4E1,0
1700,AP4M1,0
1701,AP4S1,0
1702,AP5B1,0
1703,AP5M1,0
1704,AP5S1,0
1705,AP5Z1,0
1706,APAF1,0
1707,APBA1,0
1708,APBA2,0
1709,APBA3,0
1710,APBB1,0
1711,APBB1IP,0
1712,APBB2,0
1713,APBB3,0
1714,APC,0
1715,APC2,0
1716,APCDD1,0
1717,APCDD1L,0
1718,APEH,0
1719,APELA,0
1720,APEX1,1
1721,APEX2,0
1722,APH1A,1
1723,APH1B,0
1724,API5,0
1725,APIP,0
1726,APITD1,0
1727,APITD1-CORT,0
1728,APLF,0
1729,APLN,0
1730,APLNR,1
1731,APLP1,0
1732,APLP2,0
1733,APMAP,0
1734,APOA1,0
1735,APOA1-AS,0
1736,APOA1BP,0
1737,APOA2,0
1738,APOA5,0
1739,APOB,1
1740,APOBEC1,0
1741,APOBEC2,0
1742,APOBEC3A,0
1743,APOBEC3B,0
1744,APOBEC3B-AS1,0
1745,APOBEC3C,0
1746,APOBEC3D,0
1747,APOBEC3F,0
1748,APOBEC3G,0
1749,APOBEC3H,0
1750,APOBEC4,0
1751,APOBR,0
1752,APOC1,0
1753,APOC2,0
1754,APOC3,1
1755,APOC4-APOC2,0
1756,APOD,0
1757,APOE,0
1758,APOF,0
1759,APOH,0
1760,APOL1,0
1761,APOL2,0
1762,APOL3,0
1763,APOL4,0
1764,APOL6,0
1765,APOLD1,0
1766,APOM,0
1767,APOO,0
1768,APOOL,0
1769,APOPT1,0
1770,APP,1
1771,APPBP2,0
1772,APPL1,0
1773,APPL2,0
1774,APRT,0
1775,APTR,0
1776,APTX,0
1777,AQP1,0
1778,AQP10,0
1779,AQP11,0
1780,AQP2,0
1781,AQP3,0
1782,AQP4,0
1783,AQP4-AS1,0
1784,AQP5,0
1785,AQP6,0
1786,AQP7,0
1787,AQP8,0
1788,AQP9,0
1789,AQR,0
1790,AR,1
1791,ARAF,1
1792,ARAP1,0
1793,ARAP1-AS1,0
1794,ARAP1-AS2,0
1795,ARAP2,0
1796,ARAP3,0
1797,ARC,0
1798,ARCN1,0
1799,AREG,0
1800,AREL1,0
1801,ARF1,0
1802,ARF3,0
1803,ARF4,0
1804,ARF4-AS1,0
1805,ARF5,0
1806,ARF6,0
1807,ARFGAP1,0
1808,ARFGAP2,0
1809,ARFGAP3,0
1810,ARFGEF1,0
1811,ARFGEF2,0
1812,ARFGEF3,0
1813,ARFIP1,0
1814,ARFIP2,0
1815,ARFRP1,0
1816,ARG1,0
1817,ARG2,0
1818,ARGLU1,0
1819,ARHGAP1,0
1820,ARHGAP10,0
1821,ARHGAP11A,0
1822,ARHGAP11B,0
1823,ARHGAP12,0
1824,ARHGAP15,0
1825,ARHGAP17,0
1826,ARHGAP18,0
1827,ARHGAP19,0
1828,ARHGAP19-SLIT1,0
1829,ARHGAP20,0
1830,ARHGAP21,0
1831,ARHGAP22,0
1832,ARHGAP23,0
1833,ARHGAP24,0
1834,ARHGAP25,0
1835,ARHGAP26,0
1836,ARHGAP26-AS1,0
1837,ARHGAP27,0
1838,ARHGAP28,0
1839,ARHGAP29,0
1840,ARHGAP30,0
1841,ARHGAP31,0
1842,ARHGAP31-AS1,0
1843,ARHGAP32,0
1844,ARHGAP33,0
1845,ARHGAP35,0
1846,ARHGAP36,0
1847,ARHGAP39,0
1848,ARHGAP4,0
1849,ARHGAP40,0
1850,ARHGAP42,0
1851,ARHGAP44,0
1852,ARHGAP5,0
1853,ARHGAP5-AS1,0
1854,ARHGAP6,0
1855,ARHGAP8,0
1856,ARHGAP9,0
1857,ARHGDIA,0
1858,ARHGDIB,0
1859,ARHGDIG,0
1860,ARHGEF1,0
1861,ARHGEF10,0
1862,ARHGEF10L,0
1863,ARHGEF11,0
1864,ARHGEF12,0
1865,ARHGEF15,0
1866,ARHGEF16,0
1867,ARHGEF17,0
1868,ARHGEF18,0
1869,ARHGEF19,0
1870,ARHGEF2,0
1871,ARHGEF25,0
1872,ARHGEF26,0
1873,ARHGEF28,0
1874,ARHGEF3,0
1875,ARHGEF33,0
1876,ARHGEF35,0
1877,ARHGEF37,0
1878,ARHGEF38,0
1879,ARHGEF39,0
1880,ARHGEF4,0
1881,ARHGEF40,0
1882,ARHGEF5,0
1883,ARHGEF6,0
1884,ARHGEF7,0
1885,ARHGEF7-AS2,0
1886,ARHGEF9,0
1887,ARID1A,0
1888,ARID1B,0
1889,ARID2,0
1890,ARID3A,0
1891,ARID3B,0
1892,ARID4A,0
1893,ARID4B,0
1894,ARID5A,0
1895,ARID5B,0
1896,ARIH1,0
1897,ARIH2,0
1898,ARIH2OS,0
1899,ARL1,0
1900,ARL10,0
1901,ARL11,0
1902,ARL13B,0
1903,ARL14,0
1904,ARL14EP,0
1905,ARL14EPL,0
1906,ARL15,0
1907,ARL16,0
1908,ARL17A,0
1909,ARL17B,0
1910,ARL2,0
1911,ARL2BP,0
1912,ARL3,0
1913,ARL4A,0
1914,ARL4C,0
1915,ARL4D,0
1916,ARL5A,0
1917,ARL5B,0
1918,ARL5C,0
1919,ARL6,0
1920,ARL6IP1,0
1921,ARL6IP4,0
1922,ARL6IP5,0
1923,ARL6IP6,0
1924,ARL8A,0
1925,ARL8B,0
1926,ARL9,0
1927,ARMC1,0
1928,ARMC10,0
1929,ARMC12,0
1930,ARMC2,0
1931,ARMC3,0
1932,ARMC4,0
1933,ARMC5,0
1934,ARMC6,0
1935,ARMC7,0
1936,ARMC8,0
1937,ARMC9,0
1938,ARMCX1,0
1939,ARMCX2,0
1940,ARMCX3,0
1941,ARMCX3-AS1,0
1942,ARMCX4,0
1943,ARMCX5,0
1944,ARMCX6,0
1945,ARMS2,0
1946,ARMT1,0
1947,ARNT,0
1948,ARNT2,0
1949,ARNTL,0
1950,ARNTL2,0
1951,ARPC1A,0
1952,ARPC1B,0
1953,ARPC2,0
1954,ARPC3,0
1955,ARPC4,0
1956,ARPC4-TTLL3,0
1957,ARPC5,0
1958,ARPC5L,0
1959,ARPIN,0
1960,ARPP19,0
1961,ARPP21,0
1962,ARRB1,0
1963,ARRB2,0
1964,ARRDC1,0
1965,ARRDC1-AS1,0
1966,ARRDC2,0
1967,ARRDC3,0
1968,ARRDC3-AS1,0
1969,ARRDC4,0
1970,ARRDC5,0
1971,ARSA,0
1972,ARSB,0
1973,ARSD,0
1974,ARSD-AS1,0
1975,ARSE,0
1976,ARSG,0
1977,ARSH,0
1978,ARSI,0
1979,ARSJ,0
1980,ARSK,0
1981,ART3,0
1982,ART4,0
1983,ART5,0
1984,ARTN,0
1985,ARV1,0
1986,ARVCF,0
1987,ARX,0
1988,ASAH1,0
1989,ASAH2,0
1990,ASAH2B,0
1991,ASAP1,0
1992,ASAP2,0
1993,ASAP3,0
1994,ASB1,0
1995,ASB10,0
1996,ASB11,0
1997,ASB12,0
1998,ASB13,0
1999,ASB14,0
2000,ASB15,0
2001,ASB16,0
2002,ASB16-AS1,0
2003,ASB2,0
2004,ASB3,0
2005,ASB4,0
2006,ASB5,0
2007,ASB6,0
2008,ASB7,0
2009,ASB8,0
2010,ASB9,0
2011,ASCC1,0
2012,ASCC2,0
2013,ASCC3,0
2014,ASCL1,0
2015,ASCL2,0
2016,ASCL4,0
2017,ASCL5,0
2018,ASF1A,0
2019,ASF1B,0
2020,ASGR1,0
2021,ASGR2,0
2022,ASH1L,0
2023,ASH1L-AS1,0
2024,ASH2L,0
2025,ASIC1,0
2026,ASIC2,0
2027,ASIC3,0
2028,ASIC4,0
2029,ASIP,0
2030,ASL,0
2031,ASMT,0
2032,ASMTL,0
2033,ASMTL-AS1,0
2034,ASNA1,0
2035,ASNS,0
2036,ASNSD1,0
2037,ASPA,0
2038,ASPDH,0
2039,ASPG,0
2040,ASPH,0
2041,ASPHD1,0
2042,ASPHD2,0
2043,ASPM,0
2044,ASPN,0
2045,ASPRV1,0
2046,ASPSCR1,0
2047,ASRGL1,0
2048,ASS1,0
2049,ASTE1,0
2050,ASTL,0
2051,ASTN1,0
2052,ASTN2,0
2053,ASUN,0
2054,ASXL1,0
2055,ASXL2,0
2056,ASXL3,0
2057,ASZ1,0
2058,ATAD1,0
2059,ATAD2,0
2060,ATAD2B,0
2061,ATAD3A,0
2062,ATAD3B,0
2063,ATAD3C,0
2064,ATAD5,0
2065,ATAT1,0
2066,ATCAY,0
2067,ATE1,0
2068,ATE1-AS1,0
2069,ATF1,0
2070,ATF2,0
2071,ATF3,0
2072,ATF4,0
2073,ATF5,0
2074,ATF6,0
2075,ATF6B,0
2076,ATF7,0
2077,ATF7IP,0
2078,ATF7IP2,0
2079,ATG10,0
2080,ATG101,0
2081,ATG12,0
2082,ATG13,0
2083,ATG14,0
2084,ATG16L1,0
2085,ATG16L2,0
2086,ATG2A,0
2087,ATG2B,0
2088,ATG3,0
2089,ATG4A,0
2090,ATG4B,0
2091,ATG4C,0
2092,ATG4D,0
2093,ATG5,0
2094,ATG7,0
2095,ATG9A,0
2096,ATG9B,0
2097,ATHL1,0
2098,ATIC,0
2099,ATL1,0
2100,ATL2,0
2101,ATL3,0
2102,ATM,0
2103,ATMIN,0
2104,ATN1,0
2105,ATOH7,0
2106,ATOH8,0
2107,ATOX1,0
2108,ATP10A,0
2109,ATP10B,0
2110,ATP10D,0
2111,ATP11A,0
2112,ATP11A-AS1,0
2113,ATP11B,0
2114,ATP11C,0
2115,ATP12A,0
2116,ATP13A1,0
2117,ATP13A2,0
2118,ATP13A3,0
2119,ATP13A4,0
2120,ATP13A4-AS1,0
2121,ATP13A5,0
2122,ATP13A5-AS1,0
2123,ATP1A1,1
2124,ATP1A2,1
2125,ATP1A3,0
2126,ATP1A4,0
2127,ATP1B1,0
2128,ATP1B2,0
2129,ATP1B3,1
2130,ATP1B3-AS1,0
2131,ATP2A1,0
2132,ATP2A1-AS1,0
2133,ATP2A2,1
2134,ATP2A3,1
2135,ATP2B1,0
2136,ATP2B2,0
2137,ATP2B3,0
2138,ATP2B4,0
2139,ATP2C1,0
2140,ATP2C2,0
2141,ATP4B,1
2142,ATP5A1,0
2143,ATP5B,0
2144,ATP5C1,0
2145,ATP5D,0
2146,ATP5E,0
2147,ATP5EP2,0
2148,ATP5F1,0
2149,ATP5G1,0
2150,ATP5G2,0
2151,ATP5G3,0
2152,ATP5H,0
2153,ATP5I,0
2154,ATP5J,0
2155,ATP5J2,0
2156,ATP5J2-PTCD1,0
2157,ATP5L,0
2158,ATP5L2,0
2159,ATP5O,0
2160,ATP5S,0
2161,ATP5SL,0
2162,ATP6AP1,0
2163,ATP6AP1L,0
2164,ATP6AP2,0
2165,ATP6V0A1,0
2166,ATP6V0A2,0
2167,ATP6V0A4,0
2168,ATP6V0B,0
2169,ATP6V0C,0
2170,ATP6V0D1,0
2171,ATP6V0D2,0
2172,ATP6V0E1,0
2173,ATP6V0E2,0
2174,ATP6V0E2-AS1,0
2175,ATP6V1A,0
2176,ATP6V1B1,0
2177,ATP6V1B1-AS1,0
2178,ATP6V1B2,0
2179,ATP6V1C1,0
2180,ATP6V1C2,0
2181,ATP6V1D,0
2182,ATP6V1E1,0
2183,ATP6V1E2,0
2184,ATP6V1F,0
2185,ATP6V1G1,0
2186,ATP6V1G2,0
2187,ATP6V1G3,0
2188,ATP6V1H,0
2189,ATP7A,0
2190,ATP7B,0
2191,ATP8A1,0
2192,ATP8A2,0
2193,ATP8B1,0
2194,ATP8B2,0
2195,ATP8B3,0
2196,ATP8B4,0
2197,ATP9A,0
2198,ATP9B,0
2199,ATPAF1,0
2200,ATPAF2,0
2201,ATPIF1,0
2202,ATR,1
2203,ATRAID,0
2204,ATRIP,0
2205,ATRN,0
2206,ATRNL1,0
2207,ATRX,0
2208,ATXN1,0
2209,ATXN10,0
2210,ATXN1L,0
2211,ATXN2,0
2212,ATXN2L,0
2213,ATXN3,0
2214,ATXN7,0
2215,ATXN7L1,0
2216,ATXN7L2,0
2217,ATXN7L3,0
2218,ATXN7L3B,0
2219,AUH,0
2220,AUNIP,0
2221,AUP1,0
2222,AURKA,1
2223,AURKAIP1,0
2224,AURKB,1
2225,AURKC,0
2226,AUTS2,0
2227,AVEN,0
2228,AVIL,0
2229,AVL9,0
2230,AVP,0
2231,AVPI1,0
2232,AVPR1A,0
2233,AVPR2,1
2234,AWAT1,0
2235,AWAT2,0
2236,AXDND1,0
2237,AXIN1,0
2238,AXIN2,0
2239,AXL,1
2240,AZGP1,0
2241,AZI2,0
2242,AZIN1,0
2243,AZIN1-AS1,0
2244,AZIN2,0
2245,AZU1,0
2246,B2M,0
2247,B3GALNT1,0
2248,B3GALNT2,0
2249,B3GALT1,0
2250,B3GALT2,0
2251,B3GALT4,0
2252,B3GALT5,0
2253,B3GALT5-AS1,0
2254,B3GALT6,0
2255,B3GAT1,0
2256,B3GAT2,0
2257,B3GAT3,0
2258,B3GLCT,0
2259,B3GNT2,0
2260,B3GNT3,0
2261,B3GNT4,0
2262,B3GNT5,0
2263,B3GNT6,0
2264,B3GNT7,0
2265,B3GNT8,0
2266,B3GNT9,0
2267,B3GNTL1,0
2268,B4GALNT1,0
2269,B4GALNT2,0
2270,B4GALNT3,0
2271,B4GALNT4,0
2272,B4GALT1,0
2273,B4GALT1-AS1,0
2274,B4GALT2,0
2275,B4GALT3,0
2276,B4GALT4,0
2277,B4GALT5,0
2278,B4GALT6,0
2279,B4GALT7,0
2280,B4GAT1,0
2281,B9D1,0
2282,B9D2,0
2283,BAALC,0
2284,BAALC-AS1,0
2285,BAALC-AS2,0
2286,BAAT,0
2287,BABAM1,0
2288,BACE1,1
2289,BACE1-AS,0
2290,BACE2,0
2291,BACH1,0
2292,BACH1-AS1,0
2293,BACH1-IT2,0
2294,BACH2,0
2295,BAD,0
2296,BAG1,0
2297,BAG2,0
2298,BAG3,0
2299,BAG4,0
2300,BAG5,0
2301,BAG6,0
2302,BAHCC1,0
2303,BAHD1,0
2304,BAIAP2,0
2305,BAIAP2-AS1,0
2306,BAIAP2L1,0
2307,BAIAP2L2,0
2308,BAIAP3,0
2309,BAK1,0
2310,BAMBI,0
2311,BANCR,0
2312,BANF1,0
2313,BANK1,0
2314,BANP,0
2315,BAP1,0
2316,BARD1,0
2317,BARHL1,0
2318,BARX1,0
2319,BARX2,0
2320,BASP1,0
2321,BATF,0
2322,BATF2,0
2323,BATF3,0
2324,BAX,0
2325,BAZ1A,0
2326,BAZ1B,0
2327,BAZ2A,0
2328,BAZ2B,0
2329,BBC3,0
2330,BBIP1,0
2331,BBOF1,0
2332,BBOX1,0
2333,BBOX1-AS1,0
2334,BBS1,0
2335,BBS10,0
2336,BBS12,0
2337,BBS2,0
2338,BBS4,0
2339,BBS5,0
2340,BBS7,0
2341,BBS9,0
2342,BBX,0
2343,BCAM,0
2344,BCAN,0
2345,BCAP29,0
2346,BCAP31,0
2347,BCAR1,0
2348,BCAR3,0
2349,BCAR4,0
2350,BCAS1,0
2351,BCAS2,0
2352,BCAS3,0
2353,BCAS4,0
2354,BCAT1,0
2355,BCAT2,0
2356,BCCIP,0
2357,BCDIN3D,0
2358,BCDIN3D-AS1,0
2359,BCHE,1
2360,BCKDHA,0
2361,BCKDHB,0
2362,BCKDK,0
2363,BCL10,0
2364,BCL11A,1
2365,BCL11B,0
2366,BCL2,1
2367,BCL2A1,1
2368,BCL2L1,1
2369,BCL2L10,1
2370,BCL2L11,0
2371,BCL2L12,0
2372,BCL2L13,0
2373,BCL2L14,0
2374,BCL2L15,0
2375,BCL2L2,1
2376,BCL3,0
2377,BCL6,0
2378,BCL6B,0
2379,BCL7A,0
2380,BCL7B,0
2381,BCL7C,0
2382,BCL9,0
2383,BCL9L,0
2384,BCLAF1,0
2385,BCO1,0
2386,BCO2,0
2387,BCOR,0
2388,BCORL1,0
2389,BCR,1
2390,BCS1L,0
2391,BCYRN1,0
2392,BDH1,0
2393,BDH2,0
2394,BDKRB1,1
2395,BDKRB2,1
2396,BDNF,0
2397,BDNF-AS,0
2398,BDP1,0
2399,BEAN1,0
2400,BEAN1-AS1,0
2401,BECN1,0
2402,BEGAIN,0
2403,BEND2,0
2404,BEND3,0
2405,BEND4,0
2406,BEND5,0
2407,BEND6,0
2408,BEND7,0
2409,BEST1,0
2410,BEST2,0
2411,BEST3,0
2412,BEST4,0
2413,BET1,0
2414,BET1L,0
2415,BEX1,0
2416,BEX2,0
2417,BEX4,0
2418,BEX5,0
2419,BFAR,0
2420,BFSP1,0
2421,BFSP2,0
2422,BFSP2-AS1,0
2423,BGLAP,0
2424,BGN,0
2425,BHLHB9,0
2426,BHLHE22,0
2427,BHLHE40,0
2428,BHLHE40-AS1,0
2429,BHLHE41,0
2430,BHMG1,0
2431,BHMT,1
2432,BHMT2,0
2433,BICC1,0
2434,BICD1,0
2435,BICD2,0
2436,BID,0
2437,BIK,0
2438,BIN1,0
2439,BIN2,0
2440,BIN3,0
2441,BIRC2,1
2442,BIRC3,1
2443,BIRC5,1
2444,BIRC6,0
2445,BIRC6-AS2,0
2446,BIRC7,0
2447,BISPR,0
2448,BIVM,0
2449,BLACAT1,0
2450,BLACE,0
2451,BLCAP,0
2452,BLID,0
2453,BLK,1
2454,BLM,0
2455,BLMH,0
2456,BLNK,0
2457,BLOC1S1,0
2458,BLOC1S2,0
2459,BLOC1S3,0
2460,BLOC1S4,0
2461,BLOC1S5,0
2462,BLOC1S6,0
2463,BLVRA,0
2464,BLVRB,0
2465,BLZF1,0
2466,BMF,0
2467,BMI1,0
2468,BMP1,0
2469,BMP2,0
2470,BMP2K,0
2471,BMP3,0
2472,BMP4,0
2473,BMP5,0
2474,BMP6,0
2475,BMP7,0
2476,BMP8A,0
2477,BMP8B,0
2478,BMPER,0
2479,BMPR1A,1
2480,BMPR1B,0
2481,BMPR1B-AS1,0
2482,BMPR2,1
2483,BMS1,0
2484,BMS1P14,0
2485,BMX,1
2486,BNC1,0
2487,BNC2,0
2488,BNIP1,0
2489,BNIP2,0
2490,BNIP3,0
2491,BNIP3L,0
2492,BNIPL,0
2493,BOC,0
2494,BOD1,0
2495,BOD1L1,0
2496,BOK,0
2497,BOK-AS1,0
2498,BOLA1,0
2499,BOLA2,0
2500,BOLA2B,0
2501,BOLA3,0
2502,BOLA3-AS1,0
2503,BOP1,0
2504,BORA,0
2505,BORCS5,0
2506,BORCS6,0
2507,BORCS7,0
2508,BORCS8,0
2509,BORCS8-MEF2B,0
2510,BPGM,0
2511,BPHL,0
2512,BPI,0
2513,BPIFA1,0
2514,BPIFA2,0
2515,BPIFB1,0
2516,BPIFB2,0
2517,BPIFB4,0
2518,BPIFB6,0
2519,BPIFC,0
2520,BPNT1,0
2521,BPTF,0
2522,BRAF,1
2523,BRAP,0
2524,BRAT1,0
2525,BRCA1,0
2526,BRCA2,0
2527,BRCC3,0
2528,BRD1,0
2529,BRD2,1
2530,BRD3,1
2531,BRD4,1
2532,BRD7,0
2533,BRD8,0
2534,BRD9,0
2535,BRDT,1
2536,BRE,0
2537,BRF1,0
2538,BRF2,0
2539,BRI3,0
2540,BRI3BP,0
2541,BRICD5,0
2542,BRINP1,0
2543,BRINP2,0
2544,BRINP3,0
2545,BRIP1,0
2546,BRIX1,0
2547,BRK1,0
2548,BRMS1,0
2549,BRMS1L,0
2550,BROX,0
2551,BRPF1,0
2552,BRPF3,0
2553,BRSK1,0
2554,BRSK2,0
2555,BRWD1,0
2556,BRWD1-AS2,0
2557,BRWD3,0
2558,BSCL2,0
2559,BSDC1,0
2560,BSG,1
2561,BSN,0
2562,BSN-AS2,0
2563,BSND,0
2564,BSPRY,0
2565,BST1,0
2566,BST2,0
2567,BTAF1,0
2568,BTBD1,0
2569,BTBD10,0
2570,BTBD11,0
2571,BTBD16,0
2572,BTBD17,0
2573,BTBD18,0
2574,BTBD19,0
2575,BTBD2,0
2576,BTBD3,0
2577,BTBD6,0
2578,BTBD7,0
2579,BTBD8,0
2580,BTBD9,0
2581,BTC,0
2582,BTD,0
2583,BTF3,0
2584,BTF3L4,0
2585,BTG1,0
2586,BTG2,0
2587,BTG3,0
2588,BTG4,0
2589,BTK,1
2590,BTLA,0
2591,BTN1A1,0
2592,BTN2A1,0
2593,BTN2A2,0
2594,BTN3A1,0
2595,BTN3A2,0
2596,BTN3A3,0
2597,BTNL3,0
2598,BTNL8,0
2599,BTNL9,0
2600,BTRC,0
2601,BUB1,0
2602,BUB1B,0
2603,BUB3,0
2604,BUD13,0
2605,BUD31,0
2606,BVES,0
2607,BVES-AS1,0
2608,BX004987.4,0
2609,BX255923.3,0
2610,BX470102.3,0
2611,BYSL,0
2612,BZRAP1,0
2613,BZRAP1-AS1,0
2614,BZW1,0
2615,BZW2,0
2616,C10ORF10,0
2617,C10ORF105,0
2618,C10ORF107,0
2619,C10ORF11,0
2620,C10ORF111,0
2621,C10ORF113,0
2622,C10ORF12,0
2623,C10ORF128,0
2624,C10ORF131,0
2625,C10ORF2,0
2626,C10ORF25,0
2627,C10ORF35,0
2628,C10ORF53,0
2629,C10ORF54,0
2630,C10ORF55,0
2631,C10ORF67,0
2632,C10ORF71,0
2633,C10ORF76,0
2634,C10ORF82,0
2635,C10ORF88,0
2636,C10ORF90,0
2637,C10ORF91,0
2638,C10ORF95,0
2639,C11ORF1,0
2640,C11ORF16,0
2641,C11ORF21,0
2642,C11ORF24,0
2643,C11ORF31,0
2644,C11ORF44,0
2645,C11ORF45,0
2646,C11ORF49,0
2647,C11ORF52,0
2648,C11ORF53,0
2649,C11ORF54,0
2650,C11ORF57,0
2651,C11ORF58,0
2652,C11ORF63,0
2653,C11ORF65,0
2654,C11ORF68,0
2655,C11ORF70,0
2656,C11ORF71,0
2657,C11ORF72,0
2658,C11ORF73,0
2659,C11ORF74,0
2660,C11ORF80,0
2661,C11ORF84,0
2662,C11ORF85,0
2663,C11ORF86,0
2664,C11ORF87,0
2665,C11ORF88,0
2666,C11ORF91,0
2667,C11ORF94,0
2668,C11ORF95,0
2669,C11ORF96,0
2670,C11ORF97,0
2671,C11ORF98,0
2672,C12ORF10,0
2673,C12ORF29,0
2674,C12ORF4,0
2675,C12ORF40,0
2676,C12ORF42,0
2677,C12ORF43,0
2678,C12ORF45,0
2679,C12ORF49,0
2680,C12ORF50,0
2681,C12ORF54,0
2682,C12ORF56,0
2683,C12ORF57,0
2684,C12ORF60,0
2685,C12ORF65,0
2686,C12ORF66,0
2687,C12ORF73,0
2688,C12ORF74,0
2689,C12ORF75,0
2690,C12ORF76,0
2691,C12ORF77,0
2692,C12ORF80,0
2693,C14ORF1,0
2694,C14ORF105,0
2695,C14ORF119,0
2696,C14ORF132,0
2697,C14ORF142,0
2698,C14ORF159,0
2699,C14ORF166,0
2700,C14ORF169,0
2701,C14ORF178,0
2702,C14ORF180,0
2703,C14ORF2,0
2704,C14ORF28,0
2705,C14ORF37,0
2706,C14ORF39,0
2707,C14ORF79,0
2708,C14ORF80,0
2709,C14ORF93,0
2710,C15ORF38-AP3S2,0
2711,C15ORF39,0
2712,C15ORF40,0
2713,C15ORF41,0
2714,C15ORF48,0
2715,C15ORF52,0
2716,C15ORF53,0
2717,C15ORF54,0
2718,C15ORF57,0
2719,C15ORF59,0
2720,C15ORF59-AS1,0
2721,C15ORF61,0
2722,C15ORF62,0
2723,C15ORF65,0
2724,C16ORF13,0
2725,C16ORF45,0
2726,C16ORF46,0
2727,C16ORF47,0
2728,C16ORF52,0
2729,C16ORF54,0
2730,C16ORF58,0
2731,C16ORF59,0
2732,C16ORF62,0
2733,C16ORF70,0
2734,C16ORF71,0
2735,C16ORF72,0
2736,C16ORF74,0
2737,C16ORF86,0
2738,C16ORF87,0
2739,C16ORF89,0
2740,C16ORF91,0
2741,C16ORF95,0
2742,C16ORF96,0
2743,C17ORF100,0
2744,C17ORF105,0
2745,C17ORF107,0
2746,C17ORF47,0
2747,C17ORF49,0
2748,C17ORF50,0
2749,C17ORF51,0
2750,C17ORF53,0
2751,C17ORF58,0
2752,C17ORF62,0
2753,C17ORF64,0
2754,C17ORF67,0
2755,C17ORF75,0
2756,C17ORF77,0
2757,C17ORF80,0
2758,C17ORF82,0
2759,C17ORF89,0
2760,C17ORF96,0
2761,C17ORF97,0
2762,C17ORF98,0
2763,C17ORF99,0
2764,C18ORF21,0
2765,C18ORF25,0
2766,C18ORF32,0
2767,C18ORF54,0
2768,C18ORF63,0
2769,C18ORF65,0
2770,C18ORF8,0
2771,C19ORF12,0
2772,C19ORF18,0
2773,C19ORF24,0
2774,C19ORF25,0
2775,C19ORF33,0
2776,C19ORF35,0
2777,C19ORF38,0
2778,C19ORF43,0
2779,C19ORF44,0
2780,C19ORF45,0
2781,C19ORF47,0
2782,C19ORF48,0
2783,C19ORF52,0
2784,C19ORF53,0
2785,C19ORF54,0
2786,C19ORF57,0
2787,C19ORF60,0
2788,C19ORF66,0
2789,C19ORF67,0
2790,C19ORF68,0
2791,C19ORF70,0
2792,C19ORF71,0
2793,C19ORF73,0
2794,C19ORF81,0
2795,C19ORF84,0
2796,C1D,0
2797,C1GALT1,0
2798,C1GALT1C1,0
2799,C1GALT1C1L,0
2800,C1QA,0
2801,C1QB,0
2802,C1QBP,0
2803,C1QC,0
2804,C1QL1,0
2805,C1QL2,0
2806,C1QL3,0
2807,C1QL4,0
2808,C1QTNF1,0
2809,C1QTNF1-AS1,0
2810,C1QTNF2,0
2811,C1QTNF3,0
2812,C1QTNF3-AMACR,0
2813,C1QTNF4,0
2814,C1QTNF5,0
2815,C1QTNF6,0
2816,C1QTNF7,0
2817,C1QTNF9,0
2818,C1QTNF9B,0
2819,C1QTNF9B-AS1,0
2820,C1R,0
2821,C1RL,0
2822,C1RL-AS1,0
2823,C1S,1
2824,C1ORF101,0
2825,C1ORF105,0
2826,C1ORF106,0
2827,C1ORF109,0
2828,C1ORF112,0
2829,C1ORF115,0
2830,C1ORF116,0
2831,C1ORF122,0
2832,C1ORF123,0
2833,C1ORF127,0
2834,C1ORF131,0
2835,C1ORF132,0
2836,C1ORF140,0
2837,C1ORF141,0
2838,C1ORF143,0
2839,C1ORF145,0
2840,C1ORF147,0
2841,C1ORF158,0
2842,C1ORF159,0
2843,C1ORF162,0
2844,C1ORF167,0
2845,C1ORF168,0
2846,C1ORF174,0
2847,C1ORF186,0
2848,C1ORF189,0
2849,C1ORF194,0
2850,C1ORF198,0
2851,C1ORF204,0
2852,C1ORF21,0
2853,C1ORF210,0
2854,C1ORF216,0
2855,C1ORF220,0
2856,C1ORF226,0
2857,C1ORF228,0
2858,C1ORF229,0
2859,C1ORF233,0
2860,C1ORF234,0
2861,C1ORF27,0
2862,C1ORF35,0
2863,C1ORF43,0
2864,C1ORF50,0
2865,C1ORF52,0
2866,C1ORF53,0
2867,C1ORF54,0
2868,C1ORF56,0
2869,C1ORF61,0
2870,C1ORF64,0
2871,C1ORF74,0
2872,C1ORF87,0
2873,C1ORF95,0
2874,C2,0
2875,C2-AS1,0
2876,C20ORF141,0
2877,C20ORF144,0
2878,C20ORF166-AS1,0
2879,C20ORF194,0
2880,C20ORF195,0
2881,C20ORF196,0
2882,C20ORF197,0
2883,C20ORF202,0
2884,C20ORF203,0
2885,C20ORF24,0
2886,C20ORF27,0
2887,C20ORF85,0
2888,C20ORF96,0
2889,C21ORF2,0
2890,C21ORF33,0
2891,C21ORF58,0
2892,C21ORF59,0
2893,C21ORF62,0
2894,C21ORF62-AS1,0
2895,C21ORF91,0
2896,C21ORF91-OT1,0
2897,C22ORF15,0
2898,C22ORF23,0
2899,C22ORF29,0
2900,C22ORF31,0
2901,C22ORF34,0
2902,C22ORF39,0
2903,C22ORF42,0
2904,C22ORF46,0
2905,C2CD2,0
2906,C2CD2L,0
2907,C2CD3,0
2908,C2CD4A,0
2909,C2CD4B,0
2910,C2CD4C,0
2911,C2CD4D,0
2912,C2CD5,0
2913,C2ORF15,0
2914,C2ORF27B,0
2915,C2ORF40,0
2916,C2ORF42,0
2917,C2ORF44,0
2918,C2ORF47,0
2919,C2ORF48,0
2920,C2ORF49,0
2921,C2ORF50,0
2922,C2ORF54,0
2923,C2ORF61,0
2924,C2ORF68,0
2925,C2ORF69,0
2926,C2ORF70,0
2927,C2ORF71,0
2928,C2ORF72,0
2929,C2ORF73,0
2930,C2ORF74,0
2931,C2ORF76,0
2932,C2ORF80,0
2933,C2ORF81,0
2934,C2ORF82,0
2935,C2ORF88,0
2936,C2ORF91,0
2937,C3,1
2938,C3AR1,0
2939,C3ORF14,0
2940,C3ORF17,0
2941,C3ORF18,0
2942,C3ORF20,0
2943,C3ORF33,0
2944,C3ORF35,0
2945,C3ORF36,0
2946,C3ORF38,0
2947,C3ORF49,0
2948,C3ORF52,0
2949,C3ORF58,0
2950,C3ORF62,0
2951,C3ORF67,0
2952,C3ORF67-AS1,0
2953,C3ORF70,0
2954,C3ORF79,0
2955,C3ORF80,0
2956,C3ORF84,0
2957,C4A,0
2958,C4B,0
2959,C4BPA,0
2960,C4BPB,0
2961,C4ORF17,0
2962,C4ORF19,0
2963,C4ORF22,0
2964,C4ORF26,0
2965,C4ORF27,0
2966,C4ORF3,0
2967,C4ORF32,0
2968,C4ORF33,0
2969,C4ORF36,0
2970,C4ORF45,0
2971,C4ORF46,0
2972,C4ORF47,0
2973,C4ORF48,0
2974,C4ORF50,0
2975,C4ORF51,0
2976,C5,0
2977,C5AR1,1
2978,C5AR2,0
2979,C5ORF15,0
2980,C5ORF17,0
2981,C5ORF22,0
2982,C5ORF24,0
2983,C5ORF28,0
2984,C5ORF30,0
2985,C5ORF34,0
2986,C5ORF38,0
2987,C5ORF42,0
2988,C5ORF45,0
2989,C5ORF46,0
2990,C5ORF47,0
2991,C5ORF49,0
2992,C5ORF51,0
2993,C5ORF56,0
2994,C5ORF63,0
2995,C5ORF66,0
2996,C5ORF66-AS1,0
2997,C6,0
2998,C6ORF1,0
2999,C6ORF106,0
3000,C6ORF118,0
3001,C6ORF120,0
3002,C6ORF132,0
3003,C6ORF136,0
3004,C6ORF141,0
3005,C6ORF15,0
3006,C6ORF163,0
3007,C6ORF201,0
3008,C6ORF203,0
3009,C6ORF222,0
3010,C6ORF223,0
3011,C6ORF226,0
3012,C6ORF229,0
3013,C6ORF25,0
3014,C6ORF3,0
3015,C6ORF47,0
3016,C6ORF47-AS1,0
3017,C6ORF48,0
3018,C6ORF52,0
3019,C6ORF58,0
3020,C6ORF62,0
3021,C6ORF89,0
3022,C6ORF99,0
3023,C7,0
3024,C7ORF25,0
3025,C7ORF26,0
3026,C7ORF31,0
3027,C7ORF33,0
3028,C7ORF34,0
3029,C7ORF43,0
3030,C7ORF49,0
3031,C7ORF50,0
3032,C7ORF55,0
3033,C7ORF57,0
3034,C7ORF60,0
3035,C7ORF61,0
3036,C7ORF65,0
3037,C7ORF69,0
3038,C7ORF72,0
3039,C7ORF73,0
3040,C7ORF77,0
3041,C8A,0
3042,C8B,0
3043,C8G,0
3044,C8ORF22,0
3045,C8ORF33,0
3046,C8ORF34,0
3047,C8ORF34-AS1,0
3048,C8ORF37,0
3049,C8ORF37-AS1,0
3050,C8ORF4,0
3051,C8ORF44,0
3052,C8ORF44-SGK3,0
3053,C8ORF46,0
3054,C8ORF48,0
3055,C8ORF49,0
3056,C8ORF58,0
3057,C8ORF59,0
3058,C8ORF76,0
3059,C8ORF82,0
3060,C8ORF86,0
3061,C8ORF87,0
3062,C8ORF88,0
3063,C8ORF89,0
3064,C9,0
3065,C9ORF106,0
3066,C9ORF114,0
3067,C9ORF116,0
3068,C9ORF135,0
3069,C9ORF139,0
3070,C9ORF142,0
3071,C9ORF147,0
3072,C9ORF152,0
3073,C9ORF153,0
3074,C9ORF16,0
3075,C9ORF163,0
3076,C9ORF170,0
3077,C9ORF172,0
3078,C9ORF173,0
3079,C9ORF173-AS1,0
3080,C9ORF24,0
3081,C9ORF3,0
3082,C9ORF40,0
3083,C9ORF41-AS1,0
3084,C9ORF43,0
3085,C9ORF47,0
3086,C9ORF50,0
3087,C9ORF57,0
3088,C9ORF64,0
3089,C9ORF66,0
3090,C9ORF69,0
3091,C9ORF72,0
3092,C9ORF78,0
3093,C9ORF84,0
3094,C9ORF85,0
3095,C9ORF9,0
3096,C9ORF91,0
3097,CA1,0
3098,CA10,0
3099,CA11,0
3100,CA12,1
3101,CA13,0
3102,CA14,0
3103,CA2,1
3104,CA3,1
3105,CA3-AS1,0
3106,CA4,1
3107,CA5A,0
3108,CA5B,0
3109,CA6,0
3110,CA7,0
3111,CA8,0
3112,CA9,1
3113,CAAP1,0
3114,CAB39,0
3115,CAB39L,0
3116,CABIN1,0
3117,CABLES1,0
3118,CABLES2,0
3119,CABP1,0
3120,CABP4,0
3121,CABP7,0
3122,CABYR,0
3123,CACFD1,0
3124,CACHD1,0
3125,CACNA1A,1
3126,CACNA1B,1
3127,CACNA1C,1
3128,CACNA1C-AS1,0
3129,CACNA1C-AS2,0
3130,CACNA1D,1
3131,CACNA1E,1
3132,CACNA1F,0
3133,CACNA1G,1
3134,CACNA1G-AS1,0
3135,CACNA1H,1
3136,CACNA1I,0
3137,CACNA1S,0
3138,CACNA2D1,0
3139,CACNA2D2,1
3140,CACNA2D3,1
3141,CACNA2D4,0
3142,CACNB1,0
3143,CACNB2,0
3144,CACNB3,0
3145,CACNB4,0
3146,CACNG1,0
3147,CACNG3,0
3148,CACNG4,0
3149,CACNG6,0
3150,CACNG7,0
3151,CACNG8,0
3152,CACTIN,0
3153,CACTIN-AS1,0
3154,CACUL1,0
3155,CACYBP,0
3156,CAD,0
3157,CADM1,0
3158,CADM2,0
3159,CADM3,0
3160,CADM3-AS1,0
3161,CADM4,0
3162,CADPS,0
3163,CADPS2,0
3164,CAGE1,0
3165,CAHM,0
3166,CALB1,0
3167,CALB2,0
3168,CALCA,1
3169,CALCB,0
3170,CALCOCO1,0
3171,CALCOCO2,0
3172,CALCR,1
3173,CALCRL,1
3174,CALD1,0
3175,CALHM1,0
3176,CALHM2,0
3177,CALHM3,0
3178,CALM1,1
3179,CALM2,0
3180,CALM3,0
3181,CALML3,0
3182,CALML3-AS1,0
3183,CALML4,0
3184,CALML5,0
3185,CALML6,0
3186,CALN1,0
3187,CALR,0
3188,CALU,0
3189,CALY,0
3190,CAMK1,0
3191,CAMK1D,0
3192,CAMK1G,0
3193,CAMK2A,0
3194,CAMK2B,0
3195,CAMK2D,0
3196,CAMK2G,0
3197,CAMK2N1,0
3198,CAMK2N2,0
3199,CAMK4,0
3200,CAMKK1,0
3201,CAMKK2,0
3202,CAMKMT,0
3203,CAMKV,0
3204,CAMLG,0
3205,CAMP,0
3206,CAMSAP1,0
3207,CAMSAP2,0
3208,CAMSAP3,0
3209,CAMTA1,0
3210,CAMTA2,0
3211,CAND1,0
3212,CAND2,0
3213,CANT1,0
3214,CANX,0
3215,CAP1,0
3216,CAP2,0
3217,CAPG,0
3218,CAPN1,0
3219,CAPN10,0
3220,CAPN10-AS1,0
3221,CAPN11,0
3222,CAPN12,0
3223,CAPN13,0
3224,CAPN14,0
3225,CAPN15,0
3226,CAPN2,0
3227,CAPN3,0
3228,CAPN5,0
3229,CAPN6,0
3230,CAPN7,0
3231,CAPN8,0
3232,CAPN9,0
3233,CAPNS1,0
3234,CAPNS2,0
3235,CAPRIN1,0
3236,CAPRIN2,0
3237,CAPS,0
3238,CAPS2,0
3239,CAPSL,0
3240,CAPZA1,0
3241,CAPZA2,0
3242,CAPZB,0
3243,CARD10,0
3244,CARD11,0
3245,CARD14,0
3246,CARD16,0
3247,CARD17,0
3248,CARD18,0
3249,CARD19,0
3250,CARD6,0
3251,CARD8,0
3252,CARD8-AS1,0
3253,CARD9,0
3254,CARF,0
3255,CARHSP1,0
3256,CARKD,0
3257,CARM1,0
3258,CARMN,0
3259,CARNMT1,0
3260,CARNS1,0
3261,CARS,0
3262,CARS2,0
3263,CASC1,0
3264,CASC10,0
3265,CASC11,0
3266,CASC15,0
3267,CASC16,0
3268,CASC18,0
3269,CASC19,0
3270,CASC2,0
3271,CASC20,0
3272,CASC21,0
3273,CASC3,0
3274,CASC4,0
3275,CASC5,0
3276,CASC8,0
3277,CASC9,0
3278,CASD1,0
3279,CASK,0
3280,CASKIN1,0
3281,CASKIN2,0
3282,CASP1,1
3283,CASP10,1
3284,CASP2,1
3285,CASP3,1
3286,CASP4,1
3287,CASP5,1
3288,CASP6,1
3289,CASP7,1
3290,CASP8,1
3291,CASP8AP2,0
3292,CASP9,1
3293,CASQ1,0
3294,CASQ2,0
3295,CASR,1
3296,CASS4,0
3297,CAST,0
3298,CASZ1,0
3299,CAT,0
3300,CATIP,0
3301,CATSPER1,0
3302,CATSPER2,0
3303,CATSPER3,0
3304,CATSPER4,0
3305,CATSPERB,0
3306,CATSPERD,0
3307,CATSPERG,0
3308,CAV1,0
3309,CAV2,0
3310,CAV3,0
3311,CBARP,0
3312,CBFA2T2,0
3313,CBFA2T3,0
3314,CBFB,0
3315,CBL,0
3316,CBLB,0
3317,CBLC,0
3318,CBLL1,0
3319,CBLN1,0
3320,CBLN2,0
3321,CBLN3,0
3322,CBLN4,0
3323,CBR1,0
3324,CBR3,0
3325,CBR4,0
3326,CBS,0
3327,CBWD1,0
3328,CBWD2,0
3329,CBWD3,0
3330,CBWD5,0
3331,CBWD7,0
3332,CBX1,0
3333,CBX2,0
3334,CBX3,0
3335,CBX4,0
3336,CBX5,0
3337,CBX6,0
3338,CBX7,0
3339,CBX8,0
3340,CBY1,0
3341,CBY3,0
3342,CC2D1A,0
3343,CC2D1B,0
3344,CC2D2A,0
3345,CCAR1,0
3346,CCAR2,0
3347,CCAT1,0
3348,CCBE1,0
3349,CCBL1,0
3350,CCBL2,0
3351,CCDC102A,0
3352,CCDC102B,0
3353,CCDC106,0
3354,CCDC107,0
3355,CCDC109B,0
3356,CCDC110,0
3357,CCDC112,0
3358,CCDC113,0
3359,CCDC114,0
3360,CCDC115,0
3361,CCDC116,0
3362,CCDC117,0
3363,CCDC12,0
3364,CCDC120,0
3365,CCDC121,0
3366,CCDC122,0
3367,CCDC124,0
3368,CCDC125,0
3369,CCDC126,0
3370,CCDC127,0
3371,CCDC129,0
3372,CCDC13,0
3373,CCDC13-AS1,0
3374,CCDC130,0
3375,CCDC134,0
3376,CCDC136,0
3377,CCDC137,0
3378,CCDC138,0
3379,CCDC14,0
3380,CCDC140,0
3381,CCDC141,0
3382,CCDC142,0
3383,CCDC144A,0
3384,CCDC144NL,0
3385,CCDC144NL-AS1,0
3386,CCDC146,0
3387,CCDC148,0
3388,CCDC149,0
3389,CCDC15,0
3390,CCDC150,0
3391,CCDC151,0
3392,CCDC152,0
3393,CCDC153,0
3394,CCDC154,0
3395,CCDC155,0
3396,CCDC157,0
3397,CCDC158,0
3398,CCDC159,0
3399,CCDC160,0
3400,CCDC163P,0
3401,CCDC167,0
3402,CCDC168,0
3403,CCDC169,0
3404,CCDC17,0
3405,CCDC170,0
3406,CCDC171,0
3407,CCDC173,0
3408,CCDC174,0
3409,CCDC175,0
3410,CCDC178,0
3411,CCDC18,0
3412,CCDC180,0
3413,CCDC181,0
3414,CCDC183,0
3415,CCDC183-AS1,0
3416,CCDC184,0
3417,CCDC186,0
3418,CCDC187,0
3419,CCDC188,0
3420,CCDC189,0
3421,CCDC190,0
3422,CCDC191,0
3423,CCDC22,0
3424,CCDC24,0
3425,CCDC25,0
3426,CCDC26,0
3427,CCDC28A,0
3428,CCDC28B,0
3429,CCDC3,0
3430,CCDC30,0
3431,CCDC33,0
3432,CCDC34,0
3433,CCDC36,0
3434,CCDC37-AS1,0
3435,CCDC38,0
3436,CCDC39,0
3437,CCDC40,0
3438,CCDC42,0
3439,CCDC43,0
3440,CCDC47,0
3441,CCDC50,0
3442,CCDC51,0
3443,CCDC53,0
3444,CCDC57,0
3445,CCDC58,0
3446,CCDC59,0
3447,CCDC6,1
3448,CCDC60,0
3449,CCDC61,0
3450,CCDC62,0
3451,CCDC63,0
3452,CCDC64,0
3453,CCDC64B,0
3454,CCDC65,0
3455,CCDC66,0
3456,CCDC67,0
3457,CCDC68,0
3458,CCDC69,0
3459,CCDC7,0
3460,CCDC71,0
3461,CCDC71L,0
3462,CCDC73,0
3463,CCDC74A,0
3464,CCDC74B,0
3465,CCDC77,0
3466,CCDC78,0
3467,CCDC79,0
3468,CCDC8,0
3469,CCDC80,0
3470,CCDC81,0
3471,CCDC82,0
3472,CCDC83,0
3473,CCDC84,0
3474,CCDC85A,0
3475,CCDC85B,0
3476,CCDC85C,0
3477,CCDC86,0
3478,CCDC87,0
3479,CCDC88A,0
3480,CCDC88B,0
3481,CCDC88C,0
3482,CCDC89,0
3483,CCDC9,0
3484,CCDC90B,0
3485,CCDC91,0
3486,CCDC92,0
3487,CCDC93,0
3488,CCDC94,0
3489,CCDC96,0
3490,CCDC97,0
3491,CCER2,0
3492,CCHCR1,0
3493,CCIN,0
3494,CCK,0
3495,CCKBR,1
3496,CCL1,0
3497,CCL11,1
3498,CCL13,0
3499,CCL14,0
3500,CCL15,0
3501,CCL16,0
3502,CCL17,0
3503,CCL18,0
3504,CCL19,0
3505,CCL2,1
3506,CCL20,0
3507,CCL21,0
3508,CCL22,0
3509,CCL23,0
3510,CCL24,0
3511,CCL25,0
3512,CCL26,0
3513,CCL27,0
3514,CCL28,0
3515,CCL3,0
3516,CCL3L3,0
3517,CCL4,0
3518,CCL4L2,0
3519,CCL5,0
3520,CCL7,0
3521,CCL8,0
3522,CCM2,0
3523,CCM2L,0
3524,CCNA1,0
3525,CCNA2,0
3526,CCNB1,0
3527,CCNB1IP1,0
3528,CCNB2,0
3529,CCNB3,0
3530,CCNC,0
3531,CCND1,1
3532,CCND2,0
3533,CCND2-AS1,0
3534,CCND3,0
3535,CCNDBP1,0
3536,CCNE1,0
3537,CCNE2,0
3538,CCNF,0
3539,CCNG1,0
3540,CCNG2,0
3541,CCNH,0
3542,CCNI,0
3543,CCNI2,0
3544,CCNJ,0
3545,CCNJL,0
3546,CCNK,0
3547,CCNL1,0
3548,CCNL2,0
3549,CCNO,0
3550,CCNT1,0
3551,CCNT2,0
3552,CCNT2-AS1,0
3553,CCNY,0
3554,CCNYL1,0
3555,CCP110,0
3556,CCPG1,0
3557,CCR1,1
3558,CCR10,0
3559,CCR2,1
3560,CCR3,0
3561,CCR4,1
3562,CCR5,1
3563,CCR6,0
3564,CCR7,0
3565,CCR8,0
3566,CCR9,1
3567,CCRL2,0
3568,CCS,0
3569,CCSAP,0
3570,CCSER1,0
3571,CCSER2,0
3572,CCT2,0
3573,CCT3,0
3574,CCT4,0
3575,CCT5,0
3576,CCT6A,0
3577,CCT6B,0
3578,CCT7,0
3579,CCT8,0
3580,CCZ1,0
3581,CCZ1B,0
3582,CD101,0
3583,CD109,0
3584,CD14,1
3585,CD151,0
3586,CD160,0
3587,CD163,0
3588,CD163L1,0
3589,CD164,0
3590,CD164L2,0
3591,CD177,0
3592,CD180,0
3593,CD19,1
3594,CD1A,0
3595,CD1B,0
3596,CD1C,0
3597,CD1D,0
3598,CD1E,0
3599,CD2,1
3600,CD200,1
3601,CD200R1,0
3602,CD200R1L,0
3603,CD207,0
3604,CD209,0
3605,CD22,1
3606,CD226,0
3607,CD24,0
3608,CD244,0
3609,CD247,0
3610,CD248,1
3611,CD27,1
3612,CD274,1
3613,CD276,1
3614,CD28,1
3615,CD2AP,0
3616,CD2BP2,0
3617,CD300A,0
3618,CD300C,0
3619,CD300E,0
3620,CD300LB,0
3621,CD300LF,0
3622,CD300LG,0
3623,CD302,0
3624,CD320,0
3625,CD33,1
3626,CD34,0
3627,CD36,0
3628,CD37,1
3629,CD38,1
3630,CD3D,1
3631,CD3E,1
3632,CD3EAP,0
3633,CD3G,1
3634,CD4,1
3635,CD40,1
3636,CD40LG,1
3637,CD44,1
3638,CD46,0
3639,CD47,1
3640,CD48,0
3641,CD5,1
3642,CD52,1
3643,CD53,0
3644,CD55,0
3645,CD58,0
3646,CD59,0
3647,CD5L,0
3648,CD6,1
3649,CD63,0
3650,CD68,0
3651,CD69,0
3652,CD7,0
3653,CD70,1
3654,CD72,0
3655,CD74,1
3656,CD79A,0
3657,CD79B,1
3658,CD80,1
3659,CD81,0
3660,CD81-AS1,0
3661,CD82,0
3662,CD83,0
3663,CD84,0
3664,CD86,1
3665,CD8A,0
3666,CD8B,0
3667,CD9,0
3668,CD93,0
3669,CD96,0
3670,CD99,0
3671,CD99L2,0
3672,CDA,1
3673,CDADC1,0
3674,CDAN1,0
3675,CDC123,0
3676,CDC14A,0
3677,CDC14B,0
3678,CDC16,0
3679,CDC20,0
3680,CDC20B,0
3681,CDC23,0
3682,CDC25A,0
3683,CDC25B,0
3684,CDC25C,0
3685,CDC26,0
3686,CDC27,0
3687,CDC34,0
3688,CDC37,0
3689,CDC37L1,0
3690,CDC37L1-AS1,0
3691,CDC40,0
3692,CDC42,0
3693,CDC42BPA,0
3694,CDC42BPB,0
3695,CDC42BPG,0
3696,CDC42EP1,0
3697,CDC42EP2,0
3698,CDC42EP3,0
3699,CDC42EP4,0
3700,CDC42EP5,0
3701,CDC42SE1,0
3702,CDC42SE2,0
3703,CDC45,0
3704,CDC5L,0
3705,CDC6,0
3706,CDC7,1
3707,CDC73,0
3708,CDCA2,0
3709,CDCA3,0
3710,CDCA4,0
3711,CDCA5,0
3712,CDCA7,0
3713,CDCA7L,0
3714,CDCA8,0
3715,CDCP1,0
3716,CDH1,0
3717,CDH10,0
3718,CDH11,0
3719,CDH12,0
3720,CDH13,0
3721,CDH15,0
3722,CDH16,0
3723,CDH17,0
3724,CDH18,0
3725,CDH19,0
3726,CDH2,0
3727,CDH20,0
3728,CDH23,0
3729,CDH24,0
3730,CDH26,0
3731,CDH3,1
3732,CDH4,0
3733,CDH5,0
3734,CDH6,0
3735,CDH7,0
3736,CDH8,0
3737,CDH9,0
3738,CDHR1,0
3739,CDHR2,0
3740,CDHR3,0
3741,CDHR4,0
3742,CDHR5,0
3743,CDIP1,0
3744,CDIPT,0
3745,CDIPT-AS1,0
3746,CDK1,1
3747,CDK10,1
3748,CDK11A,0
3749,CDK11B,0
3750,CDK12,1
3751,CDK13,1
3752,CDK14,1
3753,CDK15,1
3754,CDK16,1
3755,CDK17,0
3756,CDK18,0
3757,CDK19,0
3758,CDK2,1
3759,CDK20,1
3760,CDK2AP1,0
3761,CDK2AP2,0
3762,CDK4,1
3763,CDK5,1
3764,CDK5R1,0
3765,CDK5R2,0
3766,CDK5RAP1,0
3767,CDK5RAP2,0
3768,CDK5RAP3,0
3769,CDK6,1
3770,CDK7,1
3771,CDK8,0
3772,CDK9,1
3773,CDKAL1,0
3774,CDKL1,0
3775,CDKL2,0
3776,CDKL3,0
3777,CDKL4,0
3778,CDKL5,0
3779,CDKN1A,0
3780,CDKN1B,0
3781,CDKN1C,0
3782,CDKN2A,0
3783,CDKN2AIP,0
3784,CDKN2AIPNL,0
3785,CDKN2B,0
3786,CDKN2B-AS1,0
3787,CDKN2C,0
3788,CDKN2D,0
3789,CDKN3,0
3790,CDNF,0
3791,CDO1,0
3792,CDON,0
3793,CDPF1,0
3794,CDR1,0
3795,CDR1-AS,0
3796,CDR2,0
3797,CDR2L,0
3798,CDRT1,0
3799,CDRT4,0
3800,CDS1,0
3801,CDS2,0
3802,CDSN,0
3803,CDT1,0
3804,CDV3,0
3805,CDX1,0
3806,CDX2,0
3807,CDYL,0
3808,CDYL2,0
3809,CEACAM1,0
3810,CEACAM16,0
3811,CEACAM19,0
3812,CEACAM21,0
3813,CEACAM3,0
3814,CEACAM4,0
3815,CEACAM5,1
3816,CEACAM6,0
3817,CEACAM7,0
3818,CEACAM8,0
3819,CEBPA,0
3820,CEBPA-AS1,0
3821,CEBPB,0
3822,CEBPB-AS1,0
3823,CEBPD,0
3824,CEBPE,0
3825,CEBPG,0
3826,CEBPZ,0
3827,CEBPZOS,0
3828,CECR1,0
3829,CECR2,0
3830,CECR3,0
3831,CECR5,0
3832,CECR5-AS1,0
3833,CECR6,0
3834,CECR7,0
3835,CEL,0
3836,CELA1,0
3837,CELA2A,0
3838,CELA2B,0
3839,CELA3A,0
3840,CELA3B,0
3841,CELF1,0
3842,CELF2,0
3843,CELF2-AS1,0
3844,CELF2-AS2,0
3845,CELF4,0
3846,CELF5,0
3847,CELF6,0
3848,CELSR1,0
3849,CELSR2,0
3850,CELSR3,0
3851,CELSR3-AS1,0
3852,CEMIP,0
3853,CEMP1,0
3854,CEND1,0
3855,CENPA,0
3856,CENPB,0
3857,CENPBD1,0
3858,CENPC,0
3859,CENPE,0
3860,CENPF,0
3861,CENPH,0
3862,CENPI,0
3863,CENPJ,0
3864,CENPK,0
3865,CENPL,0
3866,CENPM,0
3867,CENPN,0
3868,CENPO,0
3869,CENPP,0
3870,CENPQ,0
3871,CENPT,0
3872,CENPU,0
3873,CENPV,0
3874,CENPW,0
3875,CEP104,0
3876,CEP112,0
3877,CEP120,0
3878,CEP126,0
3879,CEP128,0
3880,CEP131,0
3881,CEP135,0
3882,CEP152,0
3883,CEP162,0
3884,CEP164,0
3885,CEP170,0
3886,CEP170B,0
3887,CEP19,0
3888,CEP192,0
3889,CEP250,0
3890,CEP290,0
3891,CEP295,0
3892,CEP295NL,0
3893,CEP350,0
3894,CEP41,0
3895,CEP44,0
3896,CEP55,0
3897,CEP57,0
3898,CEP57L1,0
3899,CEP63,0
3900,CEP68,0
3901,CEP70,0
3902,CEP72,0
3903,CEP76,0
3904,CEP78,0
3905,CEP83,0
3906,CEP83-AS1,0
3907,CEP85,0
3908,CEP85L,0
3909,CEP89,0
3910,CEP95,0
3911,CEP97,0
3912,CEPT1,0
3913,CERCAM,0
3914,CERK,0
3915,CERKL,0
3916,CERS1,0
3917,CERS2,0
3918,CERS3,0
3919,CERS3-AS1,0
3920,CERS4,0
3921,CERS5,0
3922,CERS6,0
3923,CES1,0
3924,CES2,0
3925,CES3,0
3926,CES4A,0
3927,CES5A,0
3928,CETN2,0
3929,CETN3,0
3930,CETP,0
3931,CFAP100,0
3932,CFAP126,0
3933,CFAP157,0
3934,CFAP161,0
3935,CFAP20,0
3936,CFAP206,0
3937,CFAP221,0
3938,CFAP36,0
3939,CFAP43,0
3940,CFAP44,0
3941,CFAP45,0
3942,CFAP46,0
3943,CFAP47,0
3944,CFAP52,0
3945,CFAP53,0
3946,CFAP54,0
3947,CFAP57,0
3948,CFAP58,0
3949,CFAP58-AS1,0
3950,CFAP61,0
3951,CFAP65,0
3952,CFAP69,0
3953,CFAP70,0
3954,CFAP73,0
3955,CFAP74,0
3956,CFAP77,0
3957,CFAP97,0
3958,CFAP99,0
3959,CFB,1
3960,CFD,1
3961,CFDP1,0
3962,CFH,0
3963,CFHR1,0
3964,CFHR3,0
3965,CFI,0
3966,CFL1,0
3967,CFL2,0
3968,CFLAR,0
3969,CFLAR-AS1,0
3970,CFP,0
3971,CFTR,1
3972,CGA,0
3973,CGB,0
3974,CGB2,0
3975,CGB7,0
3976,CGGBP1,0
3977,CGN,0
3978,CGNL1,0
3979,CGREF1,0
3980,CGRRF1,0
3981,CH17-118O6.3,0
3982,CH17-125A10.2,0
3983,CH17-132F21.5,0
3984,CH17-140K24.2,0
3985,CH17-189H20.1,0
3986,CH17-212P11.4,0
3987,CH17-224D4.1,0
3988,CH17-224D4.2,0
3989,CH17-262H11.1,0
3990,CH17-264L24.1,0
3991,CH17-302M23.1,0
3992,CH17-340M24.3,0
3993,CH17-353B19.1,0
3994,CH17-360D5.2,0
3995,CH17-360D5.3,0
3996,CH17-373J23.1,0
3997,CH17-408M7.1,0
3998,CH17-437K3.1,0
3999,CH25H,0
4000,CH507-145C22.1,0
4001,CH507-154B10.1,0
4002,CH507-154B10.2,0
4003,CH507-254M2.1,0
4004,CH507-254M2.3,0
4005,CH507-338C24.1,0
4006,CH507-39O4.2,0
4007,CH507-42P11.5,0
4008,CH507-42P11.7,0
4009,CH507-42P11.8,0
4010,CH507-513H4.1,0
4011,CH507-513H4.3,0
4012,CH507-513H4.4,0
4013,CH507-513H4.5,0
4014,CH507-528H12.1,0
4015,CH507-9B2.1,0
4016,CH507-9B2.3,0
4017,CH507-9B2.5,0
4018,CH507-9B2.8,0
4019,CH507-9B2.9,0
4020,CHAC1,0
4021,CHAC2,0
4022,CHAD,0
4023,CHADL,0
4024,CHAF1A,0
4025,CHAF1B,0
4026,CHAMP1,0
4027,CHCHD1,0
4028,CHCHD10,0
4029,CHCHD2,0
4030,CHCHD3,0
4031,CHCHD4,0
4032,CHCHD5,0
4033,CHCHD6,0
4034,CHCHD7,0
4035,CHD1,0
4036,CHD1L,0
4037,CHD2,0
4038,CHD3,0
4039,CHD4,0
4040,CHD5,0
4041,CHD6,0
4042,CHD7,0
4043,CHD8,0
4044,CHD9,0
4045,CHDH,0
4046,CHEK1,1
4047,CHEK2,1
4048,CHERP,0
4049,CHFR,0
4050,CHGA,0
4051,CHGB,0
4052,CHI3L1,0
4053,CHI3L2,0
4054,CHIA,0
4055,CHIC1,0
4056,CHIC2,0
4057,CHID1,0
4058,CHIT1,0
4059,CHKA,1
4060,CHKB,0
4061,CHKB-AS1,0
4062,CHKB-CPT1B,0
4063,CHL1,0
4064,CHM,0
4065,CHML,0
4066,CHMP1A,0
4067,CHMP1B,0
4068,CHMP2A,0
4069,CHMP2B,0
4070,CHMP3,0
4071,CHMP4A,0
4072,CHMP4B,0
4073,CHMP4C,0
4074,CHMP5,0
4075,CHMP6,0
4076,CHMP7,0
4077,CHN1,0
4078,CHN2,0
4079,CHODL,0
4080,CHORDC1,0
4081,CHP1,0
4082,CHP2,0
4083,CHPF,0
4084,CHPF2,0
4085,CHPT1,0
4086,CHRAC1,0
4087,CHRD,0
4088,CHRDL1,0
4089,CHRDL2,0
4090,CHRFAM7A,0
4091,CHRM1,1
4092,CHRM2,1
4093,CHRM3,1
4094,CHRM3-AS2,0
4095,CHRM5,1
4096,CHRNA1,1
4097,CHRNA10,0
4098,CHRNA2,0
4099,CHRNA3,1
4100,CHRNA4,1
4101,CHRNA5,1
4102,CHRNA6,1
4103,CHRNA7,1
4104,CHRNA9,0
4105,CHRNB1,0
4106,CHRNB2,1
4107,CHRNB4,1
4108,CHRND,0
4109,CHRNE,0
4110,CHST1,0
4111,CHST10,0
4112,CHST11,0
4113,CHST12,0
4114,CHST13,0
4115,CHST14,0
4116,CHST15,0
4117,CHST2,0
4118,CHST3,0
4119,CHST4,0
4120,CHST6,0
4121,CHST7,0
4122,CHST8,0
4123,CHST9,0
4124,CHSY1,0
4125,CHSY3,0
4126,CHTF18,0
4127,CHTF8,0
4128,CHTOP,0
4129,CHUK,0
4130,CHURC1,0
4131,CHURC1-FNTB,0
4132,CIAO1,0
4133,CIAPIN1,0
4134,CIART,0
4135,CIB1,0
4136,CIB2,0
4137,CIB3,0
4138,CIB4,0
4139,CIC,0
4140,CIDEA,0
4141,CIDEB,0
4142,CIDEC,0
4143,CIITA,0
4144,CILP,0
4145,CILP2,0
4146,CINP,0
4147,CIPC,0
4148,CIR1,0
4149,CIRBP,0
4150,CIRBP-AS1,0
4151,CISD1,0
4152,CISD2,0
4153,CISD3,0
4154,CISH,0
4155,CIT,0
4156,CITED1,0
4157,CITED2,0
4158,CITED4,0
4159,CITF22-1A6.3,0
4160,CITF22-49E9.3,0
4161,CITF22-92A6.1,0
4162,CIZ1,0
4163,CKAP2,0
4164,CKAP2L,0
4165,CKAP4,0
4166,CKAP5,0
4167,CKB,0
4168,CKLF,0
4169,CKLF-CMTM1,0
4170,CKM,0
4171,CKMT1A,0
4172,CKMT1B,0
4173,CKMT2,0
4174,CKMT2-AS1,0
4175,CKS1B,0
4176,CKS2,0
4177,CLASP1,0
4178,CLASP2,0
4179,CLASRP,0
4180,CLC,0
4181,CLCA2,0
4182,CLCA4,0
4183,CLCC1,0
4184,CLCF1,0
4185,CLCN1,0
4186,CLCN2,0
4187,CLCN3,0
4188,CLCN4,0
4189,CLCN5,0
4190,CLCN6,0
4191,CLCN7,0
4192,CLCNKA,0
4193,CLCNKB,0
4194,CLDN1,0
4195,CLDN10,0
4196,CLDN10-AS1,0
4197,CLDN11,0
4198,CLDN12,0
4199,CLDN14,0
4200,CLDN15,0
4201,CLDN16,0
4202,CLDN18,1
4203,CLDN19,0
4204,CLDN2,0
4205,CLDN20,0
4206,CLDN22,0
4207,CLDN23,0
4208,CLDN3,0
4209,CLDN34,0
4210,CLDN4,0
4211,CLDN5,0
4212,CLDN6,0
4213,CLDN7,0
4214,CLDN8,0
4215,CLDN9,0
4216,CLDND1,0
4217,CLDND2,0
4218,CLEC10A,0
4219,CLEC11A,0
4220,CLEC12A,0
4221,CLEC12B,0
4222,CLEC14A,0
4223,CLEC16A,0
4224,CLEC17A,0
4225,CLEC18A,0
4226,CLEC18B,0
4227,CLEC19A,0
4228,CLEC1A,0
4229,CLEC1B,0
4230,CLEC2A,0
4231,CLEC2B,0
4232,CLEC2D,0
4233,CLEC2L,0
4234,CLEC3A,0
4235,CLEC3B,0
4236,CLEC4A,0
4237,CLEC4C,0
4238,CLEC4D,0
4239,CLEC4E,0
4240,CLEC4F,0
4241,CLEC4G,0
4242,CLEC4M,0
4243,CLEC5A,0
4244,CLEC6A,0
4245,CLEC7A,0
4246,CLEC9A,0
4247,CLECL1,0
4248,CLGN,0
4249,CLHC1,0
4250,CLIC1,0
4251,CLIC2,0
4252,CLIC3,0
4253,CLIC4,0
4254,CLIC5,0
4255,CLIC6,0
4256,CLINT1,0
4257,CLIP1,0
4258,CLIP1-AS1,0
4259,CLIP2,0
4260,CLIP3,0
4261,CLIP4,0
4262,CLK1,0
4263,CLK2,1
4264,CLK3,0
4265,CLK4,0
4266,CLLU1,0
4267,CLLU1OS,0
4268,CLMN,0
4269,CLMP,0
4270,CLN3,0
4271,CLN5,0
4272,CLN6,0
4273,CLN8,0
4274,CLNK,0
4275,CLNS1A,0
4276,CLOCK,0
4277,CLP1,0
4278,CLPB,0
4279,CLPP,0
4280,CLPS,0
4281,CLPSL1,0
4282,CLPSL2,0
4283,CLPTM1,0
4284,CLPTM1L,0
4285,CLPX,0
4286,CLRN1,0
4287,CLRN1-AS1,0
4288,CLRN3,0
4289,CLSPN,0
4290,CLSTN1,0
4291,CLSTN2,0
4292,CLSTN3,0
4293,CLTA,0
4294,CLTB,0
4295,CLTC,0
4296,CLTCL1,0
4297,CLU,1
4298,CLUAP1,0
4299,CLUH,0
4300,CLUL1,0
4301,CLVS1,0
4302,CLYBL,0
4303,CMA1,1
4304,CMAS,0
4305,CMB9-22P13.1,0
4306,CMB9-22P13.2,0
4307,CMBL,0
4308,CMC1,0
4309,CMC2,0
4310,CMC4,0
4311,CMIP,0
4312,CMKLR1,0
4313,CMPK1,0
4314,CMPK2,0
4315,CMSS1,0
4316,CMTM1,0
4317,CMTM2,0
4318,CMTM3,0
4319,CMTM4,0
4320,CMTM5,0
4321,CMTM6,0
4322,CMTM7,0
4323,CMTM8,0
4324,CMTR1,0
4325,CMTR2,0
4326,CMYA5,0
4327,CNBD2,0
4328,CNBP,0
4329,CNDP1,0
4330,CNDP2,0
4331,CNEP1R1,0
4332,CNFN,0
4333,CNGA1,0
4334,CNGA3,0
4335,CNGA4,0
4336,CNGB1,0
4337,CNGB3,0
4338,CNIH1,0
4339,CNIH2,0
4340,CNIH3,0
4341,CNIH4,0
4342,CNKSR1,0
4343,CNKSR2,0
4344,CNKSR3,0
4345,CNN1,0
4346,CNN2,0
4347,CNN3,0
4348,CNNM1,0
4349,CNNM2,0
4350,CNNM3,0
4351,CNNM4,0
4352,CNOT1,0
4353,CNOT10,0
4354,CNOT11,0
4355,CNOT2,0
4356,CNOT3,0
4357,CNOT4,0
4358,CNOT6,0
4359,CNOT6L,0
4360,CNOT7,0
4361,CNOT8,0
4362,CNP,0
4363,CNPPD1,0
4364,CNPY1,0
4365,CNPY2,0
4366,CNPY3,0
4367,CNPY4,0
4368,CNR1,1
4369,CNR2,1
4370,CNRIP1,0
4371,CNST,0
4372,CNTD1,0
4373,CNTD2,0
4374,CNTF,0
4375,CNTFR,0
4376,CNTLN,0
4377,CNTN1,0
4378,CNTN2,0
4379,CNTN3,0
4380,CNTN4,0
4381,CNTN5,0
4382,CNTN6,0
4383,CNTNAP1,0
4384,CNTNAP2,0
4385,CNTNAP3,0
4386,CNTNAP3B,0
4387,CNTNAP4,0
4388,CNTNAP5,0
4389,CNTRL,0
4390,CNTROB,0
4391,COA1,0
4392,COA3,0
4393,COA4,0
4394,COA5,0
4395,COA6,0
4396,COA7,0
4397,COASY,0
4398,COBL,0
4399,COBLL1,0
4400,COCH,0
4401,COG1,0
4402,COG2,0
4403,COG3,0
4404,COG4,0
4405,COG5,0
4406,COG6,0
4407,COG7,0
4408,COG8,0
4409,COIL,0
4410,COL10A1,0
4411,COL11A1,1
4412,COL11A2,1
4413,COL12A1,0
4414,COL13A1,0
4415,COL14A1,0
4416,COL15A1,1
4417,COL16A1,0
4418,COL17A1,0
4419,COL18A1,1
4420,COL19A1,0
4421,COL1A1,1
4422,COL1A2,1
4423,COL20A1,0
4424,COL21A1,0
4425,COL22A1,0
4426,COL23A1,0
4427,COL24A1,1
4428,COL25A1,0
4429,COL26A1,0
4430,COL27A1,0
4431,COL28A1,1
4432,COL2A1,1
4433,COL3A1,1
4434,COL4A1,1
4435,COL4A2,1
4436,COL4A2-AS1,0
4437,COL4A2-AS2,0
4438,COL4A3,1
4439,COL4A3BP,0
4440,COL4A4,1
4441,COL4A5,0
4442,COL4A6,1
4443,COL5A1,1
4444,COL5A2,1
4445,COL5A3,1
4446,COL6A1,1
4447,COL6A2,1
4448,COL6A3,1
4449,COL6A5,1
4450,COL6A6,1
4451,COL7A1,1
4452,COL8A1,0
4453,COL8A2,0
4454,COL9A1,0
4455,COL9A2,0
4456,COL9A3,0
4457,COLCA1,0
4458,COLCA2,0
4459,COLEC10,0
4460,COLEC11,0
4461,COLEC12,0
4462,COLGALT1,0
4463,COLGALT2,0
4464,COLQ,0
4465,COMMD1,0
4466,COMMD10,0
4467,COMMD2,0
4468,COMMD3,0
4469,COMMD4,0
4470,COMMD5,0
4471,COMMD6,0
4472,COMMD7,0
4473,COMMD8,0
4474,COMMD9,0
4475,COMP,0
4476,COMT,1
4477,COMTD1,0
4478,COPA,0
4479,COPB1,0
4480,COPB2,0
4481,COPE,0
4482,COPG1,0
4483,COPG2,0
4484,COPRS,0
4485,COPS2,0
4486,COPS3,0
4487,COPS4,0
4488,COPS5,0
4489,COPS6,0
4490,COPS7A,0
4491,COPS7B,0
4492,COPS8,0
4493,COPZ1,0
4494,COPZ2,0
4495,COQ10A,0
4496,COQ10B,0
4497,COQ2,0
4498,COQ3,0
4499,COQ4,0
4500,COQ5,0
4501,COQ6,0
4502,COQ7,0
4503,COQ9,0
4504,CORIN,0
4505,CORO1A,0
4506,CORO1B,0
4507,CORO1C,0
4508,CORO2A,0
4509,CORO2B,0
4510,CORO6,0
4511,CORO7,0
4512,CORT,0
4513,COTL1,0
4514,COX10,0
4515,COX11,0
4516,COX14,0
4517,COX15,0
4518,COX16,0
4519,COX17,0
4520,COX18,0
4521,COX19,0
4522,COX20,0
4523,COX4I1,0
4524,COX4I2,0
4525,COX5A,0
4526,COX5B,0
4527,COX6A1,0
4528,COX6A2,0
4529,COX6B1,0
4530,COX6B2,0
4531,COX6C,0
4532,COX7A1,0
4533,COX7A2,0
4534,COX7A2L,0
4535,COX7B,0
4536,COX7B2,0
4537,COX7C,0
4538,COX8A,0
4539,COX8C,0
4540,CP,0
4541,CPA1,0
4542,CPA2,0
4543,CPA3,0
4544,CPA4,0
4545,CPA5,0
4546,CPA6,0
4547,CPAMD8,0
4548,CPB1,0
4549,CPB2,0
4550,CPB2-AS1,0
4551,CPD,0
4552,CPE,0
4553,CPEB1,0
4554,CPEB1-AS1,0
4555,CPEB2,0
4556,CPEB2-AS1,0
4557,CPEB3,0
4558,CPEB4,0
4559,CPED1,0
4560,CPLX1,0
4561,CPLX3,0
4562,CPLX4,0
4563,CPM,0
4564,CPNE1,0
4565,CPNE2,0
4566,CPNE3,0
4567,CPNE4,0
4568,CPNE5,0
4569,CPNE6,0
4570,CPNE7,0
4571,CPNE8,0
4572,CPNE9,0
4573,CPO,0
4574,CPOX,0
4575,CPPED1,0
4576,CPQ,0
4577,CPS1,1
4578,CPSF1,0
4579,CPSF2,0
4580,CPSF3,0
4581,CPSF3L,0
4582,CPSF4,0
4583,CPSF4L,0
4584,CPSF6,0
4585,CPSF7,0
4586,CPT1A,0
4587,CPT1B,1
4588,CPT1C,0
4589,CPT2,1
4590,CPTP,0
4591,CPVL,0
4592,CPXCR1,0
4593,CPXM1,0
4594,CPXM2,0
4595,CPZ,0
4596,CR1,1
4597,CR1L,0
4598,CR2,0
4599,CRABP1,0
4600,CRABP2,0
4601,CRACR2A,0
4602,CRACR2B,0
4603,CRADD,0
4604,CRAMP1,0
4605,CRAT,0
4606,CRAT37,0
4607,CRB1,0
4608,CRB2,0
4609,CRB3,0
4610,CRBN,1
4611,CRCP,0
4612,CREB1,0
4613,CREB3,0
4614,CREB3L1,0
4615,CREB3L2,0
4616,CREB3L3,0
4617,CREB3L4,0
4618,CREB5,0
4619,CREBBP,1
4620,CREBL2,0
4621,CREBRF,0
4622,CREBZF,0
4623,CREG1,0
4624,CREG2,0
4625,CRELD1,0
4626,CRELD2,0
4627,CREM,0
4628,CRH,0
4629,CRHBP,0
4630,CRHR1,0
4631,CRHR2,0
4632,CRIM1,0
4633,CRIP1,0
4634,CRIP2,0
4635,CRIP3,0
4636,CRIPAK,0
4637,CRIPT,0
4638,CRISP2,0
4639,CRISP3,0
4640,CRISPLD1,0
4641,CRISPLD2,0
4642,CRK,0
4643,CRKL,0
4644,CRLF1,0
4645,CRLF2,0
4646,CRLF3,0
4647,CRLS1,0
4648,CRMP1,0
4649,CRNDE,0
4650,CRNKL1,0
4651,CROCC,0
4652,CROCC2,0
4653,CROT,0
4654,CRP,0
4655,CRTAC1,0
4656,CRTAM,0
4657,CRTAP,0
4658,CRTC1,0
4659,CRTC2,0
4660,CRTC3,0
4661,CRTC3-AS1,0
4662,CRX,0
4663,CRY1,0
4664,CRY2,0
4665,CRYAB,0
4666,CRYBA2,0
4667,CRYBA4,0
4668,CRYBB1,0
4669,CRYBB2,0
4670,CRYBB3,0
4671,CRYBG3,0
4672,CRYGB,0
4673,CRYGC,0
4674,CRYGD,0
4675,CRYGN,0
4676,CRYGS,0
4677,CRYL1,0
4678,CRYM,0
4679,CRYM-AS1,0
4680,CRYZ,0
4681,CRYZL1,0
4682,CS,0
4683,CSAD,0
4684,CSAG1,0
4685,CSDC2,0
4686,CSDE1,0
4687,CSE1L,0
4688,CSE1L-AS1,0
4689,CSF1,1
4690,CSF1R,1
4691,CSF2,1
4692,CSF2RA,1
4693,CSF2RB,1
4694,CSF3,0
4695,CSF3R,1
4696,CSGALNACT1,0
4697,CSGALNACT2,0
4698,CSK,0
4699,CSMD1,0
4700,CSMD2,0
4701,CSMD3,0
4702,CSN1S1,0
4703,CSNK1A1,0
4704,CSNK1A1L,0
4705,CSNK1D,0
4706,CSNK1E,1
4707,CSNK1G1,0
4708,CSNK1G2,0
4709,CSNK1G2-AS1,0
4710,CSNK1G3,0
4711,CSNK2A1,1
4712,CSNK2A2,0
4713,CSNK2A3,0
4714,CSNK2B,0
4715,CSPG4,0
4716,CSPG5,0
4717,CSPP1,0
4718,CSRNP1,0
4719,CSRNP2,0
4720,CSRNP3,0
4721,CSRP1,0
4722,CSRP2,0
4723,CSRP2BP,0
4724,CSRP3,0
4725,CST1,0
4726,CST2,0
4727,CST3,0
4728,CST4,0
4729,CST5,0
4730,CST6,0
4731,CST7,0
4732,CSTA,0
4733,CSTB,0
4734,CSTF1,0
4735,CSTF2,0
4736,CSTF2T,0
4737,CSTF3,0
4738,CSTF3-AS1,0
4739,CSTL1,0
4740,CT45A10,0
4741,CT55,0
4742,CT62,0
4743,CT83,0
4744,CTA-126B4.7,0
4745,CTA-14H9.5,0
4746,CTA-150C2.13,0
4747,CTA-204B4.2,0
4748,CTA-212A2.2,0
4749,CTA-212A2.3,0
4750,CTA-212A2.4,0
4751,CTA-212D2.2,0
4752,CTA-217C2.2,0
4753,CTA-221G9.11,0
4754,CTA-221G9.12,0
4755,CTA-221G9.7,0
4756,CTA-223H9.9,0
4757,CTA-228A9.3,0
4758,CTA-228A9.4,0
4759,CTA-243E7.1,0
4760,CTA-243E7.4,0
4761,CTA-246H3.12,0
4762,CTA-268H5.14,0
4763,CTA-276F8.1,0
4764,CTA-286B10.7,0
4765,CTA-292E10.6,0
4766,CTA-293F17.1,0
4767,CTA-29F11.1,0
4768,CTA-31J9.2,0
4769,CTA-331P3.1,0
4770,CTA-339C12.1,0
4771,CTA-342B11.1,0
4772,CTA-363E19.2,0
4773,CTA-363E6.2,0
4774,CTA-363E6.5,0
4775,CTA-363E6.6,0
4776,CTA-363E6.7,0
4777,CTA-373H7.7,0
4778,CTA-384D8.33,0
4779,CTA-384D8.34,0
4780,CTA-384D8.35,0
4781,CTA-384D8.36,0
4782,CTA-390C10.9,0
4783,CTA-392E5.1,0
4784,CTA-397H3.3,0
4785,CTA-398F10.1,0
4786,CTA-398F10.2,0
4787,CTA-407F11.7,0
4788,CTA-407F11.8,0
4789,CTA-445C9.14,0
4790,CTA-797E19.2,0
4791,CTA-833B7.2,0
4792,CTA-984G1.5,0
4793,CTA-989H11.1,0
4794,CTA-992D9.10,0
4795,CTA-992D9.11,0
4796,CTAG2,0
4797,CTAGE1,0
4798,CTAGE15,0
4799,CTAGE4,0
4800,CTAGE5,0
4801,CTB-102L5.4,0
4802,CTB-107G13.1,0
4803,CTB-108O6.2,0
4804,CTB-113D17.1,0
4805,CTB-113I20.2,0
4806,CTB-113P19.4,0
4807,CTB-113P19.5,0
4808,CTB-1144G6.6,0
4809,CTB-114C7.4,0
4810,CTB-119C2.1,0
4811,CTB-11I22.1,0
4812,CTB-11I22.2,0
4813,CTB-127C13.1,0
4814,CTB-127M13.1,0
4815,CTB-129O4.1,0
4816,CTB-129P6.11,0
4817,CTB-129P6.4,0
4818,CTB-12A17.3,0
4819,CTB-12O2.1,0
4820,CTB-131K11.1,0
4821,CTB-133G6.1,0
4822,CTB-133G6.2,0
4823,CTB-138E5.1,0
4824,CTB-13F3.1,0
4825,CTB-147C13.1,0
4826,CTB-147N14.6,0
4827,CTB-152G17.6,0
4828,CTB-158D10.3,0
4829,CTB-161C1.1,0
4830,CTB-161M19.4,0
4831,CTB-167B5.1,0
4832,CTB-171A8.1,0
4833,CTB-174D11.1,0
4834,CTB-175E5.7,0
4835,CTB-176F20.3,0
4836,CTB-178M22.2,0
4837,CTB-179K24.3,0
4838,CTB-180A7.3,0
4839,CTB-186G2.1,0
4840,CTB-186H2.3,0
4841,CTB-191K22.5,0
4842,CTB-191K22.6,0
4843,CTB-193M12.1,0
4844,CTB-193M12.5,0
4845,CTB-22K21.2,0
4846,CTB-25B13.12,0
4847,CTB-25B13.5,0
4848,CTB-25B13.9,0
4849,CTB-30L5.1,0
4850,CTB-31N19.5,0
4851,CTB-31O20.2,0
4852,CTB-31O20.3,0
4853,CTB-31O20.9,0
4854,CTB-32O4.2,0
4855,CTB-32O4.3,0
4856,CTB-35F21.1,0
4857,CTB-35F21.5,0
4858,CTB-39G8.2,0
4859,CTB-40H15.4,0
4860,CTB-41I6.1,0
4861,CTB-41I6.2,0
4862,CTB-43E15.1,0
4863,CTB-43P18.1,0
4864,CTB-46B19.2,0
4865,CTB-47B11.3,0
4866,CTB-4E7.1,0
4867,CTB-50L17.10,0
4868,CTB-50L17.14,0
4869,CTB-50L17.16,0
4870,CTB-50L17.5,0
4871,CTB-50L17.9,0
4872,CTB-51J22.1,0
4873,CTB-55O6.10,0
4874,CTB-55O6.12,0
4875,CTB-55O6.13,0
4876,CTB-55O6.4,0
4877,CTB-55O6.8,0
4878,CTB-58E17.1,0
4879,CTB-58E17.3,0
4880,CTB-58E17.5,0
4881,CTB-58E17.9,0
4882,CTB-5E10.3,0
4883,CTB-61M7.2,0
4884,CTB-75G16.3,0
4885,CTB-83J4.1,0
4886,CTB-91J4.1,0
4887,CTB-92J24.3,0
4888,CTB-96E2.7,0
4889,CTBP1,0
4890,CTBP1-AS,0
4891,CTBP1-AS2,0
4892,CTBP2,0
4893,CTBS,0
4894,CTC-1337H24.3,0
4895,CTC-1337H24.4,0
4896,CTC-203F4.2,0
4897,CTC-209H22.3,0
4898,CTC-232P5.1,0
4899,CTC-232P5.3,0
4900,CTC-236F12.4,0
4901,CTC-239J10.1,0
4902,CTC-241F20.4,0
4903,CTC-241N9.1,0
4904,CTC-242N15.1,0
4905,CTC-246B18.10,0
4906,CTC-250I14.3,0
4907,CTC-250I14.6,0
4908,CTC-251D13.1,0
4909,CTC-254B4.1,0
4910,CTC-255N20.1,0
4911,CTC-260E6.6,0
4912,CTC-260F20.3,0
4913,CTC-265F19.3,0
4914,CTC-270D5.1,0
4915,CTC-273B12.10,0
4916,CTC-273B12.5,0
4917,CTC-276P9.4,0
4918,CTC-281F24.1,0
4919,CTC-281F24.5,0
4920,CTC-297N7.1,0
4921,CTC-297N7.9,0
4922,CTC-301O7.4,0
4923,CTC-308K20.1,0
4924,CTC-308K20.2,0
4925,CTC-321K16.1,0
4926,CTC-325H20.4,0
4927,CTC-325J23.2,0
4928,CTC-329D1.2,0
4929,CTC-332L22.1,0
4930,CTC-336P14.1,0
4931,CTC-338M12.2,0
4932,CTC-338M12.5,0
4933,CTC-338M12.6,0
4934,CTC-339O9.1,0
4935,CTC-340A15.2,0
4936,CTC-343N3.1,0
4937,CTC-344H19.4,0
4938,CTC-347C20.2,0
4939,CTC-350I8.1,0
4940,CTC-360G5.6,0
4941,CTC-360G5.9,0
4942,CTC-366B18.2,0
4943,CTC-366B18.4,0
4944,CTC-367J11.1,0
4945,CTC-378H22.2,0
4946,CTC-384G19.1,0
4947,CTC-420A11.2,0
4948,CTC-425F1.4,0
4949,CTC-428G20.6,0
4950,CTC-428H11.2,0
4951,CTC-429P9.1,0
4952,CTC-431G16.2,0
4953,CTC-435M10.3,0
4954,CTC-435M10.6,0
4955,CTC-436P18.1,0
4956,CTC-436P18.3,0
4957,CTC-441N14.2,0
4958,CTC-444N24.11,0
4959,CTC-444N24.13,0
4960,CTC-444N24.6,0
4961,CTC-444N24.8,0
4962,CTC-448D22.1,0
4963,CTC-453G23.4,0
4964,CTC-453G23.8,0
4965,CTC-454I21.3,0
4966,CTC-457L16.2,0
4967,CTC-459F4.1,0
4968,CTC-459F4.3,0
4969,CTC-461F20.1,0
4970,CTC-471J1.11,0
4971,CTC-479C5.10,0
4972,CTC-479C5.12,0
4973,CTC-479C5.6,0
4974,CTC-480C2.1,0
4975,CTC-482H14.5,0
4976,CTC-487M23.5,0
4977,CTC-487M23.7,0
4978,CTC-487M23.8,0
4979,CTC-490E21.14,0
4980,CTC-490G23.2,0
4981,CTC-490G23.6,0
4982,CTC-492K19.4,0
4983,CTC-492K19.7,0
4984,CTC-493L21.1,0
4985,CTC-497E21.3,0
4986,CTC-498J12.1,0
4987,CTC-498J12.3,0
4988,CTC-499B15.5,0
4989,CTC-499J9.1,0
4990,CTC-503J8.4,0
4991,CTC-505O3.3,0
4992,CTC-506B8.1,0
4993,CTC-508F8.1,0
4994,CTC-510F12.2,0
4995,CTC-510F12.7,0
4996,CTC-518P12.6,0
4997,CTC-523E23.1,0
4998,CTC-523E23.11,0
4999,CTC-523E23.4,0
5000,CTC-523E23.5,0
5001,CTC-524C5.2,0
5002,CTC-524C5.5,0
5003,CTC-526N19.1,0
5004,CTC-527H23.2,0
5005,CTC-527H23.3,0
5006,CTC-529G1.1,0
5007,CTC-529I10.1,0
5008,CTC-529I10.2,0
5009,CTC-529P8.1,0
5010,CTC-534A2.2,0
5011,CTC-537E7.2,0
5012,CTC-537E7.3,0
5013,CTC-542B22.2,0
5014,CTC-543D15.8,0
5015,CTC-546K23.1,0
5016,CTC-548K16.1,0
5017,CTC-548K16.2,0
5018,CTC-548K16.5,0
5019,CTC-550B14.7,0
5020,CTC-559E9.1,0
5021,CTC-573N18.1,0
5022,CTC1,0
5023,CTCF,0
5024,CTCFL,0
5025,CTD-2001C12.1,0
5026,CTD-2002J20.1,0
5027,CTD-2003C8.2,0
5028,CTD-2005H7.1,0
5029,CTD-2006H14.2,0
5030,CTD-2006K23.1,0
5031,CTD-2006K23.2,0
5032,CTD-2007H13.3,0
5033,CTD-2008A1.3,0
5034,CTD-2008L17.2,0
5035,CTD-2008P7.1,0
5036,CTD-2008P7.8,0
5037,CTD-2008P7.9,0
5038,CTD-2012J19.3,0
5039,CTD-2012K14.3,0
5040,CTD-2012K14.4,0
5041,CTD-2012K14.6,0
5042,CTD-2012K14.7,0
5043,CTD-2012K14.8,0
5044,CTD-2013M15.1,0
5045,CTD-2013N17.4,0
5046,CTD-2013N17.7,0
5047,CTD-2013N24.2,0
5048,CTD-2014B16.3,0
5049,CTD-2015G9.2,0
5050,CTD-2015H3.1,0
5051,CTD-2015H3.2,0
5052,CTD-2015H6.3,0
5053,CTD-2016O11.1,0
5054,CTD-2017C7.1,0
5055,CTD-2017C7.2,0
5056,CTD-2017D11.1,0
5057,CTD-2017F17.1,0
5058,CTD-2017F17.2,0
5059,CTD-2020K17.1,0
5060,CTD-2020K17.3,0
5061,CTD-2020K17.4,0
5062,CTD-2021H9.3,0
5063,CTD-2023M8.1,0
5064,CTD-2024I7.13,0
5065,CTD-2024P10.2,0
5066,CTD-2026D20.2,0
5067,CTD-2026G6.3,0
5068,CTD-2026K11.2,0
5069,CTD-2026K11.3,0
5070,CTD-2026K11.4,0
5071,CTD-2026K11.5,0
5072,CTD-2026K11.6,0
5073,CTD-2027I19.3,0
5074,CTD-2031P19.5,0
5075,CTD-2033A16.1,0
5076,CTD-2033A16.3,0
5077,CTD-2033C11.1,0
5078,CTD-2033D15.1,0
5079,CTD-2033D15.3,0
5080,CTD-2034I21.2,0
5081,CTD-2034I4.2,0
5082,CTD-2035E11.3,0
5083,CTD-2035E11.4,0
5084,CTD-2035E11.5,0
5085,CTD-2036P10.3,0
5086,CTD-2036P10.5,0
5087,CTD-2036P10.6,0
5088,CTD-2037L6.2,0
5089,CTD-2044J15.1,0
5090,CTD-2047H16.4,0
5091,CTD-2047H16.5,0
5092,CTD-2049O4.1,0
5093,CTD-2054N24.2,0
5094,CTD-2066L21.3,0
5095,CTD-2072I24.1,0
5096,CTD-2078B5.2,0
5097,CTD-2081C10.7,0
5098,CTD-2083E4.6,0
5099,CTD-2089N3.2,0
5100,CTD-2090I13.1,0
5101,CTD-2091N23.1,0
5102,CTD-2095E4.5,0
5103,CTD-2105E13.14,0
5104,CTD-2105E13.15,0
5105,CTD-2105E13.16,0
5106,CTD-2105E13.6,0
5107,CTD-2113L7.1,0
5108,CTD-2116N17.1,0
5109,CTD-2116N20.1,0
5110,CTD-2117L12.1,0
5111,CTD-2118P12.1,0
5112,CTD-2126E3.3,0
5113,CTD-2126E3.4,0
5114,CTD-2129N1.1,0
5115,CTD-2130O13.1,0
5116,CTD-2135D7.2,0
5117,CTD-2135D7.5,0
5118,CTD-2139B15.2,0
5119,CTD-2140B24.6,0
5120,CTD-2144E22.5,0
5121,CTD-2144E22.8,0
5122,CTD-2145A24.5,0
5123,CTD-2147F2.1,0
5124,CTD-2152M20.2,0
5125,CTD-2154B17.4,0
5126,CTD-2154I11.2,0
5127,CTD-2161F6.2,0
5128,CTD-2162K18.3,0
5129,CTD-2162K18.4,0
5130,CTD-2165H16.4,0
5131,CTD-2168K21.2,0
5132,CTD-2170G1.2,0
5133,CTD-2171N6.1,0
5134,CTD-2184C24.2,0
5135,CTD-2184D3.5,0
5136,CTD-2184D3.6,0
5137,CTD-2184D3.7,0
5138,CTD-2186M15.3,0
5139,CTD-2189E23.1,0
5140,CTD-2189E23.2,0
5141,CTD-2192J16.11,0
5142,CTD-2192J16.20,0
5143,CTD-2192J16.22,0
5144,CTD-2192J16.26,0
5145,CTD-2194A8.2,0
5146,CTD-2194D22.3,0
5147,CTD-2196E14.5,0
5148,CTD-2199O4.1,0
5149,CTD-2199O4.6,0
5150,CTD-2201E18.5,0
5151,CTD-2201I18.1,0
5152,CTD-2203K17.1,0
5153,CTD-2207P18.2,0
5154,CTD-2213F21.2,0
5155,CTD-2215E18.1,0
5156,CTD-2227E11.1,0
5157,CTD-2227I18.1,0
5158,CTD-2228A4.1,0
5159,CTD-2231E14.4,0
5160,CTD-2231E14.8,0
5161,CTD-2231H16.1,0
5162,CTD-2232E5.2,0
5163,CTD-2235C13.2,0
5164,CTD-2235C13.3,0
5165,CTD-2236F14.1,0
5166,CTD-2240E14.4,0
5167,CTD-2240J17.1,0
5168,CTD-2240J17.2,0
5169,CTD-2240J17.4,0
5170,CTD-2245E15.3,0
5171,CTD-2245F17.3,0
5172,CTD-2245F17.6,0
5173,CTD-2246P4.1,0
5174,CTD-2249K22.1,0
5175,CTD-2256P15.1,0
5176,CTD-2256P15.2,0
5177,CTD-2256P15.4,0
5178,CTD-2260A17.1,0
5179,CTD-2260A17.2,0
5180,CTD-2260A17.3,0
5181,CTD-2263F21.1,0
5182,CTD-2265O21.3,0
5183,CTD-2265O21.7,0
5184,CTD-2267D19.3,0
5185,CTD-2269F5.1,0
5186,CTD-2270F17.1,0
5187,CTD-2270L9.4,0
5188,CTD-2270P14.5,0
5189,CTD-2281M20.1,0
5190,CTD-2283N19.1,0
5191,CTD-2287O16.4,0
5192,CTD-2287O16.5,0
5193,CTD-2288F12.1,0
5194,CTD-2288O8.1,0
5195,CTD-2291D10.1,0
5196,CTD-2291D10.4,0
5197,CTD-2292M14.1,0
5198,CTD-2292M16.8,0
5199,CTD-2292P10.4,0
5200,CTD-2293H3.2,0
5201,CTD-2298J14.2,0
5202,CTD-2302E22.4,0
5203,CTD-2302E22.6,0
5204,CTD-2306A12.1,0
5205,CTD-2306M5.1,0
5206,CTD-2308L22.1,0
5207,CTD-2309O5.3,0
5208,CTD-2310F14.1,0
5209,CTD-2311M21.3,0
5210,CTD-2313J17.6,0
5211,CTD-2313J17.7,0
5212,CTD-2313J23.1,0
5213,CTD-2314B22.1,0
5214,CTD-2314G24.2,0
5215,CTD-2319I12.2,0
5216,CTD-2325A15.5,0
5217,CTD-2325M2.1,0
5218,CTD-2325P2.3,0
5219,CTD-2325P2.4,0
5220,CTD-2330J20.2,0
5221,CTD-2330K9.3,0
5222,CTD-2331H12.7,0
5223,CTD-2334D19.1,0
5224,CTD-2336O2.1,0
5225,CTD-2336O2.3,0
5226,CTD-2337A12.1,0
5227,CTD-2337I7.1,0
5228,CTD-2339F6.1,0
5229,CTD-2341M24.1,0
5230,CTD-2342J14.6,0
5231,CTD-2342N23.3,0
5232,CTD-2349P21.11,0
5233,CTD-2349P21.12,0
5234,CTD-2349P21.5,0
5235,CTD-2349P21.9,0
5236,CTD-2350C19.2,0
5237,CTD-2353F22.1,0
5238,CTD-2357A8.3,0
5239,CTD-2358C21.3,0
5240,CTD-2358C21.5,0
5241,CTD-2366F13.1,0
5242,CTD-2366F13.2,0
5243,CTD-2369P2.10,0
5244,CTD-2369P2.4,0
5245,CTD-2369P2.5,0
5246,CTD-2369P2.8,0
5247,CTD-2371O3.2,0
5248,CTD-2371O3.3,0
5249,CTD-2373H9.5,0
5250,CTD-2376I20.1,0
5251,CTD-2376I4.1,0
5252,CTD-2376I4.2,0
5253,CTD-2377D24.6,0
5254,CTD-2377O17.1,0
5255,CTD-2378E12.1,0
5256,CTD-2378E21.1,0
5257,CTD-2380F24.1,0
5258,CTD-2383M3.1,0
5259,CTD-2384A14.1,0
5260,CTD-2384B11.2,0
5261,CTD-2385L22.1,0
5262,CTD-2396E7.11,0
5263,CTD-2410N18.3,0
5264,CTD-2501B8.1,0
5265,CTD-2501E16.2,0
5266,CTD-2503I6.1,0
5267,CTD-2503O16.4,0
5268,CTD-2506J14.1,0
5269,CTD-2506P8.6,0
5270,CTD-2507G9.1,0
5271,CTD-2509G16.2,0
5272,CTD-2509G16.5,0
5273,CTD-2515A14.1,0
5274,CTD-2515H24.2,0
5275,CTD-2515O10.5,0
5276,CTD-2516F10.2,0
5277,CTD-2516F10.4,0
5278,CTD-2517M22.16,0
5279,CTD-2517O10.6,0
5280,CTD-2521M24.5,0
5281,CTD-2521M24.6,0
5282,CTD-2521M24.8,0
5283,CTD-2523D13.2,0
5284,CTD-2524L6.3,0
5285,CTD-2525I3.2,0
5286,CTD-2525I3.3,0
5287,CTD-2525I3.5,0
5288,CTD-2526A2.2,0
5289,CTD-2527I21.15,0
5290,CTD-2527I21.7,0
5291,CTD-2528A14.5,0
5292,CTD-2528L19.4,0
5293,CTD-2528L19.6,0
5294,CTD-2530H12.4,0
5295,CTD-2531D15.4,0
5296,CTD-2531D15.5,0
5297,CTD-2532K18.2,0
5298,CTD-2532N20.1,0
5299,CTD-2534I21.8,0
5300,CTD-2535I10.1,0
5301,CTD-2536I1.3,0
5302,CTD-2537I9.12,0
5303,CTD-2537I9.18,0
5304,CTD-2537O9.1,0
5305,CTD-2538C1.2,0
5306,CTD-2540B15.11,0
5307,CTD-2540B15.9,0
5308,CTD-2540F13.2,0
5309,CTD-2540L5.6,0
5310,CTD-2540M10.1,0
5311,CTD-2541J13.1,0
5312,CTD-2541M15.3,0
5313,CTD-2542L18.1,0
5314,CTD-2544H17.1,0
5315,CTD-2544N14.3,0
5316,CTD-2545M3.2,0
5317,CTD-2545M3.8,0
5318,CTD-2547G23.4,0
5319,CTD-2547H18.1,0
5320,CTD-2547L16.1,0
5321,CTD-2547L24.4,0
5322,CTD-2553L13.10,0
5323,CTD-2554C21.2,0
5324,CTD-2554C21.3,0
5325,CTD-2555A7.2,0
5326,CTD-2555A7.3,0
5327,CTD-2555C10.3,0
5328,CTD-2555O16.1,0
5329,CTD-2555O16.2,0
5330,CTD-2555O16.4,0
5331,CTD-2561B21.11,0
5332,CTD-2561B21.5,0
5333,CTD-2561B21.7,0
5334,CTD-2562J15.4,0
5335,CTD-2562J15.6,0
5336,CTD-2562J17.4,0
5337,CTD-2562J17.7,0
5338,CTD-2566J3.1,0
5339,CTD-2568A17.1,0
5340,CTD-2568A17.8,0
5341,CTD-2568P8.1,0
5342,CTD-2571L23.8,0
5343,CTD-2574D22.2,0
5344,CTD-2574D22.7,0
5345,CTD-2576D5.4,0
5346,CTD-2583P5.3,0
5347,CTD-2587H19.3,0
5348,CTD-2587H24.10,0
5349,CTD-2587H24.5,0
5350,CTD-2587M2.1,0
5351,CTD-2588C8.8,0
5352,CTD-2588E21.1,0
5353,CTD-2589H19.6,0
5354,CTD-2589M5.4,0
5355,CTD-2589M5.5,0
5356,CTD-2591A6.2,0
5357,CTD-2600O9.1,0
5358,CTD-2600O9.2,0
5359,CTD-2616J11.11,0
5360,CTD-2616J11.14,0
5361,CTD-2616J11.2,0
5362,CTD-2619J13.13,0
5363,CTD-2619J13.14,0
5364,CTD-2619J13.17,0
5365,CTD-2619J13.19,0
5366,CTD-2619J13.23,0
5367,CTD-2619J13.27,0
5368,CTD-2619J13.3,0
5369,CTD-2619J13.9,0
5370,CTD-2623N2.11,0
5371,CTD-2623N2.5,0
5372,CTD-2626G11.2,0
5373,CTD-2630F21.1,0
5374,CTD-2631K10.1,0
5375,CTD-2636A23.2,0
5376,CTD-2639E6.9,0
5377,CTD-2647E9.3,0
5378,CTD-2649C14.3,0
5379,CTD-2650P22.1,0
5380,CTD-2651B20.3,0
5381,CTD-2653D5.1,0
5382,CTD-2653M23.3,0
5383,CTD-2655K5.1,0
5384,CTD-2659N19.10,0
5385,CTD-2659N19.9,0
5386,CTD-2666L21.1,0
5387,CTD-3001H11.2,0
5388,CTD-3010D24.3,0
5389,CTD-3020H12.4,0
5390,CTD-3023L14.1,0
5391,CTD-3025N20.3,0
5392,CTD-3028N15.1,0
5393,CTD-3028N15.3,0
5394,CTD-3032H12.2,0
5395,CTD-3032J10.2,0
5396,CTD-3035D6.2,0
5397,CTD-3035K23.6,0
5398,CTD-3035K23.7,0
5399,CTD-3037G24.4,0
5400,CTD-3037G24.5,0
5401,CTD-3051D23.1,0
5402,CTD-3051D23.4,0
5403,CTD-3060P21.1,0
5404,CTD-3064H18.2,0
5405,CTD-3064H18.4,0
5406,CTD-3064M3.4,0
5407,CTD-3064M3.7,0
5408,CTD-3065B20.2,0
5409,CTD-3065J16.9,0
5410,CTD-3074O7.5,0
5411,CTD-3075F15.1,0
5412,CTD-3076O17.1,0
5413,CTD-3076O17.2,0
5414,CTD-3080P12.3,0
5415,CTD-3088G3.6,0
5416,CTD-3088G3.8,0
5417,CTD-3096M3.1,0
5418,CTD-3096M3.2,0
5419,CTD-3105H18.14,0
5420,CTD-3110H11.1,0
5421,CTD-3113P16.11,0
5422,CTD-3116E22.8,0
5423,CTD-3126B10.1,0
5424,CTD-3126B10.4,0
5425,CTD-3128G10.6,0
5426,CTD-3131K8.2,0
5427,CTD-3138B18.5,0
5428,CTD-3154N5.1,0
5429,CTD-3154N5.2,0
5430,CTD-3157E16.2,0
5431,CTD-3179P9.1,0
5432,CTD-3184A7.4,0
5433,CTD-3185P2.1,0
5434,CTD-3187F8.11,0
5435,CTD-3187F8.14,0
5436,CTD-3193K9.11,0
5437,CTD-3193K9.4,0
5438,CTD-3193O13.1,0
5439,CTD-3193O13.11,0
5440,CTD-3193O13.12,0
5441,CTD-3193O13.13,0
5442,CTD-3194G12.1,0
5443,CTD-3194G12.2,0
5444,CTD-3195I5.3,0
5445,CTD-3203P2.1,0
5446,CTD-3203P2.3,0
5447,CTD-3214H19.16,0
5448,CTD-3214H19.4,0
5449,CTD-3214H19.6,0
5450,CTD-3220F14.1,0
5451,CTD-3220F14.3,0
5452,CTD-3222D19.11,0
5453,CTD-3222D19.12,0
5454,CTD-3222D19.8,0
5455,CTD-3224I3.3,0
5456,CTD-3224K15.2,0
5457,CTD-3224K15.3,0
5458,CTD-3234P18.6,0
5459,CTD-3239E11.2,0
5460,CTD-3252C9.2,0
5461,CTD-3252C9.4,0
5462,CTDNEP1,0
5463,CTDP1,0
5464,CTDSP1,0
5465,CTDSP2,0
5466,CTDSPL,0
5467,CTDSPL2,0
5468,CTF1,0
5469,CTGF,0
5470,CTH,0
5471,CTHRC1,0
5472,CTIF,0
5473,CTLA4,1
5474,CTNNA1,0
5475,CTNNA2,0
5476,CTNNA3,0
5477,CTNNAL1,0
5478,CTNNB1,1
5479,CTNNBIP1,0
5480,CTNNBL1,0
5481,CTNND1,0
5482,CTNND2,0
5483,CTNS,0
5484,CTPS1,0
5485,CTPS2,0
5486,CTR9,0
5487,CTRB2,0
5488,CTRC,0
5489,CTRL,0
5490,CTSA,0
5491,CTSB,0
5492,CTSC,1
5493,CTSD,0
5494,CTSE,0
5495,CTSF,0
5496,CTSG,0
5497,CTSH,0
5498,CTSK,1
5499,CTSL,0
5500,CTSO,0
5501,CTSS,1
5502,CTSV,0
5503,CTSW,0
5504,CTSZ,0
5505,CTTN,0
5506,CTTNBP2,0
5507,CTTNBP2NL,0
5508,CTU1,0
5509,CTU2,0
5510,CTXN1,0
5511,CTXN2,0
5512,CTXN3,0
5513,CUBN,0
5514,CUEDC1,0
5515,CUEDC2,0
5516,CUL1,0
5517,CUL2,0
5518,CUL3,0
5519,CUL4A,1
5520,CUL4B,0
5521,CUL5,0
5522,CUL7,0
5523,CUL9,0
5524,CUTA,0
5525,CUTC,0
5526,CUX1,0
5527,CUX2,0
5528,CUZD1,0
5529,CWC15,0
5530,CWC22,0
5531,CWC25,0
5532,CWC27,0
5533,CWF19L1,0
5534,CWF19L2,0
5535,CWH43,0
5536,CX3CL1,1
5537,CX3CR1,0
5538,CXADR,0
5539,CXCL1,0
5540,CXCL10,1
5541,CXCL11,0
5542,CXCL12,1
5543,CXCL13,0
5544,CXCL14,0
5545,CXCL16,0
5546,CXCL17,0
5547,CXCL2,0
5548,CXCL3,0
5549,CXCL5,0
5550,CXCL6,0
5551,CXCL8,1
5552,CXCL9,0
5553,CXCR1,1
5554,CXCR2,1
5555,CXCR3,0
5556,CXCR4,1
5557,CXCR5,0
5558,CXCR6,0
5559,CXXC1,0
5560,CXXC4,0
5561,CXXC5,0
5562,CXORF21,0
5563,CXORF23,0
5564,CXORF36,0
5565,CXORF38,0
5566,CXORF40A,0
5567,CXORF40B,0
5568,CXORF56,0
5569,CXORF57,0
5570,CXORF58,0
5571,CXORF65,0
5572,CXORF67,0
5573,CYB561,0
5574,CYB561A3,0
5575,CYB561D1,0
5576,CYB561D2,0
5577,CYB5A,0
5578,CYB5B,0
5579,CYB5D1,0
5580,CYB5D2,0
5581,CYB5R1,0
5582,CYB5R2,0
5583,CYB5R3,0
5584,CYB5R4,0
5585,CYB5RL,0
5586,CYBA,0
5587,CYBB,0
5588,CYBRD1,0
5589,CYC1,0
5590,CYCS,0
5591,CYFIP1,0
5592,CYFIP2,0
5593,CYGB,0
5594,CYHR1,0
5595,CYLD,0
5596,CYP11A1,0
5597,CYP17A1,1
5598,CYP17A1-AS1,0
5599,CYP19A1,1
5600,CYP1A1,0
5601,CYP1A2,0
5602,CYP1B1,0
5603,CYP1B1-AS1,0
5604,CYP20A1,0
5605,CYP21A2,0
5606,CYP24A1,0
5607,CYP26A1,0
5608,CYP26B1,0
5609,CYP26C1,0
5610,CYP27A1,0
5611,CYP27B1,0
5612,CYP27C1,0
5613,CYP2A13,0
5614,CYP2A6,0
5615,CYP2A7,0
5616,CYP2B6,0
5617,CYP2C18,0
5618,CYP2C8,0
5619,CYP2C9,0
5620,CYP2D6,0
5621,CYP2E1,0
5622,CYP2F1,0
5623,CYP2J2,0
5624,CYP2R1,0
5625,CYP2S1,0
5626,CYP2U1,0
5627,CYP2W1,0
5628,CYP39A1,0
5629,CYP3A4,1
5630,CYP3A43,1
5631,CYP3A5,1
5632,CYP3A7,0
5633,CYP46A1,0
5634,CYP4A22-AS1,0
5635,CYP4B1,0
5636,CYP4F11,0
5637,CYP4F12,0
5638,CYP4F22,0
5639,CYP4F26P,0
5640,CYP4F3,0
5641,CYP4F35P,0
5642,CYP4F8,0
5643,CYP4V2,0
5644,CYP4X1,0
5645,CYP4Z1,0
5646,CYP51A1,0
5647,CYP51A1-AS1,0
5648,CYP7A1,0
5649,CYP7B1,0
5650,CYR61,0
5651,CYS1,0
5652,CYSLTR1,1
5653,CYSLTR2,0
5654,CYSRT1,0
5655,CYSTM1,0
5656,CYTH1,0
5657,CYTH2,0
5658,CYTH3,0
5659,CYTH4,0
5660,CYTIP,0
5661,CYTL1,0
5662,CYYR1,0
5663,D21S2088E,0
5664,D2HGDH,0
5665,DAAM1,0
5666,DAAM2,0
5667,DAB1,0
5668,DAB2,0
5669,DAB2IP,0
5670,DACH1,0
5671,DACH2,0
5672,DACT1,0
5673,DACT2,0
5674,DACT3,0
5675,DACT3-AS1,0
5676,DAD1,0
5677,DAG1,0
5678,DAGLA,0
5679,DAGLB,0
5680,DALRD3,0
5681,DAND5,0
5682,DANT1,0
5683,DANT2,0
5684,DAO,0
5685,DAP,0
5686,DAP3,0
5687,DAPK1,0
5688,DAPK2,0
5689,DAPK3,0
5690,DAPL1,0
5691,DAPP1,0
5692,DARS,0
5693,DARS-AS1,0
5694,DARS2,0
5695,DAW1,0
5696,DAXX,0
5697,DAZAP1,0
5698,DAZAP2,0
5699,DAZL,0
5700,DBF4,0
5701,DBF4B,0
5702,DBH,1
5703,DBH-AS1,0
5704,DBI,0
5705,DBN1,0
5706,DBNDD1,0
5707,DBNDD2,0
5708,DBNL,0
5709,DBP,0
5710,DBR1,0
5711,DBT,0
5712,DBX2,0
5713,DCAF10,0
5714,DCAF11,0
5715,DCAF12,0
5716,DCAF12L1,0
5717,DCAF13,0
5718,DCAF15,0
5719,DCAF16,0
5720,DCAF17,0
5721,DCAF4,0
5722,DCAF4L1,0
5723,DCAF5,0
5724,DCAF6,0
5725,DCAF7,0
5726,DCAF8,0
5727,DCAF8L1,0
5728,DCAKD,0
5729,DCANP1,0
5730,DCBLD1,0
5731,DCBLD2,0
5732,DCC,0
5733,DCDC1,0
5734,DCDC2,0
5735,DCDC2B,0
5736,DCDC2C,0
5737,DCHS1,0
5738,DCHS2,0
5739,DCK,0
5740,DCLK1,0
5741,DCLK2,0
5742,DCLK3,0
5743,DCLRE1A,0
5744,DCLRE1B,0
5745,DCLRE1C,0
5746,DCN,0
5747,DCP1A,0
5748,DCP1B,0
5749,DCP2,0
5750,DCPS,0
5751,DCST1,0
5752,DCST2,0
5753,DCSTAMP,0
5754,DCT,0
5755,DCTD,0
5756,DCTN1,0
5757,DCTN1-AS1,0
5758,DCTN2,0
5759,DCTN3,0
5760,DCTN4,0
5761,DCTN5,0
5762,DCTN6,0
5763,DCTPP1,0
5764,DCUN1D1,0
5765,DCUN1D2,0
5766,DCUN1D3,0
5767,DCUN1D4,0
5768,DCUN1D5,0
5769,DCX,0
5770,DCXR,0
5771,DDA1,0
5772,DDAH1,0
5773,DDAH2,0
5774,DDB1,1
5775,DDB2,0
5776,DDC,0
5777,DDHD1,0
5778,DDHD2,0
5779,DDI2,0
5780,DDIAS,0
5781,DDIT3,0
5782,DDIT4,0
5783,DDIT4L,0
5784,DDN,0
5785,DDO,0
5786,DDOST,0
5787,DDR1,0
5788,DDR1-AS1,0
5789,DDR2,1
5790,DDRGK1,0
5791,DDT,0
5792,DDTL,0
5793,DDX1,0
5794,DDX10,0
5795,DDX11,0
5796,DDX11-AS1,0
5797,DDX17,0
5798,DDX18,0
5799,DDX19A,0
5800,DDX19B,0
5801,DDX20,0
5802,DDX21,0
5803,DDX23,0
5804,DDX24,0
5805,DDX25,0
5806,DDX26B,0
5807,DDX26B-AS1,0
5808,DDX27,0
5809,DDX28,0
5810,DDX31,0
5811,DDX39A,0
5812,DDX39B,0
5813,DDX39B-AS1,0
5814,DDX3X,0
5815,DDX3Y,0
5816,DDX41,0
5817,DDX42,0
5818,DDX43,0
5819,DDX46,0
5820,DDX47,0
5821,DDX49,0
5822,DDX5,0
5823,DDX50,0
5824,DDX51,0
5825,DDX52,0
5826,DDX54,0
5827,DDX55,0
5828,DDX56,0
5829,DDX58,0
5830,DDX59,0
5831,DDX6,0
5832,DDX60,0
5833,DDX60L,0
5834,DEAF1,0
5835,DEC1,0
5836,DECR1,0
5837,DECR2,0
5838,DEDD,0
5839,DEDD2,0
5840,DEF6,0
5841,DEF8,0
5842,DEFA3,0
5843,DEFA4,0
5844,DEFB1,0
5845,DEFB124,0
5846,DEFB126,0
5847,DEFB4A,0
5848,DEGS1,0
5849,DEGS2,0
5850,DEK,0
5851,DENND1A,0
5852,DENND1B,0
5853,DENND1C,0
5854,DENND2A,0
5855,DENND2C,0
5856,DENND2D,0
5857,DENND3,0
5858,DENND4A,0
5859,DENND4B,0
5860,DENND4C,0
5861,DENND5A,0
5862,DENND5B,0
5863,DENND5B-AS1,0
5864,DENND6A,0
5865,DENND6A-AS1,0
5866,DENND6B,0
5867,DENR,0
5868,DEPDC1,0
5869,DEPDC1-AS1,0
5870,DEPDC1B,0
5871,DEPDC4,0
5872,DEPDC5,0
5873,DEPDC7,0
5874,DEPTOR,0
5875,DERA,0
5876,DERL1,0
5877,DERL2,0
5878,DERL3,0
5879,DES,0
5880,DESI1,0
5881,DESI2,0
5882,DET1,0
5883,DEXI,0
5884,DFFA,0
5885,DFFB,0
5886,DFNA5,0
5887,DFNB31,0
5888,DFNB59,0
5889,DGAT1,1
5890,DGAT2,0
5891,DGCR14,0
5892,DGCR2,0
5893,DGCR5,0
5894,DGCR6,0
5895,DGCR6L,0
5896,DGCR8,0
5897,DGCR9,0
5898,DGKA,0
5899,DGKB,0
5900,DGKD,0
5901,DGKE,0
5902,DGKG,0
5903,DGKH,0
5904,DGKI,0
5905,DGKK,0
5906,DGKQ,0
5907,DGKZ,0
5908,DGUOK,0
5909,DGUOK-AS1,0
5910,DHCR24,1
5911,DHCR7,0
5912,DHDDS,0
5913,DHDH,0
5914,DHFR,1
5915,DHFRL1,0
5916,DHH,0
5917,DHODH,1
5918,DHPS,0
5919,DHRS1,0
5920,DHRS11,0
5921,DHRS12,0
5922,DHRS13,0
5923,DHRS2,0
5924,DHRS3,0
5925,DHRS4,0
5926,DHRS4-AS1,0
5927,DHRS4L2,0
5928,DHRS7,0
5929,DHRS7B,0
5930,DHRS9,0
5931,DHRSX,0
5932,DHTKD1,0
5933,DHX15,0
5934,DHX16,0
5935,DHX29,0
5936,DHX30,0
5937,DHX32,0
5938,DHX33,0
5939,DHX34,0
5940,DHX35,0
5941,DHX36,0
5942,DHX37,0
5943,DHX38,0
5944,DHX40,0
5945,DHX57,0
5946,DHX58,0
5947,DHX8,0
5948,DHX9,0
5949,DIABLO,0
5950,DIAPH1,0
5951,DIAPH2,0
5952,DIAPH2-AS1,0
5953,DIAPH3,0
5954,DICER1,0
5955,DICER1-AS1,0
5956,DIDO1,0
5957,DIEXF,0
5958,DIMT1,0
5959,DIO1,1
5960,DIO2,0
5961,DIO3,0
5962,DIO3OS,0
5963,DIP2A,0
5964,DIP2B,0
5965,DIP2C,0
5966,DIRAS1,0
5967,DIRAS2,0
5968,DIRAS3,0
5969,DIRC1,0
5970,DIRC2,0
5971,DIRC3,0
5972,DIS3,0
5973,DIS3L,0
5974,DIS3L2,0
5975,DISC1,0
5976,DISP1,0
5977,DISP2,0
5978,DIXDC1,0
5979,DKC1,0
5980,DKFZP434A062,0
5981,DKFZP434I0714,0
5982,DKFZP434K028,0
5983,DKFZP434L187,0
5984,DKFZP779M0652,0
5985,DKK1,1
5986,DKK2,0
5987,DKK3,0
5988,DKK4,0
5989,DKKL1,0
5990,DLAT,0
5991,DLC1,0
5992,DLD,0
5993,DLEC1,0
5994,DLEU1,0
5995,DLEU2,0
5996,DLEU7,0
5997,DLEU7-AS1,0
5998,DLG1,0
5999,DLG1-AS1,0
6000,DLG2,0
6001,DLG3,0
6002,DLG3-AS1,0
6003,DLG4,0
6004,DLG5,0
6005,DLGAP1,0
6006,DLGAP1-AS1,0
6007,DLGAP1-AS2,0
6008,DLGAP1-AS3,0
6009,DLGAP1-AS4,0
6010,DLGAP1-AS5,0
6011,DLGAP2,0
6012,DLGAP3,0
6013,DLGAP4,0
6014,DLGAP4-AS1,0
6015,DLGAP5,0
6016,DLK1,0
6017,DLK2,0
6018,DLL1,0
6019,DLL3,1
6020,DLL4,1
6021,DLST,0
6022,DLX1,0
6023,DLX2,0
6024,DLX2-AS1,0
6025,DLX3,0
6026,DLX4,0
6027,DLX5,0
6028,DLX6,0
6029,DLX6-AS1,0
6030,DMAP1,0
6031,DMBT1,0
6032,DMBX1,0
6033,DMC1,0
6034,DMD,1
6035,DMGDH,0
6036,DMKN,0
6037,DMPK,0
6038,DMRT1,0
6039,DMRT2,0
6040,DMRT3,0
6041,DMRTA1,0
6042,DMRTA2,0
6043,DMRTC2,0
6044,DMTF1,0
6045,DMTN,0
6046,DMWD,0
6047,DMXL1,0
6048,DMXL2,0
6049,DNA2,0
6050,DNAAF1,0
6051,DNAAF2,0
6052,DNAAF3,0
6053,DNAAF5,0
6054,DNAH1,0
6055,DNAH10,0
6056,DNAH10OS,0
6057,DNAH11,0
6058,DNAH12,0
6059,DNAH14,0
6060,DNAH17,0
6061,DNAH2,0
6062,DNAH3,0
6063,DNAH5,0
6064,DNAH6,0
6065,DNAH7,0
6066,DNAH8,0
6067,DNAH9,0
6068,DNAI1,0
6069,DNAI2,0
6070,DNAJA1,0
6071,DNAJA2,0
6072,DNAJA3,0
6073,DNAJA4,0
6074,DNAJB1,0
6075,DNAJB11,0
6076,DNAJB12,0
6077,DNAJB13,0
6078,DNAJB14,0
6079,DNAJB2,0
6080,DNAJB4,0
6081,DNAJB5,0
6082,DNAJB5-AS1,0
6083,DNAJB6,0
6084,DNAJB7,0
6085,DNAJB9,0
6086,DNAJC1,0
6087,DNAJC10,0
6088,DNAJC11,0
6089,DNAJC12,0
6090,DNAJC13,0
6091,DNAJC14,0
6092,DNAJC15,0
6093,DNAJC16,0
6094,DNAJC17,0
6095,DNAJC18,0
6096,DNAJC19,0
6097,DNAJC2,0
6098,DNAJC21,0
6099,DNAJC22,0
6100,DNAJC24,0
6101,DNAJC25,0
6102,DNAJC25-GNG10,0
6103,DNAJC27,0
6104,DNAJC27-AS1,0
6105,DNAJC28,0
6106,DNAJC3,0
6107,DNAJC3-AS1,0
6108,DNAJC30,0
6109,DNAJC4,0
6110,DNAJC5,0
6111,DNAJC5B,0
6112,DNAJC5G,0
6113,DNAJC6,0
6114,DNAJC7,0
6115,DNAJC8,0
6116,DNAJC9,0
6117,DNAJC9-AS1,0
6118,DNAL1,0
6119,DNAL4,0
6120,DNALI1,0
6121,DNASE1,0
6122,DNASE1L1,0
6123,DNASE1L2,0
6124,DNASE1L3,0
6125,DNASE2,0
6126,DNASE2B,0
6127,DND1,0
6128,DNER,0
6129,DNHD1,0
6130,DNLZ,0
6131,DNM1,0
6132,DNM1L,0
6133,DNM1P35,0
6134,DNM2,0
6135,DNM3,0
6136,DNM3OS,0
6137,DNMBP,0
6138,DNMBP-AS1,0
6139,DNMT1,1
6140,DNMT3A,1
6141,DNMT3B,0
6142,DNMT3L,0
6143,DNPEP,0
6144,DNPH1,0
6145,DNTT,0
6146,DNTTIP1,0
6147,DNTTIP2,0
6148,DOC2A,0
6149,DOC2B,0
6150,DOCK1,0
6151,DOCK10,0
6152,DOCK11,0
6153,DOCK2,0
6154,DOCK3,0
6155,DOCK4,0
6156,DOCK5,0
6157,DOCK6,0
6158,DOCK7,0
6159,DOCK8,0
6160,DOCK9,0
6161,DOCK9-AS2,0
6162,DOHH,0
6163,DOK1,0
6164,DOK2,0
6165,DOK3,0
6166,DOK4,0
6167,DOK5,0
6168,DOK6,0
6169,DOK7,0
6170,DOLK,0
6171,DOLPP1,0
6172,DONSON,0
6173,DOPEY1,0
6174,DOPEY2,0
6175,DOT1L,0
6176,DPAGT1,0
6177,DPCD,0
6178,DPCR1,0
6179,DPEP1,0
6180,DPEP2,0
6181,DPEP3,0
6182,DPF1,0
6183,DPF2,0
6184,DPF3,0
6185,DPH1,0
6186,DPH2,0
6187,DPH3,0
6188,DPH5,0
6189,DPH6,0
6190,DPH6-AS1,0
6191,DPH7,0
6192,DPM1,0
6193,DPM2,0
6194,DPM3,0
6195,DPP10,0
6196,DPP10-AS1,0
6197,DPP3,0
6198,DPP4,1
6199,DPP6,0
6200,DPP7,0
6201,DPP8,0
6202,DPP9,0
6203,DPP9-AS1,0
6204,DPPA2,0
6205,DPPA3,0
6206,DPPA4,0
6207,DPPA5,0
6208,DPT,0
6209,DPY19L1,0
6210,DPY19L2,0
6211,DPY19L3,0
6212,DPY19L4,0
6213,DPY30,0
6214,DPYD,1
6215,DPYD-AS1,0
6216,DPYS,0
6217,DPYSL2,0
6218,DPYSL3,0
6219,DPYSL4,0
6220,DPYSL5,0
6221,DQX1,0
6222,DR1,0
6223,DRAIC,0
6224,DRAM1,0
6225,DRAM2,0
6226,DRAP1,0
6227,DRAXIN,0
6228,DRC1,0
6229,DRC3,0
6230,DRC7,0
6231,DRD1,1
6232,DRD2,1
6233,DRD4,0
6234,DRD5,0
6235,DRG1,0
6236,DRG2,0
6237,DRGX,0
6238,DRICH1,0
6239,DROSHA,0
6240,DRP2,0
6241,DSC1,0
6242,DSC2,0
6243,DSC3,0
6244,DSCAM,0
6245,DSCAM-AS1,0
6246,DSCAML1,0
6247,DSCAS,0
6248,DSCC1,0
6249,DSCR3,0
6250,DSCR8,0
6251,DSCR9,0
6252,DSE,0
6253,DSEL,0
6254,DSG1-AS1,0
6255,DSG2,0
6256,DSG2-AS1,0
6257,DSG3,0
6258,DSN1,0
6259,DSP,0
6260,DST,0
6261,DSTN,0
6262,DSTYK,0
6263,DTD1,0
6264,DTD2,0
6265,DTHD1,0
6266,DTL,0
6267,DTNA,0
6268,DTNB,0
6269,DTNBP1,0
6270,DTWD1,0
6271,DTWD2,0
6272,DTX1,0
6273,DTX2,0
6274,DTX3,0
6275,DTX3L,0
6276,DTX4,0
6277,DTYMK,0
6278,DUBR,0
6279,DUOX1,0
6280,DUOX2,0
6281,DUOXA1,0
6282,DUOXA2,0
6283,DUS1L,0
6284,DUS2,0
6285,DUS3L,0
6286,DUS4L,0
6287,DUSP1,0
6288,DUSP10,0
6289,DUSP11,0
6290,DUSP12,0
6291,DUSP13,0
6292,DUSP14,0
6293,DUSP15,0
6294,DUSP16,0
6295,DUSP18,0
6296,DUSP19,0
6297,DUSP2,0
6298,DUSP22,0
6299,DUSP23,0
6300,DUSP26,0
6301,DUSP27,0
6302,DUSP28,0
6303,DUSP3,0
6304,DUSP4,0
6305,DUSP5,0
6306,DUSP6,0
6307,DUSP7,0
6308,DUSP8,0
6309,DUSP9,0
6310,DUT,0
6311,DUX4,0
6312,DVL1,0
6313,DVL2,0
6314,DVL3,0
6315,DXO,0
6316,DYDC1,0
6317,DYDC2,0
6318,DYM,0
6319,DYNC1H1,0
6320,DYNC1I1,0
6321,DYNC1I2,0
6322,DYNC1LI1,0
6323,DYNC1LI2,0
6324,DYNC2H1,0
6325,DYNC2LI1,0
6326,DYNLL1,0
6327,DYNLL2,0
6328,DYNLRB1,0
6329,DYNLRB2,0
6330,DYNLT1,0
6331,DYNLT3,0
6332,DYRK1A,1
6333,DYRK1B,0
6334,DYRK2,0
6335,DYRK3,0
6336,DYRK4,0
6337,DYSF,0
6338,DYX1C1,0
6339,DZANK1,0
6340,DZIP1,0
6341,DZIP1L,0
6342,DZIP3,0
6343,E2F1,1
6344,E2F2,1
6345,E2F3,1
6346,E2F4,1
6347,E2F5,1
6348,E2F6,1
6349,E2F7,1
6350,E2F8,1
6351,E4F1,0
6352,EAF1,0
6353,EAF1-AS1,0
6354,EAF2,0
6355,EAPP,0
6356,EARS2,0
6357,EBAG9,0
6358,EBF1,0
6359,EBF2,0
6360,EBF3,0
6361,EBF4,0
6362,EBI3,0
6363,EBLN2,0
6364,EBLN3,0
6365,EBNA1BP2,0
6366,EBP,0
6367,EBPL,0
6368,ECD,0
6369,ECE1,1
6370,ECE2,0
6371,ECEL1,0
6372,ECH1,0
6373,ECHDC1,0
6374,ECHDC2,0
6375,ECHDC3,0
6376,ECHS1,0
6377,ECI1,0
6378,ECI2,0
6379,ECM1,0
6380,ECM2,0
6381,ECSCR,0
6382,ECSIT,0
6383,ECT2,0
6384,ECT2L,0
6385,EDA,0
6386,EDA2R,0
6387,EDAR,0
6388,EDARADD,0
6389,EDC3,0
6390,EDC4,0
6391,EDDM3A,0
6392,EDEM1,0
6393,EDEM2,0
6394,EDEM3,0
6395,EDF1,0
6396,EDIL3,0
6397,EDN1,0
6398,EDN2,0
6399,EDN3,0
6400,EDNRA,1
6401,EDNRB,1
6402,EDNRB-AS1,0
6403,EDRF1,0
6404,EDRF1-AS1,0
6405,EEA1,0
6406,EED,0
6407,EEF1A1,0
6408,EEF1A2,1
6409,EEF1B2,0
6410,EEF1D,0
6411,EEF1E1,0
6412,EEF1G,0
6413,EEF2,1
6414,EEF2K,0
6415,EEF2KMT,0
6416,EEFSEC,0
6417,EEPD1,0
6418,EFCAB1,0
6419,EFCAB10,0
6420,EFCAB11,0
6421,EFCAB12,0
6422,EFCAB13,0
6423,EFCAB14,0
6424,EFCAB2,0
6425,EFCAB3,0
6426,EFCAB5,0
6427,EFCAB6,0
6428,EFCAB7,0
6429,EFCAB8,0
6430,EFCAB9,0
6431,EFCC1,0
6432,EFEMP1,0
6433,EFEMP2,0
6434,EFHB,0
6435,EFHC1,0
6436,EFHC2,0
6437,EFHD1,0
6438,EFHD2,0
6439,EFNA1,0
6440,EFNA3,0
6441,EFNA4,0
6442,EFNA5,0
6443,EFNB1,0
6444,EFNB2,1
6445,EFNB3,0
6446,EFR3A,0
6447,EFR3B,0
6448,EFS,0
6449,EFTUD1,0
6450,EFTUD2,0
6451,EGF,0
6452,EGFL6,0
6453,EGFL7,1
6454,EGFL8,0
6455,EGFLAM,0
6456,EGFR,1
6457,EGFR-AS1,0
6458,EGLN1,1
6459,EGLN2,1
6460,EGLN3,1
6461,EGOT,0
6462,EGR1,1
6463,EGR2,0
6464,EGR3,0
6465,EGR4,0
6466,EHBP1,0
6467,EHBP1L1,0
6468,EHD1,0
6469,EHD2,0
6470,EHD3,0
6471,EHD4,0
6472,EHF,0
6473,EHHADH,0
6474,EHMT1,0
6475,EHMT2,0
6476,EI24,0
6477,EID1,0
6478,EID2,0
6479,EID2B,0
6480,EID3,0
6481,EIF1,0
6482,EIF1AD,0
6483,EIF1AX,0
6484,EIF1AY,0
6485,EIF1B,0
6486,EIF2A,0
6487,EIF2AK1,0
6488,EIF2AK2,0
6489,EIF2AK3,0
6490,EIF2AK4,0
6491,EIF2B1,0
6492,EIF2B2,0
6493,EIF2B3,0
6494,EIF2B4,0
6495,EIF2B5,0
6496,EIF2B5-AS1,0
6497,EIF2D,0
6498,EIF2S1,0
6499,EIF2S2,0
6500,EIF2S3,0
6501,EIF2S3L,0
6502,EIF3A,0
6503,EIF3B,0
6504,EIF3C,0
6505,EIF3CL,0
6506,EIF3D,0
6507,EIF3E,0
6508,EIF3F,0
6509,EIF3G,0
6510,EIF3H,0
6511,EIF3I,0
6512,EIF3J,0
6513,EIF3J-AS1,0
6514,EIF3K,0
6515,EIF3L,0
6516,EIF3M,0
6517,EIF4A1,0
6518,EIF4A2,0
6519,EIF4A3,0
6520,EIF4B,0
6521,EIF4E,0
6522,EIF4E1B,0
6523,EIF4E2,0
6524,EIF4E3,0
6525,EIF4EBP1,0
6526,EIF4EBP2,0
6527,EIF4EBP3,0
6528,EIF4ENIF1,0
6529,EIF4G1,0
6530,EIF4G2,0
6531,EIF4G3,0
6532,EIF4H,0
6533,EIF5,0
6534,EIF5A,0
6535,EIF5A2,0
6536,EIF5AL1,0
6537,EIF5B,0
6538,EIF6,0
6539,ELAC1,0
6540,ELAC2,0
6541,ELANE,1
6542,ELAVL1,0
6543,ELAVL2,0
6544,ELAVL3,0
6545,ELAVL4,0
6546,ELDR,0
6547,ELF1,0
6548,ELF2,0
6549,ELF3,0
6550,ELF4,0
6551,ELF5,0
6552,ELFN1,0
6553,ELFN1-AS1,0
6554,ELFN2,0
6555,ELK1,0
6556,ELK3,0
6557,ELK4,0
6558,ELL,0
6559,ELL2,0
6560,ELL3,0
6561,ELMO1,0
6562,ELMO2,0
6563,ELMO3,0
6564,ELMOD1,0
6565,ELMOD2,0
6566,ELMOD3,0
6567,ELMSAN1,0
6568,ELN,1
6569,ELOF1,0
6570,ELOVL1,0
6571,ELOVL2,0
6572,ELOVL3,0
6573,ELOVL4,0
6574,ELOVL5,0
6575,ELOVL6,0
6576,ELOVL7,0
6577,ELP2,0
6578,ELP3,0
6579,ELP4,0
6580,ELP5,0
6581,ELP6,0
6582,ELSPBP1,0
6583,EMB,0
6584,EMC1,0
6585,EMC10,0
6586,EMC2,0
6587,EMC3,0
6588,EMC4,0
6589,EMC6,0
6590,EMC7,0
6591,EMC8,0
6592,EMC9,0
6593,EMCN,0
6594,EMD,0
6595,EME1,0
6596,EME2,0
6597,EMG1,0
6598,EMID1,0
6599,EMILIN1,0
6600,EMILIN2,0
6601,EMILIN3,0
6602,EML1,0
6603,EML2,0
6604,EML3,0
6605,EML4,1
6606,EML5,0
6607,EML6,0
6608,EMP1,0
6609,EMP2,0
6610,EMP3,0
6611,EMSY,0
6612,EMX1,0
6613,EMX2,0
6614,EMX2OS,0
6615,EN1,0
6616,EN2,0
6617,ENAH,0
6618,ENAM,0
6619,ENC1,0
6620,ENDOD1,0
6621,ENDOG,0
6622,ENDOU,0
6623,ENDOV,0
6624,ENG,1
6625,ENGASE,0
6626,ENHO,0
6627,ENKD1,0
6628,ENKUR,0
6629,ENO1,0
6630,ENO1-AS1,0
6631,ENO2,0
6632,ENO3,0
6633,ENO4,0
6634,ENOPH1,0
6635,ENOSF1,0
6636,ENOX1,0
6637,ENOX1-AS2,0
6638,ENOX2,0
6639,ENPEP,1
6640,ENPP1,0
6641,ENPP2,1
6642,ENPP3,1
6643,ENPP4,0
6644,ENPP5,0
6645,ENPP6,0
6646,ENPP7,0
6647,ENSA,0
6648,ENTHD1,0
6649,ENTHD2,0
6650,ENTPD1,0
6651,ENTPD1-AS1,0
6652,ENTPD2,0
6653,ENTPD3,0
6654,ENTPD3-AS1,0
6655,ENTPD4,0
6656,ENTPD5,0
6657,ENTPD6,0
6658,ENTPD7,0
6659,ENTPD8,0
6660,ENY2,0
6661,EOGT,0
6662,EOMES,0
6663,EP300,0
6664,EP300-AS1,0
6665,EP400,0
6666,EP400NL,0
6667,EPAS1,1
6668,EPB41,0
6669,EPB41L1,0
6670,EPB41L2,0
6671,EPB41L3,0
6672,EPB41L4A,0
6673,EPB41L4A-AS1,0
6674,EPB41L4A-AS2,0
6675,EPB41L4B,0
6676,EPB41L5,0
6677,EPB42,0
6678,EPC1,0
6679,EPC2,0
6680,EPCAM,1
6681,EPDR1,0
6682,EPG5,0
6683,EPGN,0
6684,EPHA1,1
6685,EPHA1-AS1,0
6686,EPHA10,1
6687,EPHA2,1
6688,EPHA3,1
6689,EPHA4,1
6690,EPHA5,1
6691,EPHA5-AS1,0
6692,EPHA6,0
6693,EPHA7,1
6694,EPHA8,1
6695,EPHB1,1
6696,EPHB2,1
6697,EPHB3,1
6698,EPHB4,1
6699,EPHB6,1
6700,EPHX1,0
6701,EPHX2,1
6702,EPHX3,0
6703,EPHX4,0
6704,EPM2A,0
6705,EPM2AIP1,0
6706,EPN1,0
6707,EPN2,0
6708,EPN2-AS1,0
6709,EPN3,0
6710,EPO,0
6711,EPOR,1
6712,EPPIN,0
6713,EPPK1,0
6714,EPRS,0
6715,EPS15,0
6716,EPS15L1,0
6717,EPS8,0
6718,EPS8L1,0
6719,EPS8L2,0
6720,EPS8L3,0
6721,EPSTI1,0
6722,EPT1,0
6723,EPYC,0
6724,EQTN,0
6725,ERAL1,0
6726,ERAP1,1
6727,ERAP2,1
6728,ERAS,0
6729,ERBB2,1
6730,ERBB2IP,0
6731,ERBB3,1
6732,ERBB4,1
6733,ERC1,0
6734,ERC2,0
6735,ERCC1,0
6736,ERCC2,0
6737,ERCC3,0
6738,ERCC4,0
6739,ERCC5,0
6740,ERCC6,0
6741,ERCC6-PGBD3,0
6742,ERCC6L,0
6743,ERCC6L2,0
6744,ERCC8,0
6745,EREG,1
6746,ERF,0
6747,ERG,0
6748,ERGIC1,0
6749,ERGIC2,0
6750,ERGIC3,0
6751,ERH,0
6752,ERI1,0
6753,ERI2,0
6754,ERI3,0
6755,ERICD,0
6756,ERICH1,0
6757,ERICH1-AS1,0
6758,ERICH2,0
6759,ERICH3,0
6760,ERICH4,0
6761,ERICH5,0
6762,ERICH6,0
6763,ERICH6-AS1,0
6764,ERLEC1,0
6765,ERLIN1,0
6766,ERLIN2,0
6767,ERMAP,0
6768,ERMARD,0
6769,ERMN,0
6770,ERMP1,0
6771,ERN1,0
6772,ERN2,0
6773,ERO1A,0
6774,ERO1B,0
6775,ERP27,0
6776,ERP29,0
6777,ERP44,0
6778,ERRFI1,0
6779,ERV3-1,0
6780,ERVFRD-1,0
6781,ERVH48-1,0
6782,ERVK-28,0
6783,ERVK3-1,0
6784,ERVMER34-1,0
6785,ERVV-1,0
6786,ERVW-1,1
6787,ESAM,0
6788,ESCO1,0
6789,ESCO2,0
6790,ESD,0
6791,ESF1,0
6792,ESM1,0
6793,ESPL1,0
6794,ESPN,0
6795,ESPNL,0
6796,ESR1,1
6797,ESR2,1
6798,ESRP1,0
6799,ESRP2,0
6800,ESRRA,0
6801,ESRRB,0
6802,ESRRG,0
6803,ESYT1,0
6804,ESYT2,0
6805,ESYT3,0
6806,ETAA1,0
6807,ETF1,0
6808,ETFA,0
6809,ETFB,0
6810,ETFDH,0
6811,ETHE1,0
6812,ETNK1,0
6813,ETNK2,0
6814,ETNPPL,0
6815,ETS1,0
6816,ETS2,0
6817,ETV1,0
6818,ETV2,0
6819,ETV3,0
6820,ETV3L,0
6821,ETV4,0
6822,ETV5,0
6823,ETV6,0
6824,ETV7,0
6825,EVA1A,0
6826,EVA1B,0
6827,EVA1C,0
6828,EVC,0
6829,EVC2,0
6830,EVI2A,0
6831,EVI2B,0
6832,EVI5,0
6833,EVI5L,0
6834,EVL,0
6835,EVPL,0
6836,EVPLL,0
6837,EVX1,0
6838,EWSAT1,0
6839,EWSR1,0
6840,EXD1,0
6841,EXD2,0
6842,EXD3,0
6843,EXO1,0
6844,EXO5,0
6845,EXOC1,0
6846,EXOC2,0
6847,EXOC3,0
6848,EXOC3-AS1,0
6849,EXOC3L1,0
6850,EXOC3L2,0
6851,EXOC3L4,0
6852,EXOC4,0
6853,EXOC5,0
6854,EXOC6,0
6855,EXOC6B,0
6856,EXOC7,0
6857,EXOC8,0
6858,EXOG,0
6859,EXOSC1,0
6860,EXOSC10,0
6861,EXOSC2,0
6862,EXOSC3,0
6863,EXOSC4,0
6864,EXOSC5,0
6865,EXOSC6,0
6866,EXOSC7,0
6867,EXOSC8,0
6868,EXOSC9,0
6869,EXPH5,0
6870,EXT1,0
6871,EXT2,0
6872,EXTL1,0
6873,EXTL2,0
6874,EXTL3,0
6875,EXTL3-AS1,0
6876,EYA1,0
6877,EYA2,0
6878,EYA3,0
6879,EYA4,0
6880,EYS,0
6881,EZH1,0
6882,EZH2,1
6883,EZR,0
6884,EZR-AS1,0
6885,F10,1
6886,F11,1
6887,F11-AS1,0
6888,F11R,0
6889,F12,1
6890,F13A1,0
6891,F2,1
6892,F2R,1
6893,F2RL1,0
6894,F2RL2,0
6895,F2RL3,1
6896,F3,1
6897,F5,1
6898,F7,0
6899,F8,1
6900,F8A1,0
6901,F8A3,0
6902,FA2H,0
6903,FAAH,1
6904,FAAH2,0
6905,FAAP100,0
6906,FAAP20,0
6907,FAAP24,0
6908,FABP12,0
6909,FABP2,0
6910,FABP3,0
6911,FABP4,0
6912,FABP5,0
6913,FABP6,0
6914,FABP7,0
6915,FADD,0
6916,FADS1,0
6917,FADS2,0
6918,FADS3,0
6919,FADS6,0
6920,FAF1,0
6921,FAF2,0
6922,FAH,0
6923,FAHD1,0
6924,FAHD2A,0
6925,FAHD2B,0
6926,FAIM,0
6927,FAIM2,0
6928,FALEC,0
6929,FAM101A,0
6930,FAM101B,0
6931,FAM102A,0
6932,FAM102B,0
6933,FAM103A1,0
6934,FAM104A,0
6935,FAM104B,0
6936,FAM105A,0
6937,FAM106A,0
6938,FAM107A,0
6939,FAM107B,0
6940,FAM109A,0
6941,FAM109B,0
6942,FAM110A,0
6943,FAM110B,0
6944,FAM110C,0
6945,FAM110D,0
6946,FAM111A,0
6947,FAM111B,0
6948,FAM114A1,0
6949,FAM114A2,0
6950,FAM117A,0
6951,FAM117B,0
6952,FAM118A,0
6953,FAM118B,0
6954,FAM120A,0
6955,FAM120AOS,0
6956,FAM120B,0
6957,FAM120C,0
6958,FAM122A,0
6959,FAM122B,0
6960,FAM122C,0
6961,FAM124A,0
6962,FAM124B,0
6963,FAM126A,0
6964,FAM126B,0
6965,FAM127A,0
6966,FAM127B,0
6967,FAM127C,0
6968,FAM129A,0
6969,FAM129B,0
6970,FAM129C,0
6971,FAM131A,0
6972,FAM131B,0
6973,FAM131C,0
6974,FAM132A,0
6975,FAM132B,0
6976,FAM133A,0
6977,FAM133B,0
6978,FAM134A,0
6979,FAM134B,0
6980,FAM134C,0
6981,FAM135A,0
6982,FAM135B,0
6983,FAM136A,0
6984,FAM13A,0
6985,FAM13A-AS1,0
6986,FAM13B,0
6987,FAM13C,0
6988,FAM149A,0
6989,FAM149B1,0
6990,FAM150A,0
6991,FAM150B,0
6992,FAM151A,0
6993,FAM151B,0
6994,FAM153A,0
6995,FAM153B,0
6996,FAM153C,0
6997,FAM155A,0
6998,FAM155B,0
6999,FAM156A,0
7000,FAM156B,0
7001,FAM157B,0
7002,FAM157C,0
7003,FAM159A,0
7004,FAM159B,0
7005,FAM160A1,0
7006,FAM160A2,0
7007,FAM160B1,0
7008,FAM160B2,0
7009,FAM161A,0
7010,FAM161B,0
7011,FAM162A,0
7012,FAM162B,0
7013,FAM163A,0
7014,FAM166A,0
7015,FAM166B,0
7016,FAM167A,0
7017,FAM167B,0
7018,FAM168A,0
7019,FAM168B,0
7020,FAM169A,0
7021,FAM170B,0
7022,FAM171A1,0
7023,FAM171A2,0
7024,FAM171B,0
7025,FAM172A,0
7026,FAM173A,0
7027,FAM173B,0
7028,FAM174A,0
7029,FAM174B,0
7030,FAM175A,0
7031,FAM175B,0
7032,FAM177A1,0
7033,FAM177B,0
7034,FAM178B,0
7035,FAM179A,0
7036,FAM179B,0
7037,FAM180A,0
7038,FAM180B,0
7039,FAM181A,0
7040,FAM181A-AS1,0
7041,FAM181B,0
7042,FAM182B,0
7043,FAM183A,0
7044,FAM184A,0
7045,FAM184B,0
7046,FAM185A,0
7047,FAM186B,0
7048,FAM187B,0
7049,FAM188A,0
7050,FAM188B,0
7051,FAM189A1,0
7052,FAM189A2,0
7053,FAM189B,0
7054,FAM192A,0
7055,FAM193A,0
7056,FAM193B,0
7057,FAM195A,0
7058,FAM195B,0
7059,FAM196A,0
7060,FAM196B,0
7061,FAM198A,0
7062,FAM198B,0
7063,FAM199X,0
7064,FAM19A1,0
7065,FAM19A2,0
7066,FAM19A3,0
7067,FAM19A4,0
7068,FAM19A5,0
7069,FAM200A,0
7070,FAM200B,0
7071,FAM201A,0
7072,FAM204A,0
7073,FAM206A,0
7074,FAM207A,0
7075,FAM208A,0
7076,FAM208B,0
7077,FAM209A,0
7078,FAM209B,0
7079,FAM20A,0
7080,FAM20B,0
7081,FAM20C,0
7082,FAM210A,0
7083,FAM210B,0
7084,FAM212A,0
7085,FAM212B,0
7086,FAM212B-AS1,0
7087,FAM213A,0
7088,FAM213B,0
7089,FAM214A,0
7090,FAM214B,0
7091,FAM215B,0
7092,FAM216A,0
7093,FAM216B,0
7094,FAM217B,0
7095,FAM218A,0
7096,FAM219A,0
7097,FAM219B,0
7098,FAM21A,0
7099,FAM21C,0
7100,FAM220A,0
7101,FAM221A,0
7102,FAM221B,0
7103,FAM222A,0
7104,FAM222A-AS1,0
7105,FAM222B,0
7106,FAM225A,0
7107,FAM225B,0
7108,FAM227A,0
7109,FAM227B,0
7110,FAM228A,0
7111,FAM228B,0
7112,FAM229A,0
7113,FAM229B,0
7114,FAM231D,0
7115,FAM234A,0
7116,FAM234B,0
7117,FAM24B,0
7118,FAM25A,0
7119,FAM26E,0
7120,FAM26F,0
7121,FAM27C,0
7122,FAM32A,0
7123,FAM35A,0
7124,FAM3A,0
7125,FAM3B,0
7126,FAM3C,0
7127,FAM3D,0
7128,FAM3D-AS1,0
7129,FAM41C,0
7130,FAM43A,0
7131,FAM43B,0
7132,FAM45A,0
7133,FAM46A,0
7134,FAM46B,0
7135,FAM46C,0
7136,FAM47E,0
7137,FAM49A,0
7138,FAM49B,0
7139,FAM50A,0
7140,FAM50B,0
7141,FAM53A,0
7142,FAM53B,0
7143,FAM53B-AS1,0
7144,FAM53C,0
7145,FAM57A,0
7146,FAM57B,0
7147,FAM58A,0
7148,FAM60A,0
7149,FAM63A,0
7150,FAM63B,0
7151,FAM64A,0
7152,FAM65A,0
7153,FAM65B,0
7154,FAM65C,0
7155,FAM66A,0
7156,FAM66B,0
7157,FAM66C,0
7158,FAM66D,0
7159,FAM69A,0
7160,FAM69B,0
7161,FAM69C,0
7162,FAM71A,0
7163,FAM71D,0
7164,FAM71E1,0
7165,FAM71F1,0
7166,FAM71F2,0
7167,FAM72A,0
7168,FAM72B,0
7169,FAM72C,0
7170,FAM72D,0
7171,FAM73A,0
7172,FAM73B,0
7173,FAM74A6,0
7174,FAM76A,0
7175,FAM76B,0
7176,FAM78A,0
7177,FAM78B,0
7178,FAM81A,0
7179,FAM81B,0
7180,FAM83A,0
7181,FAM83A-AS1,0
7182,FAM83B,0
7183,FAM83C,0
7184,FAM83C-AS1,0
7185,FAM83D,0
7186,FAM83E,0
7187,FAM83F,0
7188,FAM83G,0
7189,FAM83H,0
7190,FAM83H-AS1,0
7191,FAM84A,0
7192,FAM84B,0
7193,FAM85B,0
7194,FAM86B1,0
7195,FAM86B2,0
7196,FAM86C1,0
7197,FAM87A,0
7198,FAM87B,0
7199,FAM89A,0
7200,FAM89B,0
7201,FAM8A1,0
7202,FAM90A1,0
7203,FAM90A26,0
7204,FAM91A1,0
7205,FAM92A1,0
7206,FAM92B,0
7207,FAM95B1,0
7208,FAM95C,0
7209,FAM96A,0
7210,FAM96B,0
7211,FAM98A,0
7212,FAM98B,0
7213,FAM98C,0
7214,FAM9B,0
7215,FAM9C,0
7216,FAN1,0
7217,FANCA,0
7218,FANCB,0
7219,FANCC,0
7220,FANCD2,0
7221,FANCD2OS,0
7222,FANCE,0
7223,FANCF,0
7224,FANCG,0
7225,FANCI,0
7226,FANCL,0
7227,FANCM,0
7228,FANK1,0
7229,FAP,1
7230,FAR1,0
7231,FAR2,0
7232,FARP1,0
7233,FARP1-AS1,0
7234,FARP2,0
7235,FARS2,0
7236,FARSA,0
7237,FARSA-AS1,0
7238,FARSB,0
7239,FAS,0
7240,FASLG,1
7241,FASN,0
7242,FASTK,0
7243,FASTKD1,0
7244,FASTKD2,0
7245,FASTKD3,0
7246,FASTKD5,0
7247,FAT1,0
7248,FAT2,0
7249,FAT3,0
7250,FAT4,0
7251,FATE1,0
7252,FAU,1
7253,FAXC,0
7254,FAXDC2,0
7255,FBF1,0
7256,FBL,0
7257,FBLIM1,0
7258,FBLL1,0
7259,FBLN1,0
7260,FBLN2,0
7261,FBLN5,0
7262,FBLN7,0
7263,FBN1,0
7264,FBN2,0
7265,FBN3,0
7266,FBP1,0
7267,FBP2,0
7268,FBRS,0
7269,FBRSL1,0
7270,FBXL12,0
7271,FBXL13,0
7272,FBXL14,0
7273,FBXL15,0
7274,FBXL16,0
7275,FBXL17,0
7276,FBXL18,0
7277,FBXL19,0
7278,FBXL19-AS1,0
7279,FBXL2,0
7280,FBXL20,0
7281,FBXL22,0
7282,FBXL3,0
7283,FBXL4,0
7284,FBXL5,0
7285,FBXL6,0
7286,FBXL7,0
7287,FBXL8,0
7288,FBXO10,0
7289,FBXO11,0
7290,FBXO15,0
7291,FBXO16,0
7292,FBXO17,0
7293,FBXO18,0
7294,FBXO2,0
7295,FBXO21,0
7296,FBXO22,0
7297,FBXO24,0
7298,FBXO25,0
7299,FBXO27,0
7300,FBXO28,0
7301,FBXO3,0
7302,FBXO30,0
7303,FBXO31,0
7304,FBXO32,0
7305,FBXO33,0
7306,FBXO34,0
7307,FBXO36,0
7308,FBXO38,0
7309,FBXO39,0
7310,FBXO4,0
7311,FBXO40,0
7312,FBXO41,0
7313,FBXO42,0
7314,FBXO43,0
7315,FBXO44,0
7316,FBXO45,0
7317,FBXO46,0
7318,FBXO47,0
7319,FBXO48,0
7320,FBXO5,0
7321,FBXO6,0
7322,FBXO7,0
7323,FBXO8,0
7324,FBXO9,0
7325,FBXW10,0
7326,FBXW11,0
7327,FBXW2,0
7328,FBXW4,0
7329,FBXW5,0
7330,FBXW7,0
7331,FBXW8,0
7332,FBXW9,0
7333,FCAMR,0
7334,FCAR,0
7335,FCER1A,0
7336,FCER1G,0
7337,FCER2,1
7338,FCF1,0
7339,FCGBP,0
7340,FCGR1A,1
7341,FCGR1B,0
7342,FCGR2A,0
7343,FCGR2B,1
7344,FCGR3A,1
7345,FCGR3B,0
7346,FCGRT,1
7347,FCHO1,0
7348,FCHO2,0
7349,FCHSD1,0
7350,FCHSD2,0
7351,FCMR,0
7352,FCN1,0
7353,FCN2,0
7354,FCN3,0
7355,FCRL1,0
7356,FCRL2,0
7357,FCRL3,0
7358,FCRL4,0
7359,FCRL5,1
7360,FCRL6,0
7361,FCRLA,0
7362,FCRLB,0
7363,FDCSP,0
7364,FDFT1,1
7365,FDPS,1
7366,FDX1,0
7367,FDX1L,0
7368,FDXACB1,0
7369,FDXR,0
7370,FECH,0
7371,FEM1A,0
7372,FEM1B,0
7373,FEM1C,0
7374,FEN1,0
7375,FENDRR,0
7376,FER,0
7377,FER1L5,0
7378,FER1L6,0
7379,FER1L6-AS2,0
7380,FERMT1,0
7381,FERMT2,0
7382,FERMT3,0
7383,FES,0
7384,FETUB,0
7385,FEV,0
7386,FEZ1,0
7387,FEZ2,0
7388,FEZF1,0
7389,FEZF1-AS1,0
7390,FFAR1,0
7391,FFAR2,1
7392,FFAR3,0
7393,FFAR4,0
7394,FGA,1
7395,FGB,1
7396,FGD1,0
7397,FGD2,0
7398,FGD3,0
7399,FGD4,0
7400,FGD5,0
7401,FGD5-AS1,0
7402,FGD6,0
7403,FGF1,1
7404,FGF10,0
7405,FGF10-AS1,0
7406,FGF11,0
7407,FGF12,0
7408,FGF13,0
7409,FGF13-AS1,0
7410,FGF14,0
7411,FGF14-AS2,0
7412,FGF16,0
7413,FGF17,0
7414,FGF18,0
7415,FGF19,0
7416,FGF2,1
7417,FGF20,0
7418,FGF22,0
7419,FGF23,1
7420,FGF5,0
7421,FGF7,0
7422,FGF8,0
7423,FGF9,0
7424,FGFBP1,0
7425,FGFBP2,0
7426,FGFBP3,0
7427,FGFR1,1
7428,FGFR1OP,0
7429,FGFR1OP2,0
7430,FGFR2,1
7431,FGFR3,1
7432,FGFR4,1
7433,FGFRL1,0
7434,FGG,1
7435,FGGY,0
7436,FGL1,0
7437,FGL2,0
7438,FGR,1
7439,FH,0
7440,FHAD1,0
7441,FHDC1,0
7442,FHIT,0
7443,FHL1,0
7444,FHL2,0
7445,FHL3,0
7446,FHL5,0
7447,FHOD1,0
7448,FHOD3,0
7449,FIBCD1,0
7450,FIBIN,0
7451,FIBP,0
7452,FICD,0
7453,FIG4,0
7454,FIGF,0
7455,FIGLA,0
7456,FIGN,0
7457,FIGNL1,0
7458,FILIP1,0
7459,FILIP1L,0
7460,FIP1L1,0
7461,FIRRE,0
7462,FIS1,0
7463,FITM1,0
7464,FITM2,0
7465,FIZ1,0
7466,FJX1,0
7467,FKBP10,0
7468,FKBP11,0
7469,FKBP14,0
7470,FKBP15,0
7471,FKBP1A,1
7472,FKBP1B,0
7473,FKBP1C,0
7474,FKBP2,0
7475,FKBP3,0
7476,FKBP4,0
7477,FKBP5,0
7478,FKBP6,0
7479,FKBP7,0
7480,FKBP8,0
7481,FKBP9,0
7482,FKBPL,0
7483,FKRP,0
7484,FKTN,0
7485,FLAD1,0
7486,FLCN,0
7487,FLG-AS1,0
7488,FLG2,0
7489,FLI1,0
7490,FLII,0
7491,FLJ12825,0
7492,FLJ13224,0
7493,FLJ16779,0
7494,FLJ20021,0
7495,FLJ21408,0
7496,FLJ22447,0
7497,FLJ22763,0
7498,FLJ27354,0
7499,FLJ31104,0
7500,FLJ31356,0
7501,FLJ33360,0
7502,FLJ35934,0
7503,FLJ36000,0
7504,FLJ37035,0
7505,FLJ37453,0
7506,FLJ41941,0
7507,FLJ42969,0
7508,FLJ45079,0
7509,FLNA,1
7510,FLNB,0
7511,FLNB-AS1,0
7512,FLNC,0
7513,FLOT1,0
7514,FLOT2,0
7515,FLRT1,0
7516,FLRT2,0
7517,FLRT3,0
7518,FLT1,1
7519,FLT3,1
7520,FLT3LG,0
7521,FLT4,1
7522,FLVCR1,0
7523,FLVCR1-AS1,0
7524,FLVCR2,0
7525,FLYWCH1,0
7526,FLYWCH2,0
7527,FMN1,0
7528,FMN2,0
7529,FMNL1,0
7530,FMNL2,0
7531,FMNL3,0
7532,FMO1,0
7533,FMO2,0
7534,FMO3,0
7535,FMO4,0
7536,FMO5,0
7537,FMOD,0
7538,FMR1,0
7539,FMR1NB,0
7540,FN1,1
7541,FN3K,0
7542,FN3KRP,0
7543,FNBP1,0
7544,FNBP1L,0
7545,FNBP4,0
7546,FNDC1,0
7547,FNDC3A,0
7548,FNDC3B,0
7549,FNDC4,0
7550,FNDC5,0
7551,FNDC7,0
7552,FNDC9,0
7553,FNIP1,0
7554,FNIP2,0
7555,FNTA,0
7556,FNTB,1
7557,FO538757.2,0
7558,FOCAD,0
7559,FOCAD-AS1,0
7560,FOLH1,1
7561,FOLR1,1
7562,FOLR2,0
7563,FOLR3,0
7564,FOPNL,0
7565,FOS,0
7566,FOSB,0
7567,FOSL1,0
7568,FOSL2,0
7569,FOXA1,0
7570,FOXA2,0
7571,FOXA3,0
7572,FOXB1,0
7573,FOXC1,0
7574,FOXC2,0
7575,FOXC2-AS1,0
7576,FOXD1,0
7577,FOXD2,0
7578,FOXD2-AS1,0
7579,FOXD3,0
7580,FOXD3-AS1,0
7581,FOXD4,0
7582,FOXD4L1,0
7583,FOXE1,0
7584,FOXE3,0
7585,FOXF1,0
7586,FOXF2,0
7587,FOXG1,0
7588,FOXG1-AS1,0
7589,FOXH1,0
7590,FOXI1,0
7591,FOXI2,0
7592,FOXI3,0
7593,FOXJ1,0
7594,FOXJ2,0
7595,FOXJ3,0
7596,FOXK1,0
7597,FOXK2,0
7598,FOXL1,0
7599,FOXL2,0
7600,FOXM1,0
7601,FOXN1,0
7602,FOXN2,0
7603,FOXN3,0
7604,FOXN3-AS1,0
7605,FOXN3-AS2,0
7606,FOXN4,0
7607,FOXO1,0
7608,FOXO3,0
7609,FOXO4,0
7610,FOXO6,0
7611,FOXP1,0
7612,FOXP2,0
7613,FOXP3,0
7614,FOXP4,0
7615,FOXP4-AS1,0
7616,FOXQ1,0
7617,FOXR1,0
7618,FOXRED1,0
7619,FOXRED2,0
7620,FOXS1,0
7621,FP325317.1,0
7622,FPGS,0
7623,FPGT,0
7624,FPGT-TNNI3K,0
7625,FPR1,0
7626,FPR2,0
7627,FPR3,0
7628,FRA10AC1,0
7629,FRAS1,0
7630,FRAT1,0
7631,FRAT2,0
7632,FREM1,0
7633,FREM2,0
7634,FREM3,0
7635,FRG1,0
7636,FRGCA,0
7637,FRK,0
7638,FRMD1,0
7639,FRMD3,0
7640,FRMD4A,0
7641,FRMD4B,0
7642,FRMD5,0
7643,FRMD6,0
7644,FRMD6-AS1,0
7645,FRMD6-AS2,0
7646,FRMD8,0
7647,FRMPD1,0
7648,FRMPD2,0
7649,FRMPD3,0
7650,FRMPD4,0
7651,FRRS1,0
7652,FRRS1L,0
7653,FRS2,0
7654,FRS3,0
7655,FRY,0
7656,FRY-AS1,0
7657,FRYL,0
7658,FRZB,0
7659,FSBP,0
7660,FSCN1,0
7661,FSCN2,0
7662,FSCN3,0
7663,FSD1,0
7664,FSD1L,0
7665,FSD2,0
7666,FSIP1,0
7667,FSIP2,0
7668,FSIP2-AS1,0
7669,FST,0
7670,FSTL1,0
7671,FSTL3,0
7672,FSTL4,0
7673,FSTL5,0
7674,FTCD,0
7675,FTCDNL1,0
7676,FTH1,0
7677,FTL,0
7678,FTO,1
7679,FTSJ1,0
7680,FTSJ2,0
7681,FTSJ3,0
7682,FTX,0
7683,FUBP1,0
7684,FUBP3,0
7685,FUCA1,0
7686,FUCA2,0
7687,FUK,0
7688,FUNDC1,0
7689,FUNDC2,0
7690,FUOM,0
7691,FURIN,0
7692,FUS,0
7693,FUT1,0
7694,FUT10,0
7695,FUT11,0
7696,FUT2,0
7697,FUT3,0
7698,FUT4,0
7699,FUT5,0
7700,FUT6,0
7701,FUT7,0
7702,FUT8,0
7703,FUT8-AS1,0
7704,FUT9,0
7705,FUZ,0
7706,FXN,0
7707,FXR1,0
7708,FXR2,0
7709,FXYD1,0
7710,FXYD2,0
7711,FXYD3,0
7712,FXYD4,0
7713,FXYD5,0
7714,FXYD6,0
7715,FXYD6-FXYD2,0
7716,FXYD7,0
7717,FYB,0
7718,FYCO1,0
7719,FYN,1
7720,FYTTD1,0
7721,FZD1,1
7722,FZD10,0
7723,FZD2,1
7724,FZD3,0
7725,FZD4,0
7726,FZD5,1
7727,FZD6,0
7728,FZD7,1
7729,FZD8,0
7730,FZD9,0
7731,FZR1,0
7732,G0S2,0
7733,G2E3,0
7734,G3BP1,0
7735,G3BP2,0
7736,G6PC3,0
7737,G6PD,0
7738,GAA,1
7739,GAB1,0
7740,GAB2,0
7741,GAB3,0
7742,GABARAP,0
7743,GABARAPL1,0
7744,GABARAPL2,0
7745,GABBR1,1
7746,GABBR2,1
7747,GABPA,0
7748,GABPB1,0
7749,GABPB1-AS1,0
7750,GABPB2,0
7751,GABRA2,0
7752,GABRA3,1
7753,GABRA4,0
7754,GABRB1,0
7755,GABRB2,0
7756,GABRB3,0
7757,GABRD,1
7758,GABRE,0
7759,GABRG2,1
7760,GABRG3,0
7761,GABRP,1
7762,GABRQ,1
7763,GABRR1,0
7764,GABRR2,0
7765,GACAT2,0
7766,GACAT3,0
7767,GAD1,0
7768,GADD45A,0
7769,GADD45B,0
7770,GADD45G,0
7771,GADD45GIP1,0
7772,GADL1,0
7773,GAGE10,0
7774,GAGE12J,0
7775,GAK,0
7776,GAL,0
7777,GAL3ST1,0
7778,GAL3ST2,0
7779,GAL3ST3,0
7780,GAL3ST4,0
7781,GALC,0
7782,GALE,0
7783,GALK1,0
7784,GALK2,0
7785,GALM,0
7786,GALNS,0
7787,GALNT1,0
7788,GALNT10,0
7789,GALNT11,0
7790,GALNT12,0
7791,GALNT13,0
7792,GALNT14,0
7793,GALNT15,0
7794,GALNT16,0
7795,GALNT18,0
7796,GALNT2,0
7797,GALNT3,0
7798,GALNT4,0
7799,GALNT5,0
7800,GALNT6,0
7801,GALNT7,0
7802,GALNT8,0
7803,GALNT9,0
7804,GALNTL6,0
7805,GALP,0
7806,GALR1,0
7807,GALR2,0
7808,GALR3,0
7809,GALT,0
7810,GAMT,0
7811,GAN,0
7812,GANAB,0
7813,GANC,0
7814,GAP43,0
7815,GAPDH,0
7816,GAPDHS,0
7817,GAPLINC,0
7818,GAPT,0
7819,GAPVD1,0
7820,GAR1,0
7821,GAREM1,0
7822,GAREM2,0
7823,GARNL3,0
7824,GARS,0
7825,GART,1
7826,GAS1,0
7827,GAS1RR,0
7828,GAS2,0
7829,GAS2L1,0
7830,GAS2L2,0
7831,GAS2L3,0
7832,GAS5-AS1,0
7833,GAS6,1
7834,GAS6-AS1,0
7835,GAS6-AS2,0
7836,GAS7,0
7837,GAS8,0
7838,GAST,0
7839,GATA1,0
7840,GATA2,0
7841,GATA2-AS1,0
7842,GATA3,0
7843,GATA3-AS1,0
7844,GATA4,0
7845,GATA5,0
7846,GATA6,0
7847,GATA6-AS1,0
7848,GATAD1,0
7849,GATAD2A,0
7850,GATAD2B,0
7851,GATB,0
7852,GATC,0
7853,GATM,0
7854,GATM-AS1,0
7855,GATS,0
7856,GATSL2,0
7857,GATSL3,0
7858,GBA,0
7859,GBA2,0
7860,GBAS,0
7861,GBE1,0
7862,GBF1,0
7863,GBGT1,0
7864,GBP1,0
7865,GBP2,0
7866,GBP3,0
7867,GBP4,0
7868,GBP5,0
7869,GBP6,0
7870,GBP7,0
7871,GBX2,0
7872,GC,0
7873,GCA,0
7874,GCAT,0
7875,GCC1,0
7876,GCC2,0
7877,GCC2-AS1,0
7878,GCDH,0
7879,GCFC2,0
7880,GCG,0
7881,GCGR,0
7882,GCH1,0
7883,GCHFR,0
7884,GCK,0
7885,GCKR,0
7886,GCLC,0
7887,GCLM,0
7888,GCM1,0
7889,GCN1,0
7890,GCNT1,0
7891,GCNT2,0
7892,GCNT3,0
7893,GCNT4,0
7894,GCOM1,0
7895,GCSAM,0
7896,GCSAML,0
7897,GCSAML-AS1,0
7898,GCSH,0
7899,GDA,0
7900,GDAP1,0
7901,GDAP1L1,0
7902,GDAP2,0
7903,GDE1,0
7904,GDF10,0
7905,GDF11,0
7906,GDF15,0
7907,GDF3,0
7908,GDF5,0
7909,GDF5OS,0
7910,GDF6,0
7911,GDF7,0
7912,GDF9,0
7913,GDI1,0
7914,GDI2,0
7915,GDNF,0
7916,GDNF-AS1,0
7917,GDPD1,0
7918,GDPD2,0
7919,GDPD3,0
7920,GDPD5,0
7921,GDPGP1,0
7922,GEM,0
7923,GEMIN2,0
7924,GEMIN4,0
7925,GEMIN5,0
7926,GEMIN6,0
7927,GEMIN7,0
7928,GEMIN8,0
7929,GEN1,0
7930,GET4,0
7931,GFAP,0
7932,GFER,0
7933,GFI1,0
7934,GFI1B,0
7935,GFM1,0
7936,GFM2,0
7937,GFOD1,0
7938,GFOD2,0
7939,GFPT1,0
7940,GFPT2,0
7941,GFRA1,1
7942,GFRA2,0
7943,GFRA3,0
7944,GFY,0
7945,GGA1,0
7946,GGA2,0
7947,GGA3,0
7948,GGACT,0
7949,GGCT,0
7950,GGCX,1
7951,GGH,0
7952,GGN,0
7953,GGNBP2,0
7954,GGPS1,0
7955,GGT1,0
7956,GGT2,0
7957,GGT5,0
7958,GGT6,0
7959,GGT7,0
7960,GGTLC1,0
7961,GGTLC2,0
7962,GGTLC3,0
7963,GH1,0
7964,GHDC,0
7965,GHET1,0
7966,GHITM,0
7967,GHR,1
7968,GHRH,0
7969,GHRHR,0
7970,GHRL,0
7971,GHRLOS,0
7972,GID4,0
7973,GID8,0
7974,GIF,0
7975,GIGYF1,0
7976,GIGYF2,0
7977,GIMAP1,0
7978,GIMAP2,0
7979,GIMAP4,0
7980,GIMAP5,0
7981,GIMAP6,0
7982,GIMAP7,0
7983,GIMAP8,0
7984,GIN1,0
7985,GINM1,0
7986,GINS1,0
7987,GINS2,0
7988,GINS3,0
7989,GINS4,0
7990,GIP,0
7991,GIPC1,0
7992,GIPC2,0
7993,GIPC3,0
7994,GIPR,0
7995,GIT1,0
7996,GIT2,0
7997,GJA1,0
7998,GJA3,0
7999,GJA4,0
8000,GJA5,0
8001,GJB1,0
8002,GJB2,0
8003,GJB3,0
8004,GJB4,0
8005,GJB5,0
8006,GJB6,0
8007,GJB7,0
8008,GJC1,0
8009,GJC2,0
8010,GJC3,0
8011,GJD4,0
8012,GK,0
8013,GK-AS1,0
8014,GK5,0
8015,GKAP1,0
8016,GKN2,0
8017,GLA,0
8018,GLB1,0
8019,GLB1L,0
8020,GLB1L2,0
8021,GLB1L3,0
8022,GLCCI1,0
8023,GLCE,0
8024,GLDC,0
8025,GLDN,0
8026,GLE1,0
8027,GLG1,0
8028,GLI1,0
8029,GLI2,0
8030,GLI3,0
8031,GLI4,0
8032,GLIDR,0
8033,GLIPR1,0
8034,GLIPR1L1,0
8035,GLIPR1L2,0
8036,GLIPR2,0
8037,GLIS1,0
8038,GLIS2,0
8039,GLIS2-AS1,0
8040,GLIS3,0
8041,GLIS3-AS1,0
8042,GLMN,0
8043,GLMP,0
8044,GLO1,0
8045,GLOD4,0
8046,GLOD5,0
8047,GLP2R,1
8048,GLRA3,0
8049,GLRB,0
8050,GLRX,0
8051,GLRX2,0
8052,GLRX3,0
8053,GLRX5,0
8054,GLS,1
8055,GLS2,0
8056,GLT1D1,0
8057,GLT8D1,0
8058,GLT8D2,0
8059,GLTP,0
8060,GLTPD2,0
8061,GLTSCR1,0
8062,GLTSCR1L,0
8063,GLTSCR2,0
8064,GLTSCR2-AS1,0
8065,GLUD1,0
8066,GLUD2,0
8067,GLUL,0
8068,GLYATL1,0
8069,GLYATL1P3,0
8070,GLYATL2,0
8071,GLYCTK,0
8072,GLYR1,0
8073,GM2A,0
8074,GMCL1,0
8075,GMDS,0
8076,GMDS-AS1,0
8077,GMEB1,0
8078,GMEB2,0
8079,GMFB,0
8080,GMFG,0
8081,GMIP,0
8082,GML,0
8083,GMNC,0
8084,GMNN,0
8085,GMPPA,0
8086,GMPPB,0
8087,GMPR,0
8088,GMPR2,0
8089,GMPS,1
8090,GNA11,0
8091,GNA12,0
8092,GNA13,0
8093,GNA14,0
8094,GNA15,0
8095,GNAI1,0
8096,GNAI2,0
8097,GNAI3,0
8098,GNAL,0
8099,GNAO1,0
8100,GNAQ,0
8101,GNAS,0
8102,GNAS-AS1,0
8103,GNAT1,0
8104,GNAT2,0
8105,GNAZ,0
8106,GNB1,0
8107,GNB1L,0
8108,GNB2,0
8109,GNB2L1,0
8110,GNB3,0
8111,GNB4,0
8112,GNB5,0
8113,GNE,0
8114,GNG10,0
8115,GNG11,0
8116,GNG12,0
8117,GNG12-AS1,0
8118,GNG13,0
8119,GNG2,0
8120,GNG3,0
8121,GNG4,0
8122,GNG5,0
8123,GNG7,0
8124,GNG8,0
8125,GNGT1,0
8126,GNGT2,0
8127,GNL1,0
8128,GNL2,0
8129,GNL3,0
8130,GNL3L,0
8131,GNLY,0
8132,GNMT,0
8133,GNPAT,0
8134,GNPDA1,0
8135,GNPDA2,0
8136,GNPNAT1,0
8137,GNPTAB,0
8138,GNPTG,0
8139,GNRH1,0
8140,GNRH2,0
8141,GNS,0
8142,GOLGA1,0
8143,GOLGA2,0
8144,GOLGA3,0
8145,GOLGA4,0
8146,GOLGA5,0
8147,GOLGA6L1,0
8148,GOLGA6L10,0
8149,GOLGA6L2,0
8150,GOLGA6L22,0
8151,GOLGA6L4,0
8152,GOLGA6L6,0
8153,GOLGA6L9,0
8154,GOLGA7,0
8155,GOLGA7B,0
8156,GOLGA8A,0
8157,GOLGA8B,0
8158,GOLGA8G,0
8159,GOLGA8H,0
8160,GOLGA8M,0
8161,GOLGA8N,0
8162,GOLGA8O,0
8163,GOLGA8Q,0
8164,GOLGA8R,0
8165,GOLGA8S,0
8166,GOLGB1,0
8167,GOLIM4,0
8168,GOLM1,0
8169,GOLPH3,0
8170,GOLPH3L,0
8171,GOLT1A,0
8172,GOLT1B,0
8173,GON4L,0
8174,GOPC,0
8175,GORAB,0
8176,GORASP1,0
8177,GORASP2,0
8178,GOSR1,0
8179,GOSR2,0
8180,GOT1,0
8181,GOT2,0
8182,GP1BA,0
8183,GP2,0
8184,GP5,0
8185,GP6,0
8186,GP9,0
8187,GPA33,1
8188,GPAA1,0
8189,GPALPP1,0
8190,GPAM,0
8191,GPANK1,0
8192,GPAT2,0
8193,GPAT3,0
8194,GPAT4,0
8195,GPATCH1,0
8196,GPATCH11,0
8197,GPATCH2,0
8198,GPATCH2L,0
8199,GPATCH3,0
8200,GPATCH4,0
8201,GPATCH8,0
8202,GPBAR1,0
8203,GPBP1,0
8204,GPBP1L1,0
8205,GPC1,0
8206,GPC2,0
8207,GPC3,1
8208,GPC4,0
8209,GPC5,0
8210,GPC5-AS1,0
8211,GPC6,0
8212,GPCPD1,0
8213,GPD1,0
8214,GPD1L,0
8215,GPD2,1
8216,GPER1,0
8217,GPHA2,0
8218,GPHN,0
8219,GPI,0
8220,GPIHBP1,0
8221,GPKOW,0
8222,GPLD1,0
8223,GPM6A,0
8224,GPM6B,0
8225,GPN1,0
8226,GPN2,0
8227,GPN3,0
8228,GPNMB,1
8229,GPR1,0
8230,GPR107,0
8231,GPR108,0
8232,GPR12,0
8233,GPR132,0
8234,GPR135,0
8235,GPR137,0
8236,GPR137B,0
8237,GPR137C,0
8238,GPR141,0
8239,GPR143,0
8240,GPR146,0
8241,GPR15,0
8242,GPR150,0
8243,GPR153,0
8244,GPR155,0
8245,GPR156,0
8246,GPR157,0
8247,GPR158,0
8248,GPR158-AS1,0
8249,GPR160,0
8250,GPR161,0
8251,GPR162,0
8252,GPR17,0
8253,GPR171,0
8254,GPR173,0
8255,GPR174,0
8256,GPR176,0
8257,GPR18,0
8258,GPR180,0
8259,GPR182,0
8260,GPR183,0
8261,GPR19,0
8262,GPR20,0
8263,GPR22,0
8264,GPR25,0
8265,GPR27,0
8266,GPR3,0
8267,GPR31,0
8268,GPR34,0
8269,GPR35,0
8270,GPR37,0
8271,GPR37L1,0
8272,GPR39,0
8273,GPR4,0
8274,GPR42,0
8275,GPR52,0
8276,GPR55,0
8277,GPR61,0
8278,GPR62,0
8279,GPR63,0
8280,GPR65,0
8281,GPR68,0
8282,GPR75,0
8283,GPR78,0
8284,GPR82,0
8285,GPR83,0
8286,GPR84,0
8287,GPR85,0
8288,GPR87,0
8289,GPR88,0
8290,GPR89A,0
8291,GPR89B,0
8292,GPRASP1,0
8293,GPRASP2,0
8294,GPRC5A,0
8295,GPRC5B,0
8296,GPRC5C,0
8297,GPRC5D,0
8298,GPRIN1,0
8299,GPRIN2,0
8300,GPRIN3,0
8301,GPS1,0
8302,GPS2,0
8303,GPSM1,0
8304,GPSM2,0
8305,GPSM3,0
8306,GPT,0
8307,GPT2,0
8308,GPX1,0
8309,GPX2,0
8310,GPX3,0
8311,GPX4,0
8312,GPX5,0
8313,GPX6,0
8314,GPX7,0
8315,GPX8,0
8316,GRAMD1A,0
8317,GRAMD1B,0
8318,GRAMD1C,0
8319,GRAMD2,0
8320,GRAMD3,0
8321,GRAMD4,0
8322,GRAP,0
8323,GRAP2,0
8324,GRAPL,0
8325,GRASP,0
8326,GRB10,0
8327,GRB14,0
8328,GRB2,1
8329,GRB7,0
8330,GREB1,0
8331,GREB1L,0
8332,GREM1,0
8333,GREM2,0
8334,GRHL1,0
8335,GRHL2,0
8336,GRHL3,0
8337,GRHPR,0
8338,GRIA1,1
8339,GRIA2,1
8340,GRIA3,1
8341,GRIA4,0
8342,GRID1,0
8343,GRID2,0
8344,GRID2IP,0
8345,GRIK1,0
8346,GRIK1-AS1,0
8347,GRIK2,0
8348,GRIK3,1
8349,GRIK4,1
8350,GRIK5,0
8351,GRIN1,1
8352,GRIN2A,1
8353,GRIN2B,1
8354,GRIN2C,0
8355,GRIN2D,1
8356,GRIN3A,0
8357,GRIN3B,0
8358,GRINA,0
8359,GRIP1,0
8360,GRIP2,0
8361,GRIPAP1,0
8362,GRK1,0
8363,GRK4,0
8364,GRK5,0
8365,GRK6,0
8366,GRK7,0
8367,GRM1,0
8368,GRM2,1
8369,GRM3,1
8370,GRM4,1
8371,GRM5,0
8372,GRM5-AS1,0
8373,GRM6,0
8374,GRM7,0
8375,GRM7-AS1,0
8376,GRM8,0
8377,GRN,0
8378,GRP,0
8379,GRPEL1,0
8380,GRPEL2,0
8381,GRPEL2-AS1,0
8382,GRPR,0
8383,GRSF1,0
8384,GRTP1,0
8385,GRTP1-AS1,0
8386,GRWD1,0
8387,GS1-114I9.1,0
8388,GS1-114I9.3,0
8389,GS1-120K12.4,0
8390,GS1-124K5.11,0
8391,GS1-124K5.3,0
8392,GS1-124K5.4,0
8393,GS1-166A23.1,0
8394,GS1-166A23.2,0
8395,GS1-204I12.4,0
8396,GS1-24F4.2,0
8397,GS1-259H13.2,0
8398,GS1-279B7.2,0
8399,GS1-293C5.1,0
8400,GS1-304P7.3,0
8401,GS1-393G12.13,0
8402,GS1-393G12.14,0
8403,GS1-57L11.1,0
8404,GS1-590J6.3,0
8405,GS1-594A7.3,0
8406,GS1-600G8.5,0
8407,GS1-72M22.1,0
8408,GSAP,0
8409,GSC,0
8410,GSDMA,0
8411,GSDMB,0
8412,GSDMC,0
8413,GSDMD,0
8414,GSE1,0
8415,GSG1,0
8416,GSG1L,0
8417,GSG2,0
8418,GSK3A,1
8419,GSK3B,1
8420,GSKIP,0
8421,GSN,0
8422,GSN-AS1,0
8423,GSPT1,0
8424,GSPT2,0
8425,GSR,1
8426,GSS,0
8427,GSTA1,0
8428,GSTA2,0
8429,GSTA3,0
8430,GSTA4,0
8431,GSTA5,0
8432,GSTCD,0
8433,GSTK1,0
8434,GSTM1,0
8435,GSTM2,0
8436,GSTM3,0
8437,GSTM4,0
8438,GSTM5,0
8439,GSTO1,0
8440,GSTO2,0
8441,GSTP1,1
8442,GSTT2B,0
8443,GSTZ1,0
8444,GSX2,0
8445,GTDC1,0
8446,GTF2A1,0
8447,GTF2A1L,0
8448,GTF2A2,0
8449,GTF2B,0
8450,GTF2E1,0
8451,GTF2E2,0
8452,GTF2F1,0
8453,GTF2F2,0
8454,GTF2H1,0
8455,GTF2H2,0
8456,GTF2H2C,0
8457,GTF2H3,0
8458,GTF2H4,0
8459,GTF2H5,0
8460,GTF2I,0
8461,GTF2IRD1,0
8462,GTF2IRD2,0
8463,GTF2IRD2B,0
8464,GTF3A,0
8465,GTF3C1,0
8466,GTF3C2,0
8467,GTF3C2-AS1,0
8468,GTF3C3,0
8469,GTF3C4,0
8470,GTF3C5,0
8471,GTF3C6,0
8472,GTPBP1,0
8473,GTPBP10,0
8474,GTPBP2,0
8475,GTPBP3,0
8476,GTPBP4,0
8477,GTPBP6,0
8478,GTPBP8,0
8479,GTSCR1,0
8480,GTSE1,0
8481,GTSE1-AS1,0
8482,GTSF1,0
8483,GTSF1L,0
8484,GUCA1A,0
8485,GUCA1B,0
8486,GUCA2A,0
8487,GUCA2B,0
8488,GUCD1,0
8489,GUCY1A2,1
8490,GUCY1A3,0
8491,GUCY1B3,0
8492,GUCY2C,1
8493,GUCY2D,0
8494,GUCY2F,0
8495,GUF1,0
8496,GUK1,0
8497,GULP1,0
8498,GUSB,0
8499,GVQW1,0
8500,GVQW2,0
8501,GXYLT1,0
8502,GXYLT2,0
8503,GYG1,0
8504,GYG2,0
8505,GYLTL1B,0
8506,GYPB,0
8507,GYPC,0
8508,GYPE,0
8509,GYS1,0
8510,GYS2,0
8511,GZF1,0
8512,GZMA,0
8513,GZMB,0
8514,GZMH,0
8515,GZMK,0
8516,GZMM,0
8517,H1F0,0
8518,H1FNT,0
8519,H1FX,0
8520,H1FX-AS1,0
8521,H2AFB1,0
8522,H2AFB3,0
8523,H2AFJ,0
8524,H2AFV,0
8525,H2AFX,0
8526,H2AFY,0
8527,H2AFY2,0
8528,H2AFZ,0
8529,H2BFS,0
8530,H3F3A,0
8531,H3F3B,0
8532,H3F3C,0
8533,H6PD,0
8534,HAAO,0
8535,HABP2,0
8536,HABP4,0
8537,HACD1,0
8538,HACD2,0
8539,HACD3,0
8540,HACD4,0
8541,HACE1,0
8542,HACL1,0
8543,HADH,0
8544,HADHA,0
8545,HADHB,0
8546,HAGH,0
8547,HAGHL,0
8548,HAGLR,0
8549,HAGLROS,0
8550,HAL,0
8551,HAMP,1
8552,HAND1,0
8553,HAND2,0
8554,HAND2-AS1,0
8555,HAO1,0
8556,HAP1,0
8557,HAPLN1,0
8558,HAPLN2,0
8559,HAPLN3,0
8560,HAPLN4,0
8561,HAR1A,0
8562,HAR1B,0
8563,HARBI1,0
8564,HARS,0
8565,HARS2,0
8566,HAS1,0
8567,HAS2,0
8568,HAS2-AS1,0
8569,HAS3,0
8570,HAT1,0
8571,HAUS1,0
8572,HAUS2,0
8573,HAUS3,0
8574,HAUS4,0
8575,HAUS5,0
8576,HAUS6,0
8577,HAUS7,0
8578,HAUS8,0
8579,HAVCR1,0
8580,HAVCR2,1
8581,HAX1,0
8582,HBA1,1
8583,HBA2,1
8584,HBB,1
8585,HBD,0
8586,HBE1,0
8587,HBEGF,1
8588,HBG2,0
8589,HBM,0
8590,HBP1,0
8591,HBQ1,0
8592,HBS1L,0
8593,HBZ,0
8594,HCAR1,0
8595,HCAR2,1
8596,HCAR3,0
8597,HCCAT5,0
8598,HCCS,0
8599,HCFC1,0
8600,HCFC1-AS1,0
8601,HCFC1R1,0
8602,HCFC2,0
8603,HCG11,0
8604,HCG14,0
8605,HCG15,0
8606,HCG16,0
8607,HCG17,0
8608,HCG18,0
8609,HCG20,0
8610,HCG21,0
8611,HCG22,0
8612,HCG23,0
8613,HCG24,0
8614,HCG25,0
8615,HCG27,0
8616,HCG9,0
8617,HCK,1
8618,HCLS1,0
8619,HCN1,0
8620,HCN2,0
8621,HCN3,0
8622,HCN4,0
8623,HCP5B,0
8624,HCRT,0
8625,HCRTR1,0
8626,HCRTR2,0
8627,HCST,0
8628,HDAC1,1
8629,HDAC10,1
8630,HDAC11,1
8631,HDAC11-AS1,0
8632,HDAC2,1
8633,HDAC3,1
8634,HDAC4,1
8635,HDAC5,1
8636,HDAC6,1
8637,HDAC7,1
8638,HDAC8,1
8639,HDAC9,1
8640,HDC,0
8641,HDDC2,0
8642,HDDC3,0
8643,HDGF,0
8644,HDHD2,0
8645,HDHD3,0
8646,HDLBP,0
8647,HDX,0
8648,HEATR1,0
8649,HEATR3,0
8650,HEATR4,0
8651,HEATR5A,0
8652,HEATR5B,0
8653,HEATR6,0
8654,HEATR9,0
8655,HEBP1,0
8656,HEBP2,0
8657,HECA,0
8658,HECTD1,0
8659,HECTD2,0
8660,HECTD3,0
8661,HECTD4,0
8662,HECW1,0
8663,HECW2,0
8664,HEG1,0
8665,HELB,0
8666,HELLS,0
8667,HELQ,0
8668,HELT,0
8669,HELZ,0
8670,HELZ2,0
8671,HEMGN,0
8672,HEMK1,0
8673,HENMT1,0
8674,HEPACAM,0
8675,HEPACAM2,0
8676,HEPH,0
8677,HEPHL1,0
8678,HEPN1,0
8679,HERC1,0
8680,HERC2,0
8681,HERC3,0
8682,HERC4,0
8683,HERC5,0
8684,HERC6,0
8685,HERPUD1,0
8686,HERPUD2,0
8687,HES1,0
8688,HES2,0
8689,HES4,0
8690,HES5,0
8691,HES6,0
8692,HES7,0
8693,HESX1,0
8694,HEXA,0
8695,HEXA-AS1,0
8696,HEXB,0
8697,HEXDC,0
8698,HEXIM1,0
8699,HEXIM2,0
8700,HEY1,0
8701,HEY2,0
8702,HEYL,0
8703,HFE,0
8704,HFM1,0
8705,HGD,0
8706,HGF,1
8707,HGFAC,0
8708,HGH1,0
8709,HGS,0
8710,HGSNAT,0
8711,HHAT,0
8712,HHATL,0
8713,HHEX,0
8714,HHIP,0
8715,HHIP-AS1,0
8716,HHIPL1,0
8717,HHIPL2,0
8718,HHLA1,0
8719,HHLA2,0
8720,HHLA3,0
8721,HIBADH,0
8722,HIBCH,0
8723,HIC1,0
8724,HIC2,0
8725,HID1,0
8726,HID1-AS1,0
8727,HIF1A,0
8728,HIF1A-AS1,0
8729,HIF1A-AS2,0
8730,HIF1AN,0
8731,HIF3A,0
8732,HIGD1A,0
8733,HIGD1B,0
8734,HIGD1C,0
8735,HIGD2A,0
8736,HIGD2B,0
8737,HILPDA,0
8738,HINFP,0
8739,HINT1,0
8740,HINT2,0
8741,HINT3,0
8742,HIP1,0
8743,HIP1R,0
8744,HIPK1,0
8745,HIPK1-AS1,0
8746,HIPK2,0
8747,HIPK3,0
8748,HIPK4,0
8749,HIRA,0
8750,HIRIP3,0
8751,HIST1H1A,0
8752,HIST1H1B,0
8753,HIST1H1C,0
8754,HIST1H1D,0
8755,HIST1H1E,0
8756,HIST1H2AB,0
8757,HIST1H2AC,0
8758,HIST1H2AD,0
8759,HIST1H2AE,0
8760,HIST1H2AG,0
8761,HIST1H2AH,0
8762,HIST1H2AI,0
8763,HIST1H2AJ,0
8764,HIST1H2AK,0
8765,HIST1H2AL,0
8766,HIST1H2AM,0
8767,HIST1H2BB,0
8768,HIST1H2BC,0
8769,HIST1H2BD,0
8770,HIST1H2BE,0
8771,HIST1H2BF,0
8772,HIST1H2BG,0
8773,HIST1H2BH,0
8774,HIST1H2BI,0
8775,HIST1H2BJ,0
8776,HIST1H2BK,0
8777,HIST1H2BL,0
8778,HIST1H2BM,0
8779,HIST1H2BN,0
8780,HIST1H2BO,0
8781,HIST1H3A,0
8782,HIST1H3B,0
8783,HIST1H3C,0
8784,HIST1H3E,0
8785,HIST1H3F,0
8786,HIST1H3G,0
8787,HIST1H3H,0
8788,HIST1H3I,0
8789,HIST1H3J,0
8790,HIST1H4A,0
8791,HIST1H4B,0
8792,HIST1H4C,0
8793,HIST1H4D,0
8794,HIST1H4E,0
8795,HIST1H4F,0
8796,HIST1H4H,0
8797,HIST1H4I,0
8798,HIST1H4J,0
8799,HIST1H4L,0
8800,HIST2H2AA3,0
8801,HIST2H2AA4,0
8802,HIST2H2AB,0
8803,HIST2H2AC,0
8804,HIST2H2BE,0
8805,HIST2H2BF,0
8806,HIST2H3D,0
8807,HIST2H4A,0
8808,HIST2H4B,0
8809,HIST3H2A,0
8810,HIST3H2BB,0
8811,HIST4H4,0
8812,HIVEP1,0
8813,HIVEP2,0
8814,HIVEP3,0
8815,HJURP,0
8816,HK1,0
8817,HK2,0
8818,HK3,0
8819,HKDC1,0
8820,HKR1,0
8821,HLA-A,0
8822,HLA-B,0
8823,HLA-C,0
8824,HLA-DMA,0
8825,HLA-DMB,0
8826,HLA-DOA,0
8827,HLA-DOB,0
8828,HLA-DPA1,0
8829,HLA-DPB1,0
8830,HLA-DQA1,0
8831,HLA-DQA2,0
8832,HLA-DQB1,0
8833,HLA-DQB1-AS1,0
8834,HLA-DQB2,0
8835,HLA-DRA,0
8836,HLA-DRB1,1
8837,HLA-DRB5,1
8838,HLA-E,0
8839,HLA-F,0
8840,HLA-G,0
8841,HLCS,0
8842,HLF,0
8843,HLTF,0
8844,HLX,0
8845,HLX-AS1,0
8846,HM13,0
8847,HM13-AS1,0
8848,HMBOX1,0
8849,HMBS,0
8850,HMCES,0
8851,HMCN1,0
8852,HMCN2,0
8853,HMG20A,0
8854,HMG20B,0
8855,HMGA1,0
8856,HMGA1P4,0
8857,HMGA2,0
8858,HMGB1,1
8859,HMGB2,0
8860,HMGB3,0
8861,HMGCL,0
8862,HMGCLL1,0
8863,HMGCR,1
8864,HMGCS1,0
8865,HMGCS2,0
8866,HMGN1,0
8867,HMGN2,0
8868,HMGN3,0
8869,HMGN3-AS1,0
8870,HMGN4,0
8871,HMGN5,0
8872,HMGXB3,0
8873,HMGXB4,0
8874,HMHA1,0
8875,HMHB1,0
8876,HMMR,0
8877,HMOX1,0
8878,HMOX2,0
8879,HMP19,0
8880,HMSD,0
8881,HMX1,0
8882,HMX2,0
8883,HN1,0
8884,HN1L,0
8885,HNF1A,0
8886,HNF1B,0
8887,HNF4A,1
8888,HNF4G,0
8889,HNMT,0
8890,HNRNPA0,0
8891,HNRNPA1,0
8892,HNRNPA1L2,0
8893,HNRNPA2B1,0
8894,HNRNPA3,0
8895,HNRNPAB,0
8896,HNRNPC,0
8897,HNRNPCL1,0
8898,HNRNPD,0
8899,HNRNPDL,0
8900,HNRNPF,0
8901,HNRNPH1,0
8902,HNRNPH2,0
8903,HNRNPH3,0
8904,HNRNPK,0
8905,HNRNPL,0
8906,HNRNPLL,0
8907,HNRNPM,0
8908,HNRNPR,0
8909,HNRNPU,0
8910,HNRNPU-AS1,0
8911,HNRNPUL1,0
8912,HNRNPUL2,0
8913,HNRNPUL2-BSCL2,0
8914,HOGA1,0
8915,HOMER1,0
8916,HOMER2,0
8917,HOMER3,0
8918,HOMEZ,0
8919,HOOK1,0
8920,HOOK2,0
8921,HOOK3,0
8922,HOPX,0
8923,HORMAD1,0
8924,HORMAD2,0
8925,HORMAD2-AS1,0
8926,HOTAIR,0
8927,HOTAIRM1,0
8928,HOTTIP,0
8929,HOXA-AS2,0
8930,HOXA-AS3,0
8931,HOXA1,0
8932,HOXA10,0
8933,HOXA10-AS,0
8934,HOXA11,0
8935,HOXA11-AS,0
8936,HOXA13,0
8937,HOXA2,0
8938,HOXA3,0
8939,HOXA4,0
8940,HOXA5,0
8941,HOXA6,0
8942,HOXA7,0
8943,HOXA9,0
8944,HOXB-AS1,0
8945,HOXB-AS3,0
8946,HOXB1,0
8947,HOXB13,0
8948,HOXB2,0
8949,HOXB3,0
8950,HOXB4,0
8951,HOXB5,0
8952,HOXB6,0
8953,HOXB7,0
8954,HOXB8,0
8955,HOXB9,0
8956,HOXC-AS1,0
8957,HOXC10,0
8958,HOXC11,0
8959,HOXC12,0
8960,HOXC13,0
8961,HOXC13-AS,0
8962,HOXC4,0
8963,HOXC5,0
8964,HOXC6,0
8965,HOXC8,0
8966,HOXC9,0
8967,HOXD-AS2,0
8968,HOXD1,0
8969,HOXD10,0
8970,HOXD11,0
8971,HOXD13,0
8972,HOXD3,0
8973,HOXD4,0
8974,HOXD8,0
8975,HOXD9,0
8976,HP,0
8977,HP09025,0
8978,HP1BP3,0
8979,HPCA,0
8980,HPCAL1,0
8981,HPCAL4,0
8982,HPD,1
8983,HPDL,0
8984,HPGD,0
8985,HPGDS,0
8986,HPN,0
8987,HPN-AS1,0
8988,HPR,0
8989,HPRT1,0
8990,HPS1,0
8991,HPS3,0
8992,HPS4,0
8993,HPS5,0
8994,HPS6,0
8995,HPSE,1
8996,HPSE2,0
8997,HPX,0
8998,HR,0
8999,HRAS,1
9000,HRASLS,0
9001,HRASLS2,0
9002,HRASLS5,0
9003,HRAT17,0
9004,HRAT92,0
9005,HRC,0
9006,HRCT1,0
9007,HRG,0
9008,HRH1,1
9009,HRH2,0
9010,HRH4,1
9011,HRK,0
9012,HRSP12,0
9013,HS1BP3,0
9014,HS2ST1,0
9015,HS3ST1,0
9016,HS3ST2,0
9017,HS3ST3A1,0
9018,HS3ST3B1,0
9019,HS3ST4,0
9020,HS3ST5,0
9021,HS3ST6,0
9022,HS6ST1,0
9023,HS6ST2,0
9024,HS6ST3,0
9025,HSBP1,0
9026,HSBP1L1,0
9027,HSCB,0
9028,HSD11B1,1
9029,HSD11B1L,0
9030,HSD11B2,1
9031,HSD17B1,0
9032,HSD17B10,0
9033,HSD17B11,0
9034,HSD17B12,0
9035,HSD17B13,0
9036,HSD17B14,0
9037,HSD17B2,0
9038,HSD17B3,0
9039,HSD17B4,0
9040,HSD17B6,0
9041,HSD17B7,0
9042,HSD17B8,0
9043,HSD3B7,0
9044,HSDL1,0
9045,HSDL2,0
9046,HSF1,0
9047,HSF2,0
9048,HSF2BP,0
9049,HSF4,0
9050,HSF5,0
9051,HSH2D,0
9052,HSP90AA1,1
9053,HSP90AB1,1
9054,HSP90B1,0
9055,HSPA12A,0
9056,HSPA12B,0
9057,HSPA13,0
9058,HSPA14,0
9059,HSPA1A,1
9060,HSPA1B,1
9061,HSPA1L,0
9062,HSPA2,0
9063,HSPA4,0
9064,HSPA4L,0
9065,HSPA5,0
9066,HSPA6,0
9067,HSPA8,1
9068,HSPA9,0
9069,HSPB1,1
9070,HSPB11,0
9071,HSPB2,0
9072,HSPB3,0
9073,HSPB6,0
9074,HSPB7,0
9075,HSPB8,0
9076,HSPB9,0
9077,HSPBAP1,0
9078,HSPBP1,0
9079,HSPD1,0
9080,HSPE1,0
9081,HSPG2,0
9082,HSPH1,0
9083,HTATIP2,0
9084,HTATSF1,0
9085,HTR1D,0
9086,HTR1E,0
9087,HTR1F,0
9088,HTR2A,1
9089,HTR2B,0
9090,HTR2C,1
9091,HTR3A,1
9092,HTR3C,0
9093,HTR3E,0
9094,HTR4,1
9095,HTR7,0
9096,HTRA1,0
9097,HTRA2,0
9098,HTRA3,0
9099,HTRA4,0
9100,HTT,1
9101,HULC,0
9102,HUNK,0
9103,HUS1,0
9104,HUS1B,0
9105,HUWE1,0
9106,HVCN1,0
9107,HYAL1,0
9108,HYAL2,0
9109,HYAL3,0
9110,HYAL4,0
9111,HYDIN,0
9112,HYI,0
9113,HYI-AS1,0
9114,HYKK,0
9115,HYLS1,0
9116,HYOU1,0
9117,HYPK,0
9118,HYPM,0
9119,IAH1,0
9120,IAPP,0
9121,IARS,0
9122,IARS2,0
9123,IBA57,0
9124,IBA57-AS1,0
9125,IBSP,0
9126,IBTK,0
9127,ICA1,0
9128,ICA1L,0
9129,ICAM1,1
9130,ICAM2,0
9131,ICAM3,0
9132,ICAM4,0
9133,ICAM5,0
9134,ICE1,0
9135,ICE2,0
9136,ICK,0
9137,ICMT,0
9138,ICOS,1
9139,ICOSLG,1
9140,ICT1,0
9141,ID1,0
9142,ID2,0
9143,ID2-AS1,0
9144,ID3,0
9145,ID4,0
9146,IDE,0
9147,IDH1,1
9148,IDH1-AS1,0
9149,IDH2,1
9150,IDH3A,0
9151,IDH3B,0
9152,IDH3G,0
9153,IDI1,0
9154,IDI2,0
9155,IDI2-AS1,0
9156,IDNK,0
9157,IDO1,1
9158,IDO2,0
9159,IDS,0
9160,IDUA,0
9161,IER2,0
9162,IER3,0
9163,IER3IP1,0
9164,IER5,0
9165,IER5L,0
9166,IFFO1,0
9167,IFFO2,0
9168,IFI16,0
9169,IFI27,0
9170,IFI27L1,0
9171,IFI27L2,0
9172,IFI30,0
9173,IFI35,0
9174,IFI44,0
9175,IFI44L,0
9176,IFI6,0
9177,IFIH1,0
9178,IFIT1,0
9179,IFIT2,0
9180,IFIT3,0
9181,IFIT5,0
9182,IFITM1,0
9183,IFITM10,0
9184,IFITM2,0
9185,IFITM3,0
9186,IFITM5,0
9187,IFNA1,1
9188,IFNAR1,1
9189,IFNAR2,1
9190,IFNB1,1
9191,IFNE,0
9192,IFNG,1
9193,IFNG-AS1,0
9194,IFNGR1,1
9195,IFNGR2,1
9196,IFNL1,0
9197,IFNL2,0
9198,IFNLR1,0
9199,IFRD1,0
9200,IFRD2,0
9201,IFT122,0
9202,IFT140,0
9203,IFT172,0
9204,IFT20,0
9205,IFT22,0
9206,IFT27,0
9207,IFT43,0
9208,IFT46,0
9209,IFT52,0
9210,IFT57,0
9211,IFT74,0
9212,IFT74-AS1,0
9213,IFT80,0
9214,IFT81,0
9215,IFT88,0
9216,IGBP1,0
9217,IGBP1-AS2,0
9218,IGDCC3,0
9219,IGDCC4,0
9220,IGF1,1
9221,IGF1R,1
9222,IGF2,1
9223,IGF2-AS,0
9224,IGF2BP1,0
9225,IGF2BP2,0
9226,IGF2BP3,0
9227,IGF2R,0
9228,IGFALS,0
9229,IGFBP1,0
9230,IGFBP2,0
9231,IGFBP3,0
9232,IGFBP4,0
9233,IGFBP5,0
9234,IGFBP6,0
9235,IGFBP7,0
9236,IGFBP7-AS1,0
9237,IGFBPL1,0
9238,IGFL1,0
9239,IGFL2,0
9240,IGFL3,0
9241,IGFL4,0
9242,IGFLR1,0
9243,IGFN1,0
9244,IGHA1,0
9245,IGHA2,0
9246,IGHD,0
9247,IGHE,1
9248,IGHEP1,0
9249,IGHEP2,0
9250,IGHG1,0
9251,IGHG2,0
9252,IGHG3,0
9253,IGHG4,0
9254,IGHGP,0
9255,IGHM,0
9256,IGHMBP2,0
9257,IGHV1-18,0
9258,IGHV1-2,0
9259,IGHV1-24,0
9260,IGHV1-3,0
9261,IGHV1-46,0
9262,IGHV1-58,0
9263,IGHV1-69,0
9264,IGHV1-69-2,0
9265,IGHV2-26,0
9266,IGHV2-5,0
9267,IGHV2-70,0
9268,IGHV3-11,0
9269,IGHV3-13,0
9270,IGHV3-15,0
9271,IGHV3-20,0
9272,IGHV3-21,0
9273,IGHV3-23,0
9274,IGHV3-30,0
9275,IGHV3-33,0
9276,IGHV3-43,0
9277,IGHV3-48,0
9278,IGHV3-49,0
9279,IGHV3-53,0
9280,IGHV3-64,0
9281,IGHV3-66,0
9282,IGHV3-7,0
9283,IGHV3-72,0
9284,IGHV3-73,0
9285,IGHV3-74,0
9286,IGHV4-28,0
9287,IGHV4-31,0
9288,IGHV4-34,0
9289,IGHV4-39,0
9290,IGHV4-4,0
9291,IGHV4-55,0
9292,IGHV4-59,0
9293,IGHV4-61,0
9294,IGHV5-51,0
9295,IGHV5-78,0
9296,IGHV6-1,0
9297,IGIP,0
9298,IGKC,0
9299,IGKV1-12,0
9300,IGKV1-16,0
9301,IGKV1-17,0
9302,IGKV1-27,0
9303,IGKV1-39,0
9304,IGKV1-5,0
9305,IGKV1-6,0
9306,IGKV1-8,0
9307,IGKV1-9,0
9308,IGKV1D-12,0
9309,IGKV1D-13,0
9310,IGKV1D-16,0
9311,IGKV1D-17,0
9312,IGKV1D-33,0
9313,IGKV1D-39,0
9314,IGKV1D-43,0
9315,IGKV1D-8,0
9316,IGKV2-24,0
9317,IGKV2-26,0
9318,IGKV2-29,0
9319,IGKV2-30,0
9320,IGKV2D-24,0
9321,IGKV2D-28,0
9322,IGKV2D-29,0
9323,IGKV2D-30,0
9324,IGKV3-11,0
9325,IGKV3-15,0
9326,IGKV3-20,0
9327,IGKV3D-11,0
9328,IGKV3D-15,0
9329,IGKV3D-20,0
9330,IGKV4-1,0
9331,IGKV5-2,0
9332,IGKV6-21,0
9333,IGKV6D-21,0
9334,IGLC2,0
9335,IGLC3,0
9336,IGLC4,0
9337,IGLC5,0
9338,IGLC6,0
9339,IGLC7,0
9340,IGLL1,0
9341,IGLL5,0
9342,IGLON5,0
9343,IGLV1-36,0
9344,IGLV1-40,0
9345,IGLV1-44,0
9346,IGLV1-47,0
9347,IGLV1-51,0
9348,IGLV10-54,0
9349,IGLV11-55,0
9350,IGLV2-11,0
9351,IGLV2-14,0
9352,IGLV2-18,0
9353,IGLV2-23,0
9354,IGLV2-8,0
9355,IGLV3-1,0
9356,IGLV3-10,0
9357,IGLV3-16,0
9358,IGLV3-19,0
9359,IGLV3-21,0
9360,IGLV3-25,0
9361,IGLV3-27,0
9362,IGLV3-9,0
9363,IGLV4-60,0
9364,IGLV4-69,0
9365,IGLV5-37,0
9366,IGLV5-45,0
9367,IGLV5-48,0
9368,IGLV5-52,0
9369,IGLV6-57,0
9370,IGLV7-43,0
9371,IGLV7-46,0
9372,IGLV8-61,0
9373,IGLV9-49,0
9374,IGLVI-70,0
9375,IGSF1,0
9376,IGSF10,0
9377,IGSF11,0
9378,IGSF21,0
9379,IGSF22,0
9380,IGSF23,0
9381,IGSF3,0
9382,IGSF5,0
9383,IGSF6,0
9384,IGSF8,0
9385,IGSF9,0
9386,IGSF9B,0
9387,IHH,0
9388,IK,0
9389,IKBIP,0
9390,IKBKAP,0
9391,IKBKB,1
9392,IKBKE,0
9393,IKBKG,0
9394,IKZF1,0
9395,IKZF2,0
9396,IKZF3,0
9397,IKZF4,0
9398,IKZF5,0
9399,IL10,1
9400,IL10RA,1
9401,IL10RB,1
9402,IL10RB-AS1,0
9403,IL11,0
9404,IL11RA,1
9405,IL12A,1
9406,IL12A-AS1,0
9407,IL12B,1
9408,IL12RB1,0
9409,IL12RB2,0
9410,IL13,1
9411,IL13RA1,1
9412,IL13RA2,1
9413,IL15,1
9414,IL15RA,0
9415,IL16,0
9416,IL17A,1
9417,IL17B,0
9418,IL17C,0
9419,IL17D,0
9420,IL17F,1
9421,IL17RA,1
9422,IL17RB,0
9423,IL17RC,0
9424,IL17RD,0
9425,IL17RE,0
9426,IL18,1
9427,IL18BP,0
9428,IL18R1,1
9429,IL18RAP,1
9430,IL19,0
9431,IL1A,1
9432,IL1B,1
9433,IL1F10,0
9434,IL1R1,1
9435,IL1R2,0
9436,IL1RAP,0
9437,IL1RAPL1,0
9438,IL1RAPL2,0
9439,IL1RL1,1
9440,IL1RL2,0
9441,IL1RN,0
9442,IL2,0
9443,IL20,1
9444,IL20RA,0
9445,IL20RB,0
9446,IL21,1
9447,IL21-AS1,0
9448,IL21R,0
9449,IL21R-AS1,0
9450,IL22,1
9451,IL22RA1,1
9452,IL22RA2,0
9453,IL23A,1
9454,IL23R,0
9455,IL24,0
9456,IL26,0
9457,IL27,0
9458,IL27RA,0
9459,IL2RA,1
9460,IL2RB,1
9461,IL2RG,1
9462,IL3,0
9463,IL31,0
9464,IL31RA,1
9465,IL32,0
9466,IL33,1
9467,IL34,0
9468,IL36B,0
9469,IL36G,0
9470,IL36RN,0
9471,IL37,0
9472,IL3RA,1
9473,IL4,1
9474,IL4I1,0
9475,IL4R,1
9476,IL5,1
9477,IL5RA,1
9478,IL6,1
9479,IL6R,1
9480,IL6ST,1
9481,IL7,0
9482,IL7R,0
9483,IL9R,0
9484,ILDR1,0
9485,ILDR2,0
9486,ILF2,0
9487,ILF3,0
9488,ILF3-AS1,0
9489,ILK,0
9490,ILKAP,0
9491,ILVBL,0
9492,IMMP1L,0
9493,IMMP2L,0
9494,IMMT,0
9495,IMP3,0
9496,IMP4,0
9497,IMPA1,0
9498,IMPA2,0
9499,IMPACT,0
9500,IMPAD1,0
9501,IMPDH1,1
9502,IMPDH2,1
9503,IMPG1,0
9504,IMPG2,0
9505,INA,0
9506,INADL,0
9507,INAFM1,0
9508,INAFM2,0
9509,INCA1,0
9510,INCENP,0
9511,INE2,0
9512,INF2,0
9513,ING1,0
9514,ING2,0
9515,ING3,0
9516,ING4,0
9517,ING5,0
9518,INHA,0
9519,INHBA,1
9520,INHBA-AS1,0
9521,INHBB,0
9522,INHBE,0
9523,INIP,0
9524,INMT,0
9525,INMT-FAM188B,0
9526,INO80,0
9527,INO80B,0
9528,INO80C,0
9529,INO80D,0
9530,INO80E,0
9531,INPP1,0
9532,INPP4A,0
9533,INPP4B,0
9534,INPP5A,0
9535,INPP5B,0
9536,INPP5D,1
9537,INPP5E,0
9538,INPP5F,0
9539,INPP5J,0
9540,INPP5K,0
9541,INPPL1,0
9542,INSC,0
9543,INSIG1,0
9544,INSIG2,0
9545,INSL3,0
9546,INSL4,0
9547,INSL5,0
9548,INSM1,0
9549,INSM2,0
9550,INSR,1
9551,INSRR,0
9552,INTS1,0
9553,INTS10,0
9554,INTS12,0
9555,INTS2,0
9556,INTS3,0
9557,INTS4,0
9558,INTS5,0
9559,INTS6,0
9560,INTS6-AS1,0
9561,INTS7,0
9562,INTS8,0
9563,INTS9,0
9564,INTU,0
9565,INVS,0
9566,IP6K1,0
9567,IP6K2,0
9568,IP6K3,0
9569,IPCEF1,0
9570,IPMK,0
9571,IPO11,0
9572,IPO13,0
9573,IPO4,0
9574,IPO5,0
9575,IPO7,0
9576,IPO8,0
9577,IPO9,0
9578,IPO9-AS1,0
9579,IPP,0
9580,IPPK,0
9581,IQCA1,0
9582,IQCB1,0
9583,IQCC,0
9584,IQCD,0
9585,IQCE,0
9586,IQCG,0
9587,IQCH,0
9588,IQCH-AS1,0
9589,IQCJ-SCHIP1,0
9590,IQCJ-SCHIP1-AS1,0
9591,IQCK,0
9592,IQGAP1,0
9593,IQGAP2,0
9594,IQGAP3,0
9595,IQSEC1,0
9596,IQSEC2,0
9597,IQSEC3,0
9598,IQUB,0
9599,IRAK1,1
9600,IRAK1BP1,0
9601,IRAK2,0
9602,IRAK3,0
9603,IRAK4,0
9604,IREB2,0
9605,IRF1,0
9606,IRF2,0
9607,IRF2BP1,0
9608,IRF2BP2,0
9609,IRF2BPL,0
9610,IRF3,0
9611,IRF4,0
9612,IRF5,0
9613,IRF6,0
9614,IRF7,0
9615,IRF8,0
9616,IRF9,0
9617,IRG1,0
9618,IRGM,0
9619,IRGQ,0
9620,IRS1,1
9621,IRS2,0
9622,IRX1,0
9623,IRX2,0
9624,IRX3,0
9625,IRX4,0
9626,IRX5,0
9627,IRX6,0
9628,ISCA1,0
9629,ISCA2,0
9630,ISCU,0
9631,ISG15,0
9632,ISG20,0
9633,ISG20L2,0
9634,ISL1,0
9635,ISL2,0
9636,ISLR,0
9637,ISLR2,0
9638,ISM1,0
9639,ISM2,0
9640,ISOC1,0
9641,ISOC2,0
9642,ISPD,0
9643,IST1,0
9644,ISY1,0
9645,ISYNA1,0
9646,ITCH,0
9647,ITCH-AS1,0
9648,ITFG1,0
9649,ITFG1-AS1,0
9650,ITFG2,0
9651,ITGA1,0
9652,ITGA10,0
9653,ITGA11,0
9654,ITGA2,1
9655,ITGA2B,1
9656,ITGA3,0
9657,ITGA4,1
9658,ITGA5,1
9659,ITGA6,0
9660,ITGA7,0
9661,ITGA8,0
9662,ITGA9,0
9663,ITGAD,0
9664,ITGAE,0
9665,ITGAL,1
9666,ITGAM,1
9667,ITGAV,1
9668,ITGAX,0
9669,ITGB1,1
9670,ITGB1BP1,0
9671,ITGB1BP2,0
9672,ITGB2,1
9673,ITGB2-AS1,0
9674,ITGB3,1
9675,ITGB3BP,0
9676,ITGB4,0
9677,ITGB5,1
9678,ITGB6,1
9679,ITGB7,0
9680,ITGB8,1
9681,ITGBL1,0
9682,ITIH1,0
9683,ITIH2,0
9684,ITIH3,0
9685,ITIH4,0
9686,ITIH5,0
9687,ITIH6,0
9688,ITK,1
9689,ITLN1,0
9690,ITLN2,0
9691,ITM2A,0
9692,ITM2B,0
9693,ITM2C,0
9694,ITPA,0
9695,ITPK1,0
9696,ITPK1-AS1,0
9697,ITPKA,0
9698,ITPKB,0
9699,ITPKB-AS1,0
9700,ITPKC,0
9701,ITPR1,0
9702,ITPR1-AS1,0
9703,ITPR2,0
9704,ITPR3,0
9705,ITPRIP,0
9706,ITPRIPL1,0
9707,ITPRIPL2,0
9708,ITSN1,0
9709,ITSN2,0
9710,IVD,0
9711,IVL,0
9712,IVNS1ABP,0
9713,IWS1,0
9714,IYD,0
9715,IZUMO1,0
9716,IZUMO2,0
9717,IZUMO4,0
9718,JADE1,0
9719,JADE2,0
9720,JADE3,0
9721,JADRR,0
9722,JAG1,0
9723,JAG2,0
9724,JAGN1,0
9725,JAK1,1
9726,JAK2,1
9727,JAK3,1
9728,JAKMIP1,0
9729,JAKMIP2,0
9730,JAKMIP2-AS1,0
9731,JAKMIP3,0
9732,JAM2,0
9733,JAM3,0
9734,JAML,0
9735,JARID2,0
9736,JARID2-AS1,0
9737,JAZF1,0
9738,JAZF1-AS1,0
9739,JCHAIN,0
9740,JDP2,0
9741,JHDM1D-AS1,0
9742,JKAMP,0
9743,JMJD1C,0
9744,JMJD1C-AS1,0
9745,JMJD4,0
9746,JMJD6,0
9747,JMJD7,0
9748,JMJD7-PLA2G4B,0
9749,JMJD8,0
9750,JMY,0
9751,JOSD1,0
9752,JOSD2,0
9753,JPH1,0
9754,JPH2,0
9755,JPH3,0
9756,JPH4,0
9757,JPX,0
9758,JRK,0
9759,JRKL,0
9760,JSRP1,0
9761,JTB,0
9762,JUN,0
9763,JUNB,0
9764,JUND,0
9765,JUP,0
9766,KAAG1,0
9767,KALRN,0
9768,KANK1,0
9769,KANK2,0
9770,KANK3,0
9771,KANK4,0
9772,KANSL1,0
9773,KANSL1-AS1,0
9774,KANSL1L,0
9775,KANSL2,0
9776,KANSL3,0
9777,KANTR,0
9778,KARS,0
9779,KAT2A,0
9780,KAT2B,0
9781,KAT5,0
9782,KAT6A,0
9783,KAT6B,0
9784,KAT7,0
9785,KAT8,0
9786,KATNA1,0
9787,KATNAL1,0
9788,KATNAL2,0
9789,KATNB1,0
9790,KATNBL1,0
9791,KAZALD1,0
9792,KAZN,0
9793,KB-1043D8.6,0
9794,KB-1107E3.1,0
9795,KB-1125A3.11,0
9796,KB-1125A3.12,0
9797,KB-1183D5.13,0
9798,KB-1208A12.3,0
9799,KB-1254G8.1,0
9800,KB-1410C5.5,0
9801,KB-1440D3.14,0
9802,KB-1458E12.1,0
9803,KB-1460A1.3,0
9804,KB-1460A1.5,0
9805,KB-1466C5.1,0
9806,KB-1471A8.1,0
9807,KB-1507C5.3,0
9808,KB-1507C5.4,0
9809,KB-1562D12.1,0
9810,KB-1592A4.15,0
9811,KB-1615E4.2,0
9812,KB-1615E4.3,0
9813,KB-1732A1.1,0
9814,KB-173C10.1,0
9815,KB-173C10.2,0
9816,KB-1836B5.4,0
9817,KB-1930G5.4,0
9818,KB-1980E6.3,0
9819,KB-1991G8.1,0
9820,KB-208E9.1,0
9821,KB-226F1.2,0
9822,KB-431C1.5,0
9823,KB-51A8.1,0
9824,KB-68A7.1,0
9825,KBTBD11,0
9826,KBTBD11-OT1,0
9827,KBTBD12,0
9828,KBTBD2,0
9829,KBTBD3,0
9830,KBTBD4,0
9831,KBTBD6,0
9832,KBTBD7,0
9833,KBTBD8,0
9834,KC6,0
9835,KCCAT211,0
9836,KCMF1,0
9837,KCNA1,1
9838,KCNA2,1
9839,KCNA3,1
9840,KCNA4,1
9841,KCNA5,1
9842,KCNA7,0
9843,KCNAB1,0
9844,KCNAB2,0
9845,KCNAB3,0
9846,KCNB1,1
9847,KCNB2,0
9848,KCNC1,0
9849,KCNC2,0
9850,KCNC3,0
9851,KCNC4,1
9852,KCNC4-AS1,0
9853,KCND1,1
9854,KCND2,1
9855,KCND3,0
9856,KCNE1,0
9857,KCNE1B,0
9858,KCNE2,0
9859,KCNE3,0
9860,KCNE4,0
9861,KCNE5,0
9862,KCNF1,1
9863,KCNG1,0
9864,KCNG2,0
9865,KCNG3,0
9866,KCNH1,0
9867,KCNH2,1
9868,KCNH3,0
9869,KCNH4,0
9870,KCNH5,0
9871,KCNH6,0
9872,KCNH7,1
9873,KCNH8,0
9874,KCNIP1,0
9875,KCNIP2,0
9876,KCNIP2-AS1,0
9877,KCNIP3,0
9878,KCNIP4,0
9879,KCNIP4-IT1,0
9880,KCNJ1,0
9881,KCNJ10,0
9882,KCNJ11,1
9883,KCNJ12,0
9884,KCNJ13,0
9885,KCNJ14,0
9886,KCNJ15,0
9887,KCNJ16,0
9888,KCNJ2,0
9889,KCNJ2-AS1,0
9890,KCNJ3,1
9891,KCNJ4,0
9892,KCNJ5,1
9893,KCNJ6,0
9894,KCNJ8,1
9895,KCNJ9,0
9896,KCNK1,0
9897,KCNK10,0
9898,KCNK12,0
9899,KCNK13,0
9900,KCNK15,0
9901,KCNK15-AS1,0
9902,KCNK17,0
9903,KCNK2,0
9904,KCNK3,1
9905,KCNK4,0
9906,KCNK5,0
9907,KCNK6,0
9908,KCNK7,0
9909,KCNK9,1
9910,KCNMA1,1
9911,KCNMB1,0
9912,KCNMB2,0
9913,KCNMB2-AS1,0
9914,KCNMB3,0
9915,KCNMB4,0
9916,KCNN1,0
9917,KCNN2,0
9918,KCNN3,0
9919,KCNN4,1
9920,KCNQ1,1
9921,KCNQ1-AS1,0
9922,KCNQ1DN,0
9923,KCNQ1OT1,0
9924,KCNQ2,1
9925,KCNQ3,1
9926,KCNQ4,1
9927,KCNQ5,0
9928,KCNRG,0
9929,KCNS1,0
9930,KCNS2,0
9931,KCNS3,1
9932,KCNT1,0
9933,KCNT2,0
9934,KCNV1,1
9935,KCP,0
9936,KCTD1,0
9937,KCTD10,0
9938,KCTD11,0
9939,KCTD12,0
9940,KCTD13,0
9941,KCTD14,0
9942,KCTD15,0
9943,KCTD16,0
9944,KCTD17,0
9945,KCTD18,0
9946,KCTD19,0
9947,KCTD2,0
9948,KCTD20,0
9949,KCTD21,0
9950,KCTD21-AS1,0
9951,KCTD3,0
9952,KCTD4,0
9953,KCTD5,0
9954,KCTD6,0
9955,KCTD7,0
9956,KCTD8,0
9957,KCTD9,0
9958,KDELC1,0
9959,KDELC2,0
9960,KDELR1,0
9961,KDELR2,0
9962,KDELR3,0
9963,KDF1,0
9964,KDM1A,1
9965,KDM1B,0
9966,KDM2A,0
9967,KDM2B,0
9968,KDM3A,0
9969,KDM3B,0
9970,KDM4A,0
9971,KDM4A-AS1,0
9972,KDM4B,0
9973,KDM4C,0
9974,KDM4D,0
9975,KDM5A,0
9976,KDM5B,0
9977,KDM5C,0
9978,KDM5D,0
9979,KDM6A,0
9980,KDM6B,0
9981,KDM7A,0
9982,KDM8,0
9983,KDR,1
9984,KDSR,0
9985,KEAP1,1
9986,KEL,0
9987,KERA,0
9988,KHDC1,0
9989,KHDC1L,0
9990,KHDRBS1,0
9991,KHDRBS2,0
9992,KHDRBS3,0
9993,KHK,0
9994,KHNYN,0
9995,KHSRP,0
9996,KIAA0040,0
9997,KIAA0087,0
9998,KIAA0100,0
9999,KIAA0101,0
10000,KIAA0125,0
10001,KIAA0141,0
10002,KIAA0196,0
10003,KIAA0226L,0
10004,KIAA0232,0
10005,KIAA0319,0
10006,KIAA0319L,0
10007,KIAA0355,0
10008,KIAA0368,0
10009,KIAA0391,0
10010,KIAA0408,0
10011,KIAA0430,0
10012,KIAA0513,0
10013,KIAA0556,0
10014,KIAA0586,0
10015,KIAA0753,0
10016,KIAA0825,0
10017,KIAA0895,0
10018,KIAA0895L,0
10019,KIAA0907,0
10020,KIAA0922,0
10021,KIAA0930,0
10022,KIAA1024,0
10023,KIAA1024L,0
10024,KIAA1033,0
10025,KIAA1107,0
10026,KIAA1109,0
10027,KIAA1143,0
10028,KIAA1147,0
10029,KIAA1161,0
10030,KIAA1191,0
10031,KIAA1210,0
10032,KIAA1211,0
10033,KIAA1211L,0
10034,KIAA1217,0
10035,KIAA1257,0
10036,KIAA1324,0
10037,KIAA1324L,0
10038,KIAA1328,0
10039,KIAA1429,0
10040,KIAA1456,0
10041,KIAA1462,0
10042,KIAA1468,0
10043,KIAA1522,0
10044,KIAA1524,0
10045,KIAA1549,0
10046,KIAA1549L,0
10047,KIAA1551,0
10048,KIAA1586,0
10049,KIAA1614,0
10050,KIAA1614-AS1,0
10051,KIAA1644,0
10052,KIAA1671,0
10053,KIAA1683,0
10054,KIAA1715,0
10055,KIAA1755,0
10056,KIAA1841,0
10057,KIAA1919,0
10058,KIAA1958,0
10059,KIAA2012,0
10060,KIAA2013,0
10061,KIAA2022,0
10062,KIAA2026,0
10063,KIDINS220,0
10064,KIF11,1
10065,KIF12,0
10066,KIF13A,0
10067,KIF13B,0
10068,KIF14,0
10069,KIF15,0
10070,KIF16B,0
10071,KIF17,0
10072,KIF18A,0
10073,KIF18B,0
10074,KIF19,0
10075,KIF1A,0
10076,KIF1B,0
10077,KIF1BP,0
10078,KIF1C,0
10079,KIF20A,0
10080,KIF20B,0
10081,KIF21A,0
10082,KIF21B,0
10083,KIF22,0
10084,KIF23,0
10085,KIF24,0
10086,KIF25,0
10087,KIF25-AS1,0
10088,KIF26A,0
10089,KIF26B,0
10090,KIF27,0
10091,KIF2A,0
10092,KIF2C,0
10093,KIF3A,0
10094,KIF3B,0
10095,KIF3C,0
10096,KIF4A,0
10097,KIF4B,0
10098,KIF5A,0
10099,KIF5B,1
10100,KIF5C,0
10101,KIF6,0
10102,KIF7,0
10103,KIF9,0
10104,KIF9-AS1,0
10105,KIFAP3,0
10106,KIFC1,0
10107,KIFC2,0
10108,KIFC3,0
10109,KIN,0
10110,KIR2DL1,1
10111,KIR2DL3,1
10112,KIR2DL4,0
10113,KIR3DL1,0
10114,KIR3DL2,1
10115,KIR3DL3,0
10116,KIR3DX1,0
10117,KIRREL,0
10118,KIRREL2,0
10119,KIRREL3,0
10120,KISS1,0
10121,KISS1R,0
10122,KIT,1
10123,KITLG,0
10124,KIZ,0
10125,KIZ-AS1,0
10126,KL,0
10127,KLB,1
10128,KLC1,0
10129,KLC2,0
10130,KLC3,0
10131,KLC4,0
10132,KLF1,0
10133,KLF10,0
10134,KLF11,0
10135,KLF12,0
10136,KLF13,0
10137,KLF14,0
10138,KLF15,0
10139,KLF16,0
10140,KLF17,0
10141,KLF2,0
10142,KLF3,0
10143,KLF4,0
10144,KLF5,0
10145,KLF6,0
10146,KLF7,0
10147,KLF8,0
10148,KLF9,0
10149,KLHDC1,0
10150,KLHDC10,0
10151,KLHDC2,0
10152,KLHDC3,0
10153,KLHDC4,0
10154,KLHDC7A,0
10155,KLHDC7B,0
10156,KLHDC8A,0
10157,KLHDC8B,0
10158,KLHDC9,0
10159,KLHL10,0
10160,KLHL11,0
10161,KLHL12,0
10162,KLHL13,0
10163,KLHL14,0
10164,KLHL15,0
10165,KLHL17,0
10166,KLHL18,0
10167,KLHL2,0
10168,KLHL20,0
10169,KLHL21,0
10170,KLHL22,0
10171,KLHL23,0
10172,KLHL24,0
10173,KLHL25,0
10174,KLHL26,0
10175,KLHL28,0
10176,KLHL29,0
10177,KLHL3,0
10178,KLHL30,0
10179,KLHL31,0
10180,KLHL32,0
10181,KLHL34,0
10182,KLHL35,0
10183,KLHL36,0
10184,KLHL4,0
10185,KLHL41,0
10186,KLHL42,0
10187,KLHL5,0
10188,KLHL6,0
10189,KLHL6-AS1,0
10190,KLHL7,0
10191,KLHL7-AS1,0
10192,KLHL8,0
10193,KLHL9,0
10194,KLK1,0
10195,KLK10,0
10196,KLK11,0
10197,KLK12,0
10198,KLK13,0
10199,KLK14,0
10200,KLK2,0
10201,KLK4,0
10202,KLK5,0
10203,KLK6,0
10204,KLK7,0
10205,KLK8,0
10206,KLKB1,1
10207,KLLN,0
10208,KLRB1,0
10209,KLRC1,1
10210,KLRC2,0
10211,KLRC3,0
10212,KLRC4,0
10213,KLRC4-KLRK1,0
10214,KLRD1,0
10215,KLRF1,0
10216,KLRF2,0
10217,KLRG1,0
10218,KLRG2,0
10219,KLRK1,0
10220,KMO,0
10221,KMT2A,1
10222,KMT2B,0
10223,KMT2C,0
10224,KMT2D,0
10225,KMT2E,0
10226,KMT2E-AS1,0
10227,KMT5A,0
10228,KMT5B,0
10229,KMT5C,0
10230,KNDC1,0
10231,KNG1,0
10232,KNOP1,0
10233,KNSTRN,0
10234,KNTC1,0
10235,KPNA1,0
10236,KPNA2,0
10237,KPNA3,0
10238,KPNA4,0
10239,KPNA5,0
10240,KPNA6,0
10241,KPNA7,0
10242,KPNB1,0
10243,KPTN,0
10244,KRAS,1
10245,KRBA1,0
10246,KRBA2,0
10247,KRBOX1,0
10248,KRBOX4,0
10249,KRCC1,0
10250,KREMEN1,0
10251,KREMEN2,0
10252,KRI1,0
10253,KRIT1,0
10254,KRR1,0
10255,KRT1,0
10256,KRT10,0
10257,KRT12,0
10258,KRT13,0
10259,KRT14,0
10260,KRT15,0
10261,KRT16,0
10262,KRT17,0
10263,KRT18,0
10264,KRT19,0
10265,KRT2,0
10266,KRT20,0
10267,KRT222,0
10268,KRT23,0
10269,KRT24,0
10270,KRT27,0
10271,KRT28,0
10272,KRT3,0
10273,KRT31,0
10274,KRT32,0
10275,KRT33B,0
10276,KRT34,0
10277,KRT36,0
10278,KRT39,0
10279,KRT4,0
10280,KRT40,0
10281,KRT5,0
10282,KRT6A,0
10283,KRT6B,0
10284,KRT6C,0
10285,KRT7,0
10286,KRT72,0
10287,KRT73,0
10288,KRT73-AS1,0
10289,KRT74,0
10290,KRT75,0
10291,KRT76,0
10292,KRT77,0
10293,KRT78,0
10294,KRT79,0
10295,KRT8,0
10296,KRT80,0
10297,KRT81,0
10298,KRT83,0
10299,KRT85,0
10300,KRT86,0
10301,KRTAP1-1,0
10302,KRTAP1-5,0
10303,KRTAP12-3,0
10304,KRTAP13-2,0
10305,KRTAP16-1,0
10306,KRTAP2-3,0
10307,KRTAP3-1,0
10308,KRTAP3-2,0
10309,KRTAP4-1,0
10310,KRTAP4-11,0
10311,KRTAP4-12,0
10312,KRTAP4-6,0
10313,KRTAP4-7,0
10314,KRTAP4-8,0
10315,KRTAP4-9,0
10316,KRTAP5-10,0
10317,KRTAP5-2,0
10318,KRTAP5-7,0
10319,KRTAP5-8,0
10320,KRTAP5-9,0
10321,KRTAP5-AS1,0
10322,KRTAP7-1,0
10323,KRTCAP2,0
10324,KRTCAP3,0
10325,KRTDAP,0
10326,KSR1,0
10327,KSR2,0
10328,KTI12,0
10329,KTN1,0
10330,KTN1-AS1,0
10331,KXD1,0
10332,KY,0
10333,KYNU,0
10334,L1CAM,0
10335,L1TD1,0
10336,L2HGDH,0
10337,L3HYPDH,0
10338,L3MBTL1,0
10339,L3MBTL2,0
10340,L3MBTL3,0
10341,L3MBTL4,0
10342,L3MBTL4-AS1,0
10343,LA16C-306E5.2,0
10344,LA16C-312E8.2,0
10345,LA16C-313D11.9,0
10346,LA16C-316G12.2,0
10347,LA16C-321D4.2,0
10348,LA16C-325D7.2,0
10349,LA16C-329F2.1,0
10350,LA16C-349E10.1,0
10351,LA16C-352F7.1,0
10352,LA16C-358B7.3,0
10353,LA16C-358B7.4,0
10354,LA16C-359F1.1,0
10355,LA16C-360A4.1,0
10356,LA16C-360H6.3,0
10357,LA16C-380H5.3,0
10358,LA16C-380H5.5,0
10359,LA16C-380H5.6,0
10360,LA16C-385E7.1,0
10361,LA16C-390E6.5,0
10362,LA16C-390H2.4,0
10363,LA16C-431H6.6,0
10364,LA16C-444G7.2,0
10365,LA16C-60D12.1,0
10366,LA16C-60D12.2,0
10367,LA16C-OS12.2,0
10368,LACC1,0
10369,LACE1,0
10370,LACTB,0
10371,LACTB2,0
10372,LACTB2-AS1,0
10373,LAD1,0
10374,LAG3,1
10375,LAGE3,0
10376,LAIR1,0
10377,LAIR2,0
10378,LAMA1,1
10379,LAMA2,1
10380,LAMA3,1
10381,LAMA4,1
10382,LAMA5,0
10383,LAMA5-AS1,0
10384,LAMB1,1
10385,LAMB2,1
10386,LAMB3,1
10387,LAMB4,0
10388,LAMC1,1
10389,LAMC2,1
10390,LAMC3,1
10391,LAMP1,0
10392,LAMP2,0
10393,LAMP3,0
10394,LAMP5,0
10395,LAMTOR1,0
10396,LAMTOR2,0
10397,LAMTOR3,0
10398,LAMTOR4,0
10399,LAMTOR5,0
10400,LANCL1,0
10401,LANCL1-AS1,0
10402,LANCL2,0
10403,LANCL3,0
10404,LAP3,1
10405,LAPTM4A,0
10406,LAPTM4B,0
10407,LAPTM5,0
10408,LARGE,0
10409,LARP1,0
10410,LARP1B,0
10411,LARP4,0
10412,LARP4B,0
10413,LARP6,0
10414,LARP7,0
10415,LARS,0
10416,LARS2,0
10417,LAS1L,0
10418,LASP1,0
10419,LAT,0
10420,LAT2,0
10421,LATS1,0
10422,LATS2,0
10423,LATS2-AS1,0
10424,LAX1,0
10425,LAYN,0
10426,LBH,0
10427,LBHD1,0
10428,LBP,0
10429,LBR,0
10430,LBX1,0
10431,LBX2,0
10432,LBX2-AS1,0
10433,LCA5,0
10434,LCA5L,0
10435,LCAT,0
10436,LCK,1
10437,LCLAT1,0
10438,LCMT1,0
10439,LCMT1-AS1,0
10440,LCMT1-AS2,0
10441,LCMT2,0
10442,LCN1,0
10443,LCN10,0
10444,LCN12,0
10445,LCN15,0
10446,LCN2,0
10447,LCN6,0
10448,LCN8,0
10449,LCNL1,0
10450,LCOR,0
10451,LCORL,0
10452,LCP1,0
10453,LCP2,0
10454,LCT,0
10455,LCTL,0
10456,LDAH,0
10457,LDB1,0
10458,LDB2,0
10459,LDB3,0
10460,LDHA,1
10461,LDHAL6A,0
10462,LDHAL6B,0
10463,LDHB,0
10464,LDHC,0
10465,LDHD,0
10466,LDLR,0
10467,LDLRAD1,0
10468,LDLRAD2,0
10469,LDLRAD3,0
10470,LDLRAD4,0
10471,LDLRAD4-AS1,0
10472,LDLRAP1,0
10473,LDOC1,0
10474,LDOC1L,0
10475,LEAP2,0
10476,LECT1,0
10477,LEF1,0
10478,LEFTY1,0
10479,LEFTY2,0
10480,LEKR1,0
10481,LELP1,0
10482,LEMD1,0
10483,LEMD1-AS1,0
10484,LEMD2,0
10485,LEMD3,0
10486,LENEP,0
10487,LENG1,0
10488,LENG8,0
10489,LENG8-AS1,0
10490,LENG9,0
10491,LEO1,0
10492,LEP,0
10493,LEPR,1
10494,LEPROT,0
10495,LEPROTL1,0
10496,LETM1,0
10497,LETM2,0
10498,LETMD1,0
10499,LEXM,0
10500,LFNG,0
10501,LGALS1,1
10502,LGALS12,0
10503,LGALS14,0
10504,LGALS2,0
10505,LGALS3,1
10506,LGALS3BP,0
10507,LGALS4,0
10508,LGALS7,0
10509,LGALS7B,0
10510,LGALS8,0
10511,LGALS8-AS1,0
10512,LGALS9,0
10513,LGALS9B,0
10514,LGALS9C,0
10515,LGALSL,0
10516,LGI1,0
10517,LGI2,0
10518,LGI3,0
10519,LGI4,0
10520,LGMN,0
10521,LGR4,1
10522,LGR5,0
10523,LGR6,0
10524,LGSN,0
10525,LHB,0
10526,LHCGR,1
10527,LHFP,0
10528,LHFPL1,0
10529,LHFPL2,0
10530,LHFPL4,0
10531,LHFPL5,0
10532,LHPP,0
10533,LHX1,0
10534,LHX2,0
10535,LHX3,0
10536,LHX4,0
10537,LHX5,0
10538,LHX5-AS1,0
10539,LHX6,0
10540,LHX8,0
10541,LHX9,0
10542,LIAS,0
10543,LIF,0
10544,LIFR,0
10545,LIFR-AS1,0
10546,LIG1,0
10547,LIG3,0
10548,LIG4,0
10549,LILRA1,0
10550,LILRA2,0
10551,LILRA4,1
10552,LILRA5,0
10553,LILRA6,0
10554,LILRB1,0
10555,LILRB2,0
10556,LILRB3,0
10557,LILRB4,0
10558,LILRB5,0
10559,LIM2,0
10560,LIMA1,0
10561,LIMCH1,0
10562,LIMD1,0
10563,LIMD1-AS1,0
10564,LIMD2,0
10565,LIME1,0
10566,LIMK1,0
10567,LIMK2,0
10568,LIMS1,0
10569,LIMS2,0
10570,LIMS3,0
10571,LIMS3L,0
10572,LIN28A,0
10573,LIN28B,0
10574,LIN37,0
10575,LIN52,0
10576,LIN54,0
10577,LIN7A,0
10578,LIN7B,0
10579,LIN7C,0
10580,LIN9,0
10581,LINC-PINT,0
10582,LINC00032,0
10583,LINC00052,0
10584,LINC00092,0
10585,LINC00094,0
10586,LINC00102,0
10587,LINC00106,0
10588,LINC00111,0
10589,LINC00113,0
10590,LINC00114,0
10591,LINC00115,0
10592,LINC00116,0
10593,LINC00152,0
10594,LINC00158,0
10595,LINC00159,0
10596,LINC00160,0
10597,LINC00162,0
10598,LINC00163,0
10599,LINC00165,0
10600,LINC00167,0
10601,LINC00174,0
10602,LINC00176,0
10603,LINC00184,0
10604,LINC00200,0
10605,LINC00202-1,0
10606,LINC00202-2,0
10607,LINC00205,0
10608,LINC00211,0
10609,LINC00216,0
10610,LINC00221,0
10611,LINC00222,0
10612,LINC00226,0
10613,LINC00235,0
10614,LINC00237,0
10615,LINC00239,0
10616,LINC00240,0
10617,LINC00242,0
10618,LINC00243,0
10619,LINC00251,0
10620,LINC00261,0
10621,LINC00264,0
10622,LINC00265,0
10623,LINC00266-1,0
10624,LINC00266-4P,0
10625,LINC00271,0
10626,LINC00276,0
10627,LINC00278,0
10628,LINC00282,0
10629,LINC00284,0
10630,LINC00294,0
10631,LINC00298,0
10632,LINC00299,0
10633,LINC00304,0
10634,LINC00305,0
10635,LINC00309,0
10636,LINC00310,0
10637,LINC00311,0
10638,LINC00313,0
10639,LINC00319,0
10640,LINC00320,0
10641,LINC00323,0
10642,LINC00324,0
10643,LINC00326,0
10644,LINC00327,0
10645,LINC00330,0
10646,LINC00332,0
10647,LINC00336,0
10648,LINC00337,0
10649,LINC00339,0
10650,LINC00342,0
10651,LINC00346,0
10652,LINC00355,0
10653,LINC00365,0
10654,LINC00379,0
10655,LINC00381,0
10656,LINC00383,0
10657,LINC00384,0
10658,LINC00393,0
10659,LINC00398,0
10660,LINC00402,0
10661,LINC00412,0
10662,LINC00426,0
10663,LINC00427,0
10664,LINC00431,0
10665,LINC00434,0
10666,LINC00437,0
10667,LINC00441,0
10668,LINC00443,0
10669,LINC00444,0
10670,LINC00449,0
10671,LINC00460,0
10672,LINC00461,0
10673,LINC00462,0
10674,LINC00463,0
10675,LINC00467,0
10676,LINC00469,0
10677,LINC00470,0
10678,LINC00471,0
10679,LINC00472,0
10680,LINC00473,0
10681,LINC00475,0
10682,LINC00479,0
10683,LINC00482,0
10684,LINC00484,0
10685,LINC00487,0
10686,LINC00488,0
10687,LINC00491,0
10688,LINC00493,0
10689,LINC00494,0
10690,LINC00500,0
10691,LINC00501,0
10692,LINC00504,0
10693,LINC00506,0
10694,LINC00511,0
10695,LINC00517,0
10696,LINC00518,0
10697,LINC00519,0
10698,LINC00520,0
10699,LINC00524,0
10700,LINC00525,0
10701,LINC00526,0
10702,LINC00528,0
10703,LINC00534,0
10704,LINC00535,0
10705,LINC00539,0
10706,LINC00540,0
10707,LINC00543,0
10708,LINC00544,0
10709,LINC00545,0
10710,LINC00548,0
10711,LINC00551,0
10712,LINC00562,0
10713,LINC00563,0
10714,LINC00565,0
10715,LINC00566,0
10716,LINC00567,0
10717,LINC00570,0
10718,LINC00571,0
10719,LINC00574,0
10720,LINC00577,0
10721,LINC00578,0
10722,LINC00581,0
10723,LINC00582,0
10724,LINC00589,0
10725,LINC00592,0
10726,LINC00593,0
10727,LINC00598,0
10728,LINC00599,0
10729,LINC00601,0
10730,LINC00603,0
10731,LINC00604,0
10732,LINC00605,0
10733,LINC00607,0
10734,LINC00618,0
10735,LINC00619,0
10736,LINC00620,0
10737,LINC00621,0
10738,LINC00623,0
10739,LINC00624,0
10740,LINC00626,0
10741,LINC00628,0
10742,LINC00629,0
10743,LINC00630,0
10744,LINC00632,0
10745,LINC00636,0
10746,LINC00637,0
10747,LINC00638,0
10748,LINC00639,0
10749,LINC00640,0
10750,LINC00642,0
10751,LINC00643,0
10752,LINC00645,0
10753,LINC00648,0
10754,LINC00649,0
10755,LINC00652,0
10756,LINC00654,0
10757,LINC00656,0
10758,LINC00657,0
10759,LINC00659,0
10760,LINC00662,0
10761,LINC00664,0
10762,LINC00665,0
10763,LINC00667,0
10764,LINC00668,0
10765,LINC00671,0
10766,LINC00672,0
10767,LINC00675,0
10768,LINC00677,0
10769,LINC00680,0
10770,LINC00682,0
10771,LINC00683,0
10772,LINC00685,0
10773,LINC00691,0
10774,LINC00693,0
10775,LINC00694,0
10776,LINC00702,0
10777,LINC00704,0
10778,LINC00705,0
10779,LINC00706,0
10780,LINC00707,0
10781,LINC00839,0
10782,LINC00840,0
10783,LINC00843,0
10784,LINC00844,0
10785,LINC00847,0
10786,LINC00852,0
10787,LINC00853,0
10788,LINC00856,0
10789,LINC00857,0
10790,LINC00858,0
10791,LINC00861,0
10792,LINC00862,0
10793,LINC00863,0
10794,LINC00864,0
10795,LINC00865,0
10796,LINC00866,0
10797,LINC00867,0
10798,LINC00868,0
10799,LINC00869,0
10800,LINC00870,0
10801,LINC00871,0
10802,LINC00877,0
10803,LINC00880,0
10804,LINC00881,0
10805,LINC00882,0
10806,LINC00884,0
10807,LINC00885,0
10808,LINC00886,0
10809,LINC00887,0
10810,LINC00890,0
10811,LINC00891,0
10812,LINC00893,0
10813,LINC00894,0
10814,LINC00895,0
10815,LINC00896,0
10816,LINC00898,0
10817,LINC00900,0
10818,LINC00907,0
10819,LINC00908,0
10820,LINC00909,0
10821,LINC00910,0
10822,LINC00911,0
10823,LINC00920,0
10824,LINC00921,0
10825,LINC00922,0
10826,LINC00923,0
10827,LINC00924,0
10828,LINC00926,0
10829,LINC00930,0
10830,LINC00935,0
10831,LINC00936,0
10832,LINC00937,0
10833,LINC00939,0
10834,LINC00940,0
10835,LINC00941,0
10836,LINC00942,0
10837,LINC00943,0
10838,LINC00944,0
10839,LINC00950,0
10840,LINC00951,0
10841,LINC00954,0
10842,LINC00957,0
10843,LINC00958,0
10844,LINC00959,0
10845,LINC00960,0
10846,LINC00961,0
10847,LINC00964,0
10848,LINC00967,0
10849,LINC00968,0
10850,LINC00969,0
10851,LINC00970,0
10852,LINC00971,0
10853,LINC00973,0
10854,LINC00976,0
10855,LINC00977,0
10856,LINC00982,0
10857,LINC00987,0
10858,LINC00989,0
10859,LINC00992,0
10860,LINC00996,0
10861,LINC00997,0
10862,LINC00998,0
10863,LINC01001,0
10864,LINC01003,0
10865,LINC01004,0
10866,LINC01006,0
10867,LINC01010,0
10868,LINC01011,0
10869,LINC01012,0
10870,LINC01013,0
10871,LINC01016,0
10872,LINC01018,0
10873,LINC01021,0
10874,LINC01022,0
10875,LINC01023,0
10876,LINC01024,0
10877,LINC01028,0
10878,LINC01030,0
10879,LINC01031,0
10880,LINC01032,0
10881,LINC01033,0
10882,LINC01036,0
10883,LINC01037,0
10884,LINC01050,0
10885,LINC01055,0
10886,LINC01060,0
10887,LINC01063,0
10888,LINC01068,0
10889,LINC01070,0
10890,LINC01072,0
10891,LINC01082,0
10892,LINC01085,0
10893,LINC01087,0
10894,LINC01088,0
10895,LINC01089,0
10896,LINC01091,0
10897,LINC01093,0
10898,LINC01094,0
10899,LINC01095,0
10900,LINC01096,0
10901,LINC01098,0
10902,LINC01102,0
10903,LINC01104,0
10904,LINC01106,0
10905,LINC01108,0
10906,LINC01114,0
10907,LINC01115,0
10908,LINC01116,0
10909,LINC01117,0
10910,LINC01118,0
10911,LINC01119,0
10912,LINC01122,0
10913,LINC01123,0
10914,LINC01124,0
10915,LINC01125,0
10916,LINC01126,0
10917,LINC01127,0
10918,LINC01132,0
10919,LINC01133,0
10920,LINC01134,0
10921,LINC01135,0
10922,LINC01136,0
10923,LINC01137,0
10924,LINC01138,0
10925,LINC01139,0
10926,LINC01140,0
10927,LINC01143,0
10928,LINC01144,0
10929,LINC01146,0
10930,LINC01152,0
10931,LINC01160,0
10932,LINC01163,0
10933,LINC01166,0
10934,LINC01169,0
10935,LINC01170,0
10936,LINC01176,0
10937,LINC01183,0
10938,LINC01184,0
10939,LINC01185,0
10940,LINC01186,0
10941,LINC01187,0
10942,LINC01191,0
10943,LINC01194,0
10944,LINC01197,0
10945,LINC01202,0
10946,LINC01204,0
10947,LINC01206,0
10948,LINC01207,0
10949,LINC01208,0
10950,LINC01209,0
10951,LINC01212,0
10952,LINC01213,0
10953,LINC01214,0
10954,LINC01215,0
10955,LINC01219,0
10956,LINC01220,0
10957,LINC01224,0
10958,LINC01226,0
10959,LINC01227,0
10960,LINC01229,0
10961,LINC01233,0
10962,LINC01234,0
10963,LINC01235,0
10964,LINC01239,0
10965,LINC01249,0
10966,LINC01250,0
10967,LINC01251,0
10968,LINC01252,0
10969,LINC01254,0
10970,LINC01257,0
10971,LINC01259,0
10972,LINC01260,0
10973,LINC01262,0
10974,LINC01264,0
10975,LINC01265,0
10976,LINC01266,0
10977,LINC01267,0
10978,LINC01268,0
10979,LINC01269,0
10980,LINC01270,0
10981,LINC01271,0
10982,LINC01272,0
10983,LINC01273,0
10984,LINC01276,0
10985,LINC01277,0
10986,LINC01281,0
10987,LINC01285,0
10988,LINC01287,0
10989,LINC01290,0
10990,LINC01291,0
10991,LINC01297,0
10992,LINC01297.1,0
10993,LINC01299,0
10994,LINC01301,0
10995,LINC01305,0
10996,LINC01311,0
10997,LINC01314,0
10998,LINC01315,0
10999,LINC01317,0
11000,LINC01320,0
11001,LINC01322,0
11002,LINC01330,0
11003,LINC01331,0
11004,LINC01336,0
11005,LINC01337,0
11006,LINC01338,0
11007,LINC01342,0
11008,LINC01344,0
11009,LINC01347,0
11010,LINC01348,0
11011,LINC01351,0
11012,LINC01352,0
11013,LINC01353,0
11014,LINC01354,0
11015,LINC01355,0
11016,LINC01356,0
11017,LINC01358,0
11018,LINC01361,0
11019,LINC01366,0
11020,LINC01372,0
11021,LINC01374,0
11022,LINC01376,0
11023,LINC01381,0
11024,LINC01388,0
11025,LINC01389,0
11026,LINC01391,0
11027,LINC01393,0
11028,LINC01394,0
11029,LINC01395,0
11030,LINC01405,0
11031,LINC01410,0
11032,LINC01411,0
11033,LINC01412,0
11034,LINC01415,0
11035,LINC01419,0
11036,LINC01420,0
11037,LINC01422,0
11038,LINC01423,0
11039,LINC01424,0
11040,LINC01426,0
11041,LINC01429,0
11042,LINC01431,0
11043,LINC01433,0
11044,LINC01435,0
11045,LINC01436,0
11046,LINC01443,0
11047,LINC01444,0
11048,LINC01445,0
11049,LINC01446,0
11050,LINC01447,0
11051,LINC01451,0
11052,LINC01456,0
11053,LINC01460,0
11054,LINC01465,0
11055,LINC01468,0
11056,LINC01471,0
11057,LINC01473,0
11058,LINC01474,0
11059,LINC01479,0
11060,LINC01480,0
11061,LINC01481,0
11062,LINC01482,0
11063,LINC01483,0
11064,LINC01484,0
11065,LINC01485,0
11066,LINC01489,0
11067,LINC01497,0
11068,LINC01500,0
11069,LINC01501,0
11070,LINC01502,0
11071,LINC01503,0
11072,LINC01504,0
11073,LINC01506,0
11074,LINC01507,0
11075,LINC01508,0
11076,LINC01510,0
11077,LINC01511,0
11078,LINC01513,0
11079,LINC01515,0
11080,LINC01516,0
11081,LINC01518,0
11082,LINC01521,0
11083,LINC01523,0
11084,LINC01524,0
11085,LINC01526,0
11086,LINC01527,0
11087,LINC01529,0
11088,LINC01531,0
11089,LINC01534,0
11090,LINC01535,0
11091,LINC01537,0
11092,LINC01539,0
11093,LINC01545,0
11094,LINC01546,0
11095,LINC01547,0
11096,LINC01549,0
11097,LINC01550,0
11098,LINC01551,0
11099,LINC01552,0
11100,LINC01553,0
11101,LINC01554,0
11102,LINC01556,0
11103,LINC01558,0
11104,LINC01559,0
11105,LINC01560,0
11106,LINC01561,0
11107,LINC01562,0
11108,LINC01563,0
11109,LINC01564,0
11110,LINC01565,0
11111,LINC01567,0
11112,LINC01569,0
11113,LINC01571,0
11114,LINC01572,0
11115,LINC01574,0
11116,LINC01579,0
11117,LINC01583,0
11118,LINC01588,0
11119,LINC01589,0
11120,LINC01597,0
11121,LINC01598,0
11122,LINC01600,0
11123,LINC01602,0
11124,LINC01606,0
11125,LINC01607,0
11126,LINC01608,0
11127,LINC01611,0
11128,LINC01612,0
11129,LINC01615,0
11130,LINC01623,0
11131,LINC01624,0
11132,LINC01625,0
11133,LINC01629,0
11134,LINCR-0001,0
11135,LINGO1,0
11136,LINGO2,0
11137,LINGO3,0
11138,LINGO4,0
11139,LINS1,0
11140,LIPA,0
11141,LIPC,0
11142,LIPE,0
11143,LIPE-AS1,0
11144,LIPG,0
11145,LIPH,0
11146,LIPJ,0
11147,LIPK,0
11148,LIPN,0
11149,LIPT1,0
11150,LIPT2,0
11151,LITAF,0
11152,LIX1,0
11153,LIX1L,0
11154,LKAAEAR1,0
11155,LL09NC01-139C3.1,0
11156,LL09NC01-251B2.3,0
11157,LL0XNC01-116E7.2,0
11158,LL0XNC01-16G2.1,0
11159,LL0XNC01-237H1.2,0
11160,LL0XNC01-7P3.1,0
11161,LL21NC02-1C16.2,0
11162,LL21NC02-21A1.1,0
11163,LL22NC03-102D1.18,0
11164,LL22NC03-104C7.1,0
11165,LL22NC03-2H8.5,0
11166,LL22NC03-32F9.1,0
11167,LL22NC03-63E9.3,0
11168,LL22NC03-75H12.2,0
11169,LL22NC03-86G7.1,0
11170,LL22NC03-N95F10.1,0
11171,LLGL1,0
11172,LLGL2,0
11173,LLNLF-187D8.1,0
11174,LLNLR-245B6.1,0
11175,LLNLR-246C6.1,0
11176,LLNLR-268E12.1,0
11177,LLNLR-284B4.1,0
11178,LLNLR-284B4.2,0
11179,LLNLR-304G9.1,0
11180,LLNLR-307A6.1,0
11181,LLPH,0
11182,LMAN1,0
11183,LMAN1L,0
11184,LMAN2,0
11185,LMAN2L,0
11186,LMBR1,0
11187,LMBR1L,0
11188,LMBRD1,0
11189,LMBRD2,0
11190,LMCD1,0
11191,LMCD1-AS1,0
11192,LMF1,0
11193,LMF1-AS1,0
11194,LMF2,0
11195,LMLN,0
11196,LMLN-AS1,0
11197,LMNA,0
11198,LMNB1,0
11199,LMNB2,0
11200,LMNTD1,0
11201,LMNTD2,0
11202,LMO1,0
11203,LMO2,0
11204,LMO3,0
11205,LMO4,0
11206,LMO7,0
11207,LMO7-AS1,0
11208,LMO7DN,0
11209,LMOD1,0
11210,LMOD3,0
11211,LMTK2,0
11212,LMTK3,0
11213,LMX1A,0
11214,LMX1B,0
11215,LNP1,0
11216,LNPEP,1
11217,LNX1,0
11218,LNX2,0
11219,LOH12CR2,0
11220,LONP1,0
11221,LONP2,0
11222,LONRF1,0
11223,LONRF2,0
11224,LONRF3,0
11225,LOR,0
11226,LOX,0
11227,LOXHD1,0
11228,LOXL1,0
11229,LOXL1-AS1,0
11230,LOXL2,1
11231,LOXL3,0
11232,LOXL4,0
11233,LPAR1,0
11234,LPAR2,0
11235,LPAR3,0
11236,LPAR4,0
11237,LPAR5,0
11238,LPAR6,0
11239,LPCAT1,0
11240,LPCAT2,0
11241,LPCAT3,0
11242,LPCAT4,0
11243,LPGAT1,0
11244,LPIN1,0
11245,LPIN2,0
11246,LPIN3,0
11247,LPL,0
11248,LPO,0
11249,LPP,0
11250,LPP-AS1,0
11251,LPP-AS2,0
11252,LPXN,0
11253,LRAT,0
11254,LRBA,0
11255,LRCH1,0
11256,LRCH2,0
11257,LRCH3,0
11258,LRCH4,0
11259,LRCOL1,0
11260,LRFN1,0
11261,LRFN2,0
11262,LRFN3,0
11263,LRFN4,0
11264,LRFN5,0
11265,LRG1,0
11266,LRGUK,0
11267,LRIF1,0
11268,LRIG1,0
11269,LRIG2,0
11270,LRIG3,0
11271,LRIT3,0
11272,LRMP,0
11273,LRP1,1
11274,LRP1-AS,0
11275,LRP10,0
11276,LRP11,0
11277,LRP12,0
11278,LRP1B,0
11279,LRP2,0
11280,LRP2BP,0
11281,LRP3,0
11282,LRP4,0
11283,LRP4-AS1,0
11284,LRP5,0
11285,LRP5L,0
11286,LRP6,0
11287,LRP8,0
11288,LRPAP1,0
11289,LRPPRC,0
11290,LRR1,0
11291,LRRC1,0
11292,LRRC10B,0
11293,LRRC14,0
11294,LRRC15,0
11295,LRRC16A,0
11296,LRRC16B,0
11297,LRRC17,0
11298,LRRC18,0
11299,LRRC19,0
11300,LRRC2,0
11301,LRRC2-AS1,0
11302,LRRC20,0
11303,LRRC23,0
11304,LRRC24,0
11305,LRRC25,0
11306,LRRC26,0
11307,LRRC27,0
11308,LRRC28,0
11309,LRRC29,0
11310,LRRC3,0
11311,LRRC3-AS1,0
11312,LRRC31,0
11313,LRRC32,0
11314,LRRC34,0
11315,LRRC36,0
11316,LRRC37A,0
11317,LRRC37A2,0
11318,LRRC37A3,0
11319,LRRC37B,0
11320,LRRC38,0
11321,LRRC39,0
11322,LRRC3B,0
11323,LRRC4,0
11324,LRRC40,0
11325,LRRC41,0
11326,LRRC42,0
11327,LRRC43,0
11328,LRRC45,0
11329,LRRC46,0
11330,LRRC47,0
11331,LRRC49,0
11332,LRRC4B,0
11333,LRRC4C,0
11334,LRRC52,0
11335,LRRC55,0
11336,LRRC56,0
11337,LRRC57,0
11338,LRRC58,0
11339,LRRC59,0
11340,LRRC6,0
11341,LRRC61,0
11342,LRRC63,0
11343,LRRC66,0
11344,LRRC69,0
11345,LRRC7,0
11346,LRRC70,0
11347,LRRC71,0
11348,LRRC73,0
11349,LRRC74A,0
11350,LRRC74B,0
11351,LRRC75A,0
11352,LRRC75B,0
11353,LRRC8A,0
11354,LRRC8B,0
11355,LRRC8C,0
11356,LRRC8D,0
11357,LRRC8E,0
11358,LRRC9,0
11359,LRRCC1,0
11360,LRRD1,0
11361,LRRFIP1,0
11362,LRRFIP2,0
11363,LRRIQ1,0
11364,LRRIQ3,0
11365,LRRIQ4,0
11366,LRRK1,0
11367,LRRK2,0
11368,LRRN1,0
11369,LRRN2,0
11370,LRRN3,0
11371,LRRN4,0
11372,LRRN4CL,0
11373,LRRTM1,0
11374,LRRTM2,0
11375,LRRTM3,0
11376,LRRTM4,0
11377,LRSAM1,0
11378,LRTM1,0
11379,LRTOMT,0
11380,LRWD1,0
11381,LSAMP,0
11382,LSAMP-AS1,0
11383,LSG1,0
11384,LSINCT5,0
11385,LSM1,0
11386,LSM10,0
11387,LSM11,0
11388,LSM12,0
11389,LSM14A,0
11390,LSM14B,0
11391,LSM2,0
11392,LSM3,0
11393,LSM4,0
11394,LSM5,0
11395,LSM6,0
11396,LSM7,0
11397,LSM8,0
11398,LSMEM1,0
11399,LSMEM2,0
11400,LSP1,0
11401,LSR,0
11402,LSS,0
11403,LST1,0
11404,LTA,1
11405,LTA4H,1
11406,LTB,1
11407,LTB4R,1
11408,LTB4R2,1
11409,LTBP1,0
11410,LTBP2,0
11411,LTBP3,0
11412,LTBP4,0
11413,LTBR,1
11414,LTC4S,0
11415,LTF,0
11416,LTK,0
11417,LTN1,0
11418,LTV1,0
11419,LUADT1,0
11420,LUC7L,0
11421,LUC7L2,0
11422,LUC7L3,0
11423,LUCAT1,0
11424,LUM,0
11425,LURAP1,0
11426,LURAP1L,0
11427,LURAP1L-AS1,0
11428,LUZP1,0
11429,LUZP2,0
11430,LVCAT1,0
11431,LVRN,1
11432,LXN,0
11433,LY6D,0
11434,LY6E,1
11435,LY6G5B,0
11436,LY6G5C,0
11437,LY6G6C,0
11438,LY6H,0
11439,LY6K,0
11440,LY75,0
11441,LY86,0
11442,LY86-AS1,0
11443,LY9,0
11444,LY96,1
11445,LYAR,0
11446,LYG1,0
11447,LYG2,0
11448,LYL1,0
11449,LYN,1
11450,LYNX1,0
11451,LYPD1,0
11452,LYPD2,0
11453,LYPD3,0
11454,LYPD5,0
11455,LYPD6,0
11456,LYPD6B,0
11457,LYPD8,0
11458,LYPLA1,0
11459,LYPLA2,0
11460,LYPLAL1,0
11461,LYPLAL1-AS1,0
11462,LYRM1,0
11463,LYRM2,0
11464,LYRM4,0
11465,LYRM5,0
11466,LYRM7,0
11467,LYRM9,0
11468,LYSMD1,0
11469,LYSMD2,0
11470,LYSMD3,0
11471,LYSMD4,0
11472,LYST,0
11473,LYVE1,0
11474,LYZ,0
11475,LYZL4,0
11476,LZIC,0
11477,LZTFL1,0
11478,LZTR1,0
11479,LZTS1,0
11480,LZTS2,0
11481,M1AP,0
11482,M6PR,0
11483,MAATS1,0
11484,MAB21L1,0
11485,MAB21L2,0
11486,MAB21L3,0
11487,MACC1,0
11488,MACC1-AS1,0
11489,MACF1,0
11490,MACROD1,0
11491,MACROD2,0
11492,MAD1L1,0
11493,MAD2L1,0
11494,MAD2L1BP,0
11495,MAD2L2,0
11496,MADCAM1,0
11497,MADD,0
11498,MAEA,0
11499,MAEL,0
11500,MAF,0
11501,MAF1,0
11502,MAFA,0
11503,MAFA-AS1,0
11504,MAFB,0
11505,MAFF,0
11506,MAFG,0
11507,MAFG-AS1,0
11508,MAFK,0
11509,MAFTRR,0
11510,MAG,1
11511,MAGEA1,0
11512,MAGEA10,0
11513,MAGEA12,0
11514,MAGEA3,1
11515,MAGEA4,1
11516,MAGEA6,0
11517,MAGEA9B,0
11518,MAGEB1,0
11519,MAGEB10,0
11520,MAGEB2,0
11521,MAGEC1,0
11522,MAGEC2,0
11523,MAGED1,0
11524,MAGED2,0
11525,MAGED4,0
11526,MAGEE1,0
11527,MAGEF1,0
11528,MAGEH1,0
11529,MAGEL2,0
11530,MAGI1,0
11531,MAGI2,0
11532,MAGI3,0
11533,MAGIX,0
11534,MAGOH,0
11535,MAGOHB,0
11536,MAGT1,0
11537,MAK,0
11538,MAK16,0
11539,MAL,0
11540,MAL2,0
11541,MALAT1,0
11542,MALL,0
11543,MALRD1,0
11544,MALSU1,0
11545,MALT1,1
11546,MAMDC2,0
11547,MAMDC2-AS1,0
11548,MAMDC4,0
11549,MAML1,0
11550,MAML2,0
11551,MAML3,0
11552,MAMLD1,0
11553,MAMSTR,0
11554,MAN1A1,0
11555,MAN1A2,0
11556,MAN1B1,0
11557,MAN1B1-AS1,0
11558,MAN1C1,0
11559,MAN2A1,0
11560,MAN2A2,0
11561,MAN2B1,0
11562,MAN2B2,0
11563,MAN2C1,0
11564,MANBA,0
11565,MANBAL,0
11566,MANEA,0
11567,MANEA-AS1,0
11568,MANEAL,0
11569,MANF,0
11570,MANSC1,0
11571,MANSC4,0
11572,MAOA,1
11573,MAOB,1
11574,MAP10,0
11575,MAP1A,0
11576,MAP1B,0
11577,MAP1LC3A,0
11578,MAP1LC3B,0
11579,MAP1LC3B2,0
11580,MAP1LC3C,0
11581,MAP1S,0
11582,MAP2,0
11583,MAP2K1,1
11584,MAP2K2,1
11585,MAP2K3,0
11586,MAP2K4,0
11587,MAP2K5,0
11588,MAP2K6,0
11589,MAP2K7,0
11590,MAP3K1,1
11591,MAP3K10,1
11592,MAP3K11,1
11593,MAP3K12,1
11594,MAP3K13,1
11595,MAP3K14,0
11596,MAP3K14-AS1,0
11597,MAP3K15,0
11598,MAP3K19,0
11599,MAP3K2,0
11600,MAP3K3,0
11601,MAP3K4,0
11602,MAP3K5,1
11603,MAP3K6,0
11604,MAP3K7,0
11605,MAP3K7CL,0
11606,MAP3K8,1
11607,MAP3K9,1
11608,MAP4,0
11609,MAP4K1,0
11610,MAP4K2,0
11611,MAP4K3,0
11612,MAP4K4,0
11613,MAP4K5,0
11614,MAP6,0
11615,MAP6D1,0
11616,MAP7,0
11617,MAP7D1,0
11618,MAP7D2,0
11619,MAP7D3,0
11620,MAP9,0
11621,MAPK1,1
11622,MAPK10,1
11623,MAPK11,1
11624,MAPK12,0
11625,MAPK13,0
11626,MAPK14,1
11627,MAPK15,0
11628,MAPK1IP1L,0
11629,MAPK3,1
11630,MAPK4,0
11631,MAPK6,0
11632,MAPK7,0
11633,MAPK8,1
11634,MAPK8IP1,0
11635,MAPK8IP2,0
11636,MAPK8IP3,0
11637,MAPK9,1
11638,MAPKAP1,0
11639,MAPKAPK2,1
11640,MAPKAPK3,0
11641,MAPKAPK5,1
11642,MAPKAPK5-AS1,0
11643,MAPKBP1,0
11644,MAPRE1,0
11645,MAPRE2,0
11646,MAPRE3,0
11647,MAPT,1
11648,MAPT-AS1,0
11649,MARC1,0
11650,MARC2,0
11651,MARCH1,0
11652,MARCH10,0
11653,MARCH11,0
11654,MARCH2,0
11655,MARCH3,0
11656,MARCH4,0
11657,MARCH5,0
11658,MARCH6,0
11659,MARCH7,0
11660,MARCH8,0
11661,MARCH9,0
11662,MARCKS,1
11663,MARCKSL1,0
11664,MARCO,0
11665,MARK1,0
11666,MARK2,0
11667,MARK3,0
11668,MARK4,0
11669,MARS,0
11670,MARS2,0
11671,MARVELD1,0
11672,MARVELD2,0
11673,MARVELD3,0
11674,MAS1,0
11675,MAS1L,0
11676,MASP1,0
11677,MASP2,1
11678,MAST1,0
11679,MAST2,0
11680,MAST3,0
11681,MAST4,0
11682,MAST4-AS1,0
11683,MASTL,0
11684,MAT1A,0
11685,MAT2A,0
11686,MAT2B,0
11687,MATK,0
11688,MATN1,0
11689,MATN1-AS1,0
11690,MATN2,0
11691,MATN3,0
11692,MATN4,0
11693,MATR3,0
11694,MAU2,0
11695,MAVS,0
11696,MAX,0
11697,MAZ,0
11698,MB,0
11699,MB21D1,0
11700,MB21D2,0
11701,MBD1,0
11702,MBD2,0
11703,MBD3,0
11704,MBD3L1,0
11705,MBD4,0
11706,MBD5,0
11707,MBD6,0
11708,MBIP,0
11709,MBLAC1,0
11710,MBLAC2,0
11711,MBNL1,0
11712,MBNL1-AS1,0
11713,MBNL2,0
11714,MBNL3,0
11715,MBOAT1,0
11716,MBOAT2,0
11717,MBOAT4,0
11718,MBOAT7,0
11719,MBP,0
11720,MBTD1,0
11721,MBTPS1,0
11722,MBTPS2,0
11723,MC1R,1
11724,MC4R,0
11725,MCAM,1
11726,MCAT,0
11727,MCC,0
11728,MCCC1,0
11729,MCCC2,0
11730,MCEE,0
11731,MCEMP1,0
11732,MCF2,0
11733,MCF2L,0
11734,MCF2L-AS1,0
11735,MCF2L2,0
11736,MCFD2,0
11737,MCHR1,0
11738,MCIDAS,0
11739,MCL1,1
11740,MCM10,0
11741,MCM2,0
11742,MCM3,0
11743,MCM3AP,0
11744,MCM3AP-AS1,0
11745,MCM4,0
11746,MCM5,0
11747,MCM6,0
11748,MCM7,0
11749,MCM8,0
11750,MCM9,0
11751,MCMBP,0
11752,MCMDC2,0
11753,MCOLN1,0
11754,MCOLN2,0
11755,MCOLN3,0
11756,MCPH1,0
11757,MCPH1-AS1,0
11758,MCRS1,0
11759,MCTP1,0
11760,MCTP2,0
11761,MCTS1,0
11762,MCU,0
11763,MCUR1,0
11764,MDC1,0
11765,MDC1-AS1,0
11766,MDFI,0
11767,MDFIC,0
11768,MDGA1,0
11769,MDGA2,0
11770,MDH1,0
11771,MDH1B,0
11772,MDH2,0
11773,MDK,0
11774,MDM1,0
11775,MDM2,1
11776,MDM4,0
11777,MDN1,0
11778,MDP1,0
11779,MDS2,0
11780,ME1,0
11781,ME2,0
11782,ME3,0
11783,MEA1,0
11784,MEAF6,0
11785,MECOM,0
11786,MECP2,0
11787,MECR,0
11788,MED1,0
11789,MED10,0
11790,MED11,0
11791,MED12,0
11792,MED12L,0
11793,MED13,0
11794,MED13L,0
11795,MED14,0
11796,MED14OS,0
11797,MED15,0
11798,MED16,0
11799,MED17,0
11800,MED18,0
11801,MED19,0
11802,MED20,0
11803,MED21,0
11804,MED22,0
11805,MED23,0
11806,MED24,0
11807,MED25,0
11808,MED26,0
11809,MED27,0
11810,MED28,0
11811,MED29,0
11812,MED30,0
11813,MED31,0
11814,MED4,0
11815,MED4-AS1,0
11816,MED6,0
11817,MED7,0
11818,MED8,0
11819,MED9,0
11820,MEDAG,0
11821,MEF2A,0
11822,MEF2B,0
11823,MEF2C,0
11824,MEF2C-AS1,0
11825,MEF2D,0
11826,MEFV,0
11827,MEG3,0
11828,MEG8,0
11829,MEG9,0
11830,MEGF10,0
11831,MEGF11,0
11832,MEGF6,0
11833,MEGF8,0
11834,MEGF9,0
11835,MEI1,0
11836,MEI4,0
11837,MEIG1,0
11838,MEIKIN,0
11839,MEIOB,0
11840,MEIOC,0
11841,MEIS1,0
11842,MEIS1-AS2,0
11843,MEIS2,0
11844,MEIS3,0
11845,MELK,0
11846,MEMO1,0
11847,MEN1,1
11848,MEOX1,0
11849,MEOX2,0
11850,MEP1A,0
11851,MEP1B,0
11852,MEPCE,0
11853,MEPE,0
11854,MERTK,1
11855,MESDC1,0
11856,MESDC2,0
11857,MESP1,0
11858,MESP2,0
11859,MEST,0
11860,MESTIT1,0
11861,MET,1
11862,METAP1,0
11863,METAP1D,1
11864,METAP2,0
11865,METRN,0
11866,METRNL,0
11867,METTL1,0
11868,METTL10,0
11869,METTL12,0
11870,METTL13,0
11871,METTL14,0
11872,METTL15,0
11873,METTL16,0
11874,METTL17,0
11875,METTL18,0
11876,METTL20,0
11877,METTL21A,0
11878,METTL21B,0
11879,METTL21C,0
11880,METTL22,0
11881,METTL23,0
11882,METTL24,0
11883,METTL25,0
11884,METTL2A,0
11885,METTL2B,0
11886,METTL3,0
11887,METTL4,0
11888,METTL5,0
11889,METTL6,0
11890,METTL7A,0
11891,METTL7B,0
11892,METTL8,0
11893,METTL9,0
11894,MEX3A,0
11895,MEX3B,0
11896,MEX3C,0
11897,MEX3D,0
11898,MFAP1,0
11899,MFAP2,0
11900,MFAP3,0
11901,MFAP3L,0
11902,MFAP4,0
11903,MFAP5,0
11904,MFF,0
11905,MFGE8,1
11906,MFHAS1,0
11907,MFI2,0
11908,MFI2-AS1,0
11909,MFN1,0
11910,MFN2,0
11911,MFNG,0
11912,MFSD1,0
11913,MFSD10,0
11914,MFSD11,0
11915,MFSD12,0
11916,MFSD13A,0
11917,MFSD14A,0
11918,MFSD14B,0
11919,MFSD14C,0
11920,MFSD2A,0
11921,MFSD2B,0
11922,MFSD3,0
11923,MFSD4,0
11924,MFSD5,0
11925,MFSD6,0
11926,MFSD6L,0
11927,MFSD7,0
11928,MFSD8,0
11929,MFSD9,0
11930,MGA,0
11931,MGAM,1
11932,MGARP,0
11933,MGAT1,0
11934,MGAT2,0
11935,MGAT3,0
11936,MGAT4A,0
11937,MGAT4B,0
11938,MGAT4C,0
11939,MGAT4D,0
11940,MGAT5,0
11941,MGAT5B,0
11942,MGC16275,0
11943,MGC32805,0
11944,MGC39584,0
11945,MGC45922,0
11946,MGEA5,0
11947,MGLL,1
11948,MGME1,0
11949,MGMT,0
11950,MGP,0
11951,MGRN1,0
11952,MGST1,0
11953,MGST2,0
11954,MGST3,0
11955,MIA,0
11956,MIA2,0
11957,MIA3,0
11958,MIAT,0
11959,MIATNB,0
11960,MIB1,0
11961,MIB2,0
11962,MICA,0
11963,MICAL1,0
11964,MICAL2,0
11965,MICAL3,0
11966,MICALCL,0
11967,MICALL1,0
11968,MICALL2,0
11969,MICB,0
11970,MICU1,0
11971,MICU2,0
11972,MICU3,0
11973,MID1,0
11974,MID1IP1,0
11975,MID1IP1-AS1,0
11976,MID2,0
11977,MIDN,0
11978,MIEF1,0
11979,MIEF2,0
11980,MIEN1,0
11981,MIER1,0
11982,MIER2,0
11983,MIER3,0
11984,MIF,1
11985,MIF-AS1,0
11986,MIF4GD,0
11987,MIIP,0
11988,MILR1,0
11989,MIMT1,0
11990,MINA,0
11991,MINCR,0
11992,MINK1,0
11993,MINOS1,0
11994,MINPP1,0
11995,MIOS,0
11996,MIOX,0
11997,MIP,0
11998,MIPEP,0
11999,MIPOL1,0
12000,MIR100HG,0
12001,MIR133A1HG,0
12002,MIR137HG,0
12003,MIR1539,0
12004,MIR155HG,0
12005,MIR181A1HG,0
12006,MIR181A2HG,0
12007,MIR193BHG,0
12008,MIR194-2HG,0
12009,MIR202HG,0
12010,MIR2052HG,0
12011,MIR210HG,0
12012,MIR219A2,0
12013,MIR222HG,0
12014,MIR22HG,0
12015,MIR3142HG,0
12016,MIR3179-1,0
12017,MIR3179-3,0
12018,MIR3180-1,0
12019,MIR3180-4,0
12020,MIR325HG,0
12021,MIR34AHG,0
12022,MIR3681HG,0
12023,MIR3945HG,0
12024,MIR4300HG,0
12025,MIR4432HG,0
12026,MIR4435-2HG,0
12027,MIR4458HG,0
12028,MIR497HG,0
12029,MIR503HG,0
12030,MIR548XHG,0
12031,MIR5689HG,0
12032,MIR646HG,0
12033,MIR7-3HG,0
12034,MIR762HG,0
12035,MIR9-3HG,0
12036,MIR99AHG,0
12037,MIRLET7BHG,0
12038,MIRLET7DHG,0
12039,MIS12,0
12040,MIS18A,0
12041,MIS18A-AS1,0
12042,MIS18BP1,0
12043,MISP,0
12044,MITD1,0
12045,MITF,0
12046,MIXL1,0
12047,MKI67,0
12048,MKKS,0
12049,MKL1,0
12050,MKL2,0
12051,MKLN1,0
12052,MKNK1,1
12053,MKNK2,1
12054,MKRN1,0
12055,MKRN2,0
12056,MKRN2OS,0
12057,MKRN3,0
12058,MKS1,0
12059,MKX,0
12060,MKX-AS1,0
12061,MLC1,0
12062,MLEC,0
12063,MLF1,0
12064,MLF2,0
12065,MLH1,0
12066,MLH3,0
12067,MLIP,0
12068,MLK7-AS1,0
12069,MLKL,0
12070,MLLT1,0
12071,MLLT10,0
12072,MLLT11,0
12073,MLLT3,0
12074,MLLT4,0
12075,MLLT4-AS1,0
12076,MLLT6,0
12077,MLPH,0
12078,MLST8,1
12079,MLX,0
12080,MLXIP,0
12081,MLXIPL,0
12082,MLYCD,0
12083,MMAA,0
12084,MMAB,0
12085,MMACHC,0
12086,MMADHC,0
12087,MMD,0
12088,MME,1
12089,MMEL1,0
12090,MMGT1,0
12091,MMP1,1
12092,MMP10,0
12093,MMP11,0
12094,MMP12,1
12095,MMP13,1
12096,MMP14,1
12097,MMP15,0
12098,MMP16,0
12099,MMP17,0
12100,MMP19,0
12101,MMP2,1
12102,MMP20,0
12103,MMP21,0
12104,MMP23B,0
12105,MMP24,0
12106,MMP24-AS1,0
12107,MMP25,0
12108,MMP25-AS1,0
12109,MMP28,0
12110,MMP3,1
12111,MMP7,1
12112,MMP8,1
12113,MMP9,1
12114,MMRN1,0
12115,MMRN2,0
12116,MMS19,0
12117,MMS22L,0
12118,MN1,0
12119,MNAT1,0
12120,MND1,0
12121,MNDA,0
12122,MNS1,0
12123,MNT,0
12124,MNX1,0
12125,MNX1-AS1,0
12126,MNX1-AS2,0
12127,MOAP1,0
12128,MOB1A,0
12129,MOB1B,0
12130,MOB2,0
12131,MOB3A,0
12132,MOB3B,0
12133,MOB3C,0
12134,MOB4,0
12135,MOBP,0
12136,MOCOS,0
12137,MOCS1,0
12138,MOCS2,0
12139,MOCS3,0
12140,MOG,0
12141,MOGAT1,0
12142,MOGAT2,0
12143,MOGAT3,0
12144,MOGS,0
12145,MOK,0
12146,MON1A,0
12147,MON1B,0
12148,MON2,0
12149,MORC1,0
12150,MORC2,0
12151,MORC2-AS1,0
12152,MORC3,0
12153,MORC4,0
12154,MORF4L1,0
12155,MORF4L2,0
12156,MORF4L2-AS1,0
12157,MORN1,0
12158,MORN2,0
12159,MORN3,0
12160,MORN4,0
12161,MORN5,0
12162,MOSPD1,0
12163,MOSPD2,0
12164,MOSPD3,0
12165,MOV10,0
12166,MOV10L1,0
12167,MOXD1,0
12168,MPC1,0
12169,MPC2,0
12170,MPDU1,0
12171,MPDZ,0
12172,MPEG1,0
12173,MPG,0
12174,MPHOSPH10,0
12175,MPHOSPH6,0
12176,MPHOSPH8,0
12177,MPHOSPH9,0
12178,MPI,0
12179,MPLKIP,0
12180,MPND,0
12181,MPO,1
12182,MPP1,0
12183,MPP2,0
12184,MPP3,0
12185,MPP4,0
12186,MPP5,0
12187,MPP6,0
12188,MPP7,0
12189,MPPE1,0
12190,MPPED1,0
12191,MPPED2,0
12192,MPRIP,0
12193,MPRIP-AS1,0
12194,MPST,0
12195,MPV17,0
12196,MPV17L,0
12197,MPV17L2,0
12198,MPZ,0
12199,MPZL1,0
12200,MPZL2,0
12201,MPZL3,0
12202,MR1,0
12203,MRAP,0
12204,MRAP2,0
12205,MRAS,0
12206,MRC1,0
12207,MRC2,0
12208,MRE11A,0
12209,MREG,0
12210,MRFAP1,0
12211,MRFAP1L1,0
12212,MRGBP,0
12213,MRGPRF,0
12214,MRGPRF-AS1,0
12215,MRGPRX2,0
12216,MRI1,0
12217,MRLN,0
12218,MRM1,0
12219,MRO,0
12220,MROH1,0
12221,MROH2A,0
12222,MROH6,0
12223,MROH7,0
12224,MROH8,0
12225,MROH9,0
12226,MRPL1,0
12227,MRPL10,0
12228,MRPL11,0
12229,MRPL12,0
12230,MRPL13,0
12231,MRPL14,0
12232,MRPL15,0
12233,MRPL16,0
12234,MRPL17,0
12235,MRPL18,0
12236,MRPL19,0
12237,MRPL2,0
12238,MRPL20,0
12239,MRPL21,0
12240,MRPL22,0
12241,MRPL23,0
12242,MRPL23-AS1,0
12243,MRPL24,0
12244,MRPL27,0
12245,MRPL28,0
12246,MRPL3,0
12247,MRPL30,0
12248,MRPL32,0
12249,MRPL33,0
12250,MRPL34,0
12251,MRPL35,0
12252,MRPL36,0
12253,MRPL37,0
12254,MRPL38,0
12255,MRPL39,0
12256,MRPL4,0
12257,MRPL40,0
12258,MRPL41,0
12259,MRPL42,0
12260,MRPL43,0
12261,MRPL44,0
12262,MRPL45,0
12263,MRPL46,0
12264,MRPL47,0
12265,MRPL48,0
12266,MRPL49,0
12267,MRPL50,0
12268,MRPL51,0
12269,MRPL52,0
12270,MRPL53,0
12271,MRPL54,0
12272,MRPL55,0
12273,MRPL57,0
12274,MRPL9,0
12275,MRPS10,0
12276,MRPS11,0
12277,MRPS12,0
12278,MRPS14,0
12279,MRPS15,0
12280,MRPS16,0
12281,MRPS17,0
12282,MRPS18A,0
12283,MRPS18B,0
12284,MRPS18C,0
12285,MRPS2,0
12286,MRPS21,0
12287,MRPS22,0
12288,MRPS23,0
12289,MRPS24,0
12290,MRPS25,0
12291,MRPS26,0
12292,MRPS27,0
12293,MRPS28,0
12294,MRPS30,0
12295,MRPS31,0
12296,MRPS33,0
12297,MRPS34,0
12298,MRPS35,0
12299,MRPS36,0
12300,MRPS5,0
12301,MRPS6,0
12302,MRPS7,0
12303,MRPS9,0
12304,MRRF,0
12305,MRS2,0
12306,MRTO4,0
12307,MRVI1,0
12308,MRVI1-AS1,0
12309,MS4A1,1
12310,MS4A10,0
12311,MS4A12,0
12312,MS4A13,0
12313,MS4A14,0
12314,MS4A15,0
12315,MS4A18,0
12316,MS4A2,0
12317,MS4A3,0
12318,MS4A4A,0
12319,MS4A4E,0
12320,MS4A6A,0
12321,MS4A6E,0
12322,MS4A7,0
12323,MS4A8,0
12324,MSANTD1,0
12325,MSANTD2,0
12326,MSANTD3,0
12327,MSANTD4,0
12328,MSC,0
12329,MSC-AS1,0
12330,MSH2,0
12331,MSH3,0
12332,MSH4,0
12333,MSH5,0
12334,MSH5-SAPCD1,0
12335,MSH6,0
12336,MSI1,0
12337,MSI2,0
12338,MSL1,0
12339,MSL2,0
12340,MSL3,0
12341,MSLN,1
12342,MSMB,0
12343,MSMO1,0
12344,MSMP,0
12345,MSN,0
12346,MSR1,0
12347,MSRA,0
12348,MSRB1,0
12349,MSRB2,0
12350,MSRB3,0
12351,MSS51,0
12352,MST1,0
12353,MST1R,1
12354,MSTN,1
12355,MSTO1,0
12356,MSX1,0
12357,MSX2,0
12358,MT-ATP6,0
12359,MT-ATP8,0
12360,MT-CO1,0
12361,MT-CO2,0
12362,MT-CO3,0
12363,MT-CYB,0
12364,MT-ND1,1
12365,MT-ND2,1
12366,MT-ND3,1
12367,MT-ND4,1
12368,MT-ND4L,1
12369,MT-ND5,1
12370,MT-ND6,1
12371,MT1A,0
12372,MT1B,0
12373,MT1E,0
12374,MT1F,0
12375,MT1G,0
12376,MT1H,0
12377,MT1HL1,0
12378,MT1M,0
12379,MT1X,0
12380,MT2A,0
12381,MT3,0
12382,MTA1,0
12383,MTA2,0
12384,MTA3,0
12385,MTAP,0
12386,MTBP,0
12387,MTCH1,0
12388,MTCH2,0
12389,MTCL1,0
12390,MTCP1,0
12391,MTDH,0
12392,MTERF1,0
12393,MTERF2,0
12394,MTERF3,0
12395,MTERF4,0
12396,MTF1,0
12397,MTF2,0
12398,MTFMT,0
12399,MTFP1,0
12400,MTFR1,0
12401,MTFR1L,0
12402,MTFR2,0
12403,MTG1,0
12404,MTG2,0
12405,MTHFD1,0
12406,MTHFD1L,0
12407,MTHFD2,0
12408,MTHFD2L,0
12409,MTHFR,0
12410,MTHFS,0
12411,MTHFSD,0
12412,MTIF2,0
12413,MTIF3,0
12414,MTL5,0
12415,MTM1,0
12416,MTMR1,0
12417,MTMR10,0
12418,MTMR11,0
12419,MTMR12,0
12420,MTMR14,0
12421,MTMR2,0
12422,MTMR3,0
12423,MTMR4,0
12424,MTMR6,0
12425,MTMR7,0
12426,MTMR8,0
12427,MTMR9,0
12428,MTO1,0
12429,MTOR,1
12430,MTPAP,0
12431,MTPN,0
12432,MTR,0
12433,MTRF1,0
12434,MTRF1L,0
12435,MTRNR2L1,0
12436,MTRNR2L10,0
12437,MTRNR2L11,0
12438,MTRNR2L12,0
12439,MTRNR2L3,0
12440,MTRNR2L4,0
12441,MTRNR2L6,0
12442,MTRNR2L8,0
12443,MTRR,0
12444,MTSS1,0
12445,MTSS1L,0
12446,MTTP,1
12447,MTURN,0
12448,MTUS1,0
12449,MTUS2,0
12450,MTUS2-AS1,0
12451,MTX1,0
12452,MTX2,0
12453,MTX3,0
12454,MUC1,1
12455,MUC12,0
12456,MUC13,0
12457,MUC15,0
12458,MUC16,1
12459,MUC17,0
12460,MUC20,0
12461,MUC21,0
12462,MUC22,0
12463,MUC3A,0
12464,MUC4,0
12465,MUC5AC,1
12466,MUC5B,0
12467,MUC6,0
12468,MUCL1,0
12469,MUL1,0
12470,MUM1,0
12471,MUM1L1,0
12472,MURC,0
12473,MUS81,0
12474,MUSK,0
12475,MUT,0
12476,MUTYH,0
12477,MVB12A,0
12478,MVB12B,0
12479,MVD,0
12480,MVK,0
12481,MVP,0
12482,MX1,0
12483,MX2,0
12484,MXD1,0
12485,MXD3,0
12486,MXD4,0
12487,MXI1,0
12488,MXRA5,0
12489,MXRA7,0
12490,MXRA8,0
12491,MYADM,0
12492,MYB,0
12493,MYBBP1A,0
12494,MYBL1,0
12495,MYBL2,0
12496,MYBPC1,0
12497,MYBPC2,0
12498,MYBPC3,0
12499,MYBPH,0
12500,MYBPHL,0
12501,MYC,0
12502,MYCBP,0
12503,MYCBP2,0
12504,MYCBP2-AS1,0
12505,MYCBPAP,0
12506,MYCL,0
12507,MYCN,0
12508,MYCNOS,0
12509,MYCT1,0
12510,MYD88,0
12511,MYDGF,0
12512,MYEF2,0
12513,MYEOV,0
12514,MYEOV2,0
12515,MYF6,0
12516,MYH10,0
12517,MYH11,0
12518,MYH14,0
12519,MYH15,0
12520,MYH3,0
12521,MYH7,1
12522,MYH7B,0
12523,MYH9,0
12524,MYL10,0
12525,MYL12A,0
12526,MYL12B,0
12527,MYL2,1
12528,MYL3,0
12529,MYL4,0
12530,MYL5,0
12531,MYL6,0
12532,MYL6B,0
12533,MYL9,0
12534,MYLIP,0
12535,MYLK,0
12536,MYLK-AS1,0
12537,MYLK-AS2,0
12538,MYLK2,0
12539,MYLK3,0
12540,MYLK4,0
12541,MYLPF,0
12542,MYNN,0
12543,MYO10,0
12544,MYO15A,0
12545,MYO15B,0
12546,MYO16,0
12547,MYO16-AS1,0
12548,MYO18A,0
12549,MYO18B,0
12550,MYO19,0
12551,MYO1A,0
12552,MYO1B,0
12553,MYO1C,0
12554,MYO1D,0
12555,MYO1E,0
12556,MYO1F,0
12557,MYO1G,0
12558,MYO1H,0
12559,MYO3A,0
12560,MYO3B,0
12561,MYO5A,0
12562,MYO5B,0
12563,MYO5C,0
12564,MYO6,0
12565,MYO7A,0
12566,MYO7B,0
12567,MYO9A,0
12568,MYO9B,0
12569,MYOC,0
12570,MYOCD,0
12571,MYOF,0
12572,MYOM1,0
12573,MYOM2,0
12574,MYOM3,0
12575,MYOT,0
12576,MYOZ1,0
12577,MYOZ2,0
12578,MYOZ3,0
12579,MYPN,0
12580,MYPOP,0
12581,MYRF,0
12582,MYRFL,0
12583,MYRIP,0
12584,MYSM1,0
12585,MYT1,0
12586,MYT1L,0
12587,MYZAP,0
12588,MZB1,0
12589,MZF1,0
12590,MZF1-AS1,0
12591,MZT1,0
12592,MZT2A,0
12593,MZT2B,0
12594,N4BP1,0
12595,N4BP2,0
12596,N4BP2L1,0
12597,N4BP2L2,0
12598,N4BP3,0
12599,N6AMT1,0
12600,N6AMT2,0
12601,NAA10,0
12602,NAA15,0
12603,NAA16,0
12604,NAA20,0
12605,NAA25,0
12606,NAA30,0
12607,NAA35,0
12608,NAA38,0
12609,NAA40,0
12610,NAA50,0
12611,NAA60,0
12612,NAAA,0
12613,NAALAD2,0
12614,NAALADL1,0
12615,NAALADL2,0
12616,NAALADL2-AS2,0
12617,NAB1,0
12618,NAB2,0
12619,NABP1,0
12620,NABP2,0
12621,NACA,0
12622,NACA2,0
12623,NACAD,0
12624,NACC1,0
12625,NACC2,0
12626,NADK,0
12627,NADK2,0
12628,NADSYN1,0
12629,NAE1,1
12630,NAF1,0
12631,NAGA,0
12632,NAGK,0
12633,NAGLU,0
12634,NAGPA,0
12635,NAGS,0
12636,NAIF1,0
12637,NAIP,0
12638,NALCN,0
12639,NALCN-AS1,0
12640,NALT1,0
12641,NAMA,0
12642,NAMPT,1
12643,NANOG,0
12644,NANOS1,0
12645,NANOS3,0
12646,NANP,0
12647,NANS,0
12648,NAP1L1,0
12649,NAP1L2,0
12650,NAP1L3,0
12651,NAP1L4,0
12652,NAP1L5,0
12653,NAP1L6,0
12654,NAPA,0
12655,NAPA-AS1,0
12656,NAPB,0
12657,NAPEPLD,0
12658,NAPG,0
12659,NAPRT,0
12660,NAPSA,0
12661,NARF,0
12662,NARFL,0
12663,NARS,0
12664,NARS2,0
12665,NASP,0
12666,NAT1,0
12667,NAT10,0
12668,NAT14,0
12669,NAT16,0
12670,NAT2,0
12671,NAT6,0
12672,NAT8L,0
12673,NAT9,0
12674,NATD1,0
12675,NAV1,0
12676,NAV2,0
12677,NAV2-AS2,0
12678,NAV2-AS3,0
12679,NAV3,0
12680,NBAS,0
12681,NBAT1,0
12682,NBEA,0
12683,NBEAL1,0
12684,NBEAL2,0
12685,NBL1,0
12686,NBN,0
12687,NBPF1,0
12688,NBPF10,0
12689,NBPF11,0
12690,NBPF12,0
12691,NBPF14,0
12692,NBPF15,0
12693,NBPF19,0
12694,NBPF20,0
12695,NBPF26,0
12696,NBPF3,0
12697,NBPF9,0
12698,NBR1,0
12699,NCALD,0
12700,NCAM1,1
12701,NCAM2,0
12702,NCAN,0
12703,NCAPD2,0
12704,NCAPD3,0
12705,NCAPG,0
12706,NCAPG2,0
12707,NCAPH,0
12708,NCAPH2,0
12709,NCBP1,1
12710,NCBP2,1
12711,NCBP2-AS1,0
12712,NCBP2-AS2,0
12713,NCBP2L,0
12714,NCBP3,0
12715,NCCRP1,0
12716,NCDN,0
12717,NCEH1,0
12718,NCF1,0
12719,NCF2,0
12720,NCF4,0
12721,NCK1,0
12722,NCK1-AS1,0
12723,NCK2,0
12724,NCKAP1,0
12725,NCKAP1L,0
12726,NCKAP5,0
12727,NCKAP5L,0
12728,NCKIPSD,0
12729,NCL,0
12730,NCLN,0
12731,NCMAP,0
12732,NCOA1,0
12733,NCOA2,0
12734,NCOA3,0
12735,NCOA4,0
12736,NCOA5,0
12737,NCOA6,0
12738,NCOA7,0
12739,NCOR1,0
12740,NCOR2,0
12741,NCR1,0
12742,NCR2,0
12743,NCR3,0
12744,NCR3LG1,0
12745,NCRNA00250,0
12746,NCS1,0
12747,NCSTN,0
12748,NDC1,0
12749,NDC80,0
12750,NDE1,0
12751,NDEL1,0
12752,NDFIP1,0
12753,NDFIP2,0
12754,NDN,0
12755,NDNF,0
12756,NDOR1,0
12757,NDP,0
12758,NDRG1,0
12759,NDRG2,0
12760,NDRG3,0
12761,NDRG4,0
12762,NDST1,0
12763,NDST2,0
12764,NDST3,0
12765,NDST4,0
12766,NDUFA1,1
12767,NDUFA10,1
12768,NDUFA11,1
12769,NDUFA12,1
12770,NDUFA13,1
12771,NDUFA2,1
12772,NDUFA3,1
12773,NDUFA4,0
12774,NDUFA4L2,0
12775,NDUFA5,1
12776,NDUFA6,1
12777,NDUFA7,1
12778,NDUFA8,1
12779,NDUFA9,1
12780,NDUFAB1,1
12781,NDUFAF1,1
12782,NDUFAF2,1
12783,NDUFAF3,1
12784,NDUFAF4,1
12785,NDUFAF5,0
12786,NDUFAF6,0
12787,NDUFAF7,0
12788,NDUFB1,1
12789,NDUFB10,1
12790,NDUFB11,1
12791,NDUFB2,1
12792,NDUFB2-AS1,0
12793,NDUFB3,1
12794,NDUFB4,1
12795,NDUFB5,1
12796,NDUFB6,1
12797,NDUFB7,1
12798,NDUFB8,1
12799,NDUFB9,1
12800,NDUFC1,1
12801,NDUFC2,1
12802,NDUFC2-KCTD14,0
12803,NDUFS1,1
12804,NDUFS2,1
12805,NDUFS3,1
12806,NDUFS4,1
12807,NDUFS5,1
12808,NDUFS6,1
12809,NDUFS7,1
12810,NDUFS8,1
12811,NDUFV1,1
12812,NDUFV2,1
12813,NDUFV2-AS1,0
12814,NDUFV3,1
12815,NEAT1,0
12816,NEB,0
12817,NEBL,0
12818,NEBL-AS1,0
12819,NECAB1,0
12820,NECAB2,0
12821,NECAB3,0
12822,NECAP1,0
12823,NECAP2,0
12824,NEDD1,0
12825,NEDD4,0
12826,NEDD4L,0
12827,NEDD8,0
12828,NEDD9,0
12829,NEFH,0
12830,NEFL,0
12831,NEFM,0
12832,NEGR1,0
12833,NEIL1,0
12834,NEIL2,0
12835,NEIL3,0
12836,NEK1,0
12837,NEK10,0
12838,NEK11,0
12839,NEK2,0
12840,NEK3,0
12841,NEK4,0
12842,NEK5,0
12843,NEK6,0
12844,NEK7,0
12845,NEK8,0
12846,NEK9,0
12847,NELFA,0
12848,NELFB,0
12849,NELFCD,0
12850,NELFE,0
12851,NELL1,0
12852,NELL2,0
12853,NEMF,0
12854,NEMP1,0
12855,NEMP2,0
12856,NENF,0
12857,NEO1,0
12858,NES,0
12859,NET1,0
12860,NETO1,0
12861,NETO2,0
12862,NEU1,0
12863,NEU3,0
12864,NEU4,0
12865,NEURL1,0
12866,NEURL1B,0
12867,NEURL2,0
12868,NEURL3,0
12869,NEURL4,0
12870,NEUROD1,0
12871,NEUROD2,0
12872,NEUROG2,0
12873,NEUROG3,0
12874,NEXN,0
12875,NEXN-AS1,0
12876,NF1,0
12877,NF2,0
12878,NFAM1,0
12879,NFASC,0
12880,NFAT5,0
12881,NFATC1,0
12882,NFATC2,0
12883,NFATC2IP,0
12884,NFATC3,0
12885,NFATC4,0
12886,NFE2,0
12887,NFE2L1,0
12888,NFE2L2,1
12889,NFE2L3,0
12890,NFE4,0
12891,NFIA,0
12892,NFIA-AS2,0
12893,NFIB,0
12894,NFIC,0
12895,NFIL3,0
12896,NFIX,0
12897,NFKB1,1
12898,NFKB2,1
12899,NFKBIA,0
12900,NFKBIB,0
12901,NFKBID,0
12902,NFKBIE,0
12903,NFKBIL1,0
12904,NFKBIZ,0
12905,NFRKB,0
12906,NFS1,0
12907,NFU1,0
12908,NFX1,0
12909,NFXL1,0
12910,NFYA,0
12911,NFYB,0
12912,NFYC,0
12913,NFYC-AS1,0
12914,NGB,0
12915,NGDN,0
12916,NGEF,0
12917,NGF,1
12918,NGFR,0
12919,NGFRAP1,0
12920,NGLY1,0
12921,NGRN,0
12922,NHEJ1,0
12923,NHLH1,0
12924,NHLH2,0
12925,NHLRC1,0
12926,NHLRC2,0
12927,NHLRC3,0
12928,NHLRC4,0
12929,NHP2,0
12930,NHS,0
12931,NHS-AS1,0
12932,NHSL1,0
12933,NHSL2,0
12934,NICN1,0
12935,NID1,0
12936,NID2,0
12937,NIF3L1,0
12938,NIFK,0
12939,NIFK-AS1,0
12940,NIM1K,0
12941,NIN,0
12942,NINJ1,0
12943,NINJ2,0
12944,NINL,0
12945,NIP7,0
12946,NIPA1,0
12947,NIPA2,0
12948,NIPAL1,0
12949,NIPAL2,0
12950,NIPAL3,0
12951,NIPAL4,0
12952,NIPBL,0
12953,NIPSNAP1,0
12954,NIPSNAP3A,0
12955,NIPSNAP3B,0
12956,NISCH,1
12957,NIT1,0
12958,NIT2,0
12959,NKAIN1,0
12960,NKAIN2,0
12961,NKAIN3,0
12962,NKAIN4,0
12963,NKAP,0
12964,NKAPL,0
12965,NKD1,0
12966,NKD2,0
12967,NKG7,0
12968,NKILA,0
12969,NKIRAS1,0
12970,NKIRAS2,0
12971,NKPD1,0
12972,NKRF,0
12973,NKTR,0
12974,NKX1-2,0
12975,NKX2-1,0
12976,NKX2-1-AS1,0
12977,NKX2-2,0
12978,NKX2-3,0
12979,NKX2-4,0
12980,NKX2-5,0
12981,NKX2-8,0
12982,NKX3-1,0
12983,NKX3-2,0
12984,NKX6-1,0
12985,NKX6-2,0
12986,NKX6-3,0
12987,NLE1,0
12988,NLGN1,0
12989,NLGN2,0
12990,NLGN3,0
12991,NLGN4X,0
12992,NLGN4Y,0
12993,NLK,0
12994,NLN,0
12995,NLRC3,0
12996,NLRC4,0
12997,NLRC5,0
12998,NLRP1,0
12999,NLRP11,0
13000,NLRP12,0
13001,NLRP14,0
13002,NLRP2,0
13003,NLRP2P,0
13004,NLRP3,1
13005,NLRP4,0
13006,NLRP6,0
13007,NLRP7,0
13008,NLRP8,0
13009,NLRX1,0
13010,NMB,0
13011,NMD3,0
13012,NME1,0
13013,NME1-NME2,0
13014,NME2,0
13015,NME3,0
13016,NME4,0
13017,NME5,0
13018,NME6,0
13019,NME7,0
13020,NME8,0
13021,NME9,0
13022,NMI,0
13023,NMNAT1,0
13024,NMNAT2,0
13025,NMNAT3,0
13026,NMRAL1,0
13027,NMRK1,0
13028,NMRK2,0
13029,NMT1,0
13030,NMT2,0
13031,NMU,0
13032,NMUR1,0
13033,NMUR2,0
13034,NNAT,0
13035,NNMT,0
13036,NNT,0
13037,NNT-AS1,0
13038,NOA1,0
13039,NOB1,0
13040,NOC2L,0
13041,NOC3L,0
13042,NOC4L,0
13043,NOCT,0
13044,NOD1,0
13045,NOD2,1
13046,NODAL,0
13047,NOG,0
13048,NOL10,0
13049,NOL11,0
13050,NOL12,0
13051,NOL3,0
13052,NOL4,0
13053,NOL4L,0
13054,NOL6,0
13055,NOL7,0
13056,NOL8,0
13057,NOL9,0
13058,NOLC1,0
13059,NOM1,0
13060,NOMO1,0
13061,NOMO2,0
13062,NOMO3,0
13063,NONO,0
13064,NOP10,0
13065,NOP14,0
13066,NOP14-AS1,0
13067,NOP16,0
13068,NOP2,0
13069,NOP56,0
13070,NOP58,0
13071,NOP9,0
13072,NOS1,1
13073,NOS1AP,0
13074,NOS2,1
13075,NOS3,1
13076,NOSIP,0
13077,NOSTRIN,0
13078,NOTCH1,1
13079,NOTCH2,1
13080,NOTCH2NL,0
13081,NOTCH3,1
13082,NOTCH4,0
13083,NOTO,0
13084,NOTUM,0
13085,NOV,0
13086,NOVA1,0
13087,NOVA1-AS1,0
13088,NOVA2,0
13089,NOX1,1
13090,NOX4,1
13091,NOX5,0
13092,NOXA1,0
13093,NOXO1,0
13094,NOXRED1,0
13095,NPAS1,0
13096,NPAS2,0
13097,NPAS3,0
13098,NPAT,0
13099,NPB,0
13100,NPC1,0
13101,NPC1L1,0
13102,NPC2,0
13103,NPDC1,0
13104,NPEPL1,0
13105,NPEPPS,1
13106,NPFF,0
13107,NPFFR1,0
13108,NPFFR2,0
13109,NPHP1,0
13110,NPHP3,0
13111,NPHP3-ACAD11,0
13112,NPHP3-AS1,0
13113,NPHP4,0
13114,NPHS1,0
13115,NPIPA1,0
13116,NPIPA3,0
13117,NPIPA5,0
13118,NPIPB11,0
13119,NPIPB15,0
13120,NPIPB3,0
13121,NPIPB4,0
13122,NPIPB5,0
13123,NPIPB6,0
13124,NPIPB7,0
13125,NPIPB9,0
13126,NPL,0
13127,NPLOC4,0
13128,NPM1,1
13129,NPM2,0
13130,NPM3,0
13131,NPNT,0
13132,NPPA,0
13133,NPPA-AS1,0
13134,NPPB,0
13135,NPPC,0
13136,NPR1,1
13137,NPR2,0
13138,NPR3,1
13139,NPRL2,0
13140,NPRL3,0
13141,NPTN,0
13142,NPTX1,0
13143,NPTX2,0
13144,NPTXR,0
13145,NPW,0
13146,NPY,0
13147,NPY1R,0
13148,NPY5R,1
13149,NQO1,1
13150,NQO2,0
13151,NR0B1,0
13152,NR0B2,0
13153,NR1D1,0
13154,NR1D2,0
13155,NR1H2,1
13156,NR1H3,1
13157,NR1H4,1
13158,NR1I2,0
13159,NR1I3,0
13160,NR2C1,0
13161,NR2C2,0
13162,NR2C2AP,0
13163,NR2E1,0
13164,NR2E3,0
13165,NR2F1,0
13166,NR2F1-AS1,0
13167,NR2F2,0
13168,NR2F2-AS1,0
13169,NR2F6,0
13170,NR3C1,1
13171,NR3C2,1
13172,NR4A1,0
13173,NR4A2,0
13174,NR4A3,0
13175,NR5A1,0
13176,NR5A2,0
13177,NR6A1,0
13178,NRAP,0
13179,NRARP,0
13180,NRAS,1
13181,NRAV,0
13182,NRBF2,0
13183,NRBP1,0
13184,NRBP2,0
13185,NRCAM,0
13186,NRDC,0
13187,NRDE2,0
13188,NREP,0
13189,NRF1,0
13190,NRG1,0
13191,NRG2,0
13192,NRG3,0
13193,NRG4,0
13194,NRGN,0
13195,NRIP1,0
13196,NRIP2,0
13197,NRIP3,0
13198,NRIR,0
13199,NRK,0
13200,NRL,0
13201,NRM,0
13202,NRN1,0
13203,NRN1L,0
13204,NRP1,1
13205,NRP2,0
13206,NRROS,0
13207,NRSN2,0
13208,NRSN2-AS1,0
13209,NRTN,0
13210,NRXN1,0
13211,NRXN2,0
13212,NRXN3,0
13213,NSA2,0
13214,NSD1,0
13215,NSDHL,0
13216,NSF,0
13217,NSFL1C,0
13218,NSG1,0
13219,NSL1,0
13220,NSMAF,0
13221,NSMCE1,0
13222,NSMCE2,0
13223,NSMCE3,0
13224,NSMCE4A,0
13225,NSMF,0
13226,NSRP1,0
13227,NSUN2,0
13228,NSUN3,0
13229,NSUN4,0
13230,NSUN5,0
13231,NSUN6,0
13232,NSUN7,0
13233,NT5C,0
13234,NT5C1A,0
13235,NT5C2,0
13236,NT5C3A,0
13237,NT5C3B,0
13238,NT5DC1,0
13239,NT5DC2,0
13240,NT5DC3,0
13241,NT5DC4,0
13242,NT5E,1
13243,NT5M,0
13244,NTAN1,0
13245,NTF3,0
13246,NTF4,0
13247,NTHL1,0
13248,NTM,0
13249,NTM-AS1,0
13250,NTMT1,0
13251,NTN1,0
13252,NTN4,0
13253,NTN5,0
13254,NTNG1,0
13255,NTNG2,0
13256,NTPCR,0
13257,NTRK1,1
13258,NTRK2,1
13259,NTRK3,1
13260,NTS,0
13261,NTSR1,1
13262,NUAK1,0
13263,NUAK2,0
13264,NUB1,0
13265,NUBP1,0
13266,NUBP2,0
13267,NUBPL,0
13268,NUCB1,0
13269,NUCB1-AS1,0
13270,NUCB2,0
13271,NUCKS1,0
13272,NUDC,0
13273,NUDCD1,0
13274,NUDCD2,0
13275,NUDCD3,0
13276,NUDT1,0
13277,NUDT10,0
13278,NUDT11,0
13279,NUDT12,0
13280,NUDT13,0
13281,NUDT14,0
13282,NUDT15,0
13283,NUDT16,0
13284,NUDT16L1,0
13285,NUDT17,0
13286,NUDT18,0
13287,NUDT19,0
13288,NUDT2,0
13289,NUDT21,0
13290,NUDT22,0
13291,NUDT3,0
13292,NUDT4,0
13293,NUDT5,0
13294,NUDT6,0
13295,NUDT7,0
13296,NUDT8,0
13297,NUDT9,0
13298,NUF2,0
13299,NUFIP1,0
13300,NUFIP2,0
13301,NUGGC,0
13302,NUMA1,0
13303,NUMB,0
13304,NUMBL,0
13305,NUP107,0
13306,NUP133,0
13307,NUP153,0
13308,NUP155,0
13309,NUP160,0
13310,NUP188,0
13311,NUP205,0
13312,NUP210,0
13313,NUP210L,0
13314,NUP214,0
13315,NUP35,0
13316,NUP37,0
13317,NUP43,0
13318,NUP50,0
13319,NUP50-AS1,0
13320,NUP54,0
13321,NUP58,0
13322,NUP62,0
13323,NUP62CL,0
13324,NUP85,0
13325,NUP88,0
13326,NUP93,0
13327,NUP98,0
13328,NUPL2,0
13329,NUPR1,0
13330,NUPR2,0
13331,NUS1,0
13332,NUSAP1,0
13333,NUTF2,0
13334,NUTM1,0
13335,NUTM2A-AS1,0
13336,NUTM2B,0
13337,NUTM2B-AS1,0
13338,NUTM2D,0
13339,NUTM2E,0
13340,NUTM2G,0
13341,NVL,0
13342,NWD1,0
13343,NXF1,0
13344,NXF3,0
13345,NXN,0
13346,NXNL1,0
13347,NXNL2,0
13348,NXPE1,0
13349,NXPE2,0
13350,NXPE3,0
13351,NXPE4,0
13352,NXPH1,0
13353,NXPH3,0
13354,NXPH4,0
13355,NXT1,0
13356,NXT2,0
13357,NYAP1,0
13358,NYAP2,0
13359,NYNRIN,0
13360,OAF,0
13361,OARD1,0
13362,OAS1,0
13363,OAS2,0
13364,OAS3,0
13365,OASL,0
13366,OAT,0
13367,OAZ1,0
13368,OAZ2,0
13369,OAZ3,0
13370,OBFC1,0
13371,OBP2A,0
13372,OBP2B,0
13373,OBSCN,0
13374,OBSL1,0
13375,OC90,0
13376,OCA2,0
13377,OCEL1,0
13378,OCIAD1,0
13379,OCIAD2,0
13380,OCLM,0
13381,OCLN,0
13382,OCM,0
13383,OCRL,0
13384,OCSTAMP,0
13385,ODAM,0
13386,ODC1,1
13387,ODF1,0
13388,ODF2,0
13389,ODF2L,0
13390,ODF3B,0
13391,ODF3L1,0
13392,ODF3L2,0
13393,OFD1,0
13394,OGDH,0
13395,OGDHL,0
13396,OGFOD1,0
13397,OGFOD2,0
13398,OGFOD3,0
13399,OGFR,0
13400,OGFR-AS1,0
13401,OGFRL1,0
13402,OGFRP1,0
13403,OGG1,0
13404,OGN,0
13405,OGT,0
13406,OIP5,0
13407,OIT3,0
13408,OLA1,0
13409,OLAH,0
13410,OLFM1,0
13411,OLFM2,0
13412,OLFM3,0
13413,OLFM4,0
13414,OLFML1,0
13415,OLFML2A,0
13416,OLFML2B,0
13417,OLFML3,0
13418,OLIG1,0
13419,OLIG2,0
13420,OLIG3,0
13421,OLMALINC,0
13422,OLR1,0
13423,OMA1,0
13424,OMD,0
13425,OMG,0
13426,ONECUT1,0
13427,ONECUT2,0
13428,ONECUT3,0
13429,OOEP,0
13430,OPA1,0
13431,OPA3,0
13432,OPALIN,0
13433,OPCML,0
13434,OPHN1,0
13435,OPLAH,0
13436,OPN1SW,0
13437,OPN3,0
13438,OPRD1,1
13439,OPRK1,1
13440,OPRL1,0
13441,OPRM1,1
13442,OPTN,0
13443,OR10H1,0
13444,OR13A1,0
13445,OR2A1-AS1,0
13446,OR2A7,0
13447,OR2AE1,0
13448,OR2B6,0
13449,OR2C3,0
13450,OR2L13,0
13451,OR51E1,0
13452,OR51E2,0
13453,OR52K2,0
13454,OR52N4,0
13455,OR5B21,0
13456,OR5P2,0
13457,OR7A5,0
13458,OR7C1,0
13459,OR7D2,0
13460,OR8G1,0
13461,OR8G5,0
13462,ORAI1,0
13463,ORAI2,0
13464,ORAI3,0
13465,ORAOV1,0
13466,ORC1,0
13467,ORC2,0
13468,ORC3,0
13469,ORC4,0
13470,ORC5,0
13471,ORC6,0
13472,ORM1,0
13473,ORM2,0
13474,ORMDL1,0
13475,ORMDL2,0
13476,ORMDL3,0
13477,OS9,0
13478,OSBP,0
13479,OSBP2,0
13480,OSBPL10,0
13481,OSBPL10-AS1,0
13482,OSBPL11,0
13483,OSBPL1A,0
13484,OSBPL2,0
13485,OSBPL3,0
13486,OSBPL5,0
13487,OSBPL6,0
13488,OSBPL7,0
13489,OSBPL8,0
13490,OSBPL9,0
13491,OSCAR,0
13492,OSCP1,0
13493,OSER1,0
13494,OSER1-AS1,0
13495,OSGEP,0
13496,OSGEPL1,0
13497,OSGEPL1-AS1,0
13498,OSGIN1,0
13499,OSGIN2,0
13500,OSM,0
13501,OSMR,1
13502,OSMR-AS1,0
13503,OSR1,0
13504,OSR2,0
13505,OST4,0
13506,OSTC,0
13507,OSTF1,0
13508,OSTM1,0
13509,OSTN,0
13510,OSTN-AS1,0
13511,OTC,0
13512,OTOA,0
13513,OTOF,0
13514,OTOG,0
13515,OTOGL,0
13516,OTOP2,0
13517,OTOR,0
13518,OTOS,0
13519,OTP,0
13520,OTUB1,0
13521,OTUB2,0
13522,OTUD1,0
13523,OTUD3,0
13524,OTUD4,0
13525,OTUD5,0
13526,OTUD6A,0
13527,OTUD6B,0
13528,OTUD6B-AS1,0
13529,OTUD7A,0
13530,OTUD7B,0
13531,OTULIN,0
13532,OTX1,0
13533,OTX2,0
13534,OVCA2,0
13535,OVCH1,0
13536,OVCH1-AS1,0
13537,OVCH2,0
13538,OVGP1,0
13539,OVOL1,0
13540,OVOL1-AS1,0
13541,OVOL2,0
13542,OVOL3,0
13543,OVOS2,0
13544,OXA1L,0
13545,OXCT1,0
13546,OXCT2,0
13547,OXER1,0
13548,OXGR1,0
13549,OXLD1,0
13550,OXNAD1,0
13551,OXR1,0
13552,OXSM,0
13553,OXSR1,0
13554,OXT,0
13555,OXTR,1
13556,P2RX1,0
13557,P2RX2,0
13558,P2RX4,0
13559,P2RX5,0
13560,P2RX5-TAX1BP3,0
13561,P2RX6,0
13562,P2RX7,1
13563,P2RY1,1
13564,P2RY10,0
13565,P2RY11,0
13566,P2RY12,1
13567,P2RY13,0
13568,P2RY14,0
13569,P2RY2,1
13570,P2RY6,1
13571,P2RY8,0
13572,P3H1,0
13573,P3H2,0
13574,P3H2-AS1,0
13575,P3H3,0
13576,P3H4,0
13577,P4HA1,0
13578,P4HA2,0
13579,P4HA3,0
13580,P4HB,1
13581,P4HTM,0
13582,PA2G4,0
13583,PAAF1,0
13584,PABPC1,0
13585,PABPC1L,0
13586,PABPC3,0
13587,PABPC4,0
13588,PABPC4L,0
13589,PABPC5,0
13590,PABPN1,0
13591,PABPN1L,0
13592,PACERR,0
13593,PACRG,0
13594,PACRG-AS3,0
13595,PACRGL,0
13596,PACS1,0
13597,PACS2,0
13598,PACSIN1,0
13599,PACSIN2,0
13600,PACSIN3,0
13601,PADI1,0
13602,PADI2,0
13603,PADI3,0
13604,PADI4,0
13605,PADI6,0
13606,PAEP,0
13607,PAF1,0
13608,PAFAH1B1,0
13609,PAFAH1B2,0
13610,PAFAH1B3,0
13611,PAFAH2,0
13612,PAG1,0
13613,PAGE1,0
13614,PAGE2,0
13615,PAGE2B,0
13616,PAGE4,0
13617,PAGE5,0
13618,PAGR1,0
13619,PAH,0
13620,PAICS,0
13621,PAIP1,0
13622,PAIP2,0
13623,PAIP2B,0
13624,PAK1,0
13625,PAK1IP1,0
13626,PAK2,0
13627,PAK3,0
13628,PAK4,1
13629,PAK6,0
13630,PAK7,0
13631,PALB2,0
13632,PALD1,0
13633,PALLD,0
13634,PALM,0
13635,PALM2,0
13636,PALM2-AKAP2,0
13637,PALM3,0
13638,PALMD,0
13639,PAM,0
13640,PAM16,0
13641,PAMR1,0
13642,PAN2,0
13643,PAN3,0
13644,PAN3-AS1,0
13645,PANK1,0
13646,PANK2,0
13647,PANK3,0
13648,PANK4,0
13649,PANO1,0
13650,PANX1,0
13651,PANX2,0
13652,PANX3,0
13653,PAOX,0
13654,PAPD4,0
13655,PAPD5,0
13656,PAPD7,0
13657,PAPLN,0
13658,PAPOLA,0
13659,PAPOLB,0
13660,PAPOLG,0
13661,PAPPA,0
13662,PAPPA-AS1,0
13663,PAPPA2,0
13664,PAPSS1,0
13665,PAPSS2,0
13666,PAQR3,0
13667,PAQR4,0
13668,PAQR5,0
13669,PAQR6,0
13670,PAQR7,0
13671,PAQR8,0
13672,PAQR9,0
13673,PAQR9-AS1,0
13674,PARD3,0
13675,PARD3-AS1,0
13676,PARD3B,0
13677,PARD6A,0
13678,PARD6B,0
13679,PARD6G,0
13680,PARD6G-AS1,0
13681,PARG,0
13682,PARK2,0
13683,PARK7,0
13684,PARL,0
13685,PARM1,0
13686,PARN,0
13687,PARP1,1
13688,PARP10,0
13689,PARP11,0
13690,PARP12,0
13691,PARP14,0
13692,PARP15,0
13693,PARP16,0
13694,PARP2,1
13695,PARP3,1
13696,PARP4,0
13697,PARP6,0
13698,PARP8,0
13699,PARP9,0
13700,PARPBP,0
13701,PARS2,0
13702,PART1,0
13703,PARVA,0
13704,PARVB,0
13705,PARVG,0
13706,PASK,0
13707,PATE2,0
13708,PATL1,0
13709,PATL2,0
13710,PATZ1,0
13711,PAWR,0
13712,PAX1,0
13713,PAX2,0
13714,PAX3,0
13715,PAX5,0
13716,PAX6,0
13717,PAX7,0
13718,PAX8,0
13719,PAX9,0
13720,PAXBP1,0
13721,PAXBP1-AS1,0
13722,PAXIP1,0
13723,PAXIP1-AS1,0
13724,PAXIP1-AS2,0
13725,PBDC1,0
13726,PBK,0
13727,PBLD,0
13728,PBOV1,0
13729,PBRM1,0
13730,PBX1,0
13731,PBX2,0
13732,PBX3,0
13733,PBX4,0
13734,PBXIP1,0
13735,PC,0
13736,PCAT1,0
13737,PCAT14,0
13738,PCAT18,0
13739,PCAT19,0
13740,PCAT29,0
13741,PCAT5,0
13742,PCAT6,0
13743,PCAT7,0
13744,PCBD1,0
13745,PCBD2,0
13746,PCBP1,0
13747,PCBP2,0
13748,PCBP3,0
13749,PCBP4,0
13750,PCCA,0
13751,PCCB,0
13752,PCDH1,0
13753,PCDH10,0
13754,PCDH11X,0
13755,PCDH11Y,0
13756,PCDH12,0
13757,PCDH15,0
13758,PCDH17,0
13759,PCDH18,0
13760,PCDH19,0
13761,PCDH20,0
13762,PCDH7,0
13763,PCDH8,0
13764,PCDH9,0
13765,PCDH9-AS1,0
13766,PCDHA1,0
13767,PCDHA10,0
13768,PCDHA11,0
13769,PCDHA12,0
13770,PCDHA13,0
13771,PCDHA3,0
13772,PCDHA4,0
13773,PCDHA5,0
13774,PCDHA6,0
13775,PCDHA7,0
13776,PCDHA9,0
13777,PCDHAC1,0
13778,PCDHAC2,0
13779,PCDHB1,0
13780,PCDHB10,0
13781,PCDHB11,0
13782,PCDHB12,0
13783,PCDHB13,0
13784,PCDHB14,0
13785,PCDHB15,0
13786,PCDHB16,0
13787,PCDHB2,0
13788,PCDHB3,0
13789,PCDHB4,0
13790,PCDHB5,0
13791,PCDHB6,0
13792,PCDHB7,0
13793,PCDHB8,0
13794,PCDHB9,0
13795,PCDHGA1,0
13796,PCDHGA10,0
13797,PCDHGA11,0
13798,PCDHGA12,0
13799,PCDHGA2,0
13800,PCDHGA3,0
13801,PCDHGA4,0
13802,PCDHGA5,0
13803,PCDHGA6,0
13804,PCDHGA7,0
13805,PCDHGA8,0
13806,PCDHGA9,0
13807,PCDHGB1,0
13808,PCDHGB2,0
13809,PCDHGB3,0
13810,PCDHGB4,0
13811,PCDHGB5,0
13812,PCDHGB6,0
13813,PCDHGB7,0
13814,PCDHGC3,0
13815,PCED1A,0
13816,PCED1B,0
13817,PCF11,0
13818,PCF11-AS1,0
13819,PCGF1,0
13820,PCGF2,0
13821,PCGF3,0
13822,PCGF5,0
13823,PCGF6,0
13824,PCID2,0
13825,PCIF1,0
13826,PCK1,0
13827,PCK2,0
13828,PCLO,0
13829,PCM1,0
13830,PCMT1,0
13831,PCMTD1,0
13832,PCMTD2,0
13833,PCNA,0
13834,PCNP,0
13835,PCNT,0
13836,PCNX,0
13837,PCNXL2,0
13838,PCNXL3,0
13839,PCNXL4,0
13840,PCOLCE,0
13841,PCOLCE-AS1,0
13842,PCOLCE2,0
13843,PCP2,0
13844,PCP4,0
13845,PCP4L1,0
13846,PCSK1,0
13847,PCSK1N,0
13848,PCSK2,0
13849,PCSK4,0
13850,PCSK5,0
13851,PCSK6,0
13852,PCSK6-AS1,0
13853,PCSK7,0
13854,PCSK9,1
13855,PCTP,0
13856,PCYOX1,0
13857,PCYOX1L,0
13858,PCYT1A,0
13859,PCYT1B,0
13860,PCYT2,0
13861,PDAP1,0
13862,PDCD1,1
13863,PDCD10,0
13864,PDCD11,0
13865,PDCD1LG2,1
13866,PDCD2,0
13867,PDCD2L,0
13868,PDCD4,0
13869,PDCD4-AS1,0
13870,PDCD5,0
13871,PDCD6,0
13872,PDCD6IP,0
13873,PDCD7,0
13874,PDCL,0
13875,PDCL2,0
13876,PDCL3,0
13877,PDDC1,0
13878,PDE10A,1
13879,PDE11A,0
13880,PDE12,0
13881,PDE1A,0
13882,PDE1B,0
13883,PDE1C,1
13884,PDE2A,1
13885,PDE3A,1
13886,PDE3B,1
13887,PDE4A,1
13888,PDE4B,1
13889,PDE4C,0
13890,PDE4D,1
13891,PDE4DIP,0
13892,PDE5A,1
13893,PDE6A,0
13894,PDE6B,0
13895,PDE6C,0
13896,PDE6D,0
13897,PDE6G,0
13898,PDE6H,0
13899,PDE7A,0
13900,PDE7B,0
13901,PDE8A,0
13902,PDE8B,0
13903,PDE9A,0
13904,PDF,0
13905,PDGFA,0
13906,PDGFB,1
13907,PDGFC,0
13908,PDGFD,0
13909,PDGFRA,1
13910,PDGFRB,1
13911,PDGFRL,0
13912,PDHA1,0
13913,PDHB,0
13914,PDHX,0
13915,PDIA2,0
13916,PDIA3,0
13917,PDIA4,0
13918,PDIA5,0
13919,PDIA6,0
13920,PDIK1L,0
13921,PDK1,1
13922,PDK2,1
13923,PDK3,1
13924,PDK4,1
13925,PDLIM1,0
13926,PDLIM2,0
13927,PDLIM3,0
13928,PDLIM4,0
13929,PDLIM5,0
13930,PDLIM7,0
13931,PDP1,0
13932,PDP2,0
13933,PDPK1,1
13934,PDPN,0
13935,PDPR,0
13936,PDRG1,0
13937,PDS5A,0
13938,PDS5B,0
13939,PDSS1,0
13940,PDSS2,0
13941,PDX1,0
13942,PDXDC1,0
13943,PDXK,0
13944,PDXP,0
13945,PDZD11,0
13946,PDZD2,0
13947,PDZD3,0
13948,PDZD4,0
13949,PDZD7,0
13950,PDZD8,0
13951,PDZK1,0
13952,PDZK1IP1,0
13953,PDZRN3,0
13954,PDZRN4,0
13955,PEA15,0
13956,PEAK1,0
13957,PEAR1,0
13958,PEBP1,0
13959,PEBP4,0
13960,PECAM1,0
13961,PECR,0
13962,PEF1,0
13963,PEG10,0
13964,PEG3,0
13965,PELI1,0
13966,PELI2,0
13967,PELI3,0
13968,PELO,0
13969,PELP1,0
13970,PEMT,0
13971,PENK,0
13972,PEPD,0
13973,PER1,0
13974,PER2,0
13975,PER3,0
13976,PERM1,0
13977,PERP,0
13978,PES1,0
13979,PET100,0
13980,PET117,0
13981,PEX1,0
13982,PEX10,0
13983,PEX11A,0
13984,PEX11B,0
13985,PEX11G,0
13986,PEX12,0
13987,PEX13,0
13988,PEX14,0
13989,PEX16,0
13990,PEX19,0
13991,PEX2,0
13992,PEX26,0
13993,PEX3,0
13994,PEX5,0
13995,PEX5L,0
13996,PEX5L-AS1,0
13997,PEX6,0
13998,PEX7,0
13999,PF4,0
14000,PF4V1,0
14001,PFAS,0
14002,PFDN1,0
14003,PFDN2,0
14004,PFDN4,0
14005,PFDN5,0
14006,PFDN6,0
14007,PFKFB1,0
14008,PFKFB2,0
14009,PFKFB3,0
14010,PFKFB4,0
14011,PFKL,0
14012,PFKM,0
14013,PFKP,0
14014,PFN1,0
14015,PFN2,0
14016,PFN3,0
14017,PFN4,0
14018,PGA3,0
14019,PGA4,0
14020,PGA5,1
14021,PGAM1,0
14022,PGAM2,0
14023,PGAM5,0
14024,PGAP1,0
14025,PGAP2,0
14026,PGAP3,0
14027,PGBD1,0
14028,PGBD2,0
14029,PGBD3,0
14030,PGBD4,0
14031,PGBD5,0
14032,PGC,0
14033,PGD,0
14034,PGF,1
14035,PGGT1B,0
14036,PGK1,0
14037,PGLS,0
14038,PGLYRP2,0
14039,PGLYRP4,0
14040,PGM1,0
14041,PGM2,0
14042,PGM2L1,0
14043,PGM3,0
14044,PGM5,0
14045,PGM5-AS1,0
14046,PGM5P2,0
14047,PGM5P3-AS1,0
14048,PGM5P4-AS1,0
14049,PGP,0
14050,PGPEP1,0
14051,PGPEP1L,0
14052,PGR,1
14053,PGRMC1,0
14054,PGRMC2,0
14055,PGS1,0
14056,PHACTR1,0
14057,PHACTR2,0
14058,PHACTR2-AS1,0
14059,PHACTR3,0
14060,PHACTR4,0
14061,PHAX,0
14062,PHB,0
14063,PHB2,0
14064,PHC1,0
14065,PHC2,0
14066,PHC3,0
14067,PHEX,0
14068,PHEX-AS1,0
14069,PHF1,0
14070,PHF10,0
14071,PHF11,0
14072,PHF12,0
14073,PHF13,0
14074,PHF14,0
14075,PHF19,0
14076,PHF2,0
14077,PHF20,0
14078,PHF20L1,0
14079,PHF21A,0
14080,PHF21B,0
14081,PHF23,0
14082,PHF24,0
14083,PHF3,0
14084,PHF5A,0
14085,PHF6,0
14086,PHF7,0
14087,PHF8,0
14088,PHGDH,0
14089,PHGR1,0
14090,PHIP,0
14091,PHKA1,0
14092,PHKA1-AS1,0
14093,PHKA2,0
14094,PHKA2-AS1,0
14095,PHKB,0
14096,PHKG1,0
14097,PHKG2,0
14098,PHLDA1,0
14099,PHLDA2,0
14100,PHLDA3,0
14101,PHLDB1,0
14102,PHLDB2,0
14103,PHLDB3,0
14104,PHLPP1,0
14105,PHLPP2,0
14106,PHOSPHO1,0
14107,PHOSPHO2,0
14108,PHPT1,0
14109,PHRF1,0
14110,PHTF1,0
14111,PHTF2,0
14112,PHYH,0
14113,PHYHD1,0
14114,PHYHIP,0
14115,PHYHIPL,0
14116,PHYKPL,0
14117,PI15,0
14118,PI16,0
14119,PI3,0
14120,PI4K2A,0
14121,PI4K2B,0
14122,PI4KA,0
14123,PI4KB,0
14124,PIANP,0
14125,PIAS1,0
14126,PIAS2,0
14127,PIAS3,0
14128,PIAS4,0
14129,PIBF1,0
14130,PICALM,0
14131,PICK1,0
14132,PID1,0
14133,PIDD1,0
14134,PIEZO1,0
14135,PIEZO2,0
14136,PIF1,0
14137,PIFO,0
14138,PIGA,0
14139,PIGB,0
14140,PIGBOS1,0
14141,PIGC,0
14142,PIGF,0
14143,PIGG,0
14144,PIGH,0
14145,PIGK,0
14146,PIGL,0
14147,PIGM,0
14148,PIGN,0
14149,PIGO,0
14150,PIGP,0
14151,PIGQ,0
14152,PIGR,0
14153,PIGS,0
14154,PIGT,0
14155,PIGU,0
14156,PIGV,0
14157,PIGW,0
14158,PIGX,0
14159,PIGZ,0
14160,PIH1D1,0
14161,PIH1D2,0
14162,PIH1D3,0
14163,PIK3AP1,0
14164,PIK3C2A,0
14165,PIK3C2B,0
14166,PIK3C2G,0
14167,PIK3C3,0
14168,PIK3CA,1
14169,PIK3CB,1
14170,PIK3CD,1
14171,PIK3CD-AS1,0
14172,PIK3CD-AS2,0
14173,PIK3CG,1
14174,PIK3IP1,0
14175,PIK3IP1-AS1,0
14176,PIK3R1,1
14177,PIK3R2,1
14178,PIK3R3,1
14179,PIK3R4,0
14180,PIK3R5,1
14181,PIK3R6,0
14182,PIKFYVE,1
14183,PILRA,0
14184,PILRB,0
14185,PIM1,1
14186,PIM2,1
14187,PIM3,1
14188,PIN1,0
14189,PIN4,0
14190,PINK1,0
14191,PINK1-AS,0
14192,PINLYP,0
14193,PINX1,0
14194,PIP,0
14195,PIP4K2A,0
14196,PIP4K2B,0
14197,PIP4K2C,0
14198,PIP5K1A,0
14199,PIP5K1B,0
14200,PIP5K1C,0
14201,PIP5KL1,0
14202,PIPOX,0
14203,PIR,0
14204,PISD,0
14205,PITHD1,0
14206,PITPNA,0
14207,PITPNA-AS1,0
14208,PITPNB,0
14209,PITPNC1,0
14210,PITPNM1,0
14211,PITPNM2,0
14212,PITPNM3,0
14213,PITRM1,0
14214,PITRM1-AS1,0
14215,PITX1,0
14216,PITX2,0
14217,PITX3,0
14218,PIWIL1,0
14219,PIWIL2,0
14220,PIWIL4,0
14221,PJA1,0
14222,PJA2,0
14223,PKD1,0
14224,PKD1L1,0
14225,PKD1L3,0
14226,PKD2,0
14227,PKD2L1,0
14228,PKD2L2,0
14229,PKDCC,0
14230,PKDREJ,0
14231,PKHD1,0
14232,PKHD1L1,0
14233,PKI55,0
14234,PKIA,0
14235,PKIA-AS1,0
14236,PKIB,0
14237,PKIG,0
14238,PKM,0
14239,PKMYT1,0
14240,PKN1,0
14241,PKN2,0
14242,PKN2-AS1,0
14243,PKN3,0
14244,PKNOX1,0
14245,PKNOX2,0
14246,PKP1,0
14247,PKP2,0
14248,PKP3,0
14249,PKP4,0
14250,PLA1A,0
14251,PLA2G10,1
14252,PLA2G12A,0
14253,PLA2G12B,0
14254,PLA2G15,0
14255,PLA2G16,0
14256,PLA2G1B,0
14257,PLA2G2A,1
14258,PLA2G2C,0
14259,PLA2G2D,0
14260,PLA2G2F,0
14261,PLA2G3,0
14262,PLA2G4A,1
14263,PLA2G4B,0
14264,PLA2G4C,0
14265,PLA2G4D,0
14266,PLA2G4E,0
14267,PLA2G4E-AS1,0
14268,PLA2G4F,0
14269,PLA2G5,1
14270,PLA2G6,0
14271,PLA2G7,1
14272,PLA2R1,0
14273,PLAA,0
14274,PLAC1,0
14275,PLAC8,0
14276,PLAC8L1,0
14277,PLAC9,0
14278,PLAG1,0
14279,PLAGL1,0
14280,PLAGL2,0
14281,PLAT,1
14282,PLAU,1
14283,PLAUR,0
14284,PLB1,0
14285,PLBD1,0
14286,PLBD1-AS1,0
14287,PLBD2,0
14288,PLCB1,0
14289,PLCB2,0
14290,PLCB3,0
14291,PLCB4,0
14292,PLCD1,0
14293,PLCD3,0
14294,PLCD4,0
14295,PLCE1,0
14296,PLCG1,0
14297,PLCG1-AS1,0
14298,PLCG2,0
14299,PLCH1,0
14300,PLCH2,0
14301,PLCL1,0
14302,PLCL2,0
14303,PLCL2-AS1,0
14304,PLCXD1,0
14305,PLCXD2,0
14306,PLCXD3,0
14307,PLCZ1,0
14308,PLD1,0
14309,PLD2,0
14310,PLD3,0
14311,PLD4,0
14312,PLD5,0
14313,PLD6,0
14314,PLEC,0
14315,PLEK,0
14316,PLEK2,0
14317,PLEKHA1,0
14318,PLEKHA2,0
14319,PLEKHA3,0
14320,PLEKHA4,0
14321,PLEKHA5,0
14322,PLEKHA6,0
14323,PLEKHA7,0
14324,PLEKHA8,0
14325,PLEKHB1,0
14326,PLEKHB2,0
14327,PLEKHD1,0
14328,PLEKHF1,0
14329,PLEKHF2,0
14330,PLEKHG1,0
14331,PLEKHG2,0
14332,PLEKHG3,0
14333,PLEKHG4,0
14334,PLEKHG4B,0
14335,PLEKHG5,0
14336,PLEKHG6,0
14337,PLEKHG7,0
14338,PLEKHH1,0
14339,PLEKHH2,0
14340,PLEKHH3,0
14341,PLEKHJ1,0
14342,PLEKHM1,0
14343,PLEKHM2,0
14344,PLEKHM3,0
14345,PLEKHN1,0
14346,PLEKHO1,0
14347,PLEKHO2,0
14348,PLEKHS1,0
14349,PLG,1
14350,PLGLB1,0
14351,PLGLB2,0
14352,PLGRKT,0
14353,PLIN1,0
14354,PLIN2,0
14355,PLIN3,0
14356,PLIN4,0
14357,PLIN5,0
14358,PLK1,1
14359,PLK2,0
14360,PLK3,0
14361,PLK4,1
14362,PLK5,0
14363,PLLP,0
14364,PLN,0
14365,PLOD1,0
14366,PLOD2,0
14367,PLOD3,0
14368,PLP1,0
14369,PLP2,0
14370,PLPP1,0
14371,PLPP2,0
14372,PLPP3,0
14373,PLPP4,0
14374,PLPP5,0
14375,PLPP6,0
14376,PLPP7,0
14377,PLPPR1,0
14378,PLPPR2,0
14379,PLPPR3,0
14380,PLPPR4,0
14381,PLPPR5,0
14382,PLRG1,0
14383,PLS1,0
14384,PLS3,0
14385,PLS3-AS1,0
14386,PLSCR1,0
14387,PLSCR2,0
14388,PLSCR4,0
14389,PLTP,0
14390,PLVAP,0
14391,PLXDC1,0
14392,PLXDC2,0
14393,PLXNA1,0
14394,PLXNA2,0
14395,PLXNA3,0
14396,PLXNA4,0
14397,PLXNB1,0
14398,PLXNB2,0
14399,PLXNB3,0
14400,PLXNC1,0
14401,PLXND1,0
14402,PM20D1,0
14403,PM20D2,0
14404,PMAIP1,0
14405,PMCH,0
14406,PMEL,1
14407,PMEPA1,0
14408,PMF1,0
14409,PMF1-BGLAP,0
14410,PMFBP1,0
14411,PML,0
14412,PMM1,0
14413,PMM2,0
14414,PMP2,0
14415,PMP22,0
14416,PMPCA,0
14417,PMPCB,0
14418,PMS1,0
14419,PMS2,0
14420,PMVK,0
14421,PNCK,0
14422,PNISR,0
14423,PNKD,0
14424,PNKP,0
14425,PNLDC1,0
14426,PNLIPRP1,0
14427,PNLIPRP3,0
14428,PNMA1,0
14429,PNMA2,0
14430,PNMA3,0
14431,PNMA5,0
14432,PNMA6A,0
14433,PNMAL1,0
14434,PNMAL2,0
14435,PNMT,0
14436,PNN,0
14437,PNO1,0
14438,PNOC,0
14439,PNP,1
14440,PNPLA1,0
14441,PNPLA2,0
14442,PNPLA3,0
14443,PNPLA4,0
14444,PNPLA5,0
14445,PNPLA6,0
14446,PNPLA7,0
14447,PNPLA8,0
14448,PNPO,0
14449,PNPT1,0
14450,PNRC1,0
14451,PNRC2,0
14452,POC1A,0
14453,POC1B,0
14454,POC1B-GALNT4,0
14455,POC5,0
14456,PODN,0
14457,PODNL1,0
14458,PODXL,0
14459,PODXL2,0
14460,POF1B,0
14461,POFUT1,0
14462,POFUT2,0
14463,POGK,0
14464,POGLUT1,0
14465,POGZ,0
14466,POLA1,1
14467,POLA2,1
14468,POLB,0
14469,POLD1,1
14470,POLD2,1
14471,POLD3,1
14472,POLD4,1
14473,POLDIP2,0
14474,POLDIP3,0
14475,POLE,1
14476,POLE2,1
14477,POLE3,1
14478,POLE4,0
14479,POLG,0
14480,POLG2,0
14481,POLH,0
14482,POLI,0
14483,POLK,0
14484,POLL,0
14485,POLM,0
14486,POLN,0
14487,POLQ,0
14488,POLR1A,0
14489,POLR1B,0
14490,POLR1C,0
14491,POLR1D,0
14492,POLR1E,0
14493,POLR2A,1
14494,POLR2B,0
14495,POLR2C,0
14496,POLR2D,0
14497,POLR2E,0
14498,POLR2F,0
14499,POLR2G,0
14500,POLR2H,0
14501,POLR2I,0
14502,POLR2J,0
14503,POLR2J2,0
14504,POLR2J3,0
14505,POLR2K,0
14506,POLR2L,0
14507,POLR2M,0
14508,POLR3A,0
14509,POLR3B,0
14510,POLR3C,0
14511,POLR3D,0
14512,POLR3E,0
14513,POLR3F,0
14514,POLR3G,0
14515,POLR3GL,0
14516,POLR3H,0
14517,POLR3K,0
14518,POLRMT,0
14519,POM121,0
14520,POM121C,0
14521,POMC,0
14522,POMGNT1,0
14523,POMGNT2,0
14524,POMK,0
14525,POMP,0
14526,POMT1,0
14527,POMT2,0
14528,POMZP3,0
14529,PON1,0
14530,PON2,0
14531,PON3,0
14532,POP1,0
14533,POP4,0
14534,POP5,0
14535,POP7,0
14536,POPDC2,0
14537,POPDC3,0
14538,POR,0
14539,PORCN,1
14540,POSTN,0
14541,POT1,0
14542,POT1-AS1,0
14543,POTEE,0
14544,POTEF,0
14545,POTEI,0
14546,POU2AF1,0
14547,POU2F1,0
14548,POU2F2,0
14549,POU2F3,0
14550,POU3F1,0
14551,POU3F2,0
14552,POU3F3,0
14553,POU3F4,0
14554,POU4F1,0
14555,POU5F1,0
14556,POU5F1B,0
14557,POU5F2,0
14558,POU6F1,0
14559,POU6F2,0
14560,POU6F2-AS1,0
14561,POU6F2-AS2,0
14562,PP12613,0
14563,PP7080,0
14564,PPA1,0
14565,PPA2,0
14566,PPAN,0
14567,PPARA,1
14568,PPARD,1
14569,PPARG,1
14570,PPARGC1A,0
14571,PPARGC1B,0
14572,PPAT,1
14573,PPBP,0
14574,PPCDC,0
14575,PPCS,0
14576,PPDPF,0
14577,PPEF1,0
14578,PPEF2,0
14579,PPFIA1,0
14580,PPFIA2,0
14581,PPFIA3,0
14582,PPFIA4,0
14583,PPFIBP1,0
14584,PPFIBP2,0
14585,PPHLN1,0
14586,PPIA,1
14587,PPIAL4G,0
14588,PPIB,0
14589,PPIC,0
14590,PPID,0
14591,PPIE,0
14592,PPIF,0
14593,PPIG,0
14594,PPIH,0
14595,PPIL1,0
14596,PPIL2,0
14597,PPIL3,0
14598,PPIL4,0
14599,PPIL6,0
14600,PPIP5K1,0
14601,PPIP5K2,0
14602,PPL,0
14603,PPM1A,0
14604,PPM1B,0
14605,PPM1D,0
14606,PPM1E,0
14607,PPM1F,0
14608,PPM1G,0
14609,PPM1H,0
14610,PPM1J,0
14611,PPM1K,0
14612,PPM1L,0
14613,PPM1M,0
14614,PPM1N,0
14615,PPME1,0
14616,PPOX,0
14617,PPP1CA,0
14618,PPP1CB,0
14619,PPP1CC,0
14620,PPP1R10,0
14621,PPP1R11,0
14622,PPP1R12A,0
14623,PPP1R12B,0
14624,PPP1R12C,0
14625,PPP1R13B,0
14626,PPP1R13L,0
14627,PPP1R14A,0
14628,PPP1R14B,0
14629,PPP1R14C,0
14630,PPP1R14D,0
14631,PPP1R15A,0
14632,PPP1R15B,0
14633,PPP1R16A,0
14634,PPP1R16B,0
14635,PPP1R17,0
14636,PPP1R18,0
14637,PPP1R1A,0
14638,PPP1R1B,0
14639,PPP1R1C,0
14640,PPP1R2,0
14641,PPP1R21,0
14642,PPP1R26,0
14643,PPP1R26-AS1,0
14644,PPP1R27,0
14645,PPP1R32,0
14646,PPP1R35,0
14647,PPP1R36,0
14648,PPP1R37,0
14649,PPP1R3B,0
14650,PPP1R3C,0
14651,PPP1R3D,0
14652,PPP1R3E,0
14653,PPP1R3F,0
14654,PPP1R3G,0
14655,PPP1R42,0
14656,PPP1R7,0
14657,PPP1R8,0
14658,PPP1R9A,0
14659,PPP1R9B,0
14660,PPP2CA,1
14661,PPP2CB,1
14662,PPP2R1A,0
14663,PPP2R1B,0
14664,PPP2R2A,0
14665,PPP2R2B,0
14666,PPP2R2C,0
14667,PPP2R2D,0
14668,PPP2R3A,0
14669,PPP2R3B,0
14670,PPP2R3C,0
14671,PPP2R4,0
14672,PPP2R5A,0
14673,PPP2R5B,0
14674,PPP2R5C,0
14675,PPP2R5D,0
14676,PPP2R5E,0
14677,PPP3CA,1
14678,PPP3CB,0
14679,PPP3CC,0
14680,PPP3R1,0
14681,PPP4C,0
14682,PPP4R1,0
14683,PPP4R1-AS1,0
14684,PPP4R2,0
14685,PPP4R3A,0
14686,PPP4R3B,0
14687,PPP4R4,0
14688,PPP5C,1
14689,PPP5D1,0
14690,PPP6C,0
14691,PPP6R1,0
14692,PPP6R2,0
14693,PPP6R3,0
14694,PPRC1,0
14695,PPT1,0
14696,PPT2,0
14697,PPT2-EGFL8,0
14698,PPTC7,0
14699,PPWD1,0
14700,PPY,0
14701,PQBP1,0
14702,PQLC1,0
14703,PQLC2,0
14704,PQLC2L,0
14705,PQLC3,0
14706,PRAC2,0
14707,PRADC1,0
14708,PRAF2,0
14709,PRAM1,0
14710,PRAME,0
14711,PRAP1,0
14712,PRB3,0
14713,PRC1,0
14714,PRC1-AS1,0
14715,PRCAT47,0
14716,PRCC,0
14717,PRCD,0
14718,PRCP,0
14719,PRDM1,0
14720,PRDM10,0
14721,PRDM11,0
14722,PRDM12,0
14723,PRDM13,0
14724,PRDM14,0
14725,PRDM15,0
14726,PRDM16,0
14727,PRDM2,0
14728,PRDM4,0
14729,PRDM5,0
14730,PRDM6,0
14731,PRDM8,0
14732,PRDM9,0
14733,PRDX1,0
14734,PRDX2,0
14735,PRDX3,0
14736,PRDX4,0
14737,PRDX5,0
14738,PRDX6,0
14739,PREB,0
14740,PRELID1,0
14741,PRELID2,0
14742,PRELID3A,0
14743,PRELID3B,0
14744,PRELP,0
14745,PREP,0
14746,PREPL,0
14747,PREX1,0
14748,PREX2,0
14749,PRF1,0
14750,PRG2,0
14751,PRG4,0
14752,PRH1,0
14753,PRH2,0
14754,PRICKLE1,0
14755,PRICKLE2,0
14756,PRICKLE2-AS1,0
14757,PRICKLE3,0
14758,PRICKLE4,0
14759,PRIM1,1
14760,PRIM2,1
14761,PRIMA1,0
14762,PRIMPOL,0
14763,PRKAA1,1
14764,PRKAA2,1
14765,PRKAB1,1
14766,PRKAB2,1
14767,PRKACA,1
14768,PRKACB,1
14769,PRKAG1,1
14770,PRKAG2,0
14771,PRKAG2-AS1,0
14772,PRKAG3,0
14773,PRKAR1A,0
14774,PRKAR1B,0
14775,PRKAR2A,0
14776,PRKAR2A-AS1,0
14777,PRKAR2B,0
14778,PRKCA,1
14779,PRKCB,1
14780,PRKCD,1
14781,PRKCDBP,0
14782,PRKCE,1
14783,PRKCG,1
14784,PRKCH,1
14785,PRKCI,1
14786,PRKCQ,1
14787,PRKCSH,0
14788,PRKCZ,1
14789,PRKD1,1
14790,PRKD2,0
14791,PRKD3,0
14792,PRKDC,1
14793,PRKG1,0
14794,PRKG1-AS1,0
14795,PRKG2,0
14796,PRKRA,0
14797,PRKRIP1,0
14798,PRKRIR,0
14799,PRKX,0
14800,PRL,0
14801,PRLH,0
14802,PRLHR,0
14803,PRLR,0
14804,PRMT1,0
14805,PRMT2,0
14806,PRMT3,0
14807,PRMT5,1
14808,PRMT5-AS1,0
14809,PRMT6,0
14810,PRMT7,0
14811,PRMT8,0
14812,PRMT9,0
14813,PRNCR1,0
14814,PRND,0
14815,PRNP,0
14816,PROB1,0
14817,PROC,0
14818,PROCA1,0
14819,PROCR,0
14820,PRODH,0
14821,PROK1,0
14822,PROK2,0
14823,PROKR1,0
14824,PROM1,0
14825,PROM2,0
14826,PROS1,1
14827,PROSC,0
14828,PROSER1,0
14829,PROSER2,0
14830,PROSER2-AS1,0
14831,PROSER3,0
14832,PROX1,0
14833,PROX2,0
14834,PROZ,0
14835,PRPF18,0
14836,PRPF19,0
14837,PRPF3,0
14838,PRPF31,0
14839,PRPF38A,0
14840,PRPF38B,0
14841,PRPF39,0
14842,PRPF4,0
14843,PRPF40A,0
14844,PRPF40B,0
14845,PRPF4B,0
14846,PRPF6,0
14847,PRPF8,0
14848,PRPH,0
14849,PRPH2,0
14850,PRPS1,0
14851,PRPS2,0
14852,PRPSAP1,0
14853,PRPSAP2,0
14854,PRR11,0
14855,PRR12,0
14856,PRR13,0
14857,PRR14,0
14858,PRR14L,0
14859,PRR15,0
14860,PRR15L,0
14861,PRR16,0
14862,PRR18,0
14863,PRR19,0
14864,PRR22,0
14865,PRR25,0
14866,PRR26,0
14867,PRR29,0
14868,PRR29-AS1,0
14869,PRR3,0
14870,PRR32,0
14871,PRR34,0
14872,PRR34-AS1,0
14873,PRR35,0
14874,PRR36,0
14875,PRR4,0
14876,PRR5,0
14877,PRR5-ARHGAP8,0
14878,PRR5L,0
14879,PRR7,0
14880,PRR7-AS1,0
14881,PRR9,0
14882,PRRC1,0
14883,PRRC2A,0
14884,PRRC2B,0
14885,PRRC2C,0
14886,PRRG1,0
14887,PRRG2,0
14888,PRRG3,0
14889,PRRG4,0
14890,PRRT1,0
14891,PRRT2,0
14892,PRRT3,0
14893,PRRT3-AS1,0
14894,PRRT4,0
14895,PRRX1,0
14896,PRRX2,0
14897,PRRX2-AS1,0
14898,PRSS1,0
14899,PRSS12,0
14900,PRSS16,0
14901,PRSS2,0
14902,PRSS21,0
14903,PRSS22,0
14904,PRSS23,0
14905,PRSS27,0
14906,PRSS3,0
14907,PRSS33,0
14908,PRSS35,0
14909,PRSS36,0
14910,PRSS42,0
14911,PRSS45,0
14912,PRSS46,0
14913,PRSS50,0
14914,PRSS53,0
14915,PRSS55,0
14916,PRSS56,0
14917,PRSS57,0
14918,PRSS8,0
14919,PRTFDC1,0
14920,PRTG,0
14921,PRTN3,0
14922,PRUNE,0
14923,PRUNE2,0
14924,PRX,0
14925,PSAP,0
14926,PSAPL1,0
14927,PSAT1,0
14928,PSCA,1
14929,PSD,0
14930,PSD2,0
14931,PSD3,0
14932,PSD4,0
14933,PSEN1,1
14934,PSEN2,1
14935,PSENEN,1
14936,PSG1,0
14937,PSG3,0
14938,PSG6,0
14939,PSIP1,0
14940,PSKH1,0
14941,PSMA1,1
14942,PSMA2,0
14943,PSMA3,1
14944,PSMA3-AS1,0
14945,PSMA4,1
14946,PSMA5,1
14947,PSMA6,1
14948,PSMA7,1
14949,PSMA8,0
14950,PSMB1,1
14951,PSMB10,1
14952,PSMB2,0
14953,PSMB3,1
14954,PSMB4,0
14955,PSMB5,1
14956,PSMB6,1
14957,PSMB7,1
14958,PSMB8,1
14959,PSMB8-AS1,0
14960,PSMB9,1
14961,PSMC1,1
14962,PSMC2,1
14963,PSMC3,1
14964,PSMC3IP,0
14965,PSMC4,1
14966,PSMC5,1
14967,PSMC6,1
14968,PSMD1,1
14969,PSMD10,0
14970,PSMD11,1
14971,PSMD12,1
14972,PSMD13,1
14973,PSMD14,1
14974,PSMD2,1
14975,PSMD3,1
14976,PSMD4,1
14977,PSMD5,0
14978,PSMD5-AS1,0
14979,PSMD6,1
14980,PSMD6-AS2,0
14981,PSMD7,1
14982,PSMD8,1
14983,PSMD9,0
14984,PSME1,0
14985,PSME2,0
14986,PSME3,0
14987,PSME4,0
14988,PSMF1,0
14989,PSMG1,0
14990,PSMG2,0
14991,PSMG3,0
14992,PSMG3-AS1,0
14993,PSMG4,0
14994,PSORS1C1,0
14995,PSORS1C2,0
14996,PSPC1,0
14997,PSPH,0
14998,PSPN,0
14999,PSRC1,0
15000,PSTK,0
15001,PSTPIP1,0
15002,PSTPIP2,0
15003,PTAFR,1
15004,PTAR1,0
15005,PTBP1,0
15006,PTBP2,0
15007,PTBP3,0
15008,PTCD1,0
15009,PTCD2,0
15010,PTCD3,0
15011,PTCH1,0
15012,PTCH2,0
15013,PTCHD1,0
15014,PTCHD2,0
15015,PTCHD3,0
15016,PTCHD4,0
15017,PTCRA,0
15018,PTCSC2,0
15019,PTCSC3,0
15020,PTDSS1,0
15021,PTDSS2,0
15022,PTEN,0
15023,PTENP1-AS,0
15024,PTER,0
15025,PTGDR,1
15026,PTGDR2,0
15027,PTGDS,1
15028,PTGER1,1
15029,PTGER2,1
15030,PTGER3,1
15031,PTGER4,1
15032,PTGES,0
15033,PTGES2,0
15034,PTGES2-AS1,0
15035,PTGES3,0
15036,PTGES3L,0
15037,PTGFR,0
15038,PTGFRN,0
15039,PTGIR,0
15040,PTGIS,0
15041,PTGR1,0
15042,PTGR2,0
15043,PTGS1,1
15044,PTGS2,1
15045,PTH1R,1
15046,PTH2,0
15047,PTH2R,0
15048,PTHLH,1
15049,PTK2,1
15050,PTK2B,1
15051,PTK6,1
15052,PTK7,0
15053,PTMA,0
15054,PTMS,0
15055,PTN,0
15056,PTOV1,0
15057,PTOV1-AS1,0
15058,PTOV1-AS2,0
15059,PTP4A1,0
15060,PTP4A2,0
15061,PTP4A3,0
15062,PTPDC1,0
15063,PTPMT1,0
15064,PTPN1,0
15065,PTPN11,1
15066,PTPN12,0
15067,PTPN13,0
15068,PTPN14,0
15069,PTPN18,0
15070,PTPN2,0
15071,PTPN20,0
15072,PTPN21,0
15073,PTPN22,0
15074,PTPN23,0
15075,PTPN3,0
15076,PTPN4,0
15077,PTPN5,0
15078,PTPN6,0
15079,PTPN7,0
15080,PTPN9,0
15081,PTPRA,0
15082,PTPRB,1
15083,PTPRC,1
15084,PTPRCAP,0
15085,PTPRD,0
15086,PTPRD-AS1,0
15087,PTPRE,0
15088,PTPRF,0
15089,PTPRG,0
15090,PTPRH,0
15091,PTPRJ,0
15092,PTPRK,0
15093,PTPRM,0
15094,PTPRN,0
15095,PTPRN2,0
15096,PTPRO,0
15097,PTPRQ,0
15098,PTPRR,0
15099,PTPRS,0
15100,PTPRT,0
15101,PTPRU,0
15102,PTPRZ1,0
15103,PTRF,0
15104,PTRH1,0
15105,PTRH2,0
15106,PTRHD1,0
15107,PTS,0
15108,PTTG1,0
15109,PTTG1IP,0
15110,PTTG2,0
15111,PTX3,0
15112,PUDP,0
15113,PUF60,0
15114,PUM1,0
15115,PUM2,0
15116,PUM3,0
15117,PURA,0
15118,PURB,0
15119,PURG,0
15120,PUS1,0
15121,PUS10,0
15122,PUS3,0
15123,PUS7,0
15124,PUS7L,0
15125,PUSL1,0
15126,PVALB,0
15127,PVR,0
15128,PVRIG,0
15129,PVRL1,0
15130,PVRL2,0
15131,PVRL3,0
15132,PVRL3-AS1,0
15133,PVRL4,0
15134,PVT1,0
15135,PWAR6,0
15136,PWP1,0
15137,PWP2,0
15138,PWWP2A,0
15139,PWWP2B,0
15140,PXDC1,0
15141,PXDN,0
15142,PXDNL,0
15143,PXK,0
15144,PXMP2,0
15145,PXMP4,0
15146,PXN,0
15147,PXN-AS1,0
15148,PXT1,0
15149,PXYLP1,0
15150,PYCARD,0
15151,PYCARD-AS1,0
15152,PYCR1,0
15153,PYCR2,0
15154,PYCRL,0
15155,PYDC1,0
15156,PYGB,0
15157,PYGL,0
15158,PYGM,0
15159,PYGO1,0
15160,PYGO2,0
15161,PYHIN1,0
15162,PYM1,0
15163,PYROXD1,0
15164,PYROXD2,0
15165,PYURF,0
15166,PYY,0
15167,PZP,0
15168,QARS,0
15169,QDPR,0
15170,QKI,0
15171,QPCT,0
15172,QPCTL,0
15173,QPRT,0
15174,QRFP,0
15175,QRFPR,0
15176,QRICH1,0
15177,QRICH2,0
15178,QRSL1,0
15179,QSER1,0
15180,QSOX1,0
15181,QSOX2,0
15182,QTRT1,0
15183,QTRTD1,0
15184,R3HCC1,0
15185,R3HCC1L,0
15186,R3HDM1,0
15187,R3HDM2,0
15188,R3HDM4,0
15189,RAB10,0
15190,RAB11A,0
15191,RAB11B,0
15192,RAB11B-AS1,0
15193,RAB11FIP1,0
15194,RAB11FIP2,0
15195,RAB11FIP3,0
15196,RAB11FIP4,0
15197,RAB11FIP5,0
15198,RAB12,0
15199,RAB13,0
15200,RAB14,0
15201,RAB15,0
15202,RAB17,0
15203,RAB18,0
15204,RAB19,0
15205,RAB1A,0
15206,RAB1B,0
15207,RAB20,0
15208,RAB21,0
15209,RAB22A,0
15210,RAB23,0
15211,RAB24,0
15212,RAB25,0
15213,RAB26,0
15214,RAB27A,0
15215,RAB27B,0
15216,RAB28,0
15217,RAB29,0
15218,RAB2A,0
15219,RAB2B,0
15220,RAB30,0
15221,RAB30-AS1,0
15222,RAB31,0
15223,RAB32,0
15224,RAB33A,0
15225,RAB33B,0
15226,RAB34,0
15227,RAB35,0
15228,RAB36,0
15229,RAB37,0
15230,RAB38,0
15231,RAB39A,0
15232,RAB39B,0
15233,RAB3A,0
15234,RAB3B,0
15235,RAB3C,0
15236,RAB3D,0
15237,RAB3GAP1,0
15238,RAB3GAP2,0
15239,RAB3IL1,0
15240,RAB3IP,0
15241,RAB40A,0
15242,RAB40AL,0
15243,RAB40B,0
15244,RAB40C,0
15245,RAB42,0
15246,RAB43,0
15247,RAB44,0
15248,RAB4A,0
15249,RAB4B,0
15250,RAB5A,0
15251,RAB5B,0
15252,RAB5C,0
15253,RAB6A,0
15254,RAB6B,0
15255,RAB6C,0
15256,RAB7A,0
15257,RAB7B,0
15258,RAB8A,0
15259,RAB8B,0
15260,RAB9A,0
15261,RAB9B,0
15262,RABAC1,0
15263,RABEP1,0
15264,RABEP2,0
15265,RABEPK,0
15266,RABGAP1,0
15267,RABGAP1L,0
15268,RABGEF1,0
15269,RABGGTA,0
15270,RABGGTB,0
15271,RABIF,0
15272,RABL2A,0
15273,RABL2B,0
15274,RABL3,0
15275,RABL6,0
15276,RAC1,0
15277,RAC2,0
15278,RAC3,0
15279,RACGAP1,0
15280,RAD1,0
15281,RAD17,0
15282,RAD18,0
15283,RAD21,0
15284,RAD21-AS1,0
15285,RAD23A,0
15286,RAD23B,0
15287,RAD50,0
15288,RAD51,0
15289,RAD51AP1,0
15290,RAD51AP2,0
15291,RAD51B,0
15292,RAD51C,0
15293,RAD51D,0
15294,RAD52,0
15295,RAD54B,0
15296,RAD54L,0
15297,RAD54L2,0
15298,RAD9A,0
15299,RAD9B,0
15300,RADIL,0
15301,RAE1,0
15302,RAET1E,0
15303,RAET1E-AS1,0
15304,RAET1G,0
15305,RAET1L,0
15306,RAF1,1
15307,RAG1,0
15308,RAI1,0
15309,RAI14,0
15310,RAI2,0
15311,RALA,0
15312,RALB,0
15313,RALBP1,0
15314,RALGAPA1,0
15315,RALGAPA2,0
15316,RALGAPB,0
15317,RALGDS,0
15318,RALGPS1,0
15319,RALGPS2,0
15320,RALY,0
15321,RALY-AS1,0
15322,RALYL,0
15323,RAMP1,1
15324,RAMP2,1
15325,RAMP2-AS1,0
15326,RAMP3,1
15327,RAN,0
15328,RANBP1,0
15329,RANBP10,0
15330,RANBP17,0
15331,RANBP2,0
15332,RANBP3,0
15333,RANBP3L,0
15334,RANBP6,0
15335,RANBP9,0
15336,RANGAP1,0
15337,RANGRF,0
15338,RAP1A,0
15339,RAP1B,0
15340,RAP1GAP,0
15341,RAP1GAP2,0
15342,RAP1GDS1,0
15343,RAP2A,0
15344,RAP2B,0
15345,RAP2C,0
15346,RAP2C-AS1,0
15347,RAPGEF1,0
15348,RAPGEF2,0
15349,RAPGEF3,0
15350,RAPGEF4,0
15351,RAPGEF5,0
15352,RAPGEF6,0
15353,RAPGEFL1,0
15354,RAPH1,0
15355,RAPSN,0
15356,RARA,1
15357,RARA-AS1,0
15358,RARB,1
15359,RARG,0
15360,RARRES1,0
15361,RARRES2,0
15362,RARRES3,0
15363,RARS,0
15364,RARS2,0
15365,RASA1,0
15366,RASA2,0
15367,RASA3,0
15368,RASA4,0
15369,RASA4B,0
15370,RASAL1,0
15371,RASAL2,0
15372,RASAL2-AS1,0
15373,RASAL3,0
15374,RASD1,0
15375,RASD2,0
15376,RASEF,0
15377,RASGEF1A,0
15378,RASGEF1B,0
15379,RASGEF1C,0
15380,RASGRF1,0
15381,RASGRF2,0
15382,RASGRF2-AS1,0
15383,RASGRP1,0
15384,RASGRP2,0
15385,RASGRP3,0
15386,RASGRP4,0
15387,RASIP1,0
15388,RASL10A,0
15389,RASL10B,0
15390,RASL11A,0
15391,RASL11B,0
15392,RASL12,0
15393,RASSF1,0
15394,RASSF1-AS1,0
15395,RASSF10,0
15396,RASSF2,0
15397,RASSF3,0
15398,RASSF4,0
15399,RASSF5,0
15400,RASSF6,0
15401,RASSF7,0
15402,RASSF8,0
15403,RASSF8-AS1,0
15404,RASSF9,0
15405,RAVER1,0
15406,RAVER2,0
15407,RAX2,0
15408,RB1,0
15409,RB1CC1,0
15410,RBAK,0
15411,RBAK-RBAKDN,0
15412,RBAKDN,0
15413,RBBP4,0
15414,RBBP5,0
15415,RBBP6,0
15416,RBBP7,0
15417,RBBP8,0
15418,RBBP8NL,0
15419,RBBP9,0
15420,RBCK1,0
15421,RBFA,0
15422,RBFOX1,0
15423,RBFOX2,0
15424,RBFOX3,0
15425,RBKS,0
15426,RBL1,0
15427,RBL2,0
15428,RBM10,0
15429,RBM11,0
15430,RBM12,0
15431,RBM12B,0
15432,RBM14,0
15433,RBM14-RBM4,0
15434,RBM15,0
15435,RBM15B,0
15436,RBM17,0
15437,RBM18,0
15438,RBM19,0
15439,RBM20,0
15440,RBM22,0
15441,RBM23,0
15442,RBM24,0
15443,RBM25,0
15444,RBM26,0
15445,RBM26-AS1,0
15446,RBM27,0
15447,RBM28,0
15448,RBM3,0
15449,RBM33,0
15450,RBM34,0
15451,RBM38,0
15452,RBM39,0
15453,RBM4,0
15454,RBM41,0
15455,RBM42,0
15456,RBM43,0
15457,RBM44,0
15458,RBM45,0
15459,RBM46,0
15460,RBM47,0
15461,RBM48,0
15462,RBM4B,0
15463,RBM5,0
15464,RBM5-AS1,0
15465,RBM6,0
15466,RBM7,0
15467,RBM8A,0
15468,RBMS1,0
15469,RBMS2,0
15470,RBMS3,0
15471,RBMS3-AS2,0
15472,RBMS3-AS3,0
15473,RBMX,0
15474,RBMX2,0
15475,RBMXL1,0
15476,RBP1,0
15477,RBP2,0
15478,RBP3,0
15479,RBP4,0
15480,RBP5,0
15481,RBP7,0
15482,RBPJ,0
15483,RBPJL,0
15484,RBPMS,0
15485,RBPMS-AS1,0
15486,RBPMS2,0
15487,RBSN,0
15488,RBX1,1
15489,RC3H1,0
15490,RC3H2,0
15491,RCAN1,0
15492,RCAN2,0
15493,RCAN3,0
15494,RCBTB1,0
15495,RCBTB2,0
15496,RCC1,0
15497,RCC2,0
15498,RCCD1,0
15499,RCE1,0
15500,RCHY1,0
15501,RCL1,0
15502,RCN1,0
15503,RCN2,0
15504,RCN3,0
15505,RCOR1,0
15506,RCOR2,0
15507,RCOR3,0
15508,RCSD1,0
15509,RCVRN,0
15510,RD3,0
15511,RDH10,0
15512,RDH10-AS1,0
15513,RDH11,0
15514,RDH12,0
15515,RDH13,0
15516,RDH14,0
15517,RDH16,0
15518,RDH5,0
15519,RDM1,0
15520,RDX,0
15521,REC114,0
15522,REC8,0
15523,RECK,0
15524,RECQL,0
15525,RECQL4,0
15526,RECQL5,0
15527,REEP1,0
15528,REEP2,0
15529,REEP3,0
15530,REEP4,0
15531,REEP5,0
15532,REEP6,0
15533,REG1A,0
15534,REG3G,0
15535,REG4,0
15536,REL,0
15537,RELA,1
15538,RELB,0
15539,RELL1,0
15540,RELL2,0
15541,RELN,0
15542,RELT,0
15543,REM1,0
15544,REM2,0
15545,REN,1
15546,RENBP,0
15547,REP15,0
15548,REPIN1,0
15549,REPS1,0
15550,REPS2,0
15551,RER1,0
15552,RERE,0
15553,RERG,0
15554,RERGL,0
15555,REST,0
15556,RET,1
15557,RETN,0
15558,RETSAT,0
15559,REV1,0
15560,REV3L,0
15561,REXO1,0
15562,REXO2,0
15563,REXO4,0
15564,RFC1,0
15565,RFC2,0
15566,RFC3,0
15567,RFC4,0
15568,RFC5,0
15569,RFESD,0
15570,RFFL,0
15571,RFK,0
15572,RFNG,0
15573,RFPL1S,0
15574,RFPL2,0
15575,RFPL3S,0
15576,RFPL4A,0
15577,RFPL4B,0
15578,RFT1,0
15579,RFTN1,0
15580,RFTN2,0
15581,RFWD2,0
15582,RFWD3,0
15583,RFX1,0
15584,RFX2,0
15585,RFX3,0
15586,RFX3-AS1,0
15587,RFX4,0
15588,RFX5,0
15589,RFX7,0
15590,RFX8,0
15591,RFXANK,0
15592,RFXAP,0
15593,RGAG4,0
15594,RGCC,0
15595,RGL1,0
15596,RGL2,0
15597,RGL3,0
15598,RGL4,0
15599,RGMA,1
15600,RGMB,0
15601,RGMB-AS1,0
15602,RGN,0
15603,RGP1,0
15604,RGPD2,0
15605,RGPD3,0
15606,RGPD4,0
15607,RGPD4-AS1,0
15608,RGPD5,0
15609,RGPD6,0
15610,RGPD8,0
15611,RGS1,0
15612,RGS10,0
15613,RGS11,0
15614,RGS12,0
15615,RGS13,0
15616,RGS14,0
15617,RGS16,0
15618,RGS17,0
15619,RGS18,0
15620,RGS19,0
15621,RGS2,0
15622,RGS20,0
15623,RGS22,0
15624,RGS3,0
15625,RGS4,0
15626,RGS5,0
15627,RGS6,0
15628,RGS7,0
15629,RGS7BP,0
15630,RGS8,0
15631,RGS9,0
15632,RGS9BP,0
15633,RGSL1,0
15634,RHBDD1,0
15635,RHBDD2,0
15636,RHBDD3,0
15637,RHBDF1,0
15638,RHBDF2,0
15639,RHBDL1,0
15640,RHBDL2,0
15641,RHBDL3,0
15642,RHBG,0
15643,RHCE,0
15644,RHCG,0
15645,RHD,1
15646,RHEB,0
15647,RHEBL1,0
15648,RHNO1,0
15649,RHO,0
15650,RHOA,0
15651,RHOB,0
15652,RHOBTB1,0
15653,RHOBTB2,0
15654,RHOBTB3,0
15655,RHOC,0
15656,RHOD,0
15657,RHOF,0
15658,RHOG,0
15659,RHOH,0
15660,RHOJ,0
15661,RHOQ,0
15662,RHOT1,0
15663,RHOT2,0
15664,RHOU,0
15665,RHOV,0
15666,RHOXF1,0
15667,RHOXF1-AS1,0
15668,RHPN1,0
15669,RHPN1-AS1,0
15670,RHPN2,0
15671,RIBC1,0
15672,RIBC2,0
15673,RIC1,0
15674,RIC3,0
15675,RIC8A,0
15676,RIC8B,0
15677,RICTOR,0
15678,RIF1,0
15679,RIIAD1,0
15680,RILP,0
15681,RILPL1,0
15682,RILPL2,0
15683,RIMBP2,0
15684,RIMBP3C,0
15685,RIMKLA,0
15686,RIMKLB,0
15687,RIMS1,0
15688,RIMS2,0
15689,RIMS3,0
15690,RIMS4,0
15691,RIN1,0
15692,RIN2,0
15693,RIN3,0
15694,RING1,0
15695,RINL,0
15696,RINT1,0
15697,RIOK1,0
15698,RIOK2,0
15699,RIOK3,0
15700,RIPK1,1
15701,RIPK2,0
15702,RIPK3,0
15703,RIPK4,0
15704,RIPPLY1,0
15705,RIPPLY2,0
15706,RIPPLY3,0
15707,RIT1,0
15708,RITA1,0
15709,RLBP1,0
15710,RLF,0
15711,RLIM,0
15712,RLN1,0
15713,RLN2,0
15714,RLTPR,0
15715,RMDN1,0
15716,RMDN2,0
15717,RMDN2-AS1,0
15718,RMDN3,0
15719,RMI1,0
15720,RMI2,0
15721,RMND1,0
15722,RMND5A,0
15723,RMND5B,0
15724,RMRP,0
15725,RN7SL832P,0
15726,RNASE1,0
15727,RNASE13,0
15728,RNASE2,0
15729,RNASE3,0
15730,RNASE4,0
15731,RNASE6,0
15732,RNASE7,0
15733,RNASEH1,0
15734,RNASEH1-AS1,0
15735,RNASEH2A,0
15736,RNASEH2B,0
15737,RNASEH2B-AS1,0
15738,RNASEH2C,0
15739,RNASEK,0
15740,RNASEK-C17ORF49,0
15741,RNASEL,0
15742,RNASET2,0
15743,RND1,0
15744,RND2,0
15745,RND3,0
15746,RNF10,0
15747,RNF103,0
15748,RNF103-CHMP3,0
15749,RNF11,0
15750,RNF111,0
15751,RNF112,0
15752,RNF113A,0
15753,RNF114,0
15754,RNF115,0
15755,RNF121,0
15756,RNF122,0
15757,RNF123,0
15758,RNF125,0
15759,RNF126,0
15760,RNF128,0
15761,RNF13,0
15762,RNF130,0
15763,RNF133,0
15764,RNF135,0
15765,RNF138,0
15766,RNF139,0
15767,RNF139-AS1,0
15768,RNF14,0
15769,RNF141,0
15770,RNF144A,0
15771,RNF144B,0
15772,RNF145,0
15773,RNF146,0
15774,RNF148,0
15775,RNF149,0
15776,RNF150,0
15777,RNF151,0
15778,RNF152,0
15779,RNF157,0
15780,RNF165,0
15781,RNF166,0
15782,RNF167,0
15783,RNF168,0
15784,RNF169,0
15785,RNF17,0
15786,RNF170,0
15787,RNF175,0
15788,RNF180,0
15789,RNF181,0
15790,RNF182,0
15791,RNF183,0
15792,RNF185,0
15793,RNF186,0
15794,RNF187,0
15795,RNF19A,0
15796,RNF19B,0
15797,RNF2,0
15798,RNF20,0
15799,RNF207,0
15800,RNF208,0
15801,RNF212,0
15802,RNF212B,0
15803,RNF213,0
15804,RNF214,0
15805,RNF215,0
15806,RNF216,0
15807,RNF217,0
15808,RNF217-AS1,0
15809,RNF219,0
15810,RNF219-AS1,0
15811,RNF220,0
15812,RNF222,0
15813,RNF223,0
15814,RNF224,0
15815,RNF24,0
15816,RNF25,0
15817,RNF26,0
15818,RNF31,0
15819,RNF32,0
15820,RNF34,0
15821,RNF38,0
15822,RNF39,0
15823,RNF4,0
15824,RNF40,0
15825,RNF41,0
15826,RNF43,0
15827,RNF44,0
15828,RNF5,0
15829,RNF6,0
15830,RNF7,0
15831,RNF8,0
15832,RNFT1,0
15833,RNFT2,0
15834,RNGTT,0
15835,RNH1,0
15836,RNLS,0
15837,RNMT,0
15838,RNMTL1,0
15839,RNPC3,0
15840,RNPEP,0
15841,RNPEPL1,0
15842,RNPS1,0
15843,RNU11,0
15844,RNU12,0
15845,RNU6ATAC35P,0
15846,ROBO1,0
15847,ROBO2,0
15848,ROBO3,0
15849,ROBO4,0
15850,ROCK1,1
15851,ROCK2,1
15852,ROGDI,0
15853,ROM1,0
15854,ROMO1,0
15855,ROPN1,0
15856,ROPN1B,0
15857,ROPN1L,0
15858,ROR1,1
15859,ROR1-AS1,0
15860,ROR2,0
15861,RORA,0
15862,RORA-AS1,0
15863,RORB,0
15864,RORC,1
15865,ROS1,1
15866,RP1,0
15867,RP1-100J12.1,0
15868,RP1-101D8.1,0
15869,RP1-101G11.3,0
15870,RP1-101K10.6,0
15871,RP1-102E24.10,0
15872,RP1-102E24.8,0
15873,RP1-102G20.5,0
15874,RP1-102K2.6,0
15875,RP1-102K2.8,0
15876,RP1-10C16.1,0
15877,RP1-111B22.3,0
15878,RP1-111C20.3,0
15879,RP1-111C20.4,0
15880,RP1-111D6.2,0
15881,RP1-111D6.3,0
15882,RP1-117B12.4,0
15883,RP1-118J21.25,0
15884,RP1-120G22.11,0
15885,RP1-122K4.3,0
15886,RP1-122O8.7,0
15887,RP1-122P22.2,0
15888,RP1-122P22.4,0
15889,RP1-124C6.1,0
15890,RP1-125I3.2,0
15891,RP1-127D3.4,0
15892,RP1-12G14.7,0
15893,RP1-135L22.1,0
15894,RP1-136B1.1,0
15895,RP1-137D17.1,0
15896,RP1-137D17.2,0
15897,RP1-138B7.7,0
15898,RP1-140A9.1,0
15899,RP1-140K8.1,0
15900,RP1-140K8.5,0
15901,RP1-142L7.5,0
15902,RP1-142L7.8,0
15903,RP1-142L7.9,0
15904,RP1-148H17.1,0
15905,RP1-149L1.1,0
15906,RP1-150O5.3,0
15907,RP1-151B14.6,0
15908,RP1-151F17.1,0
15909,RP1-151F17.2,0
15910,RP1-153G14.4,0
15911,RP1-153P14.5,0
15912,RP1-155D22.2,0
15913,RP1-159A19.4,0
15914,RP1-15D23.2,0
15915,RP1-163G9.2,0
15916,RP1-166H4.2,0
15917,RP1-167A14.2,0
15918,RP1-167G20.1,0
15919,RP1-167O22.1,0
15920,RP1-168L15.5,0
15921,RP1-16A9.1,0
15922,RP1-178F10.1,0
15923,RP1-178F15.4,0
15924,RP1-179N16.6,0
15925,RP1-179P9.3,0
15926,RP1-187B23.1,0
15927,RP1-18D14.7,0
15928,RP1-191J18.66,0
15929,RP1-193H18.2,0
15930,RP1-193H18.3,0
15931,RP1-197B17.3,0
15932,RP1-197B17.4,0
15933,RP1-198K11.5,0
15934,RP1-199J3.7,0
15935,RP1-202O8.3,0
15936,RP1-206D15.6,0
15937,RP1-207H1.3,0
15938,RP1-20C7.6,0
15939,RP1-212P9.3,0
15940,RP1-221C16.8,0
15941,RP1-223E5.4,0
15942,RP1-224A6.3,0
15943,RP1-224A6.9,0
15944,RP1-225E12.2,0
15945,RP1-228P16.5,0
15946,RP1-228P16.8,0
15947,RP1-232L24.3,0
15948,RP1-232P20.1,0
15949,RP1-234P15.4,0
15950,RP1-239B22.5,0
15951,RP1-23E21.2,0
15952,RP1-244F24.1,0
15953,RP1-249I4.2,0
15954,RP1-251M9.2,0
15955,RP1-253P7.4,0
15956,RP1-256G22.2,0
15957,RP1-257A7.4,0
15958,RP1-257A7.5,0
15959,RP1-261D10.2,0
15960,RP1-261G23.7,0
15961,RP1-265C24.8,0
15962,RP1-266L20.2,0
15963,RP1-266L20.4,0
15964,RP1-267D11.6,0
15965,RP1-267L14.6,0
15966,RP1-269M15.3,0
15967,RP1-272L16.1,0
15968,RP1-273N12.4,0
15969,RP1-278C19.8,0
15970,RP1-278O22.1,0
15971,RP1-27K12.2,0
15972,RP1-27K12.4,0
15973,RP1-286D6.5,0
15974,RP1-28H20.3,0
15975,RP1-28O10.1,0
15976,RP1-292B18.3,0
15977,RP1-292L20.3,0
15978,RP1-29C18.10,0
15979,RP1-29C18.9,0
15980,RP1-302G2.5,0
15981,RP1-309F20.3,0
15982,RP1-309F20.4,0
15983,RP1-30M3.5,0
15984,RP1-30M3.6,0
15985,RP1-313I6.12,0
15986,RP1-313L4.3,0
15987,RP1-315G1.3,0
15988,RP1-317E23.3,0
15989,RP1-32I10.10,0
15990,RP1-34B20.21,0
15991,RP1-34H18.1,0
15992,RP1-35C21.1,0
15993,RP1-35C21.2,0
15994,RP1-39G22.7,0
15995,RP1-40E16.11,0
15996,RP1-40E16.12,0
15997,RP1-40E16.9,0
15998,RP1-41C23.4,0
15999,RP1-41P2.7,0
16000,RP1-43E13.2,0
16001,RP1-45I4.2,0
16002,RP1-45I4.3,0
16003,RP1-45N11.1,0
16004,RP1-50J22.4,0
16005,RP1-55C23.7,0
16006,RP1-56K13.2,0
16007,RP1-56K13.3,0
16008,RP1-56K13.5,0
16009,RP1-59D14.1,0
16010,RP1-59D14.10,0
16011,RP1-59D14.5,0
16012,RP1-5O6.5,0
16013,RP1-60O19.1,0
16014,RP1-60O19.2,0
16015,RP1-63M2.7,0
16016,RP1-67K17.4,0
16017,RP1-68D18.4,0
16018,RP1-69D17.3,0
16019,RP1-69D17.4,0
16020,RP1-78B3.1,0
16021,RP1-78O14.1,0
16022,RP1-79C4.4,0
16023,RP1-7G5.6,0
16024,RP1-80N2.2,0
16025,RP1-80N2.3,0
16026,RP1-86C11.7,0
16027,RP1-8B1.4,0
16028,RP1-90G24.11,0
16029,RP1-90G24.6,0
16030,RP1-90J20.8,0
16031,RP1-90J4.1,0
16032,RP1-92O14.3,0
16033,RP1-92O14.6,0
16034,RP1-93H18.1,0
16035,RP1-97J1.2,0
16036,RP11-1000B6.3,0
16037,RP11-1000B6.5,0
16038,RP11-1000B6.8,0
16039,RP11-1006G14.1,0
16040,RP11-1006G14.2,0
16041,RP11-1007O24.2,0
16042,RP11-1007O24.3,0
16043,RP11-1008C21.1,0
16044,RP11-1008C21.2,0
16045,RP11-100L22.1,0
16046,RP11-100N20.1,0
16047,RP11-1017G21.4,0
16048,RP11-1017G21.5,0
16049,RP11-1017G21.6,0
16050,RP11-1018N14.1,0
16051,RP11-1018N14.5,0
16052,RP11-101E13.5,0
16053,RP11-101E5.1,0
16054,RP11-1020A11.2,0
16055,RP11-1026M7.2,0
16056,RP11-102G14.1,0
16057,RP11-102L12.2,0
16058,RP11-102M11.2,0
16059,RP11-102N12.3,0
16060,RP11-1035H13.3,0
16061,RP11-1036E20.9,0
16062,RP11-1038A11.1,0
16063,RP11-1038A11.3,0
16064,RP11-103C16.2,0
16065,RP11-103H7.2,0
16066,RP11-103H7.3,0
16067,RP11-103J8.1,0
16068,RP11-1042B17.3,0
16069,RP11-104L21.3,0
16070,RP11-104N10.1,0
16071,RP11-104O19.4,0
16072,RP11-1055B8.10,0
16073,RP11-1055B8.2,0
16074,RP11-1055B8.3,0
16075,RP11-1055B8.4,0
16076,RP11-1055B8.9,0
16077,RP11-1057B6.1,0
16078,RP11-1057B8.2,0
16079,RP11-105C19.1,0
16080,RP11-105N14.1,0
16081,RP11-105N14.2,0
16082,RP11-1060G2.2,0
16083,RP11-1060J15.4,0
16084,RP11-1060J15.9,0
16085,RP11-1069G10.1,0
16086,RP11-1069G10.2,0
16087,RP11-106E15.1,0
16088,RP11-106M3.2,0
16089,RP11-106M3.3,0
16090,RP11-106M7.1,0
16091,RP11-1070A24.2,0
16092,RP11-1070N10.3,0
16093,RP11-1070N10.5,0
16094,RP11-1070N10.7,0
16095,RP11-1072A3.4,0
16096,RP11-1072C15.4,0
16097,RP11-1079K10.2,0
16098,RP11-1079K10.3,0
16099,RP11-1079K10.4,0
16100,RP11-107F6.3,0
16101,RP11-107I14.4,0
16102,RP11-107M16.2,0
16103,RP11-107N15.1,0
16104,RP11-1080G15.1,0
16105,RP11-1081L13.4,0
16106,RP11-1082L8.3,0
16107,RP11-1082L8.4,0
16108,RP11-1084E5.1,0
16109,RP11-1084I9.1,0
16110,RP11-108K14.12,0
16111,RP11-108K14.8,0
16112,RP11-108K3.1,0
16113,RP11-108K3.2,0
16114,RP11-108L7.14,0
16115,RP11-108L7.15,0
16116,RP11-108M12.3,0
16117,RP11-108M9.3,0
16118,RP11-108M9.4,0
16119,RP11-108M9.6,0
16120,RP11-108O10.2,0
16121,RP11-108O10.8,0
16122,RP11-108P20.3,0
16123,RP11-108P20.4,0
16124,RP11-1090M7.1,0
16125,RP11-1094H24.4,0
16126,RP11-1094M14.11,0
16127,RP11-1094M14.12,0
16128,RP11-1096G20.5,0
16129,RP11-109A6.3,0
16130,RP11-109D9.4,0
16131,RP11-109E12.1,0
16132,RP11-109E24.1,0
16133,RP11-109E24.2,0
16134,RP11-109G23.3,0
16135,RP11-109J4.1,0
16136,RP11-109M17.2,0
16137,RP11-109N23.4,0
16138,RP11-109P14.10,0
16139,RP11-10A14.3,0
16140,RP11-10A14.4,0
16141,RP11-10A14.5,0
16142,RP11-10A14.9,0
16143,RP11-10C24.1,0
16144,RP11-10C24.2,0
16145,RP11-10C24.3,0
16146,RP11-10H3.1,0
16147,RP11-10J21.3,0
16148,RP11-10J21.4,0
16149,RP11-10J5.1,0
16150,RP11-10K16.1,0
16151,RP11-10L12.4,0
16152,RP11-10L7.1,0
16153,RP11-10N16.2,0
16154,RP11-10N23.2,0
16155,RP11-10N23.5,0
16156,RP11-10O17.3,0
16157,RP11-1100L3.7,0
16158,RP11-1100L3.8,0
16159,RP11-1101H11.1,0
16160,RP11-1102P16.1,0
16161,RP11-1103G16.1,0
16162,RP11-1105G2.3,0
16163,RP11-1105G2.4,0
16164,RP11-1109F11.3,0
16165,RP11-1109F11.5,0
16166,RP11-110A12.2,0
16167,RP11-110G21.1,0
16168,RP11-110I1.11,0
16169,RP11-110I1.12,0
16170,RP11-110I1.13,0
16171,RP11-110I1.14,0
16172,RP11-110I1.6,0
16173,RP11-1114A5.4,0
16174,RP11-111A21.1,0
16175,RP11-111A22.1,0
16176,RP11-111F5.3,0
16177,RP11-111F5.4,0
16178,RP11-111H13.1,0
16179,RP11-111H3.3,0
16180,RP11-111J6.2,0
16181,RP11-111K18.1,0
16182,RP11-111K18.2,0
16183,RP11-111M22.2,0
16184,RP11-111M22.3,0
16185,RP11-111M22.4,0
16186,RP11-111M22.5,0
16187,RP11-1124B17.1,0
16188,RP11-112J3.15,0
16189,RP11-112J3.16,0
16190,RP11-112L6.3,0
16191,RP11-1134I14.8,0
16192,RP11-1136G4.2,0
16193,RP11-1136J12.1,0
16194,RP11-113I22.1,0
16195,RP11-113K21.4,0
16196,RP11-1143G9.4,0
16197,RP11-1143G9.5,0
16198,RP11-1148L6.9,0
16199,RP11-1148O4.2,0
16200,RP11-1149M10.1,0
16201,RP11-1149M10.2,0
16202,RP11-1149O23.2,0
16203,RP11-1149O23.4,0
16204,RP11-114B7.6,0
16205,RP11-114F3.4,0
16206,RP11-114G11.5,0
16207,RP11-114G22.1,0
16208,RP11-114H21.2,0
16209,RP11-114H23.1,0
16210,RP11-114H23.2,0
16211,RP11-114H24.6,0
16212,RP11-114M1.1,0
16213,RP11-114M1.2,0
16214,RP11-114N19.3,0
16215,RP11-114O18.1,0
16216,RP11-1151B14.3,0
16217,RP11-1151B14.4,0
16218,RP11-1152H14.1,0
16219,RP11-1152H15.1,0
16220,B.2,0
16221,RP11-115C10.1,0
16222,RP11-115C21.2,0
16223,RP11-115D19.1,0
16224,RP11-115D19.3,0
16225,RP11-115H18.1,0
16226,RP11-115J16.1,0
16227,RP11-115J23.1,0
16228,RP11-115N4.1,0
16229,RP11-1167A19.2,0
16230,RP11-116O18.3,0
16231,RP11-117D22.2,0
16232,RP11-118B18.2,0
16233,RP11-118B22.4,0
16234,RP11-118K6.3,0
16235,RP11-1191J2.2,0
16236,RP11-1191J2.5,0
16237,RP11-1197K16.2,0
16238,RP11-119B16.2,0
16239,RP11-119D9.1,0
16240,RP11-119J18.1,0
16241,RP11-11C20.3,0
16242,RP11-11M20.4,0
16243,RP11-11N5.3,0
16244,RP11-11N7.4,0
16245,RP11-11N7.5,0
16246,RP11-11N9.4,0
16247,RP11-120C12.3,0
16248,RP11-120D5.1,0
16249,RP11-120J1.1,0
16250,RP11-120K19.4,0
16251,RP11-120K24.3,0
16252,RP11-120K9.2,0
16253,RP11-1212A22.4,0
16254,RP11-121A14.2,0
16255,RP11-121A8.1,0
16256,RP11-121C2.2,0
16257,RP11-121C6.5,0
16258,RP11-121E16.1,0
16259,RP11-121G22.3,0
16260,RP11-121M22.1,0
16261,RP11-121P12.1,0
16262,RP11-1223D19.1,0
16263,RP11-1228E12.1,0
16264,RP11-1228E12.2,0
16265,RP11-122K13.12,0
16266,RP11-122M14.1,0
16267,RP11-123B3.2,0
16268,RP11-123K19.1,0
16269,RP11-123K3.9,0
16270,RP11-1246C19.1,0
16271,RP11-124N14.3,0
16272,RP11-124O11.1,0
16273,RP11-1250I15.3,0
16274,RP11-125O18.1,0
16275,RP11-1260E13.1,0
16276,RP11-1260E13.2,0
16277,RP11-126H7.4,0
16278,RP11-126K1.2,0
16279,RP11-126K1.6,0
16280,RP11-126K1.9,0
16281,RP11-126L15.4,0
16282,RP11-126O1.4,0
16283,RP11-126O1.5,0
16284,RP11-126O1.6,0
16285,RP11-1275H24.1,0
16286,RP11-1275H24.2,0
16287,RP11-1275H24.3,0
16288,RP11-1277A3.1,0
16289,RP11-1277A3.3,0
16290,RP11-127B16.1,0
16291,RP11-127B20.2,0
16292,RP11-127B20.3,0
16293,RP11-127I20.5,0
16294,RP11-127L20.3,0
16295,RP11-128A17.1,0
16296,RP11-128A17.2,0
16297,RP11-128M1.1,0
16298,RP11-128P17.2,0
16299,RP11-128P17.4,0
16300,RP11-1293J14.1,0
16301,RP11-1299A16.3,0
16302,RP11-129I19.2,0
16303,RP11-129K12.1,0
16304,RP11-129M16.4,0
16305,RP11-129M6.1,0
16306,RP11-12D24.10,0
16307,RP11-12G12.7,0
16308,RP11-12J10.3,0
16309,RP11-12J10.4,0
16310,RP11-12K11.2,0
16311,RP11-12K22.1,0
16312,RP11-12M5.3,0
16313,RP11-130C19.3,0
16314,RP11-130C6.1,0
16315,RP11-130F10.1,0
16316,RP11-130L8.1,0
16317,RP11-130L8.2,0
16318,RP11-131K5.1,0
16319,RP11-131L12.2,0
16320,RP11-131L12.3,0
16321,RP11-131L12.4,0
16322,RP11-131L23.1,0
16323,RP11-131L23.2,0
16324,RP11-131N11.4,0
16325,RP11-132A1.4,0
16326,RP11-132N15.3,0
16327,RP11-1336O20.2,0
16328,RP11-133L14.5,0
16329,RP11-1348G14.4,0
16330,RP11-1348G14.5,0
16331,RP11-1348G14.8,0
16332,RP11-134G8.5,0
16333,RP11-134G8.7,0
16334,RP11-134K13.4,0
16335,RP11-134L10.1,0
16336,RP11-134N1.2,0
16337,RP11-134O21.1,0
16338,RP11-135A1.2,0
16339,RP11-135A1.3,0
16340,RP11-135A24.4,0
16341,RP11-135D11.2,0
16342,RP11-135L13.4,0
16343,RP11-136H19.1,0
16344,RP11-136I14.5,0
16345,RP11-136K7.2,0
16346,RP11-136L23.2,0
16347,RP11-136O12.2,0
16348,RP11-1376P16.1,0
16349,RP11-1379J22.2,0
16350,RP11-1379J22.5,0
16351,RP11-137H2.4,0
16352,RP11-138A9.1,0
16353,RP11-138A9.2,0
16354,RP11-138B4.1,0
16355,RP11-138C9.1,0
16356,RP11-138E2.1,0
16357,RP11-138H8.2,0
16358,RP11-138I1.2,0
16359,RP11-138I1.4,0
16360,RP11-138I18.1,0
16361,RP11-138I18.2,0
16362,RP11-138J23.1,0
16363,RP11-138P22.1,0
16364,RP11-1391J7.1,0
16365,RP11-1398P2.1,0
16366,RP11-1399P15.1,0
16367,RP11-139I14.2,0
16368,RP11-139K4.2,0
16369,RP11-13A1.1,0
16370,RP11-13E5.2,0
16371,RP11-13J8.1,0
16372,RP11-13K12.1,0
16373,RP11-13K12.2,0
16374,RP11-13N12.1,0
16375,RP11-13P5.1,0
16376,RP11-13P5.2,0
16377,RP11-1406H17.1,0
16378,RP11-140I16.3,0
16379,RP11-140K17.3,0
16380,RP11-140L24.4,0
16381,RP11-141A19.1,0
16382,RP11-141B14.1,0
16383,RP11-141J13.5,0
16384,RP11-141M1.1,0
16385,RP11-141M1.3,0
16386,RP11-141O11.2,0
16387,RP11-141O15.1,0
16388,RP11-142A22.4,0
16389,RP11-142C4.6,0
16390,RP11-142G1.3,0
16391,RP11-143A12.3,0
16392,RP11-143I21.1,0
16393,RP11-143J12.3,0
16394,RP11-143K11.7,0
16395,RP11-143M1.3,0
16396,RP11-144A16.8,0
16397,RP11-144G7.2,0
16398,RP11-145A3.1,0
16399,RP11-145E17.2,0
16400,RP11-145G20.1,0
16401,RP11-145M9.5,0
16402,RP11-145M9.6,0
16403,RP11-146F11.1,0
16404,RP11-146F11.5,0
16405,RP11-146I2.1,0
16406,RP11-146N18.1,0
16407,RP11-146N23.4,0
16408,RP11-147L13.11,0
16409,RP11-147L13.12,0
16410,RP11-147L13.13,0
16411,RP11-147L13.14,0
16412,RP11-147L13.15,0
16413,RP11-147L13.2,0
16414,RP11-147L13.8,0
16415,RP11-148B18.1,0
16416,RP11-148B18.4,0
16417,RP11-148K1.10,0
16418,RP11-148K1.12,0
16419,RP11-148O21.6,0
16420,RP11-149I23.3,0
16421,RP11-14C10.6,0
16422,RP11-14C22.6,0
16423,RP11-14N7.2,0
16424,RP11-150C16.1,0
16425,RP11-150D20.5,0
16426,RP11-150O12.3,0
16427,RP11-151A10.3,0
16428,RP11-151A6.6,0
16429,RP11-152H18.3,0
16430,RP11-152N13.16,0
16431,RP11-152N13.5,0
16432,RP11-152P17.3,0
16433,RP11-152P23.2,0
16434,RP11-153F1.1,0
16435,RP11-153F10.2,0
16436,RP11-153K11.3,0
16437,RP11-153K16.1,0
16438,RP11-154D17.1,0
16439,RP11-154H12.3,0
16440,RP11-154H23.3,0
16441,RP11-154H23.4,0
16442,RP11-154J22.1,0
16443,RP11-155O18.6,0
16444,RP11-156E8.1,0
16445,RP11-156K13.1,0
16446,RP11-156K13.2,0
16447,RP11-156K13.3,0
16448,RP11-156K23.3,0
16449,RP11-156L14.1,0
16450,RP11-157D23.2,0
16451,RP11-157E16.1,0
16452,RP11-157E21.1,0
16453,RP11-157F20.3,0
16454,RP11-157J24.2,0
16455,RP11-157P1.4,0
16456,RP11-158H5.7,0
16457,RP11-158H5.8,0
16458,RP11-158I9.5,0
16459,RP11-158I9.8,0
16460,RP11-158K1.3,0
16461,RP11-158M2.2,0
16462,RP11-158M2.3,0
16463,RP11-158M2.5,0
16464,RP11-159D12.10,0
16465,RP11-159D12.2,0
16466,RP11-159D12.5,0
16467,RP11-159F24.5,0
16468,RP11-159F24.6,0
16469,RP11-159G9.5,0
16470,RP11-159H10.3,0
16471,RP11-159H22.2,0
16472,RP11-15A1.2,0
16473,RP11-15A1.3,0
16474,RP11-15A1.7,0
16475,RP11-15B17.1,0
16476,RP11-15E1.5,0
16477,RP11-15E18.1,0
16478,RP11-15F12.1,0
16479,RP11-15F12.3,0
16480,RP11-15H20.7,0
16481,RP11-15I11.2,0
16482,RP11-15I11.3,0
16483,RP11-15I20.1,0
16484,RP11-15J22.8,0
16485,RP11-15K19.2,0
16486,RP11-15L13.4,0
16487,RP11-15M15.1,0
16488,RP11-160E2.11,0
16489,RP11-160E2.19,0
16490,RP11-160E2.6,0
16491,RP11-160H22.3,0
16492,RP11-160H22.5,0
16493,RP11-160N1.10,0
16494,RP11-160O5.1,0
16495,RP11-161D15.1,0
16496,RP11-161H23.5,0
16497,RP11-161H23.9,0
16498,RP11-161I2.1,0
16499,RP11-161I6.2,0
16500,RP11-161M6.2,0
16501,RP11-161M6.3,0
16502,RP11-162A12.2,0
16503,RP11-162A12.4,0
16504,RP11-162D9.3,0
16505,RP11-162G10.5,0
16506,RP11-163F15.1,0
16507,RP11-164C1.2,0
16508,RP11-164H13.1,0
16509,RP11-164N3.2,0
16510,RP11-164O23.7,0
16511,RP11-164O23.8,0
16512,RP11-164P12.3,0
16513,RP11-164P12.4,0
16514,RP11-165A20.3,0
16515,RP11-165E7.1,0
16516,RP11-165F24.3,0
16517,RP11-165J3.6,0
16518,RP11-166A12.1,0
16519,RP11-166B2.1,0
16520,RP11-166B2.5,0
16521,RP11-166B2.8,0
16522,RP11-166O4.6,0
16523,RP11-166P13.3,0
16524,RP11-166P13.4,0
16525,RP11-167B3.2,0
16526,RP11-167B3.3,0
16527,RP11-167J8.3,0
16528,RP11-167N4.2,0
16529,RP11-167N5.5,0
16530,RP11-168E17.1,0
16531,RP11-168F9.2,0
16532,RP11-168L22.2,0
16533,RP11-168O16.1,0
16534,RP11-168P13.1,0
16535,RP11-169D4.2,0
16536,RP11-169E6.1,0
16537,RP11-169K16.4,0
16538,RP11-169K17.3,0
16539,RP11-16B13.1,0
16540,RP11-16C1.1,0
16541,RP11-16C1.3,0
16542,RP11-16E12.1,0
16543,RP11-16E12.2,0
16544,RP11-16E18.3,0
16545,RP11-16E23.5,0
16546,RP11-16K12.1,0
16547,RP11-16L21.7,0
16548,RP11-16L9.2,0
16549,RP11-16N11.2,0
16550,RP11-16N2.1,0
16551,RP11-16P6.1,0
16552,RP11-170N16.3,0
16553,RP11-171I2.1,0
16554,RP11-171I2.2,0
16555,RP11-171I2.3,0
16556,RP11-171I2.4,0
16557,RP11-171I2.5,0
16558,RP11-171N4.1,0
16559,RP11-172H24.4,0
16560,RP11-173A6.3,0
16561,RP11-173C1.1,0
16562,RP11-173D3.1,0
16563,RP11-173M1.4,0
16564,RP11-173P15.10,0
16565,RP11-173P15.3,0
16566,RP11-173P15.9,0
16567,RP11-174G6.1,0
16568,RP11-174O3.6,0
16569,RP11-175D17.3,0
16570,RP11-175K6.1,0
16571,RP11-175O19.4,0
16572,RP11-175P13.2,0
16573,RP11-176H8.1,0
16574,RP11-176N18.2,0
16575,RP11-177F15.1,0
16576,RP11-177G23.2,0
16577,RP11-177H2.2,0
16578,RP11-177J6.1,0
16579,RP11-178C3.2,0
16580,RP11-178F10.2,0
16581,RP11-178L8.3,0
16582,RP11-178L8.7,0
16583,RP11-179A10.1,0
16584,RP11-179B2.2,0
16585,RP11-179K3.2,0
16586,RP11-17A1.3,0
16587,RP11-17A19.2,0
16588,RP11-17E13.2,0
16589,RP11-17E3.1,0
16590,RP11-17G12.3,0
16591,RP11-17J14.2,0
16592,RP11-17M16.2,0
16593,RP11-180C1.1,0
16594,RP11-180C16.1,0
16595,RP11-180I4.2,0
16596,RP11-180M15.6,0
16597,RP11-180P8.1,0
16598,RP11-180P8.3,0
16599,RP11-181C3.1,0
16600,RP11-181E10.3,0
16601,RP11-181G12.2,0
16602,RP11-181G12.4,0
16603,RP11-182J1.1,0
16604,RP11-182J1.17,0
16605,RP11-182J1.3,0
16606,RP11-182J1.5,0
16607,RP11-182J23.1,0
16608,RP11-182L21.6,0
16609,RP11-182M20.2,0
16610,RP11-182N22.8,0
16611,RP11-183I6.2,0
16612,RP11-184A2.2,0
16613,RP11-184A2.3,0
16614,RP11-184D12.1,0
16615,RP11-184I16.4,0
16616,RP11-184M15.1,0
16617,RP11-184M15.2,0
16618,RP11-185E12.2,0
16619,RP11-185E8.1,0
16620,RP11-186B7.7,0
16621,RP11-186N15.3,0
16622,RP11-187E13.1,0
16623,RP11-187E13.2,0
16624,RP11-187O7.3,0
16625,RP11-188D8.1,0
16626,RP11-188P17.2,0
16627,RP11-188P20.3,0
16628,RP11-18A15.1,0
16629,RP11-18B16.2,0
16630,RP11-18C24.8,0
16631,RP11-18H21.1,0
16632,RP11-18H7.1,0
16633,RP11-18I14.11,0
16634,RP11-190A12.8,0
16635,RP11-190C22.8,0
16636,RP11-190C22.9,0
16637,RP11-190D6.2,0
16638,RP11-190J1.3,0
16639,RP11-191G24.1,0
16640,RP11-191L17.1,0
16641,RP11-191L9.4,0
16642,RP11-191N8.2,0
16643,RP11-192H23.4,0
16644,RP11-192H23.5,0
16645,RP11-192H23.6,0
16646,RP11-192P3.4,0
16647,RP11-193M21.1,0
16648,RP11-195B17.1,0
16649,RP11-195B3.1,0
16650,RP11-195C7.1,0
16651,RP11-195F19.5,0
16652,RP11-195F19.9,0
16653,RP11-195L15.2,0
16654,RP11-195M16.1,0
16655,RP11-195M16.3,0
16656,RP11-196E1.3,0
16657,RP11-196G11.2,0
16658,RP11-196G11.6,0
16659,RP11-196G18.23,0
16660,RP11-196G18.24,0
16661,RP11-196G18.3,0
16662,RP11-197K3.1,0
16663,RP11-197K6.1,0
16664,RP11-197N18.7,0
16665,RP11-19E11.1,0
16666,RP11-19N8.4,0
16667,RP11-1C1.4,0
16668,RP11-1C1.6,0
16669,RP11-1C8.4,0
16670,RP11-1C8.5,0
16671,RP11-1C8.6,0
16672,RP11-1C8.7,0
16673,RP11-1E22.1,0
16674,RP11-1E4.1,0
16675,RP11-1H15.2,0
16676,RP11-1L9.1,0
16677,RP11-1M18.1,0
16678,RP11-200A1.1,0
16679,RP11-201E8.1,0
16680,RP11-202A13.1,0
16681,RP11-202D1.2,0
16682,RP11-202G11.2,0
16683,RP11-202G18.1,0
16684,RP11-203B7.2,0
16685,RP11-203B9.4,0
16686,RP11-203E8.1,0
16687,RP11-203J24.8,0
16688,RP11-203M5.2,0
16689,RP11-203M5.7,0
16690,RP11-203M5.8,0
16691,RP11-204L24.2,0
16692,RP11-205K6.1,0
16693,RP11-205M3.3,0
16694,RP11-206L10.9,0
16695,RP11-206M11.7,0
16696,RP11-207C16.4,0
16697,RP11-209D14.2,0
16698,RP11-209E8.1,0
16699,RP11-209K10.2,0
16700,RP11-20B24.2,0
16701,RP11-20B24.4,0
16702,RP11-20B24.5,0
16703,RP11-20B24.7,0
16704,RP11-20D14.6,0
16705,RP11-20E24.1,0
16706,RP11-20G13.2,0
16707,RP11-20G13.3,0
16708,RP11-20G13.5,0
16709,RP11-20I20.2,0
16710,RP11-20I20.4,0
16711,RP11-20I23.13,0
16712,RP11-20I23.6,0
16713,RP11-20I23.7,0
16714,RP11-20I23.8,0
16715,RP11-20J15.3,0
16716,RP11-210K20.2,0
16717,RP11-210L7.3,0
16718,RP11-210M15.2,0
16719,RP11-211C9.1,0
16720,RP11-211G23.2,0
16721,RP11-211G3.2,0
16722,RP11-211G3.3,0
16723,RP11-211N11.5,0
16724,RP11-211N8.2,0
16725,RP11-212D19.4,0
16726,RP11-212I21.2,0
16727,RP11-212I21.4,0
16728,RP11-212I21.5,0
16729,RP11-212P7.2,0
16730,RP11-213G2.2,0
16731,RP11-213G6.2,0
16732,RP11-213H15.1,0
16733,RP11-213H15.4,0
16734,RP11-214K3.24,0
16735,RP11-214K3.25,0
16736,RP11-214N9.1,0
16737,RP11-214O1.2,0
16738,RP11-214O1.3,0
16739,RP11-215P8.3,0
16740,RP11-215P8.4,0
16741,RP11-216B9.6,0
16742,RP11-216N14.9,0
16743,RP11-217B1.2,0
16744,RP11-217B7.2,0
16745,RP11-217B7.3,0
16746,RP11-218C14.5,0
16747,RP11-218C14.8,0
16748,RP11-218E20.3,0
16749,RP11-218F10.3,0
16750,RP11-218L14.4,0
16751,RP11-218M22.1,0
16752,RP11-218M22.2,0
16753,RP11-219A15.1,0
16754,RP11-219A15.5,0
16755,RP11-219B17.3,0
16756,RP11-219B4.5,0
16757,RP11-219B4.7,0
16758,RP11-219D15.3,0
16759,RP11-219E7.1,0
16760,RP11-219G17.4,0
16761,RP11-21A7A.3,0
16762,RP11-21A7A.4,0
16763,RP11-21B23.2,0
16764,RP11-21C4.1,0
16765,RP11-21K12.3,0
16766,RP11-21L1.1,0
16767,RP11-21L23.3,0
16768,RP11-21M24.2,0
16769,RP11-21M24.3,0
16770,RP11-220C2.1,0
16771,RP11-220I1.2,0
16772,RP11-220I1.5,0
16773,RP11-221J22.1,0
16774,RP11-221J22.2,0
16775,RP11-221N13.3,0
16776,RP11-221N13.4,0
16777,RP11-222K16.1,0
16778,RP11-222K16.2,0
16779,RP11-223C24.1,0
16780,RP11-225B17.2,0
16781,RP11-225H22.4,0
16782,RP11-225H22.7,0
16783,RP11-225N10.1,0
16784,RP11-227D13.1,0
16785,RP11-227D13.4,0
16786,RP11-227D13.5,0
16787,RP11-227D2.3,0
16788,RP11-227G15.10,0
16789,RP11-227G15.11,0
16790,RP11-227G15.12,0
16791,RP11-227G15.8,0
16792,RP11-227H15.4,0
16793,RP11-228B15.4,0
16794,RP11-229P13.19,0
16795,RP11-22A3.1,0
16796,RP11-22A3.2,0
16797,RP11-22C11.2,0
16798,RP11-22L13.1,0
16799,RP11-22N19.2,0
16800,RP11-22P4.2,0
16801,RP11-22P6.2,0
16802,RP11-230B22.1,0
16803,RP11-230C9.2,0
16804,RP11-230C9.4,0
16805,RP11-230G5.2,0
16806,RP11-231C14.7,0
16807,RP11-231D20.2,0
16808,RP11-231E19.1,0
16809,RP11-231E4.3,0
16810,RP11-231E6.1,0
16811,RP11-231G3.1,0
16812,RP11-231I16.1,0
16813,RP11-231N3.1,0
16814,RP11-234B24.2,0
16815,RP11-234G16.5,0
16816,RP11-234K24.3,0
16817,RP11-234K24.6,0
16818,RP11-235C23.5,0
16819,RP11-235E17.2,0
16820,RP11-235E17.6,0
16821,RP11-235G24.1,0
16822,RP11-236B18.5,0
16823,RP11-236L14.1,0
16824,RP11-236L14.2,0
16825,RP11-238F2.1,0
16826,RP11-238K6.1,0
16827,RP11-239E10.2,0
16828,RP11-239E10.3,0
16829,RP11-239H6.2,0
16830,RP11-239L20.6,0
16831,RP11-23E10.3,0
16832,RP11-23F23.2,0
16833,RP11-23P13.6,0
16834,RP11-240G22.5,0
16835,RP11-240M16.1,0
16836,RP11-241G9.3,0
16837,RP11-242D8.1,0
16838,RP11-242F24.1,0
16839,RP11-242J7.1,0
16840,RP11-243A14.1,0
16841,RP11-243J16.7,0
16842,RP11-243M5.1,0
16843,RP11-244F12.2,0
16844,RP11-244F12.3,0
16845,RP11-244H3.4,0
16846,RP11-244M2.1,0
16847,RP11-245D16.4,0
16848,RP11-245G13.2,0
16849,RP11-245J9.4,0
16850,RP11-245J9.5,0
16851,RP11-245J9.6,0
16852,RP11-245P10.6,0
16853,RP11-246A10.1,0
16854,RP11-246K15.1,0
16855,RP11-247A12.2,0
16856,RP11-247A12.7,0
16857,RP11-247A12.8,0
16858,RP11-247C2.2,0
16859,RP11-247I13.11,0
16860,RP11-247L20.4,0
16861,RP11-248G5.9,0
16862,RP11-248M19.1,0
16863,RP11-249C24.10,0
16864,RP11-249C24.12,0
16865,RP11-24C3.2,0
16866,RP11-24F11.2,0
16867,RP11-24N18.1,0
16868,RP11-250B2.3,0
16869,RP11-250B2.5,0
16870,RP11-250B2.6,0
16871,RP11-251G23.5,0
16872,RP11-251M1.1,0
16873,RP11-252A24.3,0
16874,RP11-252C15.1,0
16875,RP11-252E2.1,0
16876,RP11-253A20.1,0
16877,RP11-253D19.1,0
16878,RP11-253E3.3,0
16879,RP11-253I19.3,0
16880,RP11-253M7.1,0
16881,RP11-253M7.4,0
16882,RP11-254F7.1,0
16883,RP11-254F7.2,0
16884,RP11-254F7.3,0
16885,RP11-254F7.4,0
16886,RP11-254I22.1,0
16887,RP11-254I22.3,0
16888,RP11-255C15.3,0
16889,RP11-255E6.6,0
16890,RP11-255M2.3,0
16891,RP11-255P5.3,0
16892,RP11-256I23.1,0
16893,RP11-256I23.2,0
16894,RP11-256I23.3,0
16895,RP11-256L11.3,0
16896,RP11-256L6.2,0
16897,RP11-256L6.3,0
16898,RP11-256P1.1,0
16899,RP11-257O5.4,0
16900,RP11-258C19.7,0
16901,RP11-258F1.1,0
16902,RP11-258F22.1,0
16903,RP11-259K15.2,0
16904,RP11-259K5.1,0
16905,RP11-259K5.2,0
16906,RP11-259N19.1,0
16907,RP11-259O18.5,0
16908,RP11-259O2.1,0
16909,RP11-25H12.1,0
16910,RP11-25I15.3,0
16911,RP11-25K19.1,0
16912,RP11-25L3.3,0
16913,RP11-25O10.2,0
16914,RP11-260A9.6,0
16915,RP11-260E18.1,0
16916,RP11-260M19.2,0
16917,RP11-260M2.1,0
16918,RP11-260O18.1,0
16919,RP11-262A16.1,0
16920,RP11-262H14.3,0
16921,RP11-262H14.4,0
16922,RP11-263K19.4,0
16923,RP11-263K19.6,0
16924,RP11-263K4.3,0
16925,RP11-263K4.5,0
16926,RP11-264B14.1,0
16927,RP11-264B17.2,0
16928,RP11-264B17.4,0
16929,RP11-264B17.5,0
16930,RP11-264E18.1,0
16931,RP11-264L1.4,0
16932,RP11-264M12.2,0
16933,RP11-265E18.1,0
16934,RP11-265N6.1,0
16935,RP11-265N6.2,0
16936,RP11-265N7.1,0
16937,RP11-265N7.2,0
16938,RP11-265P11.1,0
16939,RP11-266A24.1,0
16940,RP11-266J6.2,0
16941,RP11-266K22.2,0
16942,RP11-266K4.13,0
16943,RP11-266K4.14,0
16944,RP11-266K4.9,0
16945,RP11-266L9.5,0
16946,RP11-266N13.2,0
16947,RP11-266O8.1,0
16948,RP11-267C16.1,0
16949,RP11-267M23.4,0
16950,RP11-268F1.3,0
16951,RP11-268G12.1,0
16952,RP11-268G12.3,0
16953,RP11-268G13.1,0
16954,RP11-268J15.5,0
16955,RP11-268P4.4,0
16956,RP11-268P4.5,0
16957,RP11-269C23.5,0
16958,RP11-269F19.2,0
16959,RP11-269F20.1,0
16960,RP11-269G24.4,0
16961,RP11-269G24.6,0
16962,RP11-269M20.3,0
16963,RP11-26J3.1,0
16964,RP11-26J3.4,0
16965,RP11-26N15.2,0
16966,RP11-271C24.2,0
16967,RP11-271M24.2,0
16968,RP11-272L13.3,0
16969,RP11-273B20.1,0
16970,RP11-273B20.3,0
16971,RP11-273G15.2,0
16972,RP11-274B18.4,0
16973,RP11-274B21.10,0
16974,RP11-274B21.9,0
16975,RP11-274H2.3,0
16976,RP11-274H24.1,0
16977,RP11-274J16.5,0
16978,RP11-275E15.2,0
16979,RP11-275H4.1,0
16980,RP11-275I14.4,0
16981,RP11-275I4.1,0
16982,RP11-275I4.2,0
16983,RP11-276E15.4,0
16984,RP11-276E17.2,0
16985,RP11-276H1.3,0
16986,RP11-276H19.2,0
16987,RP11-276H7.2,0
16988,RP11-276H7.3,0
16989,RP11-277A4.4,0
16990,RP11-277B15.3,0
16991,RP11-277P12.10,0
16992,RP11-277P12.20,0
16993,RP11-278A23.1,0
16994,RP11-278A23.4,0
16995,RP11-278C7.4,0
16996,RP11-278H7.1,0
16997,RP11-278H7.4,0
16998,RP11-278L15.2,0
16999,RP11-279F6.2,0
17000,RP11-279O9.4,0
17001,RP11-27G14.4,0
17002,RP11-27K13.3,0
17003,RP11-27M24.1,0
17004,RP11-280G9.1,0
17005,RP11-280O1.2,0
17006,RP11-281A20.1,0
17007,RP11-281A20.2,0
17008,RP11-281O15.4,0
17009,RP11-281P23.1,0
17010,RP11-281P23.2,0
17011,RP11-282A11.3,0
17012,RP11-282I1.1,0
17013,RP11-282O18.3,0
17014,RP11-282O18.7,0
17015,RP11-283C24.1,0
17016,RP11-283G6.3,0
17017,RP11-283G6.4,0
17018,RP11-283G6.5,0
17019,RP11-283G6.6,0
17020,RP11-283I3.2,0
17021,RP11-284F21.10,0
17022,RP11-284F21.11,0
17023,RP11-284F21.7,0
17024,RP11-284F21.8,0
17025,RP11-284F21.9,0
17026,RP11-284J1.1,0
17027,RP11-284M14.1,0
17028,RP11-284N8.3,0
17029,RP11-285A1.1,0
17030,RP11-285E23.2,0
17031,RP11-285E9.5,0
17032,RP11-285E9.6,0
17033,RP11-285F16.1,0
17034,RP11-285F7.2,0
17035,RP11-285J16.1,0
17036,RP11-286E11.1,0
17037,RP11-286E11.2,0
17038,RP11-286H15.1,0
17039,RP11-286N22.8,0
17040,RP11-286O18.1,0
17041,RP11-287D1.2,0
17042,RP11-287D1.3,0
17043,RP11-287D1.4,0
17044,RP11-287F9.2,0
17045,RP11-288L9.1,0
17046,RP11-289H16.1,0
17047,RP11-28G8.1,0
17048,RP11-28H5.2,0
17049,RP11-290C10.1,0
17050,RP11-290D2.3,0
17051,RP11-290D2.6,0
17052,RP11-290F24.6,0
17053,RP11-290F5.1,0
17054,RP11-290F5.2,0
17055,RP11-290H9.5,0
17056,RP11-290L1.2,0
17057,RP11-290L1.3,0
17058,RP11-290M5.4,0
17059,RP11-290O12.2,0
17060,RP11-291B21.2,0
17061,RP11-292E2.1,0
17062,RP11-293A21.1,0
17063,RP11-293M10.1,0
17064,RP11-293M10.2,0
17065,RP11-293M10.6,0
17066,RP11-293P20.2,0
17067,RP11-294J22.6,0
17068,RP11-294N21.3,0
17069,RP11-295G20.2,0
17070,RP11-295H24.4,0
17071,RP11-295I5.3,0
17072,RP11-295I5.4,0
17073,RP11-295K2.3,0
17074,RP11-295M18.6,0
17075,RP11-295M3.4,0
17076,RP11-295P9.12,0
17077,RP11-295P9.13,0
17078,RP11-296A18.6,0
17079,RP11-296I10.3,0
17080,RP11-296K13.4,0
17081,RP11-296O14.3,0
17082,RP11-297A16.2,0
17083,RP11-297A16.4,0
17084,RP11-297B17.3,0
17085,RP11-297C4.1,0
17086,RP11-297C4.2,0
17087,RP11-297C4.3,0
17088,RP11-297D21.4,0
17089,RP11-297J22.1,0
17090,RP11-297K8.2,0
17091,RP11-297L17.2,0
17092,RP11-297N6.4,0
17093,RP11-297P16.4,0
17094,RP11-298D21.1,0
17095,RP11-298E9.5,0
17096,RP11-298I3.1,0
17097,RP11-298I3.4,0
17098,RP11-298J20.3,0
17099,RP11-298J23.5,0
17100,RP11-298J23.8,0
17101,RP11-298O21.2,0
17102,RP11-299G20.2,0
17103,RP11-299H21.1,0
17104,RP11-299H22.1,0
17105,RP11-299J3.8,0
17106,RP11-299L17.3,0
17107,RP11-299P2.2,0
17108,RP11-29B2.6,0
17109,RP11-29B9.2,0
17110,RP11-29H23.4,0
17111,RP11-2B6.2,0
17112,RP11-2B6.3,0
17113,RP11-2C24.7,0
17114,RP11-2C24.9,0
17115,RP11-2E11.5,0
17116,RP11-2E11.6,0
17117,RP11-2E11.9,0
17118,RP11-2H3.6,0
17119,RP11-2H8.2,0
17120,RP11-2L8.1,0
17121,RP11-2N1.2,0
17122,RP11-2N1.3,0
17123,RP11-300J18.2,0
17124,RP11-300M24.1,0
17125,RP11-301G19.1,0
17126,RP11-301G7.1,0
17127,RP11-301L8.2,0
17128,RP11-301O19.1,0
17129,RP11-302B13.5,0
17130,RP11-302F12.10,0
17131,RP11-302F12.3,0
17132,RP11-302L19.3,0
17133,RP11-302M6.5,0
17134,RP11-303E16.3,0
17135,RP11-303E16.5,0
17136,RP11-303E16.6,0
17137,RP11-303E16.7,0
17138,RP11-304F15.3,0
17139,RP11-304F15.4,0
17140,RP11-304L19.11,0
17141,RP11-304L19.12,0
17142,RP11-304L19.13,0
17143,RP11-304L19.2,0
17144,RP11-304M2.5,0
17145,RP11-305D15.8,0
17146,RP11-305K5.1,0
17147,RP11-305L7.1,0
17148,RP11-305L7.3,0
17149,RP11-305L7.6,0
17150,RP11-305L7.7,0
17151,RP11-305O4.3,0
17152,RP11-306G20.1,0
17153,RP11-306I1.2,0
17154,RP11-306O13.1,0
17155,RP11-307B6.3,0
17156,RP11-307C12.11,0
17157,RP11-307C12.12,0
17158,RP11-307C12.13,0
17159,RP11-307C18.1,0
17160,RP11-307C19.1,0
17161,RP11-307C19.2,0
17162,RP11-307E17.8,0
17163,RP11-307L14.1,0
17164,RP11-307L14.2,0
17165,RP11-307N16.6,0
17166,RP11-307P5.1,0
17167,RP11-308B16.2,0
17168,RP11-308B5.2,0
17169,RP11-308D13.3,0
17170,RP11-308N19.1,0
17171,RP11-309L24.10,0
17172,RP11-309L24.4,0
17173,RP11-309M23.1,0
17174,RP11-309M7.1,0
17175,RP11-309N24.1,0
17176,RP11-30J20.1,0
17177,RP11-30K9.5,0
17178,RP11-30K9.6,0
17179,RP11-30L15.6,0
17180,RP11-30P6.6,0
17181,RP11-310H4.1,0
17182,RP11-310H4.3,0
17183,RP11-310N16.1,0
17184,RP11-311F12.1,0
17185,RP11-312B8.1,0
17186,RP11-312J18.6,0
17187,RP11-313A24.1,0
17188,RP11-313F23.4,0
17189,RP11-313P13.5,0
17190,RP11-313P22.1,0
17191,RP11-314A20.2,0
17192,RP11-314A20.5,0
17193,RP11-314B1.2,0
17194,RP11-314C16.1,0
17195,RP11-314M24.1,0
17196,RP11-314N13.3,0
17197,RP11-314N14.1,0
17198,RP11-315A16.1,0
17199,RP11-315D16.4,0
17200,RP11-315E17.1,0
17201,RP11-315I20.1,0
17202,RP11-315I20.3,0
17203,RP11-315O6.1,0
17204,RP11-316M1.12,0
17205,RP11-316M1.3,0
17206,RP11-316M21.6,0
17207,RP11-316O14.1,0
17208,RP11-317G6.1,0
17209,RP11-317L10.1,0
17210,RP11-317N8.5,0
17211,RP11-317P15.4,0
17212,RP11-318A15.2,0
17213,RP11-318A15.8,0
17214,RP11-318C2.1,0
17215,RP11-318C24.2,0
17216,RP11-318E3.9,0
17217,RP11-318G21.4,0
17218,RP11-318K12.2,0
17219,RP11-318M2.3,0
17220,RP11-319E16.2,0
17221,RP11-319F12.2,0
17222,RP11-319G6.1,0
17223,RP11-31F15.2,0
17224,RP11-320G24.1,0
17225,RP11-320M16.2,0
17226,RP11-320M2.1,0
17227,RP11-320N21.1,0
17228,RP11-320N21.2,0
17229,RP11-320N7.2,0
17230,RP11-320P7.2,0
17231,RP11-321A17.6,0
17232,RP11-321E2.3,0
17233,RP11-321G12.1,0
17234,RP11-321N4.5,0
17235,RP11-322E11.2,0
17236,RP11-322E11.5,0
17237,RP11-322E11.6,0
17238,RP11-323C15.2,0
17239,RP11-323F24.3,0
17240,RP11-323J4.1,0
17241,RP11-323N12.5,0
17242,RP11-324E6.10,0
17243,RP11-324E6.6,0
17244,RP11-324I22.2,0
17245,RP11-324I22.4,0
17246,RP11-324L17.1,0
17247,RP11-324O2.3,0
17248,RP11-325F22.2,0
17249,RP11-325L12.6,0
17250,RP11-325L12.7,0
17251,RP11-325L7.1,0
17252,RP11-325L7.2,0
17253,RP11-325N19.3,0
17254,RP11-326A19.3,0
17255,RP11-326A19.4,0
17256,RP11-326C3.10,0
17257,RP11-326C3.11,0
17258,RP11-326C3.12,0
17259,RP11-326C3.13,0
17260,RP11-326C3.15,0
17261,RP11-326C3.2,0
17262,RP11-326C3.7,0
17263,RP11-326G21.1,0
17264,RP11-326I11.3,0
17265,RP11-326I11.4,0
17266,RP11-326K13.4,0
17267,RP11-326N17.2,0
17268,RP11-327F22.1,0
17269,RP11-327F22.2,0
17270,RP11-327F22.4,0
17271,RP11-327F22.5,0
17272,RP11-327J17.2,0
17273,RP11-327J17.9,0
17274,RP11-327P2.5,0
17275,RP11-328C8.4,0
17276,RP11-328J2.1,0
17277,RP11-328K4.1,0
17278,RP11-329B9.1,0
17279,RP11-329B9.3,0
17280,RP11-329B9.4,0
17281,RP11-329B9.5,0
17282,RP11-329J18.3,0
17283,RP11-329N22.1,0
17284,RP11-32B5.7,0
17285,RP11-32B5.8,0
17286,RP11-32K4.1,0
17287,RP11-330A16.1,0
17288,RP11-331F9.3,0
17289,RP11-331F9.4,0
17290,RP11-332H14.1,0
17291,RP11-332H14.2,0
17292,RP11-332H18.5,0
17293,RP11-332J15.2,0
17294,RP11-332J15.4,0
17295,RP11-332K15.1,0
17296,RP11-333A23.4,0
17297,RP11-333B11.1,0
17298,RP11-333E1.1,0
17299,RP11-333E1.2,0
17300,RP11-333I13.1,0
17301,RP11-334A14.5,0
17302,RP11-334A14.8,0
17303,RP11-334C17.5,0
17304,RP11-334C17.6,0
17305,RP11-334E6.10,0
17306,RP11-334G22.1,0
17307,RP11-334J6.6,0
17308,RP11-334J6.7,0
17309,RP11-335K5.2,0
17310,RP11-335L23.5,0
17311,RP11-336A10.2,0
17312,RP11-336A10.5,0
17313,RP11-336K24.12,0
17314,RP11-336K24.5,0
17315,RP11-337C18.8,0
17316,RP11-337L12.1,0
17317,RP11-337N6.1,0
17318,RP11-338C15.3,0
17319,RP11-338E21.1,0
17320,RP11-338E21.3,0
17321,RP11-338I21.1,0
17322,RP11-338K13.1,0
17323,RP11-338K17.8,0
17324,RP11-338L22.2,0
17325,RP11-338N10.1,0
17326,RP11-338N10.2,0
17327,RP11-338N10.3,0
17328,RP11-339B21.13,0
17329,RP11-339D23.1,0
17330,RP11-33A14.1,0
17331,RP11-33B1.3,0
17332,RP11-33B1.4,0
17333,RP11-33N14.3,0
17334,RP11-33N14.5,0
17335,RP11-33O4.1,0
17336,RP11-340E6.1,0
17337,RP11-340F14.6,0
17338,RP11-340I6.8,0
17339,RP11-341G23.4,0
17340,RP11-341N2.1,0
17341,RP11-342D11.2,0
17342,RP11-342D11.3,0
17343,RP11-342D14.1,0
17344,RP11-342I1.2,0
17345,RP11-342K6.1,0
17346,RP11-342K6.3,0
17347,RP11-342K6.4,0
17348,RP11-342M1.3,0
17349,RP11-343H19.1,0
17350,RP11-343H5.6,0
17351,RP11-343J3.2,0
17352,RP11-343K8.3,0
17353,RP11-343L5.2,0
17354,RP11-344A16.2,0
17355,RP11-344B5.2,0
17356,RP11-344B5.3,0
17357,RP11-344B5.4,0
17358,RP11-344E13.4,0
17359,RP11-344F13.1,0
17360,RP11-344N10.5,0
17361,RP11-344P13.4,0
17362,RP11-344P13.6,0
17363,RP11-345F18.1,0
17364,RP11-345J4.3,0
17365,RP11-345J4.5,0
17366,RP11-345P4.10,0
17367,RP11-345P4.7,0
17368,RP11-345P4.9,0
17369,RP11-346C20.3,0
17370,RP11-346C20.4,0
17371,RP11-346C4.3,0
17372,RP11-346D14.1,0
17373,RP11-346D19.1,0
17374,RP11-346L1.2,0
17375,RP11-347C12.1,0
17376,RP11-347C12.10,0
17377,RP11-347C12.11,0
17378,RP11-347C12.3,0
17379,RP11-347C18.5,0
17380,RP11-347I19.7,0
17381,RP11-347J14.7,0
17382,RP11-347P5.1,0
17383,RP11-348F1.2,0
17384,RP11-348F1.3,0
17385,RP11-348J12.2,0
17386,RP11-348J24.2,0
17387,RP11-348N5.7,0
17388,RP11-348N5.9,0
17389,RP11-348P10.2,0
17390,RP11-349E4.1,0
17391,RP11-34C15.2,0
17392,RP11-34D15.2,0
17393,RP11-34F13.2,0
17394,RP11-34P13.7,0
17395,RP11-350G8.5,0
17396,RP11-350G8.9,0
17397,RP11-350J20.12,0
17398,RP11-350J20.5,0
17399,RP11-350N15.3,0
17400,RP11-350N15.5,0
17401,RP11-350N15.6,0
17402,RP11-351A11.1,0
17403,RP11-351D16.3,0
17404,RP11-351I21.11,0
17405,RP11-351I24.1,0
17406,RP11-351J23.1,0
17407,RP11-351M16.3,0
17408,RP11-351M16.4,0
17409,RP11-352D13.5,0
17410,RP11-352D13.6,0
17411,RP11-352D3.2,0
17412,RP11-352G18.2,0
17413,RP11-352G9.1,0
17414,RP11-352M15.2,0
17415,RP11-353K11.1,0
17416,RP11-353N14.1,0
17417,RP11-353N14.2,0
17418,RP11-353N14.4,0
17419,RP11-353N14.5,0
17420,RP11-353N4.5,0
17421,RP11-353N4.6,0
17422,RP11-354E11.2,0
17423,RP11-354K1.1,0
17424,RP11-354K1.2,0
17425,RP11-354M20.3,0
17426,RP11-354P11.2,0
17427,RP11-354P11.3,0
17428,RP11-354P11.4,0
17429,RP11-354P11.8,0
17430,RP11-355B11.2,0
17431,RP11-355F16.1,0
17432,RP11-355N15.1,0
17433,RP11-356C4.3,0
17434,RP11-356C4.5,0
17435,RP11-356I2.1,0
17436,RP11-356I2.4,0
17437,RP11-356J5.12,0
17438,RP11-356J5.13,0
17439,RP11-356K23.1,0
17440,RP11-356K23.2,0
17441,RP11-356N1.2,0
17442,RP11-356O9.1,0
17443,RP11-356O9.2,0
17444,RP11-357H14.17,0
17445,RP11-357N13.3,0
17446,RP11-357P18.2,0
17447,RP11-358B23.1,0
17448,RP11-358B23.5,0
17449,RP11-358N2.2,0
17450,RP11-359B12.2,0
17451,RP11-359E10.1,0
17452,RP11-359E19.2,0
17453,RP11-359E3.4,0
17454,RP11-359I18.5,0
17455,RP11-359J14.2,0
17456,RP11-359K18.3,0
17457,RP11-359M6.1,0
17458,RP11-359N11.1,0
17459,RP11-359P5.1,0
17460,RP11-35G9.3,0
17461,RP11-35G9.5,0
17462,RP11-35J1.2,0
17463,RP11-35O15.1,0
17464,RP11-35P15.1,0
17465,RP11-360F5.3,0
17466,RP11-360I2.1,0
17467,RP11-360L9.4,0
17468,RP11-360L9.7,0
17469,RP11-360O19.4,0
17470,RP11-361D15.2,0
17471,RP11-362A1.1,0
17472,RP11-362A9.3,0
17473,RP11-362F19.1,0
17474,RP11-362F19.3,0
17475,RP11-362J17.1,0
17476,RP11-362K14.5,0
17477,RP11-362K14.6,0
17478,RP11-362K14.7,0
17479,RP11-363D14.1,0
17480,RP11-363E6.3,0
17481,RP11-363E6.4,0
17482,RP11-363J20.1,0
17483,RP11-364P22.1,0
17484,RP11-365H22.2,0
17485,RP11-365N19.2,0
17486,RP11-365O16.6,0
17487,RP11-365P13.5,0
17488,RP11-366F6.2,0
17489,RP11-366L20.2,0
17490,RP11-366L5.1,0
17491,RP11-367F23.2,0
17492,RP11-367G18.1,0
17493,RP11-367G6.3,0
17494,RP11-367H1.1,0
17495,RP11-367J11.2,0
17496,RP11-367J11.3,0
17497,RP11-367J7.3,0
17498,RP11-367N14.2,0
17499,RP11-367N14.3,0
17500,RP11-368I23.2,0
17501,RP11-368I23.3,0
17502,RP11-368I7.4,0
17503,RP11-368I7.6,0
17504,RP11-368L12.1,0
17505,RP11-369E15.3,0
17506,RP11-369J9.1,0
17507,RP11-369K17.1,0
17508,RP11-36B15.1,0
17509,RP11-36B6.1,0
17510,RP11-370A5.1,0
17511,RP11-370F5.4,0
17512,RP11-370I10.10,0
17513,RP11-370I10.11,0
17514,RP11-370I10.12,0
17515,RP11-371A19.2,0
17516,RP11-371F15.3,0
17517,RP11-372E1.4,0
17518,RP11-372H2.1,0
17519,RP11-372K14.2,0
17520,RP11-373D23.3,0
17521,RP11-373N22.3,0
17522,RP11-374A4.1,0
17523,RP11-374M1.4,0
17524,RP11-374M1.5,0
17525,RP11-375I20.6,0
17526,RP11-375N15.2,0
17527,RP11-375O18.2,0
17528,RP11-377D9.3,0
17529,RP11-377G16.2,0
17530,RP11-378A13.2,0
17531,RP11-378E13.4,0
17532,RP11-378I6.1,0
17533,RP11-378J18.8,0
17534,RP11-378J18.9,0
17535,RP11-379B18.6,0
17536,RP11-379B8.1,0
17537,RP11-379C10.4,0
17538,RP11-379F12.3,0
17539,RP11-379F12.4,0
17540,RP11-379F4.4,0
17541,RP11-379F4.6,0
17542,RP11-379F4.7,0
17543,RP11-379F4.9,0
17544,RP11-379H18.1,0
17545,RP11-379K17.12,0
17546,RP11-379K17.4,0
17547,RP11-379K22.2,0
17548,RP11-379K22.3,0
17549,RP11-37B2.1,0
17550,RP11-37C7.3,0
17551,RP11-37N22.1,0
17552,RP11-380B4.3,0
17553,RP11-380D23.1,0
17554,RP11-380D23.2,0
17555,RP11-380I10.4,0
17556,RP11-380J14.1,0
17557,RP11-380L11.4,0
17558,RP11-380N8.7,0
17559,RP11-380O24.1,0
17560,RP11-381K20.2,0
17561,RP11-381K20.4,0
17562,RP11-381N20.1,0
17563,RP11-381N20.2,0
17564,RP11-381O7.3,0
17565,RP11-381P6.1,0
17566,RP11-382A20.3,0
17567,RP11-382A20.4,0
17568,RP11-382A20.5,0
17569,RP11-382A20.7,0
17570,RP11-382D12.2,0
17571,RP11-383I23.2,0
17572,RP11-383J24.1,0
17573,RP11-383M4.6,0
17574,RP11-384C4.7,0
17575,RP11-384F7.1,0
17576,RP11-384F7.2,0
17577,RP11-384J4.2,0
17578,RP11-384K6.8,0
17579,RP11-384O8.1,0
17580,RP11-384P7.7,0
17581,RP11-385D13.1,0
17582,RP11-385D13.3,0
17583,RP11-385F5.4,0
17584,RP11-385F5.5,0
17585,RP11-385F7.1,0
17586,RP11-385M4.1,0
17587,RP11-386G11.10,0
17588,RP11-386G11.5,0
17589,RP11-386I14.4,0
17590,RP11-386I8.6,0
17591,RP11-386M24.9,0
17592,RP11-387A1.5,0
17593,RP11-387D10.4,0
17594,RP11-387H17.4,0
17595,RP11-387M24.5,0
17596,RP11-388C12.1,0
17597,RP11-388M20.1,0
17598,RP11-388M20.2,0
17599,RP11-388M20.6,0
17600,RP11-388P9.2,0
17601,RP11-389G6.3,0
17602,RP11-389G6.5,0
17603,RP11-38C17.1,0
17604,RP11-38F22.1,0
17605,RP11-38G5.4,0
17606,RP11-38H17.1,0
17607,RP11-38J22.3,0
17608,RP11-38L15.2,0
17609,RP11-38L15.3,0
17610,RP11-38M8.1,0
17611,RP11-390D11.1,0
17612,RP11-390E23.3,0
17613,RP11-390E23.6,0
17614,RP11-390F4.10,0
17615,RP11-390F4.3,0
17616,RP11-390F4.6,0
17617,RP11-390K5.3,0
17618,RP11-390P2.4,0
17619,RP11-390P24.1,0
17620,RP11-391J2.3,0
17621,RP11-392O17.2,0
17622,RP11-392P7.6,0
17623,RP11-393I2.4,0
17624,RP11-393N21.2,0
17625,RP11-394B2.6,0
17626,RP11-394I13.1,0
17627,RP11-394I13.2,0
17628,RP11-394I13.3,0
17629,RP11-394O2.3,0
17630,RP11-394O4.3,0
17631,RP11-394O4.5,0
17632,RP11-395A13.2,0
17633,RP11-395B7.2,0
17634,RP11-395B7.4,0
17635,RP11-395E19.6,0
17636,RP11-395G23.3,0
17637,RP11-395N3.2,0
17638,RP11-396B14.2,0
17639,RP11-396C23.2,0
17640,RP11-396C23.4,0
17641,RP11-396F22.1,0
17642,RP11-397A16.1,0
17643,RP11-397G17.1,0
17644,RP11-397O8.7,0
17645,RP11-398C13.6,0
17646,RP11-398E10.1,0
17647,RP11-398G24.2,0
17648,RP11-398H6.1,0
17649,RP11-398J10.2,0
17650,RP11-398K22.12,0
17651,RP11-399E6.1,0
17652,RP11-399E6.4,0
17653,RP11-399K21.13,0
17654,RP11-399K21.14,0
17655,RP11-39M21.1,0
17656,RP11-3B12.5,0
17657,RP11-3B7.1,0
17658,RP11-3D4.2,0
17659,RP11-3D4.3,0
17660,RP11-3D4.4,0
17661,RP11-3J1.1,0
17662,RP11-3P17.4,0
17663,RP11-3P17.5,0
17664,RP11-400F19.6,0
17665,RP11-400K9.4,0
17666,RP11-400L8.2,0
17667,RP11-400N13.1,0
17668,RP11-400N13.2,0
17669,RP11-400N13.3,0
17670,RP11-400N9.1,0
17671,RP11-401F2.3,0
17672,RP11-401O9.3,0
17673,RP11-401P9.4,0
17674,RP11-401P9.5,0
17675,RP11-401P9.6,0
17676,RP11-402D21.2,0
17677,RP11-402G3.3,0
17678,RP11-402J6.1,0
17679,RP11-402L1.4,0
17680,RP11-402L5.1,0
17681,RP11-402P6.11,0
17682,RP11-403A21.1,0
17683,RP11-403A3.3,0
17684,RP11-403B2.6,0
17685,RP11-403B2.7,0
17686,RP11-403I13.5,0
17687,RP11-403I13.7,0
17688,RP11-403N16.3,0
17689,RP11-403P17.3,0
17690,RP11-403P17.4,0
17691,RP11-403P17.6,0
17692,RP11-404E16.1,0
17693,RP11-404F10.2,0
17694,RP11-404J23.1,0
17695,RP11-404L6.2,0
17696,RP11-404O13.1,0
17697,RP11-404O13.5,0
17698,RP11-405A12.2,0
17699,RP11-405M12.3,0
17700,RP11-405M12.4,0
17701,RP11-406A9.2,0
17702,RP11-406H21.2,0
17703,RP11-406H23.2,0
17704,RP11-407G23.1,0
17705,RP11-407G23.7,0
17706,RP11-407H12.8,0
17707,RP11-407N17.4,0
17708,RP11-407N17.5,0
17709,RP11-407N8.5,0
17710,RP11-407N8.6,0
17711,RP11-408A13.3,0
17712,RP11-408A13.4,0
17713,RP11-408H1.3,0
17714,RP11-408H20.3,0
17715,RP11-408N14.1,0
17716,RP11-408O19.5,0
17717,RP11-409K20.6,0
17718,RP11-40E6.2,0
17719,RP11-410E4.1,0
17720,RP11-410K21.2,0
17721,RP11-410L14.2,0
17722,RP11-410N8.3,0
17723,RP11-411H5.1,0
17724,RP11-411K7.1,0
17725,RP11-412B14.1,0
17726,RP11-412D9.4,0
17727,RP11-412H8.2,0
17728,RP11-412P11.1,0
17729,RP11-413H22.2,0
17730,RP11-413H22.3,0
17731,RP11-413M3.4,0
17732,RP11-413P11.1,0
17733,RP11-414C23.1,0
17734,RP11-414H17.5,0
17735,RP11-415C15.3,0
17736,RP11-415D17.3,0
17737,RP11-415D17.4,0
17738,RP11-415F23.2,0
17739,RP11-415F23.3,0
17740,RP11-415F23.4,0
17741,RP11-415I12.3,0
17742,RP11-415J8.3,0
17743,RP11-415J8.5,0
17744,RP11-415J8.7,0
17745,RP11-416I2.1,0
17746,RP11-416N2.4,0
17747,RP11-417E7.2,0
17748,RP11-417F21.1,0
17749,RP11-417L19.2,0
17750,RP11-417L19.4,0
17751,RP11-418H16.1,0
17752,RP11-418J17.1,0
17753,RP11-419I17.1,0
17754,RP11-419J16.1,0
17755,RP11-41O4.1,0
17756,RP11-41O4.2,0
17757,RP11-420A23.1,0
17758,RP11-420A6.2,0
17759,RP11-420K14.8,0
17760,RP11-420L9.5,0
17761,RP11-420N3.2,0
17762,RP11-421F16.3,0
17763,RP11-421L21.2,0
17764,RP11-421L21.3,0
17765,RP11-421M1.8,0
17766,RP11-422N16.3,0
17767,RP11-422P24.10,0
17768,RP11-422P24.11,0
17769,RP11-422P24.12,0
17770,RP11-423H2.3,0
17771,RP11-423H2.4,0
17772,RP11-424G14.1,0
17773,RP11-424I19.2,0
17774,RP11-424M24.5,0
17775,RP11-424N24.2,0
17776,RP11-425A23.1,0
17777,RP11-425A6.5,0
17778,RP11-425D10.10,0
17779,RP11-425D17.1,0
17780,RP11-426C22.4,0
17781,RP11-426C22.5,0
17782,RP11-426C22.6,0
17783,RP11-426C22.7,0
17784,RP11-426C22.8,0
17785,RP11-426L16.3,0
17786,RP11-426L16.9,0
17787,RP11-427J23.1,0
17788,RP11-427M20.1,0
17789,RP11-428C19.5,0
17790,RP11-428G2.1,0
17791,RP11-428G5.5,0
17792,RP11-428J1.4,0
17793,RP11-428J1.5,0
17794,RP11-428K3.1,0
17795,RP11-428O18.6,0
17796,RP11-429A20.4,0
17797,RP11-429E11.3,0
17798,RP11-429J17.2,0
17799,RP11-429J17.7,0
17800,RP11-429J17.8,0
17801,RP11-429O1.1,0
17802,RP11-42I10.1,0
17803,RP11-42O15.3,0
17804,RP11-430B1.2,0
17805,RP11-430C7.4,0
17806,RP11-430C7.5,0
17807,RP11-430G17.3,0
17808,RP11-430H10.1,0
17809,RP11-431K24.1,0
17810,RP11-431K24.3,0
17811,RP11-431K24.4,0
17812,RP11-431M7.3,0
17813,RP11-431N15.2,0
17814,RP11-432B6.3,0
17815,RP11-432I5.2,0
17816,RP11-432I5.4,0
17817,RP11-432I5.6,0
17818,RP11-432I5.8,0
17819,RP11-432J22.2,0
17820,RP11-432J24.2,0
17821,RP11-432J24.3,0
17822,RP11-432J24.5,0
17823,RP11-433J20.1,0
17824,RP11-433J8.1,0
17825,RP11-433J8.2,0
17826,RP11-433M22.2,0
17827,RP11-434B12.1,0
17828,RP11-434C1.2,0
17829,RP11-434D11.4,0
17830,RP11-434D12.1,0
17831,RP11-434D9.1,0
17832,RP11-434D9.2,0
17833,RP11-434E6.4,0
17834,RP11-434H14.1,0
17835,RP11-434H6.6,0
17836,RP11-434H6.7,0
17837,RP11-434I12.3,0
17838,RP11-434P11.2,0
17839,RP11-435D7.3,0
17840,RP11-435I10.4,0
17841,RP11-435J9.2,0
17842,RP11-435O5.2,0
17843,RP11-435O5.4,0
17844,RP11-435O5.5,0
17845,RP11-435O5.6,0
17846,RP11-435O5.7,0
17847,RP11-436D23.1,0
17848,RP11-436K8.1,0
17849,RP11-437B10.1,0
17850,RP11-437J19.1,0
17851,RP11-438F14.3,0
17852,RP11-438L19.1,0
17853,RP11-439A17.10,0
17854,RP11-439A17.9,0
17855,RP11-439C15.4,0
17856,RP11-439C15.5,0
17857,RP11-439E19.10,0
17858,RP11-439E19.7,0
17859,RP11-439E19.9,0
17860,RP11-439H8.4,0
17861,RP11-439K3.3,0
17862,RP11-439L18.1,0
17863,RP11-439L18.2,0
17864,RP11-439M11.1,0
17865,RP11-43A14.2,0
17866,RP11-43F13.3,0
17867,RP11-43F13.4,0
17868,RP11-440D17.3,0
17869,RP11-440D17.4,0
17870,RP11-440G5.2,0
17871,RP11-440G9.1,0
17872,RP11-440I14.2,0
17873,RP11-440I14.3,0
17874,RP11-440L14.1,0
17875,RP11-440L14.4,0
17876,RP11-441O15.3,0
17877,RP11-442H21.2,0
17878,RP11-442J21.2,0
17879,RP11-442N1.2,0
17880,B.1,0
17881,RP11-442O1.4,0
17882,RP11-443B20.1,0
17883,RP11-443B7.1,0
17884,RP11-443B7.2,0
17885,RP11-443B7.3,0
17886,RP11-443C10.1,0
17887,RP11-444D3.1,0
17888,RP11-444E17.6,0
17889,RP11-445F12.1,0
17890,RP11-445F6.2,0
17891,RP11-445K13.2,0
17892,RP11-445L6.3,0
17893,RP11-445N20.3,0
17894,RP11-445O16.3,0
17895,RP11-445O3.2,0
17896,RP11-445O3.3,0
17897,RP11-445P19.3,0
17898,RP11-446E24.4,0
17899,RP11-446F17.3,0
17900,RP11-446F3.2,0
17901,RP11-446H18.5,0
17902,RP11-446H18.6,0
17903,RP11-446J8.1,0
17904,RP11-446N19.1,0
17905,RP11-447M12.2,0
17906,RP11-448A19.1,0
17907,RP11-448G15.1,0
17908,RP11-449D8.1,0
17909,RP11-449H3.3,0
17910,RP11-449J1.1,0
17911,RP11-449J21.5,0
17912,RP11-449P1.1,0
17913,RP11-449P15.1,0
17914,RP11-449P15.2,0
17915,RP11-44B19.1,0
17916,RP11-44D19.1,0
17917,RP11-44F14.2,0
17918,RP11-44F14.8,0
17919,RP11-44F21.3,0
17920,RP11-44F21.5,0
17921,RP11-44K6.3,0
17922,RP11-44N11.2,0
17923,RP11-44N11.3,0
17924,RP11-44N12.2,0
17925,RP11-44N12.5,0
17926,RP11-44N21.1,0
17927,RP11-451B8.1,0
17928,RP11-451G4.2,0
17929,RP11-452C13.1,0
17930,RP11-452C8.1,0
17931,RP11-452F19.3,0
17932,RP11-452H21.1,0
17933,RP11-452H21.4,0
17934,RP11-452I5.2,0
17935,RP11-452K12.4,0
17936,RP11-452K12.7,0
17937,RP11-452L6.1,0
17938,RP11-452L6.5,0
17939,RP11-452L6.7,0
17940,RP11-452L6.8,0
17941,RP11-453A12.1,0
17942,RP11-454K7.3,0
17943,RP11-454P21.1,0
17944,RP11-455F5.3,0
17945,RP11-455F5.4,0
17946,RP11-455F5.5,0
17947,RP11-455F5.6,0
17948,RP11-455J20.3,0
17949,RP11-455O6.8,0
17950,RP11-455O6.9,0
17951,RP11-456D7.1,0
17952,RP11-456H18.2,0
17953,RP11-456K23.1,0
17954,RP11-456O19.2,0
17955,RP11-457I16.2,0
17956,RP11-457M11.5,0
17957,RP11-457M11.7,0
17958,RP11-458D21.1,0
17959,RP11-458F8.4,0
17960,RP11-458J1.1,0
17961,RP11-459F6.3,0
17962,RP11-459I19.1,0
17963,RP11-459J23.1,0
17964,RP11-459O16.8,0
17965,RP11-45A17.2,0
17966,RP11-45A17.4,0
17967,RP11-45M22.5,0
17968,RP11-45P15.4,0
17969,RP11-460I13.2,0
17970,RP11-461A8.5,0
17971,RP11-461F11.3,0
17972,RP11-461L13.3,0
17973,RP11-461L13.5,0
17974,RP11-461M2.2,0
17975,RP11-461O7.1,0
17976,RP11-462B18.2,0
17977,RP11-462G2.1,0
17978,RP11-462G2.2,0
17979,RP11-462G22.2,0
17980,RP11-462L8.1,0
17981,RP11-462P6.1,0
17982,RP11-463J10.2,0
17983,RP11-463J10.3,0
17984,RP11-463J7.2,0
17985,RP11-463O12.3,0
17986,RP11-463O9.9,0
17987,RP11-464C19.3,0
17988,RP11-464F9.20,0
17989,RP11-464F9.22,0
17990,RP11-465B22.8,0
17991,RP11-465L10.10,0
17992,RP11-465N4.4,0
17993,RP11-465N4.5,0
17994,RP11-466A19.1,0
17995,RP11-466A19.3,0
17996,RP11-466F5.10,0
17997,RP11-466F5.8,0
17998,RP11-466P24.6,0
17999,RP11-467C18.1,0
18000,RP11-467D6.1,0
18001,RP11-467I17.1,0
18002,RP11-467J12.4,0
18003,RP11-467L13.7,0
18004,RP11-467L19.16,0
18005,RP11-467P9.1,0
18006,RP11-468E2.10,0
18007,RP11-468E2.4,0
18008,RP11-468E2.5,0
18009,RP11-468H14.2,0
18010,RP11-468N14.13,0
18011,RP11-469A15.2,0
18012,RP11-469H8.6,0
18013,RP11-46A10.5,0
18014,RP11-46C24.3,0
18015,RP11-46C24.7,0
18016,RP11-46D6.1,0
18017,RP11-46F15.2,0
18018,RP11-46H11.12,0
18019,RP11-46H11.3,0
18020,RP11-46J23.1,0
18021,RP11-46O21.2,0
18022,RP11-470M17.2,0
18023,RP11-470P21.2,0
18024,RP11-471B22.3,0
18025,RP11-471M2.3,0
18026,RP11-472G21.2,0
18027,RP11-472M19.2,0
18028,RP11-472N13.2,0
18029,RP11-472N13.3,0
18030,RP11-473C18.3,0
18031,RP11-473E2.4,0
18032,RP11-473I1.5,0
18033,RP11-473M20.16,0
18034,RP11-473M20.5,0
18035,RP11-473M20.9,0
18036,RP11-473O4.4,0
18037,RP11-474B16.1,0
18038,RP11-474C8.8,0
18039,RP11-474D1.2,0
18040,RP11-474D1.3,0
18041,RP11-474G23.2,0
18042,RP11-474G23.3,0
18043,RP11-474I11.7,0
18044,RP11-474I16.8,0
18045,RP11-474N24.6,0
18046,RP11-474O21.5,0
18047,RP11-474P2.2,0
18048,RP11-474P2.4,0
18049,RP11-474P2.6,0
18050,RP11-475E11.9,0
18051,RP11-475I24.3,0
18052,RP11-475O6.1,0
18053,RP11-476B1.1,0
18054,RP11-476D10.1,0
18055,RP11-476H16.1,0
18056,RP11-476K15.1,0
18057,RP11-476M19.2,0
18058,RP11-477D19.2,0
18059,RP11-477J21.6,0
18060,RP11-477N3.1,0
18061,RP11-478J18.2,0
18062,RP11-478K15.6,0
18063,RP11-479G22.8,0
18064,RP11-479O16.1,0
18065,RP11-479O9.4,0
18066,RP11-47A8.5,0
18067,RP11-47I22.1,0
18068,RP11-47I22.2,0
18069,RP11-47J17.2,0
18070,RP11-47L3.1,0
18071,RP11-47P18.1,0
18072,RP11-47P18.2,0
18073,RP11-480A16.1,0
18074,RP11-480C16.1,0
18075,RP11-480C22.1,0
18076,RP11-480D4.1,0
18077,RP11-480D4.6,0
18078,RP11-480I12.10,0
18079,RP11-481J2.3,0
18080,RP11-481J2.4,0
18081,RP11-482D24.2,0
18082,RP11-482D24.3,0
18083,RP11-482E14.1,0
18084,RP11-482M8.3,0
18085,RP11-483A20.3,0
18086,RP11-483F11.7,0
18087,RP11-483H20.4,0
18088,RP11-483I13.5,0
18089,RP11-483L5.1,0
18090,RP11-483P21.2,0
18091,RP11-484D2.2,0
18092,RP11-484K9.4,0
18093,RP11-484O2.1,0
18094,RP11-485G7.5,0
18095,RP11-485G7.6,0
18096,RP11-486A14.2,0
18097,RP11-486G15.2,0
18098,RP11-486I11.2,0
18099,RP11-486L19.2,0
18100,RP11-486M23.1,0
18101,RP11-486O12.2,0
18102,RP11-486O13.2,0
18103,RP11-488C13.5,0
18104,RP11-488L18.10,0
18105,RP11-488L18.8,0
18106,RP11-489E7.4,0
18107,RP11-489O18.1,0
18108,RP11-48B3.3,0
18109,RP11-48B3.4,0
18110,RP11-48B3.5,0
18111,RP11-48G14.1,0
18112,RP11-48G14.2,0
18113,RP11-48G14.3,0
18114,RP11-490B18.5,0
18115,RP11-490B18.6,0
18116,RP11-490G2.2,0
18117,RP11-490M8.1,0
18118,RP11-490O6.2,0
18119,RP11-491F9.1,0
18120,RP11-491H19.1,0
18121,RP11-492E3.2,0
18122,RP11-492E3.51,0
18123,RP11-492I21.1,0
18124,RP11-493E12.1,0
18125,RP11-493L12.3,0
18126,RP11-493L12.4,0
18127,RP11-493L12.5,0
18128,RP11-493L12.7,0
18129,RP11-494H4.3,0
18130,RP11-494O16.4,0
18131,RP11-495K9.3,0
18132,RP11-495K9.6,0
18133,RP11-495P10.1,0
18134,RP11-495P10.3,0
18135,RP11-495P10.6,0
18136,RP11-496D24.2,0
18137,RP11-496H1.2,0
18138,RP11-496I9.1,0
18139,RP11-497E19.1,0
18140,RP11-497E19.2,0
18141,RP11-497G19.1,0
18142,RP11-497G19.2,0
18143,RP11-497H16.9,0
18144,RP11-497H17.1,0
18145,RP11-498B4.5,0
18146,RP11-498C9.13,0
18147,RP11-498C9.15,0
18148,RP11-498C9.16,0
18149,RP11-498C9.17,0
18150,RP11-498C9.2,0
18151,RP11-498C9.3,0
18152,RP11-498M15.1,0
18153,RP11-498P14.5,0
18154,RP11-499E18.1,0
18155,RP11-499F3.2,0
18156,RP11-499O7.7,0
18157,RP11-499P20.2,0
18158,RP11-49I11.1,0
18159,RP11-49I4.3,0
18160,RP11-49K24.8,0
18161,RP11-4B16.3,0
18162,RP11-4B16.4,0
18163,RP11-4L24.3,0
18164,RP11-500B12.1,0
18165,RP11-500C11.3,0
18166,RP11-500G10.5,0
18167,RP11-500G22.4,0
18168,RP11-500G22.5,0
18169,RP11-501C14.5,0
18170,RP11-501J20.5,0
18171,RP11-502H18.2,0
18172,RP11-502I4.3,0
18173,RP11-503C24.2,0
18174,RP11-503C24.4,0
18175,RP11-503E24.2,0
18176,RP11-503L19.1,0
18177,RP11-503P10.1,0
18178,RP11-504A18.1,0
18179,RP11-504P24.9,0
18180,RP11-505E24.2,0
18181,RP11-505K9.1,0
18182,RP11-505K9.4,0
18183,RP11-505P4.6,0
18184,RP11-505P4.7,0
18185,RP11-506F3.1,0
18186,RP11-506H20.1,0
18187,RP11-506H21.5,0
18188,RP11-506K6.4,0
18189,RP11-506M12.1,0
18190,RP11-506M13.3,0
18191,RP11-506O24.1,0
18192,RP11-507B12.2,0
18193,RP11-507K2.2,0
18194,RP11-507K2.3,0
18195,RP11-508N22.12,0
18196,RP11-508N22.13,0
18197,RP11-509J21.2,0
18198,RP11-509J21.4,0
18199,RP11-50B3.4,0
18200,RP11-50C13.1,0
18201,RP11-50D16.4,0
18202,RP11-50D9.3,0
18203,RP11-50I19.2,0
18204,RP11-510C10.3,0
18205,RP11-510J16.5,0
18206,RP11-510M2.2,0
18207,RP11-511B23.1,0
18208,RP11-511B23.2,0
18209,RP11-511P7.5,0
18210,RP11-513D5.5,0
18211,RP11-513G11.4,0
18212,RP11-513H8.1,0
18213,RP11-513M16.7,0
18214,RP11-513M16.8,0
18215,RP11-513N24.1,0
18216,RP11-513O17.3,0
18217,RP11-514D23.3,0
18218,RP11-514F8.2,0
18219,RP11-514O12.4,0
18220,RP11-514P8.6,0
18221,RP11-514P8.7,0
18222,RP11-515O17.2,0
18223,RP11-515O17.3,0
18224,RP11-517A5.5,0
18225,RP11-517A5.7,0
18226,RP11-517B11.4,0
18227,RP11-517C16.2,0
18228,RP11-517I3.1,0
18229,RP11-517P14.2,0
18230,RP11-518L10.5,0
18231,RP11-519G16.3,0
18232,RP11-519G16.5,0
18233,RP11-519M16.1,0
18234,RP11-51J9.5,0
18235,RP11-51J9.6,0
18236,RP11-520A21.1,0
18237,RP11-521B24.3,0
18238,RP11-521B24.5,0
18239,RP11-521C20.2,0
18240,RP11-521C20.5,0
18241,RP11-521D12.1,0
18242,RP11-521D12.5,0
18243,RP11-521O16.1,0
18244,RP11-521O16.2,0
18245,RP11-522B15.3,0
18246,RP11-522I20.3,0
18247,RP11-523H20.3,0
18248,RP11-523H24.3,0
18249,RP11-523L20.1,0
18250,RP11-524C21.2,0
18251,A.3,0
18252,RP11-524F11.2,0
18253,RP11-524H19.2,0
18254,RP11-524N5.1,0
18255,RP11-524O1.4,0
18256,RP11-525A16.4,0
18257,RP11-525K10.3,0
18258,RP11-526A4.1,0
18259,RP11-526F3.1,0
18260,RP11-526I2.5,0
18261,RP11-527D7.1,0
18262,RP11-527F13.1,0
18263,RP11-527J8.1,0
18264,RP11-527L4.2,0
18265,RP11-528A4.2,0
18266,RP11-528G1.2,0
18267,RP11-528I4.2,0
18268,RP11-529E10.7,0
18269,RP11-529G21.2,0
18270,RP11-529K1.4,0
18271,RP11-530C5.1,0
18272,RP11-530C5.2,0
18273,RP11-531A24.3,0
18274,RP11-531A24.5,0
18275,RP11-531F16.4,0
18276,RP11-532E4.2,0
18277,RP11-532F12.5,0
18278,RP11-532F6.3,0
18279,RP11-532F6.4,0
18280,RP11-532F6.5,0
18281,RP11-532L16.3,0
18282,RP11-532M24.1,0
18283,RP11-533E19.5,0
18284,RP11-533E19.7,0
18285,RP11-534C12.1,0
18286,RP11-534L20.5,0
18287,RP11-535A19.2,0
18288,RP11-535A5.1,0
18289,RP11-535M15.1,0
18290,RP11-536C5.7,0
18291,RP11-536G4.2,0
18292,RP11-536I6.2,0
18293,RP11-536K7.3,0
18294,RP11-536K7.5,0
18295,RP11-536O18.1,0
18296,RP11-537H15.3,0
18297,RP11-538D16.2,0
18298,RP11-538D16.3,0
18299,RP11-538I12.3,0
18300,RP11-538P18.2,0
18301,RP11-539E17.5,0
18302,RP11-539G18.3,0
18303,RP11-539I5.1,0
18304,RP11-539L10.2,0
18305,RP11-539L10.3,0
18306,RP11-53B2.3,0
18307,RP11-53B2.4,0
18308,RP11-53B5.1,0
18309,RP11-53I6.3,0
18310,RP11-53I6.4,0
18311,RP11-53M11.3,0
18312,RP11-53O19.1,0
18313,RP11-53O19.3,0
18314,RP11-540A21.2,0
18315,RP11-540K16.1,0
18316,RP11-540O11.1,0
18317,RP11-540O11.4,0
18318,RP11-540O11.6,0
18319,RP11-540O11.7,0
18320,RP11-541P9.3,0
18321,RP11-542B15.1,0
18322,RP11-542C16.2,0
18323,RP11-542G1.1,0
18324,RP11-542K23.7,0
18325,RP11-542M13.2,0
18326,RP11-542M13.3,0
18327,RP11-543C4.1,0
18328,RP11-543D10.2,0
18329,RP11-544A12.4,0
18330,RP11-544A12.8,0
18331,RP11-544D21.2,0
18332,RP11-544I20.2,0
18333,B.4,0
18334,RP11-544M22.8,0
18335,RP11-545D19.1,0
18336,RP11-545E17.3,0
18337,RP11-545I5.3,0
18338,RP11-545M17.1,0
18339,RP11-546B15.1,0
18340,RP11-546J1.1,0
18341,RP11-546K22.1,0
18342,RP11-546K22.3,0
18343,RP11-546M21.6,0
18344,RP11-547C5.1,0
18345,RP11-547D23.1,0
18346,RP11-547D24.1,0
18347,RP11-547D24.3,0
18348,RP11-548H3.1,0
18349,RP11-548P2.2,0
18350,RP11-549B18.1,0
18351,RP11-549L6.3,0
18352,RP11-54A4.2,0
18353,RP11-54A9.1,0
18354,RP11-54C4.3,0
18355,RP11-54G14.1,0
18356,RP11-54H7.4,0
18357,RP11-54O7.1,0
18358,RP11-54O7.11,0
18359,RP11-54O7.17,0
18360,RP11-54O7.18,0
18361,RP11-54O7.2,0
18362,RP11-54O7.3,0
18363,RP11-550A5.2,0
18364,RP11-550P17.5,0
18365,RP11-551L14.4,0
18366,RP11-552D4.1,0
18367,RP11-552D8.1,0
18368,RP11-552E20.1,0
18369,RP11-552F3.10,0
18370,RP11-552F3.9,0
18371,RP11-553A10.1,0
18372,RP11-553A21.3,0
18373,RP11-553K8.2,0
18374,RP11-553K8.5,0
18375,RP11-553L6.2,0
18376,RP11-553L6.5,0
18377,RP11-553P9.2,0
18378,RP11-554A11.7,0
18379,RP11-554A11.9,0
18380,RP11-554D13.1,0
18381,RP11-554D14.8,0
18382,RP11-554D15.1,0
18383,RP11-554D15.3,0
18384,RP11-554E23.2,0
18385,RP11-554E23.4,0
18386,RP11-554F20.1,0
18387,RP11-554I8.2,0
18388,RP11-554J4.1,0
18389,RP11-554L12.1,0
18390,RP11-555G19.1,0
18391,RP11-556E13.1,0
18392,RP11-556I14.1,0
18393,RP11-556N4.1,0
18394,RP11-557C18.4,0
18395,RP11-557H15.3,0
18396,RP11-557H15.4,0
18397,RP11-557L19.1,0
18398,RP11-557N21.1,0
18399,RP11-559M23.1,0
18400,RP11-55K13.1,0
18401,RP11-560I19.1,0
18402,RP11-560J1.2,0
18403,RP11-561B11.2,0
18404,RP11-561B11.3,0
18405,RP11-561B11.6,0
18406,RP11-561I11.3,0
18407,RP11-561O23.5,0
18408,RP11-561O23.8,0
18409,RP11-561P12.5,0
18410,RP11-563D10.1,0
18411,RP11-563J2.2,0
18412,RP11-563J2.3,0
18413,RP11-563K23.1,0
18414,RP11-563N4.1,0
18415,RP11-565A3.2,0
18416,RP11-566H8.3,0
18417,RP11-566K11.5,0
18418,RP11-567C2.1,0
18419,RP11-567G11.1,0
18420,RP11-567J20.2,0
18421,RP11-567J20.3,0
18422,RP11-567M16.6,0
18423,RP11-567N4.3,0
18424,RP11-568A7.2,0
18425,RP11-568A7.3,0
18426,RP11-568J23.4,0
18427,RP11-568N6.1,0
18428,RP11-569A11.1,0
18429,RP11-569G13.3,0
18430,RP11-56B16.4,0
18431,RP11-56D16.8,0
18432,RP11-56G10.2,0
18433,RP11-571E6.3,0
18434,RP11-571I18.4,0
18435,RP11-571I18.5,0
18436,RP11-571L19.8,0
18437,RP11-571M6.17,0
18438,RP11-571M6.18,0
18439,RP11-571M6.7,0
18440,RP11-572B2.1,0
18441,RP11-572C15.5,0
18442,RP11-572C21.1,0
18443,RP11-572M11.4,0
18444,RP11-572O17.1,0
18445,RP11-572O6.1,0
18446,RP11-573D15.2,0
18447,RP11-573D15.8,0
18448,RP11-573D15.9,0
18449,RP11-573G6.10,0
18450,RP11-573G6.6,0
18451,RP11-573G6.8,0
18452,RP11-573G6.9,0
18453,RP11-574F21.2,0
18454,RP11-574F21.3,0
18455,RP11-574K11.29,0
18456,RP11-574K11.31,0
18457,RP11-574K11.5,0
18458,RP11-574O7.1,0
18459,RP11-575F12.1,0
18460,RP11-575F12.2,0
18461,RP11-575F12.3,0
18462,RP11-575H3.1,0
18463,RP11-575I8.1,0
18464,RP11-575L7.4,0
18465,RP11-575L7.8,0
18466,RP11-576D8.4,0
18467,RP11-576I22.2,0
18468,RP11-576N17.5,0
18469,RP11-578F21.6,0
18470,RP11-579D7.4,0
18471,RP11-57A1.1,0
18472,RP11-57A19.2,0
18473,RP11-57C13.3,0
18474,RP11-57C13.6,0
18475,RP11-57G10.8,0
18476,RP11-57H12.3,0
18477,RP11-57H14.2,0
18478,RP11-580I16.2,0
18479,RP11-582E3.6,0
18480,RP11-582J16.4,0
18481,RP11-582J16.5,0
18482,RP11-583F2.2,0
18483,RP11-583F2.5,0
18484,RP11-584P21.2,0
18485,RP11-585P4.5,0
18486,RP11-586D19.1,0
18487,RP11-586D19.2,0
18488,RP11-586K2.1,0
18489,RP11-587P21.2,0
18490,RP11-588G21.2,0
18491,RP11-588H23.3,0
18492,RP11-589B3.6,0
18493,RP11-589C21.5,0
18494,RP11-589C21.6,0
18495,RP11-589M4.1,0
18496,RP11-589P10.5,0
18497,RP11-58C22.2,0
18498,RP11-58G13.1,0
18499,RP11-58K22.5,0
18500,RP11-593F23.1,0
18501,RP11-595B24.2,0
18502,RP11-596C23.2,0
18503,RP11-596C23.6,0
18504,RP11-596D21.1,0
18505,RP11-597D13.8,0
18506,RP11-597D13.9,0
18507,RP11-597M12.2,0
18508,RP11-598F7.3,0
18509,RP11-598F7.4,0
18510,RP11-598F7.5,0
18511,RP11-598F7.6,0
18512,RP11-599B13.3,0
18513,RP11-599B13.7,0
18514,RP11-59C5.3,0
18515,B.2.1,0
18516,RP11-59H7.4,0
18517,RP11-59N23.1,0
18518,RP11-59N23.3,0
18519,RP11-5C23.1,0
18520,RP11-5C23.2,0
18521,RP11-600F24.7,0
18522,RP11-602N24.3,0
18523,RP11-603J24.14,0
18524,RP11-603J24.17,0
18525,RP11-603J24.21,0
18526,RP11-603J24.4,0
18527,RP11-603J24.5,0
18528,RP11-605B16.1,0
18529,RP11-607P23.1,0
18530,RP11-608O21.1,0
18531,RP11-609N14.1,0
18532,RP11-60A24.3,0
18533,RP11-60A8.1,0
18534,RP11-60I3.4,0
18535,RP11-60L3.1,0
18536,RP11-60L3.6,0
18537,RP11-610P16.1,0
18538,RP11-611O2.1,0
18539,RP11-611O2.5,0
18540,RP11-612A1.1,0
18541,RP11-613D13.5,0
18542,RP11-613D13.8,0
18543,RP11-615I2.2,0
18544,RP11-615I2.6,0
18545,RP11-616M22.1,0
18546,RP11-616M22.11,0
18547,RP11-616M22.3,0
18548,RP11-616M22.7,0
18549,RP11-617F23.1,0
18550,RP11-618K13.2,0
18551,RP11-618L22.1,0
18552,RP11-619A14.3,0
18553,RP11-61A14.1,0
18554,RP11-61A14.4,0
18555,RP11-61E11.1,0
18556,RP11-61E11.2,0
18557,RP11-61F12.1,0
18558,RP11-61G19.1,0
18559,RP11-61G19.2,0
18560,RP11-61I13.3,0
18561,RP11-61J19.2,0
18562,RP11-61J19.3,0
18563,RP11-61J19.5,0
18564,RP11-61K9.2,0
18565,RP11-61K9.3,0
18566,RP11-61L14.6,0
18567,RP11-61L19.2,0
18568,RP11-61O1.1,0
18569,RP11-61O1.2,0
18570,RP11-61O11.1,0
18571,RP11-620J15.2,0
18572,RP11-620J15.3,0
18573,RP11-620J15.4,0
18574,RP11-621L6.3,0
18575,RP11-622C24.2,0
18576,RP11-624C23.1,0
18577,RP11-624D11.2,0
18578,RP11-624L4.1,0
18579,RP11-624L4.2,0
18580,RP11-624M8.1,0
18581,RP11-625L16.3,0
18582,RP11-626G11.1,0
18583,RP11-626G11.3,0
18584,RP11-626G11.4,0
18585,RP11-626G11.5,0
18586,RP11-626G11.6,0
18587,RP11-626H12.2,0
18588,RP11-626K17.3,0
18589,RP11-626P14.1,0
18590,RP11-626P14.2,0
18591,RP11-627G18.4,0
18592,RP11-629B11.5,0
18593,RP11-629G13.1,0
18594,RP11-629O1.2,0
18595,RP11-62C7.2,0
18596,RP11-62F24.2,0
18597,RP11-62H20.1,0
18598,RP11-62I21.1,0
18599,RP11-62J1.4,0
18600,RP11-630C16.2,0
18601,RP11-631N16.2,0
18602,RP11-631N16.4,0
18603,RP11-632L2.2,0
18604,RP11-634B7.4,0
18605,RP11-634H22.1,0
18606,RP11-635L1.3,0
18607,RP11-635N19.1,0
18608,RP11-635O16.2,0
18609,RP11-637A17.2,0
18610,RP11-637O19.2,0
18611,RP11-638I2.4,0
18612,RP11-638I2.6,0
18613,RP11-639B1.1,0
18614,RP11-63A1.1,0
18615,RP11-63A11.1,0
18616,RP11-63A2.2,0
18617,RP11-63B13.1,0
18618,RP11-63E9.1,0
18619,RP11-63G10.3,0
18620,RP11-63K6.7,0
18621,RP11-63L7.5,0
18622,RP11-63M22.2,0
18623,RP11-63N8.3,0
18624,RP11-640L9.1,0
18625,RP11-640N11.2,0
18626,RP11-642C5.1,0
18627,RP11-643C9.2,0
18628,RP11-643M14.1,0
18629,RP11-644F5.10,0
18630,RP11-644F5.11,0
18631,RP11-644F5.16,0
18632,RP11-644K8.1,0
18633,RP11-644N4.1,0
18634,RP11-645C24.5,0
18635,RP11-646E18.4,0
18636,RP11-646I6.5,0
18637,RP11-646I6.6,0
18638,RP11-647K16.1,0
18639,RP11-647P12.1,0
18640,RP11-649A18.12,0
18641,RP11-649E7.5,0
18642,RP11-649G15.2,0
18643,RP11-64B16.3,0
18644,RP11-64C12.8,0
18645,RP11-64P14.7,0
18646,RP11-650K20.3,0
18647,RP11-650L12.1,0
18648,RP11-650P15.1,0
18649,RP11-651L5.3,0
18650,RP11-651P23.5,0
18651,RP11-653J6.1,0
18652,RP11-654D12.2,0
18653,RP11-654D12.3,0
18654,RP11-655C2.3,0
18655,RP11-655M14.13,0
18656,RP11-656D10.3,0
18657,RP11-656E20.5,0
18658,RP11-658F2.8,0
18659,RP11-659E9.2,0
18660,RP11-65B7.2,0
18661,RP11-65D17.1,0
18662,RP11-65I12.1,0
18663,RP11-65J21.1,0
18664,RP11-65J21.4,0
18665,RP11-65J3.14,0
18666,RP11-65J3.2,0
18667,RP11-65J3.3,0
18668,RP11-65L3.2,0
18669,RP11-65L3.4,0
18670,RP11-65M17.3,0
18671,RP11-65N13.8,0
18672,RP11-660L16.2,0
18673,RP11-660M5.1,0
18674,RP11-661A12.12,0
18675,RP11-661A12.4,0
18676,RP11-661A12.5,0
18677,RP11-661A12.7,0
18678,RP11-661A12.9,0
18679,RP11-661D19.3,0
18680,RP11-662B19.2,0
18681,RP11-662G23.1,0
18682,RP11-662I13.2,0
18683,RP11-662J14.2,0
18684,RP11-663N22.1,0
18685,RP11-663P9.1,0
18686,RP11-664D1.1,0
18687,RP11-665C16.5,0
18688,RP11-665C16.6,0
18689,RP11-665G4.1,0
18690,RP11-665J16.1,0
18691,RP11-666A20.4,0
18692,RP11-666A8.8,0
18693,RP11-666O2.2,0
18694,RP11-667K14.3,0
18695,RP11-667K14.4,0
18696,RP11-667M19.2,0
18697,RP11-669C19.1,0
18698,RP11-669E14.6,0
18699,RP11-669M16.1,0
18700,RP11-66A2.2,0
18701,RP11-66B24.1,0
18702,RP11-66B24.2,0
18703,RP11-66B24.4,0
18704,RP11-66B24.9,0
18705,RP11-66D17.3,0
18706,RP11-66H6.3,0
18707,RP11-66N11.8,0
18708,RP11-66N24.3,0
18709,RP11-66N24.6,0
18710,RP11-670E13.6,0
18711,RP11-671P2.1,0
18712,RP11-672A2.5,0
18713,RP11-672A2.6,0
18714,RP11-672L10.6,0
18715,RP11-673E1.1,0
18716,RP11-673P17.4,0
18717,RP11-674P19.2,0
18718,RP11-675F6.4,0
18719,RP11-676J12.4,0
18720,RP11-676J12.6,0
18721,RP11-676J12.7,0
18722,RP11-676J12.9,0
18723,RP11-676J15.1,0
18724,RP11-677I18.3,0
18725,RP11-677M14.2,0
18726,RP11-677M14.3,0
18727,RP11-677M14.7,0
18728,RP11-678G14.2,0
18729,RP11-678G14.3,0
18730,RP11-678G14.4,0
18731,RP11-679B17.2,0
18732,RP11-679B19.1,0
18733,RP11-679C8.2,0
18734,RP11-67L2.2,0
18735,RP11-67L3.4,0
18736,RP11-67L3.5,0
18737,RP11-680A11.5,0
18738,RP11-680C21.1,0
18739,RP11-680F20.10,0
18740,RP11-680F20.4,0
18741,RP11-680F20.6,0
18742,RP11-680F20.9,0
18743,RP11-680F8.1,0
18744,RP11-680F8.3,0
18745,RP11-680G24.6,0
18746,RP11-680N20.1,0
18747,RP11-684B21.1,0
18748,RP11-685M7.3,0
18749,RP11-685N10.1,0
18750,RP11-686D22.4,0
18751,RP11-686D22.5,0
18752,RP11-686F15.2,0
18753,RP11-686G8.2,0
18754,RP11-686G8.5,0
18755,RP11-686O6.1,0
18756,RP11-686O6.2,0
18757,RP11-687D19.1,0
18758,RP11-687F6.5,0
18759,RP11-688I9.4,0
18760,RP11-689B22.2,0
18761,RP11-689C9.1,0
18762,RP11-689K5.3,0
18763,RP11-689P11.2,0
18764,RP11-68I3.5,0
18765,RP11-68L18.1,0
18766,RP11-690P14.4,0
18767,RP11-692C24.1,0
18768,RP11-692D12.1,0
18769,RP11-693J15.5,0
18770,RP11-693J15.6,0
18771,RP11-696F12.1,0
18772,RP11-696N14.1,0
18773,RP11-697E2.11,0
18774,RP11-697E2.12,0
18775,RP11-697E2.6,0
18776,RP11-697E22.1,0
18777,RP11-697E22.2,0
18778,RP11-697M17.2,0
18779,RP11-699A5.2,0
18780,RP11-699L21.1,0
18781,RP11-69C13.1,0
18782,RP11-69E11.4,0
18783,RP11-69G7.1,0
18784,RP11-69I8.3,0
18785,RP11-69L16.4,0
18786,RP11-6D1.3,0
18787,RP11-6F2.5,0
18788,RP11-6I2.3,0
18789,RP11-6J21.2,0
18790,RP11-6N17.2,0
18791,RP11-6N17.6,0
18792,RP11-6O2.2,0
18793,RP11-6O2.3,0
18794,RP11-6O2.4,0
18795,RP11-700H6.1,0
18796,RP11-700H6.2,0
18797,RP11-700J17.1,0
18798,RP11-700J17.2,0
18799,RP11-701H16.4,0
18800,RP11-701H24.9,0
18801,RP11-701I24.3,0
18802,RP11-701P16.2,0
18803,RP11-702B10.2,0
18804,RP11-702F3.1,0
18805,RP11-702F3.3,0
18806,RP11-702F3.4,0
18807,RP11-702H23.6,0
18808,RP11-703G6.1,0
18809,RP11-703H8.7,0
18810,RP11-704J17.5,0
18811,RP11-704M14.1,0
18812,RP11-705C15.4,0
18813,RP11-705O1.8,0
18814,RP11-705O24.1,0
18815,RP11-706C16.7,0
18816,RP11-706O15.1,0
18817,RP11-706O15.3,0
18818,RP11-706O15.5,0
18819,RP11-706P11.2,0
18820,RP11-707A18.1,0
18821,RP11-707G14.1,0
18822,RP11-707G18.1,0
18823,RP11-707M3.3,0
18824,RP11-707P17.2,0
18825,RP11-708J19.1,0
18826,RP11-709D24.5,0
18827,RP11-70C1.1,0
18828,RP11-70C1.3,0
18829,RP11-70D24.2,0
18830,RP11-70D24.3,0
18831,RP11-70D24.4,0
18832,RP11-70F11.8,0
18833,RP11-70L8.4,0
18834,RP11-70P17.1,0
18835,RP11-710C12.1,0
18836,RP11-710F7.3,0
18837,RP11-711C17.2,0
18838,RP11-712B9.2,0
18839,RP11-712L6.5,0
18840,RP11-713D19.1,0
18841,RP11-713M15.1,0
18842,RP11-713M15.2,0
18843,RP11-713N11.4,0
18844,RP11-713N11.5,0
18845,RP11-713N11.6,0
18846,RP11-713P17.3,0
18847,RP11-713P17.4,0
18848,RP11-713P17.5,0
18849,RP11-714G18.1,0
18850,RP11-714L20.1,0
18851,RP11-715J22.2,0
18852,RP11-715J22.3,0
18853,RP11-715J22.4,0
18854,RP11-716O23.1,0
18855,RP11-716O23.2,0
18856,RP11-717F1.2,0
18857,RP11-718G2.5,0
18858,RP11-71E19.1,0
18859,RP11-71G12.1,0
18860,RP11-71L14.4,0
18861,RP11-71N10.1,0
18862,RP11-720L2.4,0
18863,RP11-722E23.2,0
18864,RP11-722G7.1,0
18865,RP11-723D22.3,0
18866,RP11-723O4.6,0
18867,RP11-723O4.9,0
18868,RP11-724N1.1,0
18869,RP11-725P16.2,0
18870,RP11-727A23.10,0
18871,RP11-727F15.11,0
18872,RP11-727F15.12,0
18873,RP11-727F15.9,0
18874,RP11-728E14.2,0
18875,RP11-728F11.4,0
18876,RP11-728G15.1,0
18877,RP11-728K20.3,0
18878,RP11-729L2.2,0
18879,RP11-72I8.1,0
18880,RP11-72L22.1,0
18881,RP11-72M17.1,0
18882,RP11-730K11.1,0
18883,RP11-731C17.2,0
18884,RP11-731D1.4,0
18885,RP11-731F5.2,0
18886,RP11-732A19.9,0
18887,RP11-732A21.2,0
18888,RP11-732A21.3,0
18889,RP11-733O18.1,0
18890,RP11-734I18.1,0
18891,RP11-734K2.4,0
18892,RP11-734K21.3,0
18893,RP11-734K21.5,0
18894,RP11-736K20.5,0
18895,RP11-736K20.6,0
18896,RP11-736N17.10,0
18897,RP11-736N17.11,0
18898,RP11-737O24.1,0
18899,RP11-737O24.2,0
18900,RP11-737O24.5,0
18901,RP11-738E22.3,0
18902,RP11-739B23.1,0
18903,RP11-739L10.1,0
18904,RP11-739N20.2,0
18905,RP11-73E17.2,0
18906,RP11-73G16.2,0
18907,RP11-73K9.2,0
18908,RP11-73K9.3,0
18909,RP11-73M14.1,0
18910,RP11-73M18.10,0
18911,RP11-73M7.1,0
18912,RP11-73M7.6,0
18913,RP11-73M7.9,0
18914,RP11-73O6.3,0
18915,RP11-742B18.1,0
18916,RP11-744K17.1,0
18917,RP11-745C15.2,0
18918,RP11-745L13.2,0
18919,RP11-745O10.4,0
18920,RP11-746M1.1,0
18921,RP11-747D18.1,0
18922,RP11-74E22.3,0
18923,RP11-74E22.5,0
18924,RP11-74E22.8,0
18925,RP11-74J13.8,0
18926,RP11-750H9.5,0
18927,RP11-752G15.8,0
18928,RP11-753C18.12,0
18929,RP11-753D20.3,0
18930,RP11-753H16.3,0
18931,RP11-753H16.5,0
18932,RP11-754B17.1,0
18933,RP11-755B10.3,0
18934,RP11-755F10.1,0
18935,RP11-755F10.3,0
18936,RP11-755O11.2,0
18937,RP11-756G20.1,0
18938,RP11-756H6.1,0
18939,RP11-756P10.2,0
18940,RP11-757A13.1,0
18941,RP11-757F18.5,0
18942,RP11-757G1.6,0
18943,RP11-758H9.2,0
18944,RP11-758M4.4,0
18945,RP11-758N13.1,0
18946,RP11-758P17.2,0
18947,RP11-758P17.3,0
18948,RP11-75C10.9,0
18949,RP11-75L1.1,0
18950,RP11-760D2.5,0
18951,RP11-760H22.2,0
18952,RP11-761N21.1,0
18953,RP11-762E8.1,0
18954,RP11-762H8.1,0
18955,RP11-762H8.5,0
18956,RP11-762I7.5,0
18957,RP11-763B22.4,0
18958,RP11-764E7.1,0
18959,RP11-764K9.1,0
18960,RP11-766F14.2,0
18961,RP11-766N7.3,0
18962,RP11-766N7.4,0
18963,RP11-767C1.2,0
18964,RP11-767I20.1,0
18965,RP11-767N15.1,0
18966,RP11-768B22.2,0
18967,RP11-768F21.1,0
18968,RP11-768G7.2,0
18969,RP11-768G7.3,0
18970,RP11-769N22.1,0
18971,RP11-769O8.1,0
18972,RP11-769O8.2,0
18973,RP11-76C10.5,0
18974,RP11-76E12.1,0
18975,RP11-76E17.3,0
18976,RP11-76E17.4,0
18977,RP11-76I14.1,0
18978,RP11-76I23.7,0
18979,RP11-76P2.4,0
18980,RP11-770E5.1,0
18981,RP11-770E5.3,0
18982,RP11-770G2.5,0
18983,RP11-770J1.3,0
18984,RP11-770J1.4,0
18985,RP11-770J1.5,0
18986,RP11-771K4.1,0
18987,RP11-773H22.4,0
18988,RP11-774D14.1,0
18989,RP11-774O3.1,0
18990,RP11-774O3.3,0
18991,RP11-775C24.3,0
18992,RP11-775C24.5,0
18993,RP11-775D22.2,0
18994,RP11-776H12.1,0
18995,RP11-778D9.12,0
18996,RP11-778D9.13,0
18997,RP11-779O18.1,0
18998,RP11-779O18.3,0
18999,RP11-77A13.1,0
19000,RP11-77E14.2,0
19001,RP11-77H9.2,0
19002,RP11-77H9.5,0
19003,RP11-77H9.6,0
19004,RP11-77H9.8,0
19005,RP11-77I22.2,0
19006,RP11-77K12.1,0
19007,RP11-77K12.10,0
19008,RP11-77K12.4,0
19009,RP11-77K12.9,0
19010,RP11-77P16.4,0
19011,RP11-77P6.2,0
19012,RP11-781A6.1,0
19013,RP11-783K16.13,0
19014,RP11-783K16.14,0
19015,RP11-783K16.5,0
19016,RP11-785D18.3,0
19017,RP11-787I22.3,0
19018,RP11-789C1.2,0
19019,RP11-789C17.3,0
19020,RP11-789C2.1,0
19021,RP11-78A19.3,0
19022,RP11-78A19.4,0
19023,RP11-78B10.2,0
19024,RP11-78C3.1,0
19025,RP11-78F17.1,0
19026,RP11-78I14.1,0
19027,RP11-78L16.1,0
19028,RP11-78O7.2,0
19029,RP11-78O7.3,0
19030,RP11-791G15.2,0
19031,RP11-791M20.1,0
19032,RP11-792A8.4,0
19033,RP11-793H13.10,0
19034,RP11-793H13.11,0
19035,RP11-793H13.3,0
19036,RP11-794G24.1,0
19037,RP11-794M8.1,0
19038,RP11-794P6.6,0
19039,RP11-795F19.1,0
19040,RP11-795F19.5,0
19041,RP11-796E10.1,0
19042,RP11-796E2.4,0
19043,RP11-797D24.3,0
19044,RP11-797D24.4,0
19045,RP11-797H7.5,0
19046,RP11-798G7.5,0
19047,RP11-798G7.6,0
19048,RP11-798G7.8,0
19049,RP11-798K23.4,0
19050,RP11-798K3.3,0
19051,RP11-798L4.1,0
19052,RP11-798M19.3,0
19053,RP11-798M19.6,0
19054,RP11-799B12.4,0
19055,RP11-799D4.4,0
19056,RP11-799M12.2,0
19057,RP11-79H23.3,0
19058,RP11-79M19.2,0
19059,RP11-79N23.1,0
19060,RP11-79O8.1,0
19061,RP11-79P5.9,0
19062,RP11-7F17.3,0
19063,RP11-7F17.5,0
19064,RP11-7F17.8,0
19065,RP11-7F18.2,0
19066,RP11-7I15.4,0
19067,RP11-7K24.3,0
19068,RP11-7O11.3,0
19069,RP11-800A18.4,0
19070,RP11-800A3.2,0
19071,RP11-800A3.3,0
19072,RP11-800A3.7,0
19073,RP11-801F7.1,0
19074,RP11-802D6.1,0
19075,RP11-802E16.3,0
19076,RP11-802O23.3,0
19077,RP11-803B1.8,0
19078,RP11-803D5.4,0
19079,RP11-803P9.1,0
19080,RP11-804A23.4,0
19081,RP11-804H8.6,0
19082,RP11-804N13.1,0
19083,RP11-805I24.1,0
19084,RP11-805J14.5,0
19085,RP11-806H10.4,0
19086,RP11-806L2.2,0
19087,RP11-807H22.7,0
19088,RP11-809C18.3,0
19089,RP11-809N8.2,0
19090,RP11-809N8.4,0
19091,RP11-809O17.1,0
19092,RP11-80A15.1,0
19093,RP11-80H18.3,0
19094,RP11-80H5.2,0
19095,RP11-80H5.7,0
19096,RP11-80H5.9,0
19097,RP11-810M2.2,0
19098,RP11-810P12.5,0
19099,RP11-814H16.2,0
19100,RP11-815J21.2,0
19101,RP11-815J21.3,0
19102,RP11-815J21.4,0
19103,RP11-815M8.1,0
19104,RP11-816J6.3,0
19105,RP11-816J8.1,0
19106,RP11-817G13.3,0
19107,RP11-817J15.2,0
19108,RP11-817J15.3,0
19109,RP11-817O13.8,0
19110,RP11-817O13.9,0
19111,RP11-818F20.5,0
19112,RP11-818O24.3,0
19113,RP11-819C21.1,0
19114,RP11-81A22.5,0
19115,RP11-81H14.1,0
19116,RP11-81H14.2,0
19117,RP11-81H3.2,0
19118,RP11-81K13.1,0
19119,RP11-820I16.1,0
19120,RP11-820I16.4,0
19121,RP11-823E8.3,0
19122,RP11-826N14.1,0
19123,RP11-826N14.2,0
19124,RP11-829H16.3,0
19125,RP11-82L7.4,0
19126,RP11-82O19.1,0
19127,RP11-830F9.5,0
19128,RP11-830F9.6,0
19129,RP11-831F12.2,0
19130,RP11-834C11.11,0
19131,RP11-834C11.15,0
19132,RP11-834C11.4,0
19133,RP11-834C11.5,0
19134,RP11-834C11.6,0
19135,RP11-834C11.8,0
19136,RP11-835E18.5,0
19137,RP11-837J7.4,0
19138,RP11-839D17.3,0
19139,RP11-839G9.1,0
19140,RP11-83A24.2,0
19141,RP11-83B20.1,0
19142,RP11-83C7.1,0
19143,RP11-83J21.3,0
19144,RP11-83M16.5,0
19145,RP11-83N9.5,0
19146,RP11-83N9.6,0
19147,RP11-840I19.3,0
19148,RP11-840I19.5,0
19149,RP11-841O20.2,0
19150,RP11-843A23.1,0
19151,RP11-844P9.2,0
19152,RP11-845M18.6,0
19153,RP11-847H18.2,0
19154,RP11-848P1.3,0
19155,RP11-848P1.4,0
19156,RP11-848P1.5,0
19157,RP11-849F2.5,0
19158,RP11-849F2.7,0
19159,RP11-849F2.9,0
19160,RP11-849H4.2,0
19161,RP11-849H4.4,0
19162,RP11-849I19.1,0
19163,RP11-849N15.4,0
19164,RP11-84A14.5,0
19165,RP11-84A19.2,0
19166,RP11-84A19.4,0
19167,RP11-84C10.2,0
19168,RP11-84C10.4,0
19169,RP11-84C13.2,0
19170,RP11-84D1.2,0
19171,RP11-84G21.1,0
19172,RP11-850A17.1,0
19173,RP11-855A2.3,0
19174,RP11-856M7.6,0
19175,RP11-857B24.1,0
19176,RP11-857B24.5,0
19177,RP11-85A1.3,0
19178,RP11-85B7.2,0
19179,RP11-85B7.4,0
19180,RP11-85B7.5,0
19181,RP11-85G18.6,0
19182,RP11-85G21.3,0
19183,RP11-85L21.4,0
19184,RP11-85O21.2,0
19185,RP11-861E21.2,0
19186,RP11-862L9.3,0
19187,RP11-863H1.1,0
19188,RP11-863K10.7,0
19189,RP11-863P13.2,0
19190,RP11-863P13.3,0
19191,RP11-863P13.4,0
19192,RP11-864I4.1,0
19193,RP11-864I4.4,0
19194,RP11-864J10.4,0
19195,RP11-865I6.2,0
19196,RP11-866E20.3,0
19197,RP11-867G2.5,0
19198,RP11-867G2.6,0
19199,RP11-867G23.2,0
19200,RP11-867G23.3,0
19201,RP11-867G23.4,0
19202,RP11-867G23.8,0
19203,RP11-86H7.6,0
19204,RP11-872D17.4,0
19205,RP11-872J21.3,0
19206,RP11-873E20.1,0
19207,RP11-874J12.4,0
19208,RP11-875O11.1,0
19209,RP11-875O11.2,0
19210,RP11-876N24.2,0
19211,RP11-876N24.4,0
19212,RP11-879F14.1,0
19213,RP11-879F14.2,0
19214,RP11-879F14.3,0
19215,RP11-87C12.2,0
19216,RP11-87C12.5,0
19217,RP11-87F15.2,0
19218,RP11-87P13.2,0
19219,RP11-881M11.1,0
19220,RP11-881M11.2,0
19221,RP11-881M11.4,0
19222,RP11-883A18.3,0
19223,RP11-883G14.1,0
19224,RP11-884K10.7,0
19225,RP11-885N19.6,0
19226,RP11-886D15.1,0
19227,RP11-886P16.6,0
19228,RP11-887P2.5,0
19229,RP11-88E10.4,0
19230,RP11-88E10.5,0
19231,RP11-88G17.6,0
19232,RP11-88H9.2,0
19233,RP11-88I18.2,0
19234,RP11-88I21.2,0
19235,RP11-890B15.2,0
19236,RP11-890B15.3,0
19237,RP11-893F2.13,0
19238,RP11-893F2.6,0
19239,RP11-894J14.5,0
19240,RP11-894P9.1,0
19241,RP11-894P9.2,0
19242,RP11-895M11.3,0
19243,RP11-89C3.3,0
19244,RP11-89C3.4,0
19245,RP11-89F3.2,0
19246,RP11-89G4.1,0
19247,RP11-89H19.1,0
19248,RP11-89H19.2,0
19249,RP11-89K10.1,0
19250,RP11-89K11.1,0
19251,RP11-89K21.1,0
19252,RP11-89M22.3,0
19253,RP11-89N17.1,0
19254,RP11-8L8.2,0
19255,RP11-900F13.2,0
19256,RP11-900F13.3,0
19257,RP11-902B17.1,0
19258,RP11-903H12.3,0
19259,RP11-905K4.1,0
19260,RP11-90B22.1,0
19261,RP11-90B9.3,0
19262,RP11-90C4.1,0
19263,RP11-90D11.1,0
19264,RP11-90D4.3,0
19265,RP11-90E5.1,0
19266,RP11-90J7.2,0
19267,RP11-90K6.1,0
19268,RP11-90L1.8,0
19269,RP11-90L20.2,0
19270,RP11-90M2.5,0
19271,RP11-90P13.1,0
19272,RP11-90P5.2,0
19273,RP11-91G21.1,0
19274,RP11-91I20.3,0
19275,RP11-91I20.4,0
19276,RP11-91I8.3,0
19277,RP11-91J19.3,0
19278,RP11-91J3.3,0
19279,RP11-91K8.5,0
19280,RP11-91P24.6,0
19281,RP11-91P24.7,0
19282,RP11-923I11.3,0
19283,RP11-923I11.4,0
19284,RP11-923I11.6,0
19285,RP11-923I11.8,0
19286,RP11-927P21.1,0
19287,RP11-927P21.2,0
19288,RP11-92A5.2,0
19289,RP11-92C4.3,0
19290,RP11-92C4.6,0
19291,RP11-92F20.1,0
19292,RP11-92G12.3,0
19293,RP11-92K15.1,0
19294,RP11-92K15.3,0
19295,RP11-930O11.3,0
19296,RP11-930P14.1,0
19297,RP11-930P14.2,0
19298,RP11-932O9.10,0
19299,RP11-932O9.7,0
19300,RP11-932O9.8,0
19301,RP11-932O9.9,0
19302,RP11-936I5.1,0
19303,RP11-93B14.10,0
19304,RP11-93B14.6,0
19305,RP11-93B14.9,0
19306,RP11-93G5.1,0
19307,RP11-93H12.4,0
19308,RP11-93H24.3,0
19309,RP11-93I21.3,0
19310,RP11-93K22.13,0
19311,RP11-93K22.6,0
19312,RP11-944C7.1,0
19313,RP11-946L16.1,0
19314,RP11-946L16.2,0
19315,RP11-94A24.1,0
19316,RP11-94B19.3,0
19317,RP11-94C24.13,0
19318,RP11-94C24.6,0
19319,RP11-94H18.1,0
19320,RP11-94I2.4,0
19321,RP11-950C14.3,0
19322,RP11-950C14.7,0
19323,RP11-953B20.1,0
19324,RP11-955H22.1,0
19325,RP11-956E11.1,0
19326,RP11-95D17.1,0
19327,RP11-95H3.1,0
19328,RP11-95I16.2,0
19329,RP11-95I16.4,0
19330,RP11-95I16.6,0
19331,RP11-95L3.2,0
19332,RP11-95M15.1,0
19333,RP11-95O2.1,0
19334,RP11-95O2.5,0
19335,RP11-95P13.1,0
19336,RP11-95P2.3,0
19337,RP11-960L18.1,0
19338,RP11-961A15.1,0
19339,RP11-961A15.3,0
19340,RP11-963H4.3,0
19341,RP11-964E11.2,0
19342,RP11-967K21.1,0
19343,RP11-968A15.2,0
19344,RP11-96B2.1,0
19345,RP11-96B5.3,0
19346,RP11-96C21.1,0
19347,RP11-96C21.2,0
19348,RP11-96C23.15,0
19349,RP11-96D1.11,0
19350,RP11-96D1.5,0
19351,RP11-96H19.1,0
19352,RP11-96K19.2,0
19353,RP11-96K19.5,0
19354,RP11-96L14.7,0
19355,RP11-96L14.8,0
19356,RP11-96O20.5,0
19357,RP11-973H7.1,0
19358,RP11-973H7.4,0
19359,RP11-976B16.1,0
19360,RP11-977B10.2,0
19361,RP11-977G19.10,0
19362,RP11-977G19.11,0
19363,RP11-977G19.12,0
19364,RP11-977G19.14,0
19365,RP11-97C16.1,0
19366,RP11-981G7.6,0
19367,RP11-981P6.1,0
19368,RP11-982M15.2,0
19369,RP11-982M15.5,0
19370,RP11-982M15.6,0
19371,RP11-982M15.7,0
19372,RP11-982M15.8,0
19373,RP11-983P16.4,0
19374,RP11-989E6.10,0
19375,RP11-98D18.15,0
19376,RP11-98D18.16,0
19377,RP11-98D18.17,0
19378,RP11-98D18.3,0
19379,RP11-98D18.9,0
19380,RP11-98F14.11,0
19381,RP11-98G7.1,0
19382,RP11-98I9.4,0
19383,RP11-993B23.3,0
19384,RP11-996F15.2,0
19385,RP11-996F15.4,0
19386,RP11-996F15.5,0
19387,RP11-996F15.6,0
19388,RP11-998D10.4,0
19389,RP11-99A1.2,0
19390,RP11-99E15.2,0
19391,A.2,0
19392,RP11-99L13.2,0
19393,RP11-9G1.3,0
19394,RP11-9M16.2,0
19395,RP11-9N20.3,0
19396,RP13-1016M1.2,0
19397,RP13-1032I1.11,0
19398,RP13-1032I1.7,0
19399,RP13-1039J1.2,0
19400,RP13-1039J1.3,0
19401,RP13-126P21.2,0
19402,RP13-131K19.1,0
19403,RP13-131K19.2,0
19404,RP13-131K19.6,0
19405,RP13-131K19.7,0
19406,RP13-143G15.4,0
19407,RP13-16H11.2,0
19408,RP13-16H11.5,0
19409,RP13-188A5.1,0
19410,RP13-192B19.2,0
19411,RP13-20L14.1,0
19412,RP13-20L14.6,0
19413,RP13-216E22.4,0
19414,RP13-228J13.1,0
19415,RP13-270P17.1,0
19416,RP13-270P17.2,0
19417,RP13-270P17.3,0
19418,RP13-297E16.4,0
19419,RP13-297E16.5,0
19420,RP13-314C10.5,0
19421,RP13-317D12.3,0
19422,RP13-39P12.3,0
19423,RP13-401N8.1,0
19424,RP13-436F16.1,0
19425,RP13-463N16.6,0
19426,RP13-465B17.4,0
19427,RP13-465B17.5,0
19428,RP13-467H17.1,0
19429,RP13-476E20.1,0
19430,RP13-494C23.1,0
19431,RP13-49I15.6,0
19432,RP13-512J5.1,0
19433,RP13-514E23.2,0
19434,RP13-516M14.1,0
19435,RP13-516M14.10,0
19436,RP13-516M14.2,0
19437,RP13-516M14.4,0
19438,RP13-539J13.1,0
19439,RP13-554M15.8,0
19440,RP13-578N3.3,0
19441,RP13-580B18.4,0
19442,RP13-580F15.2,0
19443,RP13-582O9.7,0
19444,RP13-616I3.1,0
19445,RP13-631K18.2,0
19446,RP13-631K18.3,0
19447,RP13-631K18.5,0
19448,RP13-638C3.3,0
19449,RP13-638C3.4,0
19450,RP13-650J16.1,0
19451,RP13-714J12.1,0
19452,RP13-726E6.2,0
19453,RP13-735L24.1,0
19454,RP13-753N3.1,0
19455,RP13-753N3.3,0
19456,RP13-766D20.2,0
19457,RP13-766D20.4,0
19458,RP13-820C6.4,0
19459,RP13-870H17.3,0
19460,RP13-884E18.2,0
19461,RP13-884E18.4,0
19462,RP13-890H12.2,0
19463,RP13-895J2.3,0
19464,RP13-941N14.1,0
19465,RP13-942N8.1,0
19466,RP13-977J11.2,0
19467,RP13-991F5.2,0
19468,RP1L1,0
19469,RP2,0
19470,RP3-323A16.1,0
19471,RP3-323N1.2,0
19472,RP3-323P24.3,0
19473,RP3-324O17.8,0
19474,RP3-325F22.3,0
19475,RP3-325F22.5,0
19476,RP3-329A5.8,0
19477,RP3-329E20.2,0
19478,RP3-330M21.5,0
19479,RP3-332B22.1,0
19480,RP3-333A15.1,0
19481,RP3-333B15.5,0
19482,RP3-333H23.8,0
19483,RP3-335E1.1,0
19484,RP3-337H4.10,0
19485,RP3-337H4.8,0
19486,RP3-337H4.9,0
19487,RP3-337O18.9,0
19488,RP3-340B19.3,0
19489,RP3-340N1.2,0
19490,RP3-355L5.5,0
19491,RP3-369A17.4,0
19492,RP3-380B8.4,0
19493,RP3-382I10.7,0
19494,RP3-388E23.2,0
19495,RP3-388M5.9,0
19496,RP3-388N13.5,0
19497,RP3-393E18.2,0
19498,RP3-394A18.1,0
19499,RP3-395M20.12,0
19500,RP3-395M20.2,0
19501,RP3-395M20.8,0
19502,RP3-395M20.9,0
19503,RP3-399L15.3,0
19504,RP3-400B16.1,0
19505,RP3-402G11.25,0
19506,RP3-402G11.26,0
19507,RP3-402G11.27,0
19508,RP3-402G11.28,0
19509,RP3-403A15.5,0
19510,RP3-403L10.3,0
19511,RP3-406A7.7,0
19512,RP3-406P24.3,0
19513,RP3-406P24.4,0
19514,RP3-412A9.16,0
19515,RP3-413H6.2,0
19516,RP3-414A15.10,0
19517,RP3-416H24.1,0
19518,RP3-422G23.4,0
19519,RP3-428L16.1,0
19520,RP3-428L16.2,0
19521,RP3-429O6.1,0
19522,RP3-430A16.1,0
19523,RP3-431P23.5,0
19524,RP3-438O4.4,0
19525,RP3-439F8.1,0
19526,RP3-441A12.1,0
19527,RP3-446N13.5,0
19528,RP3-448I9.2,0
19529,RP3-449M8.6,0
19530,RP3-449M8.9,0
19531,RP3-453C12.15,0
19532,RP3-455J7.4,0
19533,RP3-460G2.2,0
19534,RP3-461F17.3,0
19535,RP3-461P17.10,0
19536,RP3-462D8.2,0
19537,RP3-465N24.6,0
19538,RP3-466P17.1,0
19539,RP3-466P17.2,0
19540,RP3-467D16.3,0
19541,RP3-467K16.2,0
19542,RP3-467K16.4,0
19543,RP3-467K16.7,0
19544,RP3-467L1.4,0
19545,RP3-467N11.1,0
19546,RP3-468B3.2,0
19547,RP3-470B24.5,0
19548,RP3-471C18.2,0
19549,RP3-471M13.2,0
19550,RP3-473B4.3,0
19551,RP3-473L9.4,0
19552,RP3-475N16.1,0
19553,RP3-477O4.14,0
19554,RP3-483K16.4,0
19555,RP3-486I3.7,0
19556,RP3-492J12.2,0
19557,RP3-496C20.1,0
19558,RP3-500L14.2,0
19559,RP3-508I15.10,0
19560,RP3-508I15.14,0
19561,RP3-508I15.18,0
19562,RP3-508I15.19,0
19563,RP3-508I15.21,0
19564,RP3-508I15.22,0
19565,RP3-508I15.9,0
19566,RP3-510D11.2,0
19567,RP3-510H16.3,0
19568,RP3-510O8.4,0
19569,RP3-512B11.3,0
19570,RP3-522D1.1,0
19571,RP3-522J7.6,0
19572,RP3-522J7.7,0
19573,RP3-522P13.3,0
19574,RP3-523C21.2,0
19575,RP3-523E19.2,0
19576,RP3-525N10.2,0
19577,RP4-530I15.6,0
19578,RP4-530I15.9,0
19579,RP4-533D7.4,0
19580,RP4-533D7.5,0
19581,RP4-534N18.2,0
19582,RP4-535B20.1,0
19583,RP4-535B20.4,0
19584,RP4-536B24.3,0
19585,RP4-536B24.4,0
19586,RP4-537K23.4,0
19587,RP4-539M6.14,0
19588,RP4-539M6.19,0
19589,RP4-539M6.22,0
19590,RP4-541C22.5,0
19591,RP4-545C24.1,0
19592,RP4-545L17.11,0
19593,RP4-548D19.3,0
19594,RP4-549L20.3,0
19595,RP4-550H1.5,0
19596,RP4-550H1.7,0
19597,RP4-555D20.2,0
19598,RP4-555D20.3,0
19599,RP4-555D20.4,0
19600,RP4-561L24.3,0
19601,RP4-563E14.1,0
19602,RP4-564F22.5,0
19603,RP4-564F22.7,0
19604,RP4-565E6.1,0
19605,RP4-568C11.4,0
19606,RP4-569M23.2,0
19607,RP4-569M23.5,0
19608,RP4-575N6.4,0
19609,RP4-576H24.4,0
19610,RP4-583P15.10,0
19611,RP4-583P15.15,0
19612,RP4-583P15.16,0
19613,RP4-585I14.3,0
19614,RP4-591C20.9,0
19615,RP4-591N18.2,0
19616,RP4-593C16.4,0
19617,RP4-593H12.1,0
19618,RP4-594A5.1,0
19619,RP4-594I10.3,0
19620,RP4-597N16.4,0
19621,RP4-598P13.1,0
19622,RP4-604G5.1,0
19623,RP4-604K5.3,0
19624,RP4-605O3.4,0
19625,RP4-607I7.1,0
19626,RP4-612B15.3,0
19627,RP4-613A2.1,0
19628,RP4-613B23.1,0
19629,RP4-614O4.11,0
19630,RP4-616B8.4,0
19631,RP4-616B8.5,0
19632,RP4-621B10.8,0
19633,RP4-621F18.2,0
19634,RP4-621N11.2,0
19635,RP4-622L5.7,0
19636,RP4-625H18.2,0
19637,RP4-630C24.3,0
19638,RP4-633I8.4,0
19639,A.1,0
19640,RP4-635E18.6,0
19641,RP4-635E18.7,0
19642,RP4-635E18.8,0
19643,RP4-635E18.9,0
19644,RP4-639F20.1,0
19645,RP4-639J15.3,0
19646,RP4-640H8.2,0
19647,RP4-644L1.2,0
19648,RP4-646N3.1,0
19649,RP4-647C14.2,0
19650,RP4-647C14.3,0
19651,RP4-651E10.4,0
19652,RP4-655C5.4,0
19653,RP4-655J12.4,0
19654,RP4-657D16.3,0
19655,RP4-657D16.6,0
19656,RP4-660H19.1,0
19657,RP4-665J23.1,0
19658,RP4-665J23.2,0
19659,RP4-666F24.3,0
19660,RP4-668E10.4,0
19661,RP4-668J24.2,0
19662,RP4-669H2.1,0
19663,RP4-669L17.10,0
19664,RP4-669L17.2,0
19665,RP4-669P10.16,0
19666,RP4-669P10.20,0
19667,RP4-671G15.2,0
19668,RP4-671O14.7,0
19669,RP4-673M15.1,0
19670,RP4-677H15.4,0
19671,RP4-680D5.2,0
19672,RP4-680D5.8,0
19673,RP4-680D5.9,0
19674,RP4-681N20.5,0
19675,RP4-684O24.5,0
19676,RP4-686C3.7,0
19677,RP4-694B14.8,0
19678,RP4-697K14.15,0
19679,RP4-704D23.1,0
19680,RP4-706G24.1,0
19681,RP4-710M16.2,0
19682,RP4-712E4.1,0
19683,RP4-718J7.4,0
19684,RP4-724E16.2,0
19685,RP4-728D4.2,0
19686,RP4-734G22.3,0
19687,RP4-735C1.4,0
19688,RP4-736H5.3,0
19689,RP4-736L20.3,0
19690,RP4-737E23.2,0
19691,RP4-738P15.1,0
19692,RP4-742C19.13,0
19693,RP4-742J24.2,0
19694,RP4-745E8.2,0
19695,RP4-745K6.1,0
19696,RP4-751H13.7,0
19697,RP4-752I6.1,0
19698,RP4-753F5.1,0
19699,RP4-756G23.5,0
19700,RP4-758J18.10,0
19701,RP4-758J18.13,0
19702,RP4-761J14.10,0
19703,RP4-761J14.8,0
19704,RP4-764O22.1,0
19705,RP4-765H13.1,0
19706,RP4-769N13.7,0
19707,RP4-771M4.3,0
19708,RP4-773N10.4,0
19709,RP4-777L9.2,0
19710,RP4-777O23.1,0
19711,RP4-777O23.3,0
19712,RP4-778K6.3,0
19713,RP4-781K5.2,0
19714,RP4-781K5.4,0
19715,RP4-781K5.6,0
19716,RP4-781K5.7,0
19717,RP4-784A16.5,0
19718,RP4-789D17.5,0
19719,RP4-790G17.7,0
19720,RP4-791M13.3,0
19721,RP4-794H19.1,0
19722,RP4-794I6.4,0
19723,RP4-798A10.2,0
19724,RP4-798A10.4,0
19725,RP4-798A10.7,0
19726,RP4-799D16.1,0
19727,RP4-799P18.2,0
19728,RP4-800J21.3,0
19729,RP4-803J11.2,0
19730,RP4-806M20.3,0
19731,RP4-806M20.4,0
19732,RP4-809F18.1,0
19733,RP4-809F18.2,0
19734,RP4-813D12.3,0
19735,RP4-816N1.6,0
19736,RP4-816N1.7,0
19737,RP5-1007H16.1,0
19738,RP5-1009E24.8,0
19739,RP5-1011O1.3,0
19740,RP5-1017F8.2,0
19741,RP5-1021I20.1,0
19742,RP5-1021I20.2,0
19743,RP5-1021I20.4,0
19744,RP5-1021I20.5,0
19745,RP5-1021I20.8,0
19746,RP5-1022P6.4,0
19747,RP5-1022P6.5,0
19748,RP5-1024G6.2,0
19749,RP5-1024G6.5,0
19750,RP5-1024G6.7,0
19751,RP5-1024N4.4,0
19752,RP5-1025A1.3,0
19753,RP5-1028K7.2,0
19754,RP5-1029F21.3,0
19755,RP5-1031D4.2,0
19756,RP5-1033H22.2,0
19757,RP5-1039K5.16,0
19758,RP5-1039K5.17,0
19759,RP5-1042K10.10,0
19760,RP5-1042K10.13,0
19761,RP5-1050D4.2,0
19762,RP5-1050D4.3,0
19763,RP5-1050D4.4,0
19764,RP5-1050D4.5,0
19765,RP5-1050E16.1,0
19766,RP5-1050E16.2,0
19767,RP5-1052I5.2,0
19768,RP5-1056H1.2,0
19769,RP5-1056L3.1,0
19770,RP5-1057I20.4,0
19771,RP5-1057J7.7,0
19772,RP5-1061H20.4,0
19773,RP5-1063M23.2,0
19774,RP5-1065J22.8,0
19775,RP5-1065P14.2,0
19776,RP5-1066H13.4,0
19777,RP5-1068E13.7,0
19778,RP5-1068H6.6,0
19779,RP5-1070A16.1,0
19780,RP5-1071N3.1,0
19781,RP5-1073O3.2,0
19782,RP5-1074L1.1,0
19783,RP5-1074L1.4,0
19784,RP5-1085F17.3,0
19785,RP5-1086K13.1,0
19786,RP5-1091N2.9,0
19787,RP5-1092A11.5,0
19788,RP5-1092A3.4,0
19789,RP5-1092A3.5,0
19790,RP5-1096D14.3,0
19791,RP5-1096D14.6,0
19792,RP5-1096J16.1,0
19793,RP5-1098D14.1,0
19794,RP5-1101C3.1,0
19795,RP5-1102E8.3,0
19796,RP5-1103B4.3,0
19797,RP5-1103G7.10,0
19798,RP5-1107A17.3,0
19799,RP5-1112D6.4,0
19800,RP5-1112D6.7,0
19801,RP5-1112D6.8,0
19802,RP5-1113E3.3,0
19803,RP5-1115A15.1,0
19804,RP5-1116H23.3,0
19805,RP5-1116H23.4,0
19806,RP5-1116H23.5,0
19807,RP5-1120P11.1,0
19808,RP5-1120P11.3,0
19809,RP5-1121A15.3,0
19810,RP5-1121E10.2,0
19811,RP5-1125A11.6,0
19812,RP5-1125A11.7,0
19813,RP5-1125N11.2,0
19814,RP5-1136G13.2,0
19815,RP5-1139B12.2,0
19816,RP5-1139B12.3,0
19817,RP5-1139I1.2,0
19818,RP5-1142A6.10,0
19819,RP5-1142A6.2,0
19820,RP5-1142A6.8,0
19821,RP5-1142A6.9,0
19822,RP5-1148A21.3,0
19823,RP5-1157M23.2,0
19824,RP5-1158E12.3,0
19825,RP5-1159O4.1,0
19826,RP5-1159O4.2,0
19827,RP5-1170K4.7,0
19828,RP5-1171I10.5,0
19829,RP5-1172A22.1,0
19830,RP5-1172N10.2,0
19831,RP5-1180E21.4,0
19832,RP5-1180E21.5,0
19833,RP5-1184F4.7,0
19834,RP5-1185I7.1,0
19835,RP5-1186N24.3,0
19836,RP5-1186P10.2,0
19837,RP5-1187M17.10,0
19838,RP5-1195D24.1,0
19839,RP5-1198O20.4,0
19840,RP5-821D11.7,0
19841,RP5-823G15.5,0
19842,RP5-826L7.1,0
19843,RP5-827C21.4,0
19844,RP5-827C21.6,0
19845,RP5-828H9.1,0
19846,RP5-832C2.5,0
19847,RP5-837J1.4,0
19848,RP5-837J1.6,0
19849,RP5-839B4.8,0
19850,RP5-842K16.1,0
19851,RP5-851M4.1,0
19852,RP5-855D21.1,0
19853,RP5-855D21.2,0
19854,RP5-855F16.1,0
19855,RP5-857K21.2,0
19856,RP5-857K21.4,0
19857,RP5-858B6.3,0
19858,RP5-858L17.1,0
19859,RP5-862P8.2,0
19860,RP5-864K19.4,0
19861,RP5-864K19.6,0
19862,RP5-875H18.9,0
19863,RP5-875O13.1,0
19864,RP5-881L22.5,0
19865,RP5-881P19.7,0
19866,RP5-882C2.2,0
19867,RP5-884C9.2,0
19868,RP5-884G6.2,0
19869,RP5-884M6.1,0
19870,RP5-887A10.1,0
19871,RP5-888M10.2,0
19872,RP5-890E16.5,0
19873,RP5-892K4.1,0
19874,RP5-894A10.2,0
19875,RP5-894D12.4,0
19876,RP5-894D12.5,0
19877,RP5-899B16.1,0
19878,RP5-899E9.1,0
19879,RP5-901A4.1,0
19880,RP5-902P8.10,0
19881,RP5-902P8.12,0
19882,RP5-903G2.2,0
19883,RP5-906A24.2,0
19884,RP5-906C1.1,0
19885,RP5-907D15.4,0
19886,RP5-908M14.5,0
19887,RP5-908M14.9,0
19888,RP5-921G16.1,0
19889,RP5-921G16.2,0
19890,RP5-930J4.2,0
19891,RP5-933K21.3,0
19892,RP5-940F7.2,0
19893,RP5-940J5.3,0
19894,RP5-940J5.6,0
19895,RP5-940J5.8,0
19896,RP5-940J5.9,0
19897,RP5-942I16.1,0
19898,RP5-943J3.2,0
19899,RP5-956O18.2,0
19900,RP5-956O18.3,0
19901,RP5-963E22.6,0
19902,RP5-965G21.3,0
19903,RP5-965G21.4,0
19904,RP5-965G21.5,0
19905,RP5-965G21.6,0
19906,RP5-966M1.6,0
19907,RP5-967N21.11,0
19908,RP5-968D22.1,0
19909,RP5-968P14.2,0
19910,RP5-971N18.3,0
19911,RP5-978I12.1,0
19912,RP5-981O7.2,0
19913,RP5-983L19.2,0
19914,RP5-984P4.6,0
19915,RP5-991G20.1,0
19916,RP5-991G20.2,0
19917,RP5-991G20.6,0
19918,RP5-994D16.3,0
19919,RP5-997D24.3,0
19920,RP5-998N21.4,0
19921,RP5-999L4.2,0
19922,RP6-109B7.2,0
19923,RP6-109B7.4,0
19924,RP6-109B7.5,0
19925,RP6-114E22.1,0
19926,RP6-159A1.3,0
19927,RP6-159A1.4,0
19928,RP6-191P20.4,0
19929,RP6-201G10.2,0
19930,RP6-65G23.3,0
19931,RP6-65G23.5,0
19932,RP6-74O6.2,0
19933,RP6-74O6.6,0
19934,RP6-91H8.2,0
19935,RP6-91H8.3,0
19936,RP6-99M1.3,0
19937,RP9,0
19938,RPA1,0
19939,RPA2,0
19940,RPA3,0
19941,RPA4,0
19942,RPAIN,0
19943,RPAP1,0
19944,RPAP2,0
19945,RPAP3,0
19946,RPE,0
19947,RPEL1,0
19948,RPF1,0
19949,RPF2,0
19950,RPGR,0
19951,RPGRIP1,0
19952,RPGRIP1L,0
19953,RPH3A,0
19954,RPH3AL,0
19955,RPIA,0
19956,RPL10,1
19957,RPL10A,0
19958,RPL10L,0
19959,RPL11,1
19960,RPL12,1
19961,RPL13,0
19962,RPL13A,1
19963,RPL14,0
19964,RPL15,0
19965,RPL17,1
19966,RPL17-C18ORF32,0
19967,RPL18,0
19968,RPL18A,0
19969,RPL19,1
19970,RPL21,0
19971,RPL22,1
19972,RPL22L1,0
19973,RPL23,0
19974,RPL23A,0
19975,RPL24,0
19976,RPL26,0
19977,RPL26L1,0
19978,RPL27,0
19979,RPL27A,0
19980,RPL28,0
19981,RPL29,0
19982,RPL3,1
19983,RPL30,0
19984,RPL31,0
19985,RPL32,1
19986,RPL34,0
19987,RPL34-AS1,0
19988,RPL35,0
19989,RPL35A,0
19990,RPL36,0
19991,RPL36A,1
19992,RPL36AL,0
19993,RPL37,1
19994,RPL37A,0
19995,RPL38,1
19996,RPL39,0
19997,RPL39L,0
19998,RPL3L,0
19999,RPL4,1
20000,RPL41,0
20001,RPL5,1
20002,RPL6,1
20003,RPL7,0
20004,RPL7A,0
20005,RPL7L1,0
20006,RPL8,1
20007,RPL9,0
20008,RPLP0,1
20009,RPLP1,1
20010,RPLP2,0
20011,RPN1,0
20012,RPN2,0
20013,RPP14,0
20014,RPP21,0
20015,RPP25,0
20016,RPP25L,0
20017,RPP30,0
20018,RPP38,0
20019,RPP40,0
20020,RPPH1,0
20021,RPRD1A,0
20022,RPRD1B,0
20023,RPRD2,0
20024,RPRM,0
20025,RPRML,0
20026,RPS10,0
20027,RPS10-NUDT3,0
20028,RPS11,1
20029,RPS12,0
20030,RPS13,0
20031,RPS14,0
20032,RPS15,1
20033,RPS15A,1
20034,RPS16,1
20035,RPS17,0
20036,RPS18,0
20037,RPS19,1
20038,RPS19BP1,0
20039,RPS2,1
20040,RPS20,0
20041,RPS21,0
20042,RPS23,0
20043,RPS24,1
20044,RPS25,1
20045,RPS26,1
20046,RPS27,1
20047,RPS27A,1
20048,RPS27L,0
20049,RPS28,1
20050,RPS29,0
20051,RPS3,1
20052,RPS3A,0
20053,RPS4X,1
20054,RPS4Y1,1
20055,RPS4Y2,0
20056,RPS5,1
20057,RPS6,1
20058,RPS6KA1,1
20059,RPS6KA2,1
20060,RPS6KA3,1
20061,RPS6KA4,0
20062,RPS6KA5,0
20063,RPS6KA6,1
20064,RPS6KB1,1
20065,RPS6KB2,1
20066,RPS6KC1,0
20067,RPS6KL1,0
20068,RPS7,1
20069,RPS8,1
20070,RPS9,0
20071,RPSA,1
20072,RPTOR,1
20073,RPUSD1,0
20074,RPUSD2,0
20075,RPUSD3,0
20076,RPUSD4,0
20077,RQCD1,0
20078,RRAD,0
20079,RRAGA,0
20080,RRAGB,0
20081,RRAGC,0
20082,RRAGD,0
20083,RRAS,0
20084,RRAS2,0
20085,RRBP1,0
20086,RREB1,0
20087,RRH,0
20088,RRM1,1
20089,RRM2,1
20090,RRM2B,1
20091,RRN3,0
20092,RRNAD1,0
20093,RRP1,0
20094,RRP12,0
20095,RRP15,0
20096,RRP1B,0
20097,RRP36,0
20098,RRP7A,0
20099,RRP8,0
20100,RRP9,0
20101,RRS1,0
20102,RRS1-AS1,0
20103,RS1,0
20104,RSAD1,0
20105,RSAD2,0
20106,RSBN1,0
20107,RSBN1L,0
20108,RSF1,0
20109,RSG1,0
20110,RSL1D1,0
20111,RSL24D1,0
20112,RSPH1,0
20113,RSPH10B,0
20114,RSPH10B2,0
20115,RSPH14,0
20116,RSPH3,0
20117,RSPH4A,0
20118,RSPH9,0
20119,RSPO1,0
20120,RSPO2,0
20121,RSPO3,1
20122,RSPO4,0
20123,RSPRY1,0
20124,RSRC1,0
20125,RSRC2,0
20126,RSRP1,0
20127,RSU1,0
20128,RTBDN,0
20129,RTCA,0
20130,RTCA-AS1,0
20131,RTCB,0
20132,RTEL1,0
20133,RTEL1-TNFRSF6B,0
20134,RTF1,0
20135,RTFDC1,0
20136,RTKN,0
20137,RTKN2,0
20138,RTN1,0
20139,RTN2,0
20140,RTN3,0
20141,RTN4,1
20142,RTN4IP1,0
20143,RTN4R,0
20144,RTN4RL1,0
20145,RTN4RL2,0
20146,RTP1,0
20147,RTP2,0
20148,RTP4,0
20149,RTP5,0
20150,RTTN,0
20151,RUBCN,0
20152,RUFY1,0
20153,RUFY2,0
20154,RUFY3,0
20155,RUFY4,0
20156,RUNDC1,0
20157,RUNDC3A,0
20158,RUNDC3A-AS1,0
20159,RUNDC3B,0
20160,RUNX1,0
20161,RUNX1T1,0
20162,RUNX2,0
20163,RUNX3,0
20164,RUSC1,0
20165,RUSC1-AS1,0
20166,RUSC2,0
20167,RUVBL1,0
20168,RUVBL1-AS1,0
20169,RUVBL2,0
20170,RWDD1,0
20171,RWDD2A,0
20172,RWDD2B,0
20173,RWDD3,0
20174,RWDD4,0
20175,RXFP1,1
20176,RXFP4,0
20177,RXRA,1
20178,RXRB,0
20179,RXRG,1
20180,RYBP,0
20181,RYK,0
20182,RYR1,1
20183,RYR2,0
20184,RYR3,1
20185,S100A1,0
20186,S100A10,0
20187,S100A11,0
20188,S100A12,0
20189,S100A13,0
20190,S100A14,0
20191,S100A16,0
20192,S100A2,0
20193,S100A3,0
20194,S100A4,0
20195,S100A5,0
20196,S100A6,0
20197,S100A7,0
20198,S100A8,0
20199,S100A9,0
20200,S100B,0
20201,S100G,0
20202,S100P,0
20203,S100PBP,0
20204,S100Z,0
20205,S1PR1,1
20206,S1PR2,1
20207,S1PR3,1
20208,S1PR4,1
20209,S1PR5,1
20210,SAA1,0
20211,SAA2,0
20212,SAA4,0
20213,SAAL1,0
20214,SAC3D1,0
20215,SACM1L,0
20216,SACS,0
20217,SAE1,0
20218,SAFB,0
20219,SAFB2,0
20220,SAG,0
20221,SAGE1,0
20222,SALL1,0
20223,SALL2,0
20224,SALL3,0
20225,SALL4,0
20226,SALRNA2,0
20227,SAMD1,0
20228,SAMD10,0
20229,SAMD11,0
20230,SAMD12,0
20231,SAMD12-AS1,0
20232,SAMD13,0
20233,SAMD14,0
20234,SAMD15,0
20235,SAMD3,0
20236,SAMD4A,0
20237,SAMD4B,0
20238,SAMD5,0
20239,SAMD7,0
20240,SAMD8,0
20241,SAMD9,0
20242,SAMD9L,0
20243,SAMHD1,0
20244,SAMM50,0
20245,SAMSN1,0
20246,SAMSN1-AS1,0
20247,SAP130,0
20248,SAP18,0
20249,SAP25,0
20250,SAP30,0
20251,SAP30BP,0
20252,SAP30L,0
20253,SAP30L-AS1,0
20254,SAPCD1-AS1,0
20255,SAPCD2,0
20256,SAR1A,0
20257,SAR1B,0
20258,SARAF,0
20259,SARDH,0
20260,SARM1,0
20261,SARNP,0
20262,SARS,0
20263,SARS2,0
20264,SART1,0
20265,SART3,0
20266,SASH1,0
20267,SASH3,0
20268,SASS6,0
20269,SAT1,0
20270,SAT2,0
20271,SATB1,0
20272,SATB2,0
20273,SATB2-AS1,0
20274,SAV1,0
20275,SAXO1,0
20276,SAXO2,0
20277,SAYSD1,0
20278,SBDS,0
20279,SBF1,0
20280,SBF2,0
20281,SBF2-AS1,0
20282,SBK1,0
20283,SBNO1,0
20284,SBNO2,0
20285,SBSN,0
20286,SBSPON,0
20287,SC5D,0
20288,SCAANT1,0
20289,SCAF1,0
20290,SCAF11,0
20291,SCAF4,0
20292,SCAF8,0
20293,SCAI,0
20294,SCAMP1,0
20295,SCAMP1-AS1,0
20296,SCAMP2,0
20297,SCAMP3,0
20298,SCAMP4,0
20299,SCAMP5,0
20300,SCAND1,0
20301,SCAP,0
20302,SCAPER,0
20303,SCARA3,0
20304,SCARA5,0
20305,SCARB1,0
20306,SCARB2,0
20307,SCARF1,0
20308,SCARF2,0
20309,SCARNA2,0
20310,SCARNA9,0
20311,SCCPDH,0
20312,SCD,0
20313,SCD5,0
20314,SCEL,0
20315,SCFD1,0
20316,SCFD2,0
20317,SCG2,0
20318,SCG3,0
20319,SCG5,0
20320,SCGB1A1,0
20321,SCGB1B2P,0
20322,SCGB1D2,0
20323,SCGB2A1,0
20324,SCGB2A2,0
20325,SCGB2B2,0
20326,SCGB3A1,0
20327,SCGB3A2,0
20328,SCGN,0
20329,SCHIP1,0
20330,SCHLAP1,0
20331,SCIMP,0
20332,SCIN,0
20333,SCLT1,0
20334,SCLY,0
20335,SCMH1,0
20336,SCML1,0
20337,SCML2,0
20338,SCML4,0
20339,SCN11A,1
20340,SCN1A,1
20341,SCN1B,0
20342,SCN2A,0
20343,SCN2B,0
20344,SCN3A,1
20345,SCN3B,0
20346,SCN4A,1
20347,SCN4B,0
20348,SCN5A,0
20349,SCN7A,1
20350,SCN8A,1
20351,SCN9A,1
20352,SCNM1,0
20353,SCNN1A,1
20354,SCNN1B,1
20355,SCNN1D,0
20356,SCNN1G,1
20357,SCO1,0
20358,SCO2,0
20359,SCOC,0
20360,SCOC-AS1,0
20361,SCP2,0
20362,SCPEP1,0
20363,SCRG1,0
20364,SCRIB,0
20365,SCRN1,0
20366,SCRN2,0
20367,SCRN3,0
20368,SCRT1,0
20369,SCT,0
20370,SCTR,0
20371,SCUBE1,0
20372,SCUBE2,0
20373,SCUBE3,0
20374,SCX,0
20375,SCYL1,0
20376,SCYL2,0
20377,SCYL3,0
20378,SDAD1,0
20379,SDC1,1
20380,SDC2,0
20381,SDC3,0
20382,SDC4,1
20383,SDCBP,0
20384,SDCBP2,0
20385,SDCBP2-AS1,0
20386,SDCCAG3,0
20387,SDCCAG8,0
20388,SDE2,0
20389,SDF2,0
20390,SDF2L1,0
20391,SDF4,0
20392,SDHA,0
20393,SDHAF1,0
20394,SDHAF2,0
20395,SDHAF3,0
20396,SDHAF4,0
20397,SDHB,0
20398,SDHC,0
20399,SDHD,0
20400,SDK1,0
20401,SDK2,0
20402,SDPR,0
20403,SDR16C5,0
20404,SDR39U1,0
20405,SDR42E1,0
20406,SDR42E2,0
20407,SDS,0
20408,SDSL,0
20409,SEC11A,0
20410,SEC11C,0
20411,SEC13,0
20412,SEC14L1,0
20413,SEC14L2,0
20414,SEC14L3,0
20415,SEC14L4,0
20416,SEC14L5,0
20417,SEC14L6,0
20418,SEC16A,0
20419,SEC16B,0
20420,SEC22A,0
20421,SEC22B,0
20422,SEC22C,0
20423,SEC23A,0
20424,SEC23B,0
20425,SEC23IP,0
20426,SEC24A,0
20427,SEC24B,0
20428,SEC24B-AS1,0
20429,SEC24C,0
20430,SEC24D,0
20431,SEC31A,0
20432,SEC31B,0
20433,SEC61A1,0
20434,SEC61A2,0
20435,SEC61B,0
20436,SEC61G,0
20437,SEC62,0
20438,SEC62-AS1,0
20439,SEC63,0
20440,SECISBP2,0
20441,SECISBP2L,0
20442,SECTM1,0
20443,SEH1L,0
20444,SEL1L,0
20445,SEL1L2,0
20446,SEL1L3,0
20447,SELE,1
20448,SELENBP1,0
20449,SELK,0
20450,SELL,1
20451,SELM,0
20452,SELO,0
20453,SELP,1
20454,SELPLG,1
20455,SELT,0
20456,SELV,0
20457,SEMA3A,0
20458,SEMA3B,0
20459,SEMA3B-AS1,0
20460,SEMA3C,0
20461,SEMA3D,0
20462,SEMA3E,0
20463,SEMA3F,0
20464,SEMA3F-AS1,0
20465,SEMA3G,0
20466,SEMA4A,0
20467,SEMA4B,0
20468,SEMA4C,0
20469,SEMA4D,1
20470,SEMA4F,0
20471,SEMA4G,0
20472,SEMA5A,0
20473,SEMA5B,0
20474,SEMA6A,0
20475,SEMA6A-AS1,0
20476,SEMA6B,0
20477,SEMA6C,0
20478,SEMA6D,0
20479,SEMA7A,0
20480,SENCR,0
20481,SENP1,0
20482,SENP2,0
20483,SENP3,0
20484,SENP5,0
20485,SENP6,0
20486,SENP7,0
20487,SENP8,0
20488,SEP15,0
20489,SEPHS1,0
20490,SEPHS2,0
20491,SEPN1,0
20492,SEPP1,0
20493,SEPSECS,0
20494,SEPSECS-AS1,0
20495,SEPT1,0
20496,SEPT10,0
20497,SEPT11,0
20498,SEPT12,0
20499,SEPT14,0
20500,SEPT2,0
20501,SEPT3,0
20502,SEPT4,0
20503,SEPT4-AS1,0
20504,SEPT5,0
20505,SEPT6,0
20506,SEPT7,0
20507,SEPT7-AS1,0
20508,SEPT8,0
20509,SEPT9,0
20510,SEPW1,0
20511,SERAC1,0
20512,SERBP1,0
20513,SERF1A,0
20514,SERF1B,0
20515,SERF2,0
20516,SERGEF,0
20517,SERHL2,0
20518,SERINC1,0
20519,SERINC2,0
20520,SERINC3,0
20521,SERINC4,0
20522,SERINC5,0
20523,SERP1,0
20524,SERP2,0
20525,SERPINA1,0
20526,SERPINA11,0
20527,SERPINA3,0
20528,SERPINA4,0
20529,SERPINA5,0
20530,SERPINA6,0
20531,SERPINA9,0
20532,SERPINB1,0
20533,SERPINB10,0
20534,SERPINB11,0
20535,SERPINB13,0
20536,SERPINB2,0
20537,SERPINB3,0
20538,SERPINB4,0
20539,SERPINB5,0
20540,SERPINB6,0
20541,SERPINB7,0
20542,SERPINB8,0
20543,SERPINB9,0
20544,SERPINB9P1,0
20545,SERPINC1,1
20546,SERPIND1,0
20547,SERPINE1,1
20548,SERPINE2,0
20549,SERPINE3,0
20550,SERPINF1,0
20551,SERPINF2,0
20552,SERPING1,1
20553,SERPINH1,0
20554,SERPINI1,0
20555,SERPINI2,0
20556,SERTAD1,0
20557,SERTAD2,0
20558,SERTAD3,0
20559,SERTAD4,0
20560,SERTAD4-AS1,0
20561,SERTM1,0
20562,SESN1,0
20563,SESN2,0
20564,SESN3,0
20565,SESTD1,0
20566,SET,0
20567,SETBP1,0
20568,SETD1A,0
20569,SETD1B,0
20570,SETD2,0
20571,SETD3,0
20572,SETD4,0
20573,SETD5,0
20574,SETD6,0
20575,SETD7,0
20576,SETD9,0
20577,SETDB1,0
20578,SETDB2,0
20579,SETMAR,0
20580,SETSIP,0
20581,SETX,0
20582,SEZ6,0
20583,SEZ6L,0
20584,SEZ6L2,0
20585,SF1,0
20586,SF3A1,0
20587,SF3A2,0
20588,SF3A3,0
20589,SF3B1,0
20590,SF3B2,0
20591,SF3B3,0
20592,SF3B4,0
20593,SF3B5,0
20594,SF3B6,0
20595,SFI1,0
20596,SFMBT1,0
20597,SFMBT2,0
20598,SFN,0
20599,SFPQ,0
20600,SFR1,0
20601,SFRP1,0
20602,SFRP2,0
20603,SFRP4,0
20604,SFRP5,0
20605,SFSWAP,0
20606,SFT2D1,0
20607,SFT2D2,0
20608,SFT2D3,0
20609,SFTA1P,0
20610,SFTA2,0
20611,SFTA3,0
20612,SFTPA1,0
20613,SFTPA2,0
20614,SFTPB,0
20615,SFTPC,0
20616,SFTPD,0
20617,SFTPD-AS1,0
20618,SFXN1,0
20619,SFXN2,0
20620,SFXN3,0
20621,SFXN4,0
20622,SFXN5,0
20623,SGCA,0
20624,SGCB,0
20625,SGCD,0
20626,SGCE,0
20627,SGCG,0
20628,SGF29,0
20629,SGIP1,0
20630,SGK1,0
20631,SGK2,0
20632,SGK223,0
20633,SGK3,0
20634,SGK494,0
20635,SGMS1,0
20636,SGMS1-AS1,0
20637,SGMS2,0
20638,SGOL1,0
20639,SGOL2,0
20640,SGPL1,0
20641,SGPP1,0
20642,SGPP2,0
20643,SGSH,0
20644,SGSM1,0
20645,SGSM2,0
20646,SGSM3,0
20647,SGTA,0
20648,SGTB,0
20649,SH2B1,0
20650,SH2B2,0
20651,SH2B3,0
20652,SH2D1A,0
20653,SH2D1B,0
20654,SH2D2A,0
20655,SH2D3A,0
20656,SH2D3C,0
20657,SH2D4A,0
20658,SH2D4B,0
20659,SH2D5,0
20660,SH2D6,0
20661,SH3BGR,0
20662,SH3BGRL,0
20663,SH3BGRL2,0
20664,SH3BGRL3,0
20665,SH3BP1,0
20666,SH3BP2,0
20667,SH3BP4,0
20668,SH3BP5,0
20669,SH3BP5-AS1,0
20670,SH3BP5L,0
20671,SH3D19,0
20672,SH3D21,0
20673,SH3GL1,0
20674,SH3GL2,0
20675,SH3GL3,0
20676,SH3GLB1,0
20677,SH3GLB2,0
20678,SH3KBP1,0
20679,SH3PXD2A,0
20680,SH3PXD2A-AS1,0
20681,SH3PXD2B,0
20682,SH3RF1,0
20683,SH3RF2,0
20684,SH3RF3,0
20685,SH3RF3-AS1,0
20686,SH3TC1,0
20687,SH3TC2,0
20688,SH3YL1,0
20689,SHANK2,0
20690,SHANK2-AS1,0
20691,SHANK2-AS3,0
20692,SHANK3,0
20693,SHARPIN,0
20694,SHB,0
20695,SHBG,0
20696,SHC1,0
20697,SHC2,0
20698,SHC3,0
20699,SHC4,0
20700,SHCBP1,0
20701,SHD,0
20702,SHE,0
20703,SHF,0
20704,SHFM1,0
20705,SHH,0
20706,SHISA2,0
20707,SHISA3,0
20708,SHISA4,0
20709,SHISA5,0
20710,SHISA6,0
20711,SHISA7,0
20712,SHISA8,0
20713,SHISA9,0
20714,SHKBP1,0
20715,SHMT1,0
20716,SHMT2,0
20717,SHOC2,0
20718,SHOX2,0
20719,SHPK,0
20720,SHPRH,0
20721,SHQ1,0
20722,SHROOM1,0
20723,SHROOM2,0
20724,SHROOM3,0
20725,SHROOM4,0
20726,SHTN1,0
20727,SIAE,0
20728,SIAH1,0
20729,SIAH2,0
20730,SIAH2-AS1,0
20731,SIAH3,0
20732,SIDT1,0
20733,SIDT1-AS1,0
20734,SIDT2,0
20735,SIGIRR,0
20736,SIGLEC1,0
20737,SIGLEC10,1
20738,SIGLEC11,0
20739,SIGLEC12,0
20740,SIGLEC14,0
20741,SIGLEC15,0
20742,SIGLEC5,0
20743,SIGLEC6,0
20744,SIGLEC7,0
20745,SIGLEC8,1
20746,SIGLEC9,0
20747,SIGLECL1,0
20748,SIGMAR1,0
20749,SIK1,0
20750,SIK2,0
20751,SIK3,0
20752,SIKE1,0
20753,SIL1,0
20754,SIM1,0
20755,SIM2,0
20756,SIMC1,0
20757,SIN3A,0
20758,SIN3B,0
20759,SIPA1,0
20760,SIPA1L1,0
20761,SIPA1L2,0
20762,SIPA1L3,0
20763,SIRPA,0
20764,SIRPB1,0
20765,SIRPB2,0
20766,SIRPD,0
20767,SIRPG,0
20768,SIRPG-AS1,0
20769,SIRT1,1
20770,SIRT2,0
20771,SIRT3,0
20772,SIRT4,0
20773,SIRT5,0
20774,SIRT6,0
20775,SIRT7,0
20776,SIT1,0
20777,SIVA1,0
20778,SIX1,0
20779,SIX2,0
20780,SIX3,0
20781,SIX3-AS1,0
20782,SIX4,0
20783,SIX5,0
20784,SIX6,0
20785,SKA1,0
20786,SKA2,0
20787,SKA3,0
20788,SKAP1,0
20789,SKAP2,0
20790,SKI,0
20791,SKIDA1,0
20792,SKIL,0
20793,SKIV2L,0
20794,SKIV2L2,0
20795,SKOR1,0
20796,SKOR2,0
20797,SKP1,0
20798,SKP2,0
20799,SLA,0
20800,SLA2,0
20801,SLAIN1,0
20802,SLAIN2,0
20803,SLAMF1,0
20804,SLAMF6,0
20805,SLAMF7,1
20806,SLAMF8,0
20807,SLAMF9,0
20808,SLBP,0
20809,SLC10A1,0
20810,SLC10A2,0
20811,SLC10A3,0
20812,SLC10A4,0
20813,SLC10A5,0
20814,SLC10A7,0
20815,SLC11A1,0
20816,SLC11A2,0
20817,SLC12A1,1
20818,SLC12A2,0
20819,SLC12A3,1
20820,SLC12A4,0
20821,SLC12A5,0
20822,SLC12A6,0
20823,SLC12A7,0
20824,SLC12A8,0
20825,SLC12A9,0
20826,SLC13A2,0
20827,SLC13A3,0
20828,SLC13A4,0
20829,SLC13A5,0
20830,SLC14A1,0
20831,SLC14A2,0
20832,SLC14A2-AS1,0
20833,SLC15A1,0
20834,SLC15A2,0
20835,SLC15A3,0
20836,SLC15A4,0
20837,SLC16A1,0
20838,SLC16A1-AS1,0
20839,SLC16A10,0
20840,SLC16A11,0
20841,SLC16A12,0
20842,SLC16A12-AS1,0
20843,SLC16A13,0
20844,SLC16A14,0
20845,SLC16A2,0
20846,SLC16A3,0
20847,SLC16A4,0
20848,SLC16A5,0
20849,SLC16A6,0
20850,SLC16A7,0
20851,SLC16A8,0
20852,SLC16A9,0
20853,SLC17A3,0
20854,SLC17A5,0
20855,SLC17A7,0
20856,SLC17A8,0
20857,SLC17A9,0
20858,SLC18A1,0
20859,SLC18A2,1
20860,SLC18A3,0
20861,SLC18B1,0
20862,SLC19A1,0
20863,SLC19A2,0
20864,SLC19A3,0
20865,SLC1A1,0
20866,SLC1A2,0
20867,SLC1A3,0
20868,SLC1A4,0
20869,SLC1A5,0
20870,SLC1A6,0
20871,SLC1A7,0
20872,SLC20A1,0
20873,SLC20A2,0
20874,SLC22A1,0
20875,SLC22A10,0
20876,SLC22A11,0
20877,SLC22A14,0
20878,SLC22A15,0
20879,SLC22A16,0
20880,SLC22A17,0
20881,SLC22A18,0
20882,SLC22A18AS,0
20883,SLC22A2,0
20884,SLC22A23,0
20885,SLC22A3,0
20886,SLC22A31,0
20887,SLC22A4,0
20888,SLC22A5,0
20889,SLC22A9,0
20890,SLC23A1,0
20891,SLC23A2,0
20892,SLC23A3,0
20893,SLC24A1,0
20894,SLC24A2,0
20895,SLC24A3,0
20896,SLC24A4,0
20897,SLC24A5,0
20898,SLC25A1,0
20899,SLC25A10,0
20900,SLC25A11,0
20901,SLC25A12,0
20902,SLC25A13,0
20903,SLC25A14,0
20904,SLC25A15,0
20905,SLC25A16,0
20906,SLC25A17,0
20907,SLC25A18,0
20908,SLC25A19,0
20909,SLC25A2,0
20910,SLC25A20,0
20911,SLC25A21,0
20912,SLC25A21-AS1,0
20913,SLC25A22,0
20914,SLC25A23,0
20915,SLC25A24,0
20916,SLC25A25,0
20917,SLC25A25-AS1,0
20918,SLC25A26,0
20919,SLC25A27,0
20920,SLC25A28,0
20921,SLC25A29,0
20922,SLC25A3,0
20923,SLC25A30,0
20924,SLC25A30-AS1,0
20925,SLC25A31,0
20926,SLC25A32,0
20927,SLC25A33,0
20928,SLC25A34,0
20929,SLC25A35,0
20930,SLC25A36,0
20931,SLC25A37,0
20932,SLC25A38,0
20933,SLC25A39,0
20934,SLC25A4,0
20935,SLC25A40,0
20936,SLC25A41,0
20937,SLC25A42,0
20938,SLC25A43,0
20939,SLC25A44,0
20940,SLC25A45,0
20941,SLC25A46,0
20942,SLC25A47,0
20943,SLC25A48,0
20944,SLC25A5,0
20945,SLC25A51,0
20946,SLC25A53,0
20947,SLC25A6,0
20948,SLC26A1,0
20949,SLC26A10,0
20950,SLC26A11,0
20951,SLC26A2,0
20952,SLC26A4,0
20953,SLC26A4-AS1,0
20954,SLC26A5,0
20955,SLC26A6,0
20956,SLC26A7,0
20957,SLC26A8,0
20958,SLC26A9,0
20959,SLC27A1,0
20960,SLC27A2,0
20961,SLC27A3,0
20962,SLC27A4,0
20963,SLC27A5,0
20964,SLC27A6,0
20965,SLC28A1,0
20966,SLC28A2,0
20967,SLC28A3,0
20968,SLC29A1,1
20969,SLC29A2,0
20970,SLC29A3,0
20971,SLC29A4,0
20972,SLC2A1,0
20973,SLC2A1-AS1,0
20974,SLC2A10,0
20975,SLC2A11,0
20976,SLC2A12,0
20977,SLC2A13,0
20978,SLC2A14,0
20979,SLC2A3,0
20980,SLC2A4,0
20981,SLC2A4RG,0
20982,SLC2A5,0
20983,SLC2A6,0
20984,SLC2A8,0
20985,SLC2A9,0
20986,SLC30A1,0
20987,SLC30A10,0
20988,SLC30A2,0
20989,SLC30A3,0
20990,SLC30A4,0
20991,SLC30A5,0
20992,SLC30A6,0
20993,SLC30A7,0
20994,SLC30A8,0
20995,SLC30A9,0
20996,SLC31A1,0
20997,SLC31A2,0
20998,SLC32A1,0
20999,SLC33A1,0
21000,SLC34A1,0
21001,SLC34A2,1
21002,SLC34A3,0
21003,SLC35A1,0
21004,SLC35A2,0
21005,SLC35A3,0
21006,SLC35A4,0
21007,SLC35A5,0
21008,SLC35B1,0
21009,SLC35B2,0
21010,SLC35B3,0
21011,SLC35B4,0
21012,SLC35C1,0
21013,SLC35C2,0
21014,SLC35D1,0
21015,SLC35D2,0
21016,SLC35D3,0
21017,SLC35E1,0
21018,SLC35E2,0
21019,SLC35E2B,0
21020,SLC35E3,0
21021,SLC35E4,0
21022,SLC35F1,0
21023,SLC35F2,0
21024,SLC35F3,0
21025,SLC35F4,0
21026,SLC35F5,0
21027,SLC35F6,0
21028,SLC35G1,0
21029,SLC35G2,0
21030,SLC35G3,0
21031,SLC35G5,0
21032,SLC35G6,0
21033,SLC36A1,0
21034,SLC36A4,0
21035,SLC37A1,0
21036,SLC37A2,0
21037,SLC37A3,0
21038,SLC37A4,0
21039,SLC38A1,0
21040,SLC38A10,0
21041,SLC38A11,0
21042,SLC38A2,0
21043,SLC38A3,0
21044,SLC38A4,0
21045,SLC38A5,0
21046,SLC38A6,0
21047,SLC38A7,0
21048,SLC38A8,0
21049,SLC38A9,0
21050,SLC39A1,0
21051,SLC39A10,0
21052,SLC39A11,0
21053,SLC39A12,0
21054,SLC39A13,0
21055,SLC39A14,0
21056,SLC39A2,0
21057,SLC39A3,0
21058,SLC39A4,0
21059,SLC39A5,0
21060,SLC39A6,1
21061,SLC39A7,0
21062,SLC39A8,0
21063,SLC39A9,0
21064,SLC3A1,0
21065,SLC3A2,0
21066,SLC40A1,0
21067,SLC41A1,0
21068,SLC41A2,0
21069,SLC41A3,0
21070,SLC43A1,0
21071,SLC43A2,0
21072,SLC43A3,0
21073,SLC44A1,0
21074,SLC44A2,0
21075,SLC44A3,0
21076,SLC44A4,1
21077,SLC44A5,0
21078,SLC45A1,0
21079,SLC45A2,0
21080,SLC45A3,0
21081,SLC45A4,0
21082,SLC46A1,0
21083,SLC46A2,0
21084,SLC46A3,0
21085,SLC47A1,0
21086,SLC47A2,0
21087,SLC48A1,0
21088,SLC4A1,0
21089,SLC4A10,0
21090,SLC4A11,0
21091,SLC4A1AP,0
21092,SLC4A2,0
21093,SLC4A3,0
21094,SLC4A4,0
21095,SLC4A5,0
21096,SLC4A7,0
21097,SLC4A8,0
21098,SLC4A9,0
21099,SLC50A1,0
21100,SLC51A,0
21101,SLC51B,0
21102,SLC52A1,0
21103,SLC52A2,0
21104,SLC52A3,0
21105,SLC5A1,1
21106,SLC5A10,0
21107,SLC5A11,0
21108,SLC5A12,0
21109,SLC5A2,1
21110,SLC5A3,0
21111,SLC5A4,0
21112,SLC5A5,0
21113,SLC5A6,0
21114,SLC5A7,0
21115,SLC5A8,0
21116,SLC5A9,0
21117,SLC6A1,0
21118,SLC6A11,0
21119,SLC6A12,0
21120,SLC6A13,0
21121,SLC6A14,0
21122,SLC6A15,0
21123,SLC6A16,0
21124,SLC6A17,0
21125,SLC6A18,0
21126,SLC6A2,1
21127,SLC6A20,0
21128,SLC6A3,1
21129,SLC6A4,1
21130,SLC6A6,0
21131,SLC6A7,0
21132,SLC6A8,0
21133,SLC6A9,0
21134,SLC7A1,0
21135,SLC7A10,0
21136,SLC7A11,0
21137,SLC7A14,0
21138,SLC7A2,0
21139,SLC7A3,0
21140,SLC7A4,0
21141,SLC7A5,0
21142,SLC7A6,0
21143,SLC7A6OS,0
21144,SLC7A7,0
21145,SLC7A8,0
21146,SLC7A9,0
21147,SLC8A1,0
21148,SLC8A1-AS1,0
21149,SLC8A2,0
21150,SLC8A3,0
21151,SLC8B1,0
21152,SLC9A1,0
21153,SLC9A2,0
21154,SLC9A3R1,0
21155,SLC9A3R2,0
21156,SLC9A4,0
21157,SLC9A5,0
21158,SLC9A6,0
21159,SLC9A7,0
21160,SLC9A8,0
21161,SLC9A9,0
21162,SLC9B1,0
21163,SLC9B2,0
21164,SLC9C1,0
21165,SLC9C2,0
21166,SLCO1A2,0
21167,SLCO1B1,0
21168,SLCO1B3,0
21169,SLCO1C1,0
21170,SLCO2A1,0
21171,SLCO2B1,0
21172,SLCO3A1,0
21173,SLCO4A1,0
21174,SLCO4A1-AS1,0
21175,SLCO4C1,0
21176,SLCO5A1,0
21177,SLCO6A1,0
21178,SLF1,0
21179,SLF2,0
21180,SLFN11,0
21181,SLFN12,0
21182,SLFN12L,0
21183,SLFN13,0
21184,SLFN5,0
21185,SLFNL1,0
21186,SLFNL1-AS1,0
21187,SLIRP,0
21188,SLIT1,0
21189,SLIT2,0
21190,SLIT3,0
21191,SLITRK1,0
21192,SLITRK2,0
21193,SLITRK3,0
21194,SLITRK4,0
21195,SLITRK5,0
21196,SLITRK6,0
21197,SLK,0
21198,SLMAP,0
21199,SLN,0
21200,SLPI,0
21201,SLTM,0
21202,SLU7,0
21203,SLURP1,0
21204,SLX1A,0
21205,SLX1B,0
21206,SLX4,0
21207,SLX4IP,0
21208,SMAD1,0
21209,SMAD1-AS1,0
21210,SMAD2,0
21211,SMAD3,0
21212,SMAD4,0
21213,SMAD5,0
21214,SMAD5-AS1,0
21215,SMAD6,0
21216,SMAD7,1
21217,SMAD9,0
21218,SMAGP,0
21219,SMAP1,0
21220,SMAP2,0
21221,SMARCA1,0
21222,SMARCA2,0
21223,SMARCA4,0
21224,SMARCA5,0
21225,SMARCA5-AS1,0
21226,SMARCAD1,0
21227,SMARCAL1,0
21228,SMARCB1,0
21229,SMARCC1,0
21230,SMARCC2,0
21231,SMARCD1,0
21232,SMARCD2,0
21233,SMARCD3,0
21234,SMARCE1,0
21235,SMC1A,0
21236,SMC1B,0
21237,SMC2,0
21238,SMC2-AS1,0
21239,SMC3,0
21240,SMC4,0
21241,SMC5,0
21242,SMC5-AS1,0
21243,SMC6,0
21244,SMCHD1,0
21245,SMCO2,0
21246,SMCO3,0
21247,SMCO4,0
21248,SMCR2,0
21249,SMCR5,0
21250,SMCR8,0
21251,SMDT1,0
21252,SMG1,0
21253,SMG5,0
21254,SMG6,0
21255,SMG7,0
21256,SMG8,0
21257,SMG9,0
21258,SMIM1,0
21259,SMIM10,0
21260,SMIM10L1,0
21261,SMIM10L2A,0
21262,SMIM10L2B,0
21263,SMIM11A,0
21264,SMIM11B,0
21265,SMIM12,0
21266,SMIM13,0
21267,SMIM14,0
21268,SMIM15,0
21269,SMIM17,0
21270,SMIM18,0
21271,SMIM19,0
21272,SMIM2-AS1,0
21273,SMIM20,0
21274,SMIM22,0
21275,SMIM24,0
21276,SMIM3,0
21277,SMIM4,0
21278,SMIM5,0
21279,SMIM6,0
21280,SMIM7,0
21281,SMIM8,0
21282,SMIM9,0
21283,SMKR1,0
21284,SMN1,1
21285,SMN2,0
21286,SMNDC1,0
21287,SMO,1
21288,SMOC1,0
21289,SMOC2,0
21290,SMOX,0
21291,SMPD1,0
21292,SMPD2,0
21293,SMPD3,0
21294,SMPD4,0
21295,SMPD5,0
21296,SMPDL3A,0
21297,SMPDL3B,0
21298,SMPX,0
21299,SMS,0
21300,SMTN,0
21301,SMTNL2,0
21302,SMU1,0
21303,SMUG1,0
21304,SMURF1,0
21305,SMURF2,0
21306,SMYD2,0
21307,SMYD3,0
21308,SMYD4,0
21309,SMYD5,0
21310,SNAI1,0
21311,SNAI2,0
21312,SNAI3,0
21313,SNAI3-AS1,0
21314,SNAP23,0
21315,SNAP25,1
21316,SNAP25-AS1,0
21317,SNAP29,0
21318,SNAP47,0
21319,SNAP91,0
21320,SNAPC1,0
21321,SNAPC2,0
21322,SNAPC3,0
21323,SNAPC4,0
21324,SNAPC5,0
21325,SNAPIN,0
21326,SNCA,1
21327,SNCAIP,0
21328,SNCB,0
21329,SNCG,0
21330,SND1,0
21331,SND1-IT1,0
21332,SNED1,0
21333,SNF8,0
21334,SNHG10,0
21335,SNHG12,0
21336,SNHG15,0
21337,SNHG18,0
21338,SNHG19,0
21339,SNHG21,0
21340,SNHG22,0
21341,SNHG23,0
21342,SNHG24,0
21343,SNHG25,0
21344,SNHG7,0
21345,SNHG8,0
21346,SNHG9,0
21347,SNIP1,0
21348,SNN,0
21349,SNPH,0
21350,SNRK,0
21351,SNRK-AS1,0
21352,SNRNP200,0
21353,SNRNP25,0
21354,SNRNP27,0
21355,SNRNP35,0
21356,SNRNP40,0
21357,SNRNP48,0
21358,SNRNP70,0
21359,SNRPA,0
21360,SNRPA1,0
21361,SNRPB,0
21362,SNRPB2,0
21363,SNRPC,0
21364,SNRPD1,0
21365,SNRPD2,0
21366,SNRPD3,0
21367,SNRPE,0
21368,SNRPF,0
21369,SNRPG,0
21370,SNRPN,0
21371,SNTA1,0
21372,SNTB1,0
21373,SNTB2,0
21374,SNTG1,0
21375,SNTG2,0
21376,SNTN,0
21377,SNU13,0
21378,SNUPN,0
21379,SNURF,0
21380,SNW1,0
21381,SNX1,0
21382,SNX10,0
21383,SNX11,0
21384,SNX12,0
21385,SNX13,0
21386,SNX14,0
21387,SNX15,0
21388,SNX16,0
21389,SNX17,0
21390,SNX18,0
21391,SNX19,0
21392,SNX2,0
21393,SNX20,0
21394,SNX21,0
21395,SNX22,0
21396,SNX24,0
21397,SNX25,0
21398,SNX27,0
21399,SNX29,0
21400,SNX3,0
21401,SNX30,0
21402,SNX31,0
21403,SNX32,0
21404,SNX33,0
21405,SNX4,0
21406,SNX5,0
21407,SNX6,0
21408,SNX7,0
21409,SNX8,0
21410,SNX9,0
21411,SOAT1,1
21412,SOAT2,1
21413,SOBP,0
21414,SOCS1,0
21415,SOCS2,0
21416,SOCS3,0
21417,SOCS4,0
21418,SOCS5,0
21419,SOCS6,0
21420,SOCS7,0
21421,SOD1,1
21422,SOD2,0
21423,SOD3,0
21424,SOGA1,0
21425,SOGA3,0
21426,SOHLH1,0
21427,SOHLH2,0
21428,SON,0
21429,SORBS1,0
21430,SORBS2,0
21431,SORBS3,0
21432,SORCS1,0
21433,SORCS2,0
21434,SORCS3,0
21435,SORD,0
21436,SORL1,0
21437,SORT1,0
21438,SOS1,0
21439,SOS2,0
21440,SOST,0
21441,SOSTDC1,0
21442,SOWAHA,0
21443,SOWAHB,0
21444,SOWAHC,0
21445,SOWAHD,0
21446,SOX1,0
21447,SOX10,0
21448,SOX11,0
21449,SOX12,0
21450,SOX13,0
21451,SOX14,0
21452,SOX15,0
21453,SOX17,0
21454,SOX18,0
21455,SOX2,0
21456,SOX21,0
21457,SOX21-AS1,0
21458,SOX3,0
21459,SOX30,0
21460,SOX4,0
21461,SOX5,0
21462,SOX6,0
21463,SOX7,0
21464,SOX8,0
21465,SOX9,0
21466,SP1,0
21467,SP100,0
21468,SP110,0
21469,SP140,0
21470,SP140L,0
21471,SP2,0
21472,SP2-AS1,0
21473,SP3,0
21474,SP4,0
21475,SP5,0
21476,SP6,0
21477,SP8,0
21478,SP9,0
21479,SPA17,0
21480,SPACA3,0
21481,SPACA4,0
21482,SPACA6P-AS,0
21483,SPAG1,0
21484,SPAG11A,0
21485,SPAG11B,0
21486,SPAG16,0
21487,SPAG17,0
21488,SPAG4,0
21489,SPAG5,0
21490,SPAG6,0
21491,SPAG7,0
21492,SPAG8,0
21493,SPAG9,0
21494,SPANXA2-OT1,0
21495,SPANXB1,0
21496,SPARC,0
21497,SPARCL1,0
21498,SPAST,0
21499,SPATA12,0
21500,SPATA13,0
21501,SPATA13-AS1,0
21502,SPATA17,0
21503,SPATA18,0
21504,SPATA2,0
21505,SPATA20,0
21506,SPATA21,0
21507,SPATA22,0
21508,SPATA24,0
21509,SPATA25,0
21510,SPATA2L,0
21511,SPATA3-AS1,0
21512,SPATA32,0
21513,SPATA33,0
21514,SPATA4,0
21515,SPATA41,0
21516,SPATA45,0
21517,SPATA5,0
21518,SPATA5L1,0
21519,SPATA6,0
21520,SPATA6L,0
21521,SPATA7,0
21522,SPATA8,0
21523,SPATA9,0
21524,SPATC1,0
21525,SPATC1L,0
21526,SPATS2,0
21527,SPATS2L,0
21528,SPC24,0
21529,SPC25,0
21530,SPCS1,0
21531,SPCS2,0
21532,SPCS3,0
21533,SPDEF,0
21534,SPDL1,0
21535,SPDYA,0
21536,SPDYC,0
21537,SPDYE1,0
21538,SPDYE16,0
21539,SPDYE3,0
21540,SPDYE5,0
21541,SPECC1,0
21542,SPECC1L,0
21543,SPECC1L-ADORA2A,0
21544,SPEF1,0
21545,SPEF2,0
21546,SPEG,0
21547,SPEN,0
21548,SPERT,0
21549,SPESP1,0
21550,SPG11,0
21551,SPG20,0
21552,SPG20-AS1,0
21553,SPG21,0
21554,SPG7,0
21555,SPHK1,0
21556,SPHK2,0
21557,SPHKAP,0
21558,SPI1,0
21559,SPIB,0
21560,SPIC,0
21561,SPICE1,0
21562,SPIDR,0
21563,SPIN1,0
21564,SPIN2A,0
21565,SPIN2B,0
21566,SPIN3,0
21567,SPIN4,0
21568,SPIN4-AS1,0
21569,SPINK1,0
21570,SPINK13,0
21571,SPINK14,0
21572,SPINK2,0
21573,SPINK4,0
21574,SPINK5,0
21575,SPINK6,0
21576,SPINK7,0
21577,SPINK8,0
21578,SPINK9,0
21579,SPINT1,0
21580,SPINT2,0
21581,SPIRE1,0
21582,SPIRE2,0
21583,SPN,0
21584,SPNS1,0
21585,SPNS2,0
21586,SPNS3,0
21587,SPOCD1,0
21588,SPOCK1,0
21589,SPOCK2,0
21590,SPOCK3,0
21591,SPON1,0
21592,SPON2,0
21593,SPOP,0
21594,SPOPL,0
21595,SPP1,1
21596,SPP2,0
21597,SPPL2A,0
21598,SPPL2B,0
21599,SPPL3,0
21600,SPR,0
21601,SPRED1,0
21602,SPRED2,0
21603,SPRED3,0
21604,SPRN,0
21605,SPRR1A,0
21606,SPRR1B,0
21607,SPRR2A,0
21608,SPRR2B,0
21609,SPRR2D,0
21610,SPRR2F,0
21611,SPRR2G,0
21612,SPRR3,0
21613,SPRTN,0
21614,SPRY1,0
21615,SPRY2,0
21616,SPRY3,0
21617,SPRY4,0
21618,SPRY4-IT1,0
21619,SPRYD3,0
21620,SPRYD4,0
21621,SPRYD7,0
21622,SPSB1,0
21623,SPSB2,0
21624,SPSB3,0
21625,SPSB4,0
21626,SPTA1,0
21627,SPTAN1,0
21628,SPTB,0
21629,SPTBN1,0
21630,SPTBN2,0
21631,SPTBN4,0
21632,SPTBN5,0
21633,SPTLC1,0
21634,SPTLC2,0
21635,SPTLC3,0
21636,SPTSSA,0
21637,SPTSSB,0
21638,SPTY2D1,0
21639,SPTY2D1-AS1,0
21640,SPX,0
21641,SQLE,0
21642,SQRDL,0
21643,SQSTM1,0
21644,SRA1,0
21645,SRBD1,0
21646,SRC,1
21647,SRCAP,0
21648,SRCIN1,0
21649,SRD5A1,1
21650,SRD5A2,0
21651,SRD5A3,0
21652,SREBF1,0
21653,SREBF2,0
21654,SREK1,0
21655,SREK1IP1,0
21656,SRF,0
21657,SRFBP1,0
21658,SRGAP1,0
21659,SRGAP2,0
21660,SRGAP2-AS1,0
21661,SRGAP2B,0
21662,SRGAP2C,0
21663,SRGAP3,0
21664,SRGAP3-AS2,0
21665,SRGAP3-AS4,0
21666,SRGN,0
21667,SRI,0
21668,SRL,0
21669,SRM,0
21670,SRMS,1
21671,SRP14,0
21672,SRP14-AS1,0
21673,SRP19,0
21674,SRP54,0
21675,SRP68,0
21676,SRP72,0
21677,SRP9,0
21678,SRPK1,0
21679,SRPK2,0
21680,SRPK3,0
21681,SRPRA,0
21682,SRPRB,0
21683,SRPX,0
21684,SRPX2,0
21685,SRR,0
21686,SRRD,0
21687,SRRM1,0
21688,SRRM2,0
21689,SRRM2-AS1,0
21690,SRRM3,0
21691,SRRM4,0
21692,SRRM5,0
21693,SRRT,0
21694,SRSF1,0
21695,SRSF10,0
21696,SRSF11,0
21697,SRSF12,0
21698,SRSF2,0
21699,SRSF3,0
21700,SRSF4,0
21701,SRSF5,0
21702,SRSF6,0
21703,SRSF7,0
21704,SRSF8,0
21705,SRSF9,0
21706,SRXN1,0
21707,SRY,0
21708,SS18,0
21709,SS18L1,0
21710,SS18L2,0
21711,SSB,0
21712,SSBP1,0
21713,SSBP2,0
21714,SSBP3,0
21715,SSBP3-AS1,0
21716,SSBP4,0
21717,SSC4D,0
21718,SSC5D,0
21719,SSFA2,0
21720,SSH1,0
21721,SSH2,0
21722,SSH3,0
21723,SSMEM1,0
21724,SSNA1,0
21725,SSPN,0
21726,SSPO,0
21727,SSR1,0
21728,SSR2,0
21729,SSR3,0
21730,SSR4,0
21731,SSRP1,0
21732,SSSCA1,0
21733,SST,0
21734,SSTR1,1
21735,SSTR2,1
21736,SSTR3,1
21737,SSU72,0
21738,SSUH2,0
21739,SSX2IP,0
21740,SSX5,0
21741,ST13,0
21742,ST14,0
21743,ST18,0
21744,ST20,0
21745,ST20-AS1,0
21746,ST20-MTHFS,0
21747,ST3GAL1,0
21748,ST3GAL2,0
21749,ST3GAL3,0
21750,ST3GAL4,0
21751,ST3GAL4-AS1,0
21752,ST3GAL5,0
21753,ST3GAL5-AS1,0
21754,ST3GAL6,0
21755,ST3GAL6-AS1,0
21756,ST5,0
21757,ST6GAL1,0
21758,ST6GAL2,0
21759,ST6GALNAC1,0
21760,ST6GALNAC2,0
21761,ST6GALNAC3,0
21762,ST6GALNAC4,0
21763,ST6GALNAC5,0
21764,ST6GALNAC6,0
21765,ST7,0
21766,ST7-AS1,0
21767,ST7-AS2,0
21768,ST7L,0
21769,ST8SIA1,0
21770,ST8SIA2,0
21771,ST8SIA4,0
21772,ST8SIA5,0
21773,ST8SIA6,0
21774,ST8SIA6-AS1,0
21775,STAB1,0
21776,STAB2,0
21777,STAC,0
21778,STAC2,0
21779,STAC3,0
21780,STAG1,0
21781,STAG2,0
21782,STAG3,0
21783,STAM,0
21784,STAM-AS1,0
21785,STAM2,0
21786,STAMBP,0
21787,STAMBPL1,0
21788,STAP1,0
21789,STAP2,0
21790,STAR,0
21791,STARD10,0
21792,STARD13,0
21793,STARD3,0
21794,STARD3NL,0
21795,STARD4,0
21796,STARD4-AS1,0
21797,STARD5,0
21798,STARD6,0
21799,STARD7,0
21800,STARD8,0
21801,STARD9,0
21802,STAT1,0
21803,STAT2,0
21804,STAT3,1
21805,STAT4,0
21806,STAT5A,0
21807,STAT5B,0
21808,STAT6,0
21809,STATH,0
21810,STAU1,0
21811,STAU2,0
21812,STAU2-AS1,0
21813,STBD1,0
21814,STC1,0
21815,STC2,0
21816,STEAP1,1
21817,STEAP1B,0
21818,STEAP2,0
21819,STEAP3,0
21820,STEAP3-AS1,0
21821,STEAP4,0
21822,STH,0
21823,STIL,0
21824,STIM1,0
21825,STIM2,0
21826,STIP1,0
21827,STK10,0
21828,STK11,0
21829,STK11IP,0
21830,STK16,0
21831,STK17A,0
21832,STK17B,0
21833,STK19,0
21834,STK24,0
21835,STK24-AS1,0
21836,STK25,0
21837,STK26,0
21838,STK3,0
21839,STK31,0
21840,STK32A,0
21841,STK32B,0
21842,STK32C,0
21843,STK33,0
21844,STK35,0
21845,STK36,0
21846,STK38,0
21847,STK38L,0
21848,STK39,0
21849,STK4,0
21850,STK4-AS1,0
21851,STK40,0
21852,STKLD1,0
21853,STMN1,0
21854,STMN2,0
21855,STMN3,0
21856,STMN4,0
21857,STMND1,0
21858,STOM,0
21859,STOML1,0
21860,STOML2,0
21861,STOML3,0
21862,STON1,0
21863,STON1-GTF2A1L,0
21864,STON2,0
21865,STOX1,0
21866,STOX2,0
21867,STPG1,0
21868,STPG2,0
21869,STRA13,0
21870,STRA6,0
21871,STRA8,0
21872,STRADA,0
21873,STRADB,0
21874,STRAP,0
21875,STRBP,0
21876,STRC,0
21877,STRIP1,0
21878,STRIP2,0
21879,STRN,0
21880,STRN3,0
21881,STRN4,0
21882,STS,1
21883,STT3A,0
21884,STT3A-AS1,0
21885,STT3B,0
21886,STUB1,0
21887,STX10,0
21888,STX11,0
21889,STX12,0
21890,STX16,0
21891,STX16-NPEPL1,0
21892,STX17,0
21893,STX17-AS1,0
21894,STX18,0
21895,STX18-AS1,0
21896,STX19,0
21897,STX1A,0
21898,STX1B,0
21899,STX2,0
21900,STX3,0
21901,STX4,0
21902,STX5,0
21903,STX6,0
21904,STX7,0
21905,STX8,0
21906,STXBP1,0
21907,STXBP2,0
21908,STXBP3,0
21909,STXBP4,0
21910,STXBP5,0
21911,STXBP5-AS1,0
21912,STXBP5L,0
21913,STXBP6,0
21914,STYK1,0
21915,STYX,0
21916,STYXL1,0
21917,SUB1,0
21918,SUCLA2,0
21919,SUCLA2-AS1,0
21920,SUCLG1,0
21921,SUCLG2,0
21922,SUCLG2-AS1,0
21923,SUCNR1,0
21924,SUCO,0
21925,SUDS3,0
21926,SUFU,0
21927,SUGCT,0
21928,SUGP1,0
21929,SUGP2,0
21930,SUGT1,0
21931,SULF1,0
21932,SULF2,0
21933,SULT1A1,0
21934,SULT1A2,0
21935,SULT1A3,0
21936,SULT1A4,0
21937,SULT1B1,0
21938,SULT1C2,0
21939,SULT1C4,0
21940,SULT1E1,0
21941,SULT2A1,0
21942,SULT2B1,0
21943,SULT4A1,0
21944,SUMF1,0
21945,SUMF2,0
21946,SUMO1,0
21947,SUMO2,0
21948,SUMO3,0
21949,SUMO4,0
21950,SUN1,0
21951,SUN2,0
21952,SUN3,0
21953,SUOX,0
21954,SUPT16H,0
21955,SUPT20H,0
21956,SUPT3H,0
21957,SUPT4H1,0
21958,SUPT5H,0
21959,SUPT6H,0
21960,SUPT7L,0
21961,SUPV3L1,0
21962,SURF1,0
21963,SURF2,0
21964,SURF4,0
21965,SURF6,0
21966,SUSD1,0
21967,SUSD2,0
21968,SUSD3,0
21969,SUSD4,0
21970,SUSD5,0
21971,SUSD6,0
21972,SUV39H1,0
21973,SUV39H2,0
21974,SUZ12,0
21975,SV2A,0
21976,SV2B,1
21977,SV2C,0
21978,SVBP,0
21979,SVEP1,0
21980,SVIL,0
21981,SVIL-AS1,0
21982,SVIP,0
21983,SVOP,0
21984,SVOPL,0
21985,SWAP70,0
21986,SWI5,0
21987,SWSAP1,0
21988,SWT1,0
21989,SYAP1,0
21990,SYBU,0
21991,SYCE1,0
21992,SYCE1L,0
21993,SYCE2,0
21994,SYCE3,0
21995,SYCP2,0
21996,SYCP2L,0
21997,SYCP3,0
21998,SYDE1,0
21999,SYDE2,0
22000,SYF2,0
22001,SYK,1
22002,SYMPK,0
22003,SYN1,0
22004,SYN2,0
22005,SYN3,0
22006,SYNC,0
22007,SYNCRIP,0
22008,SYNDIG1,0
22009,SYNDIG1L,0
22010,SYNE1,0
22011,SYNE1-AS1,0
22012,SYNE2,0
22013,SYNE3,0
22014,SYNE4,0
22015,SYNGAP1,0
22016,SYNGR1,0
22017,SYNGR2,0
22018,SYNGR3,0
22019,SYNGR4,0
22020,SYNJ1,0
22021,SYNJ2,0
22022,SYNJ2BP,0
22023,SYNJ2BP-COX16,0
22024,SYNM,0
22025,SYNPO,0
22026,SYNPO2,0
22027,SYNPO2L,0
22028,SYNRG,0
22029,SYP,0
22030,SYP-AS1,0
22031,SYPL1,0
22032,SYPL2,0
22033,SYS1,0
22034,SYT1,0
22035,SYT10,0
22036,SYT11,0
22037,SYT12,0
22038,SYT13,0
22039,SYT14,0
22040,SYT15,0
22041,SYT16,0
22042,SYT17,0
22043,SYT2,0
22044,SYT3,0
22045,SYT4,0
22046,SYT5,0
22047,SYT6,0
22048,SYT7,0
22049,SYT8,0
22050,SYT9,0
22051,SYTL1,0
22052,SYTL2,0
22053,SYTL3,0
22054,SYTL4,0
22055,SYTL5,0
22056,SYVN1,0
22057,SZRD1,0
22058,SZT2,0
22059,SZT2-AS1,0
22060,T,0
22061,TAB1,0
22062,TAB2,0
22063,TAB3,0
22064,TAC1,0
22065,TAC3,0
22066,TAC4,0
22067,TACC1,0
22068,TACC2,0
22069,TACC3,0
22070,TACO1,0
22071,TACR1,1
22072,TACR2,0
22073,TACR3,1
22074,TACSTD2,1
22075,TADA1,0
22076,TADA2A,0
22077,TADA2B,0
22078,TADA3,0
22079,TAF1,0
22080,TAF10,0
22081,TAF11,0
22082,TAF12,0
22083,TAF13,0
22084,TAF15,0
22085,TAF1A,0
22086,TAF1A-AS1,0
22087,TAF1B,0
22088,TAF1C,0
22089,TAF1D,0
22090,TAF1L,0
22091,TAF2,0
22092,TAF3,0
22093,TAF4,0
22094,TAF4B,0
22095,TAF5,0
22096,TAF5L,0
22097,TAF6,0
22098,TAF6L,0
22099,TAF7,0
22100,TAF7L,0
22101,TAF8,0
22102,TAF9,0
22103,TAF9B,0
22104,TAGAP,0
22105,TAGLN,0
22106,TAGLN2,0
22107,TAGLN3,0
22108,TAL1,0
22109,TAL2,0
22110,TALDO1,0
22111,TAMM41,0
22112,TANC1,0
22113,TANC2,0
22114,TANGO2,0
22115,TANGO6,0
22116,TANK,0
22117,TAOK1,0
22118,TAOK2,0
22119,TAOK3,0
22120,TAP1,0
22121,TAP2,0
22122,TAPBP,0
22123,TAPBPL,0
22124,TAPT1,0
22125,TAPT1-AS1,0
22126,TARBP1,0
22127,TARBP2,0
22128,TARDBP,0
22129,TARID,0
22130,TARS,0
22131,TARS2,0
22132,TARSL2,0
22133,TAS1R1,0
22134,TAS1R3,0
22135,TAS2R10,0
22136,TAS2R13,0
22137,TAS2R14,0
22138,TAS2R19,0
22139,TAS2R20,0
22140,TAS2R30,0
22141,TAS2R31,0
22142,TAS2R4,0
22143,TAS2R46,0
22144,TAS2R5,0
22145,TASP1,0
22146,TAT,0
22147,TAT-AS1,0
22148,TATDN1,0
22149,TATDN2,0
22150,TATDN3,0
22151,TAX1BP1,0
22152,TAX1BP3,0
22153,TAZ,0
22154,TBC1D1,0
22155,TBC1D10A,0
22156,TBC1D10B,0
22157,TBC1D10C,0
22158,TBC1D12,0
22159,TBC1D13,0
22160,TBC1D14,0
22161,TBC1D15,0
22162,TBC1D16,0
22163,TBC1D17,0
22164,TBC1D19,0
22165,TBC1D2,0
22166,TBC1D20,0
22167,TBC1D22A,0
22168,TBC1D22B,0
22169,TBC1D23,0
22170,TBC1D24,0
22171,TBC1D25,0
22172,TBC1D26,0
22173,TBC1D29,0
22174,TBC1D2B,0
22175,TBC1D30,0
22176,TBC1D31,0
22177,TBC1D32,0
22178,TBC1D3B,0
22179,TBC1D3C,0
22180,TBC1D3D,0
22181,TBC1D3I,0
22182,TBC1D3L,0
22183,TBC1D3P1-DHX40P1,0
22184,TBC1D4,0
22185,TBC1D5,0
22186,TBC1D7,0
22187,TBC1D8,0
22188,TBC1D8B,0
22189,TBC1D9,0
22190,TBC1D9B,0
22191,TBCA,0
22192,TBCB,0
22193,TBCC,0
22194,TBCCD1,0
22195,TBCD,0
22196,TBCE,0
22197,TBCEL,0
22198,TBCK,0
22199,TBK1,0
22200,TBKBP1,0
22201,TBL1X,0
22202,TBL1XR1,0
22203,TBL1Y,0
22204,TBL2,0
22205,TBL3,0
22206,TBP,0
22207,TBPL1,0
22208,TBR1,0
22209,TBRG1,0
22210,TBRG4,0
22211,TBX1,0
22212,TBX10,0
22213,TBX15,0
22214,TBX18,0
22215,TBX19,0
22216,TBX2,0
22217,TBX2-AS1,0
22218,TBX21,0
22219,TBX3,0
22220,TBX4,0
22221,TBX5,0
22222,TBX5-AS1,0
22223,TBX6,0
22224,TBXA2R,1
22225,TBXAS1,1
22226,TC2N,0
22227,TCAF1,0
22228,TCAF2,0
22229,TCAIM,0
22230,TCAP,0
22231,TCEA1,0
22232,TCEA2,0
22233,TCEA3,0
22234,TCEAL1,0
22235,TCEAL2,0
22236,TCEAL3,0
22237,TCEAL4,0
22238,TCEAL5,0
22239,TCEAL6,0
22240,TCEAL7,0
22241,TCEAL8,0
22242,TCEANC,0
22243,TCEANC2,0
22244,TCEB1,0
22245,TCEB2,0
22246,TCEB3,0
22247,TCEB3-AS1,0
22248,TCERG1,0
22249,TCERG1L,0
22250,TCERG1L-AS1,0
22251,TCF12,0
22252,TCF15,0
22253,TCF19,0
22254,TCF20,0
22255,TCF21,0
22256,TCF23,0
22257,TCF24,0
22258,TCF25,0
22259,TCF3,0
22260,TCF4,0
22261,TCF4-AS1,0
22262,TCF4-AS2,0
22263,TCF7,0
22264,TCF7L1,0
22265,TCF7L2,0
22266,TCFL5,0
22267,TCHH,0
22268,TCHHL1,0
22269,TCHP,0
22270,TCIRG1,0
22271,TCL1A,0
22272,TCL1B,0
22273,TCN1,0
22274,TCN2,0
22275,TCOF1,0
22276,TCP1,0
22277,TCP10L,0
22278,TCP10L2,0
22279,TCP11,0
22280,TCP11L1,0
22281,TCP11L2,0
22282,TCTA,0
22283,TCTE1,0
22284,TCTE3,0
22285,TCTEX1D1,0
22286,TCTEX1D2,0
22287,TCTEX1D4,0
22288,TCTN1,0
22289,TCTN2,0
22290,TCTN3,0
22291,TDG,0
22292,TDGF1,0
22293,TDO2,0
22294,TDP1,0
22295,TDP2,0
22296,TDRD1,0
22297,TDRD10,0
22298,TDRD12,0
22299,TDRD15,0
22300,TDRD3,0
22301,TDRD5,0
22302,TDRD6,0
22303,TDRD7,0
22304,TDRD9,0
22305,TDRKH,0
22306,TDRP,0
22307,TEAD1,0
22308,TEAD2,0
22309,TEAD3,0
22310,TEAD4,0
22311,TEC,1
22312,TECPR1,0
22313,TECPR2,0
22314,TECR,0
22315,TECTA,0
22316,TECTB,0
22317,TEF,0
22318,TEFM,0
22319,TEK,1
22320,TEKT1,0
22321,TEKT2,0
22322,TEKT3,0
22323,TEKT4,0
22324,TEKT5,0
22325,TELO2,0
22326,TEN1,0
22327,TEN1-CDK3,0
22328,TENM1,0
22329,TENM2,0
22330,TENM3,0
22331,TENM4,0
22332,TEP1,0
22333,TEPP,0
22334,TERC,0
22335,TERF1,0
22336,TERF2,0
22337,TERF2IP,0
22338,TERT,1
22339,TES,0
22340,TESC,0
22341,TESC-AS1,0
22342,TESK1,0
22343,TESK2,0
22344,TESPA1,0
22345,TET1,0
22346,TET2,0
22347,TET2-AS1,0
22348,TET3,0
22349,TEX10,0
22350,TEX101,0
22351,TEX11,0
22352,TEX12,0
22353,TEX13C,0
22354,TEX13D,0
22355,TEX14,0
22356,TEX15,0
22357,TEX19,0
22358,TEX2,0
22359,TEX22,0
22360,TEX26,0
22361,TEX26-AS1,0
22362,TEX261,0
22363,TEX264,0
22364,TEX28,0
22365,TEX29,0
22366,TEX30,0
22367,TEX35,0
22368,TEX38,0
22369,TEX40,0
22370,TEX41,0
22371,TEX9,0
22372,TF,0
22373,TFAM,0
22374,TFAP2A,0
22375,TFAP2A-AS1,0
22376,TFAP2B,0
22377,TFAP2C,0
22378,TFAP2D,0
22379,TFAP2E,0
22380,TFAP4,0
22381,TFB1M,0
22382,TFB2M,0
22383,TFCP2,0
22384,TFCP2L1,0
22385,TFDP1,0
22386,TFDP2,0
22387,TFE3,0
22388,TFEB,0
22389,TFEC,0
22390,TFF1,0
22391,TFF2,0
22392,TFF3,0
22393,TFG,0
22394,TFIP11,0
22395,TFPI,1
22396,TFPI2,0
22397,TFPT,0
22398,TFR2,1
22399,TFRC,1
22400,TG,0
22401,TGDS,0
22402,TGFA,1
22403,TGFB1,1
22404,TGFB1I1,0
22405,TGFB2,1
22406,TGFB2-AS1,0
22407,TGFB3,1
22408,TGFBI,0
22409,TGFBR1,1
22410,TGFBR2,0
22411,TGFBR3,0
22412,TGFBR3L,0
22413,TGFBRAP1,0
22414,TGIF1,0
22415,TGIF2,0
22416,TGM1,0
22417,TGM2,0
22418,TGM3,0
22419,TGM4,0
22420,TGM5,0
22421,TGM7,0
22422,TGOLN2,0
22423,TGS1,0
22424,TH,1
22425,TH2LCRR,0
22426,THADA,0
22427,THAP1,0
22428,THAP10,0
22429,THAP11,0
22430,THAP2,0
22431,THAP3,0
22432,THAP4,0
22433,THAP5,0
22434,THAP6,0
22435,THAP7,0
22436,THAP7-AS1,0
22437,THAP8,0
22438,THAP9,0
22439,THAP9-AS1,0
22440,THBD,0
22441,THBS1,0
22442,THBS2,0
22443,THBS3,0
22444,THBS4,0
22445,THCAT158,0
22446,THEG,0
22447,THEGL,0
22448,THEM4,0
22449,THEM6,0
22450,THEMIS,0
22451,THEMIS2,0
22452,THG1L,0
22453,THNSL1,0
22454,THNSL2,0
22455,THOC1,0
22456,THOC2,0
22457,THOC3,0
22458,THOC5,0
22459,THOC6,0
22460,THOC7,0
22461,THOP1,0
22462,THPO,0
22463,THRA,1
22464,THRA1/BTR,0
22465,THRAP3,0
22466,THRB,1
22467,THRIL,0
22468,THRSP,0
22469,THSD1,0
22470,THSD4,0
22471,THSD7A,0
22472,THSD7B,0
22473,THTPA,0
22474,THUMPD1,0
22475,THUMPD2,0
22476,THUMPD3,0
22477,THUMPD3-AS1,0
22478,THY1,0
22479,THYN1,0
22480,TIA1,0
22481,TIAF1,0
22482,TIAL1,0
22483,TIAM1,0
22484,TIAM2,0
22485,TICAM1,0
22486,TICAM2,0
22487,TICRR,0
22488,TIE1,1
22489,TIFA,0
22490,TIFAB,0
22491,TIGAR,0
22492,TIGD1,0
22493,TIGD2,0
22494,TIGD3,0
22495,TIGD4,0
22496,TIGD5,0
22497,TIGD6,0
22498,TIGD7,0
22499,TIGIT,1
22500,TIMD4,0
22501,TIMELESS,0
22502,TIMM10,0
22503,TIMM10B,0
22504,TIMM13,0
22505,TIMM17A,0
22506,TIMM17B,0
22507,TIMM21,0
22508,TIMM22,0
22509,TIMM23,0
22510,TIMM23B,0
22511,TIMM44,0
22512,TIMM50,0
22513,TIMM8A,0
22514,TIMM8B,0
22515,TIMM9,0
22516,TIMMDC1,0
22517,TIMP1,0
22518,TIMP2,0
22519,TIMP3,0
22520,TIMP4,0
22521,TINAG,0
22522,TINAGL1,0
22523,TINCR,0
22524,TINF2,0
22525,TIPARP,0
22526,TIPARP-AS1,0
22527,TIPIN,0
22528,TIPRL,0
22529,TIRAP,0
22530,TISP43,0
22531,TJAP1,0
22532,TJP1,0
22533,TJP2,0
22534,TJP3,0
22535,TK1,0
22536,TK2,0
22537,TKFC,0
22538,TKT,0
22539,TKTL1,0
22540,TKTL2,0
22541,TLCD1,0
22542,TLCD2,0
22543,TLDC1,0
22544,TLDC2,0
22545,TLE1,0
22546,TLE2,0
22547,TLE3,0
22548,TLE4,0
22549,TLE6,0
22550,TLK1,0
22551,TLK2,0
22552,TLL1,0
22553,TLL2,0
22554,TLN1,0
22555,TLN2,0
22556,TLR1,0
22557,TLR10,0
22558,TLR2,1
22559,TLR3,1
22560,TLR4,1
22561,TLR5,1
22562,TLR6,0
22563,TLR7,1
22564,TLR8,1
22565,TLR8-AS1,0
22566,TLR9,1
22567,TLX1,0
22568,TLX2,0
22569,TLX3,0
22570,TM2D1,0
22571,TM2D2,0
22572,TM2D3,0
22573,TM4SF1,0
22574,TM4SF1-AS1,0
22575,TM4SF18,0
22576,TM4SF19,0
22577,TM4SF19-AS1,0
22578,TM4SF19-TCTEX1D2,0
22579,TM4SF20,0
22580,TM4SF4,0
22581,TM4SF5,0
22582,TM6SF1,0
22583,TM6SF2,0
22584,TM7SF2,0
22585,TM7SF3,0
22586,TM9SF1,0
22587,TM9SF2,0
22588,TM9SF3,0
22589,TM9SF4,0
22590,TMA16,0
22591,TMA7,0
22592,TMBIM1,0
22593,TMBIM4,0
22594,TMBIM6,0
22595,TMC1,0
22596,TMC3-AS1,0
22597,TMC4,0
22598,TMC5,0
22599,TMC6,0
22600,TMC7,0
22601,TMC8,0
22602,TMCC1,0
22603,TMCC1-AS1,0
22604,TMCC2,0
22605,TMCC3,0
22606,TMCO1,0
22607,TMCO2,0
22608,TMCO3,0
22609,TMCO4,0
22610,TMCO5A,0
22611,TMCO6,0
22612,TMED1,0
22613,TMED10,0
22614,TMED2,0
22615,TMED3,0
22616,TMED4,0
22617,TMED5,0
22618,TMED6,0
22619,TMED7,0
22620,TMED7-TICAM2,0
22621,TMED8,0
22622,TMED9,0
22623,TMEFF2,0
22624,TMEM100,0
22625,TMEM101,0
22626,TMEM102,0
22627,TMEM104,0
22628,TMEM105,0
22629,TMEM106A,0
22630,TMEM106B,0
22631,TMEM106C,0
22632,TMEM107,0
22633,TMEM108,0
22634,TMEM109,0
22635,TMEM11,0
22636,TMEM110,0
22637,TMEM110-MUSTN1,0
22638,TMEM114,0
22639,TMEM115,0
22640,TMEM116,0
22641,TMEM117,0
22642,TMEM119,0
22643,TMEM120A,0
22644,TMEM120B,0
22645,TMEM121,0
22646,TMEM123,0
22647,TMEM125,0
22648,TMEM126A,0
22649,TMEM126B,0
22650,TMEM127,0
22651,TMEM128,0
22652,TMEM129,0
22653,TMEM130,0
22654,TMEM131,0
22655,TMEM132A,0
22656,TMEM132B,0
22657,TMEM132C,0
22658,TMEM132D,0
22659,TMEM132E,0
22660,TMEM133,0
22661,TMEM134,0
22662,TMEM135,0
22663,TMEM136,0
22664,TMEM138,0
22665,TMEM139,0
22666,TMEM140,0
22667,TMEM141,0
22668,TMEM143,0
22669,TMEM144,0
22670,TMEM145,0
22671,TMEM147,0
22672,TMEM147-AS1,0
22673,TMEM14A,0
22674,TMEM14B,0
22675,TMEM14C,0
22676,TMEM150A,0
22677,TMEM150B,0
22678,TMEM150C,0
22679,TMEM151A,0
22680,TMEM151B,0
22681,TMEM154,0
22682,TMEM155,0
22683,TMEM156,0
22684,TMEM158,0
22685,TMEM159,0
22686,TMEM160,0
22687,TMEM161A,0
22688,TMEM161B,0
22689,TMEM161B-AS1,0
22690,TMEM163,0
22691,TMEM164,0
22692,TMEM165,0
22693,TMEM167A,0
22694,TMEM167B,0
22695,TMEM168,0
22696,TMEM169,0
22697,TMEM17,0
22698,TMEM170A,0
22699,TMEM170B,0
22700,TMEM171,0
22701,TMEM173,0
22702,TMEM175,0
22703,TMEM176A,0
22704,TMEM176B,0
22705,TMEM177,0
22706,TMEM178A,0
22707,TMEM178B,0
22708,TMEM179,0
22709,TMEM179B,0
22710,TMEM18,0
22711,TMEM181,0
22712,TMEM182,0
22713,TMEM183A,0
22714,TMEM184A,0
22715,TMEM184B,0
22716,TMEM184C,0
22717,TMEM185A,0
22718,TMEM185B,0
22719,TMEM186,0
22720,TMEM187,0
22721,TMEM189,0
22722,TMEM189-UBE2V1,0
22723,TMEM19,0
22724,TMEM190,0
22725,TMEM191B,0
22726,TMEM191C,0
22727,TMEM192,0
22728,TMEM196,0
22729,TMEM198,0
22730,TMEM199,0
22731,TMEM2,0
22732,TMEM200A,0
22733,TMEM200B,0
22734,TMEM200C,0
22735,TMEM201,0
22736,TMEM203,0
22737,TMEM204,0
22738,TMEM205,0
22739,TMEM206,0
22740,TMEM208,0
22741,TMEM209,0
22742,TMEM210,0
22743,TMEM211,0
22744,TMEM212,0
22745,TMEM213,0
22746,TMEM214,0
22747,TMEM215,0
22748,TMEM216,0
22749,TMEM217,0
22750,TMEM218,0
22751,TMEM219,0
22752,TMEM220,0
22753,TMEM220-AS1,0
22754,TMEM221,0
22755,TMEM222,0
22756,TMEM223,0
22757,TMEM229A,0
22758,TMEM229B,0
22759,TMEM230,0
22760,TMEM231,0
22761,TMEM232,0
22762,TMEM233,0
22763,TMEM234,0
22764,TMEM235,0
22765,TMEM236,0
22766,TMEM237,0
22767,TMEM238,0
22768,TMEM240,0
22769,TMEM241,0
22770,TMEM242,0
22771,TMEM243,0
22772,TMEM244,0
22773,TMEM245,0
22774,TMEM246,0
22775,TMEM246-AS1,0
22776,TMEM247,0
22777,TMEM248,0
22778,TMEM249,0
22779,TMEM25,0
22780,TMEM251,0
22781,TMEM252,0
22782,TMEM253,0
22783,TMEM254,0
22784,TMEM254-AS1,0
22785,TMEM255A,0
22786,TMEM255B,0
22787,TMEM256,0
22788,TMEM256-PLSCR3,0
22789,TMEM257,0
22790,TMEM258,0
22791,TMEM259,0
22792,TMEM26,0
22793,TMEM26-AS1,0
22794,TMEM260,0
22795,TMEM261,0
22796,TMEM262,0
22797,TMEM263,0
22798,TMEM266,0
22799,TMEM27,0
22800,TMEM30A,0
22801,TMEM30B,0
22802,TMEM31,0
22803,TMEM33,0
22804,TMEM35,0
22805,TMEM37,0
22806,TMEM38A,0
22807,TMEM38B,0
22808,TMEM39A,0
22809,TMEM39B,0
22810,TMEM40,0
22811,TMEM41A,0
22812,TMEM41B,0
22813,TMEM42,0
22814,TMEM43,0
22815,TMEM44,0
22816,TMEM44-AS1,0
22817,TMEM45A,0
22818,TMEM45B,0
22819,TMEM47,0
22820,TMEM5,0
22821,TMEM50A,0
22822,TMEM50B,0
22823,TMEM51,0
22824,TMEM51-AS1,0
22825,TMEM52,0
22826,TMEM52B,0
22827,TMEM53,0
22828,TMEM54,0
22829,TMEM55A,0
22830,TMEM55B,0
22831,TMEM56,0
22832,TMEM56-RWDD3,0
22833,TMEM57,0
22834,TMEM59,0
22835,TMEM59L,0
22836,TMEM60,0
22837,TMEM61,0
22838,TMEM62,0
22839,TMEM63A,0
22840,TMEM63B,0
22841,TMEM63C,0
22842,TMEM64,0
22843,TMEM65,0
22844,TMEM67,0
22845,TMEM68,0
22846,TMEM69,0
22847,TMEM70,0
22848,TMEM71,0
22849,TMEM72,0
22850,TMEM72-AS1,0
22851,TMEM74,0
22852,TMEM74B,0
22853,TMEM78,0
22854,TMEM79,0
22855,TMEM80,0
22856,TMEM81,0
22857,TMEM82,0
22858,TMEM86A,0
22859,TMEM86B,0
22860,TMEM87A,0
22861,TMEM87B,0
22862,TMEM88,0
22863,TMEM88B,0
22864,TMEM89,0
22865,TMEM8A,0
22866,TMEM8B,0
22867,TMEM9,0
22868,TMEM91,0
22869,TMEM92,0
22870,TMEM92-AS1,0
22871,TMEM94,0
22872,TMEM95,0
22873,TMEM97,0
22874,TMEM98,0
22875,TMEM99,0
22876,TMEM9B,0
22877,TMEM9B-AS1,0
22878,TMF1,0
22879,TMIE,0
22880,TMIGD2,0
22881,TMIGD3,0
22882,TMLHE,0
22883,TMLHE-AS1,0
22884,TMOD1,0
22885,TMOD2,0
22886,TMOD3,0
22887,TMOD4,0
22888,TMPO,0
22889,TMPO-AS1,0
22890,TMPPE,0
22891,TMPRSS11D,0
22892,TMPRSS11E,0
22893,TMPRSS12,0
22894,TMPRSS13,0
22895,TMPRSS15,0
22896,TMPRSS2,0
22897,TMPRSS3,0
22898,TMPRSS4,0
22899,TMPRSS5,0
22900,TMPRSS6,1
22901,TMPRSS7,0
22902,TMPRSS9,0
22903,TMSB10,0
22904,TMSB15A,0
22905,TMSB15B,0
22906,TMSB4X,0
22907,TMSB4Y,0
22908,TMTC1,0
22909,TMTC2,0
22910,TMTC3,0
22911,TMTC4,0
22912,TMUB1,0
22913,TMUB2,0
22914,TMX1,0
22915,TMX2,0
22916,TMX2-CTNND1,0
22917,TMX3,0
22918,TMX4,0
22919,TNC,1
22920,TNF,1
22921,TNFAIP1,0
22922,TNFAIP2,0
22923,TNFAIP3,0
22924,TNFAIP6,0
22925,TNFAIP8,0
22926,TNFAIP8L1,0
22927,TNFAIP8L2,0
22928,TNFAIP8L3,0
22929,TNFRSF10A,1
22930,TNFRSF10B,1
22931,TNFRSF10C,0
22932,TNFRSF10D,0
22933,TNFRSF11A,0
22934,TNFRSF11B,0
22935,TNFRSF12A,1
22936,TNFRSF13B,0
22937,TNFRSF13C,1
22938,TNFRSF14,0
22939,TNFRSF17,1
22940,TNFRSF18,1
22941,TNFRSF19,0
22942,TNFRSF1A,1
22943,TNFRSF1B,0
22944,TNFRSF21,0
22945,TNFRSF25,0
22946,TNFRSF4,1
22947,TNFRSF8,1
22948,TNFRSF9,1
22949,TNFSF10,0
22950,TNFSF11,1
22951,TNFSF12,1
22952,TNFSF13,1
22953,TNFSF13B,1
22954,TNFSF14,1
22955,TNFSF15,0
22956,TNFSF18,0
22957,TNFSF4,1
22958,TNFSF8,0
22959,TNFSF9,0
22960,TNIK,0
22961,TNIP1,0
22962,TNIP2,0
22963,TNIP3,0
22964,TNK1,0
22965,TNK2,0
22966,TNK2-AS1,0
22967,TNKS,1
22968,TNKS1BP1,0
22969,TNKS2,0
22970,TNKS2-AS1,0
22971,TNMD,0
22972,TNN,0
22973,TNNC1,1
22974,TNNC2,0
22975,TNNI1,0
22976,TNNI2,1
22977,TNNI3,1
22978,TNNI3K,0
22979,TNNT1,0
22980,TNNT2,1
22981,TNNT3,0
22982,TNPO1,0
22983,TNPO2,0
22984,TNPO3,0
22985,TNR,0
22986,TNRC18,0
22987,TNRC6A,0
22988,TNRC6B,0
22989,TNRC6C,0
22990,TNS1,0
22991,TNS2,0
22992,TNS3,0
22993,TNS4,0
22994,TNXB,0
22995,TOB1,0
22996,TOB2,0
22997,TOE1,0
22998,TOLLIP,0
22999,TOLLIP-AS1,0
23000,TOM1,0
23001,TOM1L1,0
23002,TOM1L2,0
23003,TOMM20,0
23004,TOMM20L,0
23005,TOMM22,0
23006,TOMM34,0
23007,TOMM40,0
23008,TOMM40L,0
23009,TOMM5,0
23010,TOMM7,0
23011,TOMM70A,0
23012,TONSL,0
23013,TOP1,1
23014,TOP1MT,0
23015,TOP2A,1
23016,TOP2B,1
23017,TOP3A,0
23018,TOP3B,0
23019,TOPBP1,0
23020,TOPORS,0
23021,TOPORS-AS1,0
23022,TOR1A,0
23023,TOR1AIP1,0
23024,TOR1AIP2,0
23025,TOR1B,0
23026,TOR2A,0
23027,TOR3A,0
23028,TOR4A,0
23029,TOX,0
23030,TOX2,0
23031,TOX3,0
23032,TOX4,0
23033,TP53,1
23034,TP53AIP1,0
23035,TP53BP1,0
23036,TP53BP2,0
23037,TP53I11,0
23038,TP53I13,0
23039,TP53I3,0
23040,TP53INP1,0
23041,TP53INP2,0
23042,TP53RK,0
23043,TP53TG1,0
23044,TP53TG3D,0
23045,TP53TG5,0
23046,TP63,0
23047,TP73,0
23048,TP73-AS1,0
23049,TPBG,1
23050,TPBGL,0
23051,TPCN1,0
23052,TPCN2,0
23053,TPD52,0
23054,TPD52L1,0
23055,TPD52L2,0
23056,TPGS1,0
23057,TPGS2,0
23058,TPH1,0
23059,TPH2,0
23060,TPI1,0
23061,TPK1,0
23062,TPM1,0
23063,TPM2,0
23064,TPM3,0
23065,TPM4,0
23066,TPMT,0
23067,TPO,1
23068,TPP1,0
23069,TPP2,0
23070,TPPP,0
23071,TPPP2,0
23072,TPPP3,0
23073,TPR,0
23074,TPRA1,0
23075,TPRG1,0
23076,TPRG1-AS1,0
23077,TPRG1L,0
23078,TPRKB,0
23079,TPRN,0
23080,TPRXL,0
23081,TPSAB1,0
23082,TPSB2,0
23083,TPSD1,0
23084,TPSG1,0
23085,TPST1,0
23086,TPST2,0
23087,TPT1,0
23088,TPT1-AS1,0
23089,TPTE,0
23090,TPTE2,0
23091,TPTEP1,0
23092,TPX2,0
23093,TRA2A,0
23094,TRA2B,0
23095,TRABD,0
23096,TRABD2A,0
23097,TRABD2B,0
23098,TRAC,1
23099,TRADD,0
23100,TRAF1,0
23101,TRAF2,0
23102,TRAF3,0
23103,TRAF3IP1,0
23104,TRAF3IP2,1
23105,TRAF3IP2-AS1,0
23106,TRAF3IP3,0
23107,TRAF4,0
23108,TRAF5,0
23109,TRAF6,0
23110,TRAF7,0
23111,TRAFD1,0
23112,TRAIP,0
23113,TRAK1,0
23114,TRAK2,0
23115,TRAM1,0
23116,TRAM1L1,0
23117,TRAM2,0
23118,TRAM2-AS1,0
23119,TRANK1,0
23120,TRAP1,0
23121,TRAPPC1,0
23122,TRAPPC10,0
23123,TRAPPC11,0
23124,TRAPPC12,0
23125,TRAPPC12-AS1,0
23126,TRAPPC13,0
23127,TRAPPC2,0
23128,TRAPPC2L,0
23129,TRAPPC2P1,0
23130,TRAPPC3,0
23131,TRAPPC3L,0
23132,TRAPPC4,0
23133,TRAPPC5,0
23134,TRAPPC6A,0
23135,TRAPPC6B,0
23136,TRAPPC8,0
23137,TRAPPC9,0
23138,TRAT1,0
23139,TRAV1-1,0
23140,TRAV1-2,0
23141,TRAV10,0
23142,TRAV11,0
23143,TRAV12-1,0
23144,TRAV12-2,0
23145,TRAV12-3,0
23146,TRAV13-1,0
23147,TRAV13-2,0
23148,TRAV14DV4,0
23149,TRAV16,0
23150,TRAV17,0
23151,TRAV19,0
23152,TRAV2,0
23153,TRAV20,0
23154,TRAV21,0
23155,TRAV22,0
23156,TRAV23DV6,0
23157,TRAV25,0
23158,TRAV26-1,0
23159,TRAV26-2,0
23160,TRAV27,0
23161,TRAV29DV5,1
23162,TRAV3,0
23163,TRAV30,0
23164,TRAV34,0
23165,TRAV35,0
23166,TRAV36DV7,0
23167,TRAV38-1,0
23168,TRAV38-2DV8,0
23169,TRAV39,0
23170,TRAV4,0
23171,TRAV40,0
23172,TRAV41,0
23173,TRAV5,0
23174,TRAV6,0
23175,TRAV8-1,0
23176,TRAV8-2,0
23177,TRAV8-3,0
23178,TRAV8-4,0
23179,TRAV8-5,0
23180,TRAV8-6,0
23181,TRAV9-2,0
23182,TRBC1,0
23183,TRBC2,0
23184,TRBV10-3,0
23185,TRBV11-2,0
23186,TRBV12-3,0
23187,TRBV12-4,0
23188,TRBV13,0
23189,TRBV14,0
23190,TRBV15,0
23191,TRBV18,0
23192,TRBV19,0
23193,TRBV2,0
23194,TRBV20-1,0
23195,TRBV21-1,0
23196,TRBV23-1,0
23197,TRBV24-1,0
23198,TRBV25-1,0
23199,TRBV27,0
23200,TRBV28,0
23201,TRBV29-1,0
23202,TRBV3-1,0
23203,TRBV30,0
23204,TRBV4-1,0
23205,TRBV4-2,0
23206,TRBV5-1,0
23207,TRBV5-4,0
23208,TRBV5-6,0
23209,TRBV6-1,0
23210,TRBV6-2,0
23211,TRBV6-5,0
23212,TRBV6-8,0
23213,TRBV7-2,0
23214,TRBV7-3,0
23215,TRBV7-9,1
23216,TRBV9,0
23217,TRBVB,0
23218,TRDC,0
23219,TRDMT1,0
23220,TRDN,0
23221,TRDV1,0
23222,TRDV2,0
23223,TRDV3,0
23224,TREH,0
23225,TREM1,1
23226,TREM2,0
23227,TREML1,0
23228,TREML2,0
23229,TREML4,0
23230,TRERF1,0
23231,TRERNA1,0
23232,TREX2,0
23233,TRG-AS1,0
23234,TRGC1,0
23235,TRGC2,0
23236,TRGV10,0
23237,TRGV2,0
23238,TRGV3,0
23239,TRGV4,0
23240,TRGV5,0
23241,TRGV6,0
23242,TRGV7,0
23243,TRGV8,0
23244,TRGV9,0
23245,TRH,0
23246,TRHDE,0
23247,TRIAP1,0
23248,TRIB1,0
23249,TRIB2,0
23250,TRIB3,0
23251,TRIL,0
23252,TRIM10,0
23253,TRIM11,0
23254,TRIM13,0
23255,TRIM14,0
23256,TRIM15,0
23257,TRIM16,0
23258,TRIM16L,0
23259,TRIM17,0
23260,TRIM2,0
23261,TRIM21,0
23262,TRIM22,0
23263,TRIM23,0
23264,TRIM24,0
23265,TRIM25,0
23266,TRIM26,0
23267,TRIM27,0
23268,TRIM28,0
23269,TRIM29,0
23270,TRIM3,0
23271,TRIM31,0
23272,TRIM31-AS1,0
23273,TRIM32,0
23274,TRIM33,0
23275,TRIM34,0
23276,TRIM35,0
23277,TRIM36,0
23278,TRIM37,0
23279,TRIM38,0
23280,TRIM39,0
23281,TRIM4,0
23282,TRIM41,0
23283,TRIM44,0
23284,TRIM45,0
23285,TRIM46,0
23286,TRIM47,0
23287,TRIM5,0
23288,TRIM50,0
23289,TRIM52,0
23290,TRIM54,0
23291,TRIM55,0
23292,TRIM56,0
23293,TRIM58,0
23294,TRIM59,0
23295,TRIM6,0
23296,TRIM60,0
23297,TRIM61,0
23298,TRIM62,0
23299,TRIM63,0
23300,TRIM65,0
23301,TRIM66,0
23302,TRIM67,0
23303,TRIM68,0
23304,TRIM69,0
23305,TRIM7,0
23306,TRIM71,0
23307,TRIM72,0
23308,TRIM73,0
23309,TRIM74,0
23310,TRIM8,0
23311,TRIM9,0
23312,TRIML2,0
23313,TRIO,0
23314,TRIOBP,0
23315,TRIP10,0
23316,TRIP11,0
23317,TRIP12,0
23318,TRIP13,0
23319,TRIP4,0
23320,TRIP6,0
23321,TRIQK,0
23322,TRIT1,0
23323,TRMO,0
23324,TRMT1,0
23325,TRMT10A,0
23326,TRMT10B,0
23327,TRMT10C,0
23328,TRMT11,0
23329,TRMT112,0
23330,TRMT12,0
23331,TRMT13,0
23332,TRMT1L,0
23333,TRMT2A,0
23334,TRMT2B,0
23335,TRMT44,0
23336,TRMT5,0
23337,TRMT6,0
23338,TRMT61A,0
23339,TRMT61B,0
23340,TRMU,0
23341,TRNAU1AP,0
23342,TRNP1,0
23343,TRNT1,0
23344,TRO,0
23345,TROAP,0
23346,TROVE2,0
23347,TRPA1,1
23348,TRPC1,0
23349,TRPC3,0
23350,TRPC4,0
23351,TRPC4AP,0
23352,TRPC5OS,0
23353,TRPC6,0
23354,TRPM1,0
23355,TRPM2,0
23356,TRPM2-AS,0
23357,TRPM3,0
23358,TRPM4,0
23359,TRPM5,0
23360,TRPM6,0
23361,TRPM7,0
23362,TRPM8,1
23363,TRPS1,0
23364,TRPT1,0
23365,TRPV1,1
23366,TRPV2,0
23367,TRPV3,1
23368,TRPV4,1
23369,TRPV5,0
23370,TRPV6,0
23371,TRRAP,0
23372,TRUB1,0
23373,TRUB2,0
23374,TSACC,0
23375,TSC1,0
23376,TSC2,0
23377,TSC22D1,0
23378,TSC22D1-AS1,0
23379,TSC22D2,0
23380,TSC22D3,0
23381,TSC22D4,0
23382,TSEN15,0
23383,TSEN2,0
23384,TSEN34,0
23385,TSEN54,0
23386,TSFM,0
23387,TSG101,1
23388,TSGA10,0
23389,TSGA10IP,0
23390,TSGA13,0
23391,TSHR,1
23392,TSHZ1,0
23393,TSHZ2,0
23394,TSHZ3,0
23395,TSIX,0
23396,TSKS,0
23397,TSKU,0
23398,TSLP,1
23399,TSN,0
23400,TSNARE1,0
23401,TSNAX,0
23402,TSNAX-DISC1,0
23403,TSNAXIP1,0
23404,TSPAN1,0
23405,TSPAN10,0
23406,TSPAN11,0
23407,TSPAN12,0
23408,TSPAN13,0
23409,TSPAN14,0
23410,TSPAN15,0
23411,TSPAN17,0
23412,TSPAN18,0
23413,TSPAN19,0
23414,TSPAN2,0
23415,TSPAN3,0
23416,TSPAN31,0
23417,TSPAN32,0
23418,TSPAN33,0
23419,TSPAN4,0
23420,TSPAN5,0
23421,TSPAN6,0
23422,TSPAN7,0
23423,TSPAN8,0
23424,TSPAN9,0
23425,TSPEAR,0
23426,TSPEAR-AS1,0
23427,TSPEAR-AS2,0
23428,TSPO,1
23429,TSPO2,0
23430,TSPYL1,0
23431,TSPYL2,0
23432,TSPYL4,0
23433,TSPYL5,0
23434,TSR1,0
23435,TSR2,0
23436,TSR3,0
23437,TSSC1,0
23438,TSSC4,0
23439,TSSK3,0
23440,TSSK4,0
23441,TSSK6,0
23442,TST,0
23443,TSTA3,0
23444,TSTD1,0
23445,TSTD2,0
23446,TSTD3,0
23447,TTBK1,0
23448,TTBK2,0
23449,TTC1,0
23450,TTC12,0
23451,TTC13,0
23452,TTC14,0
23453,TTC16,0
23454,TTC17,0
23455,TTC19,0
23456,TTC21A,0
23457,TTC21B,0
23458,TTC22,0
23459,TTC23,0
23460,TTC23L,0
23461,TTC24,0
23462,TTC25,0
23463,TTC26,0
23464,TTC27,0
23465,TTC28,0
23466,TTC29,0
23467,TTC3,0
23468,TTC30A,0
23469,TTC30B,0
23470,TTC31,0
23471,TTC32,0
23472,TTC33,0
23473,TTC34,0
23474,TTC36,0
23475,TTC37,0
23476,TTC38,0
23477,TTC39A,0
23478,TTC39A-AS1,0
23479,TTC39B,0
23480,TTC39C,0
23481,TTC39C-AS1,0
23482,TTC4,0
23483,TTC5,0
23484,TTC6,0
23485,TTC7A,0
23486,TTC7B,0
23487,TTC8,0
23488,TTC9,0
23489,TTC9B,0
23490,TTC9C,0
23491,TTF1,0
23492,TTF2,0
23493,TTI1,0
23494,TTI2,0
23495,TTK,1
23496,TTL,0
23497,TTLL1,0
23498,TTLL10,0
23499,TTLL10-AS1,0
23500,TTLL11,0
23501,TTLL11-IT1,0
23502,TTLL12,0
23503,TTLL3,0
23504,TTLL4,0
23505,TTLL5,0
23506,TTLL6,0
23507,TTLL7,0
23508,TTLL9,0
23509,TTN,0
23510,TTN-AS1,0
23511,TTPA,0
23512,TTPAL,0
23513,TTR,1
23514,TTTY10,0
23515,TTTY14,0
23516,TTTY15,0
23517,TTYH1,0
23518,TTYH2,0
23519,TTYH3,0
23520,TUB,0
23521,TUBA1A,1
23522,TUBA1B,1
23523,TUBA1C,1
23524,TUBA3D,0
23525,TUBA4A,1
23526,TUBA4B,0
23527,TUBA8,0
23528,TUBAL3,0
23529,TUBB,1
23530,TUBB1,1
23531,TUBB2A,1
23532,TUBB2B,1
23533,TUBB3,1
23534,TUBB4A,1
23535,TUBB4B,1
23536,TUBB6,1
23537,TUBB8,1
23538,TUBD1,0
23539,TUBE1,0
23540,TUBG1,0
23541,TUBG2,0
23542,TUBGCP2,0
23543,TUBGCP3,0
23544,TUBGCP4,0
23545,TUBGCP5,0
23546,TUBGCP6,0
23547,TUFM,0
23548,TUFT1,0
23549,TUG1,0
23550,TULP1,0
23551,TULP2,0
23552,TULP3,0
23553,TULP4,0
23554,TUNAR,0
23555,TUSC1,0
23556,TUSC2,0
23557,TUSC3,0
23558,TUSC5,0
23559,TUSC8,0
23560,TUT1,0
23561,TVP23A,0
23562,TVP23B,0
23563,TVP23C,0
23564,TVP23C-CDRT4,0
23565,TWF1,0
23566,TWF2,0
23567,TWIST1,0
23568,TWIST2,0
23569,TWISTNB,0
23570,TWSG1,0
23571,TXK,0
23572,TXLNA,0
23573,TXLNB,0
23574,TXLNG,0
23575,TXN,1
23576,TXN2,0
23577,TXNDC11,0
23578,TXNDC12,0
23579,TXNDC15,0
23580,TXNDC16,0
23581,TXNDC17,0
23582,TXNDC2,0
23583,TXNDC5,0
23584,TXNDC9,0
23585,TXNIP,0
23586,TXNL1,0
23587,TXNL4A,0
23588,TXNL4B,0
23589,TXNRD1,1
23590,TXNRD2,0
23591,TXNRD3,0
23592,TYK2,1
23593,TYMP,1
23594,TYMS,1
23595,TYRO3,0
23596,TYROBP,0
23597,TYRP1,1
23598,TYSND1,0
23599,TYW1,0
23600,TYW1B,0
23601,TYW3,0
23602,TYW5,0
23603,U2AF1,0
23604,U2AF1L4,0
23605,U2AF1L5,0
23606,U2AF2,0
23607,U2SURP,0
23608,U47924.27,0
23609,U47924.29,0
23610,U47924.31,0
23611,U47924.32,0
23612,U51244.2,0
23613,U52111.14,0
23614,U66059.58,0
23615,U73166.2,0
23616,U82695.5,0
23617,U91328.19,0
23618,U91328.22,0
23619,UACA,0
23620,UAP1,0
23621,UAP1L1,0
23622,UBA1,0
23623,UBA2,0
23624,UBA3,1
23625,UBA5,0
23626,UBA52,0
23627,UBA6,0
23628,UBA6-AS1,0
23629,UBA7,0
23630,UBAC1,0
23631,UBAC2,0
23632,UBAC2-AS1,0
23633,UBALD1,0
23634,UBALD2,0
23635,UBAP1,0
23636,UBAP1L,0
23637,UBAP2,0
23638,UBAP2L,0
23639,UBASH3A,0
23640,UBASH3B,0
23641,UBB,0
23642,UBC,0
23643,UBD,0
23644,UBE2A,0
23645,UBE2B,0
23646,UBE2C,0
23647,UBE2D1,0
23648,UBE2D2,0
23649,UBE2D3,0
23650,UBE2D4,0
23651,UBE2E1,0
23652,UBE2E1-AS1,0
23653,UBE2E2,0
23654,UBE2E2-AS1,0
23655,UBE2E3,0
23656,UBE2F,0
23657,UBE2F-SCLY,0
23658,UBE2G1,0
23659,UBE2G2,0
23660,UBE2H,0
23661,UBE2I,0
23662,UBE2J1,0
23663,UBE2J2,0
23664,UBE2K,0
23665,UBE2L3,0
23666,UBE2L6,0
23667,UBE2M,0
23668,UBE2N,0
23669,UBE2O,0
23670,UBE2Q1,0
23671,UBE2Q2,0
23672,UBE2Q2L,0
23673,UBE2QL1,0
23674,UBE2R2,0
23675,UBE2R2-AS1,0
23676,UBE2S,0
23677,UBE2T,0
23678,UBE2U,0
23679,UBE2V1,0
23680,UBE2V2,0
23681,UBE2W,0
23682,UBE2Z,0
23683,UBE3A,0
23684,UBE3B,0
23685,UBE3C,0
23686,UBE3D,0
23687,UBE4A,0
23688,UBE4B,0
23689,UBFD1,0
23690,UBIAD1,0
23691,UBL3,0
23692,UBL4A,0
23693,UBL4B,0
23694,UBL5,0
23695,UBL7,0
23696,UBL7-AS1,0
23697,UBLCP1,0
23698,UBN1,0
23699,UBN2,0
23700,UBOX5,0
23701,UBOX5-AS1,0
23702,UBP1,0
23703,UBQLN1,0
23704,UBQLN2,0
23705,UBQLN4,0
23706,UBQLNL,0
23707,UBR1,0
23708,UBR2,0
23709,UBR3,0
23710,UBR4,0
23711,UBR5,0
23712,UBR5-AS1,0
23713,UBR7,0
23714,UBTD1,0
23715,UBTD2,0
23716,UBTF,0
23717,UBXN1,0
23718,UBXN10,0
23719,UBXN10-AS1,0
23720,UBXN11,0
23721,UBXN2A,0
23722,UBXN2B,0
23723,UBXN4,0
23724,UBXN6,0
23725,UBXN7,0
23726,UBXN8,0
23727,UCHL1,0
23728,UCHL1-AS1,0
23729,UCHL3,0
23730,UCHL5,0
23731,UCK1,0
23732,UCK2,0
23733,UCKL1,0
23734,UCKL1-AS1,0
23735,UCN,0
23736,UCN2,0
23737,UCN3,0
23738,UCP1,0
23739,UCP2,0
23740,UCP3,0
23741,UEVLD,0
23742,UFC1,0
23743,UFD1L,0
23744,UFL1,0
23745,UFM1,0
23746,UFSP1,0
23747,UFSP2,0
23748,UG0898H09,0
23749,UGCG,1
23750,UGDH,0
23751,UGDH-AS1,0
23752,UGGT1,0
23753,UGGT2,0
23754,UGP2,0
23755,UGT1A1,0
23756,UGT1A6,0
23757,UGT1A7,0
23758,UGT2A1,0
23759,UGT2B10,0
23760,UGT2B11,0
23761,UGT2B15,0
23762,UGT2B17,0
23763,UGT2B28,0
23764,UGT2B4,0
23765,UGT2B7,0
23766,UGT3A1,0
23767,UGT3A2,0
23768,UGT8,0
23769,UHMK1,0
23770,UHRF1,0
23771,UHRF1BP1,0
23772,UHRF1BP1L,0
23773,UHRF2,0
23774,UIMC1,0
23775,ULBP1,0
23776,ULBP2,0
23777,ULBP3,0
23778,ULK1,0
23779,ULK2,0
23780,ULK3,0
23781,ULK4,0
23782,UMAD1,0
23783,UMODL1,0
23784,UMPS,1
23785,UNC119,0
23786,UNC119B,0
23787,UNC13A,0
23788,UNC13B,0
23789,UNC13C,0
23790,UNC13D,0
23791,UNC45A,0
23792,UNC45B,0
23793,UNC50,0
23794,UNC5A,0
23795,UNC5B,0
23796,UNC5B-AS1,0
23797,UNC5C,0
23798,UNC5CL,0
23799,UNC5D,0
23800,UNC79,0
23801,UNC80,0
23802,UNC93A,0
23803,UNC93B1,0
23804,UNG,0
23805,UNK,0
23806,UNKL,0
23807,UNQ6494,0
23808,UPB1,0
23809,UPF1,0
23810,UPF2,0
23811,UPF3A,0
23812,UPF3B,0
23813,UPK1A,0
23814,UPK1A-AS1,0
23815,UPK1B,0
23816,UPK2,0
23817,UPK3A,0
23818,UPK3B,0
23819,UPK3BL,0
23820,UPP1,0
23821,UPP2,0
23822,UPRT,0
23823,UQCC1,0
23824,UQCC2,0
23825,UQCC3,0
23826,UQCR10,0
23827,UQCR11,0
23828,UQCRB,0
23829,UQCRC1,0
23830,UQCRC2,0
23831,UQCRFS1,0
23832,UQCRH,0
23833,UQCRHL,0
23834,UQCRQ,0
23835,URB1,0
23836,URB1-AS1,0
23837,URB2,0
23838,URGCP,0
23839,URI1,0
23840,URM1,0
23841,UROC1,0
23842,UROD,0
23843,UROS,0
23844,USB1,0
23845,USE1,0
23846,USF1,0
23847,USF2,0
23848,USF3,0
23849,USH1C,0
23850,USH1G,0
23851,USH2A,0
23852,USHBP1,0
23853,USMG5,0
23854,USO1,0
23855,USP1,0
23856,USP10,0
23857,USP11,0
23858,USP12,0
23859,USP12-AS2,0
23860,USP13,0
23861,USP14,0
23862,USP15,0
23863,USP16,0
23864,USP18,0
23865,USP19,0
23866,USP2,0
23867,USP2-AS1,0
23868,USP20,0
23869,USP21,0
23870,USP22,0
23871,USP24,0
23872,USP25,0
23873,USP27X,0
23874,USP27X-AS1,0
23875,USP28,0
23876,USP3,0
23877,USP3-AS1,0
23878,USP30,0
23879,USP30-AS1,0
23880,USP31,0
23881,USP32,0
23882,USP33,0
23883,USP34,0
23884,USP35,0
23885,USP36,0
23886,USP37,0
23887,USP38,0
23888,USP39,0
23889,USP4,0
23890,USP40,0
23891,USP41,0
23892,USP42,0
23893,USP43,0
23894,USP44,0
23895,USP45,0
23896,USP46,0
23897,USP46-AS1,0
23898,USP47,0
23899,USP48,0
23900,USP49,0
23901,USP5,0
23902,USP50,0
23903,USP51,0
23904,USP53,0
23905,USP54,0
23906,USP6,0
23907,USP6NL,0
23908,USP7,0
23909,USP8,0
23910,USP9X,0
23911,USP9Y,0
23912,USPL1,0
23913,UST,0
23914,UTF1,0
23915,UTP11L,0
23916,UTP14A,0
23917,UTP14C,0
23918,UTP15,0
23919,UTP18,0
23920,UTP20,0
23921,UTP23,0
23922,UTP3,0
23923,UTP4,0
23924,UTP6,0
23925,UTRN,1
23926,UTS2,0
23927,UTS2B,0
23928,UTY,0
23929,UVRAG,0
23930,UVSSA,0
23931,UXS1,0
23932,UXT,0
23933,UXT-AS1,0
23934,VAC14,0
23935,VAC14-AS1,0
23936,VAMP1,0
23937,VAMP2,1
23938,VAMP3,0
23939,VAMP4,0
23940,VAMP5,0
23941,VAMP7,0
23942,VAMP8,0
23943,VANGL1,0
23944,VANGL2,0
23945,VAPA,0
23946,VAPB,0
23947,VARS,0
23948,VARS2,0
23949,VASH1,0
23950,VASH2,0
23951,VASN,0
23952,VASP,0
23953,VAT1,0
23954,VAT1L,0
23955,VAV1,0
23956,VAV2,0
23957,VAV3,0
23958,VAV3-AS1,0
23959,VAX1,0
23960,VAX2,0
23961,VBP1,0
23962,VCAM1,0
23963,VCAN,0
23964,VCAN-AS1,0
23965,VCL,0
23966,VCP,0
23967,VCPIP1,0
23968,VCPKMT,0
23969,VCX,0
23970,VCX3B,0
23971,VDAC1,0
23972,VDAC2,0
23973,VDAC3,0
23974,VDR,1
23975,VEGFA,1
23976,VEGFB,1
23977,VEGFC,1
23978,VENTX,0
23979,VEPH1,0
23980,VEZF1,0
23981,VEZT,0
23982,VGF,0
23983,VGLL1,0
23984,VGLL2,0
23985,VGLL3,0
23986,VGLL4,0
23987,VHL,0
23988,VIL1,0
23989,VILL,0
23990,VIM,1
23991,VIM-AS1,0
23992,VIMP,0
23993,VIP,0
23994,VIPAS39,0
23995,VIPR1,0
23996,VIPR1-AS1,0
23997,VIPR2,0
23998,VIT,0
23999,VKORC1,0
24000,VKORC1L1,0
24001,VLDLR,0
24002,VLDLR-AS1,0
24003,VMA21,0
24004,VMAC,0
24005,VMO1,0
24006,VMP1,0
24007,VN1R1,0
24008,VN1R2,0
24009,VNN1,0
24010,VNN2,0
24011,VNN3,0
24012,VOPP1,0
24013,VPRBP,0
24014,VPREB1,0
24015,VPREB3,0
24016,VPS11,0
24017,VPS13A,0
24018,VPS13A-AS1,0
24019,VPS13B,0
24020,VPS13C,0
24021,VPS13D,0
24022,VPS16,0
24023,VPS18,0
24024,VPS25,0
24025,VPS26A,0
24026,VPS26B,0
24027,VPS28,0
24028,VPS29,0
24029,VPS33A,0
24030,VPS33B,0
24031,VPS35,0
24032,VPS36,0
24033,VPS37A,0
24034,VPS37B,0
24035,VPS37C,0
24036,VPS37D,0
24037,VPS39,0
24038,VPS41,0
24039,VPS45,0
24040,VPS4A,0
24041,VPS4B,0
24042,VPS50,0
24043,VPS51,0
24044,VPS52,0
24045,VPS53,0
24046,VPS54,0
24047,VPS72,0
24048,VPS8,0
24049,VPS9D1,0
24050,VPS9D1-AS1,0
24051,VRK1,0
24052,VRK2,0
24053,VRK3,0
24054,VSIG1,0
24055,VSIG10,0
24056,VSIG10L,0
24057,VSIG2,0
24058,VSIG4,0
24059,VSIG8,0
24060,VSNL1,0
24061,VSTM1,0
24062,VSTM2A,0
24063,VSTM2B,0
24064,VSTM2L,0
24065,VSTM4,0
24066,VSTM5,0
24067,VSX1,0
24068,VSX2,0
24069,VTA1,0
24070,VTCN1,0
24071,VTI1A,0
24072,VTI1B,0
24073,VTN,0
24074,VWA1,0
24075,VWA2,0
24076,VWA3A,0
24077,VWA3B,0
24078,VWA5A,0
24079,VWA5B1,0
24080,VWA5B2,0
24081,VWA7,0
24082,VWA8,0
24083,VWA8-AS1,0
24084,VWA9,0
24085,VWC2,0
24086,VWC2L,0
24087,VWCE,0
24088,VWDE,0
24089,VWF,1
24090,WAC,0
24091,WAC-AS1,0
24092,WAPL,0
24093,WARS,0
24094,WARS2,0
24095,WARS2-IT1,0
24096,WAS,0
24097,WASF1,0
24098,WASF2,0
24099,WASF3,0
24100,WASH1,0
24101,WASIR1,0
24102,WASIR2,0
24103,WASL,0
24104,WBP1,0
24105,WBP11,0
24106,WBP1L,0
24107,WBP2,0
24108,WBP2NL,0
24109,WBP4,0
24110,WBP5,0
24111,WBSCR16,0
24112,WBSCR17,0
24113,WBSCR22,0
24114,WBSCR27,0
24115,WBSCR28,0
24116,WDFY1,0
24117,WDFY2,0
24118,WDFY3,0
24119,WDFY4,0
24120,WDHD1,0
24121,WDPCP,0
24122,WDR1,0
24123,WDR11,0
24124,WDR11-AS1,0
24125,WDR12,0
24126,WDR13,0
24127,WDR17,0
24128,WDR18,0
24129,WDR19,0
24130,WDR20,0
24131,WDR24,0
24132,WDR25,0
24133,WDR26,0
24134,WDR27,0
24135,WDR3,0
24136,WDR31,0
24137,WDR33,0
24138,WDR34,0
24139,WDR35,0
24140,WDR36,0
24141,WDR37,0
24142,WDR38,0
24143,WDR4,0
24144,WDR41,0
24145,WDR43,0
24146,WDR44,0
24147,WDR45,0
24148,WDR45B,0
24149,WDR46,0
24150,WDR47,0
24151,WDR48,0
24152,WDR49,0
24153,WDR5,0
24154,WDR53,0
24155,WDR54,0
24156,WDR55,0
24157,WDR59,0
24158,WDR5B,0
24159,WDR6,0
24160,WDR60,0
24161,WDR61,0
24162,WDR62,0
24163,WDR63,0
24164,WDR64,0
24165,WDR66,0
24166,WDR7,0
24167,WDR70,0
24168,WDR72,0
24169,WDR73,0
24170,WDR74,0
24171,WDR75,0
24172,WDR76,0
24173,WDR77,0
24174,WDR78,0
24175,WDR81,0
24176,WDR82,0
24177,WDR83,0
24178,WDR83OS,0
24179,WDR86,0
24180,WDR87,0
24181,WDR88,0
24182,WDR89,0
24183,WDR90,0
24184,WDR91,0
24185,WDR92,0
24186,WDR93,0
24187,WDR97,0
24188,WDSUB1,0
24189,WDTC1,0
24190,WDYHV1,0
24191,WEE1,1
24192,WEE2,0
24193,WEE2-AS1,0
24194,WFDC1,0
24195,WFDC10A,0
24196,WFDC10B,0
24197,WFDC11,0
24198,WFDC12,0
24199,WFDC13,0
24200,WFDC2,0
24201,WFDC3,0
24202,WFDC5,0
24203,WFDC6,0
24204,WFIKKN1,0
24205,WFIKKN2,0
24206,WFS1,0
24207,WHAMM,0
24208,WHSC1,0
24209,WHSC1L1,0
24210,WI2-1959D15.1,0
24211,WI2-80269A6.1,0
24212,WI2-85898F10.1,0
24213,WI2-85898F10.2,0
24214,WI2-87327B8.2,0
24215,WIF1,0
24216,WIPF1,0
24217,WIPF2,0
24218,WIPF3,0
24219,WIPI1,0
24220,WIPI2,0
24221,WISP1,0
24222,WISP2,0
24223,WISP3,0
24224,WIZ,0
24225,WLS,0
24226,WNK1,0
24227,WNK2,0
24228,WNK3,0
24229,WNK4,0
24230,WNT10A,0
24231,WNT10B,0
24232,WNT11,0
24233,WNT16,0
24234,WNT2,0
24235,WNT2B,0
24236,WNT3,0
24237,WNT3A,0
24238,WNT4,0
24239,WNT5A,0
24240,WNT5A-AS1,0
24241,WNT5B,0
24242,WNT6,0
24243,WNT7A,0
24244,WNT7B,0
24245,WNT9A,0
24246,WRAP53,0
24247,WRAP73,0
24248,WRB,0
24249,WRN,0
24250,WRNIP1,0
24251,WSB1,0
24252,WSB2,0
24253,WSCD1,0
24254,WSCD2,0
24255,WT1,1
24256,WT1-AS,0
24257,WTAP,0
24258,WTIP,0
24259,WWC1,0
24260,WWC2,0
24261,WWC2-AS1,0
24262,WWC2-AS2,0
24263,WWC3,0
24264,WWC3-AS1,0
24265,WWOX,0
24266,WWP1,0
24267,WWP2,0
24268,WWTR1,0
24269,WWTR1-AS1,0
24270,XAB2,0
24271,XAF1,0
24272,XAGE1A,0
24273,XAGE1B,0
24274,XAGE2,0
24275,XAGE3,0
24276,XBP1,0
24277,XCL1,0
24278,XCL2,0
24279,XCR1,0
24280,XDH,1
24281,XG,0
24282,XIAP,0
24283,XIAP-AS1,0
24284,XIRP1,0
24285,XIRP2,0
24286,XIST,0
24287,XK,0
24288,XKR3,0
24289,XKR4,0
24290,XKR5,0
24291,XKR6,0
24292,XKR7,0
24293,XKR8,0
24294,XKR9,0
24295,XKRX,0
24296,XPA,0
24297,XPC,0
24298,XPNPEP1,1
24299,XPNPEP2,0
24300,XPNPEP3,0
24301,XPO1,1
24302,XPO4,0
24303,XPO5,0
24304,XPO6,0
24305,XPO7,0
24306,XPOT,0
24307,XPR1,0
24308,XRCC1,0
24309,XRCC2,0
24310,XRCC3,0
24311,XRCC4,0
24312,XRCC5,0
24313,XRCC6,0
24314,XRCC6BP1,0
24315,XRN1,0
24316,XRN2,0
24317,XRRA1,0
24318,XX-C2158C12.2,0
24319,XX-C2158C6.3,0
24320,XX-CR54.1,0
24321,XX-FW83128A1.2,0
24322,XX-FW83563B9.5,0
24323,XXYLT1,0
24324,XXYLT1-AS2,0
24325,XXBAC-B135H6.15,0
24326,XXBAC-B135H6.18,0
24327,XXBAC-B33L19.4,0
24328,XXBAC-B444P24.14,0
24329,XXBAC-B444P24.8,0
24330,XXBAC-B476C20.9,0
24331,XXBAC-BCX196D17.5,0
24332,XXBAC-BPG13B8.10,0
24333,XXBAC-BPG154L12.4,0
24334,XXBAC-BPG154L12.5,0
24335,XXBAC-BPG157A10.21,0
24336,XXBAC-BPG170G13.32,0
24337,XXBAC-BPG181B23.7,0
24338,XXBAC-BPG181M17.6,0
24339,XXBAC-BPG249D20.9,0
24340,XXBAC-BPG252P9.10,0
24341,XXBAC-BPG252P9.9,0
24342,XXBAC-BPG27H4.8,0
24343,XXBAC-BPG294E21.9,0
24344,XXBAC-BPG299F13.17,0
24345,XXBAC-BPG308K3.5,0
24346,XXBAC-BPG32J3.19,0
24347,XXBAC-BPG55C20.7,0
24348,XXBAC-BPGBPG55C20.1,0
24349,XXBAC-BPGBPG55C20.2,0
24350,XXBAC-BPGBPG55C20.3,0
24351,XXYAC-YM21GA2.3,0
24352,XXYAC-YM21GA2.4,0
24353,XXYAC-YM21GA2.7,0
24354,XXYAC-YRM2039.3,0
24355,XXYAC-YX155B6.5,0
24356,XXYAC-YX155B6.7,0
24357,A.2.1,0
24358,A.3.1,0
24359,XYLB,0
24360,XYLT1,0
24361,XYLT2,0
24362,YAE1D1,0
24363,YAF2,0
24364,YAP1,0
24365,YARS,0
24366,YARS2,0
24367,YBEY,0
24368,YBX1,0
24369,YBX2,0
24370,YBX3,0
24371,YDJC,0
24372,YEATS2,0
24373,YEATS2-AS1,0
24374,YEATS4,0
24375,YES1,1
24376,YIF1A,0
24377,YIF1B,0
24378,YIPF1,0
24379,YIPF2,0
24380,YIPF3,0
24381,YIPF4,0
24382,YIPF5,0
24383,YIPF6,0
24384,YIPF7,0
24385,YJEFN3,0
24386,YKT6,0
24387,YLPM1,0
24388,YME1L1,0
24389,YOD1,0
24390,YPEL1,0
24391,YPEL2,0
24392,YPEL3,0
24393,YPEL4,0
24394,YPEL5,0
24395,YRDC,0
24396,YTHDC1,0
24397,YTHDC2,0
24398,YTHDF1,0
24399,YTHDF2,0
24400,YTHDF3,0
24401,YTHDF3-AS1,0
24402,YWHAB,0
24403,YWHAE,0
24404,YWHAG,0
24405,YWHAH,0
24406,YWHAQ,0
24407,YWHAZ,0
24408,YY1,0
24409,YY1AP1,0
24410,YY2,0
24411,Z69666.2,0
24412,Z69720.2,0
24413,Z82214.3,0
24414,Z83844.1,0
24415,Z83851.4,0
24416,ZACN,0
24417,ZADH2,0
24418,ZAN,0
24419,ZAP70,0
24420,ZAR1,0
24421,ZAR1L,0
24422,ZBBX,0
24423,ZBED1,0
24424,ZBED2,0
24425,ZBED3,0
24426,ZBED3-AS1,0
24427,ZBED4,0
24428,ZBED5,0
24429,ZBED5-AS1,0
24430,ZBED6,0
24431,ZBED6CL,0
24432,ZBED8,0
24433,ZBED9,0
24434,ZBP1,0
24435,ZBTB1,0
24436,ZBTB10,0
24437,ZBTB11,0
24438,ZBTB11-AS1,0
24439,ZBTB12,0
24440,ZBTB14,0
24441,ZBTB16,0
24442,ZBTB17,0
24443,ZBTB18,0
24444,ZBTB2,0
24445,ZBTB20,0
24446,ZBTB20-AS1,0
24447,ZBTB20-AS2,0
24448,ZBTB20-AS3,0
24449,ZBTB20-AS4,0
24450,ZBTB21,0
24451,ZBTB22,0
24452,ZBTB24,0
24453,ZBTB25,0
24454,ZBTB26,0
24455,ZBTB3,0
24456,ZBTB32,0
24457,ZBTB33,0
24458,ZBTB34,0
24459,ZBTB37,0
24460,ZBTB38,0
24461,ZBTB39,0
24462,ZBTB4,0
24463,ZBTB40,0
24464,ZBTB41,0
24465,ZBTB42,0
24466,ZBTB43,0
24467,ZBTB44,0
24468,ZBTB45,0
24469,ZBTB46,0
24470,ZBTB46-AS1,0
24471,ZBTB47,0
24472,ZBTB48,0
24473,ZBTB49,0
24474,ZBTB5,0
24475,ZBTB6,0
24476,ZBTB7A,0
24477,ZBTB7B,0
24478,ZBTB7C,0
24479,ZBTB8A,0
24480,ZBTB8B,0
24481,ZBTB8OS,0
24482,ZBTB9,0
24483,ZC2HC1A,0
24484,ZC2HC1C,0
24485,ZC3H10,0
24486,ZC3H11A,0
24487,ZC3H12A,0
24488,ZC3H12B,0
24489,ZC3H12C,0
24490,ZC3H12D,0
24491,ZC3H13,0
24492,ZC3H14,0
24493,ZC3H15,0
24494,ZC3H18,0
24495,ZC3H3,0
24496,ZC3H4,0
24497,ZC3H6,0
24498,ZC3H7A,0
24499,ZC3H7B,0
24500,ZC3H8,0
24501,ZC3HAV1,0
24502,ZC3HAV1L,0
24503,ZC3HC1,0
24504,ZC4H2,0
24505,ZCCHC10,0
24506,ZCCHC11,0
24507,ZCCHC12,0
24508,ZCCHC14,0
24509,ZCCHC17,0
24510,ZCCHC18,0
24511,ZCCHC2,0
24512,ZCCHC24,0
24513,ZCCHC3,0
24514,ZCCHC4,0
24515,ZCCHC5,0
24516,ZCCHC6,0
24517,ZCCHC7,0
24518,ZCCHC8,0
24519,ZCCHC9,0
24520,ZCRB1,0
24521,ZCWPW1,0
24522,ZCWPW2,0
24523,ZDBF2,0
24524,ZDHHC1,0
24525,ZDHHC11,0
24526,ZDHHC11B,0
24527,ZDHHC12,0
24528,ZDHHC13,0
24529,ZDHHC14,0
24530,ZDHHC15,0
24531,ZDHHC16,0
24532,ZDHHC17,0
24533,ZDHHC18,0
24534,ZDHHC19,0
24535,ZDHHC2,0
24536,ZDHHC20,0
24537,ZDHHC21,0
24538,ZDHHC22,0
24539,ZDHHC23,0
24540,ZDHHC24,0
24541,ZDHHC3,0
24542,ZDHHC4,0
24543,ZDHHC5,0
24544,ZDHHC6,0
24545,ZDHHC7,0
24546,ZDHHC8,0
24547,ZDHHC9,0
24548,ZEB1,0
24549,ZEB1-AS1,0
24550,ZEB2,0
24551,ZEB2-AS1,0
24552,ZER1,0
24553,ZFAND1,0
24554,ZFAND2A,0
24555,ZFAND2B,0
24556,ZFAND3,0
24557,ZFAND4,0
24558,ZFAND5,0
24559,ZFAND6,0
24560,ZFAS1,0
24561,ZFAT,0
24562,ZFC3H1,0
24563,ZFHX2,0
24564,ZFHX3,0
24565,ZFHX4,0
24566,ZFHX4-AS1,0
24567,ZFP1,0
24568,ZFP14,0
24569,ZFP2,0
24570,ZFP28,0
24571,ZFP3,0
24572,ZFP30,0
24573,ZFP36,0
24574,ZFP36L1,0
24575,ZFP36L2,0
24576,ZFP37,0
24577,ZFP41,0
24578,ZFP42,0
24579,ZFP57,0
24580,ZFP62,0
24581,ZFP64,0
24582,ZFP69,0
24583,ZFP69B,0
24584,ZFP82,0
24585,ZFP90,0
24586,ZFP91,0
24587,ZFP92,0
24588,ZFPL1,0
24589,ZFPM1,0
24590,ZFPM2,0
24591,ZFR,0
24592,ZFR2,0
24593,ZFX,0
24594,ZFY,0
24595,ZFY-AS1,0
24596,ZFYVE1,0
24597,ZFYVE16,0
24598,ZFYVE19,0
24599,ZFYVE21,0
24600,ZFYVE26,0
24601,ZFYVE27,0
24602,ZFYVE28,0
24603,ZFYVE9,0
24604,ZG16,0
24605,ZG16B,0
24606,ZGLP1,0
24607,ZGPAT,0
24608,ZGRF1,0
24609,ZHX1,0
24610,ZHX1-C8ORF76,0
24611,ZHX2,0
24612,ZHX3,0
24613,ZIC1,0
24614,ZIC2,0
24615,ZIC3,0
24616,ZIC4,0
24617,ZIC5,0
24618,ZIK1,0
24619,ZIM2,0
24620,ZIM2-AS1,0
24621,ZKSCAN1,0
24622,ZKSCAN2,0
24623,ZKSCAN3,0
24624,ZKSCAN4,0
24625,ZKSCAN5,0
24626,ZKSCAN7,0
24627,ZKSCAN8,0
24628,ZMAT1,0
24629,ZMAT2,0
24630,ZMAT3,0
24631,ZMAT4,0
24632,ZMAT5,0
24633,ZMIZ1,0
24634,ZMIZ1-AS1,0
24635,ZMIZ2,0
24636,ZMPSTE24,0
24637,ZMYM1,0
24638,ZMYM2,0
24639,ZMYM3,0
24640,ZMYM4,0
24641,ZMYM5,0
24642,ZMYM6,0
24643,ZMYM6NB,0
24644,ZMYND10,0
24645,ZMYND11,0
24646,ZMYND12,0
24647,ZMYND15,0
24648,ZMYND19,0
24649,ZMYND8,0
24650,ZNF10,0
24651,ZNF100,0
24652,ZNF101,0
24653,ZNF106,0
24654,ZNF107,0
24655,ZNF112,0
24656,ZNF114,0
24657,ZNF117,0
24658,ZNF12,0
24659,ZNF121,0
24660,ZNF124,0
24661,ZNF131,0
24662,ZNF132,0
24663,ZNF133,0
24664,ZNF134,0
24665,ZNF135,0
24666,ZNF136,0
24667,ZNF138,0
24668,ZNF14,0
24669,ZNF140,0
24670,ZNF141,0
24671,ZNF142,0
24672,ZNF143,0
24673,ZNF146,0
24674,ZNF148,0
24675,ZNF154,0
24676,ZNF155,0
24677,ZNF157,0
24678,ZNF16,0
24679,ZNF160,0
24680,ZNF165,0
24681,ZNF169,0
24682,ZNF17,0
24683,ZNF174,0
24684,ZNF175,0
24685,ZNF177,0
24686,ZNF18,0
24687,ZNF180,0
24688,ZNF181,0
24689,ZNF182,0
24690,ZNF184,0
24691,ZNF185,0
24692,ZNF189,0
24693,ZNF19,0
24694,ZNF195,0
24695,ZNF197,0
24696,ZNF197-AS1,0
24697,ZNF2,0
24698,ZNF20,0
24699,ZNF200,0
24700,ZNF202,0
24701,ZNF205,0
24702,ZNF207,0
24703,ZNF208,0
24704,ZNF211,0
24705,ZNF212,0
24706,ZNF213,0
24707,ZNF213-AS1,0
24708,ZNF214,0
24709,ZNF215,0
24710,ZNF217,0
24711,ZNF219,0
24712,ZNF22,0
24713,ZNF221,0
24714,ZNF222,0
24715,ZNF223,0
24716,ZNF224,0
24717,ZNF225,0
24718,ZNF226,0
24719,ZNF227,0
24720,ZNF229,0
24721,ZNF23,0
24722,ZNF230,0
24723,ZNF232,0
24724,ZNF233,0
24725,ZNF234,0
24726,ZNF235,0
24727,ZNF236,0
24728,ZNF239,0
24729,ZNF24,0
24730,ZNF248,0
24731,ZNF25,0
24732,ZNF250,0
24733,ZNF251,0
24734,ZNF252P-AS1,0
24735,ZNF253,0
24736,ZNF254,0
24737,ZNF256,0
24738,ZNF257,0
24739,ZNF26,0
24740,ZNF260,0
24741,ZNF263,0
24742,ZNF264,0
24743,ZNF266,0
24744,ZNF267,0
24745,ZNF268,0
24746,ZNF273,0
24747,ZNF274,0
24748,ZNF275,0
24749,ZNF276,0
24750,ZNF277,0
24751,ZNF28,0
24752,ZNF280A,0
24753,ZNF280B,0
24754,ZNF280C,0
24755,ZNF280D,0
24756,ZNF281,0
24757,ZNF282,0
24758,ZNF283,0
24759,ZNF284,0
24760,ZNF285,0
24761,ZNF286A,0
24762,ZNF286B,0
24763,ZNF287,0
24764,ZNF292,0
24765,ZNF295-AS1,0
24766,ZNF296,0
24767,ZNF3,0
24768,ZNF30,0
24769,ZNF30-AS1,0
24770,ZNF300,0
24771,ZNF302,0
24772,ZNF304,0
24773,ZNF311,0
24774,ZNF316,0
24775,ZNF317,0
24776,ZNF318,0
24777,ZNF319,0
24778,ZNF32,0
24779,ZNF32-AS1,0
24780,ZNF32-AS2,0
24781,ZNF320,0
24782,ZNF322,0
24783,ZNF324,0
24784,ZNF324B,0
24785,ZNF326,0
24786,ZNF329,0
24787,ZNF330,0
24788,ZNF331,0
24789,ZNF333,0
24790,ZNF334,0
24791,ZNF335,0
24792,ZNF337,0
24793,ZNF337-AS1,0
24794,ZNF33A,0
24795,ZNF33B,0
24796,ZNF34,0
24797,ZNF341,0
24798,ZNF341-AS1,0
24799,ZNF343,0
24800,ZNF345,0
24801,ZNF346,0
24802,ZNF347,0
24803,ZNF35,0
24804,ZNF350,0
24805,ZNF350-AS1,0
24806,ZNF354A,0
24807,ZNF354B,0
24808,ZNF354C,0
24809,ZNF358,0
24810,ZNF362,0
24811,ZNF365,0
24812,ZNF366,0
24813,ZNF367,0
24814,ZNF37A,0
24815,ZNF382,0
24816,ZNF383,0
24817,ZNF384,0
24818,ZNF385A,0
24819,ZNF385B,0
24820,ZNF385C,0
24821,ZNF385D,0
24822,ZNF391,0
24823,ZNF394,0
24824,ZNF395,0
24825,ZNF396,0
24826,ZNF397,0
24827,ZNF398,0
24828,ZNF404,0
24829,ZNF407,0
24830,ZNF408,0
24831,ZNF41,0
24832,ZNF410,0
24833,ZNF414,0
24834,ZNF415,0
24835,ZNF416,0
24836,ZNF417,0
24837,ZNF418,0
24838,ZNF419,0
24839,ZNF420,0
24840,ZNF423,0
24841,ZNF425,0
24842,ZNF426,0
24843,ZNF428,0
24844,ZNF429,0
24845,ZNF43,0
24846,ZNF430,0
24847,ZNF431,0
24848,ZNF432,0
24849,ZNF433,0
24850,ZNF436,0
24851,ZNF436-AS1,0
24852,ZNF438,0
24853,ZNF439,0
24854,ZNF44,0
24855,ZNF440,0
24856,ZNF441,0
24857,ZNF442,0
24858,ZNF443,0
24859,ZNF444,0
24860,ZNF445,0
24861,ZNF446,0
24862,ZNF449,0
24863,ZNF45,0
24864,ZNF451,0
24865,ZNF454,0
24866,ZNF460,0
24867,ZNF461,0
24868,ZNF462,0
24869,ZNF467,0
24870,ZNF468,0
24871,ZNF469,0
24872,ZNF470,0
24873,ZNF471,0
24874,ZNF473,0
24875,ZNF474,0
24876,ZNF48,0
24877,ZNF480,0
24878,ZNF483,0
24879,ZNF484,0
24880,ZNF485,0
24881,ZNF486,0
24882,ZNF487,0
24883,ZNF488,0
24884,ZNF490,0
24885,ZNF491,0
24886,ZNF492,0
24887,ZNF493,0
24888,ZNF496,0
24889,ZNF497,0
24890,ZNF500,0
24891,ZNF501,0
24892,ZNF502,0
24893,ZNF503,0
24894,ZNF503-AS1,0
24895,ZNF503-AS2,0
24896,ZNF506,0
24897,ZNF507,0
24898,ZNF510,0
24899,ZNF511,0
24900,ZNF512,0
24901,ZNF512B,0
24902,ZNF513,0
24903,ZNF514,0
24904,ZNF516,0
24905,ZNF517,0
24906,ZNF518A,0
24907,ZNF518B,0
24908,ZNF519,0
24909,ZNF521,0
24910,ZNF524,0
24911,ZNF525,0
24912,ZNF526,0
24913,ZNF527,0
24914,ZNF528,0
24915,ZNF529,0
24916,ZNF529-AS1,0
24917,ZNF530,0
24918,ZNF532,0
24919,ZNF534,0
24920,ZNF536,0
24921,ZNF540,0
24922,ZNF541,0
24923,ZNF543,0
24924,ZNF544,0
24925,ZNF546,0
24926,ZNF547,0
24927,ZNF548,0
24928,ZNF549,0
24929,ZNF550,0
24930,ZNF551,0
24931,ZNF552,0
24932,ZNF554,0
24933,ZNF555,0
24934,ZNF556,0
24935,ZNF557,0
24936,ZNF558,0
24937,ZNF559,0
24938,ZNF559-ZNF177,0
24939,ZNF560,0
24940,ZNF561,0
24941,ZNF562,0
24942,ZNF563,0
24943,ZNF564,0
24944,ZNF565,0
24945,ZNF566,0
24946,ZNF567,0
24947,ZNF568,0
24948,ZNF569,0
24949,ZNF57,0
24950,ZNF570,0
24951,ZNF571,0
24952,ZNF571-AS1,0
24953,ZNF572,0
24954,ZNF573,0
24955,ZNF574,0
24956,ZNF575,0
24957,ZNF576,0
24958,ZNF577,0
24959,ZNF578,0
24960,ZNF579,0
24961,ZNF580,0
24962,ZNF581,0
24963,ZNF582,0
24964,ZNF582-AS1,0
24965,ZNF583,0
24966,ZNF584,0
24967,ZNF585A,0
24968,ZNF585B,0
24969,ZNF586,0
24970,ZNF587,0
24971,ZNF587B,0
24972,ZNF589,0
24973,ZNF592,0
24974,ZNF593,0
24975,ZNF594,0
24976,ZNF595,0
24977,ZNF596,0
24978,ZNF597,0
24979,ZNF598,0
24980,ZNF599,0
24981,ZNF600,0
24982,ZNF605,0
24983,ZNF606,0
24984,ZNF607,0
24985,ZNF608,0
24986,ZNF609,0
24987,ZNF610,0
24988,ZNF611,0
24989,ZNF613,0
24990,ZNF614,0
24991,ZNF615,0
24992,ZNF616,0
24993,ZNF618,0
24994,ZNF619,0
24995,ZNF620,0
24996,ZNF621,0
24997,ZNF622,0
24998,ZNF623,0
24999,ZNF624,0
25000,ZNF625,0
25001,ZNF625-ZNF20,0
25002,ZNF626,0
25003,ZNF627,0
25004,ZNF628,0
25005,ZNF629,0
25006,ZNF630,0
25007,ZNF638,0
25008,ZNF639,0
25009,ZNF641,0
25010,ZNF644,0
25011,ZNF646,0
25012,ZNF648,0
25013,ZNF649,0
25014,ZNF649-AS1,0
25015,ZNF652,0
25016,ZNF653,0
25017,ZNF654,0
25018,ZNF655,0
25019,ZNF658,0
25020,ZNF66,0
25021,ZNF660,0
25022,ZNF662,0
25023,ZNF664,0
25024,ZNF665,0
25025,ZNF667,0
25026,ZNF667-AS1,0
25027,ZNF668,0
25028,ZNF669,0
25029,ZNF670,0
25030,ZNF670-ZNF695,0
25031,ZNF671,0
25032,ZNF672,0
25033,ZNF674,0
25034,ZNF674-AS1,0
25035,ZNF675,0
25036,ZNF676,0
25037,ZNF677,0
25038,ZNF678,0
25039,ZNF680,0
25040,ZNF681,0
25041,ZNF682,0
25042,ZNF683,0
25043,ZNF684,0
25044,ZNF687,0
25045,ZNF688,0
25046,ZNF689,0
25047,ZNF69,0
25048,ZNF691,0
25049,ZNF692,0
25050,ZNF695,0
25051,ZNF696,0
25052,ZNF697,0
25053,ZNF699,0
25054,ZNF7,0
25055,ZNF70,0
25056,ZNF700,0
25057,ZNF701,0
25058,ZNF703,0
25059,ZNF704,0
25060,ZNF705A,0
25061,ZNF706,0
25062,ZNF707,0
25063,ZNF708,0
25064,ZNF709,0
25065,ZNF71,0
25066,ZNF710,0
25067,ZNF711,0
25068,ZNF713,0
25069,ZNF714,0
25070,ZNF716,0
25071,ZNF717,0
25072,ZNF718,0
25073,ZNF720,0
25074,ZNF721,0
25075,ZNF724P,0
25076,ZNF726,0
25077,ZNF727,0
25078,ZNF730,0
25079,ZNF732,0
25080,ZNF736,0
25081,ZNF737,0
25082,ZNF738,0
25083,ZNF74,0
25084,ZNF740,0
25085,ZNF746,0
25086,ZNF747,0
25087,ZNF749,0
25088,ZNF750,0
25089,ZNF75A,0
25090,ZNF75D,0
25091,ZNF76,0
25092,ZNF761,0
25093,ZNF763,0
25094,ZNF764,0
25095,ZNF765,0
25096,ZNF766,0
25097,ZNF768,0
25098,ZNF77,0
25099,ZNF770,0
25100,ZNF771,0
25101,ZNF772,0
25102,ZNF773,0
25103,ZNF774,0
25104,ZNF775,0
25105,ZNF776,0
25106,ZNF777,0
25107,ZNF778,0
25108,ZNF780A,0
25109,ZNF780B,0
25110,ZNF781,0
25111,ZNF782,0
25112,ZNF783,0
25113,ZNF784,0
25114,ZNF785,0
25115,ZNF786,0
25116,ZNF787,0
25117,ZNF788,0
25118,ZNF789,0
25119,ZNF79,0
25120,ZNF790,0
25121,ZNF790-AS1,0
25122,ZNF791,0
25123,ZNF792,0
25124,ZNF793,0
25125,ZNF793-AS1,0
25126,ZNF799,0
25127,ZNF8,0
25128,ZNF80,0
25129,ZNF800,0
25130,ZNF804A,0
25131,ZNF805,0
25132,ZNF808,0
25133,ZNF81,0
25134,ZNF812P,0
25135,ZNF813,0
25136,ZNF814,0
25137,ZNF816,0
25138,ZNF816-ZNF321P,0
25139,ZNF821,0
25140,ZNF823,0
25141,ZNF827,0
25142,ZNF829,0
25143,ZNF83,0
25144,ZNF830,0
25145,ZNF831,0
25146,ZNF835,0
25147,ZNF836,0
25148,ZNF837,0
25149,ZNF839,0
25150,ZNF84,0
25151,ZNF841,0
25152,ZNF843,0
25153,ZNF844,0
25154,ZNF845,0
25155,ZNF846,0
25156,ZNF85,0
25157,ZNF850,0
25158,ZNF852,0
25159,ZNF853,0
25160,ZNF860,0
25161,ZNF862,0
25162,ZNF865,0
25163,ZNF878,0
25164,ZNF879,0
25165,ZNF880,0
25166,ZNF883,0
25167,ZNF888,0
25168,ZNF891,0
25169,ZNF90,0
25170,ZNF91,0
25171,ZNF92,0
25172,ZNF93,0
25173,ZNF98,0
25174,ZNF99,0
25175,ZNFX1,0
25176,ZNHIT1,0
25177,ZNHIT2,0
25178,ZNHIT3,0
25179,ZNHIT6,0
25180,ZNRD1,0
25181,ZNRD1-AS1,0
25182,ZNRF1,0
25183,ZNRF2,0
25184,ZNRF3,0
25185,ZNRF3-AS1,0
25186,ZP1,0
25187,ZP2,0
25188,ZP3,0
25189,ZPBP,0
25190,ZPBP2,0
25191,ZPLD1,0
25192,ZPR1,0
25193,ZRANB1,0
25194,ZRANB2,0
25195,ZRANB2-AS1,0
25196,ZRANB3,0
25197,ZRSR1,0
25198,ZRSR2,0
25199,ZSCAN1,0
25200,ZSCAN10,0
25201,ZSCAN12,0
25202,ZSCAN16,0
25203,ZSCAN16-AS1,0
25204,ZSCAN18,0
25205,ZSCAN2,0
25206,ZSCAN20,0
25207,ZSCAN21,0
25208,ZSCAN22,0
25209,ZSCAN23,0
25210,ZSCAN25,0
25211,ZSCAN26,0
25212,ZSCAN29,0
25213,ZSCAN30,0
25214,ZSCAN31,0
25215,ZSCAN32,0
25216,ZSCAN4,0
25217,ZSCAN5A,0
25218,ZSCAN5B,0
25219,ZSCAN9,0
25220,ZSWIM1,0
25221,ZSWIM2,0
25222,ZSWIM3,0
25223,ZSWIM4,0
25224,ZSWIM5,0
25225,ZSWIM6,0
25226,ZSWIM7,0
25227,ZSWIM8,0
25228,ZUFSP,0
25229,ZW10,0
25230,ZWILCH,0
25231,ZWINT,0
25232,ZXDA,0
25233,ZXDB,0
25234,ZXDC,0
25235,ZYG11A,0
25236,ZYG11B,0
25237,ZYX,0
25238,ZZEF1,0
25239,ZZZ3,0
25240,BP-21264C1.2,0
25241,BP-2189O9.3,0
