symbol,globalScore,maxClinicalTrialPhase,chembl
EGFR,0.8292698311059319,1.0,0.6415169547180812
BRAF,0.8019671478753251,1.0,
KRAS,0.8003886728265591,1.0,
STK11,0.7747187996860453,,
ALK,0.769868694635861,1.0,0.469457671488974
ERBB2,0.7567662076802342,1.0,0.1519826994029052
ROS1,0.754504598894159,1.0,
TP53,0.7422964934179282,0.75,
MET,0.7151953563766649,1.0,0.4770568064591193
RET,0.6862722871306738,1.0,
NRG1,0.6579997112263467,,
RBM10,0.6518357800728358,,
KEAP1,0.6353488343837773,1.0,
RB1,0.6199061975268902,,
EML4,0.6176371143739875,1.0,0.469457671488974
TP63,0.5982842096970941,,
ATM,0.5873950875040583,,
ERBB4,0.5828932272872733,1.0,0.1519826994029052
SMARCA4,0.5818323758053949,,
LRP1B,0.5789110759203189,,
PIK3CA,0.5688147613265605,1.0,
CDKN2A,0.5668398085239335,,
CTNNB1,0.5563779102836472,0.5,
ARID1A,0.5513678656238444,,
NTRK1,0.551348162477766,1.0,
KIF5B,0.5344506612823122,1.0,
U2AF1,0.530032872821657,,
NF1,0.5273612232824937,,
TERT,0.5204061388951156,1.0,
APC,0.5179127961692358,,
SETD2,0.5133081266353925,,
SLC34A2,0.5126457977826889,0.5,
BRCA2,0.5041495753569576,,
STN1,0.4916901455251344,,
CD74,0.4903318817735577,1.0,
SDC4,0.4866751840735412,1.0,
PBX1,0.4864132302671269,,
LRIG3,0.4841504413353923,,
SECISBP2L,0.4826704221833138,,
TCF3,0.4741677710672792,,
CCDC6,0.4626404601047864,1.0,
CHRNA5,0.4620831419558656,0.5,
EIF3E,0.4606684562306375,,
FGFR2,0.4570347073798985,1.0,0.0759913497014526
FGFR3,0.4518303101472256,1.0,0.0759913497014526
NRAS,0.4516298635482483,0.5,
KDR,0.4483623859411038,1.0,0.1818341176626687
MTAP,0.4472130821412726,,
POLQ,0.4432855982713367,,
MAML2,0.4418354849817852,,
CRTC1,0.44103965950405,,
CLPTM1L,0.4382832931537937,,
CLTC,0.4366791305241242,,
ARAF,0.4352171420788734,1.0,
PTEN,0.4299506273005269,,
HGF,0.4299227443729835,0.75,
TET2,0.4297251802434422,,
TRRAP,0.4266228953698456,,
MPZL3,0.4231032036796665,,
SMAD4,0.4219188758042311,,
KMT2C,0.4210563296815614,,
FOXP4,0.4205843158901909,,
TRIM24,0.4202561279110284,,
CHEK2,0.4200768742343116,0.5,
MAP3K1,0.4181079319154771,0.5,
IRS4,0.4157773365202895,,
TUBB,0.4117047062897978,1.0,0.6525092942184839
SPEN,0.406466605309566,,
DCBLD1,0.403247924059689,,
BAZ1A,0.4029226247156251,,
NCOR1,0.4023506866338789,,
TUBB6,0.4013455924809566,1.0,0.6525092942184839
IGF1R,0.4005082433039439,1.0,0.1519826994029052
TUBB3,0.3997421054655539,1.0,0.6525092942184839
TUBB4A,0.3978354327291285,1.0,0.6525092942184839
TUBB4B,0.3976044453199506,1.0,0.6525092942184839
TUBB1,0.3974196553926082,1.0,0.6525092942184839
TUBB2B,0.3973202590955392,1.0,0.6525092942184839
PTPRB,0.3967821755544986,0.5,
TUBB2A,0.3966804956832389,1.0,0.6525092942184839
TUBB8,0.3966804956832389,1.0,0.6525092942184839
EP300,0.3933789500280206,,
POT1,0.3910095442899751,,
CDK12,0.3904679479999612,0.5,
ATIC,0.3898827487636089,,
NTRK2,0.3875868269876682,1.0,
RHPN2,0.3873536853431733,,
CDKN2B,0.3869493890673287,,
MAP2K1,0.3868745335649459,1.0,0.0607930797611621
DDR2,0.3855216449362449,1.0,
PTCH1,0.3849522207570997,,
PBRM1,0.3840274631342599,,
DICER1,0.3832889368440624,,
HOXA9,0.3822168930486363,,
BRCA1,0.380471240950877,,
FGFR1,0.3800217467825879,1.0,0.0759913497014526
MED12,0.3795187295962747,,
AFF3,0.3787368562064652,,
EZR,0.3783816274526086,,
FLT3,0.3771625963024043,1.0,
PER3,0.376872640497803,,
FANCD2,0.3767940516288742,,
CDH1,0.3758193619671847,,
HNF1B,0.375765117169329,,
NTRK3,0.3754433152990378,1.0,
TYMS,0.3748820829267258,1.0,0.5744064863863053
FAT1,0.3740355648448203,,
FGF10,0.3737774998773291,,
PDCD1,0.3736505512934944,1.0,0.5722557162347304
GPR37,0.3719745537289254,,
VEGFA,0.3714494111107757,1.0,0.5698140735500097
TFG,0.3714277539581253,,
XPC,0.371116446885165,,
PTPN11,0.370939119158919,0.5,
NUTM1,0.3708733841760982,,
PDGFRB,0.3695340656935992,1.0,0.1435392161027438
FBXW7,0.3671417043511435,,
MSI2,0.3659908282986371,,
NCOA2,0.3657517939459681,,
NPM1,0.3655458488064116,1.0,0.469457671488974
NOTCH1,0.3637463807447192,0.5,
TSC1,0.3620983383292119,,
ACVR1B,0.3619686376838061,,
ATR,0.3618925132219032,0.75,
FLCN,0.3597454843608494,,
MTOR,0.3589423233830623,1.0,
PTPRC,0.3581341006841065,0.5,
GCLC,0.3581289278157383,,
MGA,0.3575866400581503,,
BCOR,0.357557446939192,,
MYNN,0.3574570924382458,,
MAP2K2,0.3570390823340226,1.0,0.0607930797611621
ETV1,0.3568629264465126,,
GART,0.3567549306661405,1.0,0.5744064863863053
PSIP1,0.3565985033794578,,
CIC,0.3565879655035411,,
FCRL4,0.3562852460231271,,
FHIT,0.3555339598746534,,
NCOR2,0.3549695844370159,,
DHFR,0.354343582542893,1.0,0.5744064863863053
POLE,0.3533144271252527,1.0,0.1654922726831635
BRIP1,0.3530772857700381,,
EZH2,0.3529681833293918,1.0,
NOTCH2,0.3528675955554575,0.5,
NKX2-1,0.3518912112295527,,
AKT2,0.3515622530986454,1.0,0.1215861595223242
DDX3X,0.3514618182752087,,
PIK3CB,0.3511044791888763,0.75,
NUP98,0.3508570419074455,,
HIF1A,0.3507564926257141,,
RICTOR,0.3506836355823011,,
SF3B1,0.3503841850155906,,
SMAD3,0.3503826412031264,,
BAP1,0.3499082847490095,,
DEK,0.3496379416923397,,
LPP,0.3493792583166423,,
STAG2,0.3489988765269474,,
GNAS,0.3489885490774494,,
GPC3,0.3488455457252061,0.5,
ARID1B,0.348795045386194,,
TBL1XR1,0.3487425410004527,,
NAF1,0.3486919116857138,,
MAP3K13,0.3481904205948246,0.75,
KMT2A,0.3481181440583338,1.0,
HIP1,0.3478232757978843,,
KMT2D,0.3475815076841863,,
MYH9,0.3473169564878839,,
MDM2,0.3471403707172563,0.75,
MLLT10,0.3470354835489349,,
KAT6B,0.3464811137669079,,
FUS,0.3461864733511818,,
BARD1,0.3452623728655497,,
CREB1,0.3450227172143436,,
ARHGAP26,0.3449719960269454,,
SOS1,0.3447201701731883,,
GATA1,0.3444804773427966,,
ERCC5,0.3439145869982641,,
DNMT3A,0.3438695295097791,1.0,
MDM4,0.3437113681817023,,
AR,0.3436786752813183,1.0,
NDRG1,0.3434087483633615,,
PTPRT,0.3432911512534193,,
MITF,0.3432883544667151,,
ARID2,0.3432611050270455,,
TFEB,0.3431998655996515,,
NF2,0.3430893464503984,,
PLCG1,0.3430664206116587,,
PRKAR1A,0.3429292602283615,,
MECOM,0.3423339299831131,,
NFATC2,0.3422444063776271,,
NSD3,0.3420410224571542,,
PDCD1LG2,0.3410658132339022,0.25,
CTNNA2,0.3394964995046505,,
KLF6,0.3394009259722709,,
PIK3R1,0.3393385084167206,0.75,
RAD51B,0.3391662630092797,,
UBR5,0.3388117317129611,,
CDKN1B,0.3386288236448633,,
PRF1,0.33834904450726,,
JAK2,0.3375019928842583,1.0,
ACTRT3,0.3372822636494723,,
USP8,0.337148718596339,,
PDGFRA,0.3371065550127561,1.0,0.0759913497014526
CREBBP,0.336337098570108,0.5,
QKI,0.3358952856066843,,
AK5,0.3352187403880977,,
RHOH,0.334903168674705,,
TCF7L2,0.3348318820812311,,
FANCA,0.3338415000690779,,
CEBPA,0.3324265851479904,,
GNA11,0.3323600834858299,,
KNL1,0.332255778254871,,
AFF4,0.3315079965986402,,
ABL2,0.3313178159962761,,
CDC73,0.3311897472793284,,
SMO,0.3310440367085938,1.0,
NT5C2,0.3306582195855422,,
BRD4,0.3306257764389502,0.75,
PTPN13,0.3302271094119932,,
POU2AF1,0.3301873380709302,,
FH,0.3301522544983719,,
RASA1,0.3297494324300918,,
AXIN1,0.3294479194145671,,
MSH6,0.3292475835580378,,
CUX1,0.328410878532105,,
SMAD2,0.3280581152162845,,
PPM1D,0.327634006493833,,
FANCC,0.3276325411779881,,
MYCN,0.3276095844399119,,
MALT1,0.3274484185476056,1.0,
RAD21,0.3274131031392691,,
CHD4,0.3272764612541065,,
TNFAIP3,0.3270895896413083,,
LZTR1,0.3270704718156551,,
SETBP1,0.3267618738625318,,
KDM6A,0.3266838709577767,,
EBF1,0.3265651042568097,,
MPZL2,0.3264341215400796,,
MYB,0.3263700121872711,,
FBXO11,0.3262466167229205,,
JAK3,0.3261490887057121,1.0,
BLM,0.326114000036339,,
ELF4,0.3257249958224613,,
KDM5C,0.325704449471398,,
SDHA,0.3256467167560177,,
PALB2,0.325620743505119,,
ATRX,0.3255023239600138,,
CBL,0.3255023239600138,,
ERCC4,0.325479225219096,,
ACVR1,0.3254612595317155,1.0,
CACNA1D,0.3250464323319738,1.0,
RAP1GDS1,0.3246759023405105,,
CARS1,0.3244628806187131,,
SUFU,0.3244449149313326,,
DROSHA,0.3244397818777952,,
DAXX,0.3243063224858258,,
ARHGEF12,0.3243063224858258,,
CAMTA1,0.3243063224858258,,
PTPRK,0.3243063224858258,,
EXT1,0.3242780906913707,,
MAF,0.3240702020231106,,
MLH1,0.3240012545132786,,
AMER1,0.3237519527037987,,
TFE3,0.3237519527037987,,
H3-3B,0.3233823728491141,,
OLIG2,0.3233823728491141,,
USP6,0.3233823728491141,,
BCORL1,0.3233823728491141,,
KCNJ5,0.3233823728491141,1.0,
CLTCL1,0.3233823728491141,,
AKT1,0.3229100782806999,1.0,0.1215861595223242
FLT4,0.3198987280080881,1.0,0.162537053528107
CBLB,0.319483030831991,,
PLEKHA5,0.3188319092571677,,
CD274,0.3180519253384298,1.0,0.1654922726831635
CHRNA3,0.3163164035002424,1.0,
FAT4,0.3123515357177864,,
CTNND2,0.3104938430246465,,
POLD1,0.3102324720399029,1.0,0.1654922726831635
BUB1B,0.3093822910227156,,
RPL5,0.3087609178951918,1.0,
NFKBIE,0.3082046100719247,,
ERBB3,0.3063476445701059,1.0,0.1519826994029052
YAP1,0.3058630681589246,,
HOXA11,0.3044317299228142,,
MYC,0.3044075258060912,,
RPA1,0.3041297070533082,,
SOX2,0.3035082131232046,,
PPP2R1A,0.303242472278426,,
CCNE1,0.3031227620218817,,
KIT,0.3031125015881544,1.0,0.1215861595223242
CHRNA4,0.3028321831075618,1.0,
FGFR4,0.3026482527861522,1.0,0.0759913497014526
BTK,0.3026076134760105,1.0,
KLF4,0.3025368582685592,,
SRC,0.3025321682013127,1.0,
GOPC,0.3024414649773251,,
TOP2A,0.3021336405963102,1.0,0.4475046149085543
MSH2,0.3019561383370749,,
CCND2,0.3017147188133408,,
NFE2L2,0.3016375003402114,1.0,
RAC1,0.3015013760805978,,
MEN1,0.3014832809221197,1.0,
CASP8,0.3012865215412125,0.5,
PRDM16,0.3012763642361225,,
FOXA1,0.301274080929769,,
HMGA2,0.3010506965224314,,
PER1,0.3008670425554353,,
CXCR4,0.3008080687110526,1.0,
CRLF2,0.3006121473577066,,
MAPK1,0.3004009088870111,0.5,
HNF1A,0.3003634062904368,,
PHF6,0.3002836319313202,,
ABL1,0.3001684086967959,1.0,0.1215861595223242
TGFBR2,0.3001641822698694,,
IL7R,0.2998317862526221,,
CCND3,0.2995711113184153,,
JAK1,0.2992059486792029,1.0,
LEF1,0.2991756811036336,,
IRF4,0.2987284673340678,,
WT1,0.2986816140289446,0.75,
ACTR2,0.2983953947372186,,
CDKN2C,0.2972754800498994,,
CMTR2,0.2970825440524826,,
HOXA13,0.2969794563854236,,
SPOP,0.2968896533532957,,
HNRNPA2B1,0.2968711107229867,,
SRSF2,0.296676737871739,,
CSMD3,0.2965641631155048,,
EPHA7,0.2965108496871604,1.0,
CCND1,0.2963012160668182,1.0,
CSF3R,0.2962955939843419,1.0,0.1215861595223242
ATF1,0.296228519636863,,
HOXC11,0.2960668284504384,,
SUZ12,0.2960354141627903,,
FSTL3,0.2960354141627903,,
STIL,0.2956347458122227,,
STAT3,0.2954782943957362,0.5,
NFKB2,0.2952269582306674,0.75,
RSPO2,0.2951344061327043,,
CDK4,0.2945645103168395,1.0,
PTK6,0.2942639836508492,1.0,
RNF43,0.2940193819822839,,
PPARG,0.2929538812762661,1.0,
POU5F1,0.2927790099611578,,
RARA,0.2918759180819665,1.0,
RHOA,0.2916949661513239,,
LATS2,0.2916653171777222,,
BCL2,0.2909531152015103,1.0,
WIF1,0.2907920186129603,,
FOXP1,0.2907365171800048,,
TSC2,0.2907354451312558,,
PATZ1,0.2906232251741451,,
XPO1,0.2905105898864241,1.0,
ERCC2,0.290471361989527,,
TAL1,0.2904346367871851,,
EPAS1,0.2899953269175079,1.0,
FAM53B,0.2898448151419995,,
CDX2,0.2893864503807691,,
RAF1,0.2893749568407169,1.0,
ZBTB16,0.2892380505023538,,
ERG,0.2889701919406168,,
CBFA2T3,0.2887498137954616,,
HOXD13,0.2887344263165377,,
BIRC6,0.288592322773154,,
ESR1,0.288589079027257,1.0,
IKBKB,0.2885401429303662,0.75,
CYLD,0.2884032944976089,,
DDX6,0.2883595485642012,,
DDB2,0.2883123244716582,,
RANBP2,0.2881057190667824,,
HLF,0.2879032887230074,,
JUN,0.2876703671097572,,
SIX1,0.287590379309986,,
IDH1,0.287530201074242,1.0,
NBN,0.2873019798405211,,
ETV4,0.2871615640045563,,
GATA2,0.2870555871974692,,
SND1,0.2870294717316193,,
CD79A,0.286764012011748,,
LATS1,0.2864874897464972,,
KDM5A,0.2863958130916302,,
NR4A3,0.2862496507581211,,
MAFB,0.2861241037487125,,
SOCS1,0.2859827358751257,,
BCL9L,0.2858700175986168,,
IKZF1,0.2857419728506556,,
MLF1,0.2855184034313126,,
HEY1,0.2852985139773429,,
PREX2,0.285170177079343,,
NSD2,0.2851670627358743,,
FADS2,0.2851186816707856,,
SDHAF2,0.2848485399446966,,
ACKR3,0.284821273812488,,
TET1,0.2847450392573015,,
CDK6,0.2846914325638771,1.0,
FOXO1,0.2846511459121017,,
SALL4,0.2846105239450457,,
STAT6,0.2845099799234454,,
TLX1,0.2844966691247155,,
RUNX1,0.2842242153341506,,
WWTR1,0.2839238356620699,,
BIRC3,0.2838589380347097,0.5,
FUBP1,0.2836846200551166,,
CALR,0.2836538807493604,,
ABI1,0.2836525384705086,,
XPA,0.2835656358741223,,
HOXC13,0.2835106063975168,,
BCL6,0.2834933617528437,,
RSPO3,0.2833263220338119,0.75,
FAS,0.2833136093311171,,
TRIM27,0.283305560870577,,
RECQL4,0.2832044785338823,,
GATA3,0.2831153376338477,,
MAX,0.2831001192488257,,
ACVR2A,0.2828671812793036,1.0,
STAT5B,0.2828568790618146,,
PRKN,0.2827690896858927,,
BAX,0.2827688069789786,,
MAP2K4,0.2826859968067072,,
FLI1,0.282587983465678,,
SYK,0.2825211787351696,1.0,
FOXO3,0.2825038736988819,,
BCL11A,0.282446270889246,1.0,
VTI1A,0.282405663852137,,
LMO2,0.2821413629546984,,
VHL,0.2819294868088225,,
AXIN2,0.2819184846168306,,
DDIT3,0.281749603169051,,
GNAQ,0.2816991847570662,,
BCL9,0.2816532141177351,,
H3C2,0.2815093388644136,,
PDGFB,0.2813404704334288,0.75,
IDH2,0.2812392174757233,1.0,
TRIM33,0.2812150053372569,,
EWSR1,0.281106543916014,,
APOBEC3B,0.2810782843452205,,
SFPQ,0.2810372476932606,,
CIITA,0.2810271722799763,,
ERCC3,0.2809730845240445,,
FANCG,0.2809730845240445,,
CD79B,0.280927468497287,1.0,
RUNX1T1,0.2808998919600015,,
MYCL,0.2808563075560712,,
ETV5,0.2807410601139986,,
IL6ST,0.2806966657015493,1.0,
DDX10,0.2806651013118073,,
LCK,0.2806075566389684,1.0,
TBX3,0.2804719908779017,,
BTG1,0.2804341139026293,,
MUC16,0.2803644781036598,1.0,
TPM3,0.2803333434277233,,
CTCF,0.2803092516478612,,
STRN,0.2801306477775049,,
ARHGAP35,0.2801109337092358,,
RPL22,0.2800370784353521,1.0,
HRAS,0.2799361410514961,0.5,
PAX5,0.2799054093882887,,
MYOD1,0.2798181474781548,,
GRIN2A,0.2798146570017494,1.0,
LMO1,0.2797719499963192,,
B2M,0.2797712846475911,,
DDX5,0.2797695312423999,,
PIM1,0.2797408091805369,0.25,
PRKACA,0.2796638992193593,0.25,
PMS2,0.2796072784961572,,
CREB3L1,0.2796029968585652,,
MUTYH,0.2795589282745218,,
TNFRSF14,0.2795545819982041,,
RXRA,0.279535829533604,1.0,
PML,0.2795302826930979,,
ZFHX3,0.2794947651053057,,
IKZF3,0.2794492349204299,,
SDHB,0.2793664387668735,,
RMI2,0.279125185250621,,
REL,0.279125185250621,,
FOXO4,0.279125185250621,,
ATP2B3,0.2790327902869498,,
CNOT3,0.2790327902869498,,
RRAS2,0.2790327902869498,,
SH2B3,0.2790327902869498,,
SMARCE1,0.2790327902869498,,
RAD51C,0.2789968589121888,,
CDH11,0.2789865928051143,,
YWHAE,0.278944296443967,,
SMARCB1,0.2789352622697413,,
ATP1A1,0.2789235622293896,1.0,
PRDM1,0.2788941978414431,,
PAX3,0.2786632104322651,,
DNM2,0.2786356459347699,,
MRTFA,0.2785656824150567,,
MYD88,0.2785474600749993,,
CBFB,0.278339828059416,,
FCGR2B,0.278339828059416,0.75,
RAD51D,0.278339828059416,,
RAD50,0.2782936305775804,,
CNBP,0.2782474330957448,,
TPR,0.2782012356139092,,
ASXL1,0.2782012356139092,,
TENT5C,0.2782012356139092,,
WRN,0.2782012356139092,,
SDHD,0.2782012356139092,,
ETNK1,0.2781180465928117,,
BCL3,0.278108840650238,,
MN1,0.278108840650238,,
LYL1,0.278108840650238,,
BCL10,0.278108840650238,,
FES,0.278108840650238,,
SDHC,0.278108840650238,,
SBDS,0.278108840650238,,
PLAG1,0.2779567996044636,,
FANCE,0.2779240507228957,,
FANCF,0.2778316557592245,,
TLX3,0.2777392607955534,,
KAT6A,0.2777392607955534,,
TRAF7,0.2777392607955534,,
TAL2,0.2777392607955534,,
WAS,0.2776879302601805,,
PPP6C,0.2776468658318822,,
BMPR1A,0.277554470868211,1.0,
ZNF521,0.277554470868211,,
CCNB1IP1,0.277554470868211,,
BCL11B,0.277554470868211,,
ETV6,0.277554470868211,,
CARD11,0.2771848910135263,,
PHOX2B,0.2771848910135263,,
P2RY8,0.2771848910135263,,
SFRP4,0.2771848910135263,,
RPL10,0.2771848910135263,1.0,
EXT2,0.2771848910135263,,
ARNT,0.2771848910135263,,
TMEM127,0.2771848910135263,,
ZRSR2,0.2771848910135263,,
NAB2,0.2771848910135263,,
FEV,0.2771848910135263,,
TCL1A,0.2771848910135263,,
BRD3,0.2771848910135263,0.75,
ELK4,0.2771848910135263,,
MTCP1,0.2771848910135263,,
ZNF331,0.2771848910135263,,
CREB3L2,0.2771848910135263,,
HOXD11,0.2771848910135263,,
SSX1,0.2771848910135263,,
MPL,0.2771848910135263,1.0,
ELL,0.2771848910135263,,
FOXL2,0.2771848910135263,,
EPS15,0.2771848910135263,,
SH3GL1,0.2771848910135263,,
AFDN,0.2771848910135263,,
MPHOSPH6,0.2754357762534067,,
RGS7,0.2745778351885617,,
TOP2B,0.2729757871129505,1.0,0.4475046149085543
SETD1B,0.2725527919621185,,
MUC4,0.2723504824393833,,
NBEA,0.2721991837278693,,
DTNB,0.27098877518439,,
RFX7,0.2632644419895777,,
FAT3,0.2616920111711402,,
PDE4DIP,0.2591884053117962,,
NEK10,0.2590428593042282,,
ASPM,0.2581429320844642,,
MACC1,0.2516590822544807,,
PRKCB,0.2512775661199428,1.0,
CDH10,0.2509449661033667,,
TNC,0.2473489122718571,0.5,
ZEB1,0.2449955746756596,,
WNK2,0.244622140293778,,
SRGAP3,0.2434113492985186,,
CNBD1,0.2412535162525136,,
SS18,0.2412535162525136,,
COL3A1,0.2399380942880851,1.0,
FADS1,0.2357981313219401,,
MYH11,0.2355976380516763,,
DCC,0.2347597993584582,,
CNTNAP2,0.2346967076555887,,
LYN,0.2344014712353129,1.0,
MUC1,0.234032715420094,0.75,
ACSL6,0.2328353084513621,,
ELF3,0.2327452521823496,,
PABPC1,0.2323411205793739,,
NCOA1,0.2321423462238283,,
COL2A1,0.2321423462238283,1.0,
SRSF3,0.2320037537783215,,
CEP89,0.2319113588146503,,
ANK1,0.2313860625878402,,
LCP1,0.2313569890326233,,
HSP90AA1,0.2310105549854176,0.75,0.2279740491043579
NUP214,0.2309874091779386,,
NONO,0.2309874091779386,,
VAV1,0.2298324857097906,,
HSP90AB1,0.228881388067608,0.75,0.2279740491043579
IL2,0.2284324141052681,,
KNSTRN,0.2274620280085295,,
NSD1,0.226049411675068,,
HLA-A,0.2252069439106922,,
ZMYM3,0.2241699566829136,,
USP9X,0.2236642223398988,,
GPC5,0.2235089647490866,,
COL1A1,0.2234678617656863,1.0,
DCAF12L2,0.2232152458425504,,
JAML,0.222885390708954,,
PRDM2,0.2223279478605345,,
MUC6,0.22191169977312,,
ITGAV,0.2212622741002944,1.0,
PTPRD,0.2209948337355518,,
CANT1,0.2208679534429238,,
SETDB1,0.2206447392427945,,
EPHA3,0.2200339830920349,1.0,
KAT7,0.2198571734916001,,
PARP4,0.2194917411361453,,
AKAP9,0.2192173174169383,,
NACA,0.2190787249714315,,
PMS1,0.2187091451167468,,
RBM15,0.2182353113327008,,
FAM47C,0.2181547753347198,,
CLP1,0.2181547753347198,,
NCKIPSD,0.2181547753347198,,
FEN1,0.2173082829605217,,
CTNND1,0.2161505765809077,,
THRAP3,0.2149106854991541,,
ROCK1,0.2145253639892989,1.0,
MGMT,0.2142771006090384,,
KTN1,0.2132184953311912,,
TMPRSS2,0.2127294214090805,,
PAX8,0.2127026900396777,,
IGF2BP2,0.2123540723781125,,
ROBO2,0.2122885164301661,,
PAX7,0.2121388365890188,,
ALDH2,0.2121199171136537,1.0,
PLEC,0.2119746302063609,,
CASP9,0.211649189027911,0.5,
FLNA,0.2116277926213827,0.75,
LMNA,0.211457161057834,,
GPHN,0.2108453070976223,,
PRKD1,0.2108387367890946,1.0,
BTG2,0.2107267163939582,,
SMC1A,0.210713798265997,,
CD209,0.2104113074210447,,
SEPTIN9,0.210278104681752,,
ECT2L,0.2101061473882529,,
TPM4,0.2100819180137288,,
PPFIBP1,0.2099839807140655,,
PCBP1,0.2098777555639493,,
FOXR1,0.2097365675335682,,
ELN,0.2090609550269904,0.75,
ZCCHC8,0.2089974078241988,,
BCR,0.2089667411977034,1.0,0.1215861595223242
ARHGAP5,0.2089512103423632,,
DGCR8,0.2089460772888259,,
KIAA1549,0.2088126178968564,,
ZNF479,0.2088126178968564,,
CHD2,0.2088126178968564,,
FIP1L1,0.2088126178968564,,
LSM14A,0.2088126178968564,,
DCTN1,0.2085354330058429,,
GLI1,0.20842318042951,,
HOOK3,0.2082582481148294,,
GRM3,0.2082582481148294,0.75,
TCEA1,0.2082303666447345,,
CNTRL,0.2078886682601447,,
GTF2I,0.2078886682601447,,
OMD,0.2078886682601447,,
STAG1,0.2078886682601447,,
ARHGEF10L,0.2078886682601447,,
NIN,0.2078886682601447,,
KDSR,0.2078886682601447,,
N4BP2,0.2078886682601447,,
RABEP1,0.2078886682601447,,
PWWP2A,0.2078886682601447,,
SHTN1,0.2078886682601447,,
ASXL2,0.2078886682601447,,
GOLGA5,0.2078886682601447,,
MNX1,0.2063677734269335,,
FADD,0.2061759491002396,,
BMP5,0.2061662618194451,,
RNF213,0.2059328722013674,,
GOLPH3,0.2057019874532602,,
MUC5AC,0.2056755367095763,0.75,
AKT3,0.2052410395404319,1.0,0.1215861595223242
MSN,0.2036143457716919,,
FNBP1,0.20356407065498,,
COX6C,0.2032689200765859,,
ATF7IP,0.2032112915917661,,
CCR7,0.2030284100218342,,
CSF1R,0.2021673936329943,1.0,
NCOA4,0.2010614244210714,,
FLT1,0.2008895103577536,1.0,0.1435392161027438
CD28,0.2006607009402896,0.5,
CDKN1A,0.1999531753094594,,
CPEB3,0.1991984086215169,,
PIK3R2,0.1979132460073862,0.75,
RAD51,0.197456761460582,,
ARFRP1,0.1969981859014808,,
UMAD1,0.1967083221808396,,
CCR4,0.1964242637792356,1.0,
AQP7,0.195854243759381,,
RGPD3,0.1955054332541154,,
CUL3,0.1950935517943835,,
USP44,0.1950862966192246,,
ACSL3,0.1946645833553222,,
PICALM,0.1943425399752429,,
SGK1,0.1941020235701743,,
FBLN2,0.1940214352597894,,
GSK3B,0.1937746548152718,1.0,
SUB1,0.1935325465422712,,
SOX21,0.1934743521191351,,
CBLC,0.1930103468140558,,
CYP2C8,0.1928282891817431,,
LIFR,0.1919426441969781,,
SIRPA,0.1918711795013383,,
GMPS,0.1918684081702704,0.75,
TFRC,0.191698590965343,0.75,
NLRP3,0.191535600173756,0.5,
RTEL1,0.1915231742525202,,
CASP3,0.1913442257112157,0.5,
MLLT3,0.1913037722811687,,
SIX2,0.1910881840326026,,
ID3,0.1908752658489053,,
LHFPL6,0.1905232819818283,,
NFIB,0.1902005267670088,,
CDH17,0.1901689205661531,,
PTPN6,0.1899471062312636,,
POLR2A,0.1899152812993325,0.5,
SET,0.1896493891261009,,
A1CF,0.1896144105536887,,
ITK,0.1888886705918749,1.0,
AFF1,0.1888553057438826,,
HERPUD1,0.188433261368018,,
EED,0.1883971807156796,,
SPECC1,0.1883471334436911,,
LASP1,0.1883317342830792,,
PIK3R3,0.188304169785584,0.75,
EIF4A2,0.188247038899714,,
RAP1B,0.1881947844147044,,
S100A7,0.1879679547788917,,
RPN1,0.1879278128412495,,
TSHR,0.1876708536401535,1.0,
H4C9,0.1876541712161573,,
SEPTIN6,0.1874231838069793,,
CHST11,0.1873872524322183,,
NR2F2,0.1870842137705659,,
PRRX1,0.1869714750956981,,
ERC1,0.1867302215794455,,
TCF12,0.186453036688432,,
ZNRF3,0.186453036688432,,
ZNF384,0.1863144442429252,,
DNAJB1,0.1861261638391775,,
ZMYM2,0.1859448643882405,,
TOP1,0.1859397313347033,1.0,
PRCC,0.1858639887691798,,
GAS7,0.1858473363710321,,
ZNF429,0.1858062719427338,,
PCM1,0.1857138769790626,,
TRIP11,0.1857138769790626,,
POLG,0.1857138769790626,,
SLC45A3,0.1857138769790626,,
CYSLTR2,0.1857138769790626,,
CLIP1,0.1854777565163474,,
CCNC,0.1853442971243779,,
NUTM2B,0.1853442971243779,,
SMARCD1,0.1853442971243779,,
CTNNA1,0.1853442971243779,,
WDCP,0.1851595071970355,,
TEC,0.1851595071970355,1.0,
RAD17,0.1851595071970355,,
FAM135B,0.1851595071970355,,
EIF1AX,0.1851595071970355,,
FKBP9,0.1851595071970355,,
KLK2,0.1851595071970355,,
MLLT1,0.1851595071970355,,
MLLT11,0.1847899273423509,,
ASPSCR1,0.1847899273423509,,
NUTM2D,0.1847899273423509,,
FAM131B,0.1847899273423509,,
SNX29,0.1847899273423509,,
TFPT,0.1847899273423509,,
BCLAF1,0.1847899273423509,,
RALGDS,0.1847899273423509,,
CRNKL1,0.1847899273423509,,
CRTC3,0.1847899273423509,,
SS18L1,0.1847899273423509,,
SKI,0.1847899273423509,,
CEP43,0.1847899273423509,,
SEPTIN5,0.1847899273423509,,
MYO5A,0.1847899273423509,,
JAZF1,0.1847899273423509,,
MB21D2,0.1847899273423509,,
NUMA1,0.1847899273423509,,
CHCHD7,0.1847899273423509,,
LARP4B,0.1847899273423509,,
BCL2L12,0.1847899273423509,,
PAFAH1B2,0.1847899273423509,,
ARHGEF10,0.1847899273423509,,
PRPF40B,0.1847899273423509,,
CHIC2,0.1847899273423509,,
TNRC18,0.1847899273423509,,
LEPROTL1,0.1847899273423509,,
RFWD3,0.1847899273423509,,
NTHL1,0.1847899273423509,,
ISX,0.1847899273423509,,
IL21R,0.1847899273423509,,
BCL7A,0.1847899273423509,,
TLR4,0.1817428177300371,0.75,
MYEOV,0.1801518167761857,,
CYP2A6,0.1770086395379728,,
FOXP2,0.1709358158452118,,
RIN3,0.1695190930689205,,
PSMA4,0.1650415372509576,1.0,
ADGRG6,0.1646965189217913,,
PALM,0.1642375251355037,,
ADAM19,0.1613421387840214,,
CD163,0.1600051066360041,,
RPA3,0.1559415528041046,,
IREB2,0.154259407625174,,
ADAMTSL3,0.1533382632857216,,
BPTF,0.1492517614813353,,
PITX2,0.1397175478415277,,
TGFB2,0.1311712281580958,1.0,
KRT8,0.1304143891101813,,
ANKLE1,0.1293759008171227,,
AQP3,0.1287557895190278,,
FPR1,0.1268952321924764,,
SPP1,0.1266269265432134,0.5,
FPR2,0.1260633192291789,,
PLK1,0.1256264871788134,0.75,
SLC67A1,0.1241201788138035,,
NDUFAF2,0.1237065902486293,1.0,0.1730914076533087
GPD2,0.1237065902486293,1.0,0.1730914076533087
MCM4,0.1233734555428878,,
BIRC5,0.1214324105063879,0.5,
ZFP36L1,0.1206095106618271,,
RRM1,0.1204483596944377,1.0,0.1654922726831635
FAM83A,0.1201477392154683,,
HTR4,0.120113452772528,1.0,
FAM13A,0.1198759132204814,,
ALX1,0.1188199232811316,,
CHRNB4,0.1187275283174604,1.0,
SLC2A1,0.1184641019453574,,
NDUFS1,0.1174922558410263,1.0,0.1730914076533087
FOXM1,0.1170795895842067,,
RPL17,0.1170665847371991,1.0,
RRM2,0.1160287820478185,1.0,
BUB1,0.1156111222779259,,
UBE2T,0.1147200101177323,,
FAM227B,0.1146751300048335,,
NDUFS8,0.1146005532734812,1.0,0.1730914076533087
GALK2,0.114574216629577,,
IL6,0.1144603513548351,1.0,
TGFB1,0.1144340092310246,1.0,
NCAPG,0.1139787513003451,,
CD8A,0.113629935222128,,
CENPF,0.1133303984507346,,
HMGA1,0.1132623373038946,,
METTL3,0.1128248215162159,,
SLC7A11,0.1126873827541823,,
YY1AP1,0.1122778570687077,,
TPX2,0.1120833616379034,,
COL11A1,0.1119523653597627,1.0,
MKI67,0.1119383030518481,,
RALY,0.1119178274224634,,
EXO1,0.1118745769646166,,
NDUFA13,0.1113410642773037,1.0,0.1730914076533087
BECN1,0.111337323416732,,
GJB2,0.1112762181629866,,
PKM,0.1112505018852048,,
NT5E,0.1111736419224687,0.75,
MT-ND6,0.1111736240709173,1.0,0.1730914076533087
ANLN,0.1110868763253864,,
UBE2C,0.1109462193271537,,
GNPNAT1,0.1109323012603707,,
AGER,0.1106258767926396,0.75,
CBX7,0.1103268368899573,,
VIM,0.1098742571544821,0.5,
CHRDL1,0.1098666114491505,,
HMMR,0.1097917180183132,,
FGF7,0.1097413246642374,,
CD4,0.1096441003926301,1.0,
MELK,0.1094076268069579,,
CEACAM6,0.1093864872939771,,
SLC16A3,0.1092767095328355,,
CTHRC1,0.1092653118512795,,
PRIM2,0.1092570445411649,1.0,0.1654922726831635
DARS2,0.1091929354412067,,
WFDC2,0.1091875860726434,,
NEDD4L,0.1090916690295984,,
PTTG1,0.1090127972477167,,
E2F7,0.1089522216933104,0.75,
TFAP2A,0.1087903629126609,,
NDUFB10,0.1087103743394438,1.0,0.1730914076533087
NDUFS3,0.1085948806348548,1.0,0.1730914076533087
PYCR1,0.1085127387629074,,
NDUFB8,0.1085024856711836,1.0,0.1730914076533087
TMT1B,0.1084309550072484,,
AURKB,0.1084033418902954,0.75,
IGF2BP3,0.1083323237985506,,
AHNAK2,0.1078916741278906,,
CD36,0.1078662255839546,,
TNF,0.1078072712737402,1.0,
CEP55,0.1077077867711237,,
SPOCK2,0.1076091456213327,,
CEACAM5,0.1075155363074032,1.0,
POLE2,0.1075010733665744,1.0,0.1654922726831635
CCT3,0.1073542085866447,,
MT-ND5,0.1072551536616228,1.0,0.1730914076533087
ADRB2,0.1071203120389662,1.0,
LDHA,0.1070714201724588,1.0,
POLD2,0.1070267327792135,1.0,0.1654922726831635
SERPINB5,0.1069771846246408,,
ECT2,0.1069577609517917,,
LMO7,0.1069376728963916,,
SP1,0.1068578485906417,,
MYBL2,0.1068281699007819,,
CD40LG,0.1066649296969949,0.75,
TF,0.1066570188395499,,
CD44,0.1065501897412454,0.5,
APEX1,0.1065232462944788,0.5,
KIF11,0.1063792160721761,0.5,
PTGS2,0.1063597406422888,1.0,0.030396539880581
VIRMA,0.106286703503041,,
MALAT1,0.1062806118460675,,
NDUFA11,0.106151547151106,1.0,0.1730914076533087
NDUFB5,0.106151547151106,1.0,0.1730914076533087
NDUFS6,0.106151547151106,1.0,0.1730914076533087
MT-ND1,0.106151547151106,1.0,0.1730914076533087
NDUFB6,0.106151547151106,1.0,0.1730914076533087
NDUFC2,0.106151547151106,1.0,0.1730914076533087
ITGB4,0.1059903728756061,,
NLRP1,0.1058480105338142,,
POLA2,0.1058281647782568,1.0,0.1654922726831635
YBX1,0.1058274807934703,,
SHMT2,0.1057155515496347,,
ZNF143,0.1056654788735663,,
NDUFV1,0.1055971773690789,1.0,0.1730914076533087
NDUFA7,0.1055971773690789,1.0,0.1730914076533087
MT-ND4,0.1055971773690789,1.0,0.1730914076533087
NDUFAB1,0.1055971773690789,1.0,0.1730914076533087
NDUFV2,0.1055971773690789,1.0,0.1730914076533087
NDUFA1,0.1055971773690789,1.0,0.1730914076533087
NDUFC1,0.1055971773690789,1.0,0.1730914076533087
NDUFV3,0.1055971773690789,1.0,0.1730914076533087
NDUFS7,0.1055971773690789,1.0,0.1730914076533087
NDUFB1,0.1055971773690789,1.0,0.1730914076533087
NDUFS5,0.1055971773690789,1.0,0.1730914076533087
IL1B,0.1055660336725174,1.0,
BSG,0.1053169896361015,0.75,
VWF,0.1053035083835228,1.0,
MT-ND4L,0.1052275975143942,1.0,0.1730914076533087
NDUFB2,0.1052275975143942,1.0,0.1730914076533087
NDUFA2,0.1052275975143942,1.0,0.1730914076533087
NDUFA10,0.1052275975143942,1.0,0.1730914076533087
NDUFAF1,0.1052275975143942,1.0,0.1730914076533087
NDUFAF4,0.1052275975143942,1.0,0.1730914076533087
NDUFB3,0.1052275975143942,1.0,0.1730914076533087
NDUFAF3,0.1052275975143942,1.0,0.1730914076533087
MT-ND2,0.1052275975143942,1.0,0.1730914076533087
NDUFA8,0.1052275975143942,1.0,0.1730914076533087
MT-ND3,0.1052275975143942,1.0,0.1730914076533087
NDUFB11,0.1052275975143942,1.0,0.1730914076533087
NDUFA12,0.1052275975143942,1.0,0.1730914076533087
NDUFA3,0.1052275975143942,1.0,0.1730914076533087
NDUFA5,0.1052275975143942,1.0,0.1730914076533087
NDUFS2,0.1052275975143942,1.0,0.1730914076533087
NDUFB4,0.1052275975143942,1.0,0.1730914076533087
NDUFB7,0.1052275975143942,1.0,0.1730914076533087
COXFA4L2,0.1052275975143942,1.0,0.1730914076533087
COXFA4,0.1052275975143942,1.0,0.1730914076533087
NDUFA9,0.1052275975143942,1.0,0.1730914076533087
NDUFS4,0.1052275975143942,1.0,0.1730914076533087
NDUFA6,0.1052275975143942,1.0,0.1730914076533087
NDUFB9,0.1052275975143942,1.0,0.1730914076533087
P4HA1,0.1052060366280819,,
IGF2BP1,0.1051274643263356,,
FBP1,0.1050307587386654,,
SKA3,0.1049339387993264,,
TIMELESS,0.1048370216607191,,
IL17A,0.1047386932763579,1.0,
STEAP1,0.1046262281690467,0.5,
SFXN1,0.1045986384233036,,
B3GNT3,0.1045414723164681,,
OCIAD2,0.1045412114860662,,
ENO1,0.1044051993583866,,
CASR,0.1043377231706504,1.0,
BMAL2,0.1043304759760791,,
NCAPH,0.1042074757335724,,
FHL1,0.1041871548306788,,
SPC25,0.1041745766713023,,
CDK1,0.1041554842569765,0.75,
GTSE1,0.1040446464372534,,
KIF20A,0.1040120513421039,,
CAVIN2,0.1040059164145232,,
TPI1,0.1039545060819077,,
MMP11,0.103903579113882,,
MTHFD2,0.1038945239944762,,
KIF14,0.1038297441216263,,
LINC00665,0.1037625620830756,,
AQP4,0.1037150253963598,,
POLD4,0.1037030806138198,1.0,0.1654922726831635
CDC20,0.1036379206901112,,
CCNB2,0.1035863967700635,,
ANGPTL4,0.1035728979852875,,
NUSAP1,0.1034035328226728,,
LAD1,0.1033164590213913,,
DLGAP5,0.103224492371791,,
FHL2,0.1031962915726009,,
ADH1B,0.1031795003678973,1.0,
TTN,0.1029539851774505,,
FAM111B,0.1028892991041041,,
SNCA,0.102831278113721,0.5,
SPATA2,0.1028299238975792,,
RPL17-C18ORF32,0.1028298849385685,,
USP22,0.1026004405729878,,
CXCL8,0.1025840956450409,0.5,
POLE3,0.1024557486042589,1.0,0.1654922726831635
ID1,0.1024061075006484,,
TNFSF11,0.1023962277291905,1.0,
CYP4B1,0.1022373095632505,,
CENPO,0.1022340006914482,,
SPAG5,0.1022065488330392,,
PRIM1,0.1021734306597081,1.0,0.1654922726831635
TMT1A,0.1021662018714339,,
PECAM1,0.1020759946449401,,
GAS6,0.1020033426271233,0.75,
AIM2,0.1020009189178659,,
HAVCR1,0.1019189170160212,,
C1QTNF6,0.1018578724958769,,
CBX3,0.1018158419018733,,
CEACAM7,0.1018103161560116,,
NUF2,0.1017949445347684,,
RHOV,0.1017636765054253,,
OIP5,0.1016949644052262,,
PTGER2,0.1016920267527777,1.0,
ITGB1,0.1016869706404052,1.0,
S100A16,0.1016444889804147,,
ORC1,0.1016433470805674,,
HEG1,0.1015254328912312,,
GNG7,0.1015138361619071,,
SEC61G,0.1015126996067088,,
FGL1,0.1014275457093928,,
SLC2A5,0.1012372946710866,,
GBE1,0.1012166301109373,,
AGTR1,0.1011858441980012,1.0,
PRSS3,0.1010912677422338,,
POLD3,0.1009774291855201,1.0,0.1654922726831635
TNS4,0.1009607474923596,,
CEACAM3,0.1009413605846229,,
PSG2,0.1009413342221509,,
FANCI,0.1008613655448799,,
ERO1A,0.1008493196142863,,
CCT6A,0.1007855056617922,,
MT-CO2,0.1007687207445937,,
MTCO2P12,0.100768077116066,,
RPL22L1,0.1006078493308354,,
POLA1,0.1006078493308354,1.0,0.1654922726831635
PSME3,0.1005324589746569,,
OGG1,0.1004994872430326,,
TP73,0.1004550344665531,,
FUT2,0.1004204504550462,,
PRC1,0.1004188558043924,,
SELENBP1,0.1004175476140274,,
HSD17B6,0.1003192442671728,,
ASF1B,0.1002360701724526,,
AGR2,0.1002323238330042,,
DNM1L,0.100221864400973,,
PKHD1L1,0.100205124150584,,
ADAM12,0.1001890670218978,,
F2RL1,0.1001407209479026,,
POSTN,0.1001072442466445,,
NEAT1,0.1001020295299194,,
SLC7A5,0.0999903540564603,,
KLRB1,0.0999640214071525,,
STING1,0.0999277358569342,0.5,
NCAPD2,0.0999000850529992,,
FTO,0.0998602622647895,0.75,
CD47,0.0998422765182727,0.75,
LINC00511,0.0997523741571385,,
PRMT5,0.0996362691268489,0.5,
LGR6,0.0996070218301586,,
FZD4,0.0994707555022764,,
ERCC6L,0.0993041220566825,,
IL11,0.0992758031326863,,
SNX20,0.0991989287959208,,
CADM1,0.0989535076471542,,
GBP1,0.0988692804838977,,
TMPO,0.098850938488753,,
AFAP1,0.0988314435675249,,
CD276,0.0988090194104667,0.5,
CDT1,0.0987891946272135,,
PTTG3P,0.0987596232180847,,
GPX2,0.0987160140500326,,
RACGAP1,0.0986062548688463,,
GMDS,0.0985618655979102,,
ADAMTS9,0.0982121288734752,,
EIF4A3,0.0981786705041062,,
TTF1,0.0981487326971911,,
CAV1,0.0980962616159018,,
H19,0.0980909884040833,,
ROR1,0.0980792226546073,0.75,
IL11RA,0.0980396199455357,1.0,
PLPP2,0.0980345737839825,,
PBK,0.0980202283298115,,
NCAPG2,0.097926678773939,,
PTBP1,0.0978869304141636,,
LINC00857,0.0978786813619273,,
PAFAH1B3,0.0978773447684142,,
HAUS3,0.0978676433976751,,
NEIL3,0.097847724487762,,
PERP,0.0977953176272145,,
CYTOR,0.0977395331007473,,
ARHGEF5,0.0977249934575958,,
CDC25C,0.0977120815813153,,
AHR,0.0976645112496148,1.0,
YTHDF2,0.097656541304627,,
LMNB1,0.0976414121883137,,
SOCS2,0.0976053788944719,,
DPEP2,0.0976025206273188,,
COA6,0.0974062611785585,,
METTL1,0.0973863895048248,,
MFAP4,0.0973514798787293,,
GJB3,0.0973118733211607,,
DEPDC1,0.0972965017241167,,
FOLR1,0.0972235249670063,1.0,0.1519826994029052
FAP,0.0971654267938093,0.75,
LIMK1,0.0970950829023848,,
DLC1,0.0970724974659808,,
KIF18A,0.0969920137761416,,
CD109,0.0969766830858466,,
YTHDC2,0.0969244025581324,,
RAC3,0.0968503407112354,,
CBX4,0.0968458340977636,,
SNHG3,0.096836333247745,,
PCLAF,0.0968177158904534,,
GPX4,0.096791554848599,,
PSMD14,0.0967798121244425,1.0,
ACE2,0.0967780791079711,,
FUT8,0.0967764945266901,,
GABPA,0.0966796381324335,,
COL5A2,0.0966666525145363,1.0,
CDKN3,0.0966098217740787,,
B4GALT1,0.0965781245670879,,
XRCC5,0.0965170406704243,,
LIMD1,0.0963680288883102,,
FKBP4,0.09631740497657,,
MCM5,0.0962798539283783,,
TMSB4X,0.0962396207706038,,
VEGFD,0.0961964851830537,,
PPP1R1B,0.0961815818813178,,
ABCA1,0.0961071692094331,1.0,
CRABP2,0.096099999138594,,
TNNC1,0.0960589380872736,0.75,
CDCA4,0.0959378527770626,,
ARAP1,0.0958792804122862,,
STRIP2,0.0956960014128683,,
SLC3A2,0.095687006143862,,
CCL2,0.0956392555251516,0.5,
PNO1,0.0956123050941988,,
DYNLL1,0.095522430530374,,
CENPM,0.0954404888304829,,
NPM3,0.0952105461974483,,
HOXC10,0.0950931113382245,,
SHOX2,0.0949695278343231,,
MRPL12,0.0949052994498066,,
EFNA3,0.0948286221392472,,
NMUR1,0.0947363522724061,,
LPAR3,0.0947355854032197,,
ITGAL,0.0947171384369058,1.0,
TEAD4,0.0946672858793052,,
NPAS2,0.0946438584094755,,
UBE2N,0.0945381161840637,,
CCNB1,0.0944703738264959,,
GPR87,0.0943602149933133,,
TLR3,0.0942975947407014,0.75,
OPN3,0.0942523750398636,,
MND1,0.0942464435113317,,
KHDRBS1,0.0942016608018991,,
IL6R,0.0941541905072694,1.0,
PAQR7,0.0941531371687671,,
C1GALT1,0.0938283038033998,,
MMP12,0.0938257438946943,0.75,
ENTPD1,0.0937887104250237,,
ESR2,0.0937676580897889,1.0,
LINC01426,0.0936691803105283,,
CLDN18,0.093642617015641,1.0,
GPBAR1,0.0936361729749808,,
CCL28,0.0936251546573991,,
EPHB2,0.0936154483931675,1.0,
FOXF1,0.0936102185079828,,
CISD2,0.0936005610455838,,
DSCC1,0.0935936343332028,,
IRF8,0.093552104751453,,
TRIM6,0.0935308057579064,,
TK1,0.0934994368172274,,
MTSS1,0.0934481227747083,,
PRDX4,0.0933772019015695,,
PTPRO,0.0933548446826482,,
PLOD1,0.0933545241286926,,
ADGRD1,0.093295372495828,,
IL34,0.0932761937317136,,
ELOVL6,0.0932727158260516,,
DAPK2,0.0932335966863475,,
SQSTM1,0.0932281545114601,,
ALDOA,0.093215323725288,,
GPRC6A,0.0931377391137331,,
GPR151,0.0931377391137331,,
MRGPRX3,0.0931377391137331,,
GPR166P,0.0931377391137331,,
MRGPRX4,0.0931377391137331,,
MRGPRX1,0.0931377391137331,,
OXER1,0.0931377391137331,,
DOK2,0.0931059399325271,,
TGIF2,0.0930986699268229,,
SNRPA,0.093082792845172,,
S1PR1,0.0930806393769416,1.0,
NETO2,0.0930684616508503,,
MTFR2,0.0930495306582503,,
GPM6A,0.0930027445073327,,
SIRT1,0.0928272138185436,0.5,
ADCY9,0.0928115502861474,,
KIF5A,0.0928056079541584,,
SPRED1,0.0928056079541584,,
VEGFC,0.0927762709141306,0.75,
AURKA,0.0926976437676491,0.75,
NUP62,0.0926457820892082,,
DCTN4,0.0925917292201402,,
GTF2H1,0.0925917292201402,,
CPS1,0.0925762020658422,1.0,
MFN2,0.0925663542673298,,
NEDD1,0.0925592213843686,,
UHMK1,0.0925592213843686,,
HSF2BP,0.0925592213843686,,
IGFBP1,0.0924354779638644,,
SH2D5,0.0923949636711754,,
PIERCE2,0.0923949636711754,,
ARHGAP11A,0.0922690088739938,,
MDH1,0.0922469138364167,,
GPRC5A,0.0922301837621069,,
KRT80,0.0922123992457187,,
S100A14,0.0922075929003845,,
CLDN1,0.0921563381473938,,
ALG3,0.092130873653679,,
LPL,0.0921239518970105,,
KRT81,0.0921199220919042,,
GLCCI1,0.0921164175842173,,
E2F2,0.0920584502136865,0.75,
ARGLU1-DT,0.0918894605588233,,
XBP1,0.0918763293447758,,
SIGLEC15,0.0915849594092699,,
CTBP2,0.0915018123556874,,
GPX8,0.0914999456002989,,
ARHGAP30,0.0913550971148483,,
HSPA9,0.0913407774657654,,
HOXA1,0.0912530385422857,,
NOTCH3,0.091217795857784,0.5,
DNASE1L3,0.0911122106823129,,
CCL20,0.0910371377377203,,
MS4A1,0.090973908159301,1.0,
YWHAG,0.0909480411915252,,
FURIN,0.0908403280645984,,
RIT1,0.0908003012915653,,
PCK2,0.0907564929820732,,
UCA1,0.0907521459653866,,
DKK1,0.090705288605272,0.5,
GATA6,0.0906476583096769,,
UTRN,0.0906388082252408,0.5,
ARL14,0.0906180671212872,,
P2RY6,0.0905983039305721,1.0,
THBS2,0.0905961510486142,,
ST6GALNAC1,0.0905489470027531,,
CCL5,0.0904585273580585,,
HCP5,0.0904400325017291,,
ADAR,0.0904082621191458,,
PVR,0.0904046571563147,,
UPP1,0.0903744621496916,,
APOE,0.0903514536763022,,
RORA,0.0903454420994332,,
FKBP3,0.0903016668491337,,
PIK3CD,0.0902666950447403,1.0,
CISD1,0.0901919359033759,,
DDX17,0.0901142327527445,,
TMED2,0.0901082909813846,,
CXCL14,0.0899746341615471,,
BCAR1,0.0898635889362861,,
PRDX1,0.0898610853344213,,
USP4,0.0897773267389489,,
DDIT4,0.0897473483556676,,
PCAT6,0.0894864387663268,,
CCR2,0.0894227972791913,0.75,
ZIC2,0.0892620822307357,,
HMOX1,0.0891114958260833,,
HKDC1,0.0890757808368487,,
TRIP13,0.0890414509533032,,
SLC16A4,0.0890241550476349,,
CDCA3,0.0889891723272325,,
AOPEP,0.0889190863873638,0.5,
GSTP1,0.0888795853702057,0.5,
DGUOK,0.0888455598112118,,
MCM2,0.0887758669915795,,
TRIM28,0.0887466685707732,,
SOX4,0.0887186407074582,,
AK4,0.0886703939855349,,
MUC5B,0.0886440964343841,,
MAD2L1,0.0886131817152774,,
TNFRSF21,0.0886109071659289,,
PPIF,0.0885554396252843,,
GIMAP8,0.0885194055894526,,
CD80,0.088454431238156,1.0,
TWF1,0.088349454410749,,
HOXC6,0.0883193191625691,,
TMPRSS4,0.0883092984522308,,
CDCA8,0.0882918615096995,,
HDAC9,0.0881689429111933,1.0,
KLRG1,0.0881382734544147,,
CST1,0.0881127071820868,,
HPRT1,0.0880675164468134,,
PTGES3,0.0880329314735248,,
ADARB1,0.0879732195106377,,
GREM1,0.0879538136186987,,
IGSF10,0.0878169413508581,,
PLAU,0.0877357529489392,1.0,
UBQLN1,0.0877132941591537,,
CRMP1,0.0876209088468882,,
DENR,0.0875805346108698,,
DSG2,0.0875139766382563,,
DERL3,0.0875007442010483,,
TIAM1,0.0874860066805825,,
ACADL,0.0873906354854935,,
LGALS1,0.0872720206692774,0.5,
KRT6A,0.0872651062137968,,
GRAP2,0.0871086003377947,,
MSLN,0.0870825910485293,0.5,0.1215861595223242
CCL14,0.0870120301777984,,
ESYT3,0.0870094034191145,,
JAM2,0.0869760409765847,,
ITGA8,0.0869741228606022,,
INTS7,0.0869722005922434,,
LDHC,0.0869371577828044,,
MEX3A,0.0868911673686244,,
CRTAC1,0.0868663174907414,,
CHAF1B,0.0868461327973676,,
FDX1,0.086805270941672,,
ICOS,0.0867792569761156,0.75,
LINC01614,0.0867444664598203,,
ADAM9,0.0867393396690266,,
USF1,0.0867289692152486,,
IQGAP3,0.0866373201794707,,
ERRFI1,0.0865668686331056,,
IL4I1,0.0865612129417335,,
GFPT1,0.0865391205340066,,
TBX5,0.0864787306472278,,
UBE2D1,0.0864762323887273,,
RASSF1,0.0864355730010744,,
LEP,0.0863893304663548,,
GKN2,0.0863501258340595,,
RNF182,0.0863287723313444,,
LGALS3,0.0862565396934216,0.5,
MRPL51,0.0862355047485719,,
CSF2,0.0862277120900182,0.75,
KIF18B,0.0861629885872766,,
MCM6,0.0860699321493858,,
COL10A1,0.0860630379157861,,
ZFPM2,0.0859910739215544,,
TEDC2,0.0859281417266751,,
DACH1,0.0859131855180373,,
MIR99AHG,0.0858651385184632,,
HOXB9,0.0858325249337495,,
EDNRB,0.0857642255269779,1.0,
ZC3H12D,0.0857047512367323,,
LAMA3,0.085656893575077,1.0,
BTNL9,0.085545016047585,,
MCM8,0.0855179711408152,,
ACTL8,0.0854924439185141,,
TIGIT,0.0854764305806217,0.75,
SERPINA1,0.0854456555224043,,
KIFC1,0.085439192126677,,
GPC4,0.0854140108604644,,
HDAC6,0.0853676875415143,1.0,
RPS27A,0.0853610641453612,1.0,
CBX2,0.0853367498270882,,
OAS1,0.085259872862133,,
UCHL1,0.0851846670032221,,
SMC2,0.0851624912371373,,
ESPL1,0.085095947109681,,
LIMCH1,0.0850949475436282,,
TACC3,0.0850742466124344,,
XDH,0.0850655671639256,1.0,
NTSR1,0.0850579898656399,0.75,
PPP1R14D,0.0850492212469421,,
GLUD1,0.0850444310057797,,
FKBP10,0.0849982335239441,,
ATF2,0.0849906366047089,,
AHSA1,0.084976780068973,,
NGEF,0.0849302638886681,,
PRKG1,0.0849205190933895,,
GSDMC,0.0848990269914773,,
LCP2,0.0848876549800075,,
HDAC2,0.0848394938764518,1.0,
MOK,0.0848243039498974,,
ZNF146,0.0847258719573191,,
SFTPA1,0.0846897783687555,,
IGSF6,0.0846594519904831,,
GPI,0.0846393527516701,,
AXL,0.0846141039699734,1.0,0.1215861595223242
RCC1,0.084592699704135,,
CKS2,0.0845759650392655,,
TWIST1,0.0845709424154172,,
SKP2,0.0845155291094939,,
ZNF24,0.084492730411592,,
ZBED5,0.0844489967954543,,
HJURP,0.0844083821214286,,
SAT1,0.0843798032337717,,
MS4A2,0.0843613911675714,,
HSPD1,0.084256830006328,,
CLDN2,0.0842030582742919,,
LGALS4,0.0841670053675685,,
IL37,0.0841529778323504,,
RTKN2,0.0840978446029685,,
SGMS1,0.0840285643264359,,
HSPA4,0.0840051979549411,,
KRT16,0.0839882536716033,,
UBE2V2,0.0839640258972514,,
CTSB,0.08394263072485,,
RCC2,0.0839349214367417,,
GSDMB,0.083905774178017,,
CCNA2,0.0839032895850911,,
DPYSL2,0.0838988350660333,,
LINC01559,0.083865265947194,,
FAM83B,0.0838309114044345,,
SORBS1,0.0838200076770574,,
HORMAD1,0.0838103491643961,,
PGK1,0.0838092470182108,,
ISG20L2,0.0837279054345362,,
MAGEA3,0.0837207003034689,0.75,
CFP,0.0836937004418628,,
CYP4A22,0.0836841718183985,,
PRDX2,0.0836836513301751,,
FGR,0.0836213528756121,1.0,
PIR,0.0836121710234911,,
SHC1,0.0836115923581054,,
NR1I2,0.0835804707474758,,
SNHG15,0.0835585146678057,,
CCT8,0.0835418835743449,,
PFKFB4,0.0834848658588332,,
TFDP1,0.0834754255797597,,
SPOCK1,0.0834226068830803,,
NR0B1,0.0833703015408141,,
KRT18,0.0833620667694504,,
EEF1A2,0.0833611135383602,1.0,
TRAF3,0.0833425830517128,,
NUDT1,0.0833413511188638,,
RFPL3,0.0833402572314002,,
KLF5,0.0832671583729896,,
APLN,0.0832561221480544,,
LINC00173,0.0832375961606544,,
SULT1C2,0.0831713663589054,,
LIMS1,0.0831569045590483,,
PSMB5,0.0831554673040579,1.0,0.1367844294626147
SUSD2,0.0831123212362398,,
AKAP12,0.0830553875453683,,
SERPINH1,0.0830373934237912,,
PSAT1,0.083035523440447,,
ALPL,0.0830271178408658,,
CHMP4C,0.083008046006467,,
CACYBP,0.0829892401744054,,
GABRA3,0.0829573188667752,1.0,
DKC1,0.0829049309866216,,
DEPDC1B,0.0828454308704057,,
CTLA4,0.0828185636797722,1.0,0.1215861595223242
ALDH3A1,0.0827652204294602,,
PRDX6,0.0827432468232011,,
TCN1,0.082655111597437,,
ADAMTS1,0.0826537433554423,,
SIRT3,0.0826422249288914,,
L1CAM,0.082611968873145,,
RPL36A,0.0825467418605483,1.0,
ITPKA,0.0825052294339184,,
MAOA,0.0824478022360816,1.0,
CMTM6,0.0824232468778129,,
MAP4K4,0.0823835117475955,,
PTX3,0.0823724916811505,,
SEMA5A,0.0823469174714681,,
LINC00968,0.0822945390193245,,
TRIB3,0.0822926022882978,,
PKP2,0.0821997955560567,,
STMN1,0.0821819347438972,,
SATB1,0.0821775483570985,,
SIRT2,0.0821496422737872,,
SOX6,0.0821480647261175,,
GIMAP7,0.0821209595154429,,
P2RY14,0.0820802771985461,,
PTTG2,0.0820764010225818,,
BACH1,0.0820641659289833,,
PRMT1,0.0820065794063974,,
MYO1E,0.0819820386946906,,
SSBP1,0.0819519715717054,,
LINC01089,0.0819189694129381,,
TIMP2,0.0818810002807345,,
ILK,0.0818738606915118,,
SPI1,0.0818674327687319,,
NFATC4,0.0818619378126614,,
ATP2A2,0.0818461716186457,0.5,
PFKFB3,0.0818277258306522,,
ABCA3,0.081794892922255,,
FBXO32,0.081781353373717,,
BARX2,0.0817617280368702,,
COL6A6,0.0817088798170285,1.0,
GPD1L,0.0816773401074823,,
HOXA5,0.0816717857025423,,
CAP1,0.0816695509660839,,
SGO2,0.0816463495640953,,
KLF17,0.0816438856983974,,
COL7A1,0.0816434624833711,1.0,
TUBA1C,0.0816356635684124,1.0,
GNGT1,0.0816247907392387,,
CTSF,0.0816155512428716,,
KMT5A,0.0815964562837129,,
ABCE1,0.0815773613245542,,
NECTIN4,0.0815236968852103,1.0,
SOX9,0.0815215792016323,,
SLC52A1,0.0815063712222121,,
LDHD,0.0814769587973648,,
PPM1G,0.0814204952084547,,
SPRR1B,0.081389006887506,,
BZW2,0.0813527069100702,,
PTPN1,0.0813429735292983,,
PVT1,0.0813253732090027,,
NAPSA,0.0812873797490838,,
ANKRD49,0.0812870358164852,,
SPATS2,0.0812767697094106,,
HNRNPK,0.0812558476412044,,
RRM2B,0.0812237840261625,1.0,
HBEGF,0.0811807644893319,0.25,
KLF8,0.0811761492893364,,
CT83,0.0810257184013771,,
GINS2,0.080975841112366,,
CCL17,0.0808790261854655,,
SYT12,0.0808608332830071,,
TFF1,0.0808358290050287,,
MCTS1,0.0808345993077266,,
PGR-AS1,0.0808327446484172,,
ADIRF,0.0808322588647234,,
PLEK2,0.0808025623654542,,
PFN2,0.0807942626769056,,
HDAC1,0.0807727648587451,1.0,
SERPING1,0.0807269514770592,1.0,
GALNT6,0.0807142417477367,,
IKBKB-DT,0.080712133820309,,
INMT,0.0806951544379814,,
TUBA1B,0.0805916097232535,1.0,
GREB1L,0.0805838074818768,,
LY9,0.0805786744283395,,
CLIC1,0.08056541857947,,
GGPS1,0.0805166545708657,,
CELSR3,0.0804554811434446,,
GIMAP4,0.0804508870422873,,
GPR65,0.0804248832711459,,
SVIL-AS1,0.0804246828222209,,
METTL14,0.0803834895352368,,
DNAJC5,0.0803104279011661,,
ECE2,0.080301489537326,,
PGM5,0.0802973579530094,,
HLA-DPA1,0.0802062842640408,,
RNF144B,0.0801937252296575,,
TLR7,0.0801553207802907,1.0,
CRYAB,0.0801105533888753,,
SIRT5,0.0800668063296012,,
LPAR6,0.0800653690746108,,
TMEM100,0.0800424168025515,,
PRKCA,0.0800402722575641,1.0,
VPS9D1,0.080031581011592,,
INHA,0.0800171158387319,,
TNFAIP6,0.0799641452588555,,
PRR11,0.07994502515821,,
DNAI7,0.0799371660377409,,
ITGB8,0.0799280265309852,0.5,
SPRY4,0.0799045601681366,,
WNT1,0.0798644899869317,,
CCR9,0.0798275643650773,0.75,
NPSR1,0.0797957667861525,,
CDH5,0.0797641258018283,,
TNFRSF11A,0.079639865391878,,
PSMC6,0.0796292620552929,1.0,
PHF5A,0.0796198873043303,,
ZNF280A,0.0795701320693333,,
ESRRA,0.07951958115284,,
FAM83H,0.0794975859519663,,
SLC6A8,0.0794965345908962,,
PRTN3,0.07948020097136,,
SOD3,0.0794061745229103,,
LRFN4,0.0794007413026028,,
ISG15,0.079381492287015,,
HNF4A,0.0793585531591292,0.5,
RNF125,0.0793570076864651,,
ZIC5,0.0793457149686831,,
SFTPC,0.0792829469347503,,
MMP1,0.0792809479256001,1.0,
RASGRP2,0.0792787634338531,,
TGFBR1,0.0792198777610681,0.5,
SFN,0.0792120539108447,,
PRMT6,0.0792025928653201,,
AUNIP,0.0792005522146486,,
CTSL,0.0791975678607273,,
CYBRD1,0.0791824091125231,,
GGT5,0.0791809313793928,,
MDK,0.0791487368709791,,
CERS6,0.0791463246324877,,
NNMT,0.0791440886257384,,
HROB,0.0790900889025261,,
WDFY4,0.0790900889025261,,
TRIM62,0.0790420435214171,,
DLX1,0.0789925608853177,,
MARCKSL1,0.0789906196552761,,
CENPH,0.0789658441318968,,
SF3B4,0.0789580667655471,,
SCGB3A1,0.0789302918441245,,
DUSP5,0.0789244612110986,,
P4HA2,0.0788925690024113,,
FUT4,0.0788180427729632,,
H2AZ1,0.0787745087710537,,
PSMB6,0.0787615734761397,1.0,
MARCHF1,0.0787336409877525,,
LINC00525,0.0787283112892181,,
PGM2,0.0787205090478414,,
ADRA1D,0.0786805385070067,1.0,
DARS1,0.0786805385070067,,
HMGN1,0.0786681519017611,,
NOLC1,0.0786505266720132,,
KCNK3,0.0786482610806323,1.0,
RBMS3,0.0786473544515309,,
TRIM2,0.0786348063223409,,
PTGES,0.0786276908691439,,
LBX2,0.0785999849507859,,
FUT3,0.0785965710478614,,
CCL4,0.0785826522274076,,
ACSL4,0.0785779985909743,,
FSTL1,0.0785674898120006,,
MTFR1,0.0785205252820287,,
FGF11,0.0784973238800402,,
CARD8,0.0784960919471912,,
SLC35F2,0.0784481174614918,,
CD1B,0.0784445551921789,,
CLCN3,0.0784429009418016,,
SLC2A10,0.078427924996216,,
COL17A1,0.0784019493335256,,
ELF5,0.0783714614073059,,
PSMB7,0.0783457961396194,1.0,
NDC80,0.0783426005763987,,
VASN,0.0783355300325449,,
SYVN1,0.0783303969790076,,
SGO1,0.0783232163045245,,
CLEC10A,0.0783181155128121,,
IFIT3,0.0783125339526978,,
CDH2,0.0783107398843625,,
CPSF4,0.0782698942240237,,
MRPL13,0.078268653793425,,
LRIG1,0.0782652319049812,,
IRAK3,0.0782534011759483,,
WNT3A,0.0782252796664692,,
VGF,0.07820193259519,,
SKA1,0.0781983748420286,,
IRF5,0.0781778817228849,,
SLC39A11,0.0780992042476882,,
KLF13,0.0780811358992369,,
FLOT1,0.0780793583366778,,
EHD1,0.0780764134899826,,
TSPAN4,0.0780709491483476,,
ELK1,0.0780358269827234,,
PPP1R3G,0.0780355543838258,,
CNTN4,0.0779589692250495,,
PRKCQ,0.0779488031601468,1.0,
GSDMA,0.0778525025118165,,
PSMD2,0.0778309706269915,1.0,
GPM6B,0.0778087985427134,,
TOX,0.0777858700890288,,
LRRC59,0.077763297224208,,
MAP4,0.077761539415262,,
CPSF3,0.0777349627686822,,
DCAF13,0.077732075687958,,
CASC2,0.0776831799193401,,
CLSPN,0.0776374033246154,,
SFTA3,0.0776224840974389,,
DCBLD2,0.0776144386716267,,
ACP5,0.0776128492743729,,
RNF20,0.0775809711625636,,
GAS5,0.0775489415390705,,
LUCAT1,0.0775423360640872,,
CDC25A,0.0775412722565463,,
FGL2,0.0775276962222387,,
EEF2,0.0774500437860164,1.0,0.1215861595223242
PARK7,0.0774475117705942,,
SRPK1,0.0774296129726603,,
HOXC9,0.077426979556445,,
METTL16,0.0773805624357879,,
ARHGAP6,0.0773611742031008,,
CEMIP,0.0773435076211049,,
RAB3B,0.0773360218477643,,
PRDM5,0.0773343792706323,,
KCNQ1OT1,0.0772694932646843,,
CCDC88A,0.0772627218432518,,
PPP4C,0.0772498974329607,,
ERH,0.0772421896291026,,
ACOT11,0.0772190555038702,,
ATP5MC3,0.0771994700529291,,
ST3GAL6,0.0771883952280318,,
CCL7,0.077186031961949,,
LOXL1,0.0771748794709281,,
CAPN1,0.0771062663714353,,
SNX30,0.0771062663714353,,
ZNF768,0.0770933310765213,,
PAX6,0.0770908672108234,,
PIWIL1,0.0770645796443874,,
EIF6,0.0770106763438276,,
SLCO4A1,0.0770036053006895,,
ALMS1,0.0769867343492112,,
TLE1,0.0769690408889574,,
CD160,0.0769601254273344,,
NCOA3,0.076956175886005,,
PLIN2,0.0769537486211877,,
AKR1C1,0.0769450636153374,,
TOX3,0.0769346686816801,,
PTBP3,0.0769171521083782,,
USP15,0.0769163433905556,,
TSHZ3,0.0769136742027162,,
GCC2,0.0769112103370183,,
PCAT19,0.0769023814849342,,
MAGEA1,0.076893189705244,,
ALKBH1,0.0768875857200035,,
MTF1,0.076880534439097,,
IL12B,0.076834214533959,1.0,
CDK2,0.0767752231673564,0.75,
ESCO2,0.0767699487036722,,
SLC25A39,0.0767543442209188,,
TRIM56,0.0767502252073456,,
HDAC7,0.0767012495912282,1.0,
RNF115,0.076692198888803,,
CYFIP2,0.0766878198470756,,
LINC00313,0.0766878198470756,,
STIP1,0.0766872036514639,,
ADORA2B,0.0766847278598948,1.0,
LAMA2,0.0766733313613929,1.0,
HMGB2,0.0766476667976706,,
LILRB4,0.0766364893117027,,
LOXL2,0.076615515595106,0.5,
LTBR,0.0765358688916285,0.25,
IDO1,0.0765038119485138,0.75,
AVL9,0.0764945220768347,,
CPSF6,0.0764896714097929,,
FST,0.0764875828040634,,
STC2,0.0764646346792743,,
OVOL2,0.076459501625737,,
CCNO,0.0764421494850066,,
PTPRH,0.0764332078208828,,
DUXAP8,0.0764133041439014,,
LAIR1,0.0764055019025248,,
CHAC1,0.0764055019025248,,
LINC00942,0.0763979049832896,,
ADCY10,0.0763800419569798,,
PDZD8,0.0763593044206892,,
UBR4,0.0763593044206892,,
EMC6,0.0763593044206892,,
AGMAT,0.0763521854224931,,
SLX9,0.07633877220654,,
TBX21,0.0763279802233684,,
HOXA4,0.0763260422337675,,
SLC2A6,0.0763182399923909,,
TLR2,0.0763076908700074,0.5,
CALU,0.076302840831779,,
RAB27B,0.0762690527687603,,
SETDB2,0.076266909457018,,
NLRC3,0.0761847806004214,,
PIMREG,0.0761823167347235,,
SULT1E1,0.0761745144933468,,
SUCLG2,0.0761610241896047,,
RDM1,0.0761488492256604,,
NADK,0.0761334500650485,,
CTBP1,0.076120720092276,,
SMYD2,0.0761162930954906,,
FLVCR2,0.0760925909588917,,
ASAP3,0.0760923856367502,,
USO1,0.0760923856367502,,
DDX46,0.0760796556639777,,
RFX2,0.0760447508999242,,
DIP2B,0.0760102567801536,,
CUEDC2,0.0759975268073812,,
TAGAP,0.075928127923557,,
LINC01419,0.0758948657366354,,
AFG1L,0.0758948657366354,,
KLF11,0.0758237682352056,,
TCF7,0.0758149052035869,,
UCHL5,0.0758076038265015,,
IMP4,0.0758049346386621,,
ADAM10,0.0757821234678522,,
FTX,0.0757747051772435,,
LIPG,0.0757638702103638,,
ANAPC11,0.0757638702103638,,
PROCA1,0.0757638702103638,,
MEX3C,0.0757638702103638,,
SBF2,0.0757352152008824,,
BCCIP,0.0757254749699049,,
CCNY,0.0757125396749909,,
C1ORF74,0.0757022735679164,,
FABP3,0.0757015195561065,,
UBA2,0.0756895435951439,,
GTF2E2,0.075674144434532,,
IRF3,0.0756724943830211,,
SIRPG,0.0756304108183944,,
CD177,0.0756257556858962,,
TSPYL2,0.0756201447113198,,
ZDHHC5,0.075617337478095,,
CLXN,0.0756151093531457,,
PRRX2,0.0756092713492637,,
TRIM46,0.0755946847657748,,
EXOSC5,0.0755790802830215,,
ANXA7,0.0755585480688723,,
VPS33B,0.0755277497476486,,
SETD7,0.0755189208955645,,
RETN,0.0754973787806254,,
RGMB,0.0754938590235591,,
ANK2,0.0754893545071897,,
SLFN12,0.0754893545071897,,
LINC01106,0.0754661531052011,,
FLT3LG,0.0754482900788914,,
MRPL19,0.075445620891052,,
ANTXR1,0.0754276916040898,,
OTUD6B,0.0754072256505931,,
IWS1,0.0753942903556791,,
TAF10,0.0753942903556791,,
KCNAB2,0.0753942903556791,,
DDX18,0.0753891573021418,,
NCALD,0.0753595395832317,,
CLEC9A,0.0753429598203062,,
DHX37,0.0753199637404592,,
ADAMTS16,0.075313598754073,,
SEMA4B,0.0753090690962168,,
ZNF687,0.0753070284455452,,
TRAF3IP3,0.0752608309637097,,
EPN3,0.0752095004283368,,
FOXN4,0.0752095004283368,,
TEAD1,0.0751889682141876,,
RNH1,0.0751883163836245,,
EIF4A1,0.0751787021071131,,
PTPRN,0.0751762382414152,,
SLC7A8,0.0751684360000385,,
BTN3A2,0.0751510337949692,,
LINC01977,0.0751403068666542,,
GINS4,0.075117734567147,,
ATP2B1,0.0751062143084481,,
PRECSIT,0.0750992424383558,,
ACAP1,0.0750965732505164,,
INPP5B,0.0750965732505164,,
CHCHD4,0.0750965732505164,,
USP18,0.0750863071434419,,
UBE2H,0.0750760410363673,,
POU6F1,0.0750760410363673,,
QTRT1,0.0750247105009944,,
ST7,0.0750119805282219,,
TIMM17A,0.0750041782868453,,
NHSL3,0.0750041782868453,,
PHF1,0.0750041782868453,,
LINC00963,0.0750041782868453,,
HOXB13,0.0749850833276866,,
EMP3,0.0749666332243699,,
PELP1,0.0749144525110135,,
SCN7A,0.0748939256455472,1.0,
CD2AP,0.0748822440052582,,
TTC9,0.074867227251686,,
KCNQ1,0.074855319734264,1.0,
DNAJB6,0.0748399205736521,,
TMEM33,0.0748399205736521,,
LINC01087,0.0748399205736521,,
LINC00491,0.0748399205736521,,
HOXD1,0.0748399205736521,,
RUFY3,0.0748399205736521,,
TMEM9,0.0748399205736521,,
HSPB7,0.0748399205736521,,
MUC22,0.0748399205736521,,
TXNIP,0.0748361922840196,,
BEX3,0.0748193883595029,,
ZKSCAN1,0.0748193883595029,,
CYBA,0.0747999990032826,,
SASS6,0.0747885900382792,,
BRD7,0.0747269933958317,,
CKS1B,0.0747243481778258,,
PPP1R14B,0.0747017073455699,,
RBP4,0.074676307682703,,
MAP3K19,0.0746551306463097,,
GRSF1,0.0746551306463097,,
ARHGAP9,0.0746551306463097,,
LARRPM,0.0746551306463097,,
RPLP0,0.0746345984321606,1.0,
LANCL2,0.0746345984321606,,
CREG2,0.0746345984321606,,
DAB2,0.0746013362452389,,
RFC3,0.0745955746545338,,
HOXA3,0.0745422034684894,,
PSMC1,0.0745277287812952,1.0,
NFIX,0.0745161149857766,,
ANXA9,0.0745114051472657,,
H3P10,0.0744962709428203,,
BACE1,0.0744703407189674,0.75,
TRPC7,0.0744703407189674,,
PLTP,0.0744703407189674,,
TARS2,0.0744703407189674,,
CHCHD2,0.0744498085048182,,
MYO16,0.0744498085048182,,
ERLIN2,0.0744498085048182,,
PELI1,0.0744395423977437,,
SLC40A1,0.0743979156620582,,
LHX6,0.074285550791625,,
CXXC1,0.074285550791625,,
GRPR,0.074285550791625,,
AKAP4,0.074285550791625,,
EFTUD2,0.074285550791625,,
FAM72B,0.074285550791625,,
SCAMP3,0.074285550791625,,
RGS17,0.074285550791625,,
THAP7,0.074285550791625,,
MYG1,0.074285550791625,,
FAM210B,0.074285550791625,,
CLEC12A,0.074285550791625,,
DCUN1D5,0.074285550791625,,
NLRP11,0.074285550791625,,
MIS18A,0.074285550791625,,
SETD6,0.074285550791625,,
TMEM132A,0.074285550791625,,
IRAK1BP1,0.074285550791625,,
CXCL9,0.0742586948313183,,
TRAF5,0.0742213805818645,,
COPB2,0.0741338623030538,,
HOXC8,0.0740956278107454,,
ARHGAP24,0.0740307755205311,,
C4A,0.074000760950068,,
VMA21,0.0739895435403504,,
HS3ST1,0.0739159709369403,,
RPLP2,0.0739159709369403,,
LINC00839,0.0739159709369403,,
RASAL3,0.0739159709369403,,
FFAR4,0.0739159709369403,,
POU4F3,0.0739159709369403,,
DRC2,0.0739159709369403,,
ZNF71,0.0739159709369403,,
CMIP,0.0739159709369403,,
CPN2,0.0739159709369403,,
BDH1,0.0739159709369403,,
H2AZ2,0.0739159709369403,,
TNFAIP8L3,0.0739159709369403,,
MIX23,0.0739159709369403,,
MRPS24,0.0739159709369403,,
CAPZA1,0.0739159709369403,,
BEND5,0.0739159709369403,,
SLC2A9,0.0739159709369403,,
CYP3A43,0.0739159709369403,1.0,
ARMCX1,0.0739159709369403,,
KDF1,0.0739159709369403,,
PDLIM5,0.0739159709369403,,
RASGEF1C,0.0739159709369403,,
MED6,0.0739159709369403,,
EPHX4,0.0739159709369403,,
SNRPA1,0.0739159709369403,,
LTC4S,0.0739159709369403,,
TSHZ2,0.0739159709369403,,
GEMIN6,0.0739159709369403,,
FAM151B-DT,0.0739159709369403,,
SPR,0.0739159709369403,,
SHPRH,0.0739159709369403,,
EPPK1,0.0739159709369403,,
RPRD1B,0.0739159709369403,,
HBQ1,0.0739159709369403,,
MRAS,0.0739159709369403,,
FAM181A,0.0739159709369403,,
SLC25A22,0.0739159709369403,,
FIBP,0.0739159709369403,,
ZNF266,0.0739159709369403,,
SLC35F3,0.0739159709369403,,
TTK,0.0738623918910409,0.5,
SLC5A2,0.0738464774382862,1.0,
EMID1,0.07380304375912,,
TMEM176B,0.0737722454378963,,
CDK9,0.0737085955740339,0.75,
DOK3,0.0736881660209555,,
EPCAM,0.0736654767459125,1.0,
XIAP,0.0735838333849411,,
MCM10,0.0735663746067364,,
CX3CL1,0.0734932711812879,0.5,
ADGRF4,0.073464262225659,,
STK24,0.0734420457646916,,
IFNG,0.0734292679218097,1.0,
TGIF1,0.0734003824312559,,
CBX5,0.0733278130918946,,
GLIPR2,0.0731539371076769,,
PITX1,0.0731155087267087,,
CPSF7,0.073089549317437,,
PCBP4,0.0730624532395195,,
RELA,0.0730225032042592,0.75,
NUP107,0.0729714890860794,,
EGLN3,0.0729404490441847,1.0,
PODXL,0.0729196196076621,,
ALDH1L1,0.0728503364518561,,
TEFM,0.0728072313728862,,
RUNX3,0.0727613845073157,,
ARHGEF6,0.0725572236453032,,
CHKA,0.0724381370592909,0.25,
IFT88,0.0724376515182015,,
CTSA,0.0724376515182015,,
R3HDM1,0.0724376515182015,,
RHOQ,0.0724376515182015,,
SLC39A7,0.0724056095859053,,
SCN4B,0.0723877582378191,,
GSTM5,0.0723838705865152,,
STEAP2,0.0723440428456226,,
EHD2,0.072304192126232,,
WNT7A,0.0722306742288347,,
MAPK6,0.0721917765078289,,
TMEM229A,0.0721502005201134,,
ALKBH5,0.0719975960890787,,
EPOR,0.0718687939544559,1.0,
HOXB7,0.0718200215015687,,
CDK5,0.0716773967196629,0.75,
KAT2A,0.0716434812010947,,
IFNA1,0.0715272103252189,0.5,
TRIM44,0.0714931696673406,,
NEDD9,0.071483053150399,,
LINC01117,0.0714753066410309,,
TCF21,0.0714626179877284,,
MTX2,0.0714426122848105,,
CENPL,0.0714285832830982,,
SUGP1,0.0713975416976498,,
RPLP1,0.0713905085965948,1.0,
RENBP,0.0713605837121813,,
MAPK12,0.0713320755912255,,
MGLL,0.0711389544373917,0.5,
ZDHHC11B,0.0709593320994627,,
LTAP1,0.0709593320994627,,
NIT2,0.0709593320994627,,
CDCA5,0.0709375413462226,,
USP5,0.0708911475089386,,
TICRR,0.0707681771857341,,
MIF,0.070743512502441,0.75,
KIF4A,0.0707351448402787,,
DUSP6,0.0706234554637288,,
MIR205HG,0.070589752244778,,
SYT1,0.0704469700015464,,
FBLN5,0.0704280257385183,,
HTATIP2,0.0704080968555708,,
EFHD2,0.0704049623174356,,
SLC25A3,0.0703563009699022,,
SCD,0.0703515642478627,,
AGTPBP1,0.070131473224969,,
PRDM14,0.0700148502486018,,
EIF4H,0.0699682295517399,,
WNK1,0.069930760795569,,
GORASP1,0.069898714133748,,
PITPNC1,0.0698813908566323,,
RBMX,0.069794813464443,,
PFKP,0.0697418194185766,,
FERMT2,0.0697217821074235,,
ZZZ3,0.0696054663179563,,
GPRIN1,0.0693673489448699,,
PRAP1,0.0693243173508898,,
P3H4,0.0692756905392324,,
SCML4,0.0692397591644714,,
CSNK2A1,0.0692312248273581,0.5,
KRT19,0.069218132877218,,
EGFL6,0.0689981850942633,,
FNDC1,0.0689449702093933,,
ROBO1,0.0689268178415419,,
FILIP1L,0.0689061106845477,,
CTSV,0.068836134509039,,
CHDH,0.0688239818279511,,
LINC00941,0.0687433782771204,,
INSYN2B,0.0687418529713545,,
MAPK15,0.0686675263561346,,
FOLR3,0.0686298230463781,,
ST8SIA6,0.0685531619233238,,
CYBB,0.0684232548475827,,
F11R,0.0682589227238231,,
SLC25A13,0.0682041517965253,,
HLA-DQB1,0.0681280402614998,,
MMUT,0.0681119555142168,,
IGF2R,0.0680576954106237,,
HSF5,0.0680026932619851,,
DUS4L,0.0679205644053885,,
WNT2B,0.0678051733618703,,
EAF2,0.067692910338324,,
EIF3F,0.0676331134073004,,
SHH,0.0676233307502329,,
LRRC34,0.0675715371340353,,
DVL3,0.0675632913084499,,
UBQLN2,0.0675433876314686,,
CXCL1,0.067532734845251,,
STK16,0.0674277912658089,,
MS4A15,0.0673898630053036,,
EHF,0.0673393856621284,,
RBM24,0.0672635335526157,,
CUL7,0.0672635335526157,,
AKR1B10,0.0672079577589256,,
LINC01116,0.0671900389485809,,
THY1,0.0670561690003943,,
CAMP,0.066908313677092,,
TASL,0.066893953697931,,
TM4SF4,0.0668690454208434,,
SUMO1P3,0.0666219018604547,,
PSMC4,0.0666194379947568,1.0,
ICMT-DT,0.0664705794421755,,
MRPL42,0.0664584528650841,,
UBE3A,0.0664336451793573,,
EPHA5,0.0664012796055636,1.0,
MCM7,0.0662747613057115,,
NAMPT,0.066184708403635,0.5,
NAGS,0.0661547939885616,,
NBAS,0.0661547939885616,,
NAGLU,0.0661547939885616,,
CCL21,0.0660521340975691,,
ZDHHC4,0.0660418668107413,,
KCTD9,0.0659700040612192,,
ICAM5,0.0659457760485232,,
SERINC2,0.0659002441731217,,
NUDT3,0.0657852141338769,,
MDFI,0.0657852141338769,,
STAT1,0.0657631822178118,,
HACE1,0.0657537998462287,,
STARD13,0.0655325463826566,,
ESM1,0.0653848359579685,,
LPCAT1,0.0653709265229966,,
IL22,0.0653002432356739,0.5,
YTHDF1,0.0651638081544392,,
AQP1,0.0651500600167824,,
TRIM23,0.0650634942357909,,
ABHD11,0.0649942930920589,,
PROM1,0.0649731358524406,,
NR5A2,0.0649331272466871,,
CHURC1,0.064912595032538,,
IGFBP3,0.0648580263057662,,
SMS,0.0647715387213333,,
TRPV1,0.0645827528051591,1.0,
ALOX15,0.0645329393722761,,
HAVCR2,0.0645176976501835,0.75,
IRAG2,0.0644916846424804,,
TP53I3,0.0644916846424804,,
LNCAROD,0.0644762854818686,,
NEK2,0.0644185811303326,,
ALYREF,0.0643290627498748,,
CBLIF,0.0643068947151381,,
SPANXC,0.0643068947151381,,
MCL1,0.0642152564488881,0.75,
PKD2,0.0641734353231686,,
NUTM2A,0.0641446776526164,,
DAP3,0.0640510507560963,,
SFTPB,0.0638554982870752,,
G6PD,0.0638532997757229,,
SERPINB9,0.0638407962233811,,
NECTIN2,0.0638069803710538,,
ADM,0.063785566777247,0.5,
E2F1,0.0635719720367789,0.75,
F3,0.0635502826237419,1.0,
PRODH,0.063542024788544,,
XRCC4,0.0633792492798795,,
SCARB1,0.0633132256406466,,
HSD17B12,0.0631050458159239,,
CD82,0.063082231946097,,
MAP3K21,0.0630133652237416,,
SPC24,0.0630082321702043,,
USP7,0.062999496143917,,
GRK6,0.0629281439642793,,
WDHD1,0.062895304992384,,
KARS1,0.0628080430822501,,
ILF3,0.062726119547795,,
MBD2,0.0626808653005968,,
SLC2A3,0.0626634532653071,,
PGD,0.0626323479580454,,
IL15,0.062596698152352,0.5,
CPOX,0.0625907380985362,,
LINC00426,0.0625308581912366,,
DDAH2,0.0622916453256556,,
PANX1,0.062209408639621,,
GCDH,0.0620894155870299,,
PDZK1IP1,0.0620688833728807,,
NOTCH4,0.0620182627480629,,
LARP1,0.0619901297608754,,
INTU,0.0618840934455384,,
ABCG1,0.0618522685136072,,
COX6B2,0.0616069085545248,,
POU5F1P3,0.0615078352658687,,
POU5F1P4,0.0615078352658687,,
CXCL13,0.0613411756510949,,
UBB,0.0612225063498074,,
SNAI2,0.0611535587409592,,
CNKSR1,0.061144933736169,,
SNAI1,0.0611362817155708,,
LSAMP,0.0611141354149452,,
STAMBP,0.0610090104785016,,
EME1,0.0609806760229758,,
IRF1,0.0609581382780437,,
YY1,0.0609437099007587,,
CLU,0.0608417310539879,0.75,
RNF34,0.0607958860956334,,
BMX,0.0607863932094561,1.0,
PRKDC,0.0607237320307693,0.5,
CXCL17,0.0605927794712329,,
RHOF,0.0605905639541419,,
PSMG3,0.0605443664723063,,
NLRC4,0.0604364399648727,,
SMYD4,0.060347296958164,,
HOXA7,0.0602969532918091,,
HIF3A,0.0602234675303585,,
BIRC7,0.0602038271298993,,
NRP1,0.0601905287576119,0.5,
GOLM1,0.0600651756501705,,
LIN9,0.060056726386264,,
DTYMK,0.0599981519130785,,
SASH3,0.0599694644761301,,
LINC00520,0.0599335331013691,,
HOXA10,0.0599062603547672,,
PHLPP1,0.0598310773527649,,
EEF2K,0.0598308720306234,,
EBP,0.0598308720306234,,
DUSP4,0.0598127478677736,,
MEF2C,0.059789807602325,,
MTCH2,0.0597590092811013,,
AHNAK,0.059757479345144,,
SOD1,0.0596092442437442,1.0,
XRCC6,0.0596008686649686,,
TFAP2C,0.0595920478441927,,
ITGAX,0.0595884806649526,,
YWHAQ,0.0594672339472985,,
EGF,0.0594557050909782,,
SPTBN2,0.0594173532376595,,
MCEMP1,0.0593853229835868,,
P4HB,0.0593715260051845,1.0,
RPL11,0.0593204160453888,1.0,
SPRY2,0.0592746030187875,,
HDAC11,0.0591747525567439,1.0,
LRRK2,0.0591400670595,,
DDX52,0.0591327767495523,,
VCP,0.0591275284642009,,
DLG2,0.0590814462141794,,
RBP1,0.0590488900840096,,
HSDL2,0.0590440775844279,,
IRS2,0.0590073693529424,,
GATA5,0.0589479868222099,,
BBS9,0.0589274546080607,,
HAMP,0.0589052672460363,0.25,
MAGEA4,0.0588325957786917,1.0,
FOXP3,0.0588056903381626,,
CH25H,0.0587631968948675,,
SLC33A1,0.0587330994620284,,
TPD52L2,0.0586272736372002,,
PAICS,0.058524043896144,,
IFI27,0.0585235504576894,,
NOS3,0.058498947298768,0.75,
SOD2,0.0584883225428972,,
LINC00996,0.0584823162053072,,
CSE1L,0.0584144536236858,,
CCR6,0.0584090494965336,,
TBX22,0.0583936170401828,,
TXNDC9,0.0583936170401828,,
PKP3,0.0583175290668351,,
ARL4C,0.0582841386690816,,
IL1F10,0.0582796632516551,,
P3H2,0.0582336951685876,,
SMAD7,0.0582240209105958,0.75,
GTPBP4,0.058196097140068,,
NUP62CL,0.0581780287916168,,
ORC6,0.0581698033352137,,
PIF1,0.0581494802659894,,
NCL,0.0580880143175734,,
NMNAT2,0.0580240371854981,,
EIF4E,0.0579452043155308,,
MTBP,0.0579008439006032,,
CHAC2,0.0578803116864541,,
CYP27A1,0.0578439279977238,,
FGF8,0.0578392472581558,,
TNKS,0.0577074797123979,0.5,
GOLGA2,0.0576544573308134,,
CEBPB,0.0576235099131542,,
S100A4,0.0576159972103942,,
GCG,0.0575613083553324,,
NR1D1,0.0575281716430528,,
STAMBPL1,0.0574696674034711,,
UBC,0.057467638712168,,
PAK2,0.057445807051072,,
PSMD9,0.0574369807259297,,
H3P23,0.0574337700959737,,
ZNRD2,0.0574337700959737,,
DCTN6,0.0574337700959737,,
TMED7,0.0574337700959737,,
SNHG20,0.0573567402256508,,
SIRT6,0.0573515614285751,,
CRKL,0.0573102789082686,,
MSR1,0.0573027789811296,,
CBLL2,0.0573002157662725,,
MUL1,0.0573002157662725,,
FAM66C,0.0572848774761287,,
RFTN1,0.0572848774761287,,
S100A7A,0.0572848774761287,,
HNRNPAB,0.0572592122084423,,
C1QBP,0.0572532469128685,,
DCLK1,0.0572106400537382,,
AASDH,0.0571489542184614,,
STT3A,0.0570079124065175,,
EBLN3P,0.056987160370966,,
ALDH3B1,0.0568409710062241,,
BDNF,0.0567412987479319,,
SOX12,0.0567336200006444,,
TNK1,0.0566935497086332,,
PLK4,0.0566566464291775,0.5,
GRAMD2A,0.0566189611077435,,
RUNX2,0.0566093114255402,,
UBA52,0.0565252279963943,,
SAMHD1,0.0565249057238896,,
RAD54L,0.0564928119310106,,
PLCD1,0.056360927839417,,
CDCP1,0.056354164729752,,
ZDHHC6,0.0562973615157591,,
FABP4,0.0562731313308964,,
ACVRL1,0.0561910910440889,0.5,
RCSD1,0.0561761379120746,,
HCCS,0.0561761379120746,,
PARP1,0.056123345121574,1.0,0.0607930797611621
CYCS,0.0559950350580383,,
LGALS3BP,0.055987770055331,,
PIEZO1,0.0559859337599063,,
VIPR1,0.0559059514644419,,
TRIB2,0.0558947030959128,,
MTHFD1L,0.0558681546998374,,
CAMK2A,0.0558225197924352,,
GPER1,0.055767215831039,,
CD1E,0.0557669308840821,,
TESMIN,0.0557449614149425,,
PLIN3,0.0557309995093211,,
SMURF2,0.0556166350765103,,
CYP19A1,0.0556025191323294,1.0,
GNG4,0.0556014326114172,,
EFNA5,0.0555910741385937,,
HMGB1,0.0555099682601687,0.75,
PLK3,0.055438466788231,,
TMEM160,0.0554369782027052,,
LINC00621,0.0554369782027052,,
NUP160,0.0554369782027052,,
GALNT2,0.0554234408094666,,
CSF2RB,0.0553478971844346,1.0,
NDRG2,0.0552746522021901,,
PSMD7,0.055232281315678,1.0,
DRAIC,0.0552128619023976,,
RIPK2,0.0551463093271094,,
GJA1,0.0549436658731787,,
PCNP,0.0548904106620548,,
MAGEA9,0.054862076206529,,
SMAD9,0.0548066925070935,,
GLI2,0.0546668028282921,,
CA9,0.0546317679615496,1.0,
LILRB2,0.0546316859076605,,
SOX17,0.0543801494595276,,
PXN,0.0543440892683427,,
FOXD2,0.0543282386386511,,
LINC00880,0.0543282386386511,,
SPARC,0.0542466723564879,,
CA4,0.0542099497960727,1.0,
BCAR4,0.0541639809254579,,
STAU1,0.0541434487113088,,
AQP9,0.0540761233448222,,
COMP,0.0540683550512088,,
PLAUR,0.0540626630787901,,
ADAMTS8,0.0540517849162747,,
TNFRSF1B,0.0539747922785831,,
CSRNP3,0.0539586587839664,,
NUP210,0.0539586587839664,,
EMG1,0.0539586587839664,,
GCNT3,0.0539422381519427,,
LINC01833,0.0539175943556681,,
CASP1,0.053849305184605,0.5,
TNFSF10,0.0538388108268411,,
TIMP1,0.0538326633512807,,
PKMYT1,0.0538078124188044,,
P2RX7,0.0537958575254765,0.5,
SEMA3A,0.0537533366424749,,
GDF15,0.0536415557189774,,
SLC25A27,0.0535890789292817,,
PTPA,0.053588573550085,,
BZW1,0.0534145551090139,,
LYPLA2,0.0534042890019394,,
ABCC2,0.0533420332458832,,
IFITM1,0.0532791097723857,,
PDZD2,0.0532721531702385,,
DDX56,0.0532603039403242,,
LZTS1,0.0532601528586123,,
SNHG17,0.0532399967528701,,
ANKRD11,0.053219499074597,,
HYCC1,0.053219499074597,,
BTG3,0.0530790587298168,,
HDAC3,0.0529786494460832,1.0,
LCN2,0.0529090830871676,,
FCN3,0.0528906490603432,,
TAP2,0.052736992042092,,
NLRP7,0.0527176771285927,,
PSMD12,0.0526651292925699,1.0,
RMRP,0.0526284439059991,,
XRCC2,0.0525534527345048,,
DLAT,0.0525086970335624,,
AMHR2,0.0524803393652276,,
BTC,0.0524803393652276,,
MRPL41,0.0524803393652276,,
SETD9,0.0524647337665505,,
KLF12,0.0524495410440039,,
ENO4,0.0523468799732581,,
TBXT,0.0523451357908547,,
CACNA1C,0.0523351672970279,1.0,
TBXAS1,0.0523053413951978,1.0,
SH2D3C,0.0522105460713078,,
SATB2,0.0521736741670607,,
CFTR,0.0521377717669756,1.0,
KCTD12,0.0520990840863318,,
OTUB1,0.0520210337347111,,
SLIT3,0.0519662576331358,,
MTLN,0.0519259695832005,,
GSDMD,0.051847776333256,,
HIC1,0.0517541149507722,,
NUAK2,0.0517411796558582,,
CYP24A1,0.0517046536644449,,
OPN1LW,0.0516664852855713,,
SP3,0.051640559235784,,
DOCK4,0.0516337573213188,,
PAG1,0.0516291096720735,,
HLA-B,0.0516210348305094,,
S100P,0.0515834990499955,,
FOSL1,0.0515628743631236,,
EIF2S3,0.0514859642339843,,
TMEM258,0.0512602553298726,,
SUMO1,0.0512412875180825,,
GAL,0.0512226032032068,,
MMP9,0.0511650310409044,0.75,
EIF2S2,0.0510546964831862,,
DARS1-AS1,0.0510020199464888,,
IFT20,0.0510020199464888,,
HOXD-AS2,0.0510020199464888,,
HPGD,0.0509875585486786,,
RGS6,0.0509814877323396,,
UBA3,0.0509506894111159,0.75,
UBASH3B,0.0509147580363549,,
CXCL10,0.0508972522811529,0.5,
TXN,0.0507378808043871,0.5,
TFF3,0.0507357105303922,,
IL2RA,0.0506632883159164,1.0,0.0607930797611621
GAPDH,0.0506498037364805,,
ELAVL1,0.0506342306550094,,
HILPDA,0.0506324400918041,,
CRBN,0.050464897224347,1.0,
RBIS,0.0504065857361634,,
SPARCL1,0.0503559806000549,,
HRH1,0.0503244568795668,1.0,
TPT1,0.0503234302688594,,
RABEP2,0.0502795696330779,,
WDR6,0.0502628602371194,,
CDK5R1,0.050217362526664,,
IL1A,0.0501820149728934,0.75,
FOSB,0.0501618434798014,,
ADAM17,0.0501495463758798,0.5,
ABRAXAS1,0.0501076366981518,,
MUC21,0.0500658214701873,,
LINC01123,0.0499973787081709,,
HS6ST2,0.0499961881270622,,
ONECUT2,0.0499846487353984,,
HCLS1,0.0498932803824347,,
PRNP,0.0498591780508321,,
DOK1,0.0498230602100446,,
SMG1,0.049755165857967,,
HSPA5,0.0496426484772357,,
TGFBR3,0.0495602901682276,,
PDHA1,0.0495402589801838,,
NRG4,0.04952370052775,,
N4BP2L1,0.0495086782043548,,
P2RY13,0.0494142512555917,,
SLC2A11,0.0494122106049201,,
ITGAM,0.0493964716017988,0.5,
NFKB1,0.049381406680755,0.75,
SUN1,0.0493389106004076,,
KLF2,0.0492836609321601,,
GABPB1,0.0492660212401782,,
TPD52,0.0492282705717724,,
RBM14,0.0492157173155127,,
CLIC5,0.0491970443048191,,
SHCBP1,0.0491694263601768,,
LINC00921,0.0491541206730653,,
PON2,0.0491541206730653,,
TRIM55,0.0490387296295471,,
SMOC1,0.0490103951740212,,
TYRP1,0.0489972886609269,0.5,
TBPL1,0.0489898970638332,,
EMX2OS,0.0489693307457229,,
MPC1,0.0489499152326086,,
SLC4A7,0.0488820688355891,,
CDC45,0.0488729193108552,,
TMSB10,0.0488719160979963,,
LAMB1,0.0488488066486674,1.0,
LINC00261,0.0488251529327096,,
SRPX,0.0487229515889342,,
FTL,0.0487215741976988,,
FARP2,0.0486977286895877,,
PRELP,0.0486736668619752,,
GNL3,0.0485997508910382,,
AK2,0.048440173917413,,
TAF15,0.0484215312722236,,
TREM2,0.0482609348217012,,
POU2F2,0.0481866427423573,,
NEDD4,0.0481339047942244,,
NUCB2,0.0480864455373095,,
TNFSF12,0.0480531833503879,0.5,
SLC15A4,0.0480453811090112,,
SEC11C,0.0480453811090112,,
USP13,0.0479903547750915,,
CEP57,0.0478975491671373,,
ANXA2,0.047882627321093,,
KDELR1,0.0478086216927487,,
HSPA1A,0.0477863721958404,0.75,
ICE1,0.0476758012543265,,
KPNA4,0.0476552690401773,,
TNFRSF6B,0.0476510631539534,,
GIMAP6,0.0476159302544226,,
CDC6,0.0476087929987322,,
KCTD5,0.0475733455057222,,
POC1A,0.0475592074211537,,
ETS1,0.0474989331108678,,
TIAM2,0.0474988135683608,,
CXCL2,0.0474926854363187,,
FOXD3,0.0474848516627394,,
CENPA,0.0474280387925716,,
BMP4,0.0474081014491691,,
MADD,0.0473770575384564,,
CBX1,0.0473658708572224,,
CXCR2,0.0473510582422874,0.75,
PDCL3,0.0473472858279401,,
LAIR2,0.0472856891854926,,
PSMD1,0.0472762317962407,1.0,
SPDL1,0.0470956713364694,,
GLRX3,0.0470855000975384,,
CX3CR1,0.0470791085489346,,
TPRG1,0.0470355850392661,,
ZNF8,0.0469366415449571,,
ERVK3-1,0.0469366415449571,,
PHKG1,0.0469366415449571,,
RRAS,0.046924031529733,,
MTHFD1,0.046922750873548,,
HNF4G,0.046898467395577,,
PSMD11,0.0468072885958174,1.0,
UBE2S,0.046683006863941,,
BAK1,0.0466668739755131,,
COL5A1,0.0466659369325296,1.0,
IGF2,0.0466223775462825,0.5,
WNT5A,0.04661336648342,,
CHMP2A,0.0465670616902724,,
RAMP2,0.0465192802224416,1.0,
MTUS1,0.0464797997801385,,
UCN3,0.0464483779806387,,
ZFHX4,0.0463599538968845,,
SOX5,0.0463503358231007,,
FGF2,0.0463199230546603,0.75,
SLC6A4,0.0462826119104385,1.0,
RUBCNL,0.0461974818355877,,
PRKAA2,0.0461793599773114,0.75,
ENSG00000223804,0.0461488204880542,,
POLI,0.0461488204880542,,
CNTN1,0.0460274707665631,,
PIK3CG,0.0460195916875777,1.0,
PACERR,0.0460126919082453,,
TKT,0.0459894582577449,,
NOD2,0.0459671040605092,1.0,
CD34,0.0459047003709321,,
SVIL,0.0458587003021267,,
ABCG2,0.045835069705447,,
LNX1,0.045827901980903,,
NOP2,0.045777761133262,,
ADGRG1,0.0457663053384555,,
SBK1,0.0457303739636945,,
MRC1,0.0457286831965832,,
TLR1,0.0456841764818589,,
CXCL12,0.0456777509602984,0.5,
UBA7,0.0456535666916663,,
CASD1,0.0456431120535606,,
TEX46,0.0455455697196722,,
TRGV9,0.0455199187686657,,
TCF4,0.0455009667402546,,
POLR3G,0.0454905577024324,,
TFAP2B,0.0454745300046527,,
MIR9-2HG,0.0454377899120691,,
CAPN8,0.0454231310603497,,
CSF1,0.0454147678151411,0.5,
TRIM63,0.0453834696349013,,
CD86,0.0453545490008536,1.0,
CDH3,0.045348227616525,0.25,
OPA1,0.0453112166047668,,
TNK2,0.0452764067088568,,
CRYL1,0.0452735321988759,,
TACSTD2,0.0451998341701592,1.0,
CAVIN1,0.0451920004525888,,
DRG1,0.0451170767270594,,
MMRN2,0.0450963891511276,,
STK26,0.0450887422715336,,
ERCC8,0.0450887422715336,,
MRPL15,0.0450374117361607,,
GJD3-AS1,0.0450349478704628,,
ABRAXAS2,0.0450074347035029,,
FUZ,0.0447191624168489,,
SREBF1,0.0447107820713418,,
LINC00628,0.04468076717639,,
SYNE3,0.0445908830232319,,
ID2,0.044575522336039,,
TMED10,0.0445703038642675,,
SLC6A17,0.0445343724895065,,
AGRN,0.0445186955919178,,
ID4,0.0444549234700672,,
EIF3A,0.044436809936422,,
HTR3A,0.0444177495131393,1.0,
APP,0.0444017681671042,1.0,
HOXB4,0.0443625178570781,,
DUSP22,0.0443495825621642,,
KRT10-AS1,0.0443495825621642,,
SH3GL2,0.0443495825621642,,
TXNRD1,0.0443405381901342,1.0,
SLC38A2,0.044329050348015,,
COL6A3,0.0443205023690827,1.0,
EIF3D,0.0443163203752425,,
KIF23,0.0443024442282554,,
ZWINT,0.0442852327184729,,
BLK,0.0442417884378811,1.0,
CENPU,0.0442156076132887,,
MED23,0.0441647926348218,,
TRAIP,0.0441583589388873,,
LSR,0.0441527049019939,,
PGF,0.0441339943135981,1.0,
GINS1,0.0440739414212125,,
IRF7,0.044050904299601,,
MMP17,0.0439800027074795,,
CMTM2,0.0439800027074795,,
KRT7,0.0439452577504301,,
MMP10,0.0439253621428158,,
KRT5,0.0438697673902,,
WDR76,0.0438670755296591,,
NFATC1,0.0438507869214567,,
PPARA,0.0438245922840098,1.0,
RGPD8,0.04378597328377,,
CFL1,0.0437828426325012,,
PGC,0.0437621395285669,,
FOS,0.0437275212197363,,
CDK7,0.0437191283559712,0.75,
LGR5,0.0436876317709227,,
EIF2B5,0.0436720194952422,,
DDR1,0.0436510157447093,,
ACAT2,0.0436169931613225,,
GPR141,0.0436104228527948,,
GTF2H4,0.0435693584244965,,
DPP4,0.0435493135572135,1.0,
SCRIB,0.0435254194862173,,
STMN3,0.0434564041220331,,
EIF2B2,0.0434256329254524,,
EIF2B1,0.0434256329254524,,
EIF2B4,0.0434256329254524,,
EIF2B3,0.0434256329254524,,
HPGDS,0.0434182918122383,,
RFC4,0.0434060856523244,,
BRD2,0.0433728077212245,0.75,
DUOX1,0.0433447973147073,,
RNF2,0.0433024396405575,,
CCR1,0.0432736819700054,0.5,
UHRF1,0.0432675757734042,,
USP24,0.0432501851555479,,
S100A10,0.0432483018719599,,
DUSP8,0.0432408429981101,,
RGPD4,0.0432316035017429,,
SOS2,0.0431428917658753,,
CHPF,0.0431405077476768,,
COX6A1,0.0431381819273643,,
CCL22,0.0431224718736459,,
DLX6,0.0431218495954185,,
ADA,0.0431002520372011,1.0,
H3P17,0.0430765852849169,,
CTSG,0.0430721119684286,,
AK1,0.0430355208566186,,
CD27,0.0430193743075655,0.5,
SLC12A5,0.0430022586696969,,
BUB3,0.043001026736848,,
TLR8,0.0429099406436309,0.5,
NQO1,0.0429078812069207,0.75,
FOSL2,0.0428872594143467,,
RGPD5,0.0428620236470582,,
RGPD2,0.0428620236470582,,
RGPD1,0.0428620236470582,,
RGPD6,0.0428620236470582,,
SMIM38,0.0428300793001223,,
PTPRG,0.0428053421652632,,
HLA-DMA,0.0427563374502029,,
PEBP1,0.0426773986053634,,
CD81,0.0426500222379779,,
SIX3,0.04252146149108,,
ITLN1,0.0425132936110898,,
RRAGA,0.0425016832887407,,
AGTR2,0.0424714555285719,0.5,
SLIT2,0.0424466561212659,,
RIOX2,0.0424025001236569,,
IRX2,0.0423227781951891,,
OGT,0.0423119420297395,,
CENPK,0.0422891090353975,,
RETNLB,0.0422860950401746,,
ABCA4,0.0422324686241535,,
CTSH,0.0422206663791111,,
TRBV20OR9-2,0.0422199500232009,,
GRHL3,0.0421731678623543,,
TSPOAP1,0.0421598093524139,,
H3P42,0.042132103434056,,
PMPCB,0.042132103434056,,
ABCB7,0.042132103434056,,
DLEU1,0.042132103434056,,
ENG,0.041995910117346,0.75,
UPK2,0.0419473135067136,,
TSKU,0.0419473135067136,,
GGH,0.041893301212758,,
LUADT1,0.0418801605957025,,
ACAA1,0.0418497854895051,,
AURKAIP1,0.0418287520666825,,
SMARCA2,0.0418197084360928,,
LINC00518,0.041806257195509,,
WWOX,0.0417908067043617,,
TEX41,0.0417419913652221,,
MVK,0.0417228964060634,,
MACF1,0.0416969646228802,,
LPGAT1,0.0416873568194703,,
CXCR1,0.041673713669325,0.75,
IL33,0.0416370196348743,0.75,
MBNL1,0.0416187980803272,,
GYS1,0.0415777336520289,,
FN1,0.0414450271932924,1.0,
TEK,0.0414397172700673,1.0,
PSMG4,0.0413929437246866,,
DLD,0.0413843083900047,,
GPRIN2,0.0413724115105374,,
RAN,0.0413611187927554,,
LAMC2,0.0413176533865094,1.0,
ZNF692,0.0412724648066396,,
ACAT1,0.0412680952919164,,
MAFK,0.0412440851721052,,
HOTTIP,0.0411458031430869,,
IMMT,0.0411428613563499,,
APOL1,0.041142517988823,,
ALDH1A1,0.0411294947067674,,
BMP2,0.0411168926766557,,
EEF1E1,0.0410900935659866,,
PRAME,0.0410775272456693,,
RPS6KB1,0.0410564374369964,0.5,
ITGA11,0.0410340710905946,,
IL36G,0.0410233638700019,,
FAIM,0.0409104366921815,,
DBH,0.040900170585107,0.5,
PCK1,0.0408385739426595,,
TRPA1,0.0408293437625603,1.0,
TDRD9,0.0408180417285104,,
LDLRAP1,0.0408180417285104,,
SLC31A1,0.0407234248900003,,
TARDBP,0.0407040879399826,,
LY6D,0.0406537840153172,,
EHBP1,0.0406537840153172,,
RMST,0.0406537840153172,,
MMACHC,0.0406537840153172,,
PKN1,0.0406537840153172,,
MRO,0.0406537840153172,,
RINT1,0.0406242176269424,,
BCL2L1,0.0405575817661514,0.75,
TNFRSF1A,0.0405553575335565,0.25,
SLC1A1,0.0405251272402926,,
BABAM1,0.040523379540548,,
ANO1,0.0405188319063938,1.0,
CLEC4M,0.0404689940879748,,
ISG20,0.0404302394868149,,
CCN2,0.0404276443756845,0.75,
NFYA,0.0403355346960053,,
MAP2K7,0.0403178228639411,,
WNT2,0.0403164397368466,,
LDB2,0.0402873363379712,,
IFNA2,0.0401097508706128,0.75,
DDX59,0.0401020834211295,,
EPHX2,0.0400944862373544,0.5,
CLDN4,0.0400862404444442,,
IFNA17,0.0400525536784106,0.5,
ATOH8,0.04000578733677,,
UBE2I,0.0399206687383784,,
NLRP12,0.0399146243059478,,
BUB1B-PAK6,0.0399072327088541,,
SOX7,0.0399018943331753,,
HK2,0.0398556726153475,,
DDX49,0.0397811649139783,,
PRKG2,0.0397788037093511,,
ORAI3,0.0397772292574139,,
ABCB1,0.0397590420145028,0.75,
CD9,0.0397190959313629,,
HLA-DMB,0.0397062097615905,,
RALGPS2,0.0397056063659094,,
MELTF,0.0396468912357401,,
EHMT2,0.0396428526191204,,
TGFB3,0.039606846415852,1.0,
IGF1,0.039595342818469,0.5,
CBLL1,0.0395861088795613,,
PGR,0.0394856037803755,1.0,
FKBP1A,0.0394815485790068,1.0,0.0607930797611621
LAP3,0.039463521415418,0.5,
ICAM1,0.0394614710361706,0.75,
LINC00467,0.0394220148188233,,
NFAT5,0.0393982740332386,,
FOXA2,0.0393104507549958,,
KRT17,0.0392685092124023,,
E2F8,0.0392636594055383,0.75,
TBX4,0.0392352133397524,,
PIK3C2G,0.0392013470223404,,
SPINK13,0.0391754645965783,,
USP29,0.0391754645965783,,
ANKRD1,0.0391298317506319,,
LRPPRC,0.0391140942085224,,
RCN1,0.0390882026864444,,
JMJD6,0.0390709076715012,,
SPINT1,0.0389541961552798,,
EPHB4,0.0389450742977099,1.0,
PDK4,0.0389044946535556,0.75,
WEE1,0.0388462421558426,0.5,
MANCR,0.0388329872645705,,
ACTB,0.0388112308174622,,
TSPY1,0.0388058847418936,,
CLN5,0.0387508584079739,,
EIF2AK3,0.0386836776905111,,
HSF1,0.0386738626049146,,
TIGD1,0.0386210948145513,,
HOTAIR,0.0385877582008821,,
RAD54B,0.0385846375636932,,
NUMB,0.038568722161402,,
EGLN1,0.0385318634879582,1.0,
UGT1A3,0.038508167636731,,
SH3BP5,0.0385043140430788,,
SMARCA1,0.0384765376819257,,
PRH2,0.0384703368143021,,
BCAT1,0.0384560927503973,,
MCAM,0.0384429033559383,0.25,
LAMP3,0.0384422818677951,,
EIF5A,0.0384175284205501,,
CPAP,0.0383952404589106,,
RNF144A,0.0383849743518361,,
ABHD8,0.0383758259504079,,
PRKAA1,0.0383692265161373,0.75,
MXI1,0.0383465791113772,,
TMEM37,0.0383462164747605,,
GRN,0.0383455306909922,,
BRF2,0.0382920535120678,,
METTL5,0.0382524263387599,,
TPPP2,0.0382515149598666,,
LAMTOR1,0.0382515149598666,,
ATRAID,0.0382515149598666,,
H3P12,0.0382515149598666,,
ZNF197,0.0382515149598666,,
PTK2,0.0382444817775536,0.75,
ADPRH,0.0382309827457174,,
GIMAP1,0.0382254749608106,,
BHLHE41,0.038218252772945,,
ACP2,0.0382104505315683,,
MT1M,0.0381640667141527,,
MIR155HG,0.0381488538891208,,
ITGA3,0.0381324377786506,,
RTN1,0.0380667250325242,,
UBE2D3,0.0380667250325242,,
ARRB1,0.0380527118891721,,
CUL9,0.0380408544426963,,
IL2RB,0.0380153944971514,1.0,0.0607930797611621
IL17RA,0.0379999953365395,1.0,
ALDH1B1,0.0379948622830022,,
ERCC1,0.0379929239001539,,
CFLAR,0.0379063298521951,,
SOX11,0.0378455805153945,,
PDK1,0.037833537984669,0.75,
S100A9,0.0378130830782065,,
CHUK,0.0377986701580285,,
CCR5,0.0377710457705607,1.0,
NBPF1,0.0376971451778395,,
ZBTB20,0.0376971451778395,,
NFE2,0.0376766129636904,,
RSPO1,0.0376616917241176,,
VANGL1,0.0376433507767688,,
LGALS9,0.0376164228534046,,
MAD1L1,0.0375567048330593,,
MMP7,0.037538543979161,1.0,
IFI6,0.037491823036348,,
EREG,0.0374570039974236,0.5,
LYPD3,0.0374525968242193,,
PFN1,0.0374078911219097,,
PDE4A,0.0373573370336711,1.0,
SPDEF,0.0373311825494461,,
STIM2,0.0373275653231548,,
PARP2,0.0373275653231548,1.0,0.0607930797611621
NSUN2,0.037323828686695,,
CAV2,0.037310558633917,,
LINC01194,0.0372737709220841,,
PRKAB1,0.0372721058313898,0.75,
VDAC1,0.0372649759842247,,
YKT6,0.0372532387079349,,
HMGB3,0.0372402057870492,,
USP10,0.0371750109720266,,
C17ORF58,0.037158596221914,,
CD226,0.0371281849530232,,
RGCC,0.0370741396581762,,
ACOT7,0.037033954660822,,
SLPI,0.0370025348799879,,
ASPH,0.0369926203556691,,
CD68,0.036962855358213,,
CLDN5,0.0369591249869819,,
TIMM23,0.0369579854684701,,
ASB8,0.0369579854684701,,
POU4F1,0.0369579854684701,,
RN7SK,0.0369579854684701,,
PARP3,0.0369579854684701,1.0,0.0607930797611621
TMEM119,0.0369579854684701,,
GALNT13,0.0369560862386613,,
KANK3,0.0369423928483368,,
EPHA1,0.036927995865069,1.0,
SLC25A1,0.0368853014303821,,
DCN,0.0368430721057385,,
MPO,0.0368335274769322,0.75,
NR2F6,0.036791263889579,,
ADAM2,0.0367731955411278,,
RNF217,0.0367731955411278,,
KIF3A,0.0367731955411278,,
EPHA10,0.0367539151635046,1.0,
HES1,0.0367506210411767,,
MEAK7,0.0366500022562329,,
GATA4,0.0366377667326991,,
BANCR,0.0365884056137854,,
KDM6B,0.0365319420248753,,
UPF1,0.0365237640523576,,
GABARAPL1,0.0364781476238045,,
PLCG2,0.0364627484631926,,
CHEK1,0.0364500676313427,0.5,
CENPN,0.0364143979725426,,
PINX1,0.0364027943978771,,
ACTA2,0.0363820705611211,,
HSD17B2,0.0363757698760004,,
EIF5A2,0.0363490324712267,,
ALOX5AP,0.0363040097595498,0.75,
SOAT1,0.0362782298584156,1.0,
ADH1A,0.0362520879460224,1.0,
POR,0.0362388963698873,,
ACOX2,0.0362290918661753,,
TALAM1,0.0362188257591007,,
SLC2A14,0.0362188257591007,,
INCENP,0.0362188257591007,,
ADRB1,0.036192273555633,1.0,
RAP1A,0.0361744294962445,,
MGP,0.0360909097593536,,
GDF10,0.0360686898930798,,
SDCBP,0.0360135036176092,,
XRCC1,0.0360046649534646,,
FMO2,0.0359937984897064,,
NET1,0.035982028419384,,
FAM72A,0.0359775722428482,,
CLSTN1,0.0359211086539381,,
KPNA2,0.0359114880044294,,
IL12RB2,0.0359090847379174,,
MOV10,0.0359005764397889,,
RASEF,0.0358619589865165,,
TMEM45A,0.035849245904416,,
MEOX2,0.035849245904416,,
ARIH2,0.035849245904416,,
CGN,0.035849245904416,,
STC1,0.0358463242878158,,
SUV39H2,0.0358358873944757,,
BARX1,0.0357927823155059,,
ATMIN,0.0357896899126401,,
S100A2,0.0357878107541212,,
DKK3,0.0357782192106061,,
KIF2C,0.0357424472772117,,
ANKRD22,0.0357209898855464,,
NSG1,0.0356893855711407,,
H3P16,0.035686817781073,,
TCEAL1,0.035686817781073,,
GADD45B,0.0356698764404826,,
RAET1K,0.0356439237629245,,
FAM107A,0.0356321126955117,,
FAM83D,0.0356051655948595,,
ALB,0.0356016614414469,,
PPBP,0.0355799882373223,,
ABI3BP,0.0355672404694116,,
HSD17B11,0.0355632681454552,,
RGN,0.0355601961745791,,
NME4,0.0355285327194063,,
MAOB,0.0355202052179851,1.0,
SLC35A2,0.0355183174334398,,
IL18,0.0354911999131213,0.75,
SCGB1A1,0.0354874513049498,,
LINC00885,0.0354796660497313,,
NME1,0.0354712410853859,,
GYPC,0.0354283325353335,,
CCN4,0.0354158205245765,,
ACTN4,0.0354117140347934,,
ITGA2,0.0353991181802381,0.5,
DGCR5,0.0353627094980146,,
MS4A7,0.0353621631718642,,
PDE4B,0.0353467994529489,1.0,
FBLN1,0.0353201612545242,,
RNF216,0.035294876122389,,
DNTTIP1,0.035294876122389,,
CP,0.035288532393224,,
MOB1A,0.0352743439082398,,
MOB4,0.0352743439082398,,
RNF128,0.0352539056880497,,
ADH1C,0.035236947222681,1.0,
ENTREP1,0.0351777148978335,,
PSMC5,0.0351100861950466,1.0,
ADK,0.0351100861950466,,
FGF19,0.0351100861950466,,
GNG11,0.0351049759640558,,
AOX1,0.0350705197649106,,
NKX2-8,0.0350583450153908,,
STUB1,0.0350252225033953,,
RBBP7,0.0350125581778382,,
CD19,0.0350093126337838,1.0,
RPS15A,0.0349971590172263,1.0,
MAPKAPK2,0.0349967358022,0.25,
MUC15,0.0349948914126581,,
KLRG2,0.034992025963689,,
ARHGEF26,0.0349754462007636,,
RNF135,0.0349663606960026,,
PLSCR4,0.0349656572438687,,
CLDN3,0.0349555452740073,,
USP39,0.0349550679782205,,
TWSG1,0.034954436991152,,
PCDH11X,0.0349252962677043,,
DRP2,0.0349252962677043,,
PEPD,0.0349047640535551,,
VSIG1,0.0348704854111024,,
RILPL2,0.0348673608822259,,
A2M,0.0348543285393857,1.0,
NFYC,0.0348126205047511,,
CDH23,0.034812369089884,,
B4GALT2,0.0348049774927902,,
GSDME,0.0347851572218292,,
FSCN1,0.0347432032058166,,
SLC2A7,0.0347405063403619,,
NME6,0.0347405063403619,,
TLL2,0.0347405063403619,,
RTKN,0.0347405063403619,,
ZNF800,0.0347405063403619,,
ZCCHC10,0.0347405063403619,,
CORO2A,0.0347405063403619,,
CD63,0.0347379335713968,,
FGF9,0.0347360848725445,,
CDH13,0.0347015715486751,,
HSPE1,0.0347014825627352,,
ATG5,0.0346557983024228,,
CALM1,0.0346508910185281,1.0,
PSG9,0.0346275791625416,,
AQP5,0.0345674266738282,,
CMTM4,0.0345557164130196,,
LINC00958,0.0345224542260979,,
ANXA10,0.0345153090465802,,
PRR15,0.034497521100164,,
ITLN2,0.0344744088449889,,
MAPK8,0.0344514394806164,0.5,
GPX3,0.034434306123725,,
CCNF,0.0344146601018149,,
CCR3,0.0344119909139755,,
CD14,0.0344107328514868,0.5,
GUSBP11,0.0343709264856772,,
PRDX3,0.0343709264856772,,
HHIP,0.034368776442581,,
MAP3K2,0.034363329566442,,
WNK3,0.0343503942715281,,
ALPP,0.034348388780918,,
PPAT,0.0343464586149637,1.0,
AOC3,0.034338220804318,0.5,
SESN1,0.0343265175120923,,
CNN3,0.0343233745340662,,
SPON2,0.0342997344085924,,
ATAD5,0.0342674441263655,,
PHLDA2,0.0342337144752451,,
LINC00240,0.0341861365583349,,
TRIM15,0.0341861365583349,,
SRGN,0.0341641788417352,,
SLC1A5,0.0341359306501539,,
KRT14,0.0341284166661779,,
ATF3,0.034125000391001,,
EIF2A,0.0341176490534041,,
SLC4A4,0.0341058164006949,,
IGBP1,0.0340410410810565,,
CPNE1,0.0339713570275914,,
SEZ6L2,0.0338676806853184,,
NHERF1,0.0338576211319485,,
KL,0.033852879570169,,
CLDN10,0.0338510693326437,,
LIME1,0.033827781076486,,
CKAP4,0.0338277396988615,,
ASIC1,0.0338165567036502,,
IL4,0.0337998090012918,0.5,
DSG3,0.0337859637045679,,
SERPINE1,0.0337392362165141,0.5,
ABCA8,0.0337327948294086,,
ZFAS1,0.0336755003924455,,
LRRC31,0.0336407310848701,,
CREB3L4,0.0336317667763078,,
NECTIN3,0.0335353133024009,,
MAPK3,0.0335296790047395,0.5,
SPANXA1,0.0335085734914129,,
SPANXA2,0.0335085734914129,,
CCL19,0.0335039030746971,,
CYP3A5,0.0334790700547209,1.0,
P2RX1,0.0334584282085949,,
RASGRF2,0.0334469768489655,,
LCIIAR,0.0334469768489655,,
COPS5,0.0334127962994042,,
HNRNPU,0.0334100062927536,,
E2F4,0.0334029836702566,0.75,
SPHK1,0.0333929331637986,,
ST6GALNAC5,0.0333543165973205,,
GIMAP5,0.0333406199796729,,
AIFM2,0.0333362841902192,,
SDC1,0.0333281926432502,0.5,
PGLS,0.0332621869216231,,
MEF2D,0.0332621869216231,,
PRTFDC1,0.0332621869216231,,
H6PD,0.0332621869216231,,
ANXA13,0.033241654707474,,
SLC6A10P,0.033241654707474,,
GPIHBP1,0.0332111940839021,,
AKR1C2,0.0332108563862502,,
SHMT1,0.0331911066842098,,
CPB2,0.0331837370388107,,
SPAG1,0.0331808732867373,,
GFPT2,0.0331717711460664,,
YEATS2,0.0331646589044146,,
CASTOR1,0.0331492597438028,,
CR2,0.0331348319459521,,
CALCA,0.0330908242640059,1.0,
KLF9,0.0330793003783236,,
TONSL,0.0330773969942808,,
TP53INP1,0.0330568647801316,,
SERPINF1,0.0330497356984756,,
BST1,0.0330281196803228,,
NTN1,0.0330260664589079,,
MYRF,0.0330011102040097,,
MGST1,0.0329984517172024,,
BTNL2,0.0329839754199021,,
RABGEF1,0.0329738427136266,,
PCYT1B,0.032964752658186,,
TERF2IP,0.0329479973648471,,
PRG4,0.0328759560203112,,
HBB,0.0328405326749957,1.0,
TUG1,0.0328127118788713,,
CD24,0.0327809432656657,,
IL18R1,0.0327453155743446,0.5,
COASY,0.0327078171395961,,
PRPS2,0.0327078171395961,,
NAT10,0.0327078022765844,,
CARM1,0.0326853710992133,,
ABCC3,0.0326265391832569,,
ATL1,0.0326001334693109,,
ENSG00000286131,0.032557448392242,,
DUBR,0.0325513616677795,,
CDC7,0.032527811461331,0.5,
GREB1,0.0325230272122537,,
CARD9,0.0325024949981046,,
EIF3G,0.0325024949981046,,
CPT1B,0.0325024949981046,1.0,
HNRNPC,0.0324788840589277,,
PDLIM3,0.0324492343712244,,
SOSTDC1,0.0324329320387609,,
FGB,0.0324042993959818,1.0,
AIMP2,0.032381111375536,,
PLAGL2,0.0323675638152686,,
AMPD1,0.0323382372849114,,
CRK,0.0323324002409525,,
CLEC14A,0.0323317696374544,,
MAPK14,0.0323287422066491,0.75,
POLDIP2,0.0323169107765992,,
RNF19A,0.0323169107765992,,
PDE4D,0.032301639442064,1.0,
S100A11,0.0322980713375743,,
TIMP3,0.0322930726636213,,
KCNA3,0.0322835957498237,1.0,
PCDH7,0.0322687863085586,,
OGFRP1,0.0322657291075495,,
DLX5,0.0322653479246819,,
GRIA1,0.0322098201094347,1.0,
WWC2,0.0322056278092782,,
NFATC3,0.0322043536326551,,
HIGD1B,0.0321600151912552,,
RNF152,0.032153447357569,,
TBL2,0.032153447357569,,
LAG3,0.0321506511510432,1.0,
PPIA,0.0321497810126476,1.0,
CHD7,0.0321445421940826,,
SMN1,0.0321075240034432,1.0,
C3,0.0321002954720301,1.0,
GPT,0.0320397071260564,,
GZMB,0.032039025357564,,
IGFBP7,0.0319893086605878,,
TDO2,0.0319094003395101,,
MAFG,0.0318463472737208,,
TRIP10,0.0318454641453318,,
TYMP,0.0318199315632357,1.0,
GHR,0.0318008453393494,1.0,
MAD2L2,0.0317838675028843,,
APCDD1L,0.0317838675028843,,
MGAT5B,0.0317838675028843,,
MYCBP,0.0317633352887352,,
SYNJ2,0.0317459160644075,,
MEG3,0.0317385542065067,,
RGS20,0.0317371133000721,,
AHSG,0.0317325369675114,,
MME,0.0316854108103765,1.0,
SLK,0.03168200401853,,
HBD,0.0316582103522915,,
IL20RB,0.0316280311190984,,
ERN1,0.0316012456448197,,
IL1R2,0.0315599785288505,,
DOCK8,0.0315477470401691,,
NFE2L1,0.0315015495583335,,
XAGE1B,0.0314771278699173,,
ASCL1,0.0314716413905481,,
EEF1AKMT2,0.0314648492971146,,
CRHR2,0.0314553520764979,,
FXN,0.0314380192153083,,
PLPP4,0.0314142876481996,,
ANKRD40CL,0.0314142876481996,,
CCL27,0.0313971255102744,,
RNASET2,0.0313758924077407,,
MMP14,0.0313741546649056,0.5,
PDIA3,0.0313580441943245,,
TPM2,0.0313461089417584,,
FUT1,0.0313310338300012,,
IRF9,0.0313205779942857,,
ACTA1,0.0312994897463606,,
PCNA,0.0312900901549769,,
NCKAP5,0.0312707607467265,,
LYVE1,0.0311845144518716,,
PIN1,0.0311730341319471,,
S1PR3,0.031157968439632,1.0,
CLEC3B,0.0311131412757896,,
NPNT,0.0310821277538017,,
BASP1,0.0310679091955034,,
FASTKD2,0.0310447077935149,,
GRIN2D,0.0310447077935149,1.0,
MAPRE2,0.0310447077935149,,
DES,0.0310241075940076,,
PINK1,0.031012889712269,,
DDX21,0.030993377258142,,
MSRB3,0.0309489250145091,,
HYKK,0.0309469230351477,,
MXD3,0.0309420467227692,,
LOX,0.0309347937988456,,
RBM5,0.0309297190474523,,
AMOTL2,0.0309009822944709,,
MMP2,0.0308533746509701,0.75,
SAA2,0.0308273617360028,,
PPIB,0.0308248349450127,,
OGN,0.0308101700871981,,
S100A6,0.0307989963775684,,
GALNT7,0.0307975067634692,,
STXBP6,0.0307754024161166,,
ERAS,0.030768038169471,,
TYK2,0.0307469906883522,1.0,
ERAL1,0.030736035152009,,
GALNT3,0.0307354448094497,,
IL22RA1,0.0307245917188146,0.5,
SERPINB3,0.0307065464503944,,
CIB1,0.0306862027637274,,
MIP,0.0306856991192227,,
XPR1,0.0306766498446007,,
AKAP13,0.0306751279388302,,
CCDC34,0.0306237974034573,,
ATRNL1,0.0306169801031018,,
ASRGL1,0.0306169801031018,,
LRRC23,0.030586461514586,,
DSP-AS1,0.0305861411541642,,
MTTP,0.0305861411541642,1.0,
EPB41L2,0.0305787794769027,,
CRIPTO,0.0305758475005494,0.25,
MFNG,0.0305713111043793,,
SFTPD,0.0305652279484408,,
BCHE,0.030533365469535,1.0,
WDFY3,0.0305306871877683,,
CFB,0.0304963541934141,1.0,
POGLUT3,0.030474938850876,,
FAM20C,0.0304519427710289,,
PSTPIP1,0.0304365436104171,,
PTPRZ1,0.0304070444987984,,
CLOCK,0.0303780059035017,,
TNFAIP1,0.0303669389155289,,
EMX2,0.0303275175532851,,
THBD,0.0303244936289574,,
CCBE1,0.0303205895708778,,
DHRS2,0.0303055480841455,,
DDX43,0.0303055480841455,,
CASC15,0.0302967904662737,,
FGFBP2,0.0302821413600155,,
HLA-DRB1,0.030278902479632,0.75,
MID1,0.0302517536830747,,
PSMA5,0.0302408590388323,1.0,
HFE,0.030240852282288,,
LDHB,0.0302348338055234,,
EMCN,0.0302075049092775,,
DENND3,0.0301715753868223,,
ZBP1,0.0301618225851015,,
SAPCD2,0.0301561989982873,,
KRT20,0.0301398533267365,,
CHML,0.0301207581568032,,
GRP,0.0301203327828655,,
BPHL,0.030100225942654,,
IL1RL1,0.0300922172392173,0.75,
CDCA7,0.0300590389871888,,
IRS1,0.0300524640939496,0.5,
DVL1,0.0300309248240519,,
ENSG00000288534,0.0300173235141683,,
LRP6,0.0299975648719083,,
ING3,0.0299359682294608,,
ATAD3B,0.0299359682294608,,
MUC3A,0.0299293441697679,,
CD38,0.0299219962872434,1.0,
RIPK1,0.029801924641523,0.5,
SELP,0.0297983544396035,1.0,
EFNA4,0.029756401294898,,
GBX2,0.0297511783021185,,
CACNA2D2,0.0297237091709148,1.0,
YTHDF3,0.0296929266454109,,
PITX3,0.0296768516868985,,
SMPDL3B,0.0296704225790872,,
OAS3,0.0296396883792886,,
PAK1,0.02963860411976,,
CRY2,0.0296372245135907,,
HSPA2,0.0295971970677078,,
TBX2,0.0295716704824545,,
AGAP11,0.0295663883747761,,
HEIH,0.0295663883747761,,
SEM1,0.0295663883747761,1.0,
ATP5IF1,0.0295663883747761,,
MOGAT2,0.0295663883747761,,
SLC35F4,0.0295663883747761,,
LINC00092,0.0295536584020036,,
LINC00592,0.0295458561606269,,
LASTR,0.0295458561606269,,
TMEM204,0.0295451126956379,,
RIPK3,0.0295443772359502,,
GMFG,0.0295313426037123,,
DTWD1,0.0294791321284596,,
KRT6B,0.029477442217824,,
TBC1D9,0.029458852643517,,
FAT2,0.0294431950898812,,
EIF3H,0.0294414372809352,,
CDA,0.0294301658248711,1.0,
SERPINA3,0.0294138340236479,,
ANOS1,0.0294101587419145,,
DNMT1,0.0293899553416391,1.0,
SNRPD1,0.0293894006888104,,
PSG5,0.0293815984474337,,
ANGPTL1,0.0293409446634184,,
IFITM3,0.0293292413013534,,
ALKBH3,0.0293210956924499,,
POLRMT,0.0293200018049863,,
COPS2,0.0292809464633753,,
IL16,0.0292747387820751,,
CYP3A4,0.0292686712696134,1.0,
PSEN1,0.029267644658906,1.0,
KDM1A,0.0292514180809686,0.75,
ZEB2,0.0292084508630112,,
TAGLN,0.0292058140379007,,
MEIOB,0.0291968085200914,,
SH3PXD2B,0.0291968085200914,,
PSMG1,0.0291968085200914,,
BATF2,0.0291937161172257,,
MGAT3,0.0291835139114298,,
KIF2A,0.029177116433958,,
ZGPAT,0.0291736480878666,,
SLC39A5,0.0291352118776439,,
MYADM,0.0291140343366704,,
PAEP,0.0290838813422711,,
SLC25A29,0.0290736152351965,,
LINC00460,0.0290240837577856,,
SPINT2,0.02901710278809,,
KRT6C,0.0290146877805884,,
IFI44L,0.029012018592749,,
XIST,0.0289944345615148,,
BNIP3,0.0289768959358106,,
MESP1,0.0289744222424126,,
VSIG4,0.0289626900102589,,
NECAB1,0.0289351772667096,,
ITGA6,0.0289080414155513,,
CDO1,0.0289010555887781,,
FHL5,0.028879585811487,,
CCT5,0.0288681778618909,,
PLOD2,0.0288476486085011,,
IFRD1,0.0288426278260186,,
PCSK4,0.0288426278260186,,
SLC67A2,0.0288272286654067,,
B3GALT5,0.0288272286654067,,
SLX9P1,0.0288272286654067,,
VCAN,0.0288057179512811,,
SOX18,0.028796430344183,,
ITGAE,0.0287753485428675,,
MRE11,0.0287477689966495,,
ZNF536,0.0286860382662729,,
IKZF2,0.0286835031663626,,
CDH15,0.0286629709522135,,
UBE4B,0.0286091765511427,,
ANGPT1,0.0286052539011322,0.75,
PEBP4,0.028569093746602,,
SLC1A2,0.028542446855158,,
PHACTR2,0.0285027279416459,,
SOX8,0.028457648810722,,
KIF20B,0.028457648810722,,
TRIM36,0.028457648810722,,
IMP3,0.0284485312971237,,
UFL1,0.0284268504894983,,
IFIT2,0.0284192535702631,,
FKBP11,0.0284183165162944,,
HDGF,0.0284028770680234,,
RYR2,0.0283921183918052,,
CLEC4E,0.0283563100595658,,
KCNN4,0.0283477008265459,1.0,
SPTBN1,0.0283296649934307,,
PPP3CC,0.0282728588833796,,
UTS2,0.0282728588833796,,
ANXA3,0.0282433015218776,,
STK33,0.0282112622409322,,
CLCA2,0.0282020900213212,,
MYLIP,0.0281737783793666,,
RBBP4,0.028129695958769,,
LINC00943,0.0281240003307983,,
CD96,0.0281156145974175,,
SUGP2,0.0280880689560373,,
ATP8A2,0.0280702881483666,,
CCNH,0.0280675367418881,,
GSR,0.0280287754351127,1.0,
ST14,0.0280252931491976,,
COL4A4,0.0279656173008768,1.0,
JCAD,0.0279615656967355,,
ELAVL2,0.0279304553659855,,
EIF4EBP1,0.0279127614297527,,
DYNLRB2,0.0279032790286949,,
ZSWIM1,0.0279032790286949,,
ERP29,0.0278827468145458,,
NR3C1,0.0278812187975962,1.0,
CFD,0.0278510789761452,1.0,
CASZ1,0.0278483959730706,,
TINCR,0.0278186863064004,,
DMD,0.027816838407127,1.0,
KCNA2,0.0277797651898444,1.0,
PRKCD,0.0277448389374859,1.0,
LAPTM4B,0.027744330960411,,
PIERCE1,0.0277184891013526,,
USP54,0.0277184891013526,,
ZFP36,0.0276889525277424,,
GOT2,0.0276800938608937,,
CUL4B,0.0276544285932072,,
DOK6,0.027611310943494,,
TSPAN7,0.0276057737912154,,
TREM1,0.02756584486335,0.5,
ADAMTS12,0.0275514452225693,,
ZNF677,0.0275336991740102,,
TMEM106B,0.0275286130545616,,
PSMC2,0.0275100871277387,1.0,
ACE,0.0275029454267776,1.0,
FABP5,0.0274894051458994,,
WTAP,0.0274855919756559,,
CCR10,0.0274823686386374,,
NSUN4,0.0274069611722803,,
PHGDH,0.0273895808946552,,
DUSP11,0.027369441460817,,
RNASE2,0.0273489092466679,,
MEMO1,0.0273489092466679,,
AFG3L2,0.0273489092466679,,
EPSTI1,0.0273489092466679,,
SLC1A4,0.0273489092466679,,
TM6SF1,0.0272643165243734,,
USP33,0.0272513812294594,,
FBXL19,0.0272431557730564,,
PMEL,0.0272359820688476,1.0,
DCK,0.0271641193193255,,
TRIM21,0.0271579596550808,,
FOXQ1,0.0271333209981018,,
GORASP2,0.0271333209981018,,
COX7A1,0.0271222228844052,,
RS1,0.0271127887839527,,
EMP2,0.0271063460006071,,
H2AX,0.0271010369315179,,
YWHAZ,0.0270898244748142,,
PRX,0.0270754201542012,,
CD69,0.0270590315286134,,
KLK5,0.0270511921415052,,
DSTYK,0.0270127969010463,,
CPED1,0.0270009459390315,,
ZFP36L2,0.0269793293919832,,
SIDT2,0.0269793293919832,,
ARL6IP5,0.0269793293919832,,
SLC39A8,0.0269307748157612,,
ITGA5,0.0269282768420128,0.75,
IL10,0.0268833022438793,0.5,
BPIFB2,0.0268801809194873,,
OTUD1,0.0268755390494592,,
SEMA6D,0.0267753931749467,,
BATF,0.0267740072504917,,
LANCL1,0.0266978133419447,,
SAA1,0.0266722806386703,,
HNRNPD,0.0266713461797459,,
ENO2,0.0266671325762243,,
KANSL1,0.0266097495372985,,
IL17RC,0.0266097495372985,,
OTUB2,0.0266097495372985,,
FAM72D,0.0266097495372985,,
SLC7A2,0.0266097495372985,,
OSCAR,0.0265938756157083,,
TRIM13,0.0265868094382281,,
HNRNPH1,0.026561088189765,,
CDC14A,0.026561088189765,,
LINC00852,0.0265559551362277,,
SCNN1G,0.0265095590742277,1.0,
CD83,0.0264735759650894,,
PCMT1,0.0264251649320976,,
NAIP,0.0264136668921741,,
MICA,0.026409108135375,,
ATP6AP2,0.0263643770074728,,
ITIH5,0.0263581357825622,,
CTH,0.0263297519761271,,
SNHG6,0.0263295540432155,,
ALOX5,0.0263119621798986,1.0,
CGNL1,0.0262923215065526,,
TNFRSF4,0.0262880761208394,0.75,
ROBO4,0.0262574167424991,,
ZCCHC14,0.0262401696826138,,
CMAS,0.0262401696826138,,
CAPS,0.0262401696826138,,
MYH16,0.0262401696826138,,
KPNB1,0.0262297655301538,,
RASIP1,0.0262252731545697,,
EFCC1,0.0262221013341625,,
GK,0.0262196374684646,,
RPS7,0.0262196374684646,1.0,
NSUN7,0.0262001192942796,,
ASAH1,0.0261874148569997,,
HSPB8,0.0261850505858487,,
MAMDC2,0.0261810369058642,,
HAGLR,0.0261790842840644,,
TNFSF4,0.0261784149166791,0.75,
BRMS1,0.0261555769603193,,
CMA1,0.0261534995342388,0.5,
SOX30,0.0261470207071327,,
TRBC1,0.0261426416654053,,
TGS1,0.0261426416654053,,
MISP,0.0261389918417821,,
OTUD3,0.0261093794784837,,
STXBP1,0.0260734481037227,,
RPL7L1,0.0260553797552714,,
MICAL2,0.0260348475411223,,
ADCY8,0.0260348475411223,,
IBSP,0.0260312906996669,,
CGAS,0.0260310781261675,,
CRP,0.0260105692245542,,
COXFA4L3,0.0259863519964216,,
KYNU,0.0259858638936966,,
LMNB2,0.0259741622775682,,
HLA-DRB5,0.025973727922216,0.5,
MIB1,0.0259656539794396,,
AFAP1-AS1,0.0259639619551247,,
FRAS1,0.0259426578995926,,
PAPSS2,0.0259107074590255,,
PDPN,0.0259062027761649,,
RPE65,0.0258933763422569,1.0,
HDAC10,0.0258805071305437,1.0,
NCKAP1,0.02587346433791,,
UVRAG,0.0258724990881721,,
GLS,0.0258708128948732,0.5,
PCDHGB7,0.0258705898279291,,
PELATON,0.0258705898279291,,
NAA30,0.0258705898279291,,
CKAP2,0.0258705898279291,,
TCF7L1,0.0258705898279291,,
HHLA2,0.0258664965049074,,
LINC02323,0.0258500576137799,,
SART3,0.0258500576137799,,
HACD1,0.0258397915067053,,
MYL9,0.0258394920040893,,
KHDRBS2,0.0258371736494013,,
DRAM1,0.0258337328639272,,
TGFA,0.0258204347761562,0.5,
MIR31HG,0.025803061185777,,
AAK1,0.0257371304359596,,
FOXC1,0.0257346665702617,,
RAB26,0.025726864328885,,
ZNF469,0.0256857999005867,,
LARGE2,0.0256857999005867,,
PARPBP,0.0256857999005867,,
CREB3,0.0256652676864376,,
PRB3,0.0256293305029918,,
TAMALIN,0.0256144725800458,,
MARCO,0.0256050024974127,,
BEX1,0.0255782612453049,,
PRDX5,0.0255743099777568,,
GGCT,0.0255458981452422,,
RRBP1,0.0255420744015427,,
HABP2,0.0255409333335784,,
SRF,0.0255334257301133,,
ZNF132,0.025521747509535,,
EDIL3,0.0255177151032373,,
ZNF609,0.0255164091338562,,
NLRP2,0.0255037268777607,,
RGS11,0.0255010099732444,,
ZNF560,0.0255010099732444,,
MXRA8,0.0254949256749744,,
TMEM158,0.0254804777590952,,
ADAM8,0.0254804777590952,,
DEPTOR,0.025449282444223,,
FAM201A,0.0254472155721736,,
EBNA1BP2,0.0254449466409504,,
CCL18,0.0254435690427064,,
FCRL5,0.0254330483444107,0.25,
GINS3,0.0254238761247997,,
ABCC1,0.0254066076286323,0.5,
TNFSF14,0.0254008840024089,0.5,
ATF4,0.0253931155616119,,
SOX3,0.0253702197691143,,
PCYT1A,0.025364809749212,,
ANKRD29,0.025357401572769,,
TRIM7,0.0253572844742003,,
SERPINE2,0.0253310199741264,,
FKBP2,0.025316220045902,,
SLITRK6,0.025316220045902,,
GPC1,0.0253131444376956,,
MED4,0.0252977284824244,,
CHIT1,0.0252917695244713,,
ABALON,0.0252611937119823,,
CAT,0.0252436294920762,,
IL32,0.0252434043586066,,
PTDSS1,0.0252418934306821,,
IFNB1,0.0252227049361818,0.75,
MAP3K5,0.0252110796023894,0.75,
FCGR1A,0.0251636656947738,0.5,
ULK1,0.0251581870763982,,
BMP3,0.0251579024637321,,
FCN1,0.0251459600843628,,
UBE2V1,0.0251392323599363,,
GPN1,0.0251314301185597,,
EBAG9,0.0251314301185597,,
GLIDR,0.0251314301185597,,
ZNF83,0.0251314301185597,,
PPP4R3A,0.0251314301185597,,
ASCC2,0.0251314301185597,,
LARGE1,0.0251314301185597,,
PTGER3,0.0251283377156939,1.0,
F2RL3,0.0251162362800893,0.5,
PORCN,0.0251108979044105,0.5,
LIPF,0.0251043939751409,1.0,
OSTM1,0.0250700016680025,,
PPP1R3B,0.0250700016680025,,
SLURP1,0.025066804778289,,
ZYG11A,0.025050122550529,,
SLC16A1,0.0250415092585255,,
CUL4A,0.0250185029407393,1.0,
TRBV7-9,0.0249877046195156,0.75,
TRBV16,0.0249877046195156,,
CCR8,0.024978201287602,,
ATOX1,0.0249363740841427,,
MAFF,0.0249329615073421,,
FZD1,0.0249261079770682,0.5,
DYRK2,0.0248756083911103,,
NBR1,0.0248677675729419,,
ALKBH4,0.024833713013397,,
HOXB3,0.024817787976688,,
S100A12,0.0248151576305084,,
PHLPP2,0.0248131807992478,,
KLF15,0.0248108622911871,,
ING4,0.0248106240441345,,
HBA2,0.0248104844754917,1.0,
YWHAH,0.0247959477751704,,
CYP2A13,0.0247663715749038,,
CLDN12,0.024761850263875,,
TCHP,0.0247436438700383,,
FNDC4,0.0247413180497258,,
SLC39A1,0.0247413180497258,,
ALCAM,0.0247155162569455,0.5,
U2AF2,0.0247131889163415,,
OSER1,0.0247105197285021,,
RPSA,0.0246877095939122,1.0,
RNF6,0.0246489230860546,,
MZF1,0.024639854375953,,
LINC00265,0.0246386569789801,,
TRIM59,0.0246232839374115,,
LNPEP,0.0246053947920584,0.5,
SERPINB6,0.0246053947920584,,
ASPA,0.0246029791117691,,
SELENOP,0.0245969912322115,,
IL9,0.0245892528815835,0.5,
LRRN3,0.0245645119051577,,
MUC13,0.0245623053230461,,
SYT13,0.024543798149611,,
PTHLH,0.0245347262051263,0.5,
IRX1,0.0245257298011597,,
VSIR,0.0245191108457476,,
PPARGC1A,0.0245006321560617,,
NOSTRIN,0.024465515895977,,
ABCC4,0.0244641331587123,,
NOX4,0.0244429378715193,0.5,
ITGB3,0.0244334750141354,1.0,
PGRMC1,0.0243968775866305,,
PILRA,0.0243922704091903,,
SPRED2,0.0243922704091903,,
PITPNA,0.0243922704091903,,
FZR1,0.0243922704091903,,
FKBP14,0.0243922704091903,,
FCN2,0.0243922704091903,,
SCGB3A2,0.0243917701343604,,
RAMP3,0.0243894550646527,1.0,
HSPA14,0.0243723353053506,,
BIRC2,0.0243384760081195,0.5,
PMAIP1,0.0243384760081195,,
RERE,0.0243277534979082,,
TNFRSF9,0.0243222935746979,0.75,
TAFAZZIN,0.0242879983183851,,
FCGR1CP,0.0242690771242954,,
FCGR1BP,0.0242690771242954,,
RABEPK,0.0242559285067095,,
NECTIN1,0.024240947990911,,
GRK5,0.0242130241796682,,
JOSD1,0.0242074804818479,,
SYAP1,0.0242074804818479,,
ARHGEF2,0.0241704461119198,,
IGFL1,0.0241664160535496,,
BRMS1L,0.0241510127969564,,
ARMH1,0.0241510127969564,,
H3P28,0.0241510127969564,,
STAT5A,0.0241281261985291,,
CEACAM8,0.0241077788430431,,
ABCA6,0.024068759718855,,
FBXL2,0.0240637549828039,,
ADAMTS13,0.0240380897151174,1.0,
CFAP45,0.0240226905545056,,
ASMTL,0.0240226905545056,,
CTPS2,0.0240226905545056,,
HEMGN,0.0240226905545056,,
MARCHF8,0.0240226905545056,,
ANGPTL8,0.0240226905545056,,
SNRPD2,0.0240021583403564,,
CDH4,0.0239894283675839,,
BCL2A1,0.0239773051176694,0.75,
CDC5L,0.023929872375808,,
LITATS1,0.0239286404429591,,
ZDHHC9,0.0239246550519866,,
PLA2G1B,0.0239111687006771,,
MEIS1,0.0238712805701856,,
STARD8,0.0238711628140848,,
CBX8,0.023865394938008,,
HSPA12B,0.0238397485264366,,
KCTD21,0.0238379006271632,,
DBNDD1,0.0238379006271632,,
ELOVL2,0.0238379006271632,,
NRIP1,0.0238379006271632,,
NAV2,0.0238173684130141,,
NPR3,0.023783387416469,0.75,
PGAM1,0.0237753771251848,,
PRKCZ,0.0237738401190179,1.0,
C14ORF132,0.0237536258570251,,
PPM1F,0.0237418098649452,,
MECP2,0.0237403411830964,,
HERC1,0.0237249734493429,,
SERPINA2,0.0236897160334152,,
AZGP1,0.0236800920514567,,
TGFBI,0.0236583679809408,,
MICAL1,0.0236531106998209,,
LIPK,0.0236531106998209,,
SYT7,0.0236531106998209,,
NANOGNB,0.0236531106998209,,
SLC1A6,0.0236531106998209,,
OR51E1,0.0236531106998209,,
ZHX1,0.0236531106998209,,
HNRNPLL,0.0236531106998209,,
HOXC-AS1,0.0236531106998209,,
PTGDR,0.0236386066661444,1.0,
SORBS3,0.0236325784856717,,
ATAD3A,0.0236207591878284,,
BRD9,0.023601780164448,,
CD93,0.02358476751915,,
EDN1,0.0235767760491771,,
IL24,0.0235754518237177,,
SNHG1,0.0235531188169145,,
NACC1,0.0235401835220005,,
NOD1,0.0235258706530079,,
FGD5,0.0235129240978233,,
SULT2A1,0.0234980924829948,,
SDCBP2,0.0234980924829948,,
RXFP1,0.0234751445909973,0.75,
APOH,0.0234683207724785,,
EIPR1,0.0234683207724785,,
ADORA2A,0.023465975889232,1.0,
PHLDA3,0.0234580546654039,,
SPRR1A,0.0234477885583294,,
BEX2,0.0234477885583294,,
STRN3,0.0234272563441802,,
CALCRL,0.0234069317565761,1.0,
CTNNAL1,0.0234023214747803,,
RECK,0.0234003515462947,,
TMA16,0.0233907971036002,,
APOBEC3A,0.0233659546407166,,
PON1,0.0233451274875836,,
ZNF569,0.0233375305683484,,
ZNF629,0.0233375305683484,,
ZNF763,0.0233375305683484,,
ZNF436,0.0233375305683484,,
MMP13,0.0233278460138949,1.0,
TIE1,0.0233197522889922,0.25,
SASH1,0.023303902116028,,
SLC9A1,0.0232835308451362,,
ENSG00000254051,0.0232835308451362,,
ENSG00000251605,0.0232835308451362,,
EDN2,0.0232835308451362,,
TROAP,0.0232607400874306,,
SEMA6A,0.0232550042303597,,
RAB5A,0.0232485498755203,,
CNTN6,0.023228299189075,,
NFKBIA,0.0232071671050302,,
FYN,0.0231905680559367,1.0,
FEZ1,0.023168939652373,,
TAS2R13,0.0231603375602413,,
GALNT14,0.0231013196594469,,
ISLR,0.0230987409177938,,
PRKCSH,0.0230987409177938,,
SOX15,0.0230987409177938,,
IDH3A,0.0230782087036447,,
ADAMTS6,0.0230782087036447,,
ZNF44,0.0230679425965701,,
ZNF501,0.0230679425965701,,
IDO2,0.0230611543951575,,
BMI1,0.0230586449144548,,
PDIA4,0.0230575316904259,,
BAG1,0.0230500795702603,,
RAB25,0.0230451893777581,,
LIMS2,0.0230329563225226,,
KLRC1,0.0230175234400906,0.75,
OCLN,0.0229801548103391,,
TYMSOS,0.0229679507136637,,
FRY,0.022966598222432,,
ZHX2,0.0229315094547216,,
IRAK2,0.0229150299589135,,
LINC02535,0.0229139509904515,,
LRP11,0.0229139509904515,,
LGALS7,0.0229139509904515,,
LINC01703,0.0228831526692277,,
RHOBTB2,0.0228797634657999,,
COL18A1,0.0228623746195129,1.0,
EPB41L3,0.0228151426723613,,
SLC38A7,0.0228010238126311,,
PNN,0.0227907577055566,,
KDELR3,0.0227708906224688,,
LILRA4,0.0227291610631091,0.5,
DAG1,0.0227291610631091,,
ELOVL4,0.0227291610631091,,
DUSP2,0.0227291610631091,,
PPIG,0.02270862884896,,
BDH2,0.02270862884896,,
SH2B1,0.02270862884896,,
DSCAM,0.02270862884896,,
IGHV3-69-1,0.02270862884896,,
TIGAR,0.0226934350104896,,
DNAH5,0.0226890161268885,,
PDK2,0.0226753666620383,0.75,
DNAAF3,0.0226720592903902,,
DNAI1,0.0226720592903902,,
PCBD1,0.0226720592903902,,
IGHG1,0.0226511386493423,,
RASL12,0.0226487224356026,,
SAAL1,0.0226316330459006,,
PTPRF,0.0226162338852888,,
SRSF1,0.0226145253811967,,
NSUN5,0.0225932378054417,,
ACTG2,0.0225903768488792,,
BCL2L11,0.02258880616407,,
GRB14,0.0225830848561503,,
CRY1,0.0225649033499159,,
SPINK1,0.0225620587710306,,
IGSF1,0.0225521733771434,,
MTA1,0.0225458083907572,,
LINC00519,0.0225443711357668,,
HUS1,0.0225443711357668,,
VAPA,0.0225443711357668,,
TMEM164,0.0225238389216176,,
PTPN21,0.022501869452478,,
MCAT,0.0224998390117204,,
ADGRL2,0.0224615525095054,,
SFTPA2,0.0224486448703298,,
ATAD2,0.0224324145964958,,
SIX5,0.0224211778508719,,
PDS5B,0.0224129523944688,,
MOG,0.0223595812084244,,
LRRC36,0.0223532334864207,,
CGA,0.0223529525719705,,
KCTD15,0.0223390489942753,,
FKBP5,0.0223231239575663,,
TRHDE,0.0223103038944664,,
ZNF154,0.0223082506730515,,
BRD8,0.0223057868073536,,
EIF3C,0.0222852545932045,,
REG1A,0.0222743599489621,,
HBA1,0.0222674945482437,1.0,
ACTA2-AS1,0.0222647223790553,,
EPHA2,0.0222600848917611,1.0,
INS,0.0222496622694245,,
NKD1,0.0222472699970286,,
SUV39H1,0.0222466540306041,,
NAA25,0.0222466540306041,,
TFPI,0.022199265437782,1.0,
SETD1A,0.0221825935224587,,
BANF1,0.0221747912810821,,
XPOT,0.0221747912810821,,
CPNE3,0.0221747912810821,,
TMEM116,0.0221747912810821,,
PSMC3,0.0221747912810821,1.0,
PRIMPOL,0.0221747912810821,,
ACAA2,0.0221747912810821,,
PUS1,0.0221747912810821,,
MFSD12,0.0221747912810821,,
LINC00654,0.0221747912810821,,
PAK6,0.0221747912810821,,
CST5,0.0221747912810821,,
LINC02555,0.0221747912810821,,
HSP90B1,0.0221737617604803,,
SCNN1B,0.0221581903411902,1.0,
SLC22A5,0.0221542590669329,,
PNMT,0.0221452248927073,,
C8ORF34,0.0221439929598583,,
CPA3,0.0221341346695334,,
KIF15,0.0220937997425044,,
CD1C,0.0220878725103919,,
PTPRU,0.0220618641032617,,
SNHG14,0.022044001076952,,
TET3,0.0220403052784051,,
SDC2,0.0220286300335358,,
MAZ,0.0219953552023606,,
SH3BP4,0.0219900013537397,,
HYAL2,0.0219790076744201,,
ADGRF1,0.0219598475278827,,
PLA2G10,0.021959203032516,0.75,
UBE2L3,0.0219362069526689,,
ALDH18A1,0.0219253248791699,,
SYNPR,0.021919049983111,,
SEMA7A,0.0219155366931344,,
VEPH1,0.0218937752312763,,
PDCD4,0.0218915473254388,,
ZNF671,0.0218848764172961,,
ROPN1L,0.0218747319356513,,
APOA1,0.021862272125617,,
NRK,0.0218257436405465,,
PSRC1,0.0218052114263974,,
SUCLA2,0.0218052114263974,,
KCTD10,0.0218052114263974,,
NEURL2,0.0218052114263974,,
BOLA3,0.0218052114263974,,
PPP1R13L,0.0217949453193228,,
ABCC5,0.0217470926896119,,
TNNT1,0.0216820181415025,,
WWP2,0.0216779789754287,,
TRDMT1,0.0216418650920975,,
STX11,0.0216374632367988,,
CCNL2,0.0216359959372711,,
NUPR1,0.0216252436594858,,
UBA5,0.021620421499055,,
ST3GAL2,0.021620421499055,,
TNS1,0.0215887516829337,,
PAPPA2,0.0215820262585961,,
LINC03122,0.0215680643529747,,
RUVBL1,0.0215490366705721,,
FGA,0.0215465602341308,1.0,
VAC14,0.0215191976832997,,
MUC12,0.0215191976832997,,
TNFAIP8L2,0.0214869621070855,,
RAD18,0.0214715629464737,,
USP38,0.0214356315717127,,
EPB41L4B,0.0214356315717127,,
FTSJ1,0.0214356315717127,,
KCTD16,0.0214356315717127,,
TRIM31,0.0214356315717127,,
PRSS27,0.0214150993575635,,
SEMA3G,0.0214121249174646,,
ANXA1,0.0214034670142105,,
MIR29B2CHG,0.0213818371706419,,
LIN7A,0.0213746508956897,,
TNFRSF19,0.0213459057958809,,
GASK1B,0.0213395408094946,,
LAT,0.0213360644113881,,
PLG,0.0213338818798603,1.0,
GFOD1,0.0213321492124009,,
DHTKD1,0.0213281987674842,,
CDCA2,0.0212666493878095,,
NRN1,0.0212515547165854,,
CLECL1,0.0212508416443703,,
UPB1,0.0212508416443703,,
LINC01270,0.0212508416443703,,
TIMM8B,0.0212508416443703,,
ZNRF2,0.0212384716882132,,
HDAC4,0.0212376593576285,1.0,
OPCML,0.0212303094302212,,
SHISA3,0.021209777216072,,
SENP1,0.0211919141897622,,
CALCR,0.0211875898540476,1.0,
DBN1,0.0211861525990571,,
LTBP4,0.0211806214719802,,
WDR62,0.021165620384908,,
COPZ1,0.0211533136271618,,
E2F5,0.0211481805736246,0.75,
ACACB,0.0211394160155724,0.75,
TSC22D3,0.0211391543103931,,
ITCH,0.0211278536816169,,
PLBD1,0.0211272549409892,,
ARRB2,0.021121989429841,,
CD2,0.0211138383840044,1.0,
IL23A,0.0211117233227665,1.0,
CCDC26,0.0211071161453263,,
SLC7A7,0.0210793980763837,,
ANKRD13C-DT,0.021066051717028,,
MEP1A,0.021066051717028,,
ZFP64,0.021066051717028,,
DNAJC2,0.021066051717028,,
GLIPR1,0.021066051717028,,
RNF4,0.021066051717028,,
PRSS57,0.021041579245849,,
CXCL5,0.0210409639272074,,
RBPMS,0.0210379225836436,,
H2BC21,0.021036473339085,,
FLOT2,0.0209965147878185,,
LEPR,0.0209960232596492,1.0,
HCG18,0.0209551972136489,,
RPS6KA6,0.0209531245392076,0.25,
NCBP1,0.0209400511989083,0.75,
CSF3,0.0209390812624463,,
FOLR2,0.020929292087945,,
E2F3,0.0208921579417465,0.75,
PDE10A,0.0208890640310623,1.0,
ABCG4,0.0208812617896856,,
COX5B,0.0208812617896856,,
NINJ1,0.0208812617896856,,
ODC1,0.0208812617896856,1.0,
MRPL21,0.0208607295755365,,
CCDC174,0.0208299312543127,,
MS4A4A,0.0208217294334404,,
GAB3,0.020763201558328,,
TLE2,0.0207580685047907,,
ACTG1,0.0207375362906416,,
USP53,0.0207332119549269,,
MTDH,0.0207183578701249,,
GLI3,0.0207042741037199,,
RNF181,0.0206964718623433,,
FBXO9,0.0206964718623433,,
RAB31,0.0206964718623433,,
UBE2Q1,0.0206964718623433,,
PGLYRP1,0.0206964718623433,,
LINC01705,0.0206964718623433,,
PCDHGA12,0.0206964718623433,,
MRTFB,0.0206964718623433,,
C8ORF76,0.0206964718623433,,
THBS1,0.020688841464301,,
CASP4,0.0206742845003188,0.5,
HOTAIRM1,0.0206445065044309,,
SCO2,0.0206414455284235,,
CLDN6,0.0206359691073594,,
NPY5R,0.0206325732049013,0.75,
CTSD,0.0206157241892693,,
RBM47,0.0205982624354439,,
HNRNPA1,0.0205880359261848,,
LINC00472,0.0205734554704327,,
HEPH,0.0205732785774484,,
APLNR,0.0205704713442236,0.5,
CD48,0.0205661595792523,,
PARD3,0.0205605486046759,,
AP3S1,0.0205297502834522,,
PTK7,0.0205176941555796,,
EEF2KMT,0.0205116819350009,,
CPT1A,0.0204816923315998,,
ITM2A,0.0204617977608516,,
WDR77,0.0204578875339301,,
ITGB6,0.0204184572035313,0.75,
TKTL2,0.0204012136212431,,
JPT1,0.0203989267703319,,
AGBL1,0.0203769914958934,,
NANOG,0.020369759150158,,
CCAT2,0.0203686041728375,,
PTGFRN,0.0203679564359569,,
EFEMP1,0.020362854192384,,
FLRT3,0.0203577331417953,,
LCN1,0.0203398273025725,,
AVP,0.0203268920076586,,
SOX14,0.0203268920076586,,
SLC16A7,0.0203268920076586,,
CCDC80,0.0203268920076586,,
EGR1,0.0203192907996261,0.5,
RADIL,0.0203121088134712,,
NCBP2,0.0203101228688124,0.75,
SLC19A3,0.0203065651156509,,
CTF1,0.0203032673906437,,
CLDN7,0.0202938055571461,,
RGS1,0.0202848009686528,,
PIP5K1B,0.0202714403935368,,
CASP6,0.0202437807958779,0.5,
CAVIN3,0.0202285427018841,,
CASC8,0.0202139648298382,,
RGL4,0.0202139648298382,,
KLRK1,0.0202032098340907,,
HLA-C,0.0201945229576502,,
ITGB2,0.0201594100846326,1.0,
DNAJB4,0.0201584814398768,,
IMPDH2,0.0201577065630696,1.0,
ACTBL2,0.0201421020803162,,
HCFC1,0.0201421020803162,,
POTEM,0.0201421020803162,,
CASP2,0.0201369690267789,0.5,
ENTPD2,0.0201349830821201,,
LAYN,0.0201332732282321,,
VTCN1,0.0201302838105748,,
NCAM1,0.0201249619518144,0.5,
TNNI3,0.0201215698661671,0.75,
CENPE,0.0201127548470539,,
TMCO1,0.0201107117933444,,
CLCF1,0.0201083140172975,,
MTERF3,0.0201037068398573,,
MS4A8,0.020103203757086,,
SBSPON,0.0200940566992072,,
MAPK7,0.0200900970651138,,
CXCR3,0.0200778133839152,,
H2BC9,0.0200669616095617,,
FEZF1,0.0200431722073644,,
GRB2,0.0200386501697434,0.5,
PTGDS,0.0200263488131561,1.0,
WASIR2,0.0200086426883467,,
LIPT1,0.0200039305661444,,
C19ORF48P,0.0199983765812721,,
SNHG7,0.0199741405372679,,
TAGLN2,0.0199666226838082,,
GNAI2,0.0199640636146925,,
BEX4,0.0199581715962442,,
ZNF350,0.0199573121529739,,
RIOK2,0.0199573121529739,,
SIAH3,0.0199573121529739,,
BFSP2,0.0199573121529739,,
PHF2,0.0199573121529739,,
SLC1A7,0.0199573121529739,,
MOGS,0.0199573121529739,,
PIBF1,0.0199573121529739,,
MS4A6A,0.0199573121529739,,
TIMM9,0.0199573121529739,,
DRD3,0.0199573121529739,1.0,
WDR43,0.0199573121529739,,
SGCG,0.0199537703460331,,
RPLP0P2,0.0199511524887291,,
PLAC8,0.0199463704760535,,
SULT1C4,0.019940681059513,,
JUND,0.0199212985259686,,
SMAD6,0.0199094396884031,,
NEIL2,0.019905981617601,,
FAM162B,0.019882164249188,,
ACOT8,0.0198720908935115,,
YES1,0.0198638905785952,1.0,
ARG1,0.0198383918709863,,
FASLG,0.0198192055445226,0.75,
RSL1D1,0.0198135866539298,,
GZMA,0.0198083233427427,,
TTLL7,0.0197838944462851,,
CDK10,0.0197519900114824,0.5,
RCCD1,0.0197314577973332,,
LINC02802,0.0197314577973332,,
XPO5,0.0197314577973332,,
ATP1A2,0.0197263247437959,1.0,
TERF1,0.0197137362171701,,
FBXO22,0.0196938712746969,,
DDX11,0.0196913040439641,,
AADAC,0.0196713953607502,,
JUNB,0.0196693535724721,,
EFNB2,0.0196594880893739,0.5,
GPT2,0.0196591088176573,,
STEAP3,0.0196566627821296,,
PLA1A,0.0196516033802765,,
PDHB,0.0196499374327821,,
SVEP1,0.0196404054577578,,
PMEPA1,0.0196279317126013,,
NMI,0.0196238689951917,,
CNIH1,0.0195877322982891,,
DECR1,0.0195877322982891,,
YRDC,0.0195877322982891,,
ADGRL3,0.019578492801922,,
ESRP1,0.0195748055098647,,
SEMA3E,0.0195733799478982,,
CYP2C9,0.0195686373391304,,
LINC00641,0.01956720008414,,
NFIC,0.01956720008414,,
NEIL1,0.01956720008414,,
ACSM5,0.0195493370578302,,
NDRG4,0.0195355429382322,,
GPR15,0.0195097024097646,,
HMGCR,0.0195035098253553,1.0,
BMP6,0.0194990331331648,,
LINC00115,0.019495337334618,,
LGR4,0.019476479746342,0.75,
NORAD,0.0194748051204688,,
USHBP1,0.0194654976977003,,
SETD3,0.0194440067992451,,
FGF14,0.0194419635238069,,
HSPB3,0.0194210588602942,,
AATK,0.0194147873148419,,
SLC1A3,0.0194029423709468,,
STAT2,0.0194028043255614,,
HSPB2,0.0193952510077873,,
CD5L,0.019393535608266,,
FFAR2,0.0193824101567976,0.5,
PPP1R14A,0.019365561780554,,
TMPRSS11D,0.0193326374939836,,
CES1,0.0193251871042233,,
IGFBP2,0.0193222216067643,,
LDLR,0.0193132568539054,,
UBL3,0.0193086995080022,,
RARRES2,0.0192998767492912,,
CD33,0.019297495134611,1.0,
ASIP,0.019296047233848,,
TRPV2,0.019287352487544,,
USP11,0.0192805578038745,,
RAD9A,0.0192797490860519,,
NR1H3,0.0192694829789773,0.5,
RHOC,0.0192592168719027,,
ZNF185,0.0192414671182591,,
SNORD12C,0.019225820597052,,
FERMT1,0.0192221337653123,,
EPB41L1,0.0192181524436044,,
ZNF610,0.0192181524436044,,
PTOV1,0.0192181524436044,,
PFDN6,0.0192181524436044,,
ORM1,0.0192181524436044,,
FXR1,0.0192168890838971,,
PTGS1,0.0192130193900672,1.0,0.030396539880581
IGHG4,0.0192078863365299,,
NPR1,0.0191982361958798,1.0,
ST3GAL4,0.0191976202294553,,
RHOJ,0.0191931031423425,,
PALMD,0.0191899575383035,,
CAB39L,0.0191848902566828,,
TMEM47,0.0191779989263063,,
TAOK2,0.0191770880153061,,
DDB1,0.0191746241496083,1.0,
RAI14,0.0191689652199739,,
SNORA63,0.0191645382231885,,
ALDH9A1,0.0191645382231885,,
GPSM2,0.0191643580425337,,
FRZB,0.0191395014926698,,
EYA2,0.0191279007916756,,
SULF1,0.0191244840934149,,
NIPBL,0.0191052252657841,,
MTHFR,0.0190727717966851,,
CELF2,0.019063894485395,,
DMBX1,0.019048761676874,,
MYCT1,0.0190444499119026,,
S100A8,0.0190404527644585,,
VMO1,0.0190333625162621,,
EMD,0.0190321738826403,,
IGSF9,0.0190259709191684,,
ATG7,0.0189931963141349,,
GLDN,0.0189628103626135,,
VDR,0.0189351714260098,1.0,
THSD1,0.0189335759554972,,
VASP,0.0189179714727439,,
DHX9,0.0189124950516797,,
CASP14,0.0188999031242926,0.5,
C1QA,0.0188992206869055,,
PREX1,0.018889637017218,,
GALNT18,0.0188842986415393,,
SFTA1P,0.0188772314381934,,
SLCO2A1,0.0188717892573582,,
CCT2,0.0188563748302964,,
AEBP1,0.0188485725889197,,
MYH7,0.0188485725889197,1.0,
UBE2O,0.0188485725889197,,
GSTO1,0.0188485725889197,,
COX6B1,0.0188485725889197,,
CNDP1,0.0188485725889197,,
SERBP1,0.0188485725889197,,
MIR924HG,0.0188485725889197,,
SEPHS2,0.0188485725889197,,
TFB2M,0.0188485725889197,,
TSPAN12,0.0188311572501476,,
HK3,0.0188280403747706,,
HBP1,0.018817774267696,,
ECRG4,0.0188116904675601,,
C7,0.0188036135537927,,
SLC12A2,0.0187659178562261,,
SFRP1,0.0187331184394331,,
CEACAM1,0.0187220869999308,,
PLEKHA6,0.0187048470898757,,
PER2,0.0186960182377916,,
LY6K,0.0186960182377916,,
AMBRA1,0.0186916939020769,,
USP51,0.0186843148757265,,
PDZRN3,0.0186637826615774,,
BCYRN1,0.0186637826615774,,
FXYD6,0.018657502381644,,
MICALL2,0.0186512395882703,,
WDR5,0.0186432504474282,,
SELENOS,0.0186432504474282,,
TBK1,0.0186361517190994,,
CYP1A1,0.018621488973124,,
ADAMDEC1,0.018616451613724,,
GGT1,0.0185960263548852,,
F10,0.0185958210327437,1.0,
FGF4,0.0185894560463575,,
PLEKHA7,0.0185405893766825,,
MPZL1,0.0185377022959583,,
CYYR1,0.0185368935781356,,
ADAM28,0.0185240609199586,,
CNTFR,0.0184892588413096,,
SRM,0.0184867949756117,,
TM9SF3,0.018478992734235,,
PPP1R9A,0.018478992734235,,
ADIPOR1,0.018478992734235,,
CIB2,0.018478992734235,,
PROZ,0.018478992734235,,
NAXD-AS1,0.018478992734235,,
USP12,0.018478992734235,,
ZNF652,0.018478992734235,,
PPP1R13B-DT,0.018478992734235,,
PDGFC,0.018478992734235,,
ITIH1,0.018478992734235,,
MKRN3,0.018478992734235,,
PARD6A,0.018478992734235,,
PDCD2,0.018478992734235,,
NUP58,0.018478992734235,,
COMMD2,0.018478992734235,,
TBRG4,0.018478992734235,,
KXD1,0.018478992734235,,
CENPW,0.0184738596806978,,
GGTLC4P,0.0184662627614626,,
GGTLC5P,0.0184662627614626,,
GGTLC3,0.0184662627614626,,
SLC52A2,0.0184650308286136,,
SCEL,0.0184629669203147,,
ILF2,0.0184549700436805,,
OLR1,0.0184516290505495,,
CCN5,0.0184469731958405,,
FGF5,0.0184176014139291,,
PLAT,0.0184067121036405,1.0,
TNXB,0.018388022454811,,
SPTAN1,0.0183874551841088,,
HSPG2,0.0183726987439431,,
LIPH,0.0183710605645666,,
IFT57,0.0183683857249446,,
CAPNS1,0.0183557994493401,,
CYP1B1,0.018352496502596,,
LIAT1,0.018344546481433,,
TRAT1,0.0183382185607917,,
PLEKHH2,0.0183184245648874,,
MAS1L,0.0183136667406481,,
PGP,0.0183125856688571,,
SERPINB1,0.0183096019675046,,
SLC5A6,0.0182942028068927,,
EFNB1,0.0182942028068927,,
TMEM184A,0.0182942028068927,,
PKIB,0.0182942028068927,,
BMP7,0.0182839366998181,,
NEK4,0.0182736705927435,,
F8,0.0182712585651953,1.0,
MAP1LC3A,0.0182409887954082,,
PADI4,0.0182404084058219,,
CXCL3,0.0182356899181641,,
ZC3H13,0.0182183043502561,,
CAMK2B,0.0181993439775236,,
FBXO5,0.0181966747896842,,
MTURN,0.0181855356038736,,
GFUS,0.0181812756290724,,
HLA-DQA1,0.0181774120909332,,
HSPB1,0.0181713128741073,0.5,
REV1,0.0181504773078486,,
COL1A2,0.0181377894020655,1.0,
NEK7,0.0181170175178877,,
FIBIN,0.0181112607788238,,
PLPP3,0.0181106615018954,,
F2RL2,0.0181094128795503,,
BNIP3L,0.0181094128795503,,
FBXO45,0.0181094128795503,,
CTDSPL,0.0181080083274594,,
TNFRSF10A,0.0180837476118639,0.5,
HLA-DPB1,0.0180753204172275,,
STOM,0.0180161505047152,,
DEPP1,0.0180066066410516,,
ALKAL2,0.017987670265387,,
NUDT4,0.0179656873805063,,
CYRIB,0.0179635056525697,,
AFP,0.0179577275458027,0.5,
IGKV1-16,0.0179547582003879,,
APOLD1,0.0179460038005427,,
PHF14,0.0179324251935847,,
FAM110D,0.0179320145493017,,
RPTOR,0.0179272921400474,0.5,
MNT,0.017924622952208,,
DCUN1D1,0.0179067599258982,,
CFH,0.0179050251969832,,
NCS1,0.0178895439346494,,
UBAP2L,0.0178650669604321,,
IGFBP4,0.017852760202686,,
IGHM,0.0178470111827242,,
RBL2,0.0178442655228627,,
DCPS,0.0178312013778294,,
DST,0.0178301989953063,,
CRIM1,0.0178211734997352,,
CXCL11,0.0178055811805905,,
COPS6,0.0178014296673131,,
FCGR3A,0.0177929591076378,0.75,
SOCS3,0.0177929151312775,,
FRG1,0.0177808974531639,,
UQCRC1,0.0177398330248656,,
ASCL3,0.0177398330248656,,
ITIH4,0.0177398330248656,,
AKT1S1,0.0177398330248656,,
TOMM70,0.0177398330248656,,
SYN2,0.0177398330248656,,
BRINP3,0.0177398330248656,,
HIP1R,0.0177398330248656,,
LINC00924,0.0177398330248656,,
INSIG1,0.0177398330248656,,
POLR2H,0.0177398330248656,,
SLC31A2,0.0177355661898587,,
ART4,0.0177261029505227,,
CDK16,0.0177244156988178,0.5,
CTNNBL1,0.017721341461388,,
CENPS,0.0177193008107165,,
HLA-DQA2,0.0177083528102573,,
CSRNP1,0.017706981482227,,
REG4,0.0176987685965673,,
GSTT1,0.0176987685965673,,
MYOC,0.0176770044495692,,
CD200R1,0.0176708427238688,,
EIF4G1,0.0176491430185153,,
TMOD1,0.0176430236351524,,
NR2F1,0.0176387380592297,,
BMAL1,0.0176380833330132,,
TLN1,0.0176374729366082,,
OR5P2,0.0176312742216959,,
HUWE1,0.0176244419813474,,
TRPM4,0.0176166397399707,,
CTNNBIP1,0.0176098224396152,,
HSD17B4,0.0176067590601953,,
KLRF1,0.0175998960076558,,
VTA1,0.0175961075258216,,
FASN,0.0175790446347343,,
RIGI,0.0175667464595883,,
ECSCR,0.017562434694617,,
HEMK2,0.0175550430975233,,
USP35,0.0175550430975233,,
DHCR24,0.017544503000499,1.0,
TPPP3,0.0175433580111717,,
APC2,0.0175242447762996,,
RAI2,0.0175217537801358,,
PXMP4,0.017514554972709,,
EDN3,0.0174934464550758,,
SGCE,0.0174788196442702,,
FMO3,0.0174688732885256,,
HSD11B1,0.0174600663719388,0.5,
BRDT,0.0174523820267775,0.75,
LRP2,0.0174496557569307,,
NES,0.0174186828054729,,
SPAG6,0.0174023255954114,,
CDH19,0.0174010087418368,,
ANGPT2,0.0173640935059362,1.0,
ADRA2C,0.0173358275532321,1.0,
RNF32-DT,0.0173291887418826,,
IL18RAP,0.017321144375184,0.5,
PDLIM2,0.0172937162594187,,
F2R,0.0172864400667661,1.0,
HAT1,0.0172768315958023,,
H3C11,0.0172660327759527,,
INHBA,0.0172594415539465,1.0,
PTPRM,0.017246991077075,,
PLAC9,0.0172314554025327,,
MTO1,0.0172260017950398,,
PCDH15,0.0172224831536753,,
MFN1,0.0172176988190527,,
MMD,0.0172162615640623,,
CD70,0.0172057732441742,0.5,
SF3B6,0.0171983985377526,,
C10ORF67,0.0171965506384791,,
SLC15A2,0.0171861795731273,,
RAB23,0.0171854632428386,,
ROM1,0.0171854632428386,,
IQSEC1,0.0171854632428386,,
SRY,0.0171854632428386,,
BHLHE40,0.0171829993771407,,
H2BC14,0.0171700703070744,,
USP14,0.0171667562251978,,
SPRR3,0.0171649310286894,,
HCG11,0.0171649310286894,,
KITLG,0.0171644051525923,,
NR3C2,0.0171490454424515,1.0,
SELL,0.0171470680023797,0.75,
LYPLA1,0.017145448306917,,
PKDCC,0.0171429615595498,,
SERPINB2,0.0171341327074657,,
ORAI1,0.0171177069361464,,
MMP3,0.0171066246149665,0.75,
EML1,0.0171060348078972,,
ADGRE1,0.0170996385876951,,
GLS2,0.0170809347127402,,
CFHR1,0.0170598060922458,,
DVL2,0.0170417377437945,,
TFCP2,0.0170417377437945,,
GOT1,0.0170375555196217,,
CDK2AP2,0.0170290077710221,,
LAMTOR2,0.0170290077710221,,
RPP14,0.0170290077710221,,
H3P8,0.0170290077710221,,
LAMC1,0.0170201399256847,1.0,
MEX3D,0.0170131192330946,,
ACACA,0.0170116631245267,0.75,
XPNPEP1,0.0170006733154962,0.5,
GUCA2B,0.0170006733154962,,
TFAP2D,0.0170006733154962,,
LHX3,0.0170006733154962,,
VPS13A,0.0170006733154962,,
DIRAS3,0.0169801411013471,,
STARD4,0.0169801411013471,,
ST3GAL5,0.0169698749942725,,
CTBS,0.0169571450215,,
PSMB8,0.0169468789144255,1.0,
MARK2,0.0169298799037364,,
MMRN1,0.0169278250829481,,
FAM120A,0.0169232909053021,,
CHI3L1,0.0169121387322512,,
DSP,0.0169084047650797,,
CXCL16,0.0169072517411176,,
CD40,0.0168927436434896,0.5,
SLA,0.0168803545405822,,
HOPX,0.0168799515530977,,
LINC00987,0.016848118964368,,
MGAT5,0.0168466817093776,,
CYP17A1,0.0168350843838607,1.0,
HLA-DRA,0.0168265653256793,,
PHLDA1,0.0168158833881539,,
TMEM147,0.0168158833881539,,
CASC11,0.0168158833881539,,
LINC00205,0.0167953511740047,,
ADCY1,0.0167953511740047,,
FILIP1,0.0167918606975994,,
FA2H,0.0167905930782341,,
LINC00892,0.0167850850669302,,
VGLL3,0.0167561096364937,,
BMS1,0.0167515005801164,,
IAPP,0.0167449550975562,,
XAGE1A,0.0167261576123221,,
SMOX,0.0167224618137752,,
ALPI,0.01672118821124,,
MAGT1,0.01672118821124,,
OGA,0.016704393465324,,
RAD51AP1,0.0167017235974464,,
LRRC32,0.0166940774194137,,
GGA2,0.016692690103259,,
EDNRA,0.0166793543419596,1.0,
GAB2,0.0166721578891098,,
CCDC137,0.0166721578891098,,
NICOL1,0.0166606598491863,,
CD244,0.016652537053854,,
RASGRF1,0.0166334192811241,,
MAL2,0.0166310934608115,,
CHMP4B,0.0166310934608115,,
KIF3C,0.0166310934608115,,
HAR1A,0.0166310934608115,,
RAB11A,0.0166310934608115,,
MINCR,0.0166310934608115,,
FMR1NB,0.0166310934608115,,
CD300A,0.0166310934608115,,
PPP1CB,0.0166273976622647,,
WNT10A,0.0166259604072742,,
ARHGAP31,0.016620006065171,,
GHRL,0.0166105612466624,,
KANK1,0.0166105612466624,,
PRMT8,0.0166105612466624,,
HSPH1,0.0166074688437967,,
KLK11,0.0165964618279444,,
LGALSL,0.0165930656475464,,
TRIM22,0.0165926982203526,,
FENDRR,0.0165873598446738,,
ABLIM3,0.0165800334356914,,
ICAM2,0.0165464705133131,,
CTAG1A,0.0165391764181795,0.5,
CTAG1B,0.0165391764181795,0.5,
KANK2,0.0165368020575745,,
TGM2,0.0165110331359255,,
ABAT,0.0165003032566814,1.0,
WARS1,0.016477507624667,,
ARHGAP29,0.0164624215058791,,
SYNGR2,0.0164463035334692,,
KCTD2,0.0164463035334692,,
HPCAL1,0.0164463035334692,,
SELENOK,0.0164411704799319,,
ATP11A,0.0164406619824508,,
SOCS4,0.0164333683981902,,
ABCA12,0.0164329794866738,,
JAM3,0.0164259996048259,,
RPS24,0.01642577131932,1.0,
CPSF1,0.01642577131932,,
KDM5B,0.0164172182852844,,
B3GALNT1,0.0164093455480007,,
GNL3L,0.0164052391051709,,
IFNGR1,0.0163696998711283,1.0,
CIDEC,0.0163617108111747,,
CSNK2B,0.0163565777576374,,
KDM3A,0.0163508161669323,,
MAP3K20,0.0163487755162607,,
SLFN5,0.0163333763556489,,
CD52,0.0163172733988805,1.0,
PLLP,0.0163167642563414,,
LAMP2,0.0163025780344251,,
MAPK11,0.0163025780344251,1.0,
GRWD1,0.0163025780344251,,
SRRM2,0.0162923671208858,,
MAK16,0.0162923671208858,,
C1ORF115,0.0162819460924632,,
CLIC3,0.0162643008271254,,
HASPIN,0.0162615136061268,,
SRSF10,0.0162615136061268,,
TAB1,0.0162615136061268,,
FCHSD2,0.0162615136061268,,
RNPC3,0.0162615136061268,,
XYLT1,0.0162615136061268,,
MSL3B,0.0162615136061268,,
HEATR1,0.0162615136061268,,
SIDT1,0.0162615136061268,,
UBTF,0.0162615136061268,,
RNF183,0.0162615136061268,,
INCR1,0.0162615136061268,,
PNPLA2,0.0162590497404289,,
AGT,0.0162447538663353,0.5,
PCYOX1,0.0162388191975332,,
SLC8A1,0.0162331665798576,,
ARHGDIB,0.0162307152849031,,
TSLP,0.0162302920698768,1.0,
LMCD1,0.0162164380027108,,
ATG10,0.0162128522585933,,
KAT2B,0.0162075188511448,,
ARPC1A,0.0162040234065092,,
RHO,0.0162010108511429,,
ANXA5,0.0161989371624313,,
WFS1,0.0161875300472185,,
CDK15,0.0161730630623711,0.5,
WDR12,0.0161588525353811,,
ASCC1,0.0161584293203547,,
AP1S1,0.0161383203212319,,
P2RY1,0.0161180447597596,1.0,
CCNE2,0.0161089592549986,,
GHRH,0.0161050581343103,,
UGT1A6,0.0161028833957096,,
LNCEGFL7OS,0.0160935886090161,,
SLC6A3,0.0160921228393963,1.0,
FZD2,0.0160767236787845,0.5,
SEC14L5,0.0160767236787845,,
THUMPD3,0.0160561914646353,,
PDE5A,0.0160471572904097,1.0,
ALKBH2,0.0160459253575608,,
ENPP2,0.0159933405103901,0.75,
RAB3GAP1,0.0159806329165665,,
NTS,0.0159760969733386,,
BMP8A,0.0159750892187462,,
MT2A,0.0159629562463614,,
KCNT2,0.0159547623267385,,
OTUD5,0.0159535303938896,,
H3P40,0.0159486026624938,,
ARHGEF7,0.0159486026624938,,
CKAP2L,0.0159470545451243,,
WASF3,0.0159407905856009,,
WRAP53,0.0159329981797404,,
CAMKK2,0.0159313430318651,,
PZP,0.0159145066162628,,
ABLIM1,0.0158926943934007,,
FOXO6,0.0158919337514421,,
NRL,0.0158919337514421,,
USP2,0.015871401537293,,
BTN3A1,0.015871401537293,,
ALDOC,0.015871401537293,,
TRPM7,0.015871401537293,,
ORMDL3,0.015871401537293,,
PRKRA,0.015871401537293,,
TFPI2,0.015871401537293,,
MAPK4,0.0158632841298344,,
CCNK,0.0158611354302184,,
CXCR6,0.0158430996894543,,
SLC2A12,0.0158364967732394,,
PWAR1,0.0158317743639851,,
UNC5CL,0.0158222101183145,,
TCEAL2,0.015799682767912,,
TMPRSS11E,0.0157834066061768,,
PPP2CB,0.015779628708473,0.5,
INPP4B,0.0157790065736218,,
H2BC5,0.0157739544843049,,
MAP1LC3B,0.0157347020615072,,
MED1,0.015725212172551,,
DUOXA1,0.0157237940615418,,
PENK,0.0157149460654765,,
ESAM,0.0157137141326275,,
NKRF,0.0157071438240998,,
RIF1,0.0157071438240998,,
LRPAP1,0.0157071438240998,,
NUDT16L1,0.0157071438240998,,
FAM117A,0.0157071438240998,,
PNLIP,0.0157071438240998,1.0,
PPT2,0.0157071438240998,,
DDX47,0.0157071438240998,,
FOXH1,0.0157071438240998,,
A4GALT,0.0157071438240998,,
CDH24,0.0157071438240998,,
ACLY,0.0157069996041489,1.0,
PRICKLE2,0.0157032427034114,,
RERG,0.0156871070352373,,
JOSD2,0.0156866116099506,,
TWIST2,0.0156866116099506,,
CCL25,0.0156790146907154,,
PROCR,0.0156763455028761,,
RASAL2,0.0156558132887269,,
B4GALNT1,0.0156475878323239,,
TRPM2,0.0156384156268352,,
TSC22D1,0.0156183865304559,,
ANPEP,0.0156137222497211,0.5,
LINC00355,0.0156071519411934,,
SORT1,0.0156028276054787,,
MFAP3L,0.0155880133600606,,
MAPK9,0.0155839505392049,0.5,
STK38,0.0155839505392049,,
CTSE,0.0155736844321303,,
ZBTB11,0.0155634183250557,,
RELN,0.0155634183250557,,
GZMH,0.0155593118822259,,
GPA33,0.0155537681844056,0.5,
PLA2G7,0.0155456078818824,0.75,
LPAR2,0.0155332951576753,,
GSN,0.0155291441574621,,
MIR100HG,0.0155223538967574,,
PNPT1,0.0155223538967574,,
RAB6A,0.0155223538967574,,
PFDN2,0.0155223538967574,,
QSER1,0.0155223538967574,,
PARM1,0.0155223538967574,,
PALM2AKAP2,0.0155223538967574,,
FSAF1,0.0155223538967574,,
TADA1,0.0155223538967574,,
DOK4,0.0155223538967574,,
DUSP13B,0.0155223538967574,,
MMP20,0.0155223538967574,,
MFAP5,0.0155223538967574,,
MBIP,0.0155223538967574,,
LINC00954,0.0155223538967574,,
GFRA3,0.0155223538967574,,
ADRM1,0.0155172208432201,1.0,
IFI16,0.0155172208432201,,
PCDH17,0.0155145272023826,,
KLC1,0.015509623923985,,
LTK,0.0155018216826083,,
UBA1,0.0155018216826083,,
PRKCI,0.0154969858024089,1.0,
BRS3,0.0154924134649804,,
GPR42,0.0154924134649804,,
SSTR4,0.0154924134649804,1.0,
ADRA1A,0.0154924134649804,1.0,
ADRA2B,0.0154924134649804,1.0,
AHRR,0.0154915555755337,,
ZBTB7A,0.0154897977665877,,
SESN2,0.0154822008473525,,
SRCIN1,0.0154784822352344,,
PTN,0.0154747178946958,,
CA3,0.0154706127171016,1.0,
CAMK2N1,0.0154516327054988,,
UGT8,0.0154327809298132,,
ATG12,0.0154252842405088,,
RAD52,0.0153991606118625,,
AFAP1L1,0.0153973127125891,,
NFIA,0.0153943636511868,,
SHROOM4,0.0153930009476178,,
GMPPA,0.015388894504788,,
MAL,0.0153800945022087,,
ELANE,0.0153799049045534,1.0,
CHRNA6,0.0153786283977134,0.5,
MXRA5,0.0153610908536364,,
NAP1L1,0.0153550037806985,,
NDNF,0.015337937479202,,
NUP155,0.0153375639694151,,
TRPV6,0.0153375639694151,,
ZNF516,0.0153375639694151,,
AVEN,0.0153375639694151,,
SLC22A16,0.0153375639694151,,
FUCA2,0.0153375639694151,,
SGSM3,0.0153314043051703,,
MLN,0.0153314043051703,,
DMBT1,0.0153262907179298,,
UGCG,0.0152862334340422,1.0,
MUC2,0.0152802807327243,,
CCDC141,0.0152522331995344,,
GAD1,0.0152447457907176,,
FRMD3,0.0152414732071971,,
ENTPD3,0.0152309822882922,,
RBM8A,0.0152246367915948,,
MYH10,0.0152236340156479,,
RFLNA,0.0152143706845202,,
RHEX,0.0152119068188223,,
DLK1,0.0152101490098762,,
FAM3C,0.0152030779667381,,
SMURF1,0.015193838470371,,
INSR,0.0151924684921367,1.0,
PRKCG,0.0151908419872602,1.0,
PRRT2,0.0151908419872602,,
PROM2,0.0151656914012379,,
TUSC3,0.0151605762834494,,
DBT,0.0151554432299121,,
ATF5,0.0151527740420727,,
LUM,0.0151458831795894,,
UPK3B,0.015144957417027,,
SEPTIN10,0.0151360917408368,,
USP17L2,0.0151195118551511,,
DPYD,0.0151176513851343,0.75,
RTN4,0.0151038465066114,0.5,
ELAPOR2,0.015084002805734,,
SLC17A5,0.0150804880775244,,
HSD17B13,0.0150751622725889,,
LHX2,0.015074751628306,,
PDE2A,0.0150603790784015,1.0,
PHKG2,0.0150425160520918,,
ABCC9,0.0150408826535719,1.0,
OVCH2,0.0150308126900268,,
SYNE1,0.0150238820022549,,
TRIM58,0.0150186224781164,,
ZNF217,0.0150151507682833,,
RNF31,0.0150090485430287,,
NFE2L3,0.0150090485430287,,
PXDC1,0.0150064208944659,,
TRIM25,0.015004695108371,,
NR4A1,0.0150020462705388,,
MAPK10,0.0150002196909445,0.75,
ABCA9,0.0149965585267566,,
MSH3,0.0149963185702562,,
CBS,0.0149940341812489,,
LRRC2,0.014993464773928,,
FAXDC2,0.0149864631074646,,
SLCO1A2,0.0149753757118241,,
FOXA3,0.0149679841147304,,
JADE2,0.0149679841147304,,
DDAH1,0.0149628510611931,,
LINC01600,0.0149322580621109,,
C3ORF62,0.0149115205258202,,
TACC1,0.0149104053810366,,
GPR146,0.0149092619822638,,
SH3PXD2A,0.0149074813597465,,
CXCR5,0.0148742579326169,,
GPNMB,0.0148622306411189,0.5,
JAG1,0.0148560293071878,,
Y_RNA,0.0148497185612313,,
PCOLCE2,0.014824256166589,,
DAPK1,0.0148150863960753,,
ETS2,0.0148142878109944,,
ZNF263,0.0148037264015372,,
ADRA1B,0.0147873000241431,1.0,
SFRP2,0.0147871205508445,,
LMX1A,0.014783194187388,,
GABARAPL2,0.014783194187388,,
NAPSB,0.014783194187388,,
USP49,0.014783194187388,,
KPNA6,0.014783194187388,,
PTCSC3,0.014783194187388,,
DUXAP10,0.014783194187388,,
CCDC25,0.014783194187388,,
GATAD2B,0.014783194187388,,
GPN3,0.014783194187388,,
PDHX,0.014783194187388,,
SAMD13,0.014783194187388,,
ADGRG7,0.014783194187388,,
BLVRA,0.014783194187388,,
TNS3,0.014783194187388,,
SH3RF1,0.014783194187388,,
ABCC10,0.014783194187388,,
DRD1,0.014783194187388,1.0,
ASIC2,0.014783194187388,,
KPNA5,0.014783194187388,,
BEST3,0.014783194187388,,
ABHD2,0.014783194187388,,
BORA,0.014783194187388,,
ATXN3,0.014783194187388,,
PIKFYVE,0.014783194187388,0.5,
TSPAN32,0.014783194187388,,
KPNA7,0.014783194187388,,
ELMOD3,0.014783194187388,,
ADH5,0.014783194187388,1.0,
OVGP1,0.014783194187388,,
SGSM1,0.014783194187388,,
FBXW11,0.014783194187388,,
DEPDC5,0.014783194187388,,
SIGLEC10,0.0147626619732389,0.75,
TRAP1,0.0147626619732389,,
TAP1,0.0147444732246062,,
PMP22,0.0147386842121647,,
SYNPO2,0.0147343727042798,,
RNASEH2A,0.0147293997863172,,
NKG7,0.0147113351988768,,
ACOXL,0.0147095731090403,,
PRP4K,0.0146947436436323,,
CCS,0.0146907992237168,,
F11,0.0146898258477843,1.0,
PHLDB2,0.0146818964915787,,
JADE1,0.014674070478925,,
TRAF6,0.014659475026396,,
SERTM1,0.0146446017418813,,
PEAK1,0.0146396740104855,,
TMPO-AS1,0.0146377108793979,,
IGLV6-57,0.0146353622455141,,
AGR3,0.0146199193360153,,
PYCARD,0.0146084108045491,,
ST6GALNAC3,0.0146057958571394,,
RAB22A,0.0145984042600457,,
CYSLTR1,0.0145984042600457,1.0,
LBP,0.0145984042600457,,
TCP1,0.0145881381529711,,
PIGR,0.0145818476375433,,
STMN2,0.0145778720458965,,
RPS4X,0.0145778720458965,1.0,
FCRLA,0.0145778720458965,,
H2BC17,0.0145466630803898,,
COL15A1,0.0145394768054376,1.0,
IARS1,0.0145382448725887,,
DUSP26,0.0145364300129334,,
NHLRC2,0.0145240776448257,,
GAB1,0.014517096692015,,
KNTC1,0.014517096692015,,
ACIN1,0.0145124368628499,,
NR0B2,0.0144959485114414,,
NKILA,0.0144917040232262,,
CLSTN2,0.0144875303036403,,
TMEM64,0.0144875303036403,,
REEP6,0.0144875303036403,,
CA2,0.0144760786122651,1.0,
TSG101,0.0144752109751508,0.25,
SNHG12,0.0144695520455164,,
COX5A,0.0144691028323346,,
TNFRSF10B,0.0144677777083708,0.75,
CAD,0.0144676140559156,,
COX8A,0.0144655357697399,,
CYP2E1,0.014457347948841,,
C1ORF198,0.0144548840831431,,
HYAL1,0.0144502130044242,,
RPS6,0.0144455065413906,1.0,
NOS2,0.0144375162412784,0.75,
ATXN1,0.0144327765686181,,
ARHGAP44,0.0144267225932541,,
AOC1,0.0144248733657601,1.0,
DGAT1,0.0144246891576005,0.75,
GBP4,0.0144153865991713,,
GABBR2,0.0144136143327033,1.0,
POU3F4,0.0144136143327033,,
DSCAM-AS1,0.0144136143327033,,
HES7,0.0144136143327033,,
OPN4,0.0144136143327033,,
APTR,0.0144136143327033,,
OLA1,0.0144136143327033,,
RLN3,0.0144136143327033,,
DMRT3,0.0144136143327033,,
MAP3K9,0.0144136143327033,0.75,
USP17L27,0.0143930821185542,,
USP17L26,0.0143930821185542,,
USP17L25,0.0143930821185542,,
USP17L30,0.0143930821185542,,
USP17L9P,0.0143930821185542,,
USP17L24,0.0143930821185542,,
DHX33,0.0143930821185542,,
USP17L28,0.0143930821185542,,
USP17L29,0.0143930821185542,,
EPHB6,0.01438425326647,1.0,
LY86,0.0143682255686903,,
QRSL1,0.0143622837973304,,
TNIK,0.0143618605823041,,
RP1,0.0143561557900822,,
CENPI,0.0143390362066115,,
HECW2,0.0143341546639461,,
ANG,0.0143294995314479,,
TSPAN18,0.0143193714697587,,
ANO2,0.0143064361748448,,
SH2D1B,0.0143064361748448,,
OTUD4,0.0143058202084203,,
LINC01094,0.014300687154883,,
PCDH12,0.0142953487792042,,
JUP,0.014289394437101,,
CCDC68,0.0142731739879231,,
RBX1,0.0142314935932004,1.0,
PA2G4,0.014228824405361,,
ORC2,0.014228824405361,,
MAGEA6,0.014228824405361,,
CNTNAP1,0.014228824405361,,
G0S2,0.0142271599297084,,
RNASE1,0.0142158496833738,,
GPD1,0.0142140412111736,,
TESC,0.0142115371962628,,
PRKCH,0.0142009142872519,1.0,
CTTN,0.0141984411479596,,
ZNF106,0.0141918664198925,,
MLKL,0.0141863845618953,,
TBCE,0.0141774938699881,,
CYP2B7P,0.0141774938699881,,
INSL4,0.0141768307969442,,
SLCO1B3,0.0141737980714412,,
C1QTNF7,0.0141717928568416,,
LRCH2,0.0141588416605821,,
FTH1,0.0141583009,,
PAK4,0.014154497790141,0.25,
SAE1,0.0141364294416898,,
NME2,0.0141354028309823,,
PHF19,0.0141327336431429,,
MATN3,0.0141316319225364,,
AIF1,0.0141311678975366,,
SH3D19,0.014119798348229,,
TERF2,0.0141173344825311,,
TRMT112,0.0141107641740034,,
DNAJA3,0.0141010951772382,,
RASSF2,0.0141008024922436,,
HSPA6,0.0140980342012309,,
ANKS1A,0.0140970328507445,,
PLCE1,0.0140958657553691,,
ASPN,0.0140850989063169,,
AREG,0.0140846912890075,,
LAMB2,0.0140727435717734,1.0,
EIF3B,0.0140621028264699,,
OTULINL,0.0140611940454419,,
LTF,0.0140442796174502,,
RASL10A,0.0140440344780186,,
FBXW5,0.0140440344780186,,
FBXL16,0.0140440344780186,,
DELEC1,0.0140440344780186,,
CHD1,0.0140440344780186,,
MRPL24,0.0140440344780186,,
MEA1,0.0140440344780186,,
XPO7,0.0140440344780186,,
SETX,0.0140440344780186,,
KIN,0.0140440344780186,,
ZC3H18,0.0140440344780186,,
USP43,0.0140440344780186,,
SUOX,0.0140440344780186,,
XPO6,0.0140440344780186,,
AGO2,0.014034582185131,,
NOP58,0.0140235022638695,,
TNS2,0.0140145686976876,,
MST1R,0.0140012122407743,1.0,
TUFT1,0.0139927039426457,,
H2AC8,0.0139518709752021,,
MNX1-AS1,0.0139447694054696,,
RAPGEF4,0.0139442479172537,,
FAM136A,0.0139413734072729,,
INF2,0.0139215022512835,,
PPP1R15A,0.0139208952300078,,
HELLS,0.0139140238927682,,
MCOLN3,0.0139122674468341,,
ODAM,0.0139036357410355,,
BCL2L15,0.0139035941332384,,
CYP4X1,0.0139035941332384,,
MYSM1,0.0139003089789746,,
ERO1B,0.0139003089789746,,
FNDC3B,0.0138986538310993,,
RHOB,0.0138873152899851,,
PPIL6,0.0138797504268497,,
SEL1L3,0.0138724800123605,,
BEX5,0.0138647724991866,,
JMJD8,0.0138592445506763,,
GTF3C6,0.0138592445506763,,
RELB,0.0138592445506763,,
EVI5,0.0138592445506763,,
CLHC1,0.0138592445506763,,
FAM216B,0.0138569878783647,,
RGS2,0.0138514352430221,,
PCSK9,0.013845398284423,1.0,
FOXK1,0.0138387123365271,,
MIR218-1,0.0138324276436102,,
TGM1,0.0138296781623015,,
USF2,0.0138284462294525,,
DOCK9,0.0138075450154229,,
NEXN,0.0138072460189997,,
NTN4,0.0138038075724736,,
MVP,0.0138032588828052,,
MAGI2,0.0137779244119023,,
PTH,0.0137695187748445,,
GALNT5,0.0137576188327863,,
MIR22HG,0.0137573993044643,,
CALB2,0.0137535895111761,,
MX1,0.0137463173728559,,
TTC21A,0.0137463173728559,,
ACSBG1,0.0137360512657814,,
ZMIZ2,0.0137322631389648,,
ACSS3,0.0137300498284178,,
UACA,0.0137247585479993,,
SGCA,0.013722232334934,,
TAS1R1,0.0137181882394716,,
RAMAC,0.0137155190516322,,
OLFM4,0.0137069408107216,,
PTPN5,0.0136744546233339,,
HOMER1,0.0136744546233339,,
PUM1,0.0136744546233339,,
RAVER1,0.0136744546233339,,
BRWD3,0.0136744546233339,,
KLF16,0.0136744546233339,,
NAA50,0.0136744546233339,,
LBH,0.0136668577040987,,
UGDH,0.0136477210752537,,
SCARF1,0.0136436563021102,,
TOB1,0.0136385462561043,,
SNTN,0.0136348160820142,,
LINC-PINT,0.0136309263293377,,
TRIM29,0.0136291685203917,,
LIN28A,0.0136257932758004,,
BCL6B,0.0136227134436781,,
DIAPH3,0.0136195183797416,,
PROS1,0.0136176618356148,1.0,
DIO3,0.0136047351855542,,
NEUROD1,0.0135847288475021,,
CLEC1A,0.0135820596596627,,
HDAC8,0.0135769266061255,1.0,
STYK1,0.0135616982266589,,
PDE1C,0.0135543411705614,1.0,
BOK,0.013551261338439,,
CHIAP2,0.0135436644192038,,
CMKLR1,0.0135328108838771,,
ALG1,0.0135307291242899,,
WFDC1,0.0135285658811258,,
KMT2B,0.0135181628039726,,
FOXG1,0.0134896646959916,,
FARSB,0.0134896646959916,,
CPLX2,0.0134896646959916,,
PCIF1,0.0134896646959916,,
PLK2,0.0134896646959916,,
NOTUM,0.0134896646959916,,
UIMC1,0.0134896646959916,,
FBL,0.0134896646959916,,
IER3,0.0134881285369018,,
TSPAN13,0.0134731082114764,,
GUCY1A2,0.0134678932357145,1.0,
TRIM71,0.0134407972154472,,
PREP,0.0134383341606187,,
ATF6,0.0134383341606187,,
SEMA4D,0.0134383341606187,0.5,
LZTFL1,0.0134280680535441,,
APOL3,0.0134191593615832,,
GYPE,0.0134009655308672,,
SLC5A4,0.0134009655308672,,
RPS6KA2,0.0133817282409799,0.25,
TMTC1,0.0133798772842873,,
HACD4,0.0133670213537141,,
G3BP1,0.0133518646598125,,
KAT5,0.0133459391969475,,
FER,0.0133397795327028,,
INPP1,0.0133380090003326,,
RRS1,0.0133202739292611,,
ANGPTL5,0.0133048747686492,,
TM4SF20,0.0133048747686492,,
GMPR,0.0133048747686492,,
ECE1,0.0133048747686492,0.5,
TMPRSS6,0.0133048747686492,0.5,
NOVA2,0.0133048747686492,,
C1ORF52,0.0133048747686492,,
HCAR2,0.0133048747686492,0.5,
CABLES1,0.0133048747686492,,
DCLRE1B,0.0133048747686492,,
LRRC4,0.0133048747686492,,
CD200,0.0133017823657835,0.5,
CAPRIN1,0.0133002654440166,,
COL6A5,0.0132950731780836,1.0,
LINC00578,0.0132826822952891,,
ARC,0.0132753083802744,,
NAPA,0.0132740764474255,,
NEBL,0.0132666342295363,,
TBX1,0.0132620096397318,,
COL4A3,0.0132467560318638,1.0,
MAG,0.0132305481534293,0.5,
ERN2,0.0132286417407508,,
H4C13,0.0132282422126512,,
PTPRR,0.0132278789655899,,
CALM3,0.013223680370977,,
PLA2G4A,0.0132222826519179,0.5,
ACKR1,0.013220980192749,,
CAST,0.0132185247648326,,
FYB2,0.0132164807459704,,
DNMT3B,0.0132112731372485,,
LIN28B,0.0132103525502627,,
TOX2,0.0132013924093375,,
TIPRL,0.0131919475908289,,
PTPN3,0.0131919475908289,,
FRMD6,0.013189483725131,,
MUC17,0.013174195018517,,
B3GNT6,0.0131611492696052,,
KRIT1,0.0131608004651452,,
CCL15,0.0131498565518231,,
BMPR2,0.0131289069143282,1.0,
LRP1,0.0131214402119088,0.75,
F12,0.0131204954855898,1.0,
SLC38A3,0.0131200848413069,,
CENPX,0.0131200848413069,,
SCAND2P,0.0131200848413069,,
CHRM2,0.0131200848413069,1.0,
CLEC5A,0.0131200848413069,,
MVB12B,0.0131126932442132,,
FZD5,0.0131119193655223,0.5,
CIP2A,0.0131073548685344,,
UBE2F,0.0130995526271577,,
SGCB,0.0130995526271577,,
INHBE,0.0130995526271577,,
H4C14,0.0130995526271577,,
IPO13,0.0130995526271577,,
H4C6,0.0130995526271577,,
CDHR3,0.013095170551615,,
PRSS55,0.0130892865200831,,
SPZ1,0.0130892865200831,,
CRISP2,0.0130892865200831,,
CITED4,0.0130790204130086,,
ABCA5,0.0130790204130086,,
CALM2,0.0130743652805104,,
CAMKMT,0.0130743652805104,,
TLR6,0.013068754305934,,
NPC2,0.0130560414786017,,
CEBPD,0.0130537379805424,,
LPCAT3,0.0130496593467753,,
MCM3,0.0130430576113892,,
WDR49,0.0130387772732762,,
CLEC17A,0.0130303590654751,,
BCAN,0.0130098268513259,,
ANGPTL7,0.0130065416970621,,
CHAF1A,0.0129781751746699,,
SIGLEC1,0.0129763593422628,,
CHPT1,0.0129553037884251,,
IL5RA,0.0129520801231369,1.0,
RIPK4,0.0129489362656303,,
DNAH8,0.0129420288749474,,
ENPP1,0.0129379641018039,,
LINC01140,0.0129352949139645,,
TRPM6,0.0129352949139645,,
PPM1M,0.0129352949139645,,
PKIA,0.0129352949139645,,
CD248,0.0129352949139645,0.5,
MRPL44,0.0129352949139645,,
TUSC7,0.0129352949139645,,
HLA-DQB2,0.0129352949139645,,
RHEB,0.0129352949139645,,
MPRIP,0.0129264660618804,,
TNFRSF11B,0.0129227160229039,,
CNTN2,0.0129147626998154,,
BRI3BP,0.0129057285255897,,
CRACDL,0.0129057285255897,,
PABPC3,0.0129057285255897,,
MAP2K5,0.0129044965927408,,
STX1A,0.0129043079119143,,
EFR3B,0.0128997005118669,,
MFSD2A,0.0128970902327988,,
GARS1,0.0128841417301327,,
CORO1A,0.0128757389221886,,
HCK,0.0128572194056525,1.0,
KCNJ8,0.0128501255744286,1.0,
RAB11FIP1,0.0128411863602174,,
CDC42,0.0128240856739488,,
SNRPB,0.0128121016290696,,
AATF,0.0128121016290696,,
ZHX3,0.0128059419648249,,
CAMK1D,0.0128045047098344,,
NXF3,0.0127934567362006,,
KCNJ15,0.0127873759466014,,
BORCS7,0.0127726797779032,,
PIP,0.0127679447979056,,
TFAM,0.0127583072279988,,
IL23R,0.0127583072279988,,
CHFR,0.0127505049866222,,
TPTEP1,0.0127505049866222,,
FIS1,0.0127505049866222,,
NPC1,0.0127505049866222,,
NOVA1,0.0127505049866222,,
MAT1A,0.0127505049866222,,
FGF12,0.012729972772473,,
NEU1,0.012711290029109,,
SELE,0.0127065434989651,0.75,
VIM-AS1,0.0126991744512493,,
NEURL1,0.0126919162549547,,
RGS18,0.0126897933156012,,
TMC5,0.0126895818278055,,
TLR9,0.0126880849941531,1.0,
ADGRE5,0.0126817840180752,,
TMEM232,0.0126758054047775,,
WNT3,0.0126573486393685,,
LIPT2,0.0126529769694137,,
CBX6,0.0126529769694137,,
GLRX,0.0126402469966412,,
ZNF32,0.0126375778088018,,
MT1A,0.0126375778088018,,
SRXN1,0.0126197147824921,,
ARHGAP1,0.0126170455946527,,
TKTL1,0.0126067794875781,,
RAMP1,0.0126053692841428,1.0,
KCNK1,0.0125900323190013,,
PID1,0.0125897103151732,,
VAMP5,0.0125795163997265,,
VNN2,0.0125782334771771,,
ISYNA1,0.0125762246412594,,
LRRK2-DT,0.0125674433125646,,
PBX4,0.0125657150592798,,
SLBP,0.0125657150592798,,
NUDCD1,0.0125657150592798,,
ERLIN1,0.0125657150592798,,
SP5,0.0125657150592798,,
DPH2,0.0125657150592798,,
SEMG1,0.0125657150592798,,
ACBD3,0.0125657150592798,,
ZNF366,0.0125657150592798,,
EBF3,0.0125657150592798,,
PARD6B,0.0125657150592798,,
AVPR2,0.0125657150592798,1.0,
COL4A6,0.0125657150592798,1.0,
SNORD60,0.0125657150592798,,
CREBZF,0.0125657150592798,,
RAPH1,0.0125657150592798,,
C16ORF54,0.0125657150592798,,
GLIS2,0.0125657150592798,,
PAQR9,0.0125657150592798,,
H2AC7,0.0125632832309046,,
ANK3,0.012561779760991,,
ENPP5,0.0125565123687511,,
SYNM,0.0125490766349435,,
PPDPF,0.0125451828451307,,
MINDY4,0.0125431296237157,,
RPS6KA1,0.0125314755307304,0.25,
TCP11L2,0.0125298764281988,,
TMEM212,0.012527139208176,,
SLC5A7,0.0125246506309815,,
ZWILCH,0.0125246506309815,,
CABYR,0.0125244417845218,,
MYO10,0.012511920658209,,
CHMP3,0.0125084301818037,,
TJP1,0.0125031599102188,,
KCNK5,0.0125028072699982,,
TNFSF9,0.0125024632689571,,
TUBA4A,0.0124965214975972,1.0,
SLCO4C1,0.0124528375274687,,
TNKS1BP1,0.0124527878814595,,
SOX10,0.0124527878814595,,
CAMK2G,0.0124527878814595,,
ZNF750,0.012445452989404,,
PLA2G4F,0.0124414496565361,,
SEMA3C,0.0124349248551497,,
PKIG,0.0124345302983561,,
SEC14L3,0.0124326663115933,,
APOC3,0.0124234268152262,1.0,
PAX9,0.0124219895602358,,
RYBP,0.0124219895602358,,
KLRD1,0.0124130067165455,,
LINC00342,0.0124050684162203,,
RPGR,0.0123985348595056,,
TNFRSF17,0.0123932399485723,1.0,
CFL2,0.012392012527578,,
DPP6,0.0123833774834452,,
MAEL,0.0123809251319375,,
PIK3IP1,0.0123685390979151,,
SSR4,0.0123642930007982,,
TNRC6B,0.0123603929177883,,
PRR13,0.0123603929177883,,
SEC31A,0.0123603929177883,,
LINC00273,0.0123603929177883,,
GALR1,0.0123603929177883,,
KLHDC9,0.0123603929177883,,
TMEM213,0.0123603929177883,,
ECM1,0.0123525631890646,,
INPP5A,0.0123509277150736,,
H3C12,0.0123508175423223,,
DKK4,0.0123501268107137,,
XXYLT1,0.0123501268107137,,
NTNG1,0.0123448486143666,,
B4GALT4,0.0123398607036392,,
SLCO6A1,0.0123198621585143,,
GSTK1,0.0123198621585143,,
IL5,0.0123048637878025,1.0,
SULT1A1,0.0122774427726257,,
SYNPO,0.0122749674442079,,
SLC28A3,0.0122603221330631,,
BLACAT1,0.0122577318470426,,
RNASEH1,0.0122577318470426,,
WNT11,0.0122577318470426,,
ANXA6,0.0122577318470426,,
STARD9,0.0122384036318854,,
RNF126,0.0122371996328934,,
RASSF8,0.0122339626664791,,
RHBDL2,0.012230430151389,,
PTK2B,0.0122284636066061,0.75,
H2BC7,0.0122173802623757,,
SLC2A4,0.0121961352045951,,
DUSP3,0.0121961352045951,,
TNFRSF10A-DT,0.0121961352045951,,
TRIM8,0.0121961352045951,,
UBA6,0.0121961352045951,,
HES6,0.0121961352045951,,
CHD8,0.0121961352045951,,
ADIPOR2,0.0121961352045951,,
KDM8,0.0121961352045951,,
SMC4,0.0121927120049459,,
CCM2L,0.0121887436075014,,
TENT5B,0.0121887436075014,,
TLL1,0.0121887436075014,,
NCBP3,0.012175602990446,,
BTBD9,0.012175602990446,,
ELFN1,0.012175602990446,,
CDK14,0.012175602990446,0.5,
H4C2,0.012175602990446,,
LRP8,0.012175602990446,,
MYO1B,0.012175602990446,,
MSX1,0.012175602990446,,
ADIPOQ,0.0121558794941194,,
CDR2,0.0121448046692222,,
IL20RA,0.0121443940249393,,
ARAP2,0.0121432882540163,,
RANBP3L,0.0121346583290063,,
FAM184A,0.0121233903773148,,
HMGCLL1,0.0121203713343847,,
DDX41,0.0120986071873866,,
CD55,0.0120825197166687,,
UQCC2,0.0120630864569086,,
TBX5-AS1,0.0120630864569086,,
ENSG00000256013,0.0120630864569086,,
SLC24A3,0.0120630864569086,,
EPO,0.0120524097055511,,
RNF180,0.0120483032627212,,
UGGT1,0.0120402443686677,,
EIF5B,0.0120396797327786,,
RAB27A,0.0120205847736199,,
PHKA1,0.0120113452772528,,
ADAMTS4,0.0120113452772528,,
TMED9,0.0120113452772528,,
AGRP,0.0120113452772528,,
NRXN1,0.0120113452772528,,
RPA2,0.0120113452772528,,
DGKA,0.0120113452772528,,
MIR21,0.0120113452772528,,
CARD14,0.0120113452772528,,
PGK2,0.0120113452772528,,
SKA2,0.0120113452772528,,
ABHD12,0.0120113452772528,,
GSTA2,0.0120113452772528,,
ASH1L,0.0120113452772528,,
MPG,0.0120113452772528,,
LGI1,0.0120113452772528,,
C9,0.0120113452772528,,
SUPT16H,0.0120113452772528,,
BUD23,0.0120113452772528,,
METTL8,0.0120113452772528,,
KLK1,0.0120113452772528,,
ZBED2,0.0120092445443614,,
TRH,0.0120006559551518,,
ARHGEF16,0.0119990574716348,,
UBE2M,0.0119908130631036,,
FABP1,0.0119908130631036,,
XRCC3,0.0119908130631036,,
ADGRF5,0.0119842606598498,,
BMP1,0.0119780830903311,,
ABCA10,0.0119743872917843,,
ATP7B,0.0119691381089349,,
ESRRB,0.0119600147418799,,
DOCK2,0.0119524178226447,,
WNT5B,0.0119497486348053,,
CHRNA1,0.0119267525549583,1.0,
MYLK,0.0119218465374765,,
KLRC3,0.0119179237028741,,
ACTN2,0.0119097108172145,,
INPP5K,0.0119097108172145,,
PDIA6,0.0119048261034748,,
EYA4,0.011903690962874,,
E2F6,0.0118998553544229,0.75,
SIAH2,0.0118984180994324,,
HCST,0.0118984180994324,,
BIN1,0.0118984180994324,,
HSP90B2P,0.0118932505100191,,
CCL3,0.0118899659707136,,
PDLIM1,0.0118735360113865,,
PSMA3,0.0118676197782087,1.0,
VDAC2,0.0118550534578914,,
MYO6,0.0118458499298051,,
ADGRL4,0.0118364471695723,,
FOXF2,0.011834516664577,,
GNLY,0.0118330609124457,,
NEFL,0.0118265553499104,,
SNTG2,0.0118265553499104,,
CHGB,0.0118265553499104,,
ADPRHL1,0.0118265553499104,,
POTED,0.0118265553499104,,
MIIP,0.0118265553499104,,
GDF2,0.0118265553499104,0.75,
MRM2,0.0118265553499104,,
HPDL,0.0118265553499104,,
MBOAT7,0.0118265553499104,,
TAOK3,0.0118265553499104,,
CNTN3,0.0118265553499104,,
POTEE,0.0118265553499104,,
IL27RA,0.0118265553499104,,
ADAM11,0.0118265553499104,,
VASH2,0.0118265553499104,,
GPAM,0.0118265553499104,,
DIDO1,0.0118265553499104,,
RASA3,0.0118265553499104,,
MAFA,0.0118265553499104,,
PEX3,0.0118265553499104,,
SAC3D1,0.0118265553499104,,
GSTM1,0.0118210734919132,,
APOC1,0.0118123939783857,,
OSBPL3,0.011812382665615,,
SEC14L4,0.0118097189343081,,
DHPS,0.0118060231357613,,
USP1,0.0118060231357613,,
KIF13A,0.0117957570286867,,
ACTL6A,0.0117858827892076,,
SIRT7,0.0117786736212566,,
TOMM40,0.0117752248145375,,
BCL2L10,0.0117752248145375,0.75,
GADD45A,0.0117663959624534,,
LINC02880,0.0117470956811532,,
RPS6KA3,0.0117453378722072,0.25,
IRAK1,0.0117453378722072,1.0,
COLEC10,0.0117452477818798,,
JAG2,0.0117346383072783,,
MASP2,0.0117316965205413,0.75,
CD8B,0.0117256032355547,,
OLFML1,0.0117251704733561,,
MAGEH1,0.0117230729905987,,
CCDC102B,0.0117204602695224,,
CHTF18,0.011714214858858,,
COPG1,0.0117087415164995,,
FAR2,0.0117078915533844,,
EIF2S1,0.0117042734439089,,
CCN6,0.0117033620650155,,
SULF2,0.0116874370283066,,
SRPX2,0.0116871156890713,,
BMPER,0.0116711264888013,,
PPARD,0.0116654447455957,1.0,
PTTG1IP,0.0116622976367172,,
DUSP14,0.0116417654225681,,
CELF6,0.0116417654225681,,
LINC00680,0.0116417654225681,,
POLE4,0.0116417654225681,,
VWC2,0.0116417654225681,,
DNAJC24,0.0116417654225681,,
VDAC3,0.0116417654225681,,
HNRNPDL,0.0116386483051162,,
PI3,0.0116212332084189,,
HOXD3,0.0116212332084189,,
PRKAR2A,0.0116212332084189,,
DNAL1,0.0116212332084189,,
FAM138B,0.0116212332084189,,
IRX5,0.0116110754970211,,
NNAT,0.0115955679407325,,
IGKV1D-16,0.0115900242429122,,
PRPF6,0.0115867390886483,,
VEGFB,0.0115856981612609,0.75,
HK1,0.011573254206568,,
PSMB3,0.0115701079951875,1.0,
PGM2L1,0.0115639600288778,,
RGS13,0.0115513519373166,,
FAM13C,0.01154567466035,,
LTBP1,0.0115288382447477,,
S100A5,0.0115225368587658,,
S1PR4,0.0115151104888807,1.0,
F2,0.011510975218438,1.0,
EPHA4,0.0115081679852132,1.0,
OTX2,0.0115072794198911,,
PRL,0.011498450567807,,
PDGFA,0.0114812035079217,,
SYDE2,0.0114743005385526,,
RYR1,0.0114569754952257,1.0,
H4C4,0.0114569754952257,,
CYP4F12,0.0114569754952257,,
H4C3,0.0114569754952257,,
H4C16,0.0114569754952257,,
XAB2,0.0114569754952257,,
RNASEK-C17ORF49,0.0114569754952257,,
C1QL1,0.0114569754952257,,
DPYS,0.0114569754952257,,
H4C11,0.0114569754952257,,
H4C1,0.0114569754952257,,
ACTR3,0.0114569754952257,,
RSU1,0.0114569754952257,,
FUT7,0.0114569754952257,,
MTERF1,0.0114569754952257,,
GRHL2,0.0114569754952257,,
PTPN9,0.0114569754952257,,
H4C8,0.0114569754952257,,
H4C5,0.0114569754952257,,
SFTA2,0.0114569754952257,,
H4C12,0.0114569754952257,,
H4C15,0.0114569754952257,,
ATG9B,0.0114569754952257,,
BACC1,0.0114569754952257,,
CCT4,0.0114569754952257,,
IER5L,0.0114421106718746,,
HEYL,0.0114238132832296,,
WIPF1,0.0114159110669274,,
CPE,0.0114159110669274,,
BAIAP2L2,0.0114083141476922,,
ENSG00000280371,0.011406945453446,,
ENSG00000279284,0.011406945453446,,
FLACC1,0.011401538517023,,
KRT4,0.0113801895017098,,
SIN3A,0.0113672497193939,,
CAPN3,0.0113594474780172,,
SYBU,0.0113550272544117,,
TMEM9B,0.011353493135914,,
DECR2,0.011353493135914,,
POLR3H,0.011353493135914,,
FAM124B,0.011353493135914,,
ENSG00000214708,0.011353493135914,,
FGD4,0.011353493135914,,
ARF6,0.0113457581712934,,
CASC9,0.0113432924376736,,
NEDD8,0.0113261852910956,,
TJP2,0.0113261852910956,,
SLC22A3,0.0113261852910956,,
SEMA3B,0.0113167175248625,,
RGS5,0.0113152805877195,,
TNFRSF12A,0.0113103661811461,0.5,
PGAP4,0.01130943973052,,
FABP7,0.0113088797178053,,
EBI3,0.0113084184844193,,
GPR162,0.0113029838891071,,
DIAPH2,0.0112942734461738,,
SPRYD7,0.011292512459891,,
PIEZO2,0.0112721855678834,,
FAF2,0.0112721855678834,,
MFGE8,0.0112721855678834,0.25,
C5ORF34,0.0112721855678834,,
S100A3,0.0112671551342262,,
ALDH1A3,0.0112665933643752,,
SLC14A2,0.0112633567157992,,
MZB1,0.0112610981722428,,
CD151,0.0112562605311744,,
ARHGEF39,0.0112413872466596,,
COL11A2,0.0112387812474069,1.0,
MIR32,0.0112336355895108,,
EGR2,0.0112208550325105,,
KCNIP3,0.0112208550325105,,
RORC,0.0112171592339636,0.25,
SCD5,0.0112050064588569,,
RHAG,0.0112029920062007,,
INAVA,0.0111899685274463,,
RTN4RL2,0.0111850947865139,,
HSPA1B,0.0111748630201718,0.75,
KCND2,0.011159258390063,1.0,
HLA-G,0.0111540939096674,,
LTA4H,0.0111489922829885,0.5,
DRD2,0.0111387261759139,1.0,
LRRFIP1,0.0111334702442918,,
GSTA1,0.0111284600688393,,
COPA,0.0111243536260095,,
HOXB2,0.0111157300960668,,
FDCSP,0.0111105119027144,,
LIAS,0.0110976993301647,,
CNGB1,0.011087395640541,,
TRIM73,0.011087395640541,,
OLFML2B,0.011087395640541,,
LINC01128,0.011087395640541,,
FAM3D,0.011087395640541,,
C5AR2,0.011087395640541,,
IPO11,0.011087395640541,,
USP48,0.011087395640541,,
FAM27E5,0.011087395640541,,
TTI1,0.011087395640541,,
INPP5D,0.011087395640541,0.75,
SLC25A32,0.011087395640541,,
ALDH6A1,0.011087395640541,,
PSMF1,0.011087395640541,,
CST7,0.011087395640541,,
CYFIP1,0.011087395640541,,
HCRT,0.011087395640541,,
CALB1,0.011087395640541,,
RAET1L,0.011087395640541,,
POPDC3,0.011087395640541,,
SAV1,0.011087395640541,,
ADO,0.011087395640541,,
TLX2,0.011087395640541,,
FER1L5,0.011087395640541,,
CHD3,0.011087395640541,,
DNAJC9,0.011087395640541,,
PI4K2A,0.011087395640541,,
APPBP2,0.011087395640541,,
ATG13,0.011087395640541,,
CASTOR2,0.011087395640541,,
ZGRF1,0.011087395640541,,
ADA2,0.011087395640541,,
FBXL3,0.011087395640541,,
WTIP,0.011087395640541,,
APOF,0.011087395640541,,
PSPC1,0.011087395640541,,
EMSLR,0.011087395640541,,
COP1,0.011087395640541,,
RIOK3,0.011087395640541,,
PRRT3,0.011087395640541,,
CRYBG3,0.011087395640541,,
KISS1R,0.011087395640541,,
MIR155,0.011087395640541,,
KCNJ14,0.011087395640541,,
CTU2,0.011087395640541,,
ITFG1,0.011087395640541,,
FHL3,0.011087395640541,,
EDA,0.011087395640541,,
NUDT5,0.011087395640541,,
NLRC5,0.011087395640541,,
LINC00973,0.011087395640541,,
RHOG,0.011087395640541,,
MYBPH,0.0110843032376753,,
FIRRM,0.0110822625870037,,
PLXNB2,0.0110668634263919,,
TSPO,0.0110592665071567,1.0,
LCAL1,0.0110494795499301,,
TSPAN8,0.0110468262557511,,
NTM,0.0110443871770756,,
LAPTM5,0.0110423755765927,,
IVL,0.0110336012394702,,
RDX,0.0110287205480556,,
LINC00607,0.0110130690253211,,
PTRH2,0.0110130690253211,,
H3C10,0.0110087121627326,,
BRAFP1,0.0110067040389348,,
SEMA3D,0.0110051199394868,,
VRK1,0.0110038968057101,,
IGHA1,0.0109939740661624,,
JCHAIN,0.0109898676233325,,
PCGF5,0.0109857611805027,,
DSC3,0.0109849398919367,,
CABCOCO1,0.0109810154595864,,
ARHGDIA,0.0109720045970228,,
H3C6,0.0109618139798463,,
GIPC2,0.0109617384899482,,
DISP1,0.0109617384899482,,
ATP13A4,0.010945126288203,,
TULP2,0.010943670141497,,
CMAHP,0.010943670141497,,
SDK1,0.010943670141497,,
JSRP1,0.010925824514451,,
HDAC5,0.0109226174391244,1.0,
EIF2AK2,0.0109214827794725,,
MAT2A,0.0109200455244821,,
H3C1,0.0109199119142737,,
ASPHD1,0.0109158729158055,,
PPHLN1,0.0109091760217264,,
DHRS4,0.0109091760217264,,
EDARADD,0.0109091760217264,,
DNAJC12,0.0109049542032448,,
MED15,0.0109026057131987,,
CPT1C,0.0109026057131987,,
TIMD4,0.0109026057131987,,
PBXIP1,0.0109026057131987,,
CAPG,0.0109003222946153,,
EIF3M,0.0108820734990495,,
HDLBP,0.0108820734990495,,
TRPC1,0.0108820734990495,,
RASA2,0.0108820734990495,,
PRSS8,0.0108813353965338,,
FAM215A,0.0108718073919749,,
ZFYVE9,0.0108656477277302,,
MAP3K3,0.0108615412849004,,
PRSS22,0.0108602862115174,,
CXADR,0.010859383340959,,
DEFB1,0.0108466958974984,,
CMPK1,0.0108392345410821,,
C1QB,0.0108368279263016,,
PAWR,0.0108153438030648,,
VCL,0.0108103441902358,,
CST6,0.0108084691429042,,
CIMIP1,0.0108084120343004,,
CHKB,0.0108037183530782,,
H1-4,0.0107940152601631,,
NMU,0.0107826219332172,,
MSTN,0.0107794124283038,0.75,
ABO,0.0107588802141546,,
BTNL8,0.0107436863756842,,
PCP4,0.0107363607887072,,
NOS1,0.0107331200783246,0.75,
MIR145,0.0107285072916743,,
RALA,0.0107178157858563,,
FARP1,0.0107178157858563,,
SOX1,0.0107178157858563,,
DENND1C,0.0107178157858563,,
CST4,0.0107178157858563,,
MIR600HG,0.0107178157858563,,
PRMT3,0.0107178157858563,,
PDSS1,0.0107178157858563,,
PTGER4,0.0107003030411022,1.0,
CERS4,0.0106972835717072,,
CDK13,0.0106972835717072,0.5,
TNFSF13,0.0106798762601279,0.75,
P4HA3,0.0106789118119752,,
COL22A1,0.010676751357558,,
S100B,0.0106647098826469,,
PIM2,0.0106635362035212,0.25,
DUSP1,0.0106303451203105,,
MEF2A,0.0105961845048637,,
TNFRSF18,0.0105955338798548,0.5,
P2RX5,0.0105818925281889,,
CYP2D6,0.0105740902868123,,
COL14A1,0.0105740902868123,,
RGS9,0.010555200649795,,
H3C4,0.0105550132331424,,
H3C8,0.0105550132331424,,
H3C3,0.0105550132331424,,
H3C7,0.0105550132331424,,
ZBBX,0.0105431223977434,,
YTHDC1,0.0105366624950947,,
AZIN1,0.010533025858514,,
SEPTIN2,0.010533025858514,,
SIGLEC9,0.010533025858514,,
CCL1,0.010533025858514,,
LTB4R,0.010533025858514,0.75,
SLC25A17,0.010533025858514,,
KCNE1,0.010533025858514,,
VASH1,0.010533025858514,,
BOP1,0.010533025858514,,
IL17C,0.010533025858514,,
SMARCAL1,0.010533025858514,,
KRTAP8-1,0.010533025858514,,
MED13L,0.010533025858514,,
OLFML2A,0.010533025858514,,
LRCH1,0.010533025858514,,
TMEM245,0.010533025858514,,
MCRIP2,0.010533025858514,,
PYCR3,0.010533025858514,,
RFLNB,0.010533025858514,,
GABPB1-IT1,0.010533025858514,,
CDKN1C,0.0105311776031516,,
SCN1A,0.010523475197991,1.0,
DNAH14,0.0105108510672329,,
FREM2,0.010507651798437,,
ASS1,0.0104978038622181,,
RPL39L,0.0104900811250927,,
OVCH1,0.0104868283766784,,
CD46,0.0104866061638648,,
EOGT,0.0104784489827747,,
LAMP1,0.010471634538208,,
KCNA5,0.0104714292160665,1.0,
NR1I3,0.0104691290028238,,
THRA,0.0104685065300793,1.0,
CACNA1A,0.0104638322968313,1.0,
RBM15B,0.0104580987498116,,
SLC6A14,0.0104557198577089,,
SPTA1,0.0104534321018276,,
GGTA1,0.0104531873151871,,
EMP1,0.010450085362522,,
PSMA6,0.0104396042841353,1.0,
TRAF2,0.010434938279877,,
CXADRP1,0.0104335118966467,,
SPG7,0.0104335118966467,,
ARR3,0.0104335118966467,,
MEST,0.0104224021835979,,
FBXO17,0.0104200986806936,,
CD3E,0.0104152715489129,1.0,
SREBF2-AS1,0.0104098325736191,,
RBMS2,0.0104092166071946,,
GLB1L3,0.0104079328009629,,
CALML3,0.0103893003594699,,
VSIG2,0.010380504367383,,
LURAP1L,0.010363019125359,,
NEGR1,0.010363019125359,,
TNFAIP2,0.0103482359311716,,
REG3A,0.0103482359311716,,
CADPS,0.0103482359311716,,
FAM66A,0.0103482359311716,,
LINC02747,0.0103482359311716,,
KRT17P3,0.0103482359311716,,
WDR82,0.0103482359311716,,
UPK1A,0.0103482359311716,,
EGFLAM,0.0103482359311716,,
SLC9A4,0.0103482359311716,,
ZNF514,0.0103482359311716,,
AKIRIN1,0.0103482359311716,,
RFXAP,0.0103482359311716,,
VPS51,0.0103482359311716,,
DDX23,0.0103482359311716,,
TBC1D24,0.0103482359311716,,
CXORF38,0.0103482359311716,,
LRRC42,0.0103482359311716,,
DGKZ,0.0103482359311716,,
KCNC4,0.0103482359311716,1.0,
NKX2-5,0.0103482359311716,,
IL3RA,0.0103300314510271,1.0,
MAPRE3,0.0103277037170225,,
SLC11A2,0.0103277037170225,,
LINC01798,0.0103277037170225,,
H2BC26,0.0103249053735589,,
PLOD3,0.0103225706634852,,
RGS22,0.0103197281182693,,
KLK13,0.0103174376099479,,
GNAI3,0.0103071715028733,,
SNRK,0.010297878814478,,
SYP,0.0102917723422614,,
DDOST,0.0102891250939963,,
PAIP2,0.0102770332533724,,
CCN1,0.010271127965294,,
CTSK,0.0102687762624144,0.75,
UGT1A1,0.0102609740210377,,
NEK1,0.0102597853874159,,
DPYSL5,0.0102521451689536,,
ELAPOR1,0.010249717110955,,
OR5P3,0.0102464342046111,,
KIF26B,0.0102447535718599,,
PAQR5,0.0102447535718599,,
GCNT4,0.0102447535718599,,
P2RX2,0.0102424824575601,,
MED19,0.0102353087533513,,
MUC20,0.0102328448876534,,
UROD,0.0102250426462767,,
FLG,0.0102179236480806,,
GH1,0.0102174457270415,,
ASF1A,0.0102143533241758,,
TXNDC5,0.0102045104321276,,
NDC1,0.0102045104321276,,
SSB,0.0102045104321276,,
SLC12A9,0.0101993773785903,,
SLC25A4,0.0101968043394223,,
MLPH,0.0101867895419736,,
CNN1,0.0101799446699401,,
CASQ2,0.0101792803682212,,
BPNT2,0.0101788451644411,,
ADGRE3,0.0101782291980166,,
LAMB3,0.0101757527615754,1.0,
IL20,0.0101634460038293,0.5,
ACHE,0.0101634460038293,1.0,
DYNLT3,0.0101634460038293,,
MB,0.0101634460038293,,
TXN2,0.0101634460038293,,
NOL7,0.0101634460038293,,
ERGIC3,0.0101531798967547,,
NRP2,0.0101527566817283,,
EIF2AK1,0.0101486628096419,,
PTS,0.0101429137896801,,
RCHY1,0.0101429137896801,,
USH2A,0.0101415438114458,,
KSR1,0.0101326476826055,,
TNFSF15,0.0101316210718981,,
CSMD1,0.0101316210718981,,
HP,0.0101310979462007,,
ANGPTL2,0.0101289518840587,,
LMBRD1,0.0101274957235472,,
SPNS2,0.0101146888157256,,
TP53BP1,0.0101142587801987,,
UNG,0.0101110888577489,,
LINC02598,0.0100936239049788,,
MR1,0.0100936239049788,,
PRPF31,0.0100936239049788,,
MANEAL,0.0100936000310613,,
TG,0.0100874704791524,,
PSPH,0.0100870802288043,,
NSUN6,0.0100815224693741,,
MERTK,0.0100710510401581,0.5,
HNRNPM,0.0100659179866208,,
KBTBD11,0.0100626696127368,,
PLCXD3,0.0100599636445175,,
ZBTB4,0.0100505188260089,,
PSMA7,0.0100505188260089,1.0,
IFI44,0.0100505188260089,,
HLA-E,0.010050010794863,,
GOLT1B,0.0100402527189343,,
KRT1,0.0100402527189343,,
SLC24A4,0.0100402527189343,,
ANO5,0.0100377888532365,,
STAC,0.0100377888532365,,
RAPGEF5,0.0100377888532365,,
MTARC2,0.0100377888532365,,
IGLV9-49,0.0100377888532365,,
EPB41L5,0.0100377888532365,,
LRRC49,0.0100377888532365,,
H2AC15,0.0100377888532365,,
SNX25,0.0100377888532365,,
DESI2,0.0100299866118598,,
ENKUR,0.0100189068024173,,
PRDM16-DT,0.0099889221835615,,
C4BPA,0.0099863269656863,,
MARCHF9,0.0099786560764869,,
SLC5A5,0.0099786560764869,,
CCT7,0.0099786560764869,,
TNIP2,0.0099786560764869,,
UBE2D2,0.0099786560764869,,
LINC00691,0.0099786560764869,,
CD22,0.0099786560764869,1.0,
CCDC50,0.0099786560764869,,
KDM5D,0.0099581238623378,,
ATP5F1A,0.0099581238623378,,
PIK3R5,0.0099581238623378,0.75,
MDH2,0.0099581238623378,,
PLB1,0.0099581238623378,,
PCSK1,0.0099581131575304,,
STK32A,0.0099507688186725,,
LRRN4,0.0099371591227226,,
PAPSS1,0.0099351277824907,,
TIPARP,0.00992636479176,,
TSPAN6,0.0098853646123808,,
PPP1R3C,0.0098836751100824,,
GLB1L2,0.009878869515722,,
IGKV5-2,0.009878827927444,,
CDR1,0.0098632650329687,,
CHGA,0.0098478658723568,,
S100A1,0.0098437782689768,,
FCGR2A,0.0098349305774429,,
CKMT1A,0.0098331967396355,,
FAM241A,0.009830824134613,,
CCNDBP1,0.009830824134613,,
TNFRSF13C,0.0098146036854352,0.75,
TMBIM4,0.0098143983632937,,
CCDC66,0.0098123147343958,,
ITM2B,0.0098120752597671,,
AICDA,0.0098072261666403,,
HAND2,0.0098016683905212,,
BTRC,0.0098016683905212,,
ATP5PF,0.0097938661491445,,
SLITRK3,0.0097938661491445,,
MRPS12,0.0097938661491445,,
OASL,0.0097938661491445,,
ATP5MC2,0.0097938661491445,,
ACVR2B,0.0097938661491445,1.0,
CHRM3,0.0097938661491445,1.0,
MRPL22,0.0097938661491445,,
ATP5MC1,0.0097938661491445,,
MAP1LC3C,0.0097938661491445,,
ALPG,0.0097938661491445,,
LINC00639,0.0097938661491445,,
STK17B,0.0097938661491445,,
TCP10L2,0.0097938661491445,,
CREM,0.0097938661491445,,
MRPL28,0.0097938661491445,,
LAT2,0.0097938661491445,,
MMP8,0.0097938661491445,1.0,
P2RY12,0.009774142652818,1.0,
XCL2,0.0097554709086856,,
WLS,0.0097510439119002,,
SIX4,0.0097437194667836,,
CHMP7,0.0097425356137717,,
IFIT1,0.0097334207639747,,
VARS1,0.0097273417753013,,
GALC,0.0097239526075851,,
H2AC21,0.0097087182408269,,
SLU7,0.0096831142752385,,
SLC46A2,0.0096704505631623,,
PRDM9,0.0096703240597897,,
FCER1A,0.009669534489349,,
MT1E,0.00965328711457,,
UCK2,0.0096366218631824,,
SMYD3,0.0096265160330856,,
H2BC13,0.009619099576538,,
NHSL1,0.009618682198302,,
CLEC12B,0.0096090762218022,,
RPS3,0.0096090762218022,1.0,
IGKV1-27,0.0096090762218022,,
PTH2R,0.0096090762218022,,
ZC3HC1,0.0096090762218022,,
LINC00710,0.0096090762218022,,
TRIM11,0.0096090762218022,,
HERC4,0.0096090762218022,,
CLNK,0.0096090762218022,,
TMEM182,0.0096090762218022,,
LRRN2,0.0096090762218022,,
NR6A1,0.0096090762218022,,
PRKCA-AS1,0.0096090762218022,,
MYDGF,0.0096090762218022,,
FAM230B,0.0096090762218022,,
TAS2R62P,0.0096090762218022,,
HACL2,0.0096090762218022,,
RPL26L1,0.0096090762218022,,
GPR132,0.0096090762218022,,
CLEC11A,0.0096090762218022,,
FOXN1,0.0096090762218022,,
BAIAP2,0.0096090762218022,,
IPP,0.0096090762218022,,
COPS8,0.0096090762218022,,
IL17B,0.0096090762218022,,
OGDH,0.0096039431682649,,
DNASE1,0.0096039431682649,,
GZMK,0.0096037152144647,,
PDPK1,0.009588544007653,0.5,
HOXB8,0.0095782779005785,,
FOLH1,0.0095781398551931,1.0,
LTA,0.009577251289871,0.5,
IL13,0.0095743415063817,1.0,
DESI1,0.0095728627158747,,
PFKL,0.0095577456864293,,
H2BC12L,0.0095577456864293,,
ULK2,0.0095577456864293,,
LHFPL3,0.0095474795793547,,
MPPE1,0.009531417345699,,
CCL8,0.0095193504459704,,
BTLA,0.0095135008426488,,
DSC2,0.0095115482045937,,
RPL4,0.0095115482045937,1.0,
ECHDC1,0.0095000838697648,,
NUCKS1,0.0094961490439819,,
KCNJ4,0.0094961490439819,,
MSI1,0.0094858829369073,,
AP2A1,0.0094858829369073,,
SERPINF2,0.0094858829369073,,
CCDC181,0.0094858829369073,,
RNASEL,0.0094858829369073,,
APCDD1,0.0094855419633223,,
CBR3,0.0094731529641348,,
NFASC,0.009470278613789,,
DIO2,0.0094653507227581,,
TPTE,0.0094653507227581,,
GIMAP2,0.0094625925446981,,
CSTA,0.0094546179650948,,
ATP6V1C1,0.0094406502160147,,
CNKSR2,0.0094405094514241,,
CACNA2D3,0.0094390694886472,1.0,
MAGI1,0.0094390694886472,,
GFAP,0.0094385199014809,,
CD5,0.0094242862944598,0.5,
NFKBIZ,0.0094242862944598,,
RBMX2,0.0094242862944598,,
ACTR3B,0.0094242862944598,,
ACTR3C,0.0094242862944598,,
CLGN,0.0094242862944598,,
RPS16,0.0094242862944598,1.0,
GPR18,0.0094242862944598,,
OSR1,0.0094242862944598,,
IK,0.0094242862944598,,
ACTR10,0.0094242862944598,,
SLC17A9,0.0094242862944598,,
NAALADL2,0.0094168946973662,,
MAP3K14,0.0094116585115855,,
H2BC6,0.0094065961514283,,
LSM2,0.0094037540803107,,
EIF5AL1,0.0094037540803107,,
AGXT,0.0094037540803107,,
SCAMP1,0.0094037540803107,,
EIF4G3,0.0094004413877506,,
LINC01537,0.0093934879732361,,
UMODL1,0.0093934879732361,,
CISH,0.0093933499278507,,
PTGIS,0.0093904746369653,,
INHBB,0.0093838374682696,,
VTN,0.009372955759087,,
P2RX4,0.0093704918933891,,
P2RX5-TAX1BP3,0.0093704918933891,,
P2RY2,0.0093704918933891,1.0,
P2RX3,0.0093704918933891,1.0,
P2RX6,0.0093704918933891,,
TLK1,0.0093554448636552,,
ARRDC2,0.0093458434598708,,
PLCB4,0.0093446560306725,,
PLA2G2A,0.0093432513253268,0.75,
CILK1,0.0093358357507041,,
PIWIL4,0.0093314681157623,,
XCL1,0.0093308647200812,,
UNC13B,0.0093276497127757,,
CSNK1E,0.0093267582772514,1.0,
PJVK,0.0093267582772514,,
CTSS,0.0093224339415367,0.5,
DCDC2,0.0093208039351481,,
CDON,0.0093208039351481,,
CAPS2,0.0093208039351481,,
SPATA6,0.0093208039351481,,
DNM3,0.0093208039351481,,
PHACTR1,0.0093208039351481,,
ARRDC4,0.0093208039351481,,
REPS2,0.0093208039351481,,
FAM229B,0.0093208039351481,,
IGKV1OR2-108,0.0093208039351481,,
LAMA4,0.0093086670217419,1.0,
ADCY4,0.0093077885017453,,
TNFRSF8,0.0093061946362438,1.0,
AKR1C3,0.0093061946362438,,
CD99,0.009305051340375,,
NAV3,0.0092942757092094,,
ZUP1,0.0092942757092094,,
SMAD5,0.0092832299832552,,
ATG16L1,0.0092805607954158,,
GJB1,0.0092805607954158,,
SNRPE,0.0092805607954158,,
TTN-AS1,0.0092678308226433,,
GCSH,0.00926093996016,,
CCDC167,0.009255267987661,,
NT5DC2,0.0092548955277294,,
TNFRSF13B,0.0092529261112702,,
LSM4,0.0092394963671175,,
HAX1,0.0092394963671175,,
DDX24,0.0092394963671175,,
GTF2H2,0.0092394963671175,,
BCAM,0.0092394963671175,,
H3P33,0.0092394963671175,,
FGF22,0.0092394963671175,,
NTMT1,0.0092394963671175,,
LRRC19,0.0092394963671175,,
CLDN9,0.0092394963671175,,
PIK3C2A,0.0092394963671175,,
ADI1,0.0092394963671175,,
L3MBTL1,0.0092394963671175,,
HPN,0.0092394963671175,,
IGFLR1,0.0092394963671175,,
SRBD1,0.0092394963671175,,
PIM3,0.0092394963671175,0.25,
LIG1,0.0092394963671175,,
ZNF300,0.0092394963671175,,
MCRS1,0.0092394963671175,,
UPF3B,0.0092394963671175,,
BAIAP2L1,0.0092394963671175,,
JPX,0.0092394963671175,,
TNFSF13B,0.0092378412192422,1.0,
BIK,0.0092347155546589,,
LRRC15,0.0092249175035122,,
AMOTL1,0.0092247131729301,,
ROMO1,0.0092240972065056,,
BLTP3A,0.0092189641529683,,
FMO5,0.0092173652235281,,
SLC19A2,0.0092015264493025,,
IL21,0.0091957282151038,0.5,
FAM30A,0.0091915704662683,,
CD1A,0.0091892246442716,,
PRMT9,0.0091881658317446,,
XIRP2,0.0091877426167183,,
SIK1,0.0091799403753416,,
MROH6,0.0091696883348976,,
POU2F3,0.0091672104025691,,
LBX1,0.0091671077414984,,
DKK2,0.0091632561903528,,
TERC,0.0091607427551121,,
HGD,0.0091497162661994,,
TLR10,0.0091460747927389,,
IFI30,0.0091460747927389,,
BCO1,0.0091271998790406,,
EPHA8,0.0091165084043641,1.0,
NR1H4,0.0091163030822226,1.0,
DNM1,0.0091163030822226,,
PF4,0.0091145452732766,,
CST3,0.0091122859252663,,
TUBA1A,0.0091063098021286,1.0,
WNT7B,0.0091035731094501,,
CASP10,0.0090957708680734,0.5,
GCLM,0.0090957708680734,,
CDH18,0.0090957708680734,,
UCP2,0.0090914465323588,,
ITGA1,0.0090908431366777,,
NNT,0.0090902898368166,,
RSPH4A,0.0090884768820746,,
LMO3,0.0090869420159893,,
RFTN2,0.0090811323251964,,
RETREG1,0.0090777365649765,,
RIMS2,0.0090727747882264,,
DSTN,0.009063999563701,,
GLO1,0.0090547064397751,,
PTBP2,0.0090547064397751,,
WNT8B,0.0090547064397751,,
DDX54,0.0090547064397751,,
UBE2D4,0.0090547064397751,,
LDLRAD3,0.0090547064397751,,
OPRD1,0.0090547064397751,1.0,
TMOD3,0.0090547064397751,,
PDK3,0.0090547064397751,0.75,
TACR3,0.0090547064397751,1.0,
SPATS2L,0.0090547064397751,,
GSK3A,0.0090547064397751,1.0,
TRPC3,0.0090495733862379,,
CD59,0.0090467006055039,,
NEO1,0.009044708812231,,
RTL1,0.0090419764670027,,
DONSON,0.0090302166975555,,
H2AC4,0.0090177484543067,,
FMR1,0.0090163111993162,,
SIAH1,0.0090136420114768,,
ATP10B,0.0090035297237526,,
SPATA18,0.0090034805869826,,
TMEFF1,0.0090033759044023,,
PLPP1,0.0090033759044023,,
LY96,0.0089907046295461,0.75,
F9,0.0089855128780925,1.0,
H2BC10,0.0089830024253696,,
UST,0.0089770946702914,,
ETFA,0.0089649806639434,,
SEC24D,0.0089642771172982,,
SPHKAP,0.0089571784225667,,
CXCL6,0.0089571784225667,,
EPHB1,0.0089534826240198,1.0,
HPSE,0.0089239162356451,0.75,
SGPP2,0.0089228914446193,,
NFS1,0.008920924847644,,
STK36,0.0089187831821078,,
PAQR4,0.0089109809407311,,
OVOL1,0.0089068921062586,,
RORB,0.0088899228504849,,
MROH9,0.0088822046166016,,
EVI2B,0.0088799498568275,,
FUNDC1,0.0088777187538095,,
RIPOR2,0.0088743269681342,,
PDC,0.0088722423327453,,
ITPRID2,0.008871456428494,,
RAPGEF3,0.0088699165124328,,
ARPC5,0.0088699165124328,,
ZNF540,0.0088699165124328,,
COX11,0.0088699165124328,,
MCM3AP,0.0088699165124328,,
EGR3,0.0088699165124328,,
SREBF2,0.0088699165124328,,
DMTF1,0.0088699165124328,,
MAGOH,0.0088699165124328,,
TRIM38,0.0088699165124328,,
LINC00254,0.0088699165124328,,
KDELR2,0.0088699165124328,,
DHX36,0.0088699165124328,,
ASIC4,0.0088699165124328,,
MRPL27,0.0088699165124328,,
FKBPL,0.0088699165124328,,
MTNR1B,0.0088699165124328,1.0,
GNGT2,0.0088699165124328,,
LINC00997,0.0088699165124328,,
ITIH2,0.0088699165124328,,
RAB13,0.0088699165124328,,
GULP1,0.0088699165124328,,
MRPS9,0.0088699165124328,,
CYB5R3,0.0088699165124328,,
NMT1,0.0088699165124328,,
CDHR2,0.0088699165124328,,
ASIC3,0.0088699165124328,,
GBA1,0.0088699165124328,0.5,
UGT2B15,0.0088699165124328,,
RNF212B,0.0088699165124328,,
HEATR6,0.0088699165124328,,
OXTR,0.0088699165124328,1.0,
PSENEN,0.0088699165124328,1.0,
ZKSCAN7,0.0088699165124328,,
RPL38,0.0088699165124328,1.0,
MRPL17,0.0088699165124328,,
SLC26A11,0.0088699165124328,,
UBE2Z,0.0088699165124328,,
CIAPIN1,0.0088699165124328,,
SCN9A,0.0088699165124328,1.0,
ERAP2,0.0088699165124328,0.5,
TSIX,0.0088699165124328,,
CLDN15,0.0088699165124328,,
NREP,0.0088699165124328,,
SFSPAT,0.0088699165124328,,
MYOZ1,0.0088699165124328,,
GDNF,0.0088699165124328,,
GPRASP3,0.0088699165124328,,
MEF2B,0.0088699165124328,,
POU2F1,0.0088699165124328,,
PDIA3P1,0.0088699165124328,,
SEPTIN7,0.0088699165124328,,
ARMCX5-GPRASP2,0.0088699165124328,,
VMP1,0.0088689257242681,,
DNASE2B,0.0088647834588955,,
PHB2,0.0088647834588955,,
IQUB,0.0088582468580457,,
DNER,0.0088539914757238,,
EXOSC9,0.0088493842982836,,
DNAJC10,0.0088461670959675,,
GDE1,0.0088425677752216,,
RASSF5,0.0088391181912091,,
PLSCR1,0.0088391181912091,,
HOXB6,0.0088391181912091,,
WWC1,0.0088391181912091,,
PODNL1,0.0088388899651731,,
GJB6,0.0088366543255112,,
RARB,0.0088366543255112,1.0,
OSBPL6,0.0088320976056827,,
SMAD1,0.0088311254176662,,
CNPY2,0.0088288520841345,,
OTX1,0.0088185859770599,,
RAC2,0.0088185859770599,,
PSMD3,0.0088185859770599,1.0,
ACAN,0.0088066647221101,,
VLDLR,0.0088007229507502,,
TMBIM6,0.0088007229507502,,
ADGRV1,0.0087992016407033,,
NCF2,0.0087894475438987,,
TPBG,0.008786838163655,0.5,
TRAF1,0.0087826546022989,,
TLE3,0.0087826546022989,,
SCARA5,0.0087826546022989,,
KCNE4,0.0087633068235325,,
VAMP2,0.0087569893346125,1.0,
GNAZ,0.0087368083344503,,
MCOLN2,0.0087364571204633,,
UBQLN4,0.0087364571204633,,
FGF1,0.0087364571204633,0.75,
CYP1A2,0.0087354305097559,,
CHST9,0.0087352247385369,,
LAMC3,0.0087299719077237,1.0,
PLEKHA1,0.0087294761676526,,
TOMM20,0.0087261910133887,,
MBNL2,0.0087261910133887,,
BAG3,0.0087261910133887,,
TH,0.0087261910133887,1.0,
MYOCD,0.0087261910133887,,
KLB,0.0087261910133887,0.5,
SIRT4,0.0087261910133887,,
GJA3,0.0087261910133887,,
PI15,0.0087261910133887,,
CHD6,0.0087261910133887,,
CSRP1,0.0087248958187808,,
MAP2,0.0087218944339591,,
GABRP,0.0087215119655006,1.0,
SHANK3,0.0087169630536291,,
CRACD,0.0087005257457023,,
IL7,0.0087005257457023,,
C2,0.0087005257457023,,
C1ORF54,0.0086976508651908,,
TRPS1,0.0086962014099876,,
LMOD1,0.0086956948457324,,
SEC14L1,0.0086866107572023,,
OSMR,0.0086852361012053,0.5,
PTPRQ,0.0086851265850904,,
CCNA1,0.0086851265850904,,
MTNR1A,0.0086851265850904,1.0,
PRMT7,0.0086851265850904,,
CD6,0.0086851265850904,0.75,
CRHBP,0.0086851265850904,,
MT1JP,0.0086851265850904,,
DHODH,0.0086851265850904,1.0,
TP53AIP1,0.0086851265850904,,
LNCTSI,0.0086851265850904,,
ISCU,0.0086851265850904,,
H2BC12,0.0086851265850904,,
TBC1D16,0.0086645943709413,,
LRP10,0.0086645943709413,,
KDM4B,0.0086645943709413,,
KHSRP,0.0086645943709413,,
HAS1,0.0086645943709413,,
CHD1L,0.0086543282638667,,
DOT1L,0.0086543282638667,,
TBXA2R,0.0086543282638667,1.0,
LGI3,0.008648168599622,,
PRKCE,0.0086454994117826,1.0,
CPM,0.0086440895201531,,
VCAM1,0.0086440621567921,,
IGFBP5,0.0086440621567921,,
IRF2,0.0086440621567921,,
IGHD2-15,0.0086440621567921,,
FIGNL1,0.0086348667248303,,
ERVW-1,0.008612920461756,0.5,
RAB14,0.0086102064313324,,
MC1R,0.0086075869219168,1.0,
ABCC8,0.0085999053256281,1.0,
CNOT8,0.0085987844605026,,
TRA2B,0.0085978646749566,,
STK39,0.0085942864948491,,
FOXD1,0.0085721994072701,,
CRABP1,0.0085721994072701,,
C4B,0.0085721994072701,,
EHMT1,0.0085721994072701,,
DLL4,0.0085721994072701,0.5,
IFIH1,0.0085721994072701,,
PTPRE,0.0085721994072701,,
CEP72,0.0085721994072701,,
GTF3A,0.0085697355415722,,
PTPRS,0.0085619333001955,,
CASP7,0.0085619333001955,0.5,
CCNG1,0.0085619333001955,,
CSH2,0.0085619333001955,,
RB1CC1,0.0085619333001955,,
TAC1,0.0085619333001955,,
PODXL2,0.0085619333001955,,
GABRQ,0.0085619333001955,1.0,
IGSF8,0.0085414010860464,,
UBXN11,0.0085286711132739,,
LINC-ROR,0.0085177764690315,,
LRIF1,0.0085155633231182,,
ZNF704,0.0085151198519355,,
BEND7,0.0085151198519355,,
FRMD4B,0.0085151198519355,,
LNX2,0.0085151198519355,,
H2AC17,0.0085151198519355,,
SCAI,0.0085151198519355,,
ADGRB3,0.0085151198519355,,
NDST1,0.0085151198519355,,
MPDZ,0.0085151198519355,,
PGAP1,0.0085151198519355,,
CYP2B6,0.0085089878922806,,
BAGE2,0.0085003366577481,,
PPARGC1B,0.0085003366577481,,
KLF14,0.0085003366577481,,
PGM5P4,0.0085003366577481,,
MMP25,0.0085003366577481,,
ZP3,0.0085003366577481,,
MATR3,0.0085003366577481,,
ANKRD52,0.0085003366577481,,
DLG1,0.0085003366577481,,
BAMBI,0.0085003366577481,,
GADD45G,0.0085003366577481,,
RHCG,0.0085003366577481,,
AGK,0.0085003366577481,,
TMED4,0.0085003366577481,,
SLMAP,0.0084798044435989,,
VOPP1,0.0084798044435989,,
CHMP4A,0.0084798044435989,,
LMO7DN,0.0084798044435989,,
SLC26A4,0.0084798044435989,,
PLIN1,0.0084798044435989,,
LCAT,0.0084798044435989,,
REST,0.0084798044435989,,
RNF168,0.0084798044435989,,
PKNOX1,0.0084798044435989,,
AKIRIN2,0.0084798044435989,,
DCP1A,0.0084798044435989,,
HOXD9,0.0084798044435989,,
ZNF471,0.0084798044435989,,
CDKL1,0.0084798044435989,,
MAGEA8,0.0084798044435989,,
ATP5MK,0.0084798044435989,,
AP3B1,0.0084798044435989,,
IKBKE,0.0084798044435989,,
SLFN11,0.0084798044435989,,
DNAH6,0.0084768178810695,,
ANKRD17,0.0084593504622476,,
LYPD1,0.0084562270789544,,
ATL3,0.008452298426438,,
UAP1,0.0084465422566773,,
COLCA1,0.0084370848674254,,
TXNDC17,0.0084041019433084,,
CASKIN2,0.0084018388665483,,
DNAI4,0.0084014708809016,,
MLANA,0.0083771433728532,,
WDR17,0.0083613354985655,,
CYP4Z1,0.0083598963129679,,
SIGLEC6,0.008356611158704,,
NPTN,0.0083417940493827,,
PC,0.0083280193842552,,
MT-CYB,0.0083155467304057,,
SQOR,0.0083155467304057,,
PPP3CB,0.0083155467304057,,
HOOK1,0.0083155467304057,,
PES1,0.0083155467304057,,
TAF9,0.0083155467304057,,
HM13,0.0083155467304057,,
FAM83C,0.0083155467304057,,
SERTAD2,0.0083155467304057,,
SETD4,0.0083155467304057,,
NISCH,0.0083155467304057,1.0,
SPAG11B,0.0083155467304057,,
KIAA1549L,0.0083155467304057,,
PKP1,0.0083155467304057,,
PNCK,0.0083155467304057,,
FGFBP1,0.0083155467304057,,
ELOA,0.0083155467304057,,
USP21,0.0083155467304057,,
PLEKHA4,0.0083155467304057,,
MTF2,0.0083155467304057,,
CHODL,0.0083155467304057,,
IQGAP2,0.0083155467304057,,
SLC6A19,0.0083155467304057,,
RNMT,0.0083155467304057,,
PLEKHM2,0.0083155467304057,,
MILIP,0.0083155467304057,,
GGN,0.0083155467304057,,
PTGER1,0.0083155467304057,1.0,
STAR,0.0083155467304057,,
SEC14L2,0.0083155467304057,,
SNAI3,0.0083155467304057,,
RNF8,0.0083155467304057,,
FAM162A,0.0083155467304057,,
MARVELD1,0.0083155467304057,,
THUMPD1,0.0083155467304057,,
SUMO2,0.0083155467304057,,
GFI1,0.0083155467304057,,
LGALS7B,0.0083155467304057,,
HPX,0.0083155467304057,,
IGLC2,0.0083155467304057,,
VILL,0.0083155467304057,,
QSOX1,0.0083155467304057,,
LFNG,0.0083155467304057,,
ZNF454,0.0083155467304057,,
POU3F2,0.0083155467304057,,
PDCD2L,0.0083155467304057,,
PRPF19,0.0083155467304057,,
NCF4,0.0083155467304057,,
TSPAN14,0.0083155467304057,,
PAXIP1,0.0083155467304057,,
CPD,0.0083151730904385,,
KIR2DL3,0.0083067178783216,0.5,
APOB,0.0083042540126237,1.0,
ZNF667-AS1,0.0083032013564204,,
SNHG11,0.0082950145162566,,
TBP,0.008284748409182,,
SDSL,0.0082777666637044,,
CRLF1,0.0082695407162266,,
PTPRA,0.008261752329335,,
ALOX12B,0.008261752329335,,
B3GALT2,0.0082491042375871,,
PSMB1,0.0082436839808837,1.0,
CNRIP1,0.0082169377741328,,
SLAMF1,0.0082026195525854,,
NAE1,0.0082026195525854,0.75,
CDK5RAP3,0.0082026195525854,,
SEPHS1,0.0082026195525854,,
TNFRSF10C,0.0082012144030647,,
PABPC1L,0.008196424986923,,
CHRNA7,0.0081923534455108,0.75,
CGB5,0.0081923534455108,,
TM4SF1,0.0081847565262757,,
NPY,0.0081847565262757,,
SLC26A2,0.0081751063856256,,
HNRNPL,0.0081307568030634,,
TMX1,0.0081307568030634,,
NXF1,0.0081307568030634,,
SCAF11,0.0081307568030634,,
SMNDC1,0.0081307568030634,,
SYNGAP1,0.0081307568030634,,
NCAPD3,0.0081307568030634,,
CFHR5,0.0081307568030634,,
NHEG1,0.0081307568030634,,
H2BC3,0.0081307568030634,,
PICSAR,0.0081307568030634,,
KRT13,0.0081307568030634,,
MSC,0.0081307568030634,,
TTLL12,0.0081307568030634,,
ASCC3,0.0081307568030634,,
PRPS1,0.0081307568030634,,
ENSG00000260583,0.0081307568030634,,
PSMD10P1,0.0081307568030634,,
MRPS16,0.0081307568030634,,
KLK12,0.0081307568030634,,
SMARCD3,0.0081307568030634,,
CLEC4F,0.0081307568030634,,
ATP4B,0.0081307568030634,1.0,
CYB5A,0.008130450891856,,
KIAA1217,0.0081102245889142,,
PDIA2,0.0081102245889142,,
FLNB,0.0081102245889142,,
TPSB2,0.0081102245889142,,
BAG6,0.0081102245889142,,
CELF1,0.0081102245889142,,
ALDH3B2,0.0081102245889142,,
LLGL2,0.0081102245889142,,
VIP,0.0081102245889142,,
SLC5A1,0.0081091469966496,1.0,
MAP3K7,0.0080999584818397,,
SLC44A1,0.0080769624019926,,
LOXL4,0.0080769624019926,,
COL6A2,0.0080744972377898,1.0,
MAPKAPK5,0.0080564301878435,0.5,
LCA5,0.0080556238106084,,
PSMD10,0.0080178296252431,,
PLA2G6,0.0080178296252431,,
FDFT1,0.0080178296252431,0.75,
DEFA1,0.0080178296252431,,
KLK10,0.008005831010548,,
IFFO1,0.008005010444014,,
CHRM1,0.0079870313040193,1.0,
ZNF281,0.0079574592142391,,
MZT2A,0.007945966875721,,
UPRT,0.007945966875721,,
CSNK1A1L,0.007945966875721,,
MRFAP1L2,0.007945966875721,,
ADAM6,0.007945966875721,,
NIFK,0.007945966875721,,
TRNT1,0.007945966875721,,
PHF12,0.007945966875721,,
SCNN1A,0.007945966875721,1.0,
ITPRIP,0.007945966875721,,
BCAP31,0.007945966875721,,
RBL1,0.007945966875721,,
GMNN,0.007945966875721,,
MBTPS2,0.007945966875721,,
PLEK,0.0079408338221838,,
DTL,0.0079372206489445,,
DDX19A,0.0079254346615719,,
TYR,0.0079254346615719,1.0,
CYP4F26P,0.0079254346615719,,
IGLL5,0.0079254346615719,,
FOXR2,0.0079254346615719,,
AZIN2,0.0079254346615719,,
CDKN2B-AS1,0.0079254346615719,,
APH1A,0.0079254346615719,1.0,
DHX16,0.0079254346615719,,
GSTM3,0.0079254346615719,,
SLC39A4,0.0079254346615719,,
GJA8,0.0079254346615719,,
C11ORF86,0.0079254346615719,,
ZNF577,0.0079254346615719,,
KISS1,0.0079254346615719,,
RPL19,0.0079254346615719,1.0,
CFAP43,0.007923272849942,,
CD180,0.007896187545998,,
MBD4,0.0078921724746503,,
DIPK2B,0.0078868340989715,,
C8B,0.0078868340989715,,
POPDC1,0.0078868340989715,,
ENSG00000233251,0.0078868340989715,,
AIFM1,0.0078447784994889,,
MCPH1,0.0078357088857401,,
MAP6,0.0078330396979007,,
IL13RA2,0.0078227735908261,0.75,
CHSY3,0.0078227735908261,,
MAGI3,0.0078055265309409,,
CD101,0.0078055265309409,,
FAM167A,0.0078055265309409,,
ZDHHC15,0.0078055265309409,,
PLA2G5,0.0078055265309409,0.75,
CTSC,0.007791210423466,0.75,
IGKV4-1,0.0077860462125212,,
C6,0.0077825846495669,,
TNR,0.0077782530080408,,
NME5,0.007770321659998,,
USP40,0.0077611769483787,,
RMDN2,0.0077611769483787,,
RAE1,0.0077611769483787,,
NXPH4,0.0077611769483787,,
ALKBH8,0.0077611769483787,,
NEFM,0.0077611769483787,,
CFAP410,0.0077611769483787,,
ALKBH6,0.0077611769483787,,
BTN2A2,0.0077611769483787,,
RBM39,0.0077611769483787,,
SPANXB1,0.0077611769483787,,
PAIP1,0.0077611769483787,,
FLAD1,0.0077611769483787,,
AMIGO2,0.0077611769483787,,
GPHA2,0.0077611769483787,,
AGAP2,0.0077611769483787,,
AK3,0.0077611769483787,,
TRERF1,0.0077611769483787,,
TRIAP1,0.0077611769483787,,
TAAR1,0.0077611769483787,0.75,
NME2P1,0.0077611769483787,,
IHH,0.0077611769483787,,
H2BC11,0.0077611769483787,,
ERCC6,0.0077611769483787,,
PJA1,0.0077611769483787,,
HTRA1,0.0077611769483787,,
TNNI2,0.0077611769483787,0.75,
CPEB2,0.0077611769483787,,
AFF2,0.0077611769483787,,
MAP7,0.0077611769483787,,
IGLC3,0.0077611769483787,,
MCC,0.0077611769483787,,
MESD,0.0077611769483787,,
NAT8L,0.0077611769483787,,
BTN2A1,0.0077611769483787,,
CTXND1,0.0077611769483787,,
ATP6V0A2,0.0077611769483787,,
FRG1BP,0.0077611769483787,,
WSB1,0.0077611769483787,,
AGO1,0.0077611769483787,,
SORBS2,0.0077611769483787,,
SUCO,0.0077611769483787,,
DIO1,0.0077611769483787,1.0,
SPNS1,0.0077611769483787,,
PDLIM7,0.0077611769483787,,
IL9R,0.0077611769483787,,
BEAN1,0.0077411806838085,,
MAGEA10,0.0077406447342295,,
NPL,0.0077406447342295,,
NAT2,0.0077406447342295,,
THSD7B,0.0077406447342295,,
CPLX1,0.0077406447342295,,
ZNF385B,0.0077354571614322,,
MAN1A1,0.0077271272997362,,
SULT1B1,0.0077242189629102,,
EPB41L4A,0.0077242189629102,,
REEP1,0.0077242189629102,,
DYNC2H1,0.0077242189629102,,
SPRING1,0.0077242189629102,,
KANSL1L,0.0077242189629102,,
SEC22C,0.0077242189629102,,
COBL,0.0077242189629102,,
RAVER2,0.0077242189629102,,
ZNF597,0.0077242189629102,,
CC2D2A,0.0077242189629102,,
KLHDC1,0.0077242189629102,,
SELPLG,0.0077161107411786,0.5,
SCG5,0.0077153983269133,,
ZFP91,0.0077107349249924,,
TCAP,0.0077060212625978,,
ICOSLG,0.0076979251580559,0.5,
DHRS1,0.0076729494817887,,
VTRNA1-3,0.0076635880359224,,
MAN1C1,0.0076482749172776,,
OPRM1,0.0076482497705584,1.0,
MGAM,0.0076432957985545,1.0,
MNDA,0.0076303784537884,,
RPS15,0.0076266909457018,1.0,
FERMT3,0.0076174514493346,,
PPP1CA,0.0076021061223088,,
SHC3,0.0075957599871865,,
ARFGEF3,0.0075939149606583,,
KCNJ11,0.0075763870210363,1.0,
SIGLEC8,0.0075763870210363,0.75,
SNRPD3,0.0075763870210363,,
DHCR7,0.0075763870210363,,
PDE3B,0.0075763870210363,1.0,
SNORA12,0.0075763870210363,,
MEGF8,0.0075763870210363,,
AMD1,0.0075763870210363,,
SNHG5,0.0075763870210363,,
ST3GAL1,0.0075763870210363,,
AHCYL1,0.0075763870210363,,
LGSN,0.0075664932438644,,
SCN3A,0.0075586758395102,1.0,
SIGLEC7,0.0075455886998126,,
FGD3,0.0075455886998126,,
CHI3L2,0.0075214163794694,,
CD302,0.0075121538024701,,
SHE,0.0075073421148319,,
DNAH12,0.0075007053419752,,
KNG1,0.0074880955903007,,
CPEB1,0.0074531937361414,,
SERPINA5,0.0074429276290669,,
EEF1AKMT4,0.0074421773990751,,
H2BC8,0.0074340185232764,,
ARMC1,0.0074281166697266,,
TMEM126B,0.007391597093694,,
VCPIP1,0.007391597093694,,
FCRL2,0.007391597093694,,
MED20,0.007391597093694,,
ANXA8L1,0.007391597093694,,
PIK3C3,0.007391597093694,,
NCK1,0.007391597093694,,
EPN1,0.007391597093694,,
LINC01415,0.007391597093694,,
UBE2W,0.007391597093694,,
PDE12,0.007391597093694,,
RING1,0.007391597093694,,
TYRO3,0.007391597093694,,
TRAPPC9,0.007391597093694,,
KLHL3,0.007391597093694,,
ZNF333,0.007391597093694,,
IKBKG,0.007391597093694,,
ZNF781,0.007391597093694,,
MARCHF3,0.007391597093694,,
EIF4EBP2,0.007391597093694,,
CTPS1,0.007391597093694,,
ZFP1,0.007391597093694,,
FCRLB,0.007391597093694,,
NAT1,0.007391597093694,,
LHCGR,0.007391597093694,1.0,
ZSWIM5,0.007391597093694,,
RHEBL1,0.007391597093694,,
CYB561,0.007391597093694,,
RNY4,0.007391597093694,,
SMYD1,0.007391597093694,,
PHF21A,0.007391597093694,,
UQCC3,0.007391597093694,,
SLC38A9,0.007391597093694,,
HECTD1,0.007391597093694,,
MYO5B,0.007391597093694,,
DUOX2,0.007391597093694,,
TMEM25,0.007391597093694,,
PRKY,0.007391597093694,,
KRT8P3,0.007391597093694,,
PLXNB3,0.007391597093694,,
FAAH2,0.007391597093694,,
ZBTB7C,0.007391597093694,,
SGK2,0.007391597093694,,
SPADH,0.007391597093694,,
ARL6,0.007391597093694,,
RBP7,0.007391597093694,,
LAGE3,0.007391597093694,,
SLC12A1,0.007391597093694,1.0,
SNHG9,0.007391597093694,,
ME1,0.007391597093694,,
PKD1,0.007391597093694,,
AKAP8L,0.007391597093694,,
PHF8,0.007391597093694,,
NPAS1,0.007391597093694,,
NKAPL,0.007391597093694,,
DACT2,0.007391597093694,,
CSPP1,0.007391597093694,,
NEXMIF,0.007391597093694,,
ISCA1,0.007391597093694,,
RTN4RL1,0.007391597093694,,
LRRC8C,0.007391597093694,,
GLYAT,0.007391597093694,,
HSFX1,0.007391597093694,,
LINC01412,0.007391597093694,,
ELF2,0.007391597093694,,
CYP7A1,0.007391597093694,,
TUT7,0.007391597093694,,
ZSCAN5B,0.007391597093694,,
IP6K2,0.007391597093694,,
MARCHF10,0.007391597093694,,
NIP7,0.007391597093694,,
PSKH2,0.007391597093694,,
POMC,0.007391597093694,,
ZNF468,0.007391597093694,,
RFX4,0.007391597093694,,
CERK,0.007391597093694,,
PHF23,0.007391597093694,,
SLC41A3,0.007391597093694,,
CD300LF,0.007391597093694,,
BCAN-AS2,0.007391597093694,,
PDXP,0.007391597093694,,
GAP43,0.007391597093694,,
RAB4B,0.007391597093694,,
OR2A7,0.007391597093694,,
FJX1,0.007391597093694,,
UBTD1,0.007391597093694,,
ERCC6L2,0.007391597093694,,
SLC39A14,0.007391597093694,,
NIT1,0.007391597093694,,
UCKL1,0.007391597093694,,
USP45,0.007391597093694,,
MEX3B,0.007391597093694,,
CHD9,0.007391597093694,,
LINC00682,0.007391597093694,,
RNF215,0.007391597093694,,
CRTC2,0.007391597093694,,
CNIH4,0.007391597093694,,
THOC3,0.007391597093694,,
ASMTL-AS1,0.007391597093694,,
ZBTB21,0.007391597093694,,
KLHDC8B,0.007391597093694,,
EPX,0.007391597093694,,
TNFRSF10D,0.007391597093694,,
RIPOR1,0.007391597093694,,
CORT,0.007391597093694,,
MYO1A,0.007391597093694,,
PEX6,0.007391597093694,,
TDRD12,0.007391597093694,,
MARS1,0.007391597093694,,
SMCO2,0.007391597093694,,
CINP,0.007391597093694,,
NOC2L,0.007391597093694,,
THSD4,0.007391597093694,,
SEC13,0.007391597093694,,
ASB16,0.007391597093694,,
LAMTOR5,0.007391597093694,,
TMOD4,0.007391597093694,,
MAP3K9-DT,0.007391597093694,,
FGF23,0.007391597093694,1.0,
NUDT16,0.007391597093694,,
HGS,0.007391597093694,,
DYNLL2,0.007391597093694,,
TSTD1,0.007391597093694,,
ADRB3,0.007391597093694,1.0,
IGHV3-72,0.007391597093694,,
NCKAP5L,0.007391597093694,,
RSPO4,0.007391597093694,,
ATG14,0.007391597093694,,
WARS2,0.007391597093694,,
FYB1,0.007391597093694,,
LHPP,0.007391597093694,,
WBP2,0.007391597093694,,
TBC1D3,0.007391597093694,,
BIRC8,0.007391597093694,,
SAMSN1,0.007391597093694,,
SPG11,0.007391597093694,,
AIRN,0.007391597093694,,
BHMT,0.007391597093694,1.0,
IMPDH1,0.007391597093694,1.0,
FKBP8,0.007391597093694,,
DUSP9,0.007391597093694,,
EPN2,0.007391597093694,,
DCP2,0.007391597093694,,
KCNV1,0.007391597093694,1.0,
TRIM48,0.007391597093694,,
PRKAG1,0.007391597093694,0.75,
GRID2IP,0.007391597093694,,
SAMD9,0.007391597093694,,
AK9,0.007391597093694,,
ADCYAP1,0.007391597093694,,
RTN4IP1,0.007391597093694,,
MARCHF2,0.007391597093694,,
COL13A1,0.007391597093694,,
DHX58,0.007391597093694,,
HTRA4,0.007391597093694,,
ORMDL2,0.007391597093694,,
GALNT4,0.007391597093694,,
NHLRC1,0.007391597093694,,
DDX3Y,0.007391597093694,,
TBC1D8,0.007391597093694,,
CTC1,0.007391597093694,,
RIC3,0.007391597093694,,
KPLCE,0.007391597093694,,
TMEM105,0.007391597093694,,
PGM5P2,0.007391597093694,,
KLHL7,0.007391597093694,,
DUSP23,0.007391597093694,,
SH3BGRL2,0.007391597093694,,
MLST8,0.007391597093694,0.5,
ADCK2,0.007391597093694,,
PGRMC2,0.007391597093694,,
FAAP100,0.007391597093694,,
CKMT1B,0.007391597093694,,
CHMP2B,0.007391597093694,,
CEPT1,0.007391597093694,,
MARCHF4,0.007391597093694,,
ZSWIM9,0.007391597093694,,
DCP1B,0.007391597093694,,
ESRG,0.007391597093694,,
HINT1,0.007391597093694,,
VSIG10L,0.007391597093694,,
DENND2A,0.007391597093694,,
USP42,0.007391597093694,,
COLGALT1,0.007391597093694,,
ZNF525,0.007391597093694,,
MON2,0.007391597093694,,
CNOT11,0.007391597093694,,
WDR7,0.007391597093694,,
TRIM34,0.007391597093694,,
MIA3,0.007391597093694,,
TM4SF18,0.007391597093694,,
HRH4,0.007391597093694,0.5,
EPIC1,0.007391597093694,,
IFNL2,0.007391597093694,,
GBP2,0.007391597093694,,
TNRC6A,0.007391597093694,,
IFNE,0.007391597093694,,
CASP12,0.007391597093694,0.5,
MIR137HG,0.007391597093694,,
GPATCH11,0.007391597093694,,
VPS4A,0.007391597093694,,
HIPK2,0.007391597093694,,
MTERF2,0.007391597093694,,
PYGO1,0.007391597093694,,
SHARPIN,0.007391597093694,,
FOXJ3,0.007391597093694,,
GNA12,0.007391597093694,,
PDRG1,0.007391597093694,,
URI1,0.007391597093694,,
RANGAP1,0.007391597093694,,
RBM28,0.007391597093694,,
SLC44A2,0.007391597093694,,
BCAT2,0.007391597093694,,
PLRG1,0.007391597093694,,
SPIN2A,0.007391597093694,,
REPS1,0.007391597093694,,
B4GALNT3,0.007391597093694,,
PIGS,0.007391597093694,,
TRIM35,0.007391597093694,,
CEP20,0.007391597093694,,
RPS4Y1,0.007391597093694,1.0,
TRMT10A,0.007391597093694,,
PPM1H,0.007391597093694,,
LIPC,0.007391597093694,,
PPP2R5C,0.007391597093694,,
EEPD1,0.007391597093694,,
NAT9,0.007391597093694,,
LINC01517,0.007391597093694,,
TRIM26,0.007391597093694,,
LIMA1,0.007391597093694,,
AKAP17A,0.007391597093694,,
TRIDDENT,0.007391597093694,,
LECT2,0.007391597093694,,
LINC01564,0.007391597093694,,
ADAM15,0.007391597093694,,
MITD1,0.007391597093694,,
PRLR,0.007391597093694,,
NALF2,0.007391597093694,,
FAM47A,0.007391597093694,,
NAP1L5,0.007391597093694,,
ABCD1,0.007391597093694,1.0,
RSRC2,0.007391597093694,,
ZNF131,0.007391597093694,,
AK7,0.007391597093694,,
ZNF655,0.007391597093694,,
OR7A5,0.007391597093694,,
TNNI1,0.007391597093694,,
TMEM59L,0.007391597093694,,
LINC02779,0.007391597093694,,
AFAP1L2,0.007391597093694,,
BCL7B,0.007391597093694,,
LINC01605,0.007391597093694,,
ADSS1,0.007391597093694,,
C16ORF74,0.007391597093694,,
ARHGAP23,0.007391597093694,,
SSTR2,0.007391597093694,1.0,
CALD1,0.007391597093694,,
CMTR1,0.007391597093694,,
SLC6A20,0.007391597093694,,
PRAF2,0.007391597093694,,
MED14,0.007391597093694,,
LRRC38,0.007391597093694,,
ZDHHC21,0.007391597093694,,
RNF40,0.007391597093694,,
LINC01876,0.007391597093694,,
CLCC1,0.007391597093694,,
CLN6,0.007391597093694,,
KLHL5,0.007391597093694,,
FBXO44,0.007391597093694,,
LRRC8D,0.007391597093694,,
SYTL1,0.007391597093694,,
RAPGEFL1,0.007391597093694,,
TLK2,0.007391597093694,,
UGT2B7,0.007391597093694,,
PPP1R8,0.007391597093694,,
HOXD4,0.007391597093694,,
MGRN1,0.007391597093694,,
HMGCL,0.007391597093694,,
FKBP15,0.007391597093694,,
CLK4,0.007391597093694,,
COTL1,0.007391597093694,,
MTND2P13,0.007391597093694,,
SERPINB13,0.007391597093694,,
GAN,0.007391597093694,,
MYO1D-DT,0.007391597093694,,
PRKAB2,0.007391597093694,0.75,
LINC01878,0.007391597093694,,
MSRB1,0.007391597093694,,
MTMR2,0.007391597093694,,
CDC25B,0.007391597093694,,
CHMP6,0.007391597093694,,
NLRP5,0.007391597093694,,
EXOC1,0.007391597093694,,
PPP1R3B-DT,0.007391597093694,,
DENND2B,0.007391597093694,,
AMACR,0.007391597093694,,
LINC01913,0.007391597093694,,
STEAP1B,0.007391597093694,,
DRAXIN,0.007391597093694,,
CIAO2A,0.007391597093694,,
DOK5,0.007391597093694,,
LINC02086,0.007391597093694,,
SGMS2,0.0073857289699626,,
CCDC24,0.0073601241107848,,
SPMIP6,0.0073567955477485,,
GJA5,0.0073490391180941,,
SPON1,0.0073486620459196,,
ADCY5,0.0073402665583211,,
HACD3,0.0072832482526142,,
DEFB4A,0.0072786699158737,,
GSTM2,0.0072786699158737,,
DEFB4B,0.0072786699158737,,
RECQL5,0.0072786699158737,,
SAMD4A,0.0072680616275218,,
ZC3H12C,0.0072478715946499,,
LINC01352,0.0072478715946499,,
PDX1,0.0072478715946499,,
ACAD8,0.0072459493642752,,
ROCK2,0.0072068071663516,1.0,
ITPRIPL1,0.0072068071663516,,
RPL6,0.0072068071663516,1.0,
IGKV3-11,0.0072068071663516,,
MED10,0.0072068071663516,,
HTR1A,0.0072068071663516,1.0,
H1-5,0.0071982954719778,,
SLAMF7,0.0071951341597212,1.0,
ARAP3,0.0071932379888101,,
TMEM125,0.0071862749522025,,
TSPAN2,0.0071862749522025,,
CD3D,0.0071766854296973,1.0,
JPT2,0.0071699975071531,,
RAD1,0.0071665514558759,,
TENM3,0.0071657427380533,,
MICB,0.0071416144765338,,
FCGR3B,0.0071249038032265,,
CASS4,0.0070990130420686,,
LPIN1,0.0070965491763707,,
WDR4,0.0070918814731291,,
ANP32B,0.0070836138814567,,
EPHB3,0.0070686424527982,1.0,
IL10RB,0.0070656167672178,0.75,
TEX19,0.0070220172390093,,
IL17RB,0.0070220172390093,,
KCNA1,0.0070220172390093,1.0,
TMEM273,0.0070220172390093,,
SIGLEC11,0.0070220172390093,,
HMMR-AS1,0.0070220172390093,,
UBE4A,0.0070220172390093,,
ACSS2,0.0070220172390093,,
GRIN2B,0.0070220172390093,1.0,
PTH1R,0.0070014850248601,1.0,
CHIA,0.0070014850248601,,
ABCB6,0.0070014850248601,,
PIAS1,0.0070014850248601,,
KLK8,0.0070014850248601,,
SCG2,0.0069528236773266,,
IGLV7-46,0.0069231681344179,,
C5AR1,0.0069049651823624,1.0,
PRICKLE1,0.0069037259216823,,
FLNC,0.006899632671937,,
TK2,0.0068912270348792,,
TMIGD2,0.0068875312363324,,
LINC00324,0.0068860939813419,,
FAM83F,0.0068803323906368,,
MRPL3,0.0068498988902516,,
H1-0,0.0068372273116669,,
PNMA2,0.0068372273116669,,
RAB1A,0.0068372273116669,,
CD84,0.0068372273116669,,
RPS11,0.0068372273116669,1.0,
RAG1,0.0068372273116669,,
LINC00668,0.0068372273116669,,
CAV3,0.0068372273116669,,
PLA2G3,0.0068166950975178,,
EDEM1,0.0068064289904432,,
NSUN3,0.006798832071208,,
IL12A,0.0067858967762941,1.0,
PAQR3,0.0067858967762941,,
TRPM8,0.0067822009777472,1.0,
IGFBP6,0.0067701106260881,,
PGCKA1,0.0067668989507668,,
NR4A2,0.006750701808818,,
POU6F2,0.0067475015358351,,
LARP6,0.0067468346383109,,
COL9A2,0.0067442421145289,,
COL6A1,0.0067396992944585,1.0,
ANKRD36C,0.0067336264405305,,
GPR78,0.0067177642222323,,
ST13,0.006714034026772,,
LSM12,0.0067084000298755,,
BBC3,0.0067064371075368,,
EPRS1,0.0067064371075368,,
SFRP5,0.0066935018126229,,
XCR1,0.0066935018126229,,
RBBP6,0.0066935018126229,,
CHAT,0.0066693286084523,,
PPP4R4,0.00666711599027,,
PKHD1,0.0066531153158523,,
CDH16,0.0066524373843246,,
L1TD1,0.0066524373843246,,
SLC39A9,0.0066524373843246,,
PF4V1,0.0066524373843246,,
RPSA2,0.0066524373843246,,
KMO,0.0066524373843246,,
C22ORF46P,0.0066524373843246,,
FAM13B,0.0066524373843246,,
NFYB,0.0066524373843246,,
SRPK2,0.0066524373843246,,
SST,0.0066524373843246,,
FAF1,0.0066524373843246,,
TSBP1-AS1,0.0066524373843246,,
IGKV3D-20,0.0066524373843246,,
SIGLEC16,0.0066524373843246,,
ATG16L2,0.0066524373843246,,
SALL2,0.0066524373843246,,
SIGLEC5,0.0066524373843246,,
GDF6,0.0066524373843246,,
ELOVL7,0.0066524373843246,,
A2ML1,0.0066524373843246,,
MAGEC2,0.0066524373843246,,
COX16,0.0066524373843246,,
SLC20A1,0.0066524373843246,,
SNRPF,0.0066524373843246,,
TTC39C,0.0066524373843246,,
CCAR2,0.0066524373843246,,
VCX,0.0066524373843246,,
HAPLN1,0.0066524373843246,,
FMNL3,0.0066524373843246,,
TMEM14A,0.0066524373843246,,
LTB4R2,0.0066524373843246,0.75,
SPN,0.0066473043307873,,
TRPC6,0.0066319195679692,,
VAMP7,0.0066319051701754,,
SLC5A9,0.0066156946646015,,
PCP4L1,0.0066136546905531,,
CHL1,0.0066134136066978,,
FCER2,0.0066011068489517,0.5,
SKAP2,0.0065999624458751,,
H2AC14,0.0065784468492068,,
RBCK1,0.0065781107691047,,
MDH1B,0.0065703731461435,,
PMM2,0.0065651754741907,,
CACNA1E,0.0065597922899125,1.0,
JPH1,0.006557104216857,,
FAM222A,0.0065395102065043,,
ARHGAP28,0.0065380929041308,,
ABCC11,0.0065292440994297,,
IPO7,0.0065276374984826,,
SLC15A1,0.0065189779923551,,
WFDC3,0.0065123482415866,,
COL9A3,0.0065087118852805,,
CASP5,0.0065087118852805,0.5,
PUS7,0.0065087118852805,,
CDC42EP2,0.0065087118852805,,
PCGF3,0.0065087118852805,,
SNHG16,0.0065087118852805,,
TMED3,0.0065081782028691,,
MST1,0.0065070567374052,,
MAP3K8,0.0064929117412347,0.5,
KCNMB4,0.0064915319396599,,
TLR5,0.0064830466175941,0.5,
ADAMTS7,0.0064746180282587,,
RHOXF1,0.0064676474569822,,
PWP1,0.0064676474569822,,
PPP1R3A,0.0064676474569822,,
LINC01572,0.0064676474569822,,
UNC79,0.0064676474569822,,
NOL4,0.0064676474569822,,
RBM3,0.0064676474569822,,
CARD16,0.0064590949856138,,
ATP7A,0.0064531291326182,,
UGT2B17,0.0064471152428331,,
H1-2,0.0064417651145916,,
NRGN,0.0064402460745041,,
RPS25,0.0064368491357585,1.0,
IL27,0.0064368491357585,,
SAXO2,0.006434545291722,,
TUBG1,0.0064232082939233,,
MT1X,0.0064092247787646,,
TDRKH,0.0063984538952996,,
SPEF2,0.0063842215888539,,
TYROBP,0.006377660801341,,
STRAP,0.0063715566947642,,
SERINC1,0.0063621903032053,,
DNALI1,0.0063600448009069,,
STS,0.0063547202791619,0.5,
CLIC6,0.0063547202791619,,
MT1G,0.0063444541720873,,
PLN,0.0063363484243593,,
TMEM45B,0.006329812330697,,
PI16,0.0063241432456893,,
LTBP3,0.0063199204595818,,
SKP1,0.0062828575296399,,
IL12RB1,0.0062828575296399,,
NPLOC4,0.0062828575296399,,
S1PR5,0.0062828575296399,1.0,
ASPG,0.0062828575296399,,
YWHAB,0.0062828575296399,,
DLEC1,0.0062828575296399,,
CELP,0.0062789218730755,,
CEL,0.0062789218730755,,
CIT,0.0062680916239089,,
C1ORF87,0.0062626170630686,,
TRADD,0.0062623253154907,,
ITGA2B,0.0062528679262388,1.0,
MYLKP1,0.0062520592084162,,
IGKV1D-8,0.0062493610064274,,
GVINP1,0.0062417931013416,,
CLEC7A,0.0062400352923955,,
EPHX1,0.0062204802509102,,
IL1R1,0.0062196057393171,1.0,
CPTP,0.0061859357023166,,
SAR1B,0.0061366540429447,,
ARHGEF15,0.0061319556352397,,
MBTPS1,0.0061267938459913,,
TMEM109,0.0061215873682488,,
TIFA,0.0060980676022975,,
DIO3OS,0.0060980676022975,,
GABBR1,0.0060980676022975,1.0,
KCNMB2,0.0060980676022975,,
WBP11,0.0060980676022975,,
CHRM5,0.0060980676022975,1.0,
MRTO4,0.0060980676022975,,
SCN8A,0.0060980676022975,1.0,
BOD1L1,0.0060980676022975,,
C11ORF16,0.0060980676022975,,
HCFC2,0.0060980676022975,,
COL9A1,0.0060980676022975,,
DBF4,0.0060980676022975,,
NIBAN3,0.0060980676022975,,
ATP1B3,0.0060936287899827,1.0,
SLC16A5,0.006074400109539,,
CLCA1,0.0060672692810738,,
SLC50A1,0.0060669981551698,,
CCSER1,0.0060625554926255,,
CD3G,0.0060596723618386,1.0,
SERPINB4,0.0060408767423197,,
FABP6,0.0060288740406149,,
PLEKHN1,0.0060058646184993,,
PIAS2,0.0060005395850891,,
BAD,0.0059794814948428,,
SLAIN1,0.0059693987611164,,
CYGB,0.0059672773981674,,
STIM1,0.0059621443446302,,
ZDHHC13,0.0059565583343839,,
KCNV2,0.0059543421032535,1.0,
SLC2A2,0.0059543421032535,,
B3GAT1,0.0059210799163319,,
NKD2,0.0059150838756917,,
SPINK6,0.0059132776749552,,
DDX59-AS1,0.0059132776749552,,
SLC46A3,0.0059132776749552,,
ORC4,0.0059132776749552,,
RPL13A,0.0059132776749552,1.0,
SMAGP,0.0059132776749552,,
ETFB,0.0059132776749552,,
ANXA8,0.0059132776749552,,
NINJ2,0.0059132776749552,,
WDR35,0.0059132776749552,,
USP25,0.0059132776749552,,
SLC27A1,0.0059132776749552,,
MPV17L,0.0059132776749552,,
ZNF124,0.0059132776749552,,
FAAH,0.0059132776749552,1.0,
RPL3,0.0059132776749552,1.0,
PTPN14,0.0059132776749552,,
TPCN1,0.0059132776749552,,
LRP12,0.0059132776749552,,
ABCC6,0.0059132776749552,,
CXORF65,0.0059132776749552,,
DLX4,0.0059132776749552,,
NIBAN2,0.0059132776749552,,
SLC25A34,0.0059132776749552,,
EXOG,0.0059132776749552,,
RRP1,0.0059132776749552,,
LDOC1,0.0059132776749552,,
MIR186,0.0059132776749552,,
ORC3,0.0059132776749552,,
ELOVL5,0.0059132776749552,,
FPGS,0.0059132776749552,,
LCDR,0.0059132776749552,,
H2AC25,0.0059100611915753,,
KCNS3,0.0059081446214179,1.0,
MICU3,0.005896022795673,,
EFNA1,0.005892745460806,,
DUT,0.005892745460806,,
SLC12A3,0.0058851485415708,1.0,
XKR9,0.0058793926031217,,
ARHGAP25,0.005875468465858,,
LINC00466,0.0058722132466569,,
ITPR1,0.0058619471395823,,
BDKRB1,0.0058619471395823,0.5,
CTSO,0.0058587075453529,,
LGALS2,0.0058579135859483,,
RPS6KB2,0.0058440841132725,0.5,
CD247,0.0058440841132725,,
CAND1,0.0058406828228576,,
BDKRB2,0.005838866050634,1.0,
NR2C2,0.0058030196849742,,
ADGRL1,0.0058030196849742,,
TXNRD2,0.005797886631437,,
PLA2G4C,0.0057743358755987,,
DPY19L1,0.0057717047850182,,
IL1RN,0.0057695521759111,,
SIX6,0.0057695521759111,,
GNPTAB,0.0057695521759111,,
ZBTB17,0.0057695521759111,,
ZAP70,0.0057695521759111,,
RAB8A,0.0057695521759111,,
ATP2C1,0.0057649691618381,,
SEPTIN4,0.0057577028740694,,
CCRL2,0.0057444418195727,,
ITGA9,0.0057284877476128,,
NAGK,0.0057284877476128,,
GPR35,0.0057284877476128,,
GORAB,0.0057284877476128,,
PPP2CA,0.0057261148927589,0.5,
RANBP1,0.0057202441326738,,
ZSCAN18,0.0057123065441969,,
SERPINC1,0.0057079555334637,1.0,
LYNX1,0.0057079555334637,,
IL22RA2,0.0057079555334637,,
PPIH,0.0057079555334637,,
KCNH2,0.0057079555334637,1.0,
RCVRN,0.0057079555334637,,
IVNS1ABP,0.0056976894263891,,
GAA,0.0056778369149126,1.0,
UCP3,0.0056621718336995,,
FCGBP,0.0056243692465672,,
KRT15,0.0056204403920946,,
PCDH10,0.0056052944627179,,
ANGPT4,0.0056052944627179,,
PSAP,0.0055890758657632,,
BCL2L2,0.0055649601844968,0.75,
DNAAF2,0.0055567144209022,,
BPIFA1,0.0055556771874372,,
HOXC-AS3,0.0055436978202705,,
TEX15,0.0055436978202705,,
LPA,0.0055436978202705,0.75,
RAB8B,0.0055436978202705,,
GGTA2P,0.0055436978202705,,
EMILIN1,0.0055436978202705,,
KLHL4,0.0055436978202705,,
CPT2,0.0055436978202705,1.0,
EIF3L,0.0055436978202705,,
SFXN4,0.0055436978202705,,
SLC39A3,0.0055436978202705,,
SEMA4A,0.0055436978202705,,
POLR1H,0.0055436978202705,,
B3GAT2,0.0055436978202705,,
BACE2,0.0055421580263605,,
HDC,0.0055341752699705,,
HMGXB4,0.0055265830460603,,
XYLT2,0.0055231656061213,,
YEATS4,0.0055231656061213,,
GRM4,0.0055231656061213,0.5,
EIF3J,0.0055231656061213,,
ALAD,0.0055231656061213,,
SLC5A3,0.0055084150881009,,
DANCR,0.0054999296682568,,
ULBP1,0.0054913406741901,,
RCAN1,0.0054790710478952,,
SLC26A1,0.0054719573930983,,
CSNK1A1,0.0054649442082651,,
PDE3A,0.0054307706424502,1.0,
SLC4A1,0.0054304493845304,,
ADSS2,0.0054268990214429,,
BLVRB,0.0054217019323485,,
IL4R,0.0054205045353756,1.0,
PAFAH1B1,0.0054102005406293,,
C16ORF89,0.0053722294974183,,
XK,0.0053696519210418,,
ERV3-1,0.005362227960334,,
TNFRSF25,0.0053615770807675,,
EPB42,0.0053615770807675,,
GLUL,0.0053589078929281,,
AMOT,0.0053589078929281,,
TP53TG1,0.0053589078929281,,
PAX4,0.0053589078929281,,
OLFM1,0.0053589078929281,,
SUPT7L,0.0053589078929281,,
UTS2R,0.0053589078929281,0.5,
BLOC1S3,0.0053589078929281,,
APOBEC1,0.0053589078929281,,
HPD,0.0053589078929281,1.0,
CPSF2,0.0053589078929281,,
MAPKAPK3,0.0053589078929281,,
SEC61A1,0.0053589078929281,,
NANS,0.0053589078929281,,
ADM2,0.0053589078929281,,
DDIT4L,0.0053589078929281,,
FTSJ3,0.0053589078929281,,
PIAS4,0.0053589078929281,,
DLGAP1,0.0053589078929281,,
WDR74,0.0053589078929281,,
ZFX,0.0053589078929281,,
ZNF703,0.0053589078929281,,
SOX21-AS1,0.005338375678779,,
ERVFRD-1,0.005325405847989,,
ERVK13-1,0.005325405847989,,
TRGC1,0.0053192807196203,,
EIF4E3,0.0053153795989319,,
HIPK1,0.0053127068604013,,
CFAP144,0.0053111539584907,,
SLC2A4RG,0.0052993519011522,,
CILP,0.0052914151190977,,
LINP1,0.005286519267309,,
KHDC4,0.0052621359471521,,
STAP1,0.0052613798757197,,
IL25,0.0052613798757197,,
ARHGAP4,0.0052576840771728,,
LTB,0.0052576840771728,0.5,
SIGLEC17P,0.0052459807151078,,
LYZ,0.0052400492447487,,
ATG4A,0.0052357146080332,,
RBBP8,0.005228117688798,,
ERICH3,0.0052271061008008,,
ANP32E,0.0052253646774495,,
THEMIS2,0.0052165599264645,,
RAET1E,0.0052151823938841,,
DRC3,0.0052024021890164,,
PRH1,0.0051819202069625,,
LINC03156,0.0051771528055652,,
MUCL1,0.0051741179655858,,
NICN1,0.0051741179655858,,
KREMEN2,0.0051741179655858,,
RHBG,0.0051741179655858,,
PPEF1,0.0051741179655858,,
PPRC1,0.0051741179655858,,
CCNB3,0.0051741179655858,,
AMT,0.0051741179655858,,
MRAP,0.0051741179655858,,
ELF3-AS1,0.0051741179655858,,
PIGM,0.0051741179655858,,
ODR4,0.0051741179655858,,
MT1F,0.0051741179655858,,
PARP15,0.0051741179655858,,
ZNF91,0.0051741179655858,,
KCNQ4,0.0051741179655858,1.0,
SI,0.0051741179655858,1.0,
SLC10A5,0.0051741179655858,,
GRIA3,0.0051741179655858,1.0,
TRPM1,0.0051741179655858,,
CDH22,0.0051741179655858,,
COX14,0.0051741179655858,,
COQ8A,0.0051741179655858,,
SPATA22,0.0051741179655858,,
MT1B,0.0051741179655858,,
LINGO2,0.0051741179655858,,
MCFD2,0.0051741179655858,,
MT1H,0.0051741179655858,,
PRNT,0.0051741179655858,,
NR1D2,0.0051741179655858,,
SLF1,0.0051741179655858,,
MTHFS,0.0051741179655858,,
CDH8,0.0051741179655858,,
CDH26,0.0051741179655858,,
PPL,0.0051741179655858,,
TPST2,0.0051741179655858,,
STK4,0.0051741179655858,,
KRT74,0.0051741179655858,,
PCBD2,0.0051741179655858,,
SAT2,0.0051741179655858,,
MSH5,0.0051741179655858,,
METTL6,0.0051741179655858,,
EIF2AK4,0.0051741179655858,,
DSCR10,0.0051741179655858,,
GZMM,0.0051741179655858,,
MSLNL,0.0051741179655858,,
TCHH,0.0051741179655858,,
CDADC1,0.0051741179655858,,
PSMG2,0.0051741179655858,,
ABHD4,0.0051741179655858,,
LINC00630,0.0051741179655858,,
LDB1,0.0051741179655858,,
MT1IP,0.0051741179655858,,
SKOR2,0.0051741179655858,,
NUP188,0.0051741179655858,,
NRBP1,0.0051741179655858,,
NUTF2,0.0051741179655858,,
TWF2,0.0051741179655858,,
WASL,0.0051741179655858,,
CHRNB2,0.0051741179655858,1.0,
AANAT,0.0051741179655858,,
CDH6,0.0051741179655858,,
JARID2,0.0051741179655858,,
H2AC12,0.0051741179655858,,
KCNA4,0.0051741179655858,1.0,
GCOM1,0.0051741179655858,,
CRCP,0.0051741179655858,,
RGMA,0.0051741179655858,0.5,
KIAA0586,0.0051741179655858,,
HNRNPUP1,0.0051741179655858,,
DYRK1B,0.0051741179655858,,
SERPINB7,0.0051741179655858,,
SIGLEC14,0.0051741179655858,,
FAM83E,0.0051741179655858,,
RXYLT1,0.0051741179655858,,
MTMR4,0.0051741179655858,,
METRNL,0.0051741179655858,,
DISC1,0.0051741179655858,,
HSDL1,0.0051741179655858,,
HES4,0.0051741179655858,,
RFC2,0.0051689849120485,,
MKNK1,0.0051689849120485,0.5,
CSH1,0.0051689849120485,,
PGAM5,0.0051689849120485,,
MAP2K3,0.0051689849120485,,
MIAT,0.0051646605763338,,
SMIM31,0.0051581929288768,,
BGN,0.0051535857514366,,
DOCK1,0.0051535857514366,,
RPS19,0.0051459888322014,1.0,
IQGAP1,0.0051432304340298,,
PDCD6,0.0051408557786642,,
EMC2,0.0051269244128184,,
CD207,0.0051227874302129,,
CCL13,0.0051227874302129,,
AMY2A,0.0051227874302129,1.0,
DLST,0.0051227874302129,,
BLOC1S6,0.0051227874302129,,
HYOU1,0.005120511026428,,
HMCN1,0.0050920629760531,,
CABP7,0.0050903913037986,,
PTGR1,0.0050868560554519,,
RREB1,0.0050868560554519,,
APOBEC4,0.0050739637072604,,
ZMAT3,0.0050611907877655,,
H3P47,0.0050611907877655,,
PACRG,0.0050603626875383,,
ARIH1,0.0050565356552673,,
FBN2,0.0050406585736163,,
PSEN2,0.0050303924665417,1.0,
KIR2DL4,0.0050303924665417,,
ATP6V0A4,0.0050303924665417,,
CD37,0.0050303924665417,0.5,
IFNAR2,0.0050303924665417,1.0,
SYT2,0.0050303924665417,,
INSM1,0.0050303924665417,,
PTPN2,0.0050303924665417,,
PIDD1,0.0050303924665417,,
YLPM1,0.0050303924665417,,
FZD9,0.0050303924665417,,
NID2,0.0050303924665417,,
NUMBL,0.0050303924665417,,
PIAS3,0.0050303924665417,,
PFDN4,0.0050047271988553,,
PXDN,0.0050047271988553,,
SLIRP,0.0050047271988553,,
HEXB,0.0049919861367854,,
PARVB,0.0049893280382434,,
TAS2R38,0.0049893280382434,,
PHEX,0.0049893280382434,,
LINC02898,0.0049893280382434,,
FOXK2,0.0049893280382434,,
CAPN2,0.0049893280382434,,
DMP1,0.0049893280382434,,
SYNE2,0.0049784774234982,,
MAPT,0.004976598065471,0.5,
EGLN2,0.0049687958240943,1.0,
CDC27,0.0049687958240943,,
GAK,0.0049687958240943,,
MEOX1,0.0049687958240943,,
LRRIQ1,0.0049620931678508,,
GEMIN4,0.0049585297170197,,
CS,0.0049585297170197,,
CTCFL,0.0049585297170197,,
NUDT21,0.0049585297170197,,
TP53INP2,0.0049585297170197,,
SMUG1,0.0049585297170197,,
HRG,0.0049585297170197,,
PCCB,0.0049514898091326,,
ADD3,0.0049482636099451,,
PABPC4,0.0049482636099451,,
EEF1A1,0.0049482636099451,,
PHACTR3,0.0049189543160388,,
UCHL3,0.0048790700482625,,
HSPA8,0.0048790700482625,0.75,
NARS1,0.0048764008604231,,
GSS,0.0048764008604231,,
IGKC,0.0048764008604231,,
BCAR3,0.0048764008604231,,
GJB4,0.0048764008604231,,
NACC2,0.0048750163976445,,
CFDP1,0.0048661347533485,,
HEY2,0.0048661347533485,,
ACSL5,0.0048661347533485,,
BTF3P11,0.0048661347533485,,
ZNF831,0.0048661347533485,,
ITGA4,0.0048661347533485,1.0,
EIF4G2,0.0048661347533485,,
DNAH2,0.0048650149141419,,
GLG1,0.0048539205002391,,
POF1B,0.0048534302685914,,
ADGB,0.004850877285387,,
XAF1,0.0048328725664269,,
NRF1,0.0048328725664269,,
KLF7,0.0048328725664269,,
RND3,0.0048116747691524,,
TSN,0.0048045381109011,,
MYBBP1A,0.0048045381109011,,
HNRNPR,0.0048045381109011,,
ERVH48-1,0.0048045381109011,,
JDP2,0.0048045381109011,,
PPP1R13B,0.0048045381109011,,
BRIX1,0.0048045381109011,,
FOXN3,0.0048045381109011,,
SLC16A13,0.0048045381109011,,
IRF6,0.0048045381109011,,
DYNC1I2,0.0048045381109011,,
NTF4,0.0048045381109011,,
GPX1,0.0048045381109011,,
CMPK2,0.0048045381109011,,
CNNM3,0.0048045381109011,,
NKX6-2,0.0048045381109011,,
PPIC,0.0048045381109011,,
SHOC2,0.0048045381109011,,
GOLGA6A,0.0047840058967519,,
NEFH,0.0047840058967519,,
TDG,0.0047840058967519,,
LPXN,0.0047840058967519,,
GABRD,0.0047840058967519,1.0,
FGF3,0.0047840058967519,,
MTMR3,0.0047840058967519,,
AQP11,0.0047840058967519,,
STK3,0.0047840058967519,,
TCIRG1,0.0047840058967519,,
RCBTB1,0.0047840058967519,,
PNP,0.0047840058967519,1.0,
NCR3,0.0047840058967519,,
GABRA5,0.0047840058967519,1.0,
CNR1,0.0047840058967519,1.0,
SCGN,0.0047840058967519,,
CRNDE,0.0047840058967519,,
SENP6,0.0047840058967519,,
CDC34,0.0047840058967519,,
LRRC8A,0.0047840058967519,,
GNMT,0.0047840058967519,,
CFAP47,0.0047792048310918,,
CLIC4,0.0047737397896773,,
CBR1,0.0047737397896773,,
LGALS8,0.0047737397896773,,
ZC3H15,0.0047656529941509,,
PLAC4,0.0047634736826028,,
ARSL,0.0047611299053006,,
HNF1A-AS1,0.0047539621186584,,
BEST1,0.0047507437098303,,
TREX1,0.0046891470673829,,
RRAD,0.0046818990078203,,
NPRL2,0.0046813448260062,,
MAGEC1,0.0046813448260062,,
INSYN1,0.0046651164042043,,
LST1,0.004663536906632,,
COLEC12,0.0046617739865863,,
CIMAP3,0.0046597887268228,,
CITED2,0.0046570854759937,,
RBFOX2,0.0046197481835587,,
UCN2,0.0046197481835587,,
C1R,0.0046197481835587,,
IGHG3,0.0046197481835587,,
SAG,0.0046197481835587,,
ALDH1A2,0.0046197481835587,,
TRIM16L,0.0046197481835587,,
RYR3,0.0046197481835587,1.0,
RBPMS-AS1,0.0046197481835587,,
RAB37,0.0046197481835587,,
GBP5,0.0046197481835587,,
RNF25,0.0046197481835587,,
SERPIND1,0.0046197481835587,,
ZC3H11A,0.0046197481835587,,
ZBTB32,0.0046197481835587,,
BBOX1,0.0046197481835587,,
ST6GAL2,0.0046197481835587,,
TOMM5,0.0046197481835587,,
CCDC85B,0.0046197481835587,,
GPLD1,0.0046197481835587,,
FAIM2,0.0046197481835587,,
HAS2,0.0046197481835587,,
ISL1,0.0046197481835587,,
CD1D,0.0046197481835587,,
RFC5,0.0046197481835587,,
USP50,0.0046197481835587,,
SIT1,0.0046197481835587,,
FXR2,0.0046197481835587,,
IL18BP,0.0046197481835587,,
FXYD5,0.0046197481835587,,
LPAR5,0.0046197481835587,,
KIR2DL1,0.0046197481835587,0.5,
OAS2,0.0046197481835587,,
ZNF714,0.0046197481835587,,
PLXNC1,0.0046197481835587,,
RPL8,0.0046197481835587,1.0,
EPC1,0.0046197481835587,,
CLK1,0.0046197481835587,,
ASCL2,0.0046197481835587,,
ELK3,0.0046197481835587,,
LINC00528,0.0046197481835587,,
RARS1,0.0046197481835587,,
IL17D,0.0046197481835587,,
NOX1,0.0046197481835587,0.5,
APOBEC3C,0.0046197481835587,,
DLEU2,0.0046197481835587,,
HERC2,0.0046197481835587,,
TARID,0.0046197481835587,,
MYBL1,0.0046197481835587,,
RXRG,0.0046197481835587,1.0,
CCL24,0.0046197481835587,,
ETV7,0.0046197481835587,,
FBXO43,0.0046197481835587,,
ZAN,0.0046197481835587,,
RUVBL2,0.0046197481835587,,
JTB,0.0046197481835587,,
SLC13A5,0.0046197481835587,,
TTF2,0.0046197481835587,,
PUS10,0.0046197481835587,,
TIRAP,0.0046197481835587,,
MARCKS,0.0046197481835587,0.5,
CCL3L3,0.0046197481835587,,
CD300LG,0.0046197481835587,,
STARD3,0.0046197481835587,,
CYB5R1,0.0046197481835587,,
APOC4,0.0046197481835587,,
PSMA1,0.0046197481835587,1.0,
NUAK1,0.0046197481835587,,
KDM4A,0.0046197481835587,,
WWP1,0.0046197481835587,,
HAS3,0.0046197481835587,,
LINC01354,0.0046197481835587,,
IL2RG,0.0046197481835587,1.0,
ELAC2,0.0046197481835587,,
RASGRP1,0.0046197481835587,,
PLEKHG2,0.0046197481835587,,
GRB7,0.0046197481835587,,
PCLO,0.0046197481835587,,
FAM41C,0.0046197481835587,,
ITGB5,0.0046197481835587,0.75,
PRRC2A,0.0046197481835587,,
BATF3,0.0046197481835587,,
MRC2,0.0046197481835587,,
FCAMR,0.0046197481835587,,
C1QC,0.0046197481835587,,
DNAH11,0.0046197481835587,,
MRPL33,0.0046197481835587,,
PRMT2,0.0046197481835587,,
EZH1,0.0046197481835587,,
GRIN1,0.0046197481835587,1.0,
PSMB10,0.0046197481835587,1.0,
MBD3,0.0046197481835587,,
KLHL6,0.0046197481835587,,
SMYD5,0.0046197481835587,,
CCL4L2,0.0046197481835587,,
COL5A3,0.0046197481835587,1.0,
DCX,0.0046197481835587,,
TRIP12,0.0046197481835587,,
C1S,0.0046197481835587,1.0,
ENPP3,0.0046077202916011,0.5,
PRSS2,0.0046013632023882,,
RPS27,0.0045992159694096,1.0,
VPS9D1-AS1,0.0045992159694096,,
HLA-F,0.0045992159694096,,
B4GALNT2,0.0045992159694096,,
SMARCC1,0.0045992159694096,,
CLEC2D,0.0045992159694096,,
OTUD7B,0.0045992159694096,,
PFKFB1,0.0045992159694096,,
GC,0.0045992159694096,,
GOLT1A,0.0045992159694096,,
IDUA,0.0045992159694096,,
MPEG1,0.0045992159694096,,
SCIMP,0.0045898628175315,,
IL10RA,0.004588949862335,0.75,
MAPK13,0.004588949862335,,
RASD1,0.004588949862335,,
ADTRP,0.0045741329265616,,
LY6E,0.0045713042616289,0.25,
NEK3,0.00457092035682,,
IGHE,0.004565953782488,1.0,
INE1,0.004557943297012,,
C1ORF116,0.004555625298721,,
U2SURP,0.0045467330424448,,
TCIM,0.0045254101386505,,
CRYGD,0.0045068210057384,,
B3GNT2,0.0045068210057384,,
ZDHHC20,0.0045068210057384,,
NGF,0.0045068210057384,0.75,
SCYL1,0.0045068210057384,,
DCT,0.0045068210057384,,
ENOPH1,0.0045068210057384,,
DNAI3,0.004503017500675,,
IRX4,0.0044965548986638,,
UPK1B,0.0044965548986638,,
RABGAP1L,0.0044349582562164,,
INA,0.0044349582562164,,
CUL5,0.0044349582562164,,
ADGRB1,0.0044349582562164,,
MKNK2,0.0044349582562164,0.5,
ZFPM1,0.0044349582562164,,
KLHL35,0.0044349582562164,,
NHP2,0.0044349582562164,,
SH2D1A,0.0044349582562164,,
CERS1,0.0044349582562164,,
CERNA3,0.0044349582562164,,
KCMF1,0.0044349582562164,,
CYP2S1,0.0044349582562164,,
PCGF6,0.0044349582562164,,
LINC01554,0.0044349582562164,,
UGT3A1,0.0044349582562164,,
SCN11A,0.0044349582562164,1.0,
FRS2,0.0044349582562164,,
KCNN1,0.0044349582562164,,
SNAP25,0.0044349582562164,1.0,
DAB2IP,0.0044349582562164,,
ZNF667,0.0044349582562164,,
PSTPIP2,0.0044349582562164,,
PTENP1,0.0044349582562164,,
AHSP,0.0044349582562164,,
SLC25A16,0.0044349582562164,,
CACNA1H,0.0044349582562164,1.0,
PSG4,0.0044349582562164,,
A2M-AS1,0.0044349582562164,,
NFKBID,0.0044349582562164,,
C3AR1,0.0044349582562164,,
ACSBG2,0.0044349582562164,,
DEPDC7,0.0044349582562164,,
IL31RA,0.0044349582562164,1.0,
HMGN3,0.0044349582562164,,
CASP8AP2,0.0044349582562164,,
FZD3,0.0044349582562164,,
PPP1R16B,0.0044349582562164,,
SFXN3,0.0044349582562164,,
MUC19,0.0044349582562164,,
CAMSAP3,0.0044349582562164,,
VSX1,0.0044349582562164,,
RASL11B,0.0044349582562164,,
PGM3,0.0044349582562164,,
CST8,0.0044349582562164,,
DLG4,0.0044349582562164,,
ARRDC1,0.0044349582562164,,
BARHL2,0.0044349582562164,,
ARG2,0.0044349582562164,,
TAS2R31,0.0044349582562164,,
EEF1G,0.0044349582562164,,
GCKR,0.0044349582562164,,
TFDP2,0.0044349582562164,,
BRINP1,0.0044349582562164,,
STRN4,0.0044349582562164,,
KLHL38,0.0044349582562164,,
GRM8,0.0044349582562164,,
SLC9A7,0.0044349582562164,,
DDA1,0.0044349582562164,,
UGT1A7,0.0044349582562164,,
KCNF1,0.0044349582562164,1.0,
DLX2,0.0044349582562164,,
PRCD,0.0044349582562164,,
COX15,0.0044349582562164,,
MCHR1,0.0044349582562164,,
GAS2,0.0044349582562164,,
GNAI1,0.0044349582562164,,
ODF2L,0.0044349582562164,,
PIK3AP1,0.0044349582562164,,
LIM2,0.0044349582562164,,
DLX3,0.0044349582562164,,
WASF1,0.0044349582562164,,
CAB39,0.0044349582562164,,
PDCD10,0.0044349582562164,,
ANXA4,0.0044349582562164,,
TECPR1,0.0044349582562164,,
PLEKHG1,0.0044349582562164,,
SLC17A6,0.0044349582562164,,
BIN2,0.0044349582562164,,
CHCHD10,0.0044349582562164,,
LINC00222,0.0044349582562164,,
ZNF695,0.0044349582562164,,
DAPL1,0.0044349582562164,,
ARMC8,0.0044349582562164,,
LINC01842,0.0044349582562164,,
SSR2,0.0044349582562164,,
CCDC51,0.0044349582562164,,
HLA-DRB6,0.0044349582562164,,
SHPK,0.0044349582562164,,
NAPRT,0.0044349582562164,,
PLA2R1,0.0044349582562164,,
UBE2E2,0.0044349582562164,,
PHF11,0.0044349582562164,,
GIRGL,0.0044349582562164,,
XRN2,0.0044349582562164,,
DLG5,0.0044349582562164,,
ARRDC5,0.0044349582562164,,
PPDPFL,0.0044349582562164,,
TGM7,0.0044349582562164,,
LRRC45,0.0044349582562164,,
MKS1,0.0044349582562164,,
LINC01287,0.0044349582562164,,
EDAR,0.0044349582562164,,
ARHGEF3,0.0044349582562164,,
MBOAT2,0.0044349582562164,,
KCNAB3,0.0044349582562164,,
TMEM163,0.0044349582562164,,
NELFCD,0.0044349582562164,,
CCDC73,0.0044349582562164,,
STARD5,0.0044349582562164,,
HULC,0.0044349582562164,,
LSM5,0.004422284257281,,
FGG,0.0044222282834439,1.0,
XAGE2,0.004415839302687,,
LINC00319,0.0044144260420672,,
MYL2,0.0044144260420672,1.0,
MEGF6,0.0044144260420672,,
YBX3,0.0044144260420672,,
FBXL7,0.0044144260420672,,
GJB5,0.0044144260420672,,
CD7,0.0044144260420672,,
CELSR1,0.0044144260420672,,
RALBP1,0.0044144260420672,,
IFNL1,0.0044144260420672,,
PDCD5,0.0044144260420672,,
TPO,0.0044144260420672,1.0,
WDR26,0.0044144260420672,,
LINC01546,0.0044144260420672,,
RAB3A,0.0044144260420672,,
NUCB1,0.004405352712419,,
CPAMD8,0.0043854594006853,,
AVPI1,0.0043814403628083,,
STX12,0.0043631579255059,,
KLK6,0.0043307299523306,,
EFNA2,0.004322031078396,,
REV3L,0.004322031078396,,
RRAGB,0.004322031078396,,
RPS6KL1,0.004322031078396,,
SIPA1,0.004322031078396,,
LINC01133,0.004322031078396,,
NGFR,0.004322031078396,,
FETUB,0.004322031078396,,
RSPH9,0.004322031078396,,
FGF13,0.004322031078396,,
RACK1,0.004322031078396,,
TALDO1,0.004322031078396,,
TMEFF2,0.004322031078396,,
LIF,0.004322031078396,,
HSPB6,0.0043206348223039,,
SLC16A12,0.0043152895902378,,
GALNT12,0.0043010198899534,,
ECM2,0.0043008664101256,,
RCN2,0.0042990696721046,,
TRDC,0.0042869742068031,,
UXS1,0.0042702282679565,,
PLXNB1,0.0042607887536541,,
MMP28,0.0042524941491865,,
HTR2A,0.004250168328874,1.0,
ST6GALNAC6,0.004250168328874,,
CCDC62,0.004250168328874,,
SLC46A1,0.004250168328874,,
ITGA10,0.004250168328874,,
SMC1B,0.004250168328874,,
PSMD4,0.004250168328874,1.0,
GUCY1B1,0.004250168328874,1.0,
COX4I2,0.004250168328874,,
MDGA2,0.004250168328874,,
ACOT13,0.004250168328874,,
PPWD1,0.004250168328874,,
SDF2,0.004250168328874,,
SLC47A1,0.004250168328874,,
ZC3H8,0.004250168328874,,
DAAM2,0.004250168328874,,
CPA4,0.004250168328874,,
TRAV29DV5,0.004250168328874,0.75,
FNDC5,0.004250168328874,,
NELL2,0.004250168328874,,
PCNT,0.004250168328874,,
HPS4,0.004250168328874,,
MYL12B,0.004250168328874,,
CHRDL2,0.004250168328874,,
INTS8,0.004250168328874,,
IFNAR1,0.004250168328874,1.0,
LINC01322,0.004250168328874,,
ARHGAP15,0.004250168328874,,
ASXL3,0.004250168328874,,
TRAJ60,0.004250168328874,,
MT1L,0.004250168328874,,
FOXE1,0.004250168328874,,
SPP2,0.004250168328874,,
FCRL6,0.004250168328874,,
XG,0.004250168328874,,
MLLT6,0.004250168328874,,
MAT2B,0.004250168328874,,
TRAC,0.004250168328874,0.75,
UCP1,0.004250168328874,,
PLD3,0.004232856590258,,
GLP1R,0.0042296361147249,1.0,
RPS8,0.0042296361147249,1.0,
CLPP,0.0042296361147249,,
KIR3DL1,0.0042296361147249,,
DLL3,0.0042296361147249,1.0,
KIF1A,0.0042296361147249,,
PSMB9,0.0042296361147249,1.0,
FDXR,0.0042296361147249,,
LINC01150,0.0042296361147249,,
WNT4,0.0042296361147249,,
AKR1B1,0.0042296361147249,1.0,
TLX1NB,0.0042296361147249,,
UQCRC2,0.0042296361147249,,
CSK,0.0042296361147249,,
GRM1,0.0042296361147249,,
MYOF,0.0042296361147249,,
BST2,0.0042296361147249,,
TSPYL5,0.0042296361147249,,
CES2,0.0042296361147249,,
MTA2,0.0042296361147249,,
RHPN1,0.0042296361147249,,
TRIM17,0.0042296361147249,,
TENM4,0.0042296361147249,,
GPR171,0.0042207884519831,,
TMEM140,0.0042123518531159,,
CCDC69,0.0042059634768811,,
GRAMD2B,0.0042021646419688,,
SYPL1,0.004188459865043,,
SELENOW,0.0041760527240779,,
BTBD3,0.0041733114596365,,
PTPN12,0.0041648235521093,,
TRIT1,0.0041629064187401,,
GNB2,0.004156037619652,,
CLINT1,0.0041479061473016,,
PRUNE2,0.0041476846096694,,
RIN2,0.0041229753456305,,
KCNQ3,0.0041108047905017,1.0,
CA12,0.0040735911510025,1.0,
TAF4,0.0040661891844229,,
EPYC,0.0040653784015317,,
TTR,0.0040653784015317,1.0,
NTF3,0.0040653784015317,,
TUB,0.0040653784015317,,
BTN3A3,0.0040653784015317,,
IGKV2D-28,0.0040653784015317,,
NUDT10,0.0040653784015317,,
SH3BP2,0.0040653784015317,,
UBE2K,0.0040653784015317,,
HELLPAR,0.0040653784015317,,
FBLIM1,0.0040653784015317,,
ZC3H12A,0.0040653784015317,,
ALDOB,0.0040653784015317,,
SNHG10,0.0040653784015317,,
ATP8B3,0.0040653784015317,,
GYPA,0.0040653784015317,,
NFKBIB,0.0040653784015317,,
PPP1R15B-AS1,0.0040653784015317,,
ACOX1,0.0040653784015317,,
KDM2A,0.0040653784015317,,
SLC15A3,0.0040653784015317,,
RAB5B,0.0040653784015317,,
AUTS2,0.0040653784015317,,
GNRH1,0.0040653784015317,,
ATP12A,0.0040653784015317,,
ASB2,0.0040653784015317,,
SLC27A5,0.0040653784015317,,
TAF7,0.0040653784015317,,
LILRB1,0.0040653784015317,,
RIN1,0.0040653784015317,,
GFRA1,0.0040653784015317,0.5,
KIR3DL2,0.0040653784015317,0.5,
TRIM9,0.0040653784015317,,
REN,0.0040653784015317,1.0,
CRH,0.0040653784015317,,
CDKL2,0.0040653784015317,,
KIFAP3,0.0040653784015317,,
KMT2E,0.0040653784015317,,
MORC2,0.0040653784015317,,
KCNU1,0.0040653784015317,,
MYL5,0.0040653784015317,,
MYEF2,0.0040653784015317,,
PARD6G,0.0040653784015317,,
PLD1,0.0040653784015317,,
MAP3K12,0.0040653784015317,0.75,
CANX,0.0040653784015317,,
CREG1,0.0040653784015317,,
LINC01843,0.0040653784015317,,
NMRAL2P,0.0040653784015317,,
SSTR5,0.0040653784015317,1.0,
DGAT2L6,0.0040653784015317,,
PEA15,0.0040653784015317,,
NCR1,0.0040653784015317,,
PROX1,0.0040653784015317,,
PCAT1,0.0040653784015317,,
FRRS1,0.0040653784015317,,
EIF4B,0.0040653784015317,,
FUT6,0.0040653784015317,,
NOP16,0.0040653784015317,,
PHC2,0.0040653784015317,,
PRCP,0.0040653784015317,,
SLC18A2,0.0040653784015317,1.0,
H3P30,0.0040653784015317,,
KDM4C,0.0040653784015317,,
STAT4,0.0040653784015317,,
IDH3G,0.0040653784015317,,
KCNJ3,0.0040653784015317,1.0,
SNORD17,0.0040653784015317,,
COL24A1,0.0040653784015317,1.0,
H2BC20P,0.0040653784015317,,
COL4A1,0.0040653784015317,1.0,
DLL1,0.0040653784015317,,
GCSAML,0.0040653784015317,,
H2BW2,0.0040653784015317,,
BLOC1S2,0.0040653784015317,,
KALRN,0.0040653784015317,,
CYB5R2,0.0040653784015317,,
LINC00861,0.0040653784015317,,
UGT2B4,0.0040653784015317,,
MIR193BHG,0.0040653784015317,,
TFR2,0.0040653784015317,0.75,
CYP2J2,0.0040653784015317,,
HAL,0.0040653784015317,,
ALOX15B,0.0040653784015317,,
FUT9,0.0040653784015317,,
MAP4K3,0.0040653784015317,,
PYGL,0.0040653784015317,,
SKIL,0.0040653784015317,,
ALKBH7,0.0040653784015317,,
CHD5,0.0040653784015317,,
FOCAD,0.0040653784015317,,
PSMD8,0.0040653784015317,1.0,
ENSG00000290929,0.0040653784015317,,
TCF20,0.0040653784015317,,
LSM1,0.0040653784015317,,
ZNF322,0.0040653784015317,,
ASTN2,0.0040653784015317,,
ARTN,0.0040653784015317,,
ZCRB1,0.0040653784015317,,
FCRL3,0.0040653784015317,,
PDCD11,0.0040653784015317,,
CDK20,0.0040653784015317,0.5,
OMA1,0.0040653784015317,,
CCNG2,0.0040653784015317,,
GLDC,0.0040653784015317,,
CST12P,0.0040653784015317,,
CLK2,0.0040653784015317,0.75,
NUP43,0.0040653784015317,,
EDA2R,0.0040653784015317,,
AGPS,0.0040653784015317,,
GNB5,0.0040653784015317,,
IL13RA1,0.0040653784015317,0.75,
WNT9A,0.0040653784015317,,
ENO3,0.0040653784015317,,
MPP7,0.0040653784015317,,
COL12A1,0.0040653784015317,,
RNF13,0.0040607221709953,,
MIR503HG,0.0040569787642632,,
INSC,0.0040485814188143,,
CDC37,0.0040409178081772,,
GLIS3,0.0040215130165461,,
TLCD1,0.0040212269043215,,
PYGB,0.0040115840004609,,
CRIP2,0.0040093678810405,,
CFAP251,0.0040092941847722,,
SMIM22,0.0040073969246617,,
EPHX3,0.0039966503817815,,
SCARB2,0.0039666252837307,,
SPRY1,0.0039654701029869,,
H2AC6,0.0039605493171373,,
TCAF1,0.0039576722908202,,
SH3RF2,0.0039519117347052,,
SDR16C5,0.0039299110870008,,
CCDC198,0.0039161479950925,,
TFF2,0.0039006704449826,,
EFCAB10,0.0038960503785846,,
NMD3,0.0038909007502442,,
VWDE,0.0038744087291224,,
MID1IP1,0.0038739340317472,,
ZNF423,0.0038687725271397,,
KCNK15,0.0038497901529656,,
EDEM3,0.0038461623631344,,
ACP1,0.0038267940731185,,
ZNF532,0.003823574337902,,
IGFL2,0.0038136497910612,,
WASF2,0.0037638978035,,
TM9SF2,0.0037600211843958,,
TRAF4,0.0037573951892944,,
NRCAM,0.0037573951892944,,
DIPK1A,0.0037044427373811,,
PKP4,0.0036982111296919,,
SRD5A1,0.003695798546847,1.0,
IGFALS,0.003695798546847,,
FNTB,0.003695798546847,1.0,
SEC63,0.003695798546847,,
DNAJC4,0.003695798546847,,
POLB,0.003695798546847,,
SLCO2B1,0.003695798546847,,
TMEM198B,0.003695798546847,,
HAO2,0.003695798546847,,
SENP3,0.003695798546847,,
LINC01237,0.003695798546847,,
KLHL11,0.003695798546847,,
KLKB1,0.003695798546847,1.0,
AKAP11,0.003695798546847,,
FAM110A,0.003695798546847,,
NCKAP1L,0.003695798546847,,
SF3A1,0.003695798546847,,
CPB1,0.003695798546847,,
ACAP3,0.003695798546847,,
RUNDC3A,0.003695798546847,,
AMDHD2,0.003695798546847,,
CASK,0.003695798546847,,
TNFSF18,0.003695798546847,,
GNG8,0.003695798546847,,
RCN3,0.003695798546847,,
LIG3,0.003695798546847,,
GRHPR,0.003695798546847,,
ELFN2,0.003695798546847,,
FMC1-LUC7L2,0.003695798546847,,
AOC2,0.003695798546847,,
SLC9C2,0.003695798546847,,
LINC01338,0.003695798546847,,
LILRA2,0.003695798546847,,
SNUPN,0.003695798546847,,
ZC3H12B,0.003695798546847,,
CXORF49,0.003695798546847,,
CEP192,0.003695798546847,,
CNOT4,0.003695798546847,,
GLYATL1,0.003695798546847,,
RHBDD1,0.003695798546847,,
MEFV,0.003695798546847,,
REP15,0.003695798546847,,
HSPA7,0.003695798546847,,
SSTR3,0.003695798546847,1.0,
SUGT1,0.003695798546847,,
NR5A1,0.003695798546847,,
C8A,0.003695798546847,,
TOMM34,0.003695798546847,,
EEF1B2P2,0.003695798546847,,
SAA3P,0.003695798546847,,
ZNF433,0.003695798546847,,
EIF4E2,0.003695798546847,,
C8ORF44,0.003695798546847,,
ENPP4,0.003695798546847,,
KLC2,0.003695798546847,,
TCEAL3,0.003695798546847,,
AQP2,0.003695798546847,,
UNC93A,0.003695798546847,,
LINC00301,0.003695798546847,,
REPIN1,0.003695798546847,,
IDH3B,0.003695798546847,,
CHRNB3,0.003695798546847,,
ARHGAP12,0.003695798546847,,
MAP7D2,0.003695798546847,,
RASAL1,0.003695798546847,,
MGAT4A,0.003695798546847,,
RBMS1,0.003695798546847,,
AQP12B,0.003695798546847,,
MARF1,0.003695798546847,,
HEXA,0.003695798546847,,
TOMM22,0.003695798546847,,
GSTO2,0.003695798546847,,
TMEM79,0.003695798546847,,
TUSC8,0.003695798546847,,
GP5,0.003695798546847,,
RETSAT,0.003695798546847,,
SNHG8,0.003695798546847,,
TDRD3,0.003695798546847,,
ZNF804B,0.003695798546847,,
LINC01936,0.003695798546847,,
GNG14,0.003695798546847,,
NLRP6,0.003695798546847,,
SNHG21,0.003695798546847,,
ZNF253,0.003695798546847,,
GAPDHS,0.003695798546847,,
CFAP300,0.003695798546847,,
PGA4,0.003695798546847,,
PUS7L,0.003695798546847,,
LONP1,0.003695798546847,,
THBS3,0.003695798546847,,
ST18,0.003695798546847,,
SRMS,0.003695798546847,1.0,
TRPV3,0.003695798546847,0.5,
KLK14,0.003695798546847,,
ST6GALNAC2,0.003695798546847,,
DTX4,0.003695798546847,,
PRKACB,0.003695798546847,0.25,
RPL12,0.003695798546847,1.0,
ZNF891,0.003695798546847,,
TMEM44,0.003695798546847,,
SLC6A2,0.003695798546847,1.0,
SCAND3,0.003695798546847,,
TAF1L,0.003695798546847,,
ZCCHC4,0.003695798546847,,
PIPOX,0.003695798546847,,
CEP83,0.003695798546847,,
LINC00908,0.003695798546847,,
PIN4,0.003695798546847,,
L3MBTL3,0.003695798546847,,
VIL1,0.003695798546847,,
PAN3,0.003695798546847,,
CCDC3,0.003695798546847,,
LUC7L,0.003695798546847,,
OR2I1,0.003695798546847,,
KCNH7,0.003695798546847,1.0,
ZNF529,0.003695798546847,,
ECD,0.003695798546847,,
ING2,0.003695798546847,,
MORN4,0.003695798546847,,
RPL37,0.003695798546847,1.0,
PHC1,0.003695798546847,,
NSMCE2,0.003695798546847,,
MIR17HG,0.003695798546847,,
PLEKHB1,0.003695798546847,,
CRX,0.003695798546847,,
ADRA2A,0.003695798546847,1.0,
TMED1,0.003695798546847,,
NRG3,0.003695798546847,,
HTT,0.003695798546847,0.75,
PMVK,0.003695798546847,,
ABHD14B,0.003695798546847,,
SYNJ2BP,0.003695798546847,,
UFSP2,0.003695798546847,,
ZNF688,0.003695798546847,,
ADCY7,0.003695798546847,,
PEDS1,0.003695798546847,,
FAM98A,0.003695798546847,,
TRPV4,0.003695798546847,1.0,
RIOK1,0.003695798546847,,
FTH1P2,0.003695798546847,,
EFEMP2,0.003695798546847,,
ASAP1,0.003695798546847,,
PRRC1,0.003695798546847,,
PPFIA1,0.003695798546847,,
MTERF4,0.003695798546847,,
IFNL3,0.003695798546847,,
IGKV2D-26,0.003695798546847,,
LEO1,0.003695798546847,,
PAOX,0.003695798546847,,
C1ORF159,0.003695798546847,,
MRPS5,0.003695798546847,,
GPR174,0.003695798546847,,
GABRG2,0.003695798546847,1.0,
WRNIP1,0.003695798546847,,
GLP2R,0.003695798546847,1.0,
MBP,0.003695798546847,,
ZNF804A,0.003695798546847,,
PTPN7,0.003695798546847,,
CAPZA2,0.003695798546847,,
RRP36,0.003695798546847,,
VIPR2,0.003695798546847,,
NEUROG2,0.003695798546847,,
PPP2R2A,0.003695798546847,,
NTAN1,0.003695798546847,,
SNORD13,0.003695798546847,,
ATN1,0.003695798546847,,
LINC00396,0.003695798546847,,
TNPO1,0.003695798546847,,
HSPA13,0.003695798546847,,
TRDN,0.003695798546847,,
ELMO1,0.003695798546847,,
PGA3,0.003695798546847,,
MRPS17,0.003695798546847,,
PLXND1,0.003695798546847,,
TXNRD3,0.003695798546847,,
SCN4A,0.003695798546847,1.0,
POLG2,0.003695798546847,,
COX4I1,0.003695798546847,,
ATP6V1G3,0.003695798546847,,
NUDT22,0.003695798546847,,
MYH1,0.003695798546847,,
YPEL5,0.003695798546847,,
FANCL,0.003695798546847,,
ABCB4,0.003695798546847,,
S1PR2,0.003695798546847,1.0,
KLHL31,0.003695798546847,,
PYHIN1,0.003695798546847,,
CD300C,0.003695798546847,,
SDHAP3,0.003695798546847,,
CAMK4,0.003695798546847,,
PCP2,0.003695798546847,,
PRDM12,0.003695798546847,,
GAR1,0.003695798546847,,
RAB3IP,0.003695798546847,,
CDIPT,0.003695798546847,,
ARPC3P3,0.003695798546847,,
DNAJC14,0.003695798546847,,
PLA2G4B,0.003695798546847,,
LILRA1,0.003695798546847,,
GJA10,0.003695798546847,,
ARL6IP4,0.003695798546847,,
MALSU1,0.003695798546847,,
IGLON5,0.003695798546847,,
PLD2,0.003695798546847,,
PGA5,0.003695798546847,1.0,
TLN2,0.003695798546847,,
TAS2R64P,0.003695798546847,,
GET4,0.003695798546847,,
ABI3,0.003695798546847,,
LINC01775,0.003695798546847,,
SIAE,0.003695798546847,,
LINC01991,0.003695798546847,,
GDA,0.003695798546847,,
PEX26,0.003695798546847,,
CLPTM1,0.003695798546847,,
RPL23AP64,0.003695798546847,,
PDLIM4,0.003695798546847,,
MTPN,0.003695798546847,,
SHISAL2B,0.003695798546847,,
DNLZ,0.003695798546847,,
EPS8L3,0.003695798546847,,
OPN5,0.003695798546847,,
LINC02577,0.003695798546847,,
MAP3K11,0.003695798546847,0.75,
AQP6,0.003695798546847,,
BSND,0.003695798546847,,
TIMP4,0.003695798546847,,
LINC01800,0.003695798546847,,
CSAG1,0.003695798546847,,
DUSP5P1,0.003695798546847,,
NMT2,0.003695798546847,,
AGMO,0.003695798546847,,
NOP14,0.003695798546847,,
TBC1D3D,0.003695798546847,,
MRM1,0.003695798546847,,
PCSK2,0.003695798546847,,
ZBTB34,0.003695798546847,,
CDC14C,0.003695798546847,,
FCGR2C,0.003695798546847,,
APOC2,0.003695798546847,,
RCC1L,0.003695798546847,,
CNGA3,0.003695798546847,,
KMT2E-AS1,0.003695798546847,,
PIRAT1,0.003695798546847,,
NALCN,0.003695798546847,,
RGS9BP,0.003695798546847,,
ZFP69B,0.003695798546847,,
TP53BP2,0.003695798546847,,
ABCG5,0.003695798546847,,
SIRPB1,0.003695798546847,,
SLC25A40,0.003695798546847,,
ZMAT1,0.003695798546847,,
SPACA9,0.003695798546847,,
MIER1,0.003695798546847,,
LINC00488,0.003695798546847,,
CCKBR,0.003695798546847,1.0,
AMPH,0.003695798546847,,
NUDT19,0.003695798546847,,
TRDD3,0.003695798546847,,
SPG21,0.003695798546847,,
HES2,0.003695798546847,,
HGFAC,0.003695798546847,,
DSCR9,0.003695798546847,,
GALNT9,0.003695798546847,,
PMCH,0.003695798546847,,
FKBP7,0.003695798546847,,
MBD1,0.003695798546847,,
GEMIN5,0.003695798546847,,
RPS28,0.003695798546847,1.0,
TRDJ1,0.003695798546847,,
FPGT,0.003695798546847,,
CRIP1,0.003695798546847,,
SLC29A1,0.003695798546847,1.0,
LSP1P2,0.003695798546847,,
HEATR9,0.003695798546847,,
SRSF7,0.003695798546847,,
MED24,0.003695798546847,,
EMSY,0.003695798546847,,
SGTA,0.003695798546847,,
HCG22,0.003695798546847,,
TRG-AS1,0.003695798546847,,
SPAG8,0.003695798546847,,
FMN2,0.003695798546847,,
ST8SIA4,0.003695798546847,,
MCU,0.003695798546847,,
DYRK1A,0.003695798546847,0.75,
PPP5C,0.003695798546847,0.5,
RNF130,0.003695798546847,,
LILRB3,0.003695798546847,,
ZIM3,0.003695798546847,,
LSM3,0.003695798546847,,
HFM1,0.003695798546847,,
NECAB3,0.003695798546847,,
NEK11,0.003695798546847,,
METTL15,0.003695798546847,,
TACR1,0.003695798546847,1.0,
KCNQ2,0.003695798546847,1.0,
WDR46,0.003695798546847,,
FLG2,0.003695798546847,,
PALS1,0.003695798546847,,
ACYP1,0.003695798546847,,
MELTF-AS1,0.003695798546847,,
ADAMTS3,0.003695798546847,,
SCMH1,0.003695798546847,,
PURA,0.003695798546847,,
CDIP1,0.003695798546847,,
PAM,0.003695798546847,,
CCSER2,0.003695798546847,,
USP32,0.003695798546847,,
IGHMBP2,0.003695798546847,,
TRAPPC8,0.003695798546847,,
CTIF,0.003695798546847,,
PRR22,0.003695798546847,,
IRF2BP2,0.003695798546847,,
ZFR,0.003695798546847,,
SALL1,0.003695798546847,,
MOCS1,0.003695798546847,,
TMPRSS11B,0.003695798546847,,
FBLN7,0.003695798546847,,
AQP8,0.003695798546847,,
SNED1,0.003695798546847,,
WFDC12,0.003695798546847,,
LINC00862,0.003695798546847,,
GREP1,0.003695798546847,,
TBC1D3B,0.003695798546847,,
HLA-L,0.003695798546847,,
CNDP2,0.003695798546847,,
PCDHGA9,0.003695798546847,,
EXTL1,0.003695798546847,,
HTATSF1,0.003695798546847,,
FGD1,0.003695798546847,,
ITPKB,0.003695798546847,,
RN7SL494P,0.003695798546847,,
LINC01480,0.003695798546847,,
FFAR3,0.003695798546847,,
EYS,0.003695798546847,,
ISM2,0.003695798546847,,
SMC5,0.003695798546847,,
AP5M1,0.003695798546847,,
ATP6V0E2,0.003695798546847,,
SIL1,0.003695798546847,,
GPATCH4,0.003695798546847,,
GRAP,0.003695798546847,,
IPO4,0.003695798546847,,
MMP26,0.003695798546847,,
OIT3,0.003695798546847,,
LINC01996,0.003695798546847,,
RNF44,0.003695798546847,,
SVIP,0.003695798546847,,
GNA15,0.003695798546847,,
THBS1-IT1,0.003695798546847,,
NLGN1,0.003695798546847,,
RAB7B,0.003695798546847,,
PPEF2,0.003695798546847,,
CD163L1,0.003695798546847,,
TMEM41B,0.003695798546847,,
UNC5A,0.003695798546847,,
B3GNT4,0.003695798546847,,
B4GAT1,0.003695798546847,,
ZDHHC2,0.003695798546847,,
TTYH1,0.003695798546847,,
SCML2,0.003695798546847,,
MASTL,0.003695798546847,,
DNAH10,0.003695798546847,,
CYTIP,0.003695798546847,,
GSTZ1,0.003695798546847,,
WFIKKN2,0.003695798546847,,
SEMA6B,0.003695798546847,,
METTL24,0.003695798546847,,
COLEC11,0.003695798546847,,
SPAG11A,0.003695798546847,,
FUBP3,0.003695798546847,,
NT5C3A,0.003695798546847,,
ANKS6,0.003695798546847,,
LINC00926,0.003695798546847,,
MCUR1,0.003695798546847,,
ZBTB46,0.003695798546847,,
NUS1,0.003695798546847,,
FAM157B,0.003695798546847,,
PEX13,0.003695798546847,,
HAGH,0.003695798546847,,
GLTP,0.003695798546847,,
PFDN1,0.003695798546847,,
NBL1,0.003695798546847,,
WDFY2,0.003695798546847,,
ELOVL3,0.003695798546847,,
LINC01711,0.003695798546847,,
NBPF10,0.003695798546847,,
ADNP,0.003695798546847,,
TARS1,0.003695798546847,,
MRPL53,0.003695798546847,,
LINC00174,0.003695798546847,,
IGKJ2,0.003695798546847,,
SKAP1,0.003695798546847,,
LGI4,0.003695798546847,,
ZNF184,0.003695798546847,,
CHTOP,0.003695798546847,,
TOM1L1,0.003695798546847,,
IGKV1-5,0.003695798546847,,
POGZ,0.003695798546847,,
TNFAIP8L1,0.003695798546847,,
METAP1D,0.003695798546847,0.5,
LINC00663,0.003695798546847,,
SPINK4,0.003695798546847,,
TNPO2,0.003695798546847,,
PDGFD,0.003695798546847,,
USP17L22,0.003695798546847,,
R3HDM2,0.003695798546847,,
DCDC1,0.003695798546847,,
ACOX3,0.003695798546847,,
PRSS23,0.003695798546847,,
JMJD7,0.003695798546847,,
CHRNA2,0.003695798546847,,
GM2A,0.003695798546847,,
OBSCN,0.003695798546847,,
GPC6,0.003695798546847,,
CORIN,0.003695798546847,,
CRTAP,0.003695798546847,,
CPXM1,0.003695798546847,,
KCNMA1,0.003695798546847,0.75,
FOXJ1,0.003695798546847,,
SPX,0.003695798546847,,
ELP3,0.003695798546847,,
THSD7A,0.003695798546847,,
CDX4,0.003695798546847,,
CLCN4,0.003695798546847,,
C1ORF162,0.003695798546847,,
PCGF2,0.003695798546847,,
TMEM52,0.003695798546847,,
DCHS2,0.003695798546847,,
IFT25,0.003695798546847,,
YIPF2,0.003695798546847,,
CHM,0.003695798546847,,
SYNPR-AS1,0.003695798546847,,
LIG4,0.003695798546847,,
CNKSR3,0.003695798546847,,
CLDN11,0.003695798546847,,
RBAK,0.003695798546847,,
AMH,0.003695798546847,,
TMEM171,0.003695798546847,,
DCXR,0.003695798546847,,
XIRP1,0.003695798546847,,
GSK3B-DT,0.003695798546847,,
CIAO1,0.003695798546847,,
FDPS,0.003695798546847,1.0,
MMEL1,0.003695798546847,,
FHOD1,0.003695798546847,,
ALDH3A2,0.003695798546847,,
AQP12A,0.003695798546847,,
PLPP5,0.003695798546847,,
ENTPD5,0.003695798546847,,
GNG5,0.003695798546847,,
RN7SL141P,0.003695798546847,,
SLC16A8,0.003695798546847,,
IQCH,0.003695798546847,,
KLHL21,0.003695798546847,,
DPYSL3,0.003695798546847,,
RAB11B,0.003695798546847,,
FKBP6,0.003695798546847,,
GOLIM4,0.003695798546847,,
AKR1D1,0.003695798546847,,
TOX4,0.003695798546847,,
CCNP,0.003695798546847,,
SNORA62,0.003695798546847,,
CYP4A11,0.003695798546847,,
S100G,0.003695798546847,,
BPIFA2,0.003695798546847,,
DIRAS1,0.003695798546847,,
PDIA5,0.003695798546847,,
LINC02961,0.003695798546847,,
ASTN1,0.003695798546847,,
SFMBT1,0.003695798546847,,
L1CAM-AS1,0.003695798546847,,
COL25A1,0.003695798546847,,
LUC7L2,0.003695798546847,,
RPS5,0.003695798546847,1.0,
SCP2,0.003695798546847,,
BLOC1S5,0.003695798546847,,
ARL2BP,0.003695798546847,,
PLK5,0.003695798546847,,
IRX3,0.003695798546847,,
SARDH,0.003695798546847,,
PEX5L,0.003695798546847,,
YBX3P1,0.003695798546847,,
SACS,0.003695798546847,,
AZU1,0.003695798546847,,
CLMP,0.003695798546847,,
MSMB,0.003695798546847,,
LINC01011,0.003695798546847,,
ZFC3H1,0.003695798546847,,
RBM33,0.003695798546847,,
POMT1,0.003695798546847,,
CCDC81,0.003695798546847,,
MAP4K5,0.003695798546847,,
CLEC4G,0.003695798546847,,
PPY,0.003695798546847,,
OSTN,0.003695798546847,,
ACSS1,0.003695798546847,,
RBM12B,0.003695798546847,,
TUBA3D,0.003695798546847,,
GSTA5,0.003695798546847,,
GPR27,0.003695798546847,,
ATP6V0D2,0.003695798546847,,
METTL26,0.003695798546847,,
IZUMO1R,0.003695798546847,,
ATP8B4,0.003695798546847,,
RIOX1,0.003695798546847,,
HERC5,0.003695798546847,,
MIA,0.003695798546847,,
ZNF320,0.003695798546847,,
H3P9,0.003695798546847,,
PTAFR,0.003695798546847,1.0,
PLCB3,0.003695798546847,,
SLAMF9,0.003695798546847,,
PCDHB3,0.003695798546847,,
ZNF207,0.003695798546847,,
ZNF137P,0.003695798546847,,
GH2,0.003695798546847,,
IL17F,0.003695798546847,1.0,
DDX53,0.003695798546847,,
FAU,0.003695798546847,1.0,
EVX1,0.003695798546847,,
SLC9A3,0.003695798546847,1.0,
IFNGR2,0.003695798546847,1.0,
NUP205,0.003695798546847,,
TFAP4,0.003695798546847,,
KCNJ18,0.003695798546847,,
CYP4V2,0.003695798546847,,
SLC13A2,0.003695798546847,,
FTH1P11,0.003695798546847,,
HORMAD2,0.003695798546847,,
OSBP,0.003695798546847,,
MARCHF5,0.003695798546847,,
PLXNA2,0.003695798546847,,
ADAM33,0.003695798546847,,
RILP,0.003695798546847,,
MIR139,0.003695798546847,,
KIAA1614,0.003695798546847,,
CDH7,0.003695798546847,,
QNG1,0.003695798546847,,
CACHD1,0.003695798546847,,
UNC119,0.003695798546847,,
WAC,0.003695798546847,,
VDAC1P1,0.003695798546847,,
CCZ1,0.003695798546847,,
FGF21,0.003695798546847,,
MKX,0.003695798546847,,
SPACA3,0.003695798546847,,
SSRP1,0.003695798546847,,
MYH6,0.003695798546847,1.0,
TIMMDC1,0.003695798546847,,
HAP1,0.003695798546847,,
WDTC1,0.003695798546847,,
NOG,0.003695798546847,,
DNAJC27,0.003695798546847,,
COL6A4P2,0.003695798546847,,
TNNT2,0.003695798546847,0.75,
GTSF1,0.003695798546847,,
ALPK3,0.003695798546847,,
HR,0.003695798546847,,
GAS1,0.003695798546847,,
GPR158,0.0036752663326978,,
PAGR1,0.0036752663326978,,
GGCX,0.0036661264992725,1.0,
TAF12,0.0036592825914846,,
SLC44A5,0.0036462169515554,,
LINC00960,0.0035828713690266,,
PSMD6,0.0035828713690266,1.0,
FCER1G,0.0035798140557808,,
PRELID3B,0.0035438004124791,,
CFAP126,0.0035179150377672,,
BAG2,0.0035110086195046,,
BCL2L13,0.0035110086195046,,
BFAR,0.0035110086195046,,
KRT10,0.0035110086195046,,
DHX15,0.0035110086195046,,
CRISPLD2,0.0035048433082581,,
MXD1,0.0034904764053555,,
TMEM88,0.0034904764053555,,
POLR3B,0.0034904764053555,,
SEMG2,0.0034904764053555,,
SLC18A3,0.0034904764053555,,
FOXC2,0.0034904764053555,,
HLTF,0.0034738218010936,,
CENPB,0.0034447143560234,,
PSMD13,0.0034186136558334,1.0,
PLS1,0.0034027963436762,,
PSD3,0.0033874401062892,,
CD53,0.0033851116108943,,
PMM1,0.0033390311330763,,
FAM177B,0.003335575318409,,
S100A7L2,0.0033262186921623,,
SDF4,0.0033262186921623,,
STRBP,0.0033262186921623,,
OLMALINC,0.0033262186921623,,
AGA,0.0033262186921623,,
RFX5,0.0033262186921623,,
NAA10,0.0033262186921623,,
PFKFB2,0.0033262186921623,,
ANKH,0.0033262186921623,,
USP37,0.0033262186921623,,
PLIN5,0.0033262186921623,,
ZMYM4,0.0033262186921623,,
LINC-ADAIN,0.0033262186921623,,
ZRANB2,0.0033262186921623,,
REXO2,0.0033262186921623,,
POU4F2,0.0033262186921623,,
COPS3,0.0033262186921623,,
HOXA6,0.0033262186921623,,
CETN1,0.0033262186921623,,
ULBP2,0.0033262186921623,,
CALML5,0.0033262186921623,,
ZNF503,0.0033262186921623,,
ERGIC2,0.0033127580433931,,
MACC1-OT1,0.0033004577642811,,
CKM,0.003262953299806,,
VTRNA1-2,0.0032260652988513,,
KLK3,0.00321500136823,0.5,
ENC1,0.0031940221094505,,
YIPF5,0.0031603578894638,,
BID,0.0031568279254318,,
PPA1,0.0031286987920474,,
TLE5,0.0030933973659391,,
NPEPPS,0.0030876343637491,0.5,
LCT,0.0030285015869996,,
SRCAP,0.003018235479925,,
CLDND1,0.003012545133489,,
ENSG00000272405,0.0030083940935717,,
KLF10,0.0029955933786934,,
MYO1D,0.0029834648385024,,
ABR,0.0029804522396529,,
CEP15,0.0029759066799145,,
GARRE1,0.002964784798513,,
RPAP3,0.002957551613515,,
CSF2RA,0.0029566388374776,1.0,
ADAMTS9-AS2,0.0029566388374776,,
TINAG,0.0029566388374776,,
VPS18,0.0029566388374776,,
SUSD6,0.0029566388374776,,
UGT2B11,0.0029566388374776,,
ADHFE1,0.0029566388374776,,
NBPF9,0.0029566388374776,,
NRG2,0.0029566388374776,,
CLEC6A,0.0029566388374776,,
ANKRD2,0.0029566388374776,,
TRMT61B,0.0029566388374776,,
CREB5,0.0029566388374776,,
FAM168A,0.0029566388374776,,
ACADVL,0.0029566388374776,,
TMX2,0.0029566388374776,,
DRAXINP1,0.0029566388374776,,
GRK1,0.0029566388374776,,
SLC39A6,0.0029566388374776,0.5,
PCBP2,0.0029566388374776,,
OSR2,0.0029566388374776,,
CFI,0.0029566388374776,,
LRRC3B,0.0029566388374776,,
LINC01013,0.0029566388374776,,
SDC3,0.0029566388374776,,
RTN4R,0.0029566388374776,,
ADAMTS15,0.0029566388374776,,
TMEM97,0.0029566388374776,,
C9ORF78,0.0029566388374776,,
AKIP1,0.0029566388374776,,
INTS2,0.0029566388374776,,
AQP5-AS1,0.0029566388374776,,
PCF11,0.0029566388374776,,
GRM2,0.0029566388374776,0.75,
LINC01315,0.0029566388374776,,
UMPS,0.0029566388374776,1.0,
WDR90,0.0029566388374776,,
RNF113A,0.0029566388374776,,
LSM7,0.0029566388374776,,
SLC27A6,0.0029566388374776,,
OCIAD1,0.0029566388374776,,
PSORS1C3,0.0029566388374776,,
ARLN,0.0029566388374776,,
POMK,0.0029566388374776,,
GBA3,0.0029566388374776,,
XRN1,0.0029566388374776,,
ASTL,0.0029566388374776,,
KCNK9,0.0029566388374776,1.0,
NLRP13,0.0029566388374776,,
SV2B,0.0029566388374776,0.75,
CCDC7,0.0029566388374776,,
MED8,0.0029566388374776,,
CACNA1B,0.0029566388374776,1.0,
ETV3,0.0029566388374776,,
MRGPRD,0.0029566388374776,,
ZNF717,0.0029566388374776,,
BCL2L2-PABPN1,0.0029566388374776,0.75,
C21ORF58,0.0029566388374776,,
TMEM74,0.0029566388374776,,
TOPBP1,0.0029566388374776,,
IFNA7,0.0029566388374776,0.5,
BTF3,0.0029566388374776,,
ELN-AS1,0.0029566388374776,,
TEF,0.0029566388374776,,
FAM181A-AS1,0.0029566388374776,,
PAK5,0.0029566388374776,,
SERPINA6,0.0029566388374776,,
TAPBP,0.0029566388374776,,
PARN,0.0029566388374776,,
CNR2,0.0029361066233284,0.5,
THRB,0.0029361066233284,1.0,
WNT9B,0.0029361066233284,,
CLCA4,0.0029361066233284,,
CATSPERB,0.0029312986605066,,
OXR1,0.0029196712784112,,
EGFL7,0.0029037441379941,0.5,
SMOC2,0.0029028444364068,,
INPP5J,0.0029028444364068,,
CFAP276,0.0029000482247276,,
VSTM2L,0.0028557028937757,,
PPP3CA,0.0028437116596572,1.0,
MX2,0.0028424656405913,,
PON3,0.0028421344340824,,
DTHD1,0.0028314261860498,,
RPA4,0.0027987215868953,,
MYH14,0.0027718489101352,,
CRLS1,0.0027718489101352,,
MRPS7,0.0027718489101352,,
APAF1,0.0027718489101352,,
PCID2,0.0027718489101352,,
ATXN2,0.0027718489101352,,
PKD1L2,0.0027718489101352,,
AKAP8,0.0027718489101352,,
C14ORF180,0.0027718489101352,,
MARK1,0.0027718489101352,,
PCDHGB6,0.0027718489101352,,
GUSB,0.0027718489101352,,
IL31,0.0027718489101352,,
MLYCD,0.0027718489101352,,
ARMCX3,0.0027543529074956,,
ESD,0.0027513166959861,,
ENSG00000275993,0.0027513166959861,,
G6PC1,0.0027513166959861,,
OSM,0.0027513166959861,,
ADGRA2,0.0027513166959861,,
XRCC6P5,0.0027513166959861,,
EPB41,0.0027513166959861,,
SYCE1,0.0027513166959861,,
TDRD7,0.0027513166959861,,
SNORA73A,0.0027513166959861,,
AKR1A1,0.0027513166959861,,
MAP4K1,0.0027513166959861,,
TCF19,0.0027513166959861,,
PCSK1N,0.0027449828888208,,
C9ORF152,0.0027447184171699,,
NDN,0.0027401135678855,,
CRYM,0.002730424505917,,
BLNK,0.002725604803934,,
RAB2A,0.0027250273951015,,
PCCA-DT,0.0027232296018974,,
LGMN,0.0027139104369583,,
SARAF,0.0027045144501733,,
CLEC2B,0.0026716579966688,,
ZSCAN16,0.0026710637369295,,
NFIL3,0.0026683249207908,,
EVI2A,0.0026332048415173,,
SLC44A4,0.0026296886395781,0.25,
C6ORF141,0.0026175368064212,,
SOBP,0.0026076545867197,,
STK38L,0.0025870589827929,,
MAGEA2,0.0025870589827929,,
FASTK,0.0025870589827929,,
THORLNC,0.0025870589827929,,
PUF60,0.0025870589827929,,
SCGB2A2,0.0025870589827929,,
ATP5F1D,0.0025870589827929,,
CDKN2D,0.0025870589827929,,
GRB10,0.0025870589827929,,
KIF16B,0.0025870589827929,,
TRIM14,0.0025870589827929,,
H3P13,0.0025870589827929,,
AGTRAP,0.0025870589827929,,
SMPD1,0.0025870589827929,,
PADI1,0.0025870589827929,,
TTC14,0.0025870589827929,,
OIP5-AS1,0.0025870589827929,,
BABAM2,0.0025870589827929,,
PDIK1L,0.0025870589827929,,
PLAA,0.0025870589827929,,
BAG4,0.0025870589827929,,
PARG,0.0025870589827929,,
ADCK1,0.0025870589827929,,
TESK2,0.0025870589827929,,
IFI35,0.0025870589827929,,
HS3ST2,0.0025870589827929,,
AMY1C,0.0025870589827929,,
BGLAP,0.0025870589827929,,
LINC02178,0.0025870589827929,,
ERBIN,0.0025870589827929,,
WNT10B,0.0025870589827929,,
ATP2A3,0.0025870589827929,0.5,
NCF1,0.0025870589827929,,
RTRAF,0.0025870589827929,,
TOP3A,0.0025870589827929,,
KLK4,0.0025870589827929,,
CCK,0.0025870589827929,,
EFS,0.0025870589827929,,
AMY1B,0.0025870589827929,,
UBE2E3,0.0025870589827929,,
SNCAIP-AS3,0.0025870589827929,,
PAPLN,0.0025870589827929,,
EXOC3,0.0025870589827929,,
RBM38,0.0025870589827929,,
ERAP1,0.0025870589827929,0.5,
PRDM11,0.0025870589827929,,
LINC01001,0.0025870589827929,,
MARVELD2,0.0025870589827929,,
SH3BGRL3,0.0025870589827929,,
PYROXD1,0.0025870589827929,,
DCTPP1,0.0025870589827929,,
KCNE3,0.0025870589827929,,
USP41P,0.0025870589827929,,
BCKDHA,0.0025870589827929,,
ELAVL4,0.0025870589827929,,
AMY1A,0.0025870589827929,,
FOXD3-AS1,0.0025870589827929,,
SHISA2,0.0025826389443068,,
VPS37B,0.0025697072951524,,
FCGRT,0.0025684107003816,1.0,
RAB15,0.0025625635566113,,
CNMD,0.0025474684766449,,
SLC9D1,0.0025201716275836,,
SMARCA5,0.0024952122822283,,
CFAP221,0.0024903080208399,,
C2CD4A,0.0024744335828031,,
WWC3,0.0024499443834611,,
MMP19,0.0024390335791204,,
CLTRN,0.0024337983195877,,
ARMC2,0.0023995408801873,,
ENSG00000280434,0.0023935746332164,,
PPFIA2,0.0023443305822736,,
SLC4A11,0.0023270116237265,,
MEGF9,0.0023154413079451,,
ENSG00000272256,0.0022794872784458,,
ARHGEF4,0.0022447858061421,,
TMC4,0.0022436029769324,,
TANC2,0.0022373199576372,,
TTBK2,0.0022174791281082,,
FOXI3,0.0022174791281082,,
HTR5A,0.0022174791281082,1.0,
PACC1,0.0022174791281082,,
ZNF506,0.0022174791281082,,
ANGPTL6,0.0022174791281082,,
PCMTD1,0.0022174791281082,,
HSD11B2,0.0022174791281082,0.5,
CTNNA3,0.0022174791281082,,
ACTR1B,0.0022174791281082,,
SOAT2,0.0022174791281082,0.5,
PUM3,0.0022174791281082,,
IGKV2D-30,0.0022174791281082,,
CCDC59,0.0022174791281082,,
BAG5,0.0022174791281082,,
SLC9A3-OT1,0.0022174791281082,,
BRCC3,0.0022174791281082,,
SELENOV,0.0022174791281082,,
RPP40,0.0022174791281082,,
LPAL2,0.0022174791281082,,
CHRAC1,0.0022174791281082,,
DHRS11,0.0022174791281082,,
VAX1,0.0022174791281082,,
GPR4,0.0022174791281082,,
DCTD,0.0022174791281082,,
GSTM4,0.0022174791281082,,
BRPF3,0.0022174791281082,,
LINC00603,0.0022174791281082,,
NPRL3,0.0022174791281082,,
RABL2A,0.0022174791281082,,
NELFE,0.0022174791281082,,
PHF20,0.0022174791281082,,
LRRC61,0.0022174791281082,,
RMC1,0.0022174791281082,,
CARS2,0.0022174791281082,,
ZBED1,0.0022174791281082,,
C18ORF54,0.0022174791281082,,
MRGPRX2,0.0022174791281082,,
USF3,0.0022174791281082,,
FBXL17,0.0022174791281082,,
ERP44,0.0022174791281082,,
SPART,0.0022174791281082,,
RECQL,0.0022174791281082,,
RPS26,0.0022174791281082,1.0,
LINC01940,0.0022174791281082,,
ELOA3BP,0.0022174791281082,,
DENND1A,0.0022174791281082,,
SOX2-OT,0.0022174791281082,,
MMP15,0.0022174791281082,,
LINC00623,0.0022174791281082,,
GPR31,0.0022174791281082,,
GPX5,0.0022174791281082,,
ZNF549,0.0022174791281082,,
PRB2,0.0022174791281082,,
UGP2,0.0022174791281082,,
USP28,0.0022174791281082,,
PGS1,0.0022174791281082,,
LINC00330,0.0022174791281082,,
UNCX,0.0022174791281082,,
EIF3I,0.0022174791281082,,
ATL2,0.0022174791281082,,
GUCY2D,0.0022174791281082,,
TRO,0.0022174791281082,,
DACT3,0.0022174791281082,,
TLCD3A,0.0022174791281082,,
PWWP3A,0.0022174791281082,,
SLC5A12,0.0022174791281082,,
OCA2,0.0022174791281082,,
GGTLC1,0.0022174791281082,,
GP2,0.0022174791281082,,
SECISBP2,0.0022174791281082,,
SINHCAF,0.0022174791281082,,
GPR143,0.0022174791281082,,
PSME4,0.0022174791281082,,
CCDC146,0.0022174791281082,,
PCDH1,0.0022174791281082,,
ASCL5,0.0022174791281082,,
ALDH7A1,0.0022174791281082,,
FNDC8,0.0022174791281082,,
TCFL5,0.0022174791281082,,
TAF1B,0.0022174791281082,,
AJAP1,0.0022174791281082,,
MLH3,0.0022174791281082,,
GNE,0.0022174791281082,,
CAGE1,0.0022174791281082,,
LINC02097,0.0022174791281082,,
PAX2,0.0022174791281082,,
ZW10,0.0022174791281082,,
LHX9,0.0022174791281082,,
THPO,0.0022174791281082,,
PYGO2,0.0022174791281082,,
ANAPC7,0.0022174791281082,,
SPINK5,0.0022174791281082,,
PI4KB,0.0022174791281082,,
SCAP,0.0022174791281082,,
RBPJ,0.0022174791281082,,
VPS41,0.0022174791281082,,
MRPL10,0.0022174791281082,,
LMO4,0.0022174791281082,,
CYTH1,0.0022174791281082,,
LAMA1,0.0022174791281082,1.0,
ZFP3,0.0022174791281082,,
MSMP,0.0022174791281082,,
SAMD14,0.0022174791281082,,
GANAB,0.0022174791281082,,
SPAG4,0.0022174791281082,,
MAP2K6,0.0022174791281082,,
RAPGEF1,0.0022174791281082,,
ELOVL1,0.0022174791281082,,
CLDN14,0.0022174791281082,,
SYCE1L,0.0022174791281082,,
MORC1,0.0022174791281082,,
ATRIP,0.0022174791281082,,
GATM,0.0022174791281082,,
FNDC7,0.0022174791281082,,
RAB5IF,0.0022174791281082,,
BCL2L14,0.0022174791281082,,
SERPINA13P,0.0022174791281082,,
WEE2,0.0022174791281082,,
F5,0.0022174791281082,1.0,
ATP6V0A1,0.0022174791281082,,
ERICD,0.0022174791281082,,
RFC1,0.0022174791281082,,
NSMF,0.0022174791281082,,
GABPAP,0.0022174791281082,,
MT-RNR2,0.0022174791281082,,
PAFAH2,0.0022174791281082,,
CCHCR1,0.0022174791281082,,
CORO6,0.0022174791281082,,
COMT,0.0022174791281082,1.0,
ALAS2,0.0022174791281082,,
ERMAP,0.0022174791281082,,
FIRRE,0.0022174791281082,,
CPQ,0.0022174791281082,,
HYAL3,0.0022174791281082,,
MAP3K10,0.0022174791281082,0.75,
NKAPP1,0.0022174791281082,,
CTAG2,0.0022174791281082,,
LOXL3,0.0022174791281082,,
KBTBD6,0.0022174791281082,,
RPPH1,0.0022174791281082,,
TRIM65,0.0022174791281082,,
BBS1,0.0022174791281082,,
FTMT,0.0022174791281082,,
CLTA,0.0022174791281082,,
MSTO2P,0.0022174791281082,,
GRIA2,0.0022174791281082,1.0,
EXOC7,0.0022174791281082,,
MYLK2,0.0022174791281082,,
AS3MT,0.0022174791281082,,
VCX3A,0.0022174791281082,,
NSDHL,0.0022174791281082,,
TENM2,0.0022174791281082,,
RPS2,0.0022174791281082,1.0,
SLC11A1,0.0022174791281082,,
MSH4,0.0022174791281082,,
GAGE12F,0.0022174791281082,,
ARFIP2,0.0022174791281082,,
ENOX1,0.0022174791281082,,
GON4L,0.0022174791281082,,
TSPAN33,0.0022174791281082,,
LRATD2,0.0021651293849527,,
LINC00632,0.0021636847270374,,
HOXA-AS3,0.0021636847270374,,
CFAP53,0.0021436501136308,,
FAM149A,0.0021431490498987,,
PLEKHS1,0.0021173343860743,,
C6ORF132,0.0021171116094627,,
ENSG00000271141,0.0020975589420343,,
ZNF483,0.0020694537244356,,
ATP6V0D1,0.0020659460218964,,
LXN,0.0020578569212591,,
SLC45A4,0.0020547637011538,,
GRIK3,0.0020121569866167,1.0,
TRIM16,0.0020121569866167,,
DEFA1B,0.0020121569866167,,
ZNF649,0.0020121569866167,,
FHDC1,0.0020121569866167,,
NFYC-AS1,0.0020121569866167,,
LLGL1,0.0020121569866167,,
HADHA,0.0020121569866167,,
ARGLU1,0.0020044735992593,,
LYSET,0.0019943137572733,,
MPHOSPH8,0.0019902148232303,,
TC2N,0.0019801587008254,,
SERTAD4,0.0019741731219146,,
ENSG00000226252,0.0019689904413002,,
NFXL1,0.0019589265863858,,
NPHP1,0.0019589265863858,,
PACSIN1,0.0019447866808541,,
EAPP,0.0019243035456567,,
MYO5C,0.0019117779294055,,
ADGRB3-DT,0.0019093693336834,,
HIRA,0.0019057561100907,,
ENSG00000262877,0.0019031865328645,,
LIPA,0.0018922494796508,,
WDR33,0.0018883231364572,,
ENSG00000260711,0.001881876986189,,
SEC23A,0.0018770470328884,,
TMEM205,0.0018752461701176,,
ITGBL1,0.0018727259543538,,
AP2M1,0.0018572842218065,,
CRYZ,0.0018550327288377,,
GDF11,0.0018478992734235,,
KRT72,0.0018478992734235,,
TNN,0.0018478992734235,,
PGPEP1,0.0018478992734235,,
EP400,0.0018478992734235,,
MOGAT1,0.0018478992734235,,
GDI1,0.0018478992734235,,
GJD3,0.0018478992734235,,
HCAR3,0.0018478992734235,,
SLC25A42,0.0018478992734235,,
CCDC18,0.0018478992734235,,
SPIB,0.0018478992734235,,
BCRP3,0.0018478992734235,,
MGST3,0.0018478992734235,,
PFKM,0.0018478992734235,,
DPP3,0.0018478992734235,,
HOXD10,0.0018478992734235,,
SLC7A1,0.0018478992734235,,
CHROMR,0.0018478992734235,,
IFITM2,0.0018478992734235,,
CCL11,0.0018478992734235,0.5,
WIPI2,0.0018478992734235,,
PPME1,0.0018478992734235,,
RASSF4,0.0018478992734235,,
CACNA1G,0.0018478992734235,1.0,
RMDN1,0.0018478992734235,,
GLB1,0.0018478992734235,,
VGLL4,0.0018478992734235,,
CERS5,0.0018478992734235,,
CSTF2,0.0018478992734235,,
LMAN2,0.0018478992734235,,
RBMY1A1,0.0018478992734235,,
MIR34AHG,0.0018478992734235,,
CBLN1,0.0018478992734235,,
ABHD5,0.0018478992734235,,
OSTC,0.0018478992734235,,
SART1,0.0018478992734235,,
TM7SF2,0.0018478992734235,,
BMS1P20,0.0018478992734235,,
STAB1,0.0018478992734235,,
PTPRN2,0.0018478992734235,,
RELCH,0.0018478992734235,,
HTRA2,0.0018478992734235,,
GADL1,0.0018478992734235,,
ARF4,0.0018478992734235,,
SLC35A1,0.0018478992734235,,
PTPN4,0.0018478992734235,,
RSF1,0.0018478992734235,,
LINC01550,0.0018478992734235,,
DEFA5,0.0018478992734235,,
CCDC106,0.0018478992734235,,
RPL32,0.0018478992734235,1.0,
FZD7,0.0018478992734235,0.5,
TSPAN1,0.0018461094245635,,
GPR160,0.001832825299842,,
SH3GLB2,0.0018237381741036,,
ZNF92,0.0018189615130264,,
LACTB2,0.0018143384352852,,
RAP1GAP,0.0018113331514514,,
TMIGD3,0.0018075442512896,,
PNPLA6,0.0018070297749151,,
MSMO1,0.0017854819883538,,
QPCT,0.0017839996794955,,
UBR7,0.0017431127238068,,
TMEM243,0.0017071108702261,,
SACM1L,0.0017036701517076,,
RSKR,0.0017009422830799,,
TTC39A,0.0016870413012036,,
APLP2,0.0016856532439731,,
IGLV3-19,0.0016798437055864,,
SNTB1-AS2,0.0016766133564563,,
MOAP1,0.0016744669517805,,
H1-10,0.0016616871698935,,
HADH,0.0016585525125083,,
PRPF8,0.0016138794592396,,
MYBPC1,0.0015913492041739,,
ANKRD65,0.0015875461308745,,
DSG2-AS1,0.0015873374130876,,
COL4A2,0.0015848780943763,1.0,
SLC35B3,0.0015792755405931,,
ODAD1,0.0015779890413706,,
GALNT10,0.0015700853652294,,
KCNK6,0.0015639037927001,,
FAHD1,0.0015620497581245,,
COA7,0.0015503045363021,,
IGKV3-20,0.0015327262270842,,
KRTCAP3,0.0015308995651181,,
SPTBN1-AS2,0.0015135803537909,,
BICD2,0.0015128711762195,,
RAPGEF2,0.0015098353313621,,
COL28A1,0.0015050038917282,1.0,
ZG16B,0.0015027187100951,,
ISCA2,0.0014944793063269,,
KIDINS220,0.0014843162113602,,
ARHGEF35-AS1,0.0014815625503036,,
MPIG6B,0.0014783194187388,,
AAGAB,0.0014783194187388,,
UBE3C,0.0014783194187388,,
PLEKHF1,0.0014783194187388,,
RHCE,0.0014783194187388,,
GUCY2C,0.0014783194187388,1.0,
RAB42,0.0014783194187388,,
AGAP3,0.0014783194187388,,
SRSF6,0.0014783194187388,,
DCAF15,0.0014783194187388,,
MAP3K4,0.0014783194187388,,
ANKRD36BP1,0.0014783194187388,,
TICAM1,0.0014783194187388,,
MIR646HG,0.0014783194187388,,
MRPL49,0.0014783194187388,,
DDRGK1,0.0014783194187388,,
PDSS2,0.0014783194187388,,
MFHAS1,0.0014783194187388,,
EGFEM1P,0.0014783194187388,,
NMUR2,0.0014783194187388,,
SLC27A3,0.0014783194187388,,
RHD,0.0014783194187388,0.5,
TMEM30B,0.0014783194187388,,
LEMD1,0.0014783194187388,,
MUCL3,0.0014783194187388,,
KLC3,0.0014783194187388,,
LINC00485,0.0014783194187388,,
ITIH3,0.0014783194187388,,
NOP53,0.0014783194187388,,
C11ORF58,0.0014783194187388,,
MIR4720,0.0014783194187388,,
ABCB10,0.0014783194187388,,
ALPK2,0.0014783194187388,,
UQCRFS1,0.0014783194187388,,
RBMXL1,0.0014783194187388,,
NLGN4Y,0.0014783194187388,,
GNA14,0.0014783194187388,,
VPREB3,0.0014783194187388,,
TSPEAR,0.0014783194187388,,
TARBP1,0.0014783194187388,,
PJA2,0.0014783194187388,,
MYO19,0.0014783194187388,,
ANO6,0.0014783194187388,,
AGL,0.0014783194187388,,
H3C14,0.0014783194187388,,
KCNB1,0.0014783194187388,1.0,
DEF6,0.0014783194187388,,
ARHGAP22,0.0014783194187388,,
ATP2B1-AS1,0.0014783194187388,,
DDX11L2,0.0014783194187388,,
MAN1B1,0.0014783194187388,,
NLK,0.0014783194187388,,
FLJ36000,0.0014783194187388,,
SMPD3,0.0014783194187388,,
NCR3LG1,0.0014783194187388,,
HSD17B10,0.0014783194187388,,
LINC00370,0.0014783194187388,,
PRLH,0.0014783194187388,,
HLA-DOA,0.0014783194187388,,
DCLK2,0.0014783194187388,,
HNRNPF,0.0014783194187388,,
UBQLN3,0.0014783194187388,,
GRIK4,0.0014783194187388,1.0,
M6PR,0.0014783194187388,,
GALNS,0.0014783194187388,,
JMJD1C,0.0014783194187388,,
SLC22A17,0.0014783194187388,,
RBP3,0.0014783194187388,,
CRYGC,0.0014783194187388,,
DUX4,0.0014783194187388,,
STX16,0.0014783194187388,,
HMGN2,0.0014783194187388,,
ZNF133,0.0014783194187388,,
OR2H2,0.0014783194187388,,
CCDC43,0.0014783194187388,,
NPPA,0.0014783194187388,,
RMDN3,0.0014783194187388,,
SPRR4,0.0014783194187388,,
H3P29,0.0014783194187388,,
FMO6P,0.0014783194187388,,
COCH,0.0014783194187388,,
ADD1,0.0014783194187388,,
LARP4,0.0014783194187388,,
YARS1,0.0014783194187388,,
ENPEP,0.0014783194187388,0.75,
ROR2,0.0014783194187388,,
MRPL37,0.0014783194187388,,
SMG5,0.0014783194187388,,
LZTS2,0.0014783194187388,,
GAL3ST1,0.0014783194187388,,
ADAD2,0.0014783194187388,,
ARPC1B,0.0014783194187388,,
IRGM,0.0014783194187388,,
SEC24B,0.0014783194187388,,
LINC01667,0.0014783194187388,,
RPSAP52,0.0014783194187388,,
STOML2,0.0014783194187388,,
SPPL2A,0.0014783194187388,,
TMEM135,0.0014783194187388,,
PSCA,0.0014783194187388,0.5,
ATP5ME,0.0014783194187388,,
FIGNL2,0.0014783194187388,,
ADPGK,0.0014783194187388,,
IZUMO4,0.0014783194187388,,
HNMT,0.0014783194187388,,
M1AP,0.0014783194187388,,
USE1,0.0014783194187388,,
PDP1,0.0014783194187388,,
ADH4,0.0014783194187388,1.0,
LINC00504,0.0014783194187388,,
PEX11A,0.0014783194187388,,
PANX2,0.0014783194187388,,
STAC3,0.0014783194187388,,
VWA8,0.0014783194187388,,
RFX1,0.0014783194187388,,
TMEM70,0.0014783194187388,,
FXYD1,0.0014783194187388,,
PLS3,0.0014783194187388,,
CYDAER,0.0014783194187388,,
HLA-DRB4,0.0014783194187388,0.5,
ACSM1,0.0014783194187388,,
MTR,0.0014783194187388,,
OR7E47P,0.0014783194187388,,
LBR,0.0014783194187388,,
NCAPH2,0.0014783194187388,,
SMARCC2,0.0014783194187388,,
SCN1B,0.0014783194187388,,
ANKRD30A,0.0014783194187388,,
IFT80,0.0014783194187388,,
CEACAM4,0.0014783194187388,,
ZNF878,0.0014783194187388,,
MYCLP1,0.0014783194187388,,
ENSG00000259200,0.0014783194187388,,
KIF17,0.0014783194187388,,
HTR2C,0.0014783194187388,1.0,
DYRK3,0.0014783194187388,,
SLC12A2-DT,0.0014783194187388,,
TPP1,0.0014783194187388,,
CRISP1,0.0014783194187388,,
SMC3,0.0014783194187388,,
C8G,0.0014783194187388,,
RBM45,0.0014783194187388,,
L3MBTL2,0.0014783194187388,,
EGR4,0.0014783194187388,,
ATOH1,0.0014783194187388,,
MIR223HG,0.0014783194187388,,
TANGO2,0.0014783194187388,,
SULT4A1,0.0014783194187388,,
DDX39A,0.0014783194187388,,
TRGJP1,0.0014783194187388,,
AGGF1,0.0014783194187388,,
METTL13,0.0014783194187388,,
TFAP2A-AS1,0.0014783194187388,,
NUP210L,0.0014783194187388,,
TMEM129,0.0014783194187388,,
VRK2,0.0014783194187388,,
ONECUT1,0.0014783194187388,,
LINC01206,0.0014783194187388,,
SLC14A1,0.0014783194187388,,
CTSW,0.0014783194187388,,
PLA2G2F,0.0014783194187388,,
NINL,0.0014783194187388,,
SLC25A11,0.0014783194187388,,
NCR2,0.0014783194187388,,
BBS10,0.0014783194187388,,
GOSR1,0.0014783194187388,,
NEUROD4,0.0014783194187388,,
KRI1,0.0014783194187388,,
FNIP2,0.0014783194187388,,
ENY2,0.0014783194187388,,
DAPK3,0.0014783194187388,,
CDC42BPG,0.0014783194187388,,
LSM8,0.0014783194187388,,
MIR1204,0.0014783194187388,,
TMEM87A,0.0014783194187388,,
GUCA2A,0.0014783194187388,,
MAN1A2,0.0014783194187388,,
RAD23A,0.0014783194187388,,
LINC01281,0.0014783194187388,,
BGLT3,0.0014783194187388,,
JPH3,0.0014783194187388,,
ENSG00000293280,0.0014783194187388,,
ISL2,0.0014783194187388,,
UQCR11,0.0014783194187388,,
RNPS1,0.0014783194187388,,
AKR1C4,0.0014783194187388,,
ANKRD30BP2,0.0014783194187388,,
IMPA2,0.0014783194187388,,
FGF18,0.0014783194187388,,
ZDHHC3,0.0014783194187388,,
SEMA4G,0.0014783194187388,,
LPO,0.0014783194187388,,
NR1H2,0.0014783194187388,0.5,
FNDC3A,0.0014783194187388,,
RNASEK,0.0014783194187388,,
ACOT1,0.0014783194187388,,
ATP6V1B2,0.0014783194187388,,
NFAM1,0.0014783194187388,,
PLEKHG3,0.0014783194187388,,
TEX29,0.0014783194187388,,
GSTA3,0.0014783194187388,,
FYCO1,0.0014783194187388,,
VPS28,0.0014783194187388,,
MAEA,0.0014783194187388,,
WDR86,0.0014783194187388,,
CMTM8,0.0014783194187388,,
DNM1P35,0.0014783194187388,,
CR1,0.0014783194187388,0.5,
KCND1,0.0014783194187388,1.0,
TBX20,0.0014783194187388,,
KRR1,0.0014783194187388,,
ESRP2,0.0014783194187388,,
IZUMO1,0.0014783194187388,,
ITGB3BP,0.0014783194187388,,
LZTS3,0.0014783194187388,,
TRAF3IP2,0.0014783194187388,0.75,
LINC02418,0.0014783194187388,,
MSX2,0.0014783194187388,,
LOXL1-AS1,0.0014783194187388,,
OXCT1,0.0014783194187388,,
VAPB,0.0014783194187388,,
SLC18A1,0.0014783194187388,,
MLXIPL,0.0014783194187388,,
SMPD2,0.0014783194187388,,
SERPINB12,0.0014783194187388,,
ZNF77,0.0014783194187388,,
ADARB2,0.0014783194187388,,
SLC25A10,0.0014783194187388,,
SLC35B2,0.0014783194187388,,
AP1M2,0.0014783194187388,,
PALM3,0.0014783194187388,,
LMTK2,0.0014783194187388,,
MAVS,0.0014783194187388,,
RNASEH2B,0.0014783194187388,,
LIN28B-AS1,0.0014783194187388,,
RBP2,0.0014783194187388,,
NKX3-1,0.0014783194187388,,
BMP15,0.0014783194187388,,
CHST15,0.0014783194187388,,
SYCE2,0.0014783194187388,,
GTF2H3,0.0014783194187388,,
DNAH3,0.0014783194187388,,
SIGIRR,0.0014783194187388,,
CCDC159,0.0014783194187388,,
NETO1,0.0014783194187388,,
POU6F2-AS2,0.0014783194187388,,
ZACN,0.0014783194187388,,
CYP2U1,0.0014783194187388,,
KAZALD1,0.0014783194187388,,
HERC6,0.0014783194187388,,
KRT73,0.0014783194187388,,
MGME1,0.0014783194187388,,
ZGLP1,0.0014783194187388,,
TNXA,0.0014783194187388,,
SEZ6L,0.0014783194187388,,
PRSS30P,0.0014783194187388,,
TMX3,0.0014783194187388,,
TREML1,0.0014783194187388,,
KLHL2,0.0014783194187388,,
GAST,0.0014783194187388,,
TNMD,0.0014783194187388,,
PHOX2A,0.0014783194187388,,
C10ORF143,0.0014783194187388,,
PTPN22,0.0014783194187388,,
SENP7,0.0014783194187388,,
B3GAT1-DT,0.0014783194187388,,
SUSD4,0.0014783194187388,,
RHBDD2,0.0014783194187388,,
RNF139,0.0014783194187388,,
PLVAP,0.0014783194187388,,
PNKP,0.0014783194187388,,
NPTX1,0.0014783194187388,,
PIP4K2A,0.0014783194187388,,
ABCA13,0.0014783194187388,,
SYNGR1,0.0014783194187388,,
ACO1,0.0014783194187388,,
ATP5MF,0.0014783194187388,,
EMB,0.0014783194187388,,
PI4K2B,0.0014783194187388,,
PURB,0.0014783194187388,,
SLC39A13,0.0014783194187388,,
TAF6,0.0014783194187388,,
CPZ,0.0014783194187388,,
TRMT6,0.0014783194187388,,
ATP11B,0.0014783194187388,,
TSPAN11,0.0014783194187388,,
NTSR2,0.0014783194187388,,
LINC01164,0.0014783194187388,,
SLC35G1,0.0014783194187388,,
SLC3A1,0.0014783194187388,,
CYP4F2,0.0014783194187388,,
PLUT,0.0014783194187388,,
DUS2,0.0014783194187388,,
NEUROD2,0.0014783194187388,,
LINC00891,0.0014783194187388,,
MIR3945HG,0.0014783194187388,,
LINC01697,0.0014783194187388,,
P3H3,0.0014783194187388,,
MAST1,0.0014783194187388,,
CADM3,0.0014783194187388,,
DNASE1L1,0.0014783194187388,,
CCDC144CP,0.0014783194187388,,
YAF2,0.0014783194187388,,
SSTR1,0.0014783194187388,1.0,
MTATP6P1,0.0014783194187388,,
PLXDC1,0.0014783194187388,,
SPRR2A,0.0014783194187388,,
CHPF2,0.0014783194187388,,
FXYD3,0.0014783194187388,,
PLCL1,0.0014783194187388,,
ARID5A,0.0014783194187388,,
OGFR,0.0014783194187388,,
RAB41,0.0014783194187388,,
TBC1D10B,0.0014783194187388,,
ATG3,0.0014783194187388,,
CCPG1,0.0014783194187388,,
ZNF84,0.0014783194187388,,
RABGAP1,0.0014783194187388,,
IMMP2L,0.0014783194187388,,
BTN2A3P,0.0014783194187388,,
UBIAD1,0.0014783194187388,,
NUP42,0.0014783194187388,,
SNU13,0.0014783194187388,,
NELL1,0.0014783194187388,,
SLC48A1,0.0014783194187388,,
PLCB1,0.0014783194187388,,
TM4SF5,0.0014783194187388,,
GABRG1,0.0014783194187388,1.0,
C1QTNF3,0.0014783194187388,,
CDK2AP1,0.0014783194187388,,
RAB35,0.0014783194187388,,
ACOT2,0.0014783194187388,,
CTNNA1P1,0.0014783194187388,,
OPRK1,0.0014783194187388,1.0,
LRRC3,0.0014783194187388,,
TMEM98,0.0014783194187388,,
SDHAP1,0.0014783194187388,,
ASB18,0.0014783194187388,,
CMTM7,0.0014783194187388,,
UQCR10,0.0014783194187388,,
GPR158-AS1,0.0014783194187388,,
SMTNL1,0.0014783194187388,,
ZNF208,0.0014783194187388,,
LINCMD1,0.0014783194187388,,
SMG6,0.0014783194187388,,
PITPNM3,0.0014783194187388,,
ZBTB25,0.0014783194187388,,
FRMPD1,0.0014783194187388,,
AIMP1,0.0014783194187388,,
ICAM4,0.0014783194187388,,
PPP1R9B,0.0014783194187388,,
ZPR1P1,0.0014783194187388,,
LINC00305,0.0014783194187388,,
LINC03073,0.0014783194187388,,
SP100,0.0014783194187388,,
CT45A1,0.0014783194187388,,
NIBAN1,0.0014783194187388,,
MDC1,0.0014783194187388,,
DMAP1,0.0014783194187388,,
HBG2,0.0014783194187388,,
DCD,0.0014783194187388,,
LVRN,0.0014783194187388,0.5,
ZNF697,0.0014783194187388,,
ARHGEF9,0.0014783194187388,,
TFEC,0.0014783194187388,,
TRIM40,0.0014783194187388,,
NPY4R2,0.0014783194187388,,
SCUBE3,0.0014783194187388,,
NCEH1,0.0014783194187388,,
PHB1,0.0014783194187388,,
SALL3,0.0014783194187388,,
FBXL8,0.0014783194187388,,
SRSF5,0.0014783194187388,,
SEZ6,0.0014783194187388,,
DCUN1D4,0.0014783194187388,,
SPECC1L,0.0014783194187388,,
NPTX2,0.0014783194187388,,
ECHS1,0.0014783194187388,,
HOXD12,0.0014783194187388,,
BOLA2,0.0014783194187388,,
EFR3A,0.0014783194187388,,
KLF3,0.0014783194187388,,
MAGEA12,0.0014783194187388,,
BLOC1S4,0.0014783194187388,,
RHOD,0.0014783194187388,,
SLC9A9,0.0014783194187388,,
FAR2P1,0.0014783194187388,,
MYBPHL,0.0014783194187388,,
SNRPG,0.0014783194187388,,
NPY4R,0.0014783194187388,0.5,
MAP4K2,0.0014783194187388,,
IDS,0.0014783194187388,,
TBX19,0.0014783194187388,,
IGKV3-15,0.0014783194187388,,
NUDT12,0.0014783194187388,,
PIP4K2B,0.0014783194187388,,
CLASRP,0.0014783194187388,,
TAOK1,0.0014783194187388,,
ATP6V1F,0.0014783194187388,,
SEC62,0.0014783194187388,,
THUMPD2,0.0014783194187388,,
DERL1,0.0014783194187388,,
MIR647,0.0014783194187388,,
SFMBT2,0.0014783194187388,,
TMSB15A,0.0014742697085775,,
POLR1C,0.0014741499786692,,
IGHV3-21,0.0014708424057683,,
ADAMTS9-AS1,0.0014665282994416,,
C14ORF119,0.0014546673968803,,
CFAP54,0.001453198076314,,
TIMM10,0.0014395684979948,,
TMPRSS3,0.0014225872189628,,
JKAMP,0.0014212646408907,,
EMC7,0.0014098603218982,,
TMEM68,0.0013930654888179,,
PALS2,0.0013930654888179,,
ERI2,0.0013930654888179,,
TOGARAM1,0.0013889202364517,,
ZBTB18,0.0013889202364517,,
PYROXD2,0.0013858367012469,,
HMGN3-AS1,0.0013745563628743,,
TRIB1,0.0013618015414188,,
TGOLN2,0.0013573564229727,,
MAP3K6,0.0013468685833367,,
PEX2,0.0013457254874187,,
ZSCAN32,0.0013400622182378,,
LRRC10B,0.0013400622182378,,
MATCAP2,0.0013346449077101,,
ENSG00000261916,0.0013268105063432,,
GLYATL2,0.0013265136648313,,
TBC1D1,0.0013247269288608,,
SPOCD1,0.001317806236613,,
ZNF814,0.0013152729447928,,
IGLV3-10,0.0013103333578852,,
PKNOX2,0.0012959697901945,,
LINC01770,0.0012861419044183,,
NLN,0.0012838138027297,,
SEC23B,0.0012679110149887,,
ESYT1,0.0012550158468995,,
WDR5B,0.0012219284899768,,
EPM2A,0.0011783550694094,,
C19ORF84,0.0011748710431218,,
ARMCX5,0.0011562687846582,,
TAF13,0.0011502697867939,,
SCRN3,0.0011489178765293,,
LRATD1,0.0011432988366233,,
AKAP1,0.0011254095523788,,
GON7,0.001124650853413,,
FZD6,0.0011243359314265,,
RNF114,0.0011123071589268,,
G3BP2,0.0010789618725455,,
MSL1,0.0010709320002473,,
ENSG00000287255,0.0010690231557529,,
ZNF627,0.0010690231557529,,
KLHL28,0.0010386682393016,,
